phase,query_type,actor,emotion,bucket,approach,rep,stored_name,filesize_bytes,elapsed_seconds,n_files,checksum_ok
write,write,,,audio_small,polyglot,0,03-01-01-01-01-02-19_r00.wav,375720,0.030706,1,
write,write,,,audio_small,pg_bytea,0,03-01-01-01-01-02-19_r00.wav,375720,0.024401,1,
write,write,,,audio_small,mongo_gridfs,0,03-01-01-01-01-02-19_r00.wav,375720,0.007370,1,
write,write,,,audio_small,mongo_gridfs,0,03-01-01-01-02-02-05_r00.wav,396294,0.006659,1,
write,write,,,audio_small,pg_bytea,0,03-01-01-01-02-02-05_r00.wav,396294,0.014927,1,
write,write,,,audio_small,polyglot,0,03-01-01-01-02-02-05_r00.wav,396294,0.006444,1,
write,write,,,audio_small,mongo_gridfs,0,03-01-01-01-02-02-06_r00.wav,363108,0.005502,1,
write,write,,,audio_small,pg_bytea,0,03-01-01-01-02-02-06_r00.wav,363108,0.012551,1,
write,write,,,audio_small,polyglot,0,03-01-01-01-02-02-06_r00.wav,363108,0.007131,1,
write,write,,,audio_small,mongo_gridfs,0,03-01-01-01-02-02-07_r00.wav,363108,0.006340,1,
write,write,,,audio_small,polyglot,0,03-01-01-01-02-02-07_r00.wav,363108,0.007427,1,
write,write,,,audio_small,pg_bytea,0,03-01-01-01-02-02-07_r00.wav,363108,0.011600,1,
write,write,,,audio_small,mongo_gridfs,0,03-01-01-01-02-02-11_r00.wav,375720,0.006427,1,
write,write,,,audio_small,polyglot,0,03-01-01-01-02-02-11_r00.wav,375720,0.011621,1,
write,write,,,audio_small,pg_bytea,0,03-01-01-01-02-02-11_r00.wav,375720,0.010257,1,
write,write,,,audio_small,mongo_gridfs,0,03-01-01-01-02-02-12_r00.wav,372698,0.006047,1,
write,write,,,audio_small,pg_bytea,0,03-01-01-01-02-02-12_r00.wav,372698,0.010776,1,
write,write,,,audio_small,polyglot,0,03-01-01-01-02-02-12_r00.wav,372698,0.006297,1,
write,write,,,audio_small,mongo_gridfs,0,03-01-01-01-02-02-13_r00.wav,363108,0.005313,1,
write,write,,,audio_small,polyglot,0,03-01-01-01-02-02-13_r00.wav,363108,0.006239,1,
write,write,,,audio_small,pg_bytea,0,03-01-01-01-02-02-13_r00.wav,363108,0.010761,1,
write,write,,,audio_small,polyglot,0,03-01-01-02-01-02-05_r00.wav,393086,0.007107,1,
write,write,,,audio_small,pg_bytea,0,03-01-01-02-01-02-05_r00.wav,393086,0.010131,1,
write,write,,,audio_small,mongo_gridfs,0,03-01-01-02-01-02-05_r00.wav,393086,0.005621,1,
write,write,,,audio_small,pg_bytea,0,03-01-01-02-01-02-06_r00.wav,363108,0.009719,1,
write,write,,,audio_small,polyglot,0,03-01-01-02-01-02-06_r00.wav,363108,0.006572,1,
write,write,,,audio_small,mongo_gridfs,0,03-01-01-02-01-02-06_r00.wav,363108,0.006651,1,
write,write,,,audio_small,polyglot,0,03-01-01-02-01-02-07_r00.wav,372698,0.005592,1,
write,write,,,audio_small,mongo_gridfs,0,03-01-01-02-01-02-07_r00.wav,372698,0.005598,1,
write,write,,,audio_small,pg_bytea,0,03-01-01-02-01-02-07_r00.wav,372698,0.010010,1,
write,write,,,audio_small,polyglot,0,03-01-01-02-01-02-13_r00.wav,399494,0.008904,1,
write,write,,,audio_small,pg_bytea,0,03-01-01-02-01-02-13_r00.wav,399494,0.011105,1,
write,write,,,audio_small,mongo_gridfs,0,03-01-01-02-01-02-13_r00.wav,399494,0.006826,1,
write,write,,,audio_small,mongo_gridfs,0,03-01-01-02-02-02-19_r00.wav,372698,0.005655,1,
write,write,,,audio_small,pg_bytea,0,03-01-01-02-02-02-19_r00.wav,372698,0.010093,1,
write,write,,,audio_small,polyglot,0,03-01-01-02-02-02-19_r00.wav,372698,0.006964,1,
write,write,,,audio_small,mongo_gridfs,0,03-01-02-01-01-01-19_r00.wav,372698,0.006247,1,
write,write,,,audio_small,polyglot,0,03-01-02-01-01-01-19_r00.wav,372698,0.005795,1,
write,write,,,audio_small,pg_bytea,0,03-01-02-01-01-01-19_r00.wav,372698,0.009345,1,
write,write,,,audio_small,pg_bytea,0,03-01-02-01-02-01-06_r00.wav,363108,0.009978,1,
write,write,,,audio_small,mongo_gridfs,0,03-01-02-01-02-01-06_r00.wav,363108,0.007468,1,
write,write,,,audio_small,polyglot,0,03-01-02-01-02-01-06_r00.wav,363108,0.006297,1,
write,write,,,audio_small,pg_bytea,0,03-01-02-01-02-01-07_r00.wav,399494,0.010200,1,
write,write,,,audio_small,mongo_gridfs,0,03-01-02-01-02-01-07_r00.wav,399494,0.007124,1,
write,write,,,audio_small,polyglot,0,03-01-02-01-02-01-07_r00.wav,399494,0.007987,1,
write,write,,,audio_small,polyglot,0,03-01-02-01-02-01-11_r00.wav,375720,0.007885,1,
write,write,,,audio_small,mongo_gridfs,0,03-01-02-01-02-01-11_r00.wav,375720,0.005504,1,
write,write,,,audio_small,pg_bytea,0,03-01-02-01-02-01-11_r00.wav,375720,0.009277,1,
write,write,,,audio_small,pg_bytea,0,03-01-02-01-02-01-12_r00.wav,372698,0.010680,1,
write,write,,,audio_small,mongo_gridfs,0,03-01-02-01-02-01-12_r00.wav,372698,0.006453,1,
write,write,,,audio_small,polyglot,0,03-01-02-01-02-01-12_r00.wav,372698,0.006998,1,
write,write,,,audio_small,polyglot,0,03-01-02-01-02-01-13_r00.wav,379106,0.008244,1,
write,write,,,audio_small,pg_bytea,0,03-01-02-01-02-01-13_r00.wav,379106,0.012028,1,
write,write,,,audio_small,mongo_gridfs,0,03-01-02-01-02-01-13_r00.wav,379106,0.007326,1,
write,write,,,audio_small,mongo_gridfs,0,03-01-02-02-01-01-05_r00.wav,363108,0.005757,1,
write,write,,,audio_small,pg_bytea,0,03-01-02-02-01-01-05_r00.wav,363108,0.009923,1,
write,write,,,audio_small,polyglot,0,03-01-02-02-01-01-05_r00.wav,363108,0.007035,1,
write,write,,,audio_small,polyglot,0,03-01-02-02-01-01-11_r00.wav,363108,0.007232,1,
write,write,,,audio_small,pg_bytea,0,03-01-02-02-01-01-11_r00.wav,363108,0.009359,1,
write,write,,,audio_small,mongo_gridfs,0,03-01-02-02-01-01-11_r00.wav,363108,0.006231,1,
write,write,,,audio_small,mongo_gridfs,0,03-01-02-02-01-01-12_r00.wav,399494,0.005757,1,
write,write,,,audio_small,polyglot,0,03-01-02-02-01-01-12_r00.wav,399494,0.007545,1,
write,write,,,audio_small,pg_bytea,0,03-01-02-02-01-01-12_r00.wav,399494,0.011140,1,
write,write,,,audio_small,pg_bytea,0,03-01-02-02-01-01-13_r00.wav,399494,0.012142,1,
write,write,,,audio_small,polyglot,0,03-01-02-02-01-01-13_r00.wav,399494,0.006383,1,
write,write,,,audio_small,mongo_gridfs,0,03-01-02-02-01-01-13_r00.wav,399494,0.005800,1,
write,write,,,audio_small,polyglot,0,03-01-02-02-02-01-19_r00.wav,379106,0.005968,1,
write,write,,,audio_small,mongo_gridfs,0,03-01-02-02-02-01-19_r00.wav,379106,0.005236,1,
write,write,,,audio_small,pg_bytea,0,03-01-02-02-02-01-19_r00.wav,379106,0.009990,1,
write,write,,,audio_small,pg_bytea,0,03-01-03-01-01-02-05_r00.wav,396294,0.010805,1,
write,write,,,audio_small,mongo_gridfs,0,03-01-03-01-01-02-05_r00.wav,396294,0.007369,1,
write,write,,,audio_small,polyglot,0,03-01-03-01-01-02-05_r00.wav,396294,0.006661,1,
write,write,,,audio_small,pg_bytea,0,03-01-03-01-01-02-07_r00.wav,393086,0.010592,1,
write,write,,,audio_small,mongo_gridfs,0,03-01-03-01-01-02-07_r00.wav,393086,0.006130,1,
write,write,,,audio_small,polyglot,0,03-01-03-01-01-02-07_r00.wav,393086,0.006879,1,
write,write,,,audio_small,polyglot,0,03-01-03-01-01-02-12_r00.wav,399494,0.006667,1,
write,write,,,audio_small,mongo_gridfs,0,03-01-03-01-01-02-12_r00.wav,399494,0.005259,1,
write,write,,,audio_small,pg_bytea,0,03-01-03-01-01-02-12_r00.wav,399494,0.045472,1,
write,write,,,audio_small,mongo_gridfs,0,03-01-03-01-01-02-13_r00.wav,399494,0.007873,1,
write,write,,,audio_small,polyglot,0,03-01-03-01-01-02-13_r00.wav,399494,0.007481,1,
write,write,,,audio_small,pg_bytea,0,03-01-03-01-01-02-13_r00.wav,399494,0.012391,1,
write,write,,,audio_small,mongo_gridfs,0,03-01-03-01-02-02-18_r00.wav,393086,0.005785,1,
write,write,,,audio_small,polyglot,0,03-01-03-01-02-02-18_r00.wav,393086,0.010491,1,
write,write,,,audio_small,pg_bytea,0,03-01-03-01-02-02-18_r00.wav,393086,0.009980,1,
write,write,,,audio_small,pg_bytea,0,03-01-03-01-02-02-19_r00.wav,399494,0.010844,1,
write,write,,,audio_small,mongo_gridfs,0,03-01-03-01-02-02-19_r00.wav,399494,0.006069,1,
write,write,,,audio_small,polyglot,0,03-01-03-01-02-02-19_r00.wav,399494,0.006613,1,
write,write,,,audio_small,pg_bytea,0,03-01-03-02-01-02-18_r00.wav,396294,0.011543,1,
write,write,,,audio_small,polyglot,0,03-01-03-02-01-02-18_r00.wav,396294,0.007313,1,
write,write,,,audio_small,mongo_gridfs,0,03-01-03-02-01-02-18_r00.wav,396294,0.006416,1,
write,write,,,audio_small,polyglot,0,03-01-03-02-01-02-19_r00.wav,372698,0.008017,1,
write,write,,,audio_small,mongo_gridfs,0,03-01-03-02-01-02-19_r00.wav,372698,0.005023,1,
write,write,,,audio_small,pg_bytea,0,03-01-03-02-01-02-19_r00.wav,372698,0.009351,1,
write,write,,,audio_small,pg_bytea,0,03-01-03-02-02-02-04_r00.wav,379106,0.009721,1,
write,write,,,audio_small,mongo_gridfs,0,03-01-03-02-02-02-04_r00.wav,379106,0.005669,1,
write,write,,,audio_small,polyglot,0,03-01-03-02-02-02-04_r00.wav,379106,0.005744,1,
write,write,,,audio_small,mongo_gridfs,0,03-01-03-02-02-02-06_r00.wav,399494,0.005756,1,
write,write,,,audio_small,polyglot,0,03-01-03-02-02-02-06_r00.wav,399494,0.006513,1,
write,write,,,audio_small,pg_bytea,0,03-01-03-02-02-02-06_r00.wav,399494,0.010107,1,
write,write,,,audio_small,polyglot,0,03-01-03-02-02-02-07_r00.wav,393086,0.006704,1,
write,write,,,audio_small,pg_bytea,0,03-01-03-02-02-02-07_r00.wav,393086,0.009986,1,
write,write,,,audio_small,mongo_gridfs,0,03-01-03-02-02-02-07_r00.wav,393086,0.006156,1,
write,write,,,audio_small,polyglot,0,03-01-03-02-02-02-10_r00.wav,375720,0.006241,1,
write,write,,,audio_small,pg_bytea,0,03-01-03-02-02-02-10_r00.wav,375720,0.010719,1,
write,write,,,audio_small,mongo_gridfs,0,03-01-03-02-02-02-10_r00.wav,375720,0.007117,1,
write,write,,,audio_small,pg_bytea,0,03-01-03-02-02-02-11_r00.wav,396294,0.024853,1,
write,write,,,audio_small,mongo_gridfs,0,03-01-03-02-02-02-11_r00.wav,396294,0.005150,1,
write,write,,,audio_small,polyglot,0,03-01-03-02-02-02-11_r00.wav,396294,0.004934,1,
write,write,,,audio_small,polyglot,0,03-01-03-02-02-02-13_r00.wav,399494,0.008378,1,
write,write,,,audio_small,pg_bytea,0,03-01-03-02-02-02-13_r00.wav,399494,0.010367,1,
write,write,,,audio_small,mongo_gridfs,0,03-01-03-02-02-02-13_r00.wav,399494,0.004610,1,
write,write,,,audio_small,pg_bytea,0,03-01-04-01-01-02-01_r00.wav,396294,0.009636,1,
write,write,,,audio_small,polyglot,0,03-01-04-01-01-02-01_r00.wav,396294,0.005267,1,
write,write,,,audio_small,mongo_gridfs,0,03-01-04-01-01-02-01_r00.wav,396294,0.004282,1,
write,write,,,audio_small,pg_bytea,0,03-01-04-01-01-02-02_r00.wav,379106,0.009566,1,
write,write,,,audio_small,polyglot,0,03-01-04-01-01-02-02_r00.wav,379106,0.005210,1,
write,write,,,audio_small,mongo_gridfs,0,03-01-04-01-01-02-02_r00.wav,379106,0.004214,1,
write,write,,,audio_small,mongo_gridfs,0,03-01-04-01-01-02-16_r00.wav,379106,0.004215,1,
write,write,,,audio_small,polyglot,0,03-01-04-01-01-02-16_r00.wav,379106,0.004549,1,
write,write,,,audio_small,pg_bytea,0,03-01-04-01-01-02-16_r00.wav,379106,0.008883,1,
write,write,,,audio_small,mongo_gridfs,0,03-01-04-01-02-02-08_r00.wav,372698,0.003762,1,
write,write,,,audio_small,polyglot,0,03-01-04-01-02-02-08_r00.wav,372698,0.004220,1,
write,write,,,audio_small,pg_bytea,0,03-01-04-01-02-02-08_r00.wav,372698,0.008736,1,
write,write,,,audio_small,pg_bytea,0,03-01-04-01-02-02-09_r00.wav,363108,0.008941,1,
write,write,,,audio_small,mongo_gridfs,0,03-01-04-01-02-02-09_r00.wav,363108,0.004492,1,
write,write,,,audio_small,polyglot,0,03-01-04-01-02-02-09_r00.wav,363108,0.005657,1,
write,write,,,audio_small,pg_bytea,0,03-01-04-01-02-02-20_r00.wav,396294,0.009781,1,
write,write,,,audio_small,mongo_gridfs,0,03-01-04-01-02-02-20_r00.wav,396294,0.005190,1,
write,write,,,audio_small,polyglot,0,03-01-04-01-02-02-20_r00.wav,396294,0.005248,1,
write,write,,,audio_small,pg_bytea,0,03-01-04-01-02-02-21_r00.wav,363108,0.012410,1,
write,write,,,audio_small,polyglot,0,03-01-04-01-02-02-21_r00.wav,363108,0.005567,1,
write,write,,,audio_small,mongo_gridfs,0,03-01-04-01-02-02-21_r00.wav,363108,0.004419,1,
write,write,,,audio_small,mongo_gridfs,0,03-01-04-01-02-02-22_r00.wav,372698,0.004449,1,
write,write,,,audio_small,polyglot,0,03-01-04-01-02-02-22_r00.wav,372698,0.004368,1,
write,write,,,audio_small,pg_bytea,0,03-01-04-01-02-02-22_r00.wav,372698,0.008388,1,
write,write,,,audio_small,pg_bytea,0,03-01-04-01-02-02-23_r00.wav,363108,0.007918,1,
write,write,,,audio_small,mongo_gridfs,0,03-01-04-01-02-02-23_r00.wav,363108,0.003964,1,
write,write,,,audio_small,polyglot,0,03-01-04-01-02-02-23_r00.wav,363108,0.004303,1,
write,write,,,audio_small,mongo_gridfs,0,03-01-04-02-01-02-09_r00.wav,379106,0.004026,1,
write,write,,,audio_small,polyglot,0,03-01-04-02-01-02-09_r00.wav,379106,0.004817,1,
write,write,,,audio_small,pg_bytea,0,03-01-04-02-01-02-09_r00.wav,379106,0.008573,1,
write,write,,,audio_small,polyglot,0,03-01-04-02-01-02-20_r00.wav,379106,0.004572,1,
write,write,,,audio_small,pg_bytea,0,03-01-04-02-01-02-20_r00.wav,379106,0.009136,1,
write,write,,,audio_small,mongo_gridfs,0,03-01-04-02-01-02-20_r00.wav,379106,0.004132,1,
write,write,,,audio_small,mongo_gridfs,0,03-01-04-02-01-02-21_r00.wav,393086,0.003949,1,
write,write,,,audio_small,polyglot,0,03-01-04-02-01-02-21_r00.wav,393086,0.004817,1,
write,write,,,audio_small,pg_bytea,0,03-01-04-02-01-02-21_r00.wav,393086,0.008962,1,
write,write,,,audio_small,mongo_gridfs,0,03-01-04-02-01-02-22_r00.wav,379106,0.003650,1,
write,write,,,audio_small,pg_bytea,0,03-01-04-02-01-02-22_r00.wav,379106,0.009038,1,
write,write,,,audio_small,polyglot,0,03-01-04-02-01-02-22_r00.wav,379106,0.004691,1,
write,write,,,audio_small,mongo_gridfs,0,03-01-04-02-02-02-14_r00.wav,375720,0.003572,1,
write,write,,,audio_small,polyglot,0,03-01-04-02-02-02-14_r00.wav,375720,0.004709,1,
write,write,,,audio_small,pg_bytea,0,03-01-04-02-02-02-14_r00.wav,375720,0.008338,1,
write,write,,,audio_small,pg_bytea,0,03-01-04-02-02-02-15_r00.wav,379106,0.008309,1,
write,write,,,audio_small,mongo_gridfs,0,03-01-04-02-02-02-15_r00.wav,379106,0.003903,1,
write,write,,,audio_small,polyglot,0,03-01-04-02-02-02-15_r00.wav,379106,0.004771,1,
write,write,,,audio_small,pg_bytea,0,03-01-04-02-02-02-16_r00.wav,375720,0.008379,1,
write,write,,,audio_small,mongo_gridfs,0,03-01-04-02-02-02-16_r00.wav,375720,0.004017,1,
write,write,,,audio_small,polyglot,0,03-01-04-02-02-02-16_r00.wav,375720,0.004269,1,
write,write,,,audio_small,polyglot,0,03-01-04-02-02-02-17_r00.wav,363108,0.005140,1,
write,write,,,audio_small,pg_bytea,0,03-01-04-02-02-02-17_r00.wav,363108,0.008232,1,
write,write,,,audio_small,mongo_gridfs,0,03-01-04-02-02-02-17_r00.wav,363108,0.003824,1,
write,write,,,audio_small,polyglot,0,03-01-05-01-01-01-09_r00.wav,393086,0.004401,1,
write,write,,,audio_small,pg_bytea,0,03-01-05-01-01-01-09_r00.wav,393086,0.008656,1,
write,write,,,audio_small,mongo_gridfs,0,03-01-05-01-01-01-09_r00.wav,393086,0.003964,1,
write,write,,,audio_small,pg_bytea,0,03-01-05-01-01-01-22_r00.wav,393086,0.009497,1,
write,write,,,audio_small,mongo_gridfs,0,03-01-05-01-01-01-22_r00.wav,393086,0.004095,1,
write,write,,,audio_small,polyglot,0,03-01-05-01-01-01-22_r00.wav,393086,0.004047,1,
write,write,,,audio_small,mongo_gridfs,0,03-01-05-01-02-01-02_r00.wav,372698,0.003386,1,
write,write,,,audio_small,polyglot,0,03-01-05-01-02-01-02_r00.wav,372698,0.003823,1,
write,write,,,audio_small,pg_bytea,0,03-01-05-01-02-01-02_r00.wav,372698,0.009715,1,
write,write,,,audio_small,polyglot,0,03-01-05-01-02-01-03_r00.wav,396294,0.005197,1,
write,write,,,audio_small,pg_bytea,0,03-01-05-01-02-01-03_r00.wav,396294,0.009460,1,
write,write,,,audio_small,mongo_gridfs,0,03-01-05-01-02-01-03_r00.wav,396294,0.004340,1,
write,write,,,audio_small,polyglot,0,03-01-05-01-02-01-15_r00.wav,363108,0.006609,1,
write,write,,,audio_small,mongo_gridfs,0,03-01-05-01-02-01-15_r00.wav,363108,0.003814,1,
write,write,,,audio_small,pg_bytea,0,03-01-05-01-02-01-15_r00.wav,363108,0.008574,1,
write,write,,,audio_small,polyglot,0,03-01-05-01-02-01-16_r00.wav,372698,0.004967,1,
write,write,,,audio_small,mongo_gridfs,0,03-01-05-01-02-01-16_r00.wav,372698,0.003455,1,
write,write,,,audio_small,pg_bytea,0,03-01-05-01-02-01-16_r00.wav,372698,0.008710,1,
write,write,,,audio_small,mongo_gridfs,0,03-01-05-01-02-01-17_r00.wav,393086,0.006678,1,
write,write,,,audio_small,polyglot,0,03-01-05-01-02-01-17_r00.wav,393086,0.006913,1,
write,write,,,audio_small,pg_bytea,0,03-01-05-01-02-01-17_r00.wav,393086,0.023393,1,
write,write,,,audio_small,pg_bytea,0,03-01-05-02-01-01-01_r00.wav,372698,0.010821,1,
write,write,,,audio_small,polyglot,0,03-01-05-02-01-01-01_r00.wav,372698,0.005073,1,
write,write,,,audio_small,mongo_gridfs,0,03-01-05-02-01-01-01_r00.wav,372698,0.003833,1,
write,write,,,audio_small,pg_bytea,0,03-01-05-02-01-01-02_r00.wav,375720,0.008505,1,
write,write,,,audio_small,polyglot,0,03-01-05-02-01-01-02_r00.wav,375720,0.004366,1,
write,write,,,audio_small,mongo_gridfs,0,03-01-05-02-01-01-02_r00.wav,375720,0.003685,1,
write,write,,,audio_small,pg_bytea,0,03-01-05-02-01-01-03_r00.wav,372698,0.008597,1,
write,write,,,audio_small,polyglot,0,03-01-05-02-01-01-03_r00.wav,372698,0.004750,1,
write,write,,,audio_small,mongo_gridfs,0,03-01-05-02-01-01-03_r00.wav,372698,0.003658,1,
write,write,,,audio_small,mongo_gridfs,0,03-01-05-02-01-01-15_r00.wav,396294,0.004329,1,
write,write,,,audio_small,pg_bytea,0,03-01-05-02-01-01-15_r00.wav,396294,0.009483,1,
write,write,,,audio_small,polyglot,0,03-01-05-02-01-01-15_r00.wav,396294,0.004932,1,
write,write,,,audio_small,pg_bytea,0,03-01-05-02-01-01-16_r00.wav,399494,0.008883,1,
write,write,,,audio_small,polyglot,0,03-01-05-02-01-01-16_r00.wav,399494,0.004872,1,
write,write,,,audio_small,mongo_gridfs,0,03-01-05-02-01-01-16_r00.wav,399494,0.004108,1,
write,write,,,audio_small,mongo_gridfs,0,03-01-05-02-01-01-17_r00.wav,363108,0.003650,1,
write,write,,,audio_small,polyglot,0,03-01-05-02-01-01-17_r00.wav,363108,0.004654,1,
write,write,,,audio_small,pg_bytea,0,03-01-05-02-01-01-17_r00.wav,363108,0.008317,1,
write,write,,,audio_small,polyglot,0,03-01-05-02-02-01-09_r00.wav,396294,0.004667,1,
write,write,,,audio_small,mongo_gridfs,0,03-01-05-02-02-01-09_r00.wav,396294,0.003761,1,
write,write,,,audio_small,pg_bytea,0,03-01-05-02-02-01-09_r00.wav,396294,0.009581,1,
write,write,,,audio_small,polyglot,0,03-01-05-02-02-01-21_r00.wav,375720,0.004187,1,
write,write,,,audio_small,mongo_gridfs,0,03-01-05-02-02-01-21_r00.wav,375720,0.003509,1,
write,write,,,audio_small,pg_bytea,0,03-01-05-02-02-01-21_r00.wav,375720,0.008634,1,
write,write,,,audio_small,mongo_gridfs,0,03-01-05-02-02-01-22_r00.wav,379106,0.003971,1,
write,write,,,audio_small,pg_bytea,0,03-01-05-02-02-01-22_r00.wav,379106,0.009214,1,
write,write,,,audio_small,polyglot,0,03-01-05-02-02-01-22_r00.wav,379106,0.008012,1,
write,write,,,audio_medium,mongo_gridfs,0,03-02-01-01-01-02-22_r00.wav,526650,0.006909,1,
write,write,,,audio_medium,polyglot,0,03-02-01-01-01-02-22_r00.wav,526650,0.007224,1,
write,write,,,audio_medium,pg_bytea,0,03-02-01-01-01-02-22_r00.wav,526650,0.013887,1,
write,write,,,audio_medium,mongo_gridfs,0,03-02-01-01-01-02-23_r00.wav,539464,0.006368,1,
write,write,,,audio_medium,polyglot,0,03-02-01-01-01-02-23_r00.wav,539464,0.007236,1,
write,write,,,audio_medium,pg_bytea,0,03-02-01-01-01-02-23_r00.wav,539464,0.013629,1,
write,write,,,audio_medium,pg_bytea,0,03-02-01-01-02-02-02_r00.wav,539464,0.012367,1,
write,write,,,audio_medium,mongo_gridfs,0,03-02-01-01-02-02-02_r00.wav,539464,0.006246,1,
write,write,,,audio_medium,polyglot,0,03-02-01-01-02-02-02_r00.wav,539464,0.009055,1,
write,write,,,audio_medium,mongo_gridfs,0,03-02-01-01-02-02-03_r00.wav,520242,0.006206,1,
write,write,,,audio_medium,polyglot,0,03-02-01-01-02-02-03_r00.wav,520242,0.007117,1,
write,write,,,audio_medium,pg_bytea,0,03-02-01-01-02-02-03_r00.wav,520242,0.013687,1,
write,write,,,audio_medium,mongo_gridfs,0,03-02-01-01-02-02-16_r00.wav,539464,0.007486,1,
write,write,,,audio_medium,polyglot,0,03-02-01-01-02-02-16_r00.wav,539464,0.006911,1,
write,write,,,audio_medium,pg_bytea,0,03-02-01-01-02-02-16_r00.wav,539464,0.044087,1,
write,write,,,audio_medium,mongo_gridfs,0,03-02-01-01-02-02-17_r00.wav,561888,0.009180,1,
write,write,,,audio_medium,pg_bytea,0,03-02-01-01-02-02-17_r00.wav,561888,0.014741,1,
write,write,,,audio_medium,polyglot,0,03-02-01-01-02-02-17_r00.wav,561888,0.009979,1,
write,write,,,audio_medium,mongo_gridfs,0,03-02-01-02-01-02-01_r00.wav,533056,0.006307,1,
write,write,,,audio_medium,polyglot,0,03-02-01-02-01-02-01_r00.wav,533056,0.007679,1,
write,write,,,audio_medium,pg_bytea,0,03-02-01-02-01-02-01_r00.wav,533056,0.016285,1,
write,write,,,audio_medium,pg_bytea,0,03-02-01-02-01-02-02_r00.wav,523448,0.013096,1,
write,write,,,audio_medium,mongo_gridfs,0,03-02-01-02-01-02-02_r00.wav,523448,0.007844,1,
write,write,,,audio_medium,polyglot,0,03-02-01-02-01-02-02_r00.wav,523448,0.007884,1,
write,write,,,audio_medium,mongo_gridfs,0,03-02-01-02-01-02-03_r00.wav,533056,0.006211,1,
write,write,,,audio_medium,pg_bytea,0,03-02-01-02-01-02-03_r00.wav,533056,0.013112,1,
write,write,,,audio_medium,polyglot,0,03-02-01-02-01-02-03_r00.wav,533056,0.009335,1,
write,write,,,audio_medium,mongo_gridfs,0,03-02-01-02-01-02-15_r00.wav,561882,0.006833,1,
write,write,,,audio_medium,polyglot,0,03-02-01-02-01-02-15_r00.wav,561882,0.010015,1,
write,write,,,audio_medium,pg_bytea,0,03-02-01-02-01-02-15_r00.wav,561882,0.014199,1,
write,write,,,audio_medium,mongo_gridfs,0,03-02-01-02-01-02-16_r00.wav,526650,0.007298,1,
write,write,,,audio_medium,polyglot,0,03-02-01-02-01-02-16_r00.wav,526650,0.008642,1,
write,write,,,audio_medium,pg_bytea,0,03-02-01-02-01-02-16_r00.wav,526650,0.014656,1,
write,write,,,audio_medium,pg_bytea,0,03-02-01-02-01-02-17_r00.wav,533056,0.013574,1,
write,write,,,audio_medium,mongo_gridfs,0,03-02-01-02-01-02-17_r00.wav,533056,0.008016,1,
write,write,,,audio_medium,polyglot,0,03-02-01-02-01-02-17_r00.wav,533056,0.009243,1,
write,write,,,audio_medium,pg_bytea,0,03-02-01-02-02-02-22_r00.wav,520242,0.012877,1,
write,write,,,audio_medium,mongo_gridfs,0,03-02-01-02-02-02-22_r00.wav,520242,0.007971,1,
write,write,,,audio_medium,polyglot,0,03-02-01-02-02-02-22_r00.wav,520242,0.007427,1,
write,write,,,audio_medium,polyglot,0,03-02-01-02-02-02-23_r00.wav,520242,0.006877,1,
write,write,,,audio_medium,pg_bytea,0,03-02-01-02-02-02-23_r00.wav,520242,0.013650,1,
write,write,,,audio_medium,mongo_gridfs,0,03-02-01-02-02-02-23_r00.wav,520242,0.008065,1,
write,write,,,audio_medium,pg_bytea,0,03-02-02-01-01-01-22_r00.wav,523448,0.013714,1,
write,write,,,audio_medium,polyglot,0,03-02-02-01-01-01-22_r00.wav,523448,0.008415,1,
write,write,,,audio_medium,mongo_gridfs,0,03-02-02-01-01-01-22_r00.wav,523448,0.007772,1,
write,write,,,audio_medium,mongo_gridfs,0,03-02-02-01-01-01-23_r00.wav,561888,0.007643,1,
write,write,,,audio_medium,polyglot,0,03-02-02-01-01-01-23_r00.wav,561888,0.008494,1,
write,write,,,audio_medium,pg_bytea,0,03-02-02-01-01-01-23_r00.wav,561888,0.015657,1,
write,write,,,audio_medium,pg_bytea,0,03-02-02-01-02-01-01_r00.wav,520242,0.013582,1,
write,write,,,audio_medium,polyglot,0,03-02-02-01-02-01-01_r00.wav,520242,0.009475,1,
write,write,,,audio_medium,mongo_gridfs,0,03-02-02-01-02-01-01_r00.wav,520242,0.006642,1,
write,write,,,audio_medium,pg_bytea,0,03-02-02-01-02-01-02_r00.wav,539464,0.013968,1,
write,write,,,audio_medium,polyglot,0,03-02-02-01-02-01-02_r00.wav,539464,0.007950,1,
write,write,,,audio_medium,mongo_gridfs,0,03-02-02-01-02-01-02_r00.wav,539464,0.006225,1,
write,write,,,audio_medium,polyglot,0,03-02-02-01-02-01-03_r00.wav,533056,0.007977,1,
write,write,,,audio_medium,mongo_gridfs,0,03-02-02-01-02-01-03_r00.wav,533056,0.006254,1,
write,write,,,audio_medium,pg_bytea,0,03-02-02-01-02-01-03_r00.wav,533056,0.015131,1,
write,write,,,audio_medium,mongo_gridfs,0,03-02-02-01-02-01-16_r00.wav,561882,0.009843,1,
write,write,,,audio_medium,polyglot,0,03-02-02-01-02-01-16_r00.wav,561882,0.009473,1,
write,write,,,audio_medium,pg_bytea,0,03-02-02-01-02-01-16_r00.wav,561882,0.014776,1,
write,write,,,audio_medium,polyglot,0,03-02-02-02-01-01-01_r00.wav,539464,0.007592,1,
write,write,,,audio_medium,mongo_gridfs,0,03-02-02-02-01-01-01_r00.wav,539464,0.007257,1,
write,write,,,audio_medium,pg_bytea,0,03-02-02-02-01-01-01_r00.wav,539464,0.014188,1,
write,write,,,audio_medium,mongo_gridfs,0,03-02-02-02-01-01-02_r00.wav,526650,0.008049,1,
write,write,,,audio_medium,pg_bytea,0,03-02-02-02-01-01-02_r00.wav,526650,0.013165,1,
write,write,,,audio_medium,polyglot,0,03-02-02-02-01-01-02_r00.wav,526650,0.009440,1,
write,write,,,audio_medium,pg_bytea,0,03-02-02-02-01-01-15_r00.wav,539464,0.014943,1,
write,write,,,audio_medium,mongo_gridfs,0,03-02-02-02-01-01-15_r00.wav,539464,0.009067,1,
write,write,,,audio_medium,polyglot,0,03-02-02-02-01-01-15_r00.wav,539464,0.008026,1,
write,write,,,audio_medium,pg_bytea,0,03-02-02-02-01-01-16_r00.wav,520242,0.013989,1,
write,write,,,audio_medium,polyglot,0,03-02-02-02-01-01-16_r00.wav,520242,0.010153,1,
write,write,,,audio_medium,mongo_gridfs,0,03-02-02-02-01-01-16_r00.wav,520242,0.007713,1,
write,write,,,audio_medium,mongo_gridfs,0,03-02-02-02-01-01-17_r00.wav,539464,0.006883,1,
write,write,,,audio_medium,pg_bytea,0,03-02-02-02-01-01-17_r00.wav,539464,0.013780,1,
write,write,,,audio_medium,polyglot,0,03-02-02-02-01-01-17_r00.wav,539464,0.009419,1,
write,write,,,audio_medium,polyglot,0,03-02-02-02-02-01-22_r00.wav,539464,0.009144,1,
write,write,,,audio_medium,pg_bytea,0,03-02-02-02-02-01-22_r00.wav,539464,0.018860,1,
write,write,,,audio_medium,mongo_gridfs,0,03-02-02-02-02-01-22_r00.wav,539464,0.007395,1,
write,write,,,audio_medium,mongo_gridfs,0,03-02-02-02-02-01-23_r00.wav,520242,0.006522,1,
write,write,,,audio_medium,polyglot,0,03-02-02-02-02-01-23_r00.wav,520242,0.007213,1,
write,write,,,audio_medium,pg_bytea,0,03-02-02-02-02-01-23_r00.wav,520242,0.012336,1,
write,write,,,audio_medium,mongo_gridfs,0,03-02-03-01-01-02-01_r00.wav,561882,0.007321,1,
write,write,,,audio_medium,polyglot,0,03-02-03-01-01-02-01_r00.wav,561882,0.009239,1,
write,write,,,audio_medium,pg_bytea,0,03-02-03-01-01-02-01_r00.wav,561882,0.015396,1,
write,write,,,audio_medium,mongo_gridfs,0,03-02-03-01-01-02-02_r00.wav,561882,0.009597,1,
write,write,,,audio_medium,polyglot,0,03-02-03-01-01-02-02_r00.wav,561882,0.008286,1,
write,write,,,audio_medium,pg_bytea,0,03-02-03-01-01-02-02_r00.wav,561882,0.013777,1,
write,write,,,audio_medium,polyglot,0,03-02-03-01-01-02-03_r00.wav,539464,0.007703,1,
write,write,,,audio_medium,mongo_gridfs,0,03-02-03-01-01-02-03_r00.wav,539464,0.007172,1,
write,write,,,audio_medium,pg_bytea,0,03-02-03-01-01-02-03_r00.wav,539464,0.013527,1,
write,write,,,audio_medium,pg_bytea,0,03-02-03-01-01-02-15_r00.wav,526650,0.013300,1,
write,write,,,audio_medium,mongo_gridfs,0,03-02-03-01-01-02-15_r00.wav,526650,0.008555,1,
write,write,,,audio_medium,polyglot,0,03-02-03-01-01-02-15_r00.wav,526650,0.008755,1,
write,write,,,audio_medium,pg_bytea,0,03-02-03-01-01-02-16_r00.wav,520242,0.013496,1,
write,write,,,audio_medium,mongo_gridfs,0,03-02-03-01-01-02-16_r00.wav,520242,0.008832,1,
write,write,,,audio_medium,polyglot,0,03-02-03-01-01-02-16_r00.wav,520242,0.009155,1,
write,write,,,audio_medium,polyglot,0,03-02-03-01-01-02-17_r00.wav,526650,0.007989,1,
write,write,,,audio_medium,pg_bytea,0,03-02-03-01-01-02-17_r00.wav,526650,0.014252,1,
write,write,,,audio_medium,mongo_gridfs,0,03-02-03-01-01-02-17_r00.wav,526650,0.008584,1,
write,write,,,audio_medium,polyglot,0,03-02-03-01-02-02-09_r00.wav,539464,0.008922,1,
write,write,,,audio_medium,mongo_gridfs,0,03-02-03-01-02-02-09_r00.wav,539464,0.007387,1,
write,write,,,audio_medium,pg_bytea,0,03-02-03-01-02-02-09_r00.wav,539464,0.041858,1,
write,write,,,audio_medium,mongo_gridfs,0,03-02-03-01-02-02-21_r00.wav,533056,0.007830,1,
write,write,,,audio_medium,polyglot,0,03-02-03-01-02-02-21_r00.wav,533056,0.008307,1,
write,write,,,audio_medium,pg_bytea,0,03-02-03-01-02-02-21_r00.wav,533056,0.015087,1,
write,write,,,audio_medium,mongo_gridfs,0,03-02-03-01-02-02-22_r00.wav,561888,0.007731,1,
write,write,,,audio_medium,polyglot,0,03-02-03-01-02-02-22_r00.wav,561888,0.008767,1,
write,write,,,audio_medium,pg_bytea,0,03-02-03-01-02-02-22_r00.wav,561888,0.015720,1,
write,write,,,audio_medium,polyglot,0,03-02-03-01-02-02-23_r00.wav,539464,0.008852,1,
write,write,,,audio_medium,mongo_gridfs,0,03-02-03-01-02-02-23_r00.wav,539464,0.005818,1,
write,write,,,audio_medium,pg_bytea,0,03-02-03-01-02-02-23_r00.wav,539464,0.013131,1,
write,write,,,audio_medium,polyglot,0,03-02-03-02-01-02-09_r00.wav,561882,0.007086,1,
write,write,,,audio_medium,mongo_gridfs,0,03-02-03-02-01-02-09_r00.wav,561882,0.007836,1,
write,write,,,audio_medium,pg_bytea,0,03-02-03-02-01-02-09_r00.wav,561882,0.013879,1,
write,write,,,audio_medium,polyglot,0,03-02-03-02-01-02-21_r00.wav,539464,0.007640,1,
write,write,,,audio_medium,mongo_gridfs,0,03-02-03-02-01-02-21_r00.wav,539464,0.005179,1,
write,write,,,audio_medium,pg_bytea,0,03-02-03-02-01-02-21_r00.wav,539464,0.012825,1,
write,write,,,audio_medium,pg_bytea,0,03-02-03-02-01-02-22_r00.wav,526650,0.012583,1,
write,write,,,audio_medium,polyglot,0,03-02-03-02-01-02-22_r00.wav,526650,0.006355,1,
write,write,,,audio_medium,mongo_gridfs,0,03-02-03-02-01-02-22_r00.wav,526650,0.005108,1,
write,write,,,audio_medium,pg_bytea,0,03-02-03-02-01-02-23_r00.wav,561888,0.014526,1,
write,write,,,audio_medium,mongo_gridfs,0,03-02-03-02-01-02-23_r00.wav,561888,0.005598,1,
write,write,,,audio_medium,polyglot,0,03-02-03-02-01-02-23_r00.wav,561888,0.006522,1,
write,write,,,audio_medium,pg_bytea,0,03-02-03-02-02-02-01_r00.wav,561882,0.014296,1,
write,write,,,audio_medium,polyglot,0,03-02-03-02-02-02-01_r00.wav,561882,0.008141,1,
write,write,,,audio_medium,mongo_gridfs,0,03-02-03-02-02-02-01_r00.wav,561882,0.006444,1,
write,write,,,audio_medium,polyglot,0,03-02-03-02-02-02-02_r00.wav,523448,0.007767,1,
write,write,,,audio_medium,pg_bytea,0,03-02-03-02-02-02-02_r00.wav,523448,0.012990,1,
write,write,,,audio_medium,mongo_gridfs,0,03-02-03-02-02-02-02_r00.wav,523448,0.006784,1,
write,write,,,audio_medium,pg_bytea,0,03-02-03-02-02-02-03_r00.wav,561888,0.014662,1,
write,write,,,audio_medium,mongo_gridfs,0,03-02-03-02-02-02-03_r00.wav,561888,0.007327,1,
write,write,,,audio_medium,polyglot,0,03-02-03-02-02-02-03_r00.wav,561888,0.008300,1,
write,write,,,audio_medium,polyglot,0,03-02-03-02-02-02-15_r00.wav,523448,0.008991,1,
write,write,,,audio_medium,pg_bytea,0,03-02-03-02-02-02-15_r00.wav,523448,0.013947,1,
write,write,,,audio_medium,mongo_gridfs,0,03-02-03-02-02-02-15_r00.wav,523448,0.008069,1,
write,write,,,audio_medium,pg_bytea,0,03-02-03-02-02-02-16_r00.wav,561882,0.014817,1,
write,write,,,audio_medium,polyglot,0,03-02-03-02-02-02-16_r00.wav,561882,0.008374,1,
write,write,,,audio_medium,mongo_gridfs,0,03-02-03-02-02-02-16_r00.wav,561882,0.007334,1,
write,write,,,audio_medium,pg_bytea,0,03-02-03-02-02-02-17_r00.wav,523448,0.014481,1,
write,write,,,audio_medium,polyglot,0,03-02-03-02-02-02-17_r00.wav,523448,0.009158,1,
write,write,,,audio_medium,mongo_gridfs,0,03-02-03-02-02-02-17_r00.wav,523448,0.007480,1,
write,write,,,audio_medium,mongo_gridfs,0,03-02-04-01-01-02-05_r00.wav,561882,0.006364,1,
write,write,,,audio_medium,pg_bytea,0,03-02-04-01-01-02-05_r00.wav,561882,0.014438,1,
write,write,,,audio_medium,polyglot,0,03-02-04-01-01-02-05_r00.wav,561882,0.009213,1,
write,write,,,audio_medium,polyglot,0,03-02-04-01-01-02-06_r00.wav,526650,0.008191,1,
write,write,,,audio_medium,pg_bytea,0,03-02-04-01-01-02-06_r00.wav,526650,0.013861,1,
write,write,,,audio_medium,mongo_gridfs,0,03-02-04-01-01-02-06_r00.wav,526650,0.008185,1,
write,write,,,audio_medium,mongo_gridfs,0,03-02-04-01-01-02-07_r00.wav,523448,0.006252,1,
write,write,,,audio_medium,polyglot,0,03-02-04-01-01-02-07_r00.wav,523448,0.008139,1,
write,write,,,audio_medium,pg_bytea,0,03-02-04-01-01-02-07_r00.wav,523448,0.013384,1,
write,write,,,audio_medium,pg_bytea,0,03-02-04-01-01-02-11_r00.wav,539464,0.013558,1,
write,write,,,audio_medium,polyglot,0,03-02-04-01-01-02-11_r00.wav,539464,0.008475,1,
write,write,,,audio_medium,mongo_gridfs,0,03-02-04-01-01-02-11_r00.wav,539464,0.008015,1,
write,write,,,audio_medium,mongo_gridfs,0,03-02-04-01-01-02-12_r00.wav,523448,0.006774,1,
write,write,,,audio_medium,polyglot,0,03-02-04-01-01-02-12_r00.wav,523448,0.007339,1,
write,write,,,audio_medium,pg_bytea,0,03-02-04-01-01-02-12_r00.wav,523448,0.014924,1,
write,write,,,audio_medium,mongo_gridfs,0,03-02-04-01-01-02-13_r00.wav,539464,0.006929,1,
write,write,,,audio_medium,pg_bytea,0,03-02-04-01-01-02-13_r00.wav,539464,0.014191,1,
write,write,,,audio_medium,polyglot,0,03-02-04-01-01-02-13_r00.wav,539464,0.009843,1,
write,write,,,audio_medium,polyglot,0,03-02-04-01-02-02-19_r00.wav,561888,0.009142,1,
write,write,,,audio_medium,pg_bytea,0,03-02-04-01-02-02-19_r00.wav,561888,0.013948,1,
write,write,,,audio_medium,mongo_gridfs,0,03-02-04-01-02-02-19_r00.wav,561888,0.008003,1,
write,write,,,audio_medium,mongo_gridfs,0,03-02-04-02-02-02-05_r00.wav,526650,0.006963,1,
write,write,,,audio_medium,pg_bytea,0,03-02-04-02-02-02-05_r00.wav,526650,0.013291,1,
write,write,,,audio_medium,polyglot,0,03-02-04-02-02-02-05_r00.wav,526650,0.008842,1,
write,write,,,audio_medium,pg_bytea,0,03-02-04-02-02-02-06_r00.wav,526650,0.013226,1,
write,write,,,audio_medium,mongo_gridfs,0,03-02-04-02-02-02-06_r00.wav,526650,0.007116,1,
write,write,,,audio_medium,polyglot,0,03-02-04-02-02-02-06_r00.wav,526650,0.008639,1,
write,write,,,audio_medium,mongo_gridfs,0,03-02-04-02-02-02-07_r00.wav,561888,0.006678,1,
write,write,,,audio_medium,polyglot,0,03-02-04-02-02-02-07_r00.wav,561888,0.010669,1,
write,write,,,audio_medium,pg_bytea,0,03-02-04-02-02-02-07_r00.wav,561888,0.014900,1,
write,write,,,audio_medium,pg_bytea,0,03-02-04-02-02-02-11_r00.wav,561888,0.016412,1,
write,write,,,audio_medium,polyglot,0,03-02-04-02-02-02-11_r00.wav,561888,0.008010,1,
write,write,,,audio_medium,mongo_gridfs,0,03-02-04-02-02-02-11_r00.wav,561888,0.007059,1,
write,write,,,audio_medium,polyglot,0,03-02-04-02-02-02-12_r00.wav,523448,0.006929,1,
write,write,,,audio_medium,mongo_gridfs,0,03-02-04-02-02-02-12_r00.wav,523448,0.005751,1,
write,write,,,audio_medium,pg_bytea,0,03-02-04-02-02-02-12_r00.wav,523448,0.013056,1,
write,write,,,audio_medium,mongo_gridfs,0,03-02-04-02-02-02-13_r00.wav,533056,0.007338,1,
write,write,,,audio_medium,polyglot,0,03-02-04-02-02-02-13_r00.wav,533056,0.006967,1,
write,write,,,audio_medium,pg_bytea,0,03-02-04-02-02-02-13_r00.wav,533056,0.013222,1,
write,write,,,audio_medium,mongo_gridfs,0,03-02-05-01-02-01-06_r00.wav,561882,0.007840,1,
write,write,,,audio_medium,polyglot,0,03-02-05-01-02-01-06_r00.wav,561882,0.009368,1,
write,write,,,audio_medium,pg_bytea,0,03-02-05-01-02-01-06_r00.wav,561882,0.015711,1,
write,write,,,audio_medium,pg_bytea,0,03-02-05-01-02-01-07_r00.wav,520242,0.013544,1,
write,write,,,audio_medium,polyglot,0,03-02-05-01-02-01-07_r00.wav,520242,0.008416,1,
write,write,,,audio_medium,mongo_gridfs,0,03-02-05-01-02-01-07_r00.wav,520242,0.007295,1,
write,write,,,audio_medium,polyglot,0,03-02-05-01-02-01-12_r00.wav,520242,0.008986,1,
write,write,,,audio_medium,mongo_gridfs,0,03-02-05-01-02-01-12_r00.wav,520242,0.007279,1,
write,write,,,audio_medium,pg_bytea,0,03-02-05-01-02-01-12_r00.wav,520242,0.033203,1,
write,write,,,audio_medium,pg_bytea,0,03-02-05-01-02-01-13_r00.wav,561888,0.014872,1,
write,write,,,audio_medium,mongo_gridfs,0,03-02-05-01-02-01-13_r00.wav,561888,0.009845,1,
write,write,,,audio_medium,polyglot,0,03-02-05-01-02-01-13_r00.wav,561888,0.009220,1,
write,write,,,audio_medium,polyglot,0,03-02-05-02-01-01-05_r00.wav,539464,0.008876,1,
write,write,,,audio_medium,mongo_gridfs,0,03-02-05-02-01-01-05_r00.wav,539464,0.006724,1,
write,write,,,audio_medium,pg_bytea,0,03-02-05-02-01-01-05_r00.wav,539464,0.014749,1,
write,write,,,audio_medium,polyglot,0,03-02-05-02-01-01-06_r00.wav,561888,0.008173,1,
write,write,,,audio_medium,pg_bytea,0,03-02-05-02-01-01-06_r00.wav,561888,0.017181,1,
write,write,,,audio_medium,mongo_gridfs,0,03-02-05-02-01-01-06_r00.wav,561888,0.008755,1,
write,write,,,audio_medium,pg_bytea,0,03-02-05-02-01-01-07_r00.wav,533056,0.014391,1,
write,write,,,audio_medium,polyglot,0,03-02-05-02-01-01-07_r00.wav,533056,0.008798,1,
write,write,,,audio_medium,mongo_gridfs,0,03-02-05-02-01-01-07_r00.wav,533056,0.006437,1,
write,write,,,audio_medium,pg_bytea,0,03-02-05-02-01-01-11_r00.wav,561888,0.013861,1,
write,write,,,audio_medium,mongo_gridfs,0,03-02-05-02-01-01-11_r00.wav,561888,0.008073,1,
write,write,,,audio_medium,polyglot,0,03-02-05-02-01-01-11_r00.wav,561888,0.009118,1,
write,write,,,audio_medium,polyglot,0,03-02-05-02-01-01-12_r00.wav,533056,0.010279,1,
write,write,,,audio_medium,mongo_gridfs,0,03-02-05-02-01-01-12_r00.wav,533056,0.008119,1,
write,write,,,audio_medium,pg_bytea,0,03-02-05-02-01-01-12_r00.wav,533056,0.013849,1,
write,write,,,audio_medium,mongo_gridfs,0,03-02-05-02-01-01-13_r00.wav,526650,0.006867,1,
write,write,,,audio_medium,polyglot,0,03-02-05-02-01-01-13_r00.wav,526650,0.008135,1,
write,write,,,audio_medium,pg_bytea,0,03-02-05-02-01-01-13_r00.wav,526650,0.013910,1,
write,write,,,video_small,mongo_gridfs,0,01-01-01-01-01-01-22_r00.mp4,5457041,0.045662,1,
write,write,,,video_small,pg_bytea,0,01-01-01-01-01-01-22_r00.mp4,5457041,0.155179,1,
write,write,,,video_small,polyglot,0,01-01-01-01-01-01-22_r00.mp4,5457041,0.048761,1,
write,write,,,video_small,pg_bytea,0,01-01-01-01-01-02-01_r00.mp4,5457041,0.154082,1,
write,write,,,video_small,mongo_gridfs,0,01-01-01-01-01-02-01_r00.mp4,5457041,0.043422,1,
write,write,,,video_small,polyglot,0,01-01-01-01-01-02-01_r00.mp4,5457041,0.044335,1,
write,write,,,video_small,polyglot,0,01-01-01-01-01-02-15_r00.mp4,5457041,0.045252,1,
write,write,,,video_small,pg_bytea,0,01-01-01-01-01-02-15_r00.mp4,5457041,0.159447,1,
write,write,,,video_small,mongo_gridfs,0,01-01-01-01-01-02-15_r00.mp4,5457041,0.047800,1,
write,write,,,video_small,pg_bytea,0,01-01-01-01-02-01-06_r00.mp4,5457041,0.151653,1,
write,write,,,video_small,mongo_gridfs,0,01-01-01-01-02-01-06_r00.mp4,5457041,0.047331,1,
write,write,,,video_small,polyglot,0,01-01-01-01-02-01-06_r00.mp4,5457041,0.043540,1,
write,write,,,video_small,pg_bytea,0,01-01-01-01-02-01-13_r00.mp4,5457041,0.141440,1,
write,write,,,video_small,mongo_gridfs,0,01-01-01-01-02-01-13_r00.mp4,5457041,0.053056,1,
write,write,,,video_small,polyglot,0,01-01-01-01-02-01-13_r00.mp4,5457041,0.044780,1,
write,write,,,video_small,pg_bytea,0,01-01-01-01-02-01-14_r00.mp4,5457041,0.150194,1,
write,write,,,video_small,mongo_gridfs,0,01-01-01-01-02-01-14_r00.mp4,5457041,0.050316,1,
write,write,,,video_small,polyglot,0,01-01-01-01-02-01-14_r00.mp4,5457041,0.049673,1,
write,write,,,video_small,polyglot,0,01-01-01-01-02-02-09_r00.mp4,5498397,0.050476,1,
write,write,,,video_small,pg_bytea,0,01-01-01-01-02-02-09_r00.mp4,5498397,0.166539,1,
write,write,,,video_small,mongo_gridfs,0,01-01-01-01-02-02-09_r00.mp4,5498397,0.048345,1,
write,write,,,video_small,polyglot,0,01-01-01-02-01-01-01_r00.mp4,5498397,0.044420,1,
write,write,,,video_small,pg_bytea,0,01-01-01-02-01-01-01_r00.mp4,5498397,0.165331,1,
write,write,,,video_small,mongo_gridfs,0,01-01-01-02-01-01-01_r00.mp4,5498397,0.051171,1,
write,write,,,video_small,polyglot,0,01-01-01-02-01-01-05_r00.mp4,5457041,0.050583,1,
write,write,,,video_small,pg_bytea,0,01-01-01-02-01-01-05_r00.mp4,5457041,0.128229,1,
write,write,,,video_small,mongo_gridfs,0,01-01-01-02-01-01-05_r00.mp4,5457041,0.046161,1,
write,write,,,video_small,polyglot,0,01-01-01-02-01-01-15_r00.mp4,5457041,0.043834,1,
write,write,,,video_small,pg_bytea,0,01-01-01-02-01-01-15_r00.mp4,5457041,0.133811,1,
write,write,,,video_small,mongo_gridfs,0,01-01-01-02-01-01-15_r00.mp4,5457041,0.047314,1,
write,write,,,video_small,mongo_gridfs,0,01-01-01-02-02-01-18_r00.mp4,5457041,0.043669,1,
write,write,,,video_small,pg_bytea,0,01-01-01-02-02-01-18_r00.mp4,5457041,0.144580,1,
write,write,,,video_small,polyglot,0,01-01-01-02-02-01-18_r00.mp4,5457041,0.044259,1,
write,write,,,video_small,polyglot,0,01-01-01-02-02-01-19_r00.mp4,5457041,0.043380,1,
write,write,,,video_small,mongo_gridfs,0,01-01-01-02-02-01-19_r00.mp4,5457041,0.043026,1,
write,write,,,video_small,pg_bytea,0,01-01-01-02-02-01-19_r00.mp4,5457041,0.151580,1,
write,write,,,video_small,pg_bytea,0,01-01-02-01-01-02-09_r00.mp4,5498397,0.131961,1,
write,write,,,video_small,mongo_gridfs,0,01-01-02-01-01-02-09_r00.mp4,5498397,0.047929,1,
write,write,,,video_small,polyglot,0,01-01-02-01-01-02-09_r00.mp4,5498397,0.045272,1,
write,write,,,video_small,polyglot,0,01-01-02-01-01-02-18_r00.mp4,5498397,0.048959,1,
write,write,,,video_small,mongo_gridfs,0,01-01-02-01-01-02-18_r00.mp4,5498397,0.046036,1,
write,write,,,video_small,pg_bytea,0,01-01-02-01-01-02-18_r00.mp4,5498397,0.148223,1,
write,write,,,video_small,polyglot,0,01-01-02-01-01-02-23_r00.mp4,5498397,0.047718,1,
write,write,,,video_small,pg_bytea,0,01-01-02-01-01-02-23_r00.mp4,5498397,0.133866,1,
write,write,,,video_small,mongo_gridfs,0,01-01-02-01-01-02-23_r00.mp4,5498397,0.045710,1,
write,write,,,video_small,mongo_gridfs,0,01-01-02-01-02-01-09_r00.mp4,5498397,0.049465,1,
write,write,,,video_small,pg_bytea,0,01-01-02-01-02-01-09_r00.mp4,5498397,0.131969,1,
write,write,,,video_small,polyglot,0,01-01-02-01-02-01-09_r00.mp4,5498397,0.050895,1,
write,write,,,video_small,mongo_gridfs,0,01-01-02-01-02-02-01_r00.mp4,5498397,0.062585,1,
write,write,,,video_small,polyglot,0,01-01-02-01-02-02-01_r00.mp4,5498397,0.095870,1,
write,write,,,video_small,pg_bytea,0,01-01-02-01-02-02-01_r00.mp4,5498397,0.149041,1,
write,write,,,video_small,mongo_gridfs,0,01-01-02-01-02-02-03_r00.mp4,5498397,0.046436,1,
write,write,,,video_small,polyglot,0,01-01-02-01-02-02-03_r00.mp4,5498397,0.042056,1,
write,write,,,video_small,pg_bytea,0,01-01-02-01-02-02-03_r00.mp4,5498397,0.133216,1,
write,write,,,video_small,mongo_gridfs,0,01-01-02-02-01-02-02_r00.mp4,5498397,0.046159,1,
write,write,,,video_small,polyglot,0,01-01-02-02-01-02-02_r00.mp4,5498397,0.049068,1,
write,write,,,video_small,pg_bytea,0,01-01-02-02-01-02-02_r00.mp4,5498397,0.162462,1,
write,write,,,video_small,mongo_gridfs,0,01-01-02-02-01-02-03_r00.mp4,5498397,0.044492,1,
write,write,,,video_small,pg_bytea,0,01-01-02-02-01-02-03_r00.mp4,5498397,0.164400,1,
write,write,,,video_small,polyglot,0,01-01-02-02-01-02-03_r00.mp4,5498397,0.054623,1,
write,write,,,video_small,mongo_gridfs,0,01-01-02-02-01-02-05_r00.mp4,5498397,0.045618,1,
write,write,,,video_small,pg_bytea,0,01-01-02-02-01-02-05_r00.mp4,5498397,0.140932,1,
write,write,,,video_small,polyglot,0,01-01-02-02-01-02-05_r00.mp4,5498397,0.054711,1,
write,write,,,video_small,polyglot,0,01-01-02-02-01-02-10_r00.mp4,5457041,0.045612,1,
write,write,,,video_small,mongo_gridfs,0,01-01-02-02-01-02-10_r00.mp4,5457041,0.045168,1,
write,write,,,video_small,pg_bytea,0,01-01-02-02-01-02-10_r00.mp4,5457041,0.132396,1,
write,write,,,video_small,mongo_gridfs,0,01-01-02-02-01-02-13_r00.mp4,5457041,0.041919,1,
write,write,,,video_small,polyglot,0,01-01-02-02-01-02-13_r00.mp4,5457041,0.060298,1,
write,write,,,video_small,pg_bytea,0,01-01-02-02-01-02-13_r00.mp4,5457041,0.161472,1,
write,write,,,video_small,polyglot,0,01-01-02-02-01-02-17_r00.mp4,5457041,0.061878,1,
write,write,,,video_small,mongo_gridfs,0,01-01-02-02-01-02-17_r00.mp4,5457041,0.053367,1,
write,write,,,video_small,pg_bytea,0,01-01-02-02-01-02-17_r00.mp4,5457041,0.176138,1,
write,write,,,video_small,pg_bytea,0,01-01-02-02-02-02-18_r00.mp4,5457041,0.145694,1,
write,write,,,video_small,mongo_gridfs,0,01-01-02-02-02-02-18_r00.mp4,5457041,0.060670,1,
write,write,,,video_small,polyglot,0,01-01-02-02-02-02-18_r00.mp4,5457041,0.047414,1,
write,write,,,video_small,pg_bytea,0,01-01-02-02-02-02-19_r00.mp4,5457041,0.158130,1,
write,write,,,video_small,polyglot,0,01-01-02-02-02-02-19_r00.mp4,5457041,0.049210,1,
write,write,,,video_small,mongo_gridfs,0,01-01-02-02-02-02-19_r00.mp4,5457041,0.054299,1,
write,write,,,video_small,polyglot,0,01-01-02-02-02-02-21_r00.mp4,5498397,0.044158,1,
write,write,,,video_small,mongo_gridfs,0,01-01-02-02-02-02-21_r00.mp4,5498397,0.048845,1,
write,write,,,video_small,pg_bytea,0,01-01-02-02-02-02-21_r00.mp4,5498397,0.161214,1,
write,write,,,video_small,polyglot,0,01-01-02-02-02-02-22_r00.mp4,5457041,0.046424,1,
write,write,,,video_small,pg_bytea,0,01-01-02-02-02-02-22_r00.mp4,5457041,0.350900,1,
write,write,,,video_small,mongo_gridfs,0,01-01-02-02-02-02-22_r00.mp4,5457041,0.055591,1,
write,write,,,video_small,mongo_gridfs,0,01-01-02-02-02-02-23_r00.mp4,5457041,0.086141,1,
write,write,,,video_small,pg_bytea,0,01-01-02-02-02-02-23_r00.mp4,5457041,0.291287,1,
write,write,,,video_small,polyglot,0,01-01-02-02-02-02-23_r00.mp4,5457041,0.088072,1,
write,write,,,video_small,pg_bytea,0,01-01-03-01-01-01-12_r00.mp4,5457041,0.179233,1,
write,write,,,video_small,mongo_gridfs,0,01-01-03-01-01-01-12_r00.mp4,5457041,0.084409,1,
write,write,,,video_small,polyglot,0,01-01-03-01-01-01-12_r00.mp4,5457041,0.098791,1,
write,write,,,video_small,mongo_gridfs,0,01-01-03-01-01-01-15_r00.mp4,5457041,0.175481,1,
write,write,,,video_small,pg_bytea,0,01-01-03-01-01-01-15_r00.mp4,5457041,0.233615,1,
write,write,,,video_small,polyglot,0,01-01-03-01-01-01-15_r00.mp4,5457041,0.084719,1,
write,write,,,video_small,polyglot,0,01-01-03-01-02-01-08_r00.mp4,5498397,0.069118,1,
write,write,,,video_small,mongo_gridfs,0,01-01-03-01-02-01-08_r00.mp4,5498397,0.091000,1,
write,write,,,video_small,pg_bytea,0,01-01-03-01-02-01-08_r00.mp4,5498397,0.302974,1,
write,write,,,video_small,mongo_gridfs,0,01-01-03-01-02-01-21_r00.mp4,5498397,0.112017,1,
write,write,,,video_small,polyglot,0,01-01-03-01-02-01-21_r00.mp4,5498397,0.130869,1,
write,write,,,video_small,pg_bytea,0,01-01-03-01-02-01-21_r00.mp4,5498397,0.273822,1,
write,write,,,video_small,pg_bytea,0,01-01-03-02-01-01-21_r00.mp4,5457041,0.259826,1,
write,write,,,video_small,mongo_gridfs,0,01-01-03-02-01-01-21_r00.mp4,5457041,0.078530,1,
write,write,,,video_small,polyglot,0,01-01-03-02-01-01-21_r00.mp4,5457041,0.064408,1,
write,write,,,video_small,pg_bytea,0,01-01-03-02-01-01-24_r00.mp4,5457041,0.285588,1,
write,write,,,video_small,mongo_gridfs,0,01-01-03-02-01-01-24_r00.mp4,5457041,0.080164,1,
write,write,,,video_small,polyglot,0,01-01-03-02-01-01-24_r00.mp4,5457041,0.066161,1,
write,write,,,video_small,pg_bytea,0,01-01-03-02-01-02-01_r00.mp4,5457041,0.248080,1,
write,write,,,video_small,polyglot,0,01-01-03-02-01-02-01_r00.mp4,5457041,0.044170,1,
write,write,,,video_small,mongo_gridfs,0,01-01-03-02-01-02-01_r00.mp4,5457041,0.077999,1,
write,write,,,video_small,polyglot,0,01-01-03-02-01-02-15_r00.mp4,5457041,0.100897,1,
write,write,,,video_small,mongo_gridfs,0,01-01-03-02-01-02-15_r00.mp4,5457041,0.114387,1,
write,write,,,video_small,pg_bytea,0,01-01-03-02-01-02-15_r00.mp4,5457041,0.316624,1,
write,write,,,video_small,mongo_gridfs,0,01-01-03-02-02-01-05_r00.mp4,5457041,0.142428,1,
write,write,,,video_small,pg_bytea,0,01-01-03-02-02-01-05_r00.mp4,5457041,0.410572,1,
write,write,,,video_small,polyglot,0,01-01-03-02-02-01-05_r00.mp4,5457041,0.133713,1,
write,write,,,video_small,mongo_gridfs,0,01-01-03-02-02-01-12_r00.mp4,5457041,0.084811,1,
write,write,,,video_small,pg_bytea,0,01-01-03-02-02-01-12_r00.mp4,5457041,0.332266,1,
write,write,,,video_small,polyglot,0,01-01-03-02-02-01-12_r00.mp4,5457041,0.043634,1,
write,write,,,video_small,polyglot,0,01-01-03-02-02-01-15_r00.mp4,5498397,0.074008,1,
write,write,,,video_small,pg_bytea,0,01-01-03-02-02-01-15_r00.mp4,5498397,0.271341,1,
write,write,,,video_small,mongo_gridfs,0,01-01-03-02-02-01-15_r00.mp4,5498397,0.055656,1,
write,write,,,video_small,mongo_gridfs,0,01-01-04-01-01-01-03_r00.mp4,5457041,0.091175,1,
write,write,,,video_small,polyglot,0,01-01-04-01-01-01-03_r00.mp4,5457041,0.121433,1,
write,write,,,video_small,pg_bytea,0,01-01-04-01-01-01-03_r00.mp4,5457041,0.283976,1,
write,write,,,video_small,mongo_gridfs,0,01-01-04-01-01-01-05_r00.mp4,5498397,0.058469,1,
write,write,,,video_small,pg_bytea,0,01-01-04-01-01-01-05_r00.mp4,5498397,0.204134,1,
write,write,,,video_small,polyglot,0,01-01-04-01-01-01-05_r00.mp4,5498397,0.050226,1,
write,write,,,video_small,pg_bytea,0,01-01-04-01-01-01-10_r00.mp4,5457041,0.353276,1,
write,write,,,video_small,mongo_gridfs,0,01-01-04-01-01-01-10_r00.mp4,5457041,0.058563,1,
write,write,,,video_small,polyglot,0,01-01-04-01-01-01-10_r00.mp4,5457041,0.043175,1,
write,write,,,video_small,mongo_gridfs,0,01-01-04-01-01-01-16_r00.mp4,5457041,0.043665,1,
write,write,,,video_small,pg_bytea,0,01-01-04-01-01-01-16_r00.mp4,5457041,0.272056,1,
write,write,,,video_small,polyglot,0,01-01-04-01-01-01-16_r00.mp4,5457041,0.056620,1,
write,write,,,video_small,pg_bytea,0,01-01-04-01-02-01-19_r00.mp4,5498397,0.229070,1,
write,write,,,video_small,polyglot,0,01-01-04-01-02-01-19_r00.mp4,5498397,0.091444,1,
write,write,,,video_small,mongo_gridfs,0,01-01-04-01-02-01-19_r00.mp4,5498397,0.101338,1,
write,write,,,video_small,pg_bytea,0,01-01-04-01-02-01-21_r00.mp4,5498397,0.524500,1,
write,write,,,video_small,mongo_gridfs,0,01-01-04-01-02-01-21_r00.mp4,5498397,0.061732,1,
write,write,,,video_small,polyglot,0,01-01-04-01-02-01-21_r00.mp4,5498397,0.045023,1,
write,write,,,video_small,pg_bytea,0,01-01-04-01-02-01-22_r00.mp4,5498397,0.251768,1,
write,write,,,video_small,mongo_gridfs,0,01-01-04-01-02-01-22_r00.mp4,5498397,0.044108,1,
write,write,,,video_small,polyglot,0,01-01-04-01-02-01-22_r00.mp4,5498397,0.055590,1,
write,write,,,video_small,pg_bytea,0,01-01-04-02-01-01-18_r00.mp4,5498397,0.221360,1,
write,write,,,video_small,mongo_gridfs,0,01-01-04-02-01-01-18_r00.mp4,5498397,0.058822,1,
write,write,,,video_small,polyglot,0,01-01-04-02-01-01-18_r00.mp4,5498397,0.118346,1,
write,write,,,video_small,mongo_gridfs,0,01-01-04-02-01-01-19_r00.mp4,5498397,0.081232,1,
write,write,,,video_small,pg_bytea,0,01-01-04-02-01-01-19_r00.mp4,5498397,0.324511,1,
write,write,,,video_small,polyglot,0,01-01-04-02-01-01-19_r00.mp4,5498397,0.063697,1,
write,write,,,video_small,polyglot,0,01-01-04-02-02-01-02_r00.mp4,5498397,0.052327,1,
write,write,,,video_small,pg_bytea,0,01-01-04-02-02-01-02_r00.mp4,5498397,0.235454,1,
write,write,,,video_small,mongo_gridfs,0,01-01-04-02-02-01-02_r00.mp4,5498397,0.066469,1,
write,write,,,video_small,polyglot,0,01-01-04-02-02-01-05_r00.mp4,5498397,0.068567,1,
write,write,,,video_small,mongo_gridfs,0,01-01-04-02-02-01-05_r00.mp4,5498397,0.121166,1,
write,write,,,video_small,pg_bytea,0,01-01-04-02-02-01-05_r00.mp4,5498397,0.430805,1,
write,write,,,video_small,pg_bytea,0,01-01-04-02-02-01-06_r00.mp4,5498397,0.243571,1,
write,write,,,video_small,polyglot,0,01-01-04-02-02-01-06_r00.mp4,5498397,0.071113,1,
write,write,,,video_small,mongo_gridfs,0,01-01-04-02-02-01-06_r00.mp4,5498397,0.046632,1,
write,write,,,video_small,pg_bytea,0,01-01-04-02-02-01-13_r00.mp4,5498397,0.231378,1,
write,write,,,video_small,polyglot,0,01-01-04-02-02-01-13_r00.mp4,5498397,0.077491,1,
write,write,,,video_small,mongo_gridfs,0,01-01-04-02-02-01-13_r00.mp4,5498397,0.043176,1,
write,write,,,video_small,mongo_gridfs,0,01-01-04-02-02-01-17_r00.mp4,5498397,0.079603,1,
write,write,,,video_small,pg_bytea,0,01-01-04-02-02-01-17_r00.mp4,5498397,0.232750,1,
write,write,,,video_small,polyglot,0,01-01-04-02-02-01-17_r00.mp4,5498397,0.080980,1,
write,write,,,video_small,pg_bytea,0,01-01-04-02-02-02-19_r00.mp4,5498397,0.267337,1,
write,write,,,video_small,mongo_gridfs,0,01-01-04-02-02-02-19_r00.mp4,5498397,0.066279,1,
write,write,,,video_small,polyglot,0,01-01-04-02-02-02-19_r00.mp4,5498397,0.082310,1,
write,write,,,video_small,mongo_gridfs,0,01-01-05-01-01-02-09_r00.mp4,5498397,0.094732,1,
write,write,,,video_small,pg_bytea,0,01-01-05-01-01-02-09_r00.mp4,5498397,0.233122,1,
write,write,,,video_small,polyglot,0,01-01-05-01-01-02-09_r00.mp4,5498397,0.052735,1,
write,write,,,video_small,polyglot,0,01-01-05-01-01-02-19_r00.mp4,5498397,0.064585,1,
write,write,,,video_small,pg_bytea,0,01-01-05-01-01-02-19_r00.mp4,5498397,0.195564,1,
write,write,,,video_small,mongo_gridfs,0,01-01-05-01-01-02-19_r00.mp4,5498397,0.046356,1,
write,write,,,video_small,polyglot,0,01-01-05-01-01-02-21_r00.mp4,5457041,0.044684,1,
write,write,,,video_small,mongo_gridfs,0,01-01-05-01-01-02-21_r00.mp4,5457041,0.051385,1,
write,write,,,video_small,pg_bytea,0,01-01-05-01-01-02-21_r00.mp4,5457041,0.158919,1,
write,write,,,video_small,polyglot,0,01-01-05-01-02-01-19_r00.mp4,5457041,0.047429,1,
write,write,,,video_small,pg_bytea,0,01-01-05-01-02-01-19_r00.mp4,5457041,0.154739,1,
write,write,,,video_small,mongo_gridfs,0,01-01-05-01-02-01-19_r00.mp4,5457041,0.062599,1,
write,write,,,video_small,mongo_gridfs,0,01-01-05-01-02-02-04_r00.mp4,5457041,0.064966,1,
write,write,,,video_small,polyglot,0,01-01-05-01-02-02-04_r00.mp4,5457041,0.061969,1,
write,write,,,video_small,pg_bytea,0,01-01-05-01-02-02-04_r00.mp4,5457041,0.166927,1,
write,write,,,video_small,polyglot,0,01-01-05-01-02-02-05_r00.mp4,5498397,0.050437,1,
write,write,,,video_small,mongo_gridfs,0,01-01-05-01-02-02-05_r00.mp4,5498397,0.044581,1,
write,write,,,video_small,pg_bytea,0,01-01-05-01-02-02-05_r00.mp4,5498397,0.145926,1,
write,write,,,video_small,mongo_gridfs,0,01-01-05-02-01-02-04_r00.mp4,5457041,0.048611,1,
write,write,,,video_small,polyglot,0,01-01-05-02-01-02-04_r00.mp4,5457041,0.058614,1,
write,write,,,video_small,pg_bytea,0,01-01-05-02-01-02-04_r00.mp4,5457041,0.204426,1,
write,write,,,video_small,pg_bytea,0,01-01-05-02-01-02-12_r00.mp4,5457041,0.159200,1,
write,write,,,video_small,mongo_gridfs,0,01-01-05-02-01-02-12_r00.mp4,5457041,0.062499,1,
write,write,,,video_small,polyglot,0,01-01-05-02-01-02-12_r00.mp4,5457041,0.072310,1,
write,write,,,video_small,pg_bytea,0,01-01-05-02-01-02-14_r00.mp4,5457041,0.146535,1,
write,write,,,video_small,polyglot,0,01-01-05-02-01-02-14_r00.mp4,5457041,0.052744,1,
write,write,,,video_small,mongo_gridfs,0,01-01-05-02-01-02-14_r00.mp4,5457041,0.049410,1,
write,write,,,video_small,pg_bytea,0,01-01-05-02-02-02-19_r00.mp4,5498397,0.160208,1,
write,write,,,video_small,polyglot,0,01-01-05-02-02-02-19_r00.mp4,5498397,0.106714,1,
write,write,,,video_small,mongo_gridfs,0,01-01-05-02-02-02-19_r00.mp4,5498397,0.044018,1,
write,write,,,video_small,polyglot,0,01-01-05-02-02-02-20_r00.mp4,5498397,0.049870,1,
write,write,,,video_small,pg_bytea,0,01-01-05-02-02-02-20_r00.mp4,5498397,0.162402,1,
write,write,,,video_small,mongo_gridfs,0,01-01-05-02-02-02-20_r00.mp4,5498397,0.043145,1,
write,write,,,video_small,polyglot,0,01-01-05-02-02-02-23_r00.mp4,5498397,0.050925,1,
write,write,,,video_small,pg_bytea,0,01-01-05-02-02-02-23_r00.mp4,5498397,0.149737,1,
write,write,,,video_small,mongo_gridfs,0,01-01-05-02-02-02-23_r00.mp4,5498397,0.045861,1,
write,write,,,video_small,pg_bytea,0,01-01-06-01-01-01-08_r00.mp4,5457041,0.150484,1,
write,write,,,video_small,polyglot,0,01-01-06-01-01-01-08_r00.mp4,5457041,0.049954,1,
write,write,,,video_small,mongo_gridfs,0,01-01-06-01-01-01-08_r00.mp4,5457041,0.045620,1,
write,write,,,video_small,polyglot,0,01-01-06-01-01-01-19_r00.mp4,5457041,0.051266,1,
write,write,,,video_small,mongo_gridfs,0,01-01-06-01-01-01-19_r00.mp4,5457041,0.047226,1,
write,write,,,video_small,pg_bytea,0,01-01-06-01-01-01-19_r00.mp4,5457041,0.169275,1,
write,write,,,video_small,polyglot,0,01-01-06-01-01-01-24_r00.mp4,5498397,0.047032,1,
write,write,,,video_small,mongo_gridfs,0,01-01-06-01-01-01-24_r00.mp4,5498397,0.054209,1,
write,write,,,video_small,pg_bytea,0,01-01-06-01-01-01-24_r00.mp4,5498397,0.163609,1,
write,write,,,video_medium,pg_bytea,0,tsinghua_v_0024_r00.mp4,13091522,0.425800,1,
write,write,,,video_medium,mongo_gridfs,0,tsinghua_v_0024_r00.mp4,13091522,0.100369,1,
write,write,,,video_medium,polyglot,0,tsinghua_v_0024_r00.mp4,13091522,0.111188,1,
write,write,,,video_medium,mongo_gridfs,0,tsinghua_v_0046_r00.mp4,13091522,0.113866,1,
write,write,,,video_medium,pg_bytea,0,tsinghua_v_0046_r00.mp4,13091522,0.551982,1,
write,write,,,video_medium,polyglot,0,tsinghua_v_0046_r00.mp4,13091522,0.133469,1,
write,write,,,video_medium,pg_bytea,0,tsinghua_v_0076_r00.mp4,13091522,0.376568,1,
write,write,,,video_medium,polyglot,0,tsinghua_v_0076_r00.mp4,13091522,0.109641,1,
write,write,,,video_medium,mongo_gridfs,0,tsinghua_v_0076_r00.mp4,13091522,0.174480,1,
write,write,,,video_medium,polyglot,0,tsinghua_v_0080_r00.mp4,13091522,0.118021,1,
write,write,,,video_medium,pg_bytea,0,tsinghua_v_0080_r00.mp4,13091522,0.472348,1,
write,write,,,video_medium,mongo_gridfs,0,tsinghua_v_0080_r00.mp4,13091522,0.107923,1,
write,write,,,video_medium,polyglot,0,tsinghua_v_0109_r00.mp4,13091522,0.175831,1,
write,write,,,video_medium,pg_bytea,0,tsinghua_v_0109_r00.mp4,13091522,0.455811,1,
write,write,,,video_medium,mongo_gridfs,0,tsinghua_v_0109_r00.mp4,13091522,0.100063,1,
write,write,,,video_medium,mongo_gridfs,0,tsinghua_v_0123_r00.mp4,13091522,0.101904,1,
write,write,,,video_medium,polyglot,0,tsinghua_v_0123_r00.mp4,13091522,0.125565,1,
write,write,,,video_medium,pg_bytea,0,tsinghua_v_0123_r00.mp4,13091522,0.384012,1,
write,write,,,video_medium,pg_bytea,0,tsinghua_v_0130_r00.mp4,13091522,0.462042,1,
write,write,,,video_medium,polyglot,0,tsinghua_v_0130_r00.mp4,13091522,0.111364,1,
write,write,,,video_medium,mongo_gridfs,0,tsinghua_v_0130_r00.mp4,13091522,0.112198,1,
write,write,,,video_medium,pg_bytea,0,tsinghua_v_0135_r00.mp4,13091522,0.438097,1,
write,write,,,video_medium,polyglot,0,tsinghua_v_0135_r00.mp4,13091522,0.108286,1,
write,write,,,video_medium,mongo_gridfs,0,tsinghua_v_0135_r00.mp4,13091522,0.101530,1,
write,write,,,video_medium,pg_bytea,0,tsinghua_v_0137_r00.mp4,13091522,0.514115,1,
write,write,,,video_medium,polyglot,0,tsinghua_v_0137_r00.mp4,13091522,0.120875,1,
write,write,,,video_medium,mongo_gridfs,0,tsinghua_v_0137_r00.mp4,13091522,0.161892,1,
write,write,,,video_medium,polyglot,0,tsinghua_v_0140_r00.mp4,13091522,0.213418,1,
write,write,,,video_medium,mongo_gridfs,0,tsinghua_v_0140_r00.mp4,13091522,0.147268,1,
write,write,,,video_medium,pg_bytea,0,tsinghua_v_0140_r00.mp4,13091522,0.542809,1,
write,write,,,video_medium,polyglot,0,tsinghua_v_0151_r00.mp4,13091522,0.165950,1,
write,write,,,video_medium,mongo_gridfs,0,tsinghua_v_0151_r00.mp4,13091522,0.116740,1,
write,write,,,video_medium,pg_bytea,0,tsinghua_v_0151_r00.mp4,13091522,0.386429,1,
write,write,,,video_medium,polyglot,0,tsinghua_v_0157_r00.mp4,13091522,0.096948,1,
write,write,,,video_medium,mongo_gridfs,0,tsinghua_v_0157_r00.mp4,13091522,0.099489,1,
write,write,,,video_medium,pg_bytea,0,tsinghua_v_0157_r00.mp4,13091522,0.733453,1,
write,write,,,video_medium,pg_bytea,0,tsinghua_v_0209_r00.mp4,13091522,0.408962,1,
write,write,,,video_medium,mongo_gridfs,0,tsinghua_v_0209_r00.mp4,13091522,0.103524,1,
write,write,,,video_medium,polyglot,0,tsinghua_v_0209_r00.mp4,13091522,0.108355,1,
write,write,,,video_medium,mongo_gridfs,0,tsinghua_v_0226_r00.mp4,13091522,0.106539,1,
write,write,,,video_medium,pg_bytea,0,tsinghua_v_0226_r00.mp4,13091522,0.455591,1,
write,write,,,video_medium,polyglot,0,tsinghua_v_0226_r00.mp4,13091522,0.210279,1,
write,write,,,video_medium,polyglot,0,tsinghua_v_0236_r00.mp4,13091522,0.113872,1,
write,write,,,video_medium,pg_bytea,0,tsinghua_v_0236_r00.mp4,13091522,0.787673,1,
write,write,,,video_medium,mongo_gridfs,0,tsinghua_v_0236_r00.mp4,13091522,0.100872,1,
write,write,,,video_medium,mongo_gridfs,0,tsinghua_v_0274_r00.mp4,13091522,0.098340,1,
write,write,,,video_medium,pg_bytea,0,tsinghua_v_0274_r00.mp4,13091522,0.476537,1,
write,write,,,video_medium,polyglot,0,tsinghua_v_0274_r00.mp4,13091522,0.110224,1,
write,write,,,video_medium,pg_bytea,0,tsinghua_v_0280_r00.mp4,13091522,0.384388,1,
write,write,,,video_medium,polyglot,0,tsinghua_v_0280_r00.mp4,13091522,0.388228,1,
write,write,,,video_medium,mongo_gridfs,0,tsinghua_v_0280_r00.mp4,13091522,0.206257,1,
write,write,,,video_medium,mongo_gridfs,0,tsinghua_v_0302_r00.mp4,13091522,0.116499,1,
write,write,,,video_medium,pg_bytea,0,tsinghua_v_0302_r00.mp4,13091522,0.429067,1,
write,write,,,video_medium,polyglot,0,tsinghua_v_0302_r00.mp4,13091522,0.113077,1,
write,write,,,video_medium,pg_bytea,0,tsinghua_v_0311_r00.mp4,13091522,0.345817,1,
write,write,,,video_medium,polyglot,0,tsinghua_v_0311_r00.mp4,13091522,0.126248,1,
write,write,,,video_medium,mongo_gridfs,0,tsinghua_v_0311_r00.mp4,13091522,0.120419,1,
write,write,,,video_medium,mongo_gridfs,0,tsinghua_v_0316_r00.mp4,13091522,0.115814,1,
write,write,,,video_medium,pg_bytea,0,tsinghua_v_0316_r00.mp4,13091522,0.358709,1,
write,write,,,video_medium,polyglot,0,tsinghua_v_0316_r00.mp4,13091522,0.120324,1,
write,write,,,video_medium,polyglot,0,tsinghua_v_0319_r00.mp4,13091522,0.110776,1,
write,write,,,video_medium,pg_bytea,0,tsinghua_v_0319_r00.mp4,13091522,0.400797,1,
write,write,,,video_medium,mongo_gridfs,0,tsinghua_v_0319_r00.mp4,13091522,0.124764,1,
write,write,,,video_medium,pg_bytea,0,tsinghua_v_0321_r00.mp4,13091522,0.373659,1,
write,write,,,video_medium,polyglot,0,tsinghua_v_0321_r00.mp4,13091522,0.119118,1,
write,write,,,video_medium,mongo_gridfs,0,tsinghua_v_0321_r00.mp4,13091522,0.113565,1,
write,write,,,video_medium,mongo_gridfs,0,tsinghua_v_0331_r00.mp4,13091522,0.118787,1,
write,write,,,video_medium,pg_bytea,0,tsinghua_v_0331_r00.mp4,13091522,0.407961,1,
write,write,,,video_medium,polyglot,0,tsinghua_v_0331_r00.mp4,13091522,0.156489,1,
write,write,,,video_medium,pg_bytea,0,tsinghua_v_0345_r00.mp4,13091522,0.390687,1,
write,write,,,video_medium,mongo_gridfs,0,tsinghua_v_0345_r00.mp4,13091522,0.103309,1,
write,write,,,video_medium,polyglot,0,tsinghua_v_0345_r00.mp4,13091522,0.113983,1,
write,write,,,video_medium,polyglot,0,tsinghua_v_0356_r00.mp4,13091522,0.110998,1,
write,write,,,video_medium,mongo_gridfs,0,tsinghua_v_0356_r00.mp4,13091522,0.103476,1,
write,write,,,video_medium,pg_bytea,0,tsinghua_v_0356_r00.mp4,13091522,0.461784,1,
write,write,,,video_medium,polyglot,0,tsinghua_v_0357_r00.mp4,13091522,0.124273,1,
write,write,,,video_medium,pg_bytea,0,tsinghua_v_0357_r00.mp4,13091522,0.414870,1,
write,write,,,video_medium,mongo_gridfs,0,tsinghua_v_0357_r00.mp4,13091522,0.133967,1,
write,write,,,video_medium,polyglot,0,tsinghua_v_0379_r00.mp4,13091522,0.120026,1,
write,write,,,video_medium,pg_bytea,0,tsinghua_v_0379_r00.mp4,13091522,0.549829,1,
write,write,,,video_medium,mongo_gridfs,0,tsinghua_v_0379_r00.mp4,13091522,0.110846,1,
write,write,,,video_medium,mongo_gridfs,0,tsinghua_v_0393_r00.mp4,13091522,0.119358,1,
write,write,,,video_medium,polyglot,0,tsinghua_v_0393_r00.mp4,13091522,0.317708,1,
write,write,,,video_medium,pg_bytea,0,tsinghua_v_0393_r00.mp4,13091522,0.586790,1,
write,write,,,video_medium,pg_bytea,0,tsinghua_v_0421_r00.mp4,13091522,0.324243,1,
write,write,,,video_medium,mongo_gridfs,0,tsinghua_v_0421_r00.mp4,13091522,0.107835,1,
write,write,,,video_medium,polyglot,0,tsinghua_v_0421_r00.mp4,13091522,0.128773,1,
write,write,,,video_medium,mongo_gridfs,0,tsinghua_v_0424_r00.mp4,13091522,0.097633,1,
write,write,,,video_medium,pg_bytea,0,tsinghua_v_0424_r00.mp4,13091522,0.372818,1,
write,write,,,video_medium,polyglot,0,tsinghua_v_0424_r00.mp4,13091522,0.118425,1,
write,write,,,video_medium,polyglot,0,tsinghua_v_0427_r00.mp4,13091522,0.233295,1,
write,write,,,video_medium,pg_bytea,0,tsinghua_v_0427_r00.mp4,13091522,0.475060,1,
write,write,,,video_medium,mongo_gridfs,0,tsinghua_v_0427_r00.mp4,13091522,0.127192,1,
write,write,,,video_medium,polyglot,0,tsinghua_v_0431_r00.mp4,13091522,0.117216,1,
write,write,,,video_medium,mongo_gridfs,0,tsinghua_v_0431_r00.mp4,13091522,0.095926,1,
write,write,,,video_medium,pg_bytea,0,tsinghua_v_0431_r00.mp4,13091522,0.411879,1,
write,write,,,video_medium,mongo_gridfs,0,tsinghua_v_0452_r00.mp4,13091522,0.103560,1,
write,write,,,video_medium,polyglot,0,tsinghua_v_0452_r00.mp4,13091522,0.113053,1,
write,write,,,video_medium,pg_bytea,0,tsinghua_v_0452_r00.mp4,13091522,0.382700,1,
write,write,,,video_medium,mongo_gridfs,0,tsinghua_v_0454_r00.mp4,13091522,0.137162,1,
write,write,,,video_medium,pg_bytea,0,tsinghua_v_0454_r00.mp4,13091522,0.331763,1,
write,write,,,video_medium,polyglot,0,tsinghua_v_0454_r00.mp4,13091522,0.104617,1,
write,write,,,video_medium,mongo_gridfs,0,tsinghua_v_0457_r00.mp4,13091522,0.106330,1,
write,write,,,video_medium,pg_bytea,0,tsinghua_v_0457_r00.mp4,13091522,0.335791,1,
write,write,,,video_medium,polyglot,0,tsinghua_v_0457_r00.mp4,13091522,0.118100,1,
write,write,,,video_medium,mongo_gridfs,0,tsinghua_v_0466_r00.mp4,13091522,0.103135,1,
write,write,,,video_medium,polyglot,0,tsinghua_v_0466_r00.mp4,13091522,0.105611,1,
write,write,,,video_medium,pg_bytea,0,tsinghua_v_0466_r00.mp4,13091522,0.437961,1,
write,write,,,video_medium,pg_bytea,0,tsinghua_v_0471_r00.mp4,13091522,0.444304,1,
write,write,,,video_medium,polyglot,0,tsinghua_v_0471_r00.mp4,13091522,0.115962,1,
write,write,,,video_medium,mongo_gridfs,0,tsinghua_v_0471_r00.mp4,13091522,0.098199,1,
write,write,,,video_medium,mongo_gridfs,0,tsinghua_v_0472_r00.mp4,13091522,0.100775,1,
write,write,,,video_medium,pg_bytea,0,tsinghua_v_0472_r00.mp4,13091522,0.360038,1,
write,write,,,video_medium,polyglot,0,tsinghua_v_0472_r00.mp4,13091522,0.105643,1,
write,write,,,video_medium,pg_bytea,0,tsinghua_v_0494_r00.mp4,13091522,0.422115,1,
write,write,,,video_medium,mongo_gridfs,0,tsinghua_v_0494_r00.mp4,13091522,0.101719,1,
write,write,,,video_medium,polyglot,0,tsinghua_v_0494_r00.mp4,13091522,0.105031,1,
write,write,,,video_medium,polyglot,0,tsinghua_v_0503_r00.mp4,13091522,0.104771,1,
write,write,,,video_medium,pg_bytea,0,tsinghua_v_0503_r00.mp4,13091522,0.375205,1,
write,write,,,video_medium,mongo_gridfs,0,tsinghua_v_0503_r00.mp4,13091522,0.118026,1,
write,write,,,video_medium,mongo_gridfs,0,tsinghua_v_0509_r00.mp4,13091522,0.109112,1,
write,write,,,video_medium,polyglot,0,tsinghua_v_0509_r00.mp4,13091522,0.101292,1,
write,write,,,video_medium,pg_bytea,0,tsinghua_v_0509_r00.mp4,13091522,0.359001,1,
write,write,,,video_medium,pg_bytea,0,tsinghua_v_0523_r00.mp4,13091522,0.362169,1,
write,write,,,video_medium,mongo_gridfs,0,tsinghua_v_0523_r00.mp4,13091522,0.110039,1,
write,write,,,video_medium,polyglot,0,tsinghua_v_0523_r00.mp4,13091522,0.103510,1,
write,write,,,video_medium,polyglot,0,tsinghua_v_0546_r00.mp4,13091522,0.101403,1,
write,write,,,video_medium,mongo_gridfs,0,tsinghua_v_0546_r00.mp4,13091522,0.114799,1,
write,write,,,video_medium,pg_bytea,0,tsinghua_v_0546_r00.mp4,13091522,0.353942,1,
write,write,,,video_medium,mongo_gridfs,0,tsinghua_v_0568_r00.mp4,13091522,0.104398,1,
write,write,,,video_medium,polyglot,0,tsinghua_v_0568_r00.mp4,13091522,0.191750,1,
write,write,,,video_medium,pg_bytea,0,tsinghua_v_0568_r00.mp4,13091522,0.378812,1,
write,write,,,video_medium,pg_bytea,0,tsinghua_v_0594_r00.mp4,13091522,0.359388,1,
write,write,,,video_medium,mongo_gridfs,0,tsinghua_v_0594_r00.mp4,13091522,0.123737,1,
write,write,,,video_medium,polyglot,0,tsinghua_v_0594_r00.mp4,13091522,0.111596,1,
write,write,,,video_medium,polyglot,0,tsinghua_v_0596_r00.mp4,13091522,0.128612,1,
write,write,,,video_medium,mongo_gridfs,0,tsinghua_v_0596_r00.mp4,13091522,0.163511,1,
write,write,,,video_medium,pg_bytea,0,tsinghua_v_0596_r00.mp4,13091522,0.353146,1,
write,write,,,video_medium,mongo_gridfs,0,tsinghua_v_0635_r00.mp4,13091522,0.120410,1,
write,write,,,video_medium,pg_bytea,0,tsinghua_v_0635_r00.mp4,13091522,0.448889,1,
write,write,,,video_medium,polyglot,0,tsinghua_v_0635_r00.mp4,13091522,0.107096,1,
write,write,,,video_medium,mongo_gridfs,0,tsinghua_v_0653_r00.mp4,13091522,0.103712,1,
write,write,,,video_medium,polyglot,0,tsinghua_v_0653_r00.mp4,13091522,0.107966,1,
write,write,,,video_medium,pg_bytea,0,tsinghua_v_0653_r00.mp4,13091522,0.400134,1,
write,write,,,video_medium,polyglot,0,tsinghua_v_0667_r00.mp4,13091522,0.118132,1,
write,write,,,video_medium,pg_bytea,0,tsinghua_v_0667_r00.mp4,13091522,0.342008,1,
write,write,,,video_medium,mongo_gridfs,0,tsinghua_v_0667_r00.mp4,13091522,0.116543,1,
write,write,,,video_medium,polyglot,0,tsinghua_v_0673_r00.mp4,13091522,0.130074,1,
write,write,,,video_medium,mongo_gridfs,0,tsinghua_v_0673_r00.mp4,13091522,0.121199,1,
write,write,,,video_medium,pg_bytea,0,tsinghua_v_0673_r00.mp4,13091522,0.425676,1,
write,write,,,video_medium,mongo_gridfs,0,tsinghua_v_0681_r00.mp4,13091522,0.099631,1,
write,write,,,video_medium,pg_bytea,0,tsinghua_v_0681_r00.mp4,13091522,0.309259,1,
write,write,,,video_medium,polyglot,0,tsinghua_v_0681_r00.mp4,13091522,0.106255,1,
write,write,,,video_medium,pg_bytea,0,tsinghua_v_0690_r00.mp4,13091522,0.430868,1,
write,write,,,video_medium,mongo_gridfs,0,tsinghua_v_0690_r00.mp4,13091522,0.104649,1,
write,write,,,video_medium,polyglot,0,tsinghua_v_0690_r00.mp4,13091522,0.105334,1,
write,write,,,video_medium,pg_bytea,0,tsinghua_v_0692_r00.mp4,13091522,0.312775,1,
write,write,,,video_medium,mongo_gridfs,0,tsinghua_v_0692_r00.mp4,13091522,0.102022,1,
write,write,,,video_medium,polyglot,0,tsinghua_v_0692_r00.mp4,13091522,0.100748,1,
write,write,,,video_medium,polyglot,0,tsinghua_v_0696_r00.mp4,13091522,0.152614,1,
write,write,,,video_medium,mongo_gridfs,0,tsinghua_v_0696_r00.mp4,13091522,0.129721,1,
write,write,,,video_medium,pg_bytea,0,tsinghua_v_0696_r00.mp4,13091522,0.318632,1,
write,write,,,video_medium,mongo_gridfs,0,tsinghua_v_0734_r00.mp4,13091522,0.100005,1,
write,write,,,video_medium,polyglot,0,tsinghua_v_0734_r00.mp4,13091522,0.107109,1,
write,write,,,video_medium,pg_bytea,0,tsinghua_v_0734_r00.mp4,13091522,0.370813,1,
write,write,,,video_medium,polyglot,0,tsinghua_v_0737_r00.mp4,13091522,0.115205,1,
write,write,,,video_medium,mongo_gridfs,0,tsinghua_v_0737_r00.mp4,13091522,0.098580,1,
write,write,,,video_medium,pg_bytea,0,tsinghua_v_0737_r00.mp4,13091522,0.316444,1,
write,write,,,video_medium,mongo_gridfs,0,tsinghua_v_0744_r00.mp4,13091522,0.133657,1,
write,write,,,video_medium,polyglot,0,tsinghua_v_0744_r00.mp4,13091522,0.116391,1,
write,write,,,video_medium,pg_bytea,0,tsinghua_v_0744_r00.mp4,13091522,0.415160,1,
write,write,,,video_medium,polyglot,0,tsinghua_v_0745_r00.mp4,13091522,0.111917,1,
write,write,,,video_medium,pg_bytea,0,tsinghua_v_0745_r00.mp4,13091522,0.344530,1,
write,write,,,video_medium,mongo_gridfs,0,tsinghua_v_0745_r00.mp4,13091522,0.099129,1,
write,write,,,video_medium,polyglot,0,tsinghua_v_0769_r00.mp4,13091522,0.105162,1,
write,write,,,video_medium,pg_bytea,0,tsinghua_v_0769_r00.mp4,13091522,0.347392,1,
write,write,,,video_medium,mongo_gridfs,0,tsinghua_v_0769_r00.mp4,13091522,0.106243,1,
write,write,,,video_medium,polyglot,0,tsinghua_v_0791_r00.mp4,13091522,0.119974,1,
write,write,,,video_medium,pg_bytea,0,tsinghua_v_0791_r00.mp4,13091522,0.315149,1,
write,write,,,video_medium,mongo_gridfs,0,tsinghua_v_0791_r00.mp4,13091522,0.113068,1,
write,write,,,video_medium,mongo_gridfs,0,tsinghua_v_0792_r00.mp4,13091522,0.111838,1,
write,write,,,video_medium,pg_bytea,0,tsinghua_v_0792_r00.mp4,13091522,0.418999,1,
write,write,,,video_medium,polyglot,0,tsinghua_v_0792_r00.mp4,13091522,0.105334,1,
write,write,,,video_medium,polyglot,0,tsinghua_v_0857_r00.mp4,13091522,0.113912,1,
write,write,,,video_medium,pg_bytea,0,tsinghua_v_0857_r00.mp4,13091522,0.320126,1,
write,write,,,video_medium,mongo_gridfs,0,tsinghua_v_0857_r00.mp4,13091522,0.144885,1,
write,write,,,video_medium,mongo_gridfs,0,tsinghua_v_0866_r00.mp4,13091522,0.117176,1,
write,write,,,video_medium,pg_bytea,0,tsinghua_v_0866_r00.mp4,13091522,0.332069,1,
write,write,,,video_medium,polyglot,0,tsinghua_v_0866_r00.mp4,13091522,0.118104,1,
write,write,,,video_medium,pg_bytea,0,tsinghua_v_0880_r00.mp4,13091522,0.411485,1,
write,write,,,video_medium,mongo_gridfs,0,tsinghua_v_0880_r00.mp4,13091522,0.130757,1,
write,write,,,video_medium,polyglot,0,tsinghua_v_0880_r00.mp4,13091522,0.102588,1,
write,write,,,video_medium,mongo_gridfs,0,tsinghua_v_0888_r00.mp4,13091522,0.103852,1,
write,write,,,video_medium,polyglot,0,tsinghua_v_0888_r00.mp4,13091522,0.171758,1,
write,write,,,video_medium,pg_bytea,0,tsinghua_v_0888_r00.mp4,13091522,0.598987,1,
write,write,,,video_medium,polyglot,0,tsinghua_v_0901_r00.mp4,13091522,0.390114,1,
write,write,,,video_medium,mongo_gridfs,0,tsinghua_v_0901_r00.mp4,13091522,0.117652,1,
write,write,,,video_medium,pg_bytea,0,tsinghua_v_0901_r00.mp4,13091522,0.347174,1,
write,write,,,video_medium,mongo_gridfs,0,tsinghua_v_0937_r00.mp4,13091522,0.117334,1,
write,write,,,video_medium,pg_bytea,0,tsinghua_v_0937_r00.mp4,13091522,0.363869,1,
write,write,,,video_medium,polyglot,0,tsinghua_v_0937_r00.mp4,13091522,0.124108,1,
write,write,,,video_medium,polyglot,0,tsinghua_v_0939_r00.mp4,13091522,0.561988,1,
write,write,,,video_medium,pg_bytea,0,tsinghua_v_0939_r00.mp4,13091522,0.362660,1,
write,write,,,video_medium,mongo_gridfs,0,tsinghua_v_0939_r00.mp4,13091522,0.122967,1,
write,write,,,video_medium,polyglot,0,tsinghua_v_0961_r00.mp4,13091522,0.102192,1,
write,write,,,video_medium,mongo_gridfs,0,tsinghua_v_0961_r00.mp4,13091522,0.109928,1,
write,write,,,video_medium,pg_bytea,0,tsinghua_v_0961_r00.mp4,13091522,0.391482,1,
write,write,,,video_medium,mongo_gridfs,0,tsinghua_v_0977_r00.mp4,13091522,0.123569,1,
write,write,,,video_medium,pg_bytea,0,tsinghua_v_0977_r00.mp4,13091522,0.326889,1,
write,write,,,video_medium,polyglot,0,tsinghua_v_0977_r00.mp4,13091522,0.114645,1,
write,write,,,audio_small,mongo_gridfs,1,03-01-01-01-01-02-19_r01.wav,375720,0.012476,1,
write,write,,,audio_small,pg_bytea,1,03-01-01-01-01-02-19_r01.wav,375720,0.014311,1,
write,write,,,audio_small,polyglot,1,03-01-01-01-01-02-19_r01.wav,375720,0.006308,1,
write,write,,,audio_small,pg_bytea,1,03-01-01-01-02-02-05_r01.wav,396294,0.016161,1,
write,write,,,audio_small,mongo_gridfs,1,03-01-01-01-02-02-05_r01.wav,396294,0.020734,1,
write,write,,,audio_small,polyglot,1,03-01-01-01-02-02-05_r01.wav,396294,0.015412,1,
write,write,,,audio_small,pg_bytea,1,03-01-01-01-02-02-06_r01.wav,363108,0.010107,1,
write,write,,,audio_small,mongo_gridfs,1,03-01-01-01-02-02-06_r01.wav,363108,0.005454,1,
write,write,,,audio_small,polyglot,1,03-01-01-01-02-02-06_r01.wav,363108,0.005137,1,
write,write,,,audio_small,pg_bytea,1,03-01-01-01-02-02-07_r01.wav,363108,0.009243,1,
write,write,,,audio_small,polyglot,1,03-01-01-01-02-02-07_r01.wav,363108,0.005285,1,
write,write,,,audio_small,mongo_gridfs,1,03-01-01-01-02-02-07_r01.wav,363108,0.003783,1,
write,write,,,audio_small,pg_bytea,1,03-01-01-01-02-02-11_r01.wav,375720,0.009474,1,
write,write,,,audio_small,polyglot,1,03-01-01-01-02-02-11_r01.wav,375720,0.008398,1,
write,write,,,audio_small,mongo_gridfs,1,03-01-01-01-02-02-11_r01.wav,375720,0.007373,1,
write,write,,,audio_small,pg_bytea,1,03-01-01-01-02-02-12_r01.wav,372698,0.009957,1,
write,write,,,audio_small,mongo_gridfs,1,03-01-01-01-02-02-12_r01.wav,372698,0.005553,1,
write,write,,,audio_small,polyglot,1,03-01-01-01-02-02-12_r01.wav,372698,0.006077,1,
write,write,,,audio_small,pg_bytea,1,03-01-01-01-02-02-13_r01.wav,363108,0.010105,1,
write,write,,,audio_small,polyglot,1,03-01-01-01-02-02-13_r01.wav,363108,0.006410,1,
write,write,,,audio_small,mongo_gridfs,1,03-01-01-01-02-02-13_r01.wav,363108,0.005078,1,
write,write,,,audio_small,pg_bytea,1,03-01-01-02-01-02-05_r01.wav,393086,0.011746,1,
write,write,,,audio_small,polyglot,1,03-01-01-02-01-02-05_r01.wav,393086,0.124709,1,
write,write,,,audio_small,mongo_gridfs,1,03-01-01-02-01-02-05_r01.wav,393086,0.008276,1,
write,write,,,audio_small,pg_bytea,1,03-01-01-02-01-02-06_r01.wav,363108,0.013785,1,
write,write,,,audio_small,polyglot,1,03-01-01-02-01-02-06_r01.wav,363108,0.007197,1,
write,write,,,audio_small,mongo_gridfs,1,03-01-01-02-01-02-06_r01.wav,363108,0.008888,1,
write,write,,,audio_small,mongo_gridfs,1,03-01-01-02-01-02-07_r01.wav,372698,0.006441,1,
write,write,,,audio_small,polyglot,1,03-01-01-02-01-02-07_r01.wav,372698,0.006048,1,
write,write,,,audio_small,pg_bytea,1,03-01-01-02-01-02-07_r01.wav,372698,0.010033,1,
write,write,,,audio_small,mongo_gridfs,1,03-01-01-02-01-02-13_r01.wav,399494,0.005651,1,
write,write,,,audio_small,polyglot,1,03-01-01-02-01-02-13_r01.wav,399494,0.006867,1,
write,write,,,audio_small,pg_bytea,1,03-01-01-02-01-02-13_r01.wav,399494,0.010317,1,
write,write,,,audio_small,pg_bytea,1,03-01-01-02-02-02-19_r01.wav,372698,0.012448,1,
write,write,,,audio_small,mongo_gridfs,1,03-01-01-02-02-02-19_r01.wav,372698,0.006768,1,
write,write,,,audio_small,polyglot,1,03-01-01-02-02-02-19_r01.wav,372698,0.007579,1,
write,write,,,audio_small,polyglot,1,03-01-02-01-01-01-19_r01.wav,372698,0.006449,1,
write,write,,,audio_small,pg_bytea,1,03-01-02-01-01-01-19_r01.wav,372698,0.009833,1,
write,write,,,audio_small,mongo_gridfs,1,03-01-02-01-01-01-19_r01.wav,372698,0.005971,1,
write,write,,,audio_small,polyglot,1,03-01-02-01-02-01-06_r01.wav,363108,0.005927,1,
write,write,,,audio_small,mongo_gridfs,1,03-01-02-01-02-01-06_r01.wav,363108,0.005599,1,
write,write,,,audio_small,pg_bytea,1,03-01-02-01-02-01-06_r01.wav,363108,0.010659,1,
write,write,,,audio_small,polyglot,1,03-01-02-01-02-01-07_r01.wav,399494,0.007081,1,
write,write,,,audio_small,mongo_gridfs,1,03-01-02-01-02-01-07_r01.wav,399494,0.005945,1,
write,write,,,audio_small,pg_bytea,1,03-01-02-01-02-01-07_r01.wav,399494,0.012766,1,
write,write,,,audio_small,mongo_gridfs,1,03-01-02-01-02-01-11_r01.wav,375720,0.006562,1,
write,write,,,audio_small,polyglot,1,03-01-02-01-02-01-11_r01.wav,375720,0.006756,1,
write,write,,,audio_small,pg_bytea,1,03-01-02-01-02-01-11_r01.wav,375720,0.009526,1,
write,write,,,audio_small,polyglot,1,03-01-02-01-02-01-12_r01.wav,372698,0.009688,1,
write,write,,,audio_small,mongo_gridfs,1,03-01-02-01-02-01-12_r01.wav,372698,0.007010,1,
write,write,,,audio_small,pg_bytea,1,03-01-02-01-02-01-12_r01.wav,372698,0.010245,1,
write,write,,,audio_small,mongo_gridfs,1,03-01-02-01-02-01-13_r01.wav,379106,0.007181,1,
write,write,,,audio_small,polyglot,1,03-01-02-01-02-01-13_r01.wav,379106,0.008761,1,
write,write,,,audio_small,pg_bytea,1,03-01-02-01-02-01-13_r01.wav,379106,0.010086,1,
write,write,,,audio_small,polyglot,1,03-01-02-02-01-01-05_r01.wav,363108,0.006798,1,
write,write,,,audio_small,pg_bytea,1,03-01-02-02-01-01-05_r01.wav,363108,0.010832,1,
write,write,,,audio_small,mongo_gridfs,1,03-01-02-02-01-01-05_r01.wav,363108,0.005938,1,
write,write,,,audio_small,pg_bytea,1,03-01-02-02-01-01-11_r01.wav,363108,0.009952,1,
write,write,,,audio_small,polyglot,1,03-01-02-02-01-01-11_r01.wav,363108,0.007724,1,
write,write,,,audio_small,mongo_gridfs,1,03-01-02-02-01-01-11_r01.wav,363108,0.006835,1,
write,write,,,audio_small,pg_bytea,1,03-01-02-02-01-01-12_r01.wav,399494,0.013607,1,
write,write,,,audio_small,mongo_gridfs,1,03-01-02-02-01-01-12_r01.wav,399494,0.008019,1,
write,write,,,audio_small,polyglot,1,03-01-02-02-01-01-12_r01.wav,399494,0.007780,1,
write,write,,,audio_small,pg_bytea,1,03-01-02-02-01-01-13_r01.wav,399494,0.011987,1,
write,write,,,audio_small,mongo_gridfs,1,03-01-02-02-01-01-13_r01.wav,399494,0.006826,1,
write,write,,,audio_small,polyglot,1,03-01-02-02-01-01-13_r01.wav,399494,0.009607,1,
write,write,,,audio_small,polyglot,1,03-01-02-02-02-01-19_r01.wav,379106,0.007202,1,
write,write,,,audio_small,mongo_gridfs,1,03-01-02-02-02-01-19_r01.wav,379106,0.010212,1,
write,write,,,audio_small,pg_bytea,1,03-01-02-02-02-01-19_r01.wav,379106,0.010048,1,
write,write,,,audio_small,polyglot,1,03-01-03-01-01-02-05_r01.wav,396294,0.007607,1,
write,write,,,audio_small,pg_bytea,1,03-01-03-01-01-02-05_r01.wav,396294,0.010741,1,
write,write,,,audio_small,mongo_gridfs,1,03-01-03-01-01-02-05_r01.wav,396294,0.007395,1,
write,write,,,audio_small,pg_bytea,1,03-01-03-01-01-02-07_r01.wav,393086,0.012771,1,
write,write,,,audio_small,polyglot,1,03-01-03-01-01-02-07_r01.wav,393086,0.007955,1,
write,write,,,audio_small,mongo_gridfs,1,03-01-03-01-01-02-07_r01.wav,393086,0.005418,1,
write,write,,,audio_small,mongo_gridfs,1,03-01-03-01-01-02-12_r01.wav,399494,0.007269,1,
write,write,,,audio_small,pg_bytea,1,03-01-03-01-01-02-12_r01.wav,399494,0.010301,1,
write,write,,,audio_small,polyglot,1,03-01-03-01-01-02-12_r01.wav,399494,0.007648,1,
write,write,,,audio_small,pg_bytea,1,03-01-03-01-01-02-13_r01.wav,399494,0.010123,1,
write,write,,,audio_small,mongo_gridfs,1,03-01-03-01-01-02-13_r01.wav,399494,0.005597,1,
write,write,,,audio_small,polyglot,1,03-01-03-01-01-02-13_r01.wav,399494,0.005113,1,
write,write,,,audio_small,mongo_gridfs,1,03-01-03-01-02-02-18_r01.wav,393086,0.004691,1,
write,write,,,audio_small,polyglot,1,03-01-03-01-02-02-18_r01.wav,393086,0.004850,1,
write,write,,,audio_small,pg_bytea,1,03-01-03-01-02-02-18_r01.wav,393086,0.009431,1,
write,write,,,audio_small,mongo_gridfs,1,03-01-03-01-02-02-19_r01.wav,399494,0.016098,1,
write,write,,,audio_small,polyglot,1,03-01-03-01-02-02-19_r01.wav,399494,0.121100,1,
write,write,,,audio_small,pg_bytea,1,03-01-03-01-02-02-19_r01.wav,399494,0.011259,1,
write,write,,,audio_small,pg_bytea,1,03-01-03-02-01-02-18_r01.wav,396294,0.012298,1,
write,write,,,audio_small,polyglot,1,03-01-03-02-01-02-18_r01.wav,396294,0.007137,1,
write,write,,,audio_small,mongo_gridfs,1,03-01-03-02-01-02-18_r01.wav,396294,0.005716,1,
write,write,,,audio_small,mongo_gridfs,1,03-01-03-02-01-02-19_r01.wav,372698,0.005739,1,
write,write,,,audio_small,polyglot,1,03-01-03-02-01-02-19_r01.wav,372698,0.007720,1,
write,write,,,audio_small,pg_bytea,1,03-01-03-02-01-02-19_r01.wav,372698,0.010734,1,
write,write,,,audio_small,pg_bytea,1,03-01-03-02-02-02-04_r01.wav,379106,0.010195,1,
write,write,,,audio_small,mongo_gridfs,1,03-01-03-02-02-02-04_r01.wav,379106,0.006077,1,
write,write,,,audio_small,polyglot,1,03-01-03-02-02-02-04_r01.wav,379106,0.006202,1,
write,write,,,audio_small,polyglot,1,03-01-03-02-02-02-06_r01.wav,399494,0.012458,1,
write,write,,,audio_small,pg_bytea,1,03-01-03-02-02-02-06_r01.wav,399494,0.014076,1,
write,write,,,audio_small,mongo_gridfs,1,03-01-03-02-02-02-06_r01.wav,399494,0.006582,1,
write,write,,,audio_small,polyglot,1,03-01-03-02-02-02-07_r01.wav,393086,0.013461,1,
write,write,,,audio_small,pg_bytea,1,03-01-03-02-02-02-07_r01.wav,393086,0.010328,1,
write,write,,,audio_small,mongo_gridfs,1,03-01-03-02-02-02-07_r01.wav,393086,0.006764,1,
write,write,,,audio_small,pg_bytea,1,03-01-03-02-02-02-10_r01.wav,375720,0.010180,1,
write,write,,,audio_small,mongo_gridfs,1,03-01-03-02-02-02-10_r01.wav,375720,0.005412,1,
write,write,,,audio_small,polyglot,1,03-01-03-02-02-02-10_r01.wav,375720,0.005765,1,
write,write,,,audio_small,polyglot,1,03-01-03-02-02-02-11_r01.wav,396294,0.006402,1,
write,write,,,audio_small,pg_bytea,1,03-01-03-02-02-02-11_r01.wav,396294,0.012720,1,
write,write,,,audio_small,mongo_gridfs,1,03-01-03-02-02-02-11_r01.wav,396294,0.011637,1,
write,write,,,audio_small,mongo_gridfs,1,03-01-03-02-02-02-13_r01.wav,399494,0.006434,1,
write,write,,,audio_small,pg_bytea,1,03-01-03-02-02-02-13_r01.wav,399494,0.011311,1,
write,write,,,audio_small,polyglot,1,03-01-03-02-02-02-13_r01.wav,399494,0.008056,1,
write,write,,,audio_small,pg_bytea,1,03-01-04-01-01-02-01_r01.wav,396294,0.011233,1,
write,write,,,audio_small,mongo_gridfs,1,03-01-04-01-01-02-01_r01.wav,396294,0.006614,1,
write,write,,,audio_small,polyglot,1,03-01-04-01-01-02-01_r01.wav,396294,0.007727,1,
write,write,,,audio_small,pg_bytea,1,03-01-04-01-01-02-02_r01.wav,379106,0.011203,1,
write,write,,,audio_small,polyglot,1,03-01-04-01-01-02-02_r01.wav,379106,0.009242,1,
write,write,,,audio_small,mongo_gridfs,1,03-01-04-01-01-02-02_r01.wav,379106,0.007873,1,
write,write,,,audio_small,polyglot,1,03-01-04-01-01-02-16_r01.wav,379106,0.008947,1,
write,write,,,audio_small,mongo_gridfs,1,03-01-04-01-01-02-16_r01.wav,379106,0.006977,1,
write,write,,,audio_small,pg_bytea,1,03-01-04-01-01-02-16_r01.wav,379106,0.012231,1,
write,write,,,audio_small,polyglot,1,03-01-04-01-02-02-08_r01.wav,372698,0.008167,1,
write,write,,,audio_small,pg_bytea,1,03-01-04-01-02-02-08_r01.wav,372698,0.010696,1,
write,write,,,audio_small,mongo_gridfs,1,03-01-04-01-02-02-08_r01.wav,372698,0.008215,1,
write,write,,,audio_small,polyglot,1,03-01-04-01-02-02-09_r01.wav,363108,0.006034,1,
write,write,,,audio_small,pg_bytea,1,03-01-04-01-02-02-09_r01.wav,363108,0.010400,1,
write,write,,,audio_small,mongo_gridfs,1,03-01-04-01-02-02-09_r01.wav,363108,0.007510,1,
write,write,,,audio_small,polyglot,1,03-01-04-01-02-02-20_r01.wav,396294,0.008722,1,
write,write,,,audio_small,pg_bytea,1,03-01-04-01-02-02-20_r01.wav,396294,0.010252,1,
write,write,,,audio_small,mongo_gridfs,1,03-01-04-01-02-02-20_r01.wav,396294,0.008054,1,
write,write,,,audio_small,pg_bytea,1,03-01-04-01-02-02-21_r01.wav,363108,0.013692,1,
write,write,,,audio_small,polyglot,1,03-01-04-01-02-02-21_r01.wav,363108,0.008280,1,
write,write,,,audio_small,mongo_gridfs,1,03-01-04-01-02-02-21_r01.wav,363108,0.006508,1,
write,write,,,audio_small,pg_bytea,1,03-01-04-01-02-02-22_r01.wav,372698,0.009802,1,
write,write,,,audio_small,mongo_gridfs,1,03-01-04-01-02-02-22_r01.wav,372698,0.014603,1,
write,write,,,audio_small,polyglot,1,03-01-04-01-02-02-22_r01.wav,372698,0.009859,1,
write,write,,,audio_small,pg_bytea,1,03-01-04-01-02-02-23_r01.wav,363108,0.009317,1,
write,write,,,audio_small,mongo_gridfs,1,03-01-04-01-02-02-23_r01.wav,363108,0.006732,1,
write,write,,,audio_small,polyglot,1,03-01-04-01-02-02-23_r01.wav,363108,0.006135,1,
write,write,,,audio_small,pg_bytea,1,03-01-04-02-01-02-09_r01.wav,379106,0.009832,1,
write,write,,,audio_small,polyglot,1,03-01-04-02-01-02-09_r01.wav,379106,0.007276,1,
write,write,,,audio_small,mongo_gridfs,1,03-01-04-02-01-02-09_r01.wav,379106,0.008616,1,
write,write,,,audio_small,pg_bytea,1,03-01-04-02-01-02-20_r01.wav,379106,0.011802,1,
write,write,,,audio_small,mongo_gridfs,1,03-01-04-02-01-02-20_r01.wav,379106,0.006359,1,
write,write,,,audio_small,polyglot,1,03-01-04-02-01-02-20_r01.wav,379106,0.006435,1,
write,write,,,audio_small,polyglot,1,03-01-04-02-01-02-21_r01.wav,393086,0.006335,1,
write,write,,,audio_small,mongo_gridfs,1,03-01-04-02-01-02-21_r01.wav,393086,0.004857,1,
write,write,,,audio_small,pg_bytea,1,03-01-04-02-01-02-21_r01.wav,393086,0.010043,1,
write,write,,,audio_small,polyglot,1,03-01-04-02-01-02-22_r01.wav,379106,0.006593,1,
write,write,,,audio_small,mongo_gridfs,1,03-01-04-02-01-02-22_r01.wav,379106,0.006259,1,
write,write,,,audio_small,pg_bytea,1,03-01-04-02-01-02-22_r01.wav,379106,0.010597,1,
write,write,,,audio_small,polyglot,1,03-01-04-02-02-02-14_r01.wav,375720,0.008111,1,
write,write,,,audio_small,mongo_gridfs,1,03-01-04-02-02-02-14_r01.wav,375720,0.006032,1,
write,write,,,audio_small,pg_bytea,1,03-01-04-02-02-02-14_r01.wav,375720,0.010680,1,
write,write,,,audio_small,pg_bytea,1,03-01-04-02-02-02-15_r01.wav,379106,0.010140,1,
write,write,,,audio_small,polyglot,1,03-01-04-02-02-02-15_r01.wav,379106,0.006638,1,
write,write,,,audio_small,mongo_gridfs,1,03-01-04-02-02-02-15_r01.wav,379106,0.005079,1,
write,write,,,audio_small,mongo_gridfs,1,03-01-04-02-02-02-16_r01.wav,375720,0.005047,1,
write,write,,,audio_small,pg_bytea,1,03-01-04-02-02-02-16_r01.wav,375720,0.009808,1,
write,write,,,audio_small,polyglot,1,03-01-04-02-02-02-16_r01.wav,375720,0.006901,1,
write,write,,,audio_small,pg_bytea,1,03-01-04-02-02-02-17_r01.wav,363108,0.012368,1,
write,write,,,audio_small,polyglot,1,03-01-04-02-02-02-17_r01.wav,363108,0.007368,1,
write,write,,,audio_small,mongo_gridfs,1,03-01-04-02-02-02-17_r01.wav,363108,0.004967,1,
write,write,,,audio_small,mongo_gridfs,1,03-01-05-01-01-01-09_r01.wav,393086,0.006635,1,
write,write,,,audio_small,polyglot,1,03-01-05-01-01-01-09_r01.wav,393086,0.006637,1,
write,write,,,audio_small,pg_bytea,1,03-01-05-01-01-01-09_r01.wav,393086,0.010353,1,
write,write,,,audio_small,pg_bytea,1,03-01-05-01-01-01-22_r01.wav,393086,0.014520,1,
write,write,,,audio_small,polyglot,1,03-01-05-01-01-01-22_r01.wav,393086,0.008569,1,
write,write,,,audio_small,mongo_gridfs,1,03-01-05-01-01-01-22_r01.wav,393086,0.005825,1,
write,write,,,audio_small,polyglot,1,03-01-05-01-02-01-02_r01.wav,372698,0.005932,1,
write,write,,,audio_small,pg_bytea,1,03-01-05-01-02-01-02_r01.wav,372698,0.009955,1,
write,write,,,audio_small,mongo_gridfs,1,03-01-05-01-02-01-02_r01.wav,372698,0.007117,1,
write,write,,,audio_small,mongo_gridfs,1,03-01-05-01-02-01-03_r01.wav,396294,0.005419,1,
write,write,,,audio_small,pg_bytea,1,03-01-05-01-02-01-03_r01.wav,396294,0.010199,1,
write,write,,,audio_small,polyglot,1,03-01-05-01-02-01-03_r01.wav,396294,0.006266,1,
write,write,,,audio_small,polyglot,1,03-01-05-01-02-01-15_r01.wav,363108,0.006547,1,
write,write,,,audio_small,pg_bytea,1,03-01-05-01-02-01-15_r01.wav,363108,0.009220,1,
write,write,,,audio_small,mongo_gridfs,1,03-01-05-01-02-01-15_r01.wav,363108,0.005264,1,
write,write,,,audio_small,polyglot,1,03-01-05-01-02-01-16_r01.wav,372698,0.006003,1,
write,write,,,audio_small,pg_bytea,1,03-01-05-01-02-01-16_r01.wav,372698,0.009713,1,
write,write,,,audio_small,mongo_gridfs,1,03-01-05-01-02-01-16_r01.wav,372698,0.005733,1,
write,write,,,audio_small,polyglot,1,03-01-05-01-02-01-17_r01.wav,393086,0.006770,1,
write,write,,,audio_small,pg_bytea,1,03-01-05-01-02-01-17_r01.wav,393086,0.011337,1,
write,write,,,audio_small,mongo_gridfs,1,03-01-05-01-02-01-17_r01.wav,393086,0.008176,1,
write,write,,,audio_small,polyglot,1,03-01-05-02-01-01-01_r01.wav,372698,0.006924,1,
write,write,,,audio_small,pg_bytea,1,03-01-05-02-01-01-01_r01.wav,372698,0.009741,1,
write,write,,,audio_small,mongo_gridfs,1,03-01-05-02-01-01-01_r01.wav,372698,0.006944,1,
write,write,,,audio_small,mongo_gridfs,1,03-01-05-02-01-01-02_r01.wav,375720,0.006786,1,
write,write,,,audio_small,polyglot,1,03-01-05-02-01-01-02_r01.wav,375720,0.009152,1,
write,write,,,audio_small,pg_bytea,1,03-01-05-02-01-01-02_r01.wav,375720,0.009779,1,
write,write,,,audio_small,pg_bytea,1,03-01-05-02-01-01-03_r01.wav,372698,0.010178,1,
write,write,,,audio_small,polyglot,1,03-01-05-02-01-01-03_r01.wav,372698,0.007304,1,
write,write,,,audio_small,mongo_gridfs,1,03-01-05-02-01-01-03_r01.wav,372698,0.005698,1,
write,write,,,audio_small,polyglot,1,03-01-05-02-01-01-15_r01.wav,396294,0.006669,1,
write,write,,,audio_small,mongo_gridfs,1,03-01-05-02-01-01-15_r01.wav,396294,0.006154,1,
write,write,,,audio_small,pg_bytea,1,03-01-05-02-01-01-15_r01.wav,396294,0.011630,1,
write,write,,,audio_small,mongo_gridfs,1,03-01-05-02-01-01-16_r01.wav,399494,0.006106,1,
write,write,,,audio_small,polyglot,1,03-01-05-02-01-01-16_r01.wav,399494,0.007497,1,
write,write,,,audio_small,pg_bytea,1,03-01-05-02-01-01-16_r01.wav,399494,0.010789,1,
write,write,,,audio_small,mongo_gridfs,1,03-01-05-02-01-01-17_r01.wav,363108,0.005721,1,
write,write,,,audio_small,polyglot,1,03-01-05-02-01-01-17_r01.wav,363108,0.007917,1,
write,write,,,audio_small,pg_bytea,1,03-01-05-02-01-01-17_r01.wav,363108,0.012144,1,
write,write,,,audio_small,pg_bytea,1,03-01-05-02-02-01-09_r01.wav,396294,0.014105,1,
write,write,,,audio_small,polyglot,1,03-01-05-02-02-01-09_r01.wav,396294,0.010153,1,
write,write,,,audio_small,mongo_gridfs,1,03-01-05-02-02-01-09_r01.wav,396294,0.007615,1,
write,write,,,audio_small,mongo_gridfs,1,03-01-05-02-02-01-21_r01.wav,375720,0.005816,1,
write,write,,,audio_small,pg_bytea,1,03-01-05-02-02-01-21_r01.wav,375720,0.009972,1,
write,write,,,audio_small,polyglot,1,03-01-05-02-02-01-21_r01.wav,375720,0.007541,1,
write,write,,,audio_small,mongo_gridfs,1,03-01-05-02-02-01-22_r01.wav,379106,0.006862,1,
write,write,,,audio_small,pg_bytea,1,03-01-05-02-02-01-22_r01.wav,379106,0.010035,1,
write,write,,,audio_small,polyglot,1,03-01-05-02-02-01-22_r01.wav,379106,0.008548,1,
write,write,,,audio_medium,polyglot,1,03-02-01-01-01-02-22_r01.wav,526650,0.011826,1,
write,write,,,audio_medium,mongo_gridfs,1,03-02-01-01-01-02-22_r01.wav,526650,0.007217,1,
write,write,,,audio_medium,pg_bytea,1,03-02-01-01-01-02-22_r01.wav,526650,0.015125,1,
write,write,,,audio_medium,pg_bytea,1,03-02-01-01-01-02-23_r01.wav,539464,0.017916,1,
write,write,,,audio_medium,mongo_gridfs,1,03-02-01-01-01-02-23_r01.wav,539464,0.010530,1,
write,write,,,audio_medium,polyglot,1,03-02-01-01-01-02-23_r01.wav,539464,0.009007,1,
write,write,,,audio_medium,mongo_gridfs,1,03-02-01-01-02-02-02_r01.wav,539464,0.007400,1,
write,write,,,audio_medium,pg_bytea,1,03-02-01-01-02-02-02_r01.wav,539464,0.028347,1,
write,write,,,audio_medium,polyglot,1,03-02-01-01-02-02-02_r01.wav,539464,0.131794,1,
write,write,,,audio_medium,mongo_gridfs,1,03-02-01-01-02-02-03_r01.wav,520242,0.007374,1,
write,write,,,audio_medium,polyglot,1,03-02-01-01-02-02-03_r01.wav,520242,0.007404,1,
write,write,,,audio_medium,pg_bytea,1,03-02-01-01-02-02-03_r01.wav,520242,0.016894,1,
write,write,,,audio_medium,mongo_gridfs,1,03-02-01-01-02-02-16_r01.wav,539464,0.007848,1,
write,write,,,audio_medium,pg_bytea,1,03-02-01-01-02-02-16_r01.wav,539464,0.017073,1,
write,write,,,audio_medium,polyglot,1,03-02-01-01-02-02-16_r01.wav,539464,0.008732,1,
write,write,,,audio_medium,polyglot,1,03-02-01-01-02-02-17_r01.wav,561888,0.008020,1,
write,write,,,audio_medium,mongo_gridfs,1,03-02-01-01-02-02-17_r01.wav,561888,0.006545,1,
write,write,,,audio_medium,pg_bytea,1,03-02-01-01-02-02-17_r01.wav,561888,0.026794,1,
write,write,,,audio_medium,mongo_gridfs,1,03-02-01-02-01-02-01_r01.wav,533056,0.007105,1,
write,write,,,audio_medium,pg_bytea,1,03-02-01-02-01-02-01_r01.wav,533056,0.021085,1,
write,write,,,audio_medium,polyglot,1,03-02-01-02-01-02-01_r01.wav,533056,0.032974,1,
write,write,,,audio_medium,polyglot,1,03-02-01-02-01-02-02_r01.wav,523448,0.067982,1,
write,write,,,audio_medium,pg_bytea,1,03-02-01-02-01-02-02_r01.wav,523448,0.014551,1,
write,write,,,audio_medium,mongo_gridfs,1,03-02-01-02-01-02-02_r01.wav,523448,0.007901,1,
write,write,,,audio_medium,mongo_gridfs,1,03-02-01-02-01-02-03_r01.wav,533056,0.006955,1,
write,write,,,audio_medium,pg_bytea,1,03-02-01-02-01-02-03_r01.wav,533056,0.016010,1,
write,write,,,audio_medium,polyglot,1,03-02-01-02-01-02-03_r01.wav,533056,0.009160,1,
write,write,,,audio_medium,pg_bytea,1,03-02-01-02-01-02-15_r01.wav,561882,0.015812,1,
write,write,,,audio_medium,polyglot,1,03-02-01-02-01-02-15_r01.wav,561882,0.009020,1,
write,write,,,audio_medium,mongo_gridfs,1,03-02-01-02-01-02-15_r01.wav,561882,0.008481,1,
write,write,,,audio_medium,polyglot,1,03-02-01-02-01-02-16_r01.wav,526650,0.006948,1,
write,write,,,audio_medium,mongo_gridfs,1,03-02-01-02-01-02-16_r01.wav,526650,0.007237,1,
write,write,,,audio_medium,pg_bytea,1,03-02-01-02-01-02-16_r01.wav,526650,0.014686,1,
write,write,,,audio_medium,pg_bytea,1,03-02-01-02-01-02-17_r01.wav,533056,0.013348,1,
write,write,,,audio_medium,polyglot,1,03-02-01-02-01-02-17_r01.wav,533056,0.012810,1,
write,write,,,audio_medium,mongo_gridfs,1,03-02-01-02-01-02-17_r01.wav,533056,0.010026,1,
write,write,,,audio_medium,mongo_gridfs,1,03-02-01-02-02-02-22_r01.wav,520242,0.005783,1,
write,write,,,audio_medium,polyglot,1,03-02-01-02-02-02-22_r01.wav,520242,0.006556,1,
write,write,,,audio_medium,pg_bytea,1,03-02-01-02-02-02-22_r01.wav,520242,0.011780,1,
write,write,,,audio_medium,mongo_gridfs,1,03-02-01-02-02-02-23_r01.wav,520242,0.005915,1,
write,write,,,audio_medium,pg_bytea,1,03-02-01-02-02-02-23_r01.wav,520242,0.015908,1,
write,write,,,audio_medium,polyglot,1,03-02-01-02-02-02-23_r01.wav,520242,0.007063,1,
write,write,,,audio_medium,pg_bytea,1,03-02-02-01-01-01-22_r01.wav,523448,0.012321,1,
write,write,,,audio_medium,polyglot,1,03-02-02-01-01-01-22_r01.wav,523448,0.005917,1,
write,write,,,audio_medium,mongo_gridfs,1,03-02-02-01-01-01-22_r01.wav,523448,0.006579,1,
write,write,,,audio_medium,mongo_gridfs,1,03-02-02-01-01-01-23_r01.wav,561888,0.010070,1,
write,write,,,audio_medium,polyglot,1,03-02-02-01-01-01-23_r01.wav,561888,0.010152,1,
write,write,,,audio_medium,pg_bytea,1,03-02-02-01-01-01-23_r01.wav,561888,0.014794,1,
write,write,,,audio_medium,polyglot,1,03-02-02-01-02-01-01_r01.wav,520242,0.007054,1,
write,write,,,audio_medium,mongo_gridfs,1,03-02-02-01-02-01-01_r01.wav,520242,0.006068,1,
write,write,,,audio_medium,pg_bytea,1,03-02-02-01-02-01-01_r01.wav,520242,0.013123,1,
write,write,,,audio_medium,pg_bytea,1,03-02-02-01-02-01-02_r01.wav,539464,0.014488,1,
write,write,,,audio_medium,mongo_gridfs,1,03-02-02-01-02-01-02_r01.wav,539464,0.008234,1,
write,write,,,audio_medium,polyglot,1,03-02-02-01-02-01-02_r01.wav,539464,0.009193,1,
write,write,,,audio_medium,polyglot,1,03-02-02-01-02-01-03_r01.wav,533056,0.007814,1,
write,write,,,audio_medium,mongo_gridfs,1,03-02-02-01-02-01-03_r01.wav,533056,0.006680,1,
write,write,,,audio_medium,pg_bytea,1,03-02-02-01-02-01-03_r01.wav,533056,0.014351,1,
write,write,,,audio_medium,pg_bytea,1,03-02-02-01-02-01-16_r01.wav,561882,0.016313,1,
write,write,,,audio_medium,polyglot,1,03-02-02-01-02-01-16_r01.wav,561882,0.010327,1,
write,write,,,audio_medium,mongo_gridfs,1,03-02-02-01-02-01-16_r01.wav,561882,0.008667,1,
write,write,,,audio_medium,mongo_gridfs,1,03-02-02-02-01-01-01_r01.wav,539464,0.006643,1,
write,write,,,audio_medium,pg_bytea,1,03-02-02-02-01-01-01_r01.wav,539464,0.014871,1,
write,write,,,audio_medium,polyglot,1,03-02-02-02-01-01-01_r01.wav,539464,0.008953,1,
write,write,,,audio_medium,polyglot,1,03-02-02-02-01-01-02_r01.wav,526650,0.007185,1,
write,write,,,audio_medium,pg_bytea,1,03-02-02-02-01-01-02_r01.wav,526650,0.016156,1,
write,write,,,audio_medium,mongo_gridfs,1,03-02-02-02-01-01-02_r01.wav,526650,0.008317,1,
write,write,,,audio_medium,mongo_gridfs,1,03-02-02-02-01-01-15_r01.wav,539464,0.007989,1,
write,write,,,audio_medium,polyglot,1,03-02-02-02-01-01-15_r01.wav,539464,0.008894,1,
write,write,,,audio_medium,pg_bytea,1,03-02-02-02-01-01-15_r01.wav,539464,0.014382,1,
write,write,,,audio_medium,mongo_gridfs,1,03-02-02-02-01-01-16_r01.wav,520242,0.007265,1,
write,write,,,audio_medium,polyglot,1,03-02-02-02-01-01-16_r01.wav,520242,0.008364,1,
write,write,,,audio_medium,pg_bytea,1,03-02-02-02-01-01-16_r01.wav,520242,0.019709,1,
write,write,,,audio_medium,pg_bytea,1,03-02-02-02-01-01-17_r01.wav,539464,0.016362,1,
write,write,,,audio_medium,polyglot,1,03-02-02-02-01-01-17_r01.wav,539464,0.010003,1,
write,write,,,audio_medium,mongo_gridfs,1,03-02-02-02-01-01-17_r01.wav,539464,0.007772,1,
write,write,,,audio_medium,polyglot,1,03-02-02-02-02-01-22_r01.wav,539464,0.009243,1,
write,write,,,audio_medium,pg_bytea,1,03-02-02-02-02-01-22_r01.wav,539464,0.013908,1,
write,write,,,audio_medium,mongo_gridfs,1,03-02-02-02-02-01-22_r01.wav,539464,0.009750,1,
write,write,,,audio_medium,pg_bytea,1,03-02-02-02-02-01-23_r01.wav,520242,0.015224,1,
write,write,,,audio_medium,mongo_gridfs,1,03-02-02-02-02-01-23_r01.wav,520242,0.008031,1,
write,write,,,audio_medium,polyglot,1,03-02-02-02-02-01-23_r01.wav,520242,0.009949,1,
write,write,,,audio_medium,pg_bytea,1,03-02-03-01-01-02-01_r01.wav,561882,0.014076,1,
write,write,,,audio_medium,polyglot,1,03-02-03-01-01-02-01_r01.wav,561882,0.010404,1,
write,write,,,audio_medium,mongo_gridfs,1,03-02-03-01-01-02-01_r01.wav,561882,0.008695,1,
write,write,,,audio_medium,polyglot,1,03-02-03-01-01-02-02_r01.wav,561882,0.008509,1,
write,write,,,audio_medium,mongo_gridfs,1,03-02-03-01-01-02-02_r01.wav,561882,0.007034,1,
write,write,,,audio_medium,pg_bytea,1,03-02-03-01-01-02-02_r01.wav,561882,0.015035,1,
write,write,,,audio_medium,mongo_gridfs,1,03-02-03-01-01-02-03_r01.wav,539464,0.007782,1,
write,write,,,audio_medium,polyglot,1,03-02-03-01-01-02-03_r01.wav,539464,0.009311,1,
write,write,,,audio_medium,pg_bytea,1,03-02-03-01-01-02-03_r01.wav,539464,0.018334,1,
write,write,,,audio_medium,polyglot,1,03-02-03-01-01-02-15_r01.wav,526650,0.008391,1,
write,write,,,audio_medium,pg_bytea,1,03-02-03-01-01-02-15_r01.wav,526650,0.013217,1,
write,write,,,audio_medium,mongo_gridfs,1,03-02-03-01-01-02-15_r01.wav,526650,0.009101,1,
write,write,,,audio_medium,polyglot,1,03-02-03-01-01-02-16_r01.wav,520242,0.009002,1,
write,write,,,audio_medium,pg_bytea,1,03-02-03-01-01-02-16_r01.wav,520242,0.015393,1,
write,write,,,audio_medium,mongo_gridfs,1,03-02-03-01-01-02-16_r01.wav,520242,0.009001,1,
write,write,,,audio_medium,mongo_gridfs,1,03-02-03-01-01-02-17_r01.wav,526650,0.015524,1,
write,write,,,audio_medium,polyglot,1,03-02-03-01-01-02-17_r01.wav,526650,0.009740,1,
write,write,,,audio_medium,pg_bytea,1,03-02-03-01-01-02-17_r01.wav,526650,0.014477,1,
write,write,,,audio_medium,pg_bytea,1,03-02-03-01-02-02-09_r01.wav,539464,0.014583,1,
write,write,,,audio_medium,mongo_gridfs,1,03-02-03-01-02-02-09_r01.wav,539464,0.008010,1,
write,write,,,audio_medium,polyglot,1,03-02-03-01-02-02-09_r01.wav,539464,0.008665,1,
write,write,,,audio_medium,mongo_gridfs,1,03-02-03-01-02-02-21_r01.wav,533056,0.007751,1,
write,write,,,audio_medium,polyglot,1,03-02-03-01-02-02-21_r01.wav,533056,0.008702,1,
write,write,,,audio_medium,pg_bytea,1,03-02-03-01-02-02-21_r01.wav,533056,0.016048,1,
write,write,,,audio_medium,mongo_gridfs,1,03-02-03-01-02-02-22_r01.wav,561888,0.009465,1,
write,write,,,audio_medium,polyglot,1,03-02-03-01-02-02-22_r01.wav,561888,0.007325,1,
write,write,,,audio_medium,pg_bytea,1,03-02-03-01-02-02-22_r01.wav,561888,0.013508,1,
write,write,,,audio_medium,polyglot,1,03-02-03-01-02-02-23_r01.wav,539464,0.008353,1,
write,write,,,audio_medium,pg_bytea,1,03-02-03-01-02-02-23_r01.wav,539464,0.013995,1,
write,write,,,audio_medium,mongo_gridfs,1,03-02-03-01-02-02-23_r01.wav,539464,0.006811,1,
write,write,,,audio_medium,pg_bytea,1,03-02-03-02-01-02-09_r01.wav,561882,0.017807,1,
write,write,,,audio_medium,mongo_gridfs,1,03-02-03-02-01-02-09_r01.wav,561882,0.007168,1,
write,write,,,audio_medium,polyglot,1,03-02-03-02-01-02-09_r01.wav,561882,0.008519,1,
write,write,,,audio_medium,pg_bytea,1,03-02-03-02-01-02-21_r01.wav,539464,0.014858,1,
write,write,,,audio_medium,mongo_gridfs,1,03-02-03-02-01-02-21_r01.wav,539464,0.008972,1,
write,write,,,audio_medium,polyglot,1,03-02-03-02-01-02-21_r01.wav,539464,0.007762,1,
write,write,,,audio_medium,pg_bytea,1,03-02-03-02-01-02-22_r01.wav,526650,0.014363,1,
write,write,,,audio_medium,mongo_gridfs,1,03-02-03-02-01-02-22_r01.wav,526650,0.011052,1,
write,write,,,audio_medium,polyglot,1,03-02-03-02-01-02-22_r01.wav,526650,0.009148,1,
write,write,,,audio_medium,polyglot,1,03-02-03-02-01-02-23_r01.wav,561888,0.009165,1,
write,write,,,audio_medium,pg_bytea,1,03-02-03-02-01-02-23_r01.wav,561888,0.019282,1,
write,write,,,audio_medium,mongo_gridfs,1,03-02-03-02-01-02-23_r01.wav,561888,0.007637,1,
write,write,,,audio_medium,pg_bytea,1,03-02-03-02-02-02-01_r01.wav,561882,0.014403,1,
write,write,,,audio_medium,mongo_gridfs,1,03-02-03-02-02-02-01_r01.wav,561882,0.011283,1,
write,write,,,audio_medium,polyglot,1,03-02-03-02-02-02-01_r01.wav,561882,0.007964,1,
write,write,,,audio_medium,mongo_gridfs,1,03-02-03-02-02-02-02_r01.wav,523448,0.007017,1,
write,write,,,audio_medium,pg_bytea,1,03-02-03-02-02-02-02_r01.wav,523448,0.014368,1,
write,write,,,audio_medium,polyglot,1,03-02-03-02-02-02-02_r01.wav,523448,0.007295,1,
write,write,,,audio_medium,mongo_gridfs,1,03-02-03-02-02-02-03_r01.wav,561888,0.006785,1,
write,write,,,audio_medium,polyglot,1,03-02-03-02-02-02-03_r01.wav,561888,0.007375,1,
write,write,,,audio_medium,pg_bytea,1,03-02-03-02-02-02-03_r01.wav,561888,0.017895,1,
write,write,,,audio_medium,polyglot,1,03-02-03-02-02-02-15_r01.wav,523448,0.008857,1,
write,write,,,audio_medium,pg_bytea,1,03-02-03-02-02-02-15_r01.wav,523448,0.014170,1,
write,write,,,audio_medium,mongo_gridfs,1,03-02-03-02-02-02-15_r01.wav,523448,0.009162,1,
write,write,,,audio_medium,mongo_gridfs,1,03-02-03-02-02-02-16_r01.wav,561882,0.008649,1,
write,write,,,audio_medium,polyglot,1,03-02-03-02-02-02-16_r01.wav,561882,0.008302,1,
write,write,,,audio_medium,pg_bytea,1,03-02-03-02-02-02-16_r01.wav,561882,0.015121,1,
write,write,,,audio_medium,polyglot,1,03-02-03-02-02-02-17_r01.wav,523448,0.009058,1,
write,write,,,audio_medium,mongo_gridfs,1,03-02-03-02-02-02-17_r01.wav,523448,0.006976,1,
write,write,,,audio_medium,pg_bytea,1,03-02-03-02-02-02-17_r01.wav,523448,0.014539,1,
write,write,,,audio_medium,polyglot,1,03-02-04-01-01-02-05_r01.wav,561882,0.011286,1,
write,write,,,audio_medium,pg_bytea,1,03-02-04-01-01-02-05_r01.wav,561882,0.013759,1,
write,write,,,audio_medium,mongo_gridfs,1,03-02-04-01-01-02-05_r01.wav,561882,0.008880,1,
write,write,,,audio_medium,polyglot,1,03-02-04-01-01-02-06_r01.wav,526650,0.008557,1,
write,write,,,audio_medium,mongo_gridfs,1,03-02-04-01-01-02-06_r01.wav,526650,0.006975,1,
write,write,,,audio_medium,pg_bytea,1,03-02-04-01-01-02-06_r01.wav,526650,0.017260,1,
write,write,,,audio_medium,pg_bytea,1,03-02-04-01-01-02-07_r01.wav,523448,0.015627,1,
write,write,,,audio_medium,mongo_gridfs,1,03-02-04-01-01-02-07_r01.wav,523448,0.007264,1,
write,write,,,audio_medium,polyglot,1,03-02-04-01-01-02-07_r01.wav,523448,0.012077,1,
write,write,,,audio_medium,pg_bytea,1,03-02-04-01-01-02-11_r01.wav,539464,0.014213,1,
write,write,,,audio_medium,polyglot,1,03-02-04-01-01-02-11_r01.wav,539464,0.019737,1,
write,write,,,audio_medium,mongo_gridfs,1,03-02-04-01-01-02-11_r01.wav,539464,0.008058,1,
write,write,,,audio_medium,pg_bytea,1,03-02-04-01-01-02-12_r01.wav,523448,0.014237,1,
write,write,,,audio_medium,polyglot,1,03-02-04-01-01-02-12_r01.wav,523448,0.007805,1,
write,write,,,audio_medium,mongo_gridfs,1,03-02-04-01-01-02-12_r01.wav,523448,0.007927,1,
write,write,,,audio_medium,pg_bytea,1,03-02-04-01-01-02-13_r01.wav,539464,0.016395,1,
write,write,,,audio_medium,mongo_gridfs,1,03-02-04-01-01-02-13_r01.wav,539464,0.011588,1,
write,write,,,audio_medium,polyglot,1,03-02-04-01-01-02-13_r01.wav,539464,0.011365,1,
write,write,,,audio_medium,pg_bytea,1,03-02-04-01-02-02-19_r01.wav,561888,0.019637,1,
write,write,,,audio_medium,polyglot,1,03-02-04-01-02-02-19_r01.wav,561888,0.017201,1,
write,write,,,audio_medium,mongo_gridfs,1,03-02-04-01-02-02-19_r01.wav,561888,0.008895,1,
write,write,,,audio_medium,mongo_gridfs,1,03-02-04-02-02-02-05_r01.wav,526650,0.008340,1,
write,write,,,audio_medium,polyglot,1,03-02-04-02-02-02-05_r01.wav,526650,0.008002,1,
write,write,,,audio_medium,pg_bytea,1,03-02-04-02-02-02-05_r01.wav,526650,0.014256,1,
write,write,,,audio_medium,mongo_gridfs,1,03-02-04-02-02-02-06_r01.wav,526650,0.007738,1,
write,write,,,audio_medium,pg_bytea,1,03-02-04-02-02-02-06_r01.wav,526650,0.013895,1,
write,write,,,audio_medium,polyglot,1,03-02-04-02-02-02-06_r01.wav,526650,0.009838,1,
write,write,,,audio_medium,pg_bytea,1,03-02-04-02-02-02-07_r01.wav,561888,0.015500,1,
write,write,,,audio_medium,mongo_gridfs,1,03-02-04-02-02-02-07_r01.wav,561888,0.009823,1,
write,write,,,audio_medium,polyglot,1,03-02-04-02-02-02-07_r01.wav,561888,0.009908,1,
write,write,,,audio_medium,pg_bytea,1,03-02-04-02-02-02-11_r01.wav,561888,0.020628,1,
write,write,,,audio_medium,mongo_gridfs,1,03-02-04-02-02-02-11_r01.wav,561888,0.010480,1,
write,write,,,audio_medium,polyglot,1,03-02-04-02-02-02-11_r01.wav,561888,0.015013,1,
write,write,,,audio_medium,pg_bytea,1,03-02-04-02-02-02-12_r01.wav,523448,0.015721,1,
write,write,,,audio_medium,polyglot,1,03-02-04-02-02-02-12_r01.wav,523448,0.009972,1,
write,write,,,audio_medium,mongo_gridfs,1,03-02-04-02-02-02-12_r01.wav,523448,0.008660,1,
write,write,,,audio_medium,mongo_gridfs,1,03-02-04-02-02-02-13_r01.wav,533056,0.007256,1,
write,write,,,audio_medium,pg_bytea,1,03-02-04-02-02-02-13_r01.wav,533056,0.014647,1,
write,write,,,audio_medium,polyglot,1,03-02-04-02-02-02-13_r01.wav,533056,0.009268,1,
write,write,,,audio_medium,pg_bytea,1,03-02-05-01-02-01-06_r01.wav,561882,0.013716,1,
write,write,,,audio_medium,polyglot,1,03-02-05-01-02-01-06_r01.wav,561882,0.008969,1,
write,write,,,audio_medium,mongo_gridfs,1,03-02-05-01-02-01-06_r01.wav,561882,0.009726,1,
write,write,,,audio_medium,polyglot,1,03-02-05-01-02-01-07_r01.wav,520242,0.007997,1,
write,write,,,audio_medium,mongo_gridfs,1,03-02-05-01-02-01-07_r01.wav,520242,0.007248,1,
write,write,,,audio_medium,pg_bytea,1,03-02-05-01-02-01-07_r01.wav,520242,0.014674,1,
write,write,,,audio_medium,pg_bytea,1,03-02-05-01-02-01-12_r01.wav,520242,0.013877,1,
write,write,,,audio_medium,mongo_gridfs,1,03-02-05-01-02-01-12_r01.wav,520242,0.007805,1,
write,write,,,audio_medium,polyglot,1,03-02-05-01-02-01-12_r01.wav,520242,0.007288,1,
write,write,,,audio_medium,polyglot,1,03-02-05-01-02-01-13_r01.wav,561888,0.014205,1,
write,write,,,audio_medium,pg_bytea,1,03-02-05-01-02-01-13_r01.wav,561888,0.013921,1,
write,write,,,audio_medium,mongo_gridfs,1,03-02-05-01-02-01-13_r01.wav,561888,0.007639,1,
write,write,,,audio_medium,polyglot,1,03-02-05-02-01-01-05_r01.wav,539464,0.008488,1,
write,write,,,audio_medium,pg_bytea,1,03-02-05-02-01-01-05_r01.wav,539464,0.014824,1,
write,write,,,audio_medium,mongo_gridfs,1,03-02-05-02-01-01-05_r01.wav,539464,0.010073,1,
write,write,,,audio_medium,polyglot,1,03-02-05-02-01-01-06_r01.wav,561888,0.010075,1,
write,write,,,audio_medium,mongo_gridfs,1,03-02-05-02-01-01-06_r01.wav,561888,0.008569,1,
write,write,,,audio_medium,pg_bytea,1,03-02-05-02-01-01-06_r01.wav,561888,0.022006,1,
write,write,,,audio_medium,polyglot,1,03-02-05-02-01-01-07_r01.wav,533056,0.008256,1,
write,write,,,audio_medium,mongo_gridfs,1,03-02-05-02-01-01-07_r01.wav,533056,0.011765,1,
write,write,,,audio_medium,pg_bytea,1,03-02-05-02-01-01-07_r01.wav,533056,0.015827,1,
write,write,,,audio_medium,polyglot,1,03-02-05-02-01-01-11_r01.wav,561888,0.007094,1,
write,write,,,audio_medium,mongo_gridfs,1,03-02-05-02-01-01-11_r01.wav,561888,0.008855,1,
write,write,,,audio_medium,pg_bytea,1,03-02-05-02-01-01-11_r01.wav,561888,0.013832,1,
write,write,,,audio_medium,pg_bytea,1,03-02-05-02-01-01-12_r01.wav,533056,0.013825,1,
write,write,,,audio_medium,polyglot,1,03-02-05-02-01-01-12_r01.wav,533056,0.006976,1,
write,write,,,audio_medium,mongo_gridfs,1,03-02-05-02-01-01-12_r01.wav,533056,0.005677,1,
write,write,,,audio_medium,pg_bytea,1,03-02-05-02-01-01-13_r01.wav,526650,0.012940,1,
write,write,,,audio_medium,mongo_gridfs,1,03-02-05-02-01-01-13_r01.wav,526650,0.005351,1,
write,write,,,audio_medium,polyglot,1,03-02-05-02-01-01-13_r01.wav,526650,0.006104,1,
write,write,,,video_small,polyglot,1,01-01-01-01-01-01-22_r01.mp4,5457041,0.052706,1,
write,write,,,video_small,pg_bytea,1,01-01-01-01-01-01-22_r01.mp4,5457041,0.165903,1,
write,write,,,video_small,mongo_gridfs,1,01-01-01-01-01-01-22_r01.mp4,5457041,0.055457,1,
write,write,,,video_small,polyglot,1,01-01-01-01-01-02-01_r01.mp4,5457041,0.117994,1,
write,write,,,video_small,pg_bytea,1,01-01-01-01-01-02-01_r01.mp4,5457041,0.162940,1,
write,write,,,video_small,mongo_gridfs,1,01-01-01-01-01-02-01_r01.mp4,5457041,0.055145,1,
write,write,,,video_small,mongo_gridfs,1,01-01-01-01-01-02-15_r01.mp4,5457041,0.061455,1,
write,write,,,video_small,polyglot,1,01-01-01-01-01-02-15_r01.mp4,5457041,0.059814,1,
write,write,,,video_small,pg_bytea,1,01-01-01-01-01-02-15_r01.mp4,5457041,0.138523,1,
write,write,,,video_small,mongo_gridfs,1,01-01-01-01-02-01-06_r01.mp4,5457041,0.052013,1,
write,write,,,video_small,polyglot,1,01-01-01-01-02-01-06_r01.mp4,5457041,0.054173,1,
write,write,,,video_small,pg_bytea,1,01-01-01-01-02-01-06_r01.mp4,5457041,0.136272,1,
write,write,,,video_small,pg_bytea,1,01-01-01-01-02-01-13_r01.mp4,5457041,0.166272,1,
write,write,,,video_small,polyglot,1,01-01-01-01-02-01-13_r01.mp4,5457041,0.070010,1,
write,write,,,video_small,mongo_gridfs,1,01-01-01-01-02-01-13_r01.mp4,5457041,0.043988,1,
write,write,,,video_small,pg_bytea,1,01-01-01-01-02-01-14_r01.mp4,5457041,0.150700,1,
write,write,,,video_small,polyglot,1,01-01-01-01-02-01-14_r01.mp4,5457041,0.044345,1,
write,write,,,video_small,mongo_gridfs,1,01-01-01-01-02-01-14_r01.mp4,5457041,0.046599,1,
write,write,,,video_small,pg_bytea,1,01-01-01-01-02-02-09_r01.mp4,5498397,0.181070,1,
write,write,,,video_small,mongo_gridfs,1,01-01-01-01-02-02-09_r01.mp4,5498397,0.053767,1,
write,write,,,video_small,polyglot,1,01-01-01-01-02-02-09_r01.mp4,5498397,0.045320,1,
write,write,,,video_small,mongo_gridfs,1,01-01-01-02-01-01-01_r01.mp4,5498397,0.050373,1,
write,write,,,video_small,polyglot,1,01-01-01-02-01-01-01_r01.mp4,5498397,0.051240,1,
write,write,,,video_small,pg_bytea,1,01-01-01-02-01-01-01_r01.mp4,5498397,0.141590,1,
write,write,,,video_small,polyglot,1,01-01-01-02-01-01-05_r01.mp4,5457041,0.054637,1,
write,write,,,video_small,mongo_gridfs,1,01-01-01-02-01-01-05_r01.mp4,5457041,0.050708,1,
write,write,,,video_small,pg_bytea,1,01-01-01-02-01-01-05_r01.mp4,5457041,0.129204,1,
write,write,,,video_small,polyglot,1,01-01-01-02-01-01-15_r01.mp4,5457041,0.120158,1,
write,write,,,video_small,mongo_gridfs,1,01-01-01-02-01-01-15_r01.mp4,5457041,0.059564,1,
write,write,,,video_small,pg_bytea,1,01-01-01-02-01-01-15_r01.mp4,5457041,0.143413,1,
write,write,,,video_small,polyglot,1,01-01-01-02-02-01-18_r01.mp4,5457041,0.046142,1,
write,write,,,video_small,mongo_gridfs,1,01-01-01-02-02-01-18_r01.mp4,5457041,0.043526,1,
write,write,,,video_small,pg_bytea,1,01-01-01-02-02-01-18_r01.mp4,5457041,0.138683,1,
write,write,,,video_small,pg_bytea,1,01-01-01-02-02-01-19_r01.mp4,5457041,0.135205,1,
write,write,,,video_small,mongo_gridfs,1,01-01-01-02-02-01-19_r01.mp4,5457041,0.041490,1,
write,write,,,video_small,polyglot,1,01-01-01-02-02-01-19_r01.mp4,5457041,0.044374,1,
write,write,,,video_small,pg_bytea,1,01-01-02-01-01-02-09_r01.mp4,5498397,0.130042,1,
write,write,,,video_small,mongo_gridfs,1,01-01-02-01-01-02-09_r01.mp4,5498397,0.052701,1,
write,write,,,video_small,polyglot,1,01-01-02-01-01-02-09_r01.mp4,5498397,0.047839,1,
write,write,,,video_small,polyglot,1,01-01-02-01-01-02-18_r01.mp4,5498397,0.057377,1,
write,write,,,video_small,pg_bytea,1,01-01-02-01-01-02-18_r01.mp4,5498397,0.148794,1,
write,write,,,video_small,mongo_gridfs,1,01-01-02-01-01-02-18_r01.mp4,5498397,0.055180,1,
write,write,,,video_small,pg_bytea,1,01-01-02-01-01-02-23_r01.mp4,5498397,0.230630,1,
write,write,,,video_small,polyglot,1,01-01-02-01-01-02-23_r01.mp4,5498397,0.050927,1,
write,write,,,video_small,mongo_gridfs,1,01-01-02-01-01-02-23_r01.mp4,5498397,0.046609,1,
write,write,,,video_small,pg_bytea,1,01-01-02-01-02-01-09_r01.mp4,5498397,0.137769,1,
write,write,,,video_small,polyglot,1,01-01-02-01-02-01-09_r01.mp4,5498397,0.046998,1,
write,write,,,video_small,mongo_gridfs,1,01-01-02-01-02-01-09_r01.mp4,5498397,0.052537,1,
write,write,,,video_small,pg_bytea,1,01-01-02-01-02-02-01_r01.mp4,5498397,0.132053,1,
write,write,,,video_small,polyglot,1,01-01-02-01-02-02-01_r01.mp4,5498397,0.051587,1,
write,write,,,video_small,mongo_gridfs,1,01-01-02-01-02-02-01_r01.mp4,5498397,0.047908,1,
write,write,,,video_small,polyglot,1,01-01-02-01-02-02-03_r01.mp4,5498397,0.052086,1,
write,write,,,video_small,mongo_gridfs,1,01-01-02-01-02-02-03_r01.mp4,5498397,0.048382,1,
write,write,,,video_small,pg_bytea,1,01-01-02-01-02-02-03_r01.mp4,5498397,0.154577,1,
write,write,,,video_small,polyglot,1,01-01-02-02-01-02-02_r01.mp4,5498397,0.051097,1,
write,write,,,video_small,pg_bytea,1,01-01-02-02-01-02-02_r01.mp4,5498397,0.128827,1,
write,write,,,video_small,mongo_gridfs,1,01-01-02-02-01-02-02_r01.mp4,5498397,0.040526,1,
write,write,,,video_small,polyglot,1,01-01-02-02-01-02-03_r01.mp4,5498397,0.049110,1,
write,write,,,video_small,mongo_gridfs,1,01-01-02-02-01-02-03_r01.mp4,5498397,0.042221,1,
write,write,,,video_small,pg_bytea,1,01-01-02-02-01-02-03_r01.mp4,5498397,0.172449,1,
write,write,,,video_small,polyglot,1,01-01-02-02-01-02-05_r01.mp4,5498397,0.053713,1,
write,write,,,video_small,pg_bytea,1,01-01-02-02-01-02-05_r01.mp4,5498397,0.134773,1,
write,write,,,video_small,mongo_gridfs,1,01-01-02-02-01-02-05_r01.mp4,5498397,0.056535,1,
write,write,,,video_small,pg_bytea,1,01-01-02-02-01-02-10_r01.mp4,5457041,0.181826,1,
write,write,,,video_small,mongo_gridfs,1,01-01-02-02-01-02-10_r01.mp4,5457041,0.058551,1,
write,write,,,video_small,polyglot,1,01-01-02-02-01-02-10_r01.mp4,5457041,0.084111,1,
write,write,,,video_small,polyglot,1,01-01-02-02-01-02-13_r01.mp4,5457041,0.042810,1,
write,write,,,video_small,mongo_gridfs,1,01-01-02-02-01-02-13_r01.mp4,5457041,0.045038,1,
write,write,,,video_small,pg_bytea,1,01-01-02-02-01-02-13_r01.mp4,5457041,0.150639,1,
write,write,,,video_small,mongo_gridfs,1,01-01-02-02-01-02-17_r01.mp4,5457041,0.087808,1,
write,write,,,video_small,polyglot,1,01-01-02-02-01-02-17_r01.mp4,5457041,0.111664,1,
write,write,,,video_small,pg_bytea,1,01-01-02-02-01-02-17_r01.mp4,5457041,0.141138,1,
write,write,,,video_small,polyglot,1,01-01-02-02-02-02-18_r01.mp4,5457041,0.069307,1,
write,write,,,video_small,mongo_gridfs,1,01-01-02-02-02-02-18_r01.mp4,5457041,0.079137,1,
write,write,,,video_small,pg_bytea,1,01-01-02-02-02-02-18_r01.mp4,5457041,0.449072,1,
write,write,,,video_small,polyglot,1,01-01-02-02-02-02-19_r01.mp4,5457041,0.121794,1,
write,write,,,video_small,mongo_gridfs,1,01-01-02-02-02-02-19_r01.mp4,5457041,0.044447,1,
write,write,,,video_small,pg_bytea,1,01-01-02-02-02-02-19_r01.mp4,5457041,0.141528,1,
write,write,,,video_small,mongo_gridfs,1,01-01-02-02-02-02-21_r01.mp4,5498397,0.049620,1,
write,write,,,video_small,polyglot,1,01-01-02-02-02-02-21_r01.mp4,5498397,0.055607,1,
write,write,,,video_small,pg_bytea,1,01-01-02-02-02-02-21_r01.mp4,5498397,0.146380,1,
write,write,,,video_small,mongo_gridfs,1,01-01-02-02-02-02-22_r01.mp4,5457041,0.052545,1,
write,write,,,video_small,pg_bytea,1,01-01-02-02-02-02-22_r01.mp4,5457041,0.133632,1,
write,write,,,video_small,polyglot,1,01-01-02-02-02-02-22_r01.mp4,5457041,0.050285,1,
write,write,,,video_small,polyglot,1,01-01-02-02-02-02-23_r01.mp4,5457041,0.059592,1,
write,write,,,video_small,pg_bytea,1,01-01-02-02-02-02-23_r01.mp4,5457041,0.138935,1,
write,write,,,video_small,mongo_gridfs,1,01-01-02-02-02-02-23_r01.mp4,5457041,0.050133,1,
write,write,,,video_small,polyglot,1,01-01-03-01-01-01-12_r01.mp4,5457041,0.052371,1,
write,write,,,video_small,mongo_gridfs,1,01-01-03-01-01-01-12_r01.mp4,5457041,0.072462,1,
write,write,,,video_small,pg_bytea,1,01-01-03-01-01-01-12_r01.mp4,5457041,0.131179,1,
write,write,,,video_small,pg_bytea,1,01-01-03-01-01-01-15_r01.mp4,5457041,0.129873,1,
write,write,,,video_small,polyglot,1,01-01-03-01-01-01-15_r01.mp4,5457041,0.050523,1,
write,write,,,video_small,mongo_gridfs,1,01-01-03-01-01-01-15_r01.mp4,5457041,0.049004,1,
write,write,,,video_small,pg_bytea,1,01-01-03-01-02-01-08_r01.mp4,5498397,0.159104,1,
write,write,,,video_small,polyglot,1,01-01-03-01-02-01-08_r01.mp4,5498397,0.048196,1,
write,write,,,video_small,mongo_gridfs,1,01-01-03-01-02-01-08_r01.mp4,5498397,0.043842,1,
write,write,,,video_small,pg_bytea,1,01-01-03-01-02-01-21_r01.mp4,5498397,0.134253,1,
write,write,,,video_small,polyglot,1,01-01-03-01-02-01-21_r01.mp4,5498397,0.045539,1,
write,write,,,video_small,mongo_gridfs,1,01-01-03-01-02-01-21_r01.mp4,5498397,0.048268,1,
write,write,,,video_small,polyglot,1,01-01-03-02-01-01-21_r01.mp4,5457041,0.069863,1,
write,write,,,video_small,pg_bytea,1,01-01-03-02-01-01-21_r01.mp4,5457041,0.145137,1,
write,write,,,video_small,mongo_gridfs,1,01-01-03-02-01-01-21_r01.mp4,5457041,0.041744,1,
write,write,,,video_small,polyglot,1,01-01-03-02-01-01-24_r01.mp4,5457041,0.059944,1,
write,write,,,video_small,mongo_gridfs,1,01-01-03-02-01-01-24_r01.mp4,5457041,0.056719,1,
write,write,,,video_small,pg_bytea,1,01-01-03-02-01-01-24_r01.mp4,5457041,0.138452,1,
write,write,,,video_small,polyglot,1,01-01-03-02-01-02-01_r01.mp4,5457041,0.056333,1,
write,write,,,video_small,mongo_gridfs,1,01-01-03-02-01-02-01_r01.mp4,5457041,0.077949,1,
write,write,,,video_small,pg_bytea,1,01-01-03-02-01-02-01_r01.mp4,5457041,0.185101,1,
write,write,,,video_small,polyglot,1,01-01-03-02-01-02-15_r01.mp4,5457041,0.048123,1,
write,write,,,video_small,mongo_gridfs,1,01-01-03-02-01-02-15_r01.mp4,5457041,0.048231,1,
write,write,,,video_small,pg_bytea,1,01-01-03-02-01-02-15_r01.mp4,5457041,0.135693,1,
write,write,,,video_small,mongo_gridfs,1,01-01-03-02-02-01-05_r01.mp4,5457041,0.064683,1,
write,write,,,video_small,polyglot,1,01-01-03-02-02-01-05_r01.mp4,5457041,0.079781,1,
write,write,,,video_small,pg_bytea,1,01-01-03-02-02-01-05_r01.mp4,5457041,0.136064,1,
write,write,,,video_small,polyglot,1,01-01-03-02-02-01-12_r01.mp4,5457041,0.050012,1,
write,write,,,video_small,pg_bytea,1,01-01-03-02-02-01-12_r01.mp4,5457041,0.140699,1,
write,write,,,video_small,mongo_gridfs,1,01-01-03-02-02-01-12_r01.mp4,5457041,0.045306,1,
write,write,,,video_small,polyglot,1,01-01-03-02-02-01-15_r01.mp4,5498397,0.057644,1,
write,write,,,video_small,mongo_gridfs,1,01-01-03-02-02-01-15_r01.mp4,5498397,0.043681,1,
write,write,,,video_small,pg_bytea,1,01-01-03-02-02-01-15_r01.mp4,5498397,0.149448,1,
write,write,,,video_small,polyglot,1,01-01-04-01-01-01-03_r01.mp4,5457041,0.057296,1,
write,write,,,video_small,pg_bytea,1,01-01-04-01-01-01-03_r01.mp4,5457041,0.179636,1,
write,write,,,video_small,mongo_gridfs,1,01-01-04-01-01-01-03_r01.mp4,5457041,0.052140,1,
write,write,,,video_small,mongo_gridfs,1,01-01-04-01-01-01-05_r01.mp4,5498397,0.046626,1,
write,write,,,video_small,pg_bytea,1,01-01-04-01-01-01-05_r01.mp4,5498397,0.139003,1,
write,write,,,video_small,polyglot,1,01-01-04-01-01-01-05_r01.mp4,5498397,0.054287,1,
write,write,,,video_small,mongo_gridfs,1,01-01-04-01-01-01-10_r01.mp4,5457041,0.044196,1,
write,write,,,video_small,pg_bytea,1,01-01-04-01-01-01-10_r01.mp4,5457041,0.134188,1,
write,write,,,video_small,polyglot,1,01-01-04-01-01-01-10_r01.mp4,5457041,0.058498,1,
write,write,,,video_small,mongo_gridfs,1,01-01-04-01-01-01-16_r01.mp4,5457041,0.130627,1,
write,write,,,video_small,pg_bytea,1,01-01-04-01-01-01-16_r01.mp4,5457041,0.152300,1,
write,write,,,video_small,polyglot,1,01-01-04-01-01-01-16_r01.mp4,5457041,0.047259,1,
write,write,,,video_small,pg_bytea,1,01-01-04-01-02-01-19_r01.mp4,5498397,0.219046,1,
write,write,,,video_small,polyglot,1,01-01-04-01-02-01-19_r01.mp4,5498397,0.061408,1,
write,write,,,video_small,mongo_gridfs,1,01-01-04-01-02-01-19_r01.mp4,5498397,0.041969,1,
write,write,,,video_small,mongo_gridfs,1,01-01-04-01-02-01-21_r01.mp4,5498397,0.056288,1,
write,write,,,video_small,pg_bytea,1,01-01-04-01-02-01-21_r01.mp4,5498397,0.327875,1,
write,write,,,video_small,polyglot,1,01-01-04-01-02-01-21_r01.mp4,5498397,0.065382,1,
write,write,,,video_small,pg_bytea,1,01-01-04-01-02-01-22_r01.mp4,5498397,0.135650,1,
write,write,,,video_small,mongo_gridfs,1,01-01-04-01-02-01-22_r01.mp4,5498397,0.043732,1,
write,write,,,video_small,polyglot,1,01-01-04-01-02-01-22_r01.mp4,5498397,0.140564,1,
write,write,,,video_small,polyglot,1,01-01-04-02-01-01-18_r01.mp4,5498397,0.118751,1,
write,write,,,video_small,mongo_gridfs,1,01-01-04-02-01-01-18_r01.mp4,5498397,0.041742,1,
write,write,,,video_small,pg_bytea,1,01-01-04-02-01-01-18_r01.mp4,5498397,0.147788,1,
write,write,,,video_small,mongo_gridfs,1,01-01-04-02-01-01-19_r01.mp4,5498397,0.057562,1,
write,write,,,video_small,polyglot,1,01-01-04-02-01-01-19_r01.mp4,5498397,0.052113,1,
write,write,,,video_small,pg_bytea,1,01-01-04-02-01-01-19_r01.mp4,5498397,0.139262,1,
write,write,,,video_small,mongo_gridfs,1,01-01-04-02-02-01-02_r01.mp4,5498397,0.049212,1,
write,write,,,video_small,pg_bytea,1,01-01-04-02-02-01-02_r01.mp4,5498397,0.183603,1,
write,write,,,video_small,polyglot,1,01-01-04-02-02-01-02_r01.mp4,5498397,0.045204,1,
write,write,,,video_small,pg_bytea,1,01-01-04-02-02-01-05_r01.mp4,5498397,0.131905,1,
write,write,,,video_small,polyglot,1,01-01-04-02-02-01-05_r01.mp4,5498397,0.042136,1,
write,write,,,video_small,mongo_gridfs,1,01-01-04-02-02-01-05_r01.mp4,5498397,0.044374,1,
write,write,,,video_small,mongo_gridfs,1,01-01-04-02-02-01-06_r01.mp4,5498397,0.048272,1,
write,write,,,video_small,polyglot,1,01-01-04-02-02-01-06_r01.mp4,5498397,0.045958,1,
write,write,,,video_small,pg_bytea,1,01-01-04-02-02-01-06_r01.mp4,5498397,0.141041,1,
write,write,,,video_small,pg_bytea,1,01-01-04-02-02-01-13_r01.mp4,5498397,0.174169,1,
write,write,,,video_small,polyglot,1,01-01-04-02-02-01-13_r01.mp4,5498397,0.047447,1,
write,write,,,video_small,mongo_gridfs,1,01-01-04-02-02-01-13_r01.mp4,5498397,0.049896,1,
write,write,,,video_small,polyglot,1,01-01-04-02-02-01-17_r01.mp4,5498397,0.048423,1,
write,write,,,video_small,pg_bytea,1,01-01-04-02-02-01-17_r01.mp4,5498397,0.146659,1,
write,write,,,video_small,mongo_gridfs,1,01-01-04-02-02-01-17_r01.mp4,5498397,0.052546,1,
write,write,,,video_small,mongo_gridfs,1,01-01-04-02-02-02-19_r01.mp4,5498397,0.045587,1,
write,write,,,video_small,pg_bytea,1,01-01-04-02-02-02-19_r01.mp4,5498397,0.133943,1,
write,write,,,video_small,polyglot,1,01-01-04-02-02-02-19_r01.mp4,5498397,0.083042,1,
write,write,,,video_small,mongo_gridfs,1,01-01-05-01-01-02-09_r01.mp4,5498397,0.053654,1,
write,write,,,video_small,polyglot,1,01-01-05-01-01-02-09_r01.mp4,5498397,0.084267,1,
write,write,,,video_small,pg_bytea,1,01-01-05-01-01-02-09_r01.mp4,5498397,0.141190,1,
write,write,,,video_small,mongo_gridfs,1,01-01-05-01-01-02-19_r01.mp4,5498397,0.045789,1,
write,write,,,video_small,pg_bytea,1,01-01-05-01-01-02-19_r01.mp4,5498397,0.134929,1,
write,write,,,video_small,polyglot,1,01-01-05-01-01-02-19_r01.mp4,5498397,0.047537,1,
write,write,,,video_small,polyglot,1,01-01-05-01-01-02-21_r01.mp4,5457041,0.060560,1,
write,write,,,video_small,mongo_gridfs,1,01-01-05-01-01-02-21_r01.mp4,5457041,0.050243,1,
write,write,,,video_small,pg_bytea,1,01-01-05-01-01-02-21_r01.mp4,5457041,0.145322,1,
write,write,,,video_small,pg_bytea,1,01-01-05-01-02-01-19_r01.mp4,5457041,0.136888,1,
write,write,,,video_small,polyglot,1,01-01-05-01-02-01-19_r01.mp4,5457041,0.054587,1,
write,write,,,video_small,mongo_gridfs,1,01-01-05-01-02-01-19_r01.mp4,5457041,0.045023,1,
write,write,,,video_small,pg_bytea,1,01-01-05-01-02-02-04_r01.mp4,5457041,0.202176,1,
write,write,,,video_small,polyglot,1,01-01-05-01-02-02-04_r01.mp4,5457041,0.066756,1,
write,write,,,video_small,mongo_gridfs,1,01-01-05-01-02-02-04_r01.mp4,5457041,0.048324,1,
write,write,,,video_small,polyglot,1,01-01-05-01-02-02-05_r01.mp4,5498397,0.052515,1,
write,write,,,video_small,mongo_gridfs,1,01-01-05-01-02-02-05_r01.mp4,5498397,0.061231,1,
write,write,,,video_small,pg_bytea,1,01-01-05-01-02-02-05_r01.mp4,5498397,0.141987,1,
write,write,,,video_small,pg_bytea,1,01-01-05-02-01-02-04_r01.mp4,5457041,0.136472,1,
write,write,,,video_small,polyglot,1,01-01-05-02-01-02-04_r01.mp4,5457041,0.050732,1,
write,write,,,video_small,mongo_gridfs,1,01-01-05-02-01-02-04_r01.mp4,5457041,0.042828,1,
write,write,,,video_small,pg_bytea,1,01-01-05-02-01-02-12_r01.mp4,5457041,0.132455,1,
write,write,,,video_small,polyglot,1,01-01-05-02-01-02-12_r01.mp4,5457041,0.043378,1,
write,write,,,video_small,mongo_gridfs,1,01-01-05-02-01-02-12_r01.mp4,5457041,0.045768,1,
write,write,,,video_small,polyglot,1,01-01-05-02-01-02-14_r01.mp4,5457041,0.054253,1,
write,write,,,video_small,mongo_gridfs,1,01-01-05-02-01-02-14_r01.mp4,5457041,0.044009,1,
write,write,,,video_small,pg_bytea,1,01-01-05-02-01-02-14_r01.mp4,5457041,0.195277,1,
write,write,,,video_small,polyglot,1,01-01-05-02-02-02-19_r01.mp4,5498397,0.049269,1,
write,write,,,video_small,pg_bytea,1,01-01-05-02-02-02-19_r01.mp4,5498397,0.136058,1,
write,write,,,video_small,mongo_gridfs,1,01-01-05-02-02-02-19_r01.mp4,5498397,0.046991,1,
write,write,,,video_small,polyglot,1,01-01-05-02-02-02-20_r01.mp4,5498397,0.054501,1,
write,write,,,video_small,pg_bytea,1,01-01-05-02-02-02-20_r01.mp4,5498397,0.157688,1,
write,write,,,video_small,mongo_gridfs,1,01-01-05-02-02-02-20_r01.mp4,5498397,0.051485,1,
write,write,,,video_small,mongo_gridfs,1,01-01-05-02-02-02-23_r01.mp4,5498397,0.044873,1,
write,write,,,video_small,pg_bytea,1,01-01-05-02-02-02-23_r01.mp4,5498397,0.157770,1,
write,write,,,video_small,polyglot,1,01-01-05-02-02-02-23_r01.mp4,5498397,0.053301,1,
write,write,,,video_small,pg_bytea,1,01-01-06-01-01-01-08_r01.mp4,5457041,0.163810,1,
write,write,,,video_small,polyglot,1,01-01-06-01-01-01-08_r01.mp4,5457041,0.057479,1,
write,write,,,video_small,mongo_gridfs,1,01-01-06-01-01-01-08_r01.mp4,5457041,0.043829,1,
write,write,,,video_small,pg_bytea,1,01-01-06-01-01-01-19_r01.mp4,5457041,0.141329,1,
write,write,,,video_small,mongo_gridfs,1,01-01-06-01-01-01-19_r01.mp4,5457041,0.047055,1,
write,write,,,video_small,polyglot,1,01-01-06-01-01-01-19_r01.mp4,5457041,0.049641,1,
write,write,,,video_small,mongo_gridfs,1,01-01-06-01-01-01-24_r01.mp4,5498397,0.053762,1,
write,write,,,video_small,polyglot,1,01-01-06-01-01-01-24_r01.mp4,5498397,0.048738,1,
write,write,,,video_small,pg_bytea,1,01-01-06-01-01-01-24_r01.mp4,5498397,0.193069,1,
write,write,,,video_medium,pg_bytea,1,tsinghua_v_0024_r01.mp4,13091522,0.419809,1,
write,write,,,video_medium,mongo_gridfs,1,tsinghua_v_0024_r01.mp4,13091522,0.107571,1,
write,write,,,video_medium,polyglot,1,tsinghua_v_0024_r01.mp4,13091522,0.107570,1,
write,write,,,video_medium,pg_bytea,1,tsinghua_v_0046_r01.mp4,13091522,0.383449,1,
write,write,,,video_medium,polyglot,1,tsinghua_v_0046_r01.mp4,13091522,0.112067,1,
write,write,,,video_medium,mongo_gridfs,1,tsinghua_v_0046_r01.mp4,13091522,0.114987,1,
write,write,,,video_medium,mongo_gridfs,1,tsinghua_v_0076_r01.mp4,13091522,0.120279,1,
write,write,,,video_medium,pg_bytea,1,tsinghua_v_0076_r01.mp4,13091522,0.355138,1,
write,write,,,video_medium,polyglot,1,tsinghua_v_0076_r01.mp4,13091522,0.116521,1,
write,write,,,video_medium,mongo_gridfs,1,tsinghua_v_0080_r01.mp4,13091522,0.105016,1,
write,write,,,video_medium,pg_bytea,1,tsinghua_v_0080_r01.mp4,13091522,0.374608,1,
write,write,,,video_medium,polyglot,1,tsinghua_v_0080_r01.mp4,13091522,0.114455,1,
write,write,,,video_medium,pg_bytea,1,tsinghua_v_0109_r01.mp4,13091522,0.355576,1,
write,write,,,video_medium,polyglot,1,tsinghua_v_0109_r01.mp4,13091522,0.137849,1,
write,write,,,video_medium,mongo_gridfs,1,tsinghua_v_0109_r01.mp4,13091522,0.109244,1,
write,write,,,video_medium,polyglot,1,tsinghua_v_0123_r01.mp4,13091522,0.133590,1,
write,write,,,video_medium,pg_bytea,1,tsinghua_v_0123_r01.mp4,13091522,0.393987,1,
write,write,,,video_medium,mongo_gridfs,1,tsinghua_v_0123_r01.mp4,13091522,0.117158,1,
write,write,,,video_medium,polyglot,1,tsinghua_v_0130_r01.mp4,13091522,0.117137,1,
write,write,,,video_medium,pg_bytea,1,tsinghua_v_0130_r01.mp4,13091522,0.359270,1,
write,write,,,video_medium,mongo_gridfs,1,tsinghua_v_0130_r01.mp4,13091522,0.137653,1,
write,write,,,video_medium,mongo_gridfs,1,tsinghua_v_0135_r01.mp4,13091522,0.105031,1,
write,write,,,video_medium,pg_bytea,1,tsinghua_v_0135_r01.mp4,13091522,0.361489,1,
write,write,,,video_medium,polyglot,1,tsinghua_v_0135_r01.mp4,13091522,0.115852,1,
write,write,,,video_medium,pg_bytea,1,tsinghua_v_0137_r01.mp4,13091522,0.336610,1,
write,write,,,video_medium,mongo_gridfs,1,tsinghua_v_0137_r01.mp4,13091522,0.099877,1,
write,write,,,video_medium,polyglot,1,tsinghua_v_0137_r01.mp4,13091522,0.116124,1,
write,write,,,video_medium,pg_bytea,1,tsinghua_v_0140_r01.mp4,13091522,0.334058,1,
write,write,,,video_medium,mongo_gridfs,1,tsinghua_v_0140_r01.mp4,13091522,0.102061,1,
write,write,,,video_medium,polyglot,1,tsinghua_v_0140_r01.mp4,13091522,0.101816,1,
write,write,,,video_medium,mongo_gridfs,1,tsinghua_v_0151_r01.mp4,13091522,0.108547,1,
write,write,,,video_medium,polyglot,1,tsinghua_v_0151_r01.mp4,13091522,0.111195,1,
write,write,,,video_medium,pg_bytea,1,tsinghua_v_0151_r01.mp4,13091522,0.364266,1,
write,write,,,video_medium,mongo_gridfs,1,tsinghua_v_0157_r01.mp4,13091522,0.116086,1,
write,write,,,video_medium,polyglot,1,tsinghua_v_0157_r01.mp4,13091522,0.252116,1,
write,write,,,video_medium,pg_bytea,1,tsinghua_v_0157_r01.mp4,13091522,0.331781,1,
write,write,,,video_medium,mongo_gridfs,1,tsinghua_v_0209_r01.mp4,13091522,0.102807,1,
write,write,,,video_medium,polyglot,1,tsinghua_v_0209_r01.mp4,13091522,0.105001,1,
write,write,,,video_medium,pg_bytea,1,tsinghua_v_0209_r01.mp4,13091522,0.353314,1,
write,write,,,video_medium,polyglot,1,tsinghua_v_0226_r01.mp4,13091522,0.142345,1,
write,write,,,video_medium,pg_bytea,1,tsinghua_v_0226_r01.mp4,13091522,0.374576,1,
write,write,,,video_medium,mongo_gridfs,1,tsinghua_v_0226_r01.mp4,13091522,0.103773,1,
write,write,,,video_medium,pg_bytea,1,tsinghua_v_0236_r01.mp4,13091522,0.344470,1,
write,write,,,video_medium,mongo_gridfs,1,tsinghua_v_0236_r01.mp4,13091522,0.106194,1,
write,write,,,video_medium,polyglot,1,tsinghua_v_0236_r01.mp4,13091522,0.129299,1,
write,write,,,video_medium,mongo_gridfs,1,tsinghua_v_0274_r01.mp4,13091522,0.133495,1,
write,write,,,video_medium,polyglot,1,tsinghua_v_0274_r01.mp4,13091522,0.120618,1,
write,write,,,video_medium,pg_bytea,1,tsinghua_v_0274_r01.mp4,13091522,0.366835,1,
write,write,,,video_medium,polyglot,1,tsinghua_v_0280_r01.mp4,13091522,0.119240,1,
write,write,,,video_medium,mongo_gridfs,1,tsinghua_v_0280_r01.mp4,13091522,0.151265,1,
write,write,,,video_medium,pg_bytea,1,tsinghua_v_0280_r01.mp4,13091522,0.377459,1,
write,write,,,video_medium,mongo_gridfs,1,tsinghua_v_0302_r01.mp4,13091522,0.107011,1,
write,write,,,video_medium,polyglot,1,tsinghua_v_0302_r01.mp4,13091522,0.108663,1,
write,write,,,video_medium,pg_bytea,1,tsinghua_v_0302_r01.mp4,13091522,0.341296,1,
write,write,,,video_medium,mongo_gridfs,1,tsinghua_v_0311_r01.mp4,13091522,0.110584,1,
write,write,,,video_medium,pg_bytea,1,tsinghua_v_0311_r01.mp4,13091522,0.370301,1,
write,write,,,video_medium,polyglot,1,tsinghua_v_0311_r01.mp4,13091522,0.120720,1,
write,write,,,video_medium,polyglot,1,tsinghua_v_0316_r01.mp4,13091522,0.110721,1,
write,write,,,video_medium,mongo_gridfs,1,tsinghua_v_0316_r01.mp4,13091522,0.140841,1,
write,write,,,video_medium,pg_bytea,1,tsinghua_v_0316_r01.mp4,13091522,0.359703,1,
write,write,,,video_medium,pg_bytea,1,tsinghua_v_0319_r01.mp4,13091522,0.379947,1,
write,write,,,video_medium,mongo_gridfs,1,tsinghua_v_0319_r01.mp4,13091522,0.107330,1,
write,write,,,video_medium,polyglot,1,tsinghua_v_0319_r01.mp4,13091522,0.142864,1,
write,write,,,video_medium,mongo_gridfs,1,tsinghua_v_0321_r01.mp4,13091522,0.124058,1,
write,write,,,video_medium,pg_bytea,1,tsinghua_v_0321_r01.mp4,13091522,0.400322,1,
write,write,,,video_medium,polyglot,1,tsinghua_v_0321_r01.mp4,13091522,0.122081,1,
write,write,,,video_medium,mongo_gridfs,1,tsinghua_v_0331_r01.mp4,13091522,0.097609,1,
write,write,,,video_medium,polyglot,1,tsinghua_v_0331_r01.mp4,13091522,0.119176,1,
write,write,,,video_medium,pg_bytea,1,tsinghua_v_0331_r01.mp4,13091522,0.356168,1,
write,write,,,video_medium,mongo_gridfs,1,tsinghua_v_0345_r01.mp4,13091522,0.141853,1,
write,write,,,video_medium,pg_bytea,1,tsinghua_v_0345_r01.mp4,13091522,0.338968,1,
write,write,,,video_medium,polyglot,1,tsinghua_v_0345_r01.mp4,13091522,0.106930,1,
write,write,,,video_medium,mongo_gridfs,1,tsinghua_v_0356_r01.mp4,13091522,0.097882,1,
write,write,,,video_medium,polyglot,1,tsinghua_v_0356_r01.mp4,13091522,0.106702,1,
write,write,,,video_medium,pg_bytea,1,tsinghua_v_0356_r01.mp4,13091522,0.333270,1,
write,write,,,video_medium,pg_bytea,1,tsinghua_v_0357_r01.mp4,13091522,0.417806,1,
write,write,,,video_medium,polyglot,1,tsinghua_v_0357_r01.mp4,13091522,0.126166,1,
write,write,,,video_medium,mongo_gridfs,1,tsinghua_v_0357_r01.mp4,13091522,0.117443,1,
write,write,,,video_medium,polyglot,1,tsinghua_v_0379_r01.mp4,13091522,0.110922,1,
write,write,,,video_medium,pg_bytea,1,tsinghua_v_0379_r01.mp4,13091522,0.351814,1,
write,write,,,video_medium,mongo_gridfs,1,tsinghua_v_0379_r01.mp4,13091522,0.162493,1,
write,write,,,video_medium,polyglot,1,tsinghua_v_0393_r01.mp4,13091522,0.122496,1,
write,write,,,video_medium,mongo_gridfs,1,tsinghua_v_0393_r01.mp4,13091522,0.129482,1,
write,write,,,video_medium,pg_bytea,1,tsinghua_v_0393_r01.mp4,13091522,0.360917,1,
write,write,,,video_medium,pg_bytea,1,tsinghua_v_0421_r01.mp4,13091522,0.336651,1,
write,write,,,video_medium,mongo_gridfs,1,tsinghua_v_0421_r01.mp4,13091522,0.116283,1,
write,write,,,video_medium,polyglot,1,tsinghua_v_0421_r01.mp4,13091522,0.173323,1,
write,write,,,video_medium,pg_bytea,1,tsinghua_v_0424_r01.mp4,13091522,0.336127,1,
write,write,,,video_medium,polyglot,1,tsinghua_v_0424_r01.mp4,13091522,0.153197,1,
write,write,,,video_medium,mongo_gridfs,1,tsinghua_v_0424_r01.mp4,13091522,0.129423,1,
write,write,,,video_medium,mongo_gridfs,1,tsinghua_v_0427_r01.mp4,13091522,0.150700,1,
write,write,,,video_medium,pg_bytea,1,tsinghua_v_0427_r01.mp4,13091522,0.374673,1,
write,write,,,video_medium,polyglot,1,tsinghua_v_0427_r01.mp4,13091522,0.140018,1,
write,write,,,video_medium,pg_bytea,1,tsinghua_v_0431_r01.mp4,13091522,0.488448,1,
write,write,,,video_medium,mongo_gridfs,1,tsinghua_v_0431_r01.mp4,13091522,0.114053,1,
write,write,,,video_medium,polyglot,1,tsinghua_v_0431_r01.mp4,13091522,0.313824,1,
write,write,,,video_medium,pg_bytea,1,tsinghua_v_0452_r01.mp4,13091522,0.367310,1,
write,write,,,video_medium,mongo_gridfs,1,tsinghua_v_0452_r01.mp4,13091522,0.113121,1,
write,write,,,video_medium,polyglot,1,tsinghua_v_0452_r01.mp4,13091522,0.123480,1,
write,write,,,video_medium,polyglot,1,tsinghua_v_0454_r01.mp4,13091522,0.105409,1,
write,write,,,video_medium,mongo_gridfs,1,tsinghua_v_0454_r01.mp4,13091522,0.117875,1,
write,write,,,video_medium,pg_bytea,1,tsinghua_v_0454_r01.mp4,13091522,0.418667,1,
write,write,,,video_medium,pg_bytea,1,tsinghua_v_0457_r01.mp4,13091522,0.341859,1,
write,write,,,video_medium,mongo_gridfs,1,tsinghua_v_0457_r01.mp4,13091522,0.101966,1,
write,write,,,video_medium,polyglot,1,tsinghua_v_0457_r01.mp4,13091522,0.101209,1,
write,write,,,video_medium,polyglot,1,tsinghua_v_0466_r01.mp4,13091522,0.161884,1,
write,write,,,video_medium,pg_bytea,1,tsinghua_v_0466_r01.mp4,13091522,0.447281,1,
write,write,,,video_medium,mongo_gridfs,1,tsinghua_v_0466_r01.mp4,13091522,0.195847,1,
write,write,,,video_medium,polyglot,1,tsinghua_v_0471_r01.mp4,13091522,0.136970,1,
write,write,,,video_medium,pg_bytea,1,tsinghua_v_0471_r01.mp4,13091522,0.380021,1,
write,write,,,video_medium,mongo_gridfs,1,tsinghua_v_0471_r01.mp4,13091522,0.112951,1,
write,write,,,video_medium,mongo_gridfs,1,tsinghua_v_0472_r01.mp4,13091522,0.128800,1,
write,write,,,video_medium,polyglot,1,tsinghua_v_0472_r01.mp4,13091522,0.118960,1,
write,write,,,video_medium,pg_bytea,1,tsinghua_v_0472_r01.mp4,13091522,0.445894,1,
write,write,,,video_medium,pg_bytea,1,tsinghua_v_0494_r01.mp4,13091522,0.373068,1,
write,write,,,video_medium,mongo_gridfs,1,tsinghua_v_0494_r01.mp4,13091522,0.119637,1,
write,write,,,video_medium,polyglot,1,tsinghua_v_0494_r01.mp4,13091522,0.163714,1,
write,write,,,video_medium,mongo_gridfs,1,tsinghua_v_0503_r01.mp4,13091522,0.243612,1,
write,write,,,video_medium,polyglot,1,tsinghua_v_0503_r01.mp4,13091522,0.176692,1,
write,write,,,video_medium,pg_bytea,1,tsinghua_v_0503_r01.mp4,13091522,0.347055,1,
write,write,,,video_medium,pg_bytea,1,tsinghua_v_0509_r01.mp4,13091522,0.335389,1,
write,write,,,video_medium,polyglot,1,tsinghua_v_0509_r01.mp4,13091522,0.103471,1,
write,write,,,video_medium,mongo_gridfs,1,tsinghua_v_0509_r01.mp4,13091522,0.103531,1,
write,write,,,video_medium,polyglot,1,tsinghua_v_0523_r01.mp4,13091522,0.116477,1,
write,write,,,video_medium,mongo_gridfs,1,tsinghua_v_0523_r01.mp4,13091522,0.119589,1,
write,write,,,video_medium,pg_bytea,1,tsinghua_v_0523_r01.mp4,13091522,0.334853,1,
write,write,,,video_medium,polyglot,1,tsinghua_v_0546_r01.mp4,13091522,0.167043,1,
write,write,,,video_medium,mongo_gridfs,1,tsinghua_v_0546_r01.mp4,13091522,0.138663,1,
write,write,,,video_medium,pg_bytea,1,tsinghua_v_0546_r01.mp4,13091522,0.531416,1,
write,write,,,video_medium,mongo_gridfs,1,tsinghua_v_0568_r01.mp4,13091522,0.136267,1,
write,write,,,video_medium,polyglot,1,tsinghua_v_0568_r01.mp4,13091522,0.157280,1,
write,write,,,video_medium,pg_bytea,1,tsinghua_v_0568_r01.mp4,13091522,0.483115,1,
write,write,,,video_medium,mongo_gridfs,1,tsinghua_v_0594_r01.mp4,13091522,0.111435,1,
write,write,,,video_medium,pg_bytea,1,tsinghua_v_0594_r01.mp4,13091522,0.365610,1,
write,write,,,video_medium,polyglot,1,tsinghua_v_0594_r01.mp4,13091522,0.106921,1,
write,write,,,video_medium,pg_bytea,1,tsinghua_v_0596_r01.mp4,13091522,0.325037,1,
write,write,,,video_medium,polyglot,1,tsinghua_v_0596_r01.mp4,13091522,0.135257,1,
write,write,,,video_medium,mongo_gridfs,1,tsinghua_v_0596_r01.mp4,13091522,0.116021,1,
write,write,,,video_medium,pg_bytea,1,tsinghua_v_0635_r01.mp4,13091522,0.337241,1,
write,write,,,video_medium,polyglot,1,tsinghua_v_0635_r01.mp4,13091522,0.116074,1,
write,write,,,video_medium,mongo_gridfs,1,tsinghua_v_0635_r01.mp4,13091522,0.110806,1,
write,write,,,video_medium,mongo_gridfs,1,tsinghua_v_0653_r01.mp4,13091522,0.111023,1,
write,write,,,video_medium,pg_bytea,1,tsinghua_v_0653_r01.mp4,13091522,0.318803,1,
write,write,,,video_medium,polyglot,1,tsinghua_v_0653_r01.mp4,13091522,0.115387,1,
write,write,,,video_medium,polyglot,1,tsinghua_v_0667_r01.mp4,13091522,0.123803,1,
write,write,,,video_medium,mongo_gridfs,1,tsinghua_v_0667_r01.mp4,13091522,0.102761,1,
write,write,,,video_medium,pg_bytea,1,tsinghua_v_0667_r01.mp4,13091522,0.435851,1,
write,write,,,video_medium,mongo_gridfs,1,tsinghua_v_0673_r01.mp4,13091522,0.099205,1,
write,write,,,video_medium,polyglot,1,tsinghua_v_0673_r01.mp4,13091522,0.105698,1,
write,write,,,video_medium,pg_bytea,1,tsinghua_v_0673_r01.mp4,13091522,0.327974,1,
write,write,,,video_medium,mongo_gridfs,1,tsinghua_v_0681_r01.mp4,13091522,0.095977,1,
write,write,,,video_medium,pg_bytea,1,tsinghua_v_0681_r01.mp4,13091522,0.368657,1,
write,write,,,video_medium,polyglot,1,tsinghua_v_0681_r01.mp4,13091522,0.185534,1,
write,write,,,video_medium,polyglot,1,tsinghua_v_0690_r01.mp4,13091522,0.156316,1,
write,write,,,video_medium,pg_bytea,1,tsinghua_v_0690_r01.mp4,13091522,0.333999,1,
write,write,,,video_medium,mongo_gridfs,1,tsinghua_v_0690_r01.mp4,13091522,0.131904,1,
write,write,,,video_medium,pg_bytea,1,tsinghua_v_0692_r01.mp4,13091522,0.394105,1,
write,write,,,video_medium,mongo_gridfs,1,tsinghua_v_0692_r01.mp4,13091522,0.102181,1,
write,write,,,video_medium,polyglot,1,tsinghua_v_0692_r01.mp4,13091522,0.107053,1,
write,write,,,video_medium,pg_bytea,1,tsinghua_v_0696_r01.mp4,13091522,0.379795,1,
write,write,,,video_medium,polyglot,1,tsinghua_v_0696_r01.mp4,13091522,0.165853,1,
write,write,,,video_medium,mongo_gridfs,1,tsinghua_v_0696_r01.mp4,13091522,0.119521,1,
write,write,,,video_medium,polyglot,1,tsinghua_v_0734_r01.mp4,13091522,0.125554,1,
write,write,,,video_medium,pg_bytea,1,tsinghua_v_0734_r01.mp4,13091522,0.366896,1,
write,write,,,video_medium,mongo_gridfs,1,tsinghua_v_0734_r01.mp4,13091522,0.129133,1,
write,write,,,video_medium,mongo_gridfs,1,tsinghua_v_0737_r01.mp4,13091522,0.152288,1,
write,write,,,video_medium,polyglot,1,tsinghua_v_0737_r01.mp4,13091522,0.316268,1,
write,write,,,video_medium,pg_bytea,1,tsinghua_v_0737_r01.mp4,13091522,0.686618,1,
write,write,,,video_medium,mongo_gridfs,1,tsinghua_v_0744_r01.mp4,13091522,0.125358,1,
write,write,,,video_medium,polyglot,1,tsinghua_v_0744_r01.mp4,13091522,0.132109,1,
write,write,,,video_medium,pg_bytea,1,tsinghua_v_0744_r01.mp4,13091522,0.391498,1,
write,write,,,video_medium,polyglot,1,tsinghua_v_0745_r01.mp4,13091522,0.106092,1,
write,write,,,video_medium,mongo_gridfs,1,tsinghua_v_0745_r01.mp4,13091522,0.118778,1,
write,write,,,video_medium,pg_bytea,1,tsinghua_v_0745_r01.mp4,13091522,0.378855,1,
write,write,,,video_medium,mongo_gridfs,1,tsinghua_v_0769_r01.mp4,13091522,0.097398,1,
write,write,,,video_medium,polyglot,1,tsinghua_v_0769_r01.mp4,13091522,0.114361,1,
write,write,,,video_medium,pg_bytea,1,tsinghua_v_0769_r01.mp4,13091522,0.379405,1,
write,write,,,video_medium,mongo_gridfs,1,tsinghua_v_0791_r01.mp4,13091522,0.099479,1,
write,write,,,video_medium,polyglot,1,tsinghua_v_0791_r01.mp4,13091522,0.176858,1,
write,write,,,video_medium,pg_bytea,1,tsinghua_v_0791_r01.mp4,13091522,0.361430,1,
write,write,,,video_medium,mongo_gridfs,1,tsinghua_v_0792_r01.mp4,13091522,0.123919,1,
write,write,,,video_medium,pg_bytea,1,tsinghua_v_0792_r01.mp4,13091522,0.342718,1,
write,write,,,video_medium,polyglot,1,tsinghua_v_0792_r01.mp4,13091522,0.119988,1,
write,write,,,video_medium,pg_bytea,1,tsinghua_v_0857_r01.mp4,13091522,0.356307,1,
write,write,,,video_medium,polyglot,1,tsinghua_v_0857_r01.mp4,13091522,0.165867,1,
write,write,,,video_medium,mongo_gridfs,1,tsinghua_v_0857_r01.mp4,13091522,0.124188,1,
write,write,,,video_medium,pg_bytea,1,tsinghua_v_0866_r01.mp4,13091522,0.513783,1,
write,write,,,video_medium,mongo_gridfs,1,tsinghua_v_0866_r01.mp4,13091522,0.150713,1,
write,write,,,video_medium,polyglot,1,tsinghua_v_0866_r01.mp4,13091522,0.125429,1,
write,write,,,video_medium,pg_bytea,1,tsinghua_v_0880_r01.mp4,13091522,0.370804,1,
write,write,,,video_medium,mongo_gridfs,1,tsinghua_v_0880_r01.mp4,13091522,0.117103,1,
write,write,,,video_medium,polyglot,1,tsinghua_v_0880_r01.mp4,13091522,0.104644,1,
write,write,,,video_medium,pg_bytea,1,tsinghua_v_0888_r01.mp4,13091522,0.412535,1,
write,write,,,video_medium,polyglot,1,tsinghua_v_0888_r01.mp4,13091522,0.101097,1,
write,write,,,video_medium,mongo_gridfs,1,tsinghua_v_0888_r01.mp4,13091522,0.096626,1,
write,write,,,video_medium,polyglot,1,tsinghua_v_0901_r01.mp4,13091522,0.112347,1,
write,write,,,video_medium,pg_bytea,1,tsinghua_v_0901_r01.mp4,13091522,0.353869,1,
write,write,,,video_medium,mongo_gridfs,1,tsinghua_v_0901_r01.mp4,13091522,0.112378,1,
write,write,,,video_medium,polyglot,1,tsinghua_v_0937_r01.mp4,13091522,0.125612,1,
write,write,,,video_medium,pg_bytea,1,tsinghua_v_0937_r01.mp4,13091522,0.332512,1,
write,write,,,video_medium,mongo_gridfs,1,tsinghua_v_0937_r01.mp4,13091522,0.115012,1,
write,write,,,video_medium,polyglot,1,tsinghua_v_0939_r01.mp4,13091522,0.117642,1,
write,write,,,video_medium,mongo_gridfs,1,tsinghua_v_0939_r01.mp4,13091522,0.115685,1,
write,write,,,video_medium,pg_bytea,1,tsinghua_v_0939_r01.mp4,13091522,0.399392,1,
write,write,,,video_medium,mongo_gridfs,1,tsinghua_v_0961_r01.mp4,13091522,0.097945,1,
write,write,,,video_medium,polyglot,1,tsinghua_v_0961_r01.mp4,13091522,0.116307,1,
write,write,,,video_medium,pg_bytea,1,tsinghua_v_0961_r01.mp4,13091522,0.325441,1,
write,write,,,video_medium,mongo_gridfs,1,tsinghua_v_0977_r01.mp4,13091522,0.103713,1,
write,write,,,video_medium,pg_bytea,1,tsinghua_v_0977_r01.mp4,13091522,0.366699,1,
write,write,,,video_medium,polyglot,1,tsinghua_v_0977_r01.mp4,13091522,0.217685,1,
write,write,,,audio_small,mongo_gridfs,2,03-01-01-01-01-02-19_r02.wav,375720,0.007719,1,
write,write,,,audio_small,pg_bytea,2,03-01-01-01-01-02-19_r02.wav,375720,0.016010,1,
write,write,,,audio_small,polyglot,2,03-01-01-01-01-02-19_r02.wav,375720,0.008541,1,
write,write,,,audio_small,pg_bytea,2,03-01-01-01-02-02-05_r02.wav,396294,0.011545,1,
write,write,,,audio_small,mongo_gridfs,2,03-01-01-01-02-02-05_r02.wav,396294,0.007015,1,
write,write,,,audio_small,polyglot,2,03-01-01-01-02-02-05_r02.wav,396294,0.006699,1,
write,write,,,audio_small,pg_bytea,2,03-01-01-01-02-02-06_r02.wav,363108,0.010943,1,
write,write,,,audio_small,mongo_gridfs,2,03-01-01-01-02-02-06_r02.wav,363108,0.007495,1,
write,write,,,audio_small,polyglot,2,03-01-01-01-02-02-06_r02.wav,363108,0.008038,1,
write,write,,,audio_small,mongo_gridfs,2,03-01-01-01-02-02-07_r02.wav,363108,0.006651,1,
write,write,,,audio_small,polyglot,2,03-01-01-01-02-02-07_r02.wav,363108,0.006416,1,
write,write,,,audio_small,pg_bytea,2,03-01-01-01-02-02-07_r02.wav,363108,0.009437,1,
write,write,,,audio_small,mongo_gridfs,2,03-01-01-01-02-02-11_r02.wav,375720,0.006881,1,
write,write,,,audio_small,pg_bytea,2,03-01-01-01-02-02-11_r02.wav,375720,0.010120,1,
write,write,,,audio_small,polyglot,2,03-01-01-01-02-02-11_r02.wav,375720,0.006660,1,
write,write,,,audio_small,pg_bytea,2,03-01-01-01-02-02-12_r02.wav,372698,0.010642,1,
write,write,,,audio_small,mongo_gridfs,2,03-01-01-01-02-02-12_r02.wav,372698,0.006633,1,
write,write,,,audio_small,polyglot,2,03-01-01-01-02-02-12_r02.wav,372698,0.006493,1,
write,write,,,audio_small,pg_bytea,2,03-01-01-01-02-02-13_r02.wav,363108,0.017709,1,
write,write,,,audio_small,polyglot,2,03-01-01-01-02-02-13_r02.wav,363108,0.010569,1,
write,write,,,audio_small,mongo_gridfs,2,03-01-01-01-02-02-13_r02.wav,363108,0.005319,1,
write,write,,,audio_small,mongo_gridfs,2,03-01-01-02-01-02-05_r02.wav,393086,0.005321,1,
write,write,,,audio_small,polyglot,2,03-01-01-02-01-02-05_r02.wav,393086,0.006207,1,
write,write,,,audio_small,pg_bytea,2,03-01-01-02-01-02-05_r02.wav,393086,0.010062,1,
write,write,,,audio_small,mongo_gridfs,2,03-01-01-02-01-02-06_r02.wav,363108,0.006915,1,
write,write,,,audio_small,polyglot,2,03-01-01-02-01-02-06_r02.wav,363108,0.009503,1,
write,write,,,audio_small,pg_bytea,2,03-01-01-02-01-02-06_r02.wav,363108,0.010211,1,
write,write,,,audio_small,mongo_gridfs,2,03-01-01-02-01-02-07_r02.wav,372698,0.005643,1,
write,write,,,audio_small,pg_bytea,2,03-01-01-02-01-02-07_r02.wav,372698,0.010176,1,
write,write,,,audio_small,polyglot,2,03-01-01-02-01-02-07_r02.wav,372698,0.006720,1,
write,write,,,audio_small,mongo_gridfs,2,03-01-01-02-01-02-13_r02.wav,399494,0.006052,1,
write,write,,,audio_small,polyglot,2,03-01-01-02-01-02-13_r02.wav,399494,0.007610,1,
write,write,,,audio_small,pg_bytea,2,03-01-01-02-01-02-13_r02.wav,399494,0.010712,1,
write,write,,,audio_small,mongo_gridfs,2,03-01-01-02-02-02-19_r02.wav,372698,0.005517,1,
write,write,,,audio_small,polyglot,2,03-01-01-02-02-02-19_r02.wav,372698,0.006149,1,
write,write,,,audio_small,pg_bytea,2,03-01-01-02-02-02-19_r02.wav,372698,0.010028,1,
write,write,,,audio_small,pg_bytea,2,03-01-02-01-01-01-19_r02.wav,372698,0.010129,1,
write,write,,,audio_small,mongo_gridfs,2,03-01-02-01-01-01-19_r02.wav,372698,0.005898,1,
write,write,,,audio_small,polyglot,2,03-01-02-01-01-01-19_r02.wav,372698,0.007155,1,
write,write,,,audio_small,polyglot,2,03-01-02-01-02-01-06_r02.wav,363108,0.006850,1,
write,write,,,audio_small,mongo_gridfs,2,03-01-02-01-02-01-06_r02.wav,363108,0.004783,1,
write,write,,,audio_small,pg_bytea,2,03-01-02-01-02-01-06_r02.wav,363108,0.010121,1,
write,write,,,audio_small,pg_bytea,2,03-01-02-01-02-01-07_r02.wav,399494,0.012945,1,
write,write,,,audio_small,polyglot,2,03-01-02-01-02-01-07_r02.wav,399494,0.008909,1,
write,write,,,audio_small,mongo_gridfs,2,03-01-02-01-02-01-07_r02.wav,399494,0.005603,1,
write,write,,,audio_small,polyglot,2,03-01-02-01-02-01-11_r02.wav,375720,0.006002,1,
write,write,,,audio_small,pg_bytea,2,03-01-02-01-02-01-11_r02.wav,375720,0.009549,1,
write,write,,,audio_small,mongo_gridfs,2,03-01-02-01-02-01-11_r02.wav,375720,0.006694,1,
write,write,,,audio_small,mongo_gridfs,2,03-01-02-01-02-01-12_r02.wav,372698,0.005732,1,
write,write,,,audio_small,polyglot,2,03-01-02-01-02-01-12_r02.wav,372698,0.006134,1,
write,write,,,audio_small,pg_bytea,2,03-01-02-01-02-01-12_r02.wav,372698,0.011675,1,
write,write,,,audio_small,pg_bytea,2,03-01-02-01-02-01-13_r02.wav,379106,0.009907,1,
write,write,,,audio_small,polyglot,2,03-01-02-01-02-01-13_r02.wav,379106,0.007928,1,
write,write,,,audio_small,mongo_gridfs,2,03-01-02-01-02-01-13_r02.wav,379106,0.006698,1,
write,write,,,audio_small,mongo_gridfs,2,03-01-02-02-01-01-05_r02.wav,363108,0.005734,1,
write,write,,,audio_small,pg_bytea,2,03-01-02-02-01-01-05_r02.wav,363108,0.008919,1,
write,write,,,audio_small,polyglot,2,03-01-02-02-01-01-05_r02.wav,363108,0.005991,1,
write,write,,,audio_small,polyglot,2,03-01-02-02-01-01-11_r02.wav,363108,0.005606,1,
write,write,,,audio_small,pg_bytea,2,03-01-02-02-01-01-11_r02.wav,363108,0.009047,1,
write,write,,,audio_small,mongo_gridfs,2,03-01-02-02-01-01-11_r02.wav,363108,0.006206,1,
write,write,,,audio_small,pg_bytea,2,03-01-02-02-01-01-12_r02.wav,399494,0.010930,1,
write,write,,,audio_small,mongo_gridfs,2,03-01-02-02-01-01-12_r02.wav,399494,0.007967,1,
write,write,,,audio_small,polyglot,2,03-01-02-02-01-01-12_r02.wav,399494,0.007429,1,
write,write,,,audio_small,polyglot,2,03-01-02-02-01-01-13_r02.wav,399494,0.010288,1,
write,write,,,audio_small,pg_bytea,2,03-01-02-02-01-01-13_r02.wav,399494,0.010720,1,
write,write,,,audio_small,mongo_gridfs,2,03-01-02-02-01-01-13_r02.wav,399494,0.007824,1,
write,write,,,audio_small,polyglot,2,03-01-02-02-02-01-19_r02.wav,379106,0.008453,1,
write,write,,,audio_small,mongo_gridfs,2,03-01-02-02-02-01-19_r02.wav,379106,0.005817,1,
write,write,,,audio_small,pg_bytea,2,03-01-02-02-02-01-19_r02.wav,379106,0.010225,1,
write,write,,,audio_small,mongo_gridfs,2,03-01-03-01-01-02-05_r02.wav,396294,0.006639,1,
write,write,,,audio_small,polyglot,2,03-01-03-01-01-02-05_r02.wav,396294,0.008299,1,
write,write,,,audio_small,pg_bytea,2,03-01-03-01-01-02-05_r02.wav,396294,0.010394,1,
write,write,,,audio_small,pg_bytea,2,03-01-03-01-01-02-07_r02.wav,393086,0.010064,1,
write,write,,,audio_small,mongo_gridfs,2,03-01-03-01-01-02-07_r02.wav,393086,0.007115,1,
write,write,,,audio_small,polyglot,2,03-01-03-01-01-02-07_r02.wav,393086,0.007281,1,
write,write,,,audio_small,pg_bytea,2,03-01-03-01-01-02-12_r02.wav,399494,0.010172,1,
write,write,,,audio_small,mongo_gridfs,2,03-01-03-01-01-02-12_r02.wav,399494,0.005811,1,
write,write,,,audio_small,polyglot,2,03-01-03-01-01-02-12_r02.wav,399494,0.006637,1,
write,write,,,audio_small,mongo_gridfs,2,03-01-03-01-01-02-13_r02.wav,399494,0.007454,1,
write,write,,,audio_small,polyglot,2,03-01-03-01-01-02-13_r02.wav,399494,0.007254,1,
write,write,,,audio_small,pg_bytea,2,03-01-03-01-01-02-13_r02.wav,399494,0.011025,1,
write,write,,,audio_small,polyglot,2,03-01-03-01-02-02-18_r02.wav,393086,0.006009,1,
write,write,,,audio_small,pg_bytea,2,03-01-03-01-02-02-18_r02.wav,393086,0.009390,1,
write,write,,,audio_small,mongo_gridfs,2,03-01-03-01-02-02-18_r02.wav,393086,0.007194,1,
write,write,,,audio_small,pg_bytea,2,03-01-03-01-02-02-19_r02.wav,399494,0.011005,1,
write,write,,,audio_small,mongo_gridfs,2,03-01-03-01-02-02-19_r02.wav,399494,0.006322,1,
write,write,,,audio_small,polyglot,2,03-01-03-01-02-02-19_r02.wav,399494,0.007025,1,
write,write,,,audio_small,pg_bytea,2,03-01-03-02-01-02-18_r02.wav,396294,0.013345,1,
write,write,,,audio_small,mongo_gridfs,2,03-01-03-02-01-02-18_r02.wav,396294,0.006772,1,
write,write,,,audio_small,polyglot,2,03-01-03-02-01-02-18_r02.wav,396294,0.007903,1,
write,write,,,audio_small,pg_bytea,2,03-01-03-02-01-02-19_r02.wav,372698,0.010410,1,
write,write,,,audio_small,polyglot,2,03-01-03-02-01-02-19_r02.wav,372698,0.005988,1,
write,write,,,audio_small,mongo_gridfs,2,03-01-03-02-01-02-19_r02.wav,372698,0.004335,1,
write,write,,,audio_small,pg_bytea,2,03-01-03-02-02-02-04_r02.wav,379106,0.009676,1,
write,write,,,audio_small,mongo_gridfs,2,03-01-03-02-02-02-04_r02.wav,379106,0.005469,1,
write,write,,,audio_small,polyglot,2,03-01-03-02-02-02-04_r02.wav,379106,0.005944,1,
write,write,,,audio_small,mongo_gridfs,2,03-01-03-02-02-02-06_r02.wav,399494,0.005042,1,
write,write,,,audio_small,polyglot,2,03-01-03-02-02-02-06_r02.wav,399494,0.010349,1,
write,write,,,audio_small,pg_bytea,2,03-01-03-02-02-02-06_r02.wav,399494,0.014241,1,
write,write,,,audio_small,polyglot,2,03-01-03-02-02-02-07_r02.wav,393086,0.007298,1,
write,write,,,audio_small,pg_bytea,2,03-01-03-02-02-02-07_r02.wav,393086,0.010798,1,
write,write,,,audio_small,mongo_gridfs,2,03-01-03-02-02-02-07_r02.wav,393086,0.006452,1,
write,write,,,audio_small,pg_bytea,2,03-01-03-02-02-02-10_r02.wav,375720,0.009555,1,
write,write,,,audio_small,polyglot,2,03-01-03-02-02-02-10_r02.wav,375720,0.007621,1,
write,write,,,audio_small,mongo_gridfs,2,03-01-03-02-02-02-10_r02.wav,375720,0.007143,1,
write,write,,,audio_small,pg_bytea,2,03-01-03-02-02-02-11_r02.wav,396294,0.013844,1,
write,write,,,audio_small,polyglot,2,03-01-03-02-02-02-11_r02.wav,396294,0.007186,1,
write,write,,,audio_small,mongo_gridfs,2,03-01-03-02-02-02-11_r02.wav,396294,0.006034,1,
write,write,,,audio_small,mongo_gridfs,2,03-01-03-02-02-02-13_r02.wav,399494,0.005376,1,
write,write,,,audio_small,polyglot,2,03-01-03-02-02-02-13_r02.wav,399494,0.006280,1,
write,write,,,audio_small,pg_bytea,2,03-01-03-02-02-02-13_r02.wav,399494,0.016509,1,
write,write,,,audio_small,polyglot,2,03-01-04-01-01-02-01_r02.wav,396294,0.013813,1,
write,write,,,audio_small,pg_bytea,2,03-01-04-01-01-02-01_r02.wav,396294,0.010923,1,
write,write,,,audio_small,mongo_gridfs,2,03-01-04-01-01-02-01_r02.wav,396294,0.006387,1,
write,write,,,audio_small,polyglot,2,03-01-04-01-01-02-02_r02.wav,379106,0.005566,1,
write,write,,,audio_small,mongo_gridfs,2,03-01-04-01-01-02-02_r02.wav,379106,0.005042,1,
write,write,,,audio_small,pg_bytea,2,03-01-04-01-01-02-02_r02.wav,379106,0.012472,1,
write,write,,,audio_small,pg_bytea,2,03-01-04-01-01-02-16_r02.wav,379106,0.009719,1,
write,write,,,audio_small,polyglot,2,03-01-04-01-01-02-16_r02.wav,379106,0.007001,1,
write,write,,,audio_small,mongo_gridfs,2,03-01-04-01-01-02-16_r02.wav,379106,0.006495,1,
write,write,,,audio_small,polyglot,2,03-01-04-01-02-02-08_r02.wav,372698,0.006318,1,
write,write,,,audio_small,mongo_gridfs,2,03-01-04-01-02-02-08_r02.wav,372698,0.006013,1,
write,write,,,audio_small,pg_bytea,2,03-01-04-01-02-02-08_r02.wav,372698,0.010622,1,
write,write,,,audio_small,pg_bytea,2,03-01-04-01-02-02-09_r02.wav,363108,0.010785,1,
write,write,,,audio_small,mongo_gridfs,2,03-01-04-01-02-02-09_r02.wav,363108,0.009937,1,
write,write,,,audio_small,polyglot,2,03-01-04-01-02-02-09_r02.wav,363108,0.005156,1,
write,write,,,audio_small,pg_bytea,2,03-01-04-01-02-02-20_r02.wav,396294,0.009938,1,
write,write,,,audio_small,mongo_gridfs,2,03-01-04-01-02-02-20_r02.wav,396294,0.005787,1,
write,write,,,audio_small,polyglot,2,03-01-04-01-02-02-20_r02.wav,396294,0.026645,1,
write,write,,,audio_small,pg_bytea,2,03-01-04-01-02-02-21_r02.wav,363108,0.009558,1,
write,write,,,audio_small,mongo_gridfs,2,03-01-04-01-02-02-21_r02.wav,363108,0.006330,1,
write,write,,,audio_small,polyglot,2,03-01-04-01-02-02-21_r02.wav,363108,0.007036,1,
write,write,,,audio_small,pg_bytea,2,03-01-04-01-02-02-22_r02.wav,372698,0.012790,1,
write,write,,,audio_small,polyglot,2,03-01-04-01-02-02-22_r02.wav,372698,0.008431,1,
write,write,,,audio_small,mongo_gridfs,2,03-01-04-01-02-02-22_r02.wav,372698,0.007947,1,
write,write,,,audio_small,pg_bytea,2,03-01-04-01-02-02-23_r02.wav,363108,0.010122,1,
write,write,,,audio_small,polyglot,2,03-01-04-01-02-02-23_r02.wav,363108,0.006383,1,
write,write,,,audio_small,mongo_gridfs,2,03-01-04-01-02-02-23_r02.wav,363108,0.005703,1,
write,write,,,audio_small,mongo_gridfs,2,03-01-04-02-01-02-09_r02.wav,379106,0.005410,1,
write,write,,,audio_small,pg_bytea,2,03-01-04-02-01-02-09_r02.wav,379106,0.009995,1,
write,write,,,audio_small,polyglot,2,03-01-04-02-01-02-09_r02.wav,379106,0.006586,1,
write,write,,,audio_small,mongo_gridfs,2,03-01-04-02-01-02-20_r02.wav,379106,0.005374,1,
write,write,,,audio_small,polyglot,2,03-01-04-02-01-02-20_r02.wav,379106,0.006028,1,
write,write,,,audio_small,pg_bytea,2,03-01-04-02-01-02-20_r02.wav,379106,0.009425,1,
write,write,,,audio_small,polyglot,2,03-01-04-02-01-02-21_r02.wav,393086,0.008335,1,
write,write,,,audio_small,mongo_gridfs,2,03-01-04-02-01-02-21_r02.wav,393086,0.007241,1,
write,write,,,audio_small,pg_bytea,2,03-01-04-02-01-02-21_r02.wav,393086,0.011887,1,
write,write,,,audio_small,mongo_gridfs,2,03-01-04-02-01-02-22_r02.wav,379106,0.006081,1,
write,write,,,audio_small,pg_bytea,2,03-01-04-02-01-02-22_r02.wav,379106,0.011082,1,
write,write,,,audio_small,polyglot,2,03-01-04-02-01-02-22_r02.wav,379106,0.007038,1,
write,write,,,audio_small,pg_bytea,2,03-01-04-02-02-02-14_r02.wav,375720,0.011067,1,
write,write,,,audio_small,mongo_gridfs,2,03-01-04-02-02-02-14_r02.wav,375720,0.005861,1,
write,write,,,audio_small,polyglot,2,03-01-04-02-02-02-14_r02.wav,375720,0.006124,1,
write,write,,,audio_small,polyglot,2,03-01-04-02-02-02-15_r02.wav,379106,0.006488,1,
write,write,,,audio_small,mongo_gridfs,2,03-01-04-02-02-02-15_r02.wav,379106,0.005385,1,
write,write,,,audio_small,pg_bytea,2,03-01-04-02-02-02-15_r02.wav,379106,0.009786,1,
write,write,,,audio_small,mongo_gridfs,2,03-01-04-02-02-02-16_r02.wav,375720,0.005396,1,
write,write,,,audio_small,polyglot,2,03-01-04-02-02-02-16_r02.wav,375720,0.005875,1,
write,write,,,audio_small,pg_bytea,2,03-01-04-02-02-02-16_r02.wav,375720,0.010898,1,
write,write,,,audio_small,polyglot,2,03-01-04-02-02-02-17_r02.wav,363108,0.006136,1,
write,write,,,audio_small,mongo_gridfs,2,03-01-04-02-02-02-17_r02.wav,363108,0.015362,1,
write,write,,,audio_small,pg_bytea,2,03-01-04-02-02-02-17_r02.wav,363108,0.131536,1,
write,write,,,audio_small,mongo_gridfs,2,03-01-05-01-01-01-09_r02.wav,393086,0.049306,1,
write,write,,,audio_small,polyglot,2,03-01-05-01-01-01-09_r02.wav,393086,0.008158,1,
write,write,,,audio_small,pg_bytea,2,03-01-05-01-01-01-09_r02.wav,393086,0.010970,1,
write,write,,,audio_small,polyglot,2,03-01-05-01-01-01-22_r02.wav,393086,0.026896,1,
write,write,,,audio_small,pg_bytea,2,03-01-05-01-01-01-22_r02.wav,393086,0.011831,1,
write,write,,,audio_small,mongo_gridfs,2,03-01-05-01-01-01-22_r02.wav,393086,0.035212,1,
write,write,,,audio_small,mongo_gridfs,2,03-01-05-01-02-01-02_r02.wav,372698,0.004763,1,
write,write,,,audio_small,polyglot,2,03-01-05-01-02-01-02_r02.wav,372698,0.007760,1,
write,write,,,audio_small,pg_bytea,2,03-01-05-01-02-01-02_r02.wav,372698,0.017456,1,
write,write,,,audio_small,polyglot,2,03-01-05-01-02-01-03_r02.wav,396294,0.007284,1,
write,write,,,audio_small,pg_bytea,2,03-01-05-01-02-01-03_r02.wav,396294,0.011698,1,
write,write,,,audio_small,mongo_gridfs,2,03-01-05-01-02-01-03_r02.wav,396294,0.006315,1,
write,write,,,audio_small,pg_bytea,2,03-01-05-01-02-01-15_r02.wav,363108,0.011796,1,
write,write,,,audio_small,polyglot,2,03-01-05-01-02-01-15_r02.wav,363108,0.007160,1,
write,write,,,audio_small,mongo_gridfs,2,03-01-05-01-02-01-15_r02.wav,363108,0.006335,1,
write,write,,,audio_small,pg_bytea,2,03-01-05-01-02-01-16_r02.wav,372698,0.010927,1,
write,write,,,audio_small,polyglot,2,03-01-05-01-02-01-16_r02.wav,372698,0.008004,1,
write,write,,,audio_small,mongo_gridfs,2,03-01-05-01-02-01-16_r02.wav,372698,0.005277,1,
write,write,,,audio_small,mongo_gridfs,2,03-01-05-01-02-01-17_r02.wav,393086,0.005677,1,
write,write,,,audio_small,polyglot,2,03-01-05-01-02-01-17_r02.wav,393086,0.007188,1,
write,write,,,audio_small,pg_bytea,2,03-01-05-01-02-01-17_r02.wav,393086,0.012497,1,
write,write,,,audio_small,pg_bytea,2,03-01-05-02-01-01-01_r02.wav,372698,0.010195,1,
write,write,,,audio_small,mongo_gridfs,2,03-01-05-02-01-01-01_r02.wav,372698,0.005871,1,
write,write,,,audio_small,polyglot,2,03-01-05-02-01-01-01_r02.wav,372698,0.005998,1,
write,write,,,audio_small,pg_bytea,2,03-01-05-02-01-01-02_r02.wav,375720,0.009517,1,
write,write,,,audio_small,mongo_gridfs,2,03-01-05-02-01-01-02_r02.wav,375720,0.005677,1,
write,write,,,audio_small,polyglot,2,03-01-05-02-01-01-02_r02.wav,375720,0.010763,1,
write,write,,,audio_small,polyglot,2,03-01-05-02-01-01-03_r02.wav,372698,0.010318,1,
write,write,,,audio_small,mongo_gridfs,2,03-01-05-02-01-01-03_r02.wav,372698,0.005486,1,
write,write,,,audio_small,pg_bytea,2,03-01-05-02-01-01-03_r02.wav,372698,0.009458,1,
write,write,,,audio_small,pg_bytea,2,03-01-05-02-01-01-15_r02.wav,396294,0.011009,1,
write,write,,,audio_small,polyglot,2,03-01-05-02-01-01-15_r02.wav,396294,0.007051,1,
write,write,,,audio_small,mongo_gridfs,2,03-01-05-02-01-01-15_r02.wav,396294,0.005506,1,
write,write,,,audio_small,pg_bytea,2,03-01-05-02-01-01-16_r02.wav,399494,0.013835,1,
write,write,,,audio_small,mongo_gridfs,2,03-01-05-02-01-01-16_r02.wav,399494,0.005988,1,
write,write,,,audio_small,polyglot,2,03-01-05-02-01-01-16_r02.wav,399494,0.017275,1,
write,write,,,audio_small,pg_bytea,2,03-01-05-02-01-01-17_r02.wav,363108,0.010855,1,
write,write,,,audio_small,polyglot,2,03-01-05-02-01-01-17_r02.wav,363108,0.007063,1,
write,write,,,audio_small,mongo_gridfs,2,03-01-05-02-01-01-17_r02.wav,363108,0.004972,1,
write,write,,,audio_small,pg_bytea,2,03-01-05-02-02-01-09_r02.wav,396294,0.009803,1,
write,write,,,audio_small,polyglot,2,03-01-05-02-02-01-09_r02.wav,396294,0.005935,1,
write,write,,,audio_small,mongo_gridfs,2,03-01-05-02-02-01-09_r02.wav,396294,0.005449,1,
write,write,,,audio_small,mongo_gridfs,2,03-01-05-02-02-01-21_r02.wav,375720,0.005128,1,
write,write,,,audio_small,polyglot,2,03-01-05-02-02-01-21_r02.wav,375720,0.007797,1,
write,write,,,audio_small,pg_bytea,2,03-01-05-02-02-01-21_r02.wav,375720,0.012458,1,
write,write,,,audio_small,pg_bytea,2,03-01-05-02-02-01-22_r02.wav,379106,0.009606,1,
write,write,,,audio_small,mongo_gridfs,2,03-01-05-02-02-01-22_r02.wav,379106,0.005844,1,
write,write,,,audio_small,polyglot,2,03-01-05-02-02-01-22_r02.wav,379106,0.006741,1,
write,write,,,audio_medium,polyglot,2,03-02-01-01-01-02-22_r02.wav,526650,0.007890,1,
write,write,,,audio_medium,pg_bytea,2,03-02-01-01-01-02-22_r02.wav,526650,0.014236,1,
write,write,,,audio_medium,mongo_gridfs,2,03-02-01-01-01-02-22_r02.wav,526650,0.009318,1,
write,write,,,audio_medium,polyglot,2,03-02-01-01-01-02-23_r02.wav,539464,0.007425,1,
write,write,,,audio_medium,mongo_gridfs,2,03-02-01-01-01-02-23_r02.wav,539464,0.007140,1,
write,write,,,audio_medium,pg_bytea,2,03-02-01-01-01-02-23_r02.wav,539464,0.014525,1,
write,write,,,audio_medium,polyglot,2,03-02-01-01-02-02-02_r02.wav,539464,0.007668,1,
write,write,,,audio_medium,pg_bytea,2,03-02-01-01-02-02-02_r02.wav,539464,0.014719,1,
write,write,,,audio_medium,mongo_gridfs,2,03-02-01-01-02-02-02_r02.wav,539464,0.008597,1,
write,write,,,audio_medium,polyglot,2,03-02-01-01-02-02-03_r02.wav,520242,0.012104,1,
write,write,,,audio_medium,mongo_gridfs,2,03-02-01-01-02-02-03_r02.wav,520242,0.008182,1,
write,write,,,audio_medium,pg_bytea,2,03-02-01-01-02-02-03_r02.wav,520242,0.013633,1,
write,write,,,audio_medium,mongo_gridfs,2,03-02-01-01-02-02-16_r02.wav,539464,0.007315,1,
write,write,,,audio_medium,pg_bytea,2,03-02-01-01-02-02-16_r02.wav,539464,0.018475,1,
write,write,,,audio_medium,polyglot,2,03-02-01-01-02-02-16_r02.wav,539464,0.008683,1,
write,write,,,audio_medium,polyglot,2,03-02-01-01-02-02-17_r02.wav,561888,0.006773,1,
write,write,,,audio_medium,pg_bytea,2,03-02-01-01-02-02-17_r02.wav,561888,0.013724,1,
write,write,,,audio_medium,mongo_gridfs,2,03-02-01-01-02-02-17_r02.wav,561888,0.006040,1,
write,write,,,audio_medium,polyglot,2,03-02-01-02-01-02-01_r02.wav,533056,0.007023,1,
write,write,,,audio_medium,mongo_gridfs,2,03-02-01-02-01-02-01_r02.wav,533056,0.006168,1,
write,write,,,audio_medium,pg_bytea,2,03-02-01-02-01-02-01_r02.wav,533056,0.014478,1,
write,write,,,audio_medium,mongo_gridfs,2,03-02-01-02-01-02-02_r02.wav,523448,0.006146,1,
write,write,,,audio_medium,pg_bytea,2,03-02-01-02-01-02-02_r02.wav,523448,0.015325,1,
write,write,,,audio_medium,polyglot,2,03-02-01-02-01-02-02_r02.wav,523448,0.007621,1,
write,write,,,audio_medium,pg_bytea,2,03-02-01-02-01-02-03_r02.wav,533056,0.015719,1,
write,write,,,audio_medium,mongo_gridfs,2,03-02-01-02-01-02-03_r02.wav,533056,0.008910,1,
write,write,,,audio_medium,polyglot,2,03-02-01-02-01-02-03_r02.wav,533056,0.007631,1,
write,write,,,audio_medium,polyglot,2,03-02-01-02-01-02-15_r02.wav,561882,0.006978,1,
write,write,,,audio_medium,pg_bytea,2,03-02-01-02-01-02-15_r02.wav,561882,0.016869,1,
write,write,,,audio_medium,mongo_gridfs,2,03-02-01-02-01-02-15_r02.wav,561882,0.007406,1,
write,write,,,audio_medium,mongo_gridfs,2,03-02-01-02-01-02-16_r02.wav,526650,0.006186,1,
write,write,,,audio_medium,polyglot,2,03-02-01-02-01-02-16_r02.wav,526650,0.007234,1,
write,write,,,audio_medium,pg_bytea,2,03-02-01-02-01-02-16_r02.wav,526650,0.013952,1,
write,write,,,audio_medium,polyglot,2,03-02-01-02-01-02-17_r02.wav,533056,0.007621,1,
write,write,,,audio_medium,mongo_gridfs,2,03-02-01-02-01-02-17_r02.wav,533056,0.008294,1,
write,write,,,audio_medium,pg_bytea,2,03-02-01-02-01-02-17_r02.wav,533056,0.014623,1,
write,write,,,audio_medium,pg_bytea,2,03-02-01-02-02-02-22_r02.wav,520242,0.013986,1,
write,write,,,audio_medium,polyglot,2,03-02-01-02-02-02-22_r02.wav,520242,0.009546,1,
write,write,,,audio_medium,mongo_gridfs,2,03-02-01-02-02-02-22_r02.wav,520242,0.006973,1,
write,write,,,audio_medium,mongo_gridfs,2,03-02-01-02-02-02-23_r02.wav,520242,0.007427,1,
write,write,,,audio_medium,polyglot,2,03-02-01-02-02-02-23_r02.wav,520242,0.007788,1,
write,write,,,audio_medium,pg_bytea,2,03-02-01-02-02-02-23_r02.wav,520242,0.016182,1,
write,write,,,audio_medium,polyglot,2,03-02-02-01-01-01-22_r02.wav,523448,0.009701,1,
write,write,,,audio_medium,mongo_gridfs,2,03-02-02-01-01-01-22_r02.wav,523448,0.009405,1,
write,write,,,audio_medium,pg_bytea,2,03-02-02-01-01-01-22_r02.wav,523448,0.015965,1,
write,write,,,audio_medium,polyglot,2,03-02-02-01-01-01-23_r02.wav,561888,0.014119,1,
write,write,,,audio_medium,pg_bytea,2,03-02-02-01-01-01-23_r02.wav,561888,0.015446,1,
write,write,,,audio_medium,mongo_gridfs,2,03-02-02-01-01-01-23_r02.wav,561888,0.007651,1,
write,write,,,audio_medium,polyglot,2,03-02-02-01-02-01-01_r02.wav,520242,0.011271,1,
write,write,,,audio_medium,pg_bytea,2,03-02-02-01-02-01-01_r02.wav,520242,0.014299,1,
write,write,,,audio_medium,mongo_gridfs,2,03-02-02-01-02-01-01_r02.wav,520242,0.008255,1,
write,write,,,audio_medium,polyglot,2,03-02-02-01-02-01-02_r02.wav,539464,0.009721,1,
write,write,,,audio_medium,pg_bytea,2,03-02-02-01-02-01-02_r02.wav,539464,0.017281,1,
write,write,,,audio_medium,mongo_gridfs,2,03-02-02-01-02-01-02_r02.wav,539464,0.009226,1,
write,write,,,audio_medium,mongo_gridfs,2,03-02-02-01-02-01-03_r02.wav,533056,0.009494,1,
write,write,,,audio_medium,polyglot,2,03-02-02-01-02-01-03_r02.wav,533056,0.009295,1,
write,write,,,audio_medium,pg_bytea,2,03-02-02-01-02-01-03_r02.wav,533056,0.015835,1,
write,write,,,audio_medium,pg_bytea,2,03-02-02-01-02-01-16_r02.wav,561882,0.015499,1,
write,write,,,audio_medium,mongo_gridfs,2,03-02-02-01-02-01-16_r02.wav,561882,0.007548,1,
write,write,,,audio_medium,polyglot,2,03-02-02-01-02-01-16_r02.wav,561882,0.007674,1,
write,write,,,audio_medium,mongo_gridfs,2,03-02-02-02-01-01-01_r02.wav,539464,0.006703,1,
write,write,,,audio_medium,polyglot,2,03-02-02-02-01-01-01_r02.wav,539464,0.007222,1,
write,write,,,audio_medium,pg_bytea,2,03-02-02-02-01-01-01_r02.wav,539464,0.013389,1,
write,write,,,audio_medium,polyglot,2,03-02-02-02-01-01-02_r02.wav,526650,0.007165,1,
write,write,,,audio_medium,mongo_gridfs,2,03-02-02-02-01-01-02_r02.wav,526650,0.007785,1,
write,write,,,audio_medium,pg_bytea,2,03-02-02-02-01-01-02_r02.wav,526650,0.015717,1,
write,write,,,audio_medium,polyglot,2,03-02-02-02-01-01-15_r02.wav,539464,0.010829,1,
write,write,,,audio_medium,pg_bytea,2,03-02-02-02-01-01-15_r02.wav,539464,0.015862,1,
write,write,,,audio_medium,mongo_gridfs,2,03-02-02-02-01-01-15_r02.wav,539464,0.008730,1,
write,write,,,audio_medium,mongo_gridfs,2,03-02-02-02-01-01-16_r02.wav,520242,0.007094,1,
write,write,,,audio_medium,pg_bytea,2,03-02-02-02-01-01-16_r02.wav,520242,0.014674,1,
write,write,,,audio_medium,polyglot,2,03-02-02-02-01-01-16_r02.wav,520242,0.007734,1,
write,write,,,audio_medium,pg_bytea,2,03-02-02-02-01-01-17_r02.wav,539464,0.014625,1,
write,write,,,audio_medium,polyglot,2,03-02-02-02-01-01-17_r02.wav,539464,0.008485,1,
write,write,,,audio_medium,mongo_gridfs,2,03-02-02-02-01-01-17_r02.wav,539464,0.009214,1,
write,write,,,audio_medium,mongo_gridfs,2,03-02-02-02-02-01-22_r02.wav,539464,0.008017,1,
write,write,,,audio_medium,polyglot,2,03-02-02-02-02-01-22_r02.wav,539464,0.007659,1,
write,write,,,audio_medium,pg_bytea,2,03-02-02-02-02-01-22_r02.wav,539464,0.015222,1,
write,write,,,audio_medium,mongo_gridfs,2,03-02-02-02-02-01-23_r02.wav,520242,0.007400,1,
write,write,,,audio_medium,polyglot,2,03-02-02-02-02-01-23_r02.wav,520242,0.008971,1,
write,write,,,audio_medium,pg_bytea,2,03-02-02-02-02-01-23_r02.wav,520242,0.014274,1,
write,write,,,audio_medium,mongo_gridfs,2,03-02-03-01-01-02-01_r02.wav,561882,0.007263,1,
write,write,,,audio_medium,polyglot,2,03-02-03-01-01-02-01_r02.wav,561882,0.007575,1,
write,write,,,audio_medium,pg_bytea,2,03-02-03-01-01-02-01_r02.wav,561882,0.016263,1,
write,write,,,audio_medium,mongo_gridfs,2,03-02-03-01-01-02-02_r02.wav,561882,0.007498,1,
write,write,,,audio_medium,pg_bytea,2,03-02-03-01-01-02-02_r02.wav,561882,0.014783,1,
write,write,,,audio_medium,polyglot,2,03-02-03-01-01-02-02_r02.wav,561882,0.008771,1,
write,write,,,audio_medium,polyglot,2,03-02-03-01-01-02-03_r02.wav,539464,0.009828,1,
write,write,,,audio_medium,mongo_gridfs,2,03-02-03-01-01-02-03_r02.wav,539464,0.009001,1,
write,write,,,audio_medium,pg_bytea,2,03-02-03-01-01-02-03_r02.wav,539464,0.015044,1,
write,write,,,audio_medium,polyglot,2,03-02-03-01-01-02-15_r02.wav,526650,0.008302,1,
write,write,,,audio_medium,pg_bytea,2,03-02-03-01-01-02-15_r02.wav,526650,0.013965,1,
write,write,,,audio_medium,mongo_gridfs,2,03-02-03-01-01-02-15_r02.wav,526650,0.007743,1,
write,write,,,audio_medium,pg_bytea,2,03-02-03-01-01-02-16_r02.wav,520242,0.013916,1,
write,write,,,audio_medium,mongo_gridfs,2,03-02-03-01-01-02-16_r02.wav,520242,0.009942,1,
write,write,,,audio_medium,polyglot,2,03-02-03-01-01-02-16_r02.wav,520242,0.007702,1,
write,write,,,audio_medium,polyglot,2,03-02-03-01-01-02-17_r02.wav,526650,0.007913,1,
write,write,,,audio_medium,pg_bytea,2,03-02-03-01-01-02-17_r02.wav,526650,0.014027,1,
write,write,,,audio_medium,mongo_gridfs,2,03-02-03-01-01-02-17_r02.wav,526650,0.009188,1,
write,write,,,audio_medium,pg_bytea,2,03-02-03-01-02-02-09_r02.wav,539464,0.014570,1,
write,write,,,audio_medium,polyglot,2,03-02-03-01-02-02-09_r02.wav,539464,0.012185,1,
write,write,,,audio_medium,mongo_gridfs,2,03-02-03-01-02-02-09_r02.wav,539464,0.008657,1,
write,write,,,audio_medium,polyglot,2,03-02-03-01-02-02-21_r02.wav,533056,0.013004,1,
write,write,,,audio_medium,mongo_gridfs,2,03-02-03-01-02-02-21_r02.wav,533056,0.009778,1,
write,write,,,audio_medium,pg_bytea,2,03-02-03-01-02-02-21_r02.wav,533056,0.014961,1,
write,write,,,audio_medium,mongo_gridfs,2,03-02-03-01-02-02-22_r02.wav,561888,0.007205,1,
write,write,,,audio_medium,pg_bytea,2,03-02-03-01-02-02-22_r02.wav,561888,0.014919,1,
write,write,,,audio_medium,polyglot,2,03-02-03-01-02-02-22_r02.wav,561888,0.007885,1,
write,write,,,audio_medium,mongo_gridfs,2,03-02-03-01-02-02-23_r02.wav,539464,0.007679,1,
write,write,,,audio_medium,pg_bytea,2,03-02-03-01-02-02-23_r02.wav,539464,0.014627,1,
write,write,,,audio_medium,polyglot,2,03-02-03-01-02-02-23_r02.wav,539464,0.009360,1,
write,write,,,audio_medium,polyglot,2,03-02-03-02-01-02-09_r02.wav,561882,0.011004,1,
write,write,,,audio_medium,pg_bytea,2,03-02-03-02-01-02-09_r02.wav,561882,0.018619,1,
write,write,,,audio_medium,mongo_gridfs,2,03-02-03-02-01-02-09_r02.wav,561882,0.008896,1,
write,write,,,audio_medium,polyglot,2,03-02-03-02-01-02-21_r02.wav,539464,0.008455,1,
write,write,,,audio_medium,mongo_gridfs,2,03-02-03-02-01-02-21_r02.wav,539464,0.008897,1,
write,write,,,audio_medium,pg_bytea,2,03-02-03-02-01-02-21_r02.wav,539464,0.014361,1,
write,write,,,audio_medium,mongo_gridfs,2,03-02-03-02-01-02-22_r02.wav,526650,0.006961,1,
write,write,,,audio_medium,polyglot,2,03-02-03-02-01-02-22_r02.wav,526650,0.014193,1,
write,write,,,audio_medium,pg_bytea,2,03-02-03-02-01-02-22_r02.wav,526650,0.013662,1,
write,write,,,audio_medium,mongo_gridfs,2,03-02-03-02-01-02-23_r02.wav,561888,0.007197,1,
write,write,,,audio_medium,polyglot,2,03-02-03-02-01-02-23_r02.wav,561888,0.007173,1,
write,write,,,audio_medium,pg_bytea,2,03-02-03-02-01-02-23_r02.wav,561888,0.014636,1,
write,write,,,audio_medium,mongo_gridfs,2,03-02-03-02-02-02-01_r02.wav,561882,0.009748,1,
write,write,,,audio_medium,polyglot,2,03-02-03-02-02-02-01_r02.wav,561882,0.008764,1,
write,write,,,audio_medium,pg_bytea,2,03-02-03-02-02-02-01_r02.wav,561882,0.015452,1,
write,write,,,audio_medium,mongo_gridfs,2,03-02-03-02-02-02-02_r02.wav,523448,0.010590,1,
write,write,,,audio_medium,polyglot,2,03-02-03-02-02-02-02_r02.wav,523448,0.010270,1,
write,write,,,audio_medium,pg_bytea,2,03-02-03-02-02-02-02_r02.wav,523448,0.018556,1,
write,write,,,audio_medium,mongo_gridfs,2,03-02-03-02-02-02-03_r02.wav,561888,0.008765,1,
write,write,,,audio_medium,polyglot,2,03-02-03-02-02-02-03_r02.wav,561888,0.007935,1,
write,write,,,audio_medium,pg_bytea,2,03-02-03-02-02-02-03_r02.wav,561888,0.015941,1,
write,write,,,audio_medium,mongo_gridfs,2,03-02-03-02-02-02-15_r02.wav,523448,0.008594,1,
write,write,,,audio_medium,polyglot,2,03-02-03-02-02-02-15_r02.wav,523448,0.008867,1,
write,write,,,audio_medium,pg_bytea,2,03-02-03-02-02-02-15_r02.wav,523448,0.014124,1,
write,write,,,audio_medium,polyglot,2,03-02-03-02-02-02-16_r02.wav,561882,0.011836,1,
write,write,,,audio_medium,pg_bytea,2,03-02-03-02-02-02-16_r02.wav,561882,0.014575,1,
write,write,,,audio_medium,mongo_gridfs,2,03-02-03-02-02-02-16_r02.wav,561882,0.009392,1,
write,write,,,audio_medium,mongo_gridfs,2,03-02-03-02-02-02-17_r02.wav,523448,0.006691,1,
write,write,,,audio_medium,polyglot,2,03-02-03-02-02-02-17_r02.wav,523448,0.007236,1,
write,write,,,audio_medium,pg_bytea,2,03-02-03-02-02-02-17_r02.wav,523448,0.014817,1,
write,write,,,audio_medium,mongo_gridfs,2,03-02-04-01-01-02-05_r02.wav,561882,0.007761,1,
write,write,,,audio_medium,pg_bytea,2,03-02-04-01-01-02-05_r02.wav,561882,0.014896,1,
write,write,,,audio_medium,polyglot,2,03-02-04-01-01-02-05_r02.wav,561882,0.014310,1,
write,write,,,audio_medium,polyglot,2,03-02-04-01-01-02-06_r02.wav,526650,0.010962,1,
write,write,,,audio_medium,pg_bytea,2,03-02-04-01-01-02-06_r02.wav,526650,0.076176,1,
write,write,,,audio_medium,mongo_gridfs,2,03-02-04-01-01-02-06_r02.wav,526650,0.007692,1,
write,write,,,audio_medium,polyglot,2,03-02-04-01-01-02-07_r02.wav,523448,0.007129,1,
write,write,,,audio_medium,pg_bytea,2,03-02-04-01-01-02-07_r02.wav,523448,0.016251,1,
write,write,,,audio_medium,mongo_gridfs,2,03-02-04-01-01-02-07_r02.wav,523448,0.007576,1,
write,write,,,audio_medium,pg_bytea,2,03-02-04-01-01-02-11_r02.wav,539464,0.014180,1,
write,write,,,audio_medium,mongo_gridfs,2,03-02-04-01-01-02-11_r02.wav,539464,0.007731,1,
write,write,,,audio_medium,polyglot,2,03-02-04-01-01-02-11_r02.wav,539464,0.014059,1,
write,write,,,audio_medium,mongo_gridfs,2,03-02-04-01-01-02-12_r02.wav,523448,0.007228,1,
write,write,,,audio_medium,polyglot,2,03-02-04-01-01-02-12_r02.wav,523448,0.008311,1,
write,write,,,audio_medium,pg_bytea,2,03-02-04-01-01-02-12_r02.wav,523448,0.014310,1,
write,write,,,audio_medium,mongo_gridfs,2,03-02-04-01-01-02-13_r02.wav,539464,0.005838,1,
write,write,,,audio_medium,polyglot,2,03-02-04-01-01-02-13_r02.wav,539464,0.006977,1,
write,write,,,audio_medium,pg_bytea,2,03-02-04-01-01-02-13_r02.wav,539464,0.016002,1,
write,write,,,audio_medium,pg_bytea,2,03-02-04-01-02-02-19_r02.wav,561888,0.018114,1,
write,write,,,audio_medium,mongo_gridfs,2,03-02-04-01-02-02-19_r02.wav,561888,0.006162,1,
write,write,,,audio_medium,polyglot,2,03-02-04-01-02-02-19_r02.wav,561888,0.006740,1,
write,write,,,audio_medium,pg_bytea,2,03-02-04-02-02-02-05_r02.wav,526650,0.015747,1,
write,write,,,audio_medium,mongo_gridfs,2,03-02-04-02-02-02-05_r02.wav,526650,0.005415,1,
write,write,,,audio_medium,polyglot,2,03-02-04-02-02-02-05_r02.wav,526650,0.006174,1,
write,write,,,audio_medium,polyglot,2,03-02-04-02-02-02-06_r02.wav,526650,0.006673,1,
write,write,,,audio_medium,pg_bytea,2,03-02-04-02-02-02-06_r02.wav,526650,0.012709,1,
write,write,,,audio_medium,mongo_gridfs,2,03-02-04-02-02-02-06_r02.wav,526650,0.009094,1,
write,write,,,audio_medium,mongo_gridfs,2,03-02-04-02-02-02-07_r02.wav,561888,0.006621,1,
write,write,,,audio_medium,polyglot,2,03-02-04-02-02-02-07_r02.wav,561888,0.007434,1,
write,write,,,audio_medium,pg_bytea,2,03-02-04-02-02-02-07_r02.wav,561888,0.014200,1,
write,write,,,audio_medium,mongo_gridfs,2,03-02-04-02-02-02-11_r02.wav,561888,0.006623,1,
write,write,,,audio_medium,pg_bytea,2,03-02-04-02-02-02-11_r02.wav,561888,0.014524,1,
write,write,,,audio_medium,polyglot,2,03-02-04-02-02-02-11_r02.wav,561888,0.006512,1,
write,write,,,audio_medium,polyglot,2,03-02-04-02-02-02-12_r02.wav,523448,0.007295,1,
write,write,,,audio_medium,pg_bytea,2,03-02-04-02-02-02-12_r02.wav,523448,0.013566,1,
write,write,,,audio_medium,mongo_gridfs,2,03-02-04-02-02-02-12_r02.wav,523448,0.005837,1,
write,write,,,audio_medium,polyglot,2,03-02-04-02-02-02-13_r02.wav,533056,0.007773,1,
write,write,,,audio_medium,mongo_gridfs,2,03-02-04-02-02-02-13_r02.wav,533056,0.004867,1,
write,write,,,audio_medium,pg_bytea,2,03-02-04-02-02-02-13_r02.wav,533056,0.013321,1,
write,write,,,audio_medium,pg_bytea,2,03-02-05-01-02-01-06_r02.wav,561882,0.014059,1,
write,write,,,audio_medium,mongo_gridfs,2,03-02-05-01-02-01-06_r02.wav,561882,0.005751,1,
write,write,,,audio_medium,polyglot,2,03-02-05-01-02-01-06_r02.wav,561882,0.006203,1,
write,write,,,audio_medium,pg_bytea,2,03-02-05-01-02-01-07_r02.wav,520242,0.012934,1,
write,write,,,audio_medium,polyglot,2,03-02-05-01-02-01-07_r02.wav,520242,0.090747,1,
write,write,,,audio_medium,mongo_gridfs,2,03-02-05-01-02-01-07_r02.wav,520242,0.008781,1,
write,write,,,audio_medium,pg_bytea,2,03-02-05-01-02-01-12_r02.wav,520242,0.017656,1,
write,write,,,audio_medium,mongo_gridfs,2,03-02-05-01-02-01-12_r02.wav,520242,0.007476,1,
write,write,,,audio_medium,polyglot,2,03-02-05-01-02-01-12_r02.wav,520242,0.007355,1,
write,write,,,audio_medium,pg_bytea,2,03-02-05-01-02-01-13_r02.wav,561888,0.016963,1,
write,write,,,audio_medium,mongo_gridfs,2,03-02-05-01-02-01-13_r02.wav,561888,0.007253,1,
write,write,,,audio_medium,polyglot,2,03-02-05-01-02-01-13_r02.wav,561888,0.007445,1,
write,write,,,audio_medium,mongo_gridfs,2,03-02-05-02-01-01-05_r02.wav,539464,0.006360,1,
write,write,,,audio_medium,pg_bytea,2,03-02-05-02-01-01-05_r02.wav,539464,0.018671,1,
write,write,,,audio_medium,polyglot,2,03-02-05-02-01-01-05_r02.wav,539464,0.007764,1,
write,write,,,audio_medium,mongo_gridfs,2,03-02-05-02-01-01-06_r02.wav,561888,0.006908,1,
write,write,,,audio_medium,pg_bytea,2,03-02-05-02-01-01-06_r02.wav,561888,0.015402,1,
write,write,,,audio_medium,polyglot,2,03-02-05-02-01-01-06_r02.wav,561888,0.008172,1,
write,write,,,audio_medium,pg_bytea,2,03-02-05-02-01-01-07_r02.wav,533056,0.013437,1,
write,write,,,audio_medium,polyglot,2,03-02-05-02-01-01-07_r02.wav,533056,0.008015,1,
write,write,,,audio_medium,mongo_gridfs,2,03-02-05-02-01-01-07_r02.wav,533056,0.007735,1,
write,write,,,audio_medium,pg_bytea,2,03-02-05-02-01-01-11_r02.wav,561888,0.014691,1,
write,write,,,audio_medium,polyglot,2,03-02-05-02-01-01-11_r02.wav,561888,0.010481,1,
write,write,,,audio_medium,mongo_gridfs,2,03-02-05-02-01-01-11_r02.wav,561888,0.007291,1,
write,write,,,audio_medium,pg_bytea,2,03-02-05-02-01-01-12_r02.wav,533056,0.014441,1,
write,write,,,audio_medium,mongo_gridfs,2,03-02-05-02-01-01-12_r02.wav,533056,0.008164,1,
write,write,,,audio_medium,polyglot,2,03-02-05-02-01-01-12_r02.wav,533056,0.008675,1,
write,write,,,audio_medium,polyglot,2,03-02-05-02-01-01-13_r02.wav,526650,0.007528,1,
write,write,,,audio_medium,pg_bytea,2,03-02-05-02-01-01-13_r02.wav,526650,0.012598,1,
write,write,,,audio_medium,mongo_gridfs,2,03-02-05-02-01-01-13_r02.wav,526650,0.006611,1,
write,write,,,video_small,polyglot,2,01-01-01-01-01-01-22_r02.mp4,5457041,0.056863,1,
write,write,,,video_small,pg_bytea,2,01-01-01-01-01-01-22_r02.mp4,5457041,0.172950,1,
write,write,,,video_small,mongo_gridfs,2,01-01-01-01-01-01-22_r02.mp4,5457041,0.051819,1,
write,write,,,video_small,polyglot,2,01-01-01-01-01-02-01_r02.mp4,5457041,0.045074,1,
write,write,,,video_small,pg_bytea,2,01-01-01-01-01-02-01_r02.mp4,5457041,0.145890,1,
write,write,,,video_small,mongo_gridfs,2,01-01-01-01-01-02-01_r02.mp4,5457041,0.044492,1,
write,write,,,video_small,polyglot,2,01-01-01-01-01-02-15_r02.mp4,5457041,0.045743,1,
write,write,,,video_small,mongo_gridfs,2,01-01-01-01-01-02-15_r02.mp4,5457041,0.056513,1,
write,write,,,video_small,pg_bytea,2,01-01-01-01-01-02-15_r02.mp4,5457041,0.134637,1,
write,write,,,video_small,pg_bytea,2,01-01-01-01-02-01-06_r02.mp4,5457041,0.131923,1,
write,write,,,video_small,mongo_gridfs,2,01-01-01-01-02-01-06_r02.mp4,5457041,0.055670,1,
write,write,,,video_small,polyglot,2,01-01-01-01-02-01-06_r02.mp4,5457041,0.051714,1,
write,write,,,video_small,mongo_gridfs,2,01-01-01-01-02-01-13_r02.mp4,5457041,0.056482,1,
write,write,,,video_small,pg_bytea,2,01-01-01-01-02-01-13_r02.mp4,5457041,0.288427,1,
write,write,,,video_small,polyglot,2,01-01-01-01-02-01-13_r02.mp4,5457041,0.054337,1,
write,write,,,video_small,polyglot,2,01-01-01-01-02-01-14_r02.mp4,5457041,0.048510,1,
write,write,,,video_small,pg_bytea,2,01-01-01-01-02-01-14_r02.mp4,5457041,0.137989,1,
write,write,,,video_small,mongo_gridfs,2,01-01-01-01-02-01-14_r02.mp4,5457041,0.058522,1,
write,write,,,video_small,pg_bytea,2,01-01-01-01-02-02-09_r02.mp4,5498397,0.126208,1,
write,write,,,video_small,polyglot,2,01-01-01-01-02-02-09_r02.mp4,5498397,0.069466,1,
write,write,,,video_small,mongo_gridfs,2,01-01-01-01-02-02-09_r02.mp4,5498397,0.056623,1,
write,write,,,video_small,polyglot,2,01-01-01-02-01-01-01_r02.mp4,5498397,0.078090,1,
write,write,,,video_small,mongo_gridfs,2,01-01-01-02-01-01-01_r02.mp4,5498397,0.047237,1,
write,write,,,video_small,pg_bytea,2,01-01-01-02-01-01-01_r02.mp4,5498397,0.138087,1,
write,write,,,video_small,polyglot,2,01-01-01-02-01-01-05_r02.mp4,5457041,0.062719,1,
write,write,,,video_small,mongo_gridfs,2,01-01-01-02-01-01-05_r02.mp4,5457041,0.137851,1,
write,write,,,video_small,pg_bytea,2,01-01-01-02-01-01-05_r02.mp4,5457041,0.155161,1,
write,write,,,video_small,polyglot,2,01-01-01-02-01-01-15_r02.mp4,5457041,0.048057,1,
write,write,,,video_small,mongo_gridfs,2,01-01-01-02-01-01-15_r02.mp4,5457041,0.044454,1,
write,write,,,video_small,pg_bytea,2,01-01-01-02-01-01-15_r02.mp4,5457041,0.196874,1,
write,write,,,video_small,pg_bytea,2,01-01-01-02-02-01-18_r02.mp4,5457041,0.147621,1,
write,write,,,video_small,mongo_gridfs,2,01-01-01-02-02-01-18_r02.mp4,5457041,0.054482,1,
write,write,,,video_small,polyglot,2,01-01-01-02-02-01-18_r02.mp4,5457041,0.056709,1,
write,write,,,video_small,pg_bytea,2,01-01-01-02-02-01-19_r02.mp4,5457041,0.182739,1,
write,write,,,video_small,polyglot,2,01-01-01-02-02-01-19_r02.mp4,5457041,0.045667,1,
write,write,,,video_small,mongo_gridfs,2,01-01-01-02-02-01-19_r02.mp4,5457041,0.045466,1,
write,write,,,video_small,polyglot,2,01-01-02-01-01-02-09_r02.mp4,5498397,0.044629,1,
write,write,,,video_small,pg_bytea,2,01-01-02-01-01-02-09_r02.mp4,5498397,0.173743,1,
write,write,,,video_small,mongo_gridfs,2,01-01-02-01-01-02-09_r02.mp4,5498397,0.045959,1,
write,write,,,video_small,mongo_gridfs,2,01-01-02-01-01-02-18_r02.mp4,5498397,0.054698,1,
write,write,,,video_small,pg_bytea,2,01-01-02-01-01-02-18_r02.mp4,5498397,0.135575,1,
write,write,,,video_small,polyglot,2,01-01-02-01-01-02-18_r02.mp4,5498397,0.071323,1,
write,write,,,video_small,polyglot,2,01-01-02-01-01-02-23_r02.mp4,5498397,0.046454,1,
write,write,,,video_small,mongo_gridfs,2,01-01-02-01-01-02-23_r02.mp4,5498397,0.050379,1,
write,write,,,video_small,pg_bytea,2,01-01-02-01-01-02-23_r02.mp4,5498397,0.147499,1,
write,write,,,video_small,polyglot,2,01-01-02-01-02-01-09_r02.mp4,5498397,0.086107,1,
write,write,,,video_small,mongo_gridfs,2,01-01-02-01-02-01-09_r02.mp4,5498397,0.059385,1,
write,write,,,video_small,pg_bytea,2,01-01-02-01-02-01-09_r02.mp4,5498397,0.133549,1,
write,write,,,video_small,mongo_gridfs,2,01-01-02-01-02-02-01_r02.mp4,5498397,0.051606,1,
write,write,,,video_small,polyglot,2,01-01-02-01-02-02-01_r02.mp4,5498397,0.111013,1,
write,write,,,video_small,pg_bytea,2,01-01-02-01-02-02-01_r02.mp4,5498397,0.146097,1,
write,write,,,video_small,pg_bytea,2,01-01-02-01-02-02-03_r02.mp4,5498397,0.134418,1,
write,write,,,video_small,polyglot,2,01-01-02-01-02-02-03_r02.mp4,5498397,0.048435,1,
write,write,,,video_small,mongo_gridfs,2,01-01-02-01-02-02-03_r02.mp4,5498397,0.040233,1,
write,write,,,video_small,pg_bytea,2,01-01-02-02-01-02-02_r02.mp4,5498397,0.132093,1,
write,write,,,video_small,mongo_gridfs,2,01-01-02-02-01-02-02_r02.mp4,5498397,0.042051,1,
write,write,,,video_small,polyglot,2,01-01-02-02-01-02-02_r02.mp4,5498397,0.085464,1,
write,write,,,video_small,mongo_gridfs,2,01-01-02-02-01-02-03_r02.mp4,5498397,0.050142,1,
write,write,,,video_small,polyglot,2,01-01-02-02-01-02-03_r02.mp4,5498397,0.254649,1,
write,write,,,video_small,pg_bytea,2,01-01-02-02-01-02-03_r02.mp4,5498397,0.141988,1,
write,write,,,video_small,polyglot,2,01-01-02-02-01-02-05_r02.mp4,5498397,0.045215,1,
write,write,,,video_small,mongo_gridfs,2,01-01-02-02-01-02-05_r02.mp4,5498397,0.045595,1,
write,write,,,video_small,pg_bytea,2,01-01-02-02-01-02-05_r02.mp4,5498397,0.134503,1,
write,write,,,video_small,mongo_gridfs,2,01-01-02-02-01-02-10_r02.mp4,5457041,0.049211,1,
write,write,,,video_small,polyglot,2,01-01-02-02-01-02-10_r02.mp4,5457041,0.058857,1,
write,write,,,video_small,pg_bytea,2,01-01-02-02-01-02-10_r02.mp4,5457041,0.132544,1,
write,write,,,video_small,polyglot,2,01-01-02-02-01-02-13_r02.mp4,5457041,0.055146,1,
write,write,,,video_small,pg_bytea,2,01-01-02-02-01-02-13_r02.mp4,5457041,0.140116,1,
write,write,,,video_small,mongo_gridfs,2,01-01-02-02-01-02-13_r02.mp4,5457041,0.049863,1,
write,write,,,video_small,pg_bytea,2,01-01-02-02-01-02-17_r02.mp4,5457041,0.127896,1,
write,write,,,video_small,mongo_gridfs,2,01-01-02-02-01-02-17_r02.mp4,5457041,0.044942,1,
write,write,,,video_small,polyglot,2,01-01-02-02-01-02-17_r02.mp4,5457041,0.049277,1,
write,write,,,video_small,mongo_gridfs,2,01-01-02-02-02-02-18_r02.mp4,5457041,0.041237,1,
write,write,,,video_small,pg_bytea,2,01-01-02-02-02-02-18_r02.mp4,5457041,0.142357,1,
write,write,,,video_small,polyglot,2,01-01-02-02-02-02-18_r02.mp4,5457041,0.074330,1,
write,write,,,video_small,pg_bytea,2,01-01-02-02-02-02-19_r02.mp4,5457041,0.141276,1,
write,write,,,video_small,polyglot,2,01-01-02-02-02-02-19_r02.mp4,5457041,0.048088,1,
write,write,,,video_small,mongo_gridfs,2,01-01-02-02-02-02-19_r02.mp4,5457041,0.044277,1,
write,write,,,video_small,mongo_gridfs,2,01-01-02-02-02-02-21_r02.mp4,5498397,0.051688,1,
write,write,,,video_small,polyglot,2,01-01-02-02-02-02-21_r02.mp4,5498397,0.046061,1,
write,write,,,video_small,pg_bytea,2,01-01-02-02-02-02-21_r02.mp4,5498397,0.142217,1,
write,write,,,video_small,mongo_gridfs,2,01-01-02-02-02-02-22_r02.mp4,5457041,0.045828,1,
write,write,,,video_small,polyglot,2,01-01-02-02-02-02-22_r02.mp4,5457041,0.043661,1,
write,write,,,video_small,pg_bytea,2,01-01-02-02-02-02-22_r02.mp4,5457041,0.136441,1,
write,write,,,video_small,pg_bytea,2,01-01-02-02-02-02-23_r02.mp4,5457041,0.136082,1,
write,write,,,video_small,polyglot,2,01-01-02-02-02-02-23_r02.mp4,5457041,0.050552,1,
write,write,,,video_small,mongo_gridfs,2,01-01-02-02-02-02-23_r02.mp4,5457041,0.043950,1,
write,write,,,video_small,mongo_gridfs,2,01-01-03-01-01-01-12_r02.mp4,5457041,0.046737,1,
write,write,,,video_small,pg_bytea,2,01-01-03-01-01-01-12_r02.mp4,5457041,0.161948,1,
write,write,,,video_small,polyglot,2,01-01-03-01-01-01-12_r02.mp4,5457041,0.050587,1,
write,write,,,video_small,polyglot,2,01-01-03-01-01-01-15_r02.mp4,5457041,0.050106,1,
write,write,,,video_small,pg_bytea,2,01-01-03-01-01-01-15_r02.mp4,5457041,0.135404,1,
write,write,,,video_small,mongo_gridfs,2,01-01-03-01-01-01-15_r02.mp4,5457041,0.070064,1,
write,write,,,video_small,pg_bytea,2,01-01-03-01-02-01-08_r02.mp4,5498397,0.144410,1,
write,write,,,video_small,mongo_gridfs,2,01-01-03-01-02-01-08_r02.mp4,5498397,0.047271,1,
write,write,,,video_small,polyglot,2,01-01-03-01-02-01-08_r02.mp4,5498397,0.042379,1,
write,write,,,video_small,pg_bytea,2,01-01-03-01-02-01-21_r02.mp4,5498397,0.142523,1,
write,write,,,video_small,mongo_gridfs,2,01-01-03-01-02-01-21_r02.mp4,5498397,0.050469,1,
write,write,,,video_small,polyglot,2,01-01-03-01-02-01-21_r02.mp4,5498397,0.045706,1,
write,write,,,video_small,pg_bytea,2,01-01-03-02-01-01-21_r02.mp4,5457041,0.150414,1,
write,write,,,video_small,mongo_gridfs,2,01-01-03-02-01-01-21_r02.mp4,5457041,0.051845,1,
write,write,,,video_small,polyglot,2,01-01-03-02-01-01-21_r02.mp4,5457041,0.099505,1,
write,write,,,video_small,mongo_gridfs,2,01-01-03-02-01-01-24_r02.mp4,5457041,0.055280,1,
write,write,,,video_small,pg_bytea,2,01-01-03-02-01-01-24_r02.mp4,5457041,0.145068,1,
write,write,,,video_small,polyglot,2,01-01-03-02-01-01-24_r02.mp4,5457041,0.091226,1,
write,write,,,video_small,mongo_gridfs,2,01-01-03-02-01-02-01_r02.mp4,5457041,0.054612,1,
write,write,,,video_small,polyglot,2,01-01-03-02-01-02-01_r02.mp4,5457041,0.110166,1,
write,write,,,video_small,pg_bytea,2,01-01-03-02-01-02-01_r02.mp4,5457041,0.138419,1,
write,write,,,video_small,polyglot,2,01-01-03-02-01-02-15_r02.mp4,5457041,0.045096,1,
write,write,,,video_small,pg_bytea,2,01-01-03-02-01-02-15_r02.mp4,5457041,0.188238,1,
write,write,,,video_small,mongo_gridfs,2,01-01-03-02-01-02-15_r02.mp4,5457041,0.045374,1,
write,write,,,video_small,polyglot,2,01-01-03-02-02-01-05_r02.mp4,5457041,0.091405,1,
write,write,,,video_small,pg_bytea,2,01-01-03-02-02-01-05_r02.mp4,5457041,0.162190,1,
write,write,,,video_small,mongo_gridfs,2,01-01-03-02-02-01-05_r02.mp4,5457041,0.057499,1,
write,write,,,video_small,pg_bytea,2,01-01-03-02-02-01-12_r02.mp4,5457041,0.197958,1,
write,write,,,video_small,polyglot,2,01-01-03-02-02-01-12_r02.mp4,5457041,0.053391,1,
write,write,,,video_small,mongo_gridfs,2,01-01-03-02-02-01-12_r02.mp4,5457041,0.044437,1,
write,write,,,video_small,mongo_gridfs,2,01-01-03-02-02-01-15_r02.mp4,5498397,0.048376,1,
write,write,,,video_small,pg_bytea,2,01-01-03-02-02-01-15_r02.mp4,5498397,0.149523,1,
write,write,,,video_small,polyglot,2,01-01-03-02-02-01-15_r02.mp4,5498397,0.060100,1,
write,write,,,video_small,polyglot,2,01-01-04-01-01-01-03_r02.mp4,5457041,0.046738,1,
write,write,,,video_small,pg_bytea,2,01-01-04-01-01-01-03_r02.mp4,5457041,0.136680,1,
write,write,,,video_small,mongo_gridfs,2,01-01-04-01-01-01-03_r02.mp4,5457041,0.047083,1,
write,write,,,video_small,mongo_gridfs,2,01-01-04-01-01-01-05_r02.mp4,5498397,0.062577,1,
write,write,,,video_small,polyglot,2,01-01-04-01-01-01-05_r02.mp4,5498397,0.049006,1,
write,write,,,video_small,pg_bytea,2,01-01-04-01-01-01-05_r02.mp4,5498397,0.237053,1,
write,write,,,video_small,polyglot,2,01-01-04-01-01-01-10_r02.mp4,5457041,0.051029,1,
write,write,,,video_small,pg_bytea,2,01-01-04-01-01-01-10_r02.mp4,5457041,0.136129,1,
write,write,,,video_small,mongo_gridfs,2,01-01-04-01-01-01-10_r02.mp4,5457041,0.047880,1,
write,write,,,video_small,mongo_gridfs,2,01-01-04-01-01-01-16_r02.mp4,5457041,0.044531,1,
write,write,,,video_small,polyglot,2,01-01-04-01-01-01-16_r02.mp4,5457041,0.047293,1,
write,write,,,video_small,pg_bytea,2,01-01-04-01-01-01-16_r02.mp4,5457041,0.132783,1,
write,write,,,video_small,polyglot,2,01-01-04-01-02-01-19_r02.mp4,5498397,0.057705,1,
write,write,,,video_small,mongo_gridfs,2,01-01-04-01-02-01-19_r02.mp4,5498397,0.044302,1,
write,write,,,video_small,pg_bytea,2,01-01-04-01-02-01-19_r02.mp4,5498397,0.146623,1,
write,write,,,video_small,pg_bytea,2,01-01-04-01-02-01-21_r02.mp4,5498397,0.144444,1,
write,write,,,video_small,polyglot,2,01-01-04-01-02-01-21_r02.mp4,5498397,0.044088,1,
write,write,,,video_small,mongo_gridfs,2,01-01-04-01-02-01-21_r02.mp4,5498397,0.055123,1,
write,write,,,video_small,pg_bytea,2,01-01-04-01-02-01-22_r02.mp4,5498397,0.142237,1,
write,write,,,video_small,mongo_gridfs,2,01-01-04-01-02-01-22_r02.mp4,5498397,0.045964,1,
write,write,,,video_small,polyglot,2,01-01-04-01-02-01-22_r02.mp4,5498397,0.050794,1,
write,write,,,video_small,polyglot,2,01-01-04-02-01-01-18_r02.mp4,5498397,0.078009,1,
write,write,,,video_small,mongo_gridfs,2,01-01-04-02-01-01-18_r02.mp4,5498397,0.053361,1,
write,write,,,video_small,pg_bytea,2,01-01-04-02-01-01-18_r02.mp4,5498397,0.132310,1,
write,write,,,video_small,polyglot,2,01-01-04-02-01-01-19_r02.mp4,5498397,0.048540,1,
write,write,,,video_small,mongo_gridfs,2,01-01-04-02-01-01-19_r02.mp4,5498397,0.047988,1,
write,write,,,video_small,pg_bytea,2,01-01-04-02-01-01-19_r02.mp4,5498397,0.133610,1,
write,write,,,video_small,mongo_gridfs,2,01-01-04-02-02-01-02_r02.mp4,5498397,0.048874,1,
write,write,,,video_small,polyglot,2,01-01-04-02-02-01-02_r02.mp4,5498397,0.047220,1,
write,write,,,video_small,pg_bytea,2,01-01-04-02-02-01-02_r02.mp4,5498397,0.141063,1,
write,write,,,video_small,mongo_gridfs,2,01-01-04-02-02-01-05_r02.mp4,5498397,0.053002,1,
write,write,,,video_small,polyglot,2,01-01-04-02-02-01-05_r02.mp4,5498397,0.049213,1,
write,write,,,video_small,pg_bytea,2,01-01-04-02-02-01-05_r02.mp4,5498397,0.127829,1,
write,write,,,video_small,pg_bytea,2,01-01-04-02-02-01-06_r02.mp4,5498397,0.158729,1,
write,write,,,video_small,mongo_gridfs,2,01-01-04-02-02-01-06_r02.mp4,5498397,0.048335,1,
write,write,,,video_small,polyglot,2,01-01-04-02-02-01-06_r02.mp4,5498397,0.077256,1,
write,write,,,video_small,mongo_gridfs,2,01-01-04-02-02-01-13_r02.mp4,5498397,0.049361,1,
write,write,,,video_small,pg_bytea,2,01-01-04-02-02-01-13_r02.mp4,5498397,0.133184,1,
write,write,,,video_small,polyglot,2,01-01-04-02-02-01-13_r02.mp4,5498397,0.052290,1,
write,write,,,video_small,pg_bytea,2,01-01-04-02-02-01-17_r02.mp4,5498397,0.129776,1,
write,write,,,video_small,mongo_gridfs,2,01-01-04-02-02-01-17_r02.mp4,5498397,0.050943,1,
write,write,,,video_small,polyglot,2,01-01-04-02-02-01-17_r02.mp4,5498397,0.045820,1,
write,write,,,video_small,pg_bytea,2,01-01-04-02-02-02-19_r02.mp4,5498397,0.149690,1,
write,write,,,video_small,polyglot,2,01-01-04-02-02-02-19_r02.mp4,5498397,0.078597,1,
write,write,,,video_small,mongo_gridfs,2,01-01-04-02-02-02-19_r02.mp4,5498397,0.048056,1,
write,write,,,video_small,mongo_gridfs,2,01-01-05-01-01-02-09_r02.mp4,5498397,0.053669,1,
write,write,,,video_small,polyglot,2,01-01-05-01-01-02-09_r02.mp4,5498397,0.053143,1,
write,write,,,video_small,pg_bytea,2,01-01-05-01-01-02-09_r02.mp4,5498397,0.135085,1,
write,write,,,video_small,polyglot,2,01-01-05-01-01-02-19_r02.mp4,5498397,0.051295,1,
write,write,,,video_small,mongo_gridfs,2,01-01-05-01-01-02-19_r02.mp4,5498397,0.047789,1,
write,write,,,video_small,pg_bytea,2,01-01-05-01-01-02-19_r02.mp4,5498397,0.136405,1,
write,write,,,video_small,pg_bytea,2,01-01-05-01-01-02-21_r02.mp4,5457041,0.135863,1,
write,write,,,video_small,mongo_gridfs,2,01-01-05-01-01-02-21_r02.mp4,5457041,0.048358,1,
write,write,,,video_small,polyglot,2,01-01-05-01-01-02-21_r02.mp4,5457041,0.057238,1,
write,write,,,video_small,polyglot,2,01-01-05-01-02-01-19_r02.mp4,5457041,0.129001,1,
write,write,,,video_small,mongo_gridfs,2,01-01-05-01-02-01-19_r02.mp4,5457041,0.050527,1,
write,write,,,video_small,pg_bytea,2,01-01-05-01-02-01-19_r02.mp4,5457041,0.147764,1,
write,write,,,video_small,polyglot,2,01-01-05-01-02-02-04_r02.mp4,5457041,0.048564,1,
write,write,,,video_small,pg_bytea,2,01-01-05-01-02-02-04_r02.mp4,5457041,0.135837,1,
write,write,,,video_small,mongo_gridfs,2,01-01-05-01-02-02-04_r02.mp4,5457041,0.047567,1,
write,write,,,video_small,mongo_gridfs,2,01-01-05-01-02-02-05_r02.mp4,5498397,0.043843,1,
write,write,,,video_small,pg_bytea,2,01-01-05-01-02-02-05_r02.mp4,5498397,0.135324,1,
write,write,,,video_small,polyglot,2,01-01-05-01-02-02-05_r02.mp4,5498397,0.045519,1,
write,write,,,video_small,polyglot,2,01-01-05-02-01-02-04_r02.mp4,5457041,0.053437,1,
write,write,,,video_small,pg_bytea,2,01-01-05-02-01-02-04_r02.mp4,5457041,0.152412,1,
write,write,,,video_small,mongo_gridfs,2,01-01-05-02-01-02-04_r02.mp4,5457041,0.049031,1,
write,write,,,video_small,pg_bytea,2,01-01-05-02-01-02-12_r02.mp4,5457041,0.142831,1,
write,write,,,video_small,mongo_gridfs,2,01-01-05-02-01-02-12_r02.mp4,5457041,0.048105,1,
write,write,,,video_small,polyglot,2,01-01-05-02-01-02-12_r02.mp4,5457041,0.050273,1,
write,write,,,video_small,mongo_gridfs,2,01-01-05-02-01-02-14_r02.mp4,5457041,0.046330,1,
write,write,,,video_small,pg_bytea,2,01-01-05-02-01-02-14_r02.mp4,5457041,0.178380,1,
write,write,,,video_small,polyglot,2,01-01-05-02-01-02-14_r02.mp4,5457041,0.050029,1,
write,write,,,video_small,polyglot,2,01-01-05-02-02-02-19_r02.mp4,5498397,0.047380,1,
write,write,,,video_small,pg_bytea,2,01-01-05-02-02-02-19_r02.mp4,5498397,0.138131,1,
write,write,,,video_small,mongo_gridfs,2,01-01-05-02-02-02-19_r02.mp4,5498397,0.044753,1,
write,write,,,video_small,polyglot,2,01-01-05-02-02-02-20_r02.mp4,5498397,0.052041,1,
write,write,,,video_small,pg_bytea,2,01-01-05-02-02-02-20_r02.mp4,5498397,0.139817,1,
write,write,,,video_small,mongo_gridfs,2,01-01-05-02-02-02-20_r02.mp4,5498397,0.044471,1,
write,write,,,video_small,pg_bytea,2,01-01-05-02-02-02-23_r02.mp4,5498397,0.138636,1,
write,write,,,video_small,mongo_gridfs,2,01-01-05-02-02-02-23_r02.mp4,5498397,0.046362,1,
write,write,,,video_small,polyglot,2,01-01-05-02-02-02-23_r02.mp4,5498397,0.046067,1,
write,write,,,video_small,mongo_gridfs,2,01-01-06-01-01-01-08_r02.mp4,5457041,0.051012,1,
write,write,,,video_small,polyglot,2,01-01-06-01-01-01-08_r02.mp4,5457041,0.085268,1,
write,write,,,video_small,pg_bytea,2,01-01-06-01-01-01-08_r02.mp4,5457041,0.147797,1,
write,write,,,video_small,mongo_gridfs,2,01-01-06-01-01-01-19_r02.mp4,5457041,0.052331,1,
write,write,,,video_small,polyglot,2,01-01-06-01-01-01-19_r02.mp4,5457041,0.050584,1,
write,write,,,video_small,pg_bytea,2,01-01-06-01-01-01-19_r02.mp4,5457041,0.149427,1,
write,write,,,video_small,pg_bytea,2,01-01-06-01-01-01-24_r02.mp4,5498397,0.168432,1,
write,write,,,video_small,polyglot,2,01-01-06-01-01-01-24_r02.mp4,5498397,0.093413,1,
write,write,,,video_small,mongo_gridfs,2,01-01-06-01-01-01-24_r02.mp4,5498397,0.047161,1,
write,write,,,video_medium,polyglot,2,tsinghua_v_0024_r02.mp4,13091522,0.188838,1,
write,write,,,video_medium,pg_bytea,2,tsinghua_v_0024_r02.mp4,13091522,0.360654,1,
write,write,,,video_medium,mongo_gridfs,2,tsinghua_v_0024_r02.mp4,13091522,0.111681,1,
write,write,,,video_medium,polyglot,2,tsinghua_v_0046_r02.mp4,13091522,0.127419,1,
write,write,,,video_medium,pg_bytea,2,tsinghua_v_0046_r02.mp4,13091522,0.380412,1,
write,write,,,video_medium,mongo_gridfs,2,tsinghua_v_0046_r02.mp4,13091522,0.110555,1,
write,write,,,video_medium,polyglot,2,tsinghua_v_0076_r02.mp4,13091522,0.112230,1,
write,write,,,video_medium,mongo_gridfs,2,tsinghua_v_0076_r02.mp4,13091522,0.103363,1,
write,write,,,video_medium,pg_bytea,2,tsinghua_v_0076_r02.mp4,13091522,0.343234,1,
write,write,,,video_medium,polyglot,2,tsinghua_v_0080_r02.mp4,13091522,0.184989,1,
write,write,,,video_medium,mongo_gridfs,2,tsinghua_v_0080_r02.mp4,13091522,0.098995,1,
write,write,,,video_medium,pg_bytea,2,tsinghua_v_0080_r02.mp4,13091522,0.335309,1,
write,write,,,video_medium,mongo_gridfs,2,tsinghua_v_0109_r02.mp4,13091522,0.116855,1,
write,write,,,video_medium,pg_bytea,2,tsinghua_v_0109_r02.mp4,13091522,0.347514,1,
write,write,,,video_medium,polyglot,2,tsinghua_v_0109_r02.mp4,13091522,0.155753,1,
write,write,,,video_medium,mongo_gridfs,2,tsinghua_v_0123_r02.mp4,13091522,0.116967,1,
write,write,,,video_medium,polyglot,2,tsinghua_v_0123_r02.mp4,13091522,0.165599,1,
write,write,,,video_medium,pg_bytea,2,tsinghua_v_0123_r02.mp4,13091522,0.374408,1,
write,write,,,video_medium,polyglot,2,tsinghua_v_0130_r02.mp4,13091522,0.116440,1,
write,write,,,video_medium,pg_bytea,2,tsinghua_v_0130_r02.mp4,13091522,0.370238,1,
write,write,,,video_medium,mongo_gridfs,2,tsinghua_v_0130_r02.mp4,13091522,0.120093,1,
write,write,,,video_medium,mongo_gridfs,2,tsinghua_v_0135_r02.mp4,13091522,0.115171,1,
write,write,,,video_medium,polyglot,2,tsinghua_v_0135_r02.mp4,13091522,0.143654,1,
write,write,,,video_medium,pg_bytea,2,tsinghua_v_0135_r02.mp4,13091522,0.344533,1,
write,write,,,video_medium,pg_bytea,2,tsinghua_v_0137_r02.mp4,13091522,0.380212,1,
write,write,,,video_medium,polyglot,2,tsinghua_v_0137_r02.mp4,13091522,0.114262,1,
write,write,,,video_medium,mongo_gridfs,2,tsinghua_v_0137_r02.mp4,13091522,0.115564,1,
write,write,,,video_medium,polyglot,2,tsinghua_v_0140_r02.mp4,13091522,0.108639,1,
write,write,,,video_medium,pg_bytea,2,tsinghua_v_0140_r02.mp4,13091522,0.361905,1,
write,write,,,video_medium,mongo_gridfs,2,tsinghua_v_0140_r02.mp4,13091522,0.114070,1,
write,write,,,video_medium,pg_bytea,2,tsinghua_v_0151_r02.mp4,13091522,0.503244,1,
write,write,,,video_medium,polyglot,2,tsinghua_v_0151_r02.mp4,13091522,0.112579,1,
write,write,,,video_medium,mongo_gridfs,2,tsinghua_v_0151_r02.mp4,13091522,0.106548,1,
write,write,,,video_medium,mongo_gridfs,2,tsinghua_v_0157_r02.mp4,13091522,0.115898,1,
write,write,,,video_medium,pg_bytea,2,tsinghua_v_0157_r02.mp4,13091522,0.345275,1,
write,write,,,video_medium,polyglot,2,tsinghua_v_0157_r02.mp4,13091522,0.119241,1,
write,write,,,video_medium,pg_bytea,2,tsinghua_v_0209_r02.mp4,13091522,0.331230,1,
write,write,,,video_medium,polyglot,2,tsinghua_v_0209_r02.mp4,13091522,0.159559,1,
write,write,,,video_medium,mongo_gridfs,2,tsinghua_v_0209_r02.mp4,13091522,0.113627,1,
write,write,,,video_medium,mongo_gridfs,2,tsinghua_v_0226_r02.mp4,13091522,0.111308,1,
write,write,,,video_medium,pg_bytea,2,tsinghua_v_0226_r02.mp4,13091522,0.492074,1,
write,write,,,video_medium,polyglot,2,tsinghua_v_0226_r02.mp4,13091522,0.107979,1,
write,write,,,video_medium,polyglot,2,tsinghua_v_0236_r02.mp4,13091522,0.096962,1,
write,write,,,video_medium,pg_bytea,2,tsinghua_v_0236_r02.mp4,13091522,0.348230,1,
write,write,,,video_medium,mongo_gridfs,2,tsinghua_v_0236_r02.mp4,13091522,0.119113,1,
write,write,,,video_medium,pg_bytea,2,tsinghua_v_0274_r02.mp4,13091522,0.778259,1,
write,write,,,video_medium,polyglot,2,tsinghua_v_0274_r02.mp4,13091522,0.148348,1,
write,write,,,video_medium,mongo_gridfs,2,tsinghua_v_0274_r02.mp4,13091522,0.144732,1,
write,write,,,video_medium,pg_bytea,2,tsinghua_v_0280_r02.mp4,13091522,0.355043,1,
write,write,,,video_medium,mongo_gridfs,2,tsinghua_v_0280_r02.mp4,13091522,0.111629,1,
write,write,,,video_medium,polyglot,2,tsinghua_v_0280_r02.mp4,13091522,0.099490,1,
write,write,,,video_medium,polyglot,2,tsinghua_v_0302_r02.mp4,13091522,0.111589,1,
write,write,,,video_medium,pg_bytea,2,tsinghua_v_0302_r02.mp4,13091522,0.568903,1,
write,write,,,video_medium,mongo_gridfs,2,tsinghua_v_0302_r02.mp4,13091522,0.104285,1,
write,write,,,video_medium,polyglot,2,tsinghua_v_0311_r02.mp4,13091522,0.117370,1,
write,write,,,video_medium,mongo_gridfs,2,tsinghua_v_0311_r02.mp4,13091522,0.109521,1,
write,write,,,video_medium,pg_bytea,2,tsinghua_v_0311_r02.mp4,13091522,0.335761,1,
write,write,,,video_medium,pg_bytea,2,tsinghua_v_0316_r02.mp4,13091522,0.498647,1,
write,write,,,video_medium,polyglot,2,tsinghua_v_0316_r02.mp4,13091522,0.094054,1,
write,write,,,video_medium,mongo_gridfs,2,tsinghua_v_0316_r02.mp4,13091522,0.104541,1,
write,write,,,video_medium,polyglot,2,tsinghua_v_0319_r02.mp4,13091522,0.104638,1,
write,write,,,video_medium,mongo_gridfs,2,tsinghua_v_0319_r02.mp4,13091522,0.131392,1,
write,write,,,video_medium,pg_bytea,2,tsinghua_v_0319_r02.mp4,13091522,0.564295,1,
write,write,,,video_medium,polyglot,2,tsinghua_v_0321_r02.mp4,13091522,0.107076,1,
write,write,,,video_medium,mongo_gridfs,2,tsinghua_v_0321_r02.mp4,13091522,0.111429,1,
write,write,,,video_medium,pg_bytea,2,tsinghua_v_0321_r02.mp4,13091522,0.365554,1,
write,write,,,video_medium,polyglot,2,tsinghua_v_0331_r02.mp4,13091522,0.103058,1,
write,write,,,video_medium,mongo_gridfs,2,tsinghua_v_0331_r02.mp4,13091522,0.108001,1,
write,write,,,video_medium,pg_bytea,2,tsinghua_v_0331_r02.mp4,13091522,0.358546,1,
write,write,,,video_medium,polyglot,2,tsinghua_v_0345_r02.mp4,13091522,0.110204,1,
write,write,,,video_medium,pg_bytea,2,tsinghua_v_0345_r02.mp4,13091522,0.343380,1,
write,write,,,video_medium,mongo_gridfs,2,tsinghua_v_0345_r02.mp4,13091522,0.113085,1,
write,write,,,video_medium,polyglot,2,tsinghua_v_0356_r02.mp4,13091522,0.145137,1,
write,write,,,video_medium,pg_bytea,2,tsinghua_v_0356_r02.mp4,13091522,0.341474,1,
write,write,,,video_medium,mongo_gridfs,2,tsinghua_v_0356_r02.mp4,13091522,0.104155,1,
write,write,,,video_medium,polyglot,2,tsinghua_v_0357_r02.mp4,13091522,0.107141,1,
write,write,,,video_medium,pg_bytea,2,tsinghua_v_0357_r02.mp4,13091522,0.434148,1,
write,write,,,video_medium,mongo_gridfs,2,tsinghua_v_0357_r02.mp4,13091522,0.123312,1,
write,write,,,video_medium,pg_bytea,2,tsinghua_v_0379_r02.mp4,13091522,0.450737,1,
write,write,,,video_medium,polyglot,2,tsinghua_v_0379_r02.mp4,13091522,0.103452,1,
write,write,,,video_medium,mongo_gridfs,2,tsinghua_v_0379_r02.mp4,13091522,0.108650,1,
write,write,,,video_medium,pg_bytea,2,tsinghua_v_0393_r02.mp4,13091522,0.405293,1,
write,write,,,video_medium,polyglot,2,tsinghua_v_0393_r02.mp4,13091522,0.100768,1,
write,write,,,video_medium,mongo_gridfs,2,tsinghua_v_0393_r02.mp4,13091522,0.097451,1,
write,write,,,video_medium,pg_bytea,2,tsinghua_v_0421_r02.mp4,13091522,0.402140,1,
write,write,,,video_medium,mongo_gridfs,2,tsinghua_v_0421_r02.mp4,13091522,0.105664,1,
write,write,,,video_medium,polyglot,2,tsinghua_v_0421_r02.mp4,13091522,0.132430,1,
write,write,,,video_medium,pg_bytea,2,tsinghua_v_0424_r02.mp4,13091522,0.348063,1,
write,write,,,video_medium,polyglot,2,tsinghua_v_0424_r02.mp4,13091522,0.119608,1,
write,write,,,video_medium,mongo_gridfs,2,tsinghua_v_0424_r02.mp4,13091522,0.111199,1,
write,write,,,video_medium,polyglot,2,tsinghua_v_0427_r02.mp4,13091522,0.118744,1,
write,write,,,video_medium,pg_bytea,2,tsinghua_v_0427_r02.mp4,13091522,0.489995,1,
write,write,,,video_medium,mongo_gridfs,2,tsinghua_v_0427_r02.mp4,13091522,0.103792,1,
write,write,,,video_medium,pg_bytea,2,tsinghua_v_0431_r02.mp4,13091522,0.360641,1,
write,write,,,video_medium,mongo_gridfs,2,tsinghua_v_0431_r02.mp4,13091522,0.095917,1,
write,write,,,video_medium,polyglot,2,tsinghua_v_0431_r02.mp4,13091522,0.102221,1,
write,write,,,video_medium,pg_bytea,2,tsinghua_v_0452_r02.mp4,13091522,0.349284,1,
write,write,,,video_medium,polyglot,2,tsinghua_v_0452_r02.mp4,13091522,0.111190,1,
write,write,,,video_medium,mongo_gridfs,2,tsinghua_v_0452_r02.mp4,13091522,0.118121,1,
write,write,,,video_medium,pg_bytea,2,tsinghua_v_0454_r02.mp4,13091522,0.343186,1,
write,write,,,video_medium,mongo_gridfs,2,tsinghua_v_0454_r02.mp4,13091522,0.105645,1,
write,write,,,video_medium,polyglot,2,tsinghua_v_0454_r02.mp4,13091522,0.107900,1,
write,write,,,video_medium,polyglot,2,tsinghua_v_0457_r02.mp4,13091522,0.108879,1,
write,write,,,video_medium,mongo_gridfs,2,tsinghua_v_0457_r02.mp4,13091522,0.101342,1,
write,write,,,video_medium,pg_bytea,2,tsinghua_v_0457_r02.mp4,13091522,0.371425,1,
write,write,,,video_medium,mongo_gridfs,2,tsinghua_v_0466_r02.mp4,13091522,0.105624,1,
write,write,,,video_medium,polyglot,2,tsinghua_v_0466_r02.mp4,13091522,0.121453,1,
write,write,,,video_medium,pg_bytea,2,tsinghua_v_0466_r02.mp4,13091522,0.470088,1,
write,write,,,video_medium,pg_bytea,2,tsinghua_v_0471_r02.mp4,13091522,0.530084,1,
write,write,,,video_medium,polyglot,2,tsinghua_v_0471_r02.mp4,13091522,0.118500,1,
write,write,,,video_medium,mongo_gridfs,2,tsinghua_v_0471_r02.mp4,13091522,0.121745,1,
write,write,,,video_medium,polyglot,2,tsinghua_v_0472_r02.mp4,13091522,0.114542,1,
write,write,,,video_medium,pg_bytea,2,tsinghua_v_0472_r02.mp4,13091522,0.390341,1,
write,write,,,video_medium,mongo_gridfs,2,tsinghua_v_0472_r02.mp4,13091522,0.107274,1,
write,write,,,video_medium,polyglot,2,tsinghua_v_0494_r02.mp4,13091522,0.110081,1,
write,write,,,video_medium,mongo_gridfs,2,tsinghua_v_0494_r02.mp4,13091522,0.110122,1,
write,write,,,video_medium,pg_bytea,2,tsinghua_v_0494_r02.mp4,13091522,0.592131,1,
write,write,,,video_medium,mongo_gridfs,2,tsinghua_v_0503_r02.mp4,13091522,0.116018,1,
write,write,,,video_medium,polyglot,2,tsinghua_v_0503_r02.mp4,13091522,0.128963,1,
write,write,,,video_medium,pg_bytea,2,tsinghua_v_0503_r02.mp4,13091522,0.344314,1,
write,write,,,video_medium,mongo_gridfs,2,tsinghua_v_0509_r02.mp4,13091522,0.107952,1,
write,write,,,video_medium,pg_bytea,2,tsinghua_v_0509_r02.mp4,13091522,0.377091,1,
write,write,,,video_medium,polyglot,2,tsinghua_v_0509_r02.mp4,13091522,0.107311,1,
write,write,,,video_medium,polyglot,2,tsinghua_v_0523_r02.mp4,13091522,0.106474,1,
write,write,,,video_medium,pg_bytea,2,tsinghua_v_0523_r02.mp4,13091522,0.440941,1,
write,write,,,video_medium,mongo_gridfs,2,tsinghua_v_0523_r02.mp4,13091522,0.098001,1,
write,write,,,video_medium,mongo_gridfs,2,tsinghua_v_0546_r02.mp4,13091522,0.098599,1,
write,write,,,video_medium,polyglot,2,tsinghua_v_0546_r02.mp4,13091522,0.111723,1,
write,write,,,video_medium,pg_bytea,2,tsinghua_v_0546_r02.mp4,13091522,0.324017,1,
write,write,,,video_medium,polyglot,2,tsinghua_v_0568_r02.mp4,13091522,0.109782,1,
write,write,,,video_medium,pg_bytea,2,tsinghua_v_0568_r02.mp4,13091522,0.336285,1,
write,write,,,video_medium,mongo_gridfs,2,tsinghua_v_0568_r02.mp4,13091522,0.102098,1,
write,write,,,video_medium,mongo_gridfs,2,tsinghua_v_0594_r02.mp4,13091522,0.099069,1,
write,write,,,video_medium,polyglot,2,tsinghua_v_0594_r02.mp4,13091522,0.127657,1,
write,write,,,video_medium,pg_bytea,2,tsinghua_v_0594_r02.mp4,13091522,0.323628,1,
write,write,,,video_medium,pg_bytea,2,tsinghua_v_0596_r02.mp4,13091522,0.382496,1,
write,write,,,video_medium,polyglot,2,tsinghua_v_0596_r02.mp4,13091522,0.103572,1,
write,write,,,video_medium,mongo_gridfs,2,tsinghua_v_0596_r02.mp4,13091522,0.101230,1,
write,write,,,video_medium,polyglot,2,tsinghua_v_0635_r02.mp4,13091522,0.113595,1,
write,write,,,video_medium,pg_bytea,2,tsinghua_v_0635_r02.mp4,13091522,0.410202,1,
write,write,,,video_medium,mongo_gridfs,2,tsinghua_v_0635_r02.mp4,13091522,0.148207,1,
write,write,,,video_medium,mongo_gridfs,2,tsinghua_v_0653_r02.mp4,13091522,0.124779,1,
write,write,,,video_medium,polyglot,2,tsinghua_v_0653_r02.mp4,13091522,0.113818,1,
write,write,,,video_medium,pg_bytea,2,tsinghua_v_0653_r02.mp4,13091522,0.351070,1,
write,write,,,video_medium,mongo_gridfs,2,tsinghua_v_0667_r02.mp4,13091522,0.111522,1,
write,write,,,video_medium,polyglot,2,tsinghua_v_0667_r02.mp4,13091522,0.118157,1,
write,write,,,video_medium,pg_bytea,2,tsinghua_v_0667_r02.mp4,13091522,0.447030,1,
write,write,,,video_medium,pg_bytea,2,tsinghua_v_0673_r02.mp4,13091522,0.343609,1,
write,write,,,video_medium,polyglot,2,tsinghua_v_0673_r02.mp4,13091522,0.113751,1,
write,write,,,video_medium,mongo_gridfs,2,tsinghua_v_0673_r02.mp4,13091522,0.126013,1,
write,write,,,video_medium,polyglot,2,tsinghua_v_0681_r02.mp4,13091522,0.123896,1,
write,write,,,video_medium,mongo_gridfs,2,tsinghua_v_0681_r02.mp4,13091522,0.124157,1,
write,write,,,video_medium,pg_bytea,2,tsinghua_v_0681_r02.mp4,13091522,0.336416,1,
write,write,,,video_medium,pg_bytea,2,tsinghua_v_0690_r02.mp4,13091522,0.312372,1,
write,write,,,video_medium,mongo_gridfs,2,tsinghua_v_0690_r02.mp4,13091522,0.099581,1,
write,write,,,video_medium,polyglot,2,tsinghua_v_0690_r02.mp4,13091522,0.102442,1,
write,write,,,video_medium,pg_bytea,2,tsinghua_v_0692_r02.mp4,13091522,0.379518,1,
write,write,,,video_medium,mongo_gridfs,2,tsinghua_v_0692_r02.mp4,13091522,0.104443,1,
write,write,,,video_medium,polyglot,2,tsinghua_v_0692_r02.mp4,13091522,0.108254,1,
write,write,,,video_medium,mongo_gridfs,2,tsinghua_v_0696_r02.mp4,13091522,0.118950,1,
write,write,,,video_medium,pg_bytea,2,tsinghua_v_0696_r02.mp4,13091522,0.335008,1,
write,write,,,video_medium,polyglot,2,tsinghua_v_0696_r02.mp4,13091522,0.189164,1,
write,write,,,video_medium,pg_bytea,2,tsinghua_v_0734_r02.mp4,13091522,0.323168,1,
write,write,,,video_medium,polyglot,2,tsinghua_v_0734_r02.mp4,13091522,0.112435,1,
write,write,,,video_medium,mongo_gridfs,2,tsinghua_v_0734_r02.mp4,13091522,0.100088,1,
write,write,,,video_medium,polyglot,2,tsinghua_v_0737_r02.mp4,13091522,0.104500,1,
write,write,,,video_medium,mongo_gridfs,2,tsinghua_v_0737_r02.mp4,13091522,0.098990,1,
write,write,,,video_medium,pg_bytea,2,tsinghua_v_0737_r02.mp4,13091522,0.437224,1,
write,write,,,video_medium,mongo_gridfs,2,tsinghua_v_0744_r02.mp4,13091522,0.099323,1,
write,write,,,video_medium,pg_bytea,2,tsinghua_v_0744_r02.mp4,13091522,0.347731,1,
write,write,,,video_medium,polyglot,2,tsinghua_v_0744_r02.mp4,13091522,0.120483,1,
write,write,,,video_medium,polyglot,2,tsinghua_v_0745_r02.mp4,13091522,0.108433,1,
write,write,,,video_medium,pg_bytea,2,tsinghua_v_0745_r02.mp4,13091522,0.764344,1,
write,write,,,video_medium,mongo_gridfs,2,tsinghua_v_0745_r02.mp4,13091522,0.107845,1,
write,write,,,video_medium,mongo_gridfs,2,tsinghua_v_0769_r02.mp4,13091522,0.100743,1,
write,write,,,video_medium,pg_bytea,2,tsinghua_v_0769_r02.mp4,13091522,0.395985,1,
write,write,,,video_medium,polyglot,2,tsinghua_v_0769_r02.mp4,13091522,0.111445,1,
write,write,,,video_medium,mongo_gridfs,2,tsinghua_v_0791_r02.mp4,13091522,0.113238,1,
write,write,,,video_medium,polyglot,2,tsinghua_v_0791_r02.mp4,13091522,0.109872,1,
write,write,,,video_medium,pg_bytea,2,tsinghua_v_0791_r02.mp4,13091522,0.371547,1,
write,write,,,video_medium,polyglot,2,tsinghua_v_0792_r02.mp4,13091522,0.112997,1,
write,write,,,video_medium,pg_bytea,2,tsinghua_v_0792_r02.mp4,13091522,0.370264,1,
write,write,,,video_medium,mongo_gridfs,2,tsinghua_v_0792_r02.mp4,13091522,0.113167,1,
write,write,,,video_medium,pg_bytea,2,tsinghua_v_0857_r02.mp4,13091522,0.338662,1,
write,write,,,video_medium,mongo_gridfs,2,tsinghua_v_0857_r02.mp4,13091522,0.098476,1,
write,write,,,video_medium,polyglot,2,tsinghua_v_0857_r02.mp4,13091522,0.100629,1,
write,write,,,video_medium,mongo_gridfs,2,tsinghua_v_0866_r02.mp4,13091522,0.119944,1,
write,write,,,video_medium,polyglot,2,tsinghua_v_0866_r02.mp4,13091522,0.115403,1,
write,write,,,video_medium,pg_bytea,2,tsinghua_v_0866_r02.mp4,13091522,0.339243,1,
write,write,,,video_medium,polyglot,2,tsinghua_v_0880_r02.mp4,13091522,0.112721,1,
write,write,,,video_medium,pg_bytea,2,tsinghua_v_0880_r02.mp4,13091522,0.367477,1,
write,write,,,video_medium,mongo_gridfs,2,tsinghua_v_0880_r02.mp4,13091522,0.136290,1,
write,write,,,video_medium,pg_bytea,2,tsinghua_v_0888_r02.mp4,13091522,0.328382,1,
write,write,,,video_medium,mongo_gridfs,2,tsinghua_v_0888_r02.mp4,13091522,0.102433,1,
write,write,,,video_medium,polyglot,2,tsinghua_v_0888_r02.mp4,13091522,0.108634,1,
write,write,,,video_medium,mongo_gridfs,2,tsinghua_v_0901_r02.mp4,13091522,0.111882,1,
write,write,,,video_medium,pg_bytea,2,tsinghua_v_0901_r02.mp4,13091522,0.331139,1,
write,write,,,video_medium,polyglot,2,tsinghua_v_0901_r02.mp4,13091522,0.114646,1,
write,write,,,video_medium,polyglot,2,tsinghua_v_0937_r02.mp4,13091522,0.117954,1,
write,write,,,video_medium,mongo_gridfs,2,tsinghua_v_0937_r02.mp4,13091522,0.111182,1,
write,write,,,video_medium,pg_bytea,2,tsinghua_v_0937_r02.mp4,13091522,0.354566,1,
write,write,,,video_medium,pg_bytea,2,tsinghua_v_0939_r02.mp4,13091522,0.412384,1,
write,write,,,video_medium,polyglot,2,tsinghua_v_0939_r02.mp4,13091522,0.105127,1,
write,write,,,video_medium,mongo_gridfs,2,tsinghua_v_0939_r02.mp4,13091522,0.114073,1,
write,write,,,video_medium,polyglot,2,tsinghua_v_0961_r02.mp4,13091522,0.105109,1,
write,write,,,video_medium,pg_bytea,2,tsinghua_v_0961_r02.mp4,13091522,0.328839,1,
write,write,,,video_medium,mongo_gridfs,2,tsinghua_v_0961_r02.mp4,13091522,0.105122,1,
write,write,,,video_medium,mongo_gridfs,2,tsinghua_v_0977_r02.mp4,13091522,0.102662,1,
write,write,,,video_medium,pg_bytea,2,tsinghua_v_0977_r02.mp4,13091522,0.431652,1,
write,write,,,video_medium,polyglot,2,tsinghua_v_0977_r02.mp4,13091522,0.105519,1,
write,write,,,audio_small,polyglot,3,03-01-01-01-01-02-19_r03.wav,375720,0.009634,1,
write,write,,,audio_small,pg_bytea,3,03-01-01-01-01-02-19_r03.wav,375720,0.010460,1,
write,write,,,audio_small,mongo_gridfs,3,03-01-01-01-01-02-19_r03.wav,375720,0.006405,1,
write,write,,,audio_small,polyglot,3,03-01-01-01-02-02-05_r03.wav,396294,0.006981,1,
write,write,,,audio_small,pg_bytea,3,03-01-01-01-02-02-05_r03.wav,396294,0.011886,1,
write,write,,,audio_small,mongo_gridfs,3,03-01-01-01-02-02-05_r03.wav,396294,0.006110,1,
write,write,,,audio_small,pg_bytea,3,03-01-01-01-02-02-06_r03.wav,363108,0.011207,1,
write,write,,,audio_small,mongo_gridfs,3,03-01-01-01-02-02-06_r03.wav,363108,0.007955,1,
write,write,,,audio_small,polyglot,3,03-01-01-01-02-02-06_r03.wav,363108,0.017432,1,
write,write,,,audio_small,mongo_gridfs,3,03-01-01-01-02-02-07_r03.wav,363108,0.005033,1,
write,write,,,audio_small,pg_bytea,3,03-01-01-01-02-02-07_r03.wav,363108,0.010360,1,
write,write,,,audio_small,polyglot,3,03-01-01-01-02-02-07_r03.wav,363108,0.007209,1,
write,write,,,audio_small,mongo_gridfs,3,03-01-01-01-02-02-11_r03.wav,375720,0.004799,1,
write,write,,,audio_small,pg_bytea,3,03-01-01-01-02-02-11_r03.wav,375720,0.012053,1,
write,write,,,audio_small,polyglot,3,03-01-01-01-02-02-11_r03.wav,375720,0.005334,1,
write,write,,,audio_small,mongo_gridfs,3,03-01-01-01-02-02-12_r03.wav,372698,0.003898,1,
write,write,,,audio_small,pg_bytea,3,03-01-01-01-02-02-12_r03.wav,372698,0.009613,1,
write,write,,,audio_small,polyglot,3,03-01-01-01-02-02-12_r03.wav,372698,0.005204,1,
write,write,,,audio_small,pg_bytea,3,03-01-01-01-02-02-13_r03.wav,363108,0.008879,1,
write,write,,,audio_small,polyglot,3,03-01-01-01-02-02-13_r03.wav,363108,0.004688,1,
write,write,,,audio_small,mongo_gridfs,3,03-01-01-01-02-02-13_r03.wav,363108,0.003927,1,
write,write,,,audio_small,mongo_gridfs,3,03-01-01-02-01-02-05_r03.wav,393086,0.004580,1,
write,write,,,audio_small,polyglot,3,03-01-01-02-01-02-05_r03.wav,393086,0.004661,1,
write,write,,,audio_small,pg_bytea,3,03-01-01-02-01-02-05_r03.wav,393086,0.013310,1,
write,write,,,audio_small,pg_bytea,3,03-01-01-02-01-02-06_r03.wav,363108,0.008980,1,
write,write,,,audio_small,polyglot,3,03-01-01-02-01-02-06_r03.wav,363108,0.004642,1,
write,write,,,audio_small,mongo_gridfs,3,03-01-01-02-01-02-06_r03.wav,363108,0.004196,1,
write,write,,,audio_small,polyglot,3,03-01-01-02-01-02-07_r03.wav,372698,0.004528,1,
write,write,,,audio_small,mongo_gridfs,3,03-01-01-02-01-02-07_r03.wav,372698,0.004063,1,
write,write,,,audio_small,pg_bytea,3,03-01-01-02-01-02-07_r03.wav,372698,0.091122,1,
write,write,,,audio_small,mongo_gridfs,3,03-01-01-02-01-02-13_r03.wav,399494,0.020411,1,
write,write,,,audio_small,pg_bytea,3,03-01-01-02-01-02-13_r03.wav,399494,0.009692,1,
write,write,,,audio_small,polyglot,3,03-01-01-02-01-02-13_r03.wav,399494,0.005526,1,
write,write,,,audio_small,mongo_gridfs,3,03-01-01-02-02-02-19_r03.wav,372698,0.003998,1,
write,write,,,audio_small,polyglot,3,03-01-01-02-02-02-19_r03.wav,372698,0.004389,1,
write,write,,,audio_small,pg_bytea,3,03-01-01-02-02-02-19_r03.wav,372698,0.009161,1,
write,write,,,audio_small,pg_bytea,3,03-01-02-01-01-01-19_r03.wav,372698,0.009001,1,
write,write,,,audio_small,polyglot,3,03-01-02-01-01-01-19_r03.wav,372698,0.005032,1,
write,write,,,audio_small,mongo_gridfs,3,03-01-02-01-01-01-19_r03.wav,372698,0.003912,1,
write,write,,,audio_small,pg_bytea,3,03-01-02-01-02-01-06_r03.wav,363108,0.009020,1,
write,write,,,audio_small,polyglot,3,03-01-02-01-02-01-06_r03.wav,363108,0.004757,1,
write,write,,,audio_small,mongo_gridfs,3,03-01-02-01-02-01-06_r03.wav,363108,0.003917,1,
write,write,,,audio_small,mongo_gridfs,3,03-01-02-01-02-01-07_r03.wav,399494,0.005383,1,
write,write,,,audio_small,pg_bytea,3,03-01-02-01-02-01-07_r03.wav,399494,0.010577,1,
write,write,,,audio_small,polyglot,3,03-01-02-01-02-01-07_r03.wav,399494,0.005806,1,
write,write,,,audio_small,mongo_gridfs,3,03-01-02-01-02-01-11_r03.wav,375720,0.004245,1,
write,write,,,audio_small,polyglot,3,03-01-02-01-02-01-11_r03.wav,375720,0.005617,1,
write,write,,,audio_small,pg_bytea,3,03-01-02-01-02-01-11_r03.wav,375720,0.009822,1,
write,write,,,audio_small,pg_bytea,3,03-01-02-01-02-01-12_r03.wav,372698,0.008878,1,
write,write,,,audio_small,polyglot,3,03-01-02-01-02-01-12_r03.wav,372698,0.004877,1,
write,write,,,audio_small,mongo_gridfs,3,03-01-02-01-02-01-12_r03.wav,372698,0.003874,1,
write,write,,,audio_small,polyglot,3,03-01-02-01-02-01-13_r03.wav,379106,0.004651,1,
write,write,,,audio_small,mongo_gridfs,3,03-01-02-01-02-01-13_r03.wav,379106,0.005152,1,
write,write,,,audio_small,pg_bytea,3,03-01-02-01-02-01-13_r03.wav,379106,0.011541,1,
write,write,,,audio_small,polyglot,3,03-01-02-02-01-01-05_r03.wav,363108,0.004761,1,
write,write,,,audio_small,mongo_gridfs,3,03-01-02-02-01-01-05_r03.wav,363108,0.003816,1,
write,write,,,audio_small,pg_bytea,3,03-01-02-02-01-01-05_r03.wav,363108,0.009230,1,
write,write,,,audio_small,polyglot,3,03-01-02-02-01-01-11_r03.wav,363108,0.005583,1,
write,write,,,audio_small,mongo_gridfs,3,03-01-02-02-01-01-11_r03.wav,363108,0.005348,1,
write,write,,,audio_small,pg_bytea,3,03-01-02-02-01-01-11_r03.wav,363108,0.014296,1,
write,write,,,audio_small,mongo_gridfs,3,03-01-02-02-01-01-12_r03.wav,399494,0.005293,1,
write,write,,,audio_small,polyglot,3,03-01-02-02-01-01-12_r03.wav,399494,0.005738,1,
write,write,,,audio_small,pg_bytea,3,03-01-02-02-01-01-12_r03.wav,399494,0.009596,1,
write,write,,,audio_small,mongo_gridfs,3,03-01-02-02-01-01-13_r03.wav,399494,0.004425,1,
write,write,,,audio_small,pg_bytea,3,03-01-02-02-01-01-13_r03.wav,399494,0.009489,1,
write,write,,,audio_small,polyglot,3,03-01-02-02-01-01-13_r03.wav,399494,0.004980,1,
write,write,,,audio_small,mongo_gridfs,3,03-01-02-02-02-01-19_r03.wav,379106,0.005315,1,
write,write,,,audio_small,polyglot,3,03-01-02-02-02-01-19_r03.wav,379106,0.005745,1,
write,write,,,audio_small,pg_bytea,3,03-01-02-02-02-01-19_r03.wav,379106,0.009756,1,
write,write,,,audio_small,mongo_gridfs,3,03-01-03-01-01-02-05_r03.wav,396294,0.005720,1,
write,write,,,audio_small,pg_bytea,3,03-01-03-01-01-02-05_r03.wav,396294,0.010691,1,
write,write,,,audio_small,polyglot,3,03-01-03-01-01-02-05_r03.wav,396294,0.006978,1,
write,write,,,audio_small,pg_bytea,3,03-01-03-01-01-02-07_r03.wav,393086,0.010865,1,
write,write,,,audio_small,mongo_gridfs,3,03-01-03-01-01-02-07_r03.wav,393086,0.006412,1,
write,write,,,audio_small,polyglot,3,03-01-03-01-01-02-07_r03.wav,393086,0.006077,1,
write,write,,,audio_small,pg_bytea,3,03-01-03-01-01-02-12_r03.wav,399494,0.010348,1,
write,write,,,audio_small,mongo_gridfs,3,03-01-03-01-01-02-12_r03.wav,399494,0.007028,1,
write,write,,,audio_small,polyglot,3,03-01-03-01-01-02-12_r03.wav,399494,0.007247,1,
write,write,,,audio_small,mongo_gridfs,3,03-01-03-01-01-02-13_r03.wav,399494,0.005583,1,
write,write,,,audio_small,pg_bytea,3,03-01-03-01-01-02-13_r03.wav,399494,0.010779,1,
write,write,,,audio_small,polyglot,3,03-01-03-01-01-02-13_r03.wav,399494,0.007662,1,
write,write,,,audio_small,pg_bytea,3,03-01-03-01-02-02-18_r03.wav,393086,0.010704,1,
write,write,,,audio_small,mongo_gridfs,3,03-01-03-01-02-02-18_r03.wav,393086,0.006907,1,
write,write,,,audio_small,polyglot,3,03-01-03-01-02-02-18_r03.wav,393086,0.007540,1,
write,write,,,audio_small,mongo_gridfs,3,03-01-03-01-02-02-19_r03.wav,399494,0.005590,1,
write,write,,,audio_small,polyglot,3,03-01-03-01-02-02-19_r03.wav,399494,0.006281,1,
write,write,,,audio_small,pg_bytea,3,03-01-03-01-02-02-19_r03.wav,399494,0.010473,1,
write,write,,,audio_small,mongo_gridfs,3,03-01-03-02-01-02-18_r03.wav,396294,0.005343,1,
write,write,,,audio_small,polyglot,3,03-01-03-02-01-02-18_r03.wav,396294,0.007319,1,
write,write,,,audio_small,pg_bytea,3,03-01-03-02-01-02-18_r03.wav,396294,0.012213,1,
write,write,,,audio_small,mongo_gridfs,3,03-01-03-02-01-02-19_r03.wav,372698,0.005930,1,
write,write,,,audio_small,polyglot,3,03-01-03-02-01-02-19_r03.wav,372698,0.005938,1,
write,write,,,audio_small,pg_bytea,3,03-01-03-02-01-02-19_r03.wav,372698,0.010145,1,
write,write,,,audio_small,mongo_gridfs,3,03-01-03-02-02-02-04_r03.wav,379106,0.005801,1,
write,write,,,audio_small,pg_bytea,3,03-01-03-02-02-02-04_r03.wav,379106,0.021192,1,
write,write,,,audio_small,polyglot,3,03-01-03-02-02-02-04_r03.wav,379106,0.008386,1,
write,write,,,audio_small,mongo_gridfs,3,03-01-03-02-02-02-06_r03.wav,399494,0.005623,1,
write,write,,,audio_small,pg_bytea,3,03-01-03-02-02-02-06_r03.wav,399494,0.013765,1,
write,write,,,audio_small,polyglot,3,03-01-03-02-02-02-06_r03.wav,399494,0.010104,1,
write,write,,,audio_small,polyglot,3,03-01-03-02-02-02-07_r03.wav,393086,0.007391,1,
write,write,,,audio_small,pg_bytea,3,03-01-03-02-02-02-07_r03.wav,393086,0.011972,1,
write,write,,,audio_small,mongo_gridfs,3,03-01-03-02-02-02-07_r03.wav,393086,0.007739,1,
write,write,,,audio_small,polyglot,3,03-01-03-02-02-02-10_r03.wav,375720,0.006149,1,
write,write,,,audio_small,pg_bytea,3,03-01-03-02-02-02-10_r03.wav,375720,0.017360,1,
write,write,,,audio_small,mongo_gridfs,3,03-01-03-02-02-02-10_r03.wav,375720,0.009017,1,
write,write,,,audio_small,mongo_gridfs,3,03-01-03-02-02-02-11_r03.wav,396294,0.007446,1,
write,write,,,audio_small,polyglot,3,03-01-03-02-02-02-11_r03.wav,396294,0.007427,1,
write,write,,,audio_small,pg_bytea,3,03-01-03-02-02-02-11_r03.wav,396294,0.011923,1,
write,write,,,audio_small,mongo_gridfs,3,03-01-03-02-02-02-13_r03.wav,399494,0.007554,1,
write,write,,,audio_small,pg_bytea,3,03-01-03-02-02-02-13_r03.wav,399494,0.011099,1,
write,write,,,audio_small,polyglot,3,03-01-03-02-02-02-13_r03.wav,399494,0.006940,1,
write,write,,,audio_small,polyglot,3,03-01-04-01-01-02-01_r03.wav,396294,0.006061,1,
write,write,,,audio_small,pg_bytea,3,03-01-04-01-01-02-01_r03.wav,396294,0.010426,1,
write,write,,,audio_small,mongo_gridfs,3,03-01-04-01-01-02-01_r03.wav,396294,0.005971,1,
write,write,,,audio_small,polyglot,3,03-01-04-01-01-02-02_r03.wav,379106,0.007533,1,
write,write,,,audio_small,mongo_gridfs,3,03-01-04-01-01-02-02_r03.wav,379106,0.004918,1,
write,write,,,audio_small,pg_bytea,3,03-01-04-01-01-02-02_r03.wav,379106,0.020481,1,
write,write,,,audio_small,pg_bytea,3,03-01-04-01-01-02-16_r03.wav,379106,0.010112,1,
write,write,,,audio_small,mongo_gridfs,3,03-01-04-01-01-02-16_r03.wav,379106,0.005261,1,
write,write,,,audio_small,polyglot,3,03-01-04-01-01-02-16_r03.wav,379106,0.005844,1,
write,write,,,audio_small,polyglot,3,03-01-04-01-02-02-08_r03.wav,372698,0.005408,1,
write,write,,,audio_small,pg_bytea,3,03-01-04-01-02-02-08_r03.wav,372698,0.010813,1,
write,write,,,audio_small,mongo_gridfs,3,03-01-04-01-02-02-08_r03.wav,372698,0.005731,1,
write,write,,,audio_small,mongo_gridfs,3,03-01-04-01-02-02-09_r03.wav,363108,0.005272,1,
write,write,,,audio_small,polyglot,3,03-01-04-01-02-02-09_r03.wav,363108,0.005737,1,
write,write,,,audio_small,pg_bytea,3,03-01-04-01-02-02-09_r03.wav,363108,0.010166,1,
write,write,,,audio_small,mongo_gridfs,3,03-01-04-01-02-02-20_r03.wav,396294,0.006717,1,
write,write,,,audio_small,polyglot,3,03-01-04-01-02-02-20_r03.wav,396294,0.006234,1,
write,write,,,audio_small,pg_bytea,3,03-01-04-01-02-02-20_r03.wav,396294,0.010701,1,
write,write,,,audio_small,polyglot,3,03-01-04-01-02-02-21_r03.wav,363108,0.007202,1,
write,write,,,audio_small,mongo_gridfs,3,03-01-04-01-02-02-21_r03.wav,363108,0.006585,1,
write,write,,,audio_small,pg_bytea,3,03-01-04-01-02-02-21_r03.wav,363108,0.015842,1,
write,write,,,audio_small,pg_bytea,3,03-01-04-01-02-02-22_r03.wav,372698,0.011758,1,
write,write,,,audio_small,polyglot,3,03-01-04-01-02-02-22_r03.wav,372698,0.006380,1,
write,write,,,audio_small,mongo_gridfs,3,03-01-04-01-02-02-22_r03.wav,372698,0.004716,1,
write,write,,,audio_small,polyglot,3,03-01-04-01-02-02-23_r03.wav,363108,0.005163,1,
write,write,,,audio_small,mongo_gridfs,3,03-01-04-01-02-02-23_r03.wav,363108,0.004743,1,
write,write,,,audio_small,pg_bytea,3,03-01-04-01-02-02-23_r03.wav,363108,0.009494,1,
write,write,,,audio_small,pg_bytea,3,03-01-04-02-01-02-09_r03.wav,379106,0.010452,1,
write,write,,,audio_small,mongo_gridfs,3,03-01-04-02-01-02-09_r03.wav,379106,0.007350,1,
write,write,,,audio_small,polyglot,3,03-01-04-02-01-02-09_r03.wav,379106,0.006189,1,
write,write,,,audio_small,pg_bytea,3,03-01-04-02-01-02-20_r03.wav,379106,0.010848,1,
write,write,,,audio_small,mongo_gridfs,3,03-01-04-02-01-02-20_r03.wav,379106,0.006319,1,
write,write,,,audio_small,polyglot,3,03-01-04-02-01-02-20_r03.wav,379106,0.006335,1,
write,write,,,audio_small,mongo_gridfs,3,03-01-04-02-01-02-21_r03.wav,393086,0.007173,1,
write,write,,,audio_small,polyglot,3,03-01-04-02-01-02-21_r03.wav,393086,0.007007,1,
write,write,,,audio_small,pg_bytea,3,03-01-04-02-01-02-21_r03.wav,393086,0.011010,1,
write,write,,,audio_small,pg_bytea,3,03-01-04-02-01-02-22_r03.wav,379106,0.010619,1,
write,write,,,audio_small,mongo_gridfs,3,03-01-04-02-01-02-22_r03.wav,379106,0.006365,1,
write,write,,,audio_small,polyglot,3,03-01-04-02-01-02-22_r03.wav,379106,0.009072,1,
write,write,,,audio_small,polyglot,3,03-01-04-02-02-02-14_r03.wav,375720,0.008727,1,
write,write,,,audio_small,pg_bytea,3,03-01-04-02-02-02-14_r03.wav,375720,0.009723,1,
write,write,,,audio_small,mongo_gridfs,3,03-01-04-02-02-02-14_r03.wav,375720,0.006393,1,
write,write,,,audio_small,mongo_gridfs,3,03-01-04-02-02-02-15_r03.wav,379106,0.006208,1,
write,write,,,audio_small,polyglot,3,03-01-04-02-02-02-15_r03.wav,379106,0.005660,1,
write,write,,,audio_small,pg_bytea,3,03-01-04-02-02-02-15_r03.wav,379106,0.009576,1,
write,write,,,audio_small,polyglot,3,03-01-04-02-02-02-16_r03.wav,375720,0.005998,1,
write,write,,,audio_small,pg_bytea,3,03-01-04-02-02-02-16_r03.wav,375720,0.009601,1,
write,write,,,audio_small,mongo_gridfs,3,03-01-04-02-02-02-16_r03.wav,375720,0.006509,1,
write,write,,,audio_small,mongo_gridfs,3,03-01-04-02-02-02-17_r03.wav,363108,0.005493,1,
write,write,,,audio_small,polyglot,3,03-01-04-02-02-02-17_r03.wav,363108,0.007014,1,
write,write,,,audio_small,pg_bytea,3,03-01-04-02-02-02-17_r03.wav,363108,0.010163,1,
write,write,,,audio_small,mongo_gridfs,3,03-01-05-01-01-01-09_r03.wav,393086,0.006290,1,
write,write,,,audio_small,pg_bytea,3,03-01-05-01-01-01-09_r03.wav,393086,0.012325,1,
write,write,,,audio_small,polyglot,3,03-01-05-01-01-01-09_r03.wav,393086,0.006559,1,
write,write,,,audio_small,pg_bytea,3,03-01-05-01-01-01-22_r03.wav,393086,0.011626,1,
write,write,,,audio_small,mongo_gridfs,3,03-01-05-01-01-01-22_r03.wav,393086,0.009584,1,
write,write,,,audio_small,polyglot,3,03-01-05-01-01-01-22_r03.wav,393086,0.007562,1,
write,write,,,audio_small,pg_bytea,3,03-01-05-01-02-01-02_r03.wav,372698,0.013909,1,
write,write,,,audio_small,polyglot,3,03-01-05-01-02-01-02_r03.wav,372698,0.008222,1,
write,write,,,audio_small,mongo_gridfs,3,03-01-05-01-02-01-02_r03.wav,372698,0.007878,1,
write,write,,,audio_small,pg_bytea,3,03-01-05-01-02-01-03_r03.wav,396294,0.011959,1,
write,write,,,audio_small,polyglot,3,03-01-05-01-02-01-03_r03.wav,396294,0.007489,1,
write,write,,,audio_small,mongo_gridfs,3,03-01-05-01-02-01-03_r03.wav,396294,0.005628,1,
write,write,,,audio_small,pg_bytea,3,03-01-05-01-02-01-15_r03.wav,363108,0.011597,1,
write,write,,,audio_small,mongo_gridfs,3,03-01-05-01-02-01-15_r03.wav,363108,0.006125,1,
write,write,,,audio_small,polyglot,3,03-01-05-01-02-01-15_r03.wav,363108,0.007419,1,
write,write,,,audio_small,mongo_gridfs,3,03-01-05-01-02-01-16_r03.wav,372698,0.009543,1,
write,write,,,audio_small,polyglot,3,03-01-05-01-02-01-16_r03.wav,372698,0.063372,1,
write,write,,,audio_small,pg_bytea,3,03-01-05-01-02-01-16_r03.wav,372698,0.014313,1,
write,write,,,audio_small,mongo_gridfs,3,03-01-05-01-02-01-17_r03.wav,393086,0.007408,1,
write,write,,,audio_small,polyglot,3,03-01-05-01-02-01-17_r03.wav,393086,0.007792,1,
write,write,,,audio_small,pg_bytea,3,03-01-05-01-02-01-17_r03.wav,393086,0.011761,1,
write,write,,,audio_small,pg_bytea,3,03-01-05-02-01-01-01_r03.wav,372698,0.013830,1,
write,write,,,audio_small,polyglot,3,03-01-05-02-01-01-01_r03.wav,372698,0.007380,1,
write,write,,,audio_small,mongo_gridfs,3,03-01-05-02-01-01-01_r03.wav,372698,0.006280,1,
write,write,,,audio_small,polyglot,3,03-01-05-02-01-01-02_r03.wav,375720,0.005565,1,
write,write,,,audio_small,pg_bytea,3,03-01-05-02-01-01-02_r03.wav,375720,0.009603,1,
write,write,,,audio_small,mongo_gridfs,3,03-01-05-02-01-01-02_r03.wav,375720,0.005434,1,
write,write,,,audio_small,mongo_gridfs,3,03-01-05-02-01-01-03_r03.wav,372698,0.004967,1,
write,write,,,audio_small,pg_bytea,3,03-01-05-02-01-01-03_r03.wav,372698,0.010276,1,
write,write,,,audio_small,polyglot,3,03-01-05-02-01-01-03_r03.wav,372698,0.005816,1,
write,write,,,audio_small,mongo_gridfs,3,03-01-05-02-01-01-15_r03.wav,396294,0.006321,1,
write,write,,,audio_small,polyglot,3,03-01-05-02-01-01-15_r03.wav,396294,0.006071,1,
write,write,,,audio_small,pg_bytea,3,03-01-05-02-01-01-15_r03.wav,396294,0.011734,1,
write,write,,,audio_small,pg_bytea,3,03-01-05-02-01-01-16_r03.wav,399494,0.011010,1,
write,write,,,audio_small,mongo_gridfs,3,03-01-05-02-01-01-16_r03.wav,399494,0.006419,1,
write,write,,,audio_small,polyglot,3,03-01-05-02-01-01-16_r03.wav,399494,0.006392,1,
write,write,,,audio_small,mongo_gridfs,3,03-01-05-02-01-01-17_r03.wav,363108,0.005675,1,
write,write,,,audio_small,polyglot,3,03-01-05-02-01-01-17_r03.wav,363108,0.010780,1,
write,write,,,audio_small,pg_bytea,3,03-01-05-02-01-01-17_r03.wav,363108,0.009911,1,
write,write,,,audio_small,polyglot,3,03-01-05-02-02-01-09_r03.wav,396294,0.006405,1,
write,write,,,audio_small,pg_bytea,3,03-01-05-02-02-01-09_r03.wav,396294,0.010278,1,
write,write,,,audio_small,mongo_gridfs,3,03-01-05-02-02-01-09_r03.wav,396294,0.005534,1,
write,write,,,audio_small,polyglot,3,03-01-05-02-02-01-21_r03.wav,375720,0.006131,1,
write,write,,,audio_small,pg_bytea,3,03-01-05-02-02-01-21_r03.wav,375720,0.016098,1,
write,write,,,audio_small,mongo_gridfs,3,03-01-05-02-02-01-21_r03.wav,375720,0.007440,1,
write,write,,,audio_small,pg_bytea,3,03-01-05-02-02-01-22_r03.wav,379106,0.011666,1,
write,write,,,audio_small,polyglot,3,03-01-05-02-02-01-22_r03.wav,379106,0.007970,1,
write,write,,,audio_small,mongo_gridfs,3,03-01-05-02-02-01-22_r03.wav,379106,0.005530,1,
write,write,,,audio_medium,pg_bytea,3,03-02-01-01-01-02-22_r03.wav,526650,0.014409,1,
write,write,,,audio_medium,polyglot,3,03-02-01-01-01-02-22_r03.wav,526650,0.008293,1,
write,write,,,audio_medium,mongo_gridfs,3,03-02-01-01-01-02-22_r03.wav,526650,0.007702,1,
write,write,,,audio_medium,pg_bytea,3,03-02-01-01-01-02-23_r03.wav,539464,0.017640,1,
write,write,,,audio_medium,polyglot,3,03-02-01-01-01-02-23_r03.wav,539464,0.008225,1,
write,write,,,audio_medium,mongo_gridfs,3,03-02-01-01-01-02-23_r03.wav,539464,0.007331,1,
write,write,,,audio_medium,polyglot,3,03-02-01-01-02-02-02_r03.wav,539464,0.006707,1,
write,write,,,audio_medium,mongo_gridfs,3,03-02-01-01-02-02-02_r03.wav,539464,0.005837,1,
write,write,,,audio_medium,pg_bytea,3,03-02-01-01-02-02-02_r03.wav,539464,0.015312,1,
write,write,,,audio_medium,pg_bytea,3,03-02-01-01-02-02-03_r03.wav,520242,0.014283,1,
write,write,,,audio_medium,polyglot,3,03-02-01-01-02-02-03_r03.wav,520242,0.009155,1,
write,write,,,audio_medium,mongo_gridfs,3,03-02-01-01-02-02-03_r03.wav,520242,0.006786,1,
write,write,,,audio_medium,pg_bytea,3,03-02-01-01-02-02-16_r03.wav,539464,0.013952,1,
write,write,,,audio_medium,mongo_gridfs,3,03-02-01-01-02-02-16_r03.wav,539464,0.007509,1,
write,write,,,audio_medium,polyglot,3,03-02-01-01-02-02-16_r03.wav,539464,0.008248,1,
write,write,,,audio_medium,polyglot,3,03-02-01-01-02-02-17_r03.wav,561888,0.007725,1,
write,write,,,audio_medium,mongo_gridfs,3,03-02-01-01-02-02-17_r03.wav,561888,0.013166,1,
write,write,,,audio_medium,pg_bytea,3,03-02-01-01-02-02-17_r03.wav,561888,0.014486,1,
write,write,,,audio_medium,polyglot,3,03-02-01-02-01-02-01_r03.wav,533056,0.006564,1,
write,write,,,audio_medium,mongo_gridfs,3,03-02-01-02-01-02-01_r03.wav,533056,0.005599,1,
write,write,,,audio_medium,pg_bytea,3,03-02-01-02-01-02-01_r03.wav,533056,0.013929,1,
write,write,,,audio_medium,polyglot,3,03-02-01-02-01-02-02_r03.wav,523448,0.007398,1,
write,write,,,audio_medium,mongo_gridfs,3,03-02-01-02-01-02-02_r03.wav,523448,0.005753,1,
write,write,,,audio_medium,pg_bytea,3,03-02-01-02-01-02-02_r03.wav,523448,0.016940,1,
write,write,,,audio_medium,polyglot,3,03-02-01-02-01-02-03_r03.wav,533056,0.008537,1,
write,write,,,audio_medium,mongo_gridfs,3,03-02-01-02-01-02-03_r03.wav,533056,0.006711,1,
write,write,,,audio_medium,pg_bytea,3,03-02-01-02-01-02-03_r03.wav,533056,0.013662,1,
write,write,,,audio_medium,mongo_gridfs,3,03-02-01-02-01-02-15_r03.wav,561882,0.007561,1,
write,write,,,audio_medium,pg_bytea,3,03-02-01-02-01-02-15_r03.wav,561882,0.015413,1,
write,write,,,audio_medium,polyglot,3,03-02-01-02-01-02-15_r03.wav,561882,0.009057,1,
write,write,,,audio_medium,mongo_gridfs,3,03-02-01-02-01-02-16_r03.wav,526650,0.007555,1,
write,write,,,audio_medium,polyglot,3,03-02-01-02-01-02-16_r03.wav,526650,0.009203,1,
write,write,,,audio_medium,pg_bytea,3,03-02-01-02-01-02-16_r03.wav,526650,0.015179,1,
write,write,,,audio_medium,polyglot,3,03-02-01-02-01-02-17_r03.wav,533056,0.007472,1,
write,write,,,audio_medium,mongo_gridfs,3,03-02-01-02-01-02-17_r03.wav,533056,0.006397,1,
write,write,,,audio_medium,pg_bytea,3,03-02-01-02-01-02-17_r03.wav,533056,0.021146,1,
write,write,,,audio_medium,pg_bytea,3,03-02-01-02-02-02-22_r03.wav,520242,0.036246,1,
write,write,,,audio_medium,mongo_gridfs,3,03-02-01-02-02-02-22_r03.wav,520242,0.008936,1,
write,write,,,audio_medium,polyglot,3,03-02-01-02-02-02-22_r03.wav,520242,0.007278,1,
write,write,,,audio_medium,mongo_gridfs,3,03-02-01-02-02-02-23_r03.wav,520242,0.007946,1,
write,write,,,audio_medium,pg_bytea,3,03-02-01-02-02-02-23_r03.wav,520242,0.015314,1,
write,write,,,audio_medium,polyglot,3,03-02-01-02-02-02-23_r03.wav,520242,0.007670,1,
write,write,,,audio_medium,mongo_gridfs,3,03-02-02-01-01-01-22_r03.wav,523448,0.006006,1,
write,write,,,audio_medium,polyglot,3,03-02-02-01-01-01-22_r03.wav,523448,0.006475,1,
write,write,,,audio_medium,pg_bytea,3,03-02-02-01-01-01-22_r03.wav,523448,0.013732,1,
write,write,,,audio_medium,pg_bytea,3,03-02-02-01-01-01-23_r03.wav,561888,0.015861,1,
write,write,,,audio_medium,mongo_gridfs,3,03-02-02-01-01-01-23_r03.wav,561888,0.007280,1,
write,write,,,audio_medium,polyglot,3,03-02-02-01-01-01-23_r03.wav,561888,0.009523,1,
write,write,,,audio_medium,polyglot,3,03-02-02-01-02-01-01_r03.wav,520242,0.007389,1,
write,write,,,audio_medium,pg_bytea,3,03-02-02-01-02-01-01_r03.wav,520242,0.019423,1,
write,write,,,audio_medium,mongo_gridfs,3,03-02-02-01-02-01-01_r03.wav,520242,0.007660,1,
write,write,,,audio_medium,mongo_gridfs,3,03-02-02-01-02-01-02_r03.wav,539464,0.006594,1,
write,write,,,audio_medium,pg_bytea,3,03-02-02-01-02-01-02_r03.wav,539464,0.015185,1,
write,write,,,audio_medium,polyglot,3,03-02-02-01-02-01-02_r03.wav,539464,0.008938,1,
write,write,,,audio_medium,pg_bytea,3,03-02-02-01-02-01-03_r03.wav,533056,0.014653,1,
write,write,,,audio_medium,polyglot,3,03-02-02-01-02-01-03_r03.wav,533056,0.009882,1,
write,write,,,audio_medium,mongo_gridfs,3,03-02-02-01-02-01-03_r03.wav,533056,0.006469,1,
write,write,,,audio_medium,polyglot,3,03-02-02-01-02-01-16_r03.wav,561882,0.007712,1,
write,write,,,audio_medium,pg_bytea,3,03-02-02-01-02-01-16_r03.wav,561882,0.015397,1,
write,write,,,audio_medium,mongo_gridfs,3,03-02-02-01-02-01-16_r03.wav,561882,0.010001,1,
write,write,,,audio_medium,mongo_gridfs,3,03-02-02-02-01-01-01_r03.wav,539464,0.008588,1,
write,write,,,audio_medium,pg_bytea,3,03-02-02-02-01-01-01_r03.wav,539464,0.015943,1,
write,write,,,audio_medium,polyglot,3,03-02-02-02-01-01-01_r03.wav,539464,0.009515,1,
write,write,,,audio_medium,pg_bytea,3,03-02-02-02-01-01-02_r03.wav,526650,0.014169,1,
write,write,,,audio_medium,polyglot,3,03-02-02-02-01-01-02_r03.wav,526650,0.009511,1,
write,write,,,audio_medium,mongo_gridfs,3,03-02-02-02-01-01-02_r03.wav,526650,0.008077,1,
write,write,,,audio_medium,pg_bytea,3,03-02-02-02-01-01-15_r03.wav,539464,0.014787,1,
write,write,,,audio_medium,mongo_gridfs,3,03-02-02-02-01-01-15_r03.wav,539464,0.008051,1,
write,write,,,audio_medium,polyglot,3,03-02-02-02-01-01-15_r03.wav,539464,0.008277,1,
write,write,,,audio_medium,mongo_gridfs,3,03-02-02-02-01-01-16_r03.wav,520242,0.006527,1,
write,write,,,audio_medium,polyglot,3,03-02-02-02-01-01-16_r03.wav,520242,0.007199,1,
write,write,,,audio_medium,pg_bytea,3,03-02-02-02-01-01-16_r03.wav,520242,0.013008,1,
write,write,,,audio_medium,pg_bytea,3,03-02-02-02-01-01-17_r03.wav,539464,0.015396,1,
write,write,,,audio_medium,polyglot,3,03-02-02-02-01-01-17_r03.wav,539464,0.009274,1,
write,write,,,audio_medium,mongo_gridfs,3,03-02-02-02-01-01-17_r03.wav,539464,0.008997,1,
write,write,,,audio_medium,mongo_gridfs,3,03-02-02-02-02-01-22_r03.wav,539464,0.007101,1,
write,write,,,audio_medium,polyglot,3,03-02-02-02-02-01-22_r03.wav,539464,0.013480,1,
write,write,,,audio_medium,pg_bytea,3,03-02-02-02-02-01-22_r03.wav,539464,0.015736,1,
write,write,,,audio_medium,mongo_gridfs,3,03-02-02-02-02-01-23_r03.wav,520242,0.006866,1,
write,write,,,audio_medium,pg_bytea,3,03-02-02-02-02-01-23_r03.wav,520242,0.013895,1,
write,write,,,audio_medium,polyglot,3,03-02-02-02-02-01-23_r03.wav,520242,0.009250,1,
write,write,,,audio_medium,polyglot,3,03-02-03-01-01-02-01_r03.wav,561882,0.009770,1,
write,write,,,audio_medium,mongo_gridfs,3,03-02-03-01-01-02-01_r03.wav,561882,0.008121,1,
write,write,,,audio_medium,pg_bytea,3,03-02-03-01-01-02-01_r03.wav,561882,0.015955,1,
write,write,,,audio_medium,polyglot,3,03-02-03-01-01-02-02_r03.wav,561882,0.008469,1,
write,write,,,audio_medium,pg_bytea,3,03-02-03-01-01-02-02_r03.wav,561882,0.016734,1,
write,write,,,audio_medium,mongo_gridfs,3,03-02-03-01-01-02-02_r03.wav,561882,0.007117,1,
write,write,,,audio_medium,pg_bytea,3,03-02-03-01-01-02-03_r03.wav,539464,0.014467,1,
write,write,,,audio_medium,polyglot,3,03-02-03-01-01-02-03_r03.wav,539464,0.008618,1,
write,write,,,audio_medium,mongo_gridfs,3,03-02-03-01-01-02-03_r03.wav,539464,0.006498,1,
write,write,,,audio_medium,mongo_gridfs,3,03-02-03-01-01-02-15_r03.wav,526650,0.006285,1,
write,write,,,audio_medium,polyglot,3,03-02-03-01-01-02-15_r03.wav,526650,0.007582,1,
write,write,,,audio_medium,pg_bytea,3,03-02-03-01-01-02-15_r03.wav,526650,0.014086,1,
write,write,,,audio_medium,mongo_gridfs,3,03-02-03-01-01-02-16_r03.wav,520242,0.009409,1,
write,write,,,audio_medium,pg_bytea,3,03-02-03-01-01-02-16_r03.wav,520242,0.014105,1,
write,write,,,audio_medium,polyglot,3,03-02-03-01-01-02-16_r03.wav,520242,0.007977,1,
write,write,,,audio_medium,polyglot,3,03-02-03-01-01-02-17_r03.wav,526650,0.009382,1,
write,write,,,audio_medium,pg_bytea,3,03-02-03-01-01-02-17_r03.wav,526650,0.016412,1,
write,write,,,audio_medium,mongo_gridfs,3,03-02-03-01-01-02-17_r03.wav,526650,0.008529,1,
write,write,,,audio_medium,polyglot,3,03-02-03-01-02-02-09_r03.wav,539464,0.007449,1,
write,write,,,audio_medium,pg_bytea,3,03-02-03-01-02-02-09_r03.wav,539464,0.017799,1,
write,write,,,audio_medium,mongo_gridfs,3,03-02-03-01-02-02-09_r03.wav,539464,0.007571,1,
write,write,,,audio_medium,pg_bytea,3,03-02-03-01-02-02-21_r03.wav,533056,0.015114,1,
write,write,,,audio_medium,polyglot,3,03-02-03-01-02-02-21_r03.wav,533056,0.009051,1,
write,write,,,audio_medium,mongo_gridfs,3,03-02-03-01-02-02-21_r03.wav,533056,0.008232,1,
write,write,,,audio_medium,polyglot,3,03-02-03-01-02-02-22_r03.wav,561888,0.007078,1,
write,write,,,audio_medium,mongo_gridfs,3,03-02-03-01-02-02-22_r03.wav,561888,0.006458,1,
write,write,,,audio_medium,pg_bytea,3,03-02-03-01-02-02-22_r03.wav,561888,0.015849,1,
write,write,,,audio_medium,polyglot,3,03-02-03-01-02-02-23_r03.wav,539464,0.007840,1,
write,write,,,audio_medium,mongo_gridfs,3,03-02-03-01-02-02-23_r03.wav,539464,0.006962,1,
write,write,,,audio_medium,pg_bytea,3,03-02-03-01-02-02-23_r03.wav,539464,0.014955,1,
write,write,,,audio_medium,pg_bytea,3,03-02-03-02-01-02-09_r03.wav,561882,0.014553,1,
write,write,,,audio_medium,polyglot,3,03-02-03-02-01-02-09_r03.wav,561882,0.008569,1,
write,write,,,audio_medium,mongo_gridfs,3,03-02-03-02-01-02-09_r03.wav,561882,0.006768,1,
write,write,,,audio_medium,polyglot,3,03-02-03-02-01-02-21_r03.wav,539464,0.007792,1,
write,write,,,audio_medium,pg_bytea,3,03-02-03-02-01-02-21_r03.wav,539464,0.014179,1,
write,write,,,audio_medium,mongo_gridfs,3,03-02-03-02-01-02-21_r03.wav,539464,0.007842,1,
write,write,,,audio_medium,polyglot,3,03-02-03-02-01-02-22_r03.wav,526650,0.007983,1,
write,write,,,audio_medium,pg_bytea,3,03-02-03-02-01-02-22_r03.wav,526650,0.013502,1,
write,write,,,audio_medium,mongo_gridfs,3,03-02-03-02-01-02-22_r03.wav,526650,0.007384,1,
write,write,,,audio_medium,pg_bytea,3,03-02-03-02-01-02-23_r03.wav,561888,0.015916,1,
write,write,,,audio_medium,polyglot,3,03-02-03-02-01-02-23_r03.wav,561888,0.008034,1,
write,write,,,audio_medium,mongo_gridfs,3,03-02-03-02-01-02-23_r03.wav,561888,0.008695,1,
write,write,,,audio_medium,pg_bytea,3,03-02-03-02-02-02-01_r03.wav,561882,0.015725,1,
write,write,,,audio_medium,mongo_gridfs,3,03-02-03-02-02-02-01_r03.wav,561882,0.007067,1,
write,write,,,audio_medium,polyglot,3,03-02-03-02-02-02-01_r03.wav,561882,0.010464,1,
write,write,,,audio_medium,mongo_gridfs,3,03-02-03-02-02-02-02_r03.wav,523448,0.007190,1,
write,write,,,audio_medium,polyglot,3,03-02-03-02-02-02-02_r03.wav,523448,0.007597,1,
write,write,,,audio_medium,pg_bytea,3,03-02-03-02-02-02-02_r03.wav,523448,0.013727,1,
write,write,,,audio_medium,mongo_gridfs,3,03-02-03-02-02-02-03_r03.wav,561888,0.009518,1,
write,write,,,audio_medium,polyglot,3,03-02-03-02-02-02-03_r03.wav,561888,0.009681,1,
write,write,,,audio_medium,pg_bytea,3,03-02-03-02-02-02-03_r03.wav,561888,0.014692,1,
write,write,,,audio_medium,mongo_gridfs,3,03-02-03-02-02-02-15_r03.wav,523448,0.007027,1,
write,write,,,audio_medium,pg_bytea,3,03-02-03-02-02-02-15_r03.wav,523448,0.013393,1,
write,write,,,audio_medium,polyglot,3,03-02-03-02-02-02-15_r03.wav,523448,0.007633,1,
write,write,,,audio_medium,mongo_gridfs,3,03-02-03-02-02-02-16_r03.wav,561882,0.006446,1,
write,write,,,audio_medium,pg_bytea,3,03-02-03-02-02-02-16_r03.wav,561882,0.014526,1,
write,write,,,audio_medium,polyglot,3,03-02-03-02-02-02-16_r03.wav,561882,0.008507,1,
write,write,,,audio_medium,mongo_gridfs,3,03-02-03-02-02-02-17_r03.wav,523448,0.005842,1,
write,write,,,audio_medium,polyglot,3,03-02-03-02-02-02-17_r03.wav,523448,0.005949,1,
write,write,,,audio_medium,pg_bytea,3,03-02-03-02-02-02-17_r03.wav,523448,0.013149,1,
write,write,,,audio_medium,mongo_gridfs,3,03-02-04-01-01-02-05_r03.wav,561882,0.007658,1,
write,write,,,audio_medium,polyglot,3,03-02-04-01-01-02-05_r03.wav,561882,0.008094,1,
write,write,,,audio_medium,pg_bytea,3,03-02-04-01-01-02-05_r03.wav,561882,0.016031,1,
write,write,,,audio_medium,pg_bytea,3,03-02-04-01-01-02-06_r03.wav,526650,0.014882,1,
write,write,,,audio_medium,polyglot,3,03-02-04-01-01-02-06_r03.wav,526650,0.009073,1,
write,write,,,audio_medium,mongo_gridfs,3,03-02-04-01-01-02-06_r03.wav,526650,0.008376,1,
write,write,,,audio_medium,mongo_gridfs,3,03-02-04-01-01-02-07_r03.wav,523448,0.007475,1,
write,write,,,audio_medium,pg_bytea,3,03-02-04-01-01-02-07_r03.wav,523448,0.014289,1,
write,write,,,audio_medium,polyglot,3,03-02-04-01-01-02-07_r03.wav,523448,0.007725,1,
write,write,,,audio_medium,mongo_gridfs,3,03-02-04-01-01-02-11_r03.wav,539464,0.007429,1,
write,write,,,audio_medium,polyglot,3,03-02-04-01-01-02-11_r03.wav,539464,0.008715,1,
write,write,,,audio_medium,pg_bytea,3,03-02-04-01-01-02-11_r03.wav,539464,0.019212,1,
write,write,,,audio_medium,mongo_gridfs,3,03-02-04-01-01-02-12_r03.wav,523448,0.019482,1,
write,write,,,audio_medium,polyglot,3,03-02-04-01-01-02-12_r03.wav,523448,0.034195,1,
write,write,,,audio_medium,pg_bytea,3,03-02-04-01-01-02-12_r03.wav,523448,0.014003,1,
write,write,,,audio_medium,pg_bytea,3,03-02-04-01-01-02-13_r03.wav,539464,0.014995,1,
write,write,,,audio_medium,polyglot,3,03-02-04-01-01-02-13_r03.wav,539464,0.007877,1,
write,write,,,audio_medium,mongo_gridfs,3,03-02-04-01-01-02-13_r03.wav,539464,0.006504,1,
write,write,,,audio_medium,pg_bytea,3,03-02-04-01-02-02-19_r03.wav,561888,0.017564,1,
write,write,,,audio_medium,mongo_gridfs,3,03-02-04-01-02-02-19_r03.wav,561888,0.008502,1,
write,write,,,audio_medium,polyglot,3,03-02-04-01-02-02-19_r03.wav,561888,0.016273,1,
write,write,,,audio_medium,polyglot,3,03-02-04-02-02-02-05_r03.wav,526650,0.011927,1,
write,write,,,audio_medium,pg_bytea,3,03-02-04-02-02-02-05_r03.wav,526650,0.015611,1,
write,write,,,audio_medium,mongo_gridfs,3,03-02-04-02-02-02-05_r03.wav,526650,0.007678,1,
write,write,,,audio_medium,polyglot,3,03-02-04-02-02-02-06_r03.wav,526650,0.007521,1,
write,write,,,audio_medium,pg_bytea,3,03-02-04-02-02-02-06_r03.wav,526650,0.014271,1,
write,write,,,audio_medium,mongo_gridfs,3,03-02-04-02-02-02-06_r03.wav,526650,0.009033,1,
write,write,,,audio_medium,mongo_gridfs,3,03-02-04-02-02-02-07_r03.wav,561888,0.008230,1,
write,write,,,audio_medium,pg_bytea,3,03-02-04-02-02-02-07_r03.wav,561888,0.015144,1,
write,write,,,audio_medium,polyglot,3,03-02-04-02-02-02-07_r03.wav,561888,0.010428,1,
write,write,,,audio_medium,mongo_gridfs,3,03-02-04-02-02-02-11_r03.wav,561888,0.007301,1,
write,write,,,audio_medium,polyglot,3,03-02-04-02-02-02-11_r03.wav,561888,0.007654,1,
write,write,,,audio_medium,pg_bytea,3,03-02-04-02-02-02-11_r03.wav,561888,0.017013,1,
write,write,,,audio_medium,mongo_gridfs,3,03-02-04-02-02-02-12_r03.wav,523448,0.009107,1,
write,write,,,audio_medium,polyglot,3,03-02-04-02-02-02-12_r03.wav,523448,0.010757,1,
write,write,,,audio_medium,pg_bytea,3,03-02-04-02-02-02-12_r03.wav,523448,0.019320,1,
write,write,,,audio_medium,polyglot,3,03-02-04-02-02-02-13_r03.wav,533056,0.008020,1,
write,write,,,audio_medium,pg_bytea,3,03-02-04-02-02-02-13_r03.wav,533056,0.016391,1,
write,write,,,audio_medium,mongo_gridfs,3,03-02-04-02-02-02-13_r03.wav,533056,0.014454,1,
write,write,,,audio_medium,mongo_gridfs,3,03-02-05-01-02-01-06_r03.wav,561882,0.008978,1,
write,write,,,audio_medium,pg_bytea,3,03-02-05-01-02-01-06_r03.wav,561882,0.016326,1,
write,write,,,audio_medium,polyglot,3,03-02-05-01-02-01-06_r03.wav,561882,0.009661,1,
write,write,,,audio_medium,pg_bytea,3,03-02-05-01-02-01-07_r03.wav,520242,0.014318,1,
write,write,,,audio_medium,mongo_gridfs,3,03-02-05-01-02-01-07_r03.wav,520242,0.008021,1,
write,write,,,audio_medium,polyglot,3,03-02-05-01-02-01-07_r03.wav,520242,0.009115,1,
write,write,,,audio_medium,mongo_gridfs,3,03-02-05-01-02-01-12_r03.wav,520242,0.007745,1,
write,write,,,audio_medium,polyglot,3,03-02-05-01-02-01-12_r03.wav,520242,0.008738,1,
write,write,,,audio_medium,pg_bytea,3,03-02-05-01-02-01-12_r03.wav,520242,0.015775,1,
write,write,,,audio_medium,pg_bytea,3,03-02-05-01-02-01-13_r03.wav,561888,0.019427,1,
write,write,,,audio_medium,polyglot,3,03-02-05-01-02-01-13_r03.wav,561888,0.007990,1,
write,write,,,audio_medium,mongo_gridfs,3,03-02-05-01-02-01-13_r03.wav,561888,0.007071,1,
write,write,,,audio_medium,mongo_gridfs,3,03-02-05-02-01-01-05_r03.wav,539464,0.006698,1,
write,write,,,audio_medium,polyglot,3,03-02-05-02-01-01-05_r03.wav,539464,0.008226,1,
write,write,,,audio_medium,pg_bytea,3,03-02-05-02-01-01-05_r03.wav,539464,0.015443,1,
write,write,,,audio_medium,polyglot,3,03-02-05-02-01-01-06_r03.wav,561888,0.007812,1,
write,write,,,audio_medium,mongo_gridfs,3,03-02-05-02-01-01-06_r03.wav,561888,0.006722,1,
write,write,,,audio_medium,pg_bytea,3,03-02-05-02-01-01-06_r03.wav,561888,0.014708,1,
write,write,,,audio_medium,mongo_gridfs,3,03-02-05-02-01-01-07_r03.wav,533056,0.007788,1,
write,write,,,audio_medium,polyglot,3,03-02-05-02-01-01-07_r03.wav,533056,0.008030,1,
write,write,,,audio_medium,pg_bytea,3,03-02-05-02-01-01-07_r03.wav,533056,0.014008,1,
write,write,,,audio_medium,polyglot,3,03-02-05-02-01-01-11_r03.wav,561888,0.010506,1,
write,write,,,audio_medium,mongo_gridfs,3,03-02-05-02-01-01-11_r03.wav,561888,0.007348,1,
write,write,,,audio_medium,pg_bytea,3,03-02-05-02-01-01-11_r03.wav,561888,0.015339,1,
write,write,,,audio_medium,polyglot,3,03-02-05-02-01-01-12_r03.wav,533056,0.007479,1,
write,write,,,audio_medium,mongo_gridfs,3,03-02-05-02-01-01-12_r03.wav,533056,0.007813,1,
write,write,,,audio_medium,pg_bytea,3,03-02-05-02-01-01-12_r03.wav,533056,0.015073,1,
write,write,,,audio_medium,mongo_gridfs,3,03-02-05-02-01-01-13_r03.wav,526650,0.007576,1,
write,write,,,audio_medium,polyglot,3,03-02-05-02-01-01-13_r03.wav,526650,0.009899,1,
write,write,,,audio_medium,pg_bytea,3,03-02-05-02-01-01-13_r03.wav,526650,0.014154,1,
write,write,,,video_small,mongo_gridfs,3,01-01-01-01-01-01-22_r03.mp4,5457041,0.048654,1,
write,write,,,video_small,polyglot,3,01-01-01-01-01-01-22_r03.mp4,5457041,0.055847,1,
write,write,,,video_small,pg_bytea,3,01-01-01-01-01-01-22_r03.mp4,5457041,0.155090,1,
write,write,,,video_small,pg_bytea,3,01-01-01-01-01-02-01_r03.mp4,5457041,0.243177,1,
write,write,,,video_small,mongo_gridfs,3,01-01-01-01-01-02-01_r03.mp4,5457041,0.061584,1,
write,write,,,video_small,polyglot,3,01-01-01-01-01-02-01_r03.mp4,5457041,0.046593,1,
write,write,,,video_small,mongo_gridfs,3,01-01-01-01-01-02-15_r03.mp4,5457041,0.050562,1,
write,write,,,video_small,pg_bytea,3,01-01-01-01-01-02-15_r03.mp4,5457041,0.146238,1,
write,write,,,video_small,polyglot,3,01-01-01-01-01-02-15_r03.mp4,5457041,0.051649,1,
write,write,,,video_small,pg_bytea,3,01-01-01-01-02-01-06_r03.mp4,5457041,0.138778,1,
write,write,,,video_small,polyglot,3,01-01-01-01-02-01-06_r03.mp4,5457041,0.051647,1,
write,write,,,video_small,mongo_gridfs,3,01-01-01-01-02-01-06_r03.mp4,5457041,0.047491,1,
write,write,,,video_small,mongo_gridfs,3,01-01-01-01-02-01-13_r03.mp4,5457041,0.045200,1,
write,write,,,video_small,pg_bytea,3,01-01-01-01-02-01-13_r03.mp4,5457041,0.227493,1,
write,write,,,video_small,polyglot,3,01-01-01-01-02-01-13_r03.mp4,5457041,0.051871,1,
write,write,,,video_small,mongo_gridfs,3,01-01-01-01-02-01-14_r03.mp4,5457041,0.045574,1,
write,write,,,video_small,polyglot,3,01-01-01-01-02-01-14_r03.mp4,5457041,0.067721,1,
write,write,,,video_small,pg_bytea,3,01-01-01-01-02-01-14_r03.mp4,5457041,0.169791,1,
write,write,,,video_small,pg_bytea,3,01-01-01-01-02-02-09_r03.mp4,5498397,0.229081,1,
write,write,,,video_small,polyglot,3,01-01-01-01-02-02-09_r03.mp4,5498397,0.106176,1,
write,write,,,video_small,mongo_gridfs,3,01-01-01-01-02-02-09_r03.mp4,5498397,0.045147,1,
write,write,,,video_small,mongo_gridfs,3,01-01-01-02-01-01-01_r03.mp4,5498397,0.050127,1,
write,write,,,video_small,pg_bytea,3,01-01-01-02-01-01-01_r03.mp4,5498397,0.141759,1,
write,write,,,video_small,polyglot,3,01-01-01-02-01-01-01_r03.mp4,5498397,0.051331,1,
write,write,,,video_small,mongo_gridfs,3,01-01-01-02-01-01-05_r03.mp4,5457041,0.044635,1,
write,write,,,video_small,pg_bytea,3,01-01-01-02-01-01-05_r03.mp4,5457041,0.146534,1,
write,write,,,video_small,polyglot,3,01-01-01-02-01-01-05_r03.mp4,5457041,0.058450,1,
write,write,,,video_small,mongo_gridfs,3,01-01-01-02-01-01-15_r03.mp4,5457041,0.048192,1,
write,write,,,video_small,pg_bytea,3,01-01-01-02-01-01-15_r03.mp4,5457041,0.142741,1,
write,write,,,video_small,polyglot,3,01-01-01-02-01-01-15_r03.mp4,5457041,0.050089,1,
write,write,,,video_small,pg_bytea,3,01-01-01-02-02-01-18_r03.mp4,5457041,0.134999,1,
write,write,,,video_small,mongo_gridfs,3,01-01-01-02-02-01-18_r03.mp4,5457041,0.044796,1,
write,write,,,video_small,polyglot,3,01-01-01-02-02-01-18_r03.mp4,5457041,0.046938,1,
write,write,,,video_small,polyglot,3,01-01-01-02-02-01-19_r03.mp4,5457041,0.048203,1,
write,write,,,video_small,pg_bytea,3,01-01-01-02-02-01-19_r03.mp4,5457041,0.145769,1,
write,write,,,video_small,mongo_gridfs,3,01-01-01-02-02-01-19_r03.mp4,5457041,0.045797,1,
write,write,,,video_small,pg_bytea,3,01-01-02-01-01-02-09_r03.mp4,5498397,0.140156,1,
write,write,,,video_small,polyglot,3,01-01-02-01-01-02-09_r03.mp4,5498397,0.046094,1,
write,write,,,video_small,mongo_gridfs,3,01-01-02-01-01-02-09_r03.mp4,5498397,0.047518,1,
write,write,,,video_small,polyglot,3,01-01-02-01-01-02-18_r03.mp4,5498397,0.050836,1,
write,write,,,video_small,pg_bytea,3,01-01-02-01-01-02-18_r03.mp4,5498397,0.135591,1,
write,write,,,video_small,mongo_gridfs,3,01-01-02-01-01-02-18_r03.mp4,5498397,0.051674,1,
write,write,,,video_small,polyglot,3,01-01-02-01-01-02-23_r03.mp4,5498397,0.067248,1,
write,write,,,video_small,mongo_gridfs,3,01-01-02-01-01-02-23_r03.mp4,5498397,0.043033,1,
write,write,,,video_small,pg_bytea,3,01-01-02-01-01-02-23_r03.mp4,5498397,0.139947,1,
write,write,,,video_small,mongo_gridfs,3,01-01-02-01-02-01-09_r03.mp4,5498397,0.051816,1,
write,write,,,video_small,pg_bytea,3,01-01-02-01-02-01-09_r03.mp4,5498397,0.139870,1,
write,write,,,video_small,polyglot,3,01-01-02-01-02-01-09_r03.mp4,5498397,0.049968,1,
write,write,,,video_small,polyglot,3,01-01-02-01-02-02-01_r03.mp4,5498397,0.065241,1,
write,write,,,video_small,mongo_gridfs,3,01-01-02-01-02-02-01_r03.mp4,5498397,0.049613,1,
write,write,,,video_small,pg_bytea,3,01-01-02-01-02-02-01_r03.mp4,5498397,0.136644,1,
write,write,,,video_small,pg_bytea,3,01-01-02-01-02-02-03_r03.mp4,5498397,0.140696,1,
write,write,,,video_small,polyglot,3,01-01-02-01-02-02-03_r03.mp4,5498397,0.043334,1,
write,write,,,video_small,mongo_gridfs,3,01-01-02-01-02-02-03_r03.mp4,5498397,0.043368,1,
write,write,,,video_small,polyglot,3,01-01-02-02-01-02-02_r03.mp4,5498397,0.062612,1,
write,write,,,video_small,pg_bytea,3,01-01-02-02-01-02-02_r03.mp4,5498397,0.134866,1,
write,write,,,video_small,mongo_gridfs,3,01-01-02-02-01-02-02_r03.mp4,5498397,0.045120,1,
write,write,,,video_small,pg_bytea,3,01-01-02-02-01-02-03_r03.mp4,5498397,0.138094,1,
write,write,,,video_small,mongo_gridfs,3,01-01-02-02-01-02-03_r03.mp4,5498397,0.045536,1,
write,write,,,video_small,polyglot,3,01-01-02-02-01-02-03_r03.mp4,5498397,0.050543,1,
write,write,,,video_small,pg_bytea,3,01-01-02-02-01-02-05_r03.mp4,5498397,0.146792,1,
write,write,,,video_small,mongo_gridfs,3,01-01-02-02-01-02-05_r03.mp4,5498397,0.047752,1,
write,write,,,video_small,polyglot,3,01-01-02-02-01-02-05_r03.mp4,5498397,0.045084,1,
write,write,,,video_small,pg_bytea,3,01-01-02-02-01-02-10_r03.mp4,5457041,0.142832,1,
write,write,,,video_small,polyglot,3,01-01-02-02-01-02-10_r03.mp4,5457041,0.044227,1,
write,write,,,video_small,mongo_gridfs,3,01-01-02-02-01-02-10_r03.mp4,5457041,0.042022,1,
write,write,,,video_small,polyglot,3,01-01-02-02-01-02-13_r03.mp4,5457041,0.055782,1,
write,write,,,video_small,mongo_gridfs,3,01-01-02-02-01-02-13_r03.mp4,5457041,0.044817,1,
write,write,,,video_small,pg_bytea,3,01-01-02-02-01-02-13_r03.mp4,5457041,0.137915,1,
write,write,,,video_small,pg_bytea,3,01-01-02-02-01-02-17_r03.mp4,5457041,0.144960,1,
write,write,,,video_small,mongo_gridfs,3,01-01-02-02-01-02-17_r03.mp4,5457041,0.069738,1,
write,write,,,video_small,polyglot,3,01-01-02-02-01-02-17_r03.mp4,5457041,0.096037,1,
write,write,,,video_small,polyglot,3,01-01-02-02-02-02-18_r03.mp4,5457041,0.050179,1,
write,write,,,video_small,mongo_gridfs,3,01-01-02-02-02-02-18_r03.mp4,5457041,0.042123,1,
write,write,,,video_small,pg_bytea,3,01-01-02-02-02-02-18_r03.mp4,5457041,0.159348,1,
write,write,,,video_small,pg_bytea,3,01-01-02-02-02-02-19_r03.mp4,5457041,0.138031,1,
write,write,,,video_small,polyglot,3,01-01-02-02-02-02-19_r03.mp4,5457041,0.050171,1,
write,write,,,video_small,mongo_gridfs,3,01-01-02-02-02-02-19_r03.mp4,5457041,0.042326,1,
write,write,,,video_small,pg_bytea,3,01-01-02-02-02-02-21_r03.mp4,5498397,0.135259,1,
write,write,,,video_small,polyglot,3,01-01-02-02-02-02-21_r03.mp4,5498397,0.046671,1,
write,write,,,video_small,mongo_gridfs,3,01-01-02-02-02-02-21_r03.mp4,5498397,0.055155,1,
write,write,,,video_small,pg_bytea,3,01-01-02-02-02-02-22_r03.mp4,5457041,0.135898,1,
write,write,,,video_small,mongo_gridfs,3,01-01-02-02-02-02-22_r03.mp4,5457041,0.047301,1,
write,write,,,video_small,polyglot,3,01-01-02-02-02-02-22_r03.mp4,5457041,0.049965,1,
write,write,,,video_small,mongo_gridfs,3,01-01-02-02-02-02-23_r03.mp4,5457041,0.047834,1,
write,write,,,video_small,polyglot,3,01-01-02-02-02-02-23_r03.mp4,5457041,0.056236,1,
write,write,,,video_small,pg_bytea,3,01-01-02-02-02-02-23_r03.mp4,5457041,0.136206,1,
write,write,,,video_small,polyglot,3,01-01-03-01-01-01-12_r03.mp4,5457041,0.044690,1,
write,write,,,video_small,pg_bytea,3,01-01-03-01-01-01-12_r03.mp4,5457041,0.138911,1,
write,write,,,video_small,mongo_gridfs,3,01-01-03-01-01-01-12_r03.mp4,5457041,0.045175,1,
write,write,,,video_small,polyglot,3,01-01-03-01-01-01-15_r03.mp4,5457041,0.051968,1,
write,write,,,video_small,mongo_gridfs,3,01-01-03-01-01-01-15_r03.mp4,5457041,0.047148,1,
write,write,,,video_small,pg_bytea,3,01-01-03-01-01-01-15_r03.mp4,5457041,0.141875,1,
write,write,,,video_small,pg_bytea,3,01-01-03-01-02-01-08_r03.mp4,5498397,0.138554,1,
write,write,,,video_small,polyglot,3,01-01-03-01-02-01-08_r03.mp4,5498397,0.049625,1,
write,write,,,video_small,mongo_gridfs,3,01-01-03-01-02-01-08_r03.mp4,5498397,0.050050,1,
write,write,,,video_small,mongo_gridfs,3,01-01-03-01-02-01-21_r03.mp4,5498397,0.042376,1,
write,write,,,video_small,polyglot,3,01-01-03-01-02-01-21_r03.mp4,5498397,0.043401,1,
write,write,,,video_small,pg_bytea,3,01-01-03-01-02-01-21_r03.mp4,5498397,0.228078,1,
write,write,,,video_small,polyglot,3,01-01-03-02-01-01-21_r03.mp4,5457041,0.049639,1,
write,write,,,video_small,mongo_gridfs,3,01-01-03-02-01-01-21_r03.mp4,5457041,0.043045,1,
write,write,,,video_small,pg_bytea,3,01-01-03-02-01-01-21_r03.mp4,5457041,0.142592,1,
write,write,,,video_small,mongo_gridfs,3,01-01-03-02-01-01-24_r03.mp4,5457041,0.045240,1,
write,write,,,video_small,pg_bytea,3,01-01-03-02-01-01-24_r03.mp4,5457041,0.150732,1,
write,write,,,video_small,polyglot,3,01-01-03-02-01-01-24_r03.mp4,5457041,0.051361,1,
write,write,,,video_small,polyglot,3,01-01-03-02-01-02-01_r03.mp4,5457041,0.060013,1,
write,write,,,video_small,pg_bytea,3,01-01-03-02-01-02-01_r03.mp4,5457041,0.128263,1,
write,write,,,video_small,mongo_gridfs,3,01-01-03-02-01-02-01_r03.mp4,5457041,0.048359,1,
write,write,,,video_small,polyglot,3,01-01-03-02-01-02-15_r03.mp4,5457041,0.049259,1,
write,write,,,video_small,pg_bytea,3,01-01-03-02-01-02-15_r03.mp4,5457041,0.170632,1,
write,write,,,video_small,mongo_gridfs,3,01-01-03-02-01-02-15_r03.mp4,5457041,0.049900,1,
write,write,,,video_small,mongo_gridfs,3,01-01-03-02-02-01-05_r03.mp4,5457041,0.043073,1,
write,write,,,video_small,pg_bytea,3,01-01-03-02-02-01-05_r03.mp4,5457041,0.140712,1,
write,write,,,video_small,polyglot,3,01-01-03-02-02-01-05_r03.mp4,5457041,0.043792,1,
write,write,,,video_small,polyglot,3,01-01-03-02-02-01-12_r03.mp4,5457041,0.058597,1,
write,write,,,video_small,pg_bytea,3,01-01-03-02-02-01-12_r03.mp4,5457041,0.136058,1,
write,write,,,video_small,mongo_gridfs,3,01-01-03-02-02-01-12_r03.mp4,5457041,0.045593,1,
write,write,,,video_small,mongo_gridfs,3,01-01-03-02-02-01-15_r03.mp4,5498397,0.049197,1,
write,write,,,video_small,pg_bytea,3,01-01-03-02-02-01-15_r03.mp4,5498397,0.146563,1,
write,write,,,video_small,polyglot,3,01-01-03-02-02-01-15_r03.mp4,5498397,0.068232,1,
write,write,,,video_small,pg_bytea,3,01-01-04-01-01-01-03_r03.mp4,5457041,0.249883,1,
write,write,,,video_small,polyglot,3,01-01-04-01-01-01-03_r03.mp4,5457041,0.042642,1,
write,write,,,video_small,mongo_gridfs,3,01-01-04-01-01-01-03_r03.mp4,5457041,0.042362,1,
write,write,,,video_small,mongo_gridfs,3,01-01-04-01-01-01-05_r03.mp4,5498397,0.040827,1,
write,write,,,video_small,polyglot,3,01-01-04-01-01-01-05_r03.mp4,5498397,0.041736,1,
write,write,,,video_small,pg_bytea,3,01-01-04-01-01-01-05_r03.mp4,5498397,0.139427,1,
write,write,,,video_small,pg_bytea,3,01-01-04-01-01-01-10_r03.mp4,5457041,0.131510,1,
write,write,,,video_small,mongo_gridfs,3,01-01-04-01-01-01-10_r03.mp4,5457041,0.056296,1,
write,write,,,video_small,polyglot,3,01-01-04-01-01-01-10_r03.mp4,5457041,0.052188,1,
write,write,,,video_small,pg_bytea,3,01-01-04-01-01-01-16_r03.mp4,5457041,0.144421,1,
write,write,,,video_small,mongo_gridfs,3,01-01-04-01-01-01-16_r03.mp4,5457041,0.050408,1,
write,write,,,video_small,polyglot,3,01-01-04-01-01-01-16_r03.mp4,5457041,0.048042,1,
write,write,,,video_small,mongo_gridfs,3,01-01-04-01-02-01-19_r03.mp4,5498397,0.069138,1,
write,write,,,video_small,polyglot,3,01-01-04-01-02-01-19_r03.mp4,5498397,0.061081,1,
write,write,,,video_small,pg_bytea,3,01-01-04-01-02-01-19_r03.mp4,5498397,0.205665,1,
write,write,,,video_small,pg_bytea,3,01-01-04-01-02-01-21_r03.mp4,5498397,0.139306,1,
write,write,,,video_small,polyglot,3,01-01-04-01-02-01-21_r03.mp4,5498397,0.055563,1,
write,write,,,video_small,mongo_gridfs,3,01-01-04-01-02-01-21_r03.mp4,5498397,0.039934,1,
write,write,,,video_small,polyglot,3,01-01-04-01-02-01-22_r03.mp4,5498397,0.046314,1,
write,write,,,video_small,mongo_gridfs,3,01-01-04-01-02-01-22_r03.mp4,5498397,0.042987,1,
write,write,,,video_small,pg_bytea,3,01-01-04-01-02-01-22_r03.mp4,5498397,0.151785,1,
write,write,,,video_small,polyglot,3,01-01-04-02-01-01-18_r03.mp4,5498397,0.055459,1,
write,write,,,video_small,mongo_gridfs,3,01-01-04-02-01-01-18_r03.mp4,5498397,0.045069,1,
write,write,,,video_small,pg_bytea,3,01-01-04-02-01-01-18_r03.mp4,5498397,0.148960,1,
write,write,,,video_small,mongo_gridfs,3,01-01-04-02-01-01-19_r03.mp4,5498397,0.048393,1,
write,write,,,video_small,polyglot,3,01-01-04-02-01-01-19_r03.mp4,5498397,0.303889,1,
write,write,,,video_small,pg_bytea,3,01-01-04-02-01-01-19_r03.mp4,5498397,0.147930,1,
write,write,,,video_small,pg_bytea,3,01-01-04-02-02-01-02_r03.mp4,5498397,0.136869,1,
write,write,,,video_small,polyglot,3,01-01-04-02-02-01-02_r03.mp4,5498397,0.049527,1,
write,write,,,video_small,mongo_gridfs,3,01-01-04-02-02-01-02_r03.mp4,5498397,0.040442,1,
write,write,,,video_small,pg_bytea,3,01-01-04-02-02-01-05_r03.mp4,5498397,0.138695,1,
write,write,,,video_small,mongo_gridfs,3,01-01-04-02-02-01-05_r03.mp4,5498397,0.041722,1,
write,write,,,video_small,polyglot,3,01-01-04-02-02-01-05_r03.mp4,5498397,0.047008,1,
write,write,,,video_small,mongo_gridfs,3,01-01-04-02-02-01-06_r03.mp4,5498397,0.055461,1,
write,write,,,video_small,pg_bytea,3,01-01-04-02-02-01-06_r03.mp4,5498397,0.136521,1,
write,write,,,video_small,polyglot,3,01-01-04-02-02-01-06_r03.mp4,5498397,0.050642,1,
write,write,,,video_small,mongo_gridfs,3,01-01-04-02-02-01-13_r03.mp4,5498397,0.043531,1,
write,write,,,video_small,pg_bytea,3,01-01-04-02-02-01-13_r03.mp4,5498397,0.134777,1,
write,write,,,video_small,polyglot,3,01-01-04-02-02-01-13_r03.mp4,5498397,0.048010,1,
write,write,,,video_small,pg_bytea,3,01-01-04-02-02-01-17_r03.mp4,5498397,0.142875,1,
write,write,,,video_small,polyglot,3,01-01-04-02-02-01-17_r03.mp4,5498397,0.051525,1,
write,write,,,video_small,mongo_gridfs,3,01-01-04-02-02-01-17_r03.mp4,5498397,0.052311,1,
write,write,,,video_small,mongo_gridfs,3,01-01-04-02-02-02-19_r03.mp4,5498397,0.046456,1,
write,write,,,video_small,polyglot,3,01-01-04-02-02-02-19_r03.mp4,5498397,0.055824,1,
write,write,,,video_small,pg_bytea,3,01-01-04-02-02-02-19_r03.mp4,5498397,0.149771,1,
write,write,,,video_small,pg_bytea,3,01-01-05-01-01-02-09_r03.mp4,5498397,0.155177,1,
write,write,,,video_small,mongo_gridfs,3,01-01-05-01-01-02-09_r03.mp4,5498397,0.069222,1,
write,write,,,video_small,polyglot,3,01-01-05-01-01-02-09_r03.mp4,5498397,0.046237,1,
write,write,,,video_small,polyglot,3,01-01-05-01-01-02-19_r03.mp4,5498397,0.117491,1,
write,write,,,video_small,mongo_gridfs,3,01-01-05-01-01-02-19_r03.mp4,5498397,0.048428,1,
write,write,,,video_small,pg_bytea,3,01-01-05-01-01-02-19_r03.mp4,5498397,0.147829,1,
write,write,,,video_small,mongo_gridfs,3,01-01-05-01-01-02-21_r03.mp4,5457041,0.055638,1,
write,write,,,video_small,pg_bytea,3,01-01-05-01-01-02-21_r03.mp4,5457041,0.134027,1,
write,write,,,video_small,polyglot,3,01-01-05-01-01-02-21_r03.mp4,5457041,0.048327,1,
write,write,,,video_small,polyglot,3,01-01-05-01-02-01-19_r03.mp4,5457041,0.049512,1,
write,write,,,video_small,mongo_gridfs,3,01-01-05-01-02-01-19_r03.mp4,5457041,0.043139,1,
write,write,,,video_small,pg_bytea,3,01-01-05-01-02-01-19_r03.mp4,5457041,0.134686,1,
write,write,,,video_small,polyglot,3,01-01-05-01-02-02-04_r03.mp4,5457041,0.056942,1,
write,write,,,video_small,pg_bytea,3,01-01-05-01-02-02-04_r03.mp4,5457041,0.188209,1,
write,write,,,video_small,mongo_gridfs,3,01-01-05-01-02-02-04_r03.mp4,5457041,0.054316,1,
write,write,,,video_small,pg_bytea,3,01-01-05-01-02-02-05_r03.mp4,5498397,0.139953,1,
write,write,,,video_small,mongo_gridfs,3,01-01-05-01-02-02-05_r03.mp4,5498397,0.051411,1,
write,write,,,video_small,polyglot,3,01-01-05-01-02-02-05_r03.mp4,5498397,0.043457,1,
write,write,,,video_small,pg_bytea,3,01-01-05-02-01-02-04_r03.mp4,5457041,0.139773,1,
write,write,,,video_small,polyglot,3,01-01-05-02-01-02-04_r03.mp4,5457041,0.051416,1,
write,write,,,video_small,mongo_gridfs,3,01-01-05-02-01-02-04_r03.mp4,5457041,0.044525,1,
write,write,,,video_small,pg_bytea,3,01-01-05-02-01-02-12_r03.mp4,5457041,0.138695,1,
write,write,,,video_small,mongo_gridfs,3,01-01-05-02-01-02-12_r03.mp4,5457041,0.046759,1,
write,write,,,video_small,polyglot,3,01-01-05-02-01-02-12_r03.mp4,5457041,0.048992,1,
write,write,,,video_small,mongo_gridfs,3,01-01-05-02-01-02-14_r03.mp4,5457041,0.048185,1,
write,write,,,video_small,pg_bytea,3,01-01-05-02-01-02-14_r03.mp4,5457041,0.148492,1,
write,write,,,video_small,polyglot,3,01-01-05-02-01-02-14_r03.mp4,5457041,0.154776,1,
write,write,,,video_small,pg_bytea,3,01-01-05-02-02-02-19_r03.mp4,5498397,0.158645,1,
write,write,,,video_small,polyglot,3,01-01-05-02-02-02-19_r03.mp4,5498397,0.046643,1,
write,write,,,video_small,mongo_gridfs,3,01-01-05-02-02-02-19_r03.mp4,5498397,0.046865,1,
write,write,,,video_small,pg_bytea,3,01-01-05-02-02-02-20_r03.mp4,5498397,0.149420,1,
write,write,,,video_small,polyglot,3,01-01-05-02-02-02-20_r03.mp4,5498397,0.054164,1,
write,write,,,video_small,mongo_gridfs,3,01-01-05-02-02-02-20_r03.mp4,5498397,0.045816,1,
write,write,,,video_small,pg_bytea,3,01-01-05-02-02-02-23_r03.mp4,5498397,0.139798,1,
write,write,,,video_small,polyglot,3,01-01-05-02-02-02-23_r03.mp4,5498397,0.052997,1,
write,write,,,video_small,mongo_gridfs,3,01-01-05-02-02-02-23_r03.mp4,5498397,0.062852,1,
write,write,,,video_small,pg_bytea,3,01-01-06-01-01-01-08_r03.mp4,5457041,0.146258,1,
write,write,,,video_small,polyglot,3,01-01-06-01-01-01-08_r03.mp4,5457041,0.089460,1,
write,write,,,video_small,mongo_gridfs,3,01-01-06-01-01-01-08_r03.mp4,5457041,0.053723,1,
write,write,,,video_small,mongo_gridfs,3,01-01-06-01-01-01-19_r03.mp4,5457041,0.052028,1,
write,write,,,video_small,pg_bytea,3,01-01-06-01-01-01-19_r03.mp4,5457041,0.255478,1,
write,write,,,video_small,polyglot,3,01-01-06-01-01-01-19_r03.mp4,5457041,0.048751,1,
write,write,,,video_small,mongo_gridfs,3,01-01-06-01-01-01-24_r03.mp4,5498397,0.047215,1,
write,write,,,video_small,polyglot,3,01-01-06-01-01-01-24_r03.mp4,5498397,0.046871,1,
write,write,,,video_small,pg_bytea,3,01-01-06-01-01-01-24_r03.mp4,5498397,0.142124,1,
write,write,,,video_medium,pg_bytea,3,tsinghua_v_0024_r03.mp4,13091522,0.566890,1,
write,write,,,video_medium,polyglot,3,tsinghua_v_0024_r03.mp4,13091522,0.189997,1,
write,write,,,video_medium,mongo_gridfs,3,tsinghua_v_0024_r03.mp4,13091522,0.125248,1,
write,write,,,video_medium,mongo_gridfs,3,tsinghua_v_0046_r03.mp4,13091522,0.320435,1,
write,write,,,video_medium,polyglot,3,tsinghua_v_0046_r03.mp4,13091522,0.167087,1,
write,write,,,video_medium,pg_bytea,3,tsinghua_v_0046_r03.mp4,13091522,0.388187,1,
write,write,,,video_medium,polyglot,3,tsinghua_v_0076_r03.mp4,13091522,0.125347,1,
write,write,,,video_medium,mongo_gridfs,3,tsinghua_v_0076_r03.mp4,13091522,0.114675,1,
write,write,,,video_medium,pg_bytea,3,tsinghua_v_0076_r03.mp4,13091522,0.554949,1,
write,write,,,video_medium,pg_bytea,3,tsinghua_v_0080_r03.mp4,13091522,0.319144,1,
write,write,,,video_medium,mongo_gridfs,3,tsinghua_v_0080_r03.mp4,13091522,0.152622,1,
write,write,,,video_medium,polyglot,3,tsinghua_v_0080_r03.mp4,13091522,0.130095,1,
write,write,,,video_medium,pg_bytea,3,tsinghua_v_0109_r03.mp4,13091522,0.388810,1,
write,write,,,video_medium,mongo_gridfs,3,tsinghua_v_0109_r03.mp4,13091522,0.153953,1,
write,write,,,video_medium,polyglot,3,tsinghua_v_0109_r03.mp4,13091522,0.117166,1,
write,write,,,video_medium,polyglot,3,tsinghua_v_0123_r03.mp4,13091522,0.108883,1,
write,write,,,video_medium,pg_bytea,3,tsinghua_v_0123_r03.mp4,13091522,0.841420,1,
write,write,,,video_medium,mongo_gridfs,3,tsinghua_v_0123_r03.mp4,13091522,0.123138,1,
write,write,,,video_medium,mongo_gridfs,3,tsinghua_v_0130_r03.mp4,13091522,0.150447,1,
write,write,,,video_medium,polyglot,3,tsinghua_v_0130_r03.mp4,13091522,0.132797,1,
write,write,,,video_medium,pg_bytea,3,tsinghua_v_0130_r03.mp4,13091522,0.686051,1,
write,write,,,video_medium,pg_bytea,3,tsinghua_v_0135_r03.mp4,13091522,0.352979,1,
write,write,,,video_medium,polyglot,3,tsinghua_v_0135_r03.mp4,13091522,0.177045,1,
write,write,,,video_medium,mongo_gridfs,3,tsinghua_v_0135_r03.mp4,13091522,0.152868,1,
write,write,,,video_medium,mongo_gridfs,3,tsinghua_v_0137_r03.mp4,13091522,0.109051,1,
write,write,,,video_medium,pg_bytea,3,tsinghua_v_0137_r03.mp4,13091522,0.448304,1,
write,write,,,video_medium,polyglot,3,tsinghua_v_0137_r03.mp4,13091522,0.155809,1,
write,write,,,video_medium,polyglot,3,tsinghua_v_0140_r03.mp4,13091522,0.186029,1,
write,write,,,video_medium,pg_bytea,3,tsinghua_v_0140_r03.mp4,13091522,0.425011,1,
write,write,,,video_medium,mongo_gridfs,3,tsinghua_v_0140_r03.mp4,13091522,0.111003,1,
write,write,,,video_medium,mongo_gridfs,3,tsinghua_v_0151_r03.mp4,13091522,0.107699,1,
write,write,,,video_medium,polyglot,3,tsinghua_v_0151_r03.mp4,13091522,0.799440,1,
write,write,,,video_medium,pg_bytea,3,tsinghua_v_0151_r03.mp4,13091522,0.424560,1,
write,write,,,video_medium,pg_bytea,3,tsinghua_v_0157_r03.mp4,13091522,0.409542,1,
write,write,,,video_medium,polyglot,3,tsinghua_v_0157_r03.mp4,13091522,0.196523,1,
write,write,,,video_medium,mongo_gridfs,3,tsinghua_v_0157_r03.mp4,13091522,0.122517,1,
write,write,,,video_medium,mongo_gridfs,3,tsinghua_v_0209_r03.mp4,13091522,0.154214,1,
write,write,,,video_medium,pg_bytea,3,tsinghua_v_0209_r03.mp4,13091522,0.382776,1,
write,write,,,video_medium,polyglot,3,tsinghua_v_0209_r03.mp4,13091522,0.149428,1,
write,write,,,video_medium,mongo_gridfs,3,tsinghua_v_0226_r03.mp4,13091522,0.138828,1,
write,write,,,video_medium,pg_bytea,3,tsinghua_v_0226_r03.mp4,13091522,0.549899,1,
write,write,,,video_medium,polyglot,3,tsinghua_v_0226_r03.mp4,13091522,0.143155,1,
write,write,,,video_medium,pg_bytea,3,tsinghua_v_0236_r03.mp4,13091522,0.379013,1,
write,write,,,video_medium,polyglot,3,tsinghua_v_0236_r03.mp4,13091522,0.160777,1,
write,write,,,video_medium,mongo_gridfs,3,tsinghua_v_0236_r03.mp4,13091522,0.125012,1,
write,write,,,video_medium,pg_bytea,3,tsinghua_v_0274_r03.mp4,13091522,0.444507,1,
write,write,,,video_medium,mongo_gridfs,3,tsinghua_v_0274_r03.mp4,13091522,0.125836,1,
write,write,,,video_medium,polyglot,3,tsinghua_v_0274_r03.mp4,13091522,0.194002,1,
write,write,,,video_medium,pg_bytea,3,tsinghua_v_0280_r03.mp4,13091522,0.453692,1,
write,write,,,video_medium,polyglot,3,tsinghua_v_0280_r03.mp4,13091522,0.112118,1,
write,write,,,video_medium,mongo_gridfs,3,tsinghua_v_0280_r03.mp4,13091522,0.103958,1,
write,write,,,video_medium,polyglot,3,tsinghua_v_0302_r03.mp4,13091522,0.134048,1,
write,write,,,video_medium,mongo_gridfs,3,tsinghua_v_0302_r03.mp4,13091522,0.142957,1,
write,write,,,video_medium,pg_bytea,3,tsinghua_v_0302_r03.mp4,13091522,0.530123,1,
write,write,,,video_medium,mongo_gridfs,3,tsinghua_v_0311_r03.mp4,13091522,0.126414,1,
write,write,,,video_medium,polyglot,3,tsinghua_v_0311_r03.mp4,13091522,0.114791,1,
write,write,,,video_medium,pg_bytea,3,tsinghua_v_0311_r03.mp4,13091522,0.341922,1,
write,write,,,video_medium,mongo_gridfs,3,tsinghua_v_0316_r03.mp4,13091522,0.103300,1,
write,write,,,video_medium,polyglot,3,tsinghua_v_0316_r03.mp4,13091522,0.182023,1,
write,write,,,video_medium,pg_bytea,3,tsinghua_v_0316_r03.mp4,13091522,0.833057,1,
write,write,,,video_medium,mongo_gridfs,3,tsinghua_v_0319_r03.mp4,13091522,0.119655,1,
write,write,,,video_medium,pg_bytea,3,tsinghua_v_0319_r03.mp4,13091522,0.434083,1,
write,write,,,video_medium,polyglot,3,tsinghua_v_0319_r03.mp4,13091522,0.751696,1,
write,write,,,video_medium,polyglot,3,tsinghua_v_0321_r03.mp4,13091522,0.103787,1,
write,write,,,video_medium,mongo_gridfs,3,tsinghua_v_0321_r03.mp4,13091522,0.111103,1,
write,write,,,video_medium,pg_bytea,3,tsinghua_v_0321_r03.mp4,13091522,0.408846,1,
write,write,,,video_medium,pg_bytea,3,tsinghua_v_0331_r03.mp4,13091522,0.381560,1,
write,write,,,video_medium,polyglot,3,tsinghua_v_0331_r03.mp4,13091522,0.146264,1,
write,write,,,video_medium,mongo_gridfs,3,tsinghua_v_0331_r03.mp4,13091522,0.383168,1,
write,write,,,video_medium,pg_bytea,3,tsinghua_v_0345_r03.mp4,13091522,0.392470,1,
write,write,,,video_medium,polyglot,3,tsinghua_v_0345_r03.mp4,13091522,0.128872,1,
write,write,,,video_medium,mongo_gridfs,3,tsinghua_v_0345_r03.mp4,13091522,0.113999,1,
write,write,,,video_medium,mongo_gridfs,3,tsinghua_v_0356_r03.mp4,13091522,0.142354,1,
write,write,,,video_medium,pg_bytea,3,tsinghua_v_0356_r03.mp4,13091522,0.423084,1,
write,write,,,video_medium,polyglot,3,tsinghua_v_0356_r03.mp4,13091522,0.138554,1,
write,write,,,video_medium,mongo_gridfs,3,tsinghua_v_0357_r03.mp4,13091522,0.136912,1,
write,write,,,video_medium,pg_bytea,3,tsinghua_v_0357_r03.mp4,13091522,0.454666,1,
write,write,,,video_medium,polyglot,3,tsinghua_v_0357_r03.mp4,13091522,0.153831,1,
write,write,,,video_medium,pg_bytea,3,tsinghua_v_0379_r03.mp4,13091522,0.537190,1,
write,write,,,video_medium,polyglot,3,tsinghua_v_0379_r03.mp4,13091522,0.237487,1,
write,write,,,video_medium,mongo_gridfs,3,tsinghua_v_0379_r03.mp4,13091522,0.109413,1,
write,write,,,video_medium,pg_bytea,3,tsinghua_v_0393_r03.mp4,13091522,0.354652,1,
write,write,,,video_medium,mongo_gridfs,3,tsinghua_v_0393_r03.mp4,13091522,0.115779,1,
write,write,,,video_medium,polyglot,3,tsinghua_v_0393_r03.mp4,13091522,0.603102,1,
write,write,,,video_medium,polyglot,3,tsinghua_v_0421_r03.mp4,13091522,0.155888,1,
write,write,,,video_medium,mongo_gridfs,3,tsinghua_v_0421_r03.mp4,13091522,0.111516,1,
write,write,,,video_medium,pg_bytea,3,tsinghua_v_0421_r03.mp4,13091522,0.441266,1,
write,write,,,video_medium,mongo_gridfs,3,tsinghua_v_0424_r03.mp4,13091522,0.105903,1,
write,write,,,video_medium,pg_bytea,3,tsinghua_v_0424_r03.mp4,13091522,0.375161,1,
write,write,,,video_medium,polyglot,3,tsinghua_v_0424_r03.mp4,13091522,0.129955,1,
write,write,,,video_medium,pg_bytea,3,tsinghua_v_0427_r03.mp4,13091522,0.452508,1,
write,write,,,video_medium,mongo_gridfs,3,tsinghua_v_0427_r03.mp4,13091522,0.311144,1,
write,write,,,video_medium,polyglot,3,tsinghua_v_0427_r03.mp4,13091522,0.354699,1,
write,write,,,video_medium,polyglot,3,tsinghua_v_0431_r03.mp4,13091522,0.314227,1,
write,write,,,video_medium,mongo_gridfs,3,tsinghua_v_0431_r03.mp4,13091522,0.197069,1,
write,write,,,video_medium,pg_bytea,3,tsinghua_v_0431_r03.mp4,13091522,0.536359,1,
write,write,,,video_medium,mongo_gridfs,3,tsinghua_v_0452_r03.mp4,13091522,0.160000,1,
write,write,,,video_medium,polyglot,3,tsinghua_v_0452_r03.mp4,13091522,0.125225,1,
write,write,,,video_medium,pg_bytea,3,tsinghua_v_0452_r03.mp4,13091522,0.364796,1,
write,write,,,video_medium,polyglot,3,tsinghua_v_0454_r03.mp4,13091522,0.119064,1,
write,write,,,video_medium,pg_bytea,3,tsinghua_v_0454_r03.mp4,13091522,0.772936,1,
write,write,,,video_medium,mongo_gridfs,3,tsinghua_v_0454_r03.mp4,13091522,0.116595,1,
write,write,,,video_medium,mongo_gridfs,3,tsinghua_v_0457_r03.mp4,13091522,0.185939,1,
write,write,,,video_medium,pg_bytea,3,tsinghua_v_0457_r03.mp4,13091522,0.448903,1,
write,write,,,video_medium,polyglot,3,tsinghua_v_0457_r03.mp4,13091522,0.120655,1,
write,write,,,video_medium,pg_bytea,3,tsinghua_v_0466_r03.mp4,13091522,0.357040,1,
write,write,,,video_medium,mongo_gridfs,3,tsinghua_v_0466_r03.mp4,13091522,0.115198,1,
write,write,,,video_medium,polyglot,3,tsinghua_v_0466_r03.mp4,13091522,0.133659,1,
write,write,,,video_medium,pg_bytea,3,tsinghua_v_0471_r03.mp4,13091522,0.322229,1,
write,write,,,video_medium,polyglot,3,tsinghua_v_0471_r03.mp4,13091522,0.176401,1,
write,write,,,video_medium,mongo_gridfs,3,tsinghua_v_0471_r03.mp4,13091522,0.162790,1,
write,write,,,video_medium,pg_bytea,3,tsinghua_v_0472_r03.mp4,13091522,0.330761,1,
write,write,,,video_medium,polyglot,3,tsinghua_v_0472_r03.mp4,13091522,0.100519,1,
write,write,,,video_medium,mongo_gridfs,3,tsinghua_v_0472_r03.mp4,13091522,0.112367,1,
write,write,,,video_medium,polyglot,3,tsinghua_v_0494_r03.mp4,13091522,0.278007,1,
write,write,,,video_medium,mongo_gridfs,3,tsinghua_v_0494_r03.mp4,13091522,0.118201,1,
write,write,,,video_medium,pg_bytea,3,tsinghua_v_0494_r03.mp4,13091522,0.391263,1,
write,write,,,video_medium,polyglot,3,tsinghua_v_0503_r03.mp4,13091522,0.268503,1,
write,write,,,video_medium,mongo_gridfs,3,tsinghua_v_0503_r03.mp4,13091522,0.110357,1,
write,write,,,video_medium,pg_bytea,3,tsinghua_v_0503_r03.mp4,13091522,0.357399,1,
write,write,,,video_medium,pg_bytea,3,tsinghua_v_0509_r03.mp4,13091522,0.431873,1,
write,write,,,video_medium,mongo_gridfs,3,tsinghua_v_0509_r03.mp4,13091522,0.118084,1,
write,write,,,video_medium,polyglot,3,tsinghua_v_0509_r03.mp4,13091522,0.191257,1,
write,write,,,video_medium,pg_bytea,3,tsinghua_v_0523_r03.mp4,13091522,0.384137,1,
write,write,,,video_medium,mongo_gridfs,3,tsinghua_v_0523_r03.mp4,13091522,0.101016,1,
write,write,,,video_medium,polyglot,3,tsinghua_v_0523_r03.mp4,13091522,0.128077,1,
write,write,,,video_medium,pg_bytea,3,tsinghua_v_0546_r03.mp4,13091522,0.404344,1,
write,write,,,video_medium,polyglot,3,tsinghua_v_0546_r03.mp4,13091522,0.113108,1,
write,write,,,video_medium,mongo_gridfs,3,tsinghua_v_0546_r03.mp4,13091522,0.101809,1,
write,write,,,video_medium,pg_bytea,3,tsinghua_v_0568_r03.mp4,13091522,0.345129,1,
write,write,,,video_medium,mongo_gridfs,3,tsinghua_v_0568_r03.mp4,13091522,0.105726,1,
write,write,,,video_medium,polyglot,3,tsinghua_v_0568_r03.mp4,13091522,0.109061,1,
write,write,,,video_medium,mongo_gridfs,3,tsinghua_v_0594_r03.mp4,13091522,0.247933,1,
write,write,,,video_medium,pg_bytea,3,tsinghua_v_0594_r03.mp4,13091522,0.316619,1,
write,write,,,video_medium,polyglot,3,tsinghua_v_0594_r03.mp4,13091522,0.098142,1,
write,write,,,video_medium,mongo_gridfs,3,tsinghua_v_0596_r03.mp4,13091522,0.098380,1,
write,write,,,video_medium,polyglot,3,tsinghua_v_0596_r03.mp4,13091522,0.117971,1,
write,write,,,video_medium,pg_bytea,3,tsinghua_v_0596_r03.mp4,13091522,0.479765,1,
write,write,,,video_medium,pg_bytea,3,tsinghua_v_0635_r03.mp4,13091522,0.340310,1,
write,write,,,video_medium,polyglot,3,tsinghua_v_0635_r03.mp4,13091522,0.143325,1,
write,write,,,video_medium,mongo_gridfs,3,tsinghua_v_0635_r03.mp4,13091522,0.102686,1,
write,write,,,video_medium,pg_bytea,3,tsinghua_v_0653_r03.mp4,13091522,0.327646,1,
write,write,,,video_medium,polyglot,3,tsinghua_v_0653_r03.mp4,13091522,0.135717,1,
write,write,,,video_medium,mongo_gridfs,3,tsinghua_v_0653_r03.mp4,13091522,0.129069,1,
write,write,,,video_medium,polyglot,3,tsinghua_v_0667_r03.mp4,13091522,0.160868,1,
write,write,,,video_medium,mongo_gridfs,3,tsinghua_v_0667_r03.mp4,13091522,0.109279,1,
write,write,,,video_medium,pg_bytea,3,tsinghua_v_0667_r03.mp4,13091522,0.722303,1,
write,write,,,video_medium,pg_bytea,3,tsinghua_v_0673_r03.mp4,13091522,0.418932,1,
write,write,,,video_medium,polyglot,3,tsinghua_v_0673_r03.mp4,13091522,0.134729,1,
write,write,,,video_medium,mongo_gridfs,3,tsinghua_v_0673_r03.mp4,13091522,0.108370,1,
write,write,,,video_medium,mongo_gridfs,3,tsinghua_v_0681_r03.mp4,13091522,0.104157,1,
write,write,,,video_medium,polyglot,3,tsinghua_v_0681_r03.mp4,13091522,0.117972,1,
write,write,,,video_medium,pg_bytea,3,tsinghua_v_0681_r03.mp4,13091522,0.346478,1,
write,write,,,video_medium,polyglot,3,tsinghua_v_0690_r03.mp4,13091522,0.113109,1,
write,write,,,video_medium,pg_bytea,3,tsinghua_v_0690_r03.mp4,13091522,0.486429,1,
write,write,,,video_medium,mongo_gridfs,3,tsinghua_v_0690_r03.mp4,13091522,0.098929,1,
write,write,,,video_medium,polyglot,3,tsinghua_v_0692_r03.mp4,13091522,0.266942,1,
write,write,,,video_medium,mongo_gridfs,3,tsinghua_v_0692_r03.mp4,13091522,0.284768,1,
write,write,,,video_medium,pg_bytea,3,tsinghua_v_0692_r03.mp4,13091522,0.372675,1,
write,write,,,video_medium,polyglot,3,tsinghua_v_0696_r03.mp4,13091522,0.105327,1,
write,write,,,video_medium,pg_bytea,3,tsinghua_v_0696_r03.mp4,13091522,0.807268,1,
write,write,,,video_medium,mongo_gridfs,3,tsinghua_v_0696_r03.mp4,13091522,0.120435,1,
write,write,,,video_medium,polyglot,3,tsinghua_v_0734_r03.mp4,13091522,0.318097,1,
write,write,,,video_medium,pg_bytea,3,tsinghua_v_0734_r03.mp4,13091522,0.363031,1,
write,write,,,video_medium,mongo_gridfs,3,tsinghua_v_0734_r03.mp4,13091522,0.104347,1,
write,write,,,video_medium,pg_bytea,3,tsinghua_v_0737_r03.mp4,13091522,0.347556,1,
write,write,,,video_medium,mongo_gridfs,3,tsinghua_v_0737_r03.mp4,13091522,0.104889,1,
write,write,,,video_medium,polyglot,3,tsinghua_v_0737_r03.mp4,13091522,0.105290,1,
write,write,,,video_medium,pg_bytea,3,tsinghua_v_0744_r03.mp4,13091522,0.353990,1,
write,write,,,video_medium,mongo_gridfs,3,tsinghua_v_0744_r03.mp4,13091522,0.106750,1,
write,write,,,video_medium,polyglot,3,tsinghua_v_0744_r03.mp4,13091522,0.104474,1,
write,write,,,video_medium,mongo_gridfs,3,tsinghua_v_0745_r03.mp4,13091522,0.106249,1,
write,write,,,video_medium,polyglot,3,tsinghua_v_0745_r03.mp4,13091522,0.113682,1,
write,write,,,video_medium,pg_bytea,3,tsinghua_v_0745_r03.mp4,13091522,0.486515,1,
write,write,,,video_medium,pg_bytea,3,tsinghua_v_0769_r03.mp4,13091522,0.411930,1,
write,write,,,video_medium,mongo_gridfs,3,tsinghua_v_0769_r03.mp4,13091522,0.112600,1,
write,write,,,video_medium,polyglot,3,tsinghua_v_0769_r03.mp4,13091522,0.192679,1,
write,write,,,video_medium,polyglot,3,tsinghua_v_0791_r03.mp4,13091522,0.099922,1,
write,write,,,video_medium,mongo_gridfs,3,tsinghua_v_0791_r03.mp4,13091522,0.099179,1,
write,write,,,video_medium,pg_bytea,3,tsinghua_v_0791_r03.mp4,13091522,0.393227,1,
write,write,,,video_medium,polyglot,3,tsinghua_v_0792_r03.mp4,13091522,0.093688,1,
write,write,,,video_medium,mongo_gridfs,3,tsinghua_v_0792_r03.mp4,13091522,0.127614,1,
write,write,,,video_medium,pg_bytea,3,tsinghua_v_0792_r03.mp4,13091522,0.313268,1,
write,write,,,video_medium,pg_bytea,3,tsinghua_v_0857_r03.mp4,13091522,0.331234,1,
write,write,,,video_medium,polyglot,3,tsinghua_v_0857_r03.mp4,13091522,0.125757,1,
write,write,,,video_medium,mongo_gridfs,3,tsinghua_v_0857_r03.mp4,13091522,0.104534,1,
write,write,,,video_medium,pg_bytea,3,tsinghua_v_0866_r03.mp4,13091522,0.341284,1,
write,write,,,video_medium,mongo_gridfs,3,tsinghua_v_0866_r03.mp4,13091522,0.116247,1,
write,write,,,video_medium,polyglot,3,tsinghua_v_0866_r03.mp4,13091522,0.601478,1,
write,write,,,video_medium,polyglot,3,tsinghua_v_0880_r03.mp4,13091522,0.201363,1,
write,write,,,video_medium,mongo_gridfs,3,tsinghua_v_0880_r03.mp4,13091522,0.303147,1,
write,write,,,video_medium,pg_bytea,3,tsinghua_v_0880_r03.mp4,13091522,0.472713,1,
write,write,,,video_medium,pg_bytea,3,tsinghua_v_0888_r03.mp4,13091522,0.644781,1,
write,write,,,video_medium,polyglot,3,tsinghua_v_0888_r03.mp4,13091522,0.117817,1,
write,write,,,video_medium,mongo_gridfs,3,tsinghua_v_0888_r03.mp4,13091522,0.173935,1,
write,write,,,video_medium,mongo_gridfs,3,tsinghua_v_0901_r03.mp4,13091522,0.147084,1,
write,write,,,video_medium,polyglot,3,tsinghua_v_0901_r03.mp4,13091522,0.124748,1,
write,write,,,video_medium,pg_bytea,3,tsinghua_v_0901_r03.mp4,13091522,0.456187,1,
write,write,,,video_medium,polyglot,3,tsinghua_v_0937_r03.mp4,13091522,0.222935,1,
write,write,,,video_medium,pg_bytea,3,tsinghua_v_0937_r03.mp4,13091522,0.376268,1,
write,write,,,video_medium,mongo_gridfs,3,tsinghua_v_0937_r03.mp4,13091522,0.116372,1,
write,write,,,video_medium,mongo_gridfs,3,tsinghua_v_0939_r03.mp4,13091522,0.123054,1,
write,write,,,video_medium,polyglot,3,tsinghua_v_0939_r03.mp4,13091522,0.268380,1,
write,write,,,video_medium,pg_bytea,3,tsinghua_v_0939_r03.mp4,13091522,0.382217,1,
write,write,,,video_medium,polyglot,3,tsinghua_v_0961_r03.mp4,13091522,0.110684,1,
write,write,,,video_medium,mongo_gridfs,3,tsinghua_v_0961_r03.mp4,13091522,0.111683,1,
write,write,,,video_medium,pg_bytea,3,tsinghua_v_0961_r03.mp4,13091522,0.314760,1,
write,write,,,video_medium,polyglot,3,tsinghua_v_0977_r03.mp4,13091522,0.107870,1,
write,write,,,video_medium,mongo_gridfs,3,tsinghua_v_0977_r03.mp4,13091522,0.103252,1,
write,write,,,video_medium,pg_bytea,3,tsinghua_v_0977_r03.mp4,13091522,0.456062,1,
write,write,,,audio_small,pg_bytea,4,03-01-01-01-01-02-19_r04.wav,375720,0.020512,1,
write,write,,,audio_small,polyglot,4,03-01-01-01-01-02-19_r04.wav,375720,0.015162,1,
write,write,,,audio_small,mongo_gridfs,4,03-01-01-01-01-02-19_r04.wav,375720,0.005525,1,
write,write,,,audio_small,pg_bytea,4,03-01-01-01-02-02-05_r04.wav,396294,0.013918,1,
write,write,,,audio_small,polyglot,4,03-01-01-01-02-02-05_r04.wav,396294,0.016741,1,
write,write,,,audio_small,mongo_gridfs,4,03-01-01-01-02-02-05_r04.wav,396294,0.005546,1,
write,write,,,audio_small,polyglot,4,03-01-01-01-02-02-06_r04.wav,363108,0.042071,1,
write,write,,,audio_small,pg_bytea,4,03-01-01-01-02-02-06_r04.wav,363108,0.012922,1,
write,write,,,audio_small,mongo_gridfs,4,03-01-01-01-02-02-06_r04.wav,363108,0.004446,1,
write,write,,,audio_small,mongo_gridfs,4,03-01-01-01-02-02-07_r04.wav,363108,0.010286,1,
write,write,,,audio_small,pg_bytea,4,03-01-01-01-02-02-07_r04.wav,363108,0.010883,1,
write,write,,,audio_small,polyglot,4,03-01-01-01-02-02-07_r04.wav,363108,0.008706,1,
write,write,,,audio_small,polyglot,4,03-01-01-01-02-02-11_r04.wav,375720,0.004706,1,
write,write,,,audio_small,mongo_gridfs,4,03-01-01-01-02-02-11_r04.wav,375720,0.004473,1,
write,write,,,audio_small,pg_bytea,4,03-01-01-01-02-02-11_r04.wav,375720,0.011557,1,
write,write,,,audio_small,pg_bytea,4,03-01-01-01-02-02-12_r04.wav,372698,0.009149,1,
write,write,,,audio_small,polyglot,4,03-01-01-01-02-02-12_r04.wav,372698,0.008603,1,
write,write,,,audio_small,mongo_gridfs,4,03-01-01-01-02-02-12_r04.wav,372698,0.003714,1,
write,write,,,audio_small,polyglot,4,03-01-01-01-02-02-13_r04.wav,363108,0.004505,1,
write,write,,,audio_small,mongo_gridfs,4,03-01-01-01-02-02-13_r04.wav,363108,0.004152,1,
write,write,,,audio_small,pg_bytea,4,03-01-01-01-02-02-13_r04.wav,363108,0.016569,1,
write,write,,,audio_small,pg_bytea,4,03-01-01-02-01-02-05_r04.wav,393086,0.013577,1,
write,write,,,audio_small,polyglot,4,03-01-01-02-01-02-05_r04.wav,393086,0.009554,1,
write,write,,,audio_small,mongo_gridfs,4,03-01-01-02-01-02-05_r04.wav,393086,0.004194,1,
write,write,,,audio_small,pg_bytea,4,03-01-01-02-01-02-06_r04.wav,363108,0.009722,1,
write,write,,,audio_small,mongo_gridfs,4,03-01-01-02-01-02-06_r04.wav,363108,0.005839,1,
write,write,,,audio_small,polyglot,4,03-01-01-02-01-02-06_r04.wav,363108,0.005776,1,
write,write,,,audio_small,polyglot,4,03-01-01-02-01-02-07_r04.wav,372698,0.005313,1,
write,write,,,audio_small,mongo_gridfs,4,03-01-01-02-01-02-07_r04.wav,372698,0.007240,1,
write,write,,,audio_small,pg_bytea,4,03-01-01-02-01-02-07_r04.wav,372698,0.011007,1,
write,write,,,audio_small,mongo_gridfs,4,03-01-01-02-01-02-13_r04.wav,399494,0.016432,1,
write,write,,,audio_small,pg_bytea,4,03-01-01-02-01-02-13_r04.wav,399494,0.018241,1,
write,write,,,audio_small,polyglot,4,03-01-01-02-01-02-13_r04.wav,399494,0.011519,1,
write,write,,,audio_small,mongo_gridfs,4,03-01-01-02-02-02-19_r04.wav,372698,0.007251,1,
write,write,,,audio_small,polyglot,4,03-01-01-02-02-02-19_r04.wav,372698,0.011859,1,
write,write,,,audio_small,pg_bytea,4,03-01-01-02-02-02-19_r04.wav,372698,0.013192,1,
write,write,,,audio_small,pg_bytea,4,03-01-02-01-01-01-19_r04.wav,372698,0.013240,1,
write,write,,,audio_small,mongo_gridfs,4,03-01-02-01-01-01-19_r04.wav,372698,0.006648,1,
write,write,,,audio_small,polyglot,4,03-01-02-01-01-01-19_r04.wav,372698,0.005643,1,
write,write,,,audio_small,mongo_gridfs,4,03-01-02-01-02-01-06_r04.wav,363108,0.005310,1,
write,write,,,audio_small,pg_bytea,4,03-01-02-01-02-01-06_r04.wav,363108,0.010981,1,
write,write,,,audio_small,polyglot,4,03-01-02-01-02-01-06_r04.wav,363108,0.006003,1,
write,write,,,audio_small,polyglot,4,03-01-02-01-02-01-07_r04.wav,399494,0.011806,1,
write,write,,,audio_small,mongo_gridfs,4,03-01-02-01-02-01-07_r04.wav,399494,0.006644,1,
write,write,,,audio_small,pg_bytea,4,03-01-02-01-02-01-07_r04.wav,399494,0.012582,1,
write,write,,,audio_small,polyglot,4,03-01-02-01-02-01-11_r04.wav,375720,0.005560,1,
write,write,,,audio_small,pg_bytea,4,03-01-02-01-02-01-11_r04.wav,375720,0.009440,1,
write,write,,,audio_small,mongo_gridfs,4,03-01-02-01-02-01-11_r04.wav,375720,0.004330,1,
write,write,,,audio_small,mongo_gridfs,4,03-01-02-01-02-01-12_r04.wav,372698,0.003681,1,
write,write,,,audio_small,pg_bytea,4,03-01-02-01-02-01-12_r04.wav,372698,0.010599,1,
write,write,,,audio_small,polyglot,4,03-01-02-01-02-01-12_r04.wav,372698,0.004246,1,
write,write,,,audio_small,mongo_gridfs,4,03-01-02-01-02-01-13_r04.wav,379106,0.005264,1,
write,write,,,audio_small,polyglot,4,03-01-02-01-02-01-13_r04.wav,379106,0.005077,1,
write,write,,,audio_small,pg_bytea,4,03-01-02-01-02-01-13_r04.wav,379106,0.012446,1,
write,write,,,audio_small,pg_bytea,4,03-01-02-02-01-01-05_r04.wav,363108,0.008462,1,
write,write,,,audio_small,polyglot,4,03-01-02-02-01-01-05_r04.wav,363108,0.006646,1,
write,write,,,audio_small,mongo_gridfs,4,03-01-02-02-01-01-05_r04.wav,363108,0.004599,1,
write,write,,,audio_small,pg_bytea,4,03-01-02-02-01-01-11_r04.wav,363108,0.011059,1,
write,write,,,audio_small,polyglot,4,03-01-02-02-01-01-11_r04.wav,363108,0.007929,1,
write,write,,,audio_small,mongo_gridfs,4,03-01-02-02-01-01-11_r04.wav,363108,0.013908,1,
write,write,,,audio_small,pg_bytea,4,03-01-02-02-01-01-12_r04.wav,399494,0.012009,1,
write,write,,,audio_small,polyglot,4,03-01-02-02-01-01-12_r04.wav,399494,0.011434,1,
write,write,,,audio_small,mongo_gridfs,4,03-01-02-02-01-01-12_r04.wav,399494,0.005973,1,
write,write,,,audio_small,pg_bytea,4,03-01-02-02-01-01-13_r04.wav,399494,0.011224,1,
write,write,,,audio_small,mongo_gridfs,4,03-01-02-02-01-01-13_r04.wav,399494,0.007412,1,
write,write,,,audio_small,polyglot,4,03-01-02-02-01-01-13_r04.wav,399494,0.007462,1,
write,write,,,audio_small,mongo_gridfs,4,03-01-02-02-02-01-19_r04.wav,379106,0.006205,1,
write,write,,,audio_small,pg_bytea,4,03-01-02-02-02-01-19_r04.wav,379106,0.010663,1,
write,write,,,audio_small,polyglot,4,03-01-02-02-02-01-19_r04.wav,379106,0.007144,1,
write,write,,,audio_small,polyglot,4,03-01-03-01-01-02-05_r04.wav,396294,0.008353,1,
write,write,,,audio_small,pg_bytea,4,03-01-03-01-01-02-05_r04.wav,396294,0.010577,1,
write,write,,,audio_small,mongo_gridfs,4,03-01-03-01-01-02-05_r04.wav,396294,0.005477,1,
write,write,,,audio_small,polyglot,4,03-01-03-01-01-02-07_r04.wav,393086,0.005828,1,
write,write,,,audio_small,mongo_gridfs,4,03-01-03-01-01-02-07_r04.wav,393086,0.012075,1,
write,write,,,audio_small,pg_bytea,4,03-01-03-01-01-02-07_r04.wav,393086,0.012520,1,
write,write,,,audio_small,mongo_gridfs,4,03-01-03-01-01-02-12_r04.wav,399494,0.006478,1,
write,write,,,audio_small,polyglot,4,03-01-03-01-01-02-12_r04.wav,399494,0.006614,1,
write,write,,,audio_small,pg_bytea,4,03-01-03-01-01-02-12_r04.wav,399494,0.011420,1,
write,write,,,audio_small,pg_bytea,4,03-01-03-01-01-02-13_r04.wav,399494,0.010401,1,
write,write,,,audio_small,mongo_gridfs,4,03-01-03-01-01-02-13_r04.wav,399494,0.009090,1,
write,write,,,audio_small,polyglot,4,03-01-03-01-01-02-13_r04.wav,399494,0.007311,1,
write,write,,,audio_small,polyglot,4,03-01-03-01-02-02-18_r04.wav,393086,0.013945,1,
write,write,,,audio_small,pg_bytea,4,03-01-03-01-02-02-18_r04.wav,393086,0.018206,1,
write,write,,,audio_small,mongo_gridfs,4,03-01-03-01-02-02-18_r04.wav,393086,0.008505,1,
write,write,,,audio_small,polyglot,4,03-01-03-01-02-02-19_r04.wav,399494,0.006907,1,
write,write,,,audio_small,pg_bytea,4,03-01-03-01-02-02-19_r04.wav,399494,0.011624,1,
write,write,,,audio_small,mongo_gridfs,4,03-01-03-01-02-02-19_r04.wav,399494,0.004877,1,
write,write,,,audio_small,polyglot,4,03-01-03-02-01-02-18_r04.wav,396294,0.006816,1,
write,write,,,audio_small,pg_bytea,4,03-01-03-02-01-02-18_r04.wav,396294,0.010902,1,
write,write,,,audio_small,mongo_gridfs,4,03-01-03-02-01-02-18_r04.wav,396294,0.008217,1,
write,write,,,audio_small,mongo_gridfs,4,03-01-03-02-01-02-19_r04.wav,372698,0.003838,1,
write,write,,,audio_small,pg_bytea,4,03-01-03-02-01-02-19_r04.wav,372698,0.010448,1,
write,write,,,audio_small,polyglot,4,03-01-03-02-01-02-19_r04.wav,372698,0.004776,1,
write,write,,,audio_small,mongo_gridfs,4,03-01-03-02-02-02-04_r04.wav,379106,0.003921,1,
write,write,,,audio_small,polyglot,4,03-01-03-02-02-02-04_r04.wav,379106,0.004172,1,
write,write,,,audio_small,pg_bytea,4,03-01-03-02-02-02-04_r04.wav,379106,0.029226,1,
write,write,,,audio_small,polyglot,4,03-01-03-02-02-02-06_r04.wav,399494,0.008230,1,
write,write,,,audio_small,pg_bytea,4,03-01-03-02-02-02-06_r04.wav,399494,0.015688,1,
write,write,,,audio_small,mongo_gridfs,4,03-01-03-02-02-02-06_r04.wav,399494,0.005995,1,
write,write,,,audio_small,mongo_gridfs,4,03-01-03-02-02-02-07_r04.wav,393086,0.004050,1,
write,write,,,audio_small,polyglot,4,03-01-03-02-02-02-07_r04.wav,393086,0.005766,1,
write,write,,,audio_small,pg_bytea,4,03-01-03-02-02-02-07_r04.wav,393086,0.010495,1,
write,write,,,audio_small,mongo_gridfs,4,03-01-03-02-02-02-10_r04.wav,375720,0.004005,1,
write,write,,,audio_small,pg_bytea,4,03-01-03-02-02-02-10_r04.wav,375720,0.010867,1,
write,write,,,audio_small,polyglot,4,03-01-03-02-02-02-10_r04.wav,375720,0.007274,1,
write,write,,,audio_small,pg_bytea,4,03-01-03-02-02-02-11_r04.wav,396294,0.011664,1,
write,write,,,audio_small,polyglot,4,03-01-03-02-02-02-11_r04.wav,396294,0.013195,1,
write,write,,,audio_small,mongo_gridfs,4,03-01-03-02-02-02-11_r04.wav,396294,0.008358,1,
write,write,,,audio_small,pg_bytea,4,03-01-03-02-02-02-13_r04.wav,399494,0.012447,1,
write,write,,,audio_small,polyglot,4,03-01-03-02-02-02-13_r04.wav,399494,0.008805,1,
write,write,,,audio_small,mongo_gridfs,4,03-01-03-02-02-02-13_r04.wav,399494,0.006350,1,
write,write,,,audio_small,mongo_gridfs,4,03-01-04-01-01-02-01_r04.wav,396294,0.006473,1,
write,write,,,audio_small,pg_bytea,4,03-01-04-01-01-02-01_r04.wav,396294,0.016898,1,
write,write,,,audio_small,polyglot,4,03-01-04-01-01-02-01_r04.wav,396294,0.009337,1,
write,write,,,audio_small,mongo_gridfs,4,03-01-04-01-01-02-02_r04.wav,379106,0.005807,1,
write,write,,,audio_small,pg_bytea,4,03-01-04-01-01-02-02_r04.wav,379106,0.012422,1,
write,write,,,audio_small,polyglot,4,03-01-04-01-01-02-02_r04.wav,379106,0.006549,1,
write,write,,,audio_small,polyglot,4,03-01-04-01-01-02-16_r04.wav,379106,0.007050,1,
write,write,,,audio_small,pg_bytea,4,03-01-04-01-01-02-16_r04.wav,379106,0.009775,1,
write,write,,,audio_small,mongo_gridfs,4,03-01-04-01-01-02-16_r04.wav,379106,0.005873,1,
write,write,,,audio_small,polyglot,4,03-01-04-01-02-02-08_r04.wav,372698,0.005705,1,
write,write,,,audio_small,pg_bytea,4,03-01-04-01-02-02-08_r04.wav,372698,0.012394,1,
write,write,,,audio_small,mongo_gridfs,4,03-01-04-01-02-02-08_r04.wav,372698,0.012354,1,
write,write,,,audio_small,mongo_gridfs,4,03-01-04-01-02-02-09_r04.wav,363108,0.004447,1,
write,write,,,audio_small,polyglot,4,03-01-04-01-02-02-09_r04.wav,363108,0.005308,1,
write,write,,,audio_small,pg_bytea,4,03-01-04-01-02-02-09_r04.wav,363108,0.012318,1,
write,write,,,audio_small,pg_bytea,4,03-01-04-01-02-02-20_r04.wav,396294,0.019182,1,
write,write,,,audio_small,polyglot,4,03-01-04-01-02-02-20_r04.wav,396294,0.042572,1,
write,write,,,audio_small,mongo_gridfs,4,03-01-04-01-02-02-20_r04.wav,396294,0.014341,1,
write,write,,,audio_small,polyglot,4,03-01-04-01-02-02-21_r04.wav,363108,0.008976,1,
write,write,,,audio_small,pg_bytea,4,03-01-04-01-02-02-21_r04.wav,363108,0.354832,1,
write,write,,,audio_small,mongo_gridfs,4,03-01-04-01-02-02-21_r04.wav,363108,0.008872,1,
write,write,,,audio_small,mongo_gridfs,4,03-01-04-01-02-02-22_r04.wav,372698,0.007493,1,
write,write,,,audio_small,polyglot,4,03-01-04-01-02-02-22_r04.wav,372698,0.005978,1,
write,write,,,audio_small,pg_bytea,4,03-01-04-01-02-02-22_r04.wav,372698,0.011048,1,
write,write,,,audio_small,polyglot,4,03-01-04-01-02-02-23_r04.wav,363108,0.006034,1,
write,write,,,audio_small,pg_bytea,4,03-01-04-01-02-02-23_r04.wav,363108,0.012492,1,
write,write,,,audio_small,mongo_gridfs,4,03-01-04-01-02-02-23_r04.wav,363108,0.010663,1,
write,write,,,audio_small,mongo_gridfs,4,03-01-04-02-01-02-09_r04.wav,379106,0.009354,1,
write,write,,,audio_small,pg_bytea,4,03-01-04-02-01-02-09_r04.wav,379106,0.017867,1,
write,write,,,audio_small,polyglot,4,03-01-04-02-01-02-09_r04.wav,379106,0.013775,1,
write,write,,,audio_small,polyglot,4,03-01-04-02-01-02-20_r04.wav,379106,0.008519,1,
write,write,,,audio_small,pg_bytea,4,03-01-04-02-01-02-20_r04.wav,379106,0.010798,1,
write,write,,,audio_small,mongo_gridfs,4,03-01-04-02-01-02-20_r04.wav,379106,0.007133,1,
write,write,,,audio_small,polyglot,4,03-01-04-02-01-02-21_r04.wav,393086,0.008611,1,
write,write,,,audio_small,pg_bytea,4,03-01-04-02-01-02-21_r04.wav,393086,0.010845,1,
write,write,,,audio_small,mongo_gridfs,4,03-01-04-02-01-02-21_r04.wav,393086,0.006148,1,
write,write,,,audio_small,mongo_gridfs,4,03-01-04-02-01-02-22_r04.wav,379106,0.005477,1,
write,write,,,audio_small,pg_bytea,4,03-01-04-02-01-02-22_r04.wav,379106,0.010211,1,
write,write,,,audio_small,polyglot,4,03-01-04-02-01-02-22_r04.wav,379106,0.006052,1,
write,write,,,audio_small,mongo_gridfs,4,03-01-04-02-02-02-14_r04.wav,375720,0.006666,1,
write,write,,,audio_small,pg_bytea,4,03-01-04-02-02-02-14_r04.wav,375720,0.009699,1,
write,write,,,audio_small,polyglot,4,03-01-04-02-02-02-14_r04.wav,375720,0.005802,1,
write,write,,,audio_small,mongo_gridfs,4,03-01-04-02-02-02-15_r04.wav,379106,0.005543,1,
write,write,,,audio_small,pg_bytea,4,03-01-04-02-02-02-15_r04.wav,379106,0.010465,1,
write,write,,,audio_small,polyglot,4,03-01-04-02-02-02-15_r04.wav,379106,0.007091,1,
write,write,,,audio_small,pg_bytea,4,03-01-04-02-02-02-16_r04.wav,375720,0.015444,1,
write,write,,,audio_small,polyglot,4,03-01-04-02-02-02-16_r04.wav,375720,0.007840,1,
write,write,,,audio_small,mongo_gridfs,4,03-01-04-02-02-02-16_r04.wav,375720,0.006185,1,
write,write,,,audio_small,pg_bytea,4,03-01-04-02-02-02-17_r04.wav,363108,0.009559,1,
write,write,,,audio_small,mongo_gridfs,4,03-01-04-02-02-02-17_r04.wav,363108,0.009155,1,
write,write,,,audio_small,polyglot,4,03-01-04-02-02-02-17_r04.wav,363108,0.017274,1,
write,write,,,audio_small,mongo_gridfs,4,03-01-05-01-01-01-09_r04.wav,393086,0.009619,1,
write,write,,,audio_small,pg_bytea,4,03-01-05-01-01-01-09_r04.wav,393086,0.010131,1,
write,write,,,audio_small,polyglot,4,03-01-05-01-01-01-09_r04.wav,393086,0.006852,1,
write,write,,,audio_small,mongo_gridfs,4,03-01-05-01-01-01-22_r04.wav,393086,0.005046,1,
write,write,,,audio_small,polyglot,4,03-01-05-01-01-01-22_r04.wav,393086,0.011154,1,
write,write,,,audio_small,pg_bytea,4,03-01-05-01-01-01-22_r04.wav,393086,0.016848,1,
write,write,,,audio_small,mongo_gridfs,4,03-01-05-01-02-01-02_r04.wav,372698,0.005389,1,
write,write,,,audio_small,polyglot,4,03-01-05-01-02-01-02_r04.wav,372698,0.006652,1,
write,write,,,audio_small,pg_bytea,4,03-01-05-01-02-01-02_r04.wav,372698,0.019053,1,
write,write,,,audio_small,pg_bytea,4,03-01-05-01-02-01-03_r04.wav,396294,0.010655,1,
write,write,,,audio_small,mongo_gridfs,4,03-01-05-01-02-01-03_r04.wav,396294,0.006423,1,
write,write,,,audio_small,polyglot,4,03-01-05-01-02-01-03_r04.wav,396294,0.006267,1,
write,write,,,audio_small,polyglot,4,03-01-05-01-02-01-15_r04.wav,363108,0.007265,1,
write,write,,,audio_small,pg_bytea,4,03-01-05-01-02-01-15_r04.wav,363108,0.010451,1,
write,write,,,audio_small,mongo_gridfs,4,03-01-05-01-02-01-15_r04.wav,363108,0.006214,1,
write,write,,,audio_small,pg_bytea,4,03-01-05-01-02-01-16_r04.wav,372698,0.014141,1,
write,write,,,audio_small,mongo_gridfs,4,03-01-05-01-02-01-16_r04.wav,372698,0.005284,1,
write,write,,,audio_small,polyglot,4,03-01-05-01-02-01-16_r04.wav,372698,0.005714,1,
write,write,,,audio_small,polyglot,4,03-01-05-01-02-01-17_r04.wav,393086,0.005058,1,
write,write,,,audio_small,mongo_gridfs,4,03-01-05-01-02-01-17_r04.wav,393086,0.004929,1,
write,write,,,audio_small,pg_bytea,4,03-01-05-01-02-01-17_r04.wav,393086,0.126205,1,
write,write,,,audio_small,pg_bytea,4,03-01-05-02-01-01-01_r04.wav,372698,0.014120,1,
write,write,,,audio_small,polyglot,4,03-01-05-02-01-01-01_r04.wav,372698,0.006912,1,
write,write,,,audio_small,mongo_gridfs,4,03-01-05-02-01-01-01_r04.wav,372698,0.004918,1,
write,write,,,audio_small,polyglot,4,03-01-05-02-01-01-02_r04.wav,375720,0.005910,1,
write,write,,,audio_small,mongo_gridfs,4,03-01-05-02-01-01-02_r04.wav,375720,0.004905,1,
write,write,,,audio_small,pg_bytea,4,03-01-05-02-01-01-02_r04.wav,375720,0.013702,1,
write,write,,,audio_small,mongo_gridfs,4,03-01-05-02-01-01-03_r04.wav,372698,0.004236,1,
write,write,,,audio_small,pg_bytea,4,03-01-05-02-01-01-03_r04.wav,372698,0.010706,1,
write,write,,,audio_small,polyglot,4,03-01-05-02-01-01-03_r04.wav,372698,0.007431,1,
write,write,,,audio_small,pg_bytea,4,03-01-05-02-01-01-15_r04.wav,396294,0.013629,1,
write,write,,,audio_small,polyglot,4,03-01-05-02-01-01-15_r04.wav,396294,0.005225,1,
write,write,,,audio_small,mongo_gridfs,4,03-01-05-02-01-01-15_r04.wav,396294,0.004083,1,
write,write,,,audio_small,mongo_gridfs,4,03-01-05-02-01-01-16_r04.wav,399494,0.004684,1,
write,write,,,audio_small,polyglot,4,03-01-05-02-01-01-16_r04.wav,399494,0.022257,1,
write,write,,,audio_small,pg_bytea,4,03-01-05-02-01-01-16_r04.wav,399494,0.011107,1,
write,write,,,audio_small,mongo_gridfs,4,03-01-05-02-01-01-17_r04.wav,363108,0.019906,1,
write,write,,,audio_small,pg_bytea,4,03-01-05-02-01-01-17_r04.wav,363108,0.011944,1,
write,write,,,audio_small,polyglot,4,03-01-05-02-01-01-17_r04.wav,363108,0.010078,1,
write,write,,,audio_small,polyglot,4,03-01-05-02-02-01-09_r04.wav,396294,0.024159,1,
write,write,,,audio_small,pg_bytea,4,03-01-05-02-02-01-09_r04.wav,396294,0.013203,1,
write,write,,,audio_small,mongo_gridfs,4,03-01-05-02-02-01-09_r04.wav,396294,0.021005,1,
write,write,,,audio_small,pg_bytea,4,03-01-05-02-02-01-21_r04.wav,375720,0.015160,1,
write,write,,,audio_small,mongo_gridfs,4,03-01-05-02-02-01-21_r04.wav,375720,0.005095,1,
write,write,,,audio_small,polyglot,4,03-01-05-02-02-01-21_r04.wav,375720,0.012256,1,
write,write,,,audio_small,pg_bytea,4,03-01-05-02-02-01-22_r04.wav,379106,0.009768,1,
write,write,,,audio_small,mongo_gridfs,4,03-01-05-02-02-01-22_r04.wav,379106,0.004566,1,
write,write,,,audio_small,polyglot,4,03-01-05-02-02-01-22_r04.wav,379106,0.021648,1,
write,write,,,audio_medium,polyglot,4,03-02-01-01-01-02-22_r04.wav,526650,0.034047,1,
write,write,,,audio_medium,mongo_gridfs,4,03-02-01-01-01-02-22_r04.wav,526650,0.011737,1,
write,write,,,audio_medium,pg_bytea,4,03-02-01-01-01-02-22_r04.wav,526650,0.353602,1,
write,write,,,audio_medium,polyglot,4,03-02-01-01-01-02-23_r04.wav,539464,0.013153,1,
write,write,,,audio_medium,pg_bytea,4,03-02-01-01-01-02-23_r04.wav,539464,0.016157,1,
write,write,,,audio_medium,mongo_gridfs,4,03-02-01-01-01-02-23_r04.wav,539464,0.007860,1,
write,write,,,audio_medium,pg_bytea,4,03-02-01-01-02-02-02_r04.wav,539464,0.016355,1,
write,write,,,audio_medium,mongo_gridfs,4,03-02-01-01-02-02-02_r04.wav,539464,0.006054,1,
write,write,,,audio_medium,polyglot,4,03-02-01-01-02-02-02_r04.wav,539464,0.021446,1,
write,write,,,audio_medium,pg_bytea,4,03-02-01-01-02-02-03_r04.wav,520242,0.014491,1,
write,write,,,audio_medium,polyglot,4,03-02-01-01-02-02-03_r04.wav,520242,0.030511,1,
write,write,,,audio_medium,mongo_gridfs,4,03-02-01-01-02-02-03_r04.wav,520242,0.011483,1,
write,write,,,audio_medium,mongo_gridfs,4,03-02-01-01-02-02-16_r04.wav,539464,0.024403,1,
write,write,,,audio_medium,pg_bytea,4,03-02-01-01-02-02-16_r04.wav,539464,0.023131,1,
write,write,,,audio_medium,polyglot,4,03-02-01-01-02-02-16_r04.wav,539464,0.020993,1,
write,write,,,audio_medium,mongo_gridfs,4,03-02-01-01-02-02-17_r04.wav,561888,0.020696,1,
write,write,,,audio_medium,pg_bytea,4,03-02-01-01-02-02-17_r04.wav,561888,0.016244,1,
write,write,,,audio_medium,polyglot,4,03-02-01-01-02-02-17_r04.wav,561888,0.019123,1,
write,write,,,audio_medium,pg_bytea,4,03-02-01-02-01-02-01_r04.wav,533056,0.014451,1,
write,write,,,audio_medium,mongo_gridfs,4,03-02-01-02-01-02-01_r04.wav,533056,0.009583,1,
write,write,,,audio_medium,polyglot,4,03-02-01-02-01-02-01_r04.wav,533056,0.007759,1,
write,write,,,audio_medium,mongo_gridfs,4,03-02-01-02-01-02-02_r04.wav,523448,0.011054,1,
write,write,,,audio_medium,polyglot,4,03-02-01-02-01-02-02_r04.wav,523448,0.009217,1,
write,write,,,audio_medium,pg_bytea,4,03-02-01-02-01-02-02_r04.wav,523448,0.014645,1,
write,write,,,audio_medium,mongo_gridfs,4,03-02-01-02-01-02-03_r04.wav,533056,0.014910,1,
write,write,,,audio_medium,pg_bytea,4,03-02-01-02-01-02-03_r04.wav,533056,0.017511,1,
write,write,,,audio_medium,polyglot,4,03-02-01-02-01-02-03_r04.wav,533056,0.014048,1,
write,write,,,audio_medium,polyglot,4,03-02-01-02-01-02-15_r04.wav,561882,0.010193,1,
write,write,,,audio_medium,mongo_gridfs,4,03-02-01-02-01-02-15_r04.wav,561882,0.011567,1,
write,write,,,audio_medium,pg_bytea,4,03-02-01-02-01-02-15_r04.wav,561882,0.018917,1,
write,write,,,audio_medium,mongo_gridfs,4,03-02-01-02-01-02-16_r04.wav,526650,0.008477,1,
write,write,,,audio_medium,polyglot,4,03-02-01-02-01-02-16_r04.wav,526650,0.008547,1,
write,write,,,audio_medium,pg_bytea,4,03-02-01-02-01-02-16_r04.wav,526650,0.014324,1,
write,write,,,audio_medium,mongo_gridfs,4,03-02-01-02-01-02-17_r04.wav,533056,0.007884,1,
write,write,,,audio_medium,pg_bytea,4,03-02-01-02-01-02-17_r04.wav,533056,0.016260,1,
write,write,,,audio_medium,polyglot,4,03-02-01-02-01-02-17_r04.wav,533056,0.021178,1,
write,write,,,audio_medium,pg_bytea,4,03-02-01-02-02-02-22_r04.wav,520242,0.016023,1,
write,write,,,audio_medium,polyglot,4,03-02-01-02-02-02-22_r04.wav,520242,0.009279,1,
write,write,,,audio_medium,mongo_gridfs,4,03-02-01-02-02-02-22_r04.wav,520242,0.010073,1,
write,write,,,audio_medium,polyglot,4,03-02-01-02-02-02-23_r04.wav,520242,0.007454,1,
write,write,,,audio_medium,pg_bytea,4,03-02-01-02-02-02-23_r04.wav,520242,0.027826,1,
write,write,,,audio_medium,mongo_gridfs,4,03-02-01-02-02-02-23_r04.wav,520242,0.016455,1,
write,write,,,audio_medium,polyglot,4,03-02-02-01-01-01-22_r04.wav,523448,0.009277,1,
write,write,,,audio_medium,pg_bytea,4,03-02-02-01-01-01-22_r04.wav,523448,0.019063,1,
write,write,,,audio_medium,mongo_gridfs,4,03-02-02-01-01-01-22_r04.wav,523448,0.031895,1,
write,write,,,audio_medium,pg_bytea,4,03-02-02-01-01-01-23_r04.wav,561888,0.015504,1,
write,write,,,audio_medium,mongo_gridfs,4,03-02-02-01-01-01-23_r04.wav,561888,0.024867,1,
write,write,,,audio_medium,polyglot,4,03-02-02-01-01-01-23_r04.wav,561888,0.033428,1,
write,write,,,audio_medium,polyglot,4,03-02-02-01-02-01-01_r04.wav,520242,0.009268,1,
write,write,,,audio_medium,pg_bytea,4,03-02-02-01-02-01-01_r04.wav,520242,0.015383,1,
write,write,,,audio_medium,mongo_gridfs,4,03-02-02-01-02-01-01_r04.wav,520242,0.007018,1,
write,write,,,audio_medium,mongo_gridfs,4,03-02-02-01-02-01-02_r04.wav,539464,0.016489,1,
write,write,,,audio_medium,pg_bytea,4,03-02-02-01-02-01-02_r04.wav,539464,0.026325,1,
write,write,,,audio_medium,polyglot,4,03-02-02-01-02-01-02_r04.wav,539464,0.011194,1,
write,write,,,audio_medium,pg_bytea,4,03-02-02-01-02-01-03_r04.wav,533056,0.049564,1,
write,write,,,audio_medium,mongo_gridfs,4,03-02-02-01-02-01-03_r04.wav,533056,0.008960,1,
write,write,,,audio_medium,polyglot,4,03-02-02-01-02-01-03_r04.wav,533056,0.018143,1,
write,write,,,audio_medium,pg_bytea,4,03-02-02-01-02-01-16_r04.wav,561882,0.018868,1,
write,write,,,audio_medium,mongo_gridfs,4,03-02-02-01-02-01-16_r04.wav,561882,0.011951,1,
write,write,,,audio_medium,polyglot,4,03-02-02-01-02-01-16_r04.wav,561882,0.012528,1,
write,write,,,audio_medium,polyglot,4,03-02-02-02-01-01-01_r04.wav,539464,0.008459,1,
write,write,,,audio_medium,pg_bytea,4,03-02-02-02-01-01-01_r04.wav,539464,0.015111,1,
write,write,,,audio_medium,mongo_gridfs,4,03-02-02-02-01-01-01_r04.wav,539464,0.017768,1,
write,write,,,audio_medium,mongo_gridfs,4,03-02-02-02-01-01-02_r04.wav,526650,0.006471,1,
write,write,,,audio_medium,pg_bytea,4,03-02-02-02-01-01-02_r04.wav,526650,0.017457,1,
write,write,,,audio_medium,polyglot,4,03-02-02-02-01-01-02_r04.wav,526650,0.017810,1,
write,write,,,audio_medium,pg_bytea,4,03-02-02-02-01-01-15_r04.wav,539464,0.015522,1,
write,write,,,audio_medium,mongo_gridfs,4,03-02-02-02-01-01-15_r04.wav,539464,0.019300,1,
write,write,,,audio_medium,polyglot,4,03-02-02-02-01-01-15_r04.wav,539464,0.013324,1,
write,write,,,audio_medium,mongo_gridfs,4,03-02-02-02-01-01-16_r04.wav,520242,0.006732,1,
write,write,,,audio_medium,polyglot,4,03-02-02-02-01-01-16_r04.wav,520242,0.009855,1,
write,write,,,audio_medium,pg_bytea,4,03-02-02-02-01-01-16_r04.wav,520242,0.014730,1,
write,write,,,audio_medium,mongo_gridfs,4,03-02-02-02-01-01-17_r04.wav,539464,0.028232,1,
write,write,,,audio_medium,polyglot,4,03-02-02-02-01-01-17_r04.wav,539464,0.014757,1,
write,write,,,audio_medium,pg_bytea,4,03-02-02-02-01-01-17_r04.wav,539464,0.019116,1,
write,write,,,audio_medium,pg_bytea,4,03-02-02-02-02-01-22_r04.wav,539464,0.015375,1,
write,write,,,audio_medium,polyglot,4,03-02-02-02-02-01-22_r04.wav,539464,0.024762,1,
write,write,,,audio_medium,mongo_gridfs,4,03-02-02-02-02-01-22_r04.wav,539464,0.013661,1,
write,write,,,audio_medium,polyglot,4,03-02-02-02-02-01-23_r04.wav,520242,0.007978,1,
write,write,,,audio_medium,mongo_gridfs,4,03-02-02-02-02-01-23_r04.wav,520242,0.007260,1,
write,write,,,audio_medium,pg_bytea,4,03-02-02-02-02-01-23_r04.wav,520242,0.015246,1,
write,write,,,audio_medium,mongo_gridfs,4,03-02-03-01-01-02-01_r04.wav,561882,0.008714,1,
write,write,,,audio_medium,polyglot,4,03-02-03-01-01-02-01_r04.wav,561882,0.007892,1,
write,write,,,audio_medium,pg_bytea,4,03-02-03-01-01-02-01_r04.wav,561882,0.015461,1,
write,write,,,audio_medium,mongo_gridfs,4,03-02-03-01-01-02-02_r04.wav,561882,0.008318,1,
write,write,,,audio_medium,pg_bytea,4,03-02-03-01-01-02-02_r04.wav,561882,0.018356,1,
write,write,,,audio_medium,polyglot,4,03-02-03-01-01-02-02_r04.wav,561882,0.010167,1,
write,write,,,audio_medium,mongo_gridfs,4,03-02-03-01-01-02-03_r04.wav,539464,0.007818,1,
write,write,,,audio_medium,polyglot,4,03-02-03-01-01-02-03_r04.wav,539464,0.008972,1,
write,write,,,audio_medium,pg_bytea,4,03-02-03-01-01-02-03_r04.wav,539464,0.016478,1,
write,write,,,audio_medium,polyglot,4,03-02-03-01-01-02-15_r04.wav,526650,0.007749,1,
write,write,,,audio_medium,pg_bytea,4,03-02-03-01-01-02-15_r04.wav,526650,0.018087,1,
write,write,,,audio_medium,mongo_gridfs,4,03-02-03-01-01-02-15_r04.wav,526650,0.008422,1,
write,write,,,audio_medium,mongo_gridfs,4,03-02-03-01-01-02-16_r04.wav,520242,0.006853,1,
write,write,,,audio_medium,pg_bytea,4,03-02-03-01-01-02-16_r04.wav,520242,0.015074,1,
write,write,,,audio_medium,polyglot,4,03-02-03-01-01-02-16_r04.wav,520242,0.015256,1,
write,write,,,audio_medium,pg_bytea,4,03-02-03-01-01-02-17_r04.wav,526650,0.014991,1,
write,write,,,audio_medium,polyglot,4,03-02-03-01-01-02-17_r04.wav,526650,0.008736,1,
write,write,,,audio_medium,mongo_gridfs,4,03-02-03-01-01-02-17_r04.wav,526650,0.008046,1,
write,write,,,audio_medium,pg_bytea,4,03-02-03-01-02-02-09_r04.wav,539464,0.014984,1,
write,write,,,audio_medium,mongo_gridfs,4,03-02-03-01-02-02-09_r04.wav,539464,0.008159,1,
write,write,,,audio_medium,polyglot,4,03-02-03-01-02-02-09_r04.wav,539464,0.009238,1,
write,write,,,audio_medium,pg_bytea,4,03-02-03-01-02-02-21_r04.wav,533056,0.026459,1,
write,write,,,audio_medium,mongo_gridfs,4,03-02-03-01-02-02-21_r04.wav,533056,0.010073,1,
write,write,,,audio_medium,polyglot,4,03-02-03-01-02-02-21_r04.wav,533056,0.008944,1,
write,write,,,audio_medium,polyglot,4,03-02-03-01-02-02-22_r04.wav,561888,0.011854,1,
write,write,,,audio_medium,pg_bytea,4,03-02-03-01-02-02-22_r04.wav,561888,0.017218,1,
write,write,,,audio_medium,mongo_gridfs,4,03-02-03-01-02-02-22_r04.wav,561888,0.010472,1,
write,write,,,audio_medium,polyglot,4,03-02-03-01-02-02-23_r04.wav,539464,0.014715,1,
write,write,,,audio_medium,pg_bytea,4,03-02-03-01-02-02-23_r04.wav,539464,0.223349,1,
write,write,,,audio_medium,mongo_gridfs,4,03-02-03-01-02-02-23_r04.wav,539464,0.010251,1,
write,write,,,audio_medium,mongo_gridfs,4,03-02-03-02-01-02-09_r04.wav,561882,0.007612,1,
write,write,,,audio_medium,pg_bytea,4,03-02-03-02-01-02-09_r04.wav,561882,0.016482,1,
write,write,,,audio_medium,polyglot,4,03-02-03-02-01-02-09_r04.wav,561882,0.015118,1,
write,write,,,audio_medium,mongo_gridfs,4,03-02-03-02-01-02-21_r04.wav,539464,0.006784,1,
write,write,,,audio_medium,pg_bytea,4,03-02-03-02-01-02-21_r04.wav,539464,0.015540,1,
write,write,,,audio_medium,polyglot,4,03-02-03-02-01-02-21_r04.wav,539464,0.064618,1,
write,write,,,audio_medium,pg_bytea,4,03-02-03-02-01-02-22_r04.wav,526650,0.018081,1,
write,write,,,audio_medium,mongo_gridfs,4,03-02-03-02-01-02-22_r04.wav,526650,0.009259,1,
write,write,,,audio_medium,polyglot,4,03-02-03-02-01-02-22_r04.wav,526650,0.008134,1,
write,write,,,audio_medium,mongo_gridfs,4,03-02-03-02-01-02-23_r04.wav,561888,0.007531,1,
write,write,,,audio_medium,pg_bytea,4,03-02-03-02-01-02-23_r04.wav,561888,0.097481,1,
write,write,,,audio_medium,polyglot,4,03-02-03-02-01-02-23_r04.wav,561888,0.012223,1,
write,write,,,audio_medium,polyglot,4,03-02-03-02-02-02-01_r04.wav,561882,0.008604,1,
write,write,,,audio_medium,mongo_gridfs,4,03-02-03-02-02-02-01_r04.wav,561882,0.021059,1,
write,write,,,audio_medium,pg_bytea,4,03-02-03-02-02-02-01_r04.wav,561882,0.016573,1,
write,write,,,audio_medium,pg_bytea,4,03-02-03-02-02-02-02_r04.wav,523448,0.015916,1,
write,write,,,audio_medium,polyglot,4,03-02-03-02-02-02-02_r04.wav,523448,0.010816,1,
write,write,,,audio_medium,mongo_gridfs,4,03-02-03-02-02-02-02_r04.wav,523448,0.007636,1,
write,write,,,audio_medium,pg_bytea,4,03-02-03-02-02-02-03_r04.wav,561888,0.017902,1,
write,write,,,audio_medium,mongo_gridfs,4,03-02-03-02-02-02-03_r04.wav,561888,0.008241,1,
write,write,,,audio_medium,polyglot,4,03-02-03-02-02-02-03_r04.wav,561888,0.035996,1,
write,write,,,audio_medium,pg_bytea,4,03-02-03-02-02-02-15_r04.wav,523448,0.102087,1,
write,write,,,audio_medium,polyglot,4,03-02-03-02-02-02-15_r04.wav,523448,0.040660,1,
write,write,,,audio_medium,mongo_gridfs,4,03-02-03-02-02-02-15_r04.wav,523448,0.008260,1,
write,write,,,audio_medium,mongo_gridfs,4,03-02-03-02-02-02-16_r04.wav,561882,0.006621,1,
write,write,,,audio_medium,pg_bytea,4,03-02-03-02-02-02-16_r04.wav,561882,0.017029,1,
write,write,,,audio_medium,polyglot,4,03-02-03-02-02-02-16_r04.wav,561882,0.008628,1,
write,write,,,audio_medium,polyglot,4,03-02-03-02-02-02-17_r04.wav,523448,0.009280,1,
write,write,,,audio_medium,pg_bytea,4,03-02-03-02-02-02-17_r04.wav,523448,0.017047,1,
write,write,,,audio_medium,mongo_gridfs,4,03-02-03-02-02-02-17_r04.wav,523448,0.007398,1,
write,write,,,audio_medium,polyglot,4,03-02-04-01-01-02-05_r04.wav,561882,0.007597,1,
write,write,,,audio_medium,mongo_gridfs,4,03-02-04-01-01-02-05_r04.wav,561882,0.006408,1,
write,write,,,audio_medium,pg_bytea,4,03-02-04-01-01-02-05_r04.wav,561882,0.019683,1,
write,write,,,audio_medium,mongo_gridfs,4,03-02-04-01-01-02-06_r04.wav,526650,0.007313,1,
write,write,,,audio_medium,pg_bytea,4,03-02-04-01-01-02-06_r04.wav,526650,0.013213,1,
write,write,,,audio_medium,polyglot,4,03-02-04-01-01-02-06_r04.wav,526650,0.007103,1,
write,write,,,audio_medium,mongo_gridfs,4,03-02-04-01-01-02-07_r04.wav,523448,0.004987,1,
write,write,,,audio_medium,pg_bytea,4,03-02-04-01-01-02-07_r04.wav,523448,0.015378,1,
write,write,,,audio_medium,polyglot,4,03-02-04-01-01-02-07_r04.wav,523448,0.006447,1,
write,write,,,audio_medium,polyglot,4,03-02-04-01-01-02-11_r04.wav,539464,0.006151,1,
write,write,,,audio_medium,mongo_gridfs,4,03-02-04-01-01-02-11_r04.wav,539464,0.005516,1,
write,write,,,audio_medium,pg_bytea,4,03-02-04-01-01-02-11_r04.wav,539464,0.014474,1,
write,write,,,audio_medium,polyglot,4,03-02-04-01-01-02-12_r04.wav,523448,0.006454,1,
write,write,,,audio_medium,mongo_gridfs,4,03-02-04-01-01-02-12_r04.wav,523448,0.005409,1,
write,write,,,audio_medium,pg_bytea,4,03-02-04-01-01-02-12_r04.wav,523448,0.012427,1,
write,write,,,audio_medium,polyglot,4,03-02-04-01-01-02-13_r04.wav,539464,0.007255,1,
write,write,,,audio_medium,pg_bytea,4,03-02-04-01-01-02-13_r04.wav,539464,0.020992,1,
write,write,,,audio_medium,mongo_gridfs,4,03-02-04-01-01-02-13_r04.wav,539464,0.007102,1,
write,write,,,audio_medium,pg_bytea,4,03-02-04-01-02-02-19_r04.wav,561888,0.017308,1,
write,write,,,audio_medium,polyglot,4,03-02-04-01-02-02-19_r04.wav,561888,0.006832,1,
write,write,,,audio_medium,mongo_gridfs,4,03-02-04-01-02-02-19_r04.wav,561888,0.005843,1,
write,write,,,audio_medium,mongo_gridfs,4,03-02-04-02-02-02-05_r04.wav,526650,0.005191,1,
write,write,,,audio_medium,polyglot,4,03-02-04-02-02-02-05_r04.wav,526650,0.005924,1,
write,write,,,audio_medium,pg_bytea,4,03-02-04-02-02-02-05_r04.wav,526650,0.013621,1,
write,write,,,audio_medium,polyglot,4,03-02-04-02-02-02-06_r04.wav,526650,0.012813,1,
write,write,,,audio_medium,pg_bytea,4,03-02-04-02-02-02-06_r04.wav,526650,0.014850,1,
write,write,,,audio_medium,mongo_gridfs,4,03-02-04-02-02-02-06_r04.wav,526650,0.005471,1,
write,write,,,audio_medium,pg_bytea,4,03-02-04-02-02-02-07_r04.wav,561888,0.319599,1,
write,write,,,audio_medium,mongo_gridfs,4,03-02-04-02-02-02-07_r04.wav,561888,0.015227,1,
write,write,,,audio_medium,polyglot,4,03-02-04-02-02-02-07_r04.wav,561888,0.025180,1,
write,write,,,audio_medium,mongo_gridfs,4,03-02-04-02-02-02-11_r04.wav,561888,0.008227,1,
write,write,,,audio_medium,polyglot,4,03-02-04-02-02-02-11_r04.wav,561888,0.034084,1,
write,write,,,audio_medium,pg_bytea,4,03-02-04-02-02-02-11_r04.wav,561888,0.026753,1,
write,write,,,audio_medium,polyglot,4,03-02-04-02-02-02-12_r04.wav,523448,0.007254,1,
write,write,,,audio_medium,pg_bytea,4,03-02-04-02-02-02-12_r04.wav,523448,0.013468,1,
write,write,,,audio_medium,mongo_gridfs,4,03-02-04-02-02-02-12_r04.wav,523448,0.007384,1,
write,write,,,audio_medium,pg_bytea,4,03-02-04-02-02-02-13_r04.wav,533056,0.022355,1,
write,write,,,audio_medium,polyglot,4,03-02-04-02-02-02-13_r04.wav,533056,0.017232,1,
write,write,,,audio_medium,mongo_gridfs,4,03-02-04-02-02-02-13_r04.wav,533056,0.011057,1,
write,write,,,audio_medium,pg_bytea,4,03-02-05-01-02-01-06_r04.wav,561882,0.035512,1,
write,write,,,audio_medium,mongo_gridfs,4,03-02-05-01-02-01-06_r04.wav,561882,0.009008,1,
write,write,,,audio_medium,polyglot,4,03-02-05-01-02-01-06_r04.wav,561882,0.025697,1,
write,write,,,audio_medium,pg_bytea,4,03-02-05-01-02-01-07_r04.wav,520242,0.033293,1,
write,write,,,audio_medium,mongo_gridfs,4,03-02-05-01-02-01-07_r04.wav,520242,0.010663,1,
write,write,,,audio_medium,polyglot,4,03-02-05-01-02-01-07_r04.wav,520242,0.011546,1,
write,write,,,audio_medium,pg_bytea,4,03-02-05-01-02-01-12_r04.wav,520242,0.019796,1,
write,write,,,audio_medium,polyglot,4,03-02-05-01-02-01-12_r04.wav,520242,0.010479,1,
write,write,,,audio_medium,mongo_gridfs,4,03-02-05-01-02-01-12_r04.wav,520242,0.014230,1,
write,write,,,audio_medium,mongo_gridfs,4,03-02-05-01-02-01-13_r04.wav,561888,0.007707,1,
write,write,,,audio_medium,polyglot,4,03-02-05-01-02-01-13_r04.wav,561888,0.015343,1,
write,write,,,audio_medium,pg_bytea,4,03-02-05-01-02-01-13_r04.wav,561888,0.019136,1,
write,write,,,audio_medium,pg_bytea,4,03-02-05-02-01-01-05_r04.wav,539464,0.017421,1,
write,write,,,audio_medium,mongo_gridfs,4,03-02-05-02-01-01-05_r04.wav,539464,0.008100,1,
write,write,,,audio_medium,polyglot,4,03-02-05-02-01-01-05_r04.wav,539464,0.021387,1,
write,write,,,audio_medium,polyglot,4,03-02-05-02-01-01-06_r04.wav,561888,0.008676,1,
write,write,,,audio_medium,pg_bytea,4,03-02-05-02-01-01-06_r04.wav,561888,0.023121,1,
write,write,,,audio_medium,mongo_gridfs,4,03-02-05-02-01-01-06_r04.wav,561888,0.009433,1,
write,write,,,audio_medium,pg_bytea,4,03-02-05-02-01-01-07_r04.wav,533056,0.016759,1,
write,write,,,audio_medium,mongo_gridfs,4,03-02-05-02-01-01-07_r04.wav,533056,0.007660,1,
write,write,,,audio_medium,polyglot,4,03-02-05-02-01-01-07_r04.wav,533056,0.009342,1,
write,write,,,audio_medium,pg_bytea,4,03-02-05-02-01-01-11_r04.wav,561888,0.015762,1,
write,write,,,audio_medium,polyglot,4,03-02-05-02-01-01-11_r04.wav,561888,0.011046,1,
write,write,,,audio_medium,mongo_gridfs,4,03-02-05-02-01-01-11_r04.wav,561888,0.007794,1,
write,write,,,audio_medium,polyglot,4,03-02-05-02-01-01-12_r04.wav,533056,0.007972,1,
write,write,,,audio_medium,mongo_gridfs,4,03-02-05-02-01-01-12_r04.wav,533056,0.006752,1,
write,write,,,audio_medium,pg_bytea,4,03-02-05-02-01-01-12_r04.wav,533056,0.014260,1,
write,write,,,audio_medium,polyglot,4,03-02-05-02-01-01-13_r04.wav,526650,0.008136,1,
write,write,,,audio_medium,pg_bytea,4,03-02-05-02-01-01-13_r04.wav,526650,0.020746,1,
write,write,,,audio_medium,mongo_gridfs,4,03-02-05-02-01-01-13_r04.wav,526650,0.009832,1,
write,write,,,video_small,pg_bytea,4,01-01-01-01-01-01-22_r04.mp4,5457041,0.295614,1,
write,write,,,video_small,polyglot,4,01-01-01-01-01-01-22_r04.mp4,5457041,0.057981,1,
write,write,,,video_small,mongo_gridfs,4,01-01-01-01-01-01-22_r04.mp4,5457041,0.312921,1,
write,write,,,video_small,mongo_gridfs,4,01-01-01-01-01-02-01_r04.mp4,5457041,0.074341,1,
write,write,,,video_small,pg_bytea,4,01-01-01-01-01-02-01_r04.mp4,5457041,0.633811,1,
write,write,,,video_small,polyglot,4,01-01-01-01-01-02-01_r04.mp4,5457041,0.068005,1,
write,write,,,video_small,pg_bytea,4,01-01-01-01-01-02-15_r04.mp4,5457041,0.209898,1,
write,write,,,video_small,mongo_gridfs,4,01-01-01-01-01-02-15_r04.mp4,5457041,0.055076,1,
write,write,,,video_small,polyglot,4,01-01-01-01-01-02-15_r04.mp4,5457041,0.045156,1,
write,write,,,video_small,pg_bytea,4,01-01-01-01-02-01-06_r04.mp4,5457041,0.184500,1,
write,write,,,video_small,polyglot,4,01-01-01-01-02-01-06_r04.mp4,5457041,0.064396,1,
write,write,,,video_small,mongo_gridfs,4,01-01-01-01-02-01-06_r04.mp4,5457041,0.046259,1,
write,write,,,video_small,polyglot,4,01-01-01-01-02-01-13_r04.mp4,5457041,0.058593,1,
write,write,,,video_small,pg_bytea,4,01-01-01-01-02-01-13_r04.mp4,5457041,0.145311,1,
write,write,,,video_small,mongo_gridfs,4,01-01-01-01-02-01-13_r04.mp4,5457041,0.046096,1,
write,write,,,video_small,mongo_gridfs,4,01-01-01-01-02-01-14_r04.mp4,5457041,0.047289,1,
write,write,,,video_small,polyglot,4,01-01-01-01-02-01-14_r04.mp4,5457041,0.052785,1,
write,write,,,video_small,pg_bytea,4,01-01-01-01-02-01-14_r04.mp4,5457041,0.143602,1,
write,write,,,video_small,polyglot,4,01-01-01-01-02-02-09_r04.mp4,5498397,0.073289,1,
write,write,,,video_small,mongo_gridfs,4,01-01-01-01-02-02-09_r04.mp4,5498397,0.058045,1,
write,write,,,video_small,pg_bytea,4,01-01-01-01-02-02-09_r04.mp4,5498397,0.164333,1,
write,write,,,video_small,mongo_gridfs,4,01-01-01-02-01-01-01_r04.mp4,5498397,0.055538,1,
write,write,,,video_small,polyglot,4,01-01-01-02-01-01-01_r04.mp4,5498397,0.049367,1,
write,write,,,video_small,pg_bytea,4,01-01-01-02-01-01-01_r04.mp4,5498397,0.338067,1,
write,write,,,video_small,pg_bytea,4,01-01-01-02-01-01-05_r04.mp4,5457041,0.134938,1,
write,write,,,video_small,mongo_gridfs,4,01-01-01-02-01-01-05_r04.mp4,5457041,0.044937,1,
write,write,,,video_small,polyglot,4,01-01-01-02-01-01-05_r04.mp4,5457041,0.079144,1,
write,write,,,video_small,mongo_gridfs,4,01-01-01-02-01-01-15_r04.mp4,5457041,0.047918,1,
write,write,,,video_small,polyglot,4,01-01-01-02-01-01-15_r04.mp4,5457041,0.060344,1,
write,write,,,video_small,pg_bytea,4,01-01-01-02-01-01-15_r04.mp4,5457041,0.157456,1,
write,write,,,video_small,pg_bytea,4,01-01-01-02-02-01-18_r04.mp4,5457041,0.273125,1,
write,write,,,video_small,mongo_gridfs,4,01-01-01-02-02-01-18_r04.mp4,5457041,0.056716,1,
write,write,,,video_small,polyglot,4,01-01-01-02-02-01-18_r04.mp4,5457041,0.045514,1,
write,write,,,video_small,polyglot,4,01-01-01-02-02-01-19_r04.mp4,5457041,0.068123,1,
write,write,,,video_small,pg_bytea,4,01-01-01-02-02-01-19_r04.mp4,5457041,0.142841,1,
write,write,,,video_small,mongo_gridfs,4,01-01-01-02-02-01-19_r04.mp4,5457041,0.050481,1,
write,write,,,video_small,polyglot,4,01-01-02-01-01-02-09_r04.mp4,5498397,0.065904,1,
write,write,,,video_small,pg_bytea,4,01-01-02-01-01-02-09_r04.mp4,5498397,0.154818,1,
write,write,,,video_small,mongo_gridfs,4,01-01-02-01-01-02-09_r04.mp4,5498397,0.054360,1,
write,write,,,video_small,polyglot,4,01-01-02-01-01-02-18_r04.mp4,5498397,0.058796,1,
write,write,,,video_small,pg_bytea,4,01-01-02-01-01-02-18_r04.mp4,5498397,0.237768,1,
write,write,,,video_small,mongo_gridfs,4,01-01-02-01-01-02-18_r04.mp4,5498397,0.043237,1,
write,write,,,video_small,mongo_gridfs,4,01-01-02-01-01-02-23_r04.mp4,5498397,0.060137,1,
write,write,,,video_small,polyglot,4,01-01-02-01-01-02-23_r04.mp4,5498397,0.046290,1,
write,write,,,video_small,pg_bytea,4,01-01-02-01-01-02-23_r04.mp4,5498397,0.139027,1,
write,write,,,video_small,mongo_gridfs,4,01-01-02-01-02-01-09_r04.mp4,5498397,0.065336,1,
write,write,,,video_small,pg_bytea,4,01-01-02-01-02-01-09_r04.mp4,5498397,0.136103,1,
write,write,,,video_small,polyglot,4,01-01-02-01-02-01-09_r04.mp4,5498397,0.064759,1,
write,write,,,video_small,polyglot,4,01-01-02-01-02-02-01_r04.mp4,5498397,0.054592,1,
write,write,,,video_small,pg_bytea,4,01-01-02-01-02-02-01_r04.mp4,5498397,0.464044,1,
write,write,,,video_small,mongo_gridfs,4,01-01-02-01-02-02-01_r04.mp4,5498397,0.057066,1,
write,write,,,video_small,mongo_gridfs,4,01-01-02-01-02-02-03_r04.mp4,5498397,0.047219,1,
write,write,,,video_small,polyglot,4,01-01-02-01-02-02-03_r04.mp4,5498397,0.057603,1,
write,write,,,video_small,pg_bytea,4,01-01-02-01-02-02-03_r04.mp4,5498397,0.182249,1,
write,write,,,video_small,pg_bytea,4,01-01-02-02-01-02-02_r04.mp4,5498397,0.160994,1,
write,write,,,video_small,polyglot,4,01-01-02-02-01-02-02_r04.mp4,5498397,0.054142,1,
write,write,,,video_small,mongo_gridfs,4,01-01-02-02-01-02-02_r04.mp4,5498397,0.051050,1,
write,write,,,video_small,pg_bytea,4,01-01-02-02-01-02-03_r04.mp4,5498397,0.148928,1,
write,write,,,video_small,polyglot,4,01-01-02-02-01-02-03_r04.mp4,5498397,0.062224,1,
write,write,,,video_small,mongo_gridfs,4,01-01-02-02-01-02-03_r04.mp4,5498397,0.047605,1,
write,write,,,video_small,polyglot,4,01-01-02-02-01-02-05_r04.mp4,5498397,0.051478,1,
write,write,,,video_small,pg_bytea,4,01-01-02-02-01-02-05_r04.mp4,5498397,0.143051,1,
write,write,,,video_small,mongo_gridfs,4,01-01-02-02-01-02-05_r04.mp4,5498397,0.053034,1,
write,write,,,video_small,mongo_gridfs,4,01-01-02-02-01-02-10_r04.mp4,5457041,0.053182,1,
write,write,,,video_small,polyglot,4,01-01-02-02-01-02-10_r04.mp4,5457041,0.048289,1,
write,write,,,video_small,pg_bytea,4,01-01-02-02-01-02-10_r04.mp4,5457041,0.138412,1,
write,write,,,video_small,pg_bytea,4,01-01-02-02-01-02-13_r04.mp4,5457041,0.147892,1,
write,write,,,video_small,mongo_gridfs,4,01-01-02-02-01-02-13_r04.mp4,5457041,0.058797,1,
write,write,,,video_small,polyglot,4,01-01-02-02-01-02-13_r04.mp4,5457041,0.056003,1,
write,write,,,video_small,mongo_gridfs,4,01-01-02-02-01-02-17_r04.mp4,5457041,0.074919,1,
write,write,,,video_small,pg_bytea,4,01-01-02-02-01-02-17_r04.mp4,5457041,0.609241,1,
write,write,,,video_small,polyglot,4,01-01-02-02-01-02-17_r04.mp4,5457041,0.053559,1,
write,write,,,video_small,mongo_gridfs,4,01-01-02-02-02-02-18_r04.mp4,5457041,0.046254,1,
write,write,,,video_small,polyglot,4,01-01-02-02-02-02-18_r04.mp4,5457041,0.042537,1,
write,write,,,video_small,pg_bytea,4,01-01-02-02-02-02-18_r04.mp4,5457041,0.150764,1,
write,write,,,video_small,pg_bytea,4,01-01-02-02-02-02-19_r04.mp4,5457041,0.147943,1,
write,write,,,video_small,polyglot,4,01-01-02-02-02-02-19_r04.mp4,5457041,0.047654,1,
write,write,,,video_small,mongo_gridfs,4,01-01-02-02-02-02-19_r04.mp4,5457041,0.045324,1,
write,write,,,video_small,polyglot,4,01-01-02-02-02-02-21_r04.mp4,5498397,0.097653,1,
write,write,,,video_small,pg_bytea,4,01-01-02-02-02-02-21_r04.mp4,5498397,0.146635,1,
write,write,,,video_small,mongo_gridfs,4,01-01-02-02-02-02-21_r04.mp4,5498397,0.055733,1,
write,write,,,video_small,mongo_gridfs,4,01-01-02-02-02-02-22_r04.mp4,5457041,0.058724,1,
write,write,,,video_small,pg_bytea,4,01-01-02-02-02-02-22_r04.mp4,5457041,0.158672,1,
write,write,,,video_small,polyglot,4,01-01-02-02-02-02-22_r04.mp4,5457041,0.057472,1,
write,write,,,video_small,pg_bytea,4,01-01-02-02-02-02-23_r04.mp4,5457041,0.337747,1,
write,write,,,video_small,polyglot,4,01-01-02-02-02-02-23_r04.mp4,5457041,0.549006,1,
write,write,,,video_small,mongo_gridfs,4,01-01-02-02-02-02-23_r04.mp4,5457041,0.055900,1,
write,write,,,video_small,polyglot,4,01-01-03-01-01-01-12_r04.mp4,5457041,0.050893,1,
write,write,,,video_small,mongo_gridfs,4,01-01-03-01-01-01-12_r04.mp4,5457041,0.044823,1,
write,write,,,video_small,pg_bytea,4,01-01-03-01-01-01-12_r04.mp4,5457041,0.205197,1,
write,write,,,video_small,polyglot,4,01-01-03-01-01-01-15_r04.mp4,5457041,0.051907,1,
write,write,,,video_small,pg_bytea,4,01-01-03-01-01-01-15_r04.mp4,5457041,0.157699,1,
write,write,,,video_small,mongo_gridfs,4,01-01-03-01-01-01-15_r04.mp4,5457041,0.041369,1,
write,write,,,video_small,polyglot,4,01-01-03-01-02-01-08_r04.mp4,5498397,0.043941,1,
write,write,,,video_small,pg_bytea,4,01-01-03-01-02-01-08_r04.mp4,5498397,0.150093,1,
write,write,,,video_small,mongo_gridfs,4,01-01-03-01-02-01-08_r04.mp4,5498397,0.052554,1,
write,write,,,video_small,polyglot,4,01-01-03-01-02-01-21_r04.mp4,5498397,0.076997,1,
write,write,,,video_small,pg_bytea,4,01-01-03-01-02-01-21_r04.mp4,5498397,0.166898,1,
write,write,,,video_small,mongo_gridfs,4,01-01-03-01-02-01-21_r04.mp4,5498397,0.056499,1,
write,write,,,video_small,polyglot,4,01-01-03-02-01-01-21_r04.mp4,5457041,0.053820,1,
write,write,,,video_small,pg_bytea,4,01-01-03-02-01-01-21_r04.mp4,5457041,0.603455,1,
write,write,,,video_small,mongo_gridfs,4,01-01-03-02-01-01-21_r04.mp4,5457041,0.049162,1,
write,write,,,video_small,pg_bytea,4,01-01-03-02-01-01-24_r04.mp4,5457041,0.163511,1,
write,write,,,video_small,mongo_gridfs,4,01-01-03-02-01-01-24_r04.mp4,5457041,0.043291,1,
write,write,,,video_small,polyglot,4,01-01-03-02-01-01-24_r04.mp4,5457041,0.079075,1,
write,write,,,video_small,polyglot,4,01-01-03-02-01-02-01_r04.mp4,5457041,0.057140,1,
write,write,,,video_small,mongo_gridfs,4,01-01-03-02-01-02-01_r04.mp4,5457041,0.050000,1,
write,write,,,video_small,pg_bytea,4,01-01-03-02-01-02-01_r04.mp4,5457041,0.170386,1,
write,write,,,video_small,polyglot,4,01-01-03-02-01-02-15_r04.mp4,5457041,0.104811,1,
write,write,,,video_small,pg_bytea,4,01-01-03-02-01-02-15_r04.mp4,5457041,0.145786,1,
write,write,,,video_small,mongo_gridfs,4,01-01-03-02-01-02-15_r04.mp4,5457041,0.080134,1,
write,write,,,video_small,polyglot,4,01-01-03-02-02-01-05_r04.mp4,5457041,0.129266,1,
write,write,,,video_small,mongo_gridfs,4,01-01-03-02-02-01-05_r04.mp4,5457041,0.076136,1,
write,write,,,video_small,pg_bytea,4,01-01-03-02-02-01-05_r04.mp4,5457041,0.150508,1,
write,write,,,video_small,polyglot,4,01-01-03-02-02-01-12_r04.mp4,5457041,0.058069,1,
write,write,,,video_small,mongo_gridfs,4,01-01-03-02-02-01-12_r04.mp4,5457041,0.047656,1,
write,write,,,video_small,pg_bytea,4,01-01-03-02-02-01-12_r04.mp4,5457041,0.221458,1,
write,write,,,video_small,mongo_gridfs,4,01-01-03-02-02-01-15_r04.mp4,5498397,0.052579,1,
write,write,,,video_small,polyglot,4,01-01-03-02-02-01-15_r04.mp4,5498397,0.072014,1,
write,write,,,video_small,pg_bytea,4,01-01-03-02-02-01-15_r04.mp4,5498397,0.146338,1,
write,write,,,video_small,polyglot,4,01-01-04-01-01-01-03_r04.mp4,5457041,0.063547,1,
write,write,,,video_small,mongo_gridfs,4,01-01-04-01-01-01-03_r04.mp4,5457041,0.048658,1,
write,write,,,video_small,pg_bytea,4,01-01-04-01-01-01-03_r04.mp4,5457041,0.197272,1,
write,write,,,video_small,pg_bytea,4,01-01-04-01-01-01-05_r04.mp4,5498397,0.143870,1,
write,write,,,video_small,mongo_gridfs,4,01-01-04-01-01-01-05_r04.mp4,5498397,0.075758,1,
write,write,,,video_small,polyglot,4,01-01-04-01-01-01-05_r04.mp4,5498397,0.113306,1,
write,write,,,video_small,mongo_gridfs,4,01-01-04-01-01-01-10_r04.mp4,5457041,0.073323,1,
write,write,,,video_small,pg_bytea,4,01-01-04-01-01-01-10_r04.mp4,5457041,0.413963,1,
write,write,,,video_small,polyglot,4,01-01-04-01-01-01-10_r04.mp4,5457041,0.049321,1,
write,write,,,video_small,mongo_gridfs,4,01-01-04-01-01-01-16_r04.mp4,5457041,0.043744,1,
write,write,,,video_small,polyglot,4,01-01-04-01-01-01-16_r04.mp4,5457041,0.072972,1,
write,write,,,video_small,pg_bytea,4,01-01-04-01-01-01-16_r04.mp4,5457041,0.155975,1,
write,write,,,video_small,mongo_gridfs,4,01-01-04-01-02-01-19_r04.mp4,5498397,0.047652,1,
write,write,,,video_small,pg_bytea,4,01-01-04-01-02-01-19_r04.mp4,5498397,0.214430,1,
write,write,,,video_small,polyglot,4,01-01-04-01-02-01-19_r04.mp4,5498397,0.076919,1,
write,write,,,video_small,pg_bytea,4,01-01-04-01-02-01-21_r04.mp4,5498397,0.175928,1,
write,write,,,video_small,polyglot,4,01-01-04-01-02-01-21_r04.mp4,5498397,0.060836,1,
write,write,,,video_small,mongo_gridfs,4,01-01-04-01-02-01-21_r04.mp4,5498397,0.041303,1,
write,write,,,video_small,pg_bytea,4,01-01-04-01-02-01-22_r04.mp4,5498397,0.135555,1,
write,write,,,video_small,polyglot,4,01-01-04-01-02-01-22_r04.mp4,5498397,0.055250,1,
write,write,,,video_small,mongo_gridfs,4,01-01-04-01-02-01-22_r04.mp4,5498397,0.045687,1,
write,write,,,video_small,mongo_gridfs,4,01-01-04-02-01-01-18_r04.mp4,5498397,0.057765,1,
write,write,,,video_small,pg_bytea,4,01-01-04-02-01-01-18_r04.mp4,5498397,0.141489,1,
write,write,,,video_small,polyglot,4,01-01-04-02-01-01-18_r04.mp4,5498397,0.088834,1,
write,write,,,video_small,pg_bytea,4,01-01-04-02-01-01-19_r04.mp4,5498397,0.138538,1,
write,write,,,video_small,mongo_gridfs,4,01-01-04-02-01-01-19_r04.mp4,5498397,0.082158,1,
write,write,,,video_small,polyglot,4,01-01-04-02-01-01-19_r04.mp4,5498397,0.960825,1,
write,write,,,video_small,pg_bytea,4,01-01-04-02-02-01-02_r04.mp4,5498397,0.134787,1,
write,write,,,video_small,polyglot,4,01-01-04-02-02-01-02_r04.mp4,5498397,0.044622,1,
write,write,,,video_small,mongo_gridfs,4,01-01-04-02-02-01-02_r04.mp4,5498397,0.039261,1,
write,write,,,video_small,mongo_gridfs,4,01-01-04-02-02-01-05_r04.mp4,5498397,0.041258,1,
write,write,,,video_small,polyglot,4,01-01-04-02-02-01-05_r04.mp4,5498397,0.051302,1,
write,write,,,video_small,pg_bytea,4,01-01-04-02-02-01-05_r04.mp4,5498397,0.144034,1,
write,write,,,video_small,polyglot,4,01-01-04-02-02-01-06_r04.mp4,5498397,0.058988,1,
write,write,,,video_small,mongo_gridfs,4,01-01-04-02-02-01-06_r04.mp4,5498397,0.055660,1,
write,write,,,video_small,pg_bytea,4,01-01-04-02-02-01-06_r04.mp4,5498397,0.169759,1,
write,write,,,video_small,polyglot,4,01-01-04-02-02-01-13_r04.mp4,5498397,0.056799,1,
write,write,,,video_small,mongo_gridfs,4,01-01-04-02-02-01-13_r04.mp4,5498397,0.062140,1,
write,write,,,video_small,pg_bytea,4,01-01-04-02-02-01-13_r04.mp4,5498397,0.149005,1,
write,write,,,video_small,polyglot,4,01-01-04-02-02-01-17_r04.mp4,5498397,0.071146,1,
write,write,,,video_small,pg_bytea,4,01-01-04-02-02-01-17_r04.mp4,5498397,0.223611,1,
write,write,,,video_small,mongo_gridfs,4,01-01-04-02-02-01-17_r04.mp4,5498397,0.052189,1,
write,write,,,video_small,polyglot,4,01-01-04-02-02-02-19_r04.mp4,5498397,0.049604,1,
write,write,,,video_small,pg_bytea,4,01-01-04-02-02-02-19_r04.mp4,5498397,0.142564,1,
write,write,,,video_small,mongo_gridfs,4,01-01-04-02-02-02-19_r04.mp4,5498397,0.045711,1,
write,write,,,video_small,pg_bytea,4,01-01-05-01-01-02-09_r04.mp4,5498397,0.280877,1,
write,write,,,video_small,mongo_gridfs,4,01-01-05-01-01-02-09_r04.mp4,5498397,0.043563,1,
write,write,,,video_small,polyglot,4,01-01-05-01-01-02-09_r04.mp4,5498397,0.079077,1,
write,write,,,video_small,mongo_gridfs,4,01-01-05-01-01-02-19_r04.mp4,5498397,0.045223,1,
write,write,,,video_small,polyglot,4,01-01-05-01-01-02-19_r04.mp4,5498397,0.077909,1,
write,write,,,video_small,pg_bytea,4,01-01-05-01-01-02-19_r04.mp4,5498397,0.277269,1,
write,write,,,video_small,mongo_gridfs,4,01-01-05-01-01-02-21_r04.mp4,5457041,0.052757,1,
write,write,,,video_small,pg_bytea,4,01-01-05-01-01-02-21_r04.mp4,5457041,0.163141,1,
write,write,,,video_small,polyglot,4,01-01-05-01-01-02-21_r04.mp4,5457041,0.049731,1,
write,write,,,video_small,mongo_gridfs,4,01-01-05-01-02-01-19_r04.mp4,5457041,0.040450,1,
write,write,,,video_small,pg_bytea,4,01-01-05-01-02-01-19_r04.mp4,5457041,0.152037,1,
write,write,,,video_small,polyglot,4,01-01-05-01-02-01-19_r04.mp4,5457041,0.043835,1,
write,write,,,video_small,mongo_gridfs,4,01-01-05-01-02-02-04_r04.mp4,5457041,0.044790,1,
write,write,,,video_small,polyglot,4,01-01-05-01-02-02-04_r04.mp4,5457041,0.053720,1,
write,write,,,video_small,pg_bytea,4,01-01-05-01-02-02-04_r04.mp4,5457041,0.537047,1,
write,write,,,video_small,mongo_gridfs,4,01-01-05-01-02-02-05_r04.mp4,5498397,0.049066,1,
write,write,,,video_small,polyglot,4,01-01-05-01-02-02-05_r04.mp4,5498397,0.043528,1,
write,write,,,video_small,pg_bytea,4,01-01-05-01-02-02-05_r04.mp4,5498397,0.142135,1,
write,write,,,video_small,mongo_gridfs,4,01-01-05-02-01-02-04_r04.mp4,5457041,0.048738,1,
write,write,,,video_small,polyglot,4,01-01-05-02-01-02-04_r04.mp4,5457041,0.045826,1,
write,write,,,video_small,pg_bytea,4,01-01-05-02-01-02-04_r04.mp4,5457041,0.141841,1,
write,write,,,video_small,polyglot,4,01-01-05-02-01-02-12_r04.mp4,5457041,0.048692,1,
write,write,,,video_small,pg_bytea,4,01-01-05-02-01-02-12_r04.mp4,5457041,0.142849,1,
write,write,,,video_small,mongo_gridfs,4,01-01-05-02-01-02-12_r04.mp4,5457041,0.046863,1,
write,write,,,video_small,polyglot,4,01-01-05-02-01-02-14_r04.mp4,5457041,0.084612,1,
write,write,,,video_small,mongo_gridfs,4,01-01-05-02-01-02-14_r04.mp4,5457041,0.052568,1,
write,write,,,video_small,pg_bytea,4,01-01-05-02-01-02-14_r04.mp4,5457041,0.143488,1,
write,write,,,video_small,polyglot,4,01-01-05-02-02-02-19_r04.mp4,5498397,0.054677,1,
write,write,,,video_small,mongo_gridfs,4,01-01-05-02-02-02-19_r04.mp4,5498397,0.060532,1,
write,write,,,video_small,pg_bytea,4,01-01-05-02-02-02-19_r04.mp4,5498397,0.138116,1,
write,write,,,video_small,pg_bytea,4,01-01-05-02-02-02-20_r04.mp4,5498397,0.138409,1,
write,write,,,video_small,mongo_gridfs,4,01-01-05-02-02-02-20_r04.mp4,5498397,0.045344,1,
write,write,,,video_small,polyglot,4,01-01-05-02-02-02-20_r04.mp4,5498397,0.054510,1,
write,write,,,video_small,pg_bytea,4,01-01-05-02-02-02-23_r04.mp4,5498397,0.147114,1,
write,write,,,video_small,polyglot,4,01-01-05-02-02-02-23_r04.mp4,5498397,0.058553,1,
write,write,,,video_small,mongo_gridfs,4,01-01-05-02-02-02-23_r04.mp4,5498397,0.048776,1,
write,write,,,video_small,mongo_gridfs,4,01-01-06-01-01-01-08_r04.mp4,5457041,0.062310,1,
write,write,,,video_small,polyglot,4,01-01-06-01-01-01-08_r04.mp4,5457041,0.140044,1,
write,write,,,video_small,pg_bytea,4,01-01-06-01-01-01-08_r04.mp4,5457041,0.139958,1,
write,write,,,video_small,mongo_gridfs,4,01-01-06-01-01-01-19_r04.mp4,5457041,0.054733,1,
write,write,,,video_small,polyglot,4,01-01-06-01-01-01-19_r04.mp4,5457041,0.051282,1,
write,write,,,video_small,pg_bytea,4,01-01-06-01-01-01-19_r04.mp4,5457041,0.145424,1,
write,write,,,video_small,polyglot,4,01-01-06-01-01-01-24_r04.mp4,5498397,0.066058,1,
write,write,,,video_small,mongo_gridfs,4,01-01-06-01-01-01-24_r04.mp4,5498397,0.052677,1,
write,write,,,video_small,pg_bytea,4,01-01-06-01-01-01-24_r04.mp4,5498397,0.391771,1,
write,write,,,video_medium,mongo_gridfs,4,tsinghua_v_0024_r04.mp4,13091522,0.104219,1,
write,write,,,video_medium,pg_bytea,4,tsinghua_v_0024_r04.mp4,13091522,0.379440,1,
write,write,,,video_medium,polyglot,4,tsinghua_v_0024_r04.mp4,13091522,0.110343,1,
write,write,,,video_medium,mongo_gridfs,4,tsinghua_v_0046_r04.mp4,13091522,0.112841,1,
write,write,,,video_medium,polyglot,4,tsinghua_v_0046_r04.mp4,13091522,0.347904,1,
write,write,,,video_medium,pg_bytea,4,tsinghua_v_0046_r04.mp4,13091522,0.335178,1,
write,write,,,video_medium,polyglot,4,tsinghua_v_0076_r04.mp4,13091522,0.097330,1,
write,write,,,video_medium,pg_bytea,4,tsinghua_v_0076_r04.mp4,13091522,0.542169,1,
write,write,,,video_medium,mongo_gridfs,4,tsinghua_v_0076_r04.mp4,13091522,0.106247,1,
write,write,,,video_medium,mongo_gridfs,4,tsinghua_v_0080_r04.mp4,13091522,0.122615,1,
write,write,,,video_medium,pg_bytea,4,tsinghua_v_0080_r04.mp4,13091522,0.375306,1,
write,write,,,video_medium,polyglot,4,tsinghua_v_0080_r04.mp4,13091522,0.119341,1,
write,write,,,video_medium,pg_bytea,4,tsinghua_v_0109_r04.mp4,13091522,0.719572,1,
write,write,,,video_medium,polyglot,4,tsinghua_v_0109_r04.mp4,13091522,0.107060,1,
write,write,,,video_medium,mongo_gridfs,4,tsinghua_v_0109_r04.mp4,13091522,0.099254,1,
write,write,,,video_medium,mongo_gridfs,4,tsinghua_v_0123_r04.mp4,13091522,0.095230,1,
write,write,,,video_medium,pg_bytea,4,tsinghua_v_0123_r04.mp4,13091522,0.904350,1,
write,write,,,video_medium,polyglot,4,tsinghua_v_0123_r04.mp4,13091522,0.106394,1,
write,write,,,video_medium,mongo_gridfs,4,tsinghua_v_0130_r04.mp4,13091522,0.098712,1,
write,write,,,video_medium,polyglot,4,tsinghua_v_0130_r04.mp4,13091522,0.109112,1,
write,write,,,video_medium,pg_bytea,4,tsinghua_v_0130_r04.mp4,13091522,0.347134,1,
write,write,,,video_medium,pg_bytea,4,tsinghua_v_0135_r04.mp4,13091522,0.362014,1,
write,write,,,video_medium,polyglot,4,tsinghua_v_0135_r04.mp4,13091522,0.520753,1,
write,write,,,video_medium,mongo_gridfs,4,tsinghua_v_0135_r04.mp4,13091522,0.101228,1,
write,write,,,video_medium,mongo_gridfs,4,tsinghua_v_0137_r04.mp4,13091522,0.099686,1,
write,write,,,video_medium,pg_bytea,4,tsinghua_v_0137_r04.mp4,13091522,0.383226,1,
write,write,,,video_medium,polyglot,4,tsinghua_v_0137_r04.mp4,13091522,0.652622,1,
write,write,,,video_medium,pg_bytea,4,tsinghua_v_0140_r04.mp4,13091522,0.333660,1,
write,write,,,video_medium,mongo_gridfs,4,tsinghua_v_0140_r04.mp4,13091522,0.115778,1,
write,write,,,video_medium,polyglot,4,tsinghua_v_0140_r04.mp4,13091522,0.110363,1,
write,write,,,video_medium,mongo_gridfs,4,tsinghua_v_0151_r04.mp4,13091522,0.103575,1,
write,write,,,video_medium,polyglot,4,tsinghua_v_0151_r04.mp4,13091522,0.127739,1,
write,write,,,video_medium,pg_bytea,4,tsinghua_v_0151_r04.mp4,13091522,0.322464,1,
write,write,,,video_medium,mongo_gridfs,4,tsinghua_v_0157_r04.mp4,13091522,0.126062,1,
write,write,,,video_medium,polyglot,4,tsinghua_v_0157_r04.mp4,13091522,0.692114,1,
write,write,,,video_medium,pg_bytea,4,tsinghua_v_0157_r04.mp4,13091522,0.316066,1,
write,write,,,video_medium,mongo_gridfs,4,tsinghua_v_0209_r04.mp4,13091522,0.117696,1,
write,write,,,video_medium,polyglot,4,tsinghua_v_0209_r04.mp4,13091522,0.105636,1,
write,write,,,video_medium,pg_bytea,4,tsinghua_v_0209_r04.mp4,13091522,0.324172,1,
write,write,,,video_medium,polyglot,4,tsinghua_v_0226_r04.mp4,13091522,0.157378,1,
write,write,,,video_medium,mongo_gridfs,4,tsinghua_v_0226_r04.mp4,13091522,0.095425,1,
write,write,,,video_medium,pg_bytea,4,tsinghua_v_0226_r04.mp4,13091522,0.472529,1,
write,write,,,video_medium,polyglot,4,tsinghua_v_0236_r04.mp4,13091522,0.103077,1,
write,write,,,video_medium,mongo_gridfs,4,tsinghua_v_0236_r04.mp4,13091522,0.104102,1,
write,write,,,video_medium,pg_bytea,4,tsinghua_v_0236_r04.mp4,13091522,0.332108,1,
write,write,,,video_medium,mongo_gridfs,4,tsinghua_v_0274_r04.mp4,13091522,0.127866,1,
write,write,,,video_medium,pg_bytea,4,tsinghua_v_0274_r04.mp4,13091522,0.425522,1,
write,write,,,video_medium,polyglot,4,tsinghua_v_0274_r04.mp4,13091522,0.102670,1,
write,write,,,video_medium,pg_bytea,4,tsinghua_v_0280_r04.mp4,13091522,0.307095,1,
write,write,,,video_medium,mongo_gridfs,4,tsinghua_v_0280_r04.mp4,13091522,0.114687,1,
write,write,,,video_medium,polyglot,4,tsinghua_v_0280_r04.mp4,13091522,0.108469,1,
write,write,,,video_medium,pg_bytea,4,tsinghua_v_0302_r04.mp4,13091522,0.390142,1,
write,write,,,video_medium,mongo_gridfs,4,tsinghua_v_0302_r04.mp4,13091522,0.094798,1,
write,write,,,video_medium,polyglot,4,tsinghua_v_0302_r04.mp4,13091522,0.104915,1,
write,write,,,video_medium,polyglot,4,tsinghua_v_0311_r04.mp4,13091522,0.112866,1,
write,write,,,video_medium,pg_bytea,4,tsinghua_v_0311_r04.mp4,13091522,0.339788,1,
write,write,,,video_medium,mongo_gridfs,4,tsinghua_v_0311_r04.mp4,13091522,0.104980,1,
write,write,,,video_medium,pg_bytea,4,tsinghua_v_0316_r04.mp4,13091522,0.512842,1,
write,write,,,video_medium,mongo_gridfs,4,tsinghua_v_0316_r04.mp4,13091522,0.101203,1,
write,write,,,video_medium,polyglot,4,tsinghua_v_0316_r04.mp4,13091522,0.580070,1,
write,write,,,video_medium,polyglot,4,tsinghua_v_0319_r04.mp4,13091522,0.119322,1,
write,write,,,video_medium,mongo_gridfs,4,tsinghua_v_0319_r04.mp4,13091522,0.099480,1,
write,write,,,video_medium,pg_bytea,4,tsinghua_v_0319_r04.mp4,13091522,0.975232,1,
write,write,,,video_medium,mongo_gridfs,4,tsinghua_v_0321_r04.mp4,13091522,0.102831,1,
write,write,,,video_medium,pg_bytea,4,tsinghua_v_0321_r04.mp4,13091522,0.995758,1,
write,write,,,video_medium,polyglot,4,tsinghua_v_0321_r04.mp4,13091522,0.188030,1,
write,write,,,video_medium,pg_bytea,4,tsinghua_v_0331_r04.mp4,13091522,0.319653,1,
write,write,,,video_medium,polyglot,4,tsinghua_v_0331_r04.mp4,13091522,0.120693,1,
write,write,,,video_medium,mongo_gridfs,4,tsinghua_v_0331_r04.mp4,13091522,0.120083,1,
write,write,,,video_medium,mongo_gridfs,4,tsinghua_v_0345_r04.mp4,13091522,0.106572,1,
write,write,,,video_medium,polyglot,4,tsinghua_v_0345_r04.mp4,13091522,0.108027,1,
write,write,,,video_medium,pg_bytea,4,tsinghua_v_0345_r04.mp4,13091522,0.338548,1,
write,write,,,video_medium,polyglot,4,tsinghua_v_0356_r04.mp4,13091522,0.107291,1,
write,write,,,video_medium,pg_bytea,4,tsinghua_v_0356_r04.mp4,13091522,0.314115,1,
write,write,,,video_medium,mongo_gridfs,4,tsinghua_v_0356_r04.mp4,13091522,0.094559,1,
write,write,,,video_medium,mongo_gridfs,4,tsinghua_v_0357_r04.mp4,13091522,0.092783,1,
write,write,,,video_medium,pg_bytea,4,tsinghua_v_0357_r04.mp4,13091522,0.312364,1,
write,write,,,video_medium,polyglot,4,tsinghua_v_0357_r04.mp4,13091522,0.127187,1,
write,write,,,video_medium,pg_bytea,4,tsinghua_v_0379_r04.mp4,13091522,0.447586,1,
write,write,,,video_medium,mongo_gridfs,4,tsinghua_v_0379_r04.mp4,13091522,0.095702,1,
write,write,,,video_medium,polyglot,4,tsinghua_v_0379_r04.mp4,13091522,0.093008,1,
write,write,,,video_medium,pg_bytea,4,tsinghua_v_0393_r04.mp4,13091522,0.313100,1,
write,write,,,video_medium,mongo_gridfs,4,tsinghua_v_0393_r04.mp4,13091522,0.124940,1,
write,write,,,video_medium,polyglot,4,tsinghua_v_0393_r04.mp4,13091522,0.095076,1,
write,write,,,video_medium,pg_bytea,4,tsinghua_v_0421_r04.mp4,13091522,0.328407,1,
write,write,,,video_medium,polyglot,4,tsinghua_v_0421_r04.mp4,13091522,0.114604,1,
write,write,,,video_medium,mongo_gridfs,4,tsinghua_v_0421_r04.mp4,13091522,0.112398,1,
write,write,,,video_medium,pg_bytea,4,tsinghua_v_0424_r04.mp4,13091522,0.395865,1,
write,write,,,video_medium,polyglot,4,tsinghua_v_0424_r04.mp4,13091522,0.159892,1,
write,write,,,video_medium,mongo_gridfs,4,tsinghua_v_0424_r04.mp4,13091522,0.110242,1,
write,write,,,video_medium,mongo_gridfs,4,tsinghua_v_0427_r04.mp4,13091522,0.099225,1,
write,write,,,video_medium,pg_bytea,4,tsinghua_v_0427_r04.mp4,13091522,0.328059,1,
write,write,,,video_medium,polyglot,4,tsinghua_v_0427_r04.mp4,13091522,0.103819,1,
write,write,,,video_medium,pg_bytea,4,tsinghua_v_0431_r04.mp4,13091522,0.527568,1,
write,write,,,video_medium,mongo_gridfs,4,tsinghua_v_0431_r04.mp4,13091522,0.099122,1,
write,write,,,video_medium,polyglot,4,tsinghua_v_0431_r04.mp4,13091522,0.140773,1,
write,write,,,video_medium,pg_bytea,4,tsinghua_v_0452_r04.mp4,13091522,0.344148,1,
write,write,,,video_medium,mongo_gridfs,4,tsinghua_v_0452_r04.mp4,13091522,0.097571,1,
write,write,,,video_medium,polyglot,4,tsinghua_v_0452_r04.mp4,13091522,0.134019,1,
write,write,,,video_medium,mongo_gridfs,4,tsinghua_v_0454_r04.mp4,13091522,0.137543,1,
write,write,,,video_medium,pg_bytea,4,tsinghua_v_0454_r04.mp4,13091522,0.354718,1,
write,write,,,video_medium,polyglot,4,tsinghua_v_0454_r04.mp4,13091522,0.114216,1,
write,write,,,video_medium,mongo_gridfs,4,tsinghua_v_0457_r04.mp4,13091522,0.106056,1,
write,write,,,video_medium,pg_bytea,4,tsinghua_v_0457_r04.mp4,13091522,0.536398,1,
write,write,,,video_medium,polyglot,4,tsinghua_v_0457_r04.mp4,13091522,0.106557,1,
write,write,,,video_medium,pg_bytea,4,tsinghua_v_0466_r04.mp4,13091522,0.329172,1,
write,write,,,video_medium,polyglot,4,tsinghua_v_0466_r04.mp4,13091522,0.111362,1,
write,write,,,video_medium,mongo_gridfs,4,tsinghua_v_0466_r04.mp4,13091522,0.098651,1,
write,write,,,video_medium,polyglot,4,tsinghua_v_0471_r04.mp4,13091522,0.136573,1,
write,write,,,video_medium,pg_bytea,4,tsinghua_v_0471_r04.mp4,13091522,0.736510,1,
write,write,,,video_medium,mongo_gridfs,4,tsinghua_v_0471_r04.mp4,13091522,0.192352,1,
write,write,,,video_medium,polyglot,4,tsinghua_v_0472_r04.mp4,13091522,0.156680,1,
write,write,,,video_medium,mongo_gridfs,4,tsinghua_v_0472_r04.mp4,13091522,0.219012,1,
write,write,,,video_medium,pg_bytea,4,tsinghua_v_0472_r04.mp4,13091522,1.110386,1,
write,write,,,video_medium,polyglot,4,tsinghua_v_0494_r04.mp4,13091522,0.145836,1,
write,write,,,video_medium,pg_bytea,4,tsinghua_v_0494_r04.mp4,13091522,0.449639,1,
write,write,,,video_medium,mongo_gridfs,4,tsinghua_v_0494_r04.mp4,13091522,0.163952,1,
write,write,,,video_medium,pg_bytea,4,tsinghua_v_0503_r04.mp4,13091522,0.404481,1,
write,write,,,video_medium,mongo_gridfs,4,tsinghua_v_0503_r04.mp4,13091522,0.152619,1,
write,write,,,video_medium,polyglot,4,tsinghua_v_0503_r04.mp4,13091522,0.109968,1,
write,write,,,video_medium,pg_bytea,4,tsinghua_v_0509_r04.mp4,13091522,0.369599,1,
write,write,,,video_medium,mongo_gridfs,4,tsinghua_v_0509_r04.mp4,13091522,0.181145,1,
write,write,,,video_medium,polyglot,4,tsinghua_v_0509_r04.mp4,13091522,0.108867,1,
write,write,,,video_medium,mongo_gridfs,4,tsinghua_v_0523_r04.mp4,13091522,0.180339,1,
write,write,,,video_medium,polyglot,4,tsinghua_v_0523_r04.mp4,13091522,0.271253,1,
write,write,,,video_medium,pg_bytea,4,tsinghua_v_0523_r04.mp4,13091522,0.688881,1,
write,write,,,video_medium,mongo_gridfs,4,tsinghua_v_0546_r04.mp4,13091522,0.140281,1,
write,write,,,video_medium,pg_bytea,4,tsinghua_v_0546_r04.mp4,13091522,0.579483,1,
write,write,,,video_medium,polyglot,4,tsinghua_v_0546_r04.mp4,13091522,0.173088,1,
write,write,,,video_medium,mongo_gridfs,4,tsinghua_v_0568_r04.mp4,13091522,0.517614,1,
write,write,,,video_medium,polyglot,4,tsinghua_v_0568_r04.mp4,13091522,0.190680,1,
write,write,,,video_medium,pg_bytea,4,tsinghua_v_0568_r04.mp4,13091522,0.792995,1,
write,write,,,video_medium,mongo_gridfs,4,tsinghua_v_0594_r04.mp4,13091522,0.136928,1,
write,write,,,video_medium,pg_bytea,4,tsinghua_v_0594_r04.mp4,13091522,0.603405,1,
write,write,,,video_medium,polyglot,4,tsinghua_v_0594_r04.mp4,13091522,0.113510,1,
write,write,,,video_medium,pg_bytea,4,tsinghua_v_0596_r04.mp4,13091522,0.537642,1,
write,write,,,video_medium,mongo_gridfs,4,tsinghua_v_0596_r04.mp4,13091522,0.112203,1,
write,write,,,video_medium,polyglot,4,tsinghua_v_0596_r04.mp4,13091522,0.261586,1,
write,write,,,video_medium,mongo_gridfs,4,tsinghua_v_0635_r04.mp4,13091522,0.117351,1,
write,write,,,video_medium,polyglot,4,tsinghua_v_0635_r04.mp4,13091522,0.150627,1,
write,write,,,video_medium,pg_bytea,4,tsinghua_v_0635_r04.mp4,13091522,0.328930,1,
write,write,,,video_medium,mongo_gridfs,4,tsinghua_v_0653_r04.mp4,13091522,0.145692,1,
write,write,,,video_medium,pg_bytea,4,tsinghua_v_0653_r04.mp4,13091522,0.524022,1,
write,write,,,video_medium,polyglot,4,tsinghua_v_0653_r04.mp4,13091522,0.119110,1,
write,write,,,video_medium,polyglot,4,tsinghua_v_0667_r04.mp4,13091522,0.237083,1,
write,write,,,video_medium,mongo_gridfs,4,tsinghua_v_0667_r04.mp4,13091522,0.119665,1,
write,write,,,video_medium,pg_bytea,4,tsinghua_v_0667_r04.mp4,13091522,0.810668,1,
write,write,,,video_medium,pg_bytea,4,tsinghua_v_0673_r04.mp4,13091522,0.621954,1,
write,write,,,video_medium,mongo_gridfs,4,tsinghua_v_0673_r04.mp4,13091522,0.220062,1,
write,write,,,video_medium,polyglot,4,tsinghua_v_0673_r04.mp4,13091522,0.265173,1,
write,write,,,video_medium,mongo_gridfs,4,tsinghua_v_0681_r04.mp4,13091522,0.243952,1,
write,write,,,video_medium,polyglot,4,tsinghua_v_0681_r04.mp4,13091522,0.451216,1,
write,write,,,video_medium,pg_bytea,4,tsinghua_v_0681_r04.mp4,13091522,0.885451,1,
write,write,,,video_medium,polyglot,4,tsinghua_v_0690_r04.mp4,13091522,0.350924,1,
write,write,,,video_medium,mongo_gridfs,4,tsinghua_v_0690_r04.mp4,13091522,0.386718,1,
write,write,,,video_medium,pg_bytea,4,tsinghua_v_0690_r04.mp4,13091522,0.723108,1,
write,write,,,video_medium,pg_bytea,4,tsinghua_v_0692_r04.mp4,13091522,0.971959,1,
write,write,,,video_medium,polyglot,4,tsinghua_v_0692_r04.mp4,13091522,0.457365,1,
write,write,,,video_medium,mongo_gridfs,4,tsinghua_v_0692_r04.mp4,13091522,0.178991,1,
write,write,,,video_medium,polyglot,4,tsinghua_v_0696_r04.mp4,13091522,0.278676,1,
write,write,,,video_medium,pg_bytea,4,tsinghua_v_0696_r04.mp4,13091522,1.035492,1,
write,write,,,video_medium,mongo_gridfs,4,tsinghua_v_0696_r04.mp4,13091522,0.162352,1,
write,write,,,video_medium,mongo_gridfs,4,tsinghua_v_0734_r04.mp4,13091522,0.311464,1,
write,write,,,video_medium,pg_bytea,4,tsinghua_v_0734_r04.mp4,13091522,0.654992,1,
write,write,,,video_medium,polyglot,4,tsinghua_v_0734_r04.mp4,13091522,0.196159,1,
write,write,,,video_medium,polyglot,4,tsinghua_v_0737_r04.mp4,13091522,0.353648,1,
write,write,,,video_medium,mongo_gridfs,4,tsinghua_v_0737_r04.mp4,13091522,0.345693,1,
write,write,,,video_medium,pg_bytea,4,tsinghua_v_0737_r04.mp4,13091522,0.532671,1,
write,write,,,video_medium,pg_bytea,4,tsinghua_v_0744_r04.mp4,13091522,0.782193,1,
write,write,,,video_medium,mongo_gridfs,4,tsinghua_v_0744_r04.mp4,13091522,0.322841,1,
write,write,,,video_medium,polyglot,4,tsinghua_v_0744_r04.mp4,13091522,0.150778,1,
write,write,,,video_medium,polyglot,4,tsinghua_v_0745_r04.mp4,13091522,0.194390,1,
write,write,,,video_medium,mongo_gridfs,4,tsinghua_v_0745_r04.mp4,13091522,0.146967,1,
write,write,,,video_medium,pg_bytea,4,tsinghua_v_0745_r04.mp4,13091522,0.678552,1,
write,write,,,video_medium,pg_bytea,4,tsinghua_v_0769_r04.mp4,13091522,0.623297,1,
write,write,,,video_medium,polyglot,4,tsinghua_v_0769_r04.mp4,13091522,0.188693,1,
write,write,,,video_medium,mongo_gridfs,4,tsinghua_v_0769_r04.mp4,13091522,0.114253,1,
write,write,,,video_medium,pg_bytea,4,tsinghua_v_0791_r04.mp4,13091522,0.650687,1,
write,write,,,video_medium,mongo_gridfs,4,tsinghua_v_0791_r04.mp4,13091522,0.121045,1,
write,write,,,video_medium,polyglot,4,tsinghua_v_0791_r04.mp4,13091522,0.101985,1,
write,write,,,video_medium,mongo_gridfs,4,tsinghua_v_0792_r04.mp4,13091522,0.147284,1,
write,write,,,video_medium,polyglot,4,tsinghua_v_0792_r04.mp4,13091522,0.119704,1,
write,write,,,video_medium,pg_bytea,4,tsinghua_v_0792_r04.mp4,13091522,0.708414,1,
write,write,,,video_medium,mongo_gridfs,4,tsinghua_v_0857_r04.mp4,13091522,0.136758,1,
write,write,,,video_medium,pg_bytea,4,tsinghua_v_0857_r04.mp4,13091522,0.589203,1,
write,write,,,video_medium,polyglot,4,tsinghua_v_0857_r04.mp4,13091522,0.142659,1,
write,write,,,video_medium,mongo_gridfs,4,tsinghua_v_0866_r04.mp4,13091522,0.143709,1,
write,write,,,video_medium,pg_bytea,4,tsinghua_v_0866_r04.mp4,13091522,0.602096,1,
write,write,,,video_medium,polyglot,4,tsinghua_v_0866_r04.mp4,13091522,0.145881,1,
write,write,,,video_medium,mongo_gridfs,4,tsinghua_v_0880_r04.mp4,13091522,0.152954,1,
write,write,,,video_medium,pg_bytea,4,tsinghua_v_0880_r04.mp4,13091522,0.582472,1,
write,write,,,video_medium,polyglot,4,tsinghua_v_0880_r04.mp4,13091522,0.168128,1,
write,write,,,video_medium,polyglot,4,tsinghua_v_0888_r04.mp4,13091522,0.122500,1,
write,write,,,video_medium,mongo_gridfs,4,tsinghua_v_0888_r04.mp4,13091522,0.122861,1,
write,write,,,video_medium,pg_bytea,4,tsinghua_v_0888_r04.mp4,13091522,0.663853,1,
write,write,,,video_medium,polyglot,4,tsinghua_v_0901_r04.mp4,13091522,0.095702,1,
write,write,,,video_medium,pg_bytea,4,tsinghua_v_0901_r04.mp4,13091522,0.582134,1,
write,write,,,video_medium,mongo_gridfs,4,tsinghua_v_0901_r04.mp4,13091522,0.107443,1,
write,write,,,video_medium,mongo_gridfs,4,tsinghua_v_0937_r04.mp4,13091522,0.126990,1,
write,write,,,video_medium,polyglot,4,tsinghua_v_0937_r04.mp4,13091522,0.113505,1,
write,write,,,video_medium,pg_bytea,4,tsinghua_v_0937_r04.mp4,13091522,0.626265,1,
write,write,,,video_medium,pg_bytea,4,tsinghua_v_0939_r04.mp4,13091522,0.321234,1,
write,write,,,video_medium,mongo_gridfs,4,tsinghua_v_0939_r04.mp4,13091522,0.101639,1,
write,write,,,video_medium,polyglot,4,tsinghua_v_0939_r04.mp4,13091522,0.097943,1,
write,write,,,video_medium,polyglot,4,tsinghua_v_0961_r04.mp4,13091522,0.122432,1,
write,write,,,video_medium,mongo_gridfs,4,tsinghua_v_0961_r04.mp4,13091522,0.127107,1,
write,write,,,video_medium,pg_bytea,4,tsinghua_v_0961_r04.mp4,13091522,0.405917,1,
write,write,,,video_medium,pg_bytea,4,tsinghua_v_0977_r04.mp4,13091522,0.321327,1,
write,write,,,video_medium,mongo_gridfs,4,tsinghua_v_0977_r04.mp4,13091522,0.106866,1,
write,write,,,video_medium,polyglot,4,tsinghua_v_0977_r04.mp4,13091522,0.121604,1,
write,write,,,audio_small,polyglot,5,03-01-01-01-01-02-19_r05.wav,375720,0.018989,1,
write,write,,,audio_small,pg_bytea,5,03-01-01-01-01-02-19_r05.wav,375720,0.054468,1,
write,write,,,audio_small,mongo_gridfs,5,03-01-01-01-01-02-19_r05.wav,375720,0.007861,1,
write,write,,,audio_small,polyglot,5,03-01-01-01-02-02-05_r05.wav,396294,0.008481,1,
write,write,,,audio_small,mongo_gridfs,5,03-01-01-01-02-02-05_r05.wav,396294,0.006937,1,
write,write,,,audio_small,pg_bytea,5,03-01-01-01-02-02-05_r05.wav,396294,0.010735,1,
write,write,,,audio_small,mongo_gridfs,5,03-01-01-01-02-02-06_r05.wav,363108,0.006128,1,
write,write,,,audio_small,pg_bytea,5,03-01-01-01-02-02-06_r05.wav,363108,0.075787,1,
write,write,,,audio_small,polyglot,5,03-01-01-01-02-02-06_r05.wav,363108,0.007897,1,
write,write,,,audio_small,mongo_gridfs,5,03-01-01-01-02-02-07_r05.wav,363108,0.009441,1,
write,write,,,audio_small,polyglot,5,03-01-01-01-02-02-07_r05.wav,363108,0.006417,1,
write,write,,,audio_small,pg_bytea,5,03-01-01-01-02-02-07_r05.wav,363108,0.009931,1,
write,write,,,audio_small,mongo_gridfs,5,03-01-01-01-02-02-11_r05.wav,375720,0.007485,1,
write,write,,,audio_small,pg_bytea,5,03-01-01-01-02-02-11_r05.wav,375720,0.009753,1,
write,write,,,audio_small,polyglot,5,03-01-01-01-02-02-11_r05.wav,375720,0.006662,1,
write,write,,,audio_small,mongo_gridfs,5,03-01-01-01-02-02-12_r05.wav,372698,0.006278,1,
write,write,,,audio_small,pg_bytea,5,03-01-01-01-02-02-12_r05.wav,372698,0.010152,1,
write,write,,,audio_small,polyglot,5,03-01-01-01-02-02-12_r05.wav,372698,0.009253,1,
write,write,,,audio_small,polyglot,5,03-01-01-01-02-02-13_r05.wav,363108,0.006171,1,
write,write,,,audio_small,mongo_gridfs,5,03-01-01-01-02-02-13_r05.wav,363108,0.007256,1,
write,write,,,audio_small,pg_bytea,5,03-01-01-01-02-02-13_r05.wav,363108,0.010583,1,
write,write,,,audio_small,mongo_gridfs,5,03-01-01-02-01-02-05_r05.wav,393086,0.009264,1,
write,write,,,audio_small,pg_bytea,5,03-01-01-02-01-02-05_r05.wav,393086,0.010624,1,
write,write,,,audio_small,polyglot,5,03-01-01-02-01-02-05_r05.wav,393086,0.008556,1,
write,write,,,audio_small,mongo_gridfs,5,03-01-01-02-01-02-06_r05.wav,363108,0.005244,1,
write,write,,,audio_small,pg_bytea,5,03-01-01-02-01-02-06_r05.wav,363108,0.011035,1,
write,write,,,audio_small,polyglot,5,03-01-01-02-01-02-06_r05.wav,363108,0.006367,1,
write,write,,,audio_small,pg_bytea,5,03-01-01-02-01-02-07_r05.wav,372698,0.010913,1,
write,write,,,audio_small,mongo_gridfs,5,03-01-01-02-01-02-07_r05.wav,372698,0.005210,1,
write,write,,,audio_small,polyglot,5,03-01-01-02-01-02-07_r05.wav,372698,0.005719,1,
write,write,,,audio_small,pg_bytea,5,03-01-01-02-01-02-13_r05.wav,399494,0.011922,1,
write,write,,,audio_small,mongo_gridfs,5,03-01-01-02-01-02-13_r05.wav,399494,0.007628,1,
write,write,,,audio_small,polyglot,5,03-01-01-02-01-02-13_r05.wav,399494,0.005678,1,
write,write,,,audio_small,polyglot,5,03-01-01-02-02-02-19_r05.wav,372698,0.005686,1,
write,write,,,audio_small,mongo_gridfs,5,03-01-01-02-02-02-19_r05.wav,372698,0.004841,1,
write,write,,,audio_small,pg_bytea,5,03-01-01-02-02-02-19_r05.wav,372698,0.010611,1,
write,write,,,audio_small,mongo_gridfs,5,03-01-02-01-01-01-19_r05.wav,372698,0.006550,1,
write,write,,,audio_small,pg_bytea,5,03-01-02-01-01-01-19_r05.wav,372698,0.011002,1,
write,write,,,audio_small,polyglot,5,03-01-02-01-01-01-19_r05.wav,372698,0.008855,1,
write,write,,,audio_small,polyglot,5,03-01-02-01-02-01-06_r05.wav,363108,0.005317,1,
write,write,,,audio_small,mongo_gridfs,5,03-01-02-01-02-01-06_r05.wav,363108,0.005293,1,
write,write,,,audio_small,pg_bytea,5,03-01-02-01-02-01-06_r05.wav,363108,0.010637,1,
write,write,,,audio_small,polyglot,5,03-01-02-01-02-01-07_r05.wav,399494,0.007471,1,
write,write,,,audio_small,mongo_gridfs,5,03-01-02-01-02-01-07_r05.wav,399494,0.007899,1,
write,write,,,audio_small,pg_bytea,5,03-01-02-01-02-01-07_r05.wav,399494,0.011317,1,
write,write,,,audio_small,pg_bytea,5,03-01-02-01-02-01-11_r05.wav,375720,0.011862,1,
write,write,,,audio_small,polyglot,5,03-01-02-01-02-01-11_r05.wav,375720,0.007880,1,
write,write,,,audio_small,mongo_gridfs,5,03-01-02-01-02-01-11_r05.wav,375720,0.005237,1,
write,write,,,audio_small,mongo_gridfs,5,03-01-02-01-02-01-12_r05.wav,372698,0.004957,1,
write,write,,,audio_small,pg_bytea,5,03-01-02-01-02-01-12_r05.wav,372698,0.009657,1,
write,write,,,audio_small,polyglot,5,03-01-02-01-02-01-12_r05.wav,372698,0.005553,1,
write,write,,,audio_small,pg_bytea,5,03-01-02-01-02-01-13_r05.wav,379106,0.009747,1,
write,write,,,audio_small,polyglot,5,03-01-02-01-02-01-13_r05.wav,379106,0.007640,1,
write,write,,,audio_small,mongo_gridfs,5,03-01-02-01-02-01-13_r05.wav,379106,0.005310,1,
write,write,,,audio_small,pg_bytea,5,03-01-02-02-01-01-05_r05.wav,363108,0.009237,1,
write,write,,,audio_small,polyglot,5,03-01-02-02-01-01-05_r05.wav,363108,0.005581,1,
write,write,,,audio_small,mongo_gridfs,5,03-01-02-02-01-01-05_r05.wav,363108,0.004698,1,
write,write,,,audio_small,pg_bytea,5,03-01-02-02-01-01-11_r05.wav,363108,0.010061,1,
write,write,,,audio_small,mongo_gridfs,5,03-01-02-02-01-01-11_r05.wav,363108,0.006538,1,
write,write,,,audio_small,polyglot,5,03-01-02-02-01-01-11_r05.wav,363108,0.005786,1,
write,write,,,audio_small,mongo_gridfs,5,03-01-02-02-01-01-12_r05.wav,399494,0.008040,1,
write,write,,,audio_small,pg_bytea,5,03-01-02-02-01-01-12_r05.wav,399494,0.011933,1,
write,write,,,audio_small,polyglot,5,03-01-02-02-01-01-12_r05.wav,399494,0.006557,1,
write,write,,,audio_small,mongo_gridfs,5,03-01-02-02-01-01-13_r05.wav,399494,0.005100,1,
write,write,,,audio_small,pg_bytea,5,03-01-02-02-01-01-13_r05.wav,399494,0.010348,1,
write,write,,,audio_small,polyglot,5,03-01-02-02-01-01-13_r05.wav,399494,0.007062,1,
write,write,,,audio_small,polyglot,5,03-01-02-02-02-01-19_r05.wav,379106,0.006369,1,
write,write,,,audio_small,pg_bytea,5,03-01-02-02-02-01-19_r05.wav,379106,0.010448,1,
write,write,,,audio_small,mongo_gridfs,5,03-01-02-02-02-01-19_r05.wav,379106,0.005535,1,
write,write,,,audio_small,mongo_gridfs,5,03-01-03-01-01-02-05_r05.wav,396294,0.004181,1,
write,write,,,audio_small,pg_bytea,5,03-01-03-01-01-02-05_r05.wav,396294,0.011442,1,
write,write,,,audio_small,polyglot,5,03-01-03-01-01-02-05_r05.wav,396294,0.006404,1,
write,write,,,audio_small,mongo_gridfs,5,03-01-03-01-01-02-07_r05.wav,393086,0.009802,1,
write,write,,,audio_small,pg_bytea,5,03-01-03-01-01-02-07_r05.wav,393086,0.012130,1,
write,write,,,audio_small,polyglot,5,03-01-03-01-01-02-07_r05.wav,393086,0.008206,1,
write,write,,,audio_small,mongo_gridfs,5,03-01-03-01-01-02-12_r05.wav,399494,0.007357,1,
write,write,,,audio_small,pg_bytea,5,03-01-03-01-01-02-12_r05.wav,399494,0.011558,1,
write,write,,,audio_small,polyglot,5,03-01-03-01-01-02-12_r05.wav,399494,0.007776,1,
write,write,,,audio_small,mongo_gridfs,5,03-01-03-01-01-02-13_r05.wav,399494,0.006091,1,
write,write,,,audio_small,pg_bytea,5,03-01-03-01-01-02-13_r05.wav,399494,0.010679,1,
write,write,,,audio_small,polyglot,5,03-01-03-01-01-02-13_r05.wav,399494,0.006837,1,
write,write,,,audio_small,polyglot,5,03-01-03-01-02-02-18_r05.wav,393086,0.005678,1,
write,write,,,audio_small,mongo_gridfs,5,03-01-03-01-02-02-18_r05.wav,393086,0.005309,1,
write,write,,,audio_small,pg_bytea,5,03-01-03-01-02-02-18_r05.wav,393086,0.009904,1,
write,write,,,audio_small,mongo_gridfs,5,03-01-03-01-02-02-19_r05.wav,399494,0.006551,1,
write,write,,,audio_small,pg_bytea,5,03-01-03-01-02-02-19_r05.wav,399494,0.013768,1,
write,write,,,audio_small,polyglot,5,03-01-03-01-02-02-19_r05.wav,399494,0.009954,1,
write,write,,,audio_small,mongo_gridfs,5,03-01-03-02-01-02-18_r05.wav,396294,0.005731,1,
write,write,,,audio_small,polyglot,5,03-01-03-02-01-02-18_r05.wav,396294,0.006647,1,
write,write,,,audio_small,pg_bytea,5,03-01-03-02-01-02-18_r05.wav,396294,0.010543,1,
write,write,,,audio_small,polyglot,5,03-01-03-02-01-02-19_r05.wav,372698,0.006879,1,
write,write,,,audio_small,mongo_gridfs,5,03-01-03-02-01-02-19_r05.wav,372698,0.007870,1,
write,write,,,audio_small,pg_bytea,5,03-01-03-02-01-02-19_r05.wav,372698,0.010595,1,
write,write,,,audio_small,pg_bytea,5,03-01-03-02-02-02-04_r05.wav,379106,0.010408,1,
write,write,,,audio_small,mongo_gridfs,5,03-01-03-02-02-02-04_r05.wav,379106,0.006464,1,
write,write,,,audio_small,polyglot,5,03-01-03-02-02-02-04_r05.wav,379106,0.007369,1,
write,write,,,audio_small,mongo_gridfs,5,03-01-03-02-02-02-06_r05.wav,399494,0.006224,1,
write,write,,,audio_small,polyglot,5,03-01-03-02-02-02-06_r05.wav,399494,0.007282,1,
write,write,,,audio_small,pg_bytea,5,03-01-03-02-02-02-06_r05.wav,399494,0.011399,1,
write,write,,,audio_small,polyglot,5,03-01-03-02-02-02-07_r05.wav,393086,0.006822,1,
write,write,,,audio_small,mongo_gridfs,5,03-01-03-02-02-02-07_r05.wav,393086,0.005648,1,
write,write,,,audio_small,pg_bytea,5,03-01-03-02-02-02-07_r05.wav,393086,0.011266,1,
write,write,,,audio_small,polyglot,5,03-01-03-02-02-02-10_r05.wav,375720,0.008155,1,
write,write,,,audio_small,mongo_gridfs,5,03-01-03-02-02-02-10_r05.wav,375720,0.006517,1,
write,write,,,audio_small,pg_bytea,5,03-01-03-02-02-02-10_r05.wav,375720,0.011153,1,
write,write,,,audio_small,pg_bytea,5,03-01-03-02-02-02-11_r05.wav,396294,0.015765,1,
write,write,,,audio_small,mongo_gridfs,5,03-01-03-02-02-02-11_r05.wav,396294,0.007378,1,
write,write,,,audio_small,polyglot,5,03-01-03-02-02-02-11_r05.wav,396294,0.006722,1,
write,write,,,audio_small,polyglot,5,03-01-03-02-02-02-13_r05.wav,399494,0.007672,1,
write,write,,,audio_small,pg_bytea,5,03-01-03-02-02-02-13_r05.wav,399494,0.012428,1,
write,write,,,audio_small,mongo_gridfs,5,03-01-03-02-02-02-13_r05.wav,399494,0.006304,1,
write,write,,,audio_small,mongo_gridfs,5,03-01-04-01-01-02-01_r05.wav,396294,0.006444,1,
write,write,,,audio_small,polyglot,5,03-01-04-01-01-02-01_r05.wav,396294,0.007020,1,
write,write,,,audio_small,pg_bytea,5,03-01-04-01-01-02-01_r05.wav,396294,0.011329,1,
write,write,,,audio_small,pg_bytea,5,03-01-04-01-01-02-02_r05.wav,379106,0.010200,1,
write,write,,,audio_small,mongo_gridfs,5,03-01-04-01-01-02-02_r05.wav,379106,0.006651,1,
write,write,,,audio_small,polyglot,5,03-01-04-01-01-02-02_r05.wav,379106,0.009741,1,
write,write,,,audio_small,polyglot,5,03-01-04-01-01-02-16_r05.wav,379106,0.007589,1,
write,write,,,audio_small,mongo_gridfs,5,03-01-04-01-01-02-16_r05.wav,379106,0.005553,1,
write,write,,,audio_small,pg_bytea,5,03-01-04-01-01-02-16_r05.wav,379106,0.011668,1,
write,write,,,audio_small,polyglot,5,03-01-04-01-02-02-08_r05.wav,372698,0.006753,1,
write,write,,,audio_small,mongo_gridfs,5,03-01-04-01-02-02-08_r05.wav,372698,0.004682,1,
write,write,,,audio_small,pg_bytea,5,03-01-04-01-02-02-08_r05.wav,372698,0.011241,1,
write,write,,,audio_small,polyglot,5,03-01-04-01-02-02-09_r05.wav,363108,0.005926,1,
write,write,,,audio_small,pg_bytea,5,03-01-04-01-02-02-09_r05.wav,363108,0.009310,1,
write,write,,,audio_small,mongo_gridfs,5,03-01-04-01-02-02-09_r05.wav,363108,0.004591,1,
write,write,,,audio_small,pg_bytea,5,03-01-04-01-02-02-20_r05.wav,396294,0.010506,1,
write,write,,,audio_small,mongo_gridfs,5,03-01-04-01-02-02-20_r05.wav,396294,0.005942,1,
write,write,,,audio_small,polyglot,5,03-01-04-01-02-02-20_r05.wav,396294,0.005471,1,
write,write,,,audio_small,mongo_gridfs,5,03-01-04-01-02-02-21_r05.wav,363108,0.004896,1,
write,write,,,audio_small,pg_bytea,5,03-01-04-01-02-02-21_r05.wav,363108,0.009878,1,
write,write,,,audio_small,polyglot,5,03-01-04-01-02-02-21_r05.wav,363108,0.007500,1,
write,write,,,audio_small,pg_bytea,5,03-01-04-01-02-02-22_r05.wav,372698,0.011325,1,
write,write,,,audio_small,polyglot,5,03-01-04-01-02-02-22_r05.wav,372698,0.008493,1,
write,write,,,audio_small,mongo_gridfs,5,03-01-04-01-02-02-22_r05.wav,372698,0.005364,1,
write,write,,,audio_small,pg_bytea,5,03-01-04-01-02-02-23_r05.wav,363108,0.010950,1,
write,write,,,audio_small,mongo_gridfs,5,03-01-04-01-02-02-23_r05.wav,363108,0.005219,1,
write,write,,,audio_small,polyglot,5,03-01-04-01-02-02-23_r05.wav,363108,0.006969,1,
write,write,,,audio_small,polyglot,5,03-01-04-02-01-02-09_r05.wav,379106,0.006419,1,
write,write,,,audio_small,pg_bytea,5,03-01-04-02-01-02-09_r05.wav,379106,0.010274,1,
write,write,,,audio_small,mongo_gridfs,5,03-01-04-02-01-02-09_r05.wav,379106,0.005501,1,
write,write,,,audio_small,polyglot,5,03-01-04-02-01-02-20_r05.wav,379106,0.008997,1,
write,write,,,audio_small,pg_bytea,5,03-01-04-02-01-02-20_r05.wav,379106,0.009879,1,
write,write,,,audio_small,mongo_gridfs,5,03-01-04-02-01-02-20_r05.wav,379106,0.006347,1,
write,write,,,audio_small,polyglot,5,03-01-04-02-01-02-21_r05.wav,393086,0.006828,1,
write,write,,,audio_small,mongo_gridfs,5,03-01-04-02-01-02-21_r05.wav,393086,0.005291,1,
write,write,,,audio_small,pg_bytea,5,03-01-04-02-01-02-21_r05.wav,393086,0.011100,1,
write,write,,,audio_small,pg_bytea,5,03-01-04-02-01-02-22_r05.wav,379106,0.011571,1,
write,write,,,audio_small,polyglot,5,03-01-04-02-01-02-22_r05.wav,379106,0.007265,1,
write,write,,,audio_small,mongo_gridfs,5,03-01-04-02-01-02-22_r05.wav,379106,0.004716,1,
write,write,,,audio_small,mongo_gridfs,5,03-01-04-02-02-02-14_r05.wav,375720,0.007690,1,
write,write,,,audio_small,pg_bytea,5,03-01-04-02-02-02-14_r05.wav,375720,0.010164,1,
write,write,,,audio_small,polyglot,5,03-01-04-02-02-02-14_r05.wav,375720,0.006355,1,
write,write,,,audio_small,polyglot,5,03-01-04-02-02-02-15_r05.wav,379106,0.005798,1,
write,write,,,audio_small,mongo_gridfs,5,03-01-04-02-02-02-15_r05.wav,379106,0.004526,1,
write,write,,,audio_small,pg_bytea,5,03-01-04-02-02-02-15_r05.wav,379106,0.009237,1,
write,write,,,audio_small,pg_bytea,5,03-01-04-02-02-02-16_r05.wav,375720,0.009587,1,
write,write,,,audio_small,mongo_gridfs,5,03-01-04-02-02-02-16_r05.wav,375720,0.005699,1,
write,write,,,audio_small,polyglot,5,03-01-04-02-02-02-16_r05.wav,375720,0.006361,1,
write,write,,,audio_small,pg_bytea,5,03-01-04-02-02-02-17_r05.wav,363108,0.009766,1,
write,write,,,audio_small,polyglot,5,03-01-04-02-02-02-17_r05.wav,363108,0.005415,1,
write,write,,,audio_small,mongo_gridfs,5,03-01-04-02-02-02-17_r05.wav,363108,0.003969,1,
write,write,,,audio_small,pg_bytea,5,03-01-05-01-01-01-09_r05.wav,393086,0.010569,1,
write,write,,,audio_small,polyglot,5,03-01-05-01-01-01-09_r05.wav,393086,0.006321,1,
write,write,,,audio_small,mongo_gridfs,5,03-01-05-01-01-01-09_r05.wav,393086,0.004217,1,
write,write,,,audio_small,polyglot,5,03-01-05-01-01-01-22_r05.wav,393086,0.005678,1,
write,write,,,audio_small,pg_bytea,5,03-01-05-01-01-01-22_r05.wav,393086,0.011119,1,
write,write,,,audio_small,mongo_gridfs,5,03-01-05-01-01-01-22_r05.wav,393086,0.007276,1,
write,write,,,audio_small,mongo_gridfs,5,03-01-05-01-02-01-02_r05.wav,372698,0.004529,1,
write,write,,,audio_small,pg_bytea,5,03-01-05-01-02-01-02_r05.wav,372698,0.010334,1,
write,write,,,audio_small,polyglot,5,03-01-05-01-02-01-02_r05.wav,372698,0.007708,1,
write,write,,,audio_small,polyglot,5,03-01-05-01-02-01-03_r05.wav,396294,0.005625,1,
write,write,,,audio_small,pg_bytea,5,03-01-05-01-02-01-03_r05.wav,396294,0.011350,1,
write,write,,,audio_small,mongo_gridfs,5,03-01-05-01-02-01-03_r05.wav,396294,0.004947,1,
write,write,,,audio_small,mongo_gridfs,5,03-01-05-01-02-01-15_r05.wav,363108,0.003863,1,
write,write,,,audio_small,polyglot,5,03-01-05-01-02-01-15_r05.wav,363108,0.005298,1,
write,write,,,audio_small,pg_bytea,5,03-01-05-01-02-01-15_r05.wav,363108,0.009279,1,
write,write,,,audio_small,mongo_gridfs,5,03-01-05-01-02-01-16_r05.wav,372698,0.007821,1,
write,write,,,audio_small,pg_bytea,5,03-01-05-01-02-01-16_r05.wav,372698,0.008936,1,
write,write,,,audio_small,polyglot,5,03-01-05-01-02-01-16_r05.wav,372698,0.004884,1,
write,write,,,audio_small,mongo_gridfs,5,03-01-05-01-02-01-17_r05.wav,393086,0.004201,1,
write,write,,,audio_small,polyglot,5,03-01-05-01-02-01-17_r05.wav,393086,0.005351,1,
write,write,,,audio_small,pg_bytea,5,03-01-05-01-02-01-17_r05.wav,393086,0.011149,1,
write,write,,,audio_small,polyglot,5,03-01-05-02-01-01-01_r05.wav,372698,0.007207,1,
write,write,,,audio_small,mongo_gridfs,5,03-01-05-02-01-01-01_r05.wav,372698,0.004876,1,
write,write,,,audio_small,pg_bytea,5,03-01-05-02-01-01-01_r05.wav,372698,0.010356,1,
write,write,,,audio_small,mongo_gridfs,5,03-01-05-02-01-01-02_r05.wav,375720,0.005972,1,
write,write,,,audio_small,polyglot,5,03-01-05-02-01-01-02_r05.wav,375720,0.008076,1,
write,write,,,audio_small,pg_bytea,5,03-01-05-02-01-01-02_r05.wav,375720,0.009109,1,
write,write,,,audio_small,pg_bytea,5,03-01-05-02-01-01-03_r05.wav,372698,0.009667,1,
write,write,,,audio_small,polyglot,5,03-01-05-02-01-01-03_r05.wav,372698,0.006702,1,
write,write,,,audio_small,mongo_gridfs,5,03-01-05-02-01-01-03_r05.wav,372698,0.005438,1,
write,write,,,audio_small,polyglot,5,03-01-05-02-01-01-15_r05.wav,396294,0.010467,1,
write,write,,,audio_small,mongo_gridfs,5,03-01-05-02-01-01-15_r05.wav,396294,0.006170,1,
write,write,,,audio_small,pg_bytea,5,03-01-05-02-01-01-15_r05.wav,396294,0.012269,1,
write,write,,,audio_small,polyglot,5,03-01-05-02-01-01-16_r05.wav,399494,0.007563,1,
write,write,,,audio_small,pg_bytea,5,03-01-05-02-01-01-16_r05.wav,399494,0.014402,1,
write,write,,,audio_small,mongo_gridfs,5,03-01-05-02-01-01-16_r05.wav,399494,0.005999,1,
write,write,,,audio_small,polyglot,5,03-01-05-02-01-01-17_r05.wav,363108,0.007581,1,
write,write,,,audio_small,pg_bytea,5,03-01-05-02-01-01-17_r05.wav,363108,0.011695,1,
write,write,,,audio_small,mongo_gridfs,5,03-01-05-02-01-01-17_r05.wav,363108,0.005179,1,
write,write,,,audio_small,mongo_gridfs,5,03-01-05-02-02-01-09_r05.wav,396294,0.005025,1,
write,write,,,audio_small,pg_bytea,5,03-01-05-02-02-01-09_r05.wav,396294,0.010757,1,
write,write,,,audio_small,polyglot,5,03-01-05-02-02-01-09_r05.wav,396294,0.005775,1,
write,write,,,audio_small,pg_bytea,5,03-01-05-02-02-01-21_r05.wav,375720,0.009918,1,
write,write,,,audio_small,polyglot,5,03-01-05-02-02-01-21_r05.wav,375720,0.005898,1,
write,write,,,audio_small,mongo_gridfs,5,03-01-05-02-02-01-21_r05.wav,375720,0.004345,1,
write,write,,,audio_small,polyglot,5,03-01-05-02-02-01-22_r05.wav,379106,0.005384,1,
write,write,,,audio_small,pg_bytea,5,03-01-05-02-02-01-22_r05.wav,379106,0.009560,1,
write,write,,,audio_small,mongo_gridfs,5,03-01-05-02-02-01-22_r05.wav,379106,0.004766,1,
write,write,,,audio_medium,mongo_gridfs,5,03-02-01-01-01-02-22_r05.wav,526650,0.007314,1,
write,write,,,audio_medium,polyglot,5,03-02-01-01-01-02-22_r05.wav,526650,0.007639,1,
write,write,,,audio_medium,pg_bytea,5,03-02-01-01-01-02-22_r05.wav,526650,0.017447,1,
write,write,,,audio_medium,polyglot,5,03-02-01-01-01-02-23_r05.wav,539464,0.007907,1,
write,write,,,audio_medium,mongo_gridfs,5,03-02-01-01-01-02-23_r05.wav,539464,0.006510,1,
write,write,,,audio_medium,pg_bytea,5,03-02-01-01-01-02-23_r05.wav,539464,0.013847,1,
write,write,,,audio_medium,mongo_gridfs,5,03-02-01-01-02-02-02_r05.wav,539464,0.006533,1,
write,write,,,audio_medium,pg_bytea,5,03-02-01-01-02-02-02_r05.wav,539464,0.013690,1,
write,write,,,audio_medium,polyglot,5,03-02-01-01-02-02-02_r05.wav,539464,0.006953,1,
write,write,,,audio_medium,mongo_gridfs,5,03-02-01-01-02-02-03_r05.wav,520242,0.005807,1,
write,write,,,audio_medium,pg_bytea,5,03-02-01-01-02-02-03_r05.wav,520242,0.013346,1,
write,write,,,audio_medium,polyglot,5,03-02-01-01-02-02-03_r05.wav,520242,0.007260,1,
write,write,,,audio_medium,pg_bytea,5,03-02-01-01-02-02-16_r05.wav,539464,0.015094,1,
write,write,,,audio_medium,mongo_gridfs,5,03-02-01-01-02-02-16_r05.wav,539464,0.007332,1,
write,write,,,audio_medium,polyglot,5,03-02-01-01-02-02-16_r05.wav,539464,0.069949,1,
write,write,,,audio_medium,pg_bytea,5,03-02-01-01-02-02-17_r05.wav,561888,0.016316,1,
write,write,,,audio_medium,polyglot,5,03-02-01-01-02-02-17_r05.wav,561888,0.009264,1,
write,write,,,audio_medium,mongo_gridfs,5,03-02-01-01-02-02-17_r05.wav,561888,0.007080,1,
write,write,,,audio_medium,pg_bytea,5,03-02-01-02-01-02-01_r05.wav,533056,0.014396,1,
write,write,,,audio_medium,polyglot,5,03-02-01-02-01-02-01_r05.wav,533056,0.007198,1,
write,write,,,audio_medium,mongo_gridfs,5,03-02-01-02-01-02-01_r05.wav,533056,0.005826,1,
write,write,,,audio_medium,polyglot,5,03-02-01-02-01-02-02_r05.wav,523448,0.007638,1,
write,write,,,audio_medium,mongo_gridfs,5,03-02-01-02-01-02-02_r05.wav,523448,0.005593,1,
write,write,,,audio_medium,pg_bytea,5,03-02-01-02-01-02-02_r05.wav,523448,0.013794,1,
write,write,,,audio_medium,pg_bytea,5,03-02-01-02-01-02-03_r05.wav,533056,0.014692,1,
write,write,,,audio_medium,polyglot,5,03-02-01-02-01-02-03_r05.wav,533056,0.007227,1,
write,write,,,audio_medium,mongo_gridfs,5,03-02-01-02-01-02-03_r05.wav,533056,0.007451,1,
write,write,,,audio_medium,pg_bytea,5,03-02-01-02-01-02-15_r05.wav,561882,0.015625,1,
write,write,,,audio_medium,mongo_gridfs,5,03-02-01-02-01-02-15_r05.wav,561882,0.011793,1,
write,write,,,audio_medium,polyglot,5,03-02-01-02-01-02-15_r05.wav,561882,0.006361,1,
write,write,,,audio_medium,polyglot,5,03-02-01-02-01-02-16_r05.wav,526650,0.006013,1,
write,write,,,audio_medium,mongo_gridfs,5,03-02-01-02-01-02-16_r05.wav,526650,0.005944,1,
write,write,,,audio_medium,pg_bytea,5,03-02-01-02-01-02-16_r05.wav,526650,0.013680,1,
write,write,,,audio_medium,polyglot,5,03-02-01-02-01-02-17_r05.wav,533056,0.006152,1,
write,write,,,audio_medium,mongo_gridfs,5,03-02-01-02-01-02-17_r05.wav,533056,0.004786,1,
write,write,,,audio_medium,pg_bytea,5,03-02-01-02-01-02-17_r05.wav,533056,0.012968,1,
write,write,,,audio_medium,pg_bytea,5,03-02-01-02-02-02-22_r05.wav,520242,0.014370,1,
write,write,,,audio_medium,polyglot,5,03-02-01-02-02-02-22_r05.wav,520242,0.016167,1,
write,write,,,audio_medium,mongo_gridfs,5,03-02-01-02-02-02-22_r05.wav,520242,0.004891,1,
write,write,,,audio_medium,polyglot,5,03-02-01-02-02-02-23_r05.wav,520242,0.005222,1,
write,write,,,audio_medium,mongo_gridfs,5,03-02-01-02-02-02-23_r05.wav,520242,0.005419,1,
write,write,,,audio_medium,pg_bytea,5,03-02-01-02-02-02-23_r05.wav,520242,0.012793,1,
write,write,,,audio_medium,polyglot,5,03-02-02-01-01-01-22_r05.wav,523448,0.006037,1,
write,write,,,audio_medium,pg_bytea,5,03-02-02-01-01-01-22_r05.wav,523448,0.012989,1,
write,write,,,audio_medium,mongo_gridfs,5,03-02-02-01-01-01-22_r05.wav,523448,0.008343,1,
write,write,,,audio_medium,pg_bytea,5,03-02-02-01-01-01-23_r05.wav,561888,0.016594,1,
write,write,,,audio_medium,mongo_gridfs,5,03-02-02-01-01-01-23_r05.wav,561888,0.009172,1,
write,write,,,audio_medium,polyglot,5,03-02-02-01-01-01-23_r05.wav,561888,0.009009,1,
write,write,,,audio_medium,pg_bytea,5,03-02-02-01-02-01-01_r05.wav,520242,0.015113,1,
write,write,,,audio_medium,polyglot,5,03-02-02-01-02-01-01_r05.wav,520242,0.006951,1,
write,write,,,audio_medium,mongo_gridfs,5,03-02-02-01-02-01-01_r05.wav,520242,0.006241,1,
write,write,,,audio_medium,mongo_gridfs,5,03-02-02-01-02-01-02_r05.wav,539464,0.007156,1,
write,write,,,audio_medium,polyglot,5,03-02-02-01-02-01-02_r05.wav,539464,0.008291,1,
write,write,,,audio_medium,pg_bytea,5,03-02-02-01-02-01-02_r05.wav,539464,0.014880,1,
write,write,,,audio_medium,polyglot,5,03-02-02-01-02-01-03_r05.wav,533056,0.007333,1,
write,write,,,audio_medium,pg_bytea,5,03-02-02-01-02-01-03_r05.wav,533056,0.020555,1,
write,write,,,audio_medium,mongo_gridfs,5,03-02-02-01-02-01-03_r05.wav,533056,0.007358,1,
write,write,,,audio_medium,polyglot,5,03-02-02-01-02-01-16_r05.wav,561882,0.008406,1,
write,write,,,audio_medium,pg_bytea,5,03-02-02-01-02-01-16_r05.wav,561882,0.016248,1,
write,write,,,audio_medium,mongo_gridfs,5,03-02-02-01-02-01-16_r05.wav,561882,0.007107,1,
write,write,,,audio_medium,pg_bytea,5,03-02-02-02-01-01-01_r05.wav,539464,0.014778,1,
write,write,,,audio_medium,polyglot,5,03-02-02-02-01-01-01_r05.wav,539464,0.007921,1,
write,write,,,audio_medium,mongo_gridfs,5,03-02-02-02-01-01-01_r05.wav,539464,0.006260,1,
write,write,,,audio_medium,polyglot,5,03-02-02-02-01-01-02_r05.wav,526650,0.008344,1,
write,write,,,audio_medium,pg_bytea,5,03-02-02-02-01-01-02_r05.wav,526650,0.014964,1,
write,write,,,audio_medium,mongo_gridfs,5,03-02-02-02-01-01-02_r05.wav,526650,0.008723,1,
write,write,,,audio_medium,pg_bytea,5,03-02-02-02-01-01-15_r05.wav,539464,0.015525,1,
write,write,,,audio_medium,mongo_gridfs,5,03-02-02-02-01-01-15_r05.wav,539464,0.008255,1,
write,write,,,audio_medium,polyglot,5,03-02-02-02-01-01-15_r05.wav,539464,0.007110,1,
write,write,,,audio_medium,mongo_gridfs,5,03-02-02-02-01-01-16_r05.wav,520242,0.006370,1,
write,write,,,audio_medium,polyglot,5,03-02-02-02-01-01-16_r05.wav,520242,0.005888,1,
write,write,,,audio_medium,pg_bytea,5,03-02-02-02-01-01-16_r05.wav,520242,0.015993,1,
write,write,,,audio_medium,pg_bytea,5,03-02-02-02-01-01-17_r05.wav,539464,0.014014,1,
write,write,,,audio_medium,mongo_gridfs,5,03-02-02-02-01-01-17_r05.wav,539464,0.006978,1,
write,write,,,audio_medium,polyglot,5,03-02-02-02-01-01-17_r05.wav,539464,0.047208,1,
write,write,,,audio_medium,polyglot,5,03-02-02-02-02-01-22_r05.wav,539464,0.008560,1,
write,write,,,audio_medium,mongo_gridfs,5,03-02-02-02-02-01-22_r05.wav,539464,0.006733,1,
write,write,,,audio_medium,pg_bytea,5,03-02-02-02-02-01-22_r05.wav,539464,0.017098,1,
write,write,,,audio_medium,polyglot,5,03-02-02-02-02-01-23_r05.wav,520242,0.008410,1,
write,write,,,audio_medium,mongo_gridfs,5,03-02-02-02-02-01-23_r05.wav,520242,0.006791,1,
write,write,,,audio_medium,pg_bytea,5,03-02-02-02-02-01-23_r05.wav,520242,0.013629,1,
write,write,,,audio_medium,polyglot,5,03-02-03-01-01-02-01_r05.wav,561882,0.008835,1,
write,write,,,audio_medium,pg_bytea,5,03-02-03-01-01-02-01_r05.wav,561882,0.017456,1,
write,write,,,audio_medium,mongo_gridfs,5,03-02-03-01-01-02-01_r05.wav,561882,0.010058,1,
write,write,,,audio_medium,mongo_gridfs,5,03-02-03-01-01-02-02_r05.wav,561882,0.007765,1,
write,write,,,audio_medium,polyglot,5,03-02-03-01-01-02-02_r05.wav,561882,0.008715,1,
write,write,,,audio_medium,pg_bytea,5,03-02-03-01-01-02-02_r05.wav,561882,0.015642,1,
write,write,,,audio_medium,polyglot,5,03-02-03-01-01-02-03_r05.wav,539464,0.007893,1,
write,write,,,audio_medium,mongo_gridfs,5,03-02-03-01-01-02-03_r05.wav,539464,0.007092,1,
write,write,,,audio_medium,pg_bytea,5,03-02-03-01-01-02-03_r05.wav,539464,0.015024,1,
write,write,,,audio_medium,mongo_gridfs,5,03-02-03-01-01-02-15_r05.wav,526650,0.006935,1,
write,write,,,audio_medium,polyglot,5,03-02-03-01-01-02-15_r05.wav,526650,0.008914,1,
write,write,,,audio_medium,pg_bytea,5,03-02-03-01-01-02-15_r05.wav,526650,0.014497,1,
write,write,,,audio_medium,mongo_gridfs,5,03-02-03-01-01-02-16_r05.wav,520242,0.006743,1,
write,write,,,audio_medium,polyglot,5,03-02-03-01-01-02-16_r05.wav,520242,0.007418,1,
write,write,,,audio_medium,pg_bytea,5,03-02-03-01-01-02-16_r05.wav,520242,0.013859,1,
write,write,,,audio_medium,mongo_gridfs,5,03-02-03-01-01-02-17_r05.wav,526650,0.008167,1,
write,write,,,audio_medium,pg_bytea,5,03-02-03-01-01-02-17_r05.wav,526650,0.013583,1,
write,write,,,audio_medium,polyglot,5,03-02-03-01-01-02-17_r05.wav,526650,0.007493,1,
write,write,,,audio_medium,mongo_gridfs,5,03-02-03-01-02-02-09_r05.wav,539464,0.006710,1,
write,write,,,audio_medium,pg_bytea,5,03-02-03-01-02-02-09_r05.wav,539464,0.015678,1,
write,write,,,audio_medium,polyglot,5,03-02-03-01-02-02-09_r05.wav,539464,0.021714,1,
write,write,,,audio_medium,mongo_gridfs,5,03-02-03-01-02-02-21_r05.wav,533056,0.008403,1,
write,write,,,audio_medium,polyglot,5,03-02-03-01-02-02-21_r05.wav,533056,0.024541,1,
write,write,,,audio_medium,pg_bytea,5,03-02-03-01-02-02-21_r05.wav,533056,0.024043,1,
write,write,,,audio_medium,mongo_gridfs,5,03-02-03-01-02-02-22_r05.wav,561888,0.007621,1,
write,write,,,audio_medium,pg_bytea,5,03-02-03-01-02-02-22_r05.wav,561888,0.015476,1,
write,write,,,audio_medium,polyglot,5,03-02-03-01-02-02-22_r05.wav,561888,0.011364,1,
write,write,,,audio_medium,polyglot,5,03-02-03-01-02-02-23_r05.wav,539464,0.007653,1,
write,write,,,audio_medium,mongo_gridfs,5,03-02-03-01-02-02-23_r05.wav,539464,0.006601,1,
write,write,,,audio_medium,pg_bytea,5,03-02-03-01-02-02-23_r05.wav,539464,0.018300,1,
write,write,,,audio_medium,pg_bytea,5,03-02-03-02-01-02-09_r05.wav,561882,0.015587,1,
write,write,,,audio_medium,polyglot,5,03-02-03-02-01-02-09_r05.wav,561882,0.007622,1,
write,write,,,audio_medium,mongo_gridfs,5,03-02-03-02-01-02-09_r05.wav,561882,0.005769,1,
write,write,,,audio_medium,mongo_gridfs,5,03-02-03-02-01-02-21_r05.wav,539464,0.006425,1,
write,write,,,audio_medium,polyglot,5,03-02-03-02-01-02-21_r05.wav,539464,0.007885,1,
write,write,,,audio_medium,pg_bytea,5,03-02-03-02-01-02-21_r05.wav,539464,0.014442,1,
write,write,,,audio_medium,polyglot,5,03-02-03-02-01-02-22_r05.wav,526650,0.008791,1,
write,write,,,audio_medium,pg_bytea,5,03-02-03-02-01-02-22_r05.wav,526650,0.020873,1,
write,write,,,audio_medium,mongo_gridfs,5,03-02-03-02-01-02-22_r05.wav,526650,0.007624,1,
write,write,,,audio_medium,pg_bytea,5,03-02-03-02-01-02-23_r05.wav,561888,0.015691,1,
write,write,,,audio_medium,polyglot,5,03-02-03-02-01-02-23_r05.wav,561888,0.007813,1,
write,write,,,audio_medium,mongo_gridfs,5,03-02-03-02-01-02-23_r05.wav,561888,0.005920,1,
write,write,,,audio_medium,polyglot,5,03-02-03-02-02-02-01_r05.wav,561882,0.008233,1,
write,write,,,audio_medium,pg_bytea,5,03-02-03-02-02-02-01_r05.wav,561882,0.014611,1,
write,write,,,audio_medium,mongo_gridfs,5,03-02-03-02-02-02-01_r05.wav,561882,0.006579,1,
write,write,,,audio_medium,mongo_gridfs,5,03-02-03-02-02-02-02_r05.wav,523448,0.006767,1,
write,write,,,audio_medium,pg_bytea,5,03-02-03-02-02-02-02_r05.wav,523448,0.014510,1,
write,write,,,audio_medium,polyglot,5,03-02-03-02-02-02-02_r05.wav,523448,0.010110,1,
write,write,,,audio_medium,mongo_gridfs,5,03-02-03-02-02-02-03_r05.wav,561888,0.006570,1,
write,write,,,audio_medium,polyglot,5,03-02-03-02-02-02-03_r05.wav,561888,0.007469,1,
write,write,,,audio_medium,pg_bytea,5,03-02-03-02-02-02-03_r05.wav,561888,0.014640,1,
write,write,,,audio_medium,pg_bytea,5,03-02-03-02-02-02-15_r05.wav,523448,0.015591,1,
write,write,,,audio_medium,mongo_gridfs,5,03-02-03-02-02-02-15_r05.wav,523448,0.006252,1,
write,write,,,audio_medium,polyglot,5,03-02-03-02-02-02-15_r05.wav,523448,0.006622,1,
write,write,,,audio_medium,mongo_gridfs,5,03-02-03-02-02-02-16_r05.wav,561882,0.006970,1,
write,write,,,audio_medium,polyglot,5,03-02-03-02-02-02-16_r05.wav,561882,0.007925,1,
write,write,,,audio_medium,pg_bytea,5,03-02-03-02-02-02-16_r05.wav,561882,0.014174,1,
write,write,,,audio_medium,pg_bytea,5,03-02-03-02-02-02-17_r05.wav,523448,0.014375,1,
write,write,,,audio_medium,mongo_gridfs,5,03-02-03-02-02-02-17_r05.wav,523448,0.007155,1,
write,write,,,audio_medium,polyglot,5,03-02-03-02-02-02-17_r05.wav,523448,0.007223,1,
write,write,,,audio_medium,mongo_gridfs,5,03-02-04-01-01-02-05_r05.wav,561882,0.006927,1,
write,write,,,audio_medium,polyglot,5,03-02-04-01-01-02-05_r05.wav,561882,0.006913,1,
write,write,,,audio_medium,pg_bytea,5,03-02-04-01-01-02-05_r05.wav,561882,0.013789,1,
write,write,,,audio_medium,pg_bytea,5,03-02-04-01-01-02-06_r05.wav,526650,0.013954,1,
write,write,,,audio_medium,mongo_gridfs,5,03-02-04-01-01-02-06_r05.wav,526650,0.006697,1,
write,write,,,audio_medium,polyglot,5,03-02-04-01-01-02-06_r05.wav,526650,0.007866,1,
write,write,,,audio_medium,polyglot,5,03-02-04-01-01-02-07_r05.wav,523448,0.008004,1,
write,write,,,audio_medium,pg_bytea,5,03-02-04-01-01-02-07_r05.wav,523448,0.015837,1,
write,write,,,audio_medium,mongo_gridfs,5,03-02-04-01-01-02-07_r05.wav,523448,0.006603,1,
write,write,,,audio_medium,mongo_gridfs,5,03-02-04-01-01-02-11_r05.wav,539464,0.005946,1,
write,write,,,audio_medium,pg_bytea,5,03-02-04-01-01-02-11_r05.wav,539464,0.014049,1,
write,write,,,audio_medium,polyglot,5,03-02-04-01-01-02-11_r05.wav,539464,0.007059,1,
write,write,,,audio_medium,mongo_gridfs,5,03-02-04-01-01-02-12_r05.wav,523448,0.005597,1,
write,write,,,audio_medium,pg_bytea,5,03-02-04-01-01-02-12_r05.wav,523448,0.013958,1,
write,write,,,audio_medium,polyglot,5,03-02-04-01-01-02-12_r05.wav,523448,0.008474,1,
write,write,,,audio_medium,polyglot,5,03-02-04-01-01-02-13_r05.wav,539464,0.007931,1,
write,write,,,audio_medium,pg_bytea,5,03-02-04-01-01-02-13_r05.wav,539464,0.018418,1,
write,write,,,audio_medium,mongo_gridfs,5,03-02-04-01-01-02-13_r05.wav,539464,0.006977,1,
write,write,,,audio_medium,polyglot,5,03-02-04-01-02-02-19_r05.wav,561888,0.008798,1,
write,write,,,audio_medium,mongo_gridfs,5,03-02-04-01-02-02-19_r05.wav,561888,0.007481,1,
write,write,,,audio_medium,pg_bytea,5,03-02-04-01-02-02-19_r05.wav,561888,0.016514,1,
write,write,,,audio_medium,polyglot,5,03-02-04-02-02-02-05_r05.wav,526650,0.007923,1,
write,write,,,audio_medium,pg_bytea,5,03-02-04-02-02-02-05_r05.wav,526650,0.012675,1,
write,write,,,audio_medium,mongo_gridfs,5,03-02-04-02-02-02-05_r05.wav,526650,0.006756,1,
write,write,,,audio_medium,pg_bytea,5,03-02-04-02-02-02-06_r05.wav,526650,0.012922,1,
write,write,,,audio_medium,polyglot,5,03-02-04-02-02-02-06_r05.wav,526650,0.008014,1,
write,write,,,audio_medium,mongo_gridfs,5,03-02-04-02-02-02-06_r05.wav,526650,0.006626,1,
write,write,,,audio_medium,pg_bytea,5,03-02-04-02-02-02-07_r05.wav,561888,0.015794,1,
write,write,,,audio_medium,polyglot,5,03-02-04-02-02-02-07_r05.wav,561888,0.007815,1,
write,write,,,audio_medium,mongo_gridfs,5,03-02-04-02-02-02-07_r05.wav,561888,0.006554,1,
write,write,,,audio_medium,pg_bytea,5,03-02-04-02-02-02-11_r05.wav,561888,0.014394,1,
write,write,,,audio_medium,polyglot,5,03-02-04-02-02-02-11_r05.wav,561888,0.008809,1,
write,write,,,audio_medium,mongo_gridfs,5,03-02-04-02-02-02-11_r05.wav,561888,0.006803,1,
write,write,,,audio_medium,pg_bytea,5,03-02-04-02-02-02-12_r05.wav,523448,0.014164,1,
write,write,,,audio_medium,mongo_gridfs,5,03-02-04-02-02-02-12_r05.wav,523448,0.006381,1,
write,write,,,audio_medium,polyglot,5,03-02-04-02-02-02-12_r05.wav,523448,0.006523,1,
write,write,,,audio_medium,polyglot,5,03-02-04-02-02-02-13_r05.wav,533056,0.007603,1,
write,write,,,audio_medium,mongo_gridfs,5,03-02-04-02-02-02-13_r05.wav,533056,0.006327,1,
write,write,,,audio_medium,pg_bytea,5,03-02-04-02-02-02-13_r05.wav,533056,0.013089,1,
write,write,,,audio_medium,pg_bytea,5,03-02-05-01-02-01-06_r05.wav,561882,0.015707,1,
write,write,,,audio_medium,mongo_gridfs,5,03-02-05-01-02-01-06_r05.wav,561882,0.008529,1,
write,write,,,audio_medium,polyglot,5,03-02-05-01-02-01-06_r05.wav,561882,0.013827,1,
write,write,,,audio_medium,mongo_gridfs,5,03-02-05-01-02-01-07_r05.wav,520242,0.006028,1,
write,write,,,audio_medium,polyglot,5,03-02-05-01-02-01-07_r05.wav,520242,0.007108,1,
write,write,,,audio_medium,pg_bytea,5,03-02-05-01-02-01-07_r05.wav,520242,0.013226,1,
write,write,,,audio_medium,mongo_gridfs,5,03-02-05-01-02-01-12_r05.wav,520242,0.008677,1,
write,write,,,audio_medium,polyglot,5,03-02-05-01-02-01-12_r05.wav,520242,0.007423,1,
write,write,,,audio_medium,pg_bytea,5,03-02-05-01-02-01-12_r05.wav,520242,0.014107,1,
write,write,,,audio_medium,mongo_gridfs,5,03-02-05-01-02-01-13_r05.wav,561888,0.007159,1,
write,write,,,audio_medium,pg_bytea,5,03-02-05-01-02-01-13_r05.wav,561888,0.014422,1,
write,write,,,audio_medium,polyglot,5,03-02-05-01-02-01-13_r05.wav,561888,0.008426,1,
write,write,,,audio_medium,polyglot,5,03-02-05-02-01-01-05_r05.wav,539464,0.007345,1,
write,write,,,audio_medium,pg_bytea,5,03-02-05-02-01-01-05_r05.wav,539464,0.014559,1,
write,write,,,audio_medium,mongo_gridfs,5,03-02-05-02-01-01-05_r05.wav,539464,0.009271,1,
write,write,,,audio_medium,polyglot,5,03-02-05-02-01-01-06_r05.wav,561888,0.039844,1,
write,write,,,audio_medium,mongo_gridfs,5,03-02-05-02-01-01-06_r05.wav,561888,0.007219,1,
write,write,,,audio_medium,pg_bytea,5,03-02-05-02-01-01-06_r05.wav,561888,0.015017,1,
write,write,,,audio_medium,mongo_gridfs,5,03-02-05-02-01-01-07_r05.wav,533056,0.006524,1,
write,write,,,audio_medium,polyglot,5,03-02-05-02-01-01-07_r05.wav,533056,0.006863,1,
write,write,,,audio_medium,pg_bytea,5,03-02-05-02-01-01-07_r05.wav,533056,0.012799,1,
write,write,,,audio_medium,mongo_gridfs,5,03-02-05-02-01-01-11_r05.wav,561888,0.006671,1,
write,write,,,audio_medium,pg_bytea,5,03-02-05-02-01-01-11_r05.wav,561888,0.013439,1,
write,write,,,audio_medium,polyglot,5,03-02-05-02-01-01-11_r05.wav,561888,0.007223,1,
write,write,,,audio_medium,polyglot,5,03-02-05-02-01-01-12_r05.wav,533056,0.007428,1,
write,write,,,audio_medium,pg_bytea,5,03-02-05-02-01-01-12_r05.wav,533056,0.020062,1,
write,write,,,audio_medium,mongo_gridfs,5,03-02-05-02-01-01-12_r05.wav,533056,0.007382,1,
write,write,,,audio_medium,polyglot,5,03-02-05-02-01-01-13_r05.wav,526650,0.010807,1,
write,write,,,audio_medium,mongo_gridfs,5,03-02-05-02-01-01-13_r05.wav,526650,0.006303,1,
write,write,,,audio_medium,pg_bytea,5,03-02-05-02-01-01-13_r05.wav,526650,0.014594,1,
write,write,,,video_small,mongo_gridfs,5,01-01-01-01-01-01-22_r05.mp4,5457041,0.044131,1,
write,write,,,video_small,polyglot,5,01-01-01-01-01-01-22_r05.mp4,5457041,0.044901,1,
write,write,,,video_small,pg_bytea,5,01-01-01-01-01-01-22_r05.mp4,5457041,0.161587,1,
write,write,,,video_small,mongo_gridfs,5,01-01-01-01-01-02-01_r05.mp4,5457041,0.047458,1,
write,write,,,video_small,pg_bytea,5,01-01-01-01-01-02-01_r05.mp4,5457041,0.148172,1,
write,write,,,video_small,polyglot,5,01-01-01-01-01-02-01_r05.mp4,5457041,0.057793,1,
write,write,,,video_small,polyglot,5,01-01-01-01-01-02-15_r05.mp4,5457041,0.147861,1,
write,write,,,video_small,pg_bytea,5,01-01-01-01-01-02-15_r05.mp4,5457041,0.134793,1,
write,write,,,video_small,mongo_gridfs,5,01-01-01-01-01-02-15_r05.mp4,5457041,0.042534,1,
write,write,,,video_small,pg_bytea,5,01-01-01-01-02-01-06_r05.mp4,5457041,0.148137,1,
write,write,,,video_small,mongo_gridfs,5,01-01-01-01-02-01-06_r05.mp4,5457041,0.045669,1,
write,write,,,video_small,polyglot,5,01-01-01-01-02-01-06_r05.mp4,5457041,0.063996,1,
write,write,,,video_small,mongo_gridfs,5,01-01-01-01-02-01-13_r05.mp4,5457041,0.046777,1,
write,write,,,video_small,pg_bytea,5,01-01-01-01-02-01-13_r05.mp4,5457041,0.149361,1,
write,write,,,video_small,polyglot,5,01-01-01-01-02-01-13_r05.mp4,5457041,0.048385,1,
write,write,,,video_small,polyglot,5,01-01-01-01-02-01-14_r05.mp4,5457041,0.066441,1,
write,write,,,video_small,mongo_gridfs,5,01-01-01-01-02-01-14_r05.mp4,5457041,0.041888,1,
write,write,,,video_small,pg_bytea,5,01-01-01-01-02-01-14_r05.mp4,5457041,0.147727,1,
write,write,,,video_small,mongo_gridfs,5,01-01-01-01-02-02-09_r05.mp4,5498397,0.048324,1,
write,write,,,video_small,polyglot,5,01-01-01-01-02-02-09_r05.mp4,5498397,0.108312,1,
write,write,,,video_small,pg_bytea,5,01-01-01-01-02-02-09_r05.mp4,5498397,0.174581,1,
write,write,,,video_small,pg_bytea,5,01-01-01-02-01-01-01_r05.mp4,5498397,0.134865,1,
write,write,,,video_small,mongo_gridfs,5,01-01-01-02-01-01-01_r05.mp4,5498397,0.046606,1,
write,write,,,video_small,polyglot,5,01-01-01-02-01-01-01_r05.mp4,5498397,0.046643,1,
write,write,,,video_small,pg_bytea,5,01-01-01-02-01-01-05_r05.mp4,5457041,0.138579,1,
write,write,,,video_small,polyglot,5,01-01-01-02-01-01-05_r05.mp4,5457041,0.042914,1,
write,write,,,video_small,mongo_gridfs,5,01-01-01-02-01-01-05_r05.mp4,5457041,0.048095,1,
write,write,,,video_small,mongo_gridfs,5,01-01-01-02-01-01-15_r05.mp4,5457041,0.046987,1,
write,write,,,video_small,pg_bytea,5,01-01-01-02-01-01-15_r05.mp4,5457041,0.135337,1,
write,write,,,video_small,polyglot,5,01-01-01-02-01-01-15_r05.mp4,5457041,0.046972,1,
write,write,,,video_small,polyglot,5,01-01-01-02-02-01-18_r05.mp4,5457041,0.049285,1,
write,write,,,video_small,pg_bytea,5,01-01-01-02-02-01-18_r05.mp4,5457041,0.214151,1,
write,write,,,video_small,mongo_gridfs,5,01-01-01-02-02-01-18_r05.mp4,5457041,0.059137,1,
write,write,,,video_small,mongo_gridfs,5,01-01-01-02-02-01-19_r05.mp4,5457041,0.048878,1,
write,write,,,video_small,polyglot,5,01-01-01-02-02-01-19_r05.mp4,5457041,0.045874,1,
write,write,,,video_small,pg_bytea,5,01-01-01-02-02-01-19_r05.mp4,5457041,0.159925,1,
write,write,,,video_small,mongo_gridfs,5,01-01-02-01-01-02-09_r05.mp4,5498397,0.043105,1,
write,write,,,video_small,pg_bytea,5,01-01-02-01-01-02-09_r05.mp4,5498397,0.137451,1,
write,write,,,video_small,polyglot,5,01-01-02-01-01-02-09_r05.mp4,5498397,0.043254,1,
write,write,,,video_small,mongo_gridfs,5,01-01-02-01-01-02-18_r05.mp4,5498397,0.041170,1,
write,write,,,video_small,pg_bytea,5,01-01-02-01-01-02-18_r05.mp4,5498397,0.149084,1,
write,write,,,video_small,polyglot,5,01-01-02-01-01-02-18_r05.mp4,5498397,0.050962,1,
write,write,,,video_small,pg_bytea,5,01-01-02-01-01-02-23_r05.mp4,5498397,0.146122,1,
write,write,,,video_small,mongo_gridfs,5,01-01-02-01-01-02-23_r05.mp4,5498397,0.042247,1,
write,write,,,video_small,polyglot,5,01-01-02-01-01-02-23_r05.mp4,5498397,0.046097,1,
write,write,,,video_small,mongo_gridfs,5,01-01-02-01-02-01-09_r05.mp4,5498397,0.061994,1,
write,write,,,video_small,polyglot,5,01-01-02-01-02-01-09_r05.mp4,5498397,0.047313,1,
write,write,,,video_small,pg_bytea,5,01-01-02-01-02-01-09_r05.mp4,5498397,0.135027,1,
write,write,,,video_small,polyglot,5,01-01-02-01-02-02-01_r05.mp4,5498397,0.047454,1,
write,write,,,video_small,pg_bytea,5,01-01-02-01-02-02-01_r05.mp4,5498397,0.163189,1,
write,write,,,video_small,mongo_gridfs,5,01-01-02-01-02-02-01_r05.mp4,5498397,0.048011,1,
write,write,,,video_small,mongo_gridfs,5,01-01-02-01-02-02-03_r05.mp4,5498397,0.046711,1,
write,write,,,video_small,pg_bytea,5,01-01-02-01-02-02-03_r05.mp4,5498397,0.141237,1,
write,write,,,video_small,polyglot,5,01-01-02-01-02-02-03_r05.mp4,5498397,0.056119,1,
write,write,,,video_small,pg_bytea,5,01-01-02-02-01-02-02_r05.mp4,5498397,0.134201,1,
write,write,,,video_small,polyglot,5,01-01-02-02-01-02-02_r05.mp4,5498397,0.046244,1,
write,write,,,video_small,mongo_gridfs,5,01-01-02-02-01-02-02_r05.mp4,5498397,0.042264,1,
write,write,,,video_small,polyglot,5,01-01-02-02-01-02-03_r05.mp4,5498397,0.117435,1,
write,write,,,video_small,mongo_gridfs,5,01-01-02-02-01-02-03_r05.mp4,5498397,0.044363,1,
write,write,,,video_small,pg_bytea,5,01-01-02-02-01-02-03_r05.mp4,5498397,0.131557,1,
write,write,,,video_small,mongo_gridfs,5,01-01-02-02-01-02-05_r05.mp4,5498397,0.041846,1,
write,write,,,video_small,pg_bytea,5,01-01-02-02-01-02-05_r05.mp4,5498397,0.139276,1,
write,write,,,video_small,polyglot,5,01-01-02-02-01-02-05_r05.mp4,5498397,0.041803,1,
write,write,,,video_small,pg_bytea,5,01-01-02-02-01-02-10_r05.mp4,5457041,0.134044,1,
write,write,,,video_small,mongo_gridfs,5,01-01-02-02-01-02-10_r05.mp4,5457041,0.042723,1,
write,write,,,video_small,polyglot,5,01-01-02-02-01-02-10_r05.mp4,5457041,0.054026,1,
write,write,,,video_small,polyglot,5,01-01-02-02-01-02-13_r05.mp4,5457041,0.052538,1,
write,write,,,video_small,mongo_gridfs,5,01-01-02-02-01-02-13_r05.mp4,5457041,0.046413,1,
write,write,,,video_small,pg_bytea,5,01-01-02-02-01-02-13_r05.mp4,5457041,0.131376,1,
write,write,,,video_small,polyglot,5,01-01-02-02-01-02-17_r05.mp4,5457041,0.049662,1,
write,write,,,video_small,mongo_gridfs,5,01-01-02-02-01-02-17_r05.mp4,5457041,0.047724,1,
write,write,,,video_small,pg_bytea,5,01-01-02-02-01-02-17_r05.mp4,5457041,0.144854,1,
write,write,,,video_small,mongo_gridfs,5,01-01-02-02-02-02-18_r05.mp4,5457041,0.040565,1,
write,write,,,video_small,pg_bytea,5,01-01-02-02-02-02-18_r05.mp4,5457041,0.133480,1,
write,write,,,video_small,polyglot,5,01-01-02-02-02-02-18_r05.mp4,5457041,0.042570,1,
write,write,,,video_small,pg_bytea,5,01-01-02-02-02-02-19_r05.mp4,5457041,0.136133,1,
write,write,,,video_small,mongo_gridfs,5,01-01-02-02-02-02-19_r05.mp4,5457041,0.047686,1,
write,write,,,video_small,polyglot,5,01-01-02-02-02-02-19_r05.mp4,5457041,0.043008,1,
write,write,,,video_small,pg_bytea,5,01-01-02-02-02-02-21_r05.mp4,5498397,0.143453,1,
write,write,,,video_small,mongo_gridfs,5,01-01-02-02-02-02-21_r05.mp4,5498397,0.043855,1,
write,write,,,video_small,polyglot,5,01-01-02-02-02-02-21_r05.mp4,5498397,0.078630,1,
write,write,,,video_small,pg_bytea,5,01-01-02-02-02-02-22_r05.mp4,5457041,0.129690,1,
write,write,,,video_small,polyglot,5,01-01-02-02-02-02-22_r05.mp4,5457041,0.071546,1,
write,write,,,video_small,mongo_gridfs,5,01-01-02-02-02-02-22_r05.mp4,5457041,0.045325,1,
write,write,,,video_small,polyglot,5,01-01-02-02-02-02-23_r05.mp4,5457041,0.042881,1,
write,write,,,video_small,pg_bytea,5,01-01-02-02-02-02-23_r05.mp4,5457041,0.131612,1,
write,write,,,video_small,mongo_gridfs,5,01-01-02-02-02-02-23_r05.mp4,5457041,0.042963,1,
write,write,,,video_small,pg_bytea,5,01-01-03-01-01-01-12_r05.mp4,5457041,0.135808,1,
write,write,,,video_small,mongo_gridfs,5,01-01-03-01-01-01-12_r05.mp4,5457041,0.062849,1,
write,write,,,video_small,polyglot,5,01-01-03-01-01-01-12_r05.mp4,5457041,0.108971,1,
write,write,,,video_small,pg_bytea,5,01-01-03-01-01-01-15_r05.mp4,5457041,0.165820,1,
write,write,,,video_small,mongo_gridfs,5,01-01-03-01-01-01-15_r05.mp4,5457041,0.047106,1,
write,write,,,video_small,polyglot,5,01-01-03-01-01-01-15_r05.mp4,5457041,0.044420,1,
write,write,,,video_small,pg_bytea,5,01-01-03-01-02-01-08_r05.mp4,5498397,0.141996,1,
write,write,,,video_small,polyglot,5,01-01-03-01-02-01-08_r05.mp4,5498397,0.043413,1,
write,write,,,video_small,mongo_gridfs,5,01-01-03-01-02-01-08_r05.mp4,5498397,0.041399,1,
write,write,,,video_small,mongo_gridfs,5,01-01-03-01-02-01-21_r05.mp4,5498397,0.039494,1,
write,write,,,video_small,pg_bytea,5,01-01-03-01-02-01-21_r05.mp4,5498397,0.138106,1,
write,write,,,video_small,polyglot,5,01-01-03-01-02-01-21_r05.mp4,5498397,0.043566,1,
write,write,,,video_small,pg_bytea,5,01-01-03-02-01-01-21_r05.mp4,5457041,0.133332,1,
write,write,,,video_small,mongo_gridfs,5,01-01-03-02-01-01-21_r05.mp4,5457041,0.041370,1,
write,write,,,video_small,polyglot,5,01-01-03-02-01-01-21_r05.mp4,5457041,0.048687,1,
write,write,,,video_small,pg_bytea,5,01-01-03-02-01-01-24_r05.mp4,5457041,0.130340,1,
write,write,,,video_small,mongo_gridfs,5,01-01-03-02-01-01-24_r05.mp4,5457041,0.043323,1,
write,write,,,video_small,polyglot,5,01-01-03-02-01-01-24_r05.mp4,5457041,0.045007,1,
write,write,,,video_small,polyglot,5,01-01-03-02-01-02-01_r05.mp4,5457041,0.047682,1,
write,write,,,video_small,mongo_gridfs,5,01-01-03-02-01-02-01_r05.mp4,5457041,0.052898,1,
write,write,,,video_small,pg_bytea,5,01-01-03-02-01-02-01_r05.mp4,5457041,0.147473,1,
write,write,,,video_small,pg_bytea,5,01-01-03-02-01-02-15_r05.mp4,5457041,0.146646,1,
write,write,,,video_small,mongo_gridfs,5,01-01-03-02-01-02-15_r05.mp4,5457041,0.041688,1,
write,write,,,video_small,polyglot,5,01-01-03-02-01-02-15_r05.mp4,5457041,0.042715,1,
write,write,,,video_small,polyglot,5,01-01-03-02-02-01-05_r05.mp4,5457041,0.044716,1,
write,write,,,video_small,pg_bytea,5,01-01-03-02-02-01-05_r05.mp4,5457041,0.144248,1,
write,write,,,video_small,mongo_gridfs,5,01-01-03-02-02-01-05_r05.mp4,5457041,0.065332,1,
write,write,,,video_small,pg_bytea,5,01-01-03-02-02-01-12_r05.mp4,5457041,0.186654,1,
write,write,,,video_small,polyglot,5,01-01-03-02-02-01-12_r05.mp4,5457041,0.051257,1,
write,write,,,video_small,mongo_gridfs,5,01-01-03-02-02-01-12_r05.mp4,5457041,0.052214,1,
write,write,,,video_small,polyglot,5,01-01-03-02-02-01-15_r05.mp4,5498397,0.252984,1,
write,write,,,video_small,mongo_gridfs,5,01-01-03-02-02-01-15_r05.mp4,5498397,0.288296,1,
write,write,,,video_small,pg_bytea,5,01-01-03-02-02-01-15_r05.mp4,5498397,0.156844,1,
write,write,,,video_small,pg_bytea,5,01-01-04-01-01-01-03_r05.mp4,5457041,0.563411,1,
write,write,,,video_small,mongo_gridfs,5,01-01-04-01-01-01-03_r05.mp4,5457041,0.052143,1,
write,write,,,video_small,polyglot,5,01-01-04-01-01-01-03_r05.mp4,5457041,0.129014,1,
write,write,,,video_small,mongo_gridfs,5,01-01-04-01-01-01-05_r05.mp4,5498397,0.045043,1,
write,write,,,video_small,polyglot,5,01-01-04-01-01-01-05_r05.mp4,5498397,0.047691,1,
write,write,,,video_small,pg_bytea,5,01-01-04-01-01-01-05_r05.mp4,5498397,0.153372,1,
write,write,,,video_small,polyglot,5,01-01-04-01-01-01-10_r05.mp4,5457041,0.047846,1,
write,write,,,video_small,pg_bytea,5,01-01-04-01-01-01-10_r05.mp4,5457041,0.138911,1,
write,write,,,video_small,mongo_gridfs,5,01-01-04-01-01-01-10_r05.mp4,5457041,0.044899,1,
write,write,,,video_small,pg_bytea,5,01-01-04-01-01-01-16_r05.mp4,5457041,0.137527,1,
write,write,,,video_small,mongo_gridfs,5,01-01-04-01-01-01-16_r05.mp4,5457041,0.041883,1,
write,write,,,video_small,polyglot,5,01-01-04-01-01-01-16_r05.mp4,5457041,0.044910,1,
write,write,,,video_small,pg_bytea,5,01-01-04-01-02-01-19_r05.mp4,5498397,0.139877,1,
write,write,,,video_small,polyglot,5,01-01-04-01-02-01-19_r05.mp4,5498397,0.048564,1,
write,write,,,video_small,mongo_gridfs,5,01-01-04-01-02-01-19_r05.mp4,5498397,0.046512,1,
write,write,,,video_small,pg_bytea,5,01-01-04-01-02-01-21_r05.mp4,5498397,0.138115,1,
write,write,,,video_small,mongo_gridfs,5,01-01-04-01-02-01-21_r05.mp4,5498397,0.045797,1,
write,write,,,video_small,polyglot,5,01-01-04-01-02-01-21_r05.mp4,5498397,0.045649,1,
write,write,,,video_small,polyglot,5,01-01-04-01-02-01-22_r05.mp4,5498397,0.055191,1,
write,write,,,video_small,mongo_gridfs,5,01-01-04-01-02-01-22_r05.mp4,5498397,0.042237,1,
write,write,,,video_small,pg_bytea,5,01-01-04-01-02-01-22_r05.mp4,5498397,0.144000,1,
write,write,,,video_small,pg_bytea,5,01-01-04-02-01-01-18_r05.mp4,5498397,0.139137,1,
write,write,,,video_small,mongo_gridfs,5,01-01-04-02-01-01-18_r05.mp4,5498397,0.041516,1,
write,write,,,video_small,polyglot,5,01-01-04-02-01-01-18_r05.mp4,5498397,0.045462,1,
write,write,,,video_small,mongo_gridfs,5,01-01-04-02-01-01-19_r05.mp4,5498397,0.049141,1,
write,write,,,video_small,pg_bytea,5,01-01-04-02-01-01-19_r05.mp4,5498397,0.145373,1,
write,write,,,video_small,polyglot,5,01-01-04-02-01-01-19_r05.mp4,5498397,0.054161,1,
write,write,,,video_small,pg_bytea,5,01-01-04-02-02-01-02_r05.mp4,5498397,0.142194,1,
write,write,,,video_small,mongo_gridfs,5,01-01-04-02-02-01-02_r05.mp4,5498397,0.054586,1,
write,write,,,video_small,polyglot,5,01-01-04-02-02-01-02_r05.mp4,5498397,0.047404,1,
write,write,,,video_small,polyglot,5,01-01-04-02-02-01-05_r05.mp4,5498397,0.088278,1,
write,write,,,video_small,pg_bytea,5,01-01-04-02-02-01-05_r05.mp4,5498397,0.141010,1,
write,write,,,video_small,mongo_gridfs,5,01-01-04-02-02-01-05_r05.mp4,5498397,0.040651,1,
write,write,,,video_small,pg_bytea,5,01-01-04-02-02-01-06_r05.mp4,5498397,0.133180,1,
write,write,,,video_small,polyglot,5,01-01-04-02-02-01-06_r05.mp4,5498397,0.046888,1,
write,write,,,video_small,mongo_gridfs,5,01-01-04-02-02-01-06_r05.mp4,5498397,0.046558,1,
write,write,,,video_small,polyglot,5,01-01-04-02-02-01-13_r05.mp4,5498397,0.053208,1,
write,write,,,video_small,pg_bytea,5,01-01-04-02-02-01-13_r05.mp4,5498397,0.226724,1,
write,write,,,video_small,mongo_gridfs,5,01-01-04-02-02-01-13_r05.mp4,5498397,0.049801,1,
write,write,,,video_small,mongo_gridfs,5,01-01-04-02-02-01-17_r05.mp4,5498397,0.044865,1,
write,write,,,video_small,pg_bytea,5,01-01-04-02-02-01-17_r05.mp4,5498397,0.135617,1,
write,write,,,video_small,polyglot,5,01-01-04-02-02-01-17_r05.mp4,5498397,0.050953,1,
write,write,,,video_small,polyglot,5,01-01-04-02-02-02-19_r05.mp4,5498397,0.164659,1,
write,write,,,video_small,mongo_gridfs,5,01-01-04-02-02-02-19_r05.mp4,5498397,0.042749,1,
write,write,,,video_small,pg_bytea,5,01-01-04-02-02-02-19_r05.mp4,5498397,0.134591,1,
write,write,,,video_small,mongo_gridfs,5,01-01-05-01-01-02-09_r05.mp4,5498397,0.045600,1,
write,write,,,video_small,pg_bytea,5,01-01-05-01-01-02-09_r05.mp4,5498397,0.134553,1,
write,write,,,video_small,polyglot,5,01-01-05-01-01-02-09_r05.mp4,5498397,0.046732,1,
write,write,,,video_small,polyglot,5,01-01-05-01-01-02-19_r05.mp4,5498397,0.175446,1,
write,write,,,video_small,mongo_gridfs,5,01-01-05-01-01-02-19_r05.mp4,5498397,0.042666,1,
write,write,,,video_small,pg_bytea,5,01-01-05-01-01-02-19_r05.mp4,5498397,0.142107,1,
write,write,,,video_small,polyglot,5,01-01-05-01-01-02-21_r05.mp4,5457041,0.048085,1,
write,write,,,video_small,pg_bytea,5,01-01-05-01-01-02-21_r05.mp4,5457041,0.149070,1,
write,write,,,video_small,mongo_gridfs,5,01-01-05-01-01-02-21_r05.mp4,5457041,0.046231,1,
write,write,,,video_small,polyglot,5,01-01-05-01-02-01-19_r05.mp4,5457041,0.057707,1,
write,write,,,video_small,pg_bytea,5,01-01-05-01-02-01-19_r05.mp4,5457041,0.127383,1,
write,write,,,video_small,mongo_gridfs,5,01-01-05-01-02-01-19_r05.mp4,5457041,0.057451,1,
write,write,,,video_small,polyglot,5,01-01-05-01-02-02-04_r05.mp4,5457041,0.051770,1,
write,write,,,video_small,pg_bytea,5,01-01-05-01-02-02-04_r05.mp4,5457041,0.201249,1,
write,write,,,video_small,mongo_gridfs,5,01-01-05-01-02-02-04_r05.mp4,5457041,0.047884,1,
write,write,,,video_small,mongo_gridfs,5,01-01-05-01-02-02-05_r05.mp4,5498397,0.047794,1,
write,write,,,video_small,pg_bytea,5,01-01-05-01-02-02-05_r05.mp4,5498397,0.173989,1,
write,write,,,video_small,polyglot,5,01-01-05-01-02-02-05_r05.mp4,5498397,0.051188,1,
write,write,,,video_small,polyglot,5,01-01-05-02-01-02-04_r05.mp4,5457041,0.053895,1,
write,write,,,video_small,mongo_gridfs,5,01-01-05-02-01-02-04_r05.mp4,5457041,0.045506,1,
write,write,,,video_small,pg_bytea,5,01-01-05-02-01-02-04_r05.mp4,5457041,0.148037,1,
write,write,,,video_small,pg_bytea,5,01-01-05-02-01-02-12_r05.mp4,5457041,0.139532,1,
write,write,,,video_small,mongo_gridfs,5,01-01-05-02-01-02-12_r05.mp4,5457041,0.040260,1,
write,write,,,video_small,polyglot,5,01-01-05-02-01-02-12_r05.mp4,5457041,0.048392,1,
write,write,,,video_small,mongo_gridfs,5,01-01-05-02-01-02-14_r05.mp4,5457041,0.043664,1,
write,write,,,video_small,pg_bytea,5,01-01-05-02-01-02-14_r05.mp4,5457041,0.148268,1,
write,write,,,video_small,polyglot,5,01-01-05-02-01-02-14_r05.mp4,5457041,0.052868,1,
write,write,,,video_small,pg_bytea,5,01-01-05-02-02-02-19_r05.mp4,5498397,0.143310,1,
write,write,,,video_small,mongo_gridfs,5,01-01-05-02-02-02-19_r05.mp4,5498397,0.055331,1,
write,write,,,video_small,polyglot,5,01-01-05-02-02-02-19_r05.mp4,5498397,0.045760,1,
write,write,,,video_small,pg_bytea,5,01-01-05-02-02-02-20_r05.mp4,5498397,0.262414,1,
write,write,,,video_small,mongo_gridfs,5,01-01-05-02-02-02-20_r05.mp4,5498397,0.046648,1,
write,write,,,video_small,polyglot,5,01-01-05-02-02-02-20_r05.mp4,5498397,0.093691,1,
write,write,,,video_small,polyglot,5,01-01-05-02-02-02-23_r05.mp4,5498397,0.044644,1,
write,write,,,video_small,mongo_gridfs,5,01-01-05-02-02-02-23_r05.mp4,5498397,0.047085,1,
write,write,,,video_small,pg_bytea,5,01-01-05-02-02-02-23_r05.mp4,5498397,0.300258,1,
write,write,,,video_small,polyglot,5,01-01-06-01-01-01-08_r05.mp4,5457041,0.045460,1,
write,write,,,video_small,mongo_gridfs,5,01-01-06-01-01-01-08_r05.mp4,5457041,0.047310,1,
write,write,,,video_small,pg_bytea,5,01-01-06-01-01-01-08_r05.mp4,5457041,0.361454,1,
write,write,,,video_small,mongo_gridfs,5,01-01-06-01-01-01-19_r05.mp4,5457041,0.045945,1,
write,write,,,video_small,polyglot,5,01-01-06-01-01-01-19_r05.mp4,5457041,0.086627,1,
write,write,,,video_small,pg_bytea,5,01-01-06-01-01-01-19_r05.mp4,5457041,0.144976,1,
write,write,,,video_small,mongo_gridfs,5,01-01-06-01-01-01-24_r05.mp4,5498397,0.043578,1,
write,write,,,video_small,polyglot,5,01-01-06-01-01-01-24_r05.mp4,5498397,0.041399,1,
write,write,,,video_small,pg_bytea,5,01-01-06-01-01-01-24_r05.mp4,5498397,0.149715,1,
write,write,,,video_medium,mongo_gridfs,5,tsinghua_v_0024_r05.mp4,13091522,0.098136,1,
write,write,,,video_medium,polyglot,5,tsinghua_v_0024_r05.mp4,13091522,0.290695,1,
write,write,,,video_medium,pg_bytea,5,tsinghua_v_0024_r05.mp4,13091522,0.347969,1,
write,write,,,video_medium,polyglot,5,tsinghua_v_0046_r05.mp4,13091522,0.181037,1,
write,write,,,video_medium,pg_bytea,5,tsinghua_v_0046_r05.mp4,13091522,0.320925,1,
write,write,,,video_medium,mongo_gridfs,5,tsinghua_v_0046_r05.mp4,13091522,0.106011,1,
write,write,,,video_medium,mongo_gridfs,5,tsinghua_v_0076_r05.mp4,13091522,0.113997,1,
write,write,,,video_medium,pg_bytea,5,tsinghua_v_0076_r05.mp4,13091522,0.725913,1,
write,write,,,video_medium,polyglot,5,tsinghua_v_0076_r05.mp4,13091522,0.161562,1,
write,write,,,video_medium,pg_bytea,5,tsinghua_v_0080_r05.mp4,13091522,0.377835,1,
write,write,,,video_medium,polyglot,5,tsinghua_v_0080_r05.mp4,13091522,0.117209,1,
write,write,,,video_medium,mongo_gridfs,5,tsinghua_v_0080_r05.mp4,13091522,0.102256,1,
write,write,,,video_medium,mongo_gridfs,5,tsinghua_v_0109_r05.mp4,13091522,0.117851,1,
write,write,,,video_medium,polyglot,5,tsinghua_v_0109_r05.mp4,13091522,0.478614,1,
write,write,,,video_medium,pg_bytea,5,tsinghua_v_0109_r05.mp4,13091522,0.567889,1,
write,write,,,video_medium,polyglot,5,tsinghua_v_0123_r05.mp4,13091522,0.257120,1,
write,write,,,video_medium,pg_bytea,5,tsinghua_v_0123_r05.mp4,13091522,0.344206,1,
write,write,,,video_medium,mongo_gridfs,5,tsinghua_v_0123_r05.mp4,13091522,0.117134,1,
write,write,,,video_medium,pg_bytea,5,tsinghua_v_0130_r05.mp4,13091522,0.613309,1,
write,write,,,video_medium,mongo_gridfs,5,tsinghua_v_0130_r05.mp4,13091522,0.100939,1,
write,write,,,video_medium,polyglot,5,tsinghua_v_0130_r05.mp4,13091522,0.114916,1,
write,write,,,video_medium,mongo_gridfs,5,tsinghua_v_0135_r05.mp4,13091522,0.102196,1,
write,write,,,video_medium,pg_bytea,5,tsinghua_v_0135_r05.mp4,13091522,0.315545,1,
write,write,,,video_medium,polyglot,5,tsinghua_v_0135_r05.mp4,13091522,0.111176,1,
write,write,,,video_medium,pg_bytea,5,tsinghua_v_0137_r05.mp4,13091522,0.321756,1,
write,write,,,video_medium,polyglot,5,tsinghua_v_0137_r05.mp4,13091522,0.149860,1,
write,write,,,video_medium,mongo_gridfs,5,tsinghua_v_0137_r05.mp4,13091522,0.105044,1,
write,write,,,video_medium,polyglot,5,tsinghua_v_0140_r05.mp4,13091522,0.437570,1,
write,write,,,video_medium,pg_bytea,5,tsinghua_v_0140_r05.mp4,13091522,0.326479,1,
write,write,,,video_medium,mongo_gridfs,5,tsinghua_v_0140_r05.mp4,13091522,0.113090,1,
write,write,,,video_medium,pg_bytea,5,tsinghua_v_0151_r05.mp4,13091522,0.559433,1,
write,write,,,video_medium,polyglot,5,tsinghua_v_0151_r05.mp4,13091522,0.213617,1,
write,write,,,video_medium,mongo_gridfs,5,tsinghua_v_0151_r05.mp4,13091522,0.117429,1,
write,write,,,video_medium,polyglot,5,tsinghua_v_0157_r05.mp4,13091522,0.179606,1,
write,write,,,video_medium,pg_bytea,5,tsinghua_v_0157_r05.mp4,13091522,0.837824,1,
write,write,,,video_medium,mongo_gridfs,5,tsinghua_v_0157_r05.mp4,13091522,0.110502,1,
write,write,,,video_medium,pg_bytea,5,tsinghua_v_0209_r05.mp4,13091522,0.338679,1,
write,write,,,video_medium,mongo_gridfs,5,tsinghua_v_0209_r05.mp4,13091522,0.102672,1,
write,write,,,video_medium,polyglot,5,tsinghua_v_0209_r05.mp4,13091522,0.146744,1,
write,write,,,video_medium,mongo_gridfs,5,tsinghua_v_0226_r05.mp4,13091522,0.105238,1,
write,write,,,video_medium,polyglot,5,tsinghua_v_0226_r05.mp4,13091522,0.106970,1,
write,write,,,video_medium,pg_bytea,5,tsinghua_v_0226_r05.mp4,13091522,0.312628,1,
write,write,,,video_medium,polyglot,5,tsinghua_v_0236_r05.mp4,13091522,0.101852,1,
write,write,,,video_medium,pg_bytea,5,tsinghua_v_0236_r05.mp4,13091522,0.425372,1,
write,write,,,video_medium,mongo_gridfs,5,tsinghua_v_0236_r05.mp4,13091522,0.117102,1,
write,write,,,video_medium,pg_bytea,5,tsinghua_v_0274_r05.mp4,13091522,0.370468,1,
write,write,,,video_medium,polyglot,5,tsinghua_v_0274_r05.mp4,13091522,0.107082,1,
write,write,,,video_medium,mongo_gridfs,5,tsinghua_v_0274_r05.mp4,13091522,0.104324,1,
write,write,,,video_medium,mongo_gridfs,5,tsinghua_v_0280_r05.mp4,13091522,0.108329,1,
write,write,,,video_medium,pg_bytea,5,tsinghua_v_0280_r05.mp4,13091522,0.407709,1,
write,write,,,video_medium,polyglot,5,tsinghua_v_0280_r05.mp4,13091522,0.103276,1,
write,write,,,video_medium,pg_bytea,5,tsinghua_v_0302_r05.mp4,13091522,0.382427,1,
write,write,,,video_medium,mongo_gridfs,5,tsinghua_v_0302_r05.mp4,13091522,0.104665,1,
write,write,,,video_medium,polyglot,5,tsinghua_v_0302_r05.mp4,13091522,0.129491,1,
write,write,,,video_medium,polyglot,5,tsinghua_v_0311_r05.mp4,13091522,0.280364,1,
write,write,,,video_medium,mongo_gridfs,5,tsinghua_v_0311_r05.mp4,13091522,0.107990,1,
write,write,,,video_medium,pg_bytea,5,tsinghua_v_0311_r05.mp4,13091522,0.337459,1,
write,write,,,video_medium,mongo_gridfs,5,tsinghua_v_0316_r05.mp4,13091522,0.099651,1,
write,write,,,video_medium,pg_bytea,5,tsinghua_v_0316_r05.mp4,13091522,0.507586,1,
write,write,,,video_medium,polyglot,5,tsinghua_v_0316_r05.mp4,13091522,0.110732,1,
write,write,,,video_medium,polyglot,5,tsinghua_v_0319_r05.mp4,13091522,0.099940,1,
write,write,,,video_medium,mongo_gridfs,5,tsinghua_v_0319_r05.mp4,13091522,0.113954,1,
write,write,,,video_medium,pg_bytea,5,tsinghua_v_0319_r05.mp4,13091522,0.316772,1,
write,write,,,video_medium,polyglot,5,tsinghua_v_0321_r05.mp4,13091522,0.112893,1,
write,write,,,video_medium,pg_bytea,5,tsinghua_v_0321_r05.mp4,13091522,0.520212,1,
write,write,,,video_medium,mongo_gridfs,5,tsinghua_v_0321_r05.mp4,13091522,0.098287,1,
write,write,,,video_medium,pg_bytea,5,tsinghua_v_0331_r05.mp4,13091522,0.326170,1,
write,write,,,video_medium,polyglot,5,tsinghua_v_0331_r05.mp4,13091522,0.233876,1,
write,write,,,video_medium,mongo_gridfs,5,tsinghua_v_0331_r05.mp4,13091522,0.114871,1,
write,write,,,video_medium,pg_bytea,5,tsinghua_v_0345_r05.mp4,13091522,0.320026,1,
write,write,,,video_medium,mongo_gridfs,5,tsinghua_v_0345_r05.mp4,13091522,0.102039,1,
write,write,,,video_medium,polyglot,5,tsinghua_v_0345_r05.mp4,13091522,0.110953,1,
write,write,,,video_medium,mongo_gridfs,5,tsinghua_v_0356_r05.mp4,13091522,0.243165,1,
write,write,,,video_medium,pg_bytea,5,tsinghua_v_0356_r05.mp4,13091522,0.663785,1,
write,write,,,video_medium,polyglot,5,tsinghua_v_0356_r05.mp4,13091522,0.105785,1,
write,write,,,video_medium,polyglot,5,tsinghua_v_0357_r05.mp4,13091522,0.114847,1,
write,write,,,video_medium,mongo_gridfs,5,tsinghua_v_0357_r05.mp4,13091522,0.104653,1,
write,write,,,video_medium,pg_bytea,5,tsinghua_v_0357_r05.mp4,13091522,0.325867,1,
write,write,,,video_medium,pg_bytea,5,tsinghua_v_0379_r05.mp4,13091522,0.311509,1,
write,write,,,video_medium,polyglot,5,tsinghua_v_0379_r05.mp4,13091522,0.106914,1,
write,write,,,video_medium,mongo_gridfs,5,tsinghua_v_0379_r05.mp4,13091522,0.099077,1,
write,write,,,video_medium,pg_bytea,5,tsinghua_v_0393_r05.mp4,13091522,0.686301,1,
write,write,,,video_medium,mongo_gridfs,5,tsinghua_v_0393_r05.mp4,13091522,0.111133,1,
write,write,,,video_medium,polyglot,5,tsinghua_v_0393_r05.mp4,13091522,0.123787,1,
write,write,,,video_medium,pg_bytea,5,tsinghua_v_0421_r05.mp4,13091522,0.538439,1,
write,write,,,video_medium,mongo_gridfs,5,tsinghua_v_0421_r05.mp4,13091522,0.132366,1,
write,write,,,video_medium,polyglot,5,tsinghua_v_0421_r05.mp4,13091522,0.592450,1,
write,write,,,video_medium,pg_bytea,5,tsinghua_v_0424_r05.mp4,13091522,0.352736,1,
write,write,,,video_medium,mongo_gridfs,5,tsinghua_v_0424_r05.mp4,13091522,0.099223,1,
write,write,,,video_medium,polyglot,5,tsinghua_v_0424_r05.mp4,13091522,0.160877,1,
write,write,,,video_medium,mongo_gridfs,5,tsinghua_v_0427_r05.mp4,13091522,0.112317,1,
write,write,,,video_medium,pg_bytea,5,tsinghua_v_0427_r05.mp4,13091522,0.353897,1,
write,write,,,video_medium,polyglot,5,tsinghua_v_0427_r05.mp4,13091522,0.293045,1,
write,write,,,video_medium,mongo_gridfs,5,tsinghua_v_0431_r05.mp4,13091522,0.105935,1,
write,write,,,video_medium,polyglot,5,tsinghua_v_0431_r05.mp4,13091522,0.113581,1,
write,write,,,video_medium,pg_bytea,5,tsinghua_v_0431_r05.mp4,13091522,0.364266,1,
write,write,,,video_medium,mongo_gridfs,5,tsinghua_v_0452_r05.mp4,13091522,0.099068,1,
write,write,,,video_medium,pg_bytea,5,tsinghua_v_0452_r05.mp4,13091522,0.420297,1,
write,write,,,video_medium,polyglot,5,tsinghua_v_0452_r05.mp4,13091522,0.106253,1,
write,write,,,video_medium,mongo_gridfs,5,tsinghua_v_0454_r05.mp4,13091522,0.105166,1,
write,write,,,video_medium,pg_bytea,5,tsinghua_v_0454_r05.mp4,13091522,0.326842,1,
write,write,,,video_medium,polyglot,5,tsinghua_v_0454_r05.mp4,13091522,0.123260,1,
write,write,,,video_medium,pg_bytea,5,tsinghua_v_0457_r05.mp4,13091522,0.533895,1,
write,write,,,video_medium,mongo_gridfs,5,tsinghua_v_0457_r05.mp4,13091522,0.277438,1,
write,write,,,video_medium,polyglot,5,tsinghua_v_0457_r05.mp4,13091522,0.310571,1,
write,write,,,video_medium,mongo_gridfs,5,tsinghua_v_0466_r05.mp4,13091522,0.318302,1,
write,write,,,video_medium,pg_bytea,5,tsinghua_v_0466_r05.mp4,13091522,0.445811,1,
write,write,,,video_medium,polyglot,5,tsinghua_v_0466_r05.mp4,13091522,0.113395,1,
write,write,,,video_medium,pg_bytea,5,tsinghua_v_0471_r05.mp4,13091522,0.342024,1,
write,write,,,video_medium,polyglot,5,tsinghua_v_0471_r05.mp4,13091522,0.121024,1,
write,write,,,video_medium,mongo_gridfs,5,tsinghua_v_0471_r05.mp4,13091522,0.234829,1,
write,write,,,video_medium,polyglot,5,tsinghua_v_0472_r05.mp4,13091522,0.128337,1,
write,write,,,video_medium,mongo_gridfs,5,tsinghua_v_0472_r05.mp4,13091522,0.138597,1,
write,write,,,video_medium,pg_bytea,5,tsinghua_v_0472_r05.mp4,13091522,0.331226,1,
write,write,,,video_medium,mongo_gridfs,5,tsinghua_v_0494_r05.mp4,13091522,0.281004,1,
write,write,,,video_medium,pg_bytea,5,tsinghua_v_0494_r05.mp4,13091522,0.652018,1,
write,write,,,video_medium,polyglot,5,tsinghua_v_0494_r05.mp4,13091522,0.103967,1,
write,write,,,video_medium,polyglot,5,tsinghua_v_0503_r05.mp4,13091522,0.112884,1,
write,write,,,video_medium,pg_bytea,5,tsinghua_v_0503_r05.mp4,13091522,0.324205,1,
write,write,,,video_medium,mongo_gridfs,5,tsinghua_v_0503_r05.mp4,13091522,0.129260,1,
write,write,,,video_medium,pg_bytea,5,tsinghua_v_0509_r05.mp4,13091522,0.317875,1,
write,write,,,video_medium,mongo_gridfs,5,tsinghua_v_0509_r05.mp4,13091522,0.203985,1,
write,write,,,video_medium,polyglot,5,tsinghua_v_0509_r05.mp4,13091522,0.291392,1,
write,write,,,video_medium,mongo_gridfs,5,tsinghua_v_0523_r05.mp4,13091522,0.261651,1,
write,write,,,video_medium,polyglot,5,tsinghua_v_0523_r05.mp4,13091522,0.297639,1,
write,write,,,video_medium,pg_bytea,5,tsinghua_v_0523_r05.mp4,13091522,0.368806,1,
write,write,,,video_medium,polyglot,5,tsinghua_v_0546_r05.mp4,13091522,0.234419,1,
write,write,,,video_medium,pg_bytea,5,tsinghua_v_0546_r05.mp4,13091522,0.428519,1,
write,write,,,video_medium,mongo_gridfs,5,tsinghua_v_0546_r05.mp4,13091522,0.100593,1,
write,write,,,video_medium,mongo_gridfs,5,tsinghua_v_0568_r05.mp4,13091522,0.110641,1,
write,write,,,video_medium,pg_bytea,5,tsinghua_v_0568_r05.mp4,13091522,0.397060,1,
write,write,,,video_medium,polyglot,5,tsinghua_v_0568_r05.mp4,13091522,0.137999,1,
write,write,,,video_medium,pg_bytea,5,tsinghua_v_0594_r05.mp4,13091522,0.484640,1,
write,write,,,video_medium,polyglot,5,tsinghua_v_0594_r05.mp4,13091522,0.109591,1,
write,write,,,video_medium,mongo_gridfs,5,tsinghua_v_0594_r05.mp4,13091522,0.116789,1,
write,write,,,video_medium,pg_bytea,5,tsinghua_v_0596_r05.mp4,13091522,0.357019,1,
write,write,,,video_medium,polyglot,5,tsinghua_v_0596_r05.mp4,13091522,0.104472,1,
write,write,,,video_medium,mongo_gridfs,5,tsinghua_v_0596_r05.mp4,13091522,0.124453,1,
write,write,,,video_medium,pg_bytea,5,tsinghua_v_0635_r05.mp4,13091522,0.333186,1,
write,write,,,video_medium,polyglot,5,tsinghua_v_0635_r05.mp4,13091522,0.105898,1,
write,write,,,video_medium,mongo_gridfs,5,tsinghua_v_0635_r05.mp4,13091522,0.119135,1,
write,write,,,video_medium,polyglot,5,tsinghua_v_0653_r05.mp4,13091522,0.105188,1,
write,write,,,video_medium,mongo_gridfs,5,tsinghua_v_0653_r05.mp4,13091522,0.121381,1,
write,write,,,video_medium,pg_bytea,5,tsinghua_v_0653_r05.mp4,13091522,0.404201,1,
write,write,,,video_medium,pg_bytea,5,tsinghua_v_0667_r05.mp4,13091522,0.407196,1,
write,write,,,video_medium,mongo_gridfs,5,tsinghua_v_0667_r05.mp4,13091522,0.123157,1,
write,write,,,video_medium,polyglot,5,tsinghua_v_0667_r05.mp4,13091522,0.101410,1,
write,write,,,video_medium,polyglot,5,tsinghua_v_0673_r05.mp4,13091522,0.111191,1,
write,write,,,video_medium,mongo_gridfs,5,tsinghua_v_0673_r05.mp4,13091522,0.104403,1,
write,write,,,video_medium,pg_bytea,5,tsinghua_v_0673_r05.mp4,13091522,0.321155,1,
write,write,,,video_medium,pg_bytea,5,tsinghua_v_0681_r05.mp4,13091522,0.428658,1,
write,write,,,video_medium,polyglot,5,tsinghua_v_0681_r05.mp4,13091522,0.293920,1,
write,write,,,video_medium,mongo_gridfs,5,tsinghua_v_0681_r05.mp4,13091522,0.105385,1,
write,write,,,video_medium,pg_bytea,5,tsinghua_v_0690_r05.mp4,13091522,0.365767,1,
write,write,,,video_medium,polyglot,5,tsinghua_v_0690_r05.mp4,13091522,0.119403,1,
write,write,,,video_medium,mongo_gridfs,5,tsinghua_v_0690_r05.mp4,13091522,0.111041,1,
write,write,,,video_medium,pg_bytea,5,tsinghua_v_0692_r05.mp4,13091522,0.387972,1,
write,write,,,video_medium,mongo_gridfs,5,tsinghua_v_0692_r05.mp4,13091522,0.105089,1,
write,write,,,video_medium,polyglot,5,tsinghua_v_0692_r05.mp4,13091522,0.096475,1,
write,write,,,video_medium,pg_bytea,5,tsinghua_v_0696_r05.mp4,13091522,0.373796,1,
write,write,,,video_medium,mongo_gridfs,5,tsinghua_v_0696_r05.mp4,13091522,0.108238,1,
write,write,,,video_medium,polyglot,5,tsinghua_v_0696_r05.mp4,13091522,0.222585,1,
write,write,,,video_medium,mongo_gridfs,5,tsinghua_v_0734_r05.mp4,13091522,0.104558,1,
write,write,,,video_medium,pg_bytea,5,tsinghua_v_0734_r05.mp4,13091522,0.342471,1,
write,write,,,video_medium,polyglot,5,tsinghua_v_0734_r05.mp4,13091522,0.124100,1,
write,write,,,video_medium,pg_bytea,5,tsinghua_v_0737_r05.mp4,13091522,0.388659,1,
write,write,,,video_medium,polyglot,5,tsinghua_v_0737_r05.mp4,13091522,0.133165,1,
write,write,,,video_medium,mongo_gridfs,5,tsinghua_v_0737_r05.mp4,13091522,0.104665,1,
write,write,,,video_medium,polyglot,5,tsinghua_v_0744_r05.mp4,13091522,0.103952,1,
write,write,,,video_medium,pg_bytea,5,tsinghua_v_0744_r05.mp4,13091522,0.667308,1,
write,write,,,video_medium,mongo_gridfs,5,tsinghua_v_0744_r05.mp4,13091522,0.097399,1,
write,write,,,video_medium,mongo_gridfs,5,tsinghua_v_0745_r05.mp4,13091522,0.103229,1,
write,write,,,video_medium,pg_bytea,5,tsinghua_v_0745_r05.mp4,13091522,0.355633,1,
write,write,,,video_medium,polyglot,5,tsinghua_v_0745_r05.mp4,13091522,0.126562,1,
write,write,,,video_medium,pg_bytea,5,tsinghua_v_0769_r05.mp4,13091522,0.386293,1,
write,write,,,video_medium,polyglot,5,tsinghua_v_0769_r05.mp4,13091522,0.098886,1,
write,write,,,video_medium,mongo_gridfs,5,tsinghua_v_0769_r05.mp4,13091522,0.096209,1,
write,write,,,video_medium,polyglot,5,tsinghua_v_0791_r05.mp4,13091522,0.109079,1,
write,write,,,video_medium,pg_bytea,5,tsinghua_v_0791_r05.mp4,13091522,0.433631,1,
write,write,,,video_medium,mongo_gridfs,5,tsinghua_v_0791_r05.mp4,13091522,0.112829,1,
write,write,,,video_medium,mongo_gridfs,5,tsinghua_v_0792_r05.mp4,13091522,0.107152,1,
write,write,,,video_medium,pg_bytea,5,tsinghua_v_0792_r05.mp4,13091522,0.359186,1,
write,write,,,video_medium,polyglot,5,tsinghua_v_0792_r05.mp4,13091522,0.271742,1,
write,write,,,video_medium,polyglot,5,tsinghua_v_0857_r05.mp4,13091522,0.218097,1,
write,write,,,video_medium,mongo_gridfs,5,tsinghua_v_0857_r05.mp4,13091522,0.128468,1,
write,write,,,video_medium,pg_bytea,5,tsinghua_v_0857_r05.mp4,13091522,0.435802,1,
write,write,,,video_medium,polyglot,5,tsinghua_v_0866_r05.mp4,13091522,0.164457,1,
write,write,,,video_medium,pg_bytea,5,tsinghua_v_0866_r05.mp4,13091522,0.341295,1,
write,write,,,video_medium,mongo_gridfs,5,tsinghua_v_0866_r05.mp4,13091522,0.144838,1,
write,write,,,video_medium,polyglot,5,tsinghua_v_0880_r05.mp4,13091522,0.229917,1,
write,write,,,video_medium,mongo_gridfs,5,tsinghua_v_0880_r05.mp4,13091522,0.143904,1,
write,write,,,video_medium,pg_bytea,5,tsinghua_v_0880_r05.mp4,13091522,0.354199,1,
write,write,,,video_medium,polyglot,5,tsinghua_v_0888_r05.mp4,13091522,0.139948,1,
write,write,,,video_medium,pg_bytea,5,tsinghua_v_0888_r05.mp4,13091522,0.305177,1,
write,write,,,video_medium,mongo_gridfs,5,tsinghua_v_0888_r05.mp4,13091522,0.098988,1,
write,write,,,video_medium,pg_bytea,5,tsinghua_v_0901_r05.mp4,13091522,0.319205,1,
write,write,,,video_medium,polyglot,5,tsinghua_v_0901_r05.mp4,13091522,0.434755,1,
write,write,,,video_medium,mongo_gridfs,5,tsinghua_v_0901_r05.mp4,13091522,0.100714,1,
write,write,,,video_medium,polyglot,5,tsinghua_v_0937_r05.mp4,13091522,0.105902,1,
write,write,,,video_medium,mongo_gridfs,5,tsinghua_v_0937_r05.mp4,13091522,0.121972,1,
write,write,,,video_medium,pg_bytea,5,tsinghua_v_0937_r05.mp4,13091522,0.312555,1,
write,write,,,video_medium,pg_bytea,5,tsinghua_v_0939_r05.mp4,13091522,0.587861,1,
write,write,,,video_medium,mongo_gridfs,5,tsinghua_v_0939_r05.mp4,13091522,0.095447,1,
write,write,,,video_medium,polyglot,5,tsinghua_v_0939_r05.mp4,13091522,0.103995,1,
write,write,,,video_medium,polyglot,5,tsinghua_v_0961_r05.mp4,13091522,0.109081,1,
write,write,,,video_medium,pg_bytea,5,tsinghua_v_0961_r05.mp4,13091522,0.373054,1,
write,write,,,video_medium,mongo_gridfs,5,tsinghua_v_0961_r05.mp4,13091522,0.095319,1,
write,write,,,video_medium,mongo_gridfs,5,tsinghua_v_0977_r05.mp4,13091522,0.099808,1,
write,write,,,video_medium,pg_bytea,5,tsinghua_v_0977_r05.mp4,13091522,0.967065,1,
write,write,,,video_medium,polyglot,5,tsinghua_v_0977_r05.mp4,13091522,0.328235,1,
write,write,,,audio_small,mongo_gridfs,6,03-01-01-01-01-02-19_r06.wav,375720,0.013226,1,
write,write,,,audio_small,pg_bytea,6,03-01-01-01-01-02-19_r06.wav,375720,0.029010,1,
write,write,,,audio_small,polyglot,6,03-01-01-01-01-02-19_r06.wav,375720,0.006641,1,
write,write,,,audio_small,mongo_gridfs,6,03-01-01-01-02-02-05_r06.wav,396294,0.008962,1,
write,write,,,audio_small,pg_bytea,6,03-01-01-01-02-02-05_r06.wav,396294,0.012627,1,
write,write,,,audio_small,polyglot,6,03-01-01-01-02-02-05_r06.wav,396294,0.007760,1,
write,write,,,audio_small,pg_bytea,6,03-01-01-01-02-02-06_r06.wav,363108,0.012185,1,
write,write,,,audio_small,mongo_gridfs,6,03-01-01-01-02-02-06_r06.wav,363108,0.016891,1,
write,write,,,audio_small,polyglot,6,03-01-01-01-02-02-06_r06.wav,363108,0.008825,1,
write,write,,,audio_small,polyglot,6,03-01-01-01-02-02-07_r06.wav,363108,0.008624,1,
write,write,,,audio_small,mongo_gridfs,6,03-01-01-01-02-02-07_r06.wav,363108,0.007121,1,
write,write,,,audio_small,pg_bytea,6,03-01-01-01-02-02-07_r06.wav,363108,0.010805,1,
write,write,,,audio_small,pg_bytea,6,03-01-01-01-02-02-11_r06.wav,375720,0.012403,1,
write,write,,,audio_small,polyglot,6,03-01-01-01-02-02-11_r06.wav,375720,0.009402,1,
write,write,,,audio_small,mongo_gridfs,6,03-01-01-01-02-02-11_r06.wav,375720,0.004406,1,
write,write,,,audio_small,pg_bytea,6,03-01-01-01-02-02-12_r06.wav,372698,0.011893,1,
write,write,,,audio_small,mongo_gridfs,6,03-01-01-01-02-02-12_r06.wav,372698,0.007536,1,
write,write,,,audio_small,polyglot,6,03-01-01-01-02-02-12_r06.wav,372698,0.006552,1,
write,write,,,audio_small,polyglot,6,03-01-01-01-02-02-13_r06.wav,363108,0.006622,1,
write,write,,,audio_small,mongo_gridfs,6,03-01-01-01-02-02-13_r06.wav,363108,0.005056,1,
write,write,,,audio_small,pg_bytea,6,03-01-01-01-02-02-13_r06.wav,363108,0.010676,1,
write,write,,,audio_small,pg_bytea,6,03-01-01-02-01-02-05_r06.wav,393086,0.011209,1,
write,write,,,audio_small,polyglot,6,03-01-01-02-01-02-05_r06.wav,393086,0.013446,1,
write,write,,,audio_small,mongo_gridfs,6,03-01-01-02-01-02-05_r06.wav,393086,0.005513,1,
write,write,,,audio_small,polyglot,6,03-01-01-02-01-02-06_r06.wav,363108,0.006045,1,
write,write,,,audio_small,pg_bytea,6,03-01-01-02-01-02-06_r06.wav,363108,0.009400,1,
write,write,,,audio_small,mongo_gridfs,6,03-01-01-02-01-02-06_r06.wav,363108,0.005385,1,
write,write,,,audio_small,polyglot,6,03-01-01-02-01-02-07_r06.wav,372698,0.005902,1,
write,write,,,audio_small,pg_bytea,6,03-01-01-02-01-02-07_r06.wav,372698,0.014595,1,
write,write,,,audio_small,mongo_gridfs,6,03-01-01-02-01-02-07_r06.wav,372698,0.005257,1,
write,write,,,audio_small,polyglot,6,03-01-01-02-01-02-13_r06.wav,399494,0.007784,1,
write,write,,,audio_small,mongo_gridfs,6,03-01-01-02-01-02-13_r06.wav,399494,0.005951,1,
write,write,,,audio_small,pg_bytea,6,03-01-01-02-01-02-13_r06.wav,399494,0.010051,1,
write,write,,,audio_small,mongo_gridfs,6,03-01-01-02-02-02-19_r06.wav,372698,0.004123,1,
write,write,,,audio_small,pg_bytea,6,03-01-01-02-02-02-19_r06.wav,372698,0.009632,1,
write,write,,,audio_small,polyglot,6,03-01-01-02-02-02-19_r06.wav,372698,0.007027,1,
write,write,,,audio_small,polyglot,6,03-01-02-01-01-01-19_r06.wav,372698,0.005622,1,
write,write,,,audio_small,mongo_gridfs,6,03-01-02-01-01-01-19_r06.wav,372698,0.004374,1,
write,write,,,audio_small,pg_bytea,6,03-01-02-01-01-01-19_r06.wav,372698,0.010591,1,
write,write,,,audio_small,polyglot,6,03-01-02-01-02-01-06_r06.wav,363108,0.006031,1,
write,write,,,audio_small,pg_bytea,6,03-01-02-01-02-01-06_r06.wav,363108,0.008394,1,
write,write,,,audio_small,mongo_gridfs,6,03-01-02-01-02-01-06_r06.wav,363108,0.004057,1,
write,write,,,audio_small,mongo_gridfs,6,03-01-02-01-02-01-07_r06.wav,399494,0.004159,1,
write,write,,,audio_small,polyglot,6,03-01-02-01-02-01-07_r06.wav,399494,0.006068,1,
write,write,,,audio_small,pg_bytea,6,03-01-02-01-02-01-07_r06.wav,399494,0.012789,1,
write,write,,,audio_small,polyglot,6,03-01-02-01-02-01-11_r06.wav,375720,0.007305,1,
write,write,,,audio_small,pg_bytea,6,03-01-02-01-02-01-11_r06.wav,375720,0.010585,1,
write,write,,,audio_small,mongo_gridfs,6,03-01-02-01-02-01-11_r06.wav,375720,0.008097,1,
write,write,,,audio_small,polyglot,6,03-01-02-01-02-01-12_r06.wav,372698,0.009077,1,
write,write,,,audio_small,mongo_gridfs,6,03-01-02-01-02-01-12_r06.wav,372698,0.005282,1,
write,write,,,audio_small,pg_bytea,6,03-01-02-01-02-01-12_r06.wav,372698,0.010747,1,
write,write,,,audio_small,mongo_gridfs,6,03-01-02-01-02-01-13_r06.wav,379106,0.006831,1,
write,write,,,audio_small,pg_bytea,6,03-01-02-01-02-01-13_r06.wav,379106,0.011235,1,
write,write,,,audio_small,polyglot,6,03-01-02-01-02-01-13_r06.wav,379106,0.007200,1,
write,write,,,audio_small,pg_bytea,6,03-01-02-02-01-01-05_r06.wav,363108,0.009865,1,
write,write,,,audio_small,polyglot,6,03-01-02-02-01-01-05_r06.wav,363108,0.008333,1,
write,write,,,audio_small,mongo_gridfs,6,03-01-02-02-01-01-05_r06.wav,363108,0.009279,1,
write,write,,,audio_small,pg_bytea,6,03-01-02-02-01-01-11_r06.wav,363108,0.012550,1,
write,write,,,audio_small,polyglot,6,03-01-02-02-01-01-11_r06.wav,363108,0.007542,1,
write,write,,,audio_small,mongo_gridfs,6,03-01-02-02-01-01-11_r06.wav,363108,0.007099,1,
write,write,,,audio_small,polyglot,6,03-01-02-02-01-01-12_r06.wav,399494,0.010758,1,
write,write,,,audio_small,pg_bytea,6,03-01-02-02-01-01-12_r06.wav,399494,0.013553,1,
write,write,,,audio_small,mongo_gridfs,6,03-01-02-02-01-01-12_r06.wav,399494,0.010650,1,
write,write,,,audio_small,mongo_gridfs,6,03-01-02-02-01-01-13_r06.wav,399494,0.007113,1,
write,write,,,audio_small,pg_bytea,6,03-01-02-02-01-01-13_r06.wav,399494,0.016529,1,
write,write,,,audio_small,polyglot,6,03-01-02-02-01-01-13_r06.wav,399494,0.009185,1,
write,write,,,audio_small,pg_bytea,6,03-01-02-02-02-01-19_r06.wav,379106,0.010597,1,
write,write,,,audio_small,mongo_gridfs,6,03-01-02-02-02-01-19_r06.wav,379106,0.011282,1,
write,write,,,audio_small,polyglot,6,03-01-02-02-02-01-19_r06.wav,379106,0.008263,1,
write,write,,,audio_small,mongo_gridfs,6,03-01-03-01-01-02-05_r06.wav,396294,0.006051,1,
write,write,,,audio_small,pg_bytea,6,03-01-03-01-01-02-05_r06.wav,396294,0.011728,1,
write,write,,,audio_small,polyglot,6,03-01-03-01-01-02-05_r06.wav,396294,0.007550,1,
write,write,,,audio_small,pg_bytea,6,03-01-03-01-01-02-07_r06.wav,393086,0.013212,1,
write,write,,,audio_small,mongo_gridfs,6,03-01-03-01-01-02-07_r06.wav,393086,0.006904,1,
write,write,,,audio_small,polyglot,6,03-01-03-01-01-02-07_r06.wav,393086,0.007425,1,
write,write,,,audio_small,pg_bytea,6,03-01-03-01-01-02-12_r06.wav,399494,0.013739,1,
write,write,,,audio_small,mongo_gridfs,6,03-01-03-01-01-02-12_r06.wav,399494,0.008287,1,
write,write,,,audio_small,polyglot,6,03-01-03-01-01-02-12_r06.wav,399494,0.007277,1,
write,write,,,audio_small,polyglot,6,03-01-03-01-01-02-13_r06.wav,399494,0.007164,1,
write,write,,,audio_small,pg_bytea,6,03-01-03-01-01-02-13_r06.wav,399494,0.011650,1,
write,write,,,audio_small,mongo_gridfs,6,03-01-03-01-01-02-13_r06.wav,399494,0.006538,1,
write,write,,,audio_small,polyglot,6,03-01-03-01-02-02-18_r06.wav,393086,0.007356,1,
write,write,,,audio_small,mongo_gridfs,6,03-01-03-01-02-02-18_r06.wav,393086,0.006551,1,
write,write,,,audio_small,pg_bytea,6,03-01-03-01-02-02-18_r06.wav,393086,0.011434,1,
write,write,,,audio_small,mongo_gridfs,6,03-01-03-01-02-02-19_r06.wav,399494,0.006307,1,
write,write,,,audio_small,polyglot,6,03-01-03-01-02-02-19_r06.wav,399494,0.007838,1,
write,write,,,audio_small,pg_bytea,6,03-01-03-01-02-02-19_r06.wav,399494,0.011918,1,
write,write,,,audio_small,mongo_gridfs,6,03-01-03-02-01-02-18_r06.wav,396294,0.006523,1,
write,write,,,audio_small,polyglot,6,03-01-03-02-01-02-18_r06.wav,396294,0.007358,1,
write,write,,,audio_small,pg_bytea,6,03-01-03-02-01-02-18_r06.wav,396294,0.013055,1,
write,write,,,audio_small,pg_bytea,6,03-01-03-02-01-02-19_r06.wav,372698,0.010015,1,
write,write,,,audio_small,polyglot,6,03-01-03-02-01-02-19_r06.wav,372698,0.009337,1,
write,write,,,audio_small,mongo_gridfs,6,03-01-03-02-01-02-19_r06.wav,372698,0.006263,1,
write,write,,,audio_small,pg_bytea,6,03-01-03-02-02-02-04_r06.wav,379106,0.010821,1,
write,write,,,audio_small,polyglot,6,03-01-03-02-02-02-04_r06.wav,379106,0.008718,1,
write,write,,,audio_small,mongo_gridfs,6,03-01-03-02-02-02-04_r06.wav,379106,0.008531,1,
write,write,,,audio_small,mongo_gridfs,6,03-01-03-02-02-02-06_r06.wav,399494,0.006921,1,
write,write,,,audio_small,pg_bytea,6,03-01-03-02-02-02-06_r06.wav,399494,0.011446,1,
write,write,,,audio_small,polyglot,6,03-01-03-02-02-02-06_r06.wav,399494,0.006632,1,
write,write,,,audio_small,polyglot,6,03-01-03-02-02-02-07_r06.wav,393086,0.006843,1,
write,write,,,audio_small,mongo_gridfs,6,03-01-03-02-02-02-07_r06.wav,393086,0.005760,1,
write,write,,,audio_small,pg_bytea,6,03-01-03-02-02-02-07_r06.wav,393086,0.010908,1,
write,write,,,audio_small,polyglot,6,03-01-03-02-02-02-10_r06.wav,375720,0.008124,1,
write,write,,,audio_small,mongo_gridfs,6,03-01-03-02-02-02-10_r06.wav,375720,0.007457,1,
write,write,,,audio_small,pg_bytea,6,03-01-03-02-02-02-10_r06.wav,375720,0.010075,1,
write,write,,,audio_small,pg_bytea,6,03-01-03-02-02-02-11_r06.wav,396294,0.010685,1,
write,write,,,audio_small,polyglot,6,03-01-03-02-02-02-11_r06.wav,396294,0.008057,1,
write,write,,,audio_small,mongo_gridfs,6,03-01-03-02-02-02-11_r06.wav,396294,0.007325,1,
write,write,,,audio_small,pg_bytea,6,03-01-03-02-02-02-13_r06.wav,399494,0.011579,1,
write,write,,,audio_small,mongo_gridfs,6,03-01-03-02-02-02-13_r06.wav,399494,0.006432,1,
write,write,,,audio_small,polyglot,6,03-01-03-02-02-02-13_r06.wav,399494,0.007210,1,
write,write,,,audio_small,polyglot,6,03-01-04-01-01-02-01_r06.wav,396294,0.006167,1,
write,write,,,audio_small,pg_bytea,6,03-01-04-01-01-02-01_r06.wav,396294,0.010385,1,
write,write,,,audio_small,mongo_gridfs,6,03-01-04-01-01-02-01_r06.wav,396294,0.005749,1,
write,write,,,audio_small,polyglot,6,03-01-04-01-01-02-02_r06.wav,379106,0.006365,1,
write,write,,,audio_small,mongo_gridfs,6,03-01-04-01-01-02-02_r06.wav,379106,0.005876,1,
write,write,,,audio_small,pg_bytea,6,03-01-04-01-01-02-02_r06.wav,379106,0.010016,1,
write,write,,,audio_small,pg_bytea,6,03-01-04-01-01-02-16_r06.wav,379106,0.010827,1,
write,write,,,audio_small,mongo_gridfs,6,03-01-04-01-01-02-16_r06.wav,379106,0.006440,1,
write,write,,,audio_small,polyglot,6,03-01-04-01-01-02-16_r06.wav,379106,0.008699,1,
write,write,,,audio_small,polyglot,6,03-01-04-01-02-02-08_r06.wav,372698,0.010698,1,
write,write,,,audio_small,pg_bytea,6,03-01-04-01-02-02-08_r06.wav,372698,0.010285,1,
write,write,,,audio_small,mongo_gridfs,6,03-01-04-01-02-02-08_r06.wav,372698,0.005973,1,
write,write,,,audio_small,pg_bytea,6,03-01-04-01-02-02-09_r06.wav,363108,0.010095,1,
write,write,,,audio_small,polyglot,6,03-01-04-01-02-02-09_r06.wav,363108,0.006973,1,
write,write,,,audio_small,mongo_gridfs,6,03-01-04-01-02-02-09_r06.wav,363108,0.007143,1,
write,write,,,audio_small,polyglot,6,03-01-04-01-02-02-20_r06.wav,396294,0.007273,1,
write,write,,,audio_small,mongo_gridfs,6,03-01-04-01-02-02-20_r06.wav,396294,0.009655,1,
write,write,,,audio_small,pg_bytea,6,03-01-04-01-02-02-20_r06.wav,396294,0.011659,1,
write,write,,,audio_small,mongo_gridfs,6,03-01-04-01-02-02-21_r06.wav,363108,0.005910,1,
write,write,,,audio_small,polyglot,6,03-01-04-01-02-02-21_r06.wav,363108,0.006567,1,
write,write,,,audio_small,pg_bytea,6,03-01-04-01-02-02-21_r06.wav,363108,0.012090,1,
write,write,,,audio_small,mongo_gridfs,6,03-01-04-01-02-02-22_r06.wav,372698,0.009948,1,
write,write,,,audio_small,pg_bytea,6,03-01-04-01-02-02-22_r06.wav,372698,0.011750,1,
write,write,,,audio_small,polyglot,6,03-01-04-01-02-02-22_r06.wav,372698,0.008490,1,
write,write,,,audio_small,mongo_gridfs,6,03-01-04-01-02-02-23_r06.wav,363108,0.005988,1,
write,write,,,audio_small,pg_bytea,6,03-01-04-01-02-02-23_r06.wav,363108,0.011958,1,
write,write,,,audio_small,polyglot,6,03-01-04-01-02-02-23_r06.wav,363108,0.023501,1,
write,write,,,audio_small,mongo_gridfs,6,03-01-04-02-01-02-09_r06.wav,379106,0.005005,1,
write,write,,,audio_small,pg_bytea,6,03-01-04-02-01-02-09_r06.wav,379106,0.011610,1,
write,write,,,audio_small,polyglot,6,03-01-04-02-01-02-09_r06.wav,379106,0.006672,1,
write,write,,,audio_small,polyglot,6,03-01-04-02-01-02-20_r06.wav,379106,0.005180,1,
write,write,,,audio_small,pg_bytea,6,03-01-04-02-01-02-20_r06.wav,379106,0.010177,1,
write,write,,,audio_small,mongo_gridfs,6,03-01-04-02-01-02-20_r06.wav,379106,0.006482,1,
write,write,,,audio_small,pg_bytea,6,03-01-04-02-01-02-21_r06.wav,393086,0.012164,1,
write,write,,,audio_small,polyglot,6,03-01-04-02-01-02-21_r06.wav,393086,0.008485,1,
write,write,,,audio_small,mongo_gridfs,6,03-01-04-02-01-02-21_r06.wav,393086,0.007217,1,
write,write,,,audio_small,polyglot,6,03-01-04-02-01-02-22_r06.wav,379106,0.007188,1,
write,write,,,audio_small,mongo_gridfs,6,03-01-04-02-01-02-22_r06.wav,379106,0.005151,1,
write,write,,,audio_small,pg_bytea,6,03-01-04-02-01-02-22_r06.wav,379106,0.010025,1,
write,write,,,audio_small,mongo_gridfs,6,03-01-04-02-02-02-14_r06.wav,375720,0.005716,1,
write,write,,,audio_small,polyglot,6,03-01-04-02-02-02-14_r06.wav,375720,0.007285,1,
write,write,,,audio_small,pg_bytea,6,03-01-04-02-02-02-14_r06.wav,375720,0.013302,1,
write,write,,,audio_small,pg_bytea,6,03-01-04-02-02-02-15_r06.wav,379106,0.011612,1,
write,write,,,audio_small,polyglot,6,03-01-04-02-02-02-15_r06.wav,379106,0.008375,1,
write,write,,,audio_small,mongo_gridfs,6,03-01-04-02-02-02-15_r06.wav,379106,0.006631,1,
write,write,,,audio_small,pg_bytea,6,03-01-04-02-02-02-16_r06.wav,375720,0.016053,1,
write,write,,,audio_small,polyglot,6,03-01-04-02-02-02-16_r06.wav,375720,0.032769,1,
write,write,,,audio_small,mongo_gridfs,6,03-01-04-02-02-02-16_r06.wav,375720,0.006548,1,
write,write,,,audio_small,mongo_gridfs,6,03-01-04-02-02-02-17_r06.wav,363108,0.005670,1,
write,write,,,audio_small,pg_bytea,6,03-01-04-02-02-02-17_r06.wav,363108,0.010044,1,
write,write,,,audio_small,polyglot,6,03-01-04-02-02-02-17_r06.wav,363108,0.007742,1,
write,write,,,audio_small,polyglot,6,03-01-05-01-01-01-09_r06.wav,393086,0.007106,1,
write,write,,,audio_small,pg_bytea,6,03-01-05-01-01-01-09_r06.wav,393086,0.012101,1,
write,write,,,audio_small,mongo_gridfs,6,03-01-05-01-01-01-09_r06.wav,393086,0.006256,1,
write,write,,,audio_small,polyglot,6,03-01-05-01-01-01-22_r06.wav,393086,0.006682,1,
write,write,,,audio_small,mongo_gridfs,6,03-01-05-01-01-01-22_r06.wav,393086,0.005266,1,
write,write,,,audio_small,pg_bytea,6,03-01-05-01-01-01-22_r06.wav,393086,0.010730,1,
write,write,,,audio_small,polyglot,6,03-01-05-01-02-01-02_r06.wav,372698,0.005652,1,
write,write,,,audio_small,mongo_gridfs,6,03-01-05-01-02-01-02_r06.wav,372698,0.005702,1,
write,write,,,audio_small,pg_bytea,6,03-01-05-01-02-01-02_r06.wav,372698,0.009799,1,
write,write,,,audio_small,mongo_gridfs,6,03-01-05-01-02-01-03_r06.wav,396294,0.005609,1,
write,write,,,audio_small,pg_bytea,6,03-01-05-01-02-01-03_r06.wav,396294,0.010987,1,
write,write,,,audio_small,polyglot,6,03-01-05-01-02-01-03_r06.wav,396294,0.008757,1,
write,write,,,audio_small,mongo_gridfs,6,03-01-05-01-02-01-15_r06.wav,363108,0.006105,1,
write,write,,,audio_small,pg_bytea,6,03-01-05-01-02-01-15_r06.wav,363108,0.011435,1,
write,write,,,audio_small,polyglot,6,03-01-05-01-02-01-15_r06.wav,363108,0.006903,1,
write,write,,,audio_small,mongo_gridfs,6,03-01-05-01-02-01-16_r06.wav,372698,0.006209,1,
write,write,,,audio_small,pg_bytea,6,03-01-05-01-02-01-16_r06.wav,372698,0.011799,1,
write,write,,,audio_small,polyglot,6,03-01-05-01-02-01-16_r06.wav,372698,0.006000,1,
write,write,,,audio_small,pg_bytea,6,03-01-05-01-02-01-17_r06.wav,393086,0.010817,1,
write,write,,,audio_small,mongo_gridfs,6,03-01-05-01-02-01-17_r06.wav,393086,0.005971,1,
write,write,,,audio_small,polyglot,6,03-01-05-01-02-01-17_r06.wav,393086,0.006149,1,
write,write,,,audio_small,polyglot,6,03-01-05-02-01-01-01_r06.wav,372698,0.006304,1,
write,write,,,audio_small,mongo_gridfs,6,03-01-05-02-01-01-01_r06.wav,372698,0.007103,1,
write,write,,,audio_small,pg_bytea,6,03-01-05-02-01-01-01_r06.wav,372698,0.011037,1,
write,write,,,audio_small,mongo_gridfs,6,03-01-05-02-01-01-02_r06.wav,375720,0.006672,1,
write,write,,,audio_small,pg_bytea,6,03-01-05-02-01-01-02_r06.wav,375720,0.010121,1,
write,write,,,audio_small,polyglot,6,03-01-05-02-01-01-02_r06.wav,375720,0.008118,1,
write,write,,,audio_small,polyglot,6,03-01-05-02-01-01-03_r06.wav,372698,0.005973,1,
write,write,,,audio_small,pg_bytea,6,03-01-05-02-01-01-03_r06.wav,372698,0.009544,1,
write,write,,,audio_small,mongo_gridfs,6,03-01-05-02-01-01-03_r06.wav,372698,0.006581,1,
write,write,,,audio_small,polyglot,6,03-01-05-02-01-01-15_r06.wav,396294,0.005970,1,
write,write,,,audio_small,mongo_gridfs,6,03-01-05-02-01-01-15_r06.wav,396294,0.008791,1,
write,write,,,audio_small,pg_bytea,6,03-01-05-02-01-01-15_r06.wav,396294,0.012391,1,
write,write,,,audio_small,mongo_gridfs,6,03-01-05-02-01-01-16_r06.wav,399494,0.006993,1,
write,write,,,audio_small,pg_bytea,6,03-01-05-02-01-01-16_r06.wav,399494,0.011823,1,
write,write,,,audio_small,polyglot,6,03-01-05-02-01-01-16_r06.wav,399494,0.008605,1,
write,write,,,audio_small,mongo_gridfs,6,03-01-05-02-01-01-17_r06.wav,363108,0.006893,1,
write,write,,,audio_small,polyglot,6,03-01-05-02-01-01-17_r06.wav,363108,0.006064,1,
write,write,,,audio_small,pg_bytea,6,03-01-05-02-01-01-17_r06.wav,363108,0.010222,1,
write,write,,,audio_small,polyglot,6,03-01-05-02-02-01-09_r06.wav,396294,0.008893,1,
write,write,,,audio_small,pg_bytea,6,03-01-05-02-02-01-09_r06.wav,396294,0.012114,1,
write,write,,,audio_small,mongo_gridfs,6,03-01-05-02-02-01-09_r06.wav,396294,0.008395,1,
write,write,,,audio_small,pg_bytea,6,03-01-05-02-02-01-21_r06.wav,375720,0.010165,1,
write,write,,,audio_small,mongo_gridfs,6,03-01-05-02-02-01-21_r06.wav,375720,0.005510,1,
write,write,,,audio_small,polyglot,6,03-01-05-02-02-01-21_r06.wav,375720,0.007045,1,
write,write,,,audio_small,mongo_gridfs,6,03-01-05-02-02-01-22_r06.wav,379106,0.005202,1,
write,write,,,audio_small,pg_bytea,6,03-01-05-02-02-01-22_r06.wav,379106,0.011067,1,
write,write,,,audio_small,polyglot,6,03-01-05-02-02-01-22_r06.wav,379106,0.007685,1,
write,write,,,audio_medium,mongo_gridfs,6,03-02-01-01-01-02-22_r06.wav,526650,0.011404,1,
write,write,,,audio_medium,pg_bytea,6,03-02-01-01-01-02-22_r06.wav,526650,0.015697,1,
write,write,,,audio_medium,polyglot,6,03-02-01-01-01-02-22_r06.wav,526650,0.008544,1,
write,write,,,audio_medium,polyglot,6,03-02-01-01-01-02-23_r06.wav,539464,0.007666,1,
write,write,,,audio_medium,mongo_gridfs,6,03-02-01-01-01-02-23_r06.wav,539464,0.006845,1,
write,write,,,audio_medium,pg_bytea,6,03-02-01-01-01-02-23_r06.wav,539464,0.014987,1,
write,write,,,audio_medium,polyglot,6,03-02-01-01-02-02-02_r06.wav,539464,0.008336,1,
write,write,,,audio_medium,mongo_gridfs,6,03-02-01-01-02-02-02_r06.wav,539464,0.006596,1,
write,write,,,audio_medium,pg_bytea,6,03-02-01-01-02-02-02_r06.wav,539464,0.016381,1,
write,write,,,audio_medium,polyglot,6,03-02-01-01-02-02-03_r06.wav,520242,0.009570,1,
write,write,,,audio_medium,mongo_gridfs,6,03-02-01-01-02-02-03_r06.wav,520242,0.007268,1,
write,write,,,audio_medium,pg_bytea,6,03-02-01-01-02-02-03_r06.wav,520242,0.014570,1,
write,write,,,audio_medium,pg_bytea,6,03-02-01-01-02-02-16_r06.wav,539464,0.018109,1,
write,write,,,audio_medium,polyglot,6,03-02-01-01-02-02-16_r06.wav,539464,0.009486,1,
write,write,,,audio_medium,mongo_gridfs,6,03-02-01-01-02-02-16_r06.wav,539464,0.007620,1,
write,write,,,audio_medium,pg_bytea,6,03-02-01-01-02-02-17_r06.wav,561888,0.015353,1,
write,write,,,audio_medium,polyglot,6,03-02-01-01-02-02-17_r06.wav,561888,0.010628,1,
write,write,,,audio_medium,mongo_gridfs,6,03-02-01-01-02-02-17_r06.wav,561888,0.008014,1,
write,write,,,audio_medium,mongo_gridfs,6,03-02-01-02-01-02-01_r06.wav,533056,0.007029,1,
write,write,,,audio_medium,polyglot,6,03-02-01-02-01-02-01_r06.wav,533056,0.010304,1,
write,write,,,audio_medium,pg_bytea,6,03-02-01-02-01-02-01_r06.wav,533056,0.014907,1,
write,write,,,audio_medium,pg_bytea,6,03-02-01-02-01-02-02_r06.wav,523448,0.014317,1,
write,write,,,audio_medium,polyglot,6,03-02-01-02-01-02-02_r06.wav,523448,0.010413,1,
write,write,,,audio_medium,mongo_gridfs,6,03-02-01-02-01-02-02_r06.wav,523448,0.006281,1,
write,write,,,audio_medium,pg_bytea,6,03-02-01-02-01-02-03_r06.wav,533056,0.013945,1,
write,write,,,audio_medium,mongo_gridfs,6,03-02-01-02-01-02-03_r06.wav,533056,0.011242,1,
write,write,,,audio_medium,polyglot,6,03-02-01-02-01-02-03_r06.wav,533056,0.011975,1,
write,write,,,audio_medium,mongo_gridfs,6,03-02-01-02-01-02-15_r06.wav,561882,0.007595,1,
write,write,,,audio_medium,pg_bytea,6,03-02-01-02-01-02-15_r06.wav,561882,0.015485,1,
write,write,,,audio_medium,polyglot,6,03-02-01-02-01-02-15_r06.wav,561882,0.008747,1,
write,write,,,audio_medium,mongo_gridfs,6,03-02-01-02-01-02-16_r06.wav,526650,0.006904,1,
write,write,,,audio_medium,pg_bytea,6,03-02-01-02-01-02-16_r06.wav,526650,0.014493,1,
write,write,,,audio_medium,polyglot,6,03-02-01-02-01-02-16_r06.wav,526650,0.008516,1,
write,write,,,audio_medium,polyglot,6,03-02-01-02-01-02-17_r06.wav,533056,0.006715,1,
write,write,,,audio_medium,pg_bytea,6,03-02-01-02-01-02-17_r06.wav,533056,0.018584,1,
write,write,,,audio_medium,mongo_gridfs,6,03-02-01-02-01-02-17_r06.wav,533056,0.007798,1,
write,write,,,audio_medium,mongo_gridfs,6,03-02-01-02-02-02-22_r06.wav,520242,0.006561,1,
write,write,,,audio_medium,pg_bytea,6,03-02-01-02-02-02-22_r06.wav,520242,0.042098,1,
write,write,,,audio_medium,polyglot,6,03-02-01-02-02-02-22_r06.wav,520242,0.011402,1,
write,write,,,audio_medium,mongo_gridfs,6,03-02-01-02-02-02-23_r06.wav,520242,0.010089,1,
write,write,,,audio_medium,polyglot,6,03-02-01-02-02-02-23_r06.wav,520242,0.009190,1,
write,write,,,audio_medium,pg_bytea,6,03-02-01-02-02-02-23_r06.wav,520242,0.014830,1,
write,write,,,audio_medium,mongo_gridfs,6,03-02-02-01-01-01-22_r06.wav,523448,0.007334,1,
write,write,,,audio_medium,polyglot,6,03-02-02-01-01-01-22_r06.wav,523448,0.009000,1,
write,write,,,audio_medium,pg_bytea,6,03-02-02-01-01-01-22_r06.wav,523448,0.014132,1,
write,write,,,audio_medium,pg_bytea,6,03-02-02-01-01-01-23_r06.wav,561888,0.015078,1,
write,write,,,audio_medium,mongo_gridfs,6,03-02-02-01-01-01-23_r06.wav,561888,0.009745,1,
write,write,,,audio_medium,polyglot,6,03-02-02-01-01-01-23_r06.wav,561888,0.008126,1,
write,write,,,audio_medium,mongo_gridfs,6,03-02-02-01-02-01-01_r06.wav,520242,0.008825,1,
write,write,,,audio_medium,polyglot,6,03-02-02-01-02-01-01_r06.wav,520242,0.007315,1,
write,write,,,audio_medium,pg_bytea,6,03-02-02-01-02-01-01_r06.wav,520242,0.015437,1,
write,write,,,audio_medium,mongo_gridfs,6,03-02-02-01-02-01-02_r06.wav,539464,0.007767,1,
write,write,,,audio_medium,polyglot,6,03-02-02-01-02-01-02_r06.wav,539464,0.011402,1,
write,write,,,audio_medium,pg_bytea,6,03-02-02-01-02-01-02_r06.wav,539464,0.015682,1,
write,write,,,audio_medium,mongo_gridfs,6,03-02-02-01-02-01-03_r06.wav,533056,0.008712,1,
write,write,,,audio_medium,pg_bytea,6,03-02-02-01-02-01-03_r06.wav,533056,0.015133,1,
write,write,,,audio_medium,polyglot,6,03-02-02-01-02-01-03_r06.wav,533056,0.008739,1,
write,write,,,audio_medium,pg_bytea,6,03-02-02-01-02-01-16_r06.wav,561882,0.015389,1,
write,write,,,audio_medium,polyglot,6,03-02-02-01-02-01-16_r06.wav,561882,0.009919,1,
write,write,,,audio_medium,mongo_gridfs,6,03-02-02-01-02-01-16_r06.wav,561882,0.008259,1,
write,write,,,audio_medium,pg_bytea,6,03-02-02-02-01-01-01_r06.wav,539464,0.018857,1,
write,write,,,audio_medium,polyglot,6,03-02-02-02-01-01-01_r06.wav,539464,0.009171,1,
write,write,,,audio_medium,mongo_gridfs,6,03-02-02-02-01-01-01_r06.wav,539464,0.010255,1,
write,write,,,audio_medium,pg_bytea,6,03-02-02-02-01-01-02_r06.wav,526650,0.015833,1,
write,write,,,audio_medium,mongo_gridfs,6,03-02-02-02-01-01-02_r06.wav,526650,0.008614,1,
write,write,,,audio_medium,polyglot,6,03-02-02-02-01-01-02_r06.wav,526650,0.009064,1,
write,write,,,audio_medium,mongo_gridfs,6,03-02-02-02-01-01-15_r06.wav,539464,0.006241,1,
write,write,,,audio_medium,polyglot,6,03-02-02-02-01-01-15_r06.wav,539464,0.010000,1,
write,write,,,audio_medium,pg_bytea,6,03-02-02-02-01-01-15_r06.wav,539464,0.020796,1,
write,write,,,audio_medium,polyglot,6,03-02-02-02-01-01-16_r06.wav,520242,0.009141,1,
write,write,,,audio_medium,pg_bytea,6,03-02-02-02-01-01-16_r06.wav,520242,0.015626,1,
write,write,,,audio_medium,mongo_gridfs,6,03-02-02-02-01-01-16_r06.wav,520242,0.007214,1,
write,write,,,audio_medium,polyglot,6,03-02-02-02-01-01-17_r06.wav,539464,0.008150,1,
write,write,,,audio_medium,mongo_gridfs,6,03-02-02-02-01-01-17_r06.wav,539464,0.011104,1,
write,write,,,audio_medium,pg_bytea,6,03-02-02-02-01-01-17_r06.wav,539464,0.015762,1,
write,write,,,audio_medium,pg_bytea,6,03-02-02-02-02-01-22_r06.wav,539464,0.015224,1,
write,write,,,audio_medium,mongo_gridfs,6,03-02-02-02-02-01-22_r06.wav,539464,0.008498,1,
write,write,,,audio_medium,polyglot,6,03-02-02-02-02-01-22_r06.wav,539464,0.009804,1,
write,write,,,audio_medium,polyglot,6,03-02-02-02-02-01-23_r06.wav,520242,0.007310,1,
write,write,,,audio_medium,pg_bytea,6,03-02-02-02-02-01-23_r06.wav,520242,0.014403,1,
write,write,,,audio_medium,mongo_gridfs,6,03-02-02-02-02-01-23_r06.wav,520242,0.007005,1,
write,write,,,audio_medium,mongo_gridfs,6,03-02-03-01-01-02-01_r06.wav,561882,0.006525,1,
write,write,,,audio_medium,polyglot,6,03-02-03-01-01-02-01_r06.wav,561882,0.007051,1,
write,write,,,audio_medium,pg_bytea,6,03-02-03-01-01-02-01_r06.wav,561882,0.015343,1,
write,write,,,audio_medium,pg_bytea,6,03-02-03-01-01-02-02_r06.wav,561882,0.018267,1,
write,write,,,audio_medium,polyglot,6,03-02-03-01-01-02-02_r06.wav,561882,0.009389,1,
write,write,,,audio_medium,mongo_gridfs,6,03-02-03-01-01-02-02_r06.wav,561882,0.008723,1,
write,write,,,audio_medium,mongo_gridfs,6,03-02-03-01-01-02-03_r06.wav,539464,0.011465,1,
write,write,,,audio_medium,polyglot,6,03-02-03-01-01-02-03_r06.wav,539464,0.008425,1,
write,write,,,audio_medium,pg_bytea,6,03-02-03-01-01-02-03_r06.wav,539464,0.014101,1,
write,write,,,audio_medium,polyglot,6,03-02-03-01-01-02-15_r06.wav,526650,0.008511,1,
write,write,,,audio_medium,mongo_gridfs,6,03-02-03-01-01-02-15_r06.wav,526650,0.008012,1,
write,write,,,audio_medium,pg_bytea,6,03-02-03-01-01-02-15_r06.wav,526650,0.015323,1,
write,write,,,audio_medium,mongo_gridfs,6,03-02-03-01-01-02-16_r06.wav,520242,0.007035,1,
write,write,,,audio_medium,pg_bytea,6,03-02-03-01-01-02-16_r06.wav,520242,0.015056,1,
write,write,,,audio_medium,polyglot,6,03-02-03-01-01-02-16_r06.wav,520242,0.009544,1,
write,write,,,audio_medium,mongo_gridfs,6,03-02-03-01-01-02-17_r06.wav,526650,0.008740,1,
write,write,,,audio_medium,polyglot,6,03-02-03-01-01-02-17_r06.wav,526650,0.007765,1,
write,write,,,audio_medium,pg_bytea,6,03-02-03-01-01-02-17_r06.wav,526650,0.013979,1,
write,write,,,audio_medium,pg_bytea,6,03-02-03-01-02-02-09_r06.wav,539464,0.014870,1,
write,write,,,audio_medium,polyglot,6,03-02-03-01-02-02-09_r06.wav,539464,0.009785,1,
write,write,,,audio_medium,mongo_gridfs,6,03-02-03-01-02-02-09_r06.wav,539464,0.007145,1,
write,write,,,audio_medium,polyglot,6,03-02-03-01-02-02-21_r06.wav,533056,0.007571,1,
write,write,,,audio_medium,pg_bytea,6,03-02-03-01-02-02-21_r06.wav,533056,0.015175,1,
write,write,,,audio_medium,mongo_gridfs,6,03-02-03-01-02-02-21_r06.wav,533056,0.009116,1,
write,write,,,audio_medium,mongo_gridfs,6,03-02-03-01-02-02-22_r06.wav,561888,0.006715,1,
write,write,,,audio_medium,pg_bytea,6,03-02-03-01-02-02-22_r06.wav,561888,0.014282,1,
write,write,,,audio_medium,polyglot,6,03-02-03-01-02-02-22_r06.wav,561888,0.009272,1,
write,write,,,audio_medium,polyglot,6,03-02-03-01-02-02-23_r06.wav,539464,0.008543,1,
write,write,,,audio_medium,pg_bytea,6,03-02-03-01-02-02-23_r06.wav,539464,0.013340,1,
write,write,,,audio_medium,mongo_gridfs,6,03-02-03-01-02-02-23_r06.wav,539464,0.006533,1,
write,write,,,audio_medium,pg_bytea,6,03-02-03-02-01-02-09_r06.wav,561882,0.014889,1,
write,write,,,audio_medium,mongo_gridfs,6,03-02-03-02-01-02-09_r06.wav,561882,0.008717,1,
write,write,,,audio_medium,polyglot,6,03-02-03-02-01-02-09_r06.wav,561882,0.012368,1,
write,write,,,audio_medium,mongo_gridfs,6,03-02-03-02-01-02-21_r06.wav,539464,0.008016,1,
write,write,,,audio_medium,polyglot,6,03-02-03-02-01-02-21_r06.wav,539464,0.007998,1,
write,write,,,audio_medium,pg_bytea,6,03-02-03-02-01-02-21_r06.wav,539464,0.013042,1,
write,write,,,audio_medium,mongo_gridfs,6,03-02-03-02-01-02-22_r06.wav,526650,0.007581,1,
write,write,,,audio_medium,pg_bytea,6,03-02-03-02-01-02-22_r06.wav,526650,0.013913,1,
write,write,,,audio_medium,polyglot,6,03-02-03-02-01-02-22_r06.wav,526650,0.007092,1,
write,write,,,audio_medium,pg_bytea,6,03-02-03-02-01-02-23_r06.wav,561888,0.014207,1,
write,write,,,audio_medium,mongo_gridfs,6,03-02-03-02-01-02-23_r06.wav,561888,0.007788,1,
write,write,,,audio_medium,polyglot,6,03-02-03-02-01-02-23_r06.wav,561888,0.008907,1,
write,write,,,audio_medium,polyglot,6,03-02-03-02-02-02-01_r06.wav,561882,0.007500,1,
write,write,,,audio_medium,mongo_gridfs,6,03-02-03-02-02-02-01_r06.wav,561882,0.006771,1,
write,write,,,audio_medium,pg_bytea,6,03-02-03-02-02-02-01_r06.wav,561882,0.015800,1,
write,write,,,audio_medium,pg_bytea,6,03-02-03-02-02-02-02_r06.wav,523448,0.013665,1,
write,write,,,audio_medium,polyglot,6,03-02-03-02-02-02-02_r06.wav,523448,0.007839,1,
write,write,,,audio_medium,mongo_gridfs,6,03-02-03-02-02-02-02_r06.wav,523448,0.007211,1,
write,write,,,audio_medium,polyglot,6,03-02-03-02-02-02-03_r06.wav,561888,0.007320,1,
write,write,,,audio_medium,mongo_gridfs,6,03-02-03-02-02-02-03_r06.wav,561888,0.006311,1,
write,write,,,audio_medium,pg_bytea,6,03-02-03-02-02-02-03_r06.wav,561888,0.015123,1,
write,write,,,audio_medium,mongo_gridfs,6,03-02-03-02-02-02-15_r06.wav,523448,0.008451,1,
write,write,,,audio_medium,polyglot,6,03-02-03-02-02-02-15_r06.wav,523448,0.009564,1,
write,write,,,audio_medium,pg_bytea,6,03-02-03-02-02-02-15_r06.wav,523448,0.014765,1,
write,write,,,audio_medium,pg_bytea,6,03-02-03-02-02-02-16_r06.wav,561882,0.014878,1,
write,write,,,audio_medium,mongo_gridfs,6,03-02-03-02-02-02-16_r06.wav,561882,0.009377,1,
write,write,,,audio_medium,polyglot,6,03-02-03-02-02-02-16_r06.wav,561882,0.009391,1,
write,write,,,audio_medium,pg_bytea,6,03-02-03-02-02-02-17_r06.wav,523448,0.014705,1,
write,write,,,audio_medium,polyglot,6,03-02-03-02-02-02-17_r06.wav,523448,0.011358,1,
write,write,,,audio_medium,mongo_gridfs,6,03-02-03-02-02-02-17_r06.wav,523448,0.007005,1,
write,write,,,audio_medium,polyglot,6,03-02-04-01-01-02-05_r06.wav,561882,0.007599,1,
write,write,,,audio_medium,pg_bytea,6,03-02-04-01-01-02-05_r06.wav,561882,0.014382,1,
write,write,,,audio_medium,mongo_gridfs,6,03-02-04-01-01-02-05_r06.wav,561882,0.008155,1,
write,write,,,audio_medium,mongo_gridfs,6,03-02-04-01-01-02-06_r06.wav,526650,0.006512,1,
write,write,,,audio_medium,polyglot,6,03-02-04-01-01-02-06_r06.wav,526650,0.007739,1,
write,write,,,audio_medium,pg_bytea,6,03-02-04-01-01-02-06_r06.wav,526650,0.014254,1,
write,write,,,audio_medium,pg_bytea,6,03-02-04-01-01-02-07_r06.wav,523448,0.015500,1,
write,write,,,audio_medium,polyglot,6,03-02-04-01-01-02-07_r06.wav,523448,0.008221,1,
write,write,,,audio_medium,mongo_gridfs,6,03-02-04-01-01-02-07_r06.wav,523448,0.007735,1,
write,write,,,audio_medium,pg_bytea,6,03-02-04-01-01-02-11_r06.wav,539464,0.031811,1,
write,write,,,audio_medium,polyglot,6,03-02-04-01-01-02-11_r06.wav,539464,0.021549,1,
write,write,,,audio_medium,mongo_gridfs,6,03-02-04-01-01-02-11_r06.wav,539464,0.007895,1,
write,write,,,audio_medium,mongo_gridfs,6,03-02-04-01-01-02-12_r06.wav,523448,0.005899,1,
write,write,,,audio_medium,pg_bytea,6,03-02-04-01-01-02-12_r06.wav,523448,0.013414,1,
write,write,,,audio_medium,polyglot,6,03-02-04-01-01-02-12_r06.wav,523448,0.008923,1,
write,write,,,audio_medium,polyglot,6,03-02-04-01-01-02-13_r06.wav,539464,0.007195,1,
write,write,,,audio_medium,pg_bytea,6,03-02-04-01-01-02-13_r06.wav,539464,0.014227,1,
write,write,,,audio_medium,mongo_gridfs,6,03-02-04-01-01-02-13_r06.wav,539464,0.007007,1,
write,write,,,audio_medium,polyglot,6,03-02-04-01-02-02-19_r06.wav,561888,0.008344,1,
write,write,,,audio_medium,mongo_gridfs,6,03-02-04-01-02-02-19_r06.wav,561888,0.006980,1,
write,write,,,audio_medium,pg_bytea,6,03-02-04-01-02-02-19_r06.wav,561888,0.016102,1,
write,write,,,audio_medium,mongo_gridfs,6,03-02-04-02-02-02-05_r06.wav,526650,0.007296,1,
write,write,,,audio_medium,polyglot,6,03-02-04-02-02-02-05_r06.wav,526650,0.008581,1,
write,write,,,audio_medium,pg_bytea,6,03-02-04-02-02-02-05_r06.wav,526650,0.014935,1,
write,write,,,audio_medium,polyglot,6,03-02-04-02-02-02-06_r06.wav,526650,0.008356,1,
write,write,,,audio_medium,mongo_gridfs,6,03-02-04-02-02-02-06_r06.wav,526650,0.008865,1,
write,write,,,audio_medium,pg_bytea,6,03-02-04-02-02-02-06_r06.wav,526650,0.015995,1,
write,write,,,audio_medium,polyglot,6,03-02-04-02-02-02-07_r06.wav,561888,0.008197,1,
write,write,,,audio_medium,mongo_gridfs,6,03-02-04-02-02-02-07_r06.wav,561888,0.007193,1,
write,write,,,audio_medium,pg_bytea,6,03-02-04-02-02-02-07_r06.wav,561888,0.014657,1,
write,write,,,audio_medium,mongo_gridfs,6,03-02-04-02-02-02-11_r06.wav,561888,0.009529,1,
write,write,,,audio_medium,pg_bytea,6,03-02-04-02-02-02-11_r06.wav,561888,0.014380,1,
write,write,,,audio_medium,polyglot,6,03-02-04-02-02-02-11_r06.wav,561888,0.008470,1,
write,write,,,audio_medium,mongo_gridfs,6,03-02-04-02-02-02-12_r06.wav,523448,0.006195,1,
write,write,,,audio_medium,polyglot,6,03-02-04-02-02-02-12_r06.wav,523448,0.006466,1,
write,write,,,audio_medium,pg_bytea,6,03-02-04-02-02-02-12_r06.wav,523448,0.014013,1,
write,write,,,audio_medium,pg_bytea,6,03-02-04-02-02-02-13_r06.wav,533056,0.014630,1,
write,write,,,audio_medium,mongo_gridfs,6,03-02-04-02-02-02-13_r06.wav,533056,0.007089,1,
write,write,,,audio_medium,polyglot,6,03-02-04-02-02-02-13_r06.wav,533056,0.007042,1,
write,write,,,audio_medium,pg_bytea,6,03-02-05-01-02-01-06_r06.wav,561882,0.014796,1,
write,write,,,audio_medium,polyglot,6,03-02-05-01-02-01-06_r06.wav,561882,0.008477,1,
write,write,,,audio_medium,mongo_gridfs,6,03-02-05-01-02-01-06_r06.wav,561882,0.006521,1,
write,write,,,audio_medium,polyglot,6,03-02-05-01-02-01-07_r06.wav,520242,0.006213,1,
write,write,,,audio_medium,mongo_gridfs,6,03-02-05-01-02-01-07_r06.wav,520242,0.005339,1,
write,write,,,audio_medium,pg_bytea,6,03-02-05-01-02-01-07_r06.wav,520242,0.012664,1,
write,write,,,audio_medium,polyglot,6,03-02-05-01-02-01-12_r06.wav,520242,0.007870,1,
write,write,,,audio_medium,mongo_gridfs,6,03-02-05-01-02-01-12_r06.wav,520242,0.006238,1,
write,write,,,audio_medium,pg_bytea,6,03-02-05-01-02-01-12_r06.wav,520242,0.013667,1,
write,write,,,audio_medium,mongo_gridfs,6,03-02-05-01-02-01-13_r06.wav,561888,0.006688,1,
write,write,,,audio_medium,polyglot,6,03-02-05-01-02-01-13_r06.wav,561888,0.008386,1,
write,write,,,audio_medium,pg_bytea,6,03-02-05-01-02-01-13_r06.wav,561888,0.016542,1,
write,write,,,audio_medium,polyglot,6,03-02-05-02-01-01-05_r06.wav,539464,0.009847,1,
write,write,,,audio_medium,mongo_gridfs,6,03-02-05-02-01-01-05_r06.wav,539464,0.008031,1,
write,write,,,audio_medium,pg_bytea,6,03-02-05-02-01-01-05_r06.wav,539464,0.015256,1,
write,write,,,audio_medium,polyglot,6,03-02-05-02-01-01-06_r06.wav,561888,0.011540,1,
write,write,,,audio_medium,mongo_gridfs,6,03-02-05-02-01-01-06_r06.wav,561888,0.007450,1,
write,write,,,audio_medium,pg_bytea,6,03-02-05-02-01-01-06_r06.wav,561888,0.015037,1,
write,write,,,audio_medium,polyglot,6,03-02-05-02-01-01-07_r06.wav,533056,0.008387,1,
write,write,,,audio_medium,mongo_gridfs,6,03-02-05-02-01-01-07_r06.wav,533056,0.008504,1,
write,write,,,audio_medium,pg_bytea,6,03-02-05-02-01-01-07_r06.wav,533056,0.016625,1,
write,write,,,audio_medium,polyglot,6,03-02-05-02-01-01-11_r06.wav,561888,0.009443,1,
write,write,,,audio_medium,pg_bytea,6,03-02-05-02-01-01-11_r06.wav,561888,0.015921,1,
write,write,,,audio_medium,mongo_gridfs,6,03-02-05-02-01-01-11_r06.wav,561888,0.007252,1,
write,write,,,audio_medium,polyglot,6,03-02-05-02-01-01-12_r06.wav,533056,0.009520,1,
write,write,,,audio_medium,mongo_gridfs,6,03-02-05-02-01-01-12_r06.wav,533056,0.006912,1,
write,write,,,audio_medium,pg_bytea,6,03-02-05-02-01-01-12_r06.wav,533056,0.016688,1,
write,write,,,audio_medium,pg_bytea,6,03-02-05-02-01-01-13_r06.wav,526650,0.014424,1,
write,write,,,audio_medium,polyglot,6,03-02-05-02-01-01-13_r06.wav,526650,0.007533,1,
write,write,,,audio_medium,mongo_gridfs,6,03-02-05-02-01-01-13_r06.wav,526650,0.006344,1,
write,write,,,video_small,polyglot,6,01-01-01-01-01-01-22_r06.mp4,5457041,0.054134,1,
write,write,,,video_small,mongo_gridfs,6,01-01-01-01-01-01-22_r06.mp4,5457041,0.045608,1,
write,write,,,video_small,pg_bytea,6,01-01-01-01-01-01-22_r06.mp4,5457041,0.172948,1,
write,write,,,video_small,polyglot,6,01-01-01-01-01-02-01_r06.mp4,5457041,0.071700,1,
write,write,,,video_small,pg_bytea,6,01-01-01-01-01-02-01_r06.mp4,5457041,0.138363,1,
write,write,,,video_small,mongo_gridfs,6,01-01-01-01-01-02-01_r06.mp4,5457041,0.048104,1,
write,write,,,video_small,mongo_gridfs,6,01-01-01-01-01-02-15_r06.mp4,5457041,0.046322,1,
write,write,,,video_small,pg_bytea,6,01-01-01-01-01-02-15_r06.mp4,5457041,0.137389,1,
write,write,,,video_small,polyglot,6,01-01-01-01-01-02-15_r06.mp4,5457041,0.048773,1,
write,write,,,video_small,polyglot,6,01-01-01-01-02-01-06_r06.mp4,5457041,0.045046,1,
write,write,,,video_small,pg_bytea,6,01-01-01-01-02-01-06_r06.mp4,5457041,0.156027,1,
write,write,,,video_small,mongo_gridfs,6,01-01-01-01-02-01-06_r06.mp4,5457041,0.050237,1,
write,write,,,video_small,mongo_gridfs,6,01-01-01-01-02-01-13_r06.mp4,5457041,0.044275,1,
write,write,,,video_small,pg_bytea,6,01-01-01-01-02-01-13_r06.mp4,5457041,0.133203,1,
write,write,,,video_small,polyglot,6,01-01-01-01-02-01-13_r06.mp4,5457041,0.046809,1,
write,write,,,video_small,polyglot,6,01-01-01-01-02-01-14_r06.mp4,5457041,0.048883,1,
write,write,,,video_small,mongo_gridfs,6,01-01-01-01-02-01-14_r06.mp4,5457041,0.042460,1,
write,write,,,video_small,pg_bytea,6,01-01-01-01-02-01-14_r06.mp4,5457041,0.136307,1,
write,write,,,video_small,polyglot,6,01-01-01-01-02-02-09_r06.mp4,5498397,0.047290,1,
write,write,,,video_small,pg_bytea,6,01-01-01-01-02-02-09_r06.mp4,5498397,0.139596,1,
write,write,,,video_small,mongo_gridfs,6,01-01-01-01-02-02-09_r06.mp4,5498397,0.047159,1,
write,write,,,video_small,mongo_gridfs,6,01-01-01-02-01-01-01_r06.mp4,5498397,0.048906,1,
write,write,,,video_small,polyglot,6,01-01-01-02-01-01-01_r06.mp4,5498397,0.046267,1,
write,write,,,video_small,pg_bytea,6,01-01-01-02-01-01-01_r06.mp4,5498397,0.210118,1,
write,write,,,video_small,pg_bytea,6,01-01-01-02-01-01-05_r06.mp4,5457041,0.221282,1,
write,write,,,video_small,mongo_gridfs,6,01-01-01-02-01-01-05_r06.mp4,5457041,0.042711,1,
write,write,,,video_small,polyglot,6,01-01-01-02-01-01-05_r06.mp4,5457041,0.048551,1,
write,write,,,video_small,pg_bytea,6,01-01-01-02-01-01-15_r06.mp4,5457041,0.129930,1,
write,write,,,video_small,polyglot,6,01-01-01-02-01-01-15_r06.mp4,5457041,0.053387,1,
write,write,,,video_small,mongo_gridfs,6,01-01-01-02-01-01-15_r06.mp4,5457041,0.042552,1,
write,write,,,video_small,pg_bytea,6,01-01-01-02-02-01-18_r06.mp4,5457041,0.140731,1,
write,write,,,video_small,polyglot,6,01-01-01-02-02-01-18_r06.mp4,5457041,0.045218,1,
write,write,,,video_small,mongo_gridfs,6,01-01-01-02-02-01-18_r06.mp4,5457041,0.044333,1,
write,write,,,video_small,polyglot,6,01-01-01-02-02-01-19_r06.mp4,5457041,0.044813,1,
write,write,,,video_small,pg_bytea,6,01-01-01-02-02-01-19_r06.mp4,5457041,0.179934,1,
write,write,,,video_small,mongo_gridfs,6,01-01-01-02-02-01-19_r06.mp4,5457041,0.054629,1,
write,write,,,video_small,pg_bytea,6,01-01-02-01-01-02-09_r06.mp4,5498397,0.337975,1,
write,write,,,video_small,mongo_gridfs,6,01-01-02-01-01-02-09_r06.mp4,5498397,0.048647,1,
write,write,,,video_small,polyglot,6,01-01-02-01-01-02-09_r06.mp4,5498397,0.060570,1,
write,write,,,video_small,polyglot,6,01-01-02-01-01-02-18_r06.mp4,5498397,0.045010,1,
write,write,,,video_small,pg_bytea,6,01-01-02-01-01-02-18_r06.mp4,5498397,0.140961,1,
write,write,,,video_small,mongo_gridfs,6,01-01-02-01-01-02-18_r06.mp4,5498397,0.045724,1,
write,write,,,video_small,polyglot,6,01-01-02-01-01-02-23_r06.mp4,5498397,0.045991,1,
write,write,,,video_small,mongo_gridfs,6,01-01-02-01-01-02-23_r06.mp4,5498397,0.044570,1,
write,write,,,video_small,pg_bytea,6,01-01-02-01-01-02-23_r06.mp4,5498397,0.147407,1,
write,write,,,video_small,pg_bytea,6,01-01-02-01-02-01-09_r06.mp4,5498397,0.139858,1,
write,write,,,video_small,mongo_gridfs,6,01-01-02-01-02-01-09_r06.mp4,5498397,0.042799,1,
write,write,,,video_small,polyglot,6,01-01-02-01-02-01-09_r06.mp4,5498397,0.044909,1,
write,write,,,video_small,mongo_gridfs,6,01-01-02-01-02-02-01_r06.mp4,5498397,0.047734,1,
write,write,,,video_small,pg_bytea,6,01-01-02-01-02-02-01_r06.mp4,5498397,0.147971,1,
write,write,,,video_small,polyglot,6,01-01-02-01-02-02-01_r06.mp4,5498397,0.056074,1,
write,write,,,video_small,pg_bytea,6,01-01-02-01-02-02-03_r06.mp4,5498397,0.140793,1,
write,write,,,video_small,polyglot,6,01-01-02-01-02-02-03_r06.mp4,5498397,0.046278,1,
write,write,,,video_small,mongo_gridfs,6,01-01-02-01-02-02-03_r06.mp4,5498397,0.046484,1,
write,write,,,video_small,mongo_gridfs,6,01-01-02-02-01-02-02_r06.mp4,5498397,0.066567,1,
write,write,,,video_small,pg_bytea,6,01-01-02-02-01-02-02_r06.mp4,5498397,0.162439,1,
write,write,,,video_small,polyglot,6,01-01-02-02-01-02-02_r06.mp4,5498397,0.268760,1,
write,write,,,video_small,mongo_gridfs,6,01-01-02-02-01-02-03_r06.mp4,5498397,0.046495,1,
write,write,,,video_small,pg_bytea,6,01-01-02-02-01-02-03_r06.mp4,5498397,0.148358,1,
write,write,,,video_small,polyglot,6,01-01-02-02-01-02-03_r06.mp4,5498397,0.053490,1,
write,write,,,video_small,mongo_gridfs,6,01-01-02-02-01-02-05_r06.mp4,5498397,0.054340,1,
write,write,,,video_small,polyglot,6,01-01-02-02-01-02-05_r06.mp4,5498397,0.064987,1,
write,write,,,video_small,pg_bytea,6,01-01-02-02-01-02-05_r06.mp4,5498397,0.139733,1,
write,write,,,video_small,pg_bytea,6,01-01-02-02-01-02-10_r06.mp4,5457041,0.236426,1,
write,write,,,video_small,polyglot,6,01-01-02-02-01-02-10_r06.mp4,5457041,0.053374,1,
write,write,,,video_small,mongo_gridfs,6,01-01-02-02-01-02-10_r06.mp4,5457041,0.052438,1,
write,write,,,video_small,mongo_gridfs,6,01-01-02-02-01-02-13_r06.mp4,5457041,0.045558,1,
write,write,,,video_small,pg_bytea,6,01-01-02-02-01-02-13_r06.mp4,5457041,0.146056,1,
write,write,,,video_small,polyglot,6,01-01-02-02-01-02-13_r06.mp4,5457041,0.051941,1,
write,write,,,video_small,pg_bytea,6,01-01-02-02-01-02-17_r06.mp4,5457041,0.136756,1,
write,write,,,video_small,polyglot,6,01-01-02-02-01-02-17_r06.mp4,5457041,0.059219,1,
write,write,,,video_small,mongo_gridfs,6,01-01-02-02-01-02-17_r06.mp4,5457041,0.044121,1,
write,write,,,video_small,polyglot,6,01-01-02-02-02-02-18_r06.mp4,5457041,0.044610,1,
write,write,,,video_small,mongo_gridfs,6,01-01-02-02-02-02-18_r06.mp4,5457041,0.059220,1,
write,write,,,video_small,pg_bytea,6,01-01-02-02-02-02-18_r06.mp4,5457041,0.205643,1,
write,write,,,video_small,mongo_gridfs,6,01-01-02-02-02-02-19_r06.mp4,5457041,0.047852,1,
write,write,,,video_small,pg_bytea,6,01-01-02-02-02-02-19_r06.mp4,5457041,0.277704,1,
write,write,,,video_small,polyglot,6,01-01-02-02-02-02-19_r06.mp4,5457041,0.052132,1,
write,write,,,video_small,mongo_gridfs,6,01-01-02-02-02-02-21_r06.mp4,5498397,0.056711,1,
write,write,,,video_small,polyglot,6,01-01-02-02-02-02-21_r06.mp4,5498397,0.192815,1,
write,write,,,video_small,pg_bytea,6,01-01-02-02-02-02-21_r06.mp4,5498397,0.147737,1,
write,write,,,video_small,pg_bytea,6,01-01-02-02-02-02-22_r06.mp4,5457041,0.139639,1,
write,write,,,video_small,polyglot,6,01-01-02-02-02-02-22_r06.mp4,5457041,0.074178,1,
write,write,,,video_small,mongo_gridfs,6,01-01-02-02-02-02-22_r06.mp4,5457041,0.043921,1,
write,write,,,video_small,polyglot,6,01-01-02-02-02-02-23_r06.mp4,5457041,0.045086,1,
write,write,,,video_small,pg_bytea,6,01-01-02-02-02-02-23_r06.mp4,5457041,0.164499,1,
write,write,,,video_small,mongo_gridfs,6,01-01-02-02-02-02-23_r06.mp4,5457041,0.056345,1,
write,write,,,video_small,polyglot,6,01-01-03-01-01-01-12_r06.mp4,5457041,0.237040,1,
write,write,,,video_small,pg_bytea,6,01-01-03-01-01-01-12_r06.mp4,5457041,0.179690,1,
write,write,,,video_small,mongo_gridfs,6,01-01-03-01-01-01-12_r06.mp4,5457041,0.050390,1,
write,write,,,video_small,mongo_gridfs,6,01-01-03-01-01-01-15_r06.mp4,5457041,0.044534,1,
write,write,,,video_small,pg_bytea,6,01-01-03-01-01-01-15_r06.mp4,5457041,0.167894,1,
write,write,,,video_small,polyglot,6,01-01-03-01-01-01-15_r06.mp4,5457041,0.046646,1,
write,write,,,video_small,mongo_gridfs,6,01-01-03-01-02-01-08_r06.mp4,5498397,0.046044,1,
write,write,,,video_small,pg_bytea,6,01-01-03-01-02-01-08_r06.mp4,5498397,0.711560,1,
write,write,,,video_small,polyglot,6,01-01-03-01-02-01-08_r06.mp4,5498397,0.058086,1,
write,write,,,video_small,pg_bytea,6,01-01-03-01-02-01-21_r06.mp4,5498397,0.139957,1,
write,write,,,video_small,polyglot,6,01-01-03-01-02-01-21_r06.mp4,5498397,0.049793,1,
write,write,,,video_small,mongo_gridfs,6,01-01-03-01-02-01-21_r06.mp4,5498397,0.047638,1,
write,write,,,video_small,mongo_gridfs,6,01-01-03-02-01-01-21_r06.mp4,5457041,0.041736,1,
write,write,,,video_small,polyglot,6,01-01-03-02-01-01-21_r06.mp4,5457041,0.045565,1,
write,write,,,video_small,pg_bytea,6,01-01-03-02-01-01-21_r06.mp4,5457041,0.158731,1,
write,write,,,video_small,polyglot,6,01-01-03-02-01-01-24_r06.mp4,5457041,0.050952,1,
write,write,,,video_small,pg_bytea,6,01-01-03-02-01-01-24_r06.mp4,5457041,0.153091,1,
write,write,,,video_small,mongo_gridfs,6,01-01-03-02-01-01-24_r06.mp4,5457041,0.043221,1,
write,write,,,video_small,polyglot,6,01-01-03-02-01-02-01_r06.mp4,5457041,0.049415,1,
write,write,,,video_small,pg_bytea,6,01-01-03-02-01-02-01_r06.mp4,5457041,0.134522,1,
write,write,,,video_small,mongo_gridfs,6,01-01-03-02-01-02-01_r06.mp4,5457041,0.180252,1,
write,write,,,video_small,mongo_gridfs,6,01-01-03-02-01-02-15_r06.mp4,5457041,0.047819,1,
write,write,,,video_small,polyglot,6,01-01-03-02-01-02-15_r06.mp4,5457041,0.051584,1,
write,write,,,video_small,pg_bytea,6,01-01-03-02-01-02-15_r06.mp4,5457041,0.154093,1,
write,write,,,video_small,polyglot,6,01-01-03-02-02-01-05_r06.mp4,5457041,0.091584,1,
write,write,,,video_small,mongo_gridfs,6,01-01-03-02-02-01-05_r06.mp4,5457041,0.043731,1,
write,write,,,video_small,pg_bytea,6,01-01-03-02-02-01-05_r06.mp4,5457041,0.152584,1,
write,write,,,video_small,pg_bytea,6,01-01-03-02-02-01-12_r06.mp4,5457041,0.141321,1,
write,write,,,video_small,polyglot,6,01-01-03-02-02-01-12_r06.mp4,5457041,0.066857,1,
write,write,,,video_small,mongo_gridfs,6,01-01-03-02-02-01-12_r06.mp4,5457041,0.051925,1,
write,write,,,video_small,mongo_gridfs,6,01-01-03-02-02-01-15_r06.mp4,5498397,0.057844,1,
write,write,,,video_small,polyglot,6,01-01-03-02-02-01-15_r06.mp4,5498397,0.049132,1,
write,write,,,video_small,pg_bytea,6,01-01-03-02-02-01-15_r06.mp4,5498397,0.297614,1,
write,write,,,video_small,polyglot,6,01-01-04-01-01-01-03_r06.mp4,5457041,0.082709,1,
write,write,,,video_small,mongo_gridfs,6,01-01-04-01-01-01-03_r06.mp4,5457041,0.098702,1,
write,write,,,video_small,pg_bytea,6,01-01-04-01-01-01-03_r06.mp4,5457041,0.149662,1,
write,write,,,video_small,pg_bytea,6,01-01-04-01-01-01-05_r06.mp4,5498397,0.148962,1,
write,write,,,video_small,polyglot,6,01-01-04-01-01-01-05_r06.mp4,5498397,0.059698,1,
write,write,,,video_small,mongo_gridfs,6,01-01-04-01-01-01-05_r06.mp4,5498397,0.059929,1,
write,write,,,video_small,mongo_gridfs,6,01-01-04-01-01-01-10_r06.mp4,5457041,0.043704,1,
write,write,,,video_small,polyglot,6,01-01-04-01-01-01-10_r06.mp4,5457041,0.046091,1,
write,write,,,video_small,pg_bytea,6,01-01-04-01-01-01-10_r06.mp4,5457041,0.137300,1,
write,write,,,video_small,mongo_gridfs,6,01-01-04-01-01-01-16_r06.mp4,5457041,0.057415,1,
write,write,,,video_small,polyglot,6,01-01-04-01-01-01-16_r06.mp4,5457041,0.045757,1,
write,write,,,video_small,pg_bytea,6,01-01-04-01-01-01-16_r06.mp4,5457041,0.152460,1,
write,write,,,video_small,pg_bytea,6,01-01-04-01-02-01-19_r06.mp4,5498397,0.396824,1,
write,write,,,video_small,mongo_gridfs,6,01-01-04-01-02-01-19_r06.mp4,5498397,0.049216,1,
write,write,,,video_small,polyglot,6,01-01-04-01-02-01-19_r06.mp4,5498397,0.047189,1,
write,write,,,video_small,pg_bytea,6,01-01-04-01-02-01-21_r06.mp4,5498397,0.144861,1,
write,write,,,video_small,mongo_gridfs,6,01-01-04-01-02-01-21_r06.mp4,5498397,0.060680,1,
write,write,,,video_small,polyglot,6,01-01-04-01-02-01-21_r06.mp4,5498397,0.117520,1,
write,write,,,video_small,mongo_gridfs,6,01-01-04-01-02-01-22_r06.mp4,5498397,0.045209,1,
write,write,,,video_small,polyglot,6,01-01-04-01-02-01-22_r06.mp4,5498397,0.085335,1,
write,write,,,video_small,pg_bytea,6,01-01-04-01-02-01-22_r06.mp4,5498397,0.138006,1,
write,write,,,video_small,pg_bytea,6,01-01-04-02-01-01-18_r06.mp4,5498397,0.203863,1,
write,write,,,video_small,polyglot,6,01-01-04-02-01-01-18_r06.mp4,5498397,0.127385,1,
write,write,,,video_small,mongo_gridfs,6,01-01-04-02-01-01-18_r06.mp4,5498397,0.056779,1,
write,write,,,video_small,mongo_gridfs,6,01-01-04-02-01-01-19_r06.mp4,5498397,0.047840,1,
write,write,,,video_small,polyglot,6,01-01-04-02-01-01-19_r06.mp4,5498397,0.050260,1,
write,write,,,video_small,pg_bytea,6,01-01-04-02-01-01-19_r06.mp4,5498397,0.158493,1,
write,write,,,video_small,polyglot,6,01-01-04-02-02-01-02_r06.mp4,5498397,0.057480,1,
write,write,,,video_small,pg_bytea,6,01-01-04-02-02-01-02_r06.mp4,5498397,0.169125,1,
write,write,,,video_small,mongo_gridfs,6,01-01-04-02-02-01-02_r06.mp4,5498397,0.045699,1,
write,write,,,video_small,pg_bytea,6,01-01-04-02-02-01-05_r06.mp4,5498397,0.230332,1,
write,write,,,video_small,polyglot,6,01-01-04-02-02-01-05_r06.mp4,5498397,0.055145,1,
write,write,,,video_small,mongo_gridfs,6,01-01-04-02-02-01-05_r06.mp4,5498397,0.045556,1,
write,write,,,video_small,mongo_gridfs,6,01-01-04-02-02-01-06_r06.mp4,5498397,0.046603,1,
write,write,,,video_small,polyglot,6,01-01-04-02-02-01-06_r06.mp4,5498397,0.054782,1,
write,write,,,video_small,pg_bytea,6,01-01-04-02-02-01-06_r06.mp4,5498397,0.168545,1,
write,write,,,video_small,polyglot,6,01-01-04-02-02-01-13_r06.mp4,5498397,0.350164,1,
write,write,,,video_small,mongo_gridfs,6,01-01-04-02-02-01-13_r06.mp4,5498397,0.062498,1,
write,write,,,video_small,pg_bytea,6,01-01-04-02-02-01-13_r06.mp4,5498397,0.141866,1,
write,write,,,video_small,polyglot,6,01-01-04-02-02-01-17_r06.mp4,5498397,0.067412,1,
write,write,,,video_small,pg_bytea,6,01-01-04-02-02-01-17_r06.mp4,5498397,0.134241,1,
write,write,,,video_small,mongo_gridfs,6,01-01-04-02-02-01-17_r06.mp4,5498397,0.040363,1,
write,write,,,video_small,polyglot,6,01-01-04-02-02-02-19_r06.mp4,5498397,0.051898,1,
write,write,,,video_small,pg_bytea,6,01-01-04-02-02-02-19_r06.mp4,5498397,0.135390,1,
write,write,,,video_small,mongo_gridfs,6,01-01-04-02-02-02-19_r06.mp4,5498397,0.044660,1,
write,write,,,video_small,mongo_gridfs,6,01-01-05-01-01-02-09_r06.mp4,5498397,0.041097,1,
write,write,,,video_small,polyglot,6,01-01-05-01-01-02-09_r06.mp4,5498397,0.254996,1,
write,write,,,video_small,pg_bytea,6,01-01-05-01-01-02-09_r06.mp4,5498397,0.163961,1,
write,write,,,video_small,mongo_gridfs,6,01-01-05-01-01-02-19_r06.mp4,5498397,0.051004,1,
write,write,,,video_small,polyglot,6,01-01-05-01-01-02-19_r06.mp4,5498397,0.081313,1,
write,write,,,video_small,pg_bytea,6,01-01-05-01-01-02-19_r06.mp4,5498397,0.376062,1,
write,write,,,video_small,polyglot,6,01-01-05-01-01-02-21_r06.mp4,5457041,0.068057,1,
write,write,,,video_small,pg_bytea,6,01-01-05-01-01-02-21_r06.mp4,5457041,0.148627,1,
write,write,,,video_small,mongo_gridfs,6,01-01-05-01-01-02-21_r06.mp4,5457041,0.049858,1,
write,write,,,video_small,polyglot,6,01-01-05-01-02-01-19_r06.mp4,5457041,0.134876,1,
write,write,,,video_small,mongo_gridfs,6,01-01-05-01-02-01-19_r06.mp4,5457041,0.046430,1,
write,write,,,video_small,pg_bytea,6,01-01-05-01-02-01-19_r06.mp4,5457041,0.143885,1,
write,write,,,video_small,mongo_gridfs,6,01-01-05-01-02-02-04_r06.mp4,5457041,0.045268,1,
write,write,,,video_small,polyglot,6,01-01-05-01-02-02-04_r06.mp4,5457041,0.046167,1,
write,write,,,video_small,pg_bytea,6,01-01-05-01-02-02-04_r06.mp4,5457041,0.138426,1,
write,write,,,video_small,mongo_gridfs,6,01-01-05-01-02-02-05_r06.mp4,5498397,0.056605,1,
write,write,,,video_small,polyglot,6,01-01-05-01-02-02-05_r06.mp4,5498397,0.049352,1,
write,write,,,video_small,pg_bytea,6,01-01-05-01-02-02-05_r06.mp4,5498397,0.157270,1,
write,write,,,video_small,mongo_gridfs,6,01-01-05-02-01-02-04_r06.mp4,5457041,0.117076,1,
write,write,,,video_small,polyglot,6,01-01-05-02-01-02-04_r06.mp4,5457041,0.057032,1,
write,write,,,video_small,pg_bytea,6,01-01-05-02-01-02-04_r06.mp4,5457041,0.153163,1,
write,write,,,video_small,polyglot,6,01-01-05-02-01-02-12_r06.mp4,5457041,0.046719,1,
write,write,,,video_small,mongo_gridfs,6,01-01-05-02-01-02-12_r06.mp4,5457041,0.051265,1,
write,write,,,video_small,pg_bytea,6,01-01-05-02-01-02-12_r06.mp4,5457041,0.335831,1,
write,write,,,video_small,pg_bytea,6,01-01-05-02-01-02-14_r06.mp4,5457041,0.148936,1,
write,write,,,video_small,polyglot,6,01-01-05-02-01-02-14_r06.mp4,5457041,0.073634,1,
write,write,,,video_small,mongo_gridfs,6,01-01-05-02-01-02-14_r06.mp4,5457041,0.044375,1,
write,write,,,video_small,pg_bytea,6,01-01-05-02-02-02-19_r06.mp4,5498397,0.139151,1,
write,write,,,video_small,mongo_gridfs,6,01-01-05-02-02-02-19_r06.mp4,5498397,0.039316,1,
write,write,,,video_small,polyglot,6,01-01-05-02-02-02-19_r06.mp4,5498397,0.047077,1,
write,write,,,video_small,pg_bytea,6,01-01-05-02-02-02-20_r06.mp4,5498397,0.146162,1,
write,write,,,video_small,mongo_gridfs,6,01-01-05-02-02-02-20_r06.mp4,5498397,0.052388,1,
write,write,,,video_small,polyglot,6,01-01-05-02-02-02-20_r06.mp4,5498397,0.048291,1,
write,write,,,video_small,pg_bytea,6,01-01-05-02-02-02-23_r06.mp4,5498397,0.150571,1,
write,write,,,video_small,polyglot,6,01-01-05-02-02-02-23_r06.mp4,5498397,0.045727,1,
write,write,,,video_small,mongo_gridfs,6,01-01-05-02-02-02-23_r06.mp4,5498397,0.045915,1,
write,write,,,video_small,polyglot,6,01-01-06-01-01-01-08_r06.mp4,5457041,0.069129,1,
write,write,,,video_small,mongo_gridfs,6,01-01-06-01-01-01-08_r06.mp4,5457041,0.047237,1,
write,write,,,video_small,pg_bytea,6,01-01-06-01-01-01-08_r06.mp4,5457041,0.150118,1,
write,write,,,video_small,polyglot,6,01-01-06-01-01-01-19_r06.mp4,5457041,0.046978,1,
write,write,,,video_small,mongo_gridfs,6,01-01-06-01-01-01-19_r06.mp4,5457041,0.047074,1,
write,write,,,video_small,pg_bytea,6,01-01-06-01-01-01-19_r06.mp4,5457041,0.150451,1,
write,write,,,video_small,polyglot,6,01-01-06-01-01-01-24_r06.mp4,5498397,0.049446,1,
write,write,,,video_small,mongo_gridfs,6,01-01-06-01-01-01-24_r06.mp4,5498397,0.050518,1,
write,write,,,video_small,pg_bytea,6,01-01-06-01-01-01-24_r06.mp4,5498397,0.150217,1,
write,write,,,video_medium,pg_bytea,6,tsinghua_v_0024_r06.mp4,13091522,0.610926,1,
write,write,,,video_medium,polyglot,6,tsinghua_v_0024_r06.mp4,13091522,0.106082,1,
write,write,,,video_medium,mongo_gridfs,6,tsinghua_v_0024_r06.mp4,13091522,0.095571,1,
write,write,,,video_medium,polyglot,6,tsinghua_v_0046_r06.mp4,13091522,0.121334,1,
write,write,,,video_medium,pg_bytea,6,tsinghua_v_0046_r06.mp4,13091522,0.492505,1,
write,write,,,video_medium,mongo_gridfs,6,tsinghua_v_0046_r06.mp4,13091522,0.103388,1,
write,write,,,video_medium,pg_bytea,6,tsinghua_v_0076_r06.mp4,13091522,0.343947,1,
write,write,,,video_medium,mongo_gridfs,6,tsinghua_v_0076_r06.mp4,13091522,0.113777,1,
write,write,,,video_medium,polyglot,6,tsinghua_v_0076_r06.mp4,13091522,0.549417,1,
write,write,,,video_medium,polyglot,6,tsinghua_v_0080_r06.mp4,13091522,0.122572,1,
write,write,,,video_medium,mongo_gridfs,6,tsinghua_v_0080_r06.mp4,13091522,0.120058,1,
write,write,,,video_medium,pg_bytea,6,tsinghua_v_0080_r06.mp4,13091522,0.354145,1,
write,write,,,video_medium,polyglot,6,tsinghua_v_0109_r06.mp4,13091522,0.125938,1,
write,write,,,video_medium,mongo_gridfs,6,tsinghua_v_0109_r06.mp4,13091522,0.108013,1,
write,write,,,video_medium,pg_bytea,6,tsinghua_v_0109_r06.mp4,13091522,0.337040,1,
write,write,,,video_medium,pg_bytea,6,tsinghua_v_0123_r06.mp4,13091522,0.575473,1,
write,write,,,video_medium,mongo_gridfs,6,tsinghua_v_0123_r06.mp4,13091522,0.105177,1,
write,write,,,video_medium,polyglot,6,tsinghua_v_0123_r06.mp4,13091522,0.129929,1,
write,write,,,video_medium,pg_bytea,6,tsinghua_v_0130_r06.mp4,13091522,0.434408,1,
write,write,,,video_medium,mongo_gridfs,6,tsinghua_v_0130_r06.mp4,13091522,0.136639,1,
write,write,,,video_medium,polyglot,6,tsinghua_v_0130_r06.mp4,13091522,0.116632,1,
write,write,,,video_medium,polyglot,6,tsinghua_v_0135_r06.mp4,13091522,0.112851,1,
write,write,,,video_medium,mongo_gridfs,6,tsinghua_v_0135_r06.mp4,13091522,0.101241,1,
write,write,,,video_medium,pg_bytea,6,tsinghua_v_0135_r06.mp4,13091522,0.372370,1,
write,write,,,video_medium,polyglot,6,tsinghua_v_0137_r06.mp4,13091522,0.164527,1,
write,write,,,video_medium,mongo_gridfs,6,tsinghua_v_0137_r06.mp4,13091522,0.102097,1,
write,write,,,video_medium,pg_bytea,6,tsinghua_v_0137_r06.mp4,13091522,0.358425,1,
write,write,,,video_medium,mongo_gridfs,6,tsinghua_v_0140_r06.mp4,13091522,0.098104,1,
write,write,,,video_medium,polyglot,6,tsinghua_v_0140_r06.mp4,13091522,0.107558,1,
write,write,,,video_medium,pg_bytea,6,tsinghua_v_0140_r06.mp4,13091522,0.418009,1,
write,write,,,video_medium,mongo_gridfs,6,tsinghua_v_0151_r06.mp4,13091522,0.106623,1,
write,write,,,video_medium,pg_bytea,6,tsinghua_v_0151_r06.mp4,13091522,0.400441,1,
write,write,,,video_medium,polyglot,6,tsinghua_v_0151_r06.mp4,13091522,0.111315,1,
write,write,,,video_medium,mongo_gridfs,6,tsinghua_v_0157_r06.mp4,13091522,0.114321,1,
write,write,,,video_medium,polyglot,6,tsinghua_v_0157_r06.mp4,13091522,0.129417,1,
write,write,,,video_medium,pg_bytea,6,tsinghua_v_0157_r06.mp4,13091522,0.363451,1,
write,write,,,video_medium,polyglot,6,tsinghua_v_0209_r06.mp4,13091522,0.561717,1,
write,write,,,video_medium,mongo_gridfs,6,tsinghua_v_0209_r06.mp4,13091522,0.099855,1,
write,write,,,video_medium,pg_bytea,6,tsinghua_v_0209_r06.mp4,13091522,0.327551,1,
write,write,,,video_medium,pg_bytea,6,tsinghua_v_0226_r06.mp4,13091522,0.301841,1,
write,write,,,video_medium,polyglot,6,tsinghua_v_0226_r06.mp4,13091522,0.134215,1,
write,write,,,video_medium,mongo_gridfs,6,tsinghua_v_0226_r06.mp4,13091522,0.111321,1,
write,write,,,video_medium,mongo_gridfs,6,tsinghua_v_0236_r06.mp4,13091522,0.102287,1,
write,write,,,video_medium,pg_bytea,6,tsinghua_v_0236_r06.mp4,13091522,0.348080,1,
write,write,,,video_medium,polyglot,6,tsinghua_v_0236_r06.mp4,13091522,0.228169,1,
write,write,,,video_medium,polyglot,6,tsinghua_v_0274_r06.mp4,13091522,0.104771,1,
write,write,,,video_medium,pg_bytea,6,tsinghua_v_0274_r06.mp4,13091522,0.332223,1,
write,write,,,video_medium,mongo_gridfs,6,tsinghua_v_0274_r06.mp4,13091522,0.115713,1,
write,write,,,video_medium,pg_bytea,6,tsinghua_v_0280_r06.mp4,13091522,0.626396,1,
write,write,,,video_medium,polyglot,6,tsinghua_v_0280_r06.mp4,13091522,0.095346,1,
write,write,,,video_medium,mongo_gridfs,6,tsinghua_v_0280_r06.mp4,13091522,0.098040,1,
write,write,,,video_medium,polyglot,6,tsinghua_v_0302_r06.mp4,13091522,0.109203,1,
write,write,,,video_medium,mongo_gridfs,6,tsinghua_v_0302_r06.mp4,13091522,0.121449,1,
write,write,,,video_medium,pg_bytea,6,tsinghua_v_0302_r06.mp4,13091522,0.346154,1,
write,write,,,video_medium,pg_bytea,6,tsinghua_v_0311_r06.mp4,13091522,0.346248,1,
write,write,,,video_medium,polyglot,6,tsinghua_v_0311_r06.mp4,13091522,0.153868,1,
write,write,,,video_medium,mongo_gridfs,6,tsinghua_v_0311_r06.mp4,13091522,0.105031,1,
write,write,,,video_medium,pg_bytea,6,tsinghua_v_0316_r06.mp4,13091522,0.540566,1,
write,write,,,video_medium,mongo_gridfs,6,tsinghua_v_0316_r06.mp4,13091522,0.132718,1,
write,write,,,video_medium,polyglot,6,tsinghua_v_0316_r06.mp4,13091522,0.117830,1,
write,write,,,video_medium,pg_bytea,6,tsinghua_v_0319_r06.mp4,13091522,0.344616,1,
write,write,,,video_medium,mongo_gridfs,6,tsinghua_v_0319_r06.mp4,13091522,0.113003,1,
write,write,,,video_medium,polyglot,6,tsinghua_v_0319_r06.mp4,13091522,0.378352,1,
write,write,,,video_medium,polyglot,6,tsinghua_v_0321_r06.mp4,13091522,0.101872,1,
write,write,,,video_medium,mongo_gridfs,6,tsinghua_v_0321_r06.mp4,13091522,0.106538,1,
write,write,,,video_medium,pg_bytea,6,tsinghua_v_0321_r06.mp4,13091522,0.328107,1,
write,write,,,video_medium,polyglot,6,tsinghua_v_0331_r06.mp4,13091522,0.118556,1,
write,write,,,video_medium,mongo_gridfs,6,tsinghua_v_0331_r06.mp4,13091522,0.127935,1,
write,write,,,video_medium,pg_bytea,6,tsinghua_v_0331_r06.mp4,13091522,0.524045,1,
write,write,,,video_medium,polyglot,6,tsinghua_v_0345_r06.mp4,13091522,0.105414,1,
write,write,,,video_medium,mongo_gridfs,6,tsinghua_v_0345_r06.mp4,13091522,0.096770,1,
write,write,,,video_medium,pg_bytea,6,tsinghua_v_0345_r06.mp4,13091522,0.477770,1,
write,write,,,video_medium,pg_bytea,6,tsinghua_v_0356_r06.mp4,13091522,0.338975,1,
write,write,,,video_medium,polyglot,6,tsinghua_v_0356_r06.mp4,13091522,0.109077,1,
write,write,,,video_medium,mongo_gridfs,6,tsinghua_v_0356_r06.mp4,13091522,0.101304,1,
write,write,,,video_medium,polyglot,6,tsinghua_v_0357_r06.mp4,13091522,0.168296,1,
write,write,,,video_medium,mongo_gridfs,6,tsinghua_v_0357_r06.mp4,13091522,0.125497,1,
write,write,,,video_medium,pg_bytea,6,tsinghua_v_0357_r06.mp4,13091522,0.366284,1,
write,write,,,video_medium,mongo_gridfs,6,tsinghua_v_0379_r06.mp4,13091522,0.097564,1,
write,write,,,video_medium,pg_bytea,6,tsinghua_v_0379_r06.mp4,13091522,0.398014,1,
write,write,,,video_medium,polyglot,6,tsinghua_v_0379_r06.mp4,13091522,0.103066,1,
write,write,,,video_medium,mongo_gridfs,6,tsinghua_v_0393_r06.mp4,13091522,0.112692,1,
write,write,,,video_medium,polyglot,6,tsinghua_v_0393_r06.mp4,13091522,0.121801,1,
write,write,,,video_medium,pg_bytea,6,tsinghua_v_0393_r06.mp4,13091522,0.577152,1,
write,write,,,video_medium,polyglot,6,tsinghua_v_0421_r06.mp4,13091522,0.134668,1,
write,write,,,video_medium,pg_bytea,6,tsinghua_v_0421_r06.mp4,13091522,0.407146,1,
write,write,,,video_medium,mongo_gridfs,6,tsinghua_v_0421_r06.mp4,13091522,0.106944,1,
write,write,,,video_medium,mongo_gridfs,6,tsinghua_v_0424_r06.mp4,13091522,0.098985,1,
write,write,,,video_medium,pg_bytea,6,tsinghua_v_0424_r06.mp4,13091522,0.334923,1,
write,write,,,video_medium,polyglot,6,tsinghua_v_0424_r06.mp4,13091522,0.126359,1,
write,write,,,video_medium,pg_bytea,6,tsinghua_v_0427_r06.mp4,13091522,0.390267,1,
write,write,,,video_medium,polyglot,6,tsinghua_v_0427_r06.mp4,13091522,0.110215,1,
write,write,,,video_medium,mongo_gridfs,6,tsinghua_v_0427_r06.mp4,13091522,0.116460,1,
write,write,,,video_medium,mongo_gridfs,6,tsinghua_v_0431_r06.mp4,13091522,0.109944,1,
write,write,,,video_medium,pg_bytea,6,tsinghua_v_0431_r06.mp4,13091522,0.381039,1,
write,write,,,video_medium,polyglot,6,tsinghua_v_0431_r06.mp4,13091522,0.101580,1,
write,write,,,video_medium,mongo_gridfs,6,tsinghua_v_0452_r06.mp4,13091522,0.100421,1,
write,write,,,video_medium,pg_bytea,6,tsinghua_v_0452_r06.mp4,13091522,0.387223,1,
write,write,,,video_medium,polyglot,6,tsinghua_v_0452_r06.mp4,13091522,0.116171,1,
write,write,,,video_medium,mongo_gridfs,6,tsinghua_v_0454_r06.mp4,13091522,0.097996,1,
write,write,,,video_medium,polyglot,6,tsinghua_v_0454_r06.mp4,13091522,0.105036,1,
write,write,,,video_medium,pg_bytea,6,tsinghua_v_0454_r06.mp4,13091522,0.357800,1,
write,write,,,video_medium,mongo_gridfs,6,tsinghua_v_0457_r06.mp4,13091522,0.098440,1,
write,write,,,video_medium,polyglot,6,tsinghua_v_0457_r06.mp4,13091522,0.134440,1,
write,write,,,video_medium,pg_bytea,6,tsinghua_v_0457_r06.mp4,13091522,0.314232,1,
write,write,,,video_medium,pg_bytea,6,tsinghua_v_0466_r06.mp4,13091522,0.401989,1,
write,write,,,video_medium,mongo_gridfs,6,tsinghua_v_0466_r06.mp4,13091522,0.097000,1,
write,write,,,video_medium,polyglot,6,tsinghua_v_0466_r06.mp4,13091522,0.128303,1,
write,write,,,video_medium,pg_bytea,6,tsinghua_v_0471_r06.mp4,13091522,0.336108,1,
write,write,,,video_medium,mongo_gridfs,6,tsinghua_v_0471_r06.mp4,13091522,0.104170,1,
write,write,,,video_medium,polyglot,6,tsinghua_v_0471_r06.mp4,13091522,0.097078,1,
write,write,,,video_medium,polyglot,6,tsinghua_v_0472_r06.mp4,13091522,0.136450,1,
write,write,,,video_medium,pg_bytea,6,tsinghua_v_0472_r06.mp4,13091522,0.360013,1,
write,write,,,video_medium,mongo_gridfs,6,tsinghua_v_0472_r06.mp4,13091522,0.116308,1,
write,write,,,video_medium,polyglot,6,tsinghua_v_0494_r06.mp4,13091522,0.154665,1,
write,write,,,video_medium,pg_bytea,6,tsinghua_v_0494_r06.mp4,13091522,0.341812,1,
write,write,,,video_medium,mongo_gridfs,6,tsinghua_v_0494_r06.mp4,13091522,0.093391,1,
write,write,,,video_medium,mongo_gridfs,6,tsinghua_v_0503_r06.mp4,13091522,0.100358,1,
write,write,,,video_medium,polyglot,6,tsinghua_v_0503_r06.mp4,13091522,0.101630,1,
write,write,,,video_medium,pg_bytea,6,tsinghua_v_0503_r06.mp4,13091522,0.343793,1,
write,write,,,video_medium,polyglot,6,tsinghua_v_0509_r06.mp4,13091522,0.102547,1,
write,write,,,video_medium,pg_bytea,6,tsinghua_v_0509_r06.mp4,13091522,0.469762,1,
write,write,,,video_medium,mongo_gridfs,6,tsinghua_v_0509_r06.mp4,13091522,0.101321,1,
write,write,,,video_medium,mongo_gridfs,6,tsinghua_v_0523_r06.mp4,13091522,0.108548,1,
write,write,,,video_medium,polyglot,6,tsinghua_v_0523_r06.mp4,13091522,0.108065,1,
write,write,,,video_medium,pg_bytea,6,tsinghua_v_0523_r06.mp4,13091522,0.324159,1,
write,write,,,video_medium,polyglot,6,tsinghua_v_0546_r06.mp4,13091522,0.205240,1,
write,write,,,video_medium,mongo_gridfs,6,tsinghua_v_0546_r06.mp4,13091522,0.107022,1,
write,write,,,video_medium,pg_bytea,6,tsinghua_v_0546_r06.mp4,13091522,0.311571,1,
write,write,,,video_medium,mongo_gridfs,6,tsinghua_v_0568_r06.mp4,13091522,0.104379,1,
write,write,,,video_medium,pg_bytea,6,tsinghua_v_0568_r06.mp4,13091522,0.419900,1,
write,write,,,video_medium,polyglot,6,tsinghua_v_0568_r06.mp4,13091522,0.105864,1,
write,write,,,video_medium,mongo_gridfs,6,tsinghua_v_0594_r06.mp4,13091522,0.097178,1,
write,write,,,video_medium,pg_bytea,6,tsinghua_v_0594_r06.mp4,13091522,0.318373,1,
write,write,,,video_medium,polyglot,6,tsinghua_v_0594_r06.mp4,13091522,0.116301,1,
write,write,,,video_medium,polyglot,6,tsinghua_v_0596_r06.mp4,13091522,0.101142,1,
write,write,,,video_medium,pg_bytea,6,tsinghua_v_0596_r06.mp4,13091522,0.476900,1,
write,write,,,video_medium,mongo_gridfs,6,tsinghua_v_0596_r06.mp4,13091522,0.095455,1,
write,write,,,video_medium,mongo_gridfs,6,tsinghua_v_0635_r06.mp4,13091522,0.098460,1,
write,write,,,video_medium,polyglot,6,tsinghua_v_0635_r06.mp4,13091522,0.131816,1,
write,write,,,video_medium,pg_bytea,6,tsinghua_v_0635_r06.mp4,13091522,0.312017,1,
write,write,,,video_medium,mongo_gridfs,6,tsinghua_v_0653_r06.mp4,13091522,0.103814,1,
write,write,,,video_medium,polyglot,6,tsinghua_v_0653_r06.mp4,13091522,0.114963,1,
write,write,,,video_medium,pg_bytea,6,tsinghua_v_0653_r06.mp4,13091522,0.479820,1,
write,write,,,video_medium,pg_bytea,6,tsinghua_v_0667_r06.mp4,13091522,0.309392,1,
write,write,,,video_medium,polyglot,6,tsinghua_v_0667_r06.mp4,13091522,1.144998,1,
write,write,,,video_medium,mongo_gridfs,6,tsinghua_v_0667_r06.mp4,13091522,0.198142,1,
write,write,,,video_medium,pg_bytea,6,tsinghua_v_0673_r06.mp4,13091522,1.236579,1,
write,write,,,video_medium,mongo_gridfs,6,tsinghua_v_0673_r06.mp4,13091522,0.225779,1,
write,write,,,video_medium,polyglot,6,tsinghua_v_0673_r06.mp4,13091522,0.305252,1,
write,write,,,video_medium,pg_bytea,6,tsinghua_v_0681_r06.mp4,13091522,0.364069,1,
write,write,,,video_medium,polyglot,6,tsinghua_v_0681_r06.mp4,13091522,0.158738,1,
write,write,,,video_medium,mongo_gridfs,6,tsinghua_v_0681_r06.mp4,13091522,0.344289,1,
write,write,,,video_medium,mongo_gridfs,6,tsinghua_v_0690_r06.mp4,13091522,0.126612,1,
write,write,,,video_medium,pg_bytea,6,tsinghua_v_0690_r06.mp4,13091522,0.339151,1,
write,write,,,video_medium,polyglot,6,tsinghua_v_0690_r06.mp4,13091522,0.113502,1,
write,write,,,video_medium,mongo_gridfs,6,tsinghua_v_0692_r06.mp4,13091522,0.144477,1,
write,write,,,video_medium,pg_bytea,6,tsinghua_v_0692_r06.mp4,13091522,0.349839,1,
write,write,,,video_medium,polyglot,6,tsinghua_v_0692_r06.mp4,13091522,0.328654,1,
write,write,,,video_medium,mongo_gridfs,6,tsinghua_v_0696_r06.mp4,13091522,0.119123,1,
write,write,,,video_medium,polyglot,6,tsinghua_v_0696_r06.mp4,13091522,0.444199,1,
write,write,,,video_medium,pg_bytea,6,tsinghua_v_0696_r06.mp4,13091522,0.428916,1,
write,write,,,video_medium,polyglot,6,tsinghua_v_0734_r06.mp4,13091522,0.133958,1,
write,write,,,video_medium,mongo_gridfs,6,tsinghua_v_0734_r06.mp4,13091522,0.103095,1,
write,write,,,video_medium,pg_bytea,6,tsinghua_v_0734_r06.mp4,13091522,0.327400,1,
write,write,,,video_medium,mongo_gridfs,6,tsinghua_v_0737_r06.mp4,13091522,0.201736,1,
write,write,,,video_medium,polyglot,6,tsinghua_v_0737_r06.mp4,13091522,0.440282,1,
write,write,,,video_medium,pg_bytea,6,tsinghua_v_0737_r06.mp4,13091522,0.362707,1,
write,write,,,video_medium,polyglot,6,tsinghua_v_0744_r06.mp4,13091522,0.110231,1,
write,write,,,video_medium,mongo_gridfs,6,tsinghua_v_0744_r06.mp4,13091522,0.104750,1,
write,write,,,video_medium,pg_bytea,6,tsinghua_v_0744_r06.mp4,13091522,0.394715,1,
write,write,,,video_medium,mongo_gridfs,6,tsinghua_v_0745_r06.mp4,13091522,0.115155,1,
write,write,,,video_medium,pg_bytea,6,tsinghua_v_0745_r06.mp4,13091522,0.328554,1,
write,write,,,video_medium,polyglot,6,tsinghua_v_0745_r06.mp4,13091522,0.153163,1,
write,write,,,video_medium,pg_bytea,6,tsinghua_v_0769_r06.mp4,13091522,0.322037,1,
write,write,,,video_medium,polyglot,6,tsinghua_v_0769_r06.mp4,13091522,0.229252,1,
write,write,,,video_medium,mongo_gridfs,6,tsinghua_v_0769_r06.mp4,13091522,0.134819,1,
write,write,,,video_medium,pg_bytea,6,tsinghua_v_0791_r06.mp4,13091522,0.520632,1,
write,write,,,video_medium,polyglot,6,tsinghua_v_0791_r06.mp4,13091522,0.465750,1,
write,write,,,video_medium,mongo_gridfs,6,tsinghua_v_0791_r06.mp4,13091522,0.099683,1,
write,write,,,video_medium,mongo_gridfs,6,tsinghua_v_0792_r06.mp4,13091522,0.129201,1,
write,write,,,video_medium,polyglot,6,tsinghua_v_0792_r06.mp4,13091522,0.163003,1,
write,write,,,video_medium,pg_bytea,6,tsinghua_v_0792_r06.mp4,13091522,0.354338,1,
write,write,,,video_medium,polyglot,6,tsinghua_v_0857_r06.mp4,13091522,0.421587,1,
write,write,,,video_medium,pg_bytea,6,tsinghua_v_0857_r06.mp4,13091522,0.403291,1,
write,write,,,video_medium,mongo_gridfs,6,tsinghua_v_0857_r06.mp4,13091522,0.100247,1,
write,write,,,video_medium,mongo_gridfs,6,tsinghua_v_0866_r06.mp4,13091522,0.116342,1,
write,write,,,video_medium,pg_bytea,6,tsinghua_v_0866_r06.mp4,13091522,0.332063,1,
write,write,,,video_medium,polyglot,6,tsinghua_v_0866_r06.mp4,13091522,0.155211,1,
write,write,,,video_medium,mongo_gridfs,6,tsinghua_v_0880_r06.mp4,13091522,0.115821,1,
write,write,,,video_medium,pg_bytea,6,tsinghua_v_0880_r06.mp4,13091522,0.393007,1,
write,write,,,video_medium,polyglot,6,tsinghua_v_0880_r06.mp4,13091522,0.329280,1,
write,write,,,video_medium,mongo_gridfs,6,tsinghua_v_0888_r06.mp4,13091522,0.275275,1,
write,write,,,video_medium,polyglot,6,tsinghua_v_0888_r06.mp4,13091522,0.136861,1,
write,write,,,video_medium,pg_bytea,6,tsinghua_v_0888_r06.mp4,13091522,0.336653,1,
write,write,,,video_medium,polyglot,6,tsinghua_v_0901_r06.mp4,13091522,0.111592,1,
write,write,,,video_medium,mongo_gridfs,6,tsinghua_v_0901_r06.mp4,13091522,0.153088,1,
write,write,,,video_medium,pg_bytea,6,tsinghua_v_0901_r06.mp4,13091522,0.512148,1,
write,write,,,video_medium,pg_bytea,6,tsinghua_v_0937_r06.mp4,13091522,0.435107,1,
write,write,,,video_medium,polyglot,6,tsinghua_v_0937_r06.mp4,13091522,0.123280,1,
write,write,,,video_medium,mongo_gridfs,6,tsinghua_v_0937_r06.mp4,13091522,0.119086,1,
write,write,,,video_medium,pg_bytea,6,tsinghua_v_0939_r06.mp4,13091522,0.374167,1,
write,write,,,video_medium,polyglot,6,tsinghua_v_0939_r06.mp4,13091522,0.224531,1,
write,write,,,video_medium,mongo_gridfs,6,tsinghua_v_0939_r06.mp4,13091522,0.308011,1,
write,write,,,video_medium,polyglot,6,tsinghua_v_0961_r06.mp4,13091522,0.148682,1,
write,write,,,video_medium,mongo_gridfs,6,tsinghua_v_0961_r06.mp4,13091522,0.252027,1,
write,write,,,video_medium,pg_bytea,6,tsinghua_v_0961_r06.mp4,13091522,0.362126,1,
write,write,,,video_medium,pg_bytea,6,tsinghua_v_0977_r06.mp4,13091522,0.363460,1,
write,write,,,video_medium,mongo_gridfs,6,tsinghua_v_0977_r06.mp4,13091522,0.146556,1,
write,write,,,video_medium,polyglot,6,tsinghua_v_0977_r06.mp4,13091522,0.108982,1,
write,write,,,audio_small,pg_bytea,7,03-01-01-01-01-02-19_r07.wav,375720,0.014284,1,
write,write,,,audio_small,mongo_gridfs,7,03-01-01-01-01-02-19_r07.wav,375720,0.008853,1,
write,write,,,audio_small,polyglot,7,03-01-01-01-01-02-19_r07.wav,375720,0.007174,1,
write,write,,,audio_small,pg_bytea,7,03-01-01-01-02-02-05_r07.wav,396294,0.037660,1,
write,write,,,audio_small,mongo_gridfs,7,03-01-01-01-02-02-05_r07.wav,396294,0.008353,1,
write,write,,,audio_small,polyglot,7,03-01-01-01-02-02-05_r07.wav,396294,0.006538,1,
write,write,,,audio_small,pg_bytea,7,03-01-01-01-02-02-06_r07.wav,363108,0.012735,1,
write,write,,,audio_small,polyglot,7,03-01-01-01-02-02-06_r07.wav,363108,0.013799,1,
write,write,,,audio_small,mongo_gridfs,7,03-01-01-01-02-02-06_r07.wav,363108,0.005924,1,
write,write,,,audio_small,mongo_gridfs,7,03-01-01-01-02-02-07_r07.wav,363108,0.004712,1,
write,write,,,audio_small,polyglot,7,03-01-01-01-02-02-07_r07.wav,363108,0.009221,1,
write,write,,,audio_small,pg_bytea,7,03-01-01-01-02-02-07_r07.wav,363108,0.010422,1,
write,write,,,audio_small,mongo_gridfs,7,03-01-01-01-02-02-11_r07.wav,375720,0.006077,1,
write,write,,,audio_small,polyglot,7,03-01-01-01-02-02-11_r07.wav,375720,0.006154,1,
write,write,,,audio_small,pg_bytea,7,03-01-01-01-02-02-11_r07.wav,375720,0.019065,1,
write,write,,,audio_small,pg_bytea,7,03-01-01-01-02-02-12_r07.wav,372698,0.011697,1,
write,write,,,audio_small,polyglot,7,03-01-01-01-02-02-12_r07.wav,372698,0.006809,1,
write,write,,,audio_small,mongo_gridfs,7,03-01-01-01-02-02-12_r07.wav,372698,0.005958,1,
write,write,,,audio_small,pg_bytea,7,03-01-01-01-02-02-13_r07.wav,363108,0.018371,1,
write,write,,,audio_small,mongo_gridfs,7,03-01-01-01-02-02-13_r07.wav,363108,0.004358,1,
write,write,,,audio_small,polyglot,7,03-01-01-01-02-02-13_r07.wav,363108,0.004426,1,
write,write,,,audio_small,pg_bytea,7,03-01-01-02-01-02-05_r07.wav,393086,0.015108,1,
write,write,,,audio_small,polyglot,7,03-01-01-02-01-02-05_r07.wav,393086,0.009905,1,
write,write,,,audio_small,mongo_gridfs,7,03-01-01-02-01-02-05_r07.wav,393086,0.003924,1,
write,write,,,audio_small,pg_bytea,7,03-01-01-02-01-02-06_r07.wav,363108,0.012296,1,
write,write,,,audio_small,polyglot,7,03-01-01-02-01-02-06_r07.wav,363108,0.004783,1,
write,write,,,audio_small,mongo_gridfs,7,03-01-01-02-01-02-06_r07.wav,363108,0.006211,1,
write,write,,,audio_small,mongo_gridfs,7,03-01-01-02-01-02-07_r07.wav,372698,0.003824,1,
write,write,,,audio_small,polyglot,7,03-01-01-02-01-02-07_r07.wav,372698,0.008038,1,
write,write,,,audio_small,pg_bytea,7,03-01-01-02-01-02-07_r07.wav,372698,0.015247,1,
write,write,,,audio_small,pg_bytea,7,03-01-01-02-01-02-13_r07.wav,399494,0.013315,1,
write,write,,,audio_small,polyglot,7,03-01-01-02-01-02-13_r07.wav,399494,0.027203,1,
write,write,,,audio_small,mongo_gridfs,7,03-01-01-02-01-02-13_r07.wav,399494,0.007055,1,
write,write,,,audio_small,polyglot,7,03-01-01-02-02-02-19_r07.wav,372698,0.006005,1,
write,write,,,audio_small,mongo_gridfs,7,03-01-01-02-02-02-19_r07.wav,372698,0.009591,1,
write,write,,,audio_small,pg_bytea,7,03-01-01-02-02-02-19_r07.wav,372698,0.010972,1,
write,write,,,audio_small,polyglot,7,03-01-02-01-01-01-19_r07.wav,372698,0.007024,1,
write,write,,,audio_small,pg_bytea,7,03-01-02-01-01-01-19_r07.wav,372698,0.010044,1,
write,write,,,audio_small,mongo_gridfs,7,03-01-02-01-01-01-19_r07.wav,372698,0.006755,1,
write,write,,,audio_small,polyglot,7,03-01-02-01-02-01-06_r07.wav,363108,0.006752,1,
write,write,,,audio_small,pg_bytea,7,03-01-02-01-02-01-06_r07.wav,363108,0.009618,1,
write,write,,,audio_small,mongo_gridfs,7,03-01-02-01-02-01-06_r07.wav,363108,0.006203,1,
write,write,,,audio_small,polyglot,7,03-01-02-01-02-01-07_r07.wav,399494,0.007827,1,
write,write,,,audio_small,pg_bytea,7,03-01-02-01-02-01-07_r07.wav,399494,0.012255,1,
write,write,,,audio_small,mongo_gridfs,7,03-01-02-01-02-01-07_r07.wav,399494,0.009638,1,
write,write,,,audio_small,polyglot,7,03-01-02-01-02-01-11_r07.wav,375720,0.009583,1,
write,write,,,audio_small,mongo_gridfs,7,03-01-02-01-02-01-11_r07.wav,375720,0.006145,1,
write,write,,,audio_small,pg_bytea,7,03-01-02-01-02-01-11_r07.wav,375720,0.010982,1,
write,write,,,audio_small,mongo_gridfs,7,03-01-02-01-02-01-12_r07.wav,372698,0.005016,1,
write,write,,,audio_small,polyglot,7,03-01-02-01-02-01-12_r07.wav,372698,0.012577,1,
write,write,,,audio_small,pg_bytea,7,03-01-02-01-02-01-12_r07.wav,372698,0.010774,1,
write,write,,,audio_small,polyglot,7,03-01-02-01-02-01-13_r07.wav,379106,0.006617,1,
write,write,,,audio_small,pg_bytea,7,03-01-02-01-02-01-13_r07.wav,379106,0.010294,1,
write,write,,,audio_small,mongo_gridfs,7,03-01-02-01-02-01-13_r07.wav,379106,0.006123,1,
write,write,,,audio_small,pg_bytea,7,03-01-02-02-01-01-05_r07.wav,363108,0.012202,1,
write,write,,,audio_small,polyglot,7,03-01-02-02-01-01-05_r07.wav,363108,0.005299,1,
write,write,,,audio_small,mongo_gridfs,7,03-01-02-02-01-01-05_r07.wav,363108,0.005851,1,
write,write,,,audio_small,polyglot,7,03-01-02-02-01-01-11_r07.wav,363108,0.018537,1,
write,write,,,audio_small,pg_bytea,7,03-01-02-02-01-01-11_r07.wav,363108,0.013430,1,
write,write,,,audio_small,mongo_gridfs,7,03-01-02-02-01-01-11_r07.wav,363108,0.005338,1,
write,write,,,audio_small,polyglot,7,03-01-02-02-01-01-12_r07.wav,399494,0.005708,1,
write,write,,,audio_small,pg_bytea,7,03-01-02-02-01-01-12_r07.wav,399494,0.010409,1,
write,write,,,audio_small,mongo_gridfs,7,03-01-02-02-01-01-12_r07.wav,399494,0.005750,1,
write,write,,,audio_small,polyglot,7,03-01-02-02-01-01-13_r07.wav,399494,0.006240,1,
write,write,,,audio_small,pg_bytea,7,03-01-02-02-01-01-13_r07.wav,399494,0.015307,1,
write,write,,,audio_small,mongo_gridfs,7,03-01-02-02-01-01-13_r07.wav,399494,0.006286,1,
write,write,,,audio_small,polyglot,7,03-01-02-02-02-01-19_r07.wav,379106,0.006303,1,
write,write,,,audio_small,pg_bytea,7,03-01-02-02-02-01-19_r07.wav,379106,0.009906,1,
write,write,,,audio_small,mongo_gridfs,7,03-01-02-02-02-01-19_r07.wav,379106,0.005507,1,
write,write,,,audio_small,mongo_gridfs,7,03-01-03-01-01-02-05_r07.wav,396294,0.010799,1,
write,write,,,audio_small,polyglot,7,03-01-03-01-01-02-05_r07.wav,396294,0.006848,1,
write,write,,,audio_small,pg_bytea,7,03-01-03-01-01-02-05_r07.wav,396294,0.010207,1,
write,write,,,audio_small,mongo_gridfs,7,03-01-03-01-01-02-07_r07.wav,393086,0.006052,1,
write,write,,,audio_small,pg_bytea,7,03-01-03-01-01-02-07_r07.wav,393086,0.010845,1,
write,write,,,audio_small,polyglot,7,03-01-03-01-01-02-07_r07.wav,393086,0.007750,1,
write,write,,,audio_small,polyglot,7,03-01-03-01-01-02-12_r07.wav,399494,0.008360,1,
write,write,,,audio_small,mongo_gridfs,7,03-01-03-01-01-02-12_r07.wav,399494,0.006872,1,
write,write,,,audio_small,pg_bytea,7,03-01-03-01-01-02-12_r07.wav,399494,0.016862,1,
write,write,,,audio_small,mongo_gridfs,7,03-01-03-01-01-02-13_r07.wav,399494,0.005893,1,
write,write,,,audio_small,pg_bytea,7,03-01-03-01-01-02-13_r07.wav,399494,0.011054,1,
write,write,,,audio_small,polyglot,7,03-01-03-01-01-02-13_r07.wav,399494,0.009109,1,
write,write,,,audio_small,mongo_gridfs,7,03-01-03-01-02-02-18_r07.wav,393086,0.008784,1,
write,write,,,audio_small,pg_bytea,7,03-01-03-01-02-02-18_r07.wav,393086,0.011534,1,
write,write,,,audio_small,polyglot,7,03-01-03-01-02-02-18_r07.wav,393086,0.007174,1,
write,write,,,audio_small,pg_bytea,7,03-01-03-01-02-02-19_r07.wav,399494,0.012138,1,
write,write,,,audio_small,mongo_gridfs,7,03-01-03-01-02-02-19_r07.wav,399494,0.005629,1,
write,write,,,audio_small,polyglot,7,03-01-03-01-02-02-19_r07.wav,399494,0.008232,1,
write,write,,,audio_small,mongo_gridfs,7,03-01-03-02-01-02-18_r07.wav,396294,0.004829,1,
write,write,,,audio_small,polyglot,7,03-01-03-02-01-02-18_r07.wav,396294,0.005744,1,
write,write,,,audio_small,pg_bytea,7,03-01-03-02-01-02-18_r07.wav,396294,0.009768,1,
write,write,,,audio_small,polyglot,7,03-01-03-02-01-02-19_r07.wav,372698,0.020513,1,
write,write,,,audio_small,pg_bytea,7,03-01-03-02-01-02-19_r07.wav,372698,0.095582,1,
write,write,,,audio_small,mongo_gridfs,7,03-01-03-02-01-02-19_r07.wav,372698,0.009101,1,
write,write,,,audio_small,polyglot,7,03-01-03-02-02-02-04_r07.wav,379106,0.007404,1,
write,write,,,audio_small,mongo_gridfs,7,03-01-03-02-02-02-04_r07.wav,379106,0.011381,1,
write,write,,,audio_small,pg_bytea,7,03-01-03-02-02-02-04_r07.wav,379106,0.013792,1,
write,write,,,audio_small,polyglot,7,03-01-03-02-02-02-06_r07.wav,399494,0.009137,1,
write,write,,,audio_small,mongo_gridfs,7,03-01-03-02-02-02-06_r07.wav,399494,0.005286,1,
write,write,,,audio_small,pg_bytea,7,03-01-03-02-02-02-06_r07.wav,399494,0.012559,1,
write,write,,,audio_small,mongo_gridfs,7,03-01-03-02-02-02-07_r07.wav,393086,0.007660,1,
write,write,,,audio_small,pg_bytea,7,03-01-03-02-02-02-07_r07.wav,393086,0.013477,1,
write,write,,,audio_small,polyglot,7,03-01-03-02-02-02-07_r07.wav,393086,0.008076,1,
write,write,,,audio_small,pg_bytea,7,03-01-03-02-02-02-10_r07.wav,375720,0.012148,1,
write,write,,,audio_small,mongo_gridfs,7,03-01-03-02-02-02-10_r07.wav,375720,0.006421,1,
write,write,,,audio_small,polyglot,7,03-01-03-02-02-02-10_r07.wav,375720,0.006549,1,
write,write,,,audio_small,mongo_gridfs,7,03-01-03-02-02-02-11_r07.wav,396294,0.005472,1,
write,write,,,audio_small,pg_bytea,7,03-01-03-02-02-02-11_r07.wav,396294,0.011821,1,
write,write,,,audio_small,polyglot,7,03-01-03-02-02-02-11_r07.wav,396294,0.007161,1,
write,write,,,audio_small,polyglot,7,03-01-03-02-02-02-13_r07.wav,399494,0.005728,1,
write,write,,,audio_small,pg_bytea,7,03-01-03-02-02-02-13_r07.wav,399494,0.015175,1,
write,write,,,audio_small,mongo_gridfs,7,03-01-03-02-02-02-13_r07.wav,399494,0.008264,1,
write,write,,,audio_small,mongo_gridfs,7,03-01-04-01-01-02-01_r07.wav,396294,0.006983,1,
write,write,,,audio_small,pg_bytea,7,03-01-04-01-01-02-01_r07.wav,396294,0.010864,1,
write,write,,,audio_small,polyglot,7,03-01-04-01-01-02-01_r07.wav,396294,0.006229,1,
write,write,,,audio_small,pg_bytea,7,03-01-04-01-01-02-02_r07.wav,379106,0.010309,1,
write,write,,,audio_small,polyglot,7,03-01-04-01-01-02-02_r07.wav,379106,0.007135,1,
write,write,,,audio_small,mongo_gridfs,7,03-01-04-01-01-02-02_r07.wav,379106,0.005437,1,
write,write,,,audio_small,pg_bytea,7,03-01-04-01-01-02-16_r07.wav,379106,0.013379,1,
write,write,,,audio_small,polyglot,7,03-01-04-01-01-02-16_r07.wav,379106,0.007252,1,
write,write,,,audio_small,mongo_gridfs,7,03-01-04-01-01-02-16_r07.wav,379106,0.005591,1,
write,write,,,audio_small,mongo_gridfs,7,03-01-04-01-02-02-08_r07.wav,372698,0.005238,1,
write,write,,,audio_small,polyglot,7,03-01-04-01-02-02-08_r07.wav,372698,0.006515,1,
write,write,,,audio_small,pg_bytea,7,03-01-04-01-02-02-08_r07.wav,372698,0.010032,1,
write,write,,,audio_small,polyglot,7,03-01-04-01-02-02-09_r07.wav,363108,0.006845,1,
write,write,,,audio_small,mongo_gridfs,7,03-01-04-01-02-02-09_r07.wav,363108,0.004992,1,
write,write,,,audio_small,pg_bytea,7,03-01-04-01-02-02-09_r07.wav,363108,0.009436,1,
write,write,,,audio_small,polyglot,7,03-01-04-01-02-02-20_r07.wav,396294,0.006423,1,
write,write,,,audio_small,pg_bytea,7,03-01-04-01-02-02-20_r07.wav,396294,0.009575,1,
write,write,,,audio_small,mongo_gridfs,7,03-01-04-01-02-02-20_r07.wav,396294,0.005068,1,
write,write,,,audio_small,mongo_gridfs,7,03-01-04-01-02-02-21_r07.wav,363108,0.005122,1,
write,write,,,audio_small,pg_bytea,7,03-01-04-01-02-02-21_r07.wav,363108,0.013499,1,
write,write,,,audio_small,polyglot,7,03-01-04-01-02-02-21_r07.wav,363108,0.007660,1,
write,write,,,audio_small,polyglot,7,03-01-04-01-02-02-22_r07.wav,372698,0.005374,1,
write,write,,,audio_small,pg_bytea,7,03-01-04-01-02-02-22_r07.wav,372698,0.009519,1,
write,write,,,audio_small,mongo_gridfs,7,03-01-04-01-02-02-22_r07.wav,372698,0.005409,1,
write,write,,,audio_small,mongo_gridfs,7,03-01-04-01-02-02-23_r07.wav,363108,0.004326,1,
write,write,,,audio_small,pg_bytea,7,03-01-04-01-02-02-23_r07.wav,363108,0.010474,1,
write,write,,,audio_small,polyglot,7,03-01-04-01-02-02-23_r07.wav,363108,0.005668,1,
write,write,,,audio_small,mongo_gridfs,7,03-01-04-02-01-02-09_r07.wav,379106,0.005612,1,
write,write,,,audio_small,polyglot,7,03-01-04-02-01-02-09_r07.wav,379106,0.005928,1,
write,write,,,audio_small,pg_bytea,7,03-01-04-02-01-02-09_r07.wav,379106,0.010295,1,
write,write,,,audio_small,mongo_gridfs,7,03-01-04-02-01-02-20_r07.wav,379106,0.009101,1,
write,write,,,audio_small,polyglot,7,03-01-04-02-01-02-20_r07.wav,379106,0.009428,1,
write,write,,,audio_small,pg_bytea,7,03-01-04-02-01-02-20_r07.wav,379106,0.011272,1,
write,write,,,audio_small,pg_bytea,7,03-01-04-02-01-02-21_r07.wav,393086,0.011734,1,
write,write,,,audio_small,polyglot,7,03-01-04-02-01-02-21_r07.wav,393086,0.010065,1,
write,write,,,audio_small,mongo_gridfs,7,03-01-04-02-01-02-21_r07.wav,393086,0.006835,1,
write,write,,,audio_small,pg_bytea,7,03-01-04-02-01-02-22_r07.wav,379106,0.011989,1,
write,write,,,audio_small,mongo_gridfs,7,03-01-04-02-01-02-22_r07.wav,379106,0.005869,1,
write,write,,,audio_small,polyglot,7,03-01-04-02-01-02-22_r07.wav,379106,0.014098,1,
write,write,,,audio_small,mongo_gridfs,7,03-01-04-02-02-02-14_r07.wav,375720,0.010146,1,
write,write,,,audio_small,pg_bytea,7,03-01-04-02-02-02-14_r07.wav,375720,0.012358,1,
write,write,,,audio_small,polyglot,7,03-01-04-02-02-02-14_r07.wav,375720,0.006192,1,
write,write,,,audio_small,polyglot,7,03-01-04-02-02-02-15_r07.wav,379106,0.005590,1,
write,write,,,audio_small,pg_bytea,7,03-01-04-02-02-02-15_r07.wav,379106,0.110054,1,
write,write,,,audio_small,mongo_gridfs,7,03-01-04-02-02-02-15_r07.wav,379106,0.007473,1,
write,write,,,audio_small,mongo_gridfs,7,03-01-04-02-02-02-16_r07.wav,375720,0.016874,1,
write,write,,,audio_small,polyglot,7,03-01-04-02-02-02-16_r07.wav,375720,0.012974,1,
write,write,,,audio_small,pg_bytea,7,03-01-04-02-02-02-16_r07.wav,375720,0.014570,1,
write,write,,,audio_small,pg_bytea,7,03-01-04-02-02-02-17_r07.wav,363108,0.010169,1,
write,write,,,audio_small,mongo_gridfs,7,03-01-04-02-02-02-17_r07.wav,363108,0.007068,1,
write,write,,,audio_small,polyglot,7,03-01-04-02-02-02-17_r07.wav,363108,0.011583,1,
write,write,,,audio_small,polyglot,7,03-01-05-01-01-01-09_r07.wav,393086,0.006298,1,
write,write,,,audio_small,mongo_gridfs,7,03-01-05-01-01-01-09_r07.wav,393086,0.005286,1,
write,write,,,audio_small,pg_bytea,7,03-01-05-01-01-01-09_r07.wav,393086,0.012270,1,
write,write,,,audio_small,mongo_gridfs,7,03-01-05-01-01-01-22_r07.wav,393086,0.005540,1,
write,write,,,audio_small,pg_bytea,7,03-01-05-01-01-01-22_r07.wav,393086,0.014107,1,
write,write,,,audio_small,polyglot,7,03-01-05-01-01-01-22_r07.wav,393086,0.007560,1,
write,write,,,audio_small,polyglot,7,03-01-05-01-02-01-02_r07.wav,372698,0.016431,1,
write,write,,,audio_small,mongo_gridfs,7,03-01-05-01-02-01-02_r07.wav,372698,0.005963,1,
write,write,,,audio_small,pg_bytea,7,03-01-05-01-02-01-02_r07.wav,372698,0.013243,1,
write,write,,,audio_small,polyglot,7,03-01-05-01-02-01-03_r07.wav,396294,0.006961,1,
write,write,,,audio_small,mongo_gridfs,7,03-01-05-01-02-01-03_r07.wav,396294,0.005494,1,
write,write,,,audio_small,pg_bytea,7,03-01-05-01-02-01-03_r07.wav,396294,0.010152,1,
write,write,,,audio_small,mongo_gridfs,7,03-01-05-01-02-01-15_r07.wav,363108,0.022475,1,
write,write,,,audio_small,polyglot,7,03-01-05-01-02-01-15_r07.wav,363108,0.005564,1,
write,write,,,audio_small,pg_bytea,7,03-01-05-01-02-01-15_r07.wav,363108,0.010425,1,
write,write,,,audio_small,polyglot,7,03-01-05-01-02-01-16_r07.wav,372698,0.004821,1,
write,write,,,audio_small,mongo_gridfs,7,03-01-05-01-02-01-16_r07.wav,372698,0.004763,1,
write,write,,,audio_small,pg_bytea,7,03-01-05-01-02-01-16_r07.wav,372698,0.011355,1,
write,write,,,audio_small,polyglot,7,03-01-05-01-02-01-17_r07.wav,393086,0.009080,1,
write,write,,,audio_small,pg_bytea,7,03-01-05-01-02-01-17_r07.wav,393086,0.012277,1,
write,write,,,audio_small,mongo_gridfs,7,03-01-05-01-02-01-17_r07.wav,393086,0.006063,1,
write,write,,,audio_small,polyglot,7,03-01-05-02-01-01-01_r07.wav,372698,0.009632,1,
write,write,,,audio_small,pg_bytea,7,03-01-05-02-01-01-01_r07.wav,372698,0.008853,1,
write,write,,,audio_small,mongo_gridfs,7,03-01-05-02-01-01-01_r07.wav,372698,0.003945,1,
write,write,,,audio_small,polyglot,7,03-01-05-02-01-01-02_r07.wav,375720,0.012243,1,
write,write,,,audio_small,mongo_gridfs,7,03-01-05-02-01-01-02_r07.wav,375720,0.004634,1,
write,write,,,audio_small,pg_bytea,7,03-01-05-02-01-01-02_r07.wav,375720,0.009967,1,
write,write,,,audio_small,pg_bytea,7,03-01-05-02-01-01-03_r07.wav,372698,0.010478,1,
write,write,,,audio_small,polyglot,7,03-01-05-02-01-01-03_r07.wav,372698,0.005479,1,
write,write,,,audio_small,mongo_gridfs,7,03-01-05-02-01-01-03_r07.wav,372698,0.003937,1,
write,write,,,audio_small,pg_bytea,7,03-01-05-02-01-01-15_r07.wav,396294,0.011513,1,
write,write,,,audio_small,mongo_gridfs,7,03-01-05-02-01-01-15_r07.wav,396294,0.005371,1,
write,write,,,audio_small,polyglot,7,03-01-05-02-01-01-15_r07.wav,396294,0.004664,1,
write,write,,,audio_small,mongo_gridfs,7,03-01-05-02-01-01-16_r07.wav,399494,0.003848,1,
write,write,,,audio_small,pg_bytea,7,03-01-05-02-01-01-16_r07.wav,399494,0.009709,1,
write,write,,,audio_small,polyglot,7,03-01-05-02-01-01-16_r07.wav,399494,0.006056,1,
write,write,,,audio_small,pg_bytea,7,03-01-05-02-01-01-17_r07.wav,363108,0.009192,1,
write,write,,,audio_small,polyglot,7,03-01-05-02-01-01-17_r07.wav,363108,0.004911,1,
write,write,,,audio_small,mongo_gridfs,7,03-01-05-02-01-01-17_r07.wav,363108,0.003837,1,
write,write,,,audio_small,pg_bytea,7,03-01-05-02-02-01-09_r07.wav,396294,0.011380,1,
write,write,,,audio_small,mongo_gridfs,7,03-01-05-02-02-01-09_r07.wav,396294,0.004794,1,
write,write,,,audio_small,polyglot,7,03-01-05-02-02-01-09_r07.wav,396294,0.008524,1,
write,write,,,audio_small,pg_bytea,7,03-01-05-02-02-01-21_r07.wav,375720,0.009826,1,
write,write,,,audio_small,polyglot,7,03-01-05-02-02-01-21_r07.wav,375720,0.007015,1,
write,write,,,audio_small,mongo_gridfs,7,03-01-05-02-02-01-21_r07.wav,375720,0.003991,1,
write,write,,,audio_small,mongo_gridfs,7,03-01-05-02-02-01-22_r07.wav,379106,0.004721,1,
write,write,,,audio_small,pg_bytea,7,03-01-05-02-02-01-22_r07.wav,379106,0.010427,1,
write,write,,,audio_small,polyglot,7,03-01-05-02-02-01-22_r07.wav,379106,0.006095,1,
write,write,,,audio_medium,polyglot,7,03-02-01-01-01-02-22_r07.wav,526650,0.010450,1,
write,write,,,audio_medium,pg_bytea,7,03-02-01-01-01-02-22_r07.wav,526650,0.013915,1,
write,write,,,audio_medium,mongo_gridfs,7,03-02-01-01-01-02-22_r07.wav,526650,0.006537,1,
write,write,,,audio_medium,polyglot,7,03-02-01-01-01-02-23_r07.wav,539464,0.012261,1,
write,write,,,audio_medium,pg_bytea,7,03-02-01-01-01-02-23_r07.wav,539464,0.014556,1,
write,write,,,audio_medium,mongo_gridfs,7,03-02-01-01-01-02-23_r07.wav,539464,0.009725,1,
write,write,,,audio_medium,mongo_gridfs,7,03-02-01-01-02-02-02_r07.wav,539464,0.008373,1,
write,write,,,audio_medium,pg_bytea,7,03-02-01-01-02-02-02_r07.wav,539464,0.016174,1,
write,write,,,audio_medium,polyglot,7,03-02-01-01-02-02-02_r07.wav,539464,0.007140,1,
write,write,,,audio_medium,polyglot,7,03-02-01-01-02-02-03_r07.wav,520242,0.006904,1,
write,write,,,audio_medium,mongo_gridfs,7,03-02-01-01-02-02-03_r07.wav,520242,0.006098,1,
write,write,,,audio_medium,pg_bytea,7,03-02-01-01-02-02-03_r07.wav,520242,0.013644,1,
write,write,,,audio_medium,mongo_gridfs,7,03-02-01-01-02-02-16_r07.wav,539464,0.015192,1,
write,write,,,audio_medium,pg_bytea,7,03-02-01-01-02-02-16_r07.wav,539464,0.014996,1,
write,write,,,audio_medium,polyglot,7,03-02-01-01-02-02-16_r07.wav,539464,0.013986,1,
write,write,,,audio_medium,mongo_gridfs,7,03-02-01-01-02-02-17_r07.wav,561888,0.030396,1,
write,write,,,audio_medium,pg_bytea,7,03-02-01-01-02-02-17_r07.wav,561888,0.015369,1,
write,write,,,audio_medium,polyglot,7,03-02-01-01-02-02-17_r07.wav,561888,0.028134,1,
write,write,,,audio_medium,polyglot,7,03-02-01-02-01-02-01_r07.wav,533056,0.007869,1,
write,write,,,audio_medium,pg_bytea,7,03-02-01-02-01-02-01_r07.wav,533056,0.016289,1,
write,write,,,audio_medium,mongo_gridfs,7,03-02-01-02-01-02-01_r07.wav,533056,0.027517,1,
write,write,,,audio_medium,pg_bytea,7,03-02-01-02-01-02-02_r07.wav,523448,0.018895,1,
write,write,,,audio_medium,polyglot,7,03-02-01-02-01-02-02_r07.wav,523448,0.009253,1,
write,write,,,audio_medium,mongo_gridfs,7,03-02-01-02-01-02-02_r07.wav,523448,0.023086,1,
write,write,,,audio_medium,mongo_gridfs,7,03-02-01-02-01-02-03_r07.wav,533056,0.045681,1,
write,write,,,audio_medium,polyglot,7,03-02-01-02-01-02-03_r07.wav,533056,0.025311,1,
write,write,,,audio_medium,pg_bytea,7,03-02-01-02-01-02-03_r07.wav,533056,0.018064,1,
write,write,,,audio_medium,polyglot,7,03-02-01-02-01-02-15_r07.wav,561882,0.012089,1,
write,write,,,audio_medium,mongo_gridfs,7,03-02-01-02-01-02-15_r07.wav,561882,0.025520,1,
write,write,,,audio_medium,pg_bytea,7,03-02-01-02-01-02-15_r07.wav,561882,0.020501,1,
write,write,,,audio_medium,polyglot,7,03-02-01-02-01-02-16_r07.wav,526650,0.009838,1,
write,write,,,audio_medium,mongo_gridfs,7,03-02-01-02-01-02-16_r07.wav,526650,0.008118,1,
write,write,,,audio_medium,pg_bytea,7,03-02-01-02-01-02-16_r07.wav,526650,0.014922,1,
write,write,,,audio_medium,polyglot,7,03-02-01-02-01-02-17_r07.wav,533056,0.012261,1,
write,write,,,audio_medium,mongo_gridfs,7,03-02-01-02-01-02-17_r07.wav,533056,0.007686,1,
write,write,,,audio_medium,pg_bytea,7,03-02-01-02-01-02-17_r07.wav,533056,0.017671,1,
write,write,,,audio_medium,mongo_gridfs,7,03-02-01-02-02-02-22_r07.wav,520242,0.007664,1,
write,write,,,audio_medium,polyglot,7,03-02-01-02-02-02-22_r07.wav,520242,0.009423,1,
write,write,,,audio_medium,pg_bytea,7,03-02-01-02-02-02-22_r07.wav,520242,0.020918,1,
write,write,,,audio_medium,mongo_gridfs,7,03-02-01-02-02-02-23_r07.wav,520242,0.006989,1,
write,write,,,audio_medium,pg_bytea,7,03-02-01-02-02-02-23_r07.wav,520242,0.014867,1,
write,write,,,audio_medium,polyglot,7,03-02-01-02-02-02-23_r07.wav,520242,0.013716,1,
write,write,,,audio_medium,pg_bytea,7,03-02-02-01-01-01-22_r07.wav,523448,0.014088,1,
write,write,,,audio_medium,mongo_gridfs,7,03-02-02-01-01-01-22_r07.wav,523448,0.007782,1,
write,write,,,audio_medium,polyglot,7,03-02-02-01-01-01-22_r07.wav,523448,0.008464,1,
write,write,,,audio_medium,mongo_gridfs,7,03-02-02-01-01-01-23_r07.wav,561888,0.012432,1,
write,write,,,audio_medium,pg_bytea,7,03-02-02-01-01-01-23_r07.wav,561888,0.015891,1,
write,write,,,audio_medium,polyglot,7,03-02-02-01-01-01-23_r07.wav,561888,0.011260,1,
write,write,,,audio_medium,mongo_gridfs,7,03-02-02-01-02-01-01_r07.wav,520242,0.008771,1,
write,write,,,audio_medium,pg_bytea,7,03-02-02-01-02-01-01_r07.wav,520242,0.015963,1,
write,write,,,audio_medium,polyglot,7,03-02-02-01-02-01-01_r07.wav,520242,0.013724,1,
write,write,,,audio_medium,mongo_gridfs,7,03-02-02-01-02-01-02_r07.wav,539464,0.022384,1,
write,write,,,audio_medium,polyglot,7,03-02-02-01-02-01-02_r07.wav,539464,0.103645,1,
write,write,,,audio_medium,pg_bytea,7,03-02-02-01-02-01-02_r07.wav,539464,0.015667,1,
write,write,,,audio_medium,mongo_gridfs,7,03-02-02-01-02-01-03_r07.wav,533056,0.007413,1,
write,write,,,audio_medium,pg_bytea,7,03-02-02-01-02-01-03_r07.wav,533056,0.020005,1,
write,write,,,audio_medium,polyglot,7,03-02-02-01-02-01-03_r07.wav,533056,0.009752,1,
write,write,,,audio_medium,pg_bytea,7,03-02-02-01-02-01-16_r07.wav,561882,0.017121,1,
write,write,,,audio_medium,polyglot,7,03-02-02-01-02-01-16_r07.wav,561882,0.009169,1,
write,write,,,audio_medium,mongo_gridfs,7,03-02-02-01-02-01-16_r07.wav,561882,0.006860,1,
write,write,,,audio_medium,polyglot,7,03-02-02-02-01-01-01_r07.wav,539464,0.008806,1,
write,write,,,audio_medium,pg_bytea,7,03-02-02-02-01-01-01_r07.wav,539464,0.013486,1,
write,write,,,audio_medium,mongo_gridfs,7,03-02-02-02-01-01-01_r07.wav,539464,0.007504,1,
write,write,,,audio_medium,pg_bytea,7,03-02-02-02-01-01-02_r07.wav,526650,0.014490,1,
write,write,,,audio_medium,mongo_gridfs,7,03-02-02-02-01-01-02_r07.wav,526650,0.007318,1,
write,write,,,audio_medium,polyglot,7,03-02-02-02-01-01-02_r07.wav,526650,0.007543,1,
write,write,,,audio_medium,mongo_gridfs,7,03-02-02-02-01-01-15_r07.wav,539464,0.006140,1,
write,write,,,audio_medium,pg_bytea,7,03-02-02-02-01-01-15_r07.wav,539464,0.018536,1,
write,write,,,audio_medium,polyglot,7,03-02-02-02-01-01-15_r07.wav,539464,0.010153,1,
write,write,,,audio_medium,pg_bytea,7,03-02-02-02-01-01-16_r07.wav,520242,0.013701,1,
write,write,,,audio_medium,polyglot,7,03-02-02-02-01-01-16_r07.wav,520242,0.008482,1,
write,write,,,audio_medium,mongo_gridfs,7,03-02-02-02-01-01-16_r07.wav,520242,0.009117,1,
write,write,,,audio_medium,mongo_gridfs,7,03-02-02-02-01-01-17_r07.wav,539464,0.007296,1,
write,write,,,audio_medium,polyglot,7,03-02-02-02-01-01-17_r07.wav,539464,0.009505,1,
write,write,,,audio_medium,pg_bytea,7,03-02-02-02-01-01-17_r07.wav,539464,0.016898,1,
write,write,,,audio_medium,mongo_gridfs,7,03-02-02-02-02-01-22_r07.wav,539464,0.017621,1,
write,write,,,audio_medium,pg_bytea,7,03-02-02-02-02-01-22_r07.wav,539464,0.017592,1,
write,write,,,audio_medium,polyglot,7,03-02-02-02-02-01-22_r07.wav,539464,0.009403,1,
write,write,,,audio_medium,pg_bytea,7,03-02-02-02-02-01-23_r07.wav,520242,0.014659,1,
write,write,,,audio_medium,polyglot,7,03-02-02-02-02-01-23_r07.wav,520242,0.007825,1,
write,write,,,audio_medium,mongo_gridfs,7,03-02-02-02-02-01-23_r07.wav,520242,0.005602,1,
write,write,,,audio_medium,mongo_gridfs,7,03-02-03-01-01-02-01_r07.wav,561882,0.007196,1,
write,write,,,audio_medium,pg_bytea,7,03-02-03-01-01-02-01_r07.wav,561882,0.015046,1,
write,write,,,audio_medium,polyglot,7,03-02-03-01-01-02-01_r07.wav,561882,0.008244,1,
write,write,,,audio_medium,mongo_gridfs,7,03-02-03-01-01-02-02_r07.wav,561882,0.006487,1,
write,write,,,audio_medium,polyglot,7,03-02-03-01-01-02-02_r07.wav,561882,0.007129,1,
write,write,,,audio_medium,pg_bytea,7,03-02-03-01-01-02-02_r07.wav,561882,0.016623,1,
write,write,,,audio_medium,mongo_gridfs,7,03-02-03-01-01-02-03_r07.wav,539464,0.008202,1,
write,write,,,audio_medium,polyglot,7,03-02-03-01-01-02-03_r07.wav,539464,0.010970,1,
write,write,,,audio_medium,pg_bytea,7,03-02-03-01-01-02-03_r07.wav,539464,0.015142,1,
write,write,,,audio_medium,mongo_gridfs,7,03-02-03-01-01-02-15_r07.wav,526650,0.007214,1,
write,write,,,audio_medium,pg_bytea,7,03-02-03-01-01-02-15_r07.wav,526650,0.014737,1,
write,write,,,audio_medium,polyglot,7,03-02-03-01-01-02-15_r07.wav,526650,0.009411,1,
write,write,,,audio_medium,polyglot,7,03-02-03-01-01-02-16_r07.wav,520242,0.007523,1,
write,write,,,audio_medium,pg_bytea,7,03-02-03-01-01-02-16_r07.wav,520242,0.013888,1,
write,write,,,audio_medium,mongo_gridfs,7,03-02-03-01-01-02-16_r07.wav,520242,0.007310,1,
write,write,,,audio_medium,pg_bytea,7,03-02-03-01-01-02-17_r07.wav,526650,0.023975,1,
write,write,,,audio_medium,polyglot,7,03-02-03-01-01-02-17_r07.wav,526650,0.009459,1,
write,write,,,audio_medium,mongo_gridfs,7,03-02-03-01-01-02-17_r07.wav,526650,0.007760,1,
write,write,,,audio_medium,mongo_gridfs,7,03-02-03-01-02-02-09_r07.wav,539464,0.006682,1,
write,write,,,audio_medium,pg_bytea,7,03-02-03-01-02-02-09_r07.wav,539464,0.016310,1,
write,write,,,audio_medium,polyglot,7,03-02-03-01-02-02-09_r07.wav,539464,0.007783,1,
write,write,,,audio_medium,mongo_gridfs,7,03-02-03-01-02-02-21_r07.wav,533056,0.006321,1,
write,write,,,audio_medium,polyglot,7,03-02-03-01-02-02-21_r07.wav,533056,0.006999,1,
write,write,,,audio_medium,pg_bytea,7,03-02-03-01-02-02-21_r07.wav,533056,0.014053,1,
write,write,,,audio_medium,pg_bytea,7,03-02-03-01-02-02-22_r07.wav,561888,0.021977,1,
write,write,,,audio_medium,polyglot,7,03-02-03-01-02-02-22_r07.wav,561888,0.007804,1,
write,write,,,audio_medium,mongo_gridfs,7,03-02-03-01-02-02-22_r07.wav,561888,0.005978,1,
write,write,,,audio_medium,mongo_gridfs,7,03-02-03-01-02-02-23_r07.wav,539464,0.006190,1,
write,write,,,audio_medium,polyglot,7,03-02-03-01-02-02-23_r07.wav,539464,0.008027,1,
write,write,,,audio_medium,pg_bytea,7,03-02-03-01-02-02-23_r07.wav,539464,0.014760,1,
write,write,,,audio_medium,pg_bytea,7,03-02-03-02-01-02-09_r07.wav,561882,0.014645,1,
write,write,,,audio_medium,mongo_gridfs,7,03-02-03-02-01-02-09_r07.wav,561882,0.008699,1,
write,write,,,audio_medium,polyglot,7,03-02-03-02-01-02-09_r07.wav,561882,0.009006,1,
write,write,,,audio_medium,mongo_gridfs,7,03-02-03-02-01-02-21_r07.wav,539464,0.007877,1,
write,write,,,audio_medium,pg_bytea,7,03-02-03-02-01-02-21_r07.wav,539464,0.021178,1,
write,write,,,audio_medium,polyglot,7,03-02-03-02-01-02-21_r07.wav,539464,0.010426,1,
write,write,,,audio_medium,pg_bytea,7,03-02-03-02-01-02-22_r07.wav,526650,0.016745,1,
write,write,,,audio_medium,polyglot,7,03-02-03-02-01-02-22_r07.wav,526650,0.009042,1,
write,write,,,audio_medium,mongo_gridfs,7,03-02-03-02-01-02-22_r07.wav,526650,0.007977,1,
write,write,,,audio_medium,mongo_gridfs,7,03-02-03-02-01-02-23_r07.wav,561888,0.008105,1,
write,write,,,audio_medium,polyglot,7,03-02-03-02-01-02-23_r07.wav,561888,0.008847,1,
write,write,,,audio_medium,pg_bytea,7,03-02-03-02-01-02-23_r07.wav,561888,0.016074,1,
write,write,,,audio_medium,polyglot,7,03-02-03-02-02-02-01_r07.wav,561882,0.018893,1,
write,write,,,audio_medium,mongo_gridfs,7,03-02-03-02-02-02-01_r07.wav,561882,0.008148,1,
write,write,,,audio_medium,pg_bytea,7,03-02-03-02-02-02-01_r07.wav,561882,0.019060,1,
write,write,,,audio_medium,polyglot,7,03-02-03-02-02-02-02_r07.wav,523448,0.023481,1,
write,write,,,audio_medium,pg_bytea,7,03-02-03-02-02-02-02_r07.wav,523448,0.109434,1,
write,write,,,audio_medium,mongo_gridfs,7,03-02-03-02-02-02-02_r07.wav,523448,0.006854,1,
write,write,,,audio_medium,polyglot,7,03-02-03-02-02-02-03_r07.wav,561888,0.019843,1,
write,write,,,audio_medium,pg_bytea,7,03-02-03-02-02-02-03_r07.wav,561888,0.014581,1,
write,write,,,audio_medium,mongo_gridfs,7,03-02-03-02-02-02-03_r07.wav,561888,0.006308,1,
write,write,,,audio_medium,mongo_gridfs,7,03-02-03-02-02-02-15_r07.wav,523448,0.006090,1,
write,write,,,audio_medium,pg_bytea,7,03-02-03-02-02-02-15_r07.wav,523448,0.014097,1,
write,write,,,audio_medium,polyglot,7,03-02-03-02-02-02-15_r07.wav,523448,0.005854,1,
write,write,,,audio_medium,pg_bytea,7,03-02-03-02-02-02-16_r07.wav,561882,0.015034,1,
write,write,,,audio_medium,polyglot,7,03-02-03-02-02-02-16_r07.wav,561882,0.023697,1,
write,write,,,audio_medium,mongo_gridfs,7,03-02-03-02-02-02-16_r07.wav,561882,0.007911,1,
write,write,,,audio_medium,pg_bytea,7,03-02-03-02-02-02-17_r07.wav,523448,0.033765,1,
write,write,,,audio_medium,polyglot,7,03-02-03-02-02-02-17_r07.wav,523448,0.011966,1,
write,write,,,audio_medium,mongo_gridfs,7,03-02-03-02-02-02-17_r07.wav,523448,0.007033,1,
write,write,,,audio_medium,mongo_gridfs,7,03-02-04-01-01-02-05_r07.wav,561882,0.017475,1,
write,write,,,audio_medium,pg_bytea,7,03-02-04-01-01-02-05_r07.wav,561882,0.024582,1,
write,write,,,audio_medium,polyglot,7,03-02-04-01-01-02-05_r07.wav,561882,0.010909,1,
write,write,,,audio_medium,polyglot,7,03-02-04-01-01-02-06_r07.wav,526650,0.009130,1,
write,write,,,audio_medium,mongo_gridfs,7,03-02-04-01-01-02-06_r07.wav,526650,0.009117,1,
write,write,,,audio_medium,pg_bytea,7,03-02-04-01-01-02-06_r07.wav,526650,0.021863,1,
write,write,,,audio_medium,polyglot,7,03-02-04-01-01-02-07_r07.wav,523448,0.011810,1,
write,write,,,audio_medium,pg_bytea,7,03-02-04-01-01-02-07_r07.wav,523448,0.013786,1,
write,write,,,audio_medium,mongo_gridfs,7,03-02-04-01-01-02-07_r07.wav,523448,0.006372,1,
write,write,,,audio_medium,pg_bytea,7,03-02-04-01-01-02-11_r07.wav,539464,0.018468,1,
write,write,,,audio_medium,mongo_gridfs,7,03-02-04-01-01-02-11_r07.wav,539464,0.008260,1,
write,write,,,audio_medium,polyglot,7,03-02-04-01-01-02-11_r07.wav,539464,0.009471,1,
write,write,,,audio_medium,pg_bytea,7,03-02-04-01-01-02-12_r07.wav,523448,0.015446,1,
write,write,,,audio_medium,mongo_gridfs,7,03-02-04-01-01-02-12_r07.wav,523448,0.007284,1,
write,write,,,audio_medium,polyglot,7,03-02-04-01-01-02-12_r07.wav,523448,0.007417,1,
write,write,,,audio_medium,mongo_gridfs,7,03-02-04-01-01-02-13_r07.wav,539464,0.010927,1,
write,write,,,audio_medium,polyglot,7,03-02-04-01-01-02-13_r07.wav,539464,0.018959,1,
write,write,,,audio_medium,pg_bytea,7,03-02-04-01-01-02-13_r07.wav,539464,0.019323,1,
write,write,,,audio_medium,polyglot,7,03-02-04-01-02-02-19_r07.wav,561888,0.008974,1,
write,write,,,audio_medium,pg_bytea,7,03-02-04-01-02-02-19_r07.wav,561888,0.015367,1,
write,write,,,audio_medium,mongo_gridfs,7,03-02-04-01-02-02-19_r07.wav,561888,0.012625,1,
write,write,,,audio_medium,mongo_gridfs,7,03-02-04-02-02-02-05_r07.wav,526650,0.009691,1,
write,write,,,audio_medium,polyglot,7,03-02-04-02-02-02-05_r07.wav,526650,0.008069,1,
write,write,,,audio_medium,pg_bytea,7,03-02-04-02-02-02-05_r07.wav,526650,0.017108,1,
write,write,,,audio_medium,mongo_gridfs,7,03-02-04-02-02-02-06_r07.wav,526650,0.007500,1,
write,write,,,audio_medium,pg_bytea,7,03-02-04-02-02-02-06_r07.wav,526650,0.014343,1,
write,write,,,audio_medium,polyglot,7,03-02-04-02-02-02-06_r07.wav,526650,0.009081,1,
write,write,,,audio_medium,pg_bytea,7,03-02-04-02-02-02-07_r07.wav,561888,0.015723,1,
write,write,,,audio_medium,polyglot,7,03-02-04-02-02-02-07_r07.wav,561888,0.037865,1,
write,write,,,audio_medium,mongo_gridfs,7,03-02-04-02-02-02-07_r07.wav,561888,0.013212,1,
write,write,,,audio_medium,mongo_gridfs,7,03-02-04-02-02-02-11_r07.wav,561888,0.009539,1,
write,write,,,audio_medium,polyglot,7,03-02-04-02-02-02-11_r07.wav,561888,0.009043,1,
write,write,,,audio_medium,pg_bytea,7,03-02-04-02-02-02-11_r07.wav,561888,0.017010,1,
write,write,,,audio_medium,mongo_gridfs,7,03-02-04-02-02-02-12_r07.wav,523448,0.020313,1,
write,write,,,audio_medium,pg_bytea,7,03-02-04-02-02-02-12_r07.wav,523448,0.020321,1,
write,write,,,audio_medium,polyglot,7,03-02-04-02-02-02-12_r07.wav,523448,0.013231,1,
write,write,,,audio_medium,mongo_gridfs,7,03-02-04-02-02-02-13_r07.wav,533056,0.007486,1,
write,write,,,audio_medium,pg_bytea,7,03-02-04-02-02-02-13_r07.wav,533056,0.015709,1,
write,write,,,audio_medium,polyglot,7,03-02-04-02-02-02-13_r07.wav,533056,0.011337,1,
write,write,,,audio_medium,pg_bytea,7,03-02-05-01-02-01-06_r07.wav,561882,0.014996,1,
write,write,,,audio_medium,mongo_gridfs,7,03-02-05-01-02-01-06_r07.wav,561882,0.010525,1,
write,write,,,audio_medium,polyglot,7,03-02-05-01-02-01-06_r07.wav,561882,0.171113,1,
write,write,,,audio_medium,polyglot,7,03-02-05-01-02-01-07_r07.wav,520242,0.167606,1,
write,write,,,audio_medium,pg_bytea,7,03-02-05-01-02-01-07_r07.wav,520242,0.017875,1,
write,write,,,audio_medium,mongo_gridfs,7,03-02-05-01-02-01-07_r07.wav,520242,0.008962,1,
write,write,,,audio_medium,mongo_gridfs,7,03-02-05-01-02-01-12_r07.wav,520242,0.009998,1,
write,write,,,audio_medium,pg_bytea,7,03-02-05-01-02-01-12_r07.wav,520242,0.015745,1,
write,write,,,audio_medium,polyglot,7,03-02-05-01-02-01-12_r07.wav,520242,0.009864,1,
write,write,,,audio_medium,mongo_gridfs,7,03-02-05-01-02-01-13_r07.wav,561888,0.007408,1,
write,write,,,audio_medium,pg_bytea,7,03-02-05-01-02-01-13_r07.wav,561888,0.017265,1,
write,write,,,audio_medium,polyglot,7,03-02-05-01-02-01-13_r07.wav,561888,0.014936,1,
write,write,,,audio_medium,polyglot,7,03-02-05-02-01-01-05_r07.wav,539464,0.010260,1,
write,write,,,audio_medium,pg_bytea,7,03-02-05-02-01-01-05_r07.wav,539464,0.015589,1,
write,write,,,audio_medium,mongo_gridfs,7,03-02-05-02-01-01-05_r07.wav,539464,0.008179,1,
write,write,,,audio_medium,pg_bytea,7,03-02-05-02-01-01-06_r07.wav,561888,0.015875,1,
write,write,,,audio_medium,polyglot,7,03-02-05-02-01-01-06_r07.wav,561888,0.010907,1,
write,write,,,audio_medium,mongo_gridfs,7,03-02-05-02-01-01-06_r07.wav,561888,0.009418,1,
write,write,,,audio_medium,pg_bytea,7,03-02-05-02-01-01-07_r07.wav,533056,0.015823,1,
write,write,,,audio_medium,mongo_gridfs,7,03-02-05-02-01-01-07_r07.wav,533056,0.007068,1,
write,write,,,audio_medium,polyglot,7,03-02-05-02-01-01-07_r07.wav,533056,0.015743,1,
write,write,,,audio_medium,polyglot,7,03-02-05-02-01-01-11_r07.wav,561888,0.007402,1,
write,write,,,audio_medium,mongo_gridfs,7,03-02-05-02-01-01-11_r07.wav,561888,0.006105,1,
write,write,,,audio_medium,pg_bytea,7,03-02-05-02-01-01-11_r07.wav,561888,0.018894,1,
write,write,,,audio_medium,polyglot,7,03-02-05-02-01-01-12_r07.wav,533056,0.006230,1,
write,write,,,audio_medium,mongo_gridfs,7,03-02-05-02-01-01-12_r07.wav,533056,0.005600,1,
write,write,,,audio_medium,pg_bytea,7,03-02-05-02-01-01-12_r07.wav,533056,0.014361,1,
write,write,,,audio_medium,pg_bytea,7,03-02-05-02-01-01-13_r07.wav,526650,0.015177,1,
write,write,,,audio_medium,polyglot,7,03-02-05-02-01-01-13_r07.wav,526650,0.006452,1,
write,write,,,audio_medium,mongo_gridfs,7,03-02-05-02-01-01-13_r07.wav,526650,0.005107,1,
write,write,,,video_small,mongo_gridfs,7,01-01-01-01-01-01-22_r07.mp4,5457041,0.053377,1,
write,write,,,video_small,pg_bytea,7,01-01-01-01-01-01-22_r07.mp4,5457041,0.176503,1,
write,write,,,video_small,polyglot,7,01-01-01-01-01-01-22_r07.mp4,5457041,0.048896,1,
write,write,,,video_small,pg_bytea,7,01-01-01-01-01-02-01_r07.mp4,5457041,0.145457,1,
write,write,,,video_small,mongo_gridfs,7,01-01-01-01-01-02-01_r07.mp4,5457041,0.048239,1,
write,write,,,video_small,polyglot,7,01-01-01-01-01-02-01_r07.mp4,5457041,0.050938,1,
write,write,,,video_small,mongo_gridfs,7,01-01-01-01-01-02-15_r07.mp4,5457041,0.048275,1,
write,write,,,video_small,polyglot,7,01-01-01-01-01-02-15_r07.mp4,5457041,0.089967,1,
write,write,,,video_small,pg_bytea,7,01-01-01-01-01-02-15_r07.mp4,5457041,0.141404,1,
write,write,,,video_small,pg_bytea,7,01-01-01-01-02-01-06_r07.mp4,5457041,0.146010,1,
write,write,,,video_small,polyglot,7,01-01-01-01-02-01-06_r07.mp4,5457041,0.097104,1,
write,write,,,video_small,mongo_gridfs,7,01-01-01-01-02-01-06_r07.mp4,5457041,0.077566,1,
write,write,,,video_small,polyglot,7,01-01-01-01-02-01-13_r07.mp4,5457041,0.113091,1,
write,write,,,video_small,mongo_gridfs,7,01-01-01-01-02-01-13_r07.mp4,5457041,0.094703,1,
write,write,,,video_small,pg_bytea,7,01-01-01-01-02-01-13_r07.mp4,5457041,0.188053,1,
write,write,,,video_small,pg_bytea,7,01-01-01-01-02-01-14_r07.mp4,5457041,0.150908,1,
write,write,,,video_small,mongo_gridfs,7,01-01-01-01-02-01-14_r07.mp4,5457041,0.063449,1,
write,write,,,video_small,polyglot,7,01-01-01-01-02-01-14_r07.mp4,5457041,0.047445,1,
write,write,,,video_small,pg_bytea,7,01-01-01-01-02-02-09_r07.mp4,5498397,0.264457,1,
write,write,,,video_small,mongo_gridfs,7,01-01-01-01-02-02-09_r07.mp4,5498397,0.050813,1,
write,write,,,video_small,polyglot,7,01-01-01-01-02-02-09_r07.mp4,5498397,0.056338,1,
write,write,,,video_small,mongo_gridfs,7,01-01-01-02-01-01-01_r07.mp4,5498397,0.046567,1,
write,write,,,video_small,pg_bytea,7,01-01-01-02-01-01-01_r07.mp4,5498397,0.155076,1,
write,write,,,video_small,polyglot,7,01-01-01-02-01-01-01_r07.mp4,5498397,0.052503,1,
write,write,,,video_small,mongo_gridfs,7,01-01-01-02-01-01-05_r07.mp4,5457041,0.081898,1,
write,write,,,video_small,polyglot,7,01-01-01-02-01-01-05_r07.mp4,5457041,0.093981,1,
write,write,,,video_small,pg_bytea,7,01-01-01-02-01-01-05_r07.mp4,5457041,0.161919,1,
write,write,,,video_small,pg_bytea,7,01-01-01-02-01-01-15_r07.mp4,5457041,0.142031,1,
write,write,,,video_small,mongo_gridfs,7,01-01-01-02-01-01-15_r07.mp4,5457041,0.045945,1,
write,write,,,video_small,polyglot,7,01-01-01-02-01-01-15_r07.mp4,5457041,0.048411,1,
write,write,,,video_small,pg_bytea,7,01-01-01-02-02-01-18_r07.mp4,5457041,0.135635,1,
write,write,,,video_small,mongo_gridfs,7,01-01-01-02-02-01-18_r07.mp4,5457041,0.041125,1,
write,write,,,video_small,polyglot,7,01-01-01-02-02-01-18_r07.mp4,5457041,0.059826,1,
write,write,,,video_small,polyglot,7,01-01-01-02-02-01-19_r07.mp4,5457041,0.077870,1,
write,write,,,video_small,mongo_gridfs,7,01-01-01-02-02-01-19_r07.mp4,5457041,0.098891,1,
write,write,,,video_small,pg_bytea,7,01-01-01-02-02-01-19_r07.mp4,5457041,0.236595,1,
write,write,,,video_small,pg_bytea,7,01-01-02-01-01-02-09_r07.mp4,5498397,0.373678,1,
write,write,,,video_small,polyglot,7,01-01-02-01-01-02-09_r07.mp4,5498397,0.045210,1,
write,write,,,video_small,mongo_gridfs,7,01-01-02-01-01-02-09_r07.mp4,5498397,0.040145,1,
write,write,,,video_small,pg_bytea,7,01-01-02-01-01-02-18_r07.mp4,5498397,0.134018,1,
write,write,,,video_small,mongo_gridfs,7,01-01-02-01-01-02-18_r07.mp4,5498397,0.039180,1,
write,write,,,video_small,polyglot,7,01-01-02-01-01-02-18_r07.mp4,5498397,0.041458,1,
write,write,,,video_small,pg_bytea,7,01-01-02-01-01-02-23_r07.mp4,5498397,0.144244,1,
write,write,,,video_small,mongo_gridfs,7,01-01-02-01-01-02-23_r07.mp4,5498397,0.042312,1,
write,write,,,video_small,polyglot,7,01-01-02-01-01-02-23_r07.mp4,5498397,0.050465,1,
write,write,,,video_small,polyglot,7,01-01-02-01-02-01-09_r07.mp4,5498397,0.058538,1,
write,write,,,video_small,pg_bytea,7,01-01-02-01-02-01-09_r07.mp4,5498397,0.145840,1,
write,write,,,video_small,mongo_gridfs,7,01-01-02-01-02-01-09_r07.mp4,5498397,0.077553,1,
write,write,,,video_small,mongo_gridfs,7,01-01-02-01-02-02-01_r07.mp4,5498397,0.047723,1,
write,write,,,video_small,polyglot,7,01-01-02-01-02-02-01_r07.mp4,5498397,0.068096,1,
write,write,,,video_small,pg_bytea,7,01-01-02-01-02-02-01_r07.mp4,5498397,0.148400,1,
write,write,,,video_small,pg_bytea,7,01-01-02-01-02-02-03_r07.mp4,5498397,0.167600,1,
write,write,,,video_small,mongo_gridfs,7,01-01-02-01-02-02-03_r07.mp4,5498397,0.058291,1,
write,write,,,video_small,polyglot,7,01-01-02-01-02-02-03_r07.mp4,5498397,0.058814,1,
write,write,,,video_small,mongo_gridfs,7,01-01-02-02-01-02-02_r07.mp4,5498397,0.058789,1,
write,write,,,video_small,polyglot,7,01-01-02-02-01-02-02_r07.mp4,5498397,0.065605,1,
write,write,,,video_small,pg_bytea,7,01-01-02-02-01-02-02_r07.mp4,5498397,0.404132,1,
write,write,,,video_small,pg_bytea,7,01-01-02-02-01-02-03_r07.mp4,5498397,0.134034,1,
write,write,,,video_small,mongo_gridfs,7,01-01-02-02-01-02-03_r07.mp4,5498397,0.040908,1,
write,write,,,video_small,polyglot,7,01-01-02-02-01-02-03_r07.mp4,5498397,0.041386,1,
write,write,,,video_small,polyglot,7,01-01-02-02-01-02-05_r07.mp4,5498397,0.045810,1,
write,write,,,video_small,pg_bytea,7,01-01-02-02-01-02-05_r07.mp4,5498397,0.132815,1,
write,write,,,video_small,mongo_gridfs,7,01-01-02-02-01-02-05_r07.mp4,5498397,0.049728,1,
write,write,,,video_small,mongo_gridfs,7,01-01-02-02-01-02-10_r07.mp4,5457041,0.053651,1,
write,write,,,video_small,polyglot,7,01-01-02-02-01-02-10_r07.mp4,5457041,0.049600,1,
write,write,,,video_small,pg_bytea,7,01-01-02-02-01-02-10_r07.mp4,5457041,0.150508,1,
write,write,,,video_small,mongo_gridfs,7,01-01-02-02-01-02-13_r07.mp4,5457041,0.063105,1,
write,write,,,video_small,pg_bytea,7,01-01-02-02-01-02-13_r07.mp4,5457041,0.151735,1,
write,write,,,video_small,polyglot,7,01-01-02-02-01-02-13_r07.mp4,5457041,0.050184,1,
write,write,,,video_small,polyglot,7,01-01-02-02-01-02-17_r07.mp4,5457041,0.045204,1,
write,write,,,video_small,mongo_gridfs,7,01-01-02-02-01-02-17_r07.mp4,5457041,0.042345,1,
write,write,,,video_small,pg_bytea,7,01-01-02-02-01-02-17_r07.mp4,5457041,0.149881,1,
write,write,,,video_small,polyglot,7,01-01-02-02-02-02-18_r07.mp4,5457041,0.045985,1,
write,write,,,video_small,mongo_gridfs,7,01-01-02-02-02-02-18_r07.mp4,5457041,0.052516,1,
write,write,,,video_small,pg_bytea,7,01-01-02-02-02-02-18_r07.mp4,5457041,0.177487,1,
write,write,,,video_small,pg_bytea,7,01-01-02-02-02-02-19_r07.mp4,5457041,0.144916,1,
write,write,,,video_small,polyglot,7,01-01-02-02-02-02-19_r07.mp4,5457041,0.053226,1,
write,write,,,video_small,mongo_gridfs,7,01-01-02-02-02-02-19_r07.mp4,5457041,0.048222,1,
write,write,,,video_small,polyglot,7,01-01-02-02-02-02-21_r07.mp4,5498397,0.177696,1,
write,write,,,video_small,mongo_gridfs,7,01-01-02-02-02-02-21_r07.mp4,5498397,0.053253,1,
write,write,,,video_small,pg_bytea,7,01-01-02-02-02-02-21_r07.mp4,5498397,0.173588,1,
write,write,,,video_small,mongo_gridfs,7,01-01-02-02-02-02-22_r07.mp4,5457041,0.049175,1,
write,write,,,video_small,pg_bytea,7,01-01-02-02-02-02-22_r07.mp4,5457041,0.136914,1,
write,write,,,video_small,polyglot,7,01-01-02-02-02-02-22_r07.mp4,5457041,0.047955,1,
write,write,,,video_small,mongo_gridfs,7,01-01-02-02-02-02-23_r07.mp4,5457041,0.046280,1,
write,write,,,video_small,polyglot,7,01-01-02-02-02-02-23_r07.mp4,5457041,0.059060,1,
write,write,,,video_small,pg_bytea,7,01-01-02-02-02-02-23_r07.mp4,5457041,0.139129,1,
write,write,,,video_small,polyglot,7,01-01-03-01-01-01-12_r07.mp4,5457041,0.094447,1,
write,write,,,video_small,pg_bytea,7,01-01-03-01-01-01-12_r07.mp4,5457041,0.228683,1,
write,write,,,video_small,mongo_gridfs,7,01-01-03-01-01-01-12_r07.mp4,5457041,0.046597,1,
write,write,,,video_small,pg_bytea,7,01-01-03-01-01-01-15_r07.mp4,5457041,0.136102,1,
write,write,,,video_small,polyglot,7,01-01-03-01-01-01-15_r07.mp4,5457041,0.053188,1,
write,write,,,video_small,mongo_gridfs,7,01-01-03-01-01-01-15_r07.mp4,5457041,0.046345,1,
write,write,,,video_small,pg_bytea,7,01-01-03-01-02-01-08_r07.mp4,5498397,0.157049,1,
write,write,,,video_small,polyglot,7,01-01-03-01-02-01-08_r07.mp4,5498397,0.266279,1,
write,write,,,video_small,mongo_gridfs,7,01-01-03-01-02-01-08_r07.mp4,5498397,0.046549,1,
write,write,,,video_small,polyglot,7,01-01-03-01-02-01-21_r07.mp4,5498397,0.051779,1,
write,write,,,video_small,pg_bytea,7,01-01-03-01-02-01-21_r07.mp4,5498397,0.139002,1,
write,write,,,video_small,mongo_gridfs,7,01-01-03-01-02-01-21_r07.mp4,5498397,0.045645,1,
write,write,,,video_small,mongo_gridfs,7,01-01-03-02-01-01-21_r07.mp4,5457041,0.044078,1,
write,write,,,video_small,polyglot,7,01-01-03-02-01-01-21_r07.mp4,5457041,0.050125,1,
write,write,,,video_small,pg_bytea,7,01-01-03-02-01-01-21_r07.mp4,5457041,0.142751,1,
write,write,,,video_small,pg_bytea,7,01-01-03-02-01-01-24_r07.mp4,5457041,0.139133,1,
write,write,,,video_small,polyglot,7,01-01-03-02-01-01-24_r07.mp4,5457041,0.052313,1,
write,write,,,video_small,mongo_gridfs,7,01-01-03-02-01-01-24_r07.mp4,5457041,0.066764,1,
write,write,,,video_small,pg_bytea,7,01-01-03-02-01-02-01_r07.mp4,5457041,0.141446,1,
write,write,,,video_small,mongo_gridfs,7,01-01-03-02-01-02-01_r07.mp4,5457041,0.083400,1,
write,write,,,video_small,polyglot,7,01-01-03-02-01-02-01_r07.mp4,5457041,0.065708,1,
write,write,,,video_small,mongo_gridfs,7,01-01-03-02-01-02-15_r07.mp4,5457041,0.064519,1,
write,write,,,video_small,pg_bytea,7,01-01-03-02-01-02-15_r07.mp4,5457041,0.167435,1,
write,write,,,video_small,polyglot,7,01-01-03-02-01-02-15_r07.mp4,5457041,0.051121,1,
write,write,,,video_small,polyglot,7,01-01-03-02-02-01-05_r07.mp4,5457041,0.042272,1,
write,write,,,video_small,pg_bytea,7,01-01-03-02-02-01-05_r07.mp4,5457041,0.153893,1,
write,write,,,video_small,mongo_gridfs,7,01-01-03-02-02-01-05_r07.mp4,5457041,0.047322,1,
write,write,,,video_small,polyglot,7,01-01-03-02-02-01-12_r07.mp4,5457041,0.055191,1,
write,write,,,video_small,pg_bytea,7,01-01-03-02-02-01-12_r07.mp4,5457041,0.148540,1,
write,write,,,video_small,mongo_gridfs,7,01-01-03-02-02-01-12_r07.mp4,5457041,0.053980,1,
write,write,,,video_small,pg_bytea,7,01-01-03-02-02-01-15_r07.mp4,5498397,0.240764,1,
write,write,,,video_small,mongo_gridfs,7,01-01-03-02-02-01-15_r07.mp4,5498397,0.055414,1,
write,write,,,video_small,polyglot,7,01-01-03-02-02-01-15_r07.mp4,5498397,0.075483,1,
write,write,,,video_small,polyglot,7,01-01-04-01-01-01-03_r07.mp4,5457041,0.044611,1,
write,write,,,video_small,pg_bytea,7,01-01-04-01-01-01-03_r07.mp4,5457041,0.153268,1,
write,write,,,video_small,mongo_gridfs,7,01-01-04-01-01-01-03_r07.mp4,5457041,0.046520,1,
write,write,,,video_small,polyglot,7,01-01-04-01-01-01-05_r07.mp4,5498397,0.051185,1,
write,write,,,video_small,pg_bytea,7,01-01-04-01-01-01-05_r07.mp4,5498397,0.140275,1,
write,write,,,video_small,mongo_gridfs,7,01-01-04-01-01-01-05_r07.mp4,5498397,0.048364,1,
write,write,,,video_small,mongo_gridfs,7,01-01-04-01-01-01-10_r07.mp4,5457041,0.054456,1,
write,write,,,video_small,pg_bytea,7,01-01-04-01-01-01-10_r07.mp4,5457041,0.172648,1,
write,write,,,video_small,polyglot,7,01-01-04-01-01-01-10_r07.mp4,5457041,0.057941,1,
write,write,,,video_small,mongo_gridfs,7,01-01-04-01-01-01-16_r07.mp4,5457041,0.044896,1,
write,write,,,video_small,pg_bytea,7,01-01-04-01-01-01-16_r07.mp4,5457041,0.434516,1,
write,write,,,video_small,polyglot,7,01-01-04-01-01-01-16_r07.mp4,5457041,0.047123,1,
write,write,,,video_small,pg_bytea,7,01-01-04-01-02-01-19_r07.mp4,5498397,0.138809,1,
write,write,,,video_small,mongo_gridfs,7,01-01-04-01-02-01-19_r07.mp4,5498397,0.039234,1,
write,write,,,video_small,polyglot,7,01-01-04-01-02-01-19_r07.mp4,5498397,0.049569,1,
write,write,,,video_small,polyglot,7,01-01-04-01-02-01-21_r07.mp4,5498397,0.047489,1,
write,write,,,video_small,mongo_gridfs,7,01-01-04-01-02-01-21_r07.mp4,5498397,0.049330,1,
write,write,,,video_small,pg_bytea,7,01-01-04-01-02-01-21_r07.mp4,5498397,0.135885,1,
write,write,,,video_small,pg_bytea,7,01-01-04-01-02-01-22_r07.mp4,5498397,0.370698,1,
write,write,,,video_small,mongo_gridfs,7,01-01-04-01-02-01-22_r07.mp4,5498397,0.049181,1,
write,write,,,video_small,polyglot,7,01-01-04-01-02-01-22_r07.mp4,5498397,0.067232,1,
write,write,,,video_small,mongo_gridfs,7,01-01-04-02-01-01-18_r07.mp4,5498397,0.049522,1,
write,write,,,video_small,pg_bytea,7,01-01-04-02-01-01-18_r07.mp4,5498397,0.158664,1,
write,write,,,video_small,polyglot,7,01-01-04-02-01-01-18_r07.mp4,5498397,0.043970,1,
write,write,,,video_small,pg_bytea,7,01-01-04-02-01-01-19_r07.mp4,5498397,0.152383,1,
write,write,,,video_small,mongo_gridfs,7,01-01-04-02-01-01-19_r07.mp4,5498397,0.041957,1,
write,write,,,video_small,polyglot,7,01-01-04-02-01-01-19_r07.mp4,5498397,0.043021,1,
write,write,,,video_small,polyglot,7,01-01-04-02-02-01-02_r07.mp4,5498397,0.067806,1,
write,write,,,video_small,pg_bytea,7,01-01-04-02-02-01-02_r07.mp4,5498397,0.151639,1,
write,write,,,video_small,mongo_gridfs,7,01-01-04-02-02-01-02_r07.mp4,5498397,0.121694,1,
write,write,,,video_small,polyglot,7,01-01-04-02-02-01-05_r07.mp4,5498397,0.233253,1,
write,write,,,video_small,pg_bytea,7,01-01-04-02-02-01-05_r07.mp4,5498397,0.154251,1,
write,write,,,video_small,mongo_gridfs,7,01-01-04-02-02-01-05_r07.mp4,5498397,0.047962,1,
write,write,,,video_small,polyglot,7,01-01-04-02-02-01-06_r07.mp4,5498397,0.053249,1,
write,write,,,video_small,mongo_gridfs,7,01-01-04-02-02-01-06_r07.mp4,5498397,0.046465,1,
write,write,,,video_small,pg_bytea,7,01-01-04-02-02-01-06_r07.mp4,5498397,0.141141,1,
write,write,,,video_small,mongo_gridfs,7,01-01-04-02-02-01-13_r07.mp4,5498397,0.046755,1,
write,write,,,video_small,pg_bytea,7,01-01-04-02-02-01-13_r07.mp4,5498397,0.248032,1,
write,write,,,video_small,polyglot,7,01-01-04-02-02-01-13_r07.mp4,5498397,0.048009,1,
write,write,,,video_small,polyglot,7,01-01-04-02-02-01-17_r07.mp4,5498397,0.045501,1,
write,write,,,video_small,pg_bytea,7,01-01-04-02-02-01-17_r07.mp4,5498397,0.148892,1,
write,write,,,video_small,mongo_gridfs,7,01-01-04-02-02-01-17_r07.mp4,5498397,0.049093,1,
write,write,,,video_small,polyglot,7,01-01-04-02-02-02-19_r07.mp4,5498397,0.090283,1,
write,write,,,video_small,pg_bytea,7,01-01-04-02-02-02-19_r07.mp4,5498397,0.152962,1,
write,write,,,video_small,mongo_gridfs,7,01-01-04-02-02-02-19_r07.mp4,5498397,0.045551,1,
write,write,,,video_small,pg_bytea,7,01-01-05-01-01-02-09_r07.mp4,5498397,0.143494,1,
write,write,,,video_small,polyglot,7,01-01-05-01-01-02-09_r07.mp4,5498397,0.047711,1,
write,write,,,video_small,mongo_gridfs,7,01-01-05-01-01-02-09_r07.mp4,5498397,0.047875,1,
write,write,,,video_small,pg_bytea,7,01-01-05-01-01-02-19_r07.mp4,5498397,0.143002,1,
write,write,,,video_small,polyglot,7,01-01-05-01-01-02-19_r07.mp4,5498397,0.222057,1,
write,write,,,video_small,mongo_gridfs,7,01-01-05-01-01-02-19_r07.mp4,5498397,0.045558,1,
write,write,,,video_small,pg_bytea,7,01-01-05-01-01-02-21_r07.mp4,5457041,0.145376,1,
write,write,,,video_small,mongo_gridfs,7,01-01-05-01-01-02-21_r07.mp4,5457041,0.049199,1,
write,write,,,video_small,polyglot,7,01-01-05-01-01-02-21_r07.mp4,5457041,0.061536,1,
write,write,,,video_small,polyglot,7,01-01-05-01-02-01-19_r07.mp4,5457041,0.041856,1,
write,write,,,video_small,pg_bytea,7,01-01-05-01-02-01-19_r07.mp4,5457041,0.315518,1,
write,write,,,video_small,mongo_gridfs,7,01-01-05-01-02-01-19_r07.mp4,5457041,0.044892,1,
write,write,,,video_small,mongo_gridfs,7,01-01-05-01-02-02-04_r07.mp4,5457041,0.045350,1,
write,write,,,video_small,polyglot,7,01-01-05-01-02-02-04_r07.mp4,5457041,0.047828,1,
write,write,,,video_small,pg_bytea,7,01-01-05-01-02-02-04_r07.mp4,5457041,0.219576,1,
write,write,,,video_small,pg_bytea,7,01-01-05-01-02-02-05_r07.mp4,5498397,0.145097,1,
write,write,,,video_small,polyglot,7,01-01-05-01-02-02-05_r07.mp4,5498397,0.047426,1,
write,write,,,video_small,mongo_gridfs,7,01-01-05-01-02-02-05_r07.mp4,5498397,0.045053,1,
write,write,,,video_small,mongo_gridfs,7,01-01-05-02-01-02-04_r07.mp4,5457041,0.051793,1,
write,write,,,video_small,polyglot,7,01-01-05-02-01-02-04_r07.mp4,5457041,0.044334,1,
write,write,,,video_small,pg_bytea,7,01-01-05-02-01-02-04_r07.mp4,5457041,0.142814,1,
write,write,,,video_small,mongo_gridfs,7,01-01-05-02-01-02-12_r07.mp4,5457041,0.043370,1,
write,write,,,video_small,pg_bytea,7,01-01-05-02-01-02-12_r07.mp4,5457041,0.188348,1,
write,write,,,video_small,polyglot,7,01-01-05-02-01-02-12_r07.mp4,5457041,0.057534,1,
write,write,,,video_small,polyglot,7,01-01-05-02-01-02-14_r07.mp4,5457041,0.078590,1,
write,write,,,video_small,mongo_gridfs,7,01-01-05-02-01-02-14_r07.mp4,5457041,0.068966,1,
write,write,,,video_small,pg_bytea,7,01-01-05-02-01-02-14_r07.mp4,5457041,0.797666,1,
write,write,,,video_small,pg_bytea,7,01-01-05-02-02-02-19_r07.mp4,5498397,0.149180,1,
write,write,,,video_small,polyglot,7,01-01-05-02-02-02-19_r07.mp4,5498397,0.049218,1,
write,write,,,video_small,mongo_gridfs,7,01-01-05-02-02-02-19_r07.mp4,5498397,0.042353,1,
write,write,,,video_small,polyglot,7,01-01-05-02-02-02-20_r07.mp4,5498397,0.115104,1,
write,write,,,video_small,mongo_gridfs,7,01-01-05-02-02-02-20_r07.mp4,5498397,0.043782,1,
write,write,,,video_small,pg_bytea,7,01-01-05-02-02-02-20_r07.mp4,5498397,0.149025,1,
write,write,,,video_small,pg_bytea,7,01-01-05-02-02-02-23_r07.mp4,5498397,0.168600,1,
write,write,,,video_small,polyglot,7,01-01-05-02-02-02-23_r07.mp4,5498397,0.053543,1,
write,write,,,video_small,mongo_gridfs,7,01-01-05-02-02-02-23_r07.mp4,5498397,0.044799,1,
write,write,,,video_small,polyglot,7,01-01-06-01-01-01-08_r07.mp4,5457041,0.061219,1,
write,write,,,video_small,mongo_gridfs,7,01-01-06-01-01-01-08_r07.mp4,5457041,0.041040,1,
write,write,,,video_small,pg_bytea,7,01-01-06-01-01-01-08_r07.mp4,5457041,0.162652,1,
write,write,,,video_small,pg_bytea,7,01-01-06-01-01-01-19_r07.mp4,5457041,0.165924,1,
write,write,,,video_small,polyglot,7,01-01-06-01-01-01-19_r07.mp4,5457041,0.047246,1,
write,write,,,video_small,mongo_gridfs,7,01-01-06-01-01-01-19_r07.mp4,5457041,0.048728,1,
write,write,,,video_small,pg_bytea,7,01-01-06-01-01-01-24_r07.mp4,5498397,0.149500,1,
write,write,,,video_small,polyglot,7,01-01-06-01-01-01-24_r07.mp4,5498397,0.049609,1,
write,write,,,video_small,mongo_gridfs,7,01-01-06-01-01-01-24_r07.mp4,5498397,0.045144,1,
write,write,,,video_medium,mongo_gridfs,7,tsinghua_v_0024_r07.mp4,13091522,0.247460,1,
write,write,,,video_medium,pg_bytea,7,tsinghua_v_0024_r07.mp4,13091522,0.384518,1,
write,write,,,video_medium,polyglot,7,tsinghua_v_0024_r07.mp4,13091522,0.234614,1,
write,write,,,video_medium,pg_bytea,7,tsinghua_v_0046_r07.mp4,13091522,0.495408,1,
write,write,,,video_medium,polyglot,7,tsinghua_v_0046_r07.mp4,13091522,0.112845,1,
write,write,,,video_medium,mongo_gridfs,7,tsinghua_v_0046_r07.mp4,13091522,0.112882,1,
write,write,,,video_medium,polyglot,7,tsinghua_v_0076_r07.mp4,13091522,0.522534,1,
write,write,,,video_medium,pg_bytea,7,tsinghua_v_0076_r07.mp4,13091522,0.343900,1,
write,write,,,video_medium,mongo_gridfs,7,tsinghua_v_0076_r07.mp4,13091522,0.113438,1,
write,write,,,video_medium,pg_bytea,7,tsinghua_v_0080_r07.mp4,13091522,0.324258,1,
write,write,,,video_medium,mongo_gridfs,7,tsinghua_v_0080_r07.mp4,13091522,0.109457,1,
write,write,,,video_medium,polyglot,7,tsinghua_v_0080_r07.mp4,13091522,0.125247,1,
write,write,,,video_medium,polyglot,7,tsinghua_v_0109_r07.mp4,13091522,0.183024,1,
write,write,,,video_medium,mongo_gridfs,7,tsinghua_v_0109_r07.mp4,13091522,0.189919,1,
write,write,,,video_medium,pg_bytea,7,tsinghua_v_0109_r07.mp4,13091522,0.621455,1,
write,write,,,video_medium,pg_bytea,7,tsinghua_v_0123_r07.mp4,13091522,0.476871,1,
write,write,,,video_medium,mongo_gridfs,7,tsinghua_v_0123_r07.mp4,13091522,0.151766,1,
write,write,,,video_medium,polyglot,7,tsinghua_v_0123_r07.mp4,13091522,0.101759,1,
write,write,,,video_medium,pg_bytea,7,tsinghua_v_0130_r07.mp4,13091522,0.346795,1,
write,write,,,video_medium,polyglot,7,tsinghua_v_0130_r07.mp4,13091522,0.108391,1,
write,write,,,video_medium,mongo_gridfs,7,tsinghua_v_0130_r07.mp4,13091522,0.108869,1,
write,write,,,video_medium,pg_bytea,7,tsinghua_v_0135_r07.mp4,13091522,0.461317,1,
write,write,,,video_medium,polyglot,7,tsinghua_v_0135_r07.mp4,13091522,0.109879,1,
write,write,,,video_medium,mongo_gridfs,7,tsinghua_v_0135_r07.mp4,13091522,0.095223,1,
write,write,,,video_medium,polyglot,7,tsinghua_v_0137_r07.mp4,13091522,0.108201,1,
write,write,,,video_medium,mongo_gridfs,7,tsinghua_v_0137_r07.mp4,13091522,0.104950,1,
write,write,,,video_medium,pg_bytea,7,tsinghua_v_0137_r07.mp4,13091522,0.353162,1,
write,write,,,video_medium,mongo_gridfs,7,tsinghua_v_0140_r07.mp4,13091522,0.157743,1,
write,write,,,video_medium,pg_bytea,7,tsinghua_v_0140_r07.mp4,13091522,0.353122,1,
write,write,,,video_medium,polyglot,7,tsinghua_v_0140_r07.mp4,13091522,0.133581,1,
write,write,,,video_medium,polyglot,7,tsinghua_v_0151_r07.mp4,13091522,0.116825,1,
write,write,,,video_medium,pg_bytea,7,tsinghua_v_0151_r07.mp4,13091522,0.354442,1,
write,write,,,video_medium,mongo_gridfs,7,tsinghua_v_0151_r07.mp4,13091522,0.128165,1,
write,write,,,video_medium,polyglot,7,tsinghua_v_0157_r07.mp4,13091522,0.164255,1,
write,write,,,video_medium,pg_bytea,7,tsinghua_v_0157_r07.mp4,13091522,0.357091,1,
write,write,,,video_medium,mongo_gridfs,7,tsinghua_v_0157_r07.mp4,13091522,0.121540,1,
write,write,,,video_medium,mongo_gridfs,7,tsinghua_v_0209_r07.mp4,13091522,0.105938,1,
write,write,,,video_medium,polyglot,7,tsinghua_v_0209_r07.mp4,13091522,0.122485,1,
write,write,,,video_medium,pg_bytea,7,tsinghua_v_0209_r07.mp4,13091522,0.614773,1,
write,write,,,video_medium,mongo_gridfs,7,tsinghua_v_0226_r07.mp4,13091522,0.109051,1,
write,write,,,video_medium,pg_bytea,7,tsinghua_v_0226_r07.mp4,13091522,0.312889,1,
write,write,,,video_medium,polyglot,7,tsinghua_v_0226_r07.mp4,13091522,0.108504,1,
write,write,,,video_medium,pg_bytea,7,tsinghua_v_0236_r07.mp4,13091522,0.384310,1,
write,write,,,video_medium,polyglot,7,tsinghua_v_0236_r07.mp4,13091522,0.122511,1,
write,write,,,video_medium,mongo_gridfs,7,tsinghua_v_0236_r07.mp4,13091522,0.113754,1,
write,write,,,video_medium,polyglot,7,tsinghua_v_0274_r07.mp4,13091522,0.137182,1,
write,write,,,video_medium,pg_bytea,7,tsinghua_v_0274_r07.mp4,13091522,0.722434,1,
write,write,,,video_medium,mongo_gridfs,7,tsinghua_v_0274_r07.mp4,13091522,0.103897,1,
write,write,,,video_medium,mongo_gridfs,7,tsinghua_v_0280_r07.mp4,13091522,0.113953,1,
write,write,,,video_medium,pg_bytea,7,tsinghua_v_0280_r07.mp4,13091522,0.351297,1,
write,write,,,video_medium,polyglot,7,tsinghua_v_0280_r07.mp4,13091522,0.110488,1,
write,write,,,video_medium,polyglot,7,tsinghua_v_0302_r07.mp4,13091522,0.106888,1,
write,write,,,video_medium,mongo_gridfs,7,tsinghua_v_0302_r07.mp4,13091522,0.128260,1,
write,write,,,video_medium,pg_bytea,7,tsinghua_v_0302_r07.mp4,13091522,0.344518,1,
write,write,,,video_medium,pg_bytea,7,tsinghua_v_0311_r07.mp4,13091522,0.503473,1,
write,write,,,video_medium,mongo_gridfs,7,tsinghua_v_0311_r07.mp4,13091522,0.116433,1,
write,write,,,video_medium,polyglot,7,tsinghua_v_0311_r07.mp4,13091522,0.323311,1,
write,write,,,video_medium,mongo_gridfs,7,tsinghua_v_0316_r07.mp4,13091522,0.538844,1,
write,write,,,video_medium,polyglot,7,tsinghua_v_0316_r07.mp4,13091522,0.521870,1,
write,write,,,video_medium,pg_bytea,7,tsinghua_v_0316_r07.mp4,13091522,0.954815,1,
write,write,,,video_medium,pg_bytea,7,tsinghua_v_0319_r07.mp4,13091522,0.713620,1,
write,write,,,video_medium,mongo_gridfs,7,tsinghua_v_0319_r07.mp4,13091522,0.110313,1,
write,write,,,video_medium,polyglot,7,tsinghua_v_0319_r07.mp4,13091522,0.896234,1,
write,write,,,video_medium,pg_bytea,7,tsinghua_v_0321_r07.mp4,13091522,1.099150,1,
write,write,,,video_medium,polyglot,7,tsinghua_v_0321_r07.mp4,13091522,0.194099,1,
write,write,,,video_medium,mongo_gridfs,7,tsinghua_v_0321_r07.mp4,13091522,0.276614,1,
write,write,,,video_medium,pg_bytea,7,tsinghua_v_0331_r07.mp4,13091522,0.330209,1,
write,write,,,video_medium,mongo_gridfs,7,tsinghua_v_0331_r07.mp4,13091522,0.099145,1,
write,write,,,video_medium,polyglot,7,tsinghua_v_0331_r07.mp4,13091522,0.111736,1,
write,write,,,video_medium,polyglot,7,tsinghua_v_0345_r07.mp4,13091522,0.121413,1,
write,write,,,video_medium,pg_bytea,7,tsinghua_v_0345_r07.mp4,13091522,0.354649,1,
write,write,,,video_medium,mongo_gridfs,7,tsinghua_v_0345_r07.mp4,13091522,0.109191,1,
write,write,,,video_medium,mongo_gridfs,7,tsinghua_v_0356_r07.mp4,13091522,0.101435,1,
write,write,,,video_medium,pg_bytea,7,tsinghua_v_0356_r07.mp4,13091522,0.343153,1,
write,write,,,video_medium,polyglot,7,tsinghua_v_0356_r07.mp4,13091522,0.109352,1,
write,write,,,video_medium,polyglot,7,tsinghua_v_0357_r07.mp4,13091522,0.108954,1,
write,write,,,video_medium,pg_bytea,7,tsinghua_v_0357_r07.mp4,13091522,0.333611,1,
write,write,,,video_medium,mongo_gridfs,7,tsinghua_v_0357_r07.mp4,13091522,0.111376,1,
write,write,,,video_medium,polyglot,7,tsinghua_v_0379_r07.mp4,13091522,0.151225,1,
write,write,,,video_medium,mongo_gridfs,7,tsinghua_v_0379_r07.mp4,13091522,0.119024,1,
write,write,,,video_medium,pg_bytea,7,tsinghua_v_0379_r07.mp4,13091522,0.320109,1,
write,write,,,video_medium,pg_bytea,7,tsinghua_v_0393_r07.mp4,13091522,0.413872,1,
write,write,,,video_medium,mongo_gridfs,7,tsinghua_v_0393_r07.mp4,13091522,0.108565,1,
write,write,,,video_medium,polyglot,7,tsinghua_v_0393_r07.mp4,13091522,0.108663,1,
write,write,,,video_medium,polyglot,7,tsinghua_v_0421_r07.mp4,13091522,0.101179,1,
write,write,,,video_medium,pg_bytea,7,tsinghua_v_0421_r07.mp4,13091522,0.318843,1,
write,write,,,video_medium,mongo_gridfs,7,tsinghua_v_0421_r07.mp4,13091522,0.140562,1,
write,write,,,video_medium,polyglot,7,tsinghua_v_0424_r07.mp4,13091522,0.143317,1,
write,write,,,video_medium,pg_bytea,7,tsinghua_v_0424_r07.mp4,13091522,0.355209,1,
write,write,,,video_medium,mongo_gridfs,7,tsinghua_v_0424_r07.mp4,13091522,0.094533,1,
write,write,,,video_medium,polyglot,7,tsinghua_v_0427_r07.mp4,13091522,0.113451,1,
write,write,,,video_medium,pg_bytea,7,tsinghua_v_0427_r07.mp4,13091522,0.395889,1,
write,write,,,video_medium,mongo_gridfs,7,tsinghua_v_0427_r07.mp4,13091522,0.134269,1,
write,write,,,video_medium,pg_bytea,7,tsinghua_v_0431_r07.mp4,13091522,0.405533,1,
write,write,,,video_medium,polyglot,7,tsinghua_v_0431_r07.mp4,13091522,0.109031,1,
write,write,,,video_medium,mongo_gridfs,7,tsinghua_v_0431_r07.mp4,13091522,0.096665,1,
write,write,,,video_medium,mongo_gridfs,7,tsinghua_v_0452_r07.mp4,13091522,0.117929,1,
write,write,,,video_medium,pg_bytea,7,tsinghua_v_0452_r07.mp4,13091522,0.317747,1,
write,write,,,video_medium,polyglot,7,tsinghua_v_0452_r07.mp4,13091522,0.123003,1,
write,write,,,video_medium,mongo_gridfs,7,tsinghua_v_0454_r07.mp4,13091522,0.101370,1,
write,write,,,video_medium,polyglot,7,tsinghua_v_0454_r07.mp4,13091522,0.225527,1,
write,write,,,video_medium,pg_bytea,7,tsinghua_v_0454_r07.mp4,13091522,0.333584,1,
write,write,,,video_medium,polyglot,7,tsinghua_v_0457_r07.mp4,13091522,0.114313,1,
write,write,,,video_medium,pg_bytea,7,tsinghua_v_0457_r07.mp4,13091522,0.318578,1,
write,write,,,video_medium,mongo_gridfs,7,tsinghua_v_0457_r07.mp4,13091522,0.203303,1,
write,write,,,video_medium,polyglot,7,tsinghua_v_0466_r07.mp4,13091522,0.107532,1,
write,write,,,video_medium,mongo_gridfs,7,tsinghua_v_0466_r07.mp4,13091522,0.144551,1,
write,write,,,video_medium,pg_bytea,7,tsinghua_v_0466_r07.mp4,13091522,0.350897,1,
write,write,,,video_medium,pg_bytea,7,tsinghua_v_0471_r07.mp4,13091522,0.519678,1,
write,write,,,video_medium,mongo_gridfs,7,tsinghua_v_0471_r07.mp4,13091522,0.106104,1,
write,write,,,video_medium,polyglot,7,tsinghua_v_0471_r07.mp4,13091522,0.103077,1,
write,write,,,video_medium,polyglot,7,tsinghua_v_0472_r07.mp4,13091522,0.106116,1,
write,write,,,video_medium,mongo_gridfs,7,tsinghua_v_0472_r07.mp4,13091522,0.116763,1,
write,write,,,video_medium,pg_bytea,7,tsinghua_v_0472_r07.mp4,13091522,0.332752,1,
write,write,,,video_medium,mongo_gridfs,7,tsinghua_v_0494_r07.mp4,13091522,0.127502,1,
write,write,,,video_medium,polyglot,7,tsinghua_v_0494_r07.mp4,13091522,0.113915,1,
write,write,,,video_medium,pg_bytea,7,tsinghua_v_0494_r07.mp4,13091522,0.344194,1,
write,write,,,video_medium,polyglot,7,tsinghua_v_0503_r07.mp4,13091522,0.118422,1,
write,write,,,video_medium,pg_bytea,7,tsinghua_v_0503_r07.mp4,13091522,0.335172,1,
write,write,,,video_medium,mongo_gridfs,7,tsinghua_v_0503_r07.mp4,13091522,0.234968,1,
write,write,,,video_medium,pg_bytea,7,tsinghua_v_0509_r07.mp4,13091522,0.371641,1,
write,write,,,video_medium,polyglot,7,tsinghua_v_0509_r07.mp4,13091522,0.119189,1,
write,write,,,video_medium,mongo_gridfs,7,tsinghua_v_0509_r07.mp4,13091522,0.108831,1,
write,write,,,video_medium,pg_bytea,7,tsinghua_v_0523_r07.mp4,13091522,0.328539,1,
write,write,,,video_medium,mongo_gridfs,7,tsinghua_v_0523_r07.mp4,13091522,0.103597,1,
write,write,,,video_medium,polyglot,7,tsinghua_v_0523_r07.mp4,13091522,0.104969,1,
write,write,,,video_medium,mongo_gridfs,7,tsinghua_v_0546_r07.mp4,13091522,0.112090,1,
write,write,,,video_medium,polyglot,7,tsinghua_v_0546_r07.mp4,13091522,0.109550,1,
write,write,,,video_medium,pg_bytea,7,tsinghua_v_0546_r07.mp4,13091522,0.342484,1,
write,write,,,video_medium,polyglot,7,tsinghua_v_0568_r07.mp4,13091522,0.109738,1,
write,write,,,video_medium,mongo_gridfs,7,tsinghua_v_0568_r07.mp4,13091522,0.200994,1,
write,write,,,video_medium,pg_bytea,7,tsinghua_v_0568_r07.mp4,13091522,0.333077,1,
write,write,,,video_medium,mongo_gridfs,7,tsinghua_v_0594_r07.mp4,13091522,0.257992,1,
write,write,,,video_medium,pg_bytea,7,tsinghua_v_0594_r07.mp4,13091522,0.560769,1,
write,write,,,video_medium,polyglot,7,tsinghua_v_0594_r07.mp4,13091522,0.139821,1,
write,write,,,video_medium,polyglot,7,tsinghua_v_0596_r07.mp4,13091522,0.219269,1,
write,write,,,video_medium,pg_bytea,7,tsinghua_v_0596_r07.mp4,13091522,0.372359,1,
write,write,,,video_medium,mongo_gridfs,7,tsinghua_v_0596_r07.mp4,13091522,0.141307,1,
write,write,,,video_medium,pg_bytea,7,tsinghua_v_0635_r07.mp4,13091522,0.625781,1,
write,write,,,video_medium,mongo_gridfs,7,tsinghua_v_0635_r07.mp4,13091522,0.103519,1,
write,write,,,video_medium,polyglot,7,tsinghua_v_0635_r07.mp4,13091522,0.107347,1,
write,write,,,video_medium,polyglot,7,tsinghua_v_0653_r07.mp4,13091522,0.186690,1,
write,write,,,video_medium,mongo_gridfs,7,tsinghua_v_0653_r07.mp4,13091522,0.093385,1,
write,write,,,video_medium,pg_bytea,7,tsinghua_v_0653_r07.mp4,13091522,0.315852,1,
write,write,,,video_medium,pg_bytea,7,tsinghua_v_0667_r07.mp4,13091522,0.624026,1,
write,write,,,video_medium,polyglot,7,tsinghua_v_0667_r07.mp4,13091522,0.110676,1,
write,write,,,video_medium,mongo_gridfs,7,tsinghua_v_0667_r07.mp4,13091522,0.114030,1,
write,write,,,video_medium,mongo_gridfs,7,tsinghua_v_0673_r07.mp4,13091522,0.112969,1,
write,write,,,video_medium,pg_bytea,7,tsinghua_v_0673_r07.mp4,13091522,0.352536,1,
write,write,,,video_medium,polyglot,7,tsinghua_v_0673_r07.mp4,13091522,0.139528,1,
write,write,,,video_medium,pg_bytea,7,tsinghua_v_0681_r07.mp4,13091522,0.906574,1,
write,write,,,video_medium,mongo_gridfs,7,tsinghua_v_0681_r07.mp4,13091522,0.099649,1,
write,write,,,video_medium,polyglot,7,tsinghua_v_0681_r07.mp4,13091522,0.100223,1,
write,write,,,video_medium,mongo_gridfs,7,tsinghua_v_0690_r07.mp4,13091522,0.115863,1,
write,write,,,video_medium,pg_bytea,7,tsinghua_v_0690_r07.mp4,13091522,0.301741,1,
write,write,,,video_medium,polyglot,7,tsinghua_v_0690_r07.mp4,13091522,0.106641,1,
write,write,,,video_medium,pg_bytea,7,tsinghua_v_0692_r07.mp4,13091522,0.324262,1,
write,write,,,video_medium,polyglot,7,tsinghua_v_0692_r07.mp4,13091522,0.129806,1,
write,write,,,video_medium,mongo_gridfs,7,tsinghua_v_0692_r07.mp4,13091522,0.116199,1,
write,write,,,video_medium,pg_bytea,7,tsinghua_v_0696_r07.mp4,13091522,0.356754,1,
write,write,,,video_medium,mongo_gridfs,7,tsinghua_v_0696_r07.mp4,13091522,0.110817,1,
write,write,,,video_medium,polyglot,7,tsinghua_v_0696_r07.mp4,13091522,0.123007,1,
write,write,,,video_medium,mongo_gridfs,7,tsinghua_v_0734_r07.mp4,13091522,0.105796,1,
write,write,,,video_medium,pg_bytea,7,tsinghua_v_0734_r07.mp4,13091522,0.574827,1,
write,write,,,video_medium,polyglot,7,tsinghua_v_0734_r07.mp4,13091522,0.148355,1,
write,write,,,video_medium,pg_bytea,7,tsinghua_v_0737_r07.mp4,13091522,0.401994,1,
write,write,,,video_medium,polyglot,7,tsinghua_v_0737_r07.mp4,13091522,0.189084,1,
write,write,,,video_medium,mongo_gridfs,7,tsinghua_v_0737_r07.mp4,13091522,0.107890,1,
write,write,,,video_medium,pg_bytea,7,tsinghua_v_0744_r07.mp4,13091522,0.313055,1,
write,write,,,video_medium,mongo_gridfs,7,tsinghua_v_0744_r07.mp4,13091522,0.110476,1,
write,write,,,video_medium,polyglot,7,tsinghua_v_0744_r07.mp4,13091522,0.099369,1,
write,write,,,video_medium,polyglot,7,tsinghua_v_0745_r07.mp4,13091522,0.130698,1,
write,write,,,video_medium,pg_bytea,7,tsinghua_v_0745_r07.mp4,13091522,0.967464,1,
write,write,,,video_medium,mongo_gridfs,7,tsinghua_v_0745_r07.mp4,13091522,0.095978,1,
write,write,,,video_medium,polyglot,7,tsinghua_v_0769_r07.mp4,13091522,0.136970,1,
write,write,,,video_medium,pg_bytea,7,tsinghua_v_0769_r07.mp4,13091522,0.353424,1,
write,write,,,video_medium,mongo_gridfs,7,tsinghua_v_0769_r07.mp4,13091522,0.100462,1,
write,write,,,video_medium,mongo_gridfs,7,tsinghua_v_0791_r07.mp4,13091522,0.110511,1,
write,write,,,video_medium,pg_bytea,7,tsinghua_v_0791_r07.mp4,13091522,0.334213,1,
write,write,,,video_medium,polyglot,7,tsinghua_v_0791_r07.mp4,13091522,0.107191,1,
write,write,,,video_medium,polyglot,7,tsinghua_v_0792_r07.mp4,13091522,0.493502,1,
write,write,,,video_medium,pg_bytea,7,tsinghua_v_0792_r07.mp4,13091522,0.461433,1,
write,write,,,video_medium,mongo_gridfs,7,tsinghua_v_0792_r07.mp4,13091522,0.107071,1,
write,write,,,video_medium,polyglot,7,tsinghua_v_0857_r07.mp4,13091522,0.108931,1,
write,write,,,video_medium,mongo_gridfs,7,tsinghua_v_0857_r07.mp4,13091522,0.112396,1,
write,write,,,video_medium,pg_bytea,7,tsinghua_v_0857_r07.mp4,13091522,0.339174,1,
write,write,,,video_medium,pg_bytea,7,tsinghua_v_0866_r07.mp4,13091522,0.316641,1,
write,write,,,video_medium,polyglot,7,tsinghua_v_0866_r07.mp4,13091522,0.521347,1,
write,write,,,video_medium,mongo_gridfs,7,tsinghua_v_0866_r07.mp4,13091522,0.132660,1,
write,write,,,video_medium,mongo_gridfs,7,tsinghua_v_0880_r07.mp4,13091522,0.113625,1,
write,write,,,video_medium,polyglot,7,tsinghua_v_0880_r07.mp4,13091522,0.121709,1,
write,write,,,video_medium,pg_bytea,7,tsinghua_v_0880_r07.mp4,13091522,0.772813,1,
write,write,,,video_medium,mongo_gridfs,7,tsinghua_v_0888_r07.mp4,13091522,0.099279,1,
write,write,,,video_medium,polyglot,7,tsinghua_v_0888_r07.mp4,13091522,0.093831,1,
write,write,,,video_medium,pg_bytea,7,tsinghua_v_0888_r07.mp4,13091522,0.328764,1,
write,write,,,video_medium,mongo_gridfs,7,tsinghua_v_0901_r07.mp4,13091522,0.096388,1,
write,write,,,video_medium,pg_bytea,7,tsinghua_v_0901_r07.mp4,13091522,0.509053,1,
write,write,,,video_medium,polyglot,7,tsinghua_v_0901_r07.mp4,13091522,0.191876,1,
write,write,,,video_medium,pg_bytea,7,tsinghua_v_0937_r07.mp4,13091522,0.555946,1,
write,write,,,video_medium,polyglot,7,tsinghua_v_0937_r07.mp4,13091522,0.104177,1,
write,write,,,video_medium,mongo_gridfs,7,tsinghua_v_0937_r07.mp4,13091522,0.110194,1,
write,write,,,video_medium,polyglot,7,tsinghua_v_0939_r07.mp4,13091522,0.144571,1,
write,write,,,video_medium,mongo_gridfs,7,tsinghua_v_0939_r07.mp4,13091522,0.116251,1,
write,write,,,video_medium,pg_bytea,7,tsinghua_v_0939_r07.mp4,13091522,0.810097,1,
write,write,,,video_medium,mongo_gridfs,7,tsinghua_v_0961_r07.mp4,13091522,0.105869,1,
write,write,,,video_medium,pg_bytea,7,tsinghua_v_0961_r07.mp4,13091522,0.299483,1,
write,write,,,video_medium,polyglot,7,tsinghua_v_0961_r07.mp4,13091522,0.097265,1,
write,write,,,video_medium,polyglot,7,tsinghua_v_0977_r07.mp4,13091522,0.123276,1,
write,write,,,video_medium,pg_bytea,7,tsinghua_v_0977_r07.mp4,13091522,0.348824,1,
write,write,,,video_medium,mongo_gridfs,7,tsinghua_v_0977_r07.mp4,13091522,0.139917,1,
write,write,,,audio_small,pg_bytea,8,03-01-01-01-01-02-19_r08.wav,375720,0.013319,1,
write,write,,,audio_small,polyglot,8,03-01-01-01-01-02-19_r08.wav,375720,0.010854,1,
write,write,,,audio_small,mongo_gridfs,8,03-01-01-01-01-02-19_r08.wav,375720,0.005321,1,
write,write,,,audio_small,polyglot,8,03-01-01-01-02-02-05_r08.wav,396294,0.012603,1,
write,write,,,audio_small,mongo_gridfs,8,03-01-01-01-02-02-05_r08.wav,396294,0.004662,1,
write,write,,,audio_small,pg_bytea,8,03-01-01-01-02-02-05_r08.wav,396294,0.010673,1,
write,write,,,audio_small,pg_bytea,8,03-01-01-01-02-02-06_r08.wav,363108,0.034281,1,
write,write,,,audio_small,mongo_gridfs,8,03-01-01-01-02-02-06_r08.wav,363108,0.010719,1,
write,write,,,audio_small,polyglot,8,03-01-01-01-02-02-06_r08.wav,363108,0.007731,1,
write,write,,,audio_small,mongo_gridfs,8,03-01-01-01-02-02-07_r08.wav,363108,0.004624,1,
write,write,,,audio_small,polyglot,8,03-01-01-01-02-02-07_r08.wav,363108,0.005563,1,
write,write,,,audio_small,pg_bytea,8,03-01-01-01-02-02-07_r08.wav,363108,0.012770,1,
write,write,,,audio_small,polyglot,8,03-01-01-01-02-02-11_r08.wav,375720,0.005249,1,
write,write,,,audio_small,pg_bytea,8,03-01-01-01-02-02-11_r08.wav,375720,0.010477,1,
write,write,,,audio_small,mongo_gridfs,8,03-01-01-01-02-02-11_r08.wav,375720,0.004421,1,
write,write,,,audio_small,mongo_gridfs,8,03-01-01-01-02-02-12_r08.wav,372698,0.004287,1,
write,write,,,audio_small,polyglot,8,03-01-01-01-02-02-12_r08.wav,372698,0.004887,1,
write,write,,,audio_small,pg_bytea,8,03-01-01-01-02-02-12_r08.wav,372698,0.009076,1,
write,write,,,audio_small,mongo_gridfs,8,03-01-01-01-02-02-13_r08.wav,363108,0.003694,1,
write,write,,,audio_small,polyglot,8,03-01-01-01-02-02-13_r08.wav,363108,0.014692,1,
write,write,,,audio_small,pg_bytea,8,03-01-01-01-02-02-13_r08.wav,363108,0.012195,1,
write,write,,,audio_small,mongo_gridfs,8,03-01-01-02-01-02-05_r08.wav,393086,0.005141,1,
write,write,,,audio_small,polyglot,8,03-01-01-02-01-02-05_r08.wav,393086,0.006538,1,
write,write,,,audio_small,pg_bytea,8,03-01-01-02-01-02-05_r08.wav,393086,0.014340,1,
write,write,,,audio_small,pg_bytea,8,03-01-01-02-01-02-06_r08.wav,363108,0.012699,1,
write,write,,,audio_small,mongo_gridfs,8,03-01-01-02-01-02-06_r08.wav,363108,0.006903,1,
write,write,,,audio_small,polyglot,8,03-01-01-02-01-02-06_r08.wav,363108,0.010512,1,
write,write,,,audio_small,polyglot,8,03-01-01-02-01-02-07_r08.wav,372698,0.180112,1,
write,write,,,audio_small,pg_bytea,8,03-01-01-02-01-02-07_r08.wav,372698,0.012960,1,
write,write,,,audio_small,mongo_gridfs,8,03-01-01-02-01-02-07_r08.wav,372698,0.008337,1,
write,write,,,audio_small,pg_bytea,8,03-01-01-02-01-02-13_r08.wav,399494,0.010783,1,
write,write,,,audio_small,mongo_gridfs,8,03-01-01-02-01-02-13_r08.wav,399494,0.005888,1,
write,write,,,audio_small,polyglot,8,03-01-01-02-01-02-13_r08.wav,399494,0.009448,1,
write,write,,,audio_small,polyglot,8,03-01-01-02-02-02-19_r08.wav,372698,0.009195,1,
write,write,,,audio_small,pg_bytea,8,03-01-01-02-02-02-19_r08.wav,372698,0.010306,1,
write,write,,,audio_small,mongo_gridfs,8,03-01-01-02-02-02-19_r08.wav,372698,0.006381,1,
write,write,,,audio_small,polyglot,8,03-01-02-01-01-01-19_r08.wav,372698,0.006221,1,
write,write,,,audio_small,mongo_gridfs,8,03-01-02-01-01-01-19_r08.wav,372698,0.004413,1,
write,write,,,audio_small,pg_bytea,8,03-01-02-01-01-01-19_r08.wav,372698,0.015110,1,
write,write,,,audio_small,polyglot,8,03-01-02-01-02-01-06_r08.wav,363108,0.005403,1,
write,write,,,audio_small,pg_bytea,8,03-01-02-01-02-01-06_r08.wav,363108,0.009092,1,
write,write,,,audio_small,mongo_gridfs,8,03-01-02-01-02-01-06_r08.wav,363108,0.006302,1,
write,write,,,audio_small,pg_bytea,8,03-01-02-01-02-01-07_r08.wav,399494,0.016030,1,
write,write,,,audio_small,mongo_gridfs,8,03-01-02-01-02-01-07_r08.wav,399494,0.004918,1,
write,write,,,audio_small,polyglot,8,03-01-02-01-02-01-07_r08.wav,399494,0.007632,1,
write,write,,,audio_small,mongo_gridfs,8,03-01-02-01-02-01-11_r08.wav,375720,0.004406,1,
write,write,,,audio_small,polyglot,8,03-01-02-01-02-01-11_r08.wav,375720,0.005094,1,
write,write,,,audio_small,pg_bytea,8,03-01-02-01-02-01-11_r08.wav,375720,0.010359,1,
write,write,,,audio_small,mongo_gridfs,8,03-01-02-01-02-01-12_r08.wav,372698,0.003749,1,
write,write,,,audio_small,polyglot,8,03-01-02-01-02-01-12_r08.wav,372698,0.004412,1,
write,write,,,audio_small,pg_bytea,8,03-01-02-01-02-01-12_r08.wav,372698,0.013933,1,
write,write,,,audio_small,polyglot,8,03-01-02-01-02-01-13_r08.wav,379106,0.006161,1,
write,write,,,audio_small,mongo_gridfs,8,03-01-02-01-02-01-13_r08.wav,379106,0.004248,1,
write,write,,,audio_small,pg_bytea,8,03-01-02-01-02-01-13_r08.wav,379106,0.010550,1,
write,write,,,audio_small,polyglot,8,03-01-02-02-01-01-05_r08.wav,363108,0.005644,1,
write,write,,,audio_small,pg_bytea,8,03-01-02-02-01-01-05_r08.wav,363108,0.009853,1,
write,write,,,audio_small,mongo_gridfs,8,03-01-02-02-01-01-05_r08.wav,363108,0.004450,1,
write,write,,,audio_small,polyglot,8,03-01-02-02-01-01-11_r08.wav,363108,0.007504,1,
write,write,,,audio_small,pg_bytea,8,03-01-02-02-01-01-11_r08.wav,363108,0.097703,1,
write,write,,,audio_small,mongo_gridfs,8,03-01-02-02-01-01-11_r08.wav,363108,0.006560,1,
write,write,,,audio_small,mongo_gridfs,8,03-01-02-02-01-01-12_r08.wav,399494,0.005564,1,
write,write,,,audio_small,pg_bytea,8,03-01-02-02-01-01-12_r08.wav,399494,0.021935,1,
write,write,,,audio_small,polyglot,8,03-01-02-02-01-01-12_r08.wav,399494,0.179460,1,
write,write,,,audio_small,mongo_gridfs,8,03-01-02-02-01-01-13_r08.wav,399494,0.007787,1,
write,write,,,audio_small,polyglot,8,03-01-02-02-01-01-13_r08.wav,399494,0.044238,1,
write,write,,,audio_small,pg_bytea,8,03-01-02-02-01-01-13_r08.wav,399494,0.011979,1,
write,write,,,audio_small,pg_bytea,8,03-01-02-02-02-01-19_r08.wav,379106,0.012571,1,
write,write,,,audio_small,polyglot,8,03-01-02-02-02-01-19_r08.wav,379106,0.016067,1,
write,write,,,audio_small,mongo_gridfs,8,03-01-02-02-02-01-19_r08.wav,379106,0.005693,1,
write,write,,,audio_small,mongo_gridfs,8,03-01-03-01-01-02-05_r08.wav,396294,0.005964,1,
write,write,,,audio_small,polyglot,8,03-01-03-01-01-02-05_r08.wav,396294,0.007843,1,
write,write,,,audio_small,pg_bytea,8,03-01-03-01-01-02-05_r08.wav,396294,0.018858,1,
write,write,,,audio_small,mongo_gridfs,8,03-01-03-01-01-02-07_r08.wav,393086,0.006545,1,
write,write,,,audio_small,polyglot,8,03-01-03-01-01-02-07_r08.wav,393086,0.006561,1,
write,write,,,audio_small,pg_bytea,8,03-01-03-01-01-02-07_r08.wav,393086,0.025746,1,
write,write,,,audio_small,pg_bytea,8,03-01-03-01-01-02-12_r08.wav,399494,0.031849,1,
write,write,,,audio_small,mongo_gridfs,8,03-01-03-01-01-02-12_r08.wav,399494,0.007856,1,
write,write,,,audio_small,polyglot,8,03-01-03-01-01-02-12_r08.wav,399494,0.008492,1,
write,write,,,audio_small,polyglot,8,03-01-03-01-01-02-13_r08.wav,399494,0.008119,1,
write,write,,,audio_small,pg_bytea,8,03-01-03-01-01-02-13_r08.wav,399494,0.010949,1,
write,write,,,audio_small,mongo_gridfs,8,03-01-03-01-01-02-13_r08.wav,399494,0.006585,1,
write,write,,,audio_small,pg_bytea,8,03-01-03-01-02-02-18_r08.wav,393086,0.014659,1,
write,write,,,audio_small,mongo_gridfs,8,03-01-03-01-02-02-18_r08.wav,393086,0.005879,1,
write,write,,,audio_small,polyglot,8,03-01-03-01-02-02-18_r08.wav,393086,0.006489,1,
write,write,,,audio_small,pg_bytea,8,03-01-03-01-02-02-19_r08.wav,399494,0.018719,1,
write,write,,,audio_small,mongo_gridfs,8,03-01-03-01-02-02-19_r08.wav,399494,0.010251,1,
write,write,,,audio_small,polyglot,8,03-01-03-01-02-02-19_r08.wav,399494,0.007681,1,
write,write,,,audio_small,mongo_gridfs,8,03-01-03-02-01-02-18_r08.wav,396294,0.003949,1,
write,write,,,audio_small,pg_bytea,8,03-01-03-02-01-02-18_r08.wav,396294,0.011973,1,
write,write,,,audio_small,polyglot,8,03-01-03-02-01-02-18_r08.wav,396294,0.009088,1,
write,write,,,audio_small,polyglot,8,03-01-03-02-01-02-19_r08.wav,372698,0.011889,1,
write,write,,,audio_small,pg_bytea,8,03-01-03-02-01-02-19_r08.wav,372698,0.009898,1,
write,write,,,audio_small,mongo_gridfs,8,03-01-03-02-01-02-19_r08.wav,372698,0.004398,1,
write,write,,,audio_small,pg_bytea,8,03-01-03-02-02-02-04_r08.wav,379106,0.009663,1,
write,write,,,audio_small,mongo_gridfs,8,03-01-03-02-02-02-04_r08.wav,379106,0.004356,1,
write,write,,,audio_small,polyglot,8,03-01-03-02-02-02-04_r08.wav,379106,0.005651,1,
write,write,,,audio_small,pg_bytea,8,03-01-03-02-02-02-06_r08.wav,399494,0.013596,1,
write,write,,,audio_small,mongo_gridfs,8,03-01-03-02-02-02-06_r08.wav,399494,0.006691,1,
write,write,,,audio_small,polyglot,8,03-01-03-02-02-02-06_r08.wav,399494,0.006023,1,
write,write,,,audio_small,mongo_gridfs,8,03-01-03-02-02-02-07_r08.wav,393086,0.004718,1,
write,write,,,audio_small,pg_bytea,8,03-01-03-02-02-02-07_r08.wav,393086,0.025642,1,
write,write,,,audio_small,polyglot,8,03-01-03-02-02-02-07_r08.wav,393086,0.010002,1,
write,write,,,audio_small,polyglot,8,03-01-03-02-02-02-10_r08.wav,375720,0.009924,1,
write,write,,,audio_small,pg_bytea,8,03-01-03-02-02-02-10_r08.wav,375720,0.015357,1,
write,write,,,audio_small,mongo_gridfs,8,03-01-03-02-02-02-10_r08.wav,375720,0.005900,1,
write,write,,,audio_small,mongo_gridfs,8,03-01-03-02-02-02-11_r08.wav,396294,0.005371,1,
write,write,,,audio_small,pg_bytea,8,03-01-03-02-02-02-11_r08.wav,396294,0.013232,1,
write,write,,,audio_small,polyglot,8,03-01-03-02-02-02-11_r08.wav,396294,0.006062,1,
write,write,,,audio_small,mongo_gridfs,8,03-01-03-02-02-02-13_r08.wav,399494,0.005426,1,
write,write,,,audio_small,polyglot,8,03-01-03-02-02-02-13_r08.wav,399494,0.008495,1,
write,write,,,audio_small,pg_bytea,8,03-01-03-02-02-02-13_r08.wav,399494,0.020512,1,
write,write,,,audio_small,mongo_gridfs,8,03-01-04-01-01-02-01_r08.wav,396294,0.005805,1,
write,write,,,audio_small,polyglot,8,03-01-04-01-01-02-01_r08.wav,396294,0.007181,1,
write,write,,,audio_small,pg_bytea,8,03-01-04-01-01-02-01_r08.wav,396294,0.014071,1,
write,write,,,audio_small,pg_bytea,8,03-01-04-01-01-02-02_r08.wav,379106,0.011341,1,
write,write,,,audio_small,mongo_gridfs,8,03-01-04-01-01-02-02_r08.wav,379106,0.006247,1,
write,write,,,audio_small,polyglot,8,03-01-04-01-01-02-02_r08.wav,379106,0.008305,1,
write,write,,,audio_small,pg_bytea,8,03-01-04-01-01-02-16_r08.wav,379106,0.010042,1,
write,write,,,audio_small,mongo_gridfs,8,03-01-04-01-01-02-16_r08.wav,379106,0.005037,1,
write,write,,,audio_small,polyglot,8,03-01-04-01-01-02-16_r08.wav,379106,0.008438,1,
write,write,,,audio_small,mongo_gridfs,8,03-01-04-01-02-02-08_r08.wav,372698,0.004540,1,
write,write,,,audio_small,polyglot,8,03-01-04-01-02-02-08_r08.wav,372698,0.024364,1,
write,write,,,audio_small,pg_bytea,8,03-01-04-01-02-02-08_r08.wav,372698,0.011219,1,
write,write,,,audio_small,polyglot,8,03-01-04-01-02-02-09_r08.wav,363108,0.006677,1,
write,write,,,audio_small,mongo_gridfs,8,03-01-04-01-02-02-09_r08.wav,363108,0.004975,1,
write,write,,,audio_small,pg_bytea,8,03-01-04-01-02-02-09_r08.wav,363108,0.009671,1,
write,write,,,audio_small,mongo_gridfs,8,03-01-04-01-02-02-20_r08.wav,396294,0.005967,1,
write,write,,,audio_small,polyglot,8,03-01-04-01-02-02-20_r08.wav,396294,0.005888,1,
write,write,,,audio_small,pg_bytea,8,03-01-04-01-02-02-20_r08.wav,396294,0.011419,1,
write,write,,,audio_small,mongo_gridfs,8,03-01-04-01-02-02-21_r08.wav,363108,0.005917,1,
write,write,,,audio_small,polyglot,8,03-01-04-01-02-02-21_r08.wav,363108,0.006284,1,
write,write,,,audio_small,pg_bytea,8,03-01-04-01-02-02-21_r08.wav,363108,0.017975,1,
write,write,,,audio_small,pg_bytea,8,03-01-04-01-02-02-22_r08.wav,372698,0.009943,1,
write,write,,,audio_small,mongo_gridfs,8,03-01-04-01-02-02-22_r08.wav,372698,0.005165,1,
write,write,,,audio_small,polyglot,8,03-01-04-01-02-02-22_r08.wav,372698,0.005655,1,
write,write,,,audio_small,mongo_gridfs,8,03-01-04-01-02-02-23_r08.wav,363108,0.004171,1,
write,write,,,audio_small,polyglot,8,03-01-04-01-02-02-23_r08.wav,363108,0.007520,1,
write,write,,,audio_small,pg_bytea,8,03-01-04-01-02-02-23_r08.wav,363108,0.009929,1,
write,write,,,audio_small,polyglot,8,03-01-04-02-01-02-09_r08.wav,379106,0.013422,1,
write,write,,,audio_small,mongo_gridfs,8,03-01-04-02-01-02-09_r08.wav,379106,0.006019,1,
write,write,,,audio_small,pg_bytea,8,03-01-04-02-01-02-09_r08.wav,379106,0.012773,1,
write,write,,,audio_small,mongo_gridfs,8,03-01-04-02-01-02-20_r08.wav,379106,0.006288,1,
write,write,,,audio_small,pg_bytea,8,03-01-04-02-01-02-20_r08.wav,379106,0.016082,1,
write,write,,,audio_small,polyglot,8,03-01-04-02-01-02-20_r08.wav,379106,0.008348,1,
write,write,,,audio_small,mongo_gridfs,8,03-01-04-02-01-02-21_r08.wav,393086,0.005258,1,
write,write,,,audio_small,polyglot,8,03-01-04-02-01-02-21_r08.wav,393086,0.009577,1,
write,write,,,audio_small,pg_bytea,8,03-01-04-02-01-02-21_r08.wav,393086,0.014160,1,
write,write,,,audio_small,pg_bytea,8,03-01-04-02-01-02-22_r08.wav,379106,0.013371,1,
write,write,,,audio_small,mongo_gridfs,8,03-01-04-02-01-02-22_r08.wav,379106,0.006690,1,
write,write,,,audio_small,polyglot,8,03-01-04-02-01-02-22_r08.wav,379106,0.009998,1,
write,write,,,audio_small,polyglot,8,03-01-04-02-02-02-14_r08.wav,375720,0.005974,1,
write,write,,,audio_small,pg_bytea,8,03-01-04-02-02-02-14_r08.wav,375720,0.011510,1,
write,write,,,audio_small,mongo_gridfs,8,03-01-04-02-02-02-14_r08.wav,375720,0.005469,1,
write,write,,,audio_small,mongo_gridfs,8,03-01-04-02-02-02-15_r08.wav,379106,0.005771,1,
write,write,,,audio_small,pg_bytea,8,03-01-04-02-02-02-15_r08.wav,379106,0.011979,1,
write,write,,,audio_small,polyglot,8,03-01-04-02-02-02-15_r08.wav,379106,0.007853,1,
write,write,,,audio_small,mongo_gridfs,8,03-01-04-02-02-02-16_r08.wav,375720,0.005037,1,
write,write,,,audio_small,pg_bytea,8,03-01-04-02-02-02-16_r08.wav,375720,0.012704,1,
write,write,,,audio_small,polyglot,8,03-01-04-02-02-02-16_r08.wav,375720,0.007482,1,
write,write,,,audio_small,polyglot,8,03-01-04-02-02-02-17_r08.wav,363108,0.006992,1,
write,write,,,audio_small,pg_bytea,8,03-01-04-02-02-02-17_r08.wav,363108,0.010869,1,
write,write,,,audio_small,mongo_gridfs,8,03-01-04-02-02-02-17_r08.wav,363108,0.006355,1,
write,write,,,audio_small,polyglot,8,03-01-05-01-01-01-09_r08.wav,393086,0.006477,1,
write,write,,,audio_small,pg_bytea,8,03-01-05-01-01-01-09_r08.wav,393086,0.016847,1,
write,write,,,audio_small,mongo_gridfs,8,03-01-05-01-01-01-09_r08.wav,393086,0.008756,1,
write,write,,,audio_small,mongo_gridfs,8,03-01-05-01-01-01-22_r08.wav,393086,0.005083,1,
write,write,,,audio_small,pg_bytea,8,03-01-05-01-01-01-22_r08.wav,393086,0.013166,1,
write,write,,,audio_small,polyglot,8,03-01-05-01-01-01-22_r08.wav,393086,0.005545,1,
write,write,,,audio_small,pg_bytea,8,03-01-05-01-02-01-02_r08.wav,372698,0.009783,1,
write,write,,,audio_small,mongo_gridfs,8,03-01-05-01-02-01-02_r08.wav,372698,0.004033,1,
write,write,,,audio_small,polyglot,8,03-01-05-01-02-01-02_r08.wav,372698,0.006442,1,
write,write,,,audio_small,polyglot,8,03-01-05-01-02-01-03_r08.wav,396294,0.005775,1,
write,write,,,audio_small,mongo_gridfs,8,03-01-05-01-02-01-03_r08.wav,396294,0.004067,1,
write,write,,,audio_small,pg_bytea,8,03-01-05-01-02-01-03_r08.wav,396294,0.009851,1,
write,write,,,audio_small,polyglot,8,03-01-05-01-02-01-15_r08.wav,363108,0.005159,1,
write,write,,,audio_small,mongo_gridfs,8,03-01-05-01-02-01-15_r08.wav,363108,0.004220,1,
write,write,,,audio_small,pg_bytea,8,03-01-05-01-02-01-15_r08.wav,363108,0.016702,1,
write,write,,,audio_small,pg_bytea,8,03-01-05-01-02-01-16_r08.wav,372698,0.012587,1,
write,write,,,audio_small,mongo_gridfs,8,03-01-05-01-02-01-16_r08.wav,372698,0.009730,1,
write,write,,,audio_small,polyglot,8,03-01-05-01-02-01-16_r08.wav,372698,0.007690,1,
write,write,,,audio_small,mongo_gridfs,8,03-01-05-01-02-01-17_r08.wav,393086,0.008390,1,
write,write,,,audio_small,pg_bytea,8,03-01-05-01-02-01-17_r08.wav,393086,0.019385,1,
write,write,,,audio_small,polyglot,8,03-01-05-01-02-01-17_r08.wav,393086,0.011960,1,
write,write,,,audio_small,pg_bytea,8,03-01-05-02-01-01-01_r08.wav,372698,0.010617,1,
write,write,,,audio_small,mongo_gridfs,8,03-01-05-02-01-01-01_r08.wav,372698,0.005527,1,
write,write,,,audio_small,polyglot,8,03-01-05-02-01-01-01_r08.wav,372698,0.009333,1,
write,write,,,audio_small,polyglot,8,03-01-05-02-01-01-02_r08.wav,375720,0.009406,1,
write,write,,,audio_small,pg_bytea,8,03-01-05-02-01-01-02_r08.wav,375720,0.010912,1,
write,write,,,audio_small,mongo_gridfs,8,03-01-05-02-01-01-02_r08.wav,375720,0.007249,1,
write,write,,,audio_small,pg_bytea,8,03-01-05-02-01-01-03_r08.wav,372698,0.011922,1,
write,write,,,audio_small,polyglot,8,03-01-05-02-01-01-03_r08.wav,372698,0.006989,1,
write,write,,,audio_small,mongo_gridfs,8,03-01-05-02-01-01-03_r08.wav,372698,0.004860,1,
write,write,,,audio_small,pg_bytea,8,03-01-05-02-01-01-15_r08.wav,396294,0.011348,1,
write,write,,,audio_small,mongo_gridfs,8,03-01-05-02-01-01-15_r08.wav,396294,0.005949,1,
write,write,,,audio_small,polyglot,8,03-01-05-02-01-01-15_r08.wav,396294,0.006596,1,
write,write,,,audio_small,mongo_gridfs,8,03-01-05-02-01-01-16_r08.wav,399494,0.004960,1,
write,write,,,audio_small,polyglot,8,03-01-05-02-01-01-16_r08.wav,399494,0.006767,1,
write,write,,,audio_small,pg_bytea,8,03-01-05-02-01-01-16_r08.wav,399494,0.010985,1,
write,write,,,audio_small,polyglot,8,03-01-05-02-01-01-17_r08.wav,363108,0.006325,1,
write,write,,,audio_small,pg_bytea,8,03-01-05-02-01-01-17_r08.wav,363108,0.009672,1,
write,write,,,audio_small,mongo_gridfs,8,03-01-05-02-01-01-17_r08.wav,363108,0.006935,1,
write,write,,,audio_small,polyglot,8,03-01-05-02-02-01-09_r08.wav,396294,0.005915,1,
write,write,,,audio_small,pg_bytea,8,03-01-05-02-02-01-09_r08.wav,396294,0.010820,1,
write,write,,,audio_small,mongo_gridfs,8,03-01-05-02-02-01-09_r08.wav,396294,0.005664,1,
write,write,,,audio_small,pg_bytea,8,03-01-05-02-02-01-21_r08.wav,375720,0.011415,1,
write,write,,,audio_small,polyglot,8,03-01-05-02-02-01-21_r08.wav,375720,0.006297,1,
write,write,,,audio_small,mongo_gridfs,8,03-01-05-02-02-01-21_r08.wav,375720,0.005398,1,
write,write,,,audio_small,mongo_gridfs,8,03-01-05-02-02-01-22_r08.wav,379106,0.005461,1,
write,write,,,audio_small,pg_bytea,8,03-01-05-02-02-01-22_r08.wav,379106,0.010705,1,
write,write,,,audio_small,polyglot,8,03-01-05-02-02-01-22_r08.wav,379106,0.007394,1,
write,write,,,audio_medium,polyglot,8,03-02-01-01-01-02-22_r08.wav,526650,0.008264,1,
write,write,,,audio_medium,pg_bytea,8,03-02-01-01-01-02-22_r08.wav,526650,0.014387,1,
write,write,,,audio_medium,mongo_gridfs,8,03-02-01-01-01-02-22_r08.wav,526650,0.007956,1,
write,write,,,audio_medium,pg_bytea,8,03-02-01-01-01-02-23_r08.wav,539464,0.015096,1,
write,write,,,audio_medium,mongo_gridfs,8,03-02-01-01-01-02-23_r08.wav,539464,0.007681,1,
write,write,,,audio_medium,polyglot,8,03-02-01-01-01-02-23_r08.wav,539464,0.009790,1,
write,write,,,audio_medium,polyglot,8,03-02-01-01-02-02-02_r08.wav,539464,0.010373,1,
write,write,,,audio_medium,mongo_gridfs,8,03-02-01-01-02-02-02_r08.wav,539464,0.006975,1,
write,write,,,audio_medium,pg_bytea,8,03-02-01-01-02-02-02_r08.wav,539464,0.023378,1,
write,write,,,audio_medium,mongo_gridfs,8,03-02-01-01-02-02-03_r08.wav,520242,0.007327,1,
write,write,,,audio_medium,polyglot,8,03-02-01-01-02-02-03_r08.wav,520242,0.008081,1,
write,write,,,audio_medium,pg_bytea,8,03-02-01-01-02-02-03_r08.wav,520242,0.017084,1,
write,write,,,audio_medium,mongo_gridfs,8,03-02-01-01-02-02-16_r08.wav,539464,0.009354,1,
write,write,,,audio_medium,pg_bytea,8,03-02-01-01-02-02-16_r08.wav,539464,0.016665,1,
write,write,,,audio_medium,polyglot,8,03-02-01-01-02-02-16_r08.wav,539464,0.009591,1,
write,write,,,audio_medium,pg_bytea,8,03-02-01-01-02-02-17_r08.wav,561888,0.016006,1,
write,write,,,audio_medium,mongo_gridfs,8,03-02-01-01-02-02-17_r08.wav,561888,0.007370,1,
write,write,,,audio_medium,polyglot,8,03-02-01-01-02-02-17_r08.wav,561888,0.010342,1,
write,write,,,audio_medium,polyglot,8,03-02-01-02-01-02-01_r08.wav,533056,0.008081,1,
write,write,,,audio_medium,mongo_gridfs,8,03-02-01-02-01-02-01_r08.wav,533056,0.006710,1,
write,write,,,audio_medium,pg_bytea,8,03-02-01-02-01-02-01_r08.wav,533056,0.015833,1,
write,write,,,audio_medium,polyglot,8,03-02-01-02-01-02-02_r08.wav,523448,0.008419,1,
write,write,,,audio_medium,mongo_gridfs,8,03-02-01-02-01-02-02_r08.wav,523448,0.006764,1,
write,write,,,audio_medium,pg_bytea,8,03-02-01-02-01-02-02_r08.wav,523448,0.015470,1,
write,write,,,audio_medium,pg_bytea,8,03-02-01-02-01-02-03_r08.wav,533056,0.015031,1,
write,write,,,audio_medium,polyglot,8,03-02-01-02-01-02-03_r08.wav,533056,0.022544,1,
write,write,,,audio_medium,mongo_gridfs,8,03-02-01-02-01-02-03_r08.wav,533056,0.009580,1,
write,write,,,audio_medium,polyglot,8,03-02-01-02-01-02-15_r08.wav,561882,0.009341,1,
write,write,,,audio_medium,pg_bytea,8,03-02-01-02-01-02-15_r08.wav,561882,0.018100,1,
write,write,,,audio_medium,mongo_gridfs,8,03-02-01-02-01-02-15_r08.wav,561882,0.008209,1,
write,write,,,audio_medium,pg_bytea,8,03-02-01-02-01-02-16_r08.wav,526650,0.185869,1,
write,write,,,audio_medium,polyglot,8,03-02-01-02-01-02-16_r08.wav,526650,0.011162,1,
write,write,,,audio_medium,mongo_gridfs,8,03-02-01-02-01-02-16_r08.wav,526650,0.014588,1,
write,write,,,audio_medium,mongo_gridfs,8,03-02-01-02-01-02-17_r08.wav,533056,0.008231,1,
write,write,,,audio_medium,polyglot,8,03-02-01-02-01-02-17_r08.wav,533056,0.009267,1,
write,write,,,audio_medium,pg_bytea,8,03-02-01-02-01-02-17_r08.wav,533056,0.017657,1,
write,write,,,audio_medium,pg_bytea,8,03-02-01-02-02-02-22_r08.wav,520242,0.021924,1,
write,write,,,audio_medium,polyglot,8,03-02-01-02-02-02-22_r08.wav,520242,0.011761,1,
write,write,,,audio_medium,mongo_gridfs,8,03-02-01-02-02-02-22_r08.wav,520242,0.007575,1,
write,write,,,audio_medium,mongo_gridfs,8,03-02-01-02-02-02-23_r08.wav,520242,0.005820,1,
write,write,,,audio_medium,pg_bytea,8,03-02-01-02-02-02-23_r08.wav,520242,0.014808,1,
write,write,,,audio_medium,polyglot,8,03-02-01-02-02-02-23_r08.wav,520242,0.008163,1,
write,write,,,audio_medium,polyglot,8,03-02-02-01-01-01-22_r08.wav,523448,0.009313,1,
write,write,,,audio_medium,mongo_gridfs,8,03-02-02-01-01-01-22_r08.wav,523448,0.007372,1,
write,write,,,audio_medium,pg_bytea,8,03-02-02-01-01-01-22_r08.wav,523448,0.015722,1,
write,write,,,audio_medium,polyglot,8,03-02-02-01-01-01-23_r08.wav,561888,0.008762,1,
write,write,,,audio_medium,pg_bytea,8,03-02-02-01-01-01-23_r08.wav,561888,0.015106,1,
write,write,,,audio_medium,mongo_gridfs,8,03-02-02-01-01-01-23_r08.wav,561888,0.007849,1,
write,write,,,audio_medium,mongo_gridfs,8,03-02-02-01-02-01-01_r08.wav,520242,0.006419,1,
write,write,,,audio_medium,polyglot,8,03-02-02-01-02-01-01_r08.wav,520242,0.007051,1,
write,write,,,audio_medium,pg_bytea,8,03-02-02-01-02-01-01_r08.wav,520242,0.014034,1,
write,write,,,audio_medium,polyglot,8,03-02-02-01-02-01-02_r08.wav,539464,0.007673,1,
write,write,,,audio_medium,mongo_gridfs,8,03-02-02-01-02-01-02_r08.wav,539464,0.005931,1,
write,write,,,audio_medium,pg_bytea,8,03-02-02-01-02-01-02_r08.wav,539464,0.015374,1,
write,write,,,audio_medium,pg_bytea,8,03-02-02-01-02-01-03_r08.wav,533056,0.018294,1,
write,write,,,audio_medium,polyglot,8,03-02-02-01-02-01-03_r08.wav,533056,0.012792,1,
write,write,,,audio_medium,mongo_gridfs,8,03-02-02-01-02-01-03_r08.wav,533056,0.007406,1,
write,write,,,audio_medium,pg_bytea,8,03-02-02-01-02-01-16_r08.wav,561882,0.032095,1,
write,write,,,audio_medium,polyglot,8,03-02-02-01-02-01-16_r08.wav,561882,0.017039,1,
write,write,,,audio_medium,mongo_gridfs,8,03-02-02-01-02-01-16_r08.wav,561882,0.010426,1,
write,write,,,audio_medium,pg_bytea,8,03-02-02-02-01-01-01_r08.wav,539464,0.017420,1,
write,write,,,audio_medium,polyglot,8,03-02-02-02-01-01-01_r08.wav,539464,0.009935,1,
write,write,,,audio_medium,mongo_gridfs,8,03-02-02-02-01-01-01_r08.wav,539464,0.007755,1,
write,write,,,audio_medium,mongo_gridfs,8,03-02-02-02-01-01-02_r08.wav,526650,0.007447,1,
write,write,,,audio_medium,pg_bytea,8,03-02-02-02-01-01-02_r08.wav,526650,0.019095,1,
write,write,,,audio_medium,polyglot,8,03-02-02-02-01-01-02_r08.wav,526650,0.020027,1,
write,write,,,audio_medium,pg_bytea,8,03-02-02-02-01-01-15_r08.wav,539464,0.016616,1,
write,write,,,audio_medium,polyglot,8,03-02-02-02-01-01-15_r08.wav,539464,0.015375,1,
write,write,,,audio_medium,mongo_gridfs,8,03-02-02-02-01-01-15_r08.wav,539464,0.007539,1,
write,write,,,audio_medium,mongo_gridfs,8,03-02-02-02-01-01-16_r08.wav,520242,0.006682,1,
write,write,,,audio_medium,polyglot,8,03-02-02-02-01-01-16_r08.wav,520242,0.007084,1,
write,write,,,audio_medium,pg_bytea,8,03-02-02-02-01-01-16_r08.wav,520242,0.014148,1,
write,write,,,audio_medium,polyglot,8,03-02-02-02-01-01-17_r08.wav,539464,0.007934,1,
write,write,,,audio_medium,pg_bytea,8,03-02-02-02-01-01-17_r08.wav,539464,0.015919,1,
write,write,,,audio_medium,mongo_gridfs,8,03-02-02-02-01-01-17_r08.wav,539464,0.007270,1,
write,write,,,audio_medium,mongo_gridfs,8,03-02-02-02-02-01-22_r08.wav,539464,0.013232,1,
write,write,,,audio_medium,polyglot,8,03-02-02-02-02-01-22_r08.wav,539464,0.010784,1,
write,write,,,audio_medium,pg_bytea,8,03-02-02-02-02-01-22_r08.wav,539464,0.016797,1,
write,write,,,audio_medium,pg_bytea,8,03-02-02-02-02-01-23_r08.wav,520242,0.016790,1,
write,write,,,audio_medium,mongo_gridfs,8,03-02-02-02-02-01-23_r08.wav,520242,0.009614,1,
write,write,,,audio_medium,polyglot,8,03-02-02-02-02-01-23_r08.wav,520242,0.008897,1,
write,write,,,audio_medium,polyglot,8,03-02-03-01-01-02-01_r08.wav,561882,0.007827,1,
write,write,,,audio_medium,mongo_gridfs,8,03-02-03-01-01-02-01_r08.wav,561882,0.006646,1,
write,write,,,audio_medium,pg_bytea,8,03-02-03-01-01-02-01_r08.wav,561882,0.023209,1,
write,write,,,audio_medium,pg_bytea,8,03-02-03-01-01-02-02_r08.wav,561882,0.019200,1,
write,write,,,audio_medium,polyglot,8,03-02-03-01-01-02-02_r08.wav,561882,0.009646,1,
write,write,,,audio_medium,mongo_gridfs,8,03-02-03-01-01-02-02_r08.wav,561882,0.008112,1,
write,write,,,audio_medium,polyglot,8,03-02-03-01-01-02-03_r08.wav,539464,0.010080,1,
write,write,,,audio_medium,pg_bytea,8,03-02-03-01-01-02-03_r08.wav,539464,0.015192,1,
write,write,,,audio_medium,mongo_gridfs,8,03-02-03-01-01-02-03_r08.wav,539464,0.007394,1,
write,write,,,audio_medium,pg_bytea,8,03-02-03-01-01-02-15_r08.wav,526650,0.021488,1,
write,write,,,audio_medium,mongo_gridfs,8,03-02-03-01-01-02-15_r08.wav,526650,0.008296,1,
write,write,,,audio_medium,polyglot,8,03-02-03-01-01-02-15_r08.wav,526650,0.038272,1,
write,write,,,audio_medium,mongo_gridfs,8,03-02-03-01-01-02-16_r08.wav,520242,0.007700,1,
write,write,,,audio_medium,pg_bytea,8,03-02-03-01-01-02-16_r08.wav,520242,0.015315,1,
write,write,,,audio_medium,polyglot,8,03-02-03-01-01-02-16_r08.wav,520242,0.008048,1,
write,write,,,audio_medium,mongo_gridfs,8,03-02-03-01-01-02-17_r08.wav,526650,0.007337,1,
write,write,,,audio_medium,polyglot,8,03-02-03-01-01-02-17_r08.wav,526650,0.010001,1,
write,write,,,audio_medium,pg_bytea,8,03-02-03-01-01-02-17_r08.wav,526650,0.016619,1,
write,write,,,audio_medium,pg_bytea,8,03-02-03-01-02-02-09_r08.wav,539464,0.015202,1,
write,write,,,audio_medium,polyglot,8,03-02-03-01-02-02-09_r08.wav,539464,0.052551,1,
write,write,,,audio_medium,mongo_gridfs,8,03-02-03-01-02-02-09_r08.wav,539464,0.007475,1,
write,write,,,audio_medium,mongo_gridfs,8,03-02-03-01-02-02-21_r08.wav,533056,0.008005,1,
write,write,,,audio_medium,polyglot,8,03-02-03-01-02-02-21_r08.wav,533056,0.010201,1,
write,write,,,audio_medium,pg_bytea,8,03-02-03-01-02-02-21_r08.wav,533056,0.018347,1,
write,write,,,audio_medium,pg_bytea,8,03-02-03-01-02-02-22_r08.wav,561888,0.015715,1,
write,write,,,audio_medium,polyglot,8,03-02-03-01-02-02-22_r08.wav,561888,0.010969,1,
write,write,,,audio_medium,mongo_gridfs,8,03-02-03-01-02-02-22_r08.wav,561888,0.007048,1,
write,write,,,audio_medium,pg_bytea,8,03-02-03-01-02-02-23_r08.wav,539464,0.048099,1,
write,write,,,audio_medium,polyglot,8,03-02-03-01-02-02-23_r08.wav,539464,0.012050,1,
write,write,,,audio_medium,mongo_gridfs,8,03-02-03-01-02-02-23_r08.wav,539464,0.013478,1,
write,write,,,audio_medium,pg_bytea,8,03-02-03-02-01-02-09_r08.wav,561882,0.531280,1,
write,write,,,audio_medium,polyglot,8,03-02-03-02-01-02-09_r08.wav,561882,0.123026,1,
write,write,,,audio_medium,mongo_gridfs,8,03-02-03-02-01-02-09_r08.wav,561882,0.010677,1,
write,write,,,audio_medium,mongo_gridfs,8,03-02-03-02-01-02-21_r08.wav,539464,0.009702,1,
write,write,,,audio_medium,pg_bytea,8,03-02-03-02-01-02-21_r08.wav,539464,0.036191,1,
write,write,,,audio_medium,polyglot,8,03-02-03-02-01-02-21_r08.wav,539464,0.039525,1,
write,write,,,audio_medium,polyglot,8,03-02-03-02-01-02-22_r08.wav,526650,0.010372,1,
write,write,,,audio_medium,mongo_gridfs,8,03-02-03-02-01-02-22_r08.wav,526650,0.007618,1,
write,write,,,audio_medium,pg_bytea,8,03-02-03-02-01-02-22_r08.wav,526650,0.020794,1,
write,write,,,audio_medium,mongo_gridfs,8,03-02-03-02-01-02-23_r08.wav,561888,0.007933,1,
write,write,,,audio_medium,pg_bytea,8,03-02-03-02-01-02-23_r08.wav,561888,0.016188,1,
write,write,,,audio_medium,polyglot,8,03-02-03-02-01-02-23_r08.wav,561888,0.008909,1,
write,write,,,audio_medium,mongo_gridfs,8,03-02-03-02-02-02-01_r08.wav,561882,0.006821,1,
write,write,,,audio_medium,polyglot,8,03-02-03-02-02-02-01_r08.wav,561882,0.007417,1,
write,write,,,audio_medium,pg_bytea,8,03-02-03-02-02-02-01_r08.wav,561882,0.017740,1,
write,write,,,audio_medium,mongo_gridfs,8,03-02-03-02-02-02-02_r08.wav,523448,0.006891,1,
write,write,,,audio_medium,polyglot,8,03-02-03-02-02-02-02_r08.wav,523448,0.007429,1,
write,write,,,audio_medium,pg_bytea,8,03-02-03-02-02-02-02_r08.wav,523448,0.025432,1,
write,write,,,audio_medium,pg_bytea,8,03-02-03-02-02-02-03_r08.wav,561888,0.015443,1,
write,write,,,audio_medium,polyglot,8,03-02-03-02-02-02-03_r08.wav,561888,0.008971,1,
write,write,,,audio_medium,mongo_gridfs,8,03-02-03-02-02-02-03_r08.wav,561888,0.007230,1,
write,write,,,audio_medium,pg_bytea,8,03-02-03-02-02-02-15_r08.wav,523448,0.016326,1,
write,write,,,audio_medium,polyglot,8,03-02-03-02-02-02-15_r08.wav,523448,0.009806,1,
write,write,,,audio_medium,mongo_gridfs,8,03-02-03-02-02-02-15_r08.wav,523448,0.007611,1,
write,write,,,audio_medium,mongo_gridfs,8,03-02-03-02-02-02-16_r08.wav,561882,0.006328,1,
write,write,,,audio_medium,pg_bytea,8,03-02-03-02-02-02-16_r08.wav,561882,0.042343,1,
write,write,,,audio_medium,polyglot,8,03-02-03-02-02-02-16_r08.wav,561882,0.009547,1,
write,write,,,audio_medium,polyglot,8,03-02-03-02-02-02-17_r08.wav,523448,0.008300,1,
write,write,,,audio_medium,pg_bytea,8,03-02-03-02-02-02-17_r08.wav,523448,0.022165,1,
write,write,,,audio_medium,mongo_gridfs,8,03-02-03-02-02-02-17_r08.wav,523448,0.008551,1,
write,write,,,audio_medium,polyglot,8,03-02-04-01-01-02-05_r08.wav,561882,0.007348,1,
write,write,,,audio_medium,pg_bytea,8,03-02-04-01-01-02-05_r08.wav,561882,0.015334,1,
write,write,,,audio_medium,mongo_gridfs,8,03-02-04-01-01-02-05_r08.wav,561882,0.008408,1,
write,write,,,audio_medium,pg_bytea,8,03-02-04-01-01-02-06_r08.wav,526650,0.013915,1,
write,write,,,audio_medium,polyglot,8,03-02-04-01-01-02-06_r08.wav,526650,0.007508,1,
write,write,,,audio_medium,mongo_gridfs,8,03-02-04-01-01-02-06_r08.wav,526650,0.005245,1,
write,write,,,audio_medium,pg_bytea,8,03-02-04-01-01-02-07_r08.wav,523448,0.016361,1,
write,write,,,audio_medium,mongo_gridfs,8,03-02-04-01-01-02-07_r08.wav,523448,0.007552,1,
write,write,,,audio_medium,polyglot,8,03-02-04-01-01-02-07_r08.wav,523448,0.006918,1,
write,write,,,audio_medium,pg_bytea,8,03-02-04-01-01-02-11_r08.wav,539464,0.013597,1,
write,write,,,audio_medium,mongo_gridfs,8,03-02-04-01-01-02-11_r08.wav,539464,0.005435,1,
write,write,,,audio_medium,polyglot,8,03-02-04-01-01-02-11_r08.wav,539464,0.006357,1,
write,write,,,audio_medium,polyglot,8,03-02-04-01-01-02-12_r08.wav,523448,0.005532,1,
write,write,,,audio_medium,pg_bytea,8,03-02-04-01-01-02-12_r08.wav,523448,0.012579,1,
write,write,,,audio_medium,mongo_gridfs,8,03-02-04-01-01-02-12_r08.wav,523448,0.004833,1,
write,write,,,audio_medium,polyglot,8,03-02-04-01-01-02-13_r08.wav,539464,0.005770,1,
write,write,,,audio_medium,pg_bytea,8,03-02-04-01-01-02-13_r08.wav,539464,0.013681,1,
write,write,,,audio_medium,mongo_gridfs,8,03-02-04-01-01-02-13_r08.wav,539464,0.006174,1,
write,write,,,audio_medium,polyglot,8,03-02-04-01-02-02-19_r08.wav,561888,0.007315,1,
write,write,,,audio_medium,mongo_gridfs,8,03-02-04-01-02-02-19_r08.wav,561888,0.006256,1,
write,write,,,audio_medium,pg_bytea,8,03-02-04-01-02-02-19_r08.wav,561888,0.017433,1,
write,write,,,audio_medium,polyglot,8,03-02-04-02-02-02-05_r08.wav,526650,0.006483,1,
write,write,,,audio_medium,pg_bytea,8,03-02-04-02-02-02-05_r08.wav,526650,0.018157,1,
write,write,,,audio_medium,mongo_gridfs,8,03-02-04-02-02-02-05_r08.wav,526650,0.005941,1,
write,write,,,audio_medium,pg_bytea,8,03-02-04-02-02-02-06_r08.wav,526650,0.012558,1,
write,write,,,audio_medium,polyglot,8,03-02-04-02-02-02-06_r08.wav,526650,0.006419,1,
write,write,,,audio_medium,mongo_gridfs,8,03-02-04-02-02-02-06_r08.wav,526650,0.005284,1,
write,write,,,audio_medium,pg_bytea,8,03-02-04-02-02-02-07_r08.wav,561888,0.015385,1,
write,write,,,audio_medium,polyglot,8,03-02-04-02-02-02-07_r08.wav,561888,0.008503,1,
write,write,,,audio_medium,mongo_gridfs,8,03-02-04-02-02-02-07_r08.wav,561888,0.006172,1,
write,write,,,audio_medium,pg_bytea,8,03-02-04-02-02-02-11_r08.wav,561888,0.017950,1,
write,write,,,audio_medium,polyglot,8,03-02-04-02-02-02-11_r08.wav,561888,0.008627,1,
write,write,,,audio_medium,mongo_gridfs,8,03-02-04-02-02-02-11_r08.wav,561888,0.006241,1,
write,write,,,audio_medium,polyglot,8,03-02-04-02-02-02-12_r08.wav,523448,0.007155,1,
write,write,,,audio_medium,mongo_gridfs,8,03-02-04-02-02-02-12_r08.wav,523448,0.005776,1,
write,write,,,audio_medium,pg_bytea,8,03-02-04-02-02-02-12_r08.wav,523448,0.013705,1,
write,write,,,audio_medium,polyglot,8,03-02-04-02-02-02-13_r08.wav,533056,0.009773,1,
write,write,,,audio_medium,pg_bytea,8,03-02-04-02-02-02-13_r08.wav,533056,0.019772,1,
write,write,,,audio_medium,mongo_gridfs,8,03-02-04-02-02-02-13_r08.wav,533056,0.008410,1,
write,write,,,audio_medium,pg_bytea,8,03-02-05-01-02-01-06_r08.wav,561882,0.017630,1,
write,write,,,audio_medium,polyglot,8,03-02-05-01-02-01-06_r08.wav,561882,0.008894,1,
write,write,,,audio_medium,mongo_gridfs,8,03-02-05-01-02-01-06_r08.wav,561882,0.009263,1,
write,write,,,audio_medium,pg_bytea,8,03-02-05-01-02-01-07_r08.wav,520242,0.014387,1,
write,write,,,audio_medium,mongo_gridfs,8,03-02-05-01-02-01-07_r08.wav,520242,0.008702,1,
write,write,,,audio_medium,polyglot,8,03-02-05-01-02-01-07_r08.wav,520242,0.009382,1,
write,write,,,audio_medium,polyglot,8,03-02-05-01-02-01-12_r08.wav,520242,0.007817,1,
write,write,,,audio_medium,mongo_gridfs,8,03-02-05-01-02-01-12_r08.wav,520242,0.006925,1,
write,write,,,audio_medium,pg_bytea,8,03-02-05-01-02-01-12_r08.wav,520242,0.016240,1,
write,write,,,audio_medium,pg_bytea,8,03-02-05-01-02-01-13_r08.wav,561888,0.022066,1,
write,write,,,audio_medium,mongo_gridfs,8,03-02-05-01-02-01-13_r08.wav,561888,0.007544,1,
write,write,,,audio_medium,polyglot,8,03-02-05-01-02-01-13_r08.wav,561888,0.010692,1,
write,write,,,audio_medium,mongo_gridfs,8,03-02-05-02-01-01-05_r08.wav,539464,0.007425,1,
write,write,,,audio_medium,polyglot,8,03-02-05-02-01-01-05_r08.wav,539464,0.008379,1,
write,write,,,audio_medium,pg_bytea,8,03-02-05-02-01-01-05_r08.wav,539464,0.015118,1,
write,write,,,audio_medium,polyglot,8,03-02-05-02-01-01-06_r08.wav,561888,0.032013,1,
write,write,,,audio_medium,pg_bytea,8,03-02-05-02-01-01-06_r08.wav,561888,0.015500,1,
write,write,,,audio_medium,mongo_gridfs,8,03-02-05-02-01-01-06_r08.wav,561888,0.008094,1,
write,write,,,audio_medium,polyglot,8,03-02-05-02-01-01-07_r08.wav,533056,0.020264,1,
write,write,,,audio_medium,mongo_gridfs,8,03-02-05-02-01-01-07_r08.wav,533056,0.015261,1,
write,write,,,audio_medium,pg_bytea,8,03-02-05-02-01-01-07_r08.wav,533056,0.019984,1,
write,write,,,audio_medium,polyglot,8,03-02-05-02-01-01-11_r08.wav,561888,0.023725,1,
write,write,,,audio_medium,mongo_gridfs,8,03-02-05-02-01-01-11_r08.wav,561888,0.010814,1,
write,write,,,audio_medium,pg_bytea,8,03-02-05-02-01-01-11_r08.wav,561888,0.017549,1,
write,write,,,audio_medium,polyglot,8,03-02-05-02-01-01-12_r08.wav,533056,0.012559,1,
write,write,,,audio_medium,mongo_gridfs,8,03-02-05-02-01-01-12_r08.wav,533056,0.009225,1,
write,write,,,audio_medium,pg_bytea,8,03-02-05-02-01-01-12_r08.wav,533056,0.018015,1,
write,write,,,audio_medium,mongo_gridfs,8,03-02-05-02-01-01-13_r08.wav,526650,0.011941,1,
write,write,,,audio_medium,pg_bytea,8,03-02-05-02-01-01-13_r08.wav,526650,0.017300,1,
write,write,,,audio_medium,polyglot,8,03-02-05-02-01-01-13_r08.wav,526650,0.008125,1,
write,write,,,video_small,mongo_gridfs,8,01-01-01-01-01-01-22_r08.mp4,5457041,0.054218,1,
write,write,,,video_small,polyglot,8,01-01-01-01-01-01-22_r08.mp4,5457041,0.065294,1,
write,write,,,video_small,pg_bytea,8,01-01-01-01-01-01-22_r08.mp4,5457041,0.205462,1,
write,write,,,video_small,mongo_gridfs,8,01-01-01-01-01-02-01_r08.mp4,5457041,0.061285,1,
write,write,,,video_small,pg_bytea,8,01-01-01-01-01-02-01_r08.mp4,5457041,0.152352,1,
write,write,,,video_small,polyglot,8,01-01-01-01-01-02-01_r08.mp4,5457041,0.049433,1,
write,write,,,video_small,mongo_gridfs,8,01-01-01-01-01-02-15_r08.mp4,5457041,0.049759,1,
write,write,,,video_small,pg_bytea,8,01-01-01-01-01-02-15_r08.mp4,5457041,0.163416,1,
write,write,,,video_small,polyglot,8,01-01-01-01-01-02-15_r08.mp4,5457041,0.122302,1,
write,write,,,video_small,mongo_gridfs,8,01-01-01-01-02-01-06_r08.mp4,5457041,0.054537,1,
write,write,,,video_small,polyglot,8,01-01-01-01-02-01-06_r08.mp4,5457041,0.058744,1,
write,write,,,video_small,pg_bytea,8,01-01-01-01-02-01-06_r08.mp4,5457041,0.772507,1,
write,write,,,video_small,mongo_gridfs,8,01-01-01-01-02-01-13_r08.mp4,5457041,0.042752,1,
write,write,,,video_small,polyglot,8,01-01-01-01-02-01-13_r08.mp4,5457041,0.053058,1,
write,write,,,video_small,pg_bytea,8,01-01-01-01-02-01-13_r08.mp4,5457041,0.147270,1,
write,write,,,video_small,mongo_gridfs,8,01-01-01-01-02-01-14_r08.mp4,5457041,0.042914,1,
write,write,,,video_small,pg_bytea,8,01-01-01-01-02-01-14_r08.mp4,5457041,0.144919,1,
write,write,,,video_small,polyglot,8,01-01-01-01-02-01-14_r08.mp4,5457041,0.046709,1,
write,write,,,video_small,polyglot,8,01-01-01-01-02-02-09_r08.mp4,5498397,0.061807,1,
write,write,,,video_small,mongo_gridfs,8,01-01-01-01-02-02-09_r08.mp4,5498397,0.046355,1,
write,write,,,video_small,pg_bytea,8,01-01-01-01-02-02-09_r08.mp4,5498397,0.153369,1,
write,write,,,video_small,mongo_gridfs,8,01-01-01-02-01-01-01_r08.mp4,5498397,0.047080,1,
write,write,,,video_small,pg_bytea,8,01-01-01-02-01-01-01_r08.mp4,5498397,0.155934,1,
write,write,,,video_small,polyglot,8,01-01-01-02-01-01-01_r08.mp4,5498397,0.049510,1,
write,write,,,video_small,polyglot,8,01-01-01-02-01-01-05_r08.mp4,5457041,0.056801,1,
write,write,,,video_small,mongo_gridfs,8,01-01-01-02-01-01-05_r08.mp4,5457041,0.045062,1,
write,write,,,video_small,pg_bytea,8,01-01-01-02-01-01-05_r08.mp4,5457041,0.153612,1,
write,write,,,video_small,mongo_gridfs,8,01-01-01-02-01-01-15_r08.mp4,5457041,0.052819,1,
write,write,,,video_small,polyglot,8,01-01-01-02-01-01-15_r08.mp4,5457041,0.359454,1,
write,write,,,video_small,pg_bytea,8,01-01-01-02-01-01-15_r08.mp4,5457041,0.265235,1,
write,write,,,video_small,mongo_gridfs,8,01-01-01-02-02-01-18_r08.mp4,5457041,0.041826,1,
write,write,,,video_small,polyglot,8,01-01-01-02-02-01-18_r08.mp4,5457041,0.045241,1,
write,write,,,video_small,pg_bytea,8,01-01-01-02-02-01-18_r08.mp4,5457041,0.145726,1,
write,write,,,video_small,polyglot,8,01-01-01-02-02-01-19_r08.mp4,5457041,0.044377,1,
write,write,,,video_small,pg_bytea,8,01-01-01-02-02-01-19_r08.mp4,5457041,0.168829,1,
write,write,,,video_small,mongo_gridfs,8,01-01-01-02-02-01-19_r08.mp4,5457041,0.053844,1,
write,write,,,video_small,mongo_gridfs,8,01-01-02-01-01-02-09_r08.mp4,5498397,0.042310,1,
write,write,,,video_small,polyglot,8,01-01-02-01-01-02-09_r08.mp4,5498397,0.076434,1,
write,write,,,video_small,pg_bytea,8,01-01-02-01-01-02-09_r08.mp4,5498397,0.201589,1,
write,write,,,video_small,polyglot,8,01-01-02-01-01-02-18_r08.mp4,5498397,0.054258,1,
write,write,,,video_small,pg_bytea,8,01-01-02-01-01-02-18_r08.mp4,5498397,0.136910,1,
write,write,,,video_small,mongo_gridfs,8,01-01-02-01-01-02-18_r08.mp4,5498397,0.052120,1,
write,write,,,video_small,pg_bytea,8,01-01-02-01-01-02-23_r08.mp4,5498397,0.398312,1,
write,write,,,video_small,mongo_gridfs,8,01-01-02-01-01-02-23_r08.mp4,5498397,0.044769,1,
write,write,,,video_small,polyglot,8,01-01-02-01-01-02-23_r08.mp4,5498397,0.928918,1,
write,write,,,video_small,polyglot,8,01-01-02-01-02-01-09_r08.mp4,5498397,0.051516,1,
write,write,,,video_small,pg_bytea,8,01-01-02-01-02-01-09_r08.mp4,5498397,0.139440,1,
write,write,,,video_small,mongo_gridfs,8,01-01-02-01-02-01-09_r08.mp4,5498397,0.046931,1,
write,write,,,video_small,pg_bytea,8,01-01-02-01-02-02-01_r08.mp4,5498397,0.149337,1,
write,write,,,video_small,mongo_gridfs,8,01-01-02-01-02-02-01_r08.mp4,5498397,0.045584,1,
write,write,,,video_small,polyglot,8,01-01-02-01-02-02-01_r08.mp4,5498397,0.057107,1,
write,write,,,video_small,mongo_gridfs,8,01-01-02-01-02-02-03_r08.mp4,5498397,0.066194,1,
write,write,,,video_small,polyglot,8,01-01-02-01-02-02-03_r08.mp4,5498397,0.047946,1,
write,write,,,video_small,pg_bytea,8,01-01-02-01-02-02-03_r08.mp4,5498397,0.194605,1,
write,write,,,video_small,polyglot,8,01-01-02-02-01-02-02_r08.mp4,5498397,0.042821,1,
write,write,,,video_small,mongo_gridfs,8,01-01-02-02-01-02-02_r08.mp4,5498397,0.053657,1,
write,write,,,video_small,pg_bytea,8,01-01-02-02-01-02-02_r08.mp4,5498397,0.156009,1,
write,write,,,video_small,polyglot,8,01-01-02-02-01-02-03_r08.mp4,5498397,0.055172,1,
write,write,,,video_small,mongo_gridfs,8,01-01-02-02-01-02-03_r08.mp4,5498397,0.043092,1,
write,write,,,video_small,pg_bytea,8,01-01-02-02-01-02-03_r08.mp4,5498397,0.176854,1,
write,write,,,video_small,pg_bytea,8,01-01-02-02-01-02-05_r08.mp4,5498397,0.365189,1,
write,write,,,video_small,mongo_gridfs,8,01-01-02-02-01-02-05_r08.mp4,5498397,0.042044,1,
write,write,,,video_small,polyglot,8,01-01-02-02-01-02-05_r08.mp4,5498397,0.046633,1,
write,write,,,video_small,polyglot,8,01-01-02-02-01-02-10_r08.mp4,5457041,0.159543,1,
write,write,,,video_small,pg_bytea,8,01-01-02-02-01-02-10_r08.mp4,5457041,0.175811,1,
write,write,,,video_small,mongo_gridfs,8,01-01-02-02-01-02-10_r08.mp4,5457041,0.047126,1,
write,write,,,video_small,polyglot,8,01-01-02-02-01-02-13_r08.mp4,5457041,0.181517,1,
write,write,,,video_small,mongo_gridfs,8,01-01-02-02-01-02-13_r08.mp4,5457041,0.047206,1,
write,write,,,video_small,pg_bytea,8,01-01-02-02-01-02-13_r08.mp4,5457041,0.147607,1,
write,write,,,video_small,polyglot,8,01-01-02-02-01-02-17_r08.mp4,5457041,0.093359,1,
write,write,,,video_small,pg_bytea,8,01-01-02-02-01-02-17_r08.mp4,5457041,0.160884,1,
write,write,,,video_small,mongo_gridfs,8,01-01-02-02-01-02-17_r08.mp4,5457041,0.064370,1,
write,write,,,video_small,mongo_gridfs,8,01-01-02-02-02-02-18_r08.mp4,5457041,0.059098,1,
write,write,,,video_small,pg_bytea,8,01-01-02-02-02-02-18_r08.mp4,5457041,0.359703,1,
write,write,,,video_small,polyglot,8,01-01-02-02-02-02-18_r08.mp4,5457041,0.051907,1,
write,write,,,video_small,mongo_gridfs,8,01-01-02-02-02-02-19_r08.mp4,5457041,0.045327,1,
write,write,,,video_small,pg_bytea,8,01-01-02-02-02-02-19_r08.mp4,5457041,0.148132,1,
write,write,,,video_small,polyglot,8,01-01-02-02-02-02-19_r08.mp4,5457041,0.046617,1,
write,write,,,video_small,pg_bytea,8,01-01-02-02-02-02-21_r08.mp4,5498397,0.149730,1,
write,write,,,video_small,mongo_gridfs,8,01-01-02-02-02-02-21_r08.mp4,5498397,0.046338,1,
write,write,,,video_small,polyglot,8,01-01-02-02-02-02-21_r08.mp4,5498397,0.048359,1,
write,write,,,video_small,pg_bytea,8,01-01-02-02-02-02-22_r08.mp4,5457041,0.142811,1,
write,write,,,video_small,polyglot,8,01-01-02-02-02-02-22_r08.mp4,5457041,0.252290,1,
write,write,,,video_small,mongo_gridfs,8,01-01-02-02-02-02-22_r08.mp4,5457041,0.054479,1,
write,write,,,video_small,mongo_gridfs,8,01-01-02-02-02-02-23_r08.mp4,5457041,0.054601,1,
write,write,,,video_small,polyglot,8,01-01-02-02-02-02-23_r08.mp4,5457041,0.204406,1,
write,write,,,video_small,pg_bytea,8,01-01-02-02-02-02-23_r08.mp4,5457041,0.147780,1,
write,write,,,video_small,mongo_gridfs,8,01-01-03-01-01-01-12_r08.mp4,5457041,0.053067,1,
write,write,,,video_small,polyglot,8,01-01-03-01-01-01-12_r08.mp4,5457041,0.054089,1,
write,write,,,video_small,pg_bytea,8,01-01-03-01-01-01-12_r08.mp4,5457041,0.143717,1,
write,write,,,video_small,mongo_gridfs,8,01-01-03-01-01-01-15_r08.mp4,5457041,0.045115,1,
write,write,,,video_small,pg_bytea,8,01-01-03-01-01-01-15_r08.mp4,5457041,0.260701,1,
write,write,,,video_small,polyglot,8,01-01-03-01-01-01-15_r08.mp4,5457041,0.047520,1,
write,write,,,video_small,mongo_gridfs,8,01-01-03-01-02-01-08_r08.mp4,5498397,0.042685,1,
write,write,,,video_small,polyglot,8,01-01-03-01-02-01-08_r08.mp4,5498397,0.418339,1,
write,write,,,video_small,pg_bytea,8,01-01-03-01-02-01-08_r08.mp4,5498397,0.149054,1,
write,write,,,video_small,mongo_gridfs,8,01-01-03-01-02-01-21_r08.mp4,5498397,0.047849,1,
write,write,,,video_small,pg_bytea,8,01-01-03-01-02-01-21_r08.mp4,5498397,0.650621,1,
write,write,,,video_small,polyglot,8,01-01-03-01-02-01-21_r08.mp4,5498397,0.054652,1,
write,write,,,video_small,polyglot,8,01-01-03-02-01-01-21_r08.mp4,5457041,0.055368,1,
write,write,,,video_small,mongo_gridfs,8,01-01-03-02-01-01-21_r08.mp4,5457041,0.048806,1,
write,write,,,video_small,pg_bytea,8,01-01-03-02-01-01-21_r08.mp4,5457041,0.159833,1,
write,write,,,video_small,polyglot,8,01-01-03-02-01-01-24_r08.mp4,5457041,0.081239,1,
write,write,,,video_small,pg_bytea,8,01-01-03-02-01-01-24_r08.mp4,5457041,0.150694,1,
write,write,,,video_small,mongo_gridfs,8,01-01-03-02-01-01-24_r08.mp4,5457041,0.041831,1,
write,write,,,video_small,mongo_gridfs,8,01-01-03-02-01-02-01_r08.mp4,5457041,0.044067,1,
write,write,,,video_small,polyglot,8,01-01-03-02-01-02-01_r08.mp4,5457041,0.195283,1,
write,write,,,video_small,pg_bytea,8,01-01-03-02-01-02-01_r08.mp4,5457041,0.159146,1,
write,write,,,video_small,pg_bytea,8,01-01-03-02-01-02-15_r08.mp4,5457041,0.147813,1,
write,write,,,video_small,mongo_gridfs,8,01-01-03-02-01-02-15_r08.mp4,5457041,0.041646,1,
write,write,,,video_small,polyglot,8,01-01-03-02-01-02-15_r08.mp4,5457041,0.078285,1,
write,write,,,video_small,polyglot,8,01-01-03-02-02-01-05_r08.mp4,5457041,0.054302,1,
write,write,,,video_small,pg_bytea,8,01-01-03-02-02-01-05_r08.mp4,5457041,0.664873,1,
write,write,,,video_small,mongo_gridfs,8,01-01-03-02-02-01-05_r08.mp4,5457041,0.045710,1,
write,write,,,video_small,mongo_gridfs,8,01-01-03-02-02-01-12_r08.mp4,5457041,0.046022,1,
write,write,,,video_small,pg_bytea,8,01-01-03-02-02-01-12_r08.mp4,5457041,0.997273,1,
write,write,,,video_small,polyglot,8,01-01-03-02-02-01-12_r08.mp4,5457041,0.622272,1,
write,write,,,video_small,pg_bytea,8,01-01-03-02-02-01-15_r08.mp4,5498397,0.849245,1,
write,write,,,video_small,mongo_gridfs,8,01-01-03-02-02-01-15_r08.mp4,5498397,0.067133,1,
write,write,,,video_small,polyglot,8,01-01-03-02-02-01-15_r08.mp4,5498397,0.913295,1,
write,write,,,video_small,polyglot,8,01-01-04-01-01-01-03_r08.mp4,5457041,0.902130,1,
write,write,,,video_small,pg_bytea,8,01-01-04-01-01-01-03_r08.mp4,5457041,0.236116,1,
write,write,,,video_small,mongo_gridfs,8,01-01-04-01-01-01-03_r08.mp4,5457041,0.041834,1,
write,write,,,video_small,mongo_gridfs,8,01-01-04-01-01-01-05_r08.mp4,5498397,0.049741,1,
write,write,,,video_small,polyglot,8,01-01-04-01-01-01-05_r08.mp4,5498397,0.533526,1,
write,write,,,video_small,pg_bytea,8,01-01-04-01-01-01-05_r08.mp4,5498397,0.142626,1,
write,write,,,video_small,mongo_gridfs,8,01-01-04-01-01-01-10_r08.mp4,5457041,0.050339,1,
write,write,,,video_small,pg_bytea,8,01-01-04-01-01-01-10_r08.mp4,5457041,0.139306,1,
write,write,,,video_small,polyglot,8,01-01-04-01-01-01-10_r08.mp4,5457041,0.049718,1,
write,write,,,video_small,pg_bytea,8,01-01-04-01-01-01-16_r08.mp4,5457041,0.137172,1,
write,write,,,video_small,mongo_gridfs,8,01-01-04-01-01-01-16_r08.mp4,5457041,0.042412,1,
write,write,,,video_small,polyglot,8,01-01-04-01-01-01-16_r08.mp4,5457041,0.053217,1,
write,write,,,video_small,pg_bytea,8,01-01-04-01-02-01-19_r08.mp4,5498397,0.139589,1,
write,write,,,video_small,polyglot,8,01-01-04-01-02-01-19_r08.mp4,5498397,0.057605,1,
write,write,,,video_small,mongo_gridfs,8,01-01-04-01-02-01-19_r08.mp4,5498397,0.044417,1,
write,write,,,video_small,mongo_gridfs,8,01-01-04-01-02-01-21_r08.mp4,5498397,0.048844,1,
write,write,,,video_small,polyglot,8,01-01-04-01-02-01-21_r08.mp4,5498397,0.051261,1,
write,write,,,video_small,pg_bytea,8,01-01-04-01-02-01-21_r08.mp4,5498397,0.146308,1,
write,write,,,video_small,pg_bytea,8,01-01-04-01-02-01-22_r08.mp4,5498397,0.210928,1,
write,write,,,video_small,polyglot,8,01-01-04-01-02-01-22_r08.mp4,5498397,0.053653,1,
write,write,,,video_small,mongo_gridfs,8,01-01-04-01-02-01-22_r08.mp4,5498397,0.048856,1,
write,write,,,video_small,pg_bytea,8,01-01-04-02-01-01-18_r08.mp4,5498397,0.144330,1,
write,write,,,video_small,mongo_gridfs,8,01-01-04-02-01-01-18_r08.mp4,5498397,0.061672,1,
write,write,,,video_small,polyglot,8,01-01-04-02-01-01-18_r08.mp4,5498397,0.046351,1,
write,write,,,video_small,polyglot,8,01-01-04-02-01-01-19_r08.mp4,5498397,0.050478,1,
write,write,,,video_small,mongo_gridfs,8,01-01-04-02-01-01-19_r08.mp4,5498397,0.048984,1,
write,write,,,video_small,pg_bytea,8,01-01-04-02-01-01-19_r08.mp4,5498397,0.142443,1,
write,write,,,video_small,mongo_gridfs,8,01-01-04-02-02-01-02_r08.mp4,5498397,0.045662,1,
write,write,,,video_small,pg_bytea,8,01-01-04-02-02-01-02_r08.mp4,5498397,0.237309,1,
write,write,,,video_small,polyglot,8,01-01-04-02-02-01-02_r08.mp4,5498397,0.044346,1,
write,write,,,video_small,mongo_gridfs,8,01-01-04-02-02-01-05_r08.mp4,5498397,0.047465,1,
write,write,,,video_small,pg_bytea,8,01-01-04-02-02-01-05_r08.mp4,5498397,0.144291,1,
write,write,,,video_small,polyglot,8,01-01-04-02-02-01-05_r08.mp4,5498397,0.049476,1,
write,write,,,video_small,pg_bytea,8,01-01-04-02-02-01-06_r08.mp4,5498397,0.159324,1,
write,write,,,video_small,mongo_gridfs,8,01-01-04-02-02-01-06_r08.mp4,5498397,0.078884,1,
write,write,,,video_small,polyglot,8,01-01-04-02-02-01-06_r08.mp4,5498397,0.067018,1,
write,write,,,video_small,mongo_gridfs,8,01-01-04-02-02-01-13_r08.mp4,5498397,0.049037,1,
write,write,,,video_small,pg_bytea,8,01-01-04-02-02-01-13_r08.mp4,5498397,0.135561,1,
write,write,,,video_small,polyglot,8,01-01-04-02-02-01-13_r08.mp4,5498397,0.054200,1,
write,write,,,video_small,pg_bytea,8,01-01-04-02-02-01-17_r08.mp4,5498397,0.386666,1,
write,write,,,video_small,polyglot,8,01-01-04-02-02-01-17_r08.mp4,5498397,0.046815,1,
write,write,,,video_small,mongo_gridfs,8,01-01-04-02-02-01-17_r08.mp4,5498397,0.041081,1,
write,write,,,video_small,mongo_gridfs,8,01-01-04-02-02-02-19_r08.mp4,5498397,0.038579,1,
write,write,,,video_small,pg_bytea,8,01-01-04-02-02-02-19_r08.mp4,5498397,0.130659,1,
write,write,,,video_small,polyglot,8,01-01-04-02-02-02-19_r08.mp4,5498397,0.047509,1,
write,write,,,video_small,mongo_gridfs,8,01-01-05-01-01-02-09_r08.mp4,5498397,0.041515,1,
write,write,,,video_small,pg_bytea,8,01-01-05-01-01-02-09_r08.mp4,5498397,0.144841,1,
write,write,,,video_small,polyglot,8,01-01-05-01-01-02-09_r08.mp4,5498397,0.047858,1,
write,write,,,video_small,pg_bytea,8,01-01-05-01-01-02-19_r08.mp4,5498397,0.145395,1,
write,write,,,video_small,mongo_gridfs,8,01-01-05-01-01-02-19_r08.mp4,5498397,0.045960,1,
write,write,,,video_small,polyglot,8,01-01-05-01-01-02-19_r08.mp4,5498397,0.050698,1,
write,write,,,video_small,polyglot,8,01-01-05-01-01-02-21_r08.mp4,5457041,0.055587,1,
write,write,,,video_small,pg_bytea,8,01-01-05-01-01-02-21_r08.mp4,5457041,0.164219,1,
write,write,,,video_small,mongo_gridfs,8,01-01-05-01-01-02-21_r08.mp4,5457041,0.049968,1,
write,write,,,video_small,mongo_gridfs,8,01-01-05-01-02-01-19_r08.mp4,5457041,0.046892,1,
write,write,,,video_small,pg_bytea,8,01-01-05-01-02-01-19_r08.mp4,5457041,0.137286,1,
write,write,,,video_small,polyglot,8,01-01-05-01-02-01-19_r08.mp4,5457041,0.053519,1,
write,write,,,video_small,pg_bytea,8,01-01-05-01-02-02-04_r08.mp4,5457041,0.135502,1,
write,write,,,video_small,mongo_gridfs,8,01-01-05-01-02-02-04_r08.mp4,5457041,0.052071,1,
write,write,,,video_small,polyglot,8,01-01-05-01-02-02-04_r08.mp4,5457041,0.051407,1,
write,write,,,video_small,mongo_gridfs,8,01-01-05-01-02-02-05_r08.mp4,5498397,0.045275,1,
write,write,,,video_small,polyglot,8,01-01-05-01-02-02-05_r08.mp4,5498397,0.081191,1,
write,write,,,video_small,pg_bytea,8,01-01-05-01-02-02-05_r08.mp4,5498397,0.153255,1,
write,write,,,video_small,pg_bytea,8,01-01-05-02-01-02-04_r08.mp4,5457041,0.139947,1,
write,write,,,video_small,mongo_gridfs,8,01-01-05-02-01-02-04_r08.mp4,5457041,0.047461,1,
write,write,,,video_small,polyglot,8,01-01-05-02-01-02-04_r08.mp4,5457041,0.166270,1,
write,write,,,video_small,polyglot,8,01-01-05-02-01-02-12_r08.mp4,5457041,0.043440,1,
write,write,,,video_small,pg_bytea,8,01-01-05-02-01-02-12_r08.mp4,5457041,0.135656,1,
write,write,,,video_small,mongo_gridfs,8,01-01-05-02-01-02-12_r08.mp4,5457041,0.040276,1,
write,write,,,video_small,polyglot,8,01-01-05-02-01-02-14_r08.mp4,5457041,0.050993,1,
write,write,,,video_small,mongo_gridfs,8,01-01-05-02-01-02-14_r08.mp4,5457041,0.041591,1,
write,write,,,video_small,pg_bytea,8,01-01-05-02-01-02-14_r08.mp4,5457041,0.241490,1,
write,write,,,video_small,mongo_gridfs,8,01-01-05-02-02-02-19_r08.mp4,5498397,0.042718,1,
write,write,,,video_small,polyglot,8,01-01-05-02-02-02-19_r08.mp4,5498397,0.047574,1,
write,write,,,video_small,pg_bytea,8,01-01-05-02-02-02-19_r08.mp4,5498397,0.145669,1,
write,write,,,video_small,polyglot,8,01-01-05-02-02-02-20_r08.mp4,5498397,0.050243,1,
write,write,,,video_small,pg_bytea,8,01-01-05-02-02-02-20_r08.mp4,5498397,0.138232,1,
write,write,,,video_small,mongo_gridfs,8,01-01-05-02-02-02-20_r08.mp4,5498397,0.045745,1,
write,write,,,video_small,polyglot,8,01-01-05-02-02-02-23_r08.mp4,5498397,0.047771,1,
write,write,,,video_small,mongo_gridfs,8,01-01-05-02-02-02-23_r08.mp4,5498397,0.051414,1,
write,write,,,video_small,pg_bytea,8,01-01-05-02-02-02-23_r08.mp4,5498397,0.147116,1,
write,write,,,video_small,polyglot,8,01-01-06-01-01-01-08_r08.mp4,5457041,0.046470,1,
write,write,,,video_small,mongo_gridfs,8,01-01-06-01-01-01-08_r08.mp4,5457041,0.087389,1,
write,write,,,video_small,pg_bytea,8,01-01-06-01-01-01-08_r08.mp4,5457041,0.385419,1,
write,write,,,video_small,polyglot,8,01-01-06-01-01-01-19_r08.mp4,5457041,0.046745,1,
write,write,,,video_small,pg_bytea,8,01-01-06-01-01-01-19_r08.mp4,5457041,0.205212,1,
write,write,,,video_small,mongo_gridfs,8,01-01-06-01-01-01-19_r08.mp4,5457041,0.047762,1,
write,write,,,video_small,mongo_gridfs,8,01-01-06-01-01-01-24_r08.mp4,5498397,0.044342,1,
write,write,,,video_small,polyglot,8,01-01-06-01-01-01-24_r08.mp4,5498397,0.115116,1,
write,write,,,video_small,pg_bytea,8,01-01-06-01-01-01-24_r08.mp4,5498397,0.141406,1,
write,write,,,video_medium,pg_bytea,8,tsinghua_v_0024_r08.mp4,13091522,0.396817,1,
write,write,,,video_medium,mongo_gridfs,8,tsinghua_v_0024_r08.mp4,13091522,0.117252,1,
write,write,,,video_medium,polyglot,8,tsinghua_v_0024_r08.mp4,13091522,0.100817,1,
write,write,,,video_medium,pg_bytea,8,tsinghua_v_0046_r08.mp4,13091522,0.465771,1,
write,write,,,video_medium,polyglot,8,tsinghua_v_0046_r08.mp4,13091522,0.209117,1,
write,write,,,video_medium,mongo_gridfs,8,tsinghua_v_0046_r08.mp4,13091522,0.108064,1,
write,write,,,video_medium,pg_bytea,8,tsinghua_v_0076_r08.mp4,13091522,0.325873,1,
write,write,,,video_medium,polyglot,8,tsinghua_v_0076_r08.mp4,13091522,0.131616,1,
write,write,,,video_medium,mongo_gridfs,8,tsinghua_v_0076_r08.mp4,13091522,0.211403,1,
write,write,,,video_medium,polyglot,8,tsinghua_v_0080_r08.mp4,13091522,0.539680,1,
write,write,,,video_medium,mongo_gridfs,8,tsinghua_v_0080_r08.mp4,13091522,0.100606,1,
write,write,,,video_medium,pg_bytea,8,tsinghua_v_0080_r08.mp4,13091522,0.371211,1,
write,write,,,video_medium,polyglot,8,tsinghua_v_0109_r08.mp4,13091522,0.130014,1,
write,write,,,video_medium,pg_bytea,8,tsinghua_v_0109_r08.mp4,13091522,0.327238,1,
write,write,,,video_medium,mongo_gridfs,8,tsinghua_v_0109_r08.mp4,13091522,0.105832,1,
write,write,,,video_medium,pg_bytea,8,tsinghua_v_0123_r08.mp4,13091522,0.329324,1,
write,write,,,video_medium,polyglot,8,tsinghua_v_0123_r08.mp4,13091522,0.111091,1,
write,write,,,video_medium,mongo_gridfs,8,tsinghua_v_0123_r08.mp4,13091522,0.124538,1,
write,write,,,video_medium,mongo_gridfs,8,tsinghua_v_0130_r08.mp4,13091522,0.105807,1,
write,write,,,video_medium,polyglot,8,tsinghua_v_0130_r08.mp4,13091522,0.291220,1,
write,write,,,video_medium,pg_bytea,8,tsinghua_v_0130_r08.mp4,13091522,0.335299,1,
write,write,,,video_medium,pg_bytea,8,tsinghua_v_0135_r08.mp4,13091522,0.485939,1,
write,write,,,video_medium,mongo_gridfs,8,tsinghua_v_0135_r08.mp4,13091522,0.109503,1,
write,write,,,video_medium,polyglot,8,tsinghua_v_0135_r08.mp4,13091522,0.096267,1,
write,write,,,video_medium,mongo_gridfs,8,tsinghua_v_0137_r08.mp4,13091522,0.095873,1,
write,write,,,video_medium,pg_bytea,8,tsinghua_v_0137_r08.mp4,13091522,0.315154,1,
write,write,,,video_medium,polyglot,8,tsinghua_v_0137_r08.mp4,13091522,0.099893,1,
write,write,,,video_medium,mongo_gridfs,8,tsinghua_v_0140_r08.mp4,13091522,0.118009,1,
write,write,,,video_medium,polyglot,8,tsinghua_v_0140_r08.mp4,13091522,0.101119,1,
write,write,,,video_medium,pg_bytea,8,tsinghua_v_0140_r08.mp4,13091522,0.678710,1,
write,write,,,video_medium,polyglot,8,tsinghua_v_0151_r08.mp4,13091522,0.101321,1,
write,write,,,video_medium,mongo_gridfs,8,tsinghua_v_0151_r08.mp4,13091522,0.109440,1,
write,write,,,video_medium,pg_bytea,8,tsinghua_v_0151_r08.mp4,13091522,0.465743,1,
write,write,,,video_medium,polyglot,8,tsinghua_v_0157_r08.mp4,13091522,0.108006,1,
write,write,,,video_medium,mongo_gridfs,8,tsinghua_v_0157_r08.mp4,13091522,0.107587,1,
write,write,,,video_medium,pg_bytea,8,tsinghua_v_0157_r08.mp4,13091522,0.344159,1,
write,write,,,video_medium,mongo_gridfs,8,tsinghua_v_0209_r08.mp4,13091522,0.108452,1,
write,write,,,video_medium,polyglot,8,tsinghua_v_0209_r08.mp4,13091522,0.506532,1,
write,write,,,video_medium,pg_bytea,8,tsinghua_v_0209_r08.mp4,13091522,0.323665,1,
write,write,,,video_medium,polyglot,8,tsinghua_v_0226_r08.mp4,13091522,0.130070,1,
write,write,,,video_medium,mongo_gridfs,8,tsinghua_v_0226_r08.mp4,13091522,0.104888,1,
write,write,,,video_medium,pg_bytea,8,tsinghua_v_0226_r08.mp4,13091522,0.337815,1,
write,write,,,video_medium,mongo_gridfs,8,tsinghua_v_0236_r08.mp4,13091522,0.098483,1,
write,write,,,video_medium,pg_bytea,8,tsinghua_v_0236_r08.mp4,13091522,0.396139,1,
write,write,,,video_medium,polyglot,8,tsinghua_v_0236_r08.mp4,13091522,0.272850,1,
write,write,,,video_medium,mongo_gridfs,8,tsinghua_v_0274_r08.mp4,13091522,0.097431,1,
write,write,,,video_medium,pg_bytea,8,tsinghua_v_0274_r08.mp4,13091522,0.341150,1,
write,write,,,video_medium,polyglot,8,tsinghua_v_0274_r08.mp4,13091522,0.113274,1,
write,write,,,video_medium,pg_bytea,8,tsinghua_v_0280_r08.mp4,13091522,0.526154,1,
write,write,,,video_medium,mongo_gridfs,8,tsinghua_v_0280_r08.mp4,13091522,0.103639,1,
write,write,,,video_medium,polyglot,8,tsinghua_v_0280_r08.mp4,13091522,0.163418,1,
write,write,,,video_medium,pg_bytea,8,tsinghua_v_0302_r08.mp4,13091522,0.525411,1,
write,write,,,video_medium,polyglot,8,tsinghua_v_0302_r08.mp4,13091522,0.105169,1,
write,write,,,video_medium,mongo_gridfs,8,tsinghua_v_0302_r08.mp4,13091522,0.123307,1,
write,write,,,video_medium,pg_bytea,8,tsinghua_v_0311_r08.mp4,13091522,0.340578,1,
write,write,,,video_medium,mongo_gridfs,8,tsinghua_v_0311_r08.mp4,13091522,0.107645,1,
write,write,,,video_medium,polyglot,8,tsinghua_v_0311_r08.mp4,13091522,0.728771,1,
write,write,,,video_medium,polyglot,8,tsinghua_v_0316_r08.mp4,13091522,0.122984,1,
write,write,,,video_medium,mongo_gridfs,8,tsinghua_v_0316_r08.mp4,13091522,0.104691,1,
write,write,,,video_medium,pg_bytea,8,tsinghua_v_0316_r08.mp4,13091522,0.345331,1,
write,write,,,video_medium,polyglot,8,tsinghua_v_0319_r08.mp4,13091522,0.155030,1,
write,write,,,video_medium,pg_bytea,8,tsinghua_v_0319_r08.mp4,13091522,0.573668,1,
write,write,,,video_medium,mongo_gridfs,8,tsinghua_v_0319_r08.mp4,13091522,0.136529,1,
write,write,,,video_medium,mongo_gridfs,8,tsinghua_v_0321_r08.mp4,13091522,0.112406,1,
write,write,,,video_medium,pg_bytea,8,tsinghua_v_0321_r08.mp4,13091522,0.354952,1,
write,write,,,video_medium,polyglot,8,tsinghua_v_0321_r08.mp4,13091522,0.100626,1,
write,write,,,video_medium,polyglot,8,tsinghua_v_0331_r08.mp4,13091522,0.137136,1,
write,write,,,video_medium,mongo_gridfs,8,tsinghua_v_0331_r08.mp4,13091522,0.102618,1,
write,write,,,video_medium,pg_bytea,8,tsinghua_v_0331_r08.mp4,13091522,0.854580,1,
write,write,,,video_medium,polyglot,8,tsinghua_v_0345_r08.mp4,13091522,0.102260,1,
write,write,,,video_medium,pg_bytea,8,tsinghua_v_0345_r08.mp4,13091522,0.322993,1,
write,write,,,video_medium,mongo_gridfs,8,tsinghua_v_0345_r08.mp4,13091522,0.093448,1,
write,write,,,video_medium,pg_bytea,8,tsinghua_v_0356_r08.mp4,13091522,0.318416,1,
write,write,,,video_medium,mongo_gridfs,8,tsinghua_v_0356_r08.mp4,13091522,0.103703,1,
write,write,,,video_medium,polyglot,8,tsinghua_v_0356_r08.mp4,13091522,0.185146,1,
write,write,,,video_medium,pg_bytea,8,tsinghua_v_0357_r08.mp4,13091522,0.417601,1,
write,write,,,video_medium,polyglot,8,tsinghua_v_0357_r08.mp4,13091522,0.154785,1,
write,write,,,video_medium,mongo_gridfs,8,tsinghua_v_0357_r08.mp4,13091522,0.097749,1,
write,write,,,video_medium,pg_bytea,8,tsinghua_v_0379_r08.mp4,13091522,0.339216,1,
write,write,,,video_medium,polyglot,8,tsinghua_v_0379_r08.mp4,13091522,0.637916,1,
write,write,,,video_medium,mongo_gridfs,8,tsinghua_v_0379_r08.mp4,13091522,0.094880,1,
write,write,,,video_medium,pg_bytea,8,tsinghua_v_0393_r08.mp4,13091522,0.351043,1,
write,write,,,video_medium,polyglot,8,tsinghua_v_0393_r08.mp4,13091522,0.101646,1,
write,write,,,video_medium,mongo_gridfs,8,tsinghua_v_0393_r08.mp4,13091522,0.102223,1,
write,write,,,video_medium,mongo_gridfs,8,tsinghua_v_0421_r08.mp4,13091522,0.104673,1,
write,write,,,video_medium,pg_bytea,8,tsinghua_v_0421_r08.mp4,13091522,0.806904,1,
write,write,,,video_medium,polyglot,8,tsinghua_v_0421_r08.mp4,13091522,0.257330,1,
write,write,,,video_medium,pg_bytea,8,tsinghua_v_0424_r08.mp4,13091522,0.508964,1,
write,write,,,video_medium,polyglot,8,tsinghua_v_0424_r08.mp4,13091522,0.109594,1,
write,write,,,video_medium,mongo_gridfs,8,tsinghua_v_0424_r08.mp4,13091522,0.098762,1,
write,write,,,video_medium,pg_bytea,8,tsinghua_v_0427_r08.mp4,13091522,0.326159,1,
write,write,,,video_medium,polyglot,8,tsinghua_v_0427_r08.mp4,13091522,0.126810,1,
write,write,,,video_medium,mongo_gridfs,8,tsinghua_v_0427_r08.mp4,13091522,0.112058,1,
write,write,,,video_medium,pg_bytea,8,tsinghua_v_0431_r08.mp4,13091522,0.750104,1,
write,write,,,video_medium,polyglot,8,tsinghua_v_0431_r08.mp4,13091522,0.225312,1,
write,write,,,video_medium,mongo_gridfs,8,tsinghua_v_0431_r08.mp4,13091522,0.103444,1,
write,write,,,video_medium,polyglot,8,tsinghua_v_0452_r08.mp4,13091522,0.122714,1,
write,write,,,video_medium,mongo_gridfs,8,tsinghua_v_0452_r08.mp4,13091522,0.101517,1,
write,write,,,video_medium,pg_bytea,8,tsinghua_v_0452_r08.mp4,13091522,0.332345,1,
write,write,,,video_medium,polyglot,8,tsinghua_v_0454_r08.mp4,13091522,0.260169,1,
write,write,,,video_medium,mongo_gridfs,8,tsinghua_v_0454_r08.mp4,13091522,0.128714,1,
write,write,,,video_medium,pg_bytea,8,tsinghua_v_0454_r08.mp4,13091522,0.922983,1,
write,write,,,video_medium,polyglot,8,tsinghua_v_0457_r08.mp4,13091522,0.114183,1,
write,write,,,video_medium,pg_bytea,8,tsinghua_v_0457_r08.mp4,13091522,0.350021,1,
write,write,,,video_medium,mongo_gridfs,8,tsinghua_v_0457_r08.mp4,13091522,0.104320,1,
write,write,,,video_medium,mongo_gridfs,8,tsinghua_v_0466_r08.mp4,13091522,0.095232,1,
write,write,,,video_medium,polyglot,8,tsinghua_v_0466_r08.mp4,13091522,0.117065,1,
write,write,,,video_medium,pg_bytea,8,tsinghua_v_0466_r08.mp4,13091522,0.852306,1,
write,write,,,video_medium,polyglot,8,tsinghua_v_0471_r08.mp4,13091522,0.120290,1,
write,write,,,video_medium,mongo_gridfs,8,tsinghua_v_0471_r08.mp4,13091522,0.112020,1,
write,write,,,video_medium,pg_bytea,8,tsinghua_v_0471_r08.mp4,13091522,0.686568,1,
write,write,,,video_medium,mongo_gridfs,8,tsinghua_v_0472_r08.mp4,13091522,0.098323,1,
write,write,,,video_medium,pg_bytea,8,tsinghua_v_0472_r08.mp4,13091522,0.360424,1,
write,write,,,video_medium,polyglot,8,tsinghua_v_0472_r08.mp4,13091522,0.508629,1,
write,write,,,video_medium,polyglot,8,tsinghua_v_0494_r08.mp4,13091522,0.096906,1,
write,write,,,video_medium,mongo_gridfs,8,tsinghua_v_0494_r08.mp4,13091522,0.090678,1,
write,write,,,video_medium,pg_bytea,8,tsinghua_v_0494_r08.mp4,13091522,0.316493,1,
write,write,,,video_medium,pg_bytea,8,tsinghua_v_0503_r08.mp4,13091522,0.331177,1,
write,write,,,video_medium,mongo_gridfs,8,tsinghua_v_0503_r08.mp4,13091522,0.099529,1,
write,write,,,video_medium,polyglot,8,tsinghua_v_0503_r08.mp4,13091522,0.118787,1,
write,write,,,video_medium,mongo_gridfs,8,tsinghua_v_0509_r08.mp4,13091522,0.096522,1,
write,write,,,video_medium,pg_bytea,8,tsinghua_v_0509_r08.mp4,13091522,0.336675,1,
write,write,,,video_medium,polyglot,8,tsinghua_v_0509_r08.mp4,13091522,0.452846,1,
write,write,,,video_medium,pg_bytea,8,tsinghua_v_0523_r08.mp4,13091522,0.751419,1,
write,write,,,video_medium,polyglot,8,tsinghua_v_0523_r08.mp4,13091522,0.127057,1,
write,write,,,video_medium,mongo_gridfs,8,tsinghua_v_0523_r08.mp4,13091522,0.115142,1,
write,write,,,video_medium,polyglot,8,tsinghua_v_0546_r08.mp4,13091522,0.127482,1,
write,write,,,video_medium,mongo_gridfs,8,tsinghua_v_0546_r08.mp4,13091522,0.115656,1,
write,write,,,video_medium,pg_bytea,8,tsinghua_v_0546_r08.mp4,13091522,0.919591,1,
write,write,,,video_medium,mongo_gridfs,8,tsinghua_v_0568_r08.mp4,13091522,0.112987,1,
write,write,,,video_medium,pg_bytea,8,tsinghua_v_0568_r08.mp4,13091522,0.340680,1,
write,write,,,video_medium,polyglot,8,tsinghua_v_0568_r08.mp4,13091522,0.102904,1,
write,write,,,video_medium,polyglot,8,tsinghua_v_0594_r08.mp4,13091522,0.138382,1,
write,write,,,video_medium,pg_bytea,8,tsinghua_v_0594_r08.mp4,13091522,0.590746,1,
write,write,,,video_medium,mongo_gridfs,8,tsinghua_v_0594_r08.mp4,13091522,0.116553,1,
write,write,,,video_medium,mongo_gridfs,8,tsinghua_v_0596_r08.mp4,13091522,0.110548,1,
write,write,,,video_medium,pg_bytea,8,tsinghua_v_0596_r08.mp4,13091522,0.328380,1,
write,write,,,video_medium,polyglot,8,tsinghua_v_0596_r08.mp4,13091522,0.104612,1,
write,write,,,video_medium,polyglot,8,tsinghua_v_0635_r08.mp4,13091522,0.419922,1,
write,write,,,video_medium,mongo_gridfs,8,tsinghua_v_0635_r08.mp4,13091522,0.124011,1,
write,write,,,video_medium,pg_bytea,8,tsinghua_v_0635_r08.mp4,13091522,0.596685,1,
write,write,,,video_medium,polyglot,8,tsinghua_v_0653_r08.mp4,13091522,0.108573,1,
write,write,,,video_medium,pg_bytea,8,tsinghua_v_0653_r08.mp4,13091522,0.330121,1,
write,write,,,video_medium,mongo_gridfs,8,tsinghua_v_0653_r08.mp4,13091522,0.115382,1,
write,write,,,video_medium,polyglot,8,tsinghua_v_0667_r08.mp4,13091522,0.103290,1,
write,write,,,video_medium,pg_bytea,8,tsinghua_v_0667_r08.mp4,13091522,1.142553,1,
write,write,,,video_medium,mongo_gridfs,8,tsinghua_v_0667_r08.mp4,13091522,0.103065,1,
write,write,,,video_medium,mongo_gridfs,8,tsinghua_v_0673_r08.mp4,13091522,0.100876,1,
write,write,,,video_medium,pg_bytea,8,tsinghua_v_0673_r08.mp4,13091522,0.418888,1,
write,write,,,video_medium,polyglot,8,tsinghua_v_0673_r08.mp4,13091522,0.116383,1,
write,write,,,video_medium,mongo_gridfs,8,tsinghua_v_0681_r08.mp4,13091522,0.100555,1,
write,write,,,video_medium,pg_bytea,8,tsinghua_v_0681_r08.mp4,13091522,0.781896,1,
write,write,,,video_medium,polyglot,8,tsinghua_v_0681_r08.mp4,13091522,1.120813,1,
write,write,,,video_medium,mongo_gridfs,8,tsinghua_v_0690_r08.mp4,13091522,0.097746,1,
write,write,,,video_medium,pg_bytea,8,tsinghua_v_0690_r08.mp4,13091522,0.344728,1,
write,write,,,video_medium,polyglot,8,tsinghua_v_0690_r08.mp4,13091522,0.107063,1,
write,write,,,video_medium,polyglot,8,tsinghua_v_0692_r08.mp4,13091522,0.186525,1,
write,write,,,video_medium,mongo_gridfs,8,tsinghua_v_0692_r08.mp4,13091522,0.100720,1,
write,write,,,video_medium,pg_bytea,8,tsinghua_v_0692_r08.mp4,13091522,0.375194,1,
write,write,,,video_medium,mongo_gridfs,8,tsinghua_v_0696_r08.mp4,13091522,0.102757,1,
write,write,,,video_medium,polyglot,8,tsinghua_v_0696_r08.mp4,13091522,0.189141,1,
write,write,,,video_medium,pg_bytea,8,tsinghua_v_0696_r08.mp4,13091522,0.405893,1,
write,write,,,video_medium,mongo_gridfs,8,tsinghua_v_0734_r08.mp4,13091522,0.098066,1,
write,write,,,video_medium,polyglot,8,tsinghua_v_0734_r08.mp4,13091522,0.228339,1,
write,write,,,video_medium,pg_bytea,8,tsinghua_v_0734_r08.mp4,13091522,0.409386,1,
write,write,,,video_medium,polyglot,8,tsinghua_v_0737_r08.mp4,13091522,0.099939,1,
write,write,,,video_medium,pg_bytea,8,tsinghua_v_0737_r08.mp4,13091522,0.360100,1,
write,write,,,video_medium,mongo_gridfs,8,tsinghua_v_0737_r08.mp4,13091522,0.105955,1,
write,write,,,video_medium,mongo_gridfs,8,tsinghua_v_0744_r08.mp4,13091522,0.111817,1,
write,write,,,video_medium,pg_bytea,8,tsinghua_v_0744_r08.mp4,13091522,0.366711,1,
write,write,,,video_medium,polyglot,8,tsinghua_v_0744_r08.mp4,13091522,0.108649,1,
write,write,,,video_medium,polyglot,8,tsinghua_v_0745_r08.mp4,13091522,0.101110,1,
write,write,,,video_medium,pg_bytea,8,tsinghua_v_0745_r08.mp4,13091522,0.423843,1,
write,write,,,video_medium,mongo_gridfs,8,tsinghua_v_0745_r08.mp4,13091522,0.103755,1,
write,write,,,video_medium,mongo_gridfs,8,tsinghua_v_0769_r08.mp4,13091522,0.099859,1,
write,write,,,video_medium,pg_bytea,8,tsinghua_v_0769_r08.mp4,13091522,1.137036,1,
write,write,,,video_medium,polyglot,8,tsinghua_v_0769_r08.mp4,13091522,0.318343,1,
write,write,,,video_medium,mongo_gridfs,8,tsinghua_v_0791_r08.mp4,13091522,0.115645,1,
write,write,,,video_medium,polyglot,8,tsinghua_v_0791_r08.mp4,13091522,0.481308,1,
write,write,,,video_medium,pg_bytea,8,tsinghua_v_0791_r08.mp4,13091522,0.613070,1,
write,write,,,video_medium,pg_bytea,8,tsinghua_v_0792_r08.mp4,13091522,0.319236,1,
write,write,,,video_medium,mongo_gridfs,8,tsinghua_v_0792_r08.mp4,13091522,0.110940,1,
write,write,,,video_medium,polyglot,8,tsinghua_v_0792_r08.mp4,13091522,0.196245,1,
write,write,,,video_medium,polyglot,8,tsinghua_v_0857_r08.mp4,13091522,0.184786,1,
write,write,,,video_medium,pg_bytea,8,tsinghua_v_0857_r08.mp4,13091522,0.337913,1,
write,write,,,video_medium,mongo_gridfs,8,tsinghua_v_0857_r08.mp4,13091522,0.118013,1,
write,write,,,video_medium,pg_bytea,8,tsinghua_v_0866_r08.mp4,13091522,0.801319,1,
write,write,,,video_medium,mongo_gridfs,8,tsinghua_v_0866_r08.mp4,13091522,0.122669,1,
write,write,,,video_medium,polyglot,8,tsinghua_v_0866_r08.mp4,13091522,0.136114,1,
write,write,,,video_medium,polyglot,8,tsinghua_v_0880_r08.mp4,13091522,0.113573,1,
write,write,,,video_medium,pg_bytea,8,tsinghua_v_0880_r08.mp4,13091522,0.402210,1,
write,write,,,video_medium,mongo_gridfs,8,tsinghua_v_0880_r08.mp4,13091522,0.124149,1,
write,write,,,video_medium,pg_bytea,8,tsinghua_v_0888_r08.mp4,13091522,0.353353,1,
write,write,,,video_medium,mongo_gridfs,8,tsinghua_v_0888_r08.mp4,13091522,0.113936,1,
write,write,,,video_medium,polyglot,8,tsinghua_v_0888_r08.mp4,13091522,0.122035,1,
write,write,,,video_medium,mongo_gridfs,8,tsinghua_v_0901_r08.mp4,13091522,0.115912,1,
write,write,,,video_medium,polyglot,8,tsinghua_v_0901_r08.mp4,13091522,0.121398,1,
write,write,,,video_medium,pg_bytea,8,tsinghua_v_0901_r08.mp4,13091522,0.415702,1,
write,write,,,video_medium,polyglot,8,tsinghua_v_0937_r08.mp4,13091522,0.105590,1,
write,write,,,video_medium,mongo_gridfs,8,tsinghua_v_0937_r08.mp4,13091522,0.100156,1,
write,write,,,video_medium,pg_bytea,8,tsinghua_v_0937_r08.mp4,13091522,0.401057,1,
write,write,,,video_medium,polyglot,8,tsinghua_v_0939_r08.mp4,13091522,0.136735,1,
write,write,,,video_medium,pg_bytea,8,tsinghua_v_0939_r08.mp4,13091522,0.376139,1,
write,write,,,video_medium,mongo_gridfs,8,tsinghua_v_0939_r08.mp4,13091522,0.109613,1,
write,write,,,video_medium,pg_bytea,8,tsinghua_v_0961_r08.mp4,13091522,0.337565,1,
write,write,,,video_medium,polyglot,8,tsinghua_v_0961_r08.mp4,13091522,0.129780,1,
write,write,,,video_medium,mongo_gridfs,8,tsinghua_v_0961_r08.mp4,13091522,0.128382,1,
write,write,,,video_medium,mongo_gridfs,8,tsinghua_v_0977_r08.mp4,13091522,0.115212,1,
write,write,,,video_medium,pg_bytea,8,tsinghua_v_0977_r08.mp4,13091522,0.337220,1,
write,write,,,video_medium,polyglot,8,tsinghua_v_0977_r08.mp4,13091522,0.124591,1,
write,write,,,audio_small,mongo_gridfs,9,03-01-01-01-01-02-19_r09.wav,375720,0.008771,1,
write,write,,,audio_small,polyglot,9,03-01-01-01-01-02-19_r09.wav,375720,0.042859,1,
write,write,,,audio_small,pg_bytea,9,03-01-01-01-01-02-19_r09.wav,375720,0.017576,1,
write,write,,,audio_small,mongo_gridfs,9,03-01-01-01-02-02-05_r09.wav,396294,0.012400,1,
write,write,,,audio_small,pg_bytea,9,03-01-01-01-02-02-05_r09.wav,396294,0.010877,1,
write,write,,,audio_small,polyglot,9,03-01-01-01-02-02-05_r09.wav,396294,0.013601,1,
write,write,,,audio_small,polyglot,9,03-01-01-01-02-02-06_r09.wav,363108,0.006733,1,
write,write,,,audio_small,mongo_gridfs,9,03-01-01-01-02-02-06_r09.wav,363108,0.004900,1,
write,write,,,audio_small,pg_bytea,9,03-01-01-01-02-02-06_r09.wav,363108,0.012415,1,
write,write,,,audio_small,polyglot,9,03-01-01-01-02-02-07_r09.wav,363108,0.007052,1,
write,write,,,audio_small,mongo_gridfs,9,03-01-01-01-02-02-07_r09.wav,363108,0.006341,1,
write,write,,,audio_small,pg_bytea,9,03-01-01-01-02-02-07_r09.wav,363108,0.014531,1,
write,write,,,audio_small,mongo_gridfs,9,03-01-01-01-02-02-11_r09.wav,375720,0.006576,1,
write,write,,,audio_small,polyglot,9,03-01-01-01-02-02-11_r09.wav,375720,0.007784,1,
write,write,,,audio_small,pg_bytea,9,03-01-01-01-02-02-11_r09.wav,375720,0.009886,1,
write,write,,,audio_small,mongo_gridfs,9,03-01-01-01-02-02-12_r09.wav,372698,0.005174,1,
write,write,,,audio_small,pg_bytea,9,03-01-01-01-02-02-12_r09.wav,372698,0.010877,1,
write,write,,,audio_small,polyglot,9,03-01-01-01-02-02-12_r09.wav,372698,0.009372,1,
write,write,,,audio_small,mongo_gridfs,9,03-01-01-01-02-02-13_r09.wav,363108,0.007100,1,
write,write,,,audio_small,pg_bytea,9,03-01-01-01-02-02-13_r09.wav,363108,0.010509,1,
write,write,,,audio_small,polyglot,9,03-01-01-01-02-02-13_r09.wav,363108,0.006169,1,
write,write,,,audio_small,pg_bytea,9,03-01-01-02-01-02-05_r09.wav,393086,0.013304,1,
write,write,,,audio_small,polyglot,9,03-01-01-02-01-02-05_r09.wav,393086,0.007701,1,
write,write,,,audio_small,mongo_gridfs,9,03-01-01-02-01-02-05_r09.wav,393086,0.006598,1,
write,write,,,audio_small,pg_bytea,9,03-01-01-02-01-02-06_r09.wav,363108,0.010377,1,
write,write,,,audio_small,polyglot,9,03-01-01-02-01-02-06_r09.wav,363108,0.006398,1,
write,write,,,audio_small,mongo_gridfs,9,03-01-01-02-01-02-06_r09.wav,363108,0.009198,1,
write,write,,,audio_small,pg_bytea,9,03-01-01-02-01-02-07_r09.wav,372698,0.010640,1,
write,write,,,audio_small,polyglot,9,03-01-01-02-01-02-07_r09.wav,372698,0.017135,1,
write,write,,,audio_small,mongo_gridfs,9,03-01-01-02-01-02-07_r09.wav,372698,0.006491,1,
write,write,,,audio_small,pg_bytea,9,03-01-01-02-01-02-13_r09.wav,399494,0.013455,1,
write,write,,,audio_small,mongo_gridfs,9,03-01-01-02-01-02-13_r09.wav,399494,0.013599,1,
write,write,,,audio_small,polyglot,9,03-01-01-02-01-02-13_r09.wav,399494,0.009858,1,
write,write,,,audio_small,mongo_gridfs,9,03-01-01-02-02-02-19_r09.wav,372698,0.006097,1,
write,write,,,audio_small,pg_bytea,9,03-01-01-02-02-02-19_r09.wav,372698,0.014138,1,
write,write,,,audio_small,polyglot,9,03-01-01-02-02-02-19_r09.wav,372698,0.010496,1,
write,write,,,audio_small,polyglot,9,03-01-02-01-01-01-19_r09.wav,372698,0.005458,1,
write,write,,,audio_small,mongo_gridfs,9,03-01-02-01-01-01-19_r09.wav,372698,0.004819,1,
write,write,,,audio_small,pg_bytea,9,03-01-02-01-01-01-19_r09.wav,372698,0.010789,1,
write,write,,,audio_small,pg_bytea,9,03-01-02-01-02-01-06_r09.wav,363108,0.010325,1,
write,write,,,audio_small,polyglot,9,03-01-02-01-02-01-06_r09.wav,363108,0.006215,1,
write,write,,,audio_small,mongo_gridfs,9,03-01-02-01-02-01-06_r09.wav,363108,0.007365,1,
write,write,,,audio_small,mongo_gridfs,9,03-01-02-01-02-01-07_r09.wav,399494,0.005410,1,
write,write,,,audio_small,polyglot,9,03-01-02-01-02-01-07_r09.wav,399494,0.007614,1,
write,write,,,audio_small,pg_bytea,9,03-01-02-01-02-01-07_r09.wav,399494,0.012882,1,
write,write,,,audio_small,pg_bytea,9,03-01-02-01-02-01-11_r09.wav,375720,0.010554,1,
write,write,,,audio_small,mongo_gridfs,9,03-01-02-01-02-01-11_r09.wav,375720,0.006556,1,
write,write,,,audio_small,polyglot,9,03-01-02-01-02-01-11_r09.wav,375720,0.006213,1,
write,write,,,audio_small,pg_bytea,9,03-01-02-01-02-01-12_r09.wav,372698,0.010921,1,
write,write,,,audio_small,mongo_gridfs,9,03-01-02-01-02-01-12_r09.wav,372698,0.005848,1,
write,write,,,audio_small,polyglot,9,03-01-02-01-02-01-12_r09.wav,372698,0.006117,1,
write,write,,,audio_small,mongo_gridfs,9,03-01-02-01-02-01-13_r09.wav,379106,0.005309,1,
write,write,,,audio_small,polyglot,9,03-01-02-01-02-01-13_r09.wav,379106,0.008734,1,
write,write,,,audio_small,pg_bytea,9,03-01-02-01-02-01-13_r09.wav,379106,0.012831,1,
write,write,,,audio_small,polyglot,9,03-01-02-02-01-01-05_r09.wav,363108,0.011185,1,
write,write,,,audio_small,pg_bytea,9,03-01-02-02-01-01-05_r09.wav,363108,0.012211,1,
write,write,,,audio_small,mongo_gridfs,9,03-01-02-02-01-01-05_r09.wav,363108,0.006862,1,
write,write,,,audio_small,polyglot,9,03-01-02-02-01-01-11_r09.wav,363108,0.006260,1,
write,write,,,audio_small,pg_bytea,9,03-01-02-02-01-01-11_r09.wav,363108,0.010355,1,
write,write,,,audio_small,mongo_gridfs,9,03-01-02-02-01-01-11_r09.wav,363108,0.006570,1,
write,write,,,audio_small,pg_bytea,9,03-01-02-02-01-01-12_r09.wav,399494,0.010774,1,
write,write,,,audio_small,mongo_gridfs,9,03-01-02-02-01-01-12_r09.wav,399494,0.007385,1,
write,write,,,audio_small,polyglot,9,03-01-02-02-01-01-12_r09.wav,399494,0.007741,1,
write,write,,,audio_small,pg_bytea,9,03-01-02-02-01-01-13_r09.wav,399494,0.012083,1,
write,write,,,audio_small,polyglot,9,03-01-02-02-01-01-13_r09.wav,399494,0.012277,1,
write,write,,,audio_small,mongo_gridfs,9,03-01-02-02-01-01-13_r09.wav,399494,0.012529,1,
write,write,,,audio_small,pg_bytea,9,03-01-02-02-02-01-19_r09.wav,379106,0.011145,1,
write,write,,,audio_small,polyglot,9,03-01-02-02-02-01-19_r09.wav,379106,0.006745,1,
write,write,,,audio_small,mongo_gridfs,9,03-01-02-02-02-01-19_r09.wav,379106,0.006108,1,
write,write,,,audio_small,polyglot,9,03-01-03-01-01-02-05_r09.wav,396294,0.018542,1,
write,write,,,audio_small,mongo_gridfs,9,03-01-03-01-01-02-05_r09.wav,396294,0.006303,1,
write,write,,,audio_small,pg_bytea,9,03-01-03-01-01-02-05_r09.wav,396294,0.010455,1,
write,write,,,audio_small,mongo_gridfs,9,03-01-03-01-01-02-07_r09.wav,393086,0.006163,1,
write,write,,,audio_small,polyglot,9,03-01-03-01-01-02-07_r09.wav,393086,0.007235,1,
write,write,,,audio_small,pg_bytea,9,03-01-03-01-01-02-07_r09.wav,393086,0.010620,1,
write,write,,,audio_small,pg_bytea,9,03-01-03-01-01-02-12_r09.wav,399494,0.011150,1,
write,write,,,audio_small,polyglot,9,03-01-03-01-01-02-12_r09.wav,399494,0.008064,1,
write,write,,,audio_small,mongo_gridfs,9,03-01-03-01-01-02-12_r09.wav,399494,0.007000,1,
write,write,,,audio_small,pg_bytea,9,03-01-03-01-01-02-13_r09.wav,399494,0.010455,1,
write,write,,,audio_small,polyglot,9,03-01-03-01-01-02-13_r09.wav,399494,0.010694,1,
write,write,,,audio_small,mongo_gridfs,9,03-01-03-01-01-02-13_r09.wav,399494,0.008101,1,
write,write,,,audio_small,pg_bytea,9,03-01-03-01-02-02-18_r09.wav,393086,0.011040,1,
write,write,,,audio_small,polyglot,9,03-01-03-01-02-02-18_r09.wav,393086,0.007317,1,
write,write,,,audio_small,mongo_gridfs,9,03-01-03-01-02-02-18_r09.wav,393086,0.007289,1,
write,write,,,audio_small,polyglot,9,03-01-03-01-02-02-19_r09.wav,399494,0.007756,1,
write,write,,,audio_small,mongo_gridfs,9,03-01-03-01-02-02-19_r09.wav,399494,0.005885,1,
write,write,,,audio_small,pg_bytea,9,03-01-03-01-02-02-19_r09.wav,399494,0.010757,1,
write,write,,,audio_small,pg_bytea,9,03-01-03-02-01-02-18_r09.wav,396294,0.010799,1,
write,write,,,audio_small,mongo_gridfs,9,03-01-03-02-01-02-18_r09.wav,396294,0.006908,1,
write,write,,,audio_small,polyglot,9,03-01-03-02-01-02-18_r09.wav,396294,0.007215,1,
write,write,,,audio_small,mongo_gridfs,9,03-01-03-02-01-02-19_r09.wav,372698,0.005832,1,
write,write,,,audio_small,pg_bytea,9,03-01-03-02-01-02-19_r09.wav,372698,0.011512,1,
write,write,,,audio_small,polyglot,9,03-01-03-02-01-02-19_r09.wav,372698,0.006488,1,
write,write,,,audio_small,polyglot,9,03-01-03-02-02-02-04_r09.wav,379106,0.015270,1,
write,write,,,audio_small,mongo_gridfs,9,03-01-03-02-02-02-04_r09.wav,379106,0.007184,1,
write,write,,,audio_small,pg_bytea,9,03-01-03-02-02-02-04_r09.wav,379106,0.010720,1,
write,write,,,audio_small,mongo_gridfs,9,03-01-03-02-02-02-06_r09.wav,399494,0.022629,1,
write,write,,,audio_small,polyglot,9,03-01-03-02-02-02-06_r09.wav,399494,0.071610,1,
write,write,,,audio_small,pg_bytea,9,03-01-03-02-02-02-06_r09.wav,399494,0.015256,1,
write,write,,,audio_small,mongo_gridfs,9,03-01-03-02-02-02-07_r09.wav,393086,0.007649,1,
write,write,,,audio_small,polyglot,9,03-01-03-02-02-02-07_r09.wav,393086,0.007652,1,
write,write,,,audio_small,pg_bytea,9,03-01-03-02-02-02-07_r09.wav,393086,0.012598,1,
write,write,,,audio_small,pg_bytea,9,03-01-03-02-02-02-10_r09.wav,375720,0.011402,1,
write,write,,,audio_small,polyglot,9,03-01-03-02-02-02-10_r09.wav,375720,0.008520,1,
write,write,,,audio_small,mongo_gridfs,9,03-01-03-02-02-02-10_r09.wav,375720,0.008085,1,
write,write,,,audio_small,pg_bytea,9,03-01-03-02-02-02-11_r09.wav,396294,0.011663,1,
write,write,,,audio_small,mongo_gridfs,9,03-01-03-02-02-02-11_r09.wav,396294,0.009712,1,
write,write,,,audio_small,polyglot,9,03-01-03-02-02-02-11_r09.wav,396294,0.011432,1,
write,write,,,audio_small,mongo_gridfs,9,03-01-03-02-02-02-13_r09.wav,399494,0.005079,1,
write,write,,,audio_small,pg_bytea,9,03-01-03-02-02-02-13_r09.wav,399494,0.013619,1,
write,write,,,audio_small,polyglot,9,03-01-03-02-02-02-13_r09.wav,399494,0.010603,1,
write,write,,,audio_small,mongo_gridfs,9,03-01-04-01-01-02-01_r09.wav,396294,0.013048,1,
write,write,,,audio_small,pg_bytea,9,03-01-04-01-01-02-01_r09.wav,396294,0.010298,1,
write,write,,,audio_small,polyglot,9,03-01-04-01-01-02-01_r09.wav,396294,0.009994,1,
write,write,,,audio_small,polyglot,9,03-01-04-01-01-02-02_r09.wav,379106,0.006767,1,
write,write,,,audio_small,mongo_gridfs,9,03-01-04-01-01-02-02_r09.wav,379106,0.006228,1,
write,write,,,audio_small,pg_bytea,9,03-01-04-01-01-02-02_r09.wav,379106,0.011874,1,
write,write,,,audio_small,polyglot,9,03-01-04-01-01-02-16_r09.wav,379106,0.005779,1,
write,write,,,audio_small,pg_bytea,9,03-01-04-01-01-02-16_r09.wav,379106,0.012294,1,
write,write,,,audio_small,mongo_gridfs,9,03-01-04-01-01-02-16_r09.wav,379106,0.007064,1,
write,write,,,audio_small,pg_bytea,9,03-01-04-01-02-02-08_r09.wav,372698,0.013986,1,
write,write,,,audio_small,polyglot,9,03-01-04-01-02-02-08_r09.wav,372698,0.006920,1,
write,write,,,audio_small,mongo_gridfs,9,03-01-04-01-02-02-08_r09.wav,372698,0.005226,1,
write,write,,,audio_small,mongo_gridfs,9,03-01-04-01-02-02-09_r09.wav,363108,0.005542,1,
write,write,,,audio_small,pg_bytea,9,03-01-04-01-02-02-09_r09.wav,363108,0.013196,1,
write,write,,,audio_small,polyglot,9,03-01-04-01-02-02-09_r09.wav,363108,0.007435,1,
write,write,,,audio_small,mongo_gridfs,9,03-01-04-01-02-02-20_r09.wav,396294,0.005695,1,
write,write,,,audio_small,pg_bytea,9,03-01-04-01-02-02-20_r09.wav,396294,0.013054,1,
write,write,,,audio_small,polyglot,9,03-01-04-01-02-02-20_r09.wav,396294,0.007216,1,
write,write,,,audio_small,pg_bytea,9,03-01-04-01-02-02-21_r09.wav,363108,0.011953,1,
write,write,,,audio_small,polyglot,9,03-01-04-01-02-02-21_r09.wav,363108,0.008032,1,
write,write,,,audio_small,mongo_gridfs,9,03-01-04-01-02-02-21_r09.wav,363108,0.005921,1,
write,write,,,audio_small,mongo_gridfs,9,03-01-04-01-02-02-22_r09.wav,372698,0.006193,1,
write,write,,,audio_small,pg_bytea,9,03-01-04-01-02-02-22_r09.wav,372698,0.012211,1,
write,write,,,audio_small,polyglot,9,03-01-04-01-02-02-22_r09.wav,372698,0.007426,1,
write,write,,,audio_small,polyglot,9,03-01-04-01-02-02-23_r09.wav,363108,0.005288,1,
write,write,,,audio_small,mongo_gridfs,9,03-01-04-01-02-02-23_r09.wav,363108,0.004603,1,
write,write,,,audio_small,pg_bytea,9,03-01-04-01-02-02-23_r09.wav,363108,0.010887,1,
write,write,,,audio_small,pg_bytea,9,03-01-04-02-01-02-09_r09.wav,379106,0.013482,1,
write,write,,,audio_small,polyglot,9,03-01-04-02-01-02-09_r09.wav,379106,0.005714,1,
write,write,,,audio_small,mongo_gridfs,9,03-01-04-02-01-02-09_r09.wav,379106,0.004662,1,
write,write,,,audio_small,polyglot,9,03-01-04-02-01-02-20_r09.wav,379106,0.005986,1,
write,write,,,audio_small,mongo_gridfs,9,03-01-04-02-01-02-20_r09.wav,379106,0.004768,1,
write,write,,,audio_small,pg_bytea,9,03-01-04-02-01-02-20_r09.wav,379106,0.011973,1,
write,write,,,audio_small,mongo_gridfs,9,03-01-04-02-01-02-21_r09.wav,393086,0.005265,1,
write,write,,,audio_small,polyglot,9,03-01-04-02-01-02-21_r09.wav,393086,0.008555,1,
write,write,,,audio_small,pg_bytea,9,03-01-04-02-01-02-21_r09.wav,393086,0.011683,1,
write,write,,,audio_small,polyglot,9,03-01-04-02-01-02-22_r09.wav,379106,0.006086,1,
write,write,,,audio_small,pg_bytea,9,03-01-04-02-01-02-22_r09.wav,379106,0.010941,1,
write,write,,,audio_small,mongo_gridfs,9,03-01-04-02-01-02-22_r09.wav,379106,0.007123,1,
write,write,,,audio_small,mongo_gridfs,9,03-01-04-02-02-02-14_r09.wav,375720,0.005030,1,
write,write,,,audio_small,pg_bytea,9,03-01-04-02-02-02-14_r09.wav,375720,0.011747,1,
write,write,,,audio_small,polyglot,9,03-01-04-02-02-02-14_r09.wav,375720,0.007858,1,
write,write,,,audio_small,mongo_gridfs,9,03-01-04-02-02-02-15_r09.wav,379106,0.005169,1,
write,write,,,audio_small,polyglot,9,03-01-04-02-02-02-15_r09.wav,379106,0.006006,1,
write,write,,,audio_small,pg_bytea,9,03-01-04-02-02-02-15_r09.wav,379106,0.011621,1,
write,write,,,audio_small,polyglot,9,03-01-04-02-02-02-16_r09.wav,375720,0.006243,1,
write,write,,,audio_small,pg_bytea,9,03-01-04-02-02-02-16_r09.wav,375720,0.011625,1,
write,write,,,audio_small,mongo_gridfs,9,03-01-04-02-02-02-16_r09.wav,375720,0.006142,1,
write,write,,,audio_small,pg_bytea,9,03-01-04-02-02-02-17_r09.wav,363108,0.010555,1,
write,write,,,audio_small,polyglot,9,03-01-04-02-02-02-17_r09.wav,363108,0.008325,1,
write,write,,,audio_small,mongo_gridfs,9,03-01-04-02-02-02-17_r09.wav,363108,0.010172,1,
write,write,,,audio_small,mongo_gridfs,9,03-01-05-01-01-01-09_r09.wav,393086,0.007270,1,
write,write,,,audio_small,pg_bytea,9,03-01-05-01-01-01-09_r09.wav,393086,0.011798,1,
write,write,,,audio_small,polyglot,9,03-01-05-01-01-01-09_r09.wav,393086,0.007712,1,
write,write,,,audio_small,mongo_gridfs,9,03-01-05-01-01-01-22_r09.wav,393086,0.006115,1,
write,write,,,audio_small,pg_bytea,9,03-01-05-01-01-01-22_r09.wav,393086,0.011078,1,
write,write,,,audio_small,polyglot,9,03-01-05-01-01-01-22_r09.wav,393086,0.007837,1,
write,write,,,audio_small,mongo_gridfs,9,03-01-05-01-02-01-02_r09.wav,372698,0.006507,1,
write,write,,,audio_small,polyglot,9,03-01-05-01-02-01-02_r09.wav,372698,0.007511,1,
write,write,,,audio_small,pg_bytea,9,03-01-05-01-02-01-02_r09.wav,372698,0.010447,1,
write,write,,,audio_small,polyglot,9,03-01-05-01-02-01-03_r09.wav,396294,0.007129,1,
write,write,,,audio_small,pg_bytea,9,03-01-05-01-02-01-03_r09.wav,396294,0.011608,1,
write,write,,,audio_small,mongo_gridfs,9,03-01-05-01-02-01-03_r09.wav,396294,0.011399,1,
write,write,,,audio_small,polyglot,9,03-01-05-01-02-01-15_r09.wav,363108,0.007298,1,
write,write,,,audio_small,mongo_gridfs,9,03-01-05-01-02-01-15_r09.wav,363108,0.007127,1,
write,write,,,audio_small,pg_bytea,9,03-01-05-01-02-01-15_r09.wav,363108,0.012534,1,
write,write,,,audio_small,pg_bytea,9,03-01-05-01-02-01-16_r09.wav,372698,0.010904,1,
write,write,,,audio_small,polyglot,9,03-01-05-01-02-01-16_r09.wav,372698,0.008037,1,
write,write,,,audio_small,mongo_gridfs,9,03-01-05-01-02-01-16_r09.wav,372698,0.005908,1,
write,write,,,audio_small,pg_bytea,9,03-01-05-01-02-01-17_r09.wav,393086,0.012714,1,
write,write,,,audio_small,mongo_gridfs,9,03-01-05-01-02-01-17_r09.wav,393086,0.006354,1,
write,write,,,audio_small,polyglot,9,03-01-05-01-02-01-17_r09.wav,393086,0.007962,1,
write,write,,,audio_small,pg_bytea,9,03-01-05-02-01-01-01_r09.wav,372698,0.010528,1,
write,write,,,audio_small,polyglot,9,03-01-05-02-01-01-01_r09.wav,372698,0.010946,1,
write,write,,,audio_small,mongo_gridfs,9,03-01-05-02-01-01-01_r09.wav,372698,0.005235,1,
write,write,,,audio_small,pg_bytea,9,03-01-05-02-01-01-02_r09.wav,375720,0.010099,1,
write,write,,,audio_small,polyglot,9,03-01-05-02-01-01-02_r09.wav,375720,0.008720,1,
write,write,,,audio_small,mongo_gridfs,9,03-01-05-02-01-01-02_r09.wav,375720,0.005466,1,
write,write,,,audio_small,pg_bytea,9,03-01-05-02-01-01-03_r09.wav,372698,0.011105,1,
write,write,,,audio_small,polyglot,9,03-01-05-02-01-01-03_r09.wav,372698,0.012647,1,
write,write,,,audio_small,mongo_gridfs,9,03-01-05-02-01-01-03_r09.wav,372698,0.006135,1,
write,write,,,audio_small,pg_bytea,9,03-01-05-02-01-01-15_r09.wav,396294,0.012578,1,
write,write,,,audio_small,polyglot,9,03-01-05-02-01-01-15_r09.wav,396294,0.007417,1,
write,write,,,audio_small,mongo_gridfs,9,03-01-05-02-01-01-15_r09.wav,396294,0.006112,1,
write,write,,,audio_small,polyglot,9,03-01-05-02-01-01-16_r09.wav,399494,0.010534,1,
write,write,,,audio_small,mongo_gridfs,9,03-01-05-02-01-01-16_r09.wav,399494,0.008463,1,
write,write,,,audio_small,pg_bytea,9,03-01-05-02-01-01-16_r09.wav,399494,0.011756,1,
write,write,,,audio_small,polyglot,9,03-01-05-02-01-01-17_r09.wav,363108,0.006560,1,
write,write,,,audio_small,mongo_gridfs,9,03-01-05-02-01-01-17_r09.wav,363108,0.005133,1,
write,write,,,audio_small,pg_bytea,9,03-01-05-02-01-01-17_r09.wav,363108,0.009760,1,
write,write,,,audio_small,pg_bytea,9,03-01-05-02-02-01-09_r09.wav,396294,0.011861,1,
write,write,,,audio_small,mongo_gridfs,9,03-01-05-02-02-01-09_r09.wav,396294,0.005962,1,
write,write,,,audio_small,polyglot,9,03-01-05-02-02-01-09_r09.wav,396294,0.010782,1,
write,write,,,audio_small,pg_bytea,9,03-01-05-02-02-01-21_r09.wav,375720,0.016869,1,
write,write,,,audio_small,polyglot,9,03-01-05-02-02-01-21_r09.wav,375720,0.010399,1,
write,write,,,audio_small,mongo_gridfs,9,03-01-05-02-02-01-21_r09.wav,375720,0.006775,1,
write,write,,,audio_small,polyglot,9,03-01-05-02-02-01-22_r09.wav,379106,0.007714,1,
write,write,,,audio_small,pg_bytea,9,03-01-05-02-02-01-22_r09.wav,379106,0.012730,1,
write,write,,,audio_small,mongo_gridfs,9,03-01-05-02-02-01-22_r09.wav,379106,0.007270,1,
write,write,,,audio_medium,pg_bytea,9,03-02-01-01-01-02-22_r09.wav,526650,0.016763,1,
write,write,,,audio_medium,mongo_gridfs,9,03-02-01-01-01-02-22_r09.wav,526650,0.018991,1,
write,write,,,audio_medium,polyglot,9,03-02-01-01-01-02-22_r09.wav,526650,0.009543,1,
write,write,,,audio_medium,polyglot,9,03-02-01-01-01-02-23_r09.wav,539464,0.008794,1,
write,write,,,audio_medium,pg_bytea,9,03-02-01-01-01-02-23_r09.wav,539464,0.017190,1,
write,write,,,audio_medium,mongo_gridfs,9,03-02-01-01-01-02-23_r09.wav,539464,0.009976,1,
write,write,,,audio_medium,mongo_gridfs,9,03-02-01-01-02-02-02_r09.wav,539464,0.007640,1,
write,write,,,audio_medium,polyglot,9,03-02-01-01-02-02-02_r09.wav,539464,0.007153,1,
write,write,,,audio_medium,pg_bytea,9,03-02-01-01-02-02-02_r09.wav,539464,0.015313,1,
write,write,,,audio_medium,polyglot,9,03-02-01-01-02-02-03_r09.wav,520242,0.008237,1,
write,write,,,audio_medium,mongo_gridfs,9,03-02-01-01-02-02-03_r09.wav,520242,0.006597,1,
write,write,,,audio_medium,pg_bytea,9,03-02-01-01-02-02-03_r09.wav,520242,0.015348,1,
write,write,,,audio_medium,pg_bytea,9,03-02-01-01-02-02-16_r09.wav,539464,0.018456,1,
write,write,,,audio_medium,polyglot,9,03-02-01-01-02-02-16_r09.wav,539464,0.537632,1,
write,write,,,audio_medium,mongo_gridfs,9,03-02-01-01-02-02-16_r09.wav,539464,0.008868,1,
write,write,,,audio_medium,polyglot,9,03-02-01-01-02-02-17_r09.wav,561888,0.010054,1,
write,write,,,audio_medium,mongo_gridfs,9,03-02-01-01-02-02-17_r09.wav,561888,0.015184,1,
write,write,,,audio_medium,pg_bytea,9,03-02-01-01-02-02-17_r09.wav,561888,0.020506,1,
write,write,,,audio_medium,mongo_gridfs,9,03-02-01-02-01-02-01_r09.wav,533056,0.007442,1,
write,write,,,audio_medium,pg_bytea,9,03-02-01-02-01-02-01_r09.wav,533056,0.064714,1,
write,write,,,audio_medium,polyglot,9,03-02-01-02-01-02-01_r09.wav,533056,0.025472,1,
write,write,,,audio_medium,polyglot,9,03-02-01-02-01-02-02_r09.wav,523448,0.008429,1,
write,write,,,audio_medium,mongo_gridfs,9,03-02-01-02-01-02-02_r09.wav,523448,0.007720,1,
write,write,,,audio_medium,pg_bytea,9,03-02-01-02-01-02-02_r09.wav,523448,0.016730,1,
write,write,,,audio_medium,mongo_gridfs,9,03-02-01-02-01-02-03_r09.wav,533056,0.007512,1,
write,write,,,audio_medium,pg_bytea,9,03-02-01-02-01-02-03_r09.wav,533056,0.019300,1,
write,write,,,audio_medium,polyglot,9,03-02-01-02-01-02-03_r09.wav,533056,0.017320,1,
write,write,,,audio_medium,polyglot,9,03-02-01-02-01-02-15_r09.wav,561882,0.007625,1,
write,write,,,audio_medium,mongo_gridfs,9,03-02-01-02-01-02-15_r09.wav,561882,0.006792,1,
write,write,,,audio_medium,pg_bytea,9,03-02-01-02-01-02-15_r09.wav,561882,0.022737,1,
write,write,,,audio_medium,mongo_gridfs,9,03-02-01-02-01-02-16_r09.wav,526650,0.007329,1,
write,write,,,audio_medium,polyglot,9,03-02-01-02-01-02-16_r09.wav,526650,0.007312,1,
write,write,,,audio_medium,pg_bytea,9,03-02-01-02-01-02-16_r09.wav,526650,0.015821,1,
write,write,,,audio_medium,pg_bytea,9,03-02-01-02-01-02-17_r09.wav,533056,0.016184,1,
write,write,,,audio_medium,mongo_gridfs,9,03-02-01-02-01-02-17_r09.wav,533056,0.009181,1,
write,write,,,audio_medium,polyglot,9,03-02-01-02-01-02-17_r09.wav,533056,0.009064,1,
write,write,,,audio_medium,polyglot,9,03-02-01-02-02-02-22_r09.wav,520242,0.010607,1,
write,write,,,audio_medium,mongo_gridfs,9,03-02-01-02-02-02-22_r09.wav,520242,0.007494,1,
write,write,,,audio_medium,pg_bytea,9,03-02-01-02-02-02-22_r09.wav,520242,0.029770,1,
write,write,,,audio_medium,polyglot,9,03-02-01-02-02-02-23_r09.wav,520242,0.008300,1,
write,write,,,audio_medium,pg_bytea,9,03-02-01-02-02-02-23_r09.wav,520242,0.016308,1,
write,write,,,audio_medium,mongo_gridfs,9,03-02-01-02-02-02-23_r09.wav,520242,0.008054,1,
write,write,,,audio_medium,mongo_gridfs,9,03-02-02-01-01-01-22_r09.wav,523448,0.007951,1,
write,write,,,audio_medium,polyglot,9,03-02-02-01-01-01-22_r09.wav,523448,0.009523,1,
write,write,,,audio_medium,pg_bytea,9,03-02-02-01-01-01-22_r09.wav,523448,0.022532,1,
write,write,,,audio_medium,pg_bytea,9,03-02-02-01-01-01-23_r09.wav,561888,0.029882,1,
write,write,,,audio_medium,mongo_gridfs,9,03-02-02-01-01-01-23_r09.wav,561888,0.008352,1,
write,write,,,audio_medium,polyglot,9,03-02-02-01-01-01-23_r09.wav,561888,0.010006,1,
write,write,,,audio_medium,mongo_gridfs,9,03-02-02-01-02-01-01_r09.wav,520242,0.005908,1,
write,write,,,audio_medium,pg_bytea,9,03-02-02-01-02-01-01_r09.wav,520242,0.016930,1,
write,write,,,audio_medium,polyglot,9,03-02-02-01-02-01-01_r09.wav,520242,0.007378,1,
write,write,,,audio_medium,mongo_gridfs,9,03-02-02-01-02-01-02_r09.wav,539464,0.006457,1,
write,write,,,audio_medium,pg_bytea,9,03-02-02-01-02-01-02_r09.wav,539464,0.014931,1,
write,write,,,audio_medium,polyglot,9,03-02-02-01-02-01-02_r09.wav,539464,0.010212,1,
write,write,,,audio_medium,polyglot,9,03-02-02-01-02-01-03_r09.wav,533056,0.027873,1,
write,write,,,audio_medium,mongo_gridfs,9,03-02-02-01-02-01-03_r09.wav,533056,0.007993,1,
write,write,,,audio_medium,pg_bytea,9,03-02-02-01-02-01-03_r09.wav,533056,0.018876,1,
write,write,,,audio_medium,pg_bytea,9,03-02-02-01-02-01-16_r09.wav,561882,0.016359,1,
write,write,,,audio_medium,mongo_gridfs,9,03-02-02-01-02-01-16_r09.wav,561882,0.006896,1,
write,write,,,audio_medium,polyglot,9,03-02-02-01-02-01-16_r09.wav,561882,0.007966,1,
write,write,,,audio_medium,mongo_gridfs,9,03-02-02-02-01-01-01_r09.wav,539464,0.006481,1,
write,write,,,audio_medium,pg_bytea,9,03-02-02-02-01-01-01_r09.wav,539464,0.015598,1,
write,write,,,audio_medium,polyglot,9,03-02-02-02-01-01-01_r09.wav,539464,0.009023,1,
write,write,,,audio_medium,mongo_gridfs,9,03-02-02-02-01-01-02_r09.wav,526650,0.008853,1,
write,write,,,audio_medium,polyglot,9,03-02-02-02-01-01-02_r09.wav,526650,0.009544,1,
write,write,,,audio_medium,pg_bytea,9,03-02-02-02-01-01-02_r09.wav,526650,0.015529,1,
write,write,,,audio_medium,polyglot,9,03-02-02-02-01-01-15_r09.wav,539464,0.027059,1,
write,write,,,audio_medium,pg_bytea,9,03-02-02-02-01-01-15_r09.wav,539464,0.015027,1,
write,write,,,audio_medium,mongo_gridfs,9,03-02-02-02-01-01-15_r09.wav,539464,0.008768,1,
write,write,,,audio_medium,pg_bytea,9,03-02-02-02-01-01-16_r09.wav,520242,0.021676,1,
write,write,,,audio_medium,polyglot,9,03-02-02-02-01-01-16_r09.wav,520242,0.010640,1,
write,write,,,audio_medium,mongo_gridfs,9,03-02-02-02-01-01-16_r09.wav,520242,0.005540,1,
write,write,,,audio_medium,pg_bytea,9,03-02-02-02-01-01-17_r09.wav,539464,0.014109,1,
write,write,,,audio_medium,polyglot,9,03-02-02-02-01-01-17_r09.wav,539464,0.006960,1,
write,write,,,audio_medium,mongo_gridfs,9,03-02-02-02-01-01-17_r09.wav,539464,0.005621,1,
write,write,,,audio_medium,mongo_gridfs,9,03-02-02-02-02-01-22_r09.wav,539464,0.005317,1,
write,write,,,audio_medium,pg_bytea,9,03-02-02-02-02-01-22_r09.wav,539464,0.014821,1,
write,write,,,audio_medium,polyglot,9,03-02-02-02-02-01-22_r09.wav,539464,0.006988,1,
write,write,,,audio_medium,polyglot,9,03-02-02-02-02-01-23_r09.wav,520242,0.011715,1,
write,write,,,audio_medium,mongo_gridfs,9,03-02-02-02-02-01-23_r09.wav,520242,0.005446,1,
write,write,,,audio_medium,pg_bytea,9,03-02-02-02-02-01-23_r09.wav,520242,0.013102,1,
write,write,,,audio_medium,pg_bytea,9,03-02-03-01-01-02-01_r09.wav,561882,0.025093,1,
write,write,,,audio_medium,mongo_gridfs,9,03-02-03-01-01-02-01_r09.wav,561882,0.007640,1,
write,write,,,audio_medium,polyglot,9,03-02-03-01-01-02-01_r09.wav,561882,0.010537,1,
write,write,,,audio_medium,mongo_gridfs,9,03-02-03-01-01-02-02_r09.wav,561882,0.006669,1,
write,write,,,audio_medium,pg_bytea,9,03-02-03-01-01-02-02_r09.wav,561882,0.018310,1,
write,write,,,audio_medium,polyglot,9,03-02-03-01-01-02-02_r09.wav,561882,0.008093,1,
write,write,,,audio_medium,pg_bytea,9,03-02-03-01-01-02-03_r09.wav,539464,0.013765,1,
write,write,,,audio_medium,mongo_gridfs,9,03-02-03-01-01-02-03_r09.wav,539464,0.007265,1,
write,write,,,audio_medium,polyglot,9,03-02-03-01-01-02-03_r09.wav,539464,0.007920,1,
write,write,,,audio_medium,pg_bytea,9,03-02-03-01-01-02-15_r09.wav,526650,0.013225,1,
write,write,,,audio_medium,polyglot,9,03-02-03-01-01-02-15_r09.wav,526650,0.012814,1,
write,write,,,audio_medium,mongo_gridfs,9,03-02-03-01-01-02-15_r09.wav,526650,0.009565,1,
write,write,,,audio_medium,mongo_gridfs,9,03-02-03-01-01-02-16_r09.wav,520242,0.008375,1,
write,write,,,audio_medium,pg_bytea,9,03-02-03-01-01-02-16_r09.wav,520242,0.014988,1,
write,write,,,audio_medium,polyglot,9,03-02-03-01-01-02-16_r09.wav,520242,0.011099,1,
write,write,,,audio_medium,mongo_gridfs,9,03-02-03-01-01-02-17_r09.wav,526650,0.010232,1,
write,write,,,audio_medium,polyglot,9,03-02-03-01-01-02-17_r09.wav,526650,0.008392,1,
write,write,,,audio_medium,pg_bytea,9,03-02-03-01-01-02-17_r09.wav,526650,0.014894,1,
write,write,,,audio_medium,polyglot,9,03-02-03-01-02-02-09_r09.wav,539464,0.007602,1,
write,write,,,audio_medium,mongo_gridfs,9,03-02-03-01-02-02-09_r09.wav,539464,0.006159,1,
write,write,,,audio_medium,pg_bytea,9,03-02-03-01-02-02-09_r09.wav,539464,0.025481,1,
write,write,,,audio_medium,mongo_gridfs,9,03-02-03-01-02-02-21_r09.wav,533056,0.007214,1,
write,write,,,audio_medium,pg_bytea,9,03-02-03-01-02-02-21_r09.wav,533056,0.014775,1,
write,write,,,audio_medium,polyglot,9,03-02-03-01-02-02-21_r09.wav,533056,0.012478,1,
write,write,,,audio_medium,pg_bytea,9,03-02-03-01-02-02-22_r09.wav,561888,0.014908,1,
write,write,,,audio_medium,polyglot,9,03-02-03-01-02-02-22_r09.wav,561888,0.009667,1,
write,write,,,audio_medium,mongo_gridfs,9,03-02-03-01-02-02-22_r09.wav,561888,0.008160,1,
write,write,,,audio_medium,mongo_gridfs,9,03-02-03-01-02-02-23_r09.wav,539464,0.006975,1,
write,write,,,audio_medium,polyglot,9,03-02-03-01-02-02-23_r09.wav,539464,0.010443,1,
write,write,,,audio_medium,pg_bytea,9,03-02-03-01-02-02-23_r09.wav,539464,0.041303,1,
write,write,,,audio_medium,polyglot,9,03-02-03-02-01-02-09_r09.wav,561882,0.009145,1,
write,write,,,audio_medium,mongo_gridfs,9,03-02-03-02-01-02-09_r09.wav,561882,0.007092,1,
write,write,,,audio_medium,pg_bytea,9,03-02-03-02-01-02-09_r09.wav,561882,0.015957,1,
write,write,,,audio_medium,pg_bytea,9,03-02-03-02-01-02-21_r09.wav,539464,0.018799,1,
write,write,,,audio_medium,polyglot,9,03-02-03-02-01-02-21_r09.wav,539464,0.009102,1,
write,write,,,audio_medium,mongo_gridfs,9,03-02-03-02-01-02-21_r09.wav,539464,0.007216,1,
write,write,,,audio_medium,pg_bytea,9,03-02-03-02-01-02-22_r09.wav,526650,0.015001,1,
write,write,,,audio_medium,mongo_gridfs,9,03-02-03-02-01-02-22_r09.wav,526650,0.007985,1,
write,write,,,audio_medium,polyglot,9,03-02-03-02-01-02-22_r09.wav,526650,0.025353,1,
write,write,,,audio_medium,polyglot,9,03-02-03-02-01-02-23_r09.wav,561888,0.018097,1,
write,write,,,audio_medium,mongo_gridfs,9,03-02-03-02-01-02-23_r09.wav,561888,0.008426,1,
write,write,,,audio_medium,pg_bytea,9,03-02-03-02-01-02-23_r09.wav,561888,0.294925,1,
write,write,,,audio_medium,mongo_gridfs,9,03-02-03-02-02-02-01_r09.wav,561882,0.007182,1,
write,write,,,audio_medium,pg_bytea,9,03-02-03-02-02-02-01_r09.wav,561882,0.015056,1,
write,write,,,audio_medium,polyglot,9,03-02-03-02-02-02-01_r09.wav,561882,0.008659,1,
write,write,,,audio_medium,mongo_gridfs,9,03-02-03-02-02-02-02_r09.wav,523448,0.005759,1,
write,write,,,audio_medium,pg_bytea,9,03-02-03-02-02-02-02_r09.wav,523448,0.013847,1,
write,write,,,audio_medium,polyglot,9,03-02-03-02-02-02-02_r09.wav,523448,0.009112,1,
write,write,,,audio_medium,pg_bytea,9,03-02-03-02-02-02-03_r09.wav,561888,0.015494,1,
write,write,,,audio_medium,mongo_gridfs,9,03-02-03-02-02-02-03_r09.wav,561888,0.007590,1,
write,write,,,audio_medium,polyglot,9,03-02-03-02-02-02-03_r09.wav,561888,0.023088,1,
write,write,,,audio_medium,mongo_gridfs,9,03-02-03-02-02-02-15_r09.wav,523448,0.007214,1,
write,write,,,audio_medium,pg_bytea,9,03-02-03-02-02-02-15_r09.wav,523448,0.016355,1,
write,write,,,audio_medium,polyglot,9,03-02-03-02-02-02-15_r09.wav,523448,0.009621,1,
write,write,,,audio_medium,mongo_gridfs,9,03-02-03-02-02-02-16_r09.wav,561882,0.008000,1,
write,write,,,audio_medium,pg_bytea,9,03-02-03-02-02-02-16_r09.wav,561882,0.016372,1,
write,write,,,audio_medium,polyglot,9,03-02-03-02-02-02-16_r09.wav,561882,0.009322,1,
write,write,,,audio_medium,polyglot,9,03-02-03-02-02-02-17_r09.wav,523448,0.007567,1,
write,write,,,audio_medium,mongo_gridfs,9,03-02-03-02-02-02-17_r09.wav,523448,0.006505,1,
write,write,,,audio_medium,pg_bytea,9,03-02-03-02-02-02-17_r09.wav,523448,0.043169,1,
write,write,,,audio_medium,polyglot,9,03-02-04-01-01-02-05_r09.wav,561882,0.010427,1,
write,write,,,audio_medium,mongo_gridfs,9,03-02-04-01-01-02-05_r09.wav,561882,0.007226,1,
write,write,,,audio_medium,pg_bytea,9,03-02-04-01-01-02-05_r09.wav,561882,0.015722,1,
write,write,,,audio_medium,mongo_gridfs,9,03-02-04-01-01-02-06_r09.wav,526650,0.007584,1,
write,write,,,audio_medium,pg_bytea,9,03-02-04-01-01-02-06_r09.wav,526650,0.015004,1,
write,write,,,audio_medium,polyglot,9,03-02-04-01-01-02-06_r09.wav,526650,0.008871,1,
write,write,,,audio_medium,polyglot,9,03-02-04-01-01-02-07_r09.wav,523448,0.012191,1,
write,write,,,audio_medium,mongo_gridfs,9,03-02-04-01-01-02-07_r09.wav,523448,0.007362,1,
write,write,,,audio_medium,pg_bytea,9,03-02-04-01-01-02-07_r09.wav,523448,0.056274,1,
write,write,,,audio_medium,polyglot,9,03-02-04-01-01-02-11_r09.wav,539464,0.008264,1,
write,write,,,audio_medium,pg_bytea,9,03-02-04-01-01-02-11_r09.wav,539464,0.017826,1,
write,write,,,audio_medium,mongo_gridfs,9,03-02-04-01-01-02-11_r09.wav,539464,0.009475,1,
write,write,,,audio_medium,polyglot,9,03-02-04-01-01-02-12_r09.wav,523448,0.007604,1,
write,write,,,audio_medium,pg_bytea,9,03-02-04-01-01-02-12_r09.wav,523448,0.016317,1,
write,write,,,audio_medium,mongo_gridfs,9,03-02-04-01-01-02-12_r09.wav,523448,0.007241,1,
write,write,,,audio_medium,pg_bytea,9,03-02-04-01-01-02-13_r09.wav,539464,0.014374,1,
write,write,,,audio_medium,polyglot,9,03-02-04-01-01-02-13_r09.wav,539464,0.022494,1,
write,write,,,audio_medium,mongo_gridfs,9,03-02-04-01-01-02-13_r09.wav,539464,0.006839,1,
write,write,,,audio_medium,mongo_gridfs,9,03-02-04-01-02-02-19_r09.wav,561888,0.006947,1,
write,write,,,audio_medium,pg_bytea,9,03-02-04-01-02-02-19_r09.wav,561888,0.015417,1,
write,write,,,audio_medium,polyglot,9,03-02-04-01-02-02-19_r09.wav,561888,0.012212,1,
write,write,,,audio_medium,polyglot,9,03-02-04-02-02-02-05_r09.wav,526650,0.007728,1,
write,write,,,audio_medium,mongo_gridfs,9,03-02-04-02-02-02-05_r09.wav,526650,0.006997,1,
write,write,,,audio_medium,pg_bytea,9,03-02-04-02-02-02-05_r09.wav,526650,0.015592,1,
write,write,,,audio_medium,polyglot,9,03-02-04-02-02-02-06_r09.wav,526650,0.007852,1,
write,write,,,audio_medium,mongo_gridfs,9,03-02-04-02-02-02-06_r09.wav,526650,0.006661,1,
write,write,,,audio_medium,pg_bytea,9,03-02-04-02-02-02-06_r09.wav,526650,0.323155,1,
write,write,,,audio_medium,mongo_gridfs,9,03-02-04-02-02-02-07_r09.wav,561888,0.007845,1,
write,write,,,audio_medium,polyglot,9,03-02-04-02-02-02-07_r09.wav,561888,0.010419,1,
write,write,,,audio_medium,pg_bytea,9,03-02-04-02-02-02-07_r09.wav,561888,0.016218,1,
write,write,,,audio_medium,polyglot,9,03-02-04-02-02-02-11_r09.wav,561888,0.009684,1,
write,write,,,audio_medium,pg_bytea,9,03-02-04-02-02-02-11_r09.wav,561888,0.019141,1,
write,write,,,audio_medium,mongo_gridfs,9,03-02-04-02-02-02-11_r09.wav,561888,0.008959,1,
write,write,,,audio_medium,polyglot,9,03-02-04-02-02-02-12_r09.wav,523448,0.007825,1,
write,write,,,audio_medium,mongo_gridfs,9,03-02-04-02-02-02-12_r09.wav,523448,0.006716,1,
write,write,,,audio_medium,pg_bytea,9,03-02-04-02-02-02-12_r09.wav,523448,0.013620,1,
write,write,,,audio_medium,pg_bytea,9,03-02-04-02-02-02-13_r09.wav,533056,0.015465,1,
write,write,,,audio_medium,mongo_gridfs,9,03-02-04-02-02-02-13_r09.wav,533056,0.007820,1,
write,write,,,audio_medium,polyglot,9,03-02-04-02-02-02-13_r09.wav,533056,0.007891,1,
write,write,,,audio_medium,mongo_gridfs,9,03-02-05-01-02-01-06_r09.wav,561882,0.007003,1,
write,write,,,audio_medium,polyglot,9,03-02-05-01-02-01-06_r09.wav,561882,0.007268,1,
write,write,,,audio_medium,pg_bytea,9,03-02-05-01-02-01-06_r09.wav,561882,0.015803,1,
write,write,,,audio_medium,polyglot,9,03-02-05-01-02-01-07_r09.wav,520242,0.008888,1,
write,write,,,audio_medium,pg_bytea,9,03-02-05-01-02-01-07_r09.wav,520242,0.014560,1,
write,write,,,audio_medium,mongo_gridfs,9,03-02-05-01-02-01-07_r09.wav,520242,0.008100,1,
write,write,,,audio_medium,polyglot,9,03-02-05-01-02-01-12_r09.wav,520242,0.011791,1,
write,write,,,audio_medium,mongo_gridfs,9,03-02-05-01-02-01-12_r09.wav,520242,0.006636,1,
write,write,,,audio_medium,pg_bytea,9,03-02-05-01-02-01-12_r09.wav,520242,0.016106,1,
write,write,,,audio_medium,pg_bytea,9,03-02-05-01-02-01-13_r09.wav,561888,0.014987,1,
write,write,,,audio_medium,polyglot,9,03-02-05-01-02-01-13_r09.wav,561888,0.009432,1,
write,write,,,audio_medium,mongo_gridfs,9,03-02-05-01-02-01-13_r09.wav,561888,0.008064,1,
write,write,,,audio_medium,pg_bytea,9,03-02-05-02-01-01-05_r09.wav,539464,0.015534,1,
write,write,,,audio_medium,polyglot,9,03-02-05-02-01-01-05_r09.wav,539464,0.009937,1,
write,write,,,audio_medium,mongo_gridfs,9,03-02-05-02-01-01-05_r09.wav,539464,0.007684,1,
write,write,,,audio_medium,mongo_gridfs,9,03-02-05-02-01-01-06_r09.wav,561888,0.007095,1,
write,write,,,audio_medium,polyglot,9,03-02-05-02-01-01-06_r09.wav,561888,0.007505,1,
write,write,,,audio_medium,pg_bytea,9,03-02-05-02-01-01-06_r09.wav,561888,0.017728,1,
write,write,,,audio_medium,pg_bytea,9,03-02-05-02-01-01-07_r09.wav,533056,0.017509,1,
write,write,,,audio_medium,mongo_gridfs,9,03-02-05-02-01-01-07_r09.wav,533056,0.008668,1,
write,write,,,audio_medium,polyglot,9,03-02-05-02-01-01-07_r09.wav,533056,0.009772,1,
write,write,,,audio_medium,polyglot,9,03-02-05-02-01-01-11_r09.wav,561888,0.010617,1,
write,write,,,audio_medium,pg_bytea,9,03-02-05-02-01-01-11_r09.wav,561888,0.019364,1,
write,write,,,audio_medium,mongo_gridfs,9,03-02-05-02-01-01-11_r09.wav,561888,0.007845,1,
write,write,,,audio_medium,pg_bytea,9,03-02-05-02-01-01-12_r09.wav,533056,0.026115,1,
write,write,,,audio_medium,mongo_gridfs,9,03-02-05-02-01-01-12_r09.wav,533056,0.008487,1,
write,write,,,audio_medium,polyglot,9,03-02-05-02-01-01-12_r09.wav,533056,0.009816,1,
write,write,,,audio_medium,pg_bytea,9,03-02-05-02-01-01-13_r09.wav,526650,0.013366,1,
write,write,,,audio_medium,mongo_gridfs,9,03-02-05-02-01-01-13_r09.wav,526650,0.008552,1,
write,write,,,audio_medium,polyglot,9,03-02-05-02-01-01-13_r09.wav,526650,0.008947,1,
write,write,,,video_small,pg_bytea,9,01-01-01-01-01-01-22_r09.mp4,5457041,0.199978,1,
write,write,,,video_small,polyglot,9,01-01-01-01-01-01-22_r09.mp4,5457041,0.263783,1,
write,write,,,video_small,mongo_gridfs,9,01-01-01-01-01-01-22_r09.mp4,5457041,0.045799,1,
write,write,,,video_small,mongo_gridfs,9,01-01-01-01-01-02-01_r09.mp4,5457041,0.043983,1,
write,write,,,video_small,polyglot,9,01-01-01-01-01-02-01_r09.mp4,5457041,0.102905,1,
write,write,,,video_small,pg_bytea,9,01-01-01-01-01-02-01_r09.mp4,5457041,0.151053,1,
write,write,,,video_small,mongo_gridfs,9,01-01-01-01-01-02-15_r09.mp4,5457041,0.046919,1,
write,write,,,video_small,polyglot,9,01-01-01-01-01-02-15_r09.mp4,5457041,0.110781,1,
write,write,,,video_small,pg_bytea,9,01-01-01-01-01-02-15_r09.mp4,5457041,0.436242,1,
write,write,,,video_small,pg_bytea,9,01-01-01-01-02-01-06_r09.mp4,5457041,0.210176,1,
write,write,,,video_small,mongo_gridfs,9,01-01-01-01-02-01-06_r09.mp4,5457041,0.053673,1,
write,write,,,video_small,polyglot,9,01-01-01-01-02-01-06_r09.mp4,5457041,0.141320,1,
write,write,,,video_small,mongo_gridfs,9,01-01-01-01-02-01-13_r09.mp4,5457041,0.044097,1,
write,write,,,video_small,polyglot,9,01-01-01-01-02-01-13_r09.mp4,5457041,0.129122,1,
write,write,,,video_small,pg_bytea,9,01-01-01-01-02-01-13_r09.mp4,5457041,0.142763,1,
write,write,,,video_small,polyglot,9,01-01-01-01-02-01-14_r09.mp4,5457041,0.041931,1,
write,write,,,video_small,pg_bytea,9,01-01-01-01-02-01-14_r09.mp4,5457041,0.148464,1,
write,write,,,video_small,mongo_gridfs,9,01-01-01-01-02-01-14_r09.mp4,5457041,0.043651,1,
write,write,,,video_small,mongo_gridfs,9,01-01-01-01-02-02-09_r09.mp4,5498397,0.066623,1,
write,write,,,video_small,pg_bytea,9,01-01-01-01-02-02-09_r09.mp4,5498397,0.164151,1,
write,write,,,video_small,polyglot,9,01-01-01-01-02-02-09_r09.mp4,5498397,0.049077,1,
write,write,,,video_small,pg_bytea,9,01-01-01-02-01-01-01_r09.mp4,5498397,0.394066,1,
write,write,,,video_small,mongo_gridfs,9,01-01-01-02-01-01-01_r09.mp4,5498397,0.047047,1,
write,write,,,video_small,polyglot,9,01-01-01-02-01-01-01_r09.mp4,5498397,0.044400,1,
write,write,,,video_small,mongo_gridfs,9,01-01-01-02-01-01-05_r09.mp4,5457041,0.041489,1,
write,write,,,video_small,polyglot,9,01-01-01-02-01-01-05_r09.mp4,5457041,0.054924,1,
write,write,,,video_small,pg_bytea,9,01-01-01-02-01-01-05_r09.mp4,5457041,0.221832,1,
write,write,,,video_small,pg_bytea,9,01-01-01-02-01-01-15_r09.mp4,5457041,0.140708,1,
write,write,,,video_small,mongo_gridfs,9,01-01-01-02-01-01-15_r09.mp4,5457041,0.043005,1,
write,write,,,video_small,polyglot,9,01-01-01-02-01-01-15_r09.mp4,5457041,0.071216,1,
write,write,,,video_small,mongo_gridfs,9,01-01-01-02-02-01-18_r09.mp4,5457041,0.045489,1,
write,write,,,video_small,polyglot,9,01-01-01-02-02-01-18_r09.mp4,5457041,0.210348,1,
write,write,,,video_small,pg_bytea,9,01-01-01-02-02-01-18_r09.mp4,5457041,0.146342,1,
write,write,,,video_small,pg_bytea,9,01-01-01-02-02-01-19_r09.mp4,5457041,0.140571,1,
write,write,,,video_small,mongo_gridfs,9,01-01-01-02-02-01-19_r09.mp4,5457041,0.046193,1,
write,write,,,video_small,polyglot,9,01-01-01-02-02-01-19_r09.mp4,5457041,0.045756,1,
write,write,,,video_small,mongo_gridfs,9,01-01-02-01-01-02-09_r09.mp4,5498397,0.071039,1,
write,write,,,video_small,pg_bytea,9,01-01-02-01-01-02-09_r09.mp4,5498397,0.518765,1,
write,write,,,video_small,polyglot,9,01-01-02-01-01-02-09_r09.mp4,5498397,0.057576,1,
write,write,,,video_small,polyglot,9,01-01-02-01-01-02-18_r09.mp4,5498397,0.102681,1,
write,write,,,video_small,pg_bytea,9,01-01-02-01-01-02-18_r09.mp4,5498397,0.156976,1,
write,write,,,video_small,mongo_gridfs,9,01-01-02-01-01-02-18_r09.mp4,5498397,0.043725,1,
write,write,,,video_small,pg_bytea,9,01-01-02-01-01-02-23_r09.mp4,5498397,0.135280,1,
write,write,,,video_small,mongo_gridfs,9,01-01-02-01-01-02-23_r09.mp4,5498397,0.053666,1,
write,write,,,video_small,polyglot,9,01-01-02-01-01-02-23_r09.mp4,5498397,0.059759,1,
write,write,,,video_small,polyglot,9,01-01-02-01-02-01-09_r09.mp4,5498397,0.044624,1,
write,write,,,video_small,pg_bytea,9,01-01-02-01-02-01-09_r09.mp4,5498397,0.140682,1,
write,write,,,video_small,mongo_gridfs,9,01-01-02-01-02-01-09_r09.mp4,5498397,0.047450,1,
write,write,,,video_small,polyglot,9,01-01-02-01-02-02-01_r09.mp4,5498397,0.049665,1,
write,write,,,video_small,mongo_gridfs,9,01-01-02-01-02-02-01_r09.mp4,5498397,0.044003,1,
write,write,,,video_small,pg_bytea,9,01-01-02-01-02-02-01_r09.mp4,5498397,0.138741,1,
write,write,,,video_small,polyglot,9,01-01-02-01-02-02-03_r09.mp4,5498397,0.049773,1,
write,write,,,video_small,pg_bytea,9,01-01-02-01-02-02-03_r09.mp4,5498397,0.142985,1,
write,write,,,video_small,mongo_gridfs,9,01-01-02-01-02-02-03_r09.mp4,5498397,0.045359,1,
write,write,,,video_small,pg_bytea,9,01-01-02-02-01-02-02_r09.mp4,5498397,0.139644,1,
write,write,,,video_small,polyglot,9,01-01-02-02-01-02-02_r09.mp4,5498397,0.183022,1,
write,write,,,video_small,mongo_gridfs,9,01-01-02-02-01-02-02_r09.mp4,5498397,0.045863,1,
write,write,,,video_small,polyglot,9,01-01-02-02-01-02-03_r09.mp4,5498397,0.154849,1,
write,write,,,video_small,pg_bytea,9,01-01-02-02-01-02-03_r09.mp4,5498397,0.135766,1,
write,write,,,video_small,mongo_gridfs,9,01-01-02-02-01-02-03_r09.mp4,5498397,0.043496,1,
write,write,,,video_small,polyglot,9,01-01-02-02-01-02-05_r09.mp4,5498397,0.047894,1,
write,write,,,video_small,mongo_gridfs,9,01-01-02-02-01-02-05_r09.mp4,5498397,0.046746,1,
write,write,,,video_small,pg_bytea,9,01-01-02-02-01-02-05_r09.mp4,5498397,0.136841,1,
write,write,,,video_small,pg_bytea,9,01-01-02-02-01-02-10_r09.mp4,5457041,0.142313,1,
write,write,,,video_small,mongo_gridfs,9,01-01-02-02-01-02-10_r09.mp4,5457041,0.043374,1,
write,write,,,video_small,polyglot,9,01-01-02-02-01-02-10_r09.mp4,5457041,0.053569,1,
write,write,,,video_small,polyglot,9,01-01-02-02-01-02-13_r09.mp4,5457041,0.223542,1,
write,write,,,video_small,pg_bytea,9,01-01-02-02-01-02-13_r09.mp4,5457041,0.141464,1,
write,write,,,video_small,mongo_gridfs,9,01-01-02-02-01-02-13_r09.mp4,5457041,0.047658,1,
write,write,,,video_small,mongo_gridfs,9,01-01-02-02-01-02-17_r09.mp4,5457041,0.046337,1,
write,write,,,video_small,pg_bytea,9,01-01-02-02-01-02-17_r09.mp4,5457041,0.143188,1,
write,write,,,video_small,polyglot,9,01-01-02-02-01-02-17_r09.mp4,5457041,0.042020,1,
write,write,,,video_small,mongo_gridfs,9,01-01-02-02-02-02-18_r09.mp4,5457041,0.042900,1,
write,write,,,video_small,polyglot,9,01-01-02-02-02-02-18_r09.mp4,5457041,0.117699,1,
write,write,,,video_small,pg_bytea,9,01-01-02-02-02-02-18_r09.mp4,5457041,0.135696,1,
write,write,,,video_small,pg_bytea,9,01-01-02-02-02-02-19_r09.mp4,5457041,0.145082,1,
write,write,,,video_small,mongo_gridfs,9,01-01-02-02-02-02-19_r09.mp4,5457041,0.042453,1,
write,write,,,video_small,polyglot,9,01-01-02-02-02-02-19_r09.mp4,5457041,0.142336,1,
write,write,,,video_small,pg_bytea,9,01-01-02-02-02-02-21_r09.mp4,5498397,0.143002,1,
write,write,,,video_small,mongo_gridfs,9,01-01-02-02-02-02-21_r09.mp4,5498397,0.046671,1,
write,write,,,video_small,polyglot,9,01-01-02-02-02-02-21_r09.mp4,5498397,0.058834,1,
write,write,,,video_small,mongo_gridfs,9,01-01-02-02-02-02-22_r09.mp4,5457041,0.046337,1,
write,write,,,video_small,pg_bytea,9,01-01-02-02-02-02-22_r09.mp4,5457041,0.235920,1,
write,write,,,video_small,polyglot,9,01-01-02-02-02-02-22_r09.mp4,5457041,0.043492,1,
write,write,,,video_small,polyglot,9,01-01-02-02-02-02-23_r09.mp4,5457041,0.074649,1,
write,write,,,video_small,pg_bytea,9,01-01-02-02-02-02-23_r09.mp4,5457041,0.678625,1,
write,write,,,video_small,mongo_gridfs,9,01-01-02-02-02-02-23_r09.mp4,5457041,0.047604,1,
write,write,,,video_small,polyglot,9,01-01-03-01-01-01-12_r09.mp4,5457041,0.135168,1,
write,write,,,video_small,mongo_gridfs,9,01-01-03-01-01-01-12_r09.mp4,5457041,0.051862,1,
write,write,,,video_small,pg_bytea,9,01-01-03-01-01-01-12_r09.mp4,5457041,0.174902,1,
write,write,,,video_small,polyglot,9,01-01-03-01-01-01-15_r09.mp4,5457041,0.067837,1,
write,write,,,video_small,mongo_gridfs,9,01-01-03-01-01-01-15_r09.mp4,5457041,0.044117,1,
write,write,,,video_small,pg_bytea,9,01-01-03-01-01-01-15_r09.mp4,5457041,0.141883,1,
write,write,,,video_small,mongo_gridfs,9,01-01-03-01-02-01-08_r09.mp4,5498397,0.044694,1,
write,write,,,video_small,pg_bytea,9,01-01-03-01-02-01-08_r09.mp4,5498397,0.136900,1,
write,write,,,video_small,polyglot,9,01-01-03-01-02-01-08_r09.mp4,5498397,0.096657,1,
write,write,,,video_small,pg_bytea,9,01-01-03-01-02-01-21_r09.mp4,5498397,0.149888,1,
write,write,,,video_small,mongo_gridfs,9,01-01-03-01-02-01-21_r09.mp4,5498397,0.052633,1,
write,write,,,video_small,polyglot,9,01-01-03-01-02-01-21_r09.mp4,5498397,0.072630,1,
write,write,,,video_small,mongo_gridfs,9,01-01-03-02-01-01-21_r09.mp4,5457041,0.051373,1,
write,write,,,video_small,pg_bytea,9,01-01-03-02-01-01-21_r09.mp4,5457041,0.170778,1,
write,write,,,video_small,polyglot,9,01-01-03-02-01-01-21_r09.mp4,5457041,0.382947,1,
write,write,,,video_small,mongo_gridfs,9,01-01-03-02-01-01-24_r09.mp4,5457041,0.043871,1,
write,write,,,video_small,polyglot,9,01-01-03-02-01-01-24_r09.mp4,5457041,0.043558,1,
write,write,,,video_small,pg_bytea,9,01-01-03-02-01-01-24_r09.mp4,5457041,0.163546,1,
write,write,,,video_small,polyglot,9,01-01-03-02-01-02-01_r09.mp4,5457041,0.065438,1,
write,write,,,video_small,pg_bytea,9,01-01-03-02-01-02-01_r09.mp4,5457041,0.386209,1,
write,write,,,video_small,mongo_gridfs,9,01-01-03-02-01-02-01_r09.mp4,5457041,0.046470,1,
write,write,,,video_small,mongo_gridfs,9,01-01-03-02-01-02-15_r09.mp4,5457041,0.040819,1,
write,write,,,video_small,pg_bytea,9,01-01-03-02-01-02-15_r09.mp4,5457041,0.141206,1,
write,write,,,video_small,polyglot,9,01-01-03-02-01-02-15_r09.mp4,5457041,0.117683,1,
write,write,,,video_small,pg_bytea,9,01-01-03-02-02-01-05_r09.mp4,5457041,0.732815,1,
write,write,,,video_small,mongo_gridfs,9,01-01-03-02-02-01-05_r09.mp4,5457041,0.044685,1,
write,write,,,video_small,polyglot,9,01-01-03-02-02-01-05_r09.mp4,5457041,0.073536,1,
write,write,,,video_small,mongo_gridfs,9,01-01-03-02-02-01-12_r09.mp4,5457041,0.049343,1,
write,write,,,video_small,polyglot,9,01-01-03-02-02-01-12_r09.mp4,5457041,0.043744,1,
write,write,,,video_small,pg_bytea,9,01-01-03-02-02-01-12_r09.mp4,5457041,0.299310,1,
write,write,,,video_small,pg_bytea,9,01-01-03-02-02-01-15_r09.mp4,5498397,0.136559,1,
write,write,,,video_small,mongo_gridfs,9,01-01-03-02-02-01-15_r09.mp4,5498397,0.048159,1,
write,write,,,video_small,polyglot,9,01-01-03-02-02-01-15_r09.mp4,5498397,0.108773,1,
write,write,,,video_small,pg_bytea,9,01-01-04-01-01-01-03_r09.mp4,5457041,0.142778,1,
write,write,,,video_small,mongo_gridfs,9,01-01-04-01-01-01-03_r09.mp4,5457041,0.047204,1,
write,write,,,video_small,polyglot,9,01-01-04-01-01-01-03_r09.mp4,5457041,0.043289,1,
write,write,,,video_small,polyglot,9,01-01-04-01-01-01-05_r09.mp4,5498397,0.180723,1,
write,write,,,video_small,pg_bytea,9,01-01-04-01-01-01-05_r09.mp4,5498397,0.143644,1,
write,write,,,video_small,mongo_gridfs,9,01-01-04-01-01-01-05_r09.mp4,5498397,0.047207,1,
write,write,,,video_small,pg_bytea,9,01-01-04-01-01-01-10_r09.mp4,5457041,0.139427,1,
write,write,,,video_small,polyglot,9,01-01-04-01-01-01-10_r09.mp4,5457041,0.044970,1,
write,write,,,video_small,mongo_gridfs,9,01-01-04-01-01-01-10_r09.mp4,5457041,0.045981,1,
write,write,,,video_small,mongo_gridfs,9,01-01-04-01-01-01-16_r09.mp4,5457041,0.050479,1,
write,write,,,video_small,pg_bytea,9,01-01-04-01-01-01-16_r09.mp4,5457041,0.131659,1,
write,write,,,video_small,polyglot,9,01-01-04-01-01-01-16_r09.mp4,5457041,0.046211,1,
write,write,,,video_small,pg_bytea,9,01-01-04-01-02-01-19_r09.mp4,5498397,0.234652,1,
write,write,,,video_small,polyglot,9,01-01-04-01-02-01-19_r09.mp4,5498397,0.045831,1,
write,write,,,video_small,mongo_gridfs,9,01-01-04-01-02-01-19_r09.mp4,5498397,0.044816,1,
write,write,,,video_small,mongo_gridfs,9,01-01-04-01-02-01-21_r09.mp4,5498397,0.043233,1,
write,write,,,video_small,polyglot,9,01-01-04-01-02-01-21_r09.mp4,5498397,0.042044,1,
write,write,,,video_small,pg_bytea,9,01-01-04-01-02-01-21_r09.mp4,5498397,0.138244,1,
write,write,,,video_small,polyglot,9,01-01-04-01-02-01-22_r09.mp4,5498397,0.044958,1,
write,write,,,video_small,mongo_gridfs,9,01-01-04-01-02-01-22_r09.mp4,5498397,0.043378,1,
write,write,,,video_small,pg_bytea,9,01-01-04-01-02-01-22_r09.mp4,5498397,0.134918,1,
write,write,,,video_small,pg_bytea,9,01-01-04-02-01-01-18_r09.mp4,5498397,0.262839,1,
write,write,,,video_small,polyglot,9,01-01-04-02-01-01-18_r09.mp4,5498397,0.044781,1,
write,write,,,video_small,mongo_gridfs,9,01-01-04-02-01-01-18_r09.mp4,5498397,0.042526,1,
write,write,,,video_small,pg_bytea,9,01-01-04-02-01-01-19_r09.mp4,5498397,0.141636,1,
write,write,,,video_small,polyglot,9,01-01-04-02-01-01-19_r09.mp4,5498397,0.042045,1,
write,write,,,video_small,mongo_gridfs,9,01-01-04-02-01-01-19_r09.mp4,5498397,0.043855,1,
write,write,,,video_small,pg_bytea,9,01-01-04-02-02-01-02_r09.mp4,5498397,0.131775,1,
write,write,,,video_small,polyglot,9,01-01-04-02-02-01-02_r09.mp4,5498397,0.045579,1,
write,write,,,video_small,mongo_gridfs,9,01-01-04-02-02-01-02_r09.mp4,5498397,0.038294,1,
write,write,,,video_small,mongo_gridfs,9,01-01-04-02-02-01-05_r09.mp4,5498397,0.045962,1,
write,write,,,video_small,polyglot,9,01-01-04-02-02-01-05_r09.mp4,5498397,0.185026,1,
write,write,,,video_small,pg_bytea,9,01-01-04-02-02-01-05_r09.mp4,5498397,0.139878,1,
write,write,,,video_small,polyglot,9,01-01-04-02-02-01-06_r09.mp4,5498397,0.046413,1,
write,write,,,video_small,mongo_gridfs,9,01-01-04-02-02-01-06_r09.mp4,5498397,0.043054,1,
write,write,,,video_small,pg_bytea,9,01-01-04-02-02-01-06_r09.mp4,5498397,0.135473,1,
write,write,,,video_small,polyglot,9,01-01-04-02-02-01-13_r09.mp4,5498397,0.048101,1,
write,write,,,video_small,pg_bytea,9,01-01-04-02-02-01-13_r09.mp4,5498397,0.136435,1,
write,write,,,video_small,mongo_gridfs,9,01-01-04-02-02-01-13_r09.mp4,5498397,0.044269,1,
write,write,,,video_small,pg_bytea,9,01-01-04-02-02-01-17_r09.mp4,5498397,0.132048,1,
write,write,,,video_small,polyglot,9,01-01-04-02-02-01-17_r09.mp4,5498397,0.051875,1,
write,write,,,video_small,mongo_gridfs,9,01-01-04-02-02-01-17_r09.mp4,5498397,0.045437,1,
write,write,,,video_small,mongo_gridfs,9,01-01-04-02-02-02-19_r09.mp4,5498397,0.040640,1,
write,write,,,video_small,pg_bytea,9,01-01-04-02-02-02-19_r09.mp4,5498397,0.199121,1,
write,write,,,video_small,polyglot,9,01-01-04-02-02-02-19_r09.mp4,5498397,0.047412,1,
write,write,,,video_small,pg_bytea,9,01-01-05-01-01-02-09_r09.mp4,5498397,0.133854,1,
write,write,,,video_small,polyglot,9,01-01-05-01-01-02-09_r09.mp4,5498397,0.047017,1,
write,write,,,video_small,mongo_gridfs,9,01-01-05-01-01-02-09_r09.mp4,5498397,0.041585,1,
write,write,,,video_small,polyglot,9,01-01-05-01-01-02-19_r09.mp4,5498397,0.619363,1,
write,write,,,video_small,mongo_gridfs,9,01-01-05-01-01-02-19_r09.mp4,5498397,0.043875,1,
write,write,,,video_small,pg_bytea,9,01-01-05-01-01-02-19_r09.mp4,5498397,0.148805,1,
write,write,,,video_small,polyglot,9,01-01-05-01-01-02-21_r09.mp4,5457041,0.053088,1,
write,write,,,video_small,pg_bytea,9,01-01-05-01-01-02-21_r09.mp4,5457041,0.170232,1,
write,write,,,video_small,mongo_gridfs,9,01-01-05-01-01-02-21_r09.mp4,5457041,0.044998,1,
write,write,,,video_small,pg_bytea,9,01-01-05-01-02-01-19_r09.mp4,5457041,0.155589,1,
write,write,,,video_small,polyglot,9,01-01-05-01-02-01-19_r09.mp4,5457041,0.046364,1,
write,write,,,video_small,mongo_gridfs,9,01-01-05-01-02-01-19_r09.mp4,5457041,0.044431,1,
write,write,,,video_small,pg_bytea,9,01-01-05-01-02-02-04_r09.mp4,5457041,0.324257,1,
write,write,,,video_small,polyglot,9,01-01-05-01-02-02-04_r09.mp4,5457041,0.047731,1,
write,write,,,video_small,mongo_gridfs,9,01-01-05-01-02-02-04_r09.mp4,5457041,0.041055,1,
write,write,,,video_small,mongo_gridfs,9,01-01-05-01-02-02-05_r09.mp4,5498397,0.041389,1,
write,write,,,video_small,polyglot,9,01-01-05-01-02-02-05_r09.mp4,5498397,0.686383,1,
write,write,,,video_small,pg_bytea,9,01-01-05-01-02-02-05_r09.mp4,5498397,0.144419,1,
write,write,,,video_small,mongo_gridfs,9,01-01-05-02-01-02-04_r09.mp4,5457041,0.045557,1,
write,write,,,video_small,pg_bytea,9,01-01-05-02-01-02-04_r09.mp4,5457041,0.198165,1,
write,write,,,video_small,polyglot,9,01-01-05-02-01-02-04_r09.mp4,5457041,0.045472,1,
write,write,,,video_small,pg_bytea,9,01-01-05-02-01-02-12_r09.mp4,5457041,0.455690,1,
write,write,,,video_small,mongo_gridfs,9,01-01-05-02-01-02-12_r09.mp4,5457041,0.044503,1,
write,write,,,video_small,polyglot,9,01-01-05-02-01-02-12_r09.mp4,5457041,0.062781,1,
write,write,,,video_small,mongo_gridfs,9,01-01-05-02-01-02-14_r09.mp4,5457041,0.043450,1,
write,write,,,video_small,pg_bytea,9,01-01-05-02-01-02-14_r09.mp4,5457041,0.236419,1,
write,write,,,video_small,polyglot,9,01-01-05-02-01-02-14_r09.mp4,5457041,0.041303,1,
write,write,,,video_small,polyglot,9,01-01-05-02-02-02-19_r09.mp4,5498397,0.139087,1,
write,write,,,video_small,mongo_gridfs,9,01-01-05-02-02-02-19_r09.mp4,5498397,0.045425,1,
write,write,,,video_small,pg_bytea,9,01-01-05-02-02-02-19_r09.mp4,5498397,0.398975,1,
write,write,,,video_small,mongo_gridfs,9,01-01-05-02-02-02-20_r09.mp4,5498397,0.052591,1,
write,write,,,video_small,pg_bytea,9,01-01-05-02-02-02-20_r09.mp4,5498397,0.998544,1,
write,write,,,video_small,polyglot,9,01-01-05-02-02-02-20_r09.mp4,5498397,0.907252,1,
write,write,,,video_small,polyglot,9,01-01-05-02-02-02-23_r09.mp4,5498397,0.050946,1,
write,write,,,video_small,mongo_gridfs,9,01-01-05-02-02-02-23_r09.mp4,5498397,0.045203,1,
write,write,,,video_small,pg_bytea,9,01-01-05-02-02-02-23_r09.mp4,5498397,0.158205,1,
write,write,,,video_small,polyglot,9,01-01-06-01-01-01-08_r09.mp4,5457041,0.056426,1,
write,write,,,video_small,pg_bytea,9,01-01-06-01-01-01-08_r09.mp4,5457041,0.138944,1,
write,write,,,video_small,mongo_gridfs,9,01-01-06-01-01-01-08_r09.mp4,5457041,0.049696,1,
write,write,,,video_small,pg_bytea,9,01-01-06-01-01-01-19_r09.mp4,5457041,0.145347,1,
write,write,,,video_small,mongo_gridfs,9,01-01-06-01-01-01-19_r09.mp4,5457041,0.050429,1,
write,write,,,video_small,polyglot,9,01-01-06-01-01-01-19_r09.mp4,5457041,0.046254,1,
write,write,,,video_small,mongo_gridfs,9,01-01-06-01-01-01-24_r09.mp4,5498397,0.052675,1,
write,write,,,video_small,polyglot,9,01-01-06-01-01-01-24_r09.mp4,5498397,0.048106,1,
write,write,,,video_small,pg_bytea,9,01-01-06-01-01-01-24_r09.mp4,5498397,0.143306,1,
write,write,,,video_medium,polyglot,9,tsinghua_v_0024_r09.mp4,13091522,0.160033,1,
write,write,,,video_medium,mongo_gridfs,9,tsinghua_v_0024_r09.mp4,13091522,0.126443,1,
write,write,,,video_medium,pg_bytea,9,tsinghua_v_0024_r09.mp4,13091522,0.357952,1,
write,write,,,video_medium,pg_bytea,9,tsinghua_v_0046_r09.mp4,13091522,0.378133,1,
write,write,,,video_medium,mongo_gridfs,9,tsinghua_v_0046_r09.mp4,13091522,0.098835,1,
write,write,,,video_medium,polyglot,9,tsinghua_v_0046_r09.mp4,13091522,0.102042,1,
write,write,,,video_medium,pg_bytea,9,tsinghua_v_0076_r09.mp4,13091522,0.353784,1,
write,write,,,video_medium,mongo_gridfs,9,tsinghua_v_0076_r09.mp4,13091522,0.104890,1,
write,write,,,video_medium,polyglot,9,tsinghua_v_0076_r09.mp4,13091522,0.108453,1,
write,write,,,video_medium,mongo_gridfs,9,tsinghua_v_0080_r09.mp4,13091522,0.094555,1,
write,write,,,video_medium,polyglot,9,tsinghua_v_0080_r09.mp4,13091522,0.123373,1,
write,write,,,video_medium,pg_bytea,9,tsinghua_v_0080_r09.mp4,13091522,0.448412,1,
write,write,,,video_medium,mongo_gridfs,9,tsinghua_v_0109_r09.mp4,13091522,0.101826,1,
write,write,,,video_medium,polyglot,9,tsinghua_v_0109_r09.mp4,13091522,0.110308,1,
write,write,,,video_medium,pg_bytea,9,tsinghua_v_0109_r09.mp4,13091522,0.340109,1,
write,write,,,video_medium,polyglot,9,tsinghua_v_0123_r09.mp4,13091522,0.135822,1,
write,write,,,video_medium,pg_bytea,9,tsinghua_v_0123_r09.mp4,13091522,0.471793,1,
write,write,,,video_medium,mongo_gridfs,9,tsinghua_v_0123_r09.mp4,13091522,0.104779,1,
write,write,,,video_medium,mongo_gridfs,9,tsinghua_v_0130_r09.mp4,13091522,0.099494,1,
write,write,,,video_medium,pg_bytea,9,tsinghua_v_0130_r09.mp4,13091522,0.325659,1,
write,write,,,video_medium,polyglot,9,tsinghua_v_0130_r09.mp4,13091522,0.115161,1,
write,write,,,video_medium,mongo_gridfs,9,tsinghua_v_0135_r09.mp4,13091522,0.099750,1,
write,write,,,video_medium,polyglot,9,tsinghua_v_0135_r09.mp4,13091522,0.149677,1,
write,write,,,video_medium,pg_bytea,9,tsinghua_v_0135_r09.mp4,13091522,0.344052,1,
write,write,,,video_medium,mongo_gridfs,9,tsinghua_v_0137_r09.mp4,13091522,0.111606,1,
write,write,,,video_medium,polyglot,9,tsinghua_v_0137_r09.mp4,13091522,0.161937,1,
write,write,,,video_medium,pg_bytea,9,tsinghua_v_0137_r09.mp4,13091522,0.636315,1,
write,write,,,video_medium,polyglot,9,tsinghua_v_0140_r09.mp4,13091522,0.115972,1,
write,write,,,video_medium,pg_bytea,9,tsinghua_v_0140_r09.mp4,13091522,0.326832,1,
write,write,,,video_medium,mongo_gridfs,9,tsinghua_v_0140_r09.mp4,13091522,0.100749,1,
write,write,,,video_medium,mongo_gridfs,9,tsinghua_v_0151_r09.mp4,13091522,0.101332,1,
write,write,,,video_medium,pg_bytea,9,tsinghua_v_0151_r09.mp4,13091522,0.333763,1,
write,write,,,video_medium,polyglot,9,tsinghua_v_0151_r09.mp4,13091522,0.212759,1,
write,write,,,video_medium,pg_bytea,9,tsinghua_v_0157_r09.mp4,13091522,0.303185,1,
write,write,,,video_medium,mongo_gridfs,9,tsinghua_v_0157_r09.mp4,13091522,0.108478,1,
write,write,,,video_medium,polyglot,9,tsinghua_v_0157_r09.mp4,13091522,0.123636,1,
write,write,,,video_medium,polyglot,9,tsinghua_v_0209_r09.mp4,13091522,0.158693,1,
write,write,,,video_medium,pg_bytea,9,tsinghua_v_0209_r09.mp4,13091522,0.334482,1,
write,write,,,video_medium,mongo_gridfs,9,tsinghua_v_0209_r09.mp4,13091522,0.103141,1,
write,write,,,video_medium,pg_bytea,9,tsinghua_v_0226_r09.mp4,13091522,0.526662,1,
write,write,,,video_medium,mongo_gridfs,9,tsinghua_v_0226_r09.mp4,13091522,0.097845,1,
write,write,,,video_medium,polyglot,9,tsinghua_v_0226_r09.mp4,13091522,0.099816,1,
write,write,,,video_medium,pg_bytea,9,tsinghua_v_0236_r09.mp4,13091522,0.619856,1,
write,write,,,video_medium,mongo_gridfs,9,tsinghua_v_0236_r09.mp4,13091522,0.109733,1,
write,write,,,video_medium,polyglot,9,tsinghua_v_0236_r09.mp4,13091522,0.121463,1,
write,write,,,video_medium,pg_bytea,9,tsinghua_v_0274_r09.mp4,13091522,0.335153,1,
write,write,,,video_medium,polyglot,9,tsinghua_v_0274_r09.mp4,13091522,0.096949,1,
write,write,,,video_medium,mongo_gridfs,9,tsinghua_v_0274_r09.mp4,13091522,0.097977,1,
write,write,,,video_medium,polyglot,9,tsinghua_v_0280_r09.mp4,13091522,0.122179,1,
write,write,,,video_medium,pg_bytea,9,tsinghua_v_0280_r09.mp4,13091522,1.147873,1,
write,write,,,video_medium,mongo_gridfs,9,tsinghua_v_0280_r09.mp4,13091522,0.101506,1,
write,write,,,video_medium,polyglot,9,tsinghua_v_0302_r09.mp4,13091522,0.143023,1,
write,write,,,video_medium,pg_bytea,9,tsinghua_v_0302_r09.mp4,13091522,0.363217,1,
write,write,,,video_medium,mongo_gridfs,9,tsinghua_v_0302_r09.mp4,13091522,0.099587,1,
write,write,,,video_medium,pg_bytea,9,tsinghua_v_0311_r09.mp4,13091522,1.106403,1,
write,write,,,video_medium,polyglot,9,tsinghua_v_0311_r09.mp4,13091522,0.101117,1,
write,write,,,video_medium,mongo_gridfs,9,tsinghua_v_0311_r09.mp4,13091522,0.105525,1,
write,write,,,video_medium,pg_bytea,9,tsinghua_v_0316_r09.mp4,13091522,0.316472,1,
write,write,,,video_medium,mongo_gridfs,9,tsinghua_v_0316_r09.mp4,13091522,0.100292,1,
write,write,,,video_medium,polyglot,9,tsinghua_v_0316_r09.mp4,13091522,0.110013,1,
write,write,,,video_medium,polyglot,9,tsinghua_v_0319_r09.mp4,13091522,0.111641,1,
write,write,,,video_medium,mongo_gridfs,9,tsinghua_v_0319_r09.mp4,13091522,0.101423,1,
write,write,,,video_medium,pg_bytea,9,tsinghua_v_0319_r09.mp4,13091522,0.480163,1,
write,write,,,video_medium,pg_bytea,9,tsinghua_v_0321_r09.mp4,13091522,0.400105,1,
write,write,,,video_medium,mongo_gridfs,9,tsinghua_v_0321_r09.mp4,13091522,0.100358,1,
write,write,,,video_medium,polyglot,9,tsinghua_v_0321_r09.mp4,13091522,0.103777,1,
write,write,,,video_medium,mongo_gridfs,9,tsinghua_v_0331_r09.mp4,13091522,0.109763,1,
write,write,,,video_medium,pg_bytea,9,tsinghua_v_0331_r09.mp4,13091522,0.433989,1,
write,write,,,video_medium,polyglot,9,tsinghua_v_0331_r09.mp4,13091522,0.101915,1,
write,write,,,video_medium,pg_bytea,9,tsinghua_v_0345_r09.mp4,13091522,0.391577,1,
write,write,,,video_medium,polyglot,9,tsinghua_v_0345_r09.mp4,13091522,0.163604,1,
write,write,,,video_medium,mongo_gridfs,9,tsinghua_v_0345_r09.mp4,13091522,0.100853,1,
write,write,,,video_medium,pg_bytea,9,tsinghua_v_0356_r09.mp4,13091522,0.456392,1,
write,write,,,video_medium,polyglot,9,tsinghua_v_0356_r09.mp4,13091522,0.357715,1,
write,write,,,video_medium,mongo_gridfs,9,tsinghua_v_0356_r09.mp4,13091522,0.097043,1,
write,write,,,video_medium,mongo_gridfs,9,tsinghua_v_0357_r09.mp4,13091522,0.113208,1,
write,write,,,video_medium,pg_bytea,9,tsinghua_v_0357_r09.mp4,13091522,1.489823,1,
write,write,,,video_medium,polyglot,9,tsinghua_v_0357_r09.mp4,13091522,3.021621,1,
write,write,,,video_medium,pg_bytea,9,tsinghua_v_0379_r09.mp4,13091522,0.717425,1,
write,write,,,video_medium,mongo_gridfs,9,tsinghua_v_0379_r09.mp4,13091522,0.099908,1,
write,write,,,video_medium,polyglot,9,tsinghua_v_0379_r09.mp4,13091522,0.600194,1,
write,write,,,video_medium,pg_bytea,9,tsinghua_v_0393_r09.mp4,13091522,0.429651,1,
write,write,,,video_medium,mongo_gridfs,9,tsinghua_v_0393_r09.mp4,13091522,0.104159,1,
write,write,,,video_medium,polyglot,9,tsinghua_v_0393_r09.mp4,13091522,0.104208,1,
write,write,,,video_medium,polyglot,9,tsinghua_v_0421_r09.mp4,13091522,0.107447,1,
write,write,,,video_medium,mongo_gridfs,9,tsinghua_v_0421_r09.mp4,13091522,0.110130,1,
write,write,,,video_medium,pg_bytea,9,tsinghua_v_0421_r09.mp4,13091522,0.360580,1,
write,write,,,video_medium,pg_bytea,9,tsinghua_v_0424_r09.mp4,13091522,0.331084,1,
write,write,,,video_medium,polyglot,9,tsinghua_v_0424_r09.mp4,13091522,0.165552,1,
write,write,,,video_medium,mongo_gridfs,9,tsinghua_v_0424_r09.mp4,13091522,0.101755,1,
write,write,,,video_medium,polyglot,9,tsinghua_v_0427_r09.mp4,13091522,0.108178,1,
write,write,,,video_medium,pg_bytea,9,tsinghua_v_0427_r09.mp4,13091522,0.423905,1,
write,write,,,video_medium,mongo_gridfs,9,tsinghua_v_0427_r09.mp4,13091522,0.103570,1,
write,write,,,video_medium,mongo_gridfs,9,tsinghua_v_0431_r09.mp4,13091522,0.106938,1,
write,write,,,video_medium,pg_bytea,9,tsinghua_v_0431_r09.mp4,13091522,0.503109,1,
write,write,,,video_medium,polyglot,9,tsinghua_v_0431_r09.mp4,13091522,0.548444,1,
write,write,,,video_medium,polyglot,9,tsinghua_v_0452_r09.mp4,13091522,0.127271,1,
write,write,,,video_medium,pg_bytea,9,tsinghua_v_0452_r09.mp4,13091522,0.318502,1,
write,write,,,video_medium,mongo_gridfs,9,tsinghua_v_0452_r09.mp4,13091522,0.113943,1,
write,write,,,video_medium,mongo_gridfs,9,tsinghua_v_0454_r09.mp4,13091522,0.113786,1,
write,write,,,video_medium,polyglot,9,tsinghua_v_0454_r09.mp4,13091522,0.104299,1,
write,write,,,video_medium,pg_bytea,9,tsinghua_v_0454_r09.mp4,13091522,0.341087,1,
write,write,,,video_medium,polyglot,9,tsinghua_v_0457_r09.mp4,13091522,0.115390,1,
write,write,,,video_medium,mongo_gridfs,9,tsinghua_v_0457_r09.mp4,13091522,0.123204,1,
write,write,,,video_medium,pg_bytea,9,tsinghua_v_0457_r09.mp4,13091522,0.686257,1,
write,write,,,video_medium,polyglot,9,tsinghua_v_0466_r09.mp4,13091522,0.102764,1,
write,write,,,video_medium,mongo_gridfs,9,tsinghua_v_0466_r09.mp4,13091522,0.100262,1,
write,write,,,video_medium,pg_bytea,9,tsinghua_v_0466_r09.mp4,13091522,0.445208,1,
write,write,,,video_medium,pg_bytea,9,tsinghua_v_0471_r09.mp4,13091522,0.308773,1,
write,write,,,video_medium,polyglot,9,tsinghua_v_0471_r09.mp4,13091522,0.108796,1,
write,write,,,video_medium,mongo_gridfs,9,tsinghua_v_0471_r09.mp4,13091522,0.115187,1,
write,write,,,video_medium,polyglot,9,tsinghua_v_0472_r09.mp4,13091522,0.101654,1,
write,write,,,video_medium,pg_bytea,9,tsinghua_v_0472_r09.mp4,13091522,0.857915,1,
write,write,,,video_medium,mongo_gridfs,9,tsinghua_v_0472_r09.mp4,13091522,0.100253,1,
write,write,,,video_medium,mongo_gridfs,9,tsinghua_v_0494_r09.mp4,13091522,0.119538,1,
write,write,,,video_medium,polyglot,9,tsinghua_v_0494_r09.mp4,13091522,0.177971,1,
write,write,,,video_medium,pg_bytea,9,tsinghua_v_0494_r09.mp4,13091522,0.562288,1,
write,write,,,video_medium,mongo_gridfs,9,tsinghua_v_0503_r09.mp4,13091522,0.098818,1,
write,write,,,video_medium,polyglot,9,tsinghua_v_0503_r09.mp4,13091522,0.119977,1,
write,write,,,video_medium,pg_bytea,9,tsinghua_v_0503_r09.mp4,13091522,0.344251,1,
write,write,,,video_medium,mongo_gridfs,9,tsinghua_v_0509_r09.mp4,13091522,0.100375,1,
write,write,,,video_medium,polyglot,9,tsinghua_v_0509_r09.mp4,13091522,0.125326,1,
write,write,,,video_medium,pg_bytea,9,tsinghua_v_0509_r09.mp4,13091522,0.346670,1,
write,write,,,video_medium,pg_bytea,9,tsinghua_v_0523_r09.mp4,13091522,1.198297,1,
write,write,,,video_medium,polyglot,9,tsinghua_v_0523_r09.mp4,13091522,0.104089,1,
write,write,,,video_medium,mongo_gridfs,9,tsinghua_v_0523_r09.mp4,13091522,0.108688,1,
write,write,,,video_medium,polyglot,9,tsinghua_v_0546_r09.mp4,13091522,0.115659,1,
write,write,,,video_medium,pg_bytea,9,tsinghua_v_0546_r09.mp4,13091522,0.348654,1,
write,write,,,video_medium,mongo_gridfs,9,tsinghua_v_0546_r09.mp4,13091522,0.118102,1,
write,write,,,video_medium,pg_bytea,9,tsinghua_v_0568_r09.mp4,13091522,0.339057,1,
write,write,,,video_medium,mongo_gridfs,9,tsinghua_v_0568_r09.mp4,13091522,0.107638,1,
write,write,,,video_medium,polyglot,9,tsinghua_v_0568_r09.mp4,13091522,0.316396,1,
write,write,,,video_medium,polyglot,9,tsinghua_v_0594_r09.mp4,13091522,0.219069,1,
write,write,,,video_medium,pg_bytea,9,tsinghua_v_0594_r09.mp4,13091522,0.330333,1,
write,write,,,video_medium,mongo_gridfs,9,tsinghua_v_0594_r09.mp4,13091522,0.116530,1,
write,write,,,video_medium,polyglot,9,tsinghua_v_0596_r09.mp4,13091522,0.611587,1,
write,write,,,video_medium,pg_bytea,9,tsinghua_v_0596_r09.mp4,13091522,0.337663,1,
write,write,,,video_medium,mongo_gridfs,9,tsinghua_v_0596_r09.mp4,13091522,0.105583,1,
write,write,,,video_medium,pg_bytea,9,tsinghua_v_0635_r09.mp4,13091522,0.574934,1,
write,write,,,video_medium,polyglot,9,tsinghua_v_0635_r09.mp4,13091522,0.104272,1,
write,write,,,video_medium,mongo_gridfs,9,tsinghua_v_0635_r09.mp4,13091522,0.107437,1,
write,write,,,video_medium,mongo_gridfs,9,tsinghua_v_0653_r09.mp4,13091522,0.139998,1,
write,write,,,video_medium,pg_bytea,9,tsinghua_v_0653_r09.mp4,13091522,0.708732,1,
write,write,,,video_medium,polyglot,9,tsinghua_v_0653_r09.mp4,13091522,0.102128,1,
write,write,,,video_medium,pg_bytea,9,tsinghua_v_0667_r09.mp4,13091522,0.339114,1,
write,write,,,video_medium,polyglot,9,tsinghua_v_0667_r09.mp4,13091522,0.111395,1,
write,write,,,video_medium,mongo_gridfs,9,tsinghua_v_0667_r09.mp4,13091522,0.096252,1,
write,write,,,video_medium,mongo_gridfs,9,tsinghua_v_0673_r09.mp4,13091522,0.102513,1,
write,write,,,video_medium,pg_bytea,9,tsinghua_v_0673_r09.mp4,13091522,0.330897,1,
write,write,,,video_medium,polyglot,9,tsinghua_v_0673_r09.mp4,13091522,0.115451,1,
write,write,,,video_medium,pg_bytea,9,tsinghua_v_0681_r09.mp4,13091522,0.516782,1,
write,write,,,video_medium,mongo_gridfs,9,tsinghua_v_0681_r09.mp4,13091522,0.119616,1,
write,write,,,video_medium,polyglot,9,tsinghua_v_0681_r09.mp4,13091522,0.129696,1,
write,write,,,video_medium,polyglot,9,tsinghua_v_0690_r09.mp4,13091522,0.141670,1,
write,write,,,video_medium,pg_bytea,9,tsinghua_v_0690_r09.mp4,13091522,0.388080,1,
write,write,,,video_medium,mongo_gridfs,9,tsinghua_v_0690_r09.mp4,13091522,0.105269,1,
write,write,,,video_medium,pg_bytea,9,tsinghua_v_0692_r09.mp4,13091522,0.311389,1,
write,write,,,video_medium,polyglot,9,tsinghua_v_0692_r09.mp4,13091522,0.485991,1,
write,write,,,video_medium,mongo_gridfs,9,tsinghua_v_0692_r09.mp4,13091522,0.109714,1,
write,write,,,video_medium,mongo_gridfs,9,tsinghua_v_0696_r09.mp4,13091522,0.097106,1,
write,write,,,video_medium,polyglot,9,tsinghua_v_0696_r09.mp4,13091522,0.470698,1,
write,write,,,video_medium,pg_bytea,9,tsinghua_v_0696_r09.mp4,13091522,0.509441,1,
write,write,,,video_medium,polyglot,9,tsinghua_v_0734_r09.mp4,13091522,0.127677,1,
write,write,,,video_medium,mongo_gridfs,9,tsinghua_v_0734_r09.mp4,13091522,0.108670,1,
write,write,,,video_medium,pg_bytea,9,tsinghua_v_0734_r09.mp4,13091522,0.529220,1,
write,write,,,video_medium,polyglot,9,tsinghua_v_0737_r09.mp4,13091522,0.162644,1,
write,write,,,video_medium,pg_bytea,9,tsinghua_v_0737_r09.mp4,13091522,0.388475,1,
write,write,,,video_medium,mongo_gridfs,9,tsinghua_v_0737_r09.mp4,13091522,0.102777,1,
write,write,,,video_medium,pg_bytea,9,tsinghua_v_0744_r09.mp4,13091522,1.759011,1,
write,write,,,video_medium,polyglot,9,tsinghua_v_0744_r09.mp4,13091522,0.123133,1,
write,write,,,video_medium,mongo_gridfs,9,tsinghua_v_0744_r09.mp4,13091522,0.101876,1,
write,write,,,video_medium,polyglot,9,tsinghua_v_0745_r09.mp4,13091522,0.107825,1,
write,write,,,video_medium,pg_bytea,9,tsinghua_v_0745_r09.mp4,13091522,0.894343,1,
write,write,,,video_medium,mongo_gridfs,9,tsinghua_v_0745_r09.mp4,13091522,0.100861,1,
write,write,,,video_medium,mongo_gridfs,9,tsinghua_v_0769_r09.mp4,13091522,0.107996,1,
write,write,,,video_medium,pg_bytea,9,tsinghua_v_0769_r09.mp4,13091522,0.602165,1,
write,write,,,video_medium,polyglot,9,tsinghua_v_0769_r09.mp4,13091522,0.103250,1,
write,write,,,video_medium,pg_bytea,9,tsinghua_v_0791_r09.mp4,13091522,0.348583,1,
write,write,,,video_medium,mongo_gridfs,9,tsinghua_v_0791_r09.mp4,13091522,0.129707,1,
write,write,,,video_medium,polyglot,9,tsinghua_v_0791_r09.mp4,13091522,1.017926,1,
write,write,,,video_medium,pg_bytea,9,tsinghua_v_0792_r09.mp4,13091522,0.363785,1,
write,write,,,video_medium,mongo_gridfs,9,tsinghua_v_0792_r09.mp4,13091522,0.114676,1,
write,write,,,video_medium,polyglot,9,tsinghua_v_0792_r09.mp4,13091522,0.405592,1,
write,write,,,video_medium,mongo_gridfs,9,tsinghua_v_0857_r09.mp4,13091522,0.105988,1,
write,write,,,video_medium,pg_bytea,9,tsinghua_v_0857_r09.mp4,13091522,0.692535,1,
write,write,,,video_medium,polyglot,9,tsinghua_v_0857_r09.mp4,13091522,0.131561,1,
write,write,,,video_medium,mongo_gridfs,9,tsinghua_v_0866_r09.mp4,13091522,0.101698,1,
write,write,,,video_medium,pg_bytea,9,tsinghua_v_0866_r09.mp4,13091522,0.365510,1,
write,write,,,video_medium,polyglot,9,tsinghua_v_0866_r09.mp4,13091522,0.109264,1,
write,write,,,video_medium,polyglot,9,tsinghua_v_0880_r09.mp4,13091522,0.100358,1,
write,write,,,video_medium,mongo_gridfs,9,tsinghua_v_0880_r09.mp4,13091522,0.122432,1,
write,write,,,video_medium,pg_bytea,9,tsinghua_v_0880_r09.mp4,13091522,0.332546,1,
write,write,,,video_medium,polyglot,9,tsinghua_v_0888_r09.mp4,13091522,0.298930,1,
write,write,,,video_medium,pg_bytea,9,tsinghua_v_0888_r09.mp4,13091522,0.325060,1,
write,write,,,video_medium,mongo_gridfs,9,tsinghua_v_0888_r09.mp4,13091522,0.101067,1,
write,write,,,video_medium,mongo_gridfs,9,tsinghua_v_0901_r09.mp4,13091522,0.114565,1,
write,write,,,video_medium,pg_bytea,9,tsinghua_v_0901_r09.mp4,13091522,0.484012,1,
write,write,,,video_medium,polyglot,9,tsinghua_v_0901_r09.mp4,13091522,0.103931,1,
write,write,,,video_medium,mongo_gridfs,9,tsinghua_v_0937_r09.mp4,13091522,0.112485,1,
write,write,,,video_medium,pg_bytea,9,tsinghua_v_0937_r09.mp4,13091522,0.703688,1,
write,write,,,video_medium,polyglot,9,tsinghua_v_0937_r09.mp4,13091522,0.295329,1,
write,write,,,video_medium,polyglot,9,tsinghua_v_0939_r09.mp4,13091522,0.149410,1,
write,write,,,video_medium,pg_bytea,9,tsinghua_v_0939_r09.mp4,13091522,0.326617,1,
write,write,,,video_medium,mongo_gridfs,9,tsinghua_v_0939_r09.mp4,13091522,0.122166,1,
write,write,,,video_medium,pg_bytea,9,tsinghua_v_0961_r09.mp4,13091522,0.995062,1,
write,write,,,video_medium,polyglot,9,tsinghua_v_0961_r09.mp4,13091522,0.095558,1,
write,write,,,video_medium,mongo_gridfs,9,tsinghua_v_0961_r09.mp4,13091522,0.101959,1,
write,write,,,video_medium,polyglot,9,tsinghua_v_0977_r09.mp4,13091522,0.142068,1,
write,write,,,video_medium,mongo_gridfs,9,tsinghua_v_0977_r09.mp4,13091522,0.113391,1,
write,write,,,video_medium,pg_bytea,9,tsinghua_v_0977_r09.mp4,13091522,0.344784,1,
query,metadata_only,2,2,,pg_bytea,0,,,0.003337,60,
query,metadata_only,2,2,,polyglot,0,,,0.020686,60,
query,metadata_only,2,2,,mongo_gridfs,0,,,0.068968,60,
query,metadata_only,2,1,,mongo_gridfs,0,,,0.007485,20,
query,metadata_only,2,1,,pg_bytea,0,,,0.001220,20,
query,metadata_only,2,1,,polyglot,0,,,0.001391,20,
query,metadata_only,1,2,,polyglot,0,,,0.000911,30,
query,metadata_only,1,2,,mongo_gridfs,0,,,0.003088,30,
query,metadata_only,1,2,,pg_bytea,0,,,0.000915,30,
query,metadata_only,2,4,,pg_bytea,0,,,0.000770,20,
query,metadata_only,2,4,,polyglot,0,,,0.000835,20,
query,metadata_only,2,4,,mongo_gridfs,0,,,0.003065,20,
query,metadata_only,1,4,,polyglot,0,,,0.000741,10,
query,metadata_only,1,4,,pg_bytea,0,,,0.000869,10,
query,metadata_only,1,4,,mongo_gridfs,0,,,0.003696,10,
query,metadata_only,1,5,,polyglot,0,,,0.001033,10,
query,metadata_only,1,5,,mongo_gridfs,0,,,0.002463,10,
query,metadata_only,1,5,,pg_bytea,0,,,0.000490,10,
query,metadata_only,2,5,,pg_bytea,0,,,0.001141,20,
query,metadata_only,2,5,,polyglot,0,,,0.000542,20,
query,metadata_only,2,5,,mongo_gridfs,0,,,0.003066,20,
query,metadata_only,1,3,,pg_bytea,0,,,0.000955,30,
query,metadata_only,1,3,,mongo_gridfs,0,,,0.002853,30,
query,metadata_only,1,3,,polyglot,0,,,0.003560,30,
query,metadata_only,1,1,,polyglot,0,,,0.001651,60,
query,metadata_only,1,1,,pg_bytea,0,,,0.000783,60,
query,metadata_only,1,1,,mongo_gridfs,0,,,0.004593,60,
query,metadata_only,2,3,,pg_bytea,0,,,0.002174,20,
query,metadata_only,2,3,,mongo_gridfs,0,,,0.003702,20,
query,metadata_only,2,3,,polyglot,0,,,0.001012,20,
query,metadata_only,1,5,,pg_bytea,1,,,0.000766,10,
query,metadata_only,1,5,,polyglot,1,,,0.000817,10,
query,metadata_only,1,5,,mongo_gridfs,1,,,0.002905,10,
query,metadata_only,1,4,,polyglot,1,,,0.001115,10,
query,metadata_only,1,4,,mongo_gridfs,1,,,0.002640,10,
query,metadata_only,1,4,,pg_bytea,1,,,0.000438,10,
query,metadata_only,2,3,,polyglot,1,,,0.000398,20,
query,metadata_only,2,3,,mongo_gridfs,1,,,0.002089,20,
query,metadata_only,2,3,,pg_bytea,1,,,0.000609,20,
query,metadata_only,2,4,,pg_bytea,1,,,0.000435,20,
query,metadata_only,2,4,,polyglot,1,,,0.000555,20,
query,metadata_only,2,4,,mongo_gridfs,1,,,0.001944,20,
query,metadata_only,1,1,,mongo_gridfs,1,,,0.002137,60,
query,metadata_only,1,1,,polyglot,1,,,0.000438,60,
query,metadata_only,1,1,,pg_bytea,1,,,0.000634,60,
query,metadata_only,1,2,,mongo_gridfs,1,,,0.001963,30,
query,metadata_only,1,2,,polyglot,1,,,0.000413,30,
query,metadata_only,1,2,,pg_bytea,1,,,0.000350,30,
query,metadata_only,2,2,,polyglot,1,,,0.000338,60,
query,metadata_only,2,2,,mongo_gridfs,1,,,0.001975,60,
query,metadata_only,2,2,,pg_bytea,1,,,0.000511,60,
query,metadata_only,2,5,,mongo_gridfs,1,,,0.002260,20,
query,metadata_only,2,5,,polyglot,1,,,0.000543,20,
query,metadata_only,2,5,,pg_bytea,1,,,0.000346,20,
query,metadata_only,1,3,,polyglot,1,,,0.000350,30,
query,metadata_only,1,3,,pg_bytea,1,,,0.000336,30,
query,metadata_only,1,3,,mongo_gridfs,1,,,0.001884,30,
query,metadata_only,2,1,,polyglot,1,,,0.000355,20,
query,metadata_only,2,1,,mongo_gridfs,1,,,0.001988,20,
query,metadata_only,2,1,,pg_bytea,1,,,0.000374,20,
query,metadata_only,2,1,,pg_bytea,2,,,0.000343,20,
query,metadata_only,2,1,,mongo_gridfs,2,,,0.002005,20,
query,metadata_only,2,1,,polyglot,2,,,0.000420,20,
query,metadata_only,1,1,,polyglot,2,,,0.000386,60,
query,metadata_only,1,1,,pg_bytea,2,,,0.000351,60,
query,metadata_only,1,1,,mongo_gridfs,2,,,0.001971,60,
query,metadata_only,2,4,,mongo_gridfs,2,,,0.001883,20,
query,metadata_only,2,4,,polyglot,2,,,0.000395,20,
query,metadata_only,2,4,,pg_bytea,2,,,0.000354,20,
query,metadata_only,1,3,,mongo_gridfs,2,,,0.002108,30,
query,metadata_only,1,3,,polyglot,2,,,0.000371,30,
query,metadata_only,1,3,,pg_bytea,2,,,0.000347,30,
query,metadata_only,2,3,,pg_bytea,2,,,0.000330,20,
query,metadata_only,2,3,,polyglot,2,,,0.000330,20,
query,metadata_only,2,3,,mongo_gridfs,2,,,0.001854,20,
query,metadata_only,2,5,,polyglot,2,,,0.000365,20,
query,metadata_only,2,5,,mongo_gridfs,2,,,0.001848,20,
query,metadata_only,2,5,,pg_bytea,2,,,0.000357,20,
query,metadata_only,1,2,,mongo_gridfs,2,,,0.001895,30,
query,metadata_only,1,2,,polyglot,2,,,0.000341,30,
query,metadata_only,1,2,,pg_bytea,2,,,0.000364,30,
query,metadata_only,1,5,,mongo_gridfs,2,,,0.001827,10,
query,metadata_only,1,5,,pg_bytea,2,,,0.000375,10,
query,metadata_only,1,5,,polyglot,2,,,0.000353,10,
query,metadata_only,2,2,,polyglot,2,,,0.000420,60,
query,metadata_only,2,2,,pg_bytea,2,,,0.000382,60,
query,metadata_only,2,2,,mongo_gridfs,2,,,0.001792,60,
query,metadata_only,1,4,,mongo_gridfs,2,,,0.001822,10,
query,metadata_only,1,4,,pg_bytea,2,,,0.000380,10,
query,metadata_only,1,4,,polyglot,2,,,0.000326,10,
query,metadata_only,1,5,,mongo_gridfs,3,,,0.002183,10,
query,metadata_only,1,5,,pg_bytea,3,,,0.000349,10,
query,metadata_only,1,5,,polyglot,3,,,0.000308,10,
query,metadata_only,2,3,,mongo_gridfs,3,,,0.001895,20,
query,metadata_only,2,3,,pg_bytea,3,,,0.000361,20,
query,metadata_only,2,3,,polyglot,3,,,0.000333,20,
query,metadata_only,1,3,,mongo_gridfs,3,,,0.001769,30,
query,metadata_only,1,3,,pg_bytea,3,,,0.000355,30,
query,metadata_only,1,3,,polyglot,3,,,0.000329,30,
query,metadata_only,1,2,,pg_bytea,3,,,0.000358,30,
query,metadata_only,1,2,,polyglot,3,,,0.000325,30,
query,metadata_only,1,2,,mongo_gridfs,3,,,0.001829,30,
query,metadata_only,1,4,,mongo_gridfs,3,,,0.001742,10,
query,metadata_only,1,4,,pg_bytea,3,,,0.000376,10,
query,metadata_only,1,4,,polyglot,3,,,0.000333,10,
query,metadata_only,2,4,,mongo_gridfs,3,,,0.001766,20,
query,metadata_only,2,4,,polyglot,3,,,0.000353,20,
query,metadata_only,2,4,,pg_bytea,3,,,0.000338,20,
query,metadata_only,2,1,,pg_bytea,3,,,0.000372,20,
query,metadata_only,2,1,,mongo_gridfs,3,,,0.001793,20,
query,metadata_only,2,1,,polyglot,3,,,0.000342,20,
query,metadata_only,2,5,,mongo_gridfs,3,,,0.001882,20,
query,metadata_only,2,5,,polyglot,3,,,0.000372,20,
query,metadata_only,2,5,,pg_bytea,3,,,0.000388,20,
query,metadata_only,2,2,,pg_bytea,3,,,0.000356,60,
query,metadata_only,2,2,,polyglot,3,,,0.000347,60,
query,metadata_only,2,2,,mongo_gridfs,3,,,0.001821,60,
query,metadata_only,1,1,,polyglot,3,,,0.000382,60,
query,metadata_only,1,1,,mongo_gridfs,3,,,0.001776,60,
query,metadata_only,1,1,,pg_bytea,3,,,0.000381,60,
query,metadata_only,1,1,,pg_bytea,4,,,0.000376,60,
query,metadata_only,1,1,,polyglot,4,,,0.000348,60,
query,metadata_only,1,1,,mongo_gridfs,4,,,0.001769,60,
query,metadata_only,2,5,,mongo_gridfs,4,,,0.001783,20,
query,metadata_only,2,5,,polyglot,4,,,0.000351,20,
query,metadata_only,2,5,,pg_bytea,4,,,0.000331,20,
query,metadata_only,1,3,,mongo_gridfs,4,,,0.001767,30,
query,metadata_only,1,3,,pg_bytea,4,,,0.000356,30,
query,metadata_only,1,3,,polyglot,4,,,0.000353,30,
query,metadata_only,2,2,,pg_bytea,4,,,0.000327,60,
query,metadata_only,2,2,,mongo_gridfs,4,,,0.001796,60,
query,metadata_only,2,2,,polyglot,4,,,0.000399,60,
query,metadata_only,1,4,,polyglot,4,,,0.000342,10,
query,metadata_only,1,4,,mongo_gridfs,4,,,0.001766,10,
query,metadata_only,1,4,,pg_bytea,4,,,0.000341,10,
query,metadata_only,2,3,,mongo_gridfs,4,,,0.001712,20,
query,metadata_only,2,3,,polyglot,4,,,0.000385,20,
query,metadata_only,2,3,,pg_bytea,4,,,0.000315,20,
query,metadata_only,1,2,,polyglot,4,,,0.000362,30,
query,metadata_only,1,2,,mongo_gridfs,4,,,0.001734,30,
query,metadata_only,1,2,,pg_bytea,4,,,0.000347,30,
query,metadata_only,2,1,,polyglot,4,,,0.000407,20,
query,metadata_only,2,1,,mongo_gridfs,4,,,0.002073,20,
query,metadata_only,2,1,,pg_bytea,4,,,0.000344,20,
query,metadata_only,2,4,,pg_bytea,4,,,0.000349,20,
query,metadata_only,2,4,,polyglot,4,,,0.000327,20,
query,metadata_only,2,4,,mongo_gridfs,4,,,0.001792,20,
query,metadata_only,1,5,,polyglot,4,,,0.000333,10,
query,metadata_only,1,5,,mongo_gridfs,4,,,0.001750,10,
query,metadata_only,1,5,,pg_bytea,4,,,0.000350,10,
query,metadata_only,2,3,,pg_bytea,5,,,0.000371,20,
query,metadata_only,2,3,,polyglot,5,,,0.000326,20,
query,metadata_only,2,3,,mongo_gridfs,5,,,0.001894,20,
query,metadata_only,2,1,,polyglot,5,,,0.000361,20,
query,metadata_only,2,1,,mongo_gridfs,5,,,0.001796,20,
query,metadata_only,2,1,,pg_bytea,5,,,0.000360,20,
query,metadata_only,2,5,,pg_bytea,5,,,0.000320,20,
query,metadata_only,2,5,,polyglot,5,,,0.000348,20,
query,metadata_only,2,5,,mongo_gridfs,5,,,0.001776,20,
query,metadata_only,2,2,,mongo_gridfs,5,,,0.001758,60,
query,metadata_only,2,2,,pg_bytea,5,,,0.000373,60,
query,metadata_only,2,2,,polyglot,5,,,0.000378,60,
query,metadata_only,1,4,,mongo_gridfs,5,,,0.001827,10,
query,metadata_only,1,4,,pg_bytea,5,,,0.000359,10,
query,metadata_only,1,4,,polyglot,5,,,0.000338,10,
query,metadata_only,2,4,,pg_bytea,5,,,0.000359,20,
query,metadata_only,2,4,,polyglot,5,,,0.000326,20,
query,metadata_only,2,4,,mongo_gridfs,5,,,0.001888,20,
query,metadata_only,1,5,,mongo_gridfs,5,,,0.001858,10,
query,metadata_only,1,5,,pg_bytea,5,,,0.000386,10,
query,metadata_only,1,5,,polyglot,5,,,0.000339,10,
query,metadata_only,1,2,,pg_bytea,5,,,0.000322,30,
query,metadata_only,1,2,,polyglot,5,,,0.000330,30,
query,metadata_only,1,2,,mongo_gridfs,5,,,0.002079,30,
query,metadata_only,1,1,,polyglot,5,,,0.000369,60,
query,metadata_only,1,1,,pg_bytea,5,,,0.000333,60,
query,metadata_only,1,1,,mongo_gridfs,5,,,0.001873,60,
query,metadata_only,1,3,,polyglot,5,,,0.000374,30,
query,metadata_only,1,3,,pg_bytea,5,,,0.000338,30,
query,metadata_only,1,3,,mongo_gridfs,5,,,0.001839,30,
query,metadata_only,1,3,,mongo_gridfs,6,,,0.001850,30,
query,metadata_only,1,3,,polyglot,6,,,0.000408,30,
query,metadata_only,1,3,,pg_bytea,6,,,0.000342,30,
query,metadata_only,2,3,,mongo_gridfs,6,,,0.001929,20,
query,metadata_only,2,3,,pg_bytea,6,,,0.000366,20,
query,metadata_only,2,3,,polyglot,6,,,0.000363,20,
query,metadata_only,1,1,,pg_bytea,6,,,0.000360,60,
query,metadata_only,1,1,,polyglot,6,,,0.000343,60,
query,metadata_only,1,1,,mongo_gridfs,6,,,0.001926,60,
query,metadata_only,2,2,,polyglot,6,,,0.000351,60,
query,metadata_only,2,2,,mongo_gridfs,6,,,0.001980,60,
query,metadata_only,2,2,,pg_bytea,6,,,0.000392,60,
query,metadata_only,2,4,,polyglot,6,,,0.000349,20,
query,metadata_only,2,4,,mongo_gridfs,6,,,0.001899,20,
query,metadata_only,2,4,,pg_bytea,6,,,0.000349,20,
query,metadata_only,1,5,,mongo_gridfs,6,,,0.001846,10,
query,metadata_only,1,5,,polyglot,6,,,0.000355,10,
query,metadata_only,1,5,,pg_bytea,6,,,0.000319,10,
query,metadata_only,2,5,,mongo_gridfs,6,,,0.001848,20,
query,metadata_only,2,5,,polyglot,6,,,0.000350,20,
query,metadata_only,2,5,,pg_bytea,6,,,0.000333,20,
query,metadata_only,2,1,,polyglot,6,,,0.000433,20,
query,metadata_only,2,1,,mongo_gridfs,6,,,0.001987,20,
query,metadata_only,2,1,,pg_bytea,6,,,0.000343,20,
query,metadata_only,1,4,,mongo_gridfs,6,,,0.001808,10,
query,metadata_only,1,4,,pg_bytea,6,,,0.000329,10,
query,metadata_only,1,4,,polyglot,6,,,0.000326,10,
query,metadata_only,1,2,,mongo_gridfs,6,,,0.001944,30,
query,metadata_only,1,2,,pg_bytea,6,,,0.000360,30,
query,metadata_only,1,2,,polyglot,6,,,0.000339,30,
query,metadata_only,1,1,,mongo_gridfs,7,,,0.001934,60,
query,metadata_only,1,1,,pg_bytea,7,,,0.000411,60,
query,metadata_only,1,1,,polyglot,7,,,0.000359,60,
query,metadata_only,2,5,,polyglot,7,,,0.000351,20,
query,metadata_only,2,5,,pg_bytea,7,,,0.000347,20,
query,metadata_only,2,5,,mongo_gridfs,7,,,0.002153,20,
query,metadata_only,2,3,,polyglot,7,,,0.000445,20,
query,metadata_only,2,3,,mongo_gridfs,7,,,0.002093,20,
query,metadata_only,2,3,,pg_bytea,7,,,0.000385,20,
query,metadata_only,2,2,,polyglot,7,,,0.000406,60,
query,metadata_only,2,2,,pg_bytea,7,,,0.000360,60,
query,metadata_only,2,2,,mongo_gridfs,7,,,0.001926,60,
query,metadata_only,2,1,,pg_bytea,7,,,0.000404,20,
query,metadata_only,2,1,,mongo_gridfs,7,,,0.001848,20,
query,metadata_only,2,1,,polyglot,7,,,0.000450,20,
query,metadata_only,1,2,,pg_bytea,7,,,0.000338,30,
query,metadata_only,1,2,,polyglot,7,,,0.000326,30,
query,metadata_only,1,2,,mongo_gridfs,7,,,0.001837,30,
query,metadata_only,1,3,,pg_bytea,7,,,0.000338,30,
query,metadata_only,1,3,,polyglot,7,,,0.000366,30,
query,metadata_only,1,3,,mongo_gridfs,7,,,0.001858,30,
query,metadata_only,2,4,,mongo_gridfs,7,,,0.001800,20,
query,metadata_only,2,4,,pg_bytea,7,,,0.000341,20,
query,metadata_only,2,4,,polyglot,7,,,0.000332,20,
query,metadata_only,1,4,,pg_bytea,7,,,0.000312,10,
query,metadata_only,1,4,,mongo_gridfs,7,,,0.001837,10,
query,metadata_only,1,4,,polyglot,7,,,0.000347,10,
query,metadata_only,1,5,,polyglot,7,,,0.000320,10,
query,metadata_only,1,5,,pg_bytea,7,,,0.000350,10,
query,metadata_only,1,5,,mongo_gridfs,7,,,0.001819,10,
query,metadata_only,2,3,,polyglot,8,,,0.000347,20,
query,metadata_only,2,3,,mongo_gridfs,8,,,0.001747,20,
query,metadata_only,2,3,,pg_bytea,8,,,0.000383,20,
query,metadata_only,2,4,,polyglot,8,,,0.000349,20,
query,metadata_only,2,4,,mongo_gridfs,8,,,0.001779,20,
query,metadata_only,2,4,,pg_bytea,8,,,0.000321,20,
query,metadata_only,1,5,,mongo_gridfs,8,,,0.001788,10,
query,metadata_only,1,5,,pg_bytea,8,,,0.000356,10,
query,metadata_only,1,5,,polyglot,8,,,0.000315,10,
query,metadata_only,1,3,,pg_bytea,8,,,0.000344,30,
query,metadata_only,1,3,,mongo_gridfs,8,,,0.001861,30,
query,metadata_only,1,3,,polyglot,8,,,0.000351,30,
query,metadata_only,2,5,,pg_bytea,8,,,0.000359,20,
query,metadata_only,2,5,,mongo_gridfs,8,,,0.001870,20,
query,metadata_only,2,5,,polyglot,8,,,0.000345,20,
query,metadata_only,1,4,,mongo_gridfs,8,,,0.001823,10,
query,metadata_only,1,4,,polyglot,8,,,0.000338,10,
query,metadata_only,1,4,,pg_bytea,8,,,0.000319,10,
query,metadata_only,2,1,,pg_bytea,8,,,0.000355,20,
query,metadata_only,2,1,,polyglot,8,,,0.000528,20,
query,metadata_only,2,1,,mongo_gridfs,8,,,0.001998,20,
query,metadata_only,1,2,,polyglot,8,,,0.000433,30,
query,metadata_only,1,2,,mongo_gridfs,8,,,0.001879,30,
query,metadata_only,1,2,,pg_bytea,8,,,0.000345,30,
query,metadata_only,1,1,,pg_bytea,8,,,0.000345,60,
query,metadata_only,1,1,,mongo_gridfs,8,,,0.001864,60,
query,metadata_only,1,1,,polyglot,8,,,0.000403,60,
query,metadata_only,2,2,,pg_bytea,8,,,0.000347,60,
query,metadata_only,2,2,,mongo_gridfs,8,,,0.001857,60,
query,metadata_only,2,2,,polyglot,8,,,0.000344,60,
query,metadata_only,2,3,,pg_bytea,9,,,0.000338,20,
query,metadata_only,2,3,,mongo_gridfs,9,,,0.001802,20,
query,metadata_only,2,3,,polyglot,9,,,0.000338,20,
query,metadata_only,2,1,,pg_bytea,9,,,0.000339,20,
query,metadata_only,2,1,,mongo_gridfs,9,,,0.001806,20,
query,metadata_only,2,1,,polyglot,9,,,0.000324,20,
query,metadata_only,2,2,,pg_bytea,9,,,0.000352,60,
query,metadata_only,2,2,,mongo_gridfs,9,,,0.001824,60,
query,metadata_only,2,2,,polyglot,9,,,0.000339,60,
query,metadata_only,1,4,,mongo_gridfs,9,,,0.001784,10,
query,metadata_only,1,4,,polyglot,9,,,0.000359,10,
query,metadata_only,1,4,,pg_bytea,9,,,0.000357,10,
query,metadata_only,1,2,,pg_bytea,9,,,0.000388,30,
query,metadata_only,1,2,,polyglot,9,,,0.000324,30,
query,metadata_only,1,2,,mongo_gridfs,9,,,0.001777,30,
query,metadata_only,1,1,,mongo_gridfs,9,,,0.001714,60,
query,metadata_only,1,1,,polyglot,9,,,0.000333,60,
query,metadata_only,1,1,,pg_bytea,9,,,0.000323,60,
query,metadata_only,1,5,,pg_bytea,9,,,0.000343,10,
query,metadata_only,1,5,,mongo_gridfs,9,,,0.001757,10,
query,metadata_only,1,5,,polyglot,9,,,0.000343,10,
query,metadata_only,2,4,,polyglot,9,,,0.000320,20,
query,metadata_only,2,4,,mongo_gridfs,9,,,0.001794,20,
query,metadata_only,2,4,,pg_bytea,9,,,0.000375,20,
query,metadata_only,2,5,,mongo_gridfs,9,,,0.001792,20,
query,metadata_only,2,5,,pg_bytea,9,,,0.000367,20,
query,metadata_only,2,5,,polyglot,9,,,0.000338,20,
query,metadata_only,1,3,,pg_bytea,9,,,0.000310,30,
query,metadata_only,1,3,,polyglot,9,,,0.000318,30,
query,metadata_only,1,3,,mongo_gridfs,9,,,0.001832,30,
read,end_to_end,1,2,,mongo_gridfs,0,,,0.922657,30,True
read,end_to_end,1,2,,pg_bytea,0,,,2.259100,30,True
read,end_to_end,1,2,,polyglot,0,,,0.745327,30,True
read,end_to_end,2,1,,mongo_gridfs,0,,,0.135154,20,True
read,end_to_end,2,1,,polyglot,0,,,0.149275,20,True
read,end_to_end,2,1,,pg_bytea,0,,,0.361614,20,True
read,end_to_end,2,4,,mongo_gridfs,0,,,0.863113,20,True
read,end_to_end,2,4,,polyglot,0,,,0.498898,20,True
read,end_to_end,2,4,,pg_bytea,0,,,1.245949,20,True
read,end_to_end,1,3,,pg_bytea,0,,,0.941746,30,True
read,end_to_end,1,3,,mongo_gridfs,0,,,0.552092,30,True
read,end_to_end,1,3,,polyglot,0,,,0.524247,30,True
read,end_to_end,2,5,,pg_bytea,0,,,0.090913,20,True
read,end_to_end,2,5,,mongo_gridfs,0,,,0.070169,20,True
read,end_to_end,2,5,,polyglot,0,,,0.066642,20,True
read,end_to_end,1,4,,mongo_gridfs,0,,,0.039409,10,True
read,end_to_end,1,4,,pg_bytea,0,,,0.045566,10,True
read,end_to_end,1,4,,polyglot,0,,,0.037448,10,True
read,end_to_end,2,3,,mongo_gridfs,0,,,0.105157,20,True
read,end_to_end,2,3,,pg_bytea,0,,,0.128046,20,True
read,end_to_end,2,3,,polyglot,0,,,0.096220,20,True
read,end_to_end,1,5,,polyglot,0,,,0.034860,10,True
read,end_to_end,1,5,,pg_bytea,0,,,0.043272,10,True
read,end_to_end,1,5,,mongo_gridfs,0,,,0.035500,10,True
read,end_to_end,1,1,,pg_bytea,0,,,11.173860,60,True
read,end_to_end,1,1,,polyglot,0,,,12.774242,60,True
read,end_to_end,1,1,,mongo_gridfs,0,,,4.878839,60,True
read,end_to_end,2,2,,mongo_gridfs,0,,,4.459618,60,True
read,end_to_end,2,2,,polyglot,0,,,4.159459,60,True
read,end_to_end,2,2,,pg_bytea,0,,,13.215254,60,True
read,end_to_end,2,5,,polyglot,1,,,0.428398,20,True
read,end_to_end,2,5,,mongo_gridfs,1,,,0.298268,20,True
read,end_to_end,2,5,,pg_bytea,1,,,0.552093,20,True
read,end_to_end,2,1,,polyglot,1,,,0.477953,20,True
read,end_to_end,2,1,,mongo_gridfs,1,,,0.517796,20,True
read,end_to_end,2,1,,pg_bytea,1,,,0.532621,20,True
read,end_to_end,2,2,,mongo_gridfs,1,,,4.619995,60,True
read,end_to_end,2,2,,polyglot,1,,,3.026481,60,True
read,end_to_end,2,2,,pg_bytea,1,,,5.546850,60,True
read,end_to_end,2,4,,polyglot,1,,,1.636893,20,True
read,end_to_end,2,4,,mongo_gridfs,1,,,1.479218,20,True
read,end_to_end,2,4,,pg_bytea,1,,,3.040326,20,True
read,end_to_end,1,2,,pg_bytea,1,,,0.806975,30,True
read,end_to_end,1,2,,polyglot,1,,,0.612474,30,True
read,end_to_end,1,2,,mongo_gridfs,1,,,0.550008,30,True
read,end_to_end,2,3,,mongo_gridfs,1,,,0.117241,20,True
read,end_to_end,2,3,,polyglot,1,,,0.107322,20,True
read,end_to_end,2,3,,pg_bytea,1,,,0.136871,20,True
read,end_to_end,1,5,,polyglot,1,,,0.036471,10,True
read,end_to_end,1,5,,mongo_gridfs,1,,,0.035533,10,True
read,end_to_end,1,5,,pg_bytea,1,,,0.044732,10,True
read,end_to_end,1,3,,mongo_gridfs,1,,,0.632242,30,True
read,end_to_end,1,3,,pg_bytea,1,,,0.799942,30,True
read,end_to_end,1,3,,polyglot,1,,,0.512902,30,True
read,end_to_end,1,1,,mongo_gridfs,1,,,5.558110,60,True
read,end_to_end,1,1,,pg_bytea,1,,,9.728616,60,True
read,end_to_end,1,1,,polyglot,1,,,7.323374,60,True
read,end_to_end,1,4,,pg_bytea,1,,,0.057283,10,True
read,end_to_end,1,4,,mongo_gridfs,1,,,0.040410,10,True
read,end_to_end,1,4,,polyglot,1,,,0.033968,10,True
read,end_to_end,1,1,,mongo_gridfs,2,,,4.058215,60,True
read,end_to_end,1,1,,polyglot,2,,,3.669524,60,True
read,end_to_end,1,1,,pg_bytea,2,,,6.252646,60,True
read,end_to_end,1,3,,polyglot,2,,,0.762406,30,True
read,end_to_end,1,3,,mongo_gridfs,2,,,0.648425,30,True
read,end_to_end,1,3,,pg_bytea,2,,,0.881994,30,True
read,end_to_end,1,2,,pg_bytea,2,,,0.804411,30,True
read,end_to_end,1,2,,polyglot,2,,,1.380892,30,True
read,end_to_end,1,2,,mongo_gridfs,2,,,0.849387,30,True
read,end_to_end,2,1,,pg_bytea,2,,,0.132910,20,True
read,end_to_end,2,1,,mongo_gridfs,2,,,0.137183,20,True
read,end_to_end,2,1,,polyglot,2,,,0.101091,20,True
read,end_to_end,2,3,,polyglot,2,,,0.096773,20,True
read,end_to_end,2,3,,mongo_gridfs,2,,,0.103529,20,True
read,end_to_end,2,3,,pg_bytea,2,,,0.108277,20,True
read,end_to_end,2,2,,mongo_gridfs,2,,,3.857935,60,True
read,end_to_end,2,2,,pg_bytea,2,,,8.722223,60,True
read,end_to_end,2,2,,polyglot,2,,,4.020836,60,True
read,end_to_end,1,4,,mongo_gridfs,2,,,0.053174,10,True
read,end_to_end,1,4,,pg_bytea,2,,,0.047549,10,True
read,end_to_end,1,4,,polyglot,2,,,0.037479,10,True
read,end_to_end,1,5,,pg_bytea,2,,,0.041066,10,True
read,end_to_end,1,5,,polyglot,2,,,0.037987,10,True
read,end_to_end,1,5,,mongo_gridfs,2,,,0.035475,10,True
read,end_to_end,2,5,,pg_bytea,2,,,0.075753,20,True
read,end_to_end,2,5,,mongo_gridfs,2,,,0.072755,20,True
read,end_to_end,2,5,,polyglot,2,,,0.065839,20,True
read,end_to_end,2,4,,polyglot,2,,,0.476979,20,True
read,end_to_end,2,4,,mongo_gridfs,2,,,0.463407,20,True
read,end_to_end,2,4,,pg_bytea,2,,,0.738749,20,True
read,end_to_end,1,5,,polyglot,3,,,0.028472,10,True
read,end_to_end,1,5,,pg_bytea,3,,,0.038826,10,True
read,end_to_end,1,5,,mongo_gridfs,3,,,0.027258,10,True
read,end_to_end,1,4,,mongo_gridfs,3,,,0.028783,10,True
read,end_to_end,1,4,,pg_bytea,3,,,0.039208,10,True
read,end_to_end,1,4,,polyglot,3,,,0.029045,10,True
read,end_to_end,1,2,,mongo_gridfs,3,,,0.495622,30,True
read,end_to_end,1,2,,polyglot,3,,,0.482516,30,True
read,end_to_end,1,2,,pg_bytea,3,,,0.830006,30,True
read,end_to_end,2,4,,mongo_gridfs,3,,,0.313375,20,True
read,end_to_end,2,4,,polyglot,3,,,0.317202,20,True
read,end_to_end,2,4,,pg_bytea,3,,,0.586129,20,True
read,end_to_end,1,3,,pg_bytea,3,,,0.891752,30,True
read,end_to_end,1,3,,mongo_gridfs,3,,,0.666175,30,True
read,end_to_end,1,3,,polyglot,3,,,0.556881,30,True
read,end_to_end,2,1,,pg_bytea,3,,,0.291102,20,True
read,end_to_end,2,1,,polyglot,3,,,0.075377,20,True
read,end_to_end,2,1,,mongo_gridfs,3,,,0.080409,20,True
read,end_to_end,1,1,,pg_bytea,3,,,8.397007,60,True
read,end_to_end,1,1,,mongo_gridfs,3,,,4.707149,60,True
read,end_to_end,1,1,,polyglot,3,,,4.541511,60,True
read,end_to_end,2,2,,mongo_gridfs,3,,,3.553840,60,True
read,end_to_end,2,2,,pg_bytea,3,,,6.378820,60,True
read,end_to_end,2,2,,polyglot,3,,,3.659248,60,True
read,end_to_end,2,5,,pg_bytea,3,,,0.091986,20,True
read,end_to_end,2,5,,polyglot,3,,,0.073794,20,True
read,end_to_end,2,5,,mongo_gridfs,3,,,0.064915,20,True
read,end_to_end,2,3,,pg_bytea,3,,,0.113714,20,True
read,end_to_end,2,3,,polyglot,3,,,0.104346,20,True
read,end_to_end,2,3,,mongo_gridfs,3,,,0.108073,20,True
read,end_to_end,2,5,,mongo_gridfs,4,,,0.050539,20,True
read,end_to_end,2,5,,pg_bytea,4,,,0.070036,20,True
read,end_to_end,2,5,,polyglot,4,,,0.048771,20,True
read,end_to_end,1,3,,mongo_gridfs,4,,,0.513701,30,True
read,end_to_end,1,3,,pg_bytea,4,,,0.875643,30,True
read,end_to_end,1,3,,polyglot,4,,,0.525807,30,True
read,end_to_end,1,2,,mongo_gridfs,4,,,0.484217,30,True
read,end_to_end,1,2,,pg_bytea,4,,,0.757317,30,True
read,end_to_end,1,2,,polyglot,4,,,0.509313,30,True
read,end_to_end,2,1,,pg_bytea,4,,,0.113622,20,True
read,end_to_end,2,1,,mongo_gridfs,4,,,0.098672,20,True
read,end_to_end,2,1,,polyglot,4,,,0.084547,20,True
read,end_to_end,2,4,,polyglot,4,,,0.416083,20,True
read,end_to_end,2,4,,mongo_gridfs,4,,,0.471762,20,True
read,end_to_end,2,4,,pg_bytea,4,,,1.305404,20,True
read,end_to_end,1,4,,pg_bytea,4,,,0.108338,10,True
read,end_to_end,1,4,,mongo_gridfs,4,,,0.066512,10,True
read,end_to_end,1,4,,polyglot,4,,,0.067711,10,True
read,end_to_end,2,3,,polyglot,4,,,0.088108,20,True
read,end_to_end,2,3,,mongo_gridfs,4,,,0.071363,20,True
read,end_to_end,2,3,,pg_bytea,4,,,0.102009,20,True
read,end_to_end,1,5,,polyglot,4,,,0.071747,10,True
read,end_to_end,1,5,,pg_bytea,4,,,0.101300,10,True
read,end_to_end,1,5,,mongo_gridfs,4,,,0.059886,10,True
read,end_to_end,1,1,,mongo_gridfs,4,,,4.373636,60,True
read,end_to_end,1,1,,polyglot,4,,,3.236187,60,True
read,end_to_end,1,1,,pg_bytea,4,,,7.298232,60,True
read,end_to_end,2,2,,pg_bytea,4,,,7.019713,60,True
read,end_to_end,2,2,,mongo_gridfs,4,,,3.623144,60,True
read,end_to_end,2,2,,polyglot,4,,,3.950813,60,True
read,end_to_end,1,3,,pg_bytea,5,,,0.915828,30,True
read,end_to_end,1,3,,mongo_gridfs,5,,,0.869161,30,True
read,end_to_end,1,3,,polyglot,5,,,0.677774,30,True
read,end_to_end,1,1,,polyglot,5,,,6.288859,60,True
read,end_to_end,1,1,,pg_bytea,5,,,8.451358,60,True
read,end_to_end,1,1,,mongo_gridfs,5,,,4.997829,60,True
read,end_to_end,2,5,,pg_bytea,5,,,0.179939,20,True
read,end_to_end,2,5,,polyglot,5,,,0.194594,20,True
read,end_to_end,2,5,,mongo_gridfs,5,,,0.188975,20,True
read,end_to_end,2,1,,pg_bytea,5,,,0.330900,20,True
read,end_to_end,2,1,,mongo_gridfs,5,,,0.296074,20,True
read,end_to_end,2,1,,polyglot,5,,,0.422932,20,True
read,end_to_end,1,2,,mongo_gridfs,5,,,0.996201,30,True
read,end_to_end,1,2,,polyglot,5,,,0.886305,30,True
read,end_to_end,1,2,,pg_bytea,5,,,1.225502,30,True
read,end_to_end,1,5,,pg_bytea,5,,,0.042087,10,True
read,end_to_end,1,5,,polyglot,5,,,0.031531,10,True
read,end_to_end,1,5,,mongo_gridfs,5,,,0.032969,10,True
read,end_to_end,2,3,,pg_bytea,5,,,0.107869,20,True
read,end_to_end,2,3,,mongo_gridfs,5,,,0.093563,20,True
read,end_to_end,2,3,,polyglot,5,,,0.090761,20,True
read,end_to_end,1,4,,pg_bytea,5,,,0.043402,10,True
read,end_to_end,1,4,,polyglot,5,,,0.044781,10,True
read,end_to_end,1,4,,mongo_gridfs,5,,,0.035777,10,True
read,end_to_end,2,2,,polyglot,5,,,3.987650,60,True
read,end_to_end,2,2,,mongo_gridfs,5,,,3.574968,60,True
read,end_to_end,2,2,,pg_bytea,5,,,6.608603,60,True
read,end_to_end,2,4,,mongo_gridfs,5,,,0.594323,20,True
read,end_to_end,2,4,,pg_bytea,5,,,0.860181,20,True
read,end_to_end,2,4,,polyglot,5,,,0.474819,20,True
read,end_to_end,2,4,,pg_bytea,6,,,0.725242,20,True
read,end_to_end,2,4,,polyglot,6,,,0.357928,20,True
read,end_to_end,2,4,,mongo_gridfs,6,,,0.369433,20,True
read,end_to_end,1,2,,polyglot,6,,,0.705631,30,True
read,end_to_end,1,2,,mongo_gridfs,6,,,0.661730,30,True
read,end_to_end,1,2,,pg_bytea,6,,,0.980410,30,True
read,end_to_end,2,1,,mongo_gridfs,6,,,0.132999,20,True
read,end_to_end,2,1,,polyglot,6,,,0.107281,20,True
read,end_to_end,2,1,,pg_bytea,6,,,0.124280,20,True
read,end_to_end,1,5,,pg_bytea,6,,,0.044210,10,True
read,end_to_end,1,5,,polyglot,6,,,0.042995,10,True
read,end_to_end,1,5,,mongo_gridfs,6,,,0.037942,10,True
read,end_to_end,2,3,,mongo_gridfs,6,,,0.109693,20,True
read,end_to_end,2,3,,pg_bytea,6,,,0.129698,20,True
read,end_to_end,2,3,,polyglot,6,,,0.118324,20,True
read,end_to_end,1,3,,mongo_gridfs,6,,,0.643419,30,True
read,end_to_end,1,3,,pg_bytea,6,,,0.904186,30,True
read,end_to_end,1,3,,polyglot,6,,,0.592925,30,True
read,end_to_end,1,4,,mongo_gridfs,6,,,0.049344,10,True
read,end_to_end,1,4,,polyglot,6,,,0.042273,10,True
read,end_to_end,1,4,,pg_bytea,6,,,0.063161,10,True
read,end_to_end,2,2,,mongo_gridfs,6,,,3.359720,60,True
read,end_to_end,2,2,,pg_bytea,6,,,7.079984,60,True
read,end_to_end,2,2,,polyglot,6,,,4.665359,60,True
read,end_to_end,2,5,,mongo_gridfs,6,,,0.090533,20,True
read,end_to_end,2,5,,polyglot,6,,,0.077086,20,True
read,end_to_end,2,5,,pg_bytea,6,,,0.079105,20,True
read,end_to_end,1,1,,mongo_gridfs,6,,,4.814821,60,True
read,end_to_end,1,1,,pg_bytea,6,,,12.677477,60,True
read,end_to_end,1,1,,polyglot,6,,,12.802520,60,True
read,end_to_end,1,1,,mongo_gridfs,7,,,3.629674,60,True
read,end_to_end,1,1,,pg_bytea,7,,,6.288394,60,True
read,end_to_end,1,1,,polyglot,7,,,3.603972,60,True
read,end_to_end,2,5,,pg_bytea,7,,,0.094371,20,True
read,end_to_end,2,5,,mongo_gridfs,7,,,0.083174,20,True
read,end_to_end,2,5,,polyglot,7,,,0.073993,20,True
read,end_to_end,2,4,,pg_bytea,7,,,0.784755,20,True
read,end_to_end,2,4,,mongo_gridfs,7,,,0.581685,20,True
read,end_to_end,2,4,,polyglot,7,,,0.504664,20,True
read,end_to_end,1,3,,pg_bytea,7,,,0.848739,30,True
read,end_to_end,1,3,,mongo_gridfs,7,,,0.699730,30,True
read,end_to_end,1,3,,polyglot,7,,,0.622178,30,True
read,end_to_end,2,2,,mongo_gridfs,7,,,4.571240,60,True
read,end_to_end,2,2,,polyglot,7,,,3.961749,60,True
read,end_to_end,2,2,,pg_bytea,7,,,7.950232,60,True
read,end_to_end,1,5,,pg_bytea,7,,,0.126388,10,True
read,end_to_end,1,5,,polyglot,7,,,0.086786,10,True
read,end_to_end,1,5,,mongo_gridfs,7,,,0.063906,10,True
read,end_to_end,2,1,,pg_bytea,7,,,0.245549,20,True
read,end_to_end,2,1,,polyglot,7,,,0.314228,20,True
read,end_to_end,2,1,,mongo_gridfs,7,,,0.231416,20,True
read,end_to_end,1,4,,pg_bytea,7,,,0.134223,10,True
read,end_to_end,1,4,,polyglot,7,,,0.058994,10,True
read,end_to_end,1,4,,mongo_gridfs,7,,,0.045192,10,True
read,end_to_end,2,3,,mongo_gridfs,7,,,0.146548,20,True
read,end_to_end,2,3,,pg_bytea,7,,,0.134412,20,True
read,end_to_end,2,3,,polyglot,7,,,0.126903,20,True
read,end_to_end,1,2,,mongo_gridfs,7,,,0.687171,30,True
read,end_to_end,1,2,,polyglot,7,,,0.643720,30,True
read,end_to_end,1,2,,pg_bytea,7,,,0.928250,30,True
read,end_to_end,2,3,,mongo_gridfs,8,,,0.075087,20,True
read,end_to_end,2,3,,polyglot,8,,,0.070819,20,True
read,end_to_end,2,3,,pg_bytea,8,,,0.121022,20,True
read,end_to_end,2,1,,polyglot,8,,,0.068164,20,True
read,end_to_end,2,1,,mongo_gridfs,8,,,0.065307,20,True
read,end_to_end,2,1,,pg_bytea,8,,,0.103358,20,True
read,end_to_end,1,2,,polyglot,8,,,0.335088,30,True
read,end_to_end,1,2,,mongo_gridfs,8,,,0.330041,30,True
read,end_to_end,1,2,,pg_bytea,8,,,0.641179,30,True
read,end_to_end,1,5,,mongo_gridfs,8,,,0.029540,10,True
read,end_to_end,1,5,,polyglot,8,,,0.025049,10,True
read,end_to_end,1,5,,pg_bytea,8,,,0.037627,10,True
read,end_to_end,2,4,,polyglot,8,,,0.465886,20,True
read,end_to_end,2,4,,pg_bytea,8,,,0.781247,20,True
read,end_to_end,2,4,,mongo_gridfs,8,,,0.488463,20,True
read,end_to_end,1,4,,mongo_gridfs,8,,,0.034436,10,True
read,end_to_end,1,4,,pg_bytea,8,,,0.041271,10,True
read,end_to_end,1,4,,polyglot,8,,,0.034692,10,True
read,end_to_end,2,2,,polyglot,8,,,3.283322,60,True
read,end_to_end,2,2,,pg_bytea,8,,,7.196912,60,True
read,end_to_end,2,2,,mongo_gridfs,8,,,4.469866,60,True
read,end_to_end,1,1,,polyglot,8,,,4.400167,60,True
read,end_to_end,1,1,,pg_bytea,8,,,8.659847,60,True
read,end_to_end,1,1,,mongo_gridfs,8,,,6.549393,60,True
read,end_to_end,1,3,,mongo_gridfs,8,,,0.616079,30,True
read,end_to_end,1,3,,pg_bytea,8,,,0.987712,30,True
read,end_to_end,1,3,,polyglot,8,,,0.620321,30,True
read,end_to_end,2,5,,pg_bytea,8,,,0.101611,20,True
read,end_to_end,2,5,,mongo_gridfs,8,,,0.088549,20,True
read,end_to_end,2,5,,polyglot,8,,,0.081028,20,True
read,end_to_end,2,1,,mongo_gridfs,9,,,0.115487,20,True
read,end_to_end,2,1,,pg_bytea,9,,,0.120878,20,True
read,end_to_end,2,1,,polyglot,9,,,0.098471,20,True
read,end_to_end,1,3,,pg_bytea,9,,,0.676613,30,True
read,end_to_end,1,3,,polyglot,9,,,0.356472,30,True
read,end_to_end,1,3,,mongo_gridfs,9,,,0.371546,30,True
read,end_to_end,2,5,,polyglot,9,,,0.053721,20,True
read,end_to_end,2,5,,mongo_gridfs,9,,,0.048330,20,True
read,end_to_end,2,5,,pg_bytea,9,,,0.073694,20,True
read,end_to_end,1,5,,pg_bytea,9,,,0.049615,10,True
read,end_to_end,1,5,,mongo_gridfs,9,,,0.044649,10,True
read,end_to_end,1,5,,polyglot,9,,,0.033851,10,True
read,end_to_end,2,3,,mongo_gridfs,9,,,0.107847,20,True
read,end_to_end,2,3,,polyglot,9,,,0.104066,20,True
read,end_to_end,2,3,,pg_bytea,9,,,0.121174,20,True
read,end_to_end,2,2,,mongo_gridfs,9,,,3.639680,60,True
read,end_to_end,2,2,,polyglot,9,,,4.634703,60,True
read,end_to_end,2,2,,pg_bytea,9,,,9.243560,60,True
read,end_to_end,1,2,,pg_bytea,9,,,1.037422,30,True
read,end_to_end,1,2,,polyglot,9,,,0.665899,30,True
read,end_to_end,1,2,,mongo_gridfs,9,,,0.534506,30,True
read,end_to_end,2,4,,polyglot,9,,,0.434575,20,True
read,end_to_end,2,4,,mongo_gridfs,9,,,0.475557,20,True
read,end_to_end,2,4,,pg_bytea,9,,,0.734446,20,True
read,end_to_end,1,1,,polyglot,9,,,4.475723,60,True
read,end_to_end,1,1,,mongo_gridfs,9,,,4.385327,60,True
read,end_to_end,1,1,,pg_bytea,9,,,8.219404,60,True
read,end_to_end,1,4,,pg_bytea,9,,,0.167577,10,True
read,end_to_end,1,4,,polyglot,9,,,0.069081,10,True
read,end_to_end,1,4,,mongo_gridfs,9,,,0.053719,10,True
