phase,query_type,actor,emotion,bucket,approach,rep,stored_name,filesize_bytes,elapsed_seconds,n_files,checksum_ok
write,write,,,audio_small,polyglot,0,03-01-01-01-01-02-19_r00.wav,375720,0.057653,1,
write,write,,,audio_small,mongo_gridfs,0,03-01-01-01-01-02-19_r00.wav,375720,0.009132,1,
write,write,,,audio_small,pg_bytea,0,03-01-01-01-01-02-19_r00.wav,375720,0.015806,1,
write,write,,,audio_small,polyglot,0,03-01-01-01-02-02-05_r00.wav,396294,0.006175,1,
write,write,,,audio_small,mongo_gridfs,0,03-01-01-01-02-02-05_r00.wav,396294,0.005644,1,
write,write,,,audio_small,pg_bytea,0,03-01-01-01-02-02-05_r00.wav,396294,0.012685,1,
write,write,,,audio_small,pg_bytea,0,03-01-01-01-02-02-06_r00.wav,363108,0.011508,1,
write,write,,,audio_small,polyglot,0,03-01-01-01-02-02-06_r00.wav,363108,0.005293,1,
write,write,,,audio_small,mongo_gridfs,0,03-01-01-01-02-02-06_r00.wav,363108,0.004228,1,
write,write,,,audio_small,polyglot,0,03-01-01-01-02-02-07_r00.wav,363108,0.004361,1,
write,write,,,audio_small,pg_bytea,0,03-01-01-01-02-02-07_r00.wav,363108,0.011448,1,
write,write,,,audio_small,mongo_gridfs,0,03-01-01-01-02-02-07_r00.wav,363108,0.004590,1,
write,write,,,audio_small,mongo_gridfs,0,03-01-01-01-02-02-11_r00.wav,375720,0.003962,1,
write,write,,,audio_small,pg_bytea,0,03-01-01-01-02-02-11_r00.wav,375720,0.009502,1,
write,write,,,audio_small,polyglot,0,03-01-01-01-02-02-11_r00.wav,375720,0.004313,1,
write,write,,,audio_small,polyglot,0,03-01-01-01-02-02-12_r00.wav,372698,0.003755,1,
write,write,,,audio_small,pg_bytea,0,03-01-01-01-02-02-12_r00.wav,372698,0.008823,1,
write,write,,,audio_small,mongo_gridfs,0,03-01-01-01-02-02-12_r00.wav,372698,0.006095,1,
write,write,,,audio_small,pg_bytea,0,03-01-01-01-02-02-13_r00.wav,363108,0.012626,1,
write,write,,,audio_small,mongo_gridfs,0,03-01-01-01-02-02-13_r00.wav,363108,0.005143,1,
write,write,,,audio_small,polyglot,0,03-01-01-01-02-02-13_r00.wav,363108,0.004820,1,
write,write,,,audio_small,polyglot,0,03-01-01-02-01-02-05_r00.wav,393086,0.004824,1,
write,write,,,audio_small,pg_bytea,0,03-01-01-02-01-02-05_r00.wav,393086,0.014633,1,
write,write,,,audio_small,mongo_gridfs,0,03-01-01-02-01-02-05_r00.wav,393086,0.005868,1,
write,write,,,audio_small,mongo_gridfs,0,03-01-01-02-01-02-06_r00.wav,363108,0.011376,1,
write,write,,,audio_small,pg_bytea,0,03-01-01-02-01-02-06_r00.wav,363108,0.014610,1,
write,write,,,audio_small,polyglot,0,03-01-01-02-01-02-06_r00.wav,363108,0.006197,1,
write,write,,,audio_small,mongo_gridfs,0,03-01-01-02-01-02-07_r00.wav,372698,0.004687,1,
write,write,,,audio_small,polyglot,0,03-01-01-02-01-02-07_r00.wav,372698,0.004727,1,
write,write,,,audio_small,pg_bytea,0,03-01-01-02-01-02-07_r00.wav,372698,0.010631,1,
write,write,,,audio_small,pg_bytea,0,03-01-01-02-01-02-13_r00.wav,399494,0.011192,1,
write,write,,,audio_small,mongo_gridfs,0,03-01-01-02-01-02-13_r00.wav,399494,0.006578,1,
write,write,,,audio_small,polyglot,0,03-01-01-02-01-02-13_r00.wav,399494,0.005857,1,
write,write,,,audio_small,pg_bytea,0,03-01-01-02-02-02-19_r00.wav,372698,0.009403,1,
write,write,,,audio_small,polyglot,0,03-01-01-02-02-02-19_r00.wav,372698,0.005541,1,
write,write,,,audio_small,mongo_gridfs,0,03-01-01-02-02-02-19_r00.wav,372698,0.004723,1,
write,write,,,audio_small,mongo_gridfs,0,03-01-02-01-01-01-19_r00.wav,372698,0.004619,1,
write,write,,,audio_small,pg_bytea,0,03-01-02-01-01-01-19_r00.wav,372698,0.010208,1,
write,write,,,audio_small,polyglot,0,03-01-02-01-01-01-19_r00.wav,372698,0.005591,1,
write,write,,,audio_small,mongo_gridfs,0,03-01-02-01-02-01-06_r00.wav,363108,0.005366,1,
write,write,,,audio_small,pg_bytea,0,03-01-02-01-02-01-06_r00.wav,363108,0.009715,1,
write,write,,,audio_small,polyglot,0,03-01-02-01-02-01-06_r00.wav,363108,0.005493,1,
write,write,,,audio_small,mongo_gridfs,0,03-01-02-01-02-01-07_r00.wav,399494,0.006099,1,
write,write,,,audio_small,polyglot,0,03-01-02-01-02-01-07_r00.wav,399494,0.008885,1,
write,write,,,audio_small,pg_bytea,0,03-01-02-01-02-01-07_r00.wav,399494,0.010494,1,
write,write,,,audio_small,pg_bytea,0,03-01-02-01-02-01-11_r00.wav,375720,0.009571,1,
write,write,,,audio_small,polyglot,0,03-01-02-01-02-01-11_r00.wav,375720,0.005486,1,
write,write,,,audio_small,mongo_gridfs,0,03-01-02-01-02-01-11_r00.wav,375720,0.004518,1,
write,write,,,audio_small,polyglot,0,03-01-02-01-02-01-12_r00.wav,372698,0.004719,1,
write,write,,,audio_small,pg_bytea,0,03-01-02-01-02-01-12_r00.wav,372698,0.009414,1,
write,write,,,audio_small,mongo_gridfs,0,03-01-02-01-02-01-12_r00.wav,372698,0.005766,1,
write,write,,,audio_small,pg_bytea,0,03-01-02-01-02-01-13_r00.wav,379106,0.010034,1,
write,write,,,audio_small,polyglot,0,03-01-02-01-02-01-13_r00.wav,379106,0.006006,1,
write,write,,,audio_small,mongo_gridfs,0,03-01-02-01-02-01-13_r00.wav,379106,0.004673,1,
write,write,,,audio_small,polyglot,0,03-01-02-02-01-01-05_r00.wav,363108,0.004372,1,
write,write,,,audio_small,pg_bytea,0,03-01-02-02-01-01-05_r00.wav,363108,0.009494,1,
write,write,,,audio_small,mongo_gridfs,0,03-01-02-02-01-01-05_r00.wav,363108,0.005406,1,
write,write,,,audio_small,polyglot,0,03-01-02-02-01-01-11_r00.wav,363108,0.004882,1,
write,write,,,audio_small,pg_bytea,0,03-01-02-02-01-01-11_r00.wav,363108,0.009774,1,
write,write,,,audio_small,mongo_gridfs,0,03-01-02-02-01-01-11_r00.wav,363108,0.005979,1,
write,write,,,audio_small,mongo_gridfs,0,03-01-02-02-01-01-12_r00.wav,399494,0.006061,1,
write,write,,,audio_small,pg_bytea,0,03-01-02-02-01-01-12_r00.wav,399494,0.011409,1,
write,write,,,audio_small,polyglot,0,03-01-02-02-01-01-12_r00.wav,399494,0.006081,1,
write,write,,,audio_small,pg_bytea,0,03-01-02-02-01-01-13_r00.wav,399494,0.012884,1,
write,write,,,audio_small,mongo_gridfs,0,03-01-02-02-01-01-13_r00.wav,399494,0.006738,1,
write,write,,,audio_small,polyglot,0,03-01-02-02-01-01-13_r00.wav,399494,0.006388,1,
write,write,,,audio_small,pg_bytea,0,03-01-02-02-02-01-19_r00.wav,379106,0.010489,1,
write,write,,,audio_small,polyglot,0,03-01-02-02-02-01-19_r00.wav,379106,0.007034,1,
write,write,,,audio_small,mongo_gridfs,0,03-01-02-02-02-01-19_r00.wav,379106,0.004703,1,
write,write,,,audio_small,pg_bytea,0,03-01-03-01-01-02-05_r00.wav,396294,0.022899,1,
write,write,,,audio_small,mongo_gridfs,0,03-01-03-01-01-02-05_r00.wav,396294,0.006825,1,
write,write,,,audio_small,polyglot,0,03-01-03-01-01-02-05_r00.wav,396294,0.006671,1,
write,write,,,audio_small,pg_bytea,0,03-01-03-01-01-02-07_r00.wav,393086,0.010608,1,
write,write,,,audio_small,mongo_gridfs,0,03-01-03-01-01-02-07_r00.wav,393086,0.005990,1,
write,write,,,audio_small,polyglot,0,03-01-03-01-01-02-07_r00.wav,393086,0.005152,1,
write,write,,,audio_small,pg_bytea,0,03-01-03-01-01-02-12_r00.wav,399494,0.011902,1,
write,write,,,audio_small,mongo_gridfs,0,03-01-03-01-01-02-12_r00.wav,399494,0.006663,1,
write,write,,,audio_small,polyglot,0,03-01-03-01-01-02-12_r00.wav,399494,0.006026,1,
write,write,,,audio_small,polyglot,0,03-01-03-01-01-02-13_r00.wav,399494,0.005516,1,
write,write,,,audio_small,mongo_gridfs,0,03-01-03-01-01-02-13_r00.wav,399494,0.005257,1,
write,write,,,audio_small,pg_bytea,0,03-01-03-01-01-02-13_r00.wav,399494,0.013782,1,
write,write,,,audio_small,polyglot,0,03-01-03-01-02-02-18_r00.wav,393086,0.005079,1,
write,write,,,audio_small,pg_bytea,0,03-01-03-01-02-02-18_r00.wav,393086,0.010085,1,
write,write,,,audio_small,mongo_gridfs,0,03-01-03-01-02-02-18_r00.wav,393086,0.005074,1,
write,write,,,audio_small,pg_bytea,0,03-01-03-01-02-02-19_r00.wav,399494,0.010244,1,
write,write,,,audio_small,mongo_gridfs,0,03-01-03-01-02-02-19_r00.wav,399494,0.005093,1,
write,write,,,audio_small,polyglot,0,03-01-03-01-02-02-19_r00.wav,399494,0.004790,1,
write,write,,,audio_small,pg_bytea,0,03-01-03-02-01-02-18_r00.wav,396294,0.010000,1,
write,write,,,audio_small,mongo_gridfs,0,03-01-03-02-01-02-18_r00.wav,396294,0.006832,1,
write,write,,,audio_small,polyglot,0,03-01-03-02-01-02-18_r00.wav,396294,0.005942,1,
write,write,,,audio_small,mongo_gridfs,0,03-01-03-02-01-02-19_r00.wav,372698,0.004935,1,
write,write,,,audio_small,pg_bytea,0,03-01-03-02-01-02-19_r00.wav,372698,0.009501,1,
write,write,,,audio_small,polyglot,0,03-01-03-02-01-02-19_r00.wav,372698,0.005794,1,
write,write,,,audio_small,pg_bytea,0,03-01-03-02-02-02-04_r00.wav,379106,0.009771,1,
write,write,,,audio_small,polyglot,0,03-01-03-02-02-02-04_r00.wav,379106,0.005782,1,
write,write,,,audio_small,mongo_gridfs,0,03-01-03-02-02-02-04_r00.wav,379106,0.004882,1,
write,write,,,audio_small,pg_bytea,0,03-01-03-02-02-02-06_r00.wav,399494,0.010662,1,
write,write,,,audio_small,polyglot,0,03-01-03-02-02-02-06_r00.wav,399494,0.005829,1,
write,write,,,audio_small,mongo_gridfs,0,03-01-03-02-02-02-06_r00.wav,399494,0.004716,1,
write,write,,,audio_small,polyglot,0,03-01-03-02-02-02-07_r00.wav,393086,0.008963,1,
write,write,,,audio_small,pg_bytea,0,03-01-03-02-02-02-07_r00.wav,393086,0.010890,1,
write,write,,,audio_small,mongo_gridfs,0,03-01-03-02-02-02-07_r00.wav,393086,0.005096,1,
write,write,,,audio_small,pg_bytea,0,03-01-03-02-02-02-10_r00.wav,375720,0.012977,1,
write,write,,,audio_small,polyglot,0,03-01-03-02-02-02-10_r00.wav,375720,0.005635,1,
write,write,,,audio_small,mongo_gridfs,0,03-01-03-02-02-02-10_r00.wav,375720,0.004658,1,
write,write,,,audio_small,pg_bytea,0,03-01-03-02-02-02-11_r00.wav,396294,0.029548,1,
write,write,,,audio_small,mongo_gridfs,0,03-01-03-02-02-02-11_r00.wav,396294,0.005815,1,
write,write,,,audio_small,polyglot,0,03-01-03-02-02-02-11_r00.wav,396294,0.005141,1,
write,write,,,audio_small,mongo_gridfs,0,03-01-03-02-02-02-13_r00.wav,399494,0.004730,1,
write,write,,,audio_small,pg_bytea,0,03-01-03-02-02-02-13_r00.wav,399494,0.009916,1,
write,write,,,audio_small,polyglot,0,03-01-03-02-02-02-13_r00.wav,399494,0.005911,1,
write,write,,,audio_small,mongo_gridfs,0,03-01-04-01-01-02-01_r00.wav,396294,0.004487,1,
write,write,,,audio_small,pg_bytea,0,03-01-04-01-01-02-01_r00.wav,396294,0.009939,1,
write,write,,,audio_small,polyglot,0,03-01-04-01-01-02-01_r00.wav,396294,0.007513,1,
write,write,,,audio_small,pg_bytea,0,03-01-04-01-01-02-02_r00.wav,379106,0.010477,1,
write,write,,,audio_small,mongo_gridfs,0,03-01-04-01-01-02-02_r00.wav,379106,0.004427,1,
write,write,,,audio_small,polyglot,0,03-01-04-01-01-02-02_r00.wav,379106,0.004169,1,
write,write,,,audio_small,polyglot,0,03-01-04-01-01-02-16_r00.wav,379106,0.004374,1,
write,write,,,audio_small,pg_bytea,0,03-01-04-01-01-02-16_r00.wav,379106,0.008676,1,
write,write,,,audio_small,mongo_gridfs,0,03-01-04-01-01-02-16_r00.wav,379106,0.005848,1,
write,write,,,audio_small,mongo_gridfs,0,03-01-04-01-02-02-08_r00.wav,372698,0.004059,1,
write,write,,,audio_small,pg_bytea,0,03-01-04-01-02-02-08_r00.wav,372698,0.008841,1,
write,write,,,audio_small,polyglot,0,03-01-04-01-02-02-08_r00.wav,372698,0.004560,1,
write,write,,,audio_small,polyglot,0,03-01-04-01-02-02-09_r00.wav,363108,0.004293,1,
write,write,,,audio_small,pg_bytea,0,03-01-04-01-02-02-09_r00.wav,363108,0.009372,1,
write,write,,,audio_small,mongo_gridfs,0,03-01-04-01-02-02-09_r00.wav,363108,0.004499,1,
write,write,,,audio_small,pg_bytea,0,03-01-04-01-02-02-20_r00.wav,396294,0.010450,1,
write,write,,,audio_small,mongo_gridfs,0,03-01-04-01-02-02-20_r00.wav,396294,0.004325,1,
write,write,,,audio_small,polyglot,0,03-01-04-01-02-02-20_r00.wav,396294,0.003842,1,
write,write,,,audio_small,pg_bytea,0,03-01-04-01-02-02-21_r00.wav,363108,0.008294,1,
write,write,,,audio_small,polyglot,0,03-01-04-01-02-02-21_r00.wav,363108,0.003736,1,
write,write,,,audio_small,mongo_gridfs,0,03-01-04-01-02-02-21_r00.wav,363108,0.003307,1,
write,write,,,audio_small,polyglot,0,03-01-04-01-02-02-22_r00.wav,372698,0.003547,1,
write,write,,,audio_small,pg_bytea,0,03-01-04-01-02-02-22_r00.wav,372698,0.009127,1,
write,write,,,audio_small,mongo_gridfs,0,03-01-04-01-02-02-22_r00.wav,372698,0.004143,1,
write,write,,,audio_small,polyglot,0,03-01-04-01-02-02-23_r00.wav,363108,0.004080,1,
write,write,,,audio_small,pg_bytea,0,03-01-04-01-02-02-23_r00.wav,363108,0.009732,1,
write,write,,,audio_small,mongo_gridfs,0,03-01-04-01-02-02-23_r00.wav,363108,0.005769,1,
write,write,,,audio_small,pg_bytea,0,03-01-04-02-01-02-09_r00.wav,379106,0.010445,1,
write,write,,,audio_small,mongo_gridfs,0,03-01-04-02-01-02-09_r00.wav,379106,0.006010,1,
write,write,,,audio_small,polyglot,0,03-01-04-02-01-02-09_r00.wav,379106,0.006086,1,
write,write,,,audio_small,pg_bytea,0,03-01-04-02-01-02-20_r00.wav,379106,0.018818,1,
write,write,,,audio_small,mongo_gridfs,0,03-01-04-02-01-02-20_r00.wav,379106,0.006409,1,
write,write,,,audio_small,polyglot,0,03-01-04-02-01-02-20_r00.wav,379106,0.006708,1,
write,write,,,audio_small,polyglot,0,03-01-04-02-01-02-21_r00.wav,393086,0.004670,1,
write,write,,,audio_small,mongo_gridfs,0,03-01-04-02-01-02-21_r00.wav,393086,0.004103,1,
write,write,,,audio_small,pg_bytea,0,03-01-04-02-01-02-21_r00.wav,393086,0.011145,1,
write,write,,,audio_small,polyglot,0,03-01-04-02-01-02-22_r00.wav,379106,0.006094,1,
write,write,,,audio_small,pg_bytea,0,03-01-04-02-01-02-22_r00.wav,379106,0.009190,1,
write,write,,,audio_small,mongo_gridfs,0,03-01-04-02-01-02-22_r00.wav,379106,0.004323,1,
write,write,,,audio_small,polyglot,0,03-01-04-02-02-02-14_r00.wav,375720,0.004392,1,
write,write,,,audio_small,pg_bytea,0,03-01-04-02-02-02-14_r00.wav,375720,0.009303,1,
write,write,,,audio_small,mongo_gridfs,0,03-01-04-02-02-02-14_r00.wav,375720,0.005162,1,
write,write,,,audio_small,polyglot,0,03-01-04-02-02-02-15_r00.wav,379106,0.004462,1,
write,write,,,audio_small,pg_bytea,0,03-01-04-02-02-02-15_r00.wav,379106,0.008341,1,
write,write,,,audio_small,mongo_gridfs,0,03-01-04-02-02-02-15_r00.wav,379106,0.003775,1,
write,write,,,audio_small,polyglot,0,03-01-04-02-02-02-16_r00.wav,375720,0.003751,1,
write,write,,,audio_small,mongo_gridfs,0,03-01-04-02-02-02-16_r00.wav,375720,0.003873,1,
write,write,,,audio_small,pg_bytea,0,03-01-04-02-02-02-16_r00.wav,375720,0.008708,1,
write,write,,,audio_small,polyglot,0,03-01-04-02-02-02-17_r00.wav,363108,0.005963,1,
write,write,,,audio_small,mongo_gridfs,0,03-01-04-02-02-02-17_r00.wav,363108,0.004297,1,
write,write,,,audio_small,pg_bytea,0,03-01-04-02-02-02-17_r00.wav,363108,0.008258,1,
write,write,,,audio_small,polyglot,0,03-01-05-01-01-01-09_r00.wav,393086,0.004413,1,
write,write,,,audio_small,pg_bytea,0,03-01-05-01-01-01-09_r00.wav,393086,0.008919,1,
write,write,,,audio_small,mongo_gridfs,0,03-01-05-01-01-01-09_r00.wav,393086,0.004876,1,
write,write,,,audio_small,mongo_gridfs,0,03-01-05-01-01-01-22_r00.wav,393086,0.004066,1,
write,write,,,audio_small,pg_bytea,0,03-01-05-01-01-01-22_r00.wav,393086,0.009053,1,
write,write,,,audio_small,polyglot,0,03-01-05-01-01-01-22_r00.wav,393086,0.004151,1,
write,write,,,audio_small,polyglot,0,03-01-05-01-02-01-02_r00.wav,372698,0.003874,1,
write,write,,,audio_small,mongo_gridfs,0,03-01-05-01-02-01-02_r00.wav,372698,0.003070,1,
write,write,,,audio_small,pg_bytea,0,03-01-05-01-02-01-02_r00.wav,372698,0.008122,1,
write,write,,,audio_small,mongo_gridfs,0,03-01-05-01-02-01-03_r00.wav,396294,0.003997,1,
write,write,,,audio_small,polyglot,0,03-01-05-01-02-01-03_r00.wav,396294,0.003639,1,
write,write,,,audio_small,pg_bytea,0,03-01-05-01-02-01-03_r00.wav,396294,0.008570,1,
write,write,,,audio_small,pg_bytea,0,03-01-05-01-02-01-15_r00.wav,363108,0.008272,1,
write,write,,,audio_small,polyglot,0,03-01-05-01-02-01-15_r00.wav,363108,0.003976,1,
write,write,,,audio_small,mongo_gridfs,0,03-01-05-01-02-01-15_r00.wav,363108,0.003740,1,
write,write,,,audio_small,mongo_gridfs,0,03-01-05-01-02-01-16_r00.wav,372698,0.003830,1,
write,write,,,audio_small,polyglot,0,03-01-05-01-02-01-16_r00.wav,372698,0.003777,1,
write,write,,,audio_small,pg_bytea,0,03-01-05-01-02-01-16_r00.wav,372698,0.010722,1,
write,write,,,audio_small,mongo_gridfs,0,03-01-05-01-02-01-17_r00.wav,393086,0.004564,1,
write,write,,,audio_small,pg_bytea,0,03-01-05-01-02-01-17_r00.wav,393086,0.010103,1,
write,write,,,audio_small,polyglot,0,03-01-05-01-02-01-17_r00.wav,393086,0.005096,1,
write,write,,,audio_small,pg_bytea,0,03-01-05-02-01-01-01_r00.wav,372698,0.008796,1,
write,write,,,audio_small,mongo_gridfs,0,03-01-05-02-01-01-01_r00.wav,372698,0.005479,1,
write,write,,,audio_small,polyglot,0,03-01-05-02-01-01-01_r00.wav,372698,0.004822,1,
write,write,,,audio_small,polyglot,0,03-01-05-02-01-01-02_r00.wav,375720,0.003872,1,
write,write,,,audio_small,mongo_gridfs,0,03-01-05-02-01-01-02_r00.wav,375720,0.003811,1,
write,write,,,audio_small,pg_bytea,0,03-01-05-02-01-01-02_r00.wav,375720,0.009024,1,
write,write,,,audio_small,mongo_gridfs,0,03-01-05-02-01-01-03_r00.wav,372698,0.003993,1,
write,write,,,audio_small,pg_bytea,0,03-01-05-02-01-01-03_r00.wav,372698,0.008449,1,
write,write,,,audio_small,polyglot,0,03-01-05-02-01-01-03_r00.wav,372698,0.003899,1,
write,write,,,audio_small,pg_bytea,0,03-01-05-02-01-01-15_r00.wav,396294,0.009564,1,
write,write,,,audio_small,mongo_gridfs,0,03-01-05-02-01-01-15_r00.wav,396294,0.004543,1,
write,write,,,audio_small,polyglot,0,03-01-05-02-01-01-15_r00.wav,396294,0.004270,1,
write,write,,,audio_small,polyglot,0,03-01-05-02-01-01-16_r00.wav,399494,0.004101,1,
write,write,,,audio_small,mongo_gridfs,0,03-01-05-02-01-01-16_r00.wav,399494,0.004247,1,
write,write,,,audio_small,pg_bytea,0,03-01-05-02-01-01-16_r00.wav,399494,0.008898,1,
write,write,,,audio_small,mongo_gridfs,0,03-01-05-02-01-01-17_r00.wav,363108,0.004858,1,
write,write,,,audio_small,polyglot,0,03-01-05-02-01-01-17_r00.wav,363108,0.004620,1,
write,write,,,audio_small,pg_bytea,0,03-01-05-02-01-01-17_r00.wav,363108,0.009294,1,
write,write,,,audio_small,polyglot,0,03-01-05-02-02-01-09_r00.wav,396294,0.005741,1,
write,write,,,audio_small,mongo_gridfs,0,03-01-05-02-02-01-09_r00.wav,396294,0.004808,1,
write,write,,,audio_small,pg_bytea,0,03-01-05-02-02-01-09_r00.wav,396294,0.010718,1,
write,write,,,audio_small,polyglot,0,03-01-05-02-02-01-21_r00.wav,375720,0.005687,1,
write,write,,,audio_small,pg_bytea,0,03-01-05-02-02-01-21_r00.wav,375720,0.009835,1,
write,write,,,audio_small,mongo_gridfs,0,03-01-05-02-02-01-21_r00.wav,375720,0.005467,1,
write,write,,,audio_small,mongo_gridfs,0,03-01-05-02-02-01-22_r00.wav,379106,0.004657,1,
write,write,,,audio_small,polyglot,0,03-01-05-02-02-01-22_r00.wav,379106,0.005693,1,
write,write,,,audio_small,pg_bytea,0,03-01-05-02-02-01-22_r00.wav,379106,0.009166,1,
write,write,,,audio_medium,polyglot,0,03-02-01-01-01-02-22_r00.wav,526650,0.006644,1,
write,write,,,audio_medium,pg_bytea,0,03-02-01-01-01-02-22_r00.wav,526650,0.013661,1,
write,write,,,audio_medium,mongo_gridfs,0,03-02-01-01-01-02-22_r00.wav,526650,0.008084,1,
write,write,,,audio_medium,polyglot,0,03-02-01-01-01-02-23_r00.wav,539464,0.006326,1,
write,write,,,audio_medium,pg_bytea,0,03-02-01-01-01-02-23_r00.wav,539464,0.013009,1,
write,write,,,audio_medium,mongo_gridfs,0,03-02-01-01-01-02-23_r00.wav,539464,0.009810,1,
write,write,,,audio_medium,pg_bytea,0,03-02-01-01-02-02-02_r00.wav,539464,0.013527,1,
write,write,,,audio_medium,polyglot,0,03-02-01-01-02-02-02_r00.wav,539464,0.012254,1,
write,write,,,audio_medium,mongo_gridfs,0,03-02-01-01-02-02-02_r00.wav,539464,0.008748,1,
write,write,,,audio_medium,mongo_gridfs,0,03-02-01-01-02-02-03_r00.wav,520242,0.007484,1,
write,write,,,audio_medium,pg_bytea,0,03-02-01-01-02-02-03_r00.wav,520242,0.013093,1,
write,write,,,audio_medium,polyglot,0,03-02-01-01-02-02-03_r00.wav,520242,0.006629,1,
write,write,,,audio_medium,polyglot,0,03-02-01-01-02-02-16_r00.wav,539464,0.005715,1,
write,write,,,audio_medium,pg_bytea,0,03-02-01-01-02-02-16_r00.wav,539464,0.032230,1,
write,write,,,audio_medium,mongo_gridfs,0,03-02-01-01-02-02-16_r00.wav,539464,0.008019,1,
write,write,,,audio_medium,polyglot,0,03-02-01-01-02-02-17_r00.wav,561888,0.007194,1,
write,write,,,audio_medium,pg_bytea,0,03-02-01-01-02-02-17_r00.wav,561888,0.015439,1,
write,write,,,audio_medium,mongo_gridfs,0,03-02-01-01-02-02-17_r00.wav,561888,0.007673,1,
write,write,,,audio_medium,mongo_gridfs,0,03-02-01-02-01-02-01_r00.wav,533056,0.006702,1,
write,write,,,audio_medium,pg_bytea,0,03-02-01-02-01-02-01_r00.wav,533056,0.014090,1,
write,write,,,audio_medium,polyglot,0,03-02-01-02-01-02-01_r00.wav,533056,0.007824,1,
write,write,,,audio_medium,pg_bytea,0,03-02-01-02-01-02-02_r00.wav,523448,0.013105,1,
write,write,,,audio_medium,polyglot,0,03-02-01-02-01-02-02_r00.wav,523448,0.007183,1,
write,write,,,audio_medium,mongo_gridfs,0,03-02-01-02-01-02-02_r00.wav,523448,0.006521,1,
write,write,,,audio_medium,pg_bytea,0,03-02-01-02-01-02-03_r00.wav,533056,0.014256,1,
write,write,,,audio_medium,mongo_gridfs,0,03-02-01-02-01-02-03_r00.wav,533056,0.007649,1,
write,write,,,audio_medium,polyglot,0,03-02-01-02-01-02-03_r00.wav,533056,0.007552,1,
write,write,,,audio_medium,polyglot,0,03-02-01-02-01-02-15_r00.wav,561882,0.006438,1,
write,write,,,audio_medium,mongo_gridfs,0,03-02-01-02-01-02-15_r00.wav,561882,0.006628,1,
write,write,,,audio_medium,pg_bytea,0,03-02-01-02-01-02-15_r00.wav,561882,0.014534,1,
write,write,,,audio_medium,mongo_gridfs,0,03-02-01-02-01-02-16_r00.wav,526650,0.006878,1,
write,write,,,audio_medium,pg_bytea,0,03-02-01-02-01-02-16_r00.wav,526650,0.013376,1,
write,write,,,audio_medium,polyglot,0,03-02-01-02-01-02-16_r00.wav,526650,0.008215,1,
write,write,,,audio_medium,mongo_gridfs,0,03-02-01-02-01-02-17_r00.wav,533056,0.009922,1,
write,write,,,audio_medium,polyglot,0,03-02-01-02-01-02-17_r00.wav,533056,0.007005,1,
write,write,,,audio_medium,pg_bytea,0,03-02-01-02-01-02-17_r00.wav,533056,0.013576,1,
write,write,,,audio_medium,pg_bytea,0,03-02-01-02-02-02-22_r00.wav,520242,0.013705,1,
write,write,,,audio_medium,polyglot,0,03-02-01-02-02-02-22_r00.wav,520242,0.008377,1,
write,write,,,audio_medium,mongo_gridfs,0,03-02-01-02-02-02-22_r00.wav,520242,0.007962,1,
write,write,,,audio_medium,polyglot,0,03-02-01-02-02-02-23_r00.wav,520242,0.006649,1,
write,write,,,audio_medium,mongo_gridfs,0,03-02-01-02-02-02-23_r00.wav,520242,0.006428,1,
write,write,,,audio_medium,pg_bytea,0,03-02-01-02-02-02-23_r00.wav,520242,0.013442,1,
write,write,,,audio_medium,polyglot,0,03-02-02-01-01-01-22_r00.wav,523448,0.007129,1,
write,write,,,audio_medium,mongo_gridfs,0,03-02-02-01-01-01-22_r00.wav,523448,0.005835,1,
write,write,,,audio_medium,pg_bytea,0,03-02-02-01-01-01-22_r00.wav,523448,0.013499,1,
write,write,,,audio_medium,mongo_gridfs,0,03-02-02-01-01-01-23_r00.wav,561888,0.007588,1,
write,write,,,audio_medium,polyglot,0,03-02-02-01-01-01-23_r00.wav,561888,0.007309,1,
write,write,,,audio_medium,pg_bytea,0,03-02-02-01-01-01-23_r00.wav,561888,0.014436,1,
write,write,,,audio_medium,polyglot,0,03-02-02-01-02-01-01_r00.wav,520242,0.006985,1,
write,write,,,audio_medium,pg_bytea,0,03-02-02-01-02-01-01_r00.wav,520242,0.014311,1,
write,write,,,audio_medium,mongo_gridfs,0,03-02-02-01-02-01-01_r00.wav,520242,0.009571,1,
write,write,,,audio_medium,mongo_gridfs,0,03-02-02-01-02-01-02_r00.wav,539464,0.006882,1,
write,write,,,audio_medium,polyglot,0,03-02-02-01-02-01-02_r00.wav,539464,0.007131,1,
write,write,,,audio_medium,pg_bytea,0,03-02-02-01-02-01-02_r00.wav,539464,0.013880,1,
write,write,,,audio_medium,pg_bytea,0,03-02-02-01-02-01-03_r00.wav,533056,0.014030,1,
write,write,,,audio_medium,mongo_gridfs,0,03-02-02-01-02-01-03_r00.wav,533056,0.008214,1,
write,write,,,audio_medium,polyglot,0,03-02-02-01-02-01-03_r00.wav,533056,0.008244,1,
write,write,,,audio_medium,polyglot,0,03-02-02-01-02-01-16_r00.wav,561882,0.007310,1,
write,write,,,audio_medium,pg_bytea,0,03-02-02-01-02-01-16_r00.wav,561882,0.017263,1,
write,write,,,audio_medium,mongo_gridfs,0,03-02-02-01-02-01-16_r00.wav,561882,0.007140,1,
write,write,,,audio_medium,pg_bytea,0,03-02-02-02-01-01-01_r00.wav,539464,0.016314,1,
write,write,,,audio_medium,polyglot,0,03-02-02-02-01-01-01_r00.wav,539464,0.007956,1,
write,write,,,audio_medium,mongo_gridfs,0,03-02-02-02-01-01-01_r00.wav,539464,0.006727,1,
write,write,,,audio_medium,pg_bytea,0,03-02-02-02-01-01-02_r00.wav,526650,0.013502,1,
write,write,,,audio_medium,polyglot,0,03-02-02-02-01-01-02_r00.wav,526650,0.006843,1,
write,write,,,audio_medium,mongo_gridfs,0,03-02-02-02-01-01-02_r00.wav,526650,0.010180,1,
write,write,,,audio_medium,mongo_gridfs,0,03-02-02-02-01-01-15_r00.wav,539464,0.006852,1,
write,write,,,audio_medium,pg_bytea,0,03-02-02-02-01-01-15_r00.wav,539464,0.013528,1,
write,write,,,audio_medium,polyglot,0,03-02-02-02-01-01-15_r00.wav,539464,0.007739,1,
write,write,,,audio_medium,mongo_gridfs,0,03-02-02-02-01-01-16_r00.wav,520242,0.005937,1,
write,write,,,audio_medium,polyglot,0,03-02-02-02-01-01-16_r00.wav,520242,0.005842,1,
write,write,,,audio_medium,pg_bytea,0,03-02-02-02-01-01-16_r00.wav,520242,0.012887,1,
write,write,,,audio_medium,polyglot,0,03-02-02-02-01-01-17_r00.wav,539464,0.006862,1,
write,write,,,audio_medium,mongo_gridfs,0,03-02-02-02-01-01-17_r00.wav,539464,0.006171,1,
write,write,,,audio_medium,pg_bytea,0,03-02-02-02-01-01-17_r00.wav,539464,0.014056,1,
write,write,,,audio_medium,mongo_gridfs,0,03-02-02-02-02-01-22_r00.wav,539464,0.006921,1,
write,write,,,audio_medium,pg_bytea,0,03-02-02-02-02-01-22_r00.wav,539464,0.013815,1,
write,write,,,audio_medium,polyglot,0,03-02-02-02-02-01-22_r00.wav,539464,0.006792,1,
write,write,,,audio_medium,mongo_gridfs,0,03-02-02-02-02-01-23_r00.wav,520242,0.005949,1,
write,write,,,audio_medium,polyglot,0,03-02-02-02-02-01-23_r00.wav,520242,0.006725,1,
write,write,,,audio_medium,pg_bytea,0,03-02-02-02-02-01-23_r00.wav,520242,0.013152,1,
write,write,,,audio_medium,polyglot,0,03-02-03-01-01-02-01_r00.wav,561882,0.008095,1,
write,write,,,audio_medium,pg_bytea,0,03-02-03-01-01-02-01_r00.wav,561882,0.014789,1,
write,write,,,audio_medium,mongo_gridfs,0,03-02-03-01-01-02-01_r00.wav,561882,0.009987,1,
write,write,,,audio_medium,mongo_gridfs,0,03-02-03-01-01-02-02_r00.wav,561882,0.007550,1,
write,write,,,audio_medium,pg_bytea,0,03-02-03-01-01-02-02_r00.wav,561882,0.014556,1,
write,write,,,audio_medium,polyglot,0,03-02-03-01-01-02-02_r00.wav,561882,0.008382,1,
write,write,,,audio_medium,mongo_gridfs,0,03-02-03-01-01-02-03_r00.wav,539464,0.009421,1,
write,write,,,audio_medium,pg_bytea,0,03-02-03-01-01-02-03_r00.wav,539464,0.018487,1,
write,write,,,audio_medium,polyglot,0,03-02-03-01-01-02-03_r00.wav,539464,0.008524,1,
write,write,,,audio_medium,pg_bytea,0,03-02-03-01-01-02-15_r00.wav,526650,0.013217,1,
write,write,,,audio_medium,polyglot,0,03-02-03-01-01-02-15_r00.wav,526650,0.008845,1,
write,write,,,audio_medium,mongo_gridfs,0,03-02-03-01-01-02-15_r00.wav,526650,0.007261,1,
write,write,,,audio_medium,pg_bytea,0,03-02-03-01-01-02-16_r00.wav,520242,0.013250,1,
write,write,,,audio_medium,polyglot,0,03-02-03-01-01-02-16_r00.wav,520242,0.007460,1,
write,write,,,audio_medium,mongo_gridfs,0,03-02-03-01-01-02-16_r00.wav,520242,0.006550,1,
write,write,,,audio_medium,polyglot,0,03-02-03-01-01-02-17_r00.wav,526650,0.006731,1,
write,write,,,audio_medium,pg_bytea,0,03-02-03-01-01-02-17_r00.wav,526650,0.012960,1,
write,write,,,audio_medium,mongo_gridfs,0,03-02-03-01-01-02-17_r00.wav,526650,0.008669,1,
write,write,,,audio_medium,pg_bytea,0,03-02-03-01-02-02-09_r00.wav,539464,0.031440,1,
write,write,,,audio_medium,mongo_gridfs,0,03-02-03-01-02-02-09_r00.wav,539464,0.008974,1,
write,write,,,audio_medium,polyglot,0,03-02-03-01-02-02-09_r00.wav,539464,0.007108,1,
write,write,,,audio_medium,mongo_gridfs,0,03-02-03-01-02-02-21_r00.wav,533056,0.007164,1,
write,write,,,audio_medium,pg_bytea,0,03-02-03-01-02-02-21_r00.wav,533056,0.014108,1,
write,write,,,audio_medium,polyglot,0,03-02-03-01-02-02-21_r00.wav,533056,0.008464,1,
write,write,,,audio_medium,mongo_gridfs,0,03-02-03-01-02-02-22_r00.wav,561888,0.007514,1,
write,write,,,audio_medium,polyglot,0,03-02-03-01-02-02-22_r00.wav,561888,0.006761,1,
write,write,,,audio_medium,pg_bytea,0,03-02-03-01-02-02-22_r00.wav,561888,0.014702,1,
write,write,,,audio_medium,pg_bytea,0,03-02-03-01-02-02-23_r00.wav,539464,0.014102,1,
write,write,,,audio_medium,mongo_gridfs,0,03-02-03-01-02-02-23_r00.wav,539464,0.008158,1,
write,write,,,audio_medium,polyglot,0,03-02-03-01-02-02-23_r00.wav,539464,0.007106,1,
write,write,,,audio_medium,pg_bytea,0,03-02-03-02-01-02-09_r00.wav,561882,0.014634,1,
write,write,,,audio_medium,mongo_gridfs,0,03-02-03-02-01-02-09_r00.wav,561882,0.007552,1,
write,write,,,audio_medium,polyglot,0,03-02-03-02-01-02-09_r00.wav,561882,0.007518,1,
write,write,,,audio_medium,mongo_gridfs,0,03-02-03-02-01-02-21_r00.wav,539464,0.006049,1,
write,write,,,audio_medium,polyglot,0,03-02-03-02-01-02-21_r00.wav,539464,0.006594,1,
write,write,,,audio_medium,pg_bytea,0,03-02-03-02-01-02-21_r00.wav,539464,0.016249,1,
write,write,,,audio_medium,polyglot,0,03-02-03-02-01-02-22_r00.wav,526650,0.007837,1,
write,write,,,audio_medium,pg_bytea,0,03-02-03-02-01-02-22_r00.wav,526650,0.013436,1,
write,write,,,audio_medium,mongo_gridfs,0,03-02-03-02-01-02-22_r00.wav,526650,0.008267,1,
write,write,,,audio_medium,pg_bytea,0,03-02-03-02-01-02-23_r00.wav,561888,0.014778,1,
write,write,,,audio_medium,mongo_gridfs,0,03-02-03-02-01-02-23_r00.wav,561888,0.009267,1,
write,write,,,audio_medium,polyglot,0,03-02-03-02-01-02-23_r00.wav,561888,0.007819,1,
write,write,,,audio_medium,pg_bytea,0,03-02-03-02-02-02-01_r00.wav,561882,0.014039,1,
write,write,,,audio_medium,mongo_gridfs,0,03-02-03-02-02-02-01_r00.wav,561882,0.007676,1,
write,write,,,audio_medium,polyglot,0,03-02-03-02-02-02-01_r00.wav,561882,0.008214,1,
write,write,,,audio_medium,pg_bytea,0,03-02-03-02-02-02-02_r00.wav,523448,0.012954,1,
write,write,,,audio_medium,polyglot,0,03-02-03-02-02-02-02_r00.wav,523448,0.007675,1,
write,write,,,audio_medium,mongo_gridfs,0,03-02-03-02-02-02-02_r00.wav,523448,0.005853,1,
write,write,,,audio_medium,pg_bytea,0,03-02-03-02-02-02-03_r00.wav,561888,0.013757,1,
write,write,,,audio_medium,polyglot,0,03-02-03-02-02-02-03_r00.wav,561888,0.007203,1,
write,write,,,audio_medium,mongo_gridfs,0,03-02-03-02-02-02-03_r00.wav,561888,0.006983,1,
write,write,,,audio_medium,mongo_gridfs,0,03-02-03-02-02-02-15_r00.wav,523448,0.005921,1,
write,write,,,audio_medium,polyglot,0,03-02-03-02-02-02-15_r00.wav,523448,0.006801,1,
write,write,,,audio_medium,pg_bytea,0,03-02-03-02-02-02-15_r00.wav,523448,0.012669,1,
write,write,,,audio_medium,polyglot,0,03-02-03-02-02-02-16_r00.wav,561882,0.007467,1,
write,write,,,audio_medium,mongo_gridfs,0,03-02-03-02-02-02-16_r00.wav,561882,0.006424,1,
write,write,,,audio_medium,pg_bytea,0,03-02-03-02-02-02-16_r00.wav,561882,0.014985,1,
write,write,,,audio_medium,pg_bytea,0,03-02-03-02-02-02-17_r00.wav,523448,0.018618,1,
write,write,,,audio_medium,mongo_gridfs,0,03-02-03-02-02-02-17_r00.wav,523448,0.007021,1,
write,write,,,audio_medium,polyglot,0,03-02-03-02-02-02-17_r00.wav,523448,0.006936,1,
write,write,,,audio_medium,polyglot,0,03-02-04-01-01-02-05_r00.wav,561882,0.006659,1,
write,write,,,audio_medium,mongo_gridfs,0,03-02-04-01-01-02-05_r00.wav,561882,0.006585,1,
write,write,,,audio_medium,pg_bytea,0,03-02-04-01-01-02-05_r00.wav,561882,0.017435,1,
write,write,,,audio_medium,mongo_gridfs,0,03-02-04-01-01-02-06_r00.wav,526650,0.009248,1,
write,write,,,audio_medium,pg_bytea,0,03-02-04-01-01-02-06_r00.wav,526650,0.016025,1,
write,write,,,audio_medium,polyglot,0,03-02-04-01-01-02-06_r00.wav,526650,0.007254,1,
write,write,,,audio_medium,polyglot,0,03-02-04-01-01-02-07_r00.wav,523448,0.006400,1,
write,write,,,audio_medium,mongo_gridfs,0,03-02-04-01-01-02-07_r00.wav,523448,0.006517,1,
write,write,,,audio_medium,pg_bytea,0,03-02-04-01-01-02-07_r00.wav,523448,0.014131,1,
write,write,,,audio_medium,polyglot,0,03-02-04-01-01-02-11_r00.wav,539464,0.007564,1,
write,write,,,audio_medium,pg_bytea,0,03-02-04-01-01-02-11_r00.wav,539464,0.013231,1,
write,write,,,audio_medium,mongo_gridfs,0,03-02-04-01-01-02-11_r00.wav,539464,0.008356,1,
write,write,,,audio_medium,pg_bytea,0,03-02-04-01-01-02-12_r00.wav,523448,0.013340,1,
write,write,,,audio_medium,polyglot,0,03-02-04-01-01-02-12_r00.wav,523448,0.007559,1,
write,write,,,audio_medium,mongo_gridfs,0,03-02-04-01-01-02-12_r00.wav,523448,0.006544,1,
write,write,,,audio_medium,pg_bytea,0,03-02-04-01-01-02-13_r00.wav,539464,0.015077,1,
write,write,,,audio_medium,polyglot,0,03-02-04-01-01-02-13_r00.wav,539464,0.010797,1,
write,write,,,audio_medium,mongo_gridfs,0,03-02-04-01-01-02-13_r00.wav,539464,0.011911,1,
write,write,,,audio_medium,pg_bytea,0,03-02-04-01-02-02-19_r00.wav,561888,0.014697,1,
write,write,,,audio_medium,mongo_gridfs,0,03-02-04-01-02-02-19_r00.wav,561888,0.008341,1,
write,write,,,audio_medium,polyglot,0,03-02-04-01-02-02-19_r00.wav,561888,0.009150,1,
write,write,,,audio_medium,pg_bytea,0,03-02-04-02-02-02-05_r00.wav,526650,0.013603,1,
write,write,,,audio_medium,mongo_gridfs,0,03-02-04-02-02-02-05_r00.wav,526650,0.006473,1,
write,write,,,audio_medium,polyglot,0,03-02-04-02-02-02-05_r00.wav,526650,0.006239,1,
write,write,,,audio_medium,pg_bytea,0,03-02-04-02-02-02-06_r00.wav,526650,0.013088,1,
write,write,,,audio_medium,polyglot,0,03-02-04-02-02-02-06_r00.wav,526650,0.006756,1,
write,write,,,audio_medium,mongo_gridfs,0,03-02-04-02-02-02-06_r00.wav,526650,0.006146,1,
write,write,,,audio_medium,pg_bytea,0,03-02-04-02-02-02-07_r00.wav,561888,0.014375,1,
write,write,,,audio_medium,polyglot,0,03-02-04-02-02-02-07_r00.wav,561888,0.007494,1,
write,write,,,audio_medium,mongo_gridfs,0,03-02-04-02-02-02-07_r00.wav,561888,0.008750,1,
write,write,,,audio_medium,polyglot,0,03-02-04-02-02-02-11_r00.wav,561888,0.007052,1,
write,write,,,audio_medium,mongo_gridfs,0,03-02-04-02-02-02-11_r00.wav,561888,0.006915,1,
write,write,,,audio_medium,pg_bytea,0,03-02-04-02-02-02-11_r00.wav,561888,0.014355,1,
write,write,,,audio_medium,polyglot,0,03-02-04-02-02-02-12_r00.wav,523448,0.007094,1,
write,write,,,audio_medium,pg_bytea,0,03-02-04-02-02-02-12_r00.wav,523448,0.013112,1,
write,write,,,audio_medium,mongo_gridfs,0,03-02-04-02-02-02-12_r00.wav,523448,0.007716,1,
write,write,,,audio_medium,mongo_gridfs,0,03-02-04-02-02-02-13_r00.wav,533056,0.008676,1,
write,write,,,audio_medium,pg_bytea,0,03-02-04-02-02-02-13_r00.wav,533056,0.014661,1,
write,write,,,audio_medium,polyglot,0,03-02-04-02-02-02-13_r00.wav,533056,0.008051,1,
write,write,,,audio_medium,mongo_gridfs,0,03-02-05-01-02-01-06_r00.wav,561882,0.006408,1,
write,write,,,audio_medium,polyglot,0,03-02-05-01-02-01-06_r00.wav,561882,0.006529,1,
write,write,,,audio_medium,pg_bytea,0,03-02-05-01-02-01-06_r00.wav,561882,0.014214,1,
write,write,,,audio_medium,polyglot,0,03-02-05-01-02-01-07_r00.wav,520242,0.006374,1,
write,write,,,audio_medium,mongo_gridfs,0,03-02-05-01-02-01-07_r00.wav,520242,0.006788,1,
write,write,,,audio_medium,pg_bytea,0,03-02-05-01-02-01-07_r00.wav,520242,0.014414,1,
write,write,,,audio_medium,pg_bytea,0,03-02-05-01-02-01-12_r00.wav,520242,0.030110,1,
write,write,,,audio_medium,mongo_gridfs,0,03-02-05-01-02-01-12_r00.wav,520242,0.007368,1,
write,write,,,audio_medium,polyglot,0,03-02-05-01-02-01-12_r00.wav,520242,0.007246,1,
write,write,,,audio_medium,polyglot,0,03-02-05-01-02-01-13_r00.wav,561888,0.007160,1,
write,write,,,audio_medium,pg_bytea,0,03-02-05-01-02-01-13_r00.wav,561888,0.014157,1,
write,write,,,audio_medium,mongo_gridfs,0,03-02-05-01-02-01-13_r00.wav,561888,0.008048,1,
write,write,,,audio_medium,polyglot,0,03-02-05-02-01-01-05_r00.wav,539464,0.006605,1,
write,write,,,audio_medium,mongo_gridfs,0,03-02-05-02-01-01-05_r00.wav,539464,0.006531,1,
write,write,,,audio_medium,pg_bytea,0,03-02-05-02-01-01-05_r00.wav,539464,0.013797,1,
write,write,,,audio_medium,polyglot,0,03-02-05-02-01-01-06_r00.wav,561888,0.008247,1,
write,write,,,audio_medium,pg_bytea,0,03-02-05-02-01-01-06_r00.wav,561888,0.015450,1,
write,write,,,audio_medium,mongo_gridfs,0,03-02-05-02-01-01-06_r00.wav,561888,0.013475,1,
write,write,,,audio_medium,mongo_gridfs,0,03-02-05-02-01-01-07_r00.wav,533056,0.006995,1,
write,write,,,audio_medium,polyglot,0,03-02-05-02-01-01-07_r00.wav,533056,0.008858,1,
write,write,,,audio_medium,pg_bytea,0,03-02-05-02-01-01-07_r00.wav,533056,0.013749,1,
write,write,,,audio_medium,pg_bytea,0,03-02-05-02-01-01-11_r00.wav,561888,0.015267,1,
write,write,,,audio_medium,polyglot,0,03-02-05-02-01-01-11_r00.wav,561888,0.008417,1,
write,write,,,audio_medium,mongo_gridfs,0,03-02-05-02-01-01-11_r00.wav,561888,0.006130,1,
write,write,,,audio_medium,pg_bytea,0,03-02-05-02-01-01-12_r00.wav,533056,0.013614,1,
write,write,,,audio_medium,polyglot,0,03-02-05-02-01-01-12_r00.wav,533056,0.007064,1,
write,write,,,audio_medium,mongo_gridfs,0,03-02-05-02-01-01-12_r00.wav,533056,0.007341,1,
write,write,,,audio_medium,polyglot,0,03-02-05-02-01-01-13_r00.wav,526650,0.007260,1,
write,write,,,audio_medium,mongo_gridfs,0,03-02-05-02-01-01-13_r00.wav,526650,0.006074,1,
write,write,,,audio_medium,pg_bytea,0,03-02-05-02-01-01-13_r00.wav,526650,0.013511,1,
write,write,,,video_small,pg_bytea,0,01-01-01-01-01-01-22_r00.mp4,5457041,0.152877,1,
write,write,,,video_small,mongo_gridfs,0,01-01-01-01-01-01-22_r00.mp4,5457041,0.043122,1,
write,write,,,video_small,polyglot,0,01-01-01-01-01-01-22_r00.mp4,5457041,0.053826,1,
write,write,,,video_small,polyglot,0,01-01-01-01-01-02-01_r00.mp4,5457041,0.043266,1,
write,write,,,video_small,pg_bytea,0,01-01-01-01-01-02-01_r00.mp4,5457041,0.147956,1,
write,write,,,video_small,mongo_gridfs,0,01-01-01-01-01-02-01_r00.mp4,5457041,0.040737,1,
write,write,,,video_small,polyglot,0,01-01-01-01-01-02-15_r00.mp4,5457041,0.043442,1,
write,write,,,video_small,mongo_gridfs,0,01-01-01-01-01-02-15_r00.mp4,5457041,0.053326,1,
write,write,,,video_small,pg_bytea,0,01-01-01-01-01-02-15_r00.mp4,5457041,0.153986,1,
write,write,,,video_small,polyglot,0,01-01-01-01-02-01-06_r00.mp4,5457041,0.066320,1,
write,write,,,video_small,pg_bytea,0,01-01-01-01-02-01-06_r00.mp4,5457041,0.141058,1,
write,write,,,video_small,mongo_gridfs,0,01-01-01-01-02-01-06_r00.mp4,5457041,0.044229,1,
write,write,,,video_small,mongo_gridfs,0,01-01-01-01-02-01-13_r00.mp4,5457041,0.049506,1,
write,write,,,video_small,polyglot,0,01-01-01-01-02-01-13_r00.mp4,5457041,0.042211,1,
write,write,,,video_small,pg_bytea,0,01-01-01-01-02-01-13_r00.mp4,5457041,0.147838,1,
write,write,,,video_small,polyglot,0,01-01-01-01-02-01-14_r00.mp4,5457041,0.040306,1,
write,write,,,video_small,mongo_gridfs,0,01-01-01-01-02-01-14_r00.mp4,5457041,0.042419,1,
write,write,,,video_small,pg_bytea,0,01-01-01-01-02-01-14_r00.mp4,5457041,0.147469,1,
write,write,,,video_small,mongo_gridfs,0,01-01-01-01-02-02-09_r00.mp4,5498397,0.049743,1,
write,write,,,video_small,polyglot,0,01-01-01-01-02-02-09_r00.mp4,5498397,0.045669,1,
write,write,,,video_small,pg_bytea,0,01-01-01-01-02-02-09_r00.mp4,5498397,0.140305,1,
write,write,,,video_small,polyglot,0,01-01-01-02-01-01-01_r00.mp4,5498397,0.056960,1,
write,write,,,video_small,pg_bytea,0,01-01-01-02-01-01-01_r00.mp4,5498397,0.152483,1,
write,write,,,video_small,mongo_gridfs,0,01-01-01-02-01-01-01_r00.mp4,5498397,0.045498,1,
write,write,,,video_small,polyglot,0,01-01-01-02-01-01-05_r00.mp4,5457041,0.045853,1,
write,write,,,video_small,pg_bytea,0,01-01-01-02-01-01-05_r00.mp4,5457041,0.137576,1,
write,write,,,video_small,mongo_gridfs,0,01-01-01-02-01-01-05_r00.mp4,5457041,0.040182,1,
write,write,,,video_small,mongo_gridfs,0,01-01-01-02-01-01-15_r00.mp4,5457041,0.057129,1,
write,write,,,video_small,polyglot,0,01-01-01-02-01-01-15_r00.mp4,5457041,0.046653,1,
write,write,,,video_small,pg_bytea,0,01-01-01-02-01-01-15_r00.mp4,5457041,0.140966,1,
write,write,,,video_small,pg_bytea,0,01-01-01-02-02-01-18_r00.mp4,5457041,0.154916,1,
write,write,,,video_small,mongo_gridfs,0,01-01-01-02-02-01-18_r00.mp4,5457041,0.045608,1,
write,write,,,video_small,polyglot,0,01-01-01-02-02-01-18_r00.mp4,5457041,0.052536,1,
write,write,,,video_small,polyglot,0,01-01-01-02-02-01-19_r00.mp4,5457041,0.043521,1,
write,write,,,video_small,mongo_gridfs,0,01-01-01-02-02-01-19_r00.mp4,5457041,0.055309,1,
write,write,,,video_small,pg_bytea,0,01-01-01-02-02-01-19_r00.mp4,5457041,0.135694,1,
write,write,,,video_small,polyglot,0,01-01-02-01-01-02-09_r00.mp4,5498397,0.047279,1,
write,write,,,video_small,pg_bytea,0,01-01-02-01-01-02-09_r00.mp4,5498397,0.131111,1,
write,write,,,video_small,mongo_gridfs,0,01-01-02-01-01-02-09_r00.mp4,5498397,0.043422,1,
write,write,,,video_small,pg_bytea,0,01-01-02-01-01-02-18_r00.mp4,5498397,0.161483,1,
write,write,,,video_small,polyglot,0,01-01-02-01-01-02-18_r00.mp4,5498397,0.044411,1,
write,write,,,video_small,mongo_gridfs,0,01-01-02-01-01-02-18_r00.mp4,5498397,0.047318,1,
write,write,,,video_small,pg_bytea,0,01-01-02-01-01-02-23_r00.mp4,5498397,0.148792,1,
write,write,,,video_small,mongo_gridfs,0,01-01-02-01-01-02-23_r00.mp4,5498397,0.045618,1,
write,write,,,video_small,polyglot,0,01-01-02-01-01-02-23_r00.mp4,5498397,0.063497,1,
write,write,,,video_small,mongo_gridfs,0,01-01-02-01-02-01-09_r00.mp4,5498397,0.048964,1,
write,write,,,video_small,polyglot,0,01-01-02-01-02-01-09_r00.mp4,5498397,0.053808,1,
write,write,,,video_small,pg_bytea,0,01-01-02-01-02-01-09_r00.mp4,5498397,0.238076,1,
write,write,,,video_small,polyglot,0,01-01-02-01-02-02-01_r00.mp4,5498397,0.047067,1,
write,write,,,video_small,mongo_gridfs,0,01-01-02-01-02-02-01_r00.mp4,5498397,0.041895,1,
write,write,,,video_small,pg_bytea,0,01-01-02-01-02-02-01_r00.mp4,5498397,0.176906,1,
write,write,,,video_small,mongo_gridfs,0,01-01-02-01-02-02-03_r00.mp4,5498397,0.049343,1,
write,write,,,video_small,pg_bytea,0,01-01-02-01-02-02-03_r00.mp4,5498397,0.143660,1,
write,write,,,video_small,polyglot,0,01-01-02-01-02-02-03_r00.mp4,5498397,0.044650,1,
write,write,,,video_small,polyglot,0,01-01-02-02-01-02-02_r00.mp4,5498397,0.049209,1,
write,write,,,video_small,pg_bytea,0,01-01-02-02-01-02-02_r00.mp4,5498397,0.148576,1,
write,write,,,video_small,mongo_gridfs,0,01-01-02-02-01-02-02_r00.mp4,5498397,0.042161,1,
write,write,,,video_small,mongo_gridfs,0,01-01-02-02-01-02-03_r00.mp4,5498397,0.041042,1,
write,write,,,video_small,pg_bytea,0,01-01-02-02-01-02-03_r00.mp4,5498397,0.281829,1,
write,write,,,video_small,polyglot,0,01-01-02-02-01-02-03_r00.mp4,5498397,0.058155,1,
write,write,,,video_small,polyglot,0,01-01-02-02-01-02-05_r00.mp4,5498397,0.062121,1,
write,write,,,video_small,mongo_gridfs,0,01-01-02-02-01-02-05_r00.mp4,5498397,0.069447,1,
write,write,,,video_small,pg_bytea,0,01-01-02-02-01-02-05_r00.mp4,5498397,0.382111,1,
write,write,,,video_small,polyglot,0,01-01-02-02-01-02-10_r00.mp4,5457041,0.048133,1,
write,write,,,video_small,mongo_gridfs,0,01-01-02-02-01-02-10_r00.mp4,5457041,0.047631,1,
write,write,,,video_small,pg_bytea,0,01-01-02-02-01-02-10_r00.mp4,5457041,0.288058,1,
write,write,,,video_small,polyglot,0,01-01-02-02-01-02-13_r00.mp4,5457041,0.055290,1,
write,write,,,video_small,pg_bytea,0,01-01-02-02-01-02-13_r00.mp4,5457041,0.380242,1,
write,write,,,video_small,mongo_gridfs,0,01-01-02-02-01-02-13_r00.mp4,5457041,0.057986,1,
write,write,,,video_small,pg_bytea,0,01-01-02-02-01-02-17_r00.mp4,5457041,0.185466,1,
write,write,,,video_small,mongo_gridfs,0,01-01-02-02-01-02-17_r00.mp4,5457041,0.057898,1,
write,write,,,video_small,polyglot,0,01-01-02-02-01-02-17_r00.mp4,5457041,0.062197,1,
write,write,,,video_small,polyglot,0,01-01-02-02-02-02-18_r00.mp4,5457041,0.053238,1,
write,write,,,video_small,pg_bytea,0,01-01-02-02-02-02-18_r00.mp4,5457041,0.159997,1,
write,write,,,video_small,mongo_gridfs,0,01-01-02-02-02-02-18_r00.mp4,5457041,0.060001,1,
write,write,,,video_small,mongo_gridfs,0,01-01-02-02-02-02-19_r00.mp4,5457041,0.053872,1,
write,write,,,video_small,pg_bytea,0,01-01-02-02-02-02-19_r00.mp4,5457041,0.234489,1,
write,write,,,video_small,polyglot,0,01-01-02-02-02-02-19_r00.mp4,5457041,0.049476,1,
write,write,,,video_small,mongo_gridfs,0,01-01-02-02-02-02-21_r00.mp4,5498397,0.045692,1,
write,write,,,video_small,polyglot,0,01-01-02-02-02-02-21_r00.mp4,5498397,0.075879,1,
write,write,,,video_small,pg_bytea,0,01-01-02-02-02-02-21_r00.mp4,5498397,0.224835,1,
write,write,,,video_small,mongo_gridfs,0,01-01-02-02-02-02-22_r00.mp4,5457041,1.861008,1,
write,write,,,video_small,polyglot,0,01-01-02-02-02-02-22_r00.mp4,5457041,0.069132,1,
write,write,,,video_small,pg_bytea,0,01-01-02-02-02-02-22_r00.mp4,5457041,0.231327,1,
write,write,,,video_small,pg_bytea,0,01-01-02-02-02-02-23_r00.mp4,5457041,0.140709,1,
write,write,,,video_small,polyglot,0,01-01-02-02-02-02-23_r00.mp4,5457041,0.047264,1,
write,write,,,video_small,mongo_gridfs,0,01-01-02-02-02-02-23_r00.mp4,5457041,0.047345,1,
write,write,,,video_small,mongo_gridfs,0,01-01-03-01-01-01-12_r00.mp4,5457041,0.045052,1,
write,write,,,video_small,pg_bytea,0,01-01-03-01-01-01-12_r00.mp4,5457041,0.143268,1,
write,write,,,video_small,polyglot,0,01-01-03-01-01-01-12_r00.mp4,5457041,0.074542,1,
write,write,,,video_small,mongo_gridfs,0,01-01-03-01-01-01-15_r00.mp4,5457041,0.059411,1,
write,write,,,video_small,polyglot,0,01-01-03-01-01-01-15_r00.mp4,5457041,0.042351,1,
write,write,,,video_small,pg_bytea,0,01-01-03-01-01-01-15_r00.mp4,5457041,0.185300,1,
write,write,,,video_small,pg_bytea,0,01-01-03-01-02-01-08_r00.mp4,5498397,0.179083,1,
write,write,,,video_small,mongo_gridfs,0,01-01-03-01-02-01-08_r00.mp4,5498397,0.045781,1,
write,write,,,video_small,polyglot,0,01-01-03-01-02-01-08_r00.mp4,5498397,0.047395,1,
write,write,,,video_small,pg_bytea,0,01-01-03-01-02-01-21_r00.mp4,5498397,0.148926,1,
write,write,,,video_small,polyglot,0,01-01-03-01-02-01-21_r00.mp4,5498397,0.048588,1,
write,write,,,video_small,mongo_gridfs,0,01-01-03-01-02-01-21_r00.mp4,5498397,0.044710,1,
write,write,,,video_small,mongo_gridfs,0,01-01-03-02-01-01-21_r00.mp4,5457041,0.054470,1,
write,write,,,video_small,polyglot,0,01-01-03-02-01-01-21_r00.mp4,5457041,0.046833,1,
write,write,,,video_small,pg_bytea,0,01-01-03-02-01-01-21_r00.mp4,5457041,0.244876,1,
write,write,,,video_small,polyglot,0,01-01-03-02-01-01-24_r00.mp4,5457041,0.048655,1,
write,write,,,video_small,mongo_gridfs,0,01-01-03-02-01-01-24_r00.mp4,5457041,0.050489,1,
write,write,,,video_small,pg_bytea,0,01-01-03-02-01-01-24_r00.mp4,5457041,0.172473,1,
write,write,,,video_small,pg_bytea,0,01-01-03-02-01-02-01_r00.mp4,5457041,0.147254,1,
write,write,,,video_small,mongo_gridfs,0,01-01-03-02-01-02-01_r00.mp4,5457041,0.046819,1,
write,write,,,video_small,polyglot,0,01-01-03-02-01-02-01_r00.mp4,5457041,0.048069,1,
write,write,,,video_small,polyglot,0,01-01-03-02-01-02-15_r00.mp4,5457041,0.070466,1,
write,write,,,video_small,mongo_gridfs,0,01-01-03-02-01-02-15_r00.mp4,5457041,0.048037,1,
write,write,,,video_small,pg_bytea,0,01-01-03-02-01-02-15_r00.mp4,5457041,0.181153,1,
write,write,,,video_small,pg_bytea,0,01-01-03-02-02-01-05_r00.mp4,5457041,0.171507,1,
write,write,,,video_small,polyglot,0,01-01-03-02-02-01-05_r00.mp4,5457041,0.055473,1,
write,write,,,video_small,mongo_gridfs,0,01-01-03-02-02-01-05_r00.mp4,5457041,0.052755,1,
write,write,,,video_small,mongo_gridfs,0,01-01-03-02-02-01-12_r00.mp4,5457041,0.052721,1,
write,write,,,video_small,pg_bytea,0,01-01-03-02-02-01-12_r00.mp4,5457041,0.168405,1,
write,write,,,video_small,polyglot,0,01-01-03-02-02-01-12_r00.mp4,5457041,0.058312,1,
write,write,,,video_small,pg_bytea,0,01-01-03-02-02-01-15_r00.mp4,5498397,0.198924,1,
write,write,,,video_small,mongo_gridfs,0,01-01-03-02-02-01-15_r00.mp4,5498397,0.048768,1,
write,write,,,video_small,polyglot,0,01-01-03-02-02-01-15_r00.mp4,5498397,0.045421,1,
write,write,,,video_small,polyglot,0,01-01-04-01-01-01-03_r00.mp4,5457041,0.046559,1,
write,write,,,video_small,mongo_gridfs,0,01-01-04-01-01-01-03_r00.mp4,5457041,0.043006,1,
write,write,,,video_small,pg_bytea,0,01-01-04-01-01-01-03_r00.mp4,5457041,0.153525,1,
write,write,,,video_small,polyglot,0,01-01-04-01-01-01-05_r00.mp4,5498397,0.045977,1,
write,write,,,video_small,pg_bytea,0,01-01-04-01-01-01-05_r00.mp4,5498397,0.475148,1,
write,write,,,video_small,mongo_gridfs,0,01-01-04-01-01-01-05_r00.mp4,5498397,1.646674,1,
write,write,,,video_small,pg_bytea,0,01-01-04-01-01-01-10_r00.mp4,5457041,0.181241,1,
write,write,,,video_small,polyglot,0,01-01-04-01-01-01-10_r00.mp4,5457041,0.045374,1,
write,write,,,video_small,mongo_gridfs,0,01-01-04-01-01-01-10_r00.mp4,5457041,0.044027,1,
write,write,,,video_small,polyglot,0,01-01-04-01-01-01-16_r00.mp4,5457041,0.051243,1,
write,write,,,video_small,pg_bytea,0,01-01-04-01-01-01-16_r00.mp4,5457041,0.144184,1,
write,write,,,video_small,mongo_gridfs,0,01-01-04-01-01-01-16_r00.mp4,5457041,0.060724,1,
write,write,,,video_small,mongo_gridfs,0,01-01-04-01-02-01-19_r00.mp4,5498397,0.048446,1,
write,write,,,video_small,polyglot,0,01-01-04-01-02-01-19_r00.mp4,5498397,0.043697,1,
write,write,,,video_small,pg_bytea,0,01-01-04-01-02-01-19_r00.mp4,5498397,0.144342,1,
write,write,,,video_small,pg_bytea,0,01-01-04-01-02-01-21_r00.mp4,5498397,0.158023,1,
write,write,,,video_small,polyglot,0,01-01-04-01-02-01-21_r00.mp4,5498397,0.049252,1,
write,write,,,video_small,mongo_gridfs,0,01-01-04-01-02-01-21_r00.mp4,5498397,0.041924,1,
write,write,,,video_small,mongo_gridfs,0,01-01-04-01-02-01-22_r00.mp4,5498397,0.045686,1,
write,write,,,video_small,pg_bytea,0,01-01-04-01-02-01-22_r00.mp4,5498397,0.156706,1,
write,write,,,video_small,polyglot,0,01-01-04-01-02-01-22_r00.mp4,5498397,0.045745,1,
write,write,,,video_small,pg_bytea,0,01-01-04-02-01-01-18_r00.mp4,5498397,0.161786,1,
write,write,,,video_small,mongo_gridfs,0,01-01-04-02-01-01-18_r00.mp4,5498397,0.045552,1,
write,write,,,video_small,polyglot,0,01-01-04-02-01-01-18_r00.mp4,5498397,0.042449,1,
write,write,,,video_small,pg_bytea,0,01-01-04-02-01-01-19_r00.mp4,5457041,0.240121,1,
write,write,,,video_small,mongo_gridfs,0,01-01-04-02-01-01-19_r00.mp4,5457041,0.042313,1,
write,write,,,video_small,polyglot,0,01-01-04-02-01-01-19_r00.mp4,5457041,0.042899,1,
write,write,,,video_small,mongo_gridfs,0,01-01-04-02-02-01-02_r00.mp4,5498397,0.059205,1,
write,write,,,video_small,polyglot,0,01-01-04-02-02-01-02_r00.mp4,5498397,0.046744,1,
write,write,,,video_small,pg_bytea,0,01-01-04-02-02-01-02_r00.mp4,5498397,0.151994,1,
write,write,,,video_small,mongo_gridfs,0,01-01-04-02-02-01-05_r00.mp4,5498397,0.069459,1,
write,write,,,video_small,polyglot,0,01-01-04-02-02-01-05_r00.mp4,5498397,0.047987,1,
write,write,,,video_small,pg_bytea,0,01-01-04-02-02-01-05_r00.mp4,5498397,0.163878,1,
write,write,,,video_small,mongo_gridfs,0,01-01-04-02-02-01-06_r00.mp4,5498397,0.046651,1,
write,write,,,video_small,pg_bytea,0,01-01-04-02-02-01-06_r00.mp4,5498397,0.153617,1,
write,write,,,video_small,polyglot,0,01-01-04-02-02-01-06_r00.mp4,5498397,0.042821,1,
write,write,,,video_small,polyglot,0,01-01-04-02-02-01-13_r00.mp4,5498397,0.047663,1,
write,write,,,video_small,pg_bytea,0,01-01-04-02-02-01-13_r00.mp4,5498397,0.139543,1,
write,write,,,video_small,mongo_gridfs,0,01-01-04-02-02-01-13_r00.mp4,5498397,0.061468,1,
write,write,,,video_small,polyglot,0,01-01-04-02-02-01-17_r00.mp4,5498397,0.064579,1,
write,write,,,video_small,mongo_gridfs,0,01-01-04-02-02-01-17_r00.mp4,5498397,0.046404,1,
write,write,,,video_small,pg_bytea,0,01-01-04-02-02-01-17_r00.mp4,5498397,0.207756,1,
write,write,,,video_small,pg_bytea,0,01-01-04-02-02-02-19_r00.mp4,5498397,0.141909,1,
write,write,,,video_small,polyglot,0,01-01-04-02-02-02-19_r00.mp4,5498397,0.053362,1,
write,write,,,video_small,mongo_gridfs,0,01-01-04-02-02-02-19_r00.mp4,5498397,0.045277,1,
write,write,,,video_small,mongo_gridfs,0,01-01-05-01-01-02-09_r00.mp4,5457041,0.045404,1,
write,write,,,video_small,pg_bytea,0,01-01-05-01-01-02-09_r00.mp4,5457041,0.137041,1,
write,write,,,video_small,polyglot,0,01-01-05-01-01-02-09_r00.mp4,5457041,0.054647,1,
write,write,,,video_small,pg_bytea,0,01-01-05-01-01-02-19_r00.mp4,5498397,0.174886,1,
write,write,,,video_small,mongo_gridfs,0,01-01-05-01-01-02-19_r00.mp4,5498397,0.045688,1,
write,write,,,video_small,polyglot,0,01-01-05-01-01-02-19_r00.mp4,5498397,0.045705,1,
write,write,,,video_small,mongo_gridfs,0,01-01-05-01-01-02-21_r00.mp4,5457041,2.049762,1,
write,write,,,video_small,pg_bytea,0,01-01-05-01-01-02-21_r00.mp4,5457041,0.155395,1,
write,write,,,video_small,polyglot,0,01-01-05-01-01-02-21_r00.mp4,5457041,0.042449,1,
write,write,,,video_small,pg_bytea,0,01-01-05-01-02-01-19_r00.mp4,5457041,0.132935,1,
write,write,,,video_small,polyglot,0,01-01-05-01-02-01-19_r00.mp4,5457041,0.042378,1,
write,write,,,video_small,mongo_gridfs,0,01-01-05-01-02-01-19_r00.mp4,5457041,0.046189,1,
write,write,,,video_small,polyglot,0,01-01-05-01-02-02-04_r00.mp4,5457041,0.059791,1,
write,write,,,video_small,pg_bytea,0,01-01-05-01-02-02-04_r00.mp4,5457041,0.154077,1,
write,write,,,video_small,mongo_gridfs,0,01-01-05-01-02-02-04_r00.mp4,5457041,0.042759,1,
write,write,,,video_small,polyglot,0,01-01-05-01-02-02-05_r00.mp4,5498397,0.044713,1,
write,write,,,video_small,mongo_gridfs,0,01-01-05-01-02-02-05_r00.mp4,5498397,0.040269,1,
write,write,,,video_small,pg_bytea,0,01-01-05-01-02-02-05_r00.mp4,5498397,0.164967,1,
write,write,,,video_small,mongo_gridfs,0,01-01-05-02-01-02-04_r00.mp4,5457041,0.044781,1,
write,write,,,video_small,polyglot,0,01-01-05-02-01-02-04_r00.mp4,5457041,0.045588,1,
write,write,,,video_small,pg_bytea,0,01-01-05-02-01-02-04_r00.mp4,5457041,0.138842,1,
write,write,,,video_small,pg_bytea,0,01-01-05-02-01-02-12_r00.mp4,5457041,0.156323,1,
write,write,,,video_small,mongo_gridfs,0,01-01-05-02-01-02-12_r00.mp4,5457041,0.043275,1,
write,write,,,video_small,polyglot,0,01-01-05-02-01-02-12_r00.mp4,5457041,0.045638,1,
write,write,,,video_small,mongo_gridfs,0,01-01-05-02-01-02-14_r00.mp4,5457041,0.053368,1,
write,write,,,video_small,polyglot,0,01-01-05-02-01-02-14_r00.mp4,5457041,0.043164,1,
write,write,,,video_small,pg_bytea,0,01-01-05-02-01-02-14_r00.mp4,5457041,0.151970,1,
write,write,,,video_small,polyglot,0,01-01-05-02-02-02-19_r00.mp4,5498397,0.048517,1,
write,write,,,video_small,pg_bytea,0,01-01-05-02-02-02-19_r00.mp4,5498397,0.140372,1,
write,write,,,video_small,mongo_gridfs,0,01-01-05-02-02-02-19_r00.mp4,5498397,0.050215,1,
write,write,,,video_small,polyglot,0,01-01-05-02-02-02-20_r00.mp4,5498397,0.052957,1,
write,write,,,video_small,pg_bytea,0,01-01-05-02-02-02-20_r00.mp4,5498397,0.166488,1,
write,write,,,video_small,mongo_gridfs,0,01-01-05-02-02-02-20_r00.mp4,5498397,0.047130,1,
write,write,,,video_small,polyglot,0,01-01-05-02-02-02-23_r00.mp4,5457041,0.068188,1,
write,write,,,video_small,pg_bytea,0,01-01-05-02-02-02-23_r00.mp4,5457041,0.147940,1,
write,write,,,video_small,mongo_gridfs,0,01-01-05-02-02-02-23_r00.mp4,5457041,0.042610,1,
write,write,,,video_small,pg_bytea,0,01-01-06-01-01-01-08_r00.mp4,5457041,0.161842,1,
write,write,,,video_small,mongo_gridfs,0,01-01-06-01-01-01-08_r00.mp4,5457041,0.043962,1,
write,write,,,video_small,polyglot,0,01-01-06-01-01-01-08_r00.mp4,5457041,0.043647,1,
write,write,,,video_small,polyglot,0,01-01-06-01-01-01-19_r00.mp4,5457041,0.048781,1,
write,write,,,video_small,pg_bytea,0,01-01-06-01-01-01-19_r00.mp4,5457041,0.157051,1,
write,write,,,video_small,mongo_gridfs,0,01-01-06-01-01-01-19_r00.mp4,5457041,0.047641,1,
write,write,,,video_small,polyglot,0,01-01-06-01-01-01-24_r00.mp4,5498397,0.058470,1,
write,write,,,video_small,pg_bytea,0,01-01-06-01-01-01-24_r00.mp4,5498397,0.143720,1,
write,write,,,video_small,mongo_gridfs,0,01-01-06-01-01-01-24_r00.mp4,5498397,0.047877,1,
write,write,,,video_medium,mongo_gridfs,0,tsinghua_v_0024_r00.mp4,13091522,0.121691,1,
write,write,,,video_medium,polyglot,0,tsinghua_v_0024_r00.mp4,13091522,0.108625,1,
write,write,,,video_medium,pg_bytea,0,tsinghua_v_0024_r00.mp4,13091522,0.398535,1,
write,write,,,video_medium,polyglot,0,tsinghua_v_0046_r00.mp4,13091522,0.111616,1,
write,write,,,video_medium,pg_bytea,0,tsinghua_v_0046_r00.mp4,13091522,0.546119,1,
write,write,,,video_medium,mongo_gridfs,0,tsinghua_v_0046_r00.mp4,13091522,1.575571,1,
write,write,,,video_medium,pg_bytea,0,tsinghua_v_0076_r00.mp4,13091522,0.373437,1,
write,write,,,video_medium,polyglot,0,tsinghua_v_0076_r00.mp4,13091522,0.118460,1,
write,write,,,video_medium,mongo_gridfs,0,tsinghua_v_0076_r00.mp4,13091522,0.100172,1,
write,write,,,video_medium,mongo_gridfs,0,tsinghua_v_0080_r00.mp4,13091522,0.113461,1,
write,write,,,video_medium,pg_bytea,0,tsinghua_v_0080_r00.mp4,13091522,0.389878,1,
write,write,,,video_medium,polyglot,0,tsinghua_v_0080_r00.mp4,13091522,0.109603,1,
write,write,,,video_medium,pg_bytea,0,tsinghua_v_0109_r00.mp4,13091522,0.340114,1,
write,write,,,video_medium,polyglot,0,tsinghua_v_0109_r00.mp4,13091522,0.097513,1,
write,write,,,video_medium,mongo_gridfs,0,tsinghua_v_0109_r00.mp4,13091522,0.137621,1,
write,write,,,video_medium,mongo_gridfs,0,tsinghua_v_0123_r00.mp4,13091522,0.116227,1,
write,write,,,video_medium,polyglot,0,tsinghua_v_0123_r00.mp4,13091522,0.112152,1,
write,write,,,video_medium,pg_bytea,0,tsinghua_v_0123_r00.mp4,13091522,0.405081,1,
write,write,,,video_medium,mongo_gridfs,0,tsinghua_v_0130_r00.mp4,13091522,0.106798,1,
write,write,,,video_medium,polyglot,0,tsinghua_v_0130_r00.mp4,13091522,0.112255,1,
write,write,,,video_medium,pg_bytea,0,tsinghua_v_0130_r00.mp4,13091522,0.376622,1,
write,write,,,video_medium,polyglot,0,tsinghua_v_0135_r00.mp4,13091522,0.109974,1,
write,write,,,video_medium,pg_bytea,0,tsinghua_v_0135_r00.mp4,13091522,0.381008,1,
write,write,,,video_medium,mongo_gridfs,0,tsinghua_v_0135_r00.mp4,13091522,0.100180,1,
write,write,,,video_medium,polyglot,0,tsinghua_v_0137_r00.mp4,13091522,0.123178,1,
write,write,,,video_medium,pg_bytea,0,tsinghua_v_0137_r00.mp4,13091522,0.597698,1,
write,write,,,video_medium,mongo_gridfs,0,tsinghua_v_0137_r00.mp4,13091522,0.119555,1,
write,write,,,video_medium,polyglot,0,tsinghua_v_0140_r00.mp4,13091522,0.116018,1,
write,write,,,video_medium,mongo_gridfs,0,tsinghua_v_0140_r00.mp4,13091522,0.110149,1,
write,write,,,video_medium,pg_bytea,0,tsinghua_v_0140_r00.mp4,13091522,0.383262,1,
write,write,,,video_medium,pg_bytea,0,tsinghua_v_0151_r00.mp4,13091522,0.339562,1,
write,write,,,video_medium,mongo_gridfs,0,tsinghua_v_0151_r00.mp4,13091522,0.113735,1,
write,write,,,video_medium,polyglot,0,tsinghua_v_0151_r00.mp4,13091522,0.136037,1,
write,write,,,video_medium,pg_bytea,0,tsinghua_v_0157_r00.mp4,13091522,0.367921,1,
write,write,,,video_medium,polyglot,0,tsinghua_v_0157_r00.mp4,13091522,0.125664,1,
write,write,,,video_medium,mongo_gridfs,0,tsinghua_v_0157_r00.mp4,13091522,0.115698,1,
write,write,,,video_medium,pg_bytea,0,tsinghua_v_0209_r00.mp4,13091522,0.355620,1,
write,write,,,video_medium,mongo_gridfs,0,tsinghua_v_0209_r00.mp4,13091522,0.102750,1,
write,write,,,video_medium,polyglot,0,tsinghua_v_0209_r00.mp4,13091522,0.113081,1,
write,write,,,video_medium,polyglot,0,tsinghua_v_0226_r00.mp4,13091522,0.100737,1,
write,write,,,video_medium,mongo_gridfs,0,tsinghua_v_0226_r00.mp4,13091522,0.105963,1,
write,write,,,video_medium,pg_bytea,0,tsinghua_v_0226_r00.mp4,13091522,0.361425,1,
write,write,,,video_medium,pg_bytea,0,tsinghua_v_0236_r00.mp4,13091522,0.384581,1,
write,write,,,video_medium,mongo_gridfs,0,tsinghua_v_0236_r00.mp4,13091522,0.111173,1,
write,write,,,video_medium,polyglot,0,tsinghua_v_0236_r00.mp4,13091522,0.109968,1,
write,write,,,video_medium,pg_bytea,0,tsinghua_v_0274_r00.mp4,13091522,0.386291,1,
write,write,,,video_medium,mongo_gridfs,0,tsinghua_v_0274_r00.mp4,13091522,0.108914,1,
write,write,,,video_medium,polyglot,0,tsinghua_v_0274_r00.mp4,13091522,0.121999,1,
write,write,,,video_medium,pg_bytea,0,tsinghua_v_0280_r00.mp4,13091522,0.330882,1,
write,write,,,video_medium,mongo_gridfs,0,tsinghua_v_0280_r00.mp4,13091522,0.114416,1,
write,write,,,video_medium,polyglot,0,tsinghua_v_0280_r00.mp4,13091522,0.131410,1,
write,write,,,video_medium,polyglot,0,tsinghua_v_0302_r00.mp4,13091522,0.111402,1,
write,write,,,video_medium,pg_bytea,0,tsinghua_v_0302_r00.mp4,13091522,0.376030,1,
write,write,,,video_medium,mongo_gridfs,0,tsinghua_v_0302_r00.mp4,13091522,0.109011,1,
write,write,,,video_medium,pg_bytea,0,tsinghua_v_0311_r00.mp4,13091522,2.249644,1,
write,write,,,video_medium,polyglot,0,tsinghua_v_0311_r00.mp4,13091522,0.108508,1,
write,write,,,video_medium,mongo_gridfs,0,tsinghua_v_0311_r00.mp4,13091522,0.113055,1,
write,write,,,video_medium,polyglot,0,tsinghua_v_0316_r00.mp4,13091522,0.098347,1,
write,write,,,video_medium,pg_bytea,0,tsinghua_v_0316_r00.mp4,13091522,0.405219,1,
write,write,,,video_medium,mongo_gridfs,0,tsinghua_v_0316_r00.mp4,13091522,0.101632,1,
write,write,,,video_medium,mongo_gridfs,0,tsinghua_v_0319_r00.mp4,13091522,0.121440,1,
write,write,,,video_medium,polyglot,0,tsinghua_v_0319_r00.mp4,13091522,0.103751,1,
write,write,,,video_medium,pg_bytea,0,tsinghua_v_0319_r00.mp4,13091522,0.380927,1,
write,write,,,video_medium,pg_bytea,0,tsinghua_v_0321_r00.mp4,13091522,0.387847,1,
write,write,,,video_medium,polyglot,0,tsinghua_v_0321_r00.mp4,13091522,0.111187,1,
write,write,,,video_medium,mongo_gridfs,0,tsinghua_v_0321_r00.mp4,13091522,0.115810,1,
write,write,,,video_medium,pg_bytea,0,tsinghua_v_0331_r00.mp4,13091522,0.365087,1,
write,write,,,video_medium,mongo_gridfs,0,tsinghua_v_0331_r00.mp4,13091522,0.099355,1,
write,write,,,video_medium,polyglot,0,tsinghua_v_0331_r00.mp4,13091522,0.125682,1,
write,write,,,video_medium,pg_bytea,0,tsinghua_v_0345_r00.mp4,13091522,0.393545,1,
write,write,,,video_medium,polyglot,0,tsinghua_v_0345_r00.mp4,13091522,0.105473,1,
write,write,,,video_medium,mongo_gridfs,0,tsinghua_v_0345_r00.mp4,13091522,0.121676,1,
write,write,,,video_medium,pg_bytea,0,tsinghua_v_0356_r00.mp4,13091522,0.416236,1,
write,write,,,video_medium,polyglot,0,tsinghua_v_0356_r00.mp4,13091522,0.116543,1,
write,write,,,video_medium,mongo_gridfs,0,tsinghua_v_0356_r00.mp4,13091522,2.214899,1,
write,write,,,video_medium,mongo_gridfs,0,tsinghua_v_0357_r00.mp4,13091522,0.109823,1,
write,write,,,video_medium,pg_bytea,0,tsinghua_v_0357_r00.mp4,13091522,0.361072,1,
write,write,,,video_medium,polyglot,0,tsinghua_v_0357_r00.mp4,13091522,0.109441,1,
write,write,,,video_medium,mongo_gridfs,0,tsinghua_v_0379_r00.mp4,13091522,0.101099,1,
write,write,,,video_medium,pg_bytea,0,tsinghua_v_0379_r00.mp4,13091522,0.358281,1,
write,write,,,video_medium,polyglot,0,tsinghua_v_0379_r00.mp4,13091522,0.103879,1,
write,write,,,video_medium,mongo_gridfs,0,tsinghua_v_0393_r00.mp4,13091522,0.117676,1,
write,write,,,video_medium,pg_bytea,0,tsinghua_v_0393_r00.mp4,13091522,0.381999,1,
write,write,,,video_medium,polyglot,0,tsinghua_v_0393_r00.mp4,13091522,0.105891,1,
write,write,,,video_medium,mongo_gridfs,0,tsinghua_v_0421_r00.mp4,13091522,0.133879,1,
write,write,,,video_medium,pg_bytea,0,tsinghua_v_0421_r00.mp4,13091522,0.347012,1,
write,write,,,video_medium,polyglot,0,tsinghua_v_0421_r00.mp4,13091522,0.100436,1,
write,write,,,video_medium,pg_bytea,0,tsinghua_v_0424_r00.mp4,13091522,0.346745,1,
write,write,,,video_medium,mongo_gridfs,0,tsinghua_v_0424_r00.mp4,13091522,0.101733,1,
write,write,,,video_medium,polyglot,0,tsinghua_v_0424_r00.mp4,13091522,0.143610,1,
write,write,,,video_medium,mongo_gridfs,0,tsinghua_v_0427_r00.mp4,13091522,0.104420,1,
write,write,,,video_medium,polyglot,0,tsinghua_v_0427_r00.mp4,13091522,0.124860,1,
write,write,,,video_medium,pg_bytea,0,tsinghua_v_0427_r00.mp4,13091522,0.390358,1,
write,write,,,video_medium,pg_bytea,0,tsinghua_v_0431_r00.mp4,13091522,0.355631,1,
write,write,,,video_medium,polyglot,0,tsinghua_v_0431_r00.mp4,13091522,0.134388,1,
write,write,,,video_medium,mongo_gridfs,0,tsinghua_v_0431_r00.mp4,13091522,0.125233,1,
write,write,,,video_medium,pg_bytea,0,tsinghua_v_0452_r00.mp4,13091522,1.866598,1,
write,write,,,video_medium,mongo_gridfs,0,tsinghua_v_0452_r00.mp4,13091522,0.106457,1,
write,write,,,video_medium,polyglot,0,tsinghua_v_0452_r00.mp4,13091522,0.114079,1,
write,write,,,video_medium,polyglot,0,tsinghua_v_0454_r00.mp4,13091522,0.109068,1,
write,write,,,video_medium,mongo_gridfs,0,tsinghua_v_0454_r00.mp4,13091522,0.126122,1,
write,write,,,video_medium,pg_bytea,0,tsinghua_v_0454_r00.mp4,13091522,0.371602,1,
write,write,,,video_medium,polyglot,0,tsinghua_v_0457_r00.mp4,13091522,0.114699,1,
write,write,,,video_medium,pg_bytea,0,tsinghua_v_0457_r00.mp4,13091522,0.341070,1,
write,write,,,video_medium,mongo_gridfs,0,tsinghua_v_0457_r00.mp4,13091522,0.108140,1,
write,write,,,video_medium,mongo_gridfs,0,tsinghua_v_0466_r00.mp4,13091522,0.120673,1,
write,write,,,video_medium,polyglot,0,tsinghua_v_0466_r00.mp4,13091522,0.096244,1,
write,write,,,video_medium,pg_bytea,0,tsinghua_v_0466_r00.mp4,13091522,0.421274,1,
write,write,,,video_medium,mongo_gridfs,0,tsinghua_v_0471_r00.mp4,13091522,0.114362,1,
write,write,,,video_medium,polyglot,0,tsinghua_v_0471_r00.mp4,13091522,0.121406,1,
write,write,,,video_medium,pg_bytea,0,tsinghua_v_0471_r00.mp4,13091522,0.384953,1,
write,write,,,video_medium,mongo_gridfs,0,tsinghua_v_0472_r00.mp4,13091522,0.101939,1,
write,write,,,video_medium,polyglot,0,tsinghua_v_0472_r00.mp4,13091522,0.181554,1,
write,write,,,video_medium,pg_bytea,0,tsinghua_v_0472_r00.mp4,13091522,0.378168,1,
write,write,,,video_medium,pg_bytea,0,tsinghua_v_0494_r00.mp4,13091522,0.384554,1,
write,write,,,video_medium,mongo_gridfs,0,tsinghua_v_0494_r00.mp4,13091522,0.105702,1,
write,write,,,video_medium,polyglot,0,tsinghua_v_0494_r00.mp4,13091522,0.128774,1,
write,write,,,video_medium,pg_bytea,0,tsinghua_v_0503_r00.mp4,13091522,0.373614,1,
write,write,,,video_medium,mongo_gridfs,0,tsinghua_v_0503_r00.mp4,13091522,0.101583,1,
write,write,,,video_medium,polyglot,0,tsinghua_v_0503_r00.mp4,13091522,0.129761,1,
write,write,,,video_medium,polyglot,0,tsinghua_v_0509_r00.mp4,13091522,0.103724,1,
write,write,,,video_medium,mongo_gridfs,0,tsinghua_v_0509_r00.mp4,13091522,0.119367,1,
write,write,,,video_medium,pg_bytea,0,tsinghua_v_0509_r00.mp4,13091522,0.391019,1,
write,write,,,video_medium,mongo_gridfs,0,tsinghua_v_0523_r00.mp4,13091522,0.131337,1,
write,write,,,video_medium,pg_bytea,0,tsinghua_v_0523_r00.mp4,13091522,0.387593,1,
write,write,,,video_medium,polyglot,0,tsinghua_v_0523_r00.mp4,13091522,0.107075,1,
write,write,,,video_medium,polyglot,0,tsinghua_v_0546_r00.mp4,13091522,0.141699,1,
write,write,,,video_medium,pg_bytea,0,tsinghua_v_0546_r00.mp4,13091522,0.387871,1,
write,write,,,video_medium,mongo_gridfs,0,tsinghua_v_0546_r00.mp4,13091522,0.105457,1,
write,write,,,video_medium,polyglot,0,tsinghua_v_0568_r00.mp4,13091522,0.125120,1,
write,write,,,video_medium,mongo_gridfs,0,tsinghua_v_0568_r00.mp4,13091522,0.103063,1,
write,write,,,video_medium,pg_bytea,0,tsinghua_v_0568_r00.mp4,13091522,0.422750,1,
write,write,,,video_medium,mongo_gridfs,0,tsinghua_v_0594_r00.mp4,13091522,0.124062,1,
write,write,,,video_medium,pg_bytea,0,tsinghua_v_0594_r00.mp4,13091522,0.369785,1,
write,write,,,video_medium,polyglot,0,tsinghua_v_0594_r00.mp4,13091522,0.119048,1,
write,write,,,video_medium,mongo_gridfs,0,tsinghua_v_0596_r00.mp4,13091522,0.113980,1,
write,write,,,video_medium,polyglot,0,tsinghua_v_0596_r00.mp4,13091522,2.107024,1,
write,write,,,video_medium,pg_bytea,0,tsinghua_v_0596_r00.mp4,13091522,0.417726,1,
write,write,,,video_medium,mongo_gridfs,0,tsinghua_v_0635_r00.mp4,13091522,0.110927,1,
write,write,,,video_medium,pg_bytea,0,tsinghua_v_0635_r00.mp4,13091522,0.393654,1,
write,write,,,video_medium,polyglot,0,tsinghua_v_0635_r00.mp4,13091522,0.110689,1,
write,write,,,video_medium,pg_bytea,0,tsinghua_v_0653_r00.mp4,13091522,0.359955,1,
write,write,,,video_medium,mongo_gridfs,0,tsinghua_v_0653_r00.mp4,13091522,0.103113,1,
write,write,,,video_medium,polyglot,0,tsinghua_v_0653_r00.mp4,13091522,0.109801,1,
write,write,,,video_medium,mongo_gridfs,0,tsinghua_v_0667_r00.mp4,13091522,0.101985,1,
write,write,,,video_medium,polyglot,0,tsinghua_v_0667_r00.mp4,13091522,0.122606,1,
write,write,,,video_medium,pg_bytea,0,tsinghua_v_0667_r00.mp4,13091522,2.308479,1,
write,write,,,video_medium,polyglot,0,tsinghua_v_0673_r00.mp4,13091522,0.101870,1,
write,write,,,video_medium,pg_bytea,0,tsinghua_v_0673_r00.mp4,13091522,0.336297,1,
write,write,,,video_medium,mongo_gridfs,0,tsinghua_v_0673_r00.mp4,13091522,0.099606,1,
write,write,,,video_medium,pg_bytea,0,tsinghua_v_0681_r00.mp4,13091522,0.370976,1,
write,write,,,video_medium,polyglot,0,tsinghua_v_0681_r00.mp4,13091522,0.122194,1,
write,write,,,video_medium,mongo_gridfs,0,tsinghua_v_0681_r00.mp4,13091522,0.130298,1,
write,write,,,video_medium,polyglot,0,tsinghua_v_0690_r00.mp4,13091522,0.105052,1,
write,write,,,video_medium,pg_bytea,0,tsinghua_v_0690_r00.mp4,13091522,0.379933,1,
write,write,,,video_medium,mongo_gridfs,0,tsinghua_v_0690_r00.mp4,13091522,0.101561,1,
write,write,,,video_medium,pg_bytea,0,tsinghua_v_0692_r00.mp4,13091522,0.586419,1,
write,write,,,video_medium,mongo_gridfs,0,tsinghua_v_0692_r00.mp4,13091522,1.664291,1,
write,write,,,video_medium,polyglot,0,tsinghua_v_0692_r00.mp4,13091522,0.129103,1,
write,write,,,video_medium,mongo_gridfs,0,tsinghua_v_0696_r00.mp4,13091522,0.163971,1,
write,write,,,video_medium,polyglot,0,tsinghua_v_0696_r00.mp4,13091522,0.118292,1,
write,write,,,video_medium,pg_bytea,0,tsinghua_v_0696_r00.mp4,13091522,0.391374,1,
write,write,,,video_medium,pg_bytea,0,tsinghua_v_0734_r00.mp4,13091522,0.367559,1,
write,write,,,video_medium,mongo_gridfs,0,tsinghua_v_0734_r00.mp4,13091522,0.106809,1,
write,write,,,video_medium,polyglot,0,tsinghua_v_0734_r00.mp4,13091522,0.115366,1,
write,write,,,video_medium,pg_bytea,0,tsinghua_v_0737_r00.mp4,13091522,0.346273,1,
write,write,,,video_medium,polyglot,0,tsinghua_v_0737_r00.mp4,13091522,0.102410,1,
write,write,,,video_medium,mongo_gridfs,0,tsinghua_v_0737_r00.mp4,13091522,0.124120,1,
write,write,,,video_medium,mongo_gridfs,0,tsinghua_v_0744_r00.mp4,13091522,0.109109,1,
write,write,,,video_medium,pg_bytea,0,tsinghua_v_0744_r00.mp4,13091522,0.358226,1,
write,write,,,video_medium,polyglot,0,tsinghua_v_0744_r00.mp4,13091522,0.111859,1,
write,write,,,video_medium,mongo_gridfs,0,tsinghua_v_0745_r00.mp4,13091522,0.113090,1,
write,write,,,video_medium,polyglot,0,tsinghua_v_0745_r00.mp4,13091522,0.100126,1,
write,write,,,video_medium,pg_bytea,0,tsinghua_v_0745_r00.mp4,13091522,0.394600,1,
write,write,,,video_medium,mongo_gridfs,0,tsinghua_v_0769_r00.mp4,13091522,0.106263,1,
write,write,,,video_medium,polyglot,0,tsinghua_v_0769_r00.mp4,13091522,0.124390,1,
write,write,,,video_medium,pg_bytea,0,tsinghua_v_0769_r00.mp4,13091522,0.390365,1,
write,write,,,video_medium,mongo_gridfs,0,tsinghua_v_0791_r00.mp4,13091522,0.104564,1,
write,write,,,video_medium,pg_bytea,0,tsinghua_v_0791_r00.mp4,13091522,0.516684,1,
write,write,,,video_medium,polyglot,0,tsinghua_v_0791_r00.mp4,13091522,1.641821,1,
write,write,,,video_medium,mongo_gridfs,0,tsinghua_v_0792_r00.mp4,13091522,0.109873,1,
write,write,,,video_medium,pg_bytea,0,tsinghua_v_0792_r00.mp4,13091522,0.365367,1,
write,write,,,video_medium,polyglot,0,tsinghua_v_0792_r00.mp4,13091522,0.139879,1,
write,write,,,video_medium,pg_bytea,0,tsinghua_v_0857_r00.mp4,13091522,0.387539,1,
write,write,,,video_medium,polyglot,0,tsinghua_v_0857_r00.mp4,13091522,0.113731,1,
write,write,,,video_medium,mongo_gridfs,0,tsinghua_v_0857_r00.mp4,13091522,0.125864,1,
write,write,,,video_medium,pg_bytea,0,tsinghua_v_0866_r00.mp4,13091522,0.356441,1,
write,write,,,video_medium,mongo_gridfs,0,tsinghua_v_0866_r00.mp4,13091522,0.101744,1,
write,write,,,video_medium,polyglot,0,tsinghua_v_0866_r00.mp4,13091522,0.120544,1,
write,write,,,video_medium,pg_bytea,0,tsinghua_v_0880_r00.mp4,13091522,2.178062,1,
write,write,,,video_medium,polyglot,0,tsinghua_v_0880_r00.mp4,13091522,0.139070,1,
write,write,,,video_medium,mongo_gridfs,0,tsinghua_v_0880_r00.mp4,13091522,0.116735,1,
write,write,,,video_medium,mongo_gridfs,0,tsinghua_v_0888_r00.mp4,13091522,0.096766,1,
write,write,,,video_medium,polyglot,0,tsinghua_v_0888_r00.mp4,13091522,0.107775,1,
write,write,,,video_medium,pg_bytea,0,tsinghua_v_0888_r00.mp4,13091522,0.369098,1,
write,write,,,video_medium,mongo_gridfs,0,tsinghua_v_0901_r00.mp4,13091522,0.116544,1,
write,write,,,video_medium,pg_bytea,0,tsinghua_v_0901_r00.mp4,13091522,0.373127,1,
write,write,,,video_medium,polyglot,0,tsinghua_v_0901_r00.mp4,13091522,0.104249,1,
write,write,,,video_medium,pg_bytea,0,tsinghua_v_0937_r00.mp4,13091522,0.352403,1,
write,write,,,video_medium,polyglot,0,tsinghua_v_0937_r00.mp4,13091522,0.118983,1,
write,write,,,video_medium,mongo_gridfs,0,tsinghua_v_0937_r00.mp4,13091522,0.135780,1,
write,write,,,video_medium,polyglot,0,tsinghua_v_0939_r00.mp4,13091522,0.102519,1,
write,write,,,video_medium,mongo_gridfs,0,tsinghua_v_0939_r00.mp4,13091522,0.120962,1,
write,write,,,video_medium,pg_bytea,0,tsinghua_v_0939_r00.mp4,13091522,0.381118,1,
write,write,,,video_medium,polyglot,0,tsinghua_v_0961_r00.mp4,13091522,0.111830,1,
write,write,,,video_medium,pg_bytea,0,tsinghua_v_0961_r00.mp4,13091522,0.367030,1,
write,write,,,video_medium,mongo_gridfs,0,tsinghua_v_0961_r00.mp4,13091522,0.101896,1,
write,write,,,video_medium,mongo_gridfs,0,tsinghua_v_0977_r00.mp4,13091522,0.140410,1,
write,write,,,video_medium,polyglot,0,tsinghua_v_0977_r00.mp4,13091522,0.102388,1,
write,write,,,video_medium,pg_bytea,0,tsinghua_v_0977_r00.mp4,13091522,0.385147,1,
write,write,,,audio_small,polyglot,1,03-01-01-01-01-02-19_r01.wav,375720,0.006434,1,
write,write,,,audio_small,mongo_gridfs,1,03-01-01-01-01-02-19_r01.wav,375720,0.005349,1,
write,write,,,audio_small,pg_bytea,1,03-01-01-01-01-02-19_r01.wav,375720,0.011189,1,
write,write,,,audio_small,mongo_gridfs,1,03-01-01-01-02-02-05_r01.wav,396294,0.006140,1,
write,write,,,audio_small,polyglot,1,03-01-01-01-02-02-05_r01.wav,396294,0.005045,1,
write,write,,,audio_small,pg_bytea,1,03-01-01-01-02-02-05_r01.wav,396294,0.010231,1,
write,write,,,audio_small,polyglot,1,03-01-01-01-02-02-06_r01.wav,363108,0.005594,1,
write,write,,,audio_small,mongo_gridfs,1,03-01-01-01-02-02-06_r01.wav,363108,0.007253,1,
write,write,,,audio_small,pg_bytea,1,03-01-01-01-02-02-06_r01.wav,363108,0.123807,1,
write,write,,,audio_small,pg_bytea,1,03-01-01-01-02-02-07_r01.wav,363108,0.010535,1,
write,write,,,audio_small,mongo_gridfs,1,03-01-01-01-02-02-07_r01.wav,363108,0.005942,1,
write,write,,,audio_small,polyglot,1,03-01-01-01-02-02-07_r01.wav,363108,0.005656,1,
write,write,,,audio_small,pg_bytea,1,03-01-01-01-02-02-11_r01.wav,375720,0.013015,1,
write,write,,,audio_small,polyglot,1,03-01-01-01-02-02-11_r01.wav,375720,0.007726,1,
write,write,,,audio_small,mongo_gridfs,1,03-01-01-01-02-02-11_r01.wav,375720,0.005090,1,
write,write,,,audio_small,polyglot,1,03-01-01-01-02-02-12_r01.wav,372698,0.004773,1,
write,write,,,audio_small,mongo_gridfs,1,03-01-01-01-02-02-12_r01.wav,372698,0.004443,1,
write,write,,,audio_small,pg_bytea,1,03-01-01-01-02-02-12_r01.wav,372698,0.011876,1,
write,write,,,audio_small,polyglot,1,03-01-01-01-02-02-13_r01.wav,363108,0.005964,1,
write,write,,,audio_small,pg_bytea,1,03-01-01-01-02-02-13_r01.wav,363108,0.010550,1,
write,write,,,audio_small,mongo_gridfs,1,03-01-01-01-02-02-13_r01.wav,363108,0.007456,1,
write,write,,,audio_small,polyglot,1,03-01-01-02-01-02-05_r01.wav,393086,0.004867,1,
write,write,,,audio_small,mongo_gridfs,1,03-01-01-02-01-02-05_r01.wav,393086,0.006819,1,
write,write,,,audio_small,pg_bytea,1,03-01-01-02-01-02-05_r01.wav,393086,0.034837,1,
write,write,,,audio_small,pg_bytea,1,03-01-01-02-01-02-06_r01.wav,363108,0.033713,1,
write,write,,,audio_small,polyglot,1,03-01-01-02-01-02-06_r01.wav,363108,0.039458,1,
write,write,,,audio_small,mongo_gridfs,1,03-01-01-02-01-02-06_r01.wav,363108,0.015095,1,
write,write,,,audio_small,mongo_gridfs,1,03-01-01-02-01-02-07_r01.wav,372698,0.004003,1,
write,write,,,audio_small,polyglot,1,03-01-01-02-01-02-07_r01.wav,372698,0.005369,1,
write,write,,,audio_small,pg_bytea,1,03-01-01-02-01-02-07_r01.wav,372698,0.010152,1,
write,write,,,audio_small,polyglot,1,03-01-01-02-01-02-13_r01.wav,399494,0.004757,1,
write,write,,,audio_small,mongo_gridfs,1,03-01-01-02-01-02-13_r01.wav,399494,0.004473,1,
write,write,,,audio_small,pg_bytea,1,03-01-01-02-01-02-13_r01.wav,399494,0.012241,1,
write,write,,,audio_small,mongo_gridfs,1,03-01-01-02-02-02-19_r01.wav,372698,0.004073,1,
write,write,,,audio_small,polyglot,1,03-01-01-02-02-02-19_r01.wav,372698,0.003543,1,
write,write,,,audio_small,pg_bytea,1,03-01-01-02-02-02-19_r01.wav,372698,0.010234,1,
write,write,,,audio_small,polyglot,1,03-01-02-01-01-01-19_r01.wav,372698,0.003945,1,
write,write,,,audio_small,pg_bytea,1,03-01-02-01-01-01-19_r01.wav,372698,0.009845,1,
write,write,,,audio_small,mongo_gridfs,1,03-01-02-01-01-01-19_r01.wav,372698,0.004448,1,
write,write,,,audio_small,pg_bytea,1,03-01-02-01-02-01-06_r01.wav,363108,0.009512,1,
write,write,,,audio_small,polyglot,1,03-01-02-01-02-01-06_r01.wav,363108,0.004783,1,
write,write,,,audio_small,mongo_gridfs,1,03-01-02-01-02-01-06_r01.wav,363108,0.003608,1,
write,write,,,audio_small,pg_bytea,1,03-01-02-01-02-01-07_r01.wav,399494,0.010622,1,
write,write,,,audio_small,mongo_gridfs,1,03-01-02-01-02-01-07_r01.wav,399494,0.004870,1,
write,write,,,audio_small,polyglot,1,03-01-02-01-02-01-07_r01.wav,399494,0.004449,1,
write,write,,,audio_small,polyglot,1,03-01-02-01-02-01-11_r01.wav,375720,0.003926,1,
write,write,,,audio_small,pg_bytea,1,03-01-02-01-02-01-11_r01.wav,375720,0.009212,1,
write,write,,,audio_small,mongo_gridfs,1,03-01-02-01-02-01-11_r01.wav,375720,0.003793,1,
write,write,,,audio_small,mongo_gridfs,1,03-01-02-01-02-01-12_r01.wav,372698,0.003589,1,
write,write,,,audio_small,polyglot,1,03-01-02-01-02-01-12_r01.wav,372698,0.003800,1,
write,write,,,audio_small,pg_bytea,1,03-01-02-01-02-01-12_r01.wav,372698,0.013663,1,
write,write,,,audio_small,polyglot,1,03-01-02-01-02-01-13_r01.wav,379106,0.004963,1,
write,write,,,audio_small,mongo_gridfs,1,03-01-02-01-02-01-13_r01.wav,379106,0.004003,1,
write,write,,,audio_small,pg_bytea,1,03-01-02-01-02-01-13_r01.wav,379106,0.011082,1,
write,write,,,audio_small,mongo_gridfs,1,03-01-02-02-01-01-05_r01.wav,363108,0.003784,1,
write,write,,,audio_small,pg_bytea,1,03-01-02-02-01-01-05_r01.wav,363108,0.008887,1,
write,write,,,audio_small,polyglot,1,03-01-02-02-01-01-05_r01.wav,363108,0.004503,1,
write,write,,,audio_small,pg_bytea,1,03-01-02-02-01-01-11_r01.wav,363108,0.008549,1,
write,write,,,audio_small,mongo_gridfs,1,03-01-02-02-01-01-11_r01.wav,363108,0.003884,1,
write,write,,,audio_small,polyglot,1,03-01-02-02-01-01-11_r01.wav,363108,0.003561,1,
write,write,,,audio_small,pg_bytea,1,03-01-02-02-01-01-12_r01.wav,399494,0.009527,1,
write,write,,,audio_small,polyglot,1,03-01-02-02-01-01-12_r01.wav,399494,0.005037,1,
write,write,,,audio_small,mongo_gridfs,1,03-01-02-02-01-01-12_r01.wav,399494,0.003834,1,
write,write,,,audio_small,pg_bytea,1,03-01-02-02-01-01-13_r01.wav,399494,0.010485,1,
write,write,,,audio_small,mongo_gridfs,1,03-01-02-02-01-01-13_r01.wav,399494,0.004154,1,
write,write,,,audio_small,polyglot,1,03-01-02-02-01-01-13_r01.wav,399494,0.003944,1,
write,write,,,audio_small,mongo_gridfs,1,03-01-02-02-02-01-19_r01.wav,379106,0.003648,1,
write,write,,,audio_small,polyglot,1,03-01-02-02-02-01-19_r01.wav,379106,0.004684,1,
write,write,,,audio_small,pg_bytea,1,03-01-02-02-02-01-19_r01.wav,379106,0.008855,1,
write,write,,,audio_small,mongo_gridfs,1,03-01-03-01-01-02-05_r01.wav,396294,0.005553,1,
write,write,,,audio_small,polyglot,1,03-01-03-01-01-02-05_r01.wav,396294,0.004714,1,
write,write,,,audio_small,pg_bytea,1,03-01-03-01-01-02-05_r01.wav,396294,0.009754,1,
write,write,,,audio_small,pg_bytea,1,03-01-03-01-01-02-07_r01.wav,393086,0.011619,1,
write,write,,,audio_small,polyglot,1,03-01-03-01-01-02-07_r01.wav,393086,0.006160,1,
write,write,,,audio_small,mongo_gridfs,1,03-01-03-01-01-02-07_r01.wav,393086,0.004911,1,
write,write,,,audio_small,pg_bytea,1,03-01-03-01-01-02-12_r01.wav,399494,0.012166,1,
write,write,,,audio_small,mongo_gridfs,1,03-01-03-01-01-02-12_r01.wav,399494,0.009092,1,
write,write,,,audio_small,polyglot,1,03-01-03-01-01-02-12_r01.wav,399494,0.004987,1,
write,write,,,audio_small,polyglot,1,03-01-03-01-01-02-13_r01.wav,399494,0.004358,1,
write,write,,,audio_small,pg_bytea,1,03-01-03-01-01-02-13_r01.wav,399494,0.009977,1,
write,write,,,audio_small,mongo_gridfs,1,03-01-03-01-01-02-13_r01.wav,399494,0.005172,1,
write,write,,,audio_small,mongo_gridfs,1,03-01-03-01-02-02-18_r01.wav,393086,0.004606,1,
write,write,,,audio_small,polyglot,1,03-01-03-01-02-02-18_r01.wav,393086,0.005244,1,
write,write,,,audio_small,pg_bytea,1,03-01-03-01-02-02-18_r01.wav,393086,0.009786,1,
write,write,,,audio_small,polyglot,1,03-01-03-01-02-02-19_r01.wav,399494,0.005711,1,
write,write,,,audio_small,mongo_gridfs,1,03-01-03-01-02-02-19_r01.wav,399494,0.004385,1,
write,write,,,audio_small,pg_bytea,1,03-01-03-01-02-02-19_r01.wav,399494,0.012361,1,
write,write,,,audio_small,pg_bytea,1,03-01-03-02-01-02-18_r01.wav,396294,0.009650,1,
write,write,,,audio_small,mongo_gridfs,1,03-01-03-02-01-02-18_r01.wav,396294,0.006048,1,
write,write,,,audio_small,polyglot,1,03-01-03-02-01-02-18_r01.wav,396294,0.006116,1,
write,write,,,audio_small,polyglot,1,03-01-03-02-01-02-19_r01.wav,372698,0.005391,1,
write,write,,,audio_small,pg_bytea,1,03-01-03-02-01-02-19_r01.wav,372698,0.011111,1,
write,write,,,audio_small,mongo_gridfs,1,03-01-03-02-01-02-19_r01.wav,372698,0.005618,1,
write,write,,,audio_small,mongo_gridfs,1,03-01-03-02-02-02-04_r01.wav,379106,0.005482,1,
write,write,,,audio_small,polyglot,1,03-01-03-02-02-02-04_r01.wav,379106,0.005067,1,
write,write,,,audio_small,pg_bytea,1,03-01-03-02-02-02-04_r01.wav,379106,0.009609,1,
write,write,,,audio_small,polyglot,1,03-01-03-02-02-02-06_r01.wav,399494,0.005195,1,
write,write,,,audio_small,mongo_gridfs,1,03-01-03-02-02-02-06_r01.wav,399494,0.005242,1,
write,write,,,audio_small,pg_bytea,1,03-01-03-02-02-02-06_r01.wav,399494,0.011314,1,
write,write,,,audio_small,polyglot,1,03-01-03-02-02-02-07_r01.wav,393086,0.006095,1,
write,write,,,audio_small,pg_bytea,1,03-01-03-02-02-02-07_r01.wav,393086,0.009987,1,
write,write,,,audio_small,mongo_gridfs,1,03-01-03-02-02-02-07_r01.wav,393086,0.006084,1,
write,write,,,audio_small,polyglot,1,03-01-03-02-02-02-10_r01.wav,375720,0.005961,1,
write,write,,,audio_small,pg_bytea,1,03-01-03-02-02-02-10_r01.wav,375720,0.009951,1,
write,write,,,audio_small,mongo_gridfs,1,03-01-03-02-02-02-10_r01.wav,375720,0.006275,1,
write,write,,,audio_small,pg_bytea,1,03-01-03-02-02-02-11_r01.wav,396294,0.010971,1,
write,write,,,audio_small,polyglot,1,03-01-03-02-02-02-11_r01.wav,396294,0.005951,1,
write,write,,,audio_small,mongo_gridfs,1,03-01-03-02-02-02-11_r01.wav,396294,0.005650,1,
write,write,,,audio_small,mongo_gridfs,1,03-01-03-02-02-02-13_r01.wav,399494,0.005003,1,
write,write,,,audio_small,pg_bytea,1,03-01-03-02-02-02-13_r01.wav,399494,0.011226,1,
write,write,,,audio_small,polyglot,1,03-01-03-02-02-02-13_r01.wav,399494,0.005926,1,
write,write,,,audio_small,polyglot,1,03-01-04-01-01-02-01_r01.wav,396294,0.005181,1,
write,write,,,audio_small,pg_bytea,1,03-01-04-01-01-02-01_r01.wav,396294,0.011177,1,
write,write,,,audio_small,mongo_gridfs,1,03-01-04-01-01-02-01_r01.wav,396294,0.005753,1,
write,write,,,audio_small,pg_bytea,1,03-01-04-01-01-02-02_r01.wav,379106,0.010638,1,
write,write,,,audio_small,mongo_gridfs,1,03-01-04-01-01-02-02_r01.wav,379106,0.005585,1,
write,write,,,audio_small,polyglot,1,03-01-04-01-01-02-02_r01.wav,379106,0.005407,1,
write,write,,,audio_small,mongo_gridfs,1,03-01-04-01-01-02-16_r01.wav,379106,0.005149,1,
write,write,,,audio_small,polyglot,1,03-01-04-01-01-02-16_r01.wav,379106,0.004934,1,
write,write,,,audio_small,pg_bytea,1,03-01-04-01-01-02-16_r01.wav,379106,0.009942,1,
write,write,,,audio_small,polyglot,1,03-01-04-01-02-02-08_r01.wav,372698,0.005091,1,
write,write,,,audio_small,pg_bytea,1,03-01-04-01-02-02-08_r01.wav,372698,0.010661,1,
write,write,,,audio_small,mongo_gridfs,1,03-01-04-01-02-02-08_r01.wav,372698,0.005905,1,
write,write,,,audio_small,pg_bytea,1,03-01-04-01-02-02-09_r01.wav,363108,0.009516,1,
write,write,,,audio_small,mongo_gridfs,1,03-01-04-01-02-02-09_r01.wav,363108,0.006529,1,
write,write,,,audio_small,polyglot,1,03-01-04-01-02-02-09_r01.wav,363108,0.006689,1,
write,write,,,audio_small,polyglot,1,03-01-04-01-02-02-20_r01.wav,396294,0.004951,1,
write,write,,,audio_small,mongo_gridfs,1,03-01-04-01-02-02-20_r01.wav,396294,0.004994,1,
write,write,,,audio_small,pg_bytea,1,03-01-04-01-02-02-20_r01.wav,396294,0.010093,1,
write,write,,,audio_small,polyglot,1,03-01-04-01-02-02-21_r01.wav,363108,0.005446,1,
write,write,,,audio_small,pg_bytea,1,03-01-04-01-02-02-21_r01.wav,363108,0.009892,1,
write,write,,,audio_small,mongo_gridfs,1,03-01-04-01-02-02-21_r01.wav,363108,0.005883,1,
write,write,,,audio_small,mongo_gridfs,1,03-01-04-01-02-02-22_r01.wav,372698,0.004818,1,
write,write,,,audio_small,pg_bytea,1,03-01-04-01-02-02-22_r01.wav,372698,0.010728,1,
write,write,,,audio_small,polyglot,1,03-01-04-01-02-02-22_r01.wav,372698,0.005632,1,
write,write,,,audio_small,mongo_gridfs,1,03-01-04-01-02-02-23_r01.wav,363108,0.004842,1,
write,write,,,audio_small,pg_bytea,1,03-01-04-01-02-02-23_r01.wav,363108,0.010728,1,
write,write,,,audio_small,polyglot,1,03-01-04-01-02-02-23_r01.wav,363108,0.006327,1,
write,write,,,audio_small,mongo_gridfs,1,03-01-04-02-01-02-09_r01.wav,379106,0.005862,1,
write,write,,,audio_small,polyglot,1,03-01-04-02-01-02-09_r01.wav,379106,0.006360,1,
write,write,,,audio_small,pg_bytea,1,03-01-04-02-01-02-09_r01.wav,379106,0.022180,1,
write,write,,,audio_small,polyglot,1,03-01-04-02-01-02-20_r01.wav,379106,0.008910,1,
write,write,,,audio_small,pg_bytea,1,03-01-04-02-01-02-20_r01.wav,379106,0.010154,1,
write,write,,,audio_small,mongo_gridfs,1,03-01-04-02-01-02-20_r01.wav,379106,0.005938,1,
write,write,,,audio_small,pg_bytea,1,03-01-04-02-01-02-21_r01.wav,393086,0.011140,1,
write,write,,,audio_small,polyglot,1,03-01-04-02-01-02-21_r01.wav,393086,0.006820,1,
write,write,,,audio_small,mongo_gridfs,1,03-01-04-02-01-02-21_r01.wav,393086,0.005291,1,
write,write,,,audio_small,polyglot,1,03-01-04-02-01-02-22_r01.wav,379106,0.006555,1,
write,write,,,audio_small,mongo_gridfs,1,03-01-04-02-01-02-22_r01.wav,379106,0.004614,1,
write,write,,,audio_small,pg_bytea,1,03-01-04-02-01-02-22_r01.wav,379106,0.014930,1,
write,write,,,audio_small,mongo_gridfs,1,03-01-04-02-02-02-14_r01.wav,375720,0.006117,1,
write,write,,,audio_small,polyglot,1,03-01-04-02-02-02-14_r01.wav,375720,0.005394,1,
write,write,,,audio_small,pg_bytea,1,03-01-04-02-02-02-14_r01.wav,375720,0.009735,1,
write,write,,,audio_small,polyglot,1,03-01-04-02-02-02-15_r01.wav,379106,0.006553,1,
write,write,,,audio_small,pg_bytea,1,03-01-04-02-02-02-15_r01.wav,379106,0.009792,1,
write,write,,,audio_small,mongo_gridfs,1,03-01-04-02-02-02-15_r01.wav,379106,0.005223,1,
write,write,,,audio_small,polyglot,1,03-01-04-02-02-02-16_r01.wav,375720,0.005116,1,
write,write,,,audio_small,mongo_gridfs,1,03-01-04-02-02-02-16_r01.wav,375720,0.004560,1,
write,write,,,audio_small,pg_bytea,1,03-01-04-02-02-02-16_r01.wav,375720,0.018269,1,
write,write,,,audio_small,polyglot,1,03-01-04-02-02-02-17_r01.wav,363108,0.006426,1,
write,write,,,audio_small,pg_bytea,1,03-01-04-02-02-02-17_r01.wav,363108,0.010465,1,
write,write,,,audio_small,mongo_gridfs,1,03-01-04-02-02-02-17_r01.wav,363108,0.008735,1,
write,write,,,audio_small,mongo_gridfs,1,03-01-05-01-01-01-09_r01.wav,393086,0.005301,1,
write,write,,,audio_small,polyglot,1,03-01-05-01-01-01-09_r01.wav,393086,0.007660,1,
write,write,,,audio_small,pg_bytea,1,03-01-05-01-01-01-09_r01.wav,393086,0.011252,1,
write,write,,,audio_small,polyglot,1,03-01-05-01-01-01-22_r01.wav,393086,0.008749,1,
write,write,,,audio_small,pg_bytea,1,03-01-05-01-01-01-22_r01.wav,393086,0.010647,1,
write,write,,,audio_small,mongo_gridfs,1,03-01-05-01-01-01-22_r01.wav,393086,0.004258,1,
write,write,,,audio_small,polyglot,1,03-01-05-01-02-01-02_r01.wav,372698,0.004772,1,
write,write,,,audio_small,pg_bytea,1,03-01-05-01-02-01-02_r01.wav,372698,0.012708,1,
write,write,,,audio_small,mongo_gridfs,1,03-01-05-01-02-01-02_r01.wav,372698,0.004171,1,
write,write,,,audio_small,mongo_gridfs,1,03-01-05-01-02-01-03_r01.wav,396294,0.003747,1,
write,write,,,audio_small,pg_bytea,1,03-01-05-01-02-01-03_r01.wav,396294,0.009903,1,
write,write,,,audio_small,polyglot,1,03-01-05-01-02-01-03_r01.wav,396294,0.004170,1,
write,write,,,audio_small,pg_bytea,1,03-01-05-01-02-01-15_r01.wav,363108,0.011650,1,
write,write,,,audio_small,mongo_gridfs,1,03-01-05-01-02-01-15_r01.wav,363108,0.004674,1,
write,write,,,audio_small,polyglot,1,03-01-05-01-02-01-15_r01.wav,363108,0.003928,1,
write,write,,,audio_small,mongo_gridfs,1,03-01-05-01-02-01-16_r01.wav,372698,0.003215,1,
write,write,,,audio_small,polyglot,1,03-01-05-01-02-01-16_r01.wav,372698,0.003762,1,
write,write,,,audio_small,pg_bytea,1,03-01-05-01-02-01-16_r01.wav,372698,0.009598,1,
write,write,,,audio_small,pg_bytea,1,03-01-05-01-02-01-17_r01.wav,393086,0.010014,1,
write,write,,,audio_small,mongo_gridfs,1,03-01-05-01-02-01-17_r01.wav,393086,0.004372,1,
write,write,,,audio_small,polyglot,1,03-01-05-01-02-01-17_r01.wav,393086,0.003890,1,
write,write,,,audio_small,mongo_gridfs,1,03-01-05-02-01-01-01_r01.wav,372698,0.003662,1,
write,write,,,audio_small,pg_bytea,1,03-01-05-02-01-01-01_r01.wav,372698,0.015933,1,
write,write,,,audio_small,polyglot,1,03-01-05-02-01-01-01_r01.wav,372698,0.004324,1,
write,write,,,audio_small,polyglot,1,03-01-05-02-01-01-02_r01.wav,375720,0.003949,1,
write,write,,,audio_small,mongo_gridfs,1,03-01-05-02-01-01-02_r01.wav,375720,0.003976,1,
write,write,,,audio_small,pg_bytea,1,03-01-05-02-01-01-02_r01.wav,375720,0.010210,1,
write,write,,,audio_small,pg_bytea,1,03-01-05-02-01-01-03_r01.wav,372698,0.009151,1,
write,write,,,audio_small,polyglot,1,03-01-05-02-01-01-03_r01.wav,372698,0.004287,1,
write,write,,,audio_small,mongo_gridfs,1,03-01-05-02-01-01-03_r01.wav,372698,0.003939,1,
write,write,,,audio_small,mongo_gridfs,1,03-01-05-02-01-01-15_r01.wav,396294,0.004613,1,
write,write,,,audio_small,polyglot,1,03-01-05-02-01-01-15_r01.wav,396294,0.004195,1,
write,write,,,audio_small,pg_bytea,1,03-01-05-02-01-01-15_r01.wav,396294,0.015554,1,
write,write,,,audio_small,polyglot,1,03-01-05-02-01-01-16_r01.wav,399494,0.008434,1,
write,write,,,audio_small,mongo_gridfs,1,03-01-05-02-01-01-16_r01.wav,399494,0.004824,1,
write,write,,,audio_small,pg_bytea,1,03-01-05-02-01-01-16_r01.wav,399494,0.010046,1,
write,write,,,audio_small,pg_bytea,1,03-01-05-02-01-01-17_r01.wav,363108,0.009554,1,
write,write,,,audio_small,polyglot,1,03-01-05-02-01-01-17_r01.wav,363108,0.005225,1,
write,write,,,audio_small,mongo_gridfs,1,03-01-05-02-01-01-17_r01.wav,363108,0.007508,1,
write,write,,,audio_small,pg_bytea,1,03-01-05-02-02-01-09_r01.wav,396294,0.011641,1,
write,write,,,audio_small,mongo_gridfs,1,03-01-05-02-02-01-09_r01.wav,396294,0.005299,1,
write,write,,,audio_small,polyglot,1,03-01-05-02-02-01-09_r01.wav,396294,0.005254,1,
write,write,,,audio_small,mongo_gridfs,1,03-01-05-02-02-01-21_r01.wav,375720,0.004841,1,
write,write,,,audio_small,polyglot,1,03-01-05-02-02-01-21_r01.wav,375720,0.004800,1,
write,write,,,audio_small,pg_bytea,1,03-01-05-02-02-01-21_r01.wav,375720,0.009807,1,
write,write,,,audio_small,pg_bytea,1,03-01-05-02-02-01-22_r01.wav,379106,0.012128,1,
write,write,,,audio_small,polyglot,1,03-01-05-02-02-01-22_r01.wav,379106,0.006474,1,
write,write,,,audio_small,mongo_gridfs,1,03-01-05-02-02-01-22_r01.wav,379106,0.004459,1,
write,write,,,audio_medium,pg_bytea,1,03-02-01-01-01-02-22_r01.wav,526650,0.015555,1,
write,write,,,audio_medium,mongo_gridfs,1,03-02-01-01-01-02-22_r01.wav,526650,0.007146,1,
write,write,,,audio_medium,polyglot,1,03-02-01-01-01-02-22_r01.wav,526650,0.007377,1,
write,write,,,audio_medium,pg_bytea,1,03-02-01-01-01-02-23_r01.wav,539464,0.026818,1,
write,write,,,audio_medium,mongo_gridfs,1,03-02-01-01-01-02-23_r01.wav,539464,0.010658,1,
write,write,,,audio_medium,polyglot,1,03-02-01-01-01-02-23_r01.wav,539464,0.023659,1,
write,write,,,audio_medium,polyglot,1,03-02-01-01-02-02-02_r01.wav,539464,0.006852,1,
write,write,,,audio_medium,mongo_gridfs,1,03-02-01-01-02-02-02_r01.wav,539464,0.006676,1,
write,write,,,audio_medium,pg_bytea,1,03-02-01-01-02-02-02_r01.wav,539464,0.014428,1,
write,write,,,audio_medium,polyglot,1,03-02-01-01-02-02-03_r01.wav,520242,0.007083,1,
write,write,,,audio_medium,mongo_gridfs,1,03-02-01-01-02-02-03_r01.wav,520242,0.005901,1,
write,write,,,audio_medium,pg_bytea,1,03-02-01-01-02-02-03_r01.wav,520242,0.015090,1,
write,write,,,audio_medium,pg_bytea,1,03-02-01-01-02-02-16_r01.wav,539464,0.015171,1,
write,write,,,audio_medium,polyglot,1,03-02-01-01-02-02-16_r01.wav,539464,0.009062,1,
write,write,,,audio_medium,mongo_gridfs,1,03-02-01-01-02-02-16_r01.wav,539464,0.006855,1,
write,write,,,audio_medium,mongo_gridfs,1,03-02-01-01-02-02-17_r01.wav,561888,0.010515,1,
write,write,,,audio_medium,pg_bytea,1,03-02-01-01-02-02-17_r01.wav,561888,0.015525,1,
write,write,,,audio_medium,polyglot,1,03-02-01-01-02-02-17_r01.wav,561888,0.007652,1,
write,write,,,audio_medium,pg_bytea,1,03-02-01-02-01-02-01_r01.wav,533056,0.014565,1,
write,write,,,audio_medium,mongo_gridfs,1,03-02-01-02-01-02-01_r01.wav,533056,0.007535,1,
write,write,,,audio_medium,polyglot,1,03-02-01-02-01-02-01_r01.wav,533056,0.007520,1,
write,write,,,audio_medium,mongo_gridfs,1,03-02-01-02-01-02-02_r01.wav,523448,0.006258,1,
write,write,,,audio_medium,pg_bytea,1,03-02-01-02-01-02-02_r01.wav,523448,0.013842,1,
write,write,,,audio_medium,polyglot,1,03-02-01-02-01-02-02_r01.wav,523448,0.006984,1,
write,write,,,audio_medium,pg_bytea,1,03-02-01-02-01-02-03_r01.wav,533056,0.013810,1,
write,write,,,audio_medium,polyglot,1,03-02-01-02-01-02-03_r01.wav,533056,0.007373,1,
write,write,,,audio_medium,mongo_gridfs,1,03-02-01-02-01-02-03_r01.wav,533056,0.006235,1,
write,write,,,audio_medium,polyglot,1,03-02-01-02-01-02-15_r01.wav,561882,0.007162,1,
write,write,,,audio_medium,pg_bytea,1,03-02-01-02-01-02-15_r01.wav,561882,0.014538,1,
write,write,,,audio_medium,mongo_gridfs,1,03-02-01-02-01-02-15_r01.wav,561882,0.007805,1,
write,write,,,audio_medium,pg_bytea,1,03-02-01-02-01-02-16_r01.wav,526650,0.013781,1,
write,write,,,audio_medium,mongo_gridfs,1,03-02-01-02-01-02-16_r01.wav,526650,0.008403,1,
write,write,,,audio_medium,polyglot,1,03-02-01-02-01-02-16_r01.wav,526650,0.008092,1,
write,write,,,audio_medium,pg_bytea,1,03-02-01-02-01-02-17_r01.wav,533056,0.014586,1,
write,write,,,audio_medium,mongo_gridfs,1,03-02-01-02-01-02-17_r01.wav,533056,0.010842,1,
write,write,,,audio_medium,polyglot,1,03-02-01-02-01-02-17_r01.wav,533056,0.007871,1,
write,write,,,audio_medium,polyglot,1,03-02-01-02-02-02-22_r01.wav,520242,0.006095,1,
write,write,,,audio_medium,mongo_gridfs,1,03-02-01-02-02-02-22_r01.wav,520242,0.006396,1,
write,write,,,audio_medium,pg_bytea,1,03-02-01-02-02-02-22_r01.wav,520242,0.013803,1,
write,write,,,audio_medium,polyglot,1,03-02-01-02-02-02-23_r01.wav,520242,0.006408,1,
write,write,,,audio_medium,mongo_gridfs,1,03-02-01-02-02-02-23_r01.wav,520242,0.008820,1,
write,write,,,audio_medium,pg_bytea,1,03-02-01-02-02-02-23_r01.wav,520242,0.017066,1,
write,write,,,audio_medium,polyglot,1,03-02-02-01-01-01-22_r01.wav,523448,0.012534,1,
write,write,,,audio_medium,mongo_gridfs,1,03-02-02-01-01-01-22_r01.wav,523448,0.006742,1,
write,write,,,audio_medium,pg_bytea,1,03-02-02-01-01-01-22_r01.wav,523448,0.013708,1,
write,write,,,audio_medium,mongo_gridfs,1,03-02-02-01-01-01-23_r01.wav,561888,0.008336,1,
write,write,,,audio_medium,polyglot,1,03-02-02-01-01-01-23_r01.wav,561888,0.007862,1,
write,write,,,audio_medium,pg_bytea,1,03-02-02-01-01-01-23_r01.wav,561888,0.016481,1,
write,write,,,audio_medium,polyglot,1,03-02-02-01-02-01-01_r01.wav,520242,0.006789,1,
write,write,,,audio_medium,mongo_gridfs,1,03-02-02-01-02-01-01_r01.wav,520242,0.006005,1,
write,write,,,audio_medium,pg_bytea,1,03-02-02-01-02-01-01_r01.wav,520242,0.014561,1,
write,write,,,audio_medium,mongo_gridfs,1,03-02-02-01-02-01-02_r01.wav,539464,0.006178,1,
write,write,,,audio_medium,polyglot,1,03-02-02-01-02-01-02_r01.wav,539464,0.007263,1,
write,write,,,audio_medium,pg_bytea,1,03-02-02-01-02-01-02_r01.wav,539464,0.015319,1,
write,write,,,audio_medium,pg_bytea,1,03-02-02-01-02-01-03_r01.wav,533056,0.014803,1,
write,write,,,audio_medium,mongo_gridfs,1,03-02-02-01-02-01-03_r01.wav,533056,0.008677,1,
write,write,,,audio_medium,polyglot,1,03-02-02-01-02-01-03_r01.wav,533056,0.007400,1,
write,write,,,audio_medium,mongo_gridfs,1,03-02-02-01-02-01-16_r01.wav,561882,0.006432,1,
write,write,,,audio_medium,polyglot,1,03-02-02-01-02-01-16_r01.wav,561882,0.007061,1,
write,write,,,audio_medium,pg_bytea,1,03-02-02-01-02-01-16_r01.wav,561882,0.015014,1,
write,write,,,audio_medium,pg_bytea,1,03-02-02-02-01-01-01_r01.wav,539464,0.014603,1,
write,write,,,audio_medium,polyglot,1,03-02-02-02-01-01-01_r01.wav,539464,0.008113,1,
write,write,,,audio_medium,mongo_gridfs,1,03-02-02-02-01-01-01_r01.wav,539464,0.008421,1,
write,write,,,audio_medium,pg_bytea,1,03-02-02-02-01-01-02_r01.wav,526650,0.014577,1,
write,write,,,audio_medium,polyglot,1,03-02-02-02-01-01-02_r01.wav,526650,0.006945,1,
write,write,,,audio_medium,mongo_gridfs,1,03-02-02-02-01-01-02_r01.wav,526650,0.006383,1,
write,write,,,audio_medium,pg_bytea,1,03-02-02-02-01-01-15_r01.wav,539464,0.017248,1,
write,write,,,audio_medium,mongo_gridfs,1,03-02-02-02-01-01-15_r01.wav,539464,0.007819,1,
write,write,,,audio_medium,polyglot,1,03-02-02-02-01-01-15_r01.wav,539464,0.006588,1,
write,write,,,audio_medium,mongo_gridfs,1,03-02-02-02-01-01-16_r01.wav,520242,0.005670,1,
write,write,,,audio_medium,polyglot,1,03-02-02-02-01-01-16_r01.wav,520242,0.006566,1,
write,write,,,audio_medium,pg_bytea,1,03-02-02-02-01-01-16_r01.wav,520242,0.014377,1,
write,write,,,audio_medium,pg_bytea,1,03-02-02-02-01-01-17_r01.wav,539464,0.014897,1,
write,write,,,audio_medium,mongo_gridfs,1,03-02-02-02-01-01-17_r01.wav,539464,0.009537,1,
write,write,,,audio_medium,polyglot,1,03-02-02-02-01-01-17_r01.wav,539464,0.008660,1,
write,write,,,audio_medium,polyglot,1,03-02-02-02-02-01-22_r01.wav,539464,0.007309,1,
write,write,,,audio_medium,pg_bytea,1,03-02-02-02-02-01-22_r01.wav,539464,0.014173,1,
write,write,,,audio_medium,mongo_gridfs,1,03-02-02-02-02-01-22_r01.wav,539464,0.007076,1,
write,write,,,audio_medium,mongo_gridfs,1,03-02-02-02-02-01-23_r01.wav,520242,0.007713,1,
write,write,,,audio_medium,polyglot,1,03-02-02-02-02-01-23_r01.wav,520242,0.006119,1,
write,write,,,audio_medium,pg_bytea,1,03-02-02-02-02-01-23_r01.wav,520242,0.013699,1,
write,write,,,audio_medium,pg_bytea,1,03-02-03-01-01-02-01_r01.wav,561882,0.014860,1,
write,write,,,audio_medium,mongo_gridfs,1,03-02-03-01-01-02-01_r01.wav,561882,0.009083,1,
write,write,,,audio_medium,polyglot,1,03-02-03-01-01-02-01_r01.wav,561882,0.008404,1,
write,write,,,audio_medium,pg_bytea,1,03-02-03-01-01-02-02_r01.wav,561882,0.015364,1,
write,write,,,audio_medium,mongo_gridfs,1,03-02-03-01-01-02-02_r01.wav,561882,0.007266,1,
write,write,,,audio_medium,polyglot,1,03-02-03-01-01-02-02_r01.wav,561882,0.007434,1,
write,write,,,audio_medium,polyglot,1,03-02-03-01-01-02-03_r01.wav,539464,0.006901,1,
write,write,,,audio_medium,pg_bytea,1,03-02-03-01-01-02-03_r01.wav,539464,0.014430,1,
write,write,,,audio_medium,mongo_gridfs,1,03-02-03-01-01-02-03_r01.wav,539464,0.006999,1,
write,write,,,audio_medium,polyglot,1,03-02-03-01-01-02-15_r01.wav,526650,0.006656,1,
write,write,,,audio_medium,pg_bytea,1,03-02-03-01-01-02-15_r01.wav,526650,0.013806,1,
write,write,,,audio_medium,mongo_gridfs,1,03-02-03-01-01-02-15_r01.wav,526650,0.011309,1,
write,write,,,audio_medium,polyglot,1,03-02-03-01-01-02-16_r01.wav,520242,0.009371,1,
write,write,,,audio_medium,pg_bytea,1,03-02-03-01-01-02-16_r01.wav,520242,0.013433,1,
write,write,,,audio_medium,mongo_gridfs,1,03-02-03-01-01-02-16_r01.wav,520242,0.006686,1,
write,write,,,audio_medium,mongo_gridfs,1,03-02-03-01-01-02-17_r01.wav,526650,0.007364,1,
write,write,,,audio_medium,pg_bytea,1,03-02-03-01-01-02-17_r01.wav,526650,0.015003,1,
write,write,,,audio_medium,polyglot,1,03-02-03-01-01-02-17_r01.wav,526650,0.007726,1,
write,write,,,audio_medium,polyglot,1,03-02-03-01-02-02-09_r01.wav,539464,0.006655,1,
write,write,,,audio_medium,mongo_gridfs,1,03-02-03-01-02-02-09_r01.wav,539464,0.005621,1,
write,write,,,audio_medium,pg_bytea,1,03-02-03-01-02-02-09_r01.wav,539464,0.017351,1,
write,write,,,audio_medium,pg_bytea,1,03-02-03-01-02-02-21_r01.wav,533056,0.014529,1,
write,write,,,audio_medium,mongo_gridfs,1,03-02-03-01-02-02-21_r01.wav,533056,0.009230,1,
write,write,,,audio_medium,polyglot,1,03-02-03-01-02-02-21_r01.wav,533056,0.006965,1,
write,write,,,audio_medium,pg_bytea,1,03-02-03-01-02-02-22_r01.wav,561888,0.014842,1,
write,write,,,audio_medium,mongo_gridfs,1,03-02-03-01-02-02-22_r01.wav,561888,0.008522,1,
write,write,,,audio_medium,polyglot,1,03-02-03-01-02-02-22_r01.wav,561888,0.008658,1,
write,write,,,audio_medium,mongo_gridfs,1,03-02-03-01-02-02-23_r01.wav,539464,0.007303,1,
write,write,,,audio_medium,polyglot,1,03-02-03-01-02-02-23_r01.wav,539464,0.010272,1,
write,write,,,audio_medium,pg_bytea,1,03-02-03-01-02-02-23_r01.wav,539464,0.015166,1,
write,write,,,audio_medium,polyglot,1,03-02-03-02-01-02-09_r01.wav,561882,0.008227,1,
write,write,,,audio_medium,pg_bytea,1,03-02-03-02-01-02-09_r01.wav,561882,0.015506,1,
write,write,,,audio_medium,mongo_gridfs,1,03-02-03-02-01-02-09_r01.wav,561882,0.007617,1,
write,write,,,audio_medium,polyglot,1,03-02-03-02-01-02-21_r01.wav,539464,0.006962,1,
write,write,,,audio_medium,pg_bytea,1,03-02-03-02-01-02-21_r01.wav,539464,0.018352,1,
write,write,,,audio_medium,mongo_gridfs,1,03-02-03-02-01-02-21_r01.wav,539464,0.008791,1,
write,write,,,audio_medium,mongo_gridfs,1,03-02-03-02-01-02-22_r01.wav,526650,0.009407,1,
write,write,,,audio_medium,polyglot,1,03-02-03-02-01-02-22_r01.wav,526650,0.006236,1,
write,write,,,audio_medium,pg_bytea,1,03-02-03-02-01-02-22_r01.wav,526650,0.018585,1,
write,write,,,audio_medium,mongo_gridfs,1,03-02-03-02-01-02-23_r01.wav,561888,0.007628,1,
write,write,,,audio_medium,pg_bytea,1,03-02-03-02-01-02-23_r01.wav,561888,0.015007,1,
write,write,,,audio_medium,polyglot,1,03-02-03-02-01-02-23_r01.wav,561888,0.011393,1,
write,write,,,audio_medium,pg_bytea,1,03-02-03-02-02-02-01_r01.wav,561882,0.015103,1,
write,write,,,audio_medium,polyglot,1,03-02-03-02-02-02-01_r01.wav,561882,0.007296,1,
write,write,,,audio_medium,mongo_gridfs,1,03-02-03-02-02-02-01_r01.wav,561882,0.007279,1,
write,write,,,audio_medium,pg_bytea,1,03-02-03-02-02-02-02_r01.wav,523448,0.013487,1,
write,write,,,audio_medium,polyglot,1,03-02-03-02-02-02-02_r01.wav,523448,0.007431,1,
write,write,,,audio_medium,mongo_gridfs,1,03-02-03-02-02-02-02_r01.wav,523448,0.007869,1,
write,write,,,audio_medium,polyglot,1,03-02-03-02-02-02-03_r01.wav,561888,0.006911,1,
write,write,,,audio_medium,pg_bytea,1,03-02-03-02-02-02-03_r01.wav,561888,0.015030,1,
write,write,,,audio_medium,mongo_gridfs,1,03-02-03-02-02-02-03_r01.wav,561888,0.006806,1,
write,write,,,audio_medium,polyglot,1,03-02-03-02-02-02-15_r01.wav,523448,0.007206,1,
write,write,,,audio_medium,mongo_gridfs,1,03-02-03-02-02-02-15_r01.wav,523448,0.010051,1,
write,write,,,audio_medium,pg_bytea,1,03-02-03-02-02-02-15_r01.wav,523448,0.014411,1,
write,write,,,audio_medium,pg_bytea,1,03-02-03-02-02-02-16_r01.wav,561882,0.014978,1,
write,write,,,audio_medium,polyglot,1,03-02-03-02-02-02-16_r01.wav,561882,0.008419,1,
write,write,,,audio_medium,mongo_gridfs,1,03-02-03-02-02-02-16_r01.wav,561882,0.006532,1,
write,write,,,audio_medium,mongo_gridfs,1,03-02-03-02-02-02-17_r01.wav,523448,0.007038,1,
write,write,,,audio_medium,polyglot,1,03-02-03-02-02-02-17_r01.wav,523448,0.006461,1,
write,write,,,audio_medium,pg_bytea,1,03-02-03-02-02-02-17_r01.wav,523448,0.015105,1,
write,write,,,audio_medium,mongo_gridfs,1,03-02-04-01-01-02-05_r01.wav,561882,0.007862,1,
write,write,,,audio_medium,pg_bytea,1,03-02-04-01-01-02-05_r01.wav,561882,0.018718,1,
write,write,,,audio_medium,polyglot,1,03-02-04-01-01-02-05_r01.wav,561882,0.007743,1,
write,write,,,audio_medium,pg_bytea,1,03-02-04-01-01-02-06_r01.wav,526650,0.013516,1,
write,write,,,audio_medium,mongo_gridfs,1,03-02-04-01-01-02-06_r01.wav,526650,0.006630,1,
write,write,,,audio_medium,polyglot,1,03-02-04-01-01-02-06_r01.wav,526650,0.007767,1,
write,write,,,audio_medium,pg_bytea,1,03-02-04-01-01-02-07_r01.wav,523448,0.014603,1,
write,write,,,audio_medium,mongo_gridfs,1,03-02-04-01-01-02-07_r01.wav,523448,0.007500,1,
write,write,,,audio_medium,polyglot,1,03-02-04-01-01-02-07_r01.wav,523448,0.006124,1,
write,write,,,audio_medium,polyglot,1,03-02-04-01-01-02-11_r01.wav,539464,0.006469,1,
write,write,,,audio_medium,mongo_gridfs,1,03-02-04-01-01-02-11_r01.wav,539464,0.005645,1,
write,write,,,audio_medium,pg_bytea,1,03-02-04-01-01-02-11_r01.wav,539464,0.014211,1,
write,write,,,audio_medium,mongo_gridfs,1,03-02-04-01-01-02-12_r01.wav,523448,0.006498,1,
write,write,,,audio_medium,polyglot,1,03-02-04-01-01-02-12_r01.wav,523448,0.006072,1,
write,write,,,audio_medium,pg_bytea,1,03-02-04-01-01-02-12_r01.wav,523448,0.014503,1,
write,write,,,audio_medium,mongo_gridfs,1,03-02-04-01-01-02-13_r01.wav,539464,0.009304,1,
write,write,,,audio_medium,polyglot,1,03-02-04-01-01-02-13_r01.wav,539464,0.007282,1,
write,write,,,audio_medium,pg_bytea,1,03-02-04-01-01-02-13_r01.wav,539464,0.017752,1,
write,write,,,audio_medium,polyglot,1,03-02-04-01-02-02-19_r01.wav,561888,0.037008,1,
write,write,,,audio_medium,mongo_gridfs,1,03-02-04-01-02-02-19_r01.wav,561888,0.009430,1,
write,write,,,audio_medium,pg_bytea,1,03-02-04-01-02-02-19_r01.wav,561888,0.015472,1,
write,write,,,audio_medium,mongo_gridfs,1,03-02-04-02-02-02-05_r01.wav,526650,0.006853,1,
write,write,,,audio_medium,pg_bytea,1,03-02-04-02-02-02-05_r01.wav,526650,0.065648,1,
write,write,,,audio_medium,polyglot,1,03-02-04-02-02-02-05_r01.wav,526650,0.009655,1,
write,write,,,audio_medium,mongo_gridfs,1,03-02-04-02-02-02-06_r01.wav,526650,0.006480,1,
write,write,,,audio_medium,polyglot,1,03-02-04-02-02-02-06_r01.wav,526650,0.012250,1,
write,write,,,audio_medium,pg_bytea,1,03-02-04-02-02-02-06_r01.wav,526650,0.026898,1,
write,write,,,audio_medium,pg_bytea,1,03-02-04-02-02-02-07_r01.wav,561888,0.070448,1,
write,write,,,audio_medium,mongo_gridfs,1,03-02-04-02-02-02-07_r01.wav,561888,0.008980,1,
write,write,,,audio_medium,polyglot,1,03-02-04-02-02-02-07_r01.wav,561888,0.013126,1,
write,write,,,audio_medium,mongo_gridfs,1,03-02-04-02-02-02-11_r01.wav,561888,0.006866,1,
write,write,,,audio_medium,polyglot,1,03-02-04-02-02-02-11_r01.wav,561888,0.027615,1,
write,write,,,audio_medium,pg_bytea,1,03-02-04-02-02-02-11_r01.wav,561888,0.013656,1,
write,write,,,audio_medium,polyglot,1,03-02-04-02-02-02-12_r01.wav,523448,0.006964,1,
write,write,,,audio_medium,pg_bytea,1,03-02-04-02-02-02-12_r01.wav,523448,0.013906,1,
write,write,,,audio_medium,mongo_gridfs,1,03-02-04-02-02-02-12_r01.wav,523448,0.006663,1,
write,write,,,audio_medium,mongo_gridfs,1,03-02-04-02-02-02-13_r01.wav,533056,0.006712,1,
write,write,,,audio_medium,polyglot,1,03-02-04-02-02-02-13_r01.wav,533056,0.006602,1,
write,write,,,audio_medium,pg_bytea,1,03-02-04-02-02-02-13_r01.wav,533056,0.013806,1,
write,write,,,audio_medium,polyglot,1,03-02-05-01-02-01-06_r01.wav,561882,0.007894,1,
write,write,,,audio_medium,pg_bytea,1,03-02-05-01-02-01-06_r01.wav,561882,0.015797,1,
write,write,,,audio_medium,mongo_gridfs,1,03-02-05-01-02-01-06_r01.wav,561882,0.007751,1,
write,write,,,audio_medium,pg_bytea,1,03-02-05-01-02-01-07_r01.wav,520242,0.013791,1,
write,write,,,audio_medium,polyglot,1,03-02-05-01-02-01-07_r01.wav,520242,0.007235,1,
write,write,,,audio_medium,mongo_gridfs,1,03-02-05-01-02-01-07_r01.wav,520242,0.006937,1,
write,write,,,audio_medium,mongo_gridfs,1,03-02-05-01-02-01-12_r01.wav,520242,0.006206,1,
write,write,,,audio_medium,polyglot,1,03-02-05-01-02-01-12_r01.wav,520242,0.006193,1,
write,write,,,audio_medium,pg_bytea,1,03-02-05-01-02-01-12_r01.wav,520242,0.013293,1,
write,write,,,audio_medium,polyglot,1,03-02-05-01-02-01-13_r01.wav,561888,0.007467,1,
write,write,,,audio_medium,mongo_gridfs,1,03-02-05-01-02-01-13_r01.wav,561888,0.006345,1,
write,write,,,audio_medium,pg_bytea,1,03-02-05-01-02-01-13_r01.wav,561888,0.015346,1,
write,write,,,audio_medium,pg_bytea,1,03-02-05-02-01-01-05_r01.wav,539464,0.014341,1,
write,write,,,audio_medium,mongo_gridfs,1,03-02-05-02-01-01-05_r01.wav,539464,0.007427,1,
write,write,,,audio_medium,polyglot,1,03-02-05-02-01-01-05_r01.wav,539464,0.006618,1,
write,write,,,audio_medium,mongo_gridfs,1,03-02-05-02-01-01-06_r01.wav,561888,0.013603,1,
write,write,,,audio_medium,pg_bytea,1,03-02-05-02-01-01-06_r01.wav,561888,0.078407,1,
write,write,,,audio_medium,polyglot,1,03-02-05-02-01-01-06_r01.wav,561888,0.008132,1,
write,write,,,audio_medium,pg_bytea,1,03-02-05-02-01-01-07_r01.wav,533056,0.013800,1,
write,write,,,audio_medium,polyglot,1,03-02-05-02-01-01-07_r01.wav,533056,0.008599,1,
write,write,,,audio_medium,mongo_gridfs,1,03-02-05-02-01-01-07_r01.wav,533056,0.006584,1,
write,write,,,audio_medium,mongo_gridfs,1,03-02-05-02-01-01-11_r01.wav,561888,0.006555,1,
write,write,,,audio_medium,pg_bytea,1,03-02-05-02-01-01-11_r01.wav,561888,0.015108,1,
write,write,,,audio_medium,polyglot,1,03-02-05-02-01-01-11_r01.wav,561888,0.008042,1,
write,write,,,audio_medium,mongo_gridfs,1,03-02-05-02-01-01-12_r01.wav,533056,0.006464,1,
write,write,,,audio_medium,pg_bytea,1,03-02-05-02-01-01-12_r01.wav,533056,0.014529,1,
write,write,,,audio_medium,polyglot,1,03-02-05-02-01-01-12_r01.wav,533056,0.009262,1,
write,write,,,audio_medium,polyglot,1,03-02-05-02-01-01-13_r01.wav,526650,0.006947,1,
write,write,,,audio_medium,mongo_gridfs,1,03-02-05-02-01-01-13_r01.wav,526650,0.005927,1,
write,write,,,audio_medium,pg_bytea,1,03-02-05-02-01-01-13_r01.wav,526650,0.013681,1,
write,write,,,video_small,pg_bytea,1,01-01-01-01-01-01-22_r01.mp4,5457041,0.169404,1,
write,write,,,video_small,polyglot,1,01-01-01-01-01-01-22_r01.mp4,5457041,0.052429,1,
write,write,,,video_small,mongo_gridfs,1,01-01-01-01-01-01-22_r01.mp4,5457041,0.052105,1,
write,write,,,video_small,polyglot,1,01-01-01-01-01-02-01_r01.mp4,5457041,0.050268,1,
write,write,,,video_small,mongo_gridfs,1,01-01-01-01-01-02-01_r01.mp4,5457041,0.040779,1,
write,write,,,video_small,pg_bytea,1,01-01-01-01-01-02-01_r01.mp4,5457041,0.162592,1,
write,write,,,video_small,polyglot,1,01-01-01-01-01-02-15_r01.mp4,5457041,0.043921,1,
write,write,,,video_small,pg_bytea,1,01-01-01-01-01-02-15_r01.mp4,5457041,0.157033,1,
write,write,,,video_small,mongo_gridfs,1,01-01-01-01-01-02-15_r01.mp4,5457041,0.048000,1,
write,write,,,video_small,mongo_gridfs,1,01-01-01-01-02-01-06_r01.mp4,5457041,0.044735,1,
write,write,,,video_small,pg_bytea,1,01-01-01-01-02-01-06_r01.mp4,5457041,0.162025,1,
write,write,,,video_small,polyglot,1,01-01-01-01-02-01-06_r01.mp4,5457041,0.048349,1,
write,write,,,video_small,polyglot,1,01-01-01-01-02-01-13_r01.mp4,5457041,0.045882,1,
write,write,,,video_small,pg_bytea,1,01-01-01-01-02-01-13_r01.mp4,5457041,0.155876,1,
write,write,,,video_small,mongo_gridfs,1,01-01-01-01-02-01-13_r01.mp4,5457041,0.040271,1,
write,write,,,video_small,pg_bytea,1,01-01-01-01-02-01-14_r01.mp4,5457041,0.152018,1,
write,write,,,video_small,mongo_gridfs,1,01-01-01-01-02-01-14_r01.mp4,5457041,0.042540,1,
write,write,,,video_small,polyglot,1,01-01-01-01-02-01-14_r01.mp4,5457041,0.041126,1,
write,write,,,video_small,mongo_gridfs,1,01-01-01-01-02-02-09_r01.mp4,5498397,0.044999,1,
write,write,,,video_small,polyglot,1,01-01-01-01-02-02-09_r01.mp4,5498397,0.051224,1,
write,write,,,video_small,pg_bytea,1,01-01-01-01-02-02-09_r01.mp4,5498397,0.166373,1,
write,write,,,video_small,mongo_gridfs,1,01-01-01-02-01-01-01_r01.mp4,5498397,0.047387,1,
write,write,,,video_small,pg_bytea,1,01-01-01-02-01-01-01_r01.mp4,5498397,0.146576,1,
write,write,,,video_small,polyglot,1,01-01-01-02-01-01-01_r01.mp4,5498397,0.043998,1,
write,write,,,video_small,polyglot,1,01-01-01-02-01-01-05_r01.mp4,5457041,0.039276,1,
write,write,,,video_small,mongo_gridfs,1,01-01-01-02-01-01-05_r01.mp4,5457041,0.053470,1,
write,write,,,video_small,pg_bytea,1,01-01-01-02-01-01-05_r01.mp4,5457041,0.151395,1,
write,write,,,video_small,polyglot,1,01-01-01-02-01-01-15_r01.mp4,5457041,0.047902,1,
write,write,,,video_small,mongo_gridfs,1,01-01-01-02-01-01-15_r01.mp4,5457041,0.057412,1,
write,write,,,video_small,pg_bytea,1,01-01-01-02-01-01-15_r01.mp4,5457041,0.154359,1,
write,write,,,video_small,mongo_gridfs,1,01-01-01-02-02-01-18_r01.mp4,5457041,0.045480,1,
write,write,,,video_small,polyglot,1,01-01-01-02-02-01-18_r01.mp4,5457041,0.057238,1,
write,write,,,video_small,pg_bytea,1,01-01-01-02-02-01-18_r01.mp4,5457041,0.154205,1,
write,write,,,video_small,mongo_gridfs,1,01-01-01-02-02-01-19_r01.mp4,5457041,0.050590,1,
write,write,,,video_small,pg_bytea,1,01-01-01-02-02-01-19_r01.mp4,5457041,0.160756,1,
write,write,,,video_small,polyglot,1,01-01-01-02-02-01-19_r01.mp4,5457041,0.044118,1,
write,write,,,video_small,mongo_gridfs,1,01-01-02-01-01-02-09_r01.mp4,5498397,0.045789,1,
write,write,,,video_small,pg_bytea,1,01-01-02-01-01-02-09_r01.mp4,5498397,0.150608,1,
write,write,,,video_small,polyglot,1,01-01-02-01-01-02-09_r01.mp4,5498397,0.052416,1,
write,write,,,video_small,polyglot,1,01-01-02-01-01-02-18_r01.mp4,5498397,0.059905,1,
write,write,,,video_small,mongo_gridfs,1,01-01-02-01-01-02-18_r01.mp4,5498397,0.043169,1,
write,write,,,video_small,pg_bytea,1,01-01-02-01-01-02-18_r01.mp4,5498397,0.153332,1,
write,write,,,video_small,pg_bytea,1,01-01-02-01-01-02-23_r01.mp4,5498397,0.151167,1,
write,write,,,video_small,polyglot,1,01-01-02-01-01-02-23_r01.mp4,5498397,0.056197,1,
write,write,,,video_small,mongo_gridfs,1,01-01-02-01-01-02-23_r01.mp4,5498397,0.043702,1,
write,write,,,video_small,polyglot,1,01-01-02-01-02-01-09_r01.mp4,5498397,0.049765,1,
write,write,,,video_small,pg_bytea,1,01-01-02-01-02-01-09_r01.mp4,5498397,0.164477,1,
write,write,,,video_small,mongo_gridfs,1,01-01-02-01-02-01-09_r01.mp4,5498397,0.047106,1,
write,write,,,video_small,polyglot,1,01-01-02-01-02-02-01_r01.mp4,5498397,0.057576,1,
write,write,,,video_small,pg_bytea,1,01-01-02-01-02-02-01_r01.mp4,5498397,0.161173,1,
write,write,,,video_small,mongo_gridfs,1,01-01-02-01-02-02-01_r01.mp4,5498397,0.045430,1,
write,write,,,video_small,mongo_gridfs,1,01-01-02-01-02-02-03_r01.mp4,5498397,0.047515,1,
write,write,,,video_small,polyglot,1,01-01-02-01-02-02-03_r01.mp4,5498397,0.042769,1,
write,write,,,video_small,pg_bytea,1,01-01-02-01-02-02-03_r01.mp4,5498397,0.188551,1,
write,write,,,video_small,pg_bytea,1,01-01-02-02-01-02-02_r01.mp4,5498397,0.151016,1,
write,write,,,video_small,polyglot,1,01-01-02-02-01-02-02_r01.mp4,5498397,0.045509,1,
write,write,,,video_small,mongo_gridfs,1,01-01-02-02-01-02-02_r01.mp4,5498397,0.048494,1,
write,write,,,video_small,pg_bytea,1,01-01-02-02-01-02-03_r01.mp4,5498397,0.158043,1,
write,write,,,video_small,polyglot,1,01-01-02-02-01-02-03_r01.mp4,5498397,0.048871,1,
write,write,,,video_small,mongo_gridfs,1,01-01-02-02-01-02-03_r01.mp4,5498397,0.045048,1,
write,write,,,video_small,mongo_gridfs,1,01-01-02-02-01-02-05_r01.mp4,5498397,0.064579,1,
write,write,,,video_small,polyglot,1,01-01-02-02-01-02-05_r01.mp4,5498397,0.044802,1,
write,write,,,video_small,pg_bytea,1,01-01-02-02-01-02-05_r01.mp4,5498397,0.162175,1,
write,write,,,video_small,mongo_gridfs,1,01-01-02-02-01-02-10_r01.mp4,5457041,0.047597,1,
write,write,,,video_small,polyglot,1,01-01-02-02-01-02-10_r01.mp4,5457041,0.047984,1,
write,write,,,video_small,pg_bytea,1,01-01-02-02-01-02-10_r01.mp4,5457041,0.146191,1,
write,write,,,video_small,pg_bytea,1,01-01-02-02-01-02-13_r01.mp4,5457041,0.154639,1,
write,write,,,video_small,polyglot,1,01-01-02-02-01-02-13_r01.mp4,5457041,0.042528,1,
write,write,,,video_small,mongo_gridfs,1,01-01-02-02-01-02-13_r01.mp4,5457041,0.051794,1,
write,write,,,video_small,polyglot,1,01-01-02-02-01-02-17_r01.mp4,5457041,0.061066,1,
write,write,,,video_small,mongo_gridfs,1,01-01-02-02-01-02-17_r01.mp4,5457041,0.053031,1,
write,write,,,video_small,pg_bytea,1,01-01-02-02-01-02-17_r01.mp4,5457041,0.161815,1,
write,write,,,video_small,mongo_gridfs,1,01-01-02-02-02-02-18_r01.mp4,5457041,0.050991,1,
write,write,,,video_small,pg_bytea,1,01-01-02-02-02-02-18_r01.mp4,5457041,0.140965,1,
write,write,,,video_small,polyglot,1,01-01-02-02-02-02-18_r01.mp4,5457041,0.044764,1,
write,write,,,video_small,polyglot,1,01-01-02-02-02-02-19_r01.mp4,5457041,0.042747,1,
write,write,,,video_small,mongo_gridfs,1,01-01-02-02-02-02-19_r01.mp4,5457041,0.042304,1,
write,write,,,video_small,pg_bytea,1,01-01-02-02-02-02-19_r01.mp4,5457041,0.146686,1,
write,write,,,video_small,mongo_gridfs,1,01-01-02-02-02-02-21_r01.mp4,5498397,0.043521,1,
write,write,,,video_small,pg_bytea,1,01-01-02-02-02-02-21_r01.mp4,5498397,0.148553,1,
write,write,,,video_small,polyglot,1,01-01-02-02-02-02-21_r01.mp4,5498397,0.044581,1,
write,write,,,video_small,polyglot,1,01-01-02-02-02-02-22_r01.mp4,5457041,0.061742,1,
write,write,,,video_small,pg_bytea,1,01-01-02-02-02-02-22_r01.mp4,5457041,0.146637,1,
write,write,,,video_small,mongo_gridfs,1,01-01-02-02-02-02-22_r01.mp4,5457041,0.044972,1,
write,write,,,video_small,mongo_gridfs,1,01-01-02-02-02-02-23_r01.mp4,5457041,0.047496,1,
write,write,,,video_small,polyglot,1,01-01-02-02-02-02-23_r01.mp4,5457041,0.048539,1,
write,write,,,video_small,pg_bytea,1,01-01-02-02-02-02-23_r01.mp4,5457041,0.141845,1,
write,write,,,video_small,mongo_gridfs,1,01-01-03-01-01-01-12_r01.mp4,5457041,0.048803,1,
write,write,,,video_small,polyglot,1,01-01-03-01-01-01-12_r01.mp4,5457041,0.050168,1,
write,write,,,video_small,pg_bytea,1,01-01-03-01-01-01-12_r01.mp4,5457041,0.161606,1,
write,write,,,video_small,pg_bytea,1,01-01-03-01-01-01-15_r01.mp4,5457041,0.138080,1,
write,write,,,video_small,mongo_gridfs,1,01-01-03-01-01-01-15_r01.mp4,5457041,1.955013,1,
write,write,,,video_small,polyglot,1,01-01-03-01-01-01-15_r01.mp4,5457041,0.086578,1,
write,write,,,video_small,pg_bytea,1,01-01-03-01-02-01-08_r01.mp4,5498397,0.139297,1,
write,write,,,video_small,polyglot,1,01-01-03-01-02-01-08_r01.mp4,5498397,0.047321,1,
write,write,,,video_small,mongo_gridfs,1,01-01-03-01-02-01-08_r01.mp4,5498397,0.045161,1,
write,write,,,video_small,pg_bytea,1,01-01-03-01-02-01-21_r01.mp4,5498397,0.138285,1,
write,write,,,video_small,mongo_gridfs,1,01-01-03-01-02-01-21_r01.mp4,5498397,0.066965,1,
write,write,,,video_small,polyglot,1,01-01-03-01-02-01-21_r01.mp4,5498397,0.043387,1,
write,write,,,video_small,mongo_gridfs,1,01-01-03-02-01-01-21_r01.mp4,5457041,0.045015,1,
write,write,,,video_small,pg_bytea,1,01-01-03-02-01-01-21_r01.mp4,5457041,0.148051,1,
write,write,,,video_small,polyglot,1,01-01-03-02-01-01-21_r01.mp4,5457041,0.045444,1,
write,write,,,video_small,mongo_gridfs,1,01-01-03-02-01-01-24_r01.mp4,5457041,0.047287,1,
write,write,,,video_small,pg_bytea,1,01-01-03-02-01-01-24_r01.mp4,5457041,0.140611,1,
write,write,,,video_small,polyglot,1,01-01-03-02-01-01-24_r01.mp4,5457041,0.044206,1,
write,write,,,video_small,pg_bytea,1,01-01-03-02-01-02-01_r01.mp4,5457041,0.141669,1,
write,write,,,video_small,mongo_gridfs,1,01-01-03-02-01-02-01_r01.mp4,5457041,0.045253,1,
write,write,,,video_small,polyglot,1,01-01-03-02-01-02-01_r01.mp4,5457041,0.051284,1,
write,write,,,video_small,polyglot,1,01-01-03-02-01-02-15_r01.mp4,5457041,0.043273,1,
write,write,,,video_small,mongo_gridfs,1,01-01-03-02-01-02-15_r01.mp4,5457041,0.041854,1,
write,write,,,video_small,pg_bytea,1,01-01-03-02-01-02-15_r01.mp4,5457041,0.144254,1,
write,write,,,video_small,mongo_gridfs,1,01-01-03-02-02-01-05_r01.mp4,5457041,0.046933,1,
write,write,,,video_small,pg_bytea,1,01-01-03-02-02-01-05_r01.mp4,5457041,0.139529,1,
write,write,,,video_small,polyglot,1,01-01-03-02-02-01-05_r01.mp4,5457041,0.043869,1,
write,write,,,video_small,mongo_gridfs,1,01-01-03-02-02-01-12_r01.mp4,5457041,0.044853,1,
write,write,,,video_small,pg_bytea,1,01-01-03-02-02-01-12_r01.mp4,5457041,0.143235,1,
write,write,,,video_small,polyglot,1,01-01-03-02-02-01-12_r01.mp4,5457041,0.060700,1,
write,write,,,video_small,mongo_gridfs,1,01-01-03-02-02-01-15_r01.mp4,5498397,0.042804,1,
write,write,,,video_small,pg_bytea,1,01-01-03-02-02-01-15_r01.mp4,5498397,2.001930,1,
write,write,,,video_small,polyglot,1,01-01-03-02-02-01-15_r01.mp4,5498397,0.057854,1,
write,write,,,video_small,pg_bytea,1,01-01-04-01-01-01-03_r01.mp4,5457041,0.147109,1,
write,write,,,video_small,polyglot,1,01-01-04-01-01-01-03_r01.mp4,5457041,0.042939,1,
write,write,,,video_small,mongo_gridfs,1,01-01-04-01-01-01-03_r01.mp4,5457041,0.041008,1,
write,write,,,video_small,polyglot,1,01-01-04-01-01-01-05_r01.mp4,5498397,0.066707,1,
write,write,,,video_small,pg_bytea,1,01-01-04-01-01-01-05_r01.mp4,5498397,0.151232,1,
write,write,,,video_small,mongo_gridfs,1,01-01-04-01-01-01-05_r01.mp4,5498397,0.044254,1,
write,write,,,video_small,pg_bytea,1,01-01-04-01-01-01-10_r01.mp4,5457041,0.145260,1,
write,write,,,video_small,polyglot,1,01-01-04-01-01-01-10_r01.mp4,5457041,0.047613,1,
write,write,,,video_small,mongo_gridfs,1,01-01-04-01-01-01-10_r01.mp4,5457041,0.044197,1,
write,write,,,video_small,pg_bytea,1,01-01-04-01-01-01-16_r01.mp4,5457041,0.138570,1,
write,write,,,video_small,mongo_gridfs,1,01-01-04-01-01-01-16_r01.mp4,5457041,0.044952,1,
write,write,,,video_small,polyglot,1,01-01-04-01-01-01-16_r01.mp4,5457041,0.042446,1,
write,write,,,video_small,pg_bytea,1,01-01-04-01-02-01-19_r01.mp4,5498397,0.139484,1,
write,write,,,video_small,mongo_gridfs,1,01-01-04-01-02-01-19_r01.mp4,5498397,0.055102,1,
write,write,,,video_small,polyglot,1,01-01-04-01-02-01-19_r01.mp4,5498397,0.052995,1,
write,write,,,video_small,pg_bytea,1,01-01-04-01-02-01-21_r01.mp4,5498397,0.168059,1,
write,write,,,video_small,polyglot,1,01-01-04-01-02-01-21_r01.mp4,5498397,0.045482,1,
write,write,,,video_small,mongo_gridfs,1,01-01-04-01-02-01-21_r01.mp4,5498397,0.043177,1,
write,write,,,video_small,polyglot,1,01-01-04-01-02-01-22_r01.mp4,5498397,0.046494,1,
write,write,,,video_small,pg_bytea,1,01-01-04-01-02-01-22_r01.mp4,5498397,0.158793,1,
write,write,,,video_small,mongo_gridfs,1,01-01-04-01-02-01-22_r01.mp4,5498397,0.045262,1,
write,write,,,video_small,mongo_gridfs,1,01-01-04-02-01-01-18_r01.mp4,5498397,0.045388,1,
write,write,,,video_small,pg_bytea,1,01-01-04-02-01-01-18_r01.mp4,5498397,0.146882,1,
write,write,,,video_small,polyglot,1,01-01-04-02-01-01-18_r01.mp4,5498397,2.027455,1,
write,write,,,video_small,pg_bytea,1,01-01-04-02-01-01-19_r01.mp4,5457041,0.151889,1,
write,write,,,video_small,polyglot,1,01-01-04-02-01-01-19_r01.mp4,5457041,0.047211,1,
write,write,,,video_small,mongo_gridfs,1,01-01-04-02-01-01-19_r01.mp4,5457041,0.041413,1,
write,write,,,video_small,polyglot,1,01-01-04-02-02-01-02_r01.mp4,5498397,0.045359,1,
write,write,,,video_small,pg_bytea,1,01-01-04-02-02-01-02_r01.mp4,5498397,0.137357,1,
write,write,,,video_small,mongo_gridfs,1,01-01-04-02-02-01-02_r01.mp4,5498397,0.045150,1,
write,write,,,video_small,pg_bytea,1,01-01-04-02-02-01-05_r01.mp4,5498397,0.140091,1,
write,write,,,video_small,polyglot,1,01-01-04-02-02-01-05_r01.mp4,5498397,0.066263,1,
write,write,,,video_small,mongo_gridfs,1,01-01-04-02-02-01-05_r01.mp4,5498397,0.041962,1,
write,write,,,video_small,polyglot,1,01-01-04-02-02-01-06_r01.mp4,5498397,0.048645,1,
write,write,,,video_small,pg_bytea,1,01-01-04-02-02-01-06_r01.mp4,5498397,0.143893,1,
write,write,,,video_small,mongo_gridfs,1,01-01-04-02-02-01-06_r01.mp4,5498397,0.043009,1,
write,write,,,video_small,mongo_gridfs,1,01-01-04-02-02-01-13_r01.mp4,5498397,0.058607,1,
write,write,,,video_small,pg_bytea,1,01-01-04-02-02-01-13_r01.mp4,5498397,0.168099,1,
write,write,,,video_small,polyglot,1,01-01-04-02-02-01-13_r01.mp4,5498397,0.047599,1,
write,write,,,video_small,mongo_gridfs,1,01-01-04-02-02-01-17_r01.mp4,5498397,0.049357,1,
write,write,,,video_small,pg_bytea,1,01-01-04-02-02-01-17_r01.mp4,5498397,0.149162,1,
write,write,,,video_small,polyglot,1,01-01-04-02-02-01-17_r01.mp4,5498397,0.048891,1,
write,write,,,video_small,mongo_gridfs,1,01-01-04-02-02-02-19_r01.mp4,5498397,0.047688,1,
write,write,,,video_small,polyglot,1,01-01-04-02-02-02-19_r01.mp4,5498397,0.046100,1,
write,write,,,video_small,pg_bytea,1,01-01-04-02-02-02-19_r01.mp4,5498397,0.156388,1,
write,write,,,video_small,mongo_gridfs,1,01-01-05-01-01-02-09_r01.mp4,5457041,0.044709,1,
write,write,,,video_small,polyglot,1,01-01-05-01-01-02-09_r01.mp4,5457041,0.057252,1,
write,write,,,video_small,pg_bytea,1,01-01-05-01-01-02-09_r01.mp4,5457041,2.243153,1,
write,write,,,video_small,mongo_gridfs,1,01-01-05-01-01-02-19_r01.mp4,5498397,0.081501,1,
write,write,,,video_small,pg_bytea,1,01-01-05-01-01-02-19_r01.mp4,5498397,0.154026,1,
write,write,,,video_small,polyglot,1,01-01-05-01-01-02-19_r01.mp4,5498397,0.044759,1,
write,write,,,video_small,pg_bytea,1,01-01-05-01-01-02-21_r01.mp4,5457041,0.160208,1,
write,write,,,video_small,polyglot,1,01-01-05-01-01-02-21_r01.mp4,5457041,0.052617,1,
write,write,,,video_small,mongo_gridfs,1,01-01-05-01-01-02-21_r01.mp4,5457041,0.065036,1,
write,write,,,video_small,pg_bytea,1,01-01-05-01-02-01-19_r01.mp4,5457041,0.154231,1,
write,write,,,video_small,polyglot,1,01-01-05-01-02-01-19_r01.mp4,5457041,0.044761,1,
write,write,,,video_small,mongo_gridfs,1,01-01-05-01-02-01-19_r01.mp4,5457041,0.046241,1,
write,write,,,video_small,polyglot,1,01-01-05-01-02-02-04_r01.mp4,5457041,0.044862,1,
write,write,,,video_small,pg_bytea,1,01-01-05-01-02-02-04_r01.mp4,5457041,0.149177,1,
write,write,,,video_small,mongo_gridfs,1,01-01-05-01-02-02-04_r01.mp4,5457041,0.044165,1,
write,write,,,video_small,polyglot,1,01-01-05-01-02-02-05_r01.mp4,5498397,0.043000,1,
write,write,,,video_small,mongo_gridfs,1,01-01-05-01-02-02-05_r01.mp4,5498397,0.043351,1,
write,write,,,video_small,pg_bytea,1,01-01-05-01-02-02-05_r01.mp4,5498397,0.148279,1,
write,write,,,video_small,mongo_gridfs,1,01-01-05-02-01-02-04_r01.mp4,5457041,0.050803,1,
write,write,,,video_small,polyglot,1,01-01-05-02-01-02-04_r01.mp4,5457041,0.071710,1,
write,write,,,video_small,pg_bytea,1,01-01-05-02-01-02-04_r01.mp4,5457041,0.151521,1,
write,write,,,video_small,pg_bytea,1,01-01-05-02-01-02-12_r01.mp4,5457041,0.145574,1,
write,write,,,video_small,polyglot,1,01-01-05-02-01-02-12_r01.mp4,5457041,0.044085,1,
write,write,,,video_small,mongo_gridfs,1,01-01-05-02-01-02-12_r01.mp4,5457041,0.045661,1,
write,write,,,video_small,polyglot,1,01-01-05-02-01-02-14_r01.mp4,5457041,0.045947,1,
write,write,,,video_small,pg_bytea,1,01-01-05-02-01-02-14_r01.mp4,5457041,0.144073,1,
write,write,,,video_small,mongo_gridfs,1,01-01-05-02-01-02-14_r01.mp4,5457041,0.041337,1,
write,write,,,video_small,mongo_gridfs,1,01-01-05-02-02-02-19_r01.mp4,5498397,0.052398,1,
write,write,,,video_small,pg_bytea,1,01-01-05-02-02-02-19_r01.mp4,5498397,0.145094,1,
write,write,,,video_small,polyglot,1,01-01-05-02-02-02-19_r01.mp4,5498397,0.048710,1,
write,write,,,video_small,pg_bytea,1,01-01-05-02-02-02-20_r01.mp4,5498397,0.141134,1,
write,write,,,video_small,mongo_gridfs,1,01-01-05-02-02-02-20_r01.mp4,5498397,0.046900,1,
write,write,,,video_small,polyglot,1,01-01-05-02-02-02-20_r01.mp4,5498397,0.044877,1,
write,write,,,video_small,polyglot,1,01-01-05-02-02-02-23_r01.mp4,5457041,0.048274,1,
write,write,,,video_small,pg_bytea,1,01-01-05-02-02-02-23_r01.mp4,5457041,0.148428,1,
write,write,,,video_small,mongo_gridfs,1,01-01-05-02-02-02-23_r01.mp4,5457041,0.042731,1,
write,write,,,video_small,mongo_gridfs,1,01-01-06-01-01-01-08_r01.mp4,5457041,0.043500,1,
write,write,,,video_small,pg_bytea,1,01-01-06-01-01-01-08_r01.mp4,5457041,0.146379,1,
write,write,,,video_small,polyglot,1,01-01-06-01-01-01-08_r01.mp4,5457041,0.045382,1,
write,write,,,video_small,mongo_gridfs,1,01-01-06-01-01-01-19_r01.mp4,5457041,0.042979,1,
write,write,,,video_small,polyglot,1,01-01-06-01-01-01-19_r01.mp4,5457041,0.051121,1,
write,write,,,video_small,pg_bytea,1,01-01-06-01-01-01-19_r01.mp4,5457041,0.147122,1,
write,write,,,video_small,pg_bytea,1,01-01-06-01-01-01-24_r01.mp4,5498397,0.157194,1,
write,write,,,video_small,polyglot,1,01-01-06-01-01-01-24_r01.mp4,5498397,0.045001,1,
write,write,,,video_small,mongo_gridfs,1,01-01-06-01-01-01-24_r01.mp4,5498397,0.045722,1,
write,write,,,video_medium,pg_bytea,1,tsinghua_v_0024_r01.mp4,13091522,0.383540,1,
write,write,,,video_medium,mongo_gridfs,1,tsinghua_v_0024_r01.mp4,13091522,0.135141,1,
write,write,,,video_medium,polyglot,1,tsinghua_v_0024_r01.mp4,13091522,0.111295,1,
write,write,,,video_medium,pg_bytea,1,tsinghua_v_0046_r01.mp4,13091522,2.001669,1,
write,write,,,video_medium,mongo_gridfs,1,tsinghua_v_0046_r01.mp4,13091522,0.123677,1,
write,write,,,video_medium,polyglot,1,tsinghua_v_0046_r01.mp4,13091522,0.113196,1,
write,write,,,video_medium,pg_bytea,1,tsinghua_v_0076_r01.mp4,13091522,0.347137,1,
write,write,,,video_medium,polyglot,1,tsinghua_v_0076_r01.mp4,13091522,0.100095,1,
write,write,,,video_medium,mongo_gridfs,1,tsinghua_v_0076_r01.mp4,13091522,0.112725,1,
write,write,,,video_medium,mongo_gridfs,1,tsinghua_v_0080_r01.mp4,13091522,0.114847,1,
write,write,,,video_medium,polyglot,1,tsinghua_v_0080_r01.mp4,13091522,0.187569,1,
write,write,,,video_medium,pg_bytea,1,tsinghua_v_0080_r01.mp4,13091522,0.346569,1,
write,write,,,video_medium,polyglot,1,tsinghua_v_0109_r01.mp4,13091522,0.125774,1,
write,write,,,video_medium,mongo_gridfs,1,tsinghua_v_0109_r01.mp4,13091522,0.121167,1,
write,write,,,video_medium,pg_bytea,1,tsinghua_v_0109_r01.mp4,13091522,0.341702,1,
write,write,,,video_medium,polyglot,1,tsinghua_v_0123_r01.mp4,13091522,0.119688,1,
write,write,,,video_medium,pg_bytea,1,tsinghua_v_0123_r01.mp4,13091522,0.351068,1,
write,write,,,video_medium,mongo_gridfs,1,tsinghua_v_0123_r01.mp4,13091522,0.111172,1,
write,write,,,video_medium,pg_bytea,1,tsinghua_v_0130_r01.mp4,13091522,0.353021,1,
write,write,,,video_medium,polyglot,1,tsinghua_v_0130_r01.mp4,13091522,0.117664,1,
write,write,,,video_medium,mongo_gridfs,1,tsinghua_v_0130_r01.mp4,13091522,0.118281,1,
write,write,,,video_medium,mongo_gridfs,1,tsinghua_v_0135_r01.mp4,13091522,0.098025,1,
write,write,,,video_medium,polyglot,1,tsinghua_v_0135_r01.mp4,13091522,0.113324,1,
write,write,,,video_medium,pg_bytea,1,tsinghua_v_0135_r01.mp4,13091522,0.351734,1,
write,write,,,video_medium,mongo_gridfs,1,tsinghua_v_0137_r01.mp4,13091522,0.102244,1,
write,write,,,video_medium,polyglot,1,tsinghua_v_0137_r01.mp4,13091522,0.119661,1,
write,write,,,video_medium,pg_bytea,1,tsinghua_v_0137_r01.mp4,13091522,0.345247,1,
write,write,,,video_medium,polyglot,1,tsinghua_v_0140_r01.mp4,13091522,0.108613,1,
write,write,,,video_medium,mongo_gridfs,1,tsinghua_v_0140_r01.mp4,13091522,0.111603,1,
write,write,,,video_medium,pg_bytea,1,tsinghua_v_0140_r01.mp4,13091522,0.348391,1,
write,write,,,video_medium,mongo_gridfs,1,tsinghua_v_0151_r01.mp4,13091522,0.108706,1,
write,write,,,video_medium,pg_bytea,1,tsinghua_v_0151_r01.mp4,13091522,0.468060,1,
write,write,,,video_medium,polyglot,1,tsinghua_v_0151_r01.mp4,13091522,0.101361,1,
write,write,,,video_medium,pg_bytea,1,tsinghua_v_0157_r01.mp4,13091522,0.476610,1,
write,write,,,video_medium,mongo_gridfs,1,tsinghua_v_0157_r01.mp4,13091522,1.915891,1,
write,write,,,video_medium,polyglot,1,tsinghua_v_0157_r01.mp4,13091522,0.108571,1,
write,write,,,video_medium,mongo_gridfs,1,tsinghua_v_0209_r01.mp4,13091522,0.122383,1,
write,write,,,video_medium,pg_bytea,1,tsinghua_v_0209_r01.mp4,13091522,0.344245,1,
write,write,,,video_medium,polyglot,1,tsinghua_v_0209_r01.mp4,13091522,0.108735,1,
write,write,,,video_medium,mongo_gridfs,1,tsinghua_v_0226_r01.mp4,13091522,0.128283,1,
write,write,,,video_medium,polyglot,1,tsinghua_v_0226_r01.mp4,13091522,0.099185,1,
write,write,,,video_medium,pg_bytea,1,tsinghua_v_0226_r01.mp4,13091522,0.341380,1,
write,write,,,video_medium,pg_bytea,1,tsinghua_v_0236_r01.mp4,13091522,0.346080,1,
write,write,,,video_medium,polyglot,1,tsinghua_v_0236_r01.mp4,13091522,0.106413,1,
write,write,,,video_medium,mongo_gridfs,1,tsinghua_v_0236_r01.mp4,13091522,0.123556,1,
write,write,,,video_medium,polyglot,1,tsinghua_v_0274_r01.mp4,13091522,0.099835,1,
write,write,,,video_medium,mongo_gridfs,1,tsinghua_v_0274_r01.mp4,13091522,0.129203,1,
write,write,,,video_medium,pg_bytea,1,tsinghua_v_0274_r01.mp4,13091522,0.363198,1,
write,write,,,video_medium,mongo_gridfs,1,tsinghua_v_0280_r01.mp4,13091522,0.111440,1,
write,write,,,video_medium,polyglot,1,tsinghua_v_0280_r01.mp4,13091522,0.118695,1,
write,write,,,video_medium,pg_bytea,1,tsinghua_v_0280_r01.mp4,13091522,0.341544,1,
write,write,,,video_medium,pg_bytea,1,tsinghua_v_0302_r01.mp4,13091522,0.350640,1,
write,write,,,video_medium,polyglot,1,tsinghua_v_0302_r01.mp4,13091522,0.108124,1,
write,write,,,video_medium,mongo_gridfs,1,tsinghua_v_0302_r01.mp4,13091522,0.136230,1,
write,write,,,video_medium,mongo_gridfs,1,tsinghua_v_0311_r01.mp4,13091522,0.103723,1,
write,write,,,video_medium,polyglot,1,tsinghua_v_0311_r01.mp4,13091522,0.142590,1,
write,write,,,video_medium,pg_bytea,1,tsinghua_v_0311_r01.mp4,13091522,0.402402,1,
write,write,,,video_medium,mongo_gridfs,1,tsinghua_v_0316_r01.mp4,13091522,0.093204,1,
write,write,,,video_medium,polyglot,1,tsinghua_v_0316_r01.mp4,13091522,0.106564,1,
write,write,,,video_medium,pg_bytea,1,tsinghua_v_0316_r01.mp4,13091522,0.446259,1,
write,write,,,video_medium,pg_bytea,1,tsinghua_v_0319_r01.mp4,13091522,0.391017,1,
write,write,,,video_medium,polyglot,1,tsinghua_v_0319_r01.mp4,13091522,0.100333,1,
write,write,,,video_medium,mongo_gridfs,1,tsinghua_v_0319_r01.mp4,13091522,0.122092,1,
write,write,,,video_medium,pg_bytea,1,tsinghua_v_0321_r01.mp4,13091522,0.441688,1,
write,write,,,video_medium,polyglot,1,tsinghua_v_0321_r01.mp4,13091522,0.133380,1,
write,write,,,video_medium,mongo_gridfs,1,tsinghua_v_0321_r01.mp4,13091522,0.109722,1,
write,write,,,video_medium,polyglot,1,tsinghua_v_0331_r01.mp4,13091522,0.103810,1,
write,write,,,video_medium,mongo_gridfs,1,tsinghua_v_0331_r01.mp4,13091522,0.112393,1,
write,write,,,video_medium,pg_bytea,1,tsinghua_v_0331_r01.mp4,13091522,0.393275,1,
write,write,,,video_medium,polyglot,1,tsinghua_v_0345_r01.mp4,13091522,0.108744,1,
write,write,,,video_medium,pg_bytea,1,tsinghua_v_0345_r01.mp4,13091522,0.374967,1,
write,write,,,video_medium,mongo_gridfs,1,tsinghua_v_0345_r01.mp4,13091522,0.103348,1,
write,write,,,video_medium,pg_bytea,1,tsinghua_v_0356_r01.mp4,13091522,0.348448,1,
write,write,,,video_medium,polyglot,1,tsinghua_v_0356_r01.mp4,13091522,0.100973,1,
write,write,,,video_medium,mongo_gridfs,1,tsinghua_v_0356_r01.mp4,13091522,0.201330,1,
write,write,,,video_medium,pg_bytea,1,tsinghua_v_0357_r01.mp4,13091522,0.381949,1,
write,write,,,video_medium,polyglot,1,tsinghua_v_0357_r01.mp4,13091522,0.109675,1,
write,write,,,video_medium,mongo_gridfs,1,tsinghua_v_0357_r01.mp4,13091522,0.131212,1,
write,write,,,video_medium,polyglot,1,tsinghua_v_0379_r01.mp4,13091522,0.101861,1,
write,write,,,video_medium,mongo_gridfs,1,tsinghua_v_0379_r01.mp4,13091522,0.124580,1,
write,write,,,video_medium,pg_bytea,1,tsinghua_v_0379_r01.mp4,13091522,0.368950,1,
write,write,,,video_medium,pg_bytea,1,tsinghua_v_0393_r01.mp4,13091522,0.359617,1,
write,write,,,video_medium,polyglot,1,tsinghua_v_0393_r01.mp4,13091522,0.120475,1,
write,write,,,video_medium,mongo_gridfs,1,tsinghua_v_0393_r01.mp4,13091522,0.125761,1,
write,write,,,video_medium,polyglot,1,tsinghua_v_0421_r01.mp4,13091522,0.098201,1,
write,write,,,video_medium,mongo_gridfs,1,tsinghua_v_0421_r01.mp4,13091522,0.122658,1,
write,write,,,video_medium,pg_bytea,1,tsinghua_v_0421_r01.mp4,13091522,0.371545,1,
write,write,,,video_medium,pg_bytea,1,tsinghua_v_0424_r01.mp4,13091522,0.339654,1,
write,write,,,video_medium,polyglot,1,tsinghua_v_0424_r01.mp4,13091522,0.102540,1,
write,write,,,video_medium,mongo_gridfs,1,tsinghua_v_0424_r01.mp4,13091522,0.113598,1,
write,write,,,video_medium,mongo_gridfs,1,tsinghua_v_0427_r01.mp4,13091522,0.109283,1,
write,write,,,video_medium,polyglot,1,tsinghua_v_0427_r01.mp4,13091522,0.112651,1,
write,write,,,video_medium,pg_bytea,1,tsinghua_v_0427_r01.mp4,13091522,0.369527,1,
write,write,,,video_medium,pg_bytea,1,tsinghua_v_0431_r01.mp4,13091522,0.434362,1,
write,write,,,video_medium,mongo_gridfs,1,tsinghua_v_0431_r01.mp4,13091522,0.101075,1,
write,write,,,video_medium,polyglot,1,tsinghua_v_0431_r01.mp4,13091522,0.119343,1,
write,write,,,video_medium,pg_bytea,1,tsinghua_v_0452_r01.mp4,13091522,0.390348,1,
write,write,,,video_medium,mongo_gridfs,1,tsinghua_v_0452_r01.mp4,13091522,0.106316,1,
write,write,,,video_medium,polyglot,1,tsinghua_v_0452_r01.mp4,13091522,0.126462,1,
write,write,,,video_medium,mongo_gridfs,1,tsinghua_v_0454_r01.mp4,13091522,0.101984,1,
write,write,,,video_medium,pg_bytea,1,tsinghua_v_0454_r01.mp4,13091522,0.395212,1,
write,write,,,video_medium,polyglot,1,tsinghua_v_0454_r01.mp4,13091522,0.099490,1,
write,write,,,video_medium,mongo_gridfs,1,tsinghua_v_0457_r01.mp4,13091522,0.116181,1,
write,write,,,video_medium,polyglot,1,tsinghua_v_0457_r01.mp4,13091522,0.102413,1,
write,write,,,video_medium,pg_bytea,1,tsinghua_v_0457_r01.mp4,13091522,0.389529,1,
write,write,,,video_medium,mongo_gridfs,1,tsinghua_v_0466_r01.mp4,13091522,1.831345,1,
write,write,,,video_medium,polyglot,1,tsinghua_v_0466_r01.mp4,13091522,0.112994,1,
write,write,,,video_medium,pg_bytea,1,tsinghua_v_0466_r01.mp4,13091522,0.383312,1,
write,write,,,video_medium,mongo_gridfs,1,tsinghua_v_0471_r01.mp4,13091522,0.133825,1,
write,write,,,video_medium,polyglot,1,tsinghua_v_0471_r01.mp4,13091522,0.114224,1,
write,write,,,video_medium,pg_bytea,1,tsinghua_v_0471_r01.mp4,13091522,0.388431,1,
write,write,,,video_medium,pg_bytea,1,tsinghua_v_0472_r01.mp4,13091522,0.363415,1,
write,write,,,video_medium,polyglot,1,tsinghua_v_0472_r01.mp4,13091522,0.109150,1,
write,write,,,video_medium,mongo_gridfs,1,tsinghua_v_0472_r01.mp4,13091522,0.130983,1,
write,write,,,video_medium,pg_bytea,1,tsinghua_v_0494_r01.mp4,13091522,2.403288,1,
write,write,,,video_medium,mongo_gridfs,1,tsinghua_v_0494_r01.mp4,13091522,0.152275,1,
write,write,,,video_medium,polyglot,1,tsinghua_v_0494_r01.mp4,13091522,0.136414,1,
write,write,,,video_medium,polyglot,1,tsinghua_v_0503_r01.mp4,13091522,0.108528,1,
write,write,,,video_medium,mongo_gridfs,1,tsinghua_v_0503_r01.mp4,13091522,0.110208,1,
write,write,,,video_medium,pg_bytea,1,tsinghua_v_0503_r01.mp4,13091522,0.385310,1,
write,write,,,video_medium,pg_bytea,1,tsinghua_v_0509_r01.mp4,13091522,0.378037,1,
write,write,,,video_medium,polyglot,1,tsinghua_v_0509_r01.mp4,13091522,0.105890,1,
write,write,,,video_medium,mongo_gridfs,1,tsinghua_v_0509_r01.mp4,13091522,0.125062,1,
write,write,,,video_medium,polyglot,1,tsinghua_v_0523_r01.mp4,13091522,0.111098,1,
write,write,,,video_medium,pg_bytea,1,tsinghua_v_0523_r01.mp4,13091522,0.493168,1,
write,write,,,video_medium,mongo_gridfs,1,tsinghua_v_0523_r01.mp4,13091522,1.851555,1,
write,write,,,video_medium,pg_bytea,1,tsinghua_v_0546_r01.mp4,13091522,0.365095,1,
write,write,,,video_medium,mongo_gridfs,1,tsinghua_v_0546_r01.mp4,13091522,0.101208,1,
write,write,,,video_medium,polyglot,1,tsinghua_v_0546_r01.mp4,13091522,0.112152,1,
write,write,,,video_medium,mongo_gridfs,1,tsinghua_v_0568_r01.mp4,13091522,0.099663,1,
write,write,,,video_medium,polyglot,1,tsinghua_v_0568_r01.mp4,13091522,0.113756,1,
write,write,,,video_medium,pg_bytea,1,tsinghua_v_0568_r01.mp4,13091522,0.357065,1,
write,write,,,video_medium,polyglot,1,tsinghua_v_0594_r01.mp4,13091522,0.097851,1,
write,write,,,video_medium,pg_bytea,1,tsinghua_v_0594_r01.mp4,13091522,0.365629,1,
write,write,,,video_medium,mongo_gridfs,1,tsinghua_v_0594_r01.mp4,13091522,0.098456,1,
write,write,,,video_medium,mongo_gridfs,1,tsinghua_v_0596_r01.mp4,13091522,0.111146,1,
write,write,,,video_medium,pg_bytea,1,tsinghua_v_0596_r01.mp4,13091522,0.366389,1,
write,write,,,video_medium,polyglot,1,tsinghua_v_0596_r01.mp4,13091522,0.103387,1,
write,write,,,video_medium,polyglot,1,tsinghua_v_0635_r01.mp4,13091522,0.139054,1,
write,write,,,video_medium,mongo_gridfs,1,tsinghua_v_0635_r01.mp4,13091522,0.109107,1,
write,write,,,video_medium,pg_bytea,1,tsinghua_v_0635_r01.mp4,13091522,0.360519,1,
write,write,,,video_medium,mongo_gridfs,1,tsinghua_v_0653_r01.mp4,13091522,0.107543,1,
write,write,,,video_medium,pg_bytea,1,tsinghua_v_0653_r01.mp4,13091522,0.393084,1,
write,write,,,video_medium,polyglot,1,tsinghua_v_0653_r01.mp4,13091522,0.101940,1,
write,write,,,video_medium,pg_bytea,1,tsinghua_v_0667_r01.mp4,13091522,0.372720,1,
write,write,,,video_medium,mongo_gridfs,1,tsinghua_v_0667_r01.mp4,13091522,0.123852,1,
write,write,,,video_medium,polyglot,1,tsinghua_v_0667_r01.mp4,13091522,0.107878,1,
write,write,,,video_medium,pg_bytea,1,tsinghua_v_0673_r01.mp4,13091522,0.342692,1,
write,write,,,video_medium,polyglot,1,tsinghua_v_0673_r01.mp4,13091522,0.102862,1,
write,write,,,video_medium,mongo_gridfs,1,tsinghua_v_0673_r01.mp4,13091522,0.120102,1,
write,write,,,video_medium,pg_bytea,1,tsinghua_v_0681_r01.mp4,13091522,0.372622,1,
write,write,,,video_medium,mongo_gridfs,1,tsinghua_v_0681_r01.mp4,13091522,0.108677,1,
write,write,,,video_medium,polyglot,1,tsinghua_v_0681_r01.mp4,13091522,0.120135,1,
write,write,,,video_medium,polyglot,1,tsinghua_v_0690_r01.mp4,13091522,0.110387,1,
write,write,,,video_medium,pg_bytea,1,tsinghua_v_0690_r01.mp4,13091522,0.381944,1,
write,write,,,video_medium,mongo_gridfs,1,tsinghua_v_0690_r01.mp4,13091522,0.111241,1,
write,write,,,video_medium,pg_bytea,1,tsinghua_v_0692_r01.mp4,13091522,0.493872,1,
write,write,,,video_medium,mongo_gridfs,1,tsinghua_v_0692_r01.mp4,13091522,0.103813,1,
write,write,,,video_medium,polyglot,1,tsinghua_v_0692_r01.mp4,13091522,0.116012,1,
write,write,,,video_medium,pg_bytea,1,tsinghua_v_0696_r01.mp4,13091522,0.393652,1,
write,write,,,video_medium,mongo_gridfs,1,tsinghua_v_0696_r01.mp4,13091522,0.106771,1,
write,write,,,video_medium,polyglot,1,tsinghua_v_0696_r01.mp4,13091522,0.122714,1,
write,write,,,video_medium,mongo_gridfs,1,tsinghua_v_0734_r01.mp4,13091522,0.104661,1,
write,write,,,video_medium,pg_bytea,1,tsinghua_v_0734_r01.mp4,13091522,0.397009,1,
write,write,,,video_medium,polyglot,1,tsinghua_v_0734_r01.mp4,13091522,0.109161,1,
write,write,,,video_medium,pg_bytea,1,tsinghua_v_0737_r01.mp4,13091522,0.358202,1,
write,write,,,video_medium,mongo_gridfs,1,tsinghua_v_0737_r01.mp4,13091522,0.116274,1,
write,write,,,video_medium,polyglot,1,tsinghua_v_0737_r01.mp4,13091522,0.124237,1,
write,write,,,video_medium,pg_bytea,1,tsinghua_v_0744_r01.mp4,13091522,0.352356,1,
write,write,,,video_medium,mongo_gridfs,1,tsinghua_v_0744_r01.mp4,13091522,0.112590,1,
write,write,,,video_medium,polyglot,1,tsinghua_v_0744_r01.mp4,13091522,0.134657,1,
write,write,,,video_medium,pg_bytea,1,tsinghua_v_0745_r01.mp4,13091522,0.355582,1,
write,write,,,video_medium,mongo_gridfs,1,tsinghua_v_0745_r01.mp4,13091522,0.113439,1,
write,write,,,video_medium,polyglot,1,tsinghua_v_0745_r01.mp4,13091522,0.126448,1,
write,write,,,video_medium,polyglot,1,tsinghua_v_0769_r01.mp4,13091522,0.109210,1,
write,write,,,video_medium,pg_bytea,1,tsinghua_v_0769_r01.mp4,13091522,0.377501,1,
write,write,,,video_medium,mongo_gridfs,1,tsinghua_v_0769_r01.mp4,13091522,0.102674,1,
write,write,,,video_medium,polyglot,1,tsinghua_v_0791_r01.mp4,13091522,0.126706,1,
write,write,,,video_medium,mongo_gridfs,1,tsinghua_v_0791_r01.mp4,13091522,0.100054,1,
write,write,,,video_medium,pg_bytea,1,tsinghua_v_0791_r01.mp4,13091522,0.381115,1,
write,write,,,video_medium,mongo_gridfs,1,tsinghua_v_0792_r01.mp4,13091522,0.106592,1,
write,write,,,video_medium,pg_bytea,1,tsinghua_v_0792_r01.mp4,13091522,0.369826,1,
write,write,,,video_medium,polyglot,1,tsinghua_v_0792_r01.mp4,13091522,0.113414,1,
write,write,,,video_medium,pg_bytea,1,tsinghua_v_0857_r01.mp4,13091522,0.378977,1,
write,write,,,video_medium,mongo_gridfs,1,tsinghua_v_0857_r01.mp4,13091522,0.180267,1,
write,write,,,video_medium,polyglot,1,tsinghua_v_0857_r01.mp4,13091522,0.104861,1,
write,write,,,video_medium,mongo_gridfs,1,tsinghua_v_0866_r01.mp4,13091522,0.110047,1,
write,write,,,video_medium,polyglot,1,tsinghua_v_0866_r01.mp4,13091522,0.099988,1,
write,write,,,video_medium,pg_bytea,1,tsinghua_v_0866_r01.mp4,13091522,0.358195,1,
write,write,,,video_medium,polyglot,1,tsinghua_v_0880_r01.mp4,13091522,0.116625,1,
write,write,,,video_medium,pg_bytea,1,tsinghua_v_0880_r01.mp4,13091522,0.373173,1,
write,write,,,video_medium,mongo_gridfs,1,tsinghua_v_0880_r01.mp4,13091522,0.135485,1,
write,write,,,video_medium,pg_bytea,1,tsinghua_v_0888_r01.mp4,13091522,0.383320,1,
write,write,,,video_medium,polyglot,1,tsinghua_v_0888_r01.mp4,13091522,0.182449,1,
write,write,,,video_medium,mongo_gridfs,1,tsinghua_v_0888_r01.mp4,13091522,0.109028,1,
write,write,,,video_medium,mongo_gridfs,1,tsinghua_v_0901_r01.mp4,13091522,0.120056,1,
write,write,,,video_medium,pg_bytea,1,tsinghua_v_0901_r01.mp4,13091522,0.359294,1,
write,write,,,video_medium,polyglot,1,tsinghua_v_0901_r01.mp4,13091522,0.110075,1,
write,write,,,video_medium,pg_bytea,1,tsinghua_v_0937_r01.mp4,13091522,0.370173,1,
write,write,,,video_medium,polyglot,1,tsinghua_v_0937_r01.mp4,13091522,0.116378,1,
write,write,,,video_medium,mongo_gridfs,1,tsinghua_v_0937_r01.mp4,13091522,0.122421,1,
write,write,,,video_medium,polyglot,1,tsinghua_v_0939_r01.mp4,13091522,0.109114,1,
write,write,,,video_medium,pg_bytea,1,tsinghua_v_0939_r01.mp4,13091522,0.371600,1,
write,write,,,video_medium,mongo_gridfs,1,tsinghua_v_0939_r01.mp4,13091522,0.104349,1,
write,write,,,video_medium,mongo_gridfs,1,tsinghua_v_0961_r01.mp4,13091522,0.116730,1,
write,write,,,video_medium,polyglot,1,tsinghua_v_0961_r01.mp4,13091522,0.117954,1,
write,write,,,video_medium,pg_bytea,1,tsinghua_v_0961_r01.mp4,13091522,0.360657,1,
write,write,,,video_medium,mongo_gridfs,1,tsinghua_v_0977_r01.mp4,13091522,0.110994,1,
write,write,,,video_medium,polyglot,1,tsinghua_v_0977_r01.mp4,13091522,0.123828,1,
write,write,,,video_medium,pg_bytea,1,tsinghua_v_0977_r01.mp4,13091522,0.371623,1,
write,write,,,audio_small,mongo_gridfs,2,03-01-01-01-01-02-19_r02.wav,375720,0.007318,1,
write,write,,,audio_small,polyglot,2,03-01-01-01-01-02-19_r02.wav,375720,0.005488,1,
write,write,,,audio_small,pg_bytea,2,03-01-01-01-01-02-19_r02.wav,375720,0.009915,1,
write,write,,,audio_small,polyglot,2,03-01-01-01-02-02-05_r02.wav,396294,0.005859,1,
write,write,,,audio_small,mongo_gridfs,2,03-01-01-01-02-02-05_r02.wav,396294,0.005494,1,
write,write,,,audio_small,pg_bytea,2,03-01-01-01-02-02-05_r02.wav,396294,0.010102,1,
write,write,,,audio_small,polyglot,2,03-01-01-01-02-02-06_r02.wav,363108,0.007615,1,
write,write,,,audio_small,pg_bytea,2,03-01-01-01-02-02-06_r02.wav,363108,0.008942,1,
write,write,,,audio_small,mongo_gridfs,2,03-01-01-01-02-02-06_r02.wav,363108,0.004924,1,
write,write,,,audio_small,mongo_gridfs,2,03-01-01-01-02-02-07_r02.wav,363108,0.005028,1,
write,write,,,audio_small,pg_bytea,2,03-01-01-01-02-02-07_r02.wav,363108,0.009779,1,
write,write,,,audio_small,polyglot,2,03-01-01-01-02-02-07_r02.wav,363108,0.005033,1,
write,write,,,audio_small,polyglot,2,03-01-01-01-02-02-11_r02.wav,375720,0.005922,1,
write,write,,,audio_small,pg_bytea,2,03-01-01-01-02-02-11_r02.wav,375720,0.009607,1,
write,write,,,audio_small,mongo_gridfs,2,03-01-01-01-02-02-11_r02.wav,375720,0.005221,1,
write,write,,,audio_small,polyglot,2,03-01-01-01-02-02-12_r02.wav,372698,0.005012,1,
write,write,,,audio_small,mongo_gridfs,2,03-01-01-01-02-02-12_r02.wav,372698,0.004833,1,
write,write,,,audio_small,pg_bytea,2,03-01-01-01-02-02-12_r02.wav,372698,0.009173,1,
write,write,,,audio_small,pg_bytea,2,03-01-01-01-02-02-13_r02.wav,363108,0.008628,1,
write,write,,,audio_small,polyglot,2,03-01-01-01-02-02-13_r02.wav,363108,0.005410,1,
write,write,,,audio_small,mongo_gridfs,2,03-01-01-01-02-02-13_r02.wav,363108,0.004654,1,
write,write,,,audio_small,pg_bytea,2,03-01-01-02-01-02-05_r02.wav,393086,0.010532,1,
write,write,,,audio_small,mongo_gridfs,2,03-01-01-02-01-02-05_r02.wav,393086,0.005475,1,
write,write,,,audio_small,polyglot,2,03-01-01-02-01-02-05_r02.wav,393086,0.005243,1,
write,write,,,audio_small,mongo_gridfs,2,03-01-01-02-01-02-06_r02.wav,363108,0.004604,1,
write,write,,,audio_small,polyglot,2,03-01-01-02-01-02-06_r02.wav,363108,0.004324,1,
write,write,,,audio_small,pg_bytea,2,03-01-01-02-01-02-06_r02.wav,363108,0.010716,1,
write,write,,,audio_small,polyglot,2,03-01-01-02-01-02-07_r02.wav,372698,0.008463,1,
write,write,,,audio_small,pg_bytea,2,03-01-01-02-01-02-07_r02.wav,372698,0.009235,1,
write,write,,,audio_small,mongo_gridfs,2,03-01-01-02-01-02-07_r02.wav,372698,0.005862,1,
write,write,,,audio_small,mongo_gridfs,2,03-01-01-02-01-02-13_r02.wav,399494,0.005011,1,
write,write,,,audio_small,pg_bytea,2,03-01-01-02-01-02-13_r02.wav,399494,0.010758,1,
write,write,,,audio_small,polyglot,2,03-01-01-02-01-02-13_r02.wav,399494,0.006776,1,
write,write,,,audio_small,mongo_gridfs,2,03-01-01-02-02-02-19_r02.wav,372698,0.005625,1,
write,write,,,audio_small,pg_bytea,2,03-01-01-02-02-02-19_r02.wav,372698,0.009243,1,
write,write,,,audio_small,polyglot,2,03-01-01-02-02-02-19_r02.wav,372698,0.005097,1,
write,write,,,audio_small,mongo_gridfs,2,03-01-02-01-01-01-19_r02.wav,372698,0.004937,1,
write,write,,,audio_small,pg_bytea,2,03-01-02-01-01-01-19_r02.wav,372698,0.009694,1,
write,write,,,audio_small,polyglot,2,03-01-02-01-01-01-19_r02.wav,372698,0.004816,1,
write,write,,,audio_small,pg_bytea,2,03-01-02-01-02-01-06_r02.wav,363108,0.013163,1,
write,write,,,audio_small,mongo_gridfs,2,03-01-02-01-02-01-06_r02.wav,363108,0.004852,1,
write,write,,,audio_small,polyglot,2,03-01-02-01-02-01-06_r02.wav,363108,0.004508,1,
write,write,,,audio_small,polyglot,2,03-01-02-01-02-01-07_r02.wav,399494,0.005705,1,
write,write,,,audio_small,mongo_gridfs,2,03-01-02-01-02-01-07_r02.wav,399494,0.004934,1,
write,write,,,audio_small,pg_bytea,2,03-01-02-01-02-01-07_r02.wav,399494,0.009528,1,
write,write,,,audio_small,pg_bytea,2,03-01-02-01-02-01-11_r02.wav,375720,0.015624,1,
write,write,,,audio_small,mongo_gridfs,2,03-01-02-01-02-01-11_r02.wav,375720,0.005000,1,
write,write,,,audio_small,polyglot,2,03-01-02-01-02-01-11_r02.wav,375720,0.004211,1,
write,write,,,audio_small,pg_bytea,2,03-01-02-01-02-01-12_r02.wav,372698,0.008781,1,
write,write,,,audio_small,mongo_gridfs,2,03-01-02-01-02-01-12_r02.wav,372698,0.003753,1,
write,write,,,audio_small,polyglot,2,03-01-02-01-02-01-12_r02.wav,372698,0.003753,1,
write,write,,,audio_small,pg_bytea,2,03-01-02-01-02-01-13_r02.wav,379106,0.008518,1,
write,write,,,audio_small,polyglot,2,03-01-02-01-02-01-13_r02.wav,379106,0.004043,1,
write,write,,,audio_small,mongo_gridfs,2,03-01-02-01-02-01-13_r02.wav,379106,0.005503,1,
write,write,,,audio_small,mongo_gridfs,2,03-01-02-02-01-01-05_r02.wav,363108,0.004777,1,
write,write,,,audio_small,polyglot,2,03-01-02-02-01-01-05_r02.wav,363108,0.005851,1,
write,write,,,audio_small,pg_bytea,2,03-01-02-02-01-01-05_r02.wav,363108,0.011974,1,
write,write,,,audio_small,mongo_gridfs,2,03-01-02-02-01-01-11_r02.wav,363108,0.005310,1,
write,write,,,audio_small,pg_bytea,2,03-01-02-02-01-01-11_r02.wav,363108,0.009290,1,
write,write,,,audio_small,polyglot,2,03-01-02-02-01-01-11_r02.wav,363108,0.005407,1,
write,write,,,audio_small,pg_bytea,2,03-01-02-02-01-01-12_r02.wav,399494,0.009884,1,
write,write,,,audio_small,polyglot,2,03-01-02-02-01-01-12_r02.wav,399494,0.005499,1,
write,write,,,audio_small,mongo_gridfs,2,03-01-02-02-01-01-12_r02.wav,399494,0.005797,1,
write,write,,,audio_small,pg_bytea,2,03-01-02-02-01-01-13_r02.wav,399494,0.009967,1,
write,write,,,audio_small,polyglot,2,03-01-02-02-01-01-13_r02.wav,399494,0.005850,1,
write,write,,,audio_small,mongo_gridfs,2,03-01-02-02-01-01-13_r02.wav,399494,0.004906,1,
write,write,,,audio_small,mongo_gridfs,2,03-01-02-02-02-01-19_r02.wav,379106,0.004895,1,
write,write,,,audio_small,polyglot,2,03-01-02-02-02-01-19_r02.wav,379106,0.004897,1,
write,write,,,audio_small,pg_bytea,2,03-01-02-02-02-01-19_r02.wav,379106,0.009514,1,
write,write,,,audio_small,polyglot,2,03-01-03-01-01-02-05_r02.wav,396294,0.004980,1,
write,write,,,audio_small,mongo_gridfs,2,03-01-03-01-01-02-05_r02.wav,396294,0.004605,1,
write,write,,,audio_small,pg_bytea,2,03-01-03-01-01-02-05_r02.wav,396294,0.010624,1,
write,write,,,audio_small,mongo_gridfs,2,03-01-03-01-01-02-07_r02.wav,393086,0.004596,1,
write,write,,,audio_small,pg_bytea,2,03-01-03-01-01-02-07_r02.wav,393086,0.009653,1,
write,write,,,audio_small,polyglot,2,03-01-03-01-01-02-07_r02.wav,393086,0.005775,1,
write,write,,,audio_small,polyglot,2,03-01-03-01-01-02-12_r02.wav,399494,0.005412,1,
write,write,,,audio_small,pg_bytea,2,03-01-03-01-01-02-12_r02.wav,399494,0.010676,1,
write,write,,,audio_small,mongo_gridfs,2,03-01-03-01-01-02-12_r02.wav,399494,0.006303,1,
write,write,,,audio_small,polyglot,2,03-01-03-01-01-02-13_r02.wav,399494,0.006377,1,
write,write,,,audio_small,pg_bytea,2,03-01-03-01-01-02-13_r02.wav,399494,0.010107,1,
write,write,,,audio_small,mongo_gridfs,2,03-01-03-01-01-02-13_r02.wav,399494,0.005375,1,
write,write,,,audio_small,mongo_gridfs,2,03-01-03-01-02-02-18_r02.wav,393086,0.005137,1,
write,write,,,audio_small,pg_bytea,2,03-01-03-01-02-02-18_r02.wav,393086,0.010079,1,
write,write,,,audio_small,polyglot,2,03-01-03-01-02-02-18_r02.wav,393086,0.006067,1,
write,write,,,audio_small,pg_bytea,2,03-01-03-01-02-02-19_r02.wav,399494,0.010067,1,
write,write,,,audio_small,mongo_gridfs,2,03-01-03-01-02-02-19_r02.wav,399494,0.005482,1,
write,write,,,audio_small,polyglot,2,03-01-03-01-02-02-19_r02.wav,399494,0.005428,1,
write,write,,,audio_small,polyglot,2,03-01-03-02-01-02-18_r02.wav,396294,0.004854,1,
write,write,,,audio_small,mongo_gridfs,2,03-01-03-02-01-02-18_r02.wav,396294,0.004860,1,
write,write,,,audio_small,pg_bytea,2,03-01-03-02-01-02-18_r02.wav,396294,0.012848,1,
write,write,,,audio_small,mongo_gridfs,2,03-01-03-02-01-02-19_r02.wav,372698,0.005179,1,
write,write,,,audio_small,pg_bytea,2,03-01-03-02-01-02-19_r02.wav,372698,0.013636,1,
write,write,,,audio_small,polyglot,2,03-01-03-02-01-02-19_r02.wav,372698,0.005506,1,
write,write,,,audio_small,polyglot,2,03-01-03-02-02-02-04_r02.wav,379106,0.004041,1,
write,write,,,audio_small,pg_bytea,2,03-01-03-02-02-02-04_r02.wav,379106,0.009486,1,
write,write,,,audio_small,mongo_gridfs,2,03-01-03-02-02-02-04_r02.wav,379106,0.005153,1,
write,write,,,audio_small,mongo_gridfs,2,03-01-03-02-02-02-06_r02.wav,399494,0.004718,1,
write,write,,,audio_small,pg_bytea,2,03-01-03-02-02-02-06_r02.wav,399494,0.010073,1,
write,write,,,audio_small,polyglot,2,03-01-03-02-02-02-06_r02.wav,399494,0.005462,1,
write,write,,,audio_small,mongo_gridfs,2,03-01-03-02-02-02-07_r02.wav,393086,0.005392,1,
write,write,,,audio_small,pg_bytea,2,03-01-03-02-02-02-07_r02.wav,393086,0.010059,1,
write,write,,,audio_small,polyglot,2,03-01-03-02-02-02-07_r02.wav,393086,0.004972,1,
write,write,,,audio_small,mongo_gridfs,2,03-01-03-02-02-02-10_r02.wav,375720,0.004862,1,
write,write,,,audio_small,polyglot,2,03-01-03-02-02-02-10_r02.wav,375720,0.004915,1,
write,write,,,audio_small,pg_bytea,2,03-01-03-02-02-02-10_r02.wav,375720,0.009442,1,
write,write,,,audio_small,polyglot,2,03-01-03-02-02-02-11_r02.wav,396294,0.004842,1,
write,write,,,audio_small,pg_bytea,2,03-01-03-02-02-02-11_r02.wav,396294,0.011426,1,
write,write,,,audio_small,mongo_gridfs,2,03-01-03-02-02-02-11_r02.wav,396294,0.005139,1,
write,write,,,audio_small,mongo_gridfs,2,03-01-03-02-02-02-13_r02.wav,399494,0.005965,1,
write,write,,,audio_small,pg_bytea,2,03-01-03-02-02-02-13_r02.wav,399494,0.010286,1,
write,write,,,audio_small,polyglot,2,03-01-03-02-02-02-13_r02.wav,399494,0.005204,1,
write,write,,,audio_small,pg_bytea,2,03-01-04-01-01-02-01_r02.wav,396294,0.011048,1,
write,write,,,audio_small,polyglot,2,03-01-04-01-01-02-01_r02.wav,396294,0.006094,1,
write,write,,,audio_small,mongo_gridfs,2,03-01-04-01-01-02-01_r02.wav,396294,0.004625,1,
write,write,,,audio_small,pg_bytea,2,03-01-04-01-01-02-02_r02.wav,379106,0.011222,1,
write,write,,,audio_small,mongo_gridfs,2,03-01-04-01-01-02-02_r02.wav,379106,0.023502,1,
write,write,,,audio_small,polyglot,2,03-01-04-01-01-02-02_r02.wav,379106,0.168055,1,
write,write,,,audio_small,polyglot,2,03-01-04-01-01-02-16_r02.wav,379106,0.006803,1,
write,write,,,audio_small,pg_bytea,2,03-01-04-01-01-02-16_r02.wav,379106,0.009877,1,
write,write,,,audio_small,mongo_gridfs,2,03-01-04-01-01-02-16_r02.wav,379106,0.005904,1,
write,write,,,audio_small,pg_bytea,2,03-01-04-01-02-02-08_r02.wav,372698,0.010221,1,
write,write,,,audio_small,polyglot,2,03-01-04-01-02-02-08_r02.wav,372698,0.005273,1,
write,write,,,audio_small,mongo_gridfs,2,03-01-04-01-02-02-08_r02.wav,372698,0.004618,1,
write,write,,,audio_small,mongo_gridfs,2,03-01-04-01-02-02-09_r02.wav,363108,0.004758,1,
write,write,,,audio_small,polyglot,2,03-01-04-01-02-02-09_r02.wav,363108,0.007548,1,
write,write,,,audio_small,pg_bytea,2,03-01-04-01-02-02-09_r02.wav,363108,0.010599,1,
write,write,,,audio_small,pg_bytea,2,03-01-04-01-02-02-20_r02.wav,396294,0.010738,1,
write,write,,,audio_small,mongo_gridfs,2,03-01-04-01-02-02-20_r02.wav,396294,0.006055,1,
write,write,,,audio_small,polyglot,2,03-01-04-01-02-02-20_r02.wav,396294,0.006661,1,
write,write,,,audio_small,pg_bytea,2,03-01-04-01-02-02-21_r02.wav,363108,0.010956,1,
write,write,,,audio_small,mongo_gridfs,2,03-01-04-01-02-02-21_r02.wav,363108,0.007468,1,
write,write,,,audio_small,polyglot,2,03-01-04-01-02-02-21_r02.wav,363108,0.005478,1,
write,write,,,audio_small,polyglot,2,03-01-04-01-02-02-22_r02.wav,372698,0.004876,1,
write,write,,,audio_small,mongo_gridfs,2,03-01-04-01-02-02-22_r02.wav,372698,0.005164,1,
write,write,,,audio_small,pg_bytea,2,03-01-04-01-02-02-22_r02.wav,372698,0.011466,1,
write,write,,,audio_small,pg_bytea,2,03-01-04-01-02-02-23_r02.wav,363108,0.010395,1,
write,write,,,audio_small,polyglot,2,03-01-04-01-02-02-23_r02.wav,363108,0.005798,1,
write,write,,,audio_small,mongo_gridfs,2,03-01-04-01-02-02-23_r02.wav,363108,0.004877,1,
write,write,,,audio_small,mongo_gridfs,2,03-01-04-02-01-02-09_r02.wav,379106,0.005293,1,
write,write,,,audio_small,polyglot,2,03-01-04-02-01-02-09_r02.wav,379106,0.005469,1,
write,write,,,audio_small,pg_bytea,2,03-01-04-02-01-02-09_r02.wav,379106,0.010575,1,
write,write,,,audio_small,pg_bytea,2,03-01-04-02-01-02-20_r02.wav,379106,0.011587,1,
write,write,,,audio_small,mongo_gridfs,2,03-01-04-02-01-02-20_r02.wav,379106,0.006303,1,
write,write,,,audio_small,polyglot,2,03-01-04-02-01-02-20_r02.wav,379106,0.005876,1,
write,write,,,audio_small,mongo_gridfs,2,03-01-04-02-01-02-21_r02.wav,393086,0.005106,1,
write,write,,,audio_small,polyglot,2,03-01-04-02-01-02-21_r02.wav,393086,0.006426,1,
write,write,,,audio_small,pg_bytea,2,03-01-04-02-01-02-21_r02.wav,393086,0.011968,1,
write,write,,,audio_small,polyglot,2,03-01-04-02-01-02-22_r02.wav,379106,0.005562,1,
write,write,,,audio_small,pg_bytea,2,03-01-04-02-01-02-22_r02.wav,379106,0.010739,1,
write,write,,,audio_small,mongo_gridfs,2,03-01-04-02-01-02-22_r02.wav,379106,0.006031,1,
write,write,,,audio_small,pg_bytea,2,03-01-04-02-02-02-14_r02.wav,375720,0.011597,1,
write,write,,,audio_small,mongo_gridfs,2,03-01-04-02-02-02-14_r02.wav,375720,0.005232,1,
write,write,,,audio_small,polyglot,2,03-01-04-02-02-02-14_r02.wav,375720,0.004570,1,
write,write,,,audio_small,pg_bytea,2,03-01-04-02-02-02-15_r02.wav,379106,0.009407,1,
write,write,,,audio_small,mongo_gridfs,2,03-01-04-02-02-02-15_r02.wav,379106,0.005439,1,
write,write,,,audio_small,polyglot,2,03-01-04-02-02-02-15_r02.wav,379106,0.005723,1,
write,write,,,audio_small,mongo_gridfs,2,03-01-04-02-02-02-16_r02.wav,375720,0.004430,1,
write,write,,,audio_small,polyglot,2,03-01-04-02-02-02-16_r02.wav,375720,0.004640,1,
write,write,,,audio_small,pg_bytea,2,03-01-04-02-02-02-16_r02.wav,375720,0.010216,1,
write,write,,,audio_small,mongo_gridfs,2,03-01-04-02-02-02-17_r02.wav,363108,0.006071,1,
write,write,,,audio_small,pg_bytea,2,03-01-04-02-02-02-17_r02.wav,363108,0.010494,1,
write,write,,,audio_small,polyglot,2,03-01-04-02-02-02-17_r02.wav,363108,0.006303,1,
write,write,,,audio_small,polyglot,2,03-01-05-01-01-01-09_r02.wav,393086,0.005288,1,
write,write,,,audio_small,mongo_gridfs,2,03-01-05-01-01-01-09_r02.wav,393086,0.005297,1,
write,write,,,audio_small,pg_bytea,2,03-01-05-01-01-01-09_r02.wav,393086,0.010428,1,
write,write,,,audio_small,pg_bytea,2,03-01-05-01-01-01-22_r02.wav,393086,0.011556,1,
write,write,,,audio_small,polyglot,2,03-01-05-01-01-01-22_r02.wav,393086,0.007681,1,
write,write,,,audio_small,mongo_gridfs,2,03-01-05-01-01-01-22_r02.wav,393086,0.005455,1,
write,write,,,audio_small,polyglot,2,03-01-05-01-02-01-02_r02.wav,372698,0.005178,1,
write,write,,,audio_small,pg_bytea,2,03-01-05-01-02-01-02_r02.wav,372698,0.010466,1,
write,write,,,audio_small,mongo_gridfs,2,03-01-05-01-02-01-02_r02.wav,372698,0.005044,1,
write,write,,,audio_small,polyglot,2,03-01-05-01-02-01-03_r02.wav,396294,0.004901,1,
write,write,,,audio_small,mongo_gridfs,2,03-01-05-01-02-01-03_r02.wav,396294,0.005381,1,
write,write,,,audio_small,pg_bytea,2,03-01-05-01-02-01-03_r02.wav,396294,0.012006,1,
write,write,,,audio_small,polyglot,2,03-01-05-01-02-01-15_r02.wav,363108,0.005534,1,
write,write,,,audio_small,pg_bytea,2,03-01-05-01-02-01-15_r02.wav,363108,0.009600,1,
write,write,,,audio_small,mongo_gridfs,2,03-01-05-01-02-01-15_r02.wav,363108,0.004980,1,
write,write,,,audio_small,pg_bytea,2,03-01-05-01-02-01-16_r02.wav,372698,0.014102,1,
write,write,,,audio_small,polyglot,2,03-01-05-01-02-01-16_r02.wav,372698,0.006229,1,
write,write,,,audio_small,mongo_gridfs,2,03-01-05-01-02-01-16_r02.wav,372698,0.004452,1,
write,write,,,audio_small,polyglot,2,03-01-05-01-02-01-17_r02.wav,393086,0.005282,1,
write,write,,,audio_small,pg_bytea,2,03-01-05-01-02-01-17_r02.wav,393086,0.010811,1,
write,write,,,audio_small,mongo_gridfs,2,03-01-05-01-02-01-17_r02.wav,393086,0.004863,1,
write,write,,,audio_small,pg_bytea,2,03-01-05-02-01-01-01_r02.wav,372698,0.010201,1,
write,write,,,audio_small,mongo_gridfs,2,03-01-05-02-01-01-01_r02.wav,372698,0.006446,1,
write,write,,,audio_small,polyglot,2,03-01-05-02-01-01-01_r02.wav,372698,0.005078,1,
write,write,,,audio_small,polyglot,2,03-01-05-02-01-01-02_r02.wav,375720,0.004811,1,
write,write,,,audio_small,mongo_gridfs,2,03-01-05-02-01-01-02_r02.wav,375720,0.004465,1,
write,write,,,audio_small,pg_bytea,2,03-01-05-02-01-01-02_r02.wav,375720,0.010477,1,
write,write,,,audio_small,polyglot,2,03-01-05-02-01-01-03_r02.wav,372698,0.004522,1,
write,write,,,audio_small,pg_bytea,2,03-01-05-02-01-01-03_r02.wav,372698,0.010022,1,
write,write,,,audio_small,mongo_gridfs,2,03-01-05-02-01-01-03_r02.wav,372698,0.005042,1,
write,write,,,audio_small,polyglot,2,03-01-05-02-01-01-15_r02.wav,396294,0.005570,1,
write,write,,,audio_small,pg_bytea,2,03-01-05-02-01-01-15_r02.wav,396294,0.012443,1,
write,write,,,audio_small,mongo_gridfs,2,03-01-05-02-01-01-15_r02.wav,396294,0.009126,1,
write,write,,,audio_small,pg_bytea,2,03-01-05-02-01-01-16_r02.wav,399494,0.012035,1,
write,write,,,audio_small,mongo_gridfs,2,03-01-05-02-01-01-16_r02.wav,399494,0.006532,1,
write,write,,,audio_small,polyglot,2,03-01-05-02-01-01-16_r02.wav,399494,0.006222,1,
write,write,,,audio_small,polyglot,2,03-01-05-02-01-01-17_r02.wav,363108,0.005073,1,
write,write,,,audio_small,mongo_gridfs,2,03-01-05-02-01-01-17_r02.wav,363108,0.005101,1,
write,write,,,audio_small,pg_bytea,2,03-01-05-02-01-01-17_r02.wav,363108,0.012299,1,
write,write,,,audio_small,mongo_gridfs,2,03-01-05-02-02-01-09_r02.wav,396294,0.016375,1,
write,write,,,audio_small,pg_bytea,2,03-01-05-02-02-01-09_r02.wav,396294,0.011112,1,
write,write,,,audio_small,polyglot,2,03-01-05-02-02-01-09_r02.wav,396294,0.005397,1,
write,write,,,audio_small,pg_bytea,2,03-01-05-02-02-01-21_r02.wav,375720,0.010836,1,
write,write,,,audio_small,polyglot,2,03-01-05-02-02-01-21_r02.wav,375720,0.005283,1,
write,write,,,audio_small,mongo_gridfs,2,03-01-05-02-02-01-21_r02.wav,375720,0.004516,1,
write,write,,,audio_small,mongo_gridfs,2,03-01-05-02-02-01-22_r02.wav,379106,0.004987,1,
write,write,,,audio_small,polyglot,2,03-01-05-02-02-01-22_r02.wav,379106,0.005734,1,
write,write,,,audio_small,pg_bytea,2,03-01-05-02-02-01-22_r02.wav,379106,0.011246,1,
write,write,,,audio_medium,pg_bytea,2,03-02-01-01-01-02-22_r02.wav,526650,0.017420,1,
write,write,,,audio_medium,mongo_gridfs,2,03-02-01-01-01-02-22_r02.wav,526650,0.006573,1,
write,write,,,audio_medium,polyglot,2,03-02-01-01-01-02-22_r02.wav,526650,0.007089,1,
write,write,,,audio_medium,polyglot,2,03-02-01-01-01-02-23_r02.wav,539464,0.007040,1,
write,write,,,audio_medium,mongo_gridfs,2,03-02-01-01-01-02-23_r02.wav,539464,0.006400,1,
write,write,,,audio_medium,pg_bytea,2,03-02-01-01-01-02-23_r02.wav,539464,0.015860,1,
write,write,,,audio_medium,mongo_gridfs,2,03-02-01-01-02-02-02_r02.wav,539464,0.006988,1,
write,write,,,audio_medium,pg_bytea,2,03-02-01-01-02-02-02_r02.wav,539464,0.015249,1,
write,write,,,audio_medium,polyglot,2,03-02-01-01-02-02-02_r02.wav,539464,0.008228,1,
write,write,,,audio_medium,mongo_gridfs,2,03-02-01-01-02-02-03_r02.wav,520242,0.006558,1,
write,write,,,audio_medium,polyglot,2,03-02-01-01-02-02-03_r02.wav,520242,0.006728,1,
write,write,,,audio_medium,pg_bytea,2,03-02-01-01-02-02-03_r02.wav,520242,0.014114,1,
write,write,,,audio_medium,pg_bytea,2,03-02-01-01-02-02-16_r02.wav,539464,0.015196,1,
write,write,,,audio_medium,polyglot,2,03-02-01-01-02-02-16_r02.wav,539464,0.007865,1,
write,write,,,audio_medium,mongo_gridfs,2,03-02-01-01-02-02-16_r02.wav,539464,0.006850,1,
write,write,,,audio_medium,polyglot,2,03-02-01-01-02-02-17_r02.wav,561888,0.012328,1,
write,write,,,audio_medium,mongo_gridfs,2,03-02-01-01-02-02-17_r02.wav,561888,0.007765,1,
write,write,,,audio_medium,pg_bytea,2,03-02-01-01-02-02-17_r02.wav,561888,0.017820,1,
write,write,,,audio_medium,polyglot,2,03-02-01-02-01-02-01_r02.wav,533056,0.008050,1,
write,write,,,audio_medium,pg_bytea,2,03-02-01-02-01-02-01_r02.wav,533056,0.017002,1,
write,write,,,audio_medium,mongo_gridfs,2,03-02-01-02-01-02-01_r02.wav,533056,0.010035,1,
write,write,,,audio_medium,polyglot,2,03-02-01-02-01-02-02_r02.wav,523448,0.007486,1,
write,write,,,audio_medium,pg_bytea,2,03-02-01-02-01-02-02_r02.wav,523448,0.015822,1,
write,write,,,audio_medium,mongo_gridfs,2,03-02-01-02-01-02-02_r02.wav,523448,0.007238,1,
write,write,,,audio_medium,mongo_gridfs,2,03-02-01-02-01-02-03_r02.wav,533056,0.008400,1,
write,write,,,audio_medium,pg_bytea,2,03-02-01-02-01-02-03_r02.wav,533056,0.016692,1,
write,write,,,audio_medium,polyglot,2,03-02-01-02-01-02-03_r02.wav,533056,0.008129,1,
write,write,,,audio_medium,polyglot,2,03-02-01-02-01-02-15_r02.wav,561882,0.006926,1,
write,write,,,audio_medium,pg_bytea,2,03-02-01-02-01-02-15_r02.wav,561882,0.015564,1,
write,write,,,audio_medium,mongo_gridfs,2,03-02-01-02-01-02-15_r02.wav,561882,0.008713,1,
write,write,,,audio_medium,pg_bytea,2,03-02-01-02-01-02-16_r02.wav,526650,0.014713,1,
write,write,,,audio_medium,polyglot,2,03-02-01-02-01-02-16_r02.wav,526650,0.008218,1,
write,write,,,audio_medium,mongo_gridfs,2,03-02-01-02-01-02-16_r02.wav,526650,0.006402,1,
write,write,,,audio_medium,polyglot,2,03-02-01-02-01-02-17_r02.wav,533056,0.006546,1,
write,write,,,audio_medium,pg_bytea,2,03-02-01-02-01-02-17_r02.wav,533056,0.017002,1,
write,write,,,audio_medium,mongo_gridfs,2,03-02-01-02-01-02-17_r02.wav,533056,0.007738,1,
write,write,,,audio_medium,pg_bytea,2,03-02-01-02-02-02-22_r02.wav,520242,0.017140,1,
write,write,,,audio_medium,polyglot,2,03-02-01-02-02-02-22_r02.wav,520242,0.008032,1,
write,write,,,audio_medium,mongo_gridfs,2,03-02-01-02-02-02-22_r02.wav,520242,0.007000,1,
write,write,,,audio_medium,mongo_gridfs,2,03-02-01-02-02-02-23_r02.wav,520242,0.031385,1,
write,write,,,audio_medium,pg_bytea,2,03-02-01-02-02-02-23_r02.wav,520242,0.022015,1,
write,write,,,audio_medium,polyglot,2,03-02-01-02-02-02-23_r02.wav,520242,0.008157,1,
write,write,,,audio_medium,mongo_gridfs,2,03-02-02-01-01-01-22_r02.wav,523448,0.007320,1,
write,write,,,audio_medium,pg_bytea,2,03-02-02-01-01-01-22_r02.wav,523448,0.014714,1,
write,write,,,audio_medium,polyglot,2,03-02-02-01-01-01-22_r02.wav,523448,0.006695,1,
write,write,,,audio_medium,polyglot,2,03-02-02-01-01-01-23_r02.wav,561888,0.006701,1,
write,write,,,audio_medium,pg_bytea,2,03-02-02-01-01-01-23_r02.wav,561888,0.014757,1,
write,write,,,audio_medium,mongo_gridfs,2,03-02-02-01-01-01-23_r02.wav,561888,0.008024,1,
write,write,,,audio_medium,mongo_gridfs,2,03-02-02-01-02-01-01_r02.wav,520242,0.007597,1,
write,write,,,audio_medium,pg_bytea,2,03-02-02-01-02-01-01_r02.wav,520242,0.017624,1,
write,write,,,audio_medium,polyglot,2,03-02-02-01-02-01-01_r02.wav,520242,0.007598,1,
write,write,,,audio_medium,polyglot,2,03-02-02-01-02-01-02_r02.wav,539464,0.007112,1,
write,write,,,audio_medium,mongo_gridfs,2,03-02-02-01-02-01-02_r02.wav,539464,0.005879,1,
write,write,,,audio_medium,pg_bytea,2,03-02-02-01-02-01-02_r02.wav,539464,0.015236,1,
write,write,,,audio_medium,mongo_gridfs,2,03-02-02-01-02-01-03_r02.wav,533056,0.008336,1,
write,write,,,audio_medium,polyglot,2,03-02-02-01-02-01-03_r02.wav,533056,0.007168,1,
write,write,,,audio_medium,pg_bytea,2,03-02-02-01-02-01-03_r02.wav,533056,0.014235,1,
write,write,,,audio_medium,mongo_gridfs,2,03-02-02-01-02-01-16_r02.wav,561882,0.007243,1,
write,write,,,audio_medium,pg_bytea,2,03-02-02-01-02-01-16_r02.wav,561882,0.017188,1,
write,write,,,audio_medium,polyglot,2,03-02-02-01-02-01-16_r02.wav,561882,0.007828,1,
write,write,,,audio_medium,pg_bytea,2,03-02-02-02-01-01-01_r02.wav,539464,0.016544,1,
write,write,,,audio_medium,mongo_gridfs,2,03-02-02-02-01-01-01_r02.wav,539464,0.008517,1,
write,write,,,audio_medium,polyglot,2,03-02-02-02-01-01-01_r02.wav,539464,0.007469,1,
write,write,,,audio_medium,pg_bytea,2,03-02-02-02-01-01-02_r02.wav,526650,0.014353,1,
write,write,,,audio_medium,mongo_gridfs,2,03-02-02-02-01-01-02_r02.wav,526650,0.011367,1,
write,write,,,audio_medium,polyglot,2,03-02-02-02-01-01-02_r02.wav,526650,0.008073,1,
write,write,,,audio_medium,mongo_gridfs,2,03-02-02-02-01-01-15_r02.wav,539464,0.007050,1,
write,write,,,audio_medium,polyglot,2,03-02-02-02-01-01-15_r02.wav,539464,0.007310,1,
write,write,,,audio_medium,pg_bytea,2,03-02-02-02-01-01-15_r02.wav,539464,0.014839,1,
write,write,,,audio_medium,mongo_gridfs,2,03-02-02-02-01-01-16_r02.wav,520242,0.006619,1,
write,write,,,audio_medium,pg_bytea,2,03-02-02-02-01-01-16_r02.wav,520242,0.015173,1,
write,write,,,audio_medium,polyglot,2,03-02-02-02-01-01-16_r02.wav,520242,0.008009,1,
write,write,,,audio_medium,polyglot,2,03-02-02-02-01-01-17_r02.wav,539464,0.006731,1,
write,write,,,audio_medium,pg_bytea,2,03-02-02-02-01-01-17_r02.wav,539464,0.015045,1,
write,write,,,audio_medium,mongo_gridfs,2,03-02-02-02-01-01-17_r02.wav,539464,0.007315,1,
write,write,,,audio_medium,mongo_gridfs,2,03-02-02-02-02-01-22_r02.wav,539464,0.006704,1,
write,write,,,audio_medium,polyglot,2,03-02-02-02-02-01-22_r02.wav,539464,0.006344,1,
write,write,,,audio_medium,pg_bytea,2,03-02-02-02-02-01-22_r02.wav,539464,0.015123,1,
write,write,,,audio_medium,polyglot,2,03-02-02-02-02-01-23_r02.wav,520242,0.006536,1,
write,write,,,audio_medium,pg_bytea,2,03-02-02-02-02-01-23_r02.wav,520242,0.017552,1,
write,write,,,audio_medium,mongo_gridfs,2,03-02-02-02-02-01-23_r02.wav,520242,0.008024,1,
write,write,,,audio_medium,polyglot,2,03-02-03-01-01-02-01_r02.wav,561882,0.008712,1,
write,write,,,audio_medium,pg_bytea,2,03-02-03-01-01-02-01_r02.wav,561882,0.020156,1,
write,write,,,audio_medium,mongo_gridfs,2,03-02-03-01-01-02-01_r02.wav,561882,0.008082,1,
write,write,,,audio_medium,polyglot,2,03-02-03-01-01-02-02_r02.wav,561882,0.007057,1,
write,write,,,audio_medium,pg_bytea,2,03-02-03-01-01-02-02_r02.wav,561882,0.015037,1,
write,write,,,audio_medium,mongo_gridfs,2,03-02-03-01-01-02-02_r02.wav,561882,0.008448,1,
write,write,,,audio_medium,pg_bytea,2,03-02-03-01-01-02-03_r02.wav,539464,0.014846,1,
write,write,,,audio_medium,polyglot,2,03-02-03-01-01-02-03_r02.wav,539464,0.007197,1,
write,write,,,audio_medium,mongo_gridfs,2,03-02-03-01-01-02-03_r02.wav,539464,0.006344,1,
write,write,,,audio_medium,mongo_gridfs,2,03-02-03-01-01-02-15_r02.wav,526650,0.009002,1,
write,write,,,audio_medium,pg_bytea,2,03-02-03-01-01-02-15_r02.wav,526650,0.015168,1,
write,write,,,audio_medium,polyglot,2,03-02-03-01-01-02-15_r02.wav,526650,0.007986,1,
write,write,,,audio_medium,pg_bytea,2,03-02-03-01-01-02-16_r02.wav,520242,0.013562,1,
write,write,,,audio_medium,mongo_gridfs,2,03-02-03-01-01-02-16_r02.wav,520242,0.007945,1,
write,write,,,audio_medium,polyglot,2,03-02-03-01-01-02-16_r02.wav,520242,0.006495,1,
write,write,,,audio_medium,polyglot,2,03-02-03-01-01-02-17_r02.wav,526650,0.006829,1,
write,write,,,audio_medium,mongo_gridfs,2,03-02-03-01-01-02-17_r02.wav,526650,0.006225,1,
write,write,,,audio_medium,pg_bytea,2,03-02-03-01-01-02-17_r02.wav,526650,0.013688,1,
write,write,,,audio_medium,pg_bytea,2,03-02-03-01-02-02-09_r02.wav,539464,0.013721,1,
write,write,,,audio_medium,polyglot,2,03-02-03-01-02-02-09_r02.wav,539464,0.007392,1,
write,write,,,audio_medium,mongo_gridfs,2,03-02-03-01-02-02-09_r02.wav,539464,0.005830,1,
write,write,,,audio_medium,pg_bytea,2,03-02-03-01-02-02-21_r02.wav,533056,0.014328,1,
write,write,,,audio_medium,mongo_gridfs,2,03-02-03-01-02-02-21_r02.wav,533056,0.008611,1,
write,write,,,audio_medium,polyglot,2,03-02-03-01-02-02-21_r02.wav,533056,0.006512,1,
write,write,,,audio_medium,mongo_gridfs,2,03-02-03-01-02-02-22_r02.wav,561888,0.006899,1,
write,write,,,audio_medium,polyglot,2,03-02-03-01-02-02-22_r02.wav,561888,0.006991,1,
write,write,,,audio_medium,pg_bytea,2,03-02-03-01-02-02-22_r02.wav,561888,0.015294,1,
write,write,,,audio_medium,pg_bytea,2,03-02-03-01-02-02-23_r02.wav,539464,0.014662,1,
write,write,,,audio_medium,polyglot,2,03-02-03-01-02-02-23_r02.wav,539464,0.008335,1,
write,write,,,audio_medium,mongo_gridfs,2,03-02-03-01-02-02-23_r02.wav,539464,0.006432,1,
write,write,,,audio_medium,mongo_gridfs,2,03-02-03-02-01-02-09_r02.wav,561882,0.006859,1,
write,write,,,audio_medium,pg_bytea,2,03-02-03-02-01-02-09_r02.wav,561882,0.017542,1,
write,write,,,audio_medium,polyglot,2,03-02-03-02-01-02-09_r02.wav,561882,0.009515,1,
write,write,,,audio_medium,mongo_gridfs,2,03-02-03-02-01-02-21_r02.wav,539464,0.006473,1,
write,write,,,audio_medium,polyglot,2,03-02-03-02-01-02-21_r02.wav,539464,0.010947,1,
write,write,,,audio_medium,pg_bytea,2,03-02-03-02-01-02-21_r02.wav,539464,0.015626,1,
write,write,,,audio_medium,polyglot,2,03-02-03-02-01-02-22_r02.wav,526650,0.010179,1,
write,write,,,audio_medium,mongo_gridfs,2,03-02-03-02-01-02-22_r02.wav,526650,0.010748,1,
write,write,,,audio_medium,pg_bytea,2,03-02-03-02-01-02-22_r02.wav,526650,0.014448,1,
write,write,,,audio_medium,pg_bytea,2,03-02-03-02-01-02-23_r02.wav,561888,0.015688,1,
write,write,,,audio_medium,polyglot,2,03-02-03-02-01-02-23_r02.wav,561888,0.008277,1,
write,write,,,audio_medium,mongo_gridfs,2,03-02-03-02-01-02-23_r02.wav,561888,0.007662,1,
write,write,,,audio_medium,polyglot,2,03-02-03-02-02-02-01_r02.wav,561882,0.006810,1,
write,write,,,audio_medium,mongo_gridfs,2,03-02-03-02-02-02-01_r02.wav,561882,0.006605,1,
write,write,,,audio_medium,pg_bytea,2,03-02-03-02-02-02-01_r02.wav,561882,0.018728,1,
write,write,,,audio_medium,polyglot,2,03-02-03-02-02-02-02_r02.wav,523448,0.007449,1,
write,write,,,audio_medium,pg_bytea,2,03-02-03-02-02-02-02_r02.wav,523448,0.013754,1,
write,write,,,audio_medium,mongo_gridfs,2,03-02-03-02-02-02-02_r02.wav,523448,0.006589,1,
write,write,,,audio_medium,pg_bytea,2,03-02-03-02-02-02-03_r02.wav,561888,0.017490,1,
write,write,,,audio_medium,polyglot,2,03-02-03-02-02-02-03_r02.wav,561888,0.007408,1,
write,write,,,audio_medium,mongo_gridfs,2,03-02-03-02-02-02-03_r02.wav,561888,0.005902,1,
write,write,,,audio_medium,polyglot,2,03-02-03-02-02-02-15_r02.wav,523448,0.005076,1,
write,write,,,audio_medium,pg_bytea,2,03-02-03-02-02-02-15_r02.wav,523448,0.013002,1,
write,write,,,audio_medium,mongo_gridfs,2,03-02-03-02-02-02-15_r02.wav,523448,0.006258,1,
write,write,,,audio_medium,pg_bytea,2,03-02-03-02-02-02-16_r02.wav,561882,0.014264,1,
write,write,,,audio_medium,mongo_gridfs,2,03-02-03-02-02-02-16_r02.wav,561882,0.006017,1,
write,write,,,audio_medium,polyglot,2,03-02-03-02-02-02-16_r02.wav,561882,0.005758,1,
write,write,,,audio_medium,polyglot,2,03-02-03-02-02-02-17_r02.wav,523448,0.005339,1,
write,write,,,audio_medium,pg_bytea,2,03-02-03-02-02-02-17_r02.wav,523448,0.015021,1,
write,write,,,audio_medium,mongo_gridfs,2,03-02-03-02-02-02-17_r02.wav,523448,0.005564,1,
write,write,,,audio_medium,pg_bytea,2,03-02-04-01-01-02-05_r02.wav,561882,0.017870,1,
write,write,,,audio_medium,polyglot,2,03-02-04-01-01-02-05_r02.wav,561882,0.006601,1,
write,write,,,audio_medium,mongo_gridfs,2,03-02-04-01-01-02-05_r02.wav,561882,0.005479,1,
write,write,,,audio_medium,mongo_gridfs,2,03-02-04-01-01-02-06_r02.wav,526650,0.005079,1,
write,write,,,audio_medium,pg_bytea,2,03-02-04-01-01-02-06_r02.wav,526650,0.013642,1,
write,write,,,audio_medium,polyglot,2,03-02-04-01-01-02-06_r02.wav,526650,0.005409,1,
write,write,,,audio_medium,mongo_gridfs,2,03-02-04-01-01-02-07_r02.wav,523448,0.005074,1,
write,write,,,audio_medium,polyglot,2,03-02-04-01-01-02-07_r02.wav,523448,0.005354,1,
write,write,,,audio_medium,pg_bytea,2,03-02-04-01-01-02-07_r02.wav,523448,0.015482,1,
write,write,,,audio_medium,pg_bytea,2,03-02-04-01-01-02-11_r02.wav,539464,0.014715,1,
write,write,,,audio_medium,polyglot,2,03-02-04-01-01-02-11_r02.wav,539464,0.006864,1,
write,write,,,audio_medium,mongo_gridfs,2,03-02-04-01-01-02-11_r02.wav,539464,0.006427,1,
write,write,,,audio_medium,polyglot,2,03-02-04-01-01-02-12_r02.wav,523448,0.005965,1,
write,write,,,audio_medium,pg_bytea,2,03-02-04-01-01-02-12_r02.wav,523448,0.018972,1,
write,write,,,audio_medium,mongo_gridfs,2,03-02-04-01-01-02-12_r02.wav,523448,0.007032,1,
write,write,,,audio_medium,pg_bytea,2,03-02-04-01-01-02-13_r02.wav,539464,0.014054,1,
write,write,,,audio_medium,polyglot,2,03-02-04-01-01-02-13_r02.wav,539464,0.006621,1,
write,write,,,audio_medium,mongo_gridfs,2,03-02-04-01-01-02-13_r02.wav,539464,0.005862,1,
write,write,,,audio_medium,mongo_gridfs,2,03-02-04-01-02-02-19_r02.wav,561888,0.005763,1,
write,write,,,audio_medium,polyglot,2,03-02-04-01-02-02-19_r02.wav,561888,0.006399,1,
write,write,,,audio_medium,pg_bytea,2,03-02-04-01-02-02-19_r02.wav,561888,0.013682,1,
write,write,,,audio_medium,mongo_gridfs,2,03-02-04-02-02-02-05_r02.wav,526650,0.007550,1,
write,write,,,audio_medium,polyglot,2,03-02-04-02-02-02-05_r02.wav,526650,0.007925,1,
write,write,,,audio_medium,pg_bytea,2,03-02-04-02-02-02-05_r02.wav,526650,0.013366,1,
write,write,,,audio_medium,polyglot,2,03-02-04-02-02-02-06_r02.wav,526650,0.008887,1,
write,write,,,audio_medium,mongo_gridfs,2,03-02-04-02-02-02-06_r02.wav,526650,0.006758,1,
write,write,,,audio_medium,pg_bytea,2,03-02-04-02-02-02-06_r02.wav,526650,0.014277,1,
write,write,,,audio_medium,pg_bytea,2,03-02-04-02-02-02-07_r02.wav,561888,0.014757,1,
write,write,,,audio_medium,mongo_gridfs,2,03-02-04-02-02-02-07_r02.wav,561888,0.009086,1,
write,write,,,audio_medium,polyglot,2,03-02-04-02-02-02-07_r02.wav,561888,0.007828,1,
write,write,,,audio_medium,mongo_gridfs,2,03-02-04-02-02-02-11_r02.wav,561888,0.006526,1,
write,write,,,audio_medium,pg_bytea,2,03-02-04-02-02-02-11_r02.wav,561888,0.017412,1,
write,write,,,audio_medium,polyglot,2,03-02-04-02-02-02-11_r02.wav,561888,0.008861,1,
write,write,,,audio_medium,polyglot,2,03-02-04-02-02-02-12_r02.wav,523448,0.006189,1,
write,write,,,audio_medium,mongo_gridfs,2,03-02-04-02-02-02-12_r02.wav,523448,0.005978,1,
write,write,,,audio_medium,pg_bytea,2,03-02-04-02-02-02-12_r02.wav,523448,0.014458,1,
write,write,,,audio_medium,mongo_gridfs,2,03-02-04-02-02-02-13_r02.wav,533056,0.006639,1,
write,write,,,audio_medium,pg_bytea,2,03-02-04-02-02-02-13_r02.wav,533056,0.014439,1,
write,write,,,audio_medium,polyglot,2,03-02-04-02-02-02-13_r02.wav,533056,0.007701,1,
write,write,,,audio_medium,polyglot,2,03-02-05-01-02-01-06_r02.wav,561882,0.005990,1,
write,write,,,audio_medium,pg_bytea,2,03-02-05-01-02-01-06_r02.wav,561882,0.013917,1,
write,write,,,audio_medium,mongo_gridfs,2,03-02-05-01-02-01-06_r02.wav,561882,0.006751,1,
write,write,,,audio_medium,pg_bytea,2,03-02-05-01-02-01-07_r02.wav,520242,0.013809,1,
write,write,,,audio_medium,mongo_gridfs,2,03-02-05-01-02-01-07_r02.wav,520242,0.006090,1,
write,write,,,audio_medium,polyglot,2,03-02-05-01-02-01-07_r02.wav,520242,0.005849,1,
write,write,,,audio_medium,mongo_gridfs,2,03-02-05-01-02-01-12_r02.wav,520242,0.005895,1,
write,write,,,audio_medium,pg_bytea,2,03-02-05-01-02-01-12_r02.wav,520242,0.014314,1,
write,write,,,audio_medium,polyglot,2,03-02-05-01-02-01-12_r02.wav,520242,0.006762,1,
write,write,,,audio_medium,polyglot,2,03-02-05-01-02-01-13_r02.wav,561888,0.010754,1,
write,write,,,audio_medium,pg_bytea,2,03-02-05-01-02-01-13_r02.wav,561888,0.025465,1,
write,write,,,audio_medium,mongo_gridfs,2,03-02-05-01-02-01-13_r02.wav,561888,0.007871,1,
write,write,,,audio_medium,polyglot,2,03-02-05-02-01-01-05_r02.wav,539464,0.007244,1,
write,write,,,audio_medium,pg_bytea,2,03-02-05-02-01-01-05_r02.wav,539464,0.014959,1,
write,write,,,audio_medium,mongo_gridfs,2,03-02-05-02-01-01-05_r02.wav,539464,0.007780,1,
write,write,,,audio_medium,mongo_gridfs,2,03-02-05-02-01-01-06_r02.wav,561888,0.007509,1,
write,write,,,audio_medium,pg_bytea,2,03-02-05-02-01-01-06_r02.wav,561888,0.015426,1,
write,write,,,audio_medium,polyglot,2,03-02-05-02-01-01-06_r02.wav,561888,0.013894,1,
write,write,,,audio_medium,mongo_gridfs,2,03-02-05-02-01-01-07_r02.wav,533056,0.007669,1,
write,write,,,audio_medium,pg_bytea,2,03-02-05-02-01-01-07_r02.wav,533056,0.014601,1,
write,write,,,audio_medium,polyglot,2,03-02-05-02-01-01-07_r02.wav,533056,0.007541,1,
write,write,,,audio_medium,mongo_gridfs,2,03-02-05-02-01-01-11_r02.wav,561888,0.006552,1,
write,write,,,audio_medium,polyglot,2,03-02-05-02-01-01-11_r02.wav,561888,0.007384,1,
write,write,,,audio_medium,pg_bytea,2,03-02-05-02-01-01-11_r02.wav,561888,0.015021,1,
write,write,,,audio_medium,pg_bytea,2,03-02-05-02-01-01-12_r02.wav,533056,0.014591,1,
write,write,,,audio_medium,polyglot,2,03-02-05-02-01-01-12_r02.wav,533056,0.007071,1,
write,write,,,audio_medium,mongo_gridfs,2,03-02-05-02-01-01-12_r02.wav,533056,0.006256,1,
write,write,,,audio_medium,pg_bytea,2,03-02-05-02-01-01-13_r02.wav,526650,0.014122,1,
write,write,,,audio_medium,polyglot,2,03-02-05-02-01-01-13_r02.wav,526650,0.007086,1,
write,write,,,audio_medium,mongo_gridfs,2,03-02-05-02-01-01-13_r02.wav,526650,0.007663,1,
write,write,,,video_small,mongo_gridfs,2,01-01-01-01-01-01-22_r02.mp4,5457041,0.051789,1,
write,write,,,video_small,polyglot,2,01-01-01-01-01-01-22_r02.mp4,5457041,0.045813,1,
write,write,,,video_small,pg_bytea,2,01-01-01-01-01-01-22_r02.mp4,5457041,0.174930,1,
write,write,,,video_small,pg_bytea,2,01-01-01-01-01-02-01_r02.mp4,5457041,0.160446,1,
write,write,,,video_small,polyglot,2,01-01-01-01-01-02-01_r02.mp4,5457041,0.045131,1,
write,write,,,video_small,mongo_gridfs,2,01-01-01-01-01-02-01_r02.mp4,5457041,0.046991,1,
write,write,,,video_small,mongo_gridfs,2,01-01-01-01-01-02-15_r02.mp4,5457041,0.043664,1,
write,write,,,video_small,polyglot,2,01-01-01-01-01-02-15_r02.mp4,5457041,0.044699,1,
write,write,,,video_small,pg_bytea,2,01-01-01-01-01-02-15_r02.mp4,5457041,0.154796,1,
write,write,,,video_small,polyglot,2,01-01-01-01-02-01-06_r02.mp4,5457041,0.056761,1,
write,write,,,video_small,mongo_gridfs,2,01-01-01-01-02-01-06_r02.mp4,5457041,0.043027,1,
write,write,,,video_small,pg_bytea,2,01-01-01-01-02-01-06_r02.mp4,5457041,0.162074,1,
write,write,,,video_small,pg_bytea,2,01-01-01-01-02-01-13_r02.mp4,5457041,0.159442,1,
write,write,,,video_small,mongo_gridfs,2,01-01-01-01-02-01-13_r02.mp4,5457041,0.046012,1,
write,write,,,video_small,polyglot,2,01-01-01-01-02-01-13_r02.mp4,5457041,0.043407,1,
write,write,,,video_small,polyglot,2,01-01-01-01-02-01-14_r02.mp4,5457041,0.048810,1,
write,write,,,video_small,mongo_gridfs,2,01-01-01-01-02-01-14_r02.mp4,5457041,0.043410,1,
write,write,,,video_small,pg_bytea,2,01-01-01-01-02-01-14_r02.mp4,5457041,0.158171,1,
write,write,,,video_small,mongo_gridfs,2,01-01-01-01-02-02-09_r02.mp4,5498397,0.061818,1,
write,write,,,video_small,pg_bytea,2,01-01-01-01-02-02-09_r02.mp4,5498397,0.158136,1,
write,write,,,video_small,polyglot,2,01-01-01-01-02-02-09_r02.mp4,5498397,0.048280,1,
write,write,,,video_small,mongo_gridfs,2,01-01-01-02-01-01-01_r02.mp4,5498397,0.043170,1,
write,write,,,video_small,polyglot,2,01-01-01-02-01-01-01_r02.mp4,5498397,0.046379,1,
write,write,,,video_small,pg_bytea,2,01-01-01-02-01-01-01_r02.mp4,5498397,0.172853,1,
write,write,,,video_small,mongo_gridfs,2,01-01-01-02-01-01-05_r02.mp4,5457041,0.046717,1,
write,write,,,video_small,pg_bytea,2,01-01-01-02-01-01-05_r02.mp4,5457041,0.168113,1,
write,write,,,video_small,polyglot,2,01-01-01-02-01-01-05_r02.mp4,5457041,0.045600,1,
write,write,,,video_small,polyglot,2,01-01-01-02-01-01-15_r02.mp4,5457041,0.042624,1,
write,write,,,video_small,mongo_gridfs,2,01-01-01-02-01-01-15_r02.mp4,5457041,0.046057,1,
write,write,,,video_small,pg_bytea,2,01-01-01-02-01-01-15_r02.mp4,5457041,0.157053,1,
write,write,,,video_small,pg_bytea,2,01-01-01-02-02-01-18_r02.mp4,5457041,0.179428,1,
write,write,,,video_small,mongo_gridfs,2,01-01-01-02-02-01-18_r02.mp4,5457041,0.053276,1,
write,write,,,video_small,polyglot,2,01-01-01-02-02-01-18_r02.mp4,5457041,0.173933,1,
write,write,,,video_small,mongo_gridfs,2,01-01-01-02-02-01-19_r02.mp4,5457041,0.050139,1,
write,write,,,video_small,polyglot,2,01-01-01-02-02-01-19_r02.mp4,5457041,0.046112,1,
write,write,,,video_small,pg_bytea,2,01-01-01-02-02-01-19_r02.mp4,5457041,0.146756,1,
write,write,,,video_small,polyglot,2,01-01-02-01-01-02-09_r02.mp4,5498397,0.061005,1,
write,write,,,video_small,mongo_gridfs,2,01-01-02-01-01-02-09_r02.mp4,5498397,0.043985,1,
write,write,,,video_small,pg_bytea,2,01-01-02-01-01-02-09_r02.mp4,5498397,0.147284,1,
write,write,,,video_small,polyglot,2,01-01-02-01-01-02-18_r02.mp4,5498397,0.046013,1,
write,write,,,video_small,mongo_gridfs,2,01-01-02-01-01-02-18_r02.mp4,5498397,0.050473,1,
write,write,,,video_small,pg_bytea,2,01-01-02-01-01-02-18_r02.mp4,5498397,0.155966,1,
write,write,,,video_small,polyglot,2,01-01-02-01-01-02-23_r02.mp4,5498397,0.046993,1,
write,write,,,video_small,mongo_gridfs,2,01-01-02-01-01-02-23_r02.mp4,5498397,0.045566,1,
write,write,,,video_small,pg_bytea,2,01-01-02-01-01-02-23_r02.mp4,5498397,0.141864,1,
write,write,,,video_small,polyglot,2,01-01-02-01-02-01-09_r02.mp4,5498397,0.050106,1,
write,write,,,video_small,mongo_gridfs,2,01-01-02-01-02-01-09_r02.mp4,5498397,0.049619,1,
write,write,,,video_small,pg_bytea,2,01-01-02-01-02-01-09_r02.mp4,5498397,0.143010,1,
write,write,,,video_small,pg_bytea,2,01-01-02-01-02-02-01_r02.mp4,5498397,0.147507,1,
write,write,,,video_small,mongo_gridfs,2,01-01-02-01-02-02-01_r02.mp4,5498397,0.043553,1,
write,write,,,video_small,polyglot,2,01-01-02-01-02-02-01_r02.mp4,5498397,0.051618,1,
write,write,,,video_small,pg_bytea,2,01-01-02-01-02-02-03_r02.mp4,5498397,0.146142,1,
write,write,,,video_small,polyglot,2,01-01-02-01-02-02-03_r02.mp4,5498397,0.056222,1,
write,write,,,video_small,mongo_gridfs,2,01-01-02-01-02-02-03_r02.mp4,5498397,0.074498,1,
write,write,,,video_small,mongo_gridfs,2,01-01-02-02-01-02-02_r02.mp4,5498397,0.043462,1,
write,write,,,video_small,pg_bytea,2,01-01-02-02-01-02-02_r02.mp4,5498397,0.155873,1,
write,write,,,video_small,polyglot,2,01-01-02-02-01-02-02_r02.mp4,5498397,0.044044,1,
write,write,,,video_small,pg_bytea,2,01-01-02-02-01-02-03_r02.mp4,5498397,0.152749,1,
write,write,,,video_small,polyglot,2,01-01-02-02-01-02-03_r02.mp4,5498397,0.043196,1,
write,write,,,video_small,mongo_gridfs,2,01-01-02-02-01-02-03_r02.mp4,5498397,0.042977,1,
write,write,,,video_small,polyglot,2,01-01-02-02-01-02-05_r02.mp4,5498397,0.043615,1,
write,write,,,video_small,pg_bytea,2,01-01-02-02-01-02-05_r02.mp4,5498397,0.155718,1,
write,write,,,video_small,mongo_gridfs,2,01-01-02-02-01-02-05_r02.mp4,5498397,0.065760,1,
write,write,,,video_small,pg_bytea,2,01-01-02-02-01-02-10_r02.mp4,5457041,0.163108,1,
write,write,,,video_small,mongo_gridfs,2,01-01-02-02-01-02-10_r02.mp4,5457041,0.042821,1,
write,write,,,video_small,polyglot,2,01-01-02-02-01-02-10_r02.mp4,5457041,0.045223,1,
write,write,,,video_small,mongo_gridfs,2,01-01-02-02-01-02-13_r02.mp4,5457041,0.053174,1,
write,write,,,video_small,polyglot,2,01-01-02-02-01-02-13_r02.mp4,5457041,0.042699,1,
write,write,,,video_small,pg_bytea,2,01-01-02-02-01-02-13_r02.mp4,5457041,0.162475,1,
write,write,,,video_small,pg_bytea,2,01-01-02-02-01-02-17_r02.mp4,5457041,0.164955,1,
write,write,,,video_small,polyglot,2,01-01-02-02-01-02-17_r02.mp4,5457041,0.049378,1,
write,write,,,video_small,mongo_gridfs,2,01-01-02-02-01-02-17_r02.mp4,5457041,0.048703,1,
write,write,,,video_small,mongo_gridfs,2,01-01-02-02-02-02-18_r02.mp4,5457041,0.041579,1,
write,write,,,video_small,polyglot,2,01-01-02-02-02-02-18_r02.mp4,5457041,0.052165,1,
write,write,,,video_small,pg_bytea,2,01-01-02-02-02-02-18_r02.mp4,5457041,0.153791,1,
write,write,,,video_small,mongo_gridfs,2,01-01-02-02-02-02-19_r02.mp4,5457041,0.052858,1,
write,write,,,video_small,pg_bytea,2,01-01-02-02-02-02-19_r02.mp4,5457041,0.166620,1,
write,write,,,video_small,polyglot,2,01-01-02-02-02-02-19_r02.mp4,5457041,0.044187,1,
write,write,,,video_small,polyglot,2,01-01-02-02-02-02-21_r02.mp4,5498397,0.045335,1,
write,write,,,video_small,pg_bytea,2,01-01-02-02-02-02-21_r02.mp4,5498397,0.148955,1,
write,write,,,video_small,mongo_gridfs,2,01-01-02-02-02-02-21_r02.mp4,5498397,0.046023,1,
write,write,,,video_small,polyglot,2,01-01-02-02-02-02-22_r02.mp4,5457041,0.045557,1,
write,write,,,video_small,mongo_gridfs,2,01-01-02-02-02-02-22_r02.mp4,5457041,0.047206,1,
write,write,,,video_small,pg_bytea,2,01-01-02-02-02-02-22_r02.mp4,5457041,0.156794,1,
write,write,,,video_small,pg_bytea,2,01-01-02-02-02-02-23_r02.mp4,5457041,0.143670,1,
write,write,,,video_small,mongo_gridfs,2,01-01-02-02-02-02-23_r02.mp4,5457041,0.045999,1,
write,write,,,video_small,polyglot,2,01-01-02-02-02-02-23_r02.mp4,5457041,0.043659,1,
write,write,,,video_small,mongo_gridfs,2,01-01-03-01-01-01-12_r02.mp4,5457041,0.043375,1,
write,write,,,video_small,polyglot,2,01-01-03-01-01-01-12_r02.mp4,5457041,0.052191,1,
write,write,,,video_small,pg_bytea,2,01-01-03-01-01-01-12_r02.mp4,5457041,0.152030,1,
write,write,,,video_small,polyglot,2,01-01-03-01-01-01-15_r02.mp4,5457041,0.054329,1,
write,write,,,video_small,pg_bytea,2,01-01-03-01-01-01-15_r02.mp4,5457041,0.159111,1,
write,write,,,video_small,mongo_gridfs,2,01-01-03-01-01-01-15_r02.mp4,5457041,0.043772,1,
write,write,,,video_small,polyglot,2,01-01-03-01-02-01-08_r02.mp4,5498397,0.051720,1,
write,write,,,video_small,pg_bytea,2,01-01-03-01-02-01-08_r02.mp4,5498397,0.151184,1,
write,write,,,video_small,mongo_gridfs,2,01-01-03-01-02-01-08_r02.mp4,5498397,0.048256,1,
write,write,,,video_small,mongo_gridfs,2,01-01-03-01-02-01-21_r02.mp4,5498397,0.052820,1,
write,write,,,video_small,pg_bytea,2,01-01-03-01-02-01-21_r02.mp4,5498397,0.150181,1,
write,write,,,video_small,polyglot,2,01-01-03-01-02-01-21_r02.mp4,5498397,0.050998,1,
write,write,,,video_small,pg_bytea,2,01-01-03-02-01-01-21_r02.mp4,5457041,0.158190,1,
write,write,,,video_small,polyglot,2,01-01-03-02-01-01-21_r02.mp4,5457041,0.067194,1,
write,write,,,video_small,mongo_gridfs,2,01-01-03-02-01-01-21_r02.mp4,5457041,0.062776,1,
write,write,,,video_small,mongo_gridfs,2,01-01-03-02-01-01-24_r02.mp4,5457041,0.047168,1,
write,write,,,video_small,polyglot,2,01-01-03-02-01-01-24_r02.mp4,5457041,0.102159,1,
write,write,,,video_small,pg_bytea,2,01-01-03-02-01-01-24_r02.mp4,5457041,0.150290,1,
write,write,,,video_small,polyglot,2,01-01-03-02-01-02-01_r02.mp4,5457041,0.045775,1,
write,write,,,video_small,mongo_gridfs,2,01-01-03-02-01-02-01_r02.mp4,5457041,0.044101,1,
write,write,,,video_small,pg_bytea,2,01-01-03-02-01-02-01_r02.mp4,5457041,0.207579,1,
write,write,,,video_small,mongo_gridfs,2,01-01-03-02-01-02-15_r02.mp4,5457041,0.046915,1,
write,write,,,video_small,polyglot,2,01-01-03-02-01-02-15_r02.mp4,5457041,0.045820,1,
write,write,,,video_small,pg_bytea,2,01-01-03-02-01-02-15_r02.mp4,5457041,0.151559,1,
write,write,,,video_small,mongo_gridfs,2,01-01-03-02-02-01-05_r02.mp4,5457041,0.045618,1,
write,write,,,video_small,pg_bytea,2,01-01-03-02-02-01-05_r02.mp4,5457041,0.154165,1,
write,write,,,video_small,polyglot,2,01-01-03-02-02-01-05_r02.mp4,5457041,0.047740,1,
write,write,,,video_small,polyglot,2,01-01-03-02-02-01-12_r02.mp4,5457041,0.042496,1,
write,write,,,video_small,pg_bytea,2,01-01-03-02-02-01-12_r02.mp4,5457041,0.144145,1,
write,write,,,video_small,mongo_gridfs,2,01-01-03-02-02-01-12_r02.mp4,5457041,0.063069,1,
write,write,,,video_small,polyglot,2,01-01-03-02-02-01-15_r02.mp4,5498397,0.048369,1,
write,write,,,video_small,pg_bytea,2,01-01-03-02-02-01-15_r02.mp4,5498397,0.155487,1,
write,write,,,video_small,mongo_gridfs,2,01-01-03-02-02-01-15_r02.mp4,5498397,0.047069,1,
write,write,,,video_small,polyglot,2,01-01-04-01-01-01-03_r02.mp4,5457041,0.113915,1,
write,write,,,video_small,pg_bytea,2,01-01-04-01-01-01-03_r02.mp4,5457041,0.166279,1,
write,write,,,video_small,mongo_gridfs,2,01-01-04-01-01-01-03_r02.mp4,5457041,0.058104,1,
write,write,,,video_small,mongo_gridfs,2,01-01-04-01-01-01-05_r02.mp4,5498397,0.067984,1,
write,write,,,video_small,polyglot,2,01-01-04-01-01-01-05_r02.mp4,5498397,0.053811,1,
write,write,,,video_small,pg_bytea,2,01-01-04-01-01-01-05_r02.mp4,5498397,0.172416,1,
write,write,,,video_small,mongo_gridfs,2,01-01-04-01-01-01-10_r02.mp4,5457041,0.047033,1,
write,write,,,video_small,polyglot,2,01-01-04-01-01-01-10_r02.mp4,5457041,0.043426,1,
write,write,,,video_small,pg_bytea,2,01-01-04-01-01-01-10_r02.mp4,5457041,0.156112,1,
write,write,,,video_small,pg_bytea,2,01-01-04-01-01-01-16_r02.mp4,5457041,0.151890,1,
write,write,,,video_small,mongo_gridfs,2,01-01-04-01-01-01-16_r02.mp4,5457041,0.055495,1,
write,write,,,video_small,polyglot,2,01-01-04-01-01-01-16_r02.mp4,5457041,0.043574,1,
write,write,,,video_small,mongo_gridfs,2,01-01-04-01-02-01-19_r02.mp4,5498397,0.044481,1,
write,write,,,video_small,pg_bytea,2,01-01-04-01-02-01-19_r02.mp4,5498397,0.155296,1,
write,write,,,video_small,polyglot,2,01-01-04-01-02-01-19_r02.mp4,5498397,0.045694,1,
write,write,,,video_small,mongo_gridfs,2,01-01-04-01-02-01-21_r02.mp4,5498397,0.070980,1,
write,write,,,video_small,pg_bytea,2,01-01-04-01-02-01-21_r02.mp4,5498397,0.153659,1,
write,write,,,video_small,polyglot,2,01-01-04-01-02-01-21_r02.mp4,5498397,0.050885,1,
write,write,,,video_small,mongo_gridfs,2,01-01-04-01-02-01-22_r02.mp4,5498397,0.053195,1,
write,write,,,video_small,polyglot,2,01-01-04-01-02-01-22_r02.mp4,5498397,0.043939,1,
write,write,,,video_small,pg_bytea,2,01-01-04-01-02-01-22_r02.mp4,5498397,0.158418,1,
write,write,,,video_small,polyglot,2,01-01-04-02-01-01-18_r02.mp4,5498397,0.046244,1,
write,write,,,video_small,pg_bytea,2,01-01-04-02-01-01-18_r02.mp4,5498397,0.143419,1,
write,write,,,video_small,mongo_gridfs,2,01-01-04-02-01-01-18_r02.mp4,5498397,0.050229,1,
write,write,,,video_small,mongo_gridfs,2,01-01-04-02-01-01-19_r02.mp4,5457041,0.048523,1,
write,write,,,video_small,polyglot,2,01-01-04-02-01-01-19_r02.mp4,5457041,0.045640,1,
write,write,,,video_small,pg_bytea,2,01-01-04-02-01-01-19_r02.mp4,5457041,0.201281,1,
write,write,,,video_small,mongo_gridfs,2,01-01-04-02-02-01-02_r02.mp4,5498397,0.046046,1,
write,write,,,video_small,pg_bytea,2,01-01-04-02-02-01-02_r02.mp4,5498397,0.149891,1,
write,write,,,video_small,polyglot,2,01-01-04-02-02-01-02_r02.mp4,5498397,0.044354,1,
write,write,,,video_small,pg_bytea,2,01-01-04-02-02-01-05_r02.mp4,5498397,0.162271,1,
write,write,,,video_small,mongo_gridfs,2,01-01-04-02-02-01-05_r02.mp4,5498397,0.044841,1,
write,write,,,video_small,polyglot,2,01-01-04-02-02-01-05_r02.mp4,5498397,0.043183,1,
write,write,,,video_small,polyglot,2,01-01-04-02-02-01-06_r02.mp4,5498397,0.065605,1,
write,write,,,video_small,mongo_gridfs,2,01-01-04-02-02-01-06_r02.mp4,5498397,0.043301,1,
write,write,,,video_small,pg_bytea,2,01-01-04-02-02-01-06_r02.mp4,5498397,0.155266,1,
write,write,,,video_small,mongo_gridfs,2,01-01-04-02-02-01-13_r02.mp4,5498397,0.046756,1,
write,write,,,video_small,pg_bytea,2,01-01-04-02-02-01-13_r02.mp4,5498397,0.151578,1,
write,write,,,video_small,polyglot,2,01-01-04-02-02-01-13_r02.mp4,5498397,0.043698,1,
write,write,,,video_small,polyglot,2,01-01-04-02-02-01-17_r02.mp4,5498397,0.043612,1,
write,write,,,video_small,mongo_gridfs,2,01-01-04-02-02-01-17_r02.mp4,5498397,0.045099,1,
write,write,,,video_small,pg_bytea,2,01-01-04-02-02-01-17_r02.mp4,5498397,0.163278,1,
write,write,,,video_small,pg_bytea,2,01-01-04-02-02-02-19_r02.mp4,5498397,0.144829,1,
write,write,,,video_small,mongo_gridfs,2,01-01-04-02-02-02-19_r02.mp4,5498397,0.045078,1,
write,write,,,video_small,polyglot,2,01-01-04-02-02-02-19_r02.mp4,5498397,0.045054,1,
write,write,,,video_small,polyglot,2,01-01-05-01-01-02-09_r02.mp4,5457041,0.042761,1,
write,write,,,video_small,pg_bytea,2,01-01-05-01-01-02-09_r02.mp4,5457041,0.147277,1,
write,write,,,video_small,mongo_gridfs,2,01-01-05-01-01-02-09_r02.mp4,5457041,0.043806,1,
write,write,,,video_small,polyglot,2,01-01-05-01-01-02-19_r02.mp4,5498397,0.049994,1,
write,write,,,video_small,pg_bytea,2,01-01-05-01-01-02-19_r02.mp4,5498397,0.140186,1,
write,write,,,video_small,mongo_gridfs,2,01-01-05-01-01-02-19_r02.mp4,5498397,1.941247,1,
write,write,,,video_small,polyglot,2,01-01-05-01-01-02-21_r02.mp4,5457041,0.075942,1,
write,write,,,video_small,mongo_gridfs,2,01-01-05-01-01-02-21_r02.mp4,5457041,0.043805,1,
write,write,,,video_small,pg_bytea,2,01-01-05-01-01-02-21_r02.mp4,5457041,0.142474,1,
write,write,,,video_small,pg_bytea,2,01-01-05-01-02-01-19_r02.mp4,5457041,0.137680,1,
write,write,,,video_small,polyglot,2,01-01-05-01-02-01-19_r02.mp4,5457041,0.049889,1,
write,write,,,video_small,mongo_gridfs,2,01-01-05-01-02-01-19_r02.mp4,5457041,0.052872,1,
write,write,,,video_small,mongo_gridfs,2,01-01-05-01-02-02-04_r02.mp4,5457041,0.042575,1,
write,write,,,video_small,polyglot,2,01-01-05-01-02-02-04_r02.mp4,5457041,0.042613,1,
write,write,,,video_small,pg_bytea,2,01-01-05-01-02-02-04_r02.mp4,5457041,0.146449,1,
write,write,,,video_small,polyglot,2,01-01-05-01-02-02-05_r02.mp4,5498397,0.043882,1,
write,write,,,video_small,mongo_gridfs,2,01-01-05-01-02-02-05_r02.mp4,5498397,0.047263,1,
write,write,,,video_small,pg_bytea,2,01-01-05-01-02-02-05_r02.mp4,5498397,0.162159,1,
write,write,,,video_small,mongo_gridfs,2,01-01-05-02-01-02-04_r02.mp4,5457041,0.052980,1,
write,write,,,video_small,pg_bytea,2,01-01-05-02-01-02-04_r02.mp4,5457041,0.142446,1,
write,write,,,video_small,polyglot,2,01-01-05-02-01-02-04_r02.mp4,5457041,0.046208,1,
write,write,,,video_small,polyglot,2,01-01-05-02-01-02-12_r02.mp4,5457041,0.052437,1,
write,write,,,video_small,pg_bytea,2,01-01-05-02-01-02-12_r02.mp4,5457041,0.143828,1,
write,write,,,video_small,mongo_gridfs,2,01-01-05-02-01-02-12_r02.mp4,5457041,0.044455,1,
write,write,,,video_small,polyglot,2,01-01-05-02-01-02-14_r02.mp4,5457041,0.043033,1,
write,write,,,video_small,mongo_gridfs,2,01-01-05-02-01-02-14_r02.mp4,5457041,0.042544,1,
write,write,,,video_small,pg_bytea,2,01-01-05-02-01-02-14_r02.mp4,5457041,0.141088,1,
write,write,,,video_small,mongo_gridfs,2,01-01-05-02-02-02-19_r02.mp4,5498397,0.045104,1,
write,write,,,video_small,polyglot,2,01-01-05-02-02-02-19_r02.mp4,5498397,0.042349,1,
write,write,,,video_small,pg_bytea,2,01-01-05-02-02-02-19_r02.mp4,5498397,0.146400,1,
write,write,,,video_small,mongo_gridfs,2,01-01-05-02-02-02-20_r02.mp4,5498397,0.041619,1,
write,write,,,video_small,pg_bytea,2,01-01-05-02-02-02-20_r02.mp4,5498397,0.134696,1,
write,write,,,video_small,polyglot,2,01-01-05-02-02-02-20_r02.mp4,5498397,0.044147,1,
write,write,,,video_small,polyglot,2,01-01-05-02-02-02-23_r02.mp4,5457041,0.046593,1,
write,write,,,video_small,mongo_gridfs,2,01-01-05-02-02-02-23_r02.mp4,5457041,0.043892,1,
write,write,,,video_small,pg_bytea,2,01-01-05-02-02-02-23_r02.mp4,5457041,0.134976,1,
write,write,,,video_small,pg_bytea,2,01-01-06-01-01-01-08_r02.mp4,5457041,0.135245,1,
write,write,,,video_small,mongo_gridfs,2,01-01-06-01-01-01-08_r02.mp4,5457041,0.042515,1,
write,write,,,video_small,polyglot,2,01-01-06-01-01-01-08_r02.mp4,5457041,0.045489,1,
write,write,,,video_small,polyglot,2,01-01-06-01-01-01-19_r02.mp4,5457041,0.043941,1,
write,write,,,video_small,mongo_gridfs,2,01-01-06-01-01-01-19_r02.mp4,5457041,0.041823,1,
write,write,,,video_small,pg_bytea,2,01-01-06-01-01-01-19_r02.mp4,5457041,0.140709,1,
write,write,,,video_small,polyglot,2,01-01-06-01-01-01-24_r02.mp4,5498397,0.052417,1,
write,write,,,video_small,mongo_gridfs,2,01-01-06-01-01-01-24_r02.mp4,5498397,0.046600,1,
write,write,,,video_small,pg_bytea,2,01-01-06-01-01-01-24_r02.mp4,5498397,0.151636,1,
write,write,,,video_medium,polyglot,2,tsinghua_v_0024_r02.mp4,13091522,0.115067,1,
write,write,,,video_medium,mongo_gridfs,2,tsinghua_v_0024_r02.mp4,13091522,0.107015,1,
write,write,,,video_medium,pg_bytea,2,tsinghua_v_0024_r02.mp4,13091522,0.360804,1,
write,write,,,video_medium,mongo_gridfs,2,tsinghua_v_0046_r02.mp4,13091522,0.103622,1,
write,write,,,video_medium,polyglot,2,tsinghua_v_0046_r02.mp4,13091522,0.113216,1,
write,write,,,video_medium,pg_bytea,2,tsinghua_v_0046_r02.mp4,13091522,2.293801,1,
write,write,,,video_medium,polyglot,2,tsinghua_v_0076_r02.mp4,13091522,0.106424,1,
write,write,,,video_medium,mongo_gridfs,2,tsinghua_v_0076_r02.mp4,13091522,0.108514,1,
write,write,,,video_medium,pg_bytea,2,tsinghua_v_0076_r02.mp4,13091522,0.346389,1,
write,write,,,video_medium,polyglot,2,tsinghua_v_0080_r02.mp4,13091522,0.102837,1,
write,write,,,video_medium,mongo_gridfs,2,tsinghua_v_0080_r02.mp4,13091522,0.116595,1,
write,write,,,video_medium,pg_bytea,2,tsinghua_v_0080_r02.mp4,13091522,0.340828,1,
write,write,,,video_medium,mongo_gridfs,2,tsinghua_v_0109_r02.mp4,13091522,0.099542,1,
write,write,,,video_medium,pg_bytea,2,tsinghua_v_0109_r02.mp4,13091522,0.329604,1,
write,write,,,video_medium,polyglot,2,tsinghua_v_0109_r02.mp4,13091522,0.101754,1,
write,write,,,video_medium,polyglot,2,tsinghua_v_0123_r02.mp4,13091522,0.105501,1,
write,write,,,video_medium,mongo_gridfs,2,tsinghua_v_0123_r02.mp4,13091522,0.099835,1,
write,write,,,video_medium,pg_bytea,2,tsinghua_v_0123_r02.mp4,13091522,0.417183,1,
write,write,,,video_medium,pg_bytea,2,tsinghua_v_0130_r02.mp4,13091522,0.360060,1,
write,write,,,video_medium,polyglot,2,tsinghua_v_0130_r02.mp4,13091522,0.101464,1,
write,write,,,video_medium,mongo_gridfs,2,tsinghua_v_0130_r02.mp4,13091522,0.107621,1,
write,write,,,video_medium,mongo_gridfs,2,tsinghua_v_0135_r02.mp4,13091522,0.107170,1,
write,write,,,video_medium,pg_bytea,2,tsinghua_v_0135_r02.mp4,13091522,0.362505,1,
write,write,,,video_medium,polyglot,2,tsinghua_v_0135_r02.mp4,13091522,0.114600,1,
write,write,,,video_medium,mongo_gridfs,2,tsinghua_v_0137_r02.mp4,13091522,0.116739,1,
write,write,,,video_medium,polyglot,2,tsinghua_v_0137_r02.mp4,13091522,0.105151,1,
write,write,,,video_medium,pg_bytea,2,tsinghua_v_0137_r02.mp4,13091522,2.371545,1,
write,write,,,video_medium,pg_bytea,2,tsinghua_v_0140_r02.mp4,13091522,0.345757,1,
write,write,,,video_medium,polyglot,2,tsinghua_v_0140_r02.mp4,13091522,0.101821,1,
write,write,,,video_medium,mongo_gridfs,2,tsinghua_v_0140_r02.mp4,13091522,0.107404,1,
write,write,,,video_medium,mongo_gridfs,2,tsinghua_v_0151_r02.mp4,13091522,0.108129,1,
write,write,,,video_medium,pg_bytea,2,tsinghua_v_0151_r02.mp4,13091522,0.344485,1,
write,write,,,video_medium,polyglot,2,tsinghua_v_0151_r02.mp4,13091522,0.105058,1,
write,write,,,video_medium,pg_bytea,2,tsinghua_v_0157_r02.mp4,13091522,0.351506,1,
write,write,,,video_medium,polyglot,2,tsinghua_v_0157_r02.mp4,13091522,0.101674,1,
write,write,,,video_medium,mongo_gridfs,2,tsinghua_v_0157_r02.mp4,13091522,0.128953,1,
write,write,,,video_medium,mongo_gridfs,2,tsinghua_v_0209_r02.mp4,13091522,0.103424,1,
write,write,,,video_medium,pg_bytea,2,tsinghua_v_0209_r02.mp4,13091522,0.342587,1,
write,write,,,video_medium,polyglot,2,tsinghua_v_0209_r02.mp4,13091522,0.103525,1,
write,write,,,video_medium,polyglot,2,tsinghua_v_0226_r02.mp4,13091522,0.137142,1,
write,write,,,video_medium,mongo_gridfs,2,tsinghua_v_0226_r02.mp4,13091522,0.101113,1,
write,write,,,video_medium,pg_bytea,2,tsinghua_v_0226_r02.mp4,13091522,0.366162,1,
write,write,,,video_medium,mongo_gridfs,2,tsinghua_v_0236_r02.mp4,13091522,0.101862,1,
write,write,,,video_medium,pg_bytea,2,tsinghua_v_0236_r02.mp4,13091522,0.351374,1,
write,write,,,video_medium,polyglot,2,tsinghua_v_0236_r02.mp4,13091522,0.110798,1,
write,write,,,video_medium,mongo_gridfs,2,tsinghua_v_0274_r02.mp4,13091522,0.117642,1,
write,write,,,video_medium,pg_bytea,2,tsinghua_v_0274_r02.mp4,13091522,0.508259,1,
write,write,,,video_medium,polyglot,2,tsinghua_v_0274_r02.mp4,13091522,1.939889,1,
write,write,,,video_medium,pg_bytea,2,tsinghua_v_0280_r02.mp4,13091522,0.358000,1,
write,write,,,video_medium,polyglot,2,tsinghua_v_0280_r02.mp4,13091522,0.101229,1,
write,write,,,video_medium,mongo_gridfs,2,tsinghua_v_0280_r02.mp4,13091522,0.116343,1,
write,write,,,video_medium,polyglot,2,tsinghua_v_0302_r02.mp4,13091522,0.111099,1,
write,write,,,video_medium,pg_bytea,2,tsinghua_v_0302_r02.mp4,13091522,0.324341,1,
write,write,,,video_medium,mongo_gridfs,2,tsinghua_v_0302_r02.mp4,13091522,0.105211,1,
write,write,,,video_medium,mongo_gridfs,2,tsinghua_v_0311_r02.mp4,13091522,0.119030,1,
write,write,,,video_medium,pg_bytea,2,tsinghua_v_0311_r02.mp4,13091522,0.366276,1,
write,write,,,video_medium,polyglot,2,tsinghua_v_0311_r02.mp4,13091522,0.106192,1,
write,write,,,video_medium,mongo_gridfs,2,tsinghua_v_0316_r02.mp4,13091522,0.110036,1,
write,write,,,video_medium,pg_bytea,2,tsinghua_v_0316_r02.mp4,13091522,0.326071,1,
write,write,,,video_medium,polyglot,2,tsinghua_v_0316_r02.mp4,13091522,0.091916,1,
write,write,,,video_medium,polyglot,2,tsinghua_v_0319_r02.mp4,13091522,0.117909,1,
write,write,,,video_medium,mongo_gridfs,2,tsinghua_v_0319_r02.mp4,13091522,0.105328,1,
write,write,,,video_medium,pg_bytea,2,tsinghua_v_0319_r02.mp4,13091522,0.356860,1,
write,write,,,video_medium,mongo_gridfs,2,tsinghua_v_0321_r02.mp4,13091522,0.125332,1,
write,write,,,video_medium,pg_bytea,2,tsinghua_v_0321_r02.mp4,13091522,0.360277,1,
write,write,,,video_medium,polyglot,2,tsinghua_v_0321_r02.mp4,13091522,0.094219,1,
write,write,,,video_medium,polyglot,2,tsinghua_v_0331_r02.mp4,13091522,0.122557,1,
write,write,,,video_medium,mongo_gridfs,2,tsinghua_v_0331_r02.mp4,13091522,0.118839,1,
write,write,,,video_medium,pg_bytea,2,tsinghua_v_0331_r02.mp4,13091522,0.358806,1,
write,write,,,video_medium,polyglot,2,tsinghua_v_0345_r02.mp4,13091522,0.495955,1,
write,write,,,video_medium,pg_bytea,2,tsinghua_v_0345_r02.mp4,13091522,0.386230,1,
write,write,,,video_medium,mongo_gridfs,2,tsinghua_v_0345_r02.mp4,13091522,0.118119,1,
write,write,,,video_medium,pg_bytea,2,tsinghua_v_0356_r02.mp4,13091522,0.335319,1,
write,write,,,video_medium,mongo_gridfs,2,tsinghua_v_0356_r02.mp4,13091522,0.288121,1,
write,write,,,video_medium,polyglot,2,tsinghua_v_0356_r02.mp4,13091522,0.110588,1,
write,write,,,video_medium,mongo_gridfs,2,tsinghua_v_0357_r02.mp4,13091522,0.207163,1,
write,write,,,video_medium,polyglot,2,tsinghua_v_0357_r02.mp4,13091522,0.110205,1,
write,write,,,video_medium,pg_bytea,2,tsinghua_v_0357_r02.mp4,13091522,0.379761,1,
write,write,,,video_medium,mongo_gridfs,2,tsinghua_v_0379_r02.mp4,13091522,0.098306,1,
write,write,,,video_medium,polyglot,2,tsinghua_v_0379_r02.mp4,13091522,0.120085,1,
write,write,,,video_medium,pg_bytea,2,tsinghua_v_0379_r02.mp4,13091522,0.330394,1,
write,write,,,video_medium,pg_bytea,2,tsinghua_v_0393_r02.mp4,13091522,0.356990,1,
write,write,,,video_medium,mongo_gridfs,2,tsinghua_v_0393_r02.mp4,13091522,0.099942,1,
write,write,,,video_medium,polyglot,2,tsinghua_v_0393_r02.mp4,13091522,0.114999,1,
write,write,,,video_medium,polyglot,2,tsinghua_v_0421_r02.mp4,13091522,0.100740,1,
write,write,,,video_medium,pg_bytea,2,tsinghua_v_0421_r02.mp4,13091522,2.438824,1,
write,write,,,video_medium,mongo_gridfs,2,tsinghua_v_0421_r02.mp4,13091522,0.115235,1,
write,write,,,video_medium,pg_bytea,2,tsinghua_v_0424_r02.mp4,13091522,0.365327,1,
write,write,,,video_medium,mongo_gridfs,2,tsinghua_v_0424_r02.mp4,13091522,0.101797,1,
write,write,,,video_medium,polyglot,2,tsinghua_v_0424_r02.mp4,13091522,0.144295,1,
write,write,,,video_medium,polyglot,2,tsinghua_v_0427_r02.mp4,13091522,0.111452,1,
write,write,,,video_medium,mongo_gridfs,2,tsinghua_v_0427_r02.mp4,13091522,0.130812,1,
write,write,,,video_medium,pg_bytea,2,tsinghua_v_0427_r02.mp4,13091522,0.362179,1,
write,write,,,video_medium,pg_bytea,2,tsinghua_v_0431_r02.mp4,13091522,0.333247,1,
write,write,,,video_medium,mongo_gridfs,2,tsinghua_v_0431_r02.mp4,13091522,0.102865,1,
write,write,,,video_medium,polyglot,2,tsinghua_v_0431_r02.mp4,13091522,0.124905,1,
write,write,,,video_medium,mongo_gridfs,2,tsinghua_v_0452_r02.mp4,13091522,2.196363,1,
write,write,,,video_medium,pg_bytea,2,tsinghua_v_0452_r02.mp4,13091522,0.359928,1,
write,write,,,video_medium,polyglot,2,tsinghua_v_0452_r02.mp4,13091522,0.103761,1,
write,write,,,video_medium,polyglot,2,tsinghua_v_0454_r02.mp4,13091522,0.105615,1,
write,write,,,video_medium,pg_bytea,2,tsinghua_v_0454_r02.mp4,13091522,0.384985,1,
write,write,,,video_medium,mongo_gridfs,2,tsinghua_v_0454_r02.mp4,13091522,0.101136,1,
write,write,,,video_medium,mongo_gridfs,2,tsinghua_v_0457_r02.mp4,13091522,0.121980,1,
write,write,,,video_medium,pg_bytea,2,tsinghua_v_0457_r02.mp4,13091522,0.343981,1,
write,write,,,video_medium,polyglot,2,tsinghua_v_0457_r02.mp4,13091522,0.108317,1,
write,write,,,video_medium,pg_bytea,2,tsinghua_v_0466_r02.mp4,13091522,2.403002,1,
write,write,,,video_medium,polyglot,2,tsinghua_v_0466_r02.mp4,13091522,0.105060,1,
write,write,,,video_medium,mongo_gridfs,2,tsinghua_v_0466_r02.mp4,13091522,0.119943,1,
write,write,,,video_medium,polyglot,2,tsinghua_v_0471_r02.mp4,13091522,0.095583,1,
write,write,,,video_medium,pg_bytea,2,tsinghua_v_0471_r02.mp4,13091522,0.415578,1,
write,write,,,video_medium,mongo_gridfs,2,tsinghua_v_0471_r02.mp4,13091522,0.105171,1,
write,write,,,video_medium,pg_bytea,2,tsinghua_v_0472_r02.mp4,13091522,0.354252,1,
write,write,,,video_medium,polyglot,2,tsinghua_v_0472_r02.mp4,13091522,0.126921,1,
write,write,,,video_medium,mongo_gridfs,2,tsinghua_v_0472_r02.mp4,13091522,0.127400,1,
write,write,,,video_medium,pg_bytea,2,tsinghua_v_0494_r02.mp4,13091522,0.356121,1,
write,write,,,video_medium,polyglot,2,tsinghua_v_0494_r02.mp4,13091522,1.359146,1,
write,write,,,video_medium,mongo_gridfs,2,tsinghua_v_0494_r02.mp4,13091522,0.833553,1,
write,write,,,video_medium,pg_bytea,2,tsinghua_v_0503_r02.mp4,13091522,0.375942,1,
write,write,,,video_medium,mongo_gridfs,2,tsinghua_v_0503_r02.mp4,13091522,0.109269,1,
write,write,,,video_medium,polyglot,2,tsinghua_v_0503_r02.mp4,13091522,0.147589,1,
write,write,,,video_medium,mongo_gridfs,2,tsinghua_v_0509_r02.mp4,13091522,0.122773,1,
write,write,,,video_medium,polyglot,2,tsinghua_v_0509_r02.mp4,13091522,0.104978,1,
write,write,,,video_medium,pg_bytea,2,tsinghua_v_0509_r02.mp4,13091522,0.337168,1,
write,write,,,video_medium,mongo_gridfs,2,tsinghua_v_0523_r02.mp4,13091522,0.110259,1,
write,write,,,video_medium,polyglot,2,tsinghua_v_0523_r02.mp4,13091522,0.141519,1,
write,write,,,video_medium,pg_bytea,2,tsinghua_v_0523_r02.mp4,13091522,0.348557,1,
write,write,,,video_medium,polyglot,2,tsinghua_v_0546_r02.mp4,13091522,0.108351,1,
write,write,,,video_medium,pg_bytea,2,tsinghua_v_0546_r02.mp4,13091522,2.191624,1,
write,write,,,video_medium,mongo_gridfs,2,tsinghua_v_0546_r02.mp4,13091522,0.103090,1,
write,write,,,video_medium,mongo_gridfs,2,tsinghua_v_0568_r02.mp4,13091522,0.117662,1,
write,write,,,video_medium,pg_bytea,2,tsinghua_v_0568_r02.mp4,13091522,0.332435,1,
write,write,,,video_medium,polyglot,2,tsinghua_v_0568_r02.mp4,13091522,0.098777,1,
write,write,,,video_medium,polyglot,2,tsinghua_v_0594_r02.mp4,13091522,0.129978,1,
write,write,,,video_medium,pg_bytea,2,tsinghua_v_0594_r02.mp4,13091522,0.330697,1,
write,write,,,video_medium,mongo_gridfs,2,tsinghua_v_0594_r02.mp4,13091522,0.112782,1,
write,write,,,video_medium,pg_bytea,2,tsinghua_v_0596_r02.mp4,13091522,0.337108,1,
write,write,,,video_medium,mongo_gridfs,2,tsinghua_v_0596_r02.mp4,13091522,0.110146,1,
write,write,,,video_medium,polyglot,2,tsinghua_v_0596_r02.mp4,13091522,0.126835,1,
write,write,,,video_medium,mongo_gridfs,2,tsinghua_v_0635_r02.mp4,13091522,0.108046,1,
write,write,,,video_medium,pg_bytea,2,tsinghua_v_0635_r02.mp4,13091522,0.351083,1,
write,write,,,video_medium,polyglot,2,tsinghua_v_0635_r02.mp4,13091522,0.106300,1,
write,write,,,video_medium,mongo_gridfs,2,tsinghua_v_0653_r02.mp4,13091522,0.116498,1,
write,write,,,video_medium,pg_bytea,2,tsinghua_v_0653_r02.mp4,13091522,0.347621,1,
write,write,,,video_medium,polyglot,2,tsinghua_v_0653_r02.mp4,13091522,0.110735,1,
write,write,,,video_medium,pg_bytea,2,tsinghua_v_0667_r02.mp4,13091522,0.347316,1,
write,write,,,video_medium,mongo_gridfs,2,tsinghua_v_0667_r02.mp4,13091522,0.106711,1,
write,write,,,video_medium,polyglot,2,tsinghua_v_0667_r02.mp4,13091522,0.123091,1,
write,write,,,video_medium,pg_bytea,2,tsinghua_v_0673_r02.mp4,13091522,2.492685,1,
write,write,,,video_medium,polyglot,2,tsinghua_v_0673_r02.mp4,13091522,0.111013,1,
write,write,,,video_medium,mongo_gridfs,2,tsinghua_v_0673_r02.mp4,13091522,0.127987,1,
write,write,,,video_medium,mongo_gridfs,2,tsinghua_v_0681_r02.mp4,13091522,0.109262,1,
write,write,,,video_medium,pg_bytea,2,tsinghua_v_0681_r02.mp4,13091522,0.383925,1,
write,write,,,video_medium,polyglot,2,tsinghua_v_0681_r02.mp4,13091522,0.112969,1,
write,write,,,video_medium,polyglot,2,tsinghua_v_0690_r02.mp4,13091522,0.145850,1,
write,write,,,video_medium,pg_bytea,2,tsinghua_v_0690_r02.mp4,13091522,0.351590,1,
write,write,,,video_medium,mongo_gridfs,2,tsinghua_v_0690_r02.mp4,13091522,0.112395,1,
write,write,,,video_medium,pg_bytea,2,tsinghua_v_0692_r02.mp4,13091522,0.356733,1,
write,write,,,video_medium,mongo_gridfs,2,tsinghua_v_0692_r02.mp4,13091522,0.112176,1,
write,write,,,video_medium,polyglot,2,tsinghua_v_0692_r02.mp4,13091522,0.132004,1,
write,write,,,video_medium,polyglot,2,tsinghua_v_0696_r02.mp4,13091522,0.149208,1,
write,write,,,video_medium,mongo_gridfs,2,tsinghua_v_0696_r02.mp4,13091522,0.104823,1,
write,write,,,video_medium,pg_bytea,2,tsinghua_v_0696_r02.mp4,13091522,0.352019,1,
write,write,,,video_medium,mongo_gridfs,2,tsinghua_v_0734_r02.mp4,13091522,0.117515,1,
write,write,,,video_medium,polyglot,2,tsinghua_v_0734_r02.mp4,13091522,0.121728,1,
write,write,,,video_medium,pg_bytea,2,tsinghua_v_0734_r02.mp4,13091522,0.345421,1,
write,write,,,video_medium,polyglot,2,tsinghua_v_0737_r02.mp4,13091522,0.111646,1,
write,write,,,video_medium,mongo_gridfs,2,tsinghua_v_0737_r02.mp4,13091522,0.121810,1,
write,write,,,video_medium,pg_bytea,2,tsinghua_v_0737_r02.mp4,13091522,0.343857,1,
write,write,,,video_medium,mongo_gridfs,2,tsinghua_v_0744_r02.mp4,13091522,2.139116,1,
write,write,,,video_medium,pg_bytea,2,tsinghua_v_0744_r02.mp4,13091522,0.396296,1,
write,write,,,video_medium,polyglot,2,tsinghua_v_0744_r02.mp4,13091522,0.111767,1,
write,write,,,video_medium,mongo_gridfs,2,tsinghua_v_0745_r02.mp4,13091522,0.123698,1,
write,write,,,video_medium,pg_bytea,2,tsinghua_v_0745_r02.mp4,13091522,0.349416,1,
write,write,,,video_medium,polyglot,2,tsinghua_v_0745_r02.mp4,13091522,0.100661,1,
write,write,,,video_medium,pg_bytea,2,tsinghua_v_0769_r02.mp4,13091522,0.351059,1,
write,write,,,video_medium,polyglot,2,tsinghua_v_0769_r02.mp4,13091522,0.104733,1,
write,write,,,video_medium,mongo_gridfs,2,tsinghua_v_0769_r02.mp4,13091522,0.121053,1,
write,write,,,video_medium,polyglot,2,tsinghua_v_0791_r02.mp4,13091522,0.100455,1,
write,write,,,video_medium,mongo_gridfs,2,tsinghua_v_0791_r02.mp4,13091522,0.116888,1,
write,write,,,video_medium,pg_bytea,2,tsinghua_v_0791_r02.mp4,13091522,0.446335,1,
write,write,,,video_medium,polyglot,2,tsinghua_v_0792_r02.mp4,13091522,0.114511,1,
write,write,,,video_medium,mongo_gridfs,2,tsinghua_v_0792_r02.mp4,13091522,0.124731,1,
write,write,,,video_medium,pg_bytea,2,tsinghua_v_0792_r02.mp4,13091522,0.343027,1,
write,write,,,video_medium,polyglot,2,tsinghua_v_0857_r02.mp4,13091522,0.125305,1,
write,write,,,video_medium,pg_bytea,2,tsinghua_v_0857_r02.mp4,13091522,0.347140,1,
write,write,,,video_medium,mongo_gridfs,2,tsinghua_v_0857_r02.mp4,13091522,0.101457,1,
write,write,,,video_medium,mongo_gridfs,2,tsinghua_v_0866_r02.mp4,13091522,0.145199,1,
write,write,,,video_medium,pg_bytea,2,tsinghua_v_0866_r02.mp4,13091522,0.338337,1,
write,write,,,video_medium,polyglot,2,tsinghua_v_0866_r02.mp4,13091522,0.101833,1,
write,write,,,video_medium,pg_bytea,2,tsinghua_v_0880_r02.mp4,13091522,0.352068,1,
write,write,,,video_medium,polyglot,2,tsinghua_v_0880_r02.mp4,13091522,0.111033,1,
write,write,,,video_medium,mongo_gridfs,2,tsinghua_v_0880_r02.mp4,13091522,0.119476,1,
write,write,,,video_medium,polyglot,2,tsinghua_v_0888_r02.mp4,13091522,0.095810,1,
write,write,,,video_medium,pg_bytea,2,tsinghua_v_0888_r02.mp4,13091522,0.366644,1,
write,write,,,video_medium,mongo_gridfs,2,tsinghua_v_0888_r02.mp4,13091522,0.110052,1,
write,write,,,video_medium,pg_bytea,2,tsinghua_v_0901_r02.mp4,13091522,0.387457,1,
write,write,,,video_medium,mongo_gridfs,2,tsinghua_v_0901_r02.mp4,13091522,0.119330,1,
write,write,,,video_medium,polyglot,2,tsinghua_v_0901_r02.mp4,13091522,0.181712,1,
write,write,,,video_medium,mongo_gridfs,2,tsinghua_v_0937_r02.mp4,13091522,0.146519,1,
write,write,,,video_medium,polyglot,2,tsinghua_v_0937_r02.mp4,13091522,0.106106,1,
write,write,,,video_medium,pg_bytea,2,tsinghua_v_0937_r02.mp4,13091522,1.935821,1,
write,write,,,video_medium,pg_bytea,2,tsinghua_v_0939_r02.mp4,13091522,0.394673,1,
write,write,,,video_medium,polyglot,2,tsinghua_v_0939_r02.mp4,13091522,0.156636,1,
write,write,,,video_medium,mongo_gridfs,2,tsinghua_v_0939_r02.mp4,13091522,0.130321,1,
write,write,,,video_medium,pg_bytea,2,tsinghua_v_0961_r02.mp4,13091522,0.350752,1,
write,write,,,video_medium,mongo_gridfs,2,tsinghua_v_0961_r02.mp4,13091522,0.112669,1,
write,write,,,video_medium,polyglot,2,tsinghua_v_0961_r02.mp4,13091522,0.131872,1,
write,write,,,video_medium,mongo_gridfs,2,tsinghua_v_0977_r02.mp4,13091522,0.107724,1,
write,write,,,video_medium,polyglot,2,tsinghua_v_0977_r02.mp4,13091522,0.115292,1,
write,write,,,video_medium,pg_bytea,2,tsinghua_v_0977_r02.mp4,13091522,0.365403,1,
write,write,,,audio_small,mongo_gridfs,3,03-01-01-01-01-02-19_r03.wav,375720,0.007780,1,
write,write,,,audio_small,polyglot,3,03-01-01-01-01-02-19_r03.wav,375720,0.012003,1,
write,write,,,audio_small,pg_bytea,3,03-01-01-01-01-02-19_r03.wav,375720,0.049014,1,
write,write,,,audio_small,pg_bytea,3,03-01-01-01-02-02-05_r03.wav,396294,0.046871,1,
write,write,,,audio_small,mongo_gridfs,3,03-01-01-01-02-02-05_r03.wav,396294,0.008163,1,
write,write,,,audio_small,polyglot,3,03-01-01-01-02-02-05_r03.wav,396294,0.005786,1,
write,write,,,audio_small,polyglot,3,03-01-01-01-02-02-06_r03.wav,363108,0.005122,1,
write,write,,,audio_small,mongo_gridfs,3,03-01-01-01-02-02-06_r03.wav,363108,0.004680,1,
write,write,,,audio_small,pg_bytea,3,03-01-01-01-02-02-06_r03.wav,363108,0.010561,1,
write,write,,,audio_small,polyglot,3,03-01-01-01-02-02-07_r03.wav,363108,0.006064,1,
write,write,,,audio_small,pg_bytea,3,03-01-01-01-02-02-07_r03.wav,363108,0.013531,1,
write,write,,,audio_small,mongo_gridfs,3,03-01-01-01-02-02-07_r03.wav,363108,0.006711,1,
write,write,,,audio_small,mongo_gridfs,3,03-01-01-01-02-02-11_r03.wav,375720,0.005510,1,
write,write,,,audio_small,polyglot,3,03-01-01-01-02-02-11_r03.wav,375720,0.004899,1,
write,write,,,audio_small,pg_bytea,3,03-01-01-01-02-02-11_r03.wav,375720,0.016223,1,
write,write,,,audio_small,mongo_gridfs,3,03-01-01-01-02-02-12_r03.wav,372698,0.005570,1,
write,write,,,audio_small,pg_bytea,3,03-01-01-01-02-02-12_r03.wav,372698,0.009563,1,
write,write,,,audio_small,polyglot,3,03-01-01-01-02-02-12_r03.wav,372698,0.004923,1,
write,write,,,audio_small,pg_bytea,3,03-01-01-01-02-02-13_r03.wav,363108,0.009249,1,
write,write,,,audio_small,polyglot,3,03-01-01-01-02-02-13_r03.wav,363108,0.005648,1,
write,write,,,audio_small,mongo_gridfs,3,03-01-01-01-02-02-13_r03.wav,363108,0.004547,1,
write,write,,,audio_small,mongo_gridfs,3,03-01-01-02-01-02-05_r03.wav,393086,0.004778,1,
write,write,,,audio_small,pg_bytea,3,03-01-01-02-01-02-05_r03.wav,393086,0.010412,1,
write,write,,,audio_small,polyglot,3,03-01-01-02-01-02-05_r03.wav,393086,0.006030,1,
write,write,,,audio_small,polyglot,3,03-01-01-02-01-02-06_r03.wav,363108,0.004930,1,
write,write,,,audio_small,pg_bytea,3,03-01-01-02-01-02-06_r03.wav,363108,0.012248,1,
write,write,,,audio_small,mongo_gridfs,3,03-01-01-02-01-02-06_r03.wav,363108,0.006477,1,
write,write,,,audio_small,polyglot,3,03-01-01-02-01-02-07_r03.wav,372698,0.005386,1,
write,write,,,audio_small,mongo_gridfs,3,03-01-01-02-01-02-07_r03.wav,372698,0.005777,1,
write,write,,,audio_small,pg_bytea,3,03-01-01-02-01-02-07_r03.wav,372698,0.010334,1,
write,write,,,audio_small,pg_bytea,3,03-01-01-02-01-02-13_r03.wav,399494,0.010236,1,
write,write,,,audio_small,polyglot,3,03-01-01-02-01-02-13_r03.wav,399494,0.006622,1,
write,write,,,audio_small,mongo_gridfs,3,03-01-01-02-01-02-13_r03.wav,399494,0.005353,1,
write,write,,,audio_small,mongo_gridfs,3,03-01-01-02-02-02-19_r03.wav,372698,0.004379,1,
write,write,,,audio_small,polyglot,3,03-01-01-02-02-02-19_r03.wav,372698,0.005020,1,
write,write,,,audio_small,pg_bytea,3,03-01-01-02-02-02-19_r03.wav,372698,0.010387,1,
write,write,,,audio_small,mongo_gridfs,3,03-01-02-01-01-01-19_r03.wav,372698,0.005284,1,
write,write,,,audio_small,pg_bytea,3,03-01-02-01-01-01-19_r03.wav,372698,0.010302,1,
write,write,,,audio_small,polyglot,3,03-01-02-01-01-01-19_r03.wav,372698,0.005151,1,
write,write,,,audio_small,pg_bytea,3,03-01-02-01-02-01-06_r03.wav,363108,0.009306,1,
write,write,,,audio_small,mongo_gridfs,3,03-01-02-01-02-01-06_r03.wav,363108,0.005646,1,
write,write,,,audio_small,polyglot,3,03-01-02-01-02-01-06_r03.wav,363108,0.005635,1,
write,write,,,audio_small,polyglot,3,03-01-02-01-02-01-07_r03.wav,399494,0.005702,1,
write,write,,,audio_small,pg_bytea,3,03-01-02-01-02-01-07_r03.wav,399494,0.009972,1,
write,write,,,audio_small,mongo_gridfs,3,03-01-02-01-02-01-07_r03.wav,399494,0.005813,1,
write,write,,,audio_small,pg_bytea,3,03-01-02-01-02-01-11_r03.wav,375720,0.010431,1,
write,write,,,audio_small,mongo_gridfs,3,03-01-02-01-02-01-11_r03.wav,375720,0.007169,1,
write,write,,,audio_small,polyglot,3,03-01-02-01-02-01-11_r03.wav,375720,0.005858,1,
write,write,,,audio_small,polyglot,3,03-01-02-01-02-01-12_r03.wav,372698,0.004693,1,
write,write,,,audio_small,mongo_gridfs,3,03-01-02-01-02-01-12_r03.wav,372698,0.004643,1,
write,write,,,audio_small,pg_bytea,3,03-01-02-01-02-01-12_r03.wav,372698,0.010572,1,
write,write,,,audio_small,pg_bytea,3,03-01-02-01-02-01-13_r03.wav,379106,0.010209,1,
write,write,,,audio_small,mongo_gridfs,3,03-01-02-01-02-01-13_r03.wav,379106,0.005993,1,
write,write,,,audio_small,polyglot,3,03-01-02-01-02-01-13_r03.wav,379106,0.006140,1,
write,write,,,audio_small,mongo_gridfs,3,03-01-02-02-01-01-05_r03.wav,363108,0.004715,1,
write,write,,,audio_small,pg_bytea,3,03-01-02-02-01-01-05_r03.wav,363108,0.010077,1,
write,write,,,audio_small,polyglot,3,03-01-02-02-01-01-05_r03.wav,363108,0.005212,1,
write,write,,,audio_small,pg_bytea,3,03-01-02-02-01-01-11_r03.wav,363108,0.010081,1,
write,write,,,audio_small,polyglot,3,03-01-02-02-01-01-11_r03.wav,363108,0.006585,1,
write,write,,,audio_small,mongo_gridfs,3,03-01-02-02-01-01-11_r03.wav,363108,0.005611,1,
write,write,,,audio_small,pg_bytea,3,03-01-02-02-01-01-12_r03.wav,399494,0.011820,1,
write,write,,,audio_small,mongo_gridfs,3,03-01-02-02-01-01-12_r03.wav,399494,0.007115,1,
write,write,,,audio_small,polyglot,3,03-01-02-02-01-01-12_r03.wav,399494,0.005760,1,
write,write,,,audio_small,mongo_gridfs,3,03-01-02-02-01-01-13_r03.wav,399494,0.006169,1,
write,write,,,audio_small,polyglot,3,03-01-02-02-01-01-13_r03.wav,399494,0.005781,1,
write,write,,,audio_small,pg_bytea,3,03-01-02-02-01-01-13_r03.wav,399494,0.009937,1,
write,write,,,audio_small,mongo_gridfs,3,03-01-02-02-02-01-19_r03.wav,379106,0.005552,1,
write,write,,,audio_small,polyglot,3,03-01-02-02-02-01-19_r03.wav,379106,0.005408,1,
write,write,,,audio_small,pg_bytea,3,03-01-02-02-02-01-19_r03.wav,379106,0.009861,1,
write,write,,,audio_small,mongo_gridfs,3,03-01-03-01-01-02-05_r03.wav,396294,0.004916,1,
write,write,,,audio_small,pg_bytea,3,03-01-03-01-01-02-05_r03.wav,396294,0.010607,1,
write,write,,,audio_small,polyglot,3,03-01-03-01-01-02-05_r03.wav,396294,0.006497,1,
write,write,,,audio_small,polyglot,3,03-01-03-01-01-02-07_r03.wav,393086,0.005136,1,
write,write,,,audio_small,mongo_gridfs,3,03-01-03-01-01-02-07_r03.wav,393086,0.004441,1,
write,write,,,audio_small,pg_bytea,3,03-01-03-01-01-02-07_r03.wav,393086,0.010790,1,
write,write,,,audio_small,polyglot,3,03-01-03-01-01-02-12_r03.wav,399494,0.005781,1,
write,write,,,audio_small,mongo_gridfs,3,03-01-03-01-01-02-12_r03.wav,399494,0.005007,1,
write,write,,,audio_small,pg_bytea,3,03-01-03-01-01-02-12_r03.wav,399494,0.011433,1,
write,write,,,audio_small,mongo_gridfs,3,03-01-03-01-01-02-13_r03.wav,399494,0.005563,1,
write,write,,,audio_small,polyglot,3,03-01-03-01-01-02-13_r03.wav,399494,0.005852,1,
write,write,,,audio_small,pg_bytea,3,03-01-03-01-01-02-13_r03.wav,399494,0.011425,1,
write,write,,,audio_small,polyglot,3,03-01-03-01-02-02-18_r03.wav,393086,0.006469,1,
write,write,,,audio_small,mongo_gridfs,3,03-01-03-01-02-02-18_r03.wav,393086,0.005190,1,
write,write,,,audio_small,pg_bytea,3,03-01-03-01-02-02-18_r03.wav,393086,0.011094,1,
write,write,,,audio_small,polyglot,3,03-01-03-01-02-02-19_r03.wav,399494,0.005391,1,
write,write,,,audio_small,pg_bytea,3,03-01-03-01-02-02-19_r03.wav,399494,0.011095,1,
write,write,,,audio_small,mongo_gridfs,3,03-01-03-01-02-02-19_r03.wav,399494,0.006818,1,
write,write,,,audio_small,polyglot,3,03-01-03-02-01-02-18_r03.wav,396294,0.005397,1,
write,write,,,audio_small,mongo_gridfs,3,03-01-03-02-01-02-18_r03.wav,396294,0.004674,1,
write,write,,,audio_small,pg_bytea,3,03-01-03-02-01-02-18_r03.wav,396294,0.012148,1,
write,write,,,audio_small,pg_bytea,3,03-01-03-02-01-02-19_r03.wav,372698,0.009899,1,
write,write,,,audio_small,mongo_gridfs,3,03-01-03-02-01-02-19_r03.wav,372698,0.005544,1,
write,write,,,audio_small,polyglot,3,03-01-03-02-01-02-19_r03.wav,372698,0.005420,1,
write,write,,,audio_small,polyglot,3,03-01-03-02-02-02-04_r03.wav,379106,0.005019,1,
write,write,,,audio_small,pg_bytea,3,03-01-03-02-02-02-04_r03.wav,379106,0.009854,1,
write,write,,,audio_small,mongo_gridfs,3,03-01-03-02-02-02-04_r03.wav,379106,0.005336,1,
write,write,,,audio_small,mongo_gridfs,3,03-01-03-02-02-02-06_r03.wav,399494,0.005873,1,
write,write,,,audio_small,pg_bytea,3,03-01-03-02-02-02-06_r03.wav,399494,0.012168,1,
write,write,,,audio_small,polyglot,3,03-01-03-02-02-02-06_r03.wav,399494,0.006458,1,
write,write,,,audio_small,pg_bytea,3,03-01-03-02-02-02-07_r03.wav,393086,0.011408,1,
write,write,,,audio_small,polyglot,3,03-01-03-02-02-02-07_r03.wav,393086,0.006272,1,
write,write,,,audio_small,mongo_gridfs,3,03-01-03-02-02-02-07_r03.wav,393086,0.005494,1,
write,write,,,audio_small,pg_bytea,3,03-01-03-02-02-02-10_r03.wav,375720,0.010152,1,
write,write,,,audio_small,polyglot,3,03-01-03-02-02-02-10_r03.wav,375720,0.006944,1,
write,write,,,audio_small,mongo_gridfs,3,03-01-03-02-02-02-10_r03.wav,375720,0.004614,1,
write,write,,,audio_small,polyglot,3,03-01-03-02-02-02-11_r03.wav,396294,0.004925,1,
write,write,,,audio_small,pg_bytea,3,03-01-03-02-02-02-11_r03.wav,396294,0.010540,1,
write,write,,,audio_small,mongo_gridfs,3,03-01-03-02-02-02-11_r03.wav,396294,0.005307,1,
write,write,,,audio_small,polyglot,3,03-01-03-02-02-02-13_r03.wav,399494,0.005385,1,
write,write,,,audio_small,mongo_gridfs,3,03-01-03-02-02-02-13_r03.wav,399494,0.004777,1,
write,write,,,audio_small,pg_bytea,3,03-01-03-02-02-02-13_r03.wav,399494,0.010909,1,
write,write,,,audio_small,polyglot,3,03-01-04-01-01-02-01_r03.wav,396294,0.005217,1,
write,write,,,audio_small,pg_bytea,3,03-01-04-01-01-02-01_r03.wav,396294,0.011345,1,
write,write,,,audio_small,mongo_gridfs,3,03-01-04-01-01-02-01_r03.wav,396294,0.005530,1,
write,write,,,audio_small,mongo_gridfs,3,03-01-04-01-01-02-02_r03.wav,379106,0.005515,1,
write,write,,,audio_small,polyglot,3,03-01-04-01-01-02-02_r03.wav,379106,0.005345,1,
write,write,,,audio_small,pg_bytea,3,03-01-04-01-01-02-02_r03.wav,379106,0.009989,1,
write,write,,,audio_small,polyglot,3,03-01-04-01-01-02-16_r03.wav,379106,0.005941,1,
write,write,,,audio_small,pg_bytea,3,03-01-04-01-01-02-16_r03.wav,379106,0.010425,1,
write,write,,,audio_small,mongo_gridfs,3,03-01-04-01-01-02-16_r03.wav,379106,0.006459,1,
write,write,,,audio_small,polyglot,3,03-01-04-01-02-02-08_r03.wav,372698,0.004606,1,
write,write,,,audio_small,mongo_gridfs,3,03-01-04-01-02-02-08_r03.wav,372698,0.006069,1,
write,write,,,audio_small,pg_bytea,3,03-01-04-01-02-02-08_r03.wav,372698,0.011879,1,
write,write,,,audio_small,pg_bytea,3,03-01-04-01-02-02-09_r03.wav,363108,0.010116,1,
write,write,,,audio_small,mongo_gridfs,3,03-01-04-01-02-02-09_r03.wav,363108,0.006385,1,
write,write,,,audio_small,polyglot,3,03-01-04-01-02-02-09_r03.wav,363108,0.006218,1,
write,write,,,audio_small,mongo_gridfs,3,03-01-04-01-02-02-20_r03.wav,396294,0.004918,1,
write,write,,,audio_small,pg_bytea,3,03-01-04-01-02-02-20_r03.wav,396294,0.011143,1,
write,write,,,audio_small,polyglot,3,03-01-04-01-02-02-20_r03.wav,396294,0.005061,1,
write,write,,,audio_small,mongo_gridfs,3,03-01-04-01-02-02-21_r03.wav,363108,0.004365,1,
write,write,,,audio_small,pg_bytea,3,03-01-04-01-02-02-21_r03.wav,363108,0.009971,1,
write,write,,,audio_small,polyglot,3,03-01-04-01-02-02-21_r03.wav,363108,0.005510,1,
write,write,,,audio_small,mongo_gridfs,3,03-01-04-01-02-02-22_r03.wav,372698,0.003966,1,
write,write,,,audio_small,polyglot,3,03-01-04-01-02-02-22_r03.wav,372698,0.004715,1,
write,write,,,audio_small,pg_bytea,3,03-01-04-01-02-02-22_r03.wav,372698,0.010296,1,
write,write,,,audio_small,polyglot,3,03-01-04-01-02-02-23_r03.wav,363108,0.005017,1,
write,write,,,audio_small,mongo_gridfs,3,03-01-04-01-02-02-23_r03.wav,363108,0.004689,1,
write,write,,,audio_small,pg_bytea,3,03-01-04-01-02-02-23_r03.wav,363108,0.013713,1,
write,write,,,audio_small,pg_bytea,3,03-01-04-02-01-02-09_r03.wav,379106,0.013294,1,
write,write,,,audio_small,polyglot,3,03-01-04-02-01-02-09_r03.wav,379106,0.007578,1,
write,write,,,audio_small,mongo_gridfs,3,03-01-04-02-01-02-09_r03.wav,379106,0.004831,1,
write,write,,,audio_small,polyglot,3,03-01-04-02-01-02-20_r03.wav,379106,0.005085,1,
write,write,,,audio_small,mongo_gridfs,3,03-01-04-02-01-02-20_r03.wav,379106,0.005031,1,
write,write,,,audio_small,pg_bytea,3,03-01-04-02-01-02-20_r03.wav,379106,0.012256,1,
write,write,,,audio_small,polyglot,3,03-01-04-02-01-02-21_r03.wav,393086,0.005955,1,
write,write,,,audio_small,mongo_gridfs,3,03-01-04-02-01-02-21_r03.wav,393086,0.005028,1,
write,write,,,audio_small,pg_bytea,3,03-01-04-02-01-02-21_r03.wav,393086,0.012082,1,
write,write,,,audio_small,mongo_gridfs,3,03-01-04-02-01-02-22_r03.wav,379106,0.007990,1,
write,write,,,audio_small,polyglot,3,03-01-04-02-01-02-22_r03.wav,379106,0.006282,1,
write,write,,,audio_small,pg_bytea,3,03-01-04-02-01-02-22_r03.wav,379106,0.011665,1,
write,write,,,audio_small,polyglot,3,03-01-04-02-02-02-14_r03.wav,375720,0.005566,1,
write,write,,,audio_small,mongo_gridfs,3,03-01-04-02-02-02-14_r03.wav,375720,0.005261,1,
write,write,,,audio_small,pg_bytea,3,03-01-04-02-02-02-14_r03.wav,375720,0.012935,1,
write,write,,,audio_small,pg_bytea,3,03-01-04-02-02-02-15_r03.wav,379106,0.011526,1,
write,write,,,audio_small,polyglot,3,03-01-04-02-02-02-15_r03.wav,379106,0.007593,1,
write,write,,,audio_small,mongo_gridfs,3,03-01-04-02-02-02-15_r03.wav,379106,0.005927,1,
write,write,,,audio_small,mongo_gridfs,3,03-01-04-02-02-02-16_r03.wav,375720,0.004847,1,
write,write,,,audio_small,polyglot,3,03-01-04-02-02-02-16_r03.wav,375720,0.006575,1,
write,write,,,audio_small,pg_bytea,3,03-01-04-02-02-02-16_r03.wav,375720,0.011822,1,
write,write,,,audio_small,mongo_gridfs,3,03-01-04-02-02-02-17_r03.wav,363108,0.005997,1,
write,write,,,audio_small,polyglot,3,03-01-04-02-02-02-17_r03.wav,363108,0.006619,1,
write,write,,,audio_small,pg_bytea,3,03-01-04-02-02-02-17_r03.wav,363108,0.010207,1,
write,write,,,audio_small,mongo_gridfs,3,03-01-05-01-01-01-09_r03.wav,393086,0.005391,1,
write,write,,,audio_small,polyglot,3,03-01-05-01-01-01-09_r03.wav,393086,0.006261,1,
write,write,,,audio_small,pg_bytea,3,03-01-05-01-01-01-09_r03.wav,393086,0.011432,1,
write,write,,,audio_small,mongo_gridfs,3,03-01-05-01-01-01-22_r03.wav,393086,0.006628,1,
write,write,,,audio_small,polyglot,3,03-01-05-01-01-01-22_r03.wav,393086,0.005834,1,
write,write,,,audio_small,pg_bytea,3,03-01-05-01-01-01-22_r03.wav,393086,0.010355,1,
write,write,,,audio_small,mongo_gridfs,3,03-01-05-01-02-01-02_r03.wav,372698,0.007216,1,
write,write,,,audio_small,polyglot,3,03-01-05-01-02-01-02_r03.wav,372698,0.005136,1,
write,write,,,audio_small,pg_bytea,3,03-01-05-01-02-01-02_r03.wav,372698,0.011467,1,
write,write,,,audio_small,pg_bytea,3,03-01-05-01-02-01-03_r03.wav,396294,0.012347,1,
write,write,,,audio_small,mongo_gridfs,3,03-01-05-01-02-01-03_r03.wav,396294,0.006113,1,
write,write,,,audio_small,polyglot,3,03-01-05-01-02-01-03_r03.wav,396294,0.005071,1,
write,write,,,audio_small,polyglot,3,03-01-05-01-02-01-15_r03.wav,363108,0.005635,1,
write,write,,,audio_small,pg_bytea,3,03-01-05-01-02-01-15_r03.wav,363108,0.081327,1,
write,write,,,audio_small,mongo_gridfs,3,03-01-05-01-02-01-15_r03.wav,363108,0.030257,1,
write,write,,,audio_small,pg_bytea,3,03-01-05-01-02-01-16_r03.wav,372698,0.019675,1,
write,write,,,audio_small,mongo_gridfs,3,03-01-05-01-02-01-16_r03.wav,372698,0.009646,1,
write,write,,,audio_small,polyglot,3,03-01-05-01-02-01-16_r03.wav,372698,0.009185,1,
write,write,,,audio_small,mongo_gridfs,3,03-01-05-01-02-01-17_r03.wav,393086,0.004682,1,
write,write,,,audio_small,polyglot,3,03-01-05-01-02-01-17_r03.wav,393086,0.004231,1,
write,write,,,audio_small,pg_bytea,3,03-01-05-01-02-01-17_r03.wav,393086,0.010904,1,
write,write,,,audio_small,mongo_gridfs,3,03-01-05-02-01-01-01_r03.wav,372698,0.007038,1,
write,write,,,audio_small,polyglot,3,03-01-05-02-01-01-01_r03.wav,372698,0.004014,1,
write,write,,,audio_small,pg_bytea,3,03-01-05-02-01-01-01_r03.wav,372698,0.010263,1,
write,write,,,audio_small,polyglot,3,03-01-05-02-01-01-02_r03.wav,375720,0.004265,1,
write,write,,,audio_small,mongo_gridfs,3,03-01-05-02-01-01-02_r03.wav,375720,0.004444,1,
write,write,,,audio_small,pg_bytea,3,03-01-05-02-01-01-02_r03.wav,375720,0.015694,1,
write,write,,,audio_small,polyglot,3,03-01-05-02-01-01-03_r03.wav,372698,0.004764,1,
write,write,,,audio_small,mongo_gridfs,3,03-01-05-02-01-01-03_r03.wav,372698,0.003737,1,
write,write,,,audio_small,pg_bytea,3,03-01-05-02-01-01-03_r03.wav,372698,0.010024,1,
write,write,,,audio_small,mongo_gridfs,3,03-01-05-02-01-01-15_r03.wav,396294,0.004107,1,
write,write,,,audio_small,pg_bytea,3,03-01-05-02-01-01-15_r03.wav,396294,0.011175,1,
write,write,,,audio_small,polyglot,3,03-01-05-02-01-01-15_r03.wav,396294,0.006071,1,
write,write,,,audio_small,pg_bytea,3,03-01-05-02-01-01-16_r03.wav,399494,0.010582,1,
write,write,,,audio_small,polyglot,3,03-01-05-02-01-01-16_r03.wav,399494,0.004729,1,
write,write,,,audio_small,mongo_gridfs,3,03-01-05-02-01-01-16_r03.wav,399494,0.004282,1,
write,write,,,audio_small,polyglot,3,03-01-05-02-01-01-17_r03.wav,363108,0.005650,1,
write,write,,,audio_small,mongo_gridfs,3,03-01-05-02-01-01-17_r03.wav,363108,0.003999,1,
write,write,,,audio_small,pg_bytea,3,03-01-05-02-01-01-17_r03.wav,363108,0.010405,1,
write,write,,,audio_small,pg_bytea,3,03-01-05-02-02-01-09_r03.wav,396294,0.010346,1,
write,write,,,audio_small,mongo_gridfs,3,03-01-05-02-02-01-09_r03.wav,396294,0.005220,1,
write,write,,,audio_small,polyglot,3,03-01-05-02-02-01-09_r03.wav,396294,0.004435,1,
write,write,,,audio_small,polyglot,3,03-01-05-02-02-01-21_r03.wav,375720,0.004141,1,
write,write,,,audio_small,pg_bytea,3,03-01-05-02-02-01-21_r03.wav,375720,0.009993,1,
write,write,,,audio_small,mongo_gridfs,3,03-01-05-02-02-01-21_r03.wav,375720,0.004445,1,
write,write,,,audio_small,pg_bytea,3,03-01-05-02-02-01-22_r03.wav,379106,0.010620,1,
write,write,,,audio_small,polyglot,3,03-01-05-02-02-01-22_r03.wav,379106,0.005763,1,
write,write,,,audio_small,mongo_gridfs,3,03-01-05-02-02-01-22_r03.wav,379106,0.005037,1,
write,write,,,audio_medium,mongo_gridfs,3,03-02-01-01-01-02-22_r03.wav,526650,0.005855,1,
write,write,,,audio_medium,polyglot,3,03-02-01-01-01-02-22_r03.wav,526650,0.008646,1,
write,write,,,audio_medium,pg_bytea,3,03-02-01-01-01-02-22_r03.wav,526650,0.023051,1,
write,write,,,audio_medium,polyglot,3,03-02-01-01-01-02-23_r03.wav,539464,0.007435,1,
write,write,,,audio_medium,pg_bytea,3,03-02-01-01-01-02-23_r03.wav,539464,0.019248,1,
write,write,,,audio_medium,mongo_gridfs,3,03-02-01-01-01-02-23_r03.wav,539464,0.015751,1,
write,write,,,audio_medium,polyglot,3,03-02-01-01-02-02-02_r03.wav,539464,0.007021,1,
write,write,,,audio_medium,pg_bytea,3,03-02-01-01-02-02-02_r03.wav,539464,0.015066,1,
write,write,,,audio_medium,mongo_gridfs,3,03-02-01-01-02-02-02_r03.wav,539464,0.007351,1,
write,write,,,audio_medium,pg_bytea,3,03-02-01-01-02-02-03_r03.wav,520242,0.015116,1,
write,write,,,audio_medium,mongo_gridfs,3,03-02-01-01-02-02-03_r03.wav,520242,0.011259,1,
write,write,,,audio_medium,polyglot,3,03-02-01-01-02-02-03_r03.wav,520242,0.006877,1,
write,write,,,audio_medium,polyglot,3,03-02-01-01-02-02-16_r03.wav,539464,0.007516,1,
write,write,,,audio_medium,mongo_gridfs,3,03-02-01-01-02-02-16_r03.wav,539464,0.006428,1,
write,write,,,audio_medium,pg_bytea,3,03-02-01-01-02-02-16_r03.wav,539464,0.015781,1,
write,write,,,audio_medium,polyglot,3,03-02-01-01-02-02-17_r03.wav,561888,0.007230,1,
write,write,,,audio_medium,pg_bytea,3,03-02-01-01-02-02-17_r03.wav,561888,0.025533,1,
write,write,,,audio_medium,mongo_gridfs,3,03-02-01-01-02-02-17_r03.wav,561888,0.008105,1,
write,write,,,audio_medium,polyglot,3,03-02-01-02-01-02-01_r03.wav,533056,0.007008,1,
write,write,,,audio_medium,pg_bytea,3,03-02-01-02-01-02-01_r03.wav,533056,0.014686,1,
write,write,,,audio_medium,mongo_gridfs,3,03-02-01-02-01-02-01_r03.wav,533056,0.008943,1,
write,write,,,audio_medium,polyglot,3,03-02-01-02-01-02-02_r03.wav,523448,0.007093,1,
write,write,,,audio_medium,pg_bytea,3,03-02-01-02-01-02-02_r03.wav,523448,0.013831,1,
write,write,,,audio_medium,mongo_gridfs,3,03-02-01-02-01-02-02_r03.wav,523448,0.007229,1,
write,write,,,audio_medium,mongo_gridfs,3,03-02-01-02-01-02-03_r03.wav,533056,0.007341,1,
write,write,,,audio_medium,pg_bytea,3,03-02-01-02-01-02-03_r03.wav,533056,0.017221,1,
write,write,,,audio_medium,polyglot,3,03-02-01-02-01-02-03_r03.wav,533056,0.009315,1,
write,write,,,audio_medium,mongo_gridfs,3,03-02-01-02-01-02-15_r03.wav,561882,0.007020,1,
write,write,,,audio_medium,pg_bytea,3,03-02-01-02-01-02-15_r03.wav,561882,0.014972,1,
write,write,,,audio_medium,polyglot,3,03-02-01-02-01-02-15_r03.wav,561882,0.009621,1,
write,write,,,audio_medium,mongo_gridfs,3,03-02-01-02-01-02-16_r03.wav,526650,0.006827,1,
write,write,,,audio_medium,polyglot,3,03-02-01-02-01-02-16_r03.wav,526650,0.006092,1,
write,write,,,audio_medium,pg_bytea,3,03-02-01-02-01-02-16_r03.wav,526650,0.014249,1,
write,write,,,audio_medium,polyglot,3,03-02-01-02-01-02-17_r03.wav,533056,0.007199,1,
write,write,,,audio_medium,mongo_gridfs,3,03-02-01-02-01-02-17_r03.wav,533056,0.005786,1,
write,write,,,audio_medium,pg_bytea,3,03-02-01-02-01-02-17_r03.wav,533056,0.013841,1,
write,write,,,audio_medium,polyglot,3,03-02-01-02-02-02-22_r03.wav,520242,0.008832,1,
write,write,,,audio_medium,mongo_gridfs,3,03-02-01-02-02-02-22_r03.wav,520242,0.006069,1,
write,write,,,audio_medium,pg_bytea,3,03-02-01-02-02-02-22_r03.wav,520242,0.014402,1,
write,write,,,audio_medium,mongo_gridfs,3,03-02-01-02-02-02-23_r03.wav,520242,0.006349,1,
write,write,,,audio_medium,pg_bytea,3,03-02-01-02-02-02-23_r03.wav,520242,0.015214,1,
write,write,,,audio_medium,polyglot,3,03-02-01-02-02-02-23_r03.wav,520242,0.007623,1,
write,write,,,audio_medium,pg_bytea,3,03-02-02-01-01-01-22_r03.wav,523448,0.013945,1,
write,write,,,audio_medium,mongo_gridfs,3,03-02-02-01-01-01-22_r03.wav,523448,0.007587,1,
write,write,,,audio_medium,polyglot,3,03-02-02-01-01-01-22_r03.wav,523448,0.006605,1,
write,write,,,audio_medium,polyglot,3,03-02-02-01-01-01-23_r03.wav,561888,0.007308,1,
write,write,,,audio_medium,mongo_gridfs,3,03-02-02-01-01-01-23_r03.wav,561888,0.007288,1,
write,write,,,audio_medium,pg_bytea,3,03-02-02-01-01-01-23_r03.wav,561888,0.016192,1,
write,write,,,audio_medium,mongo_gridfs,3,03-02-02-01-02-01-01_r03.wav,520242,0.006528,1,
write,write,,,audio_medium,polyglot,3,03-02-02-01-02-01-01_r03.wav,520242,0.007111,1,
write,write,,,audio_medium,pg_bytea,3,03-02-02-01-02-01-01_r03.wav,520242,0.013792,1,
write,write,,,audio_medium,mongo_gridfs,3,03-02-02-01-02-01-02_r03.wav,539464,0.008093,1,
write,write,,,audio_medium,polyglot,3,03-02-02-01-02-01-02_r03.wav,539464,0.007324,1,
write,write,,,audio_medium,pg_bytea,3,03-02-02-01-02-01-02_r03.wav,539464,0.020735,1,
write,write,,,audio_medium,polyglot,3,03-02-02-01-02-01-03_r03.wav,533056,0.007677,1,
write,write,,,audio_medium,pg_bytea,3,03-02-02-01-02-01-03_r03.wav,533056,0.015492,1,
write,write,,,audio_medium,mongo_gridfs,3,03-02-02-01-02-01-03_r03.wav,533056,0.008128,1,
write,write,,,audio_medium,pg_bytea,3,03-02-02-01-02-01-16_r03.wav,561882,0.015546,1,
write,write,,,audio_medium,mongo_gridfs,3,03-02-02-01-02-01-16_r03.wav,561882,0.008861,1,
write,write,,,audio_medium,polyglot,3,03-02-02-01-02-01-16_r03.wav,561882,0.007368,1,
write,write,,,audio_medium,mongo_gridfs,3,03-02-02-02-01-01-01_r03.wav,539464,0.005895,1,
write,write,,,audio_medium,polyglot,3,03-02-02-02-01-01-01_r03.wav,539464,0.006261,1,
write,write,,,audio_medium,pg_bytea,3,03-02-02-02-01-01-01_r03.wav,539464,0.016981,1,
write,write,,,audio_medium,pg_bytea,3,03-02-02-02-01-01-02_r03.wav,526650,0.014178,1,
write,write,,,audio_medium,polyglot,3,03-02-02-02-01-01-02_r03.wav,526650,0.007874,1,
write,write,,,audio_medium,mongo_gridfs,3,03-02-02-02-01-01-02_r03.wav,526650,0.005924,1,
write,write,,,audio_medium,polyglot,3,03-02-02-02-01-01-15_r03.wav,539464,0.006288,1,
write,write,,,audio_medium,pg_bytea,3,03-02-02-02-01-01-15_r03.wav,539464,0.013148,1,
write,write,,,audio_medium,mongo_gridfs,3,03-02-02-02-01-01-15_r03.wav,539464,0.007476,1,
write,write,,,audio_medium,polyglot,3,03-02-02-02-01-01-16_r03.wav,520242,0.005676,1,
write,write,,,audio_medium,mongo_gridfs,3,03-02-02-02-01-01-16_r03.wav,520242,0.005805,1,
write,write,,,audio_medium,pg_bytea,3,03-02-02-02-01-01-16_r03.wav,520242,0.013691,1,
write,write,,,audio_medium,polyglot,3,03-02-02-02-01-01-17_r03.wav,539464,0.006612,1,
write,write,,,audio_medium,pg_bytea,3,03-02-02-02-01-01-17_r03.wav,539464,0.014707,1,
write,write,,,audio_medium,mongo_gridfs,3,03-02-02-02-01-01-17_r03.wav,539464,0.010432,1,
write,write,,,audio_medium,polyglot,3,03-02-02-02-02-01-22_r03.wav,539464,0.014438,1,
write,write,,,audio_medium,pg_bytea,3,03-02-02-02-02-01-22_r03.wav,539464,0.015633,1,
write,write,,,audio_medium,mongo_gridfs,3,03-02-02-02-02-01-22_r03.wav,539464,0.007459,1,
write,write,,,audio_medium,pg_bytea,3,03-02-02-02-02-01-23_r03.wav,520242,0.014929,1,
write,write,,,audio_medium,polyglot,3,03-02-02-02-02-01-23_r03.wav,520242,0.006555,1,
write,write,,,audio_medium,mongo_gridfs,3,03-02-02-02-02-01-23_r03.wav,520242,0.005748,1,
write,write,,,audio_medium,polyglot,3,03-02-03-01-01-02-01_r03.wav,561882,0.006470,1,
write,write,,,audio_medium,pg_bytea,3,03-02-03-01-01-02-01_r03.wav,561882,0.015131,1,
write,write,,,audio_medium,mongo_gridfs,3,03-02-03-01-01-02-01_r03.wav,561882,0.008392,1,
write,write,,,audio_medium,polyglot,3,03-02-03-01-01-02-02_r03.wav,561882,0.008047,1,
write,write,,,audio_medium,mongo_gridfs,3,03-02-03-01-01-02-02_r03.wav,561882,0.006375,1,
write,write,,,audio_medium,pg_bytea,3,03-02-03-01-01-02-02_r03.wav,561882,0.014345,1,
write,write,,,audio_medium,pg_bytea,3,03-02-03-01-01-02-03_r03.wav,539464,0.018821,1,
write,write,,,audio_medium,polyglot,3,03-02-03-01-01-02-03_r03.wav,539464,0.009284,1,
write,write,,,audio_medium,mongo_gridfs,3,03-02-03-01-01-02-03_r03.wav,539464,0.006709,1,
write,write,,,audio_medium,pg_bytea,3,03-02-03-01-01-02-15_r03.wav,526650,0.014326,1,
write,write,,,audio_medium,mongo_gridfs,3,03-02-03-01-01-02-15_r03.wav,526650,0.009843,1,
write,write,,,audio_medium,polyglot,3,03-02-03-01-01-02-15_r03.wav,526650,0.007219,1,
write,write,,,audio_medium,mongo_gridfs,3,03-02-03-01-01-02-16_r03.wav,520242,0.007421,1,
write,write,,,audio_medium,pg_bytea,3,03-02-03-01-01-02-16_r03.wav,520242,0.014096,1,
write,write,,,audio_medium,polyglot,3,03-02-03-01-01-02-16_r03.wav,520242,0.008347,1,
write,write,,,audio_medium,polyglot,3,03-02-03-01-01-02-17_r03.wav,526650,0.007472,1,
write,write,,,audio_medium,mongo_gridfs,3,03-02-03-01-01-02-17_r03.wav,526650,0.005927,1,
write,write,,,audio_medium,pg_bytea,3,03-02-03-01-01-02-17_r03.wav,526650,0.014088,1,
write,write,,,audio_medium,pg_bytea,3,03-02-03-01-02-02-09_r03.wav,539464,0.014565,1,
write,write,,,audio_medium,polyglot,3,03-02-03-01-02-02-09_r03.wav,539464,0.007598,1,
write,write,,,audio_medium,mongo_gridfs,3,03-02-03-01-02-02-09_r03.wav,539464,0.006089,1,
write,write,,,audio_medium,pg_bytea,3,03-02-03-01-02-02-21_r03.wav,533056,0.014890,1,
write,write,,,audio_medium,polyglot,3,03-02-03-01-02-02-21_r03.wav,533056,0.007380,1,
write,write,,,audio_medium,mongo_gridfs,3,03-02-03-01-02-02-21_r03.wav,533056,0.006209,1,
write,write,,,audio_medium,polyglot,3,03-02-03-01-02-02-22_r03.wav,561888,0.006644,1,
write,write,,,audio_medium,mongo_gridfs,3,03-02-03-01-02-02-22_r03.wav,561888,0.006054,1,
write,write,,,audio_medium,pg_bytea,3,03-02-03-01-02-02-22_r03.wav,561888,0.016006,1,
write,write,,,audio_medium,mongo_gridfs,3,03-02-03-01-02-02-23_r03.wav,539464,0.007791,1,
write,write,,,audio_medium,polyglot,3,03-02-03-01-02-02-23_r03.wav,539464,0.007455,1,
write,write,,,audio_medium,pg_bytea,3,03-02-03-01-02-02-23_r03.wav,539464,0.014432,1,
write,write,,,audio_medium,pg_bytea,3,03-02-03-02-01-02-09_r03.wav,561882,0.014775,1,
write,write,,,audio_medium,polyglot,3,03-02-03-02-01-02-09_r03.wav,561882,0.007649,1,
write,write,,,audio_medium,mongo_gridfs,3,03-02-03-02-01-02-09_r03.wav,561882,0.006547,1,
write,write,,,audio_medium,polyglot,3,03-02-03-02-01-02-21_r03.wav,539464,0.010065,1,
write,write,,,audio_medium,pg_bytea,3,03-02-03-02-01-02-21_r03.wav,539464,0.017044,1,
write,write,,,audio_medium,mongo_gridfs,3,03-02-03-02-01-02-21_r03.wav,539464,0.008297,1,
write,write,,,audio_medium,polyglot,3,03-02-03-02-01-02-22_r03.wav,526650,0.006131,1,
write,write,,,audio_medium,pg_bytea,3,03-02-03-02-01-02-22_r03.wav,526650,0.015128,1,
write,write,,,audio_medium,mongo_gridfs,3,03-02-03-02-01-02-22_r03.wav,526650,0.008174,1,
write,write,,,audio_medium,pg_bytea,3,03-02-03-02-01-02-23_r03.wav,561888,0.020372,1,
write,write,,,audio_medium,polyglot,3,03-02-03-02-01-02-23_r03.wav,561888,0.007967,1,
write,write,,,audio_medium,mongo_gridfs,3,03-02-03-02-01-02-23_r03.wav,561888,0.006519,1,
write,write,,,audio_medium,mongo_gridfs,3,03-02-03-02-02-02-01_r03.wav,561882,0.006980,1,
write,write,,,audio_medium,polyglot,3,03-02-03-02-02-02-01_r03.wav,561882,0.007625,1,
write,write,,,audio_medium,pg_bytea,3,03-02-03-02-02-02-01_r03.wav,561882,0.014461,1,
write,write,,,audio_medium,mongo_gridfs,3,03-02-03-02-02-02-02_r03.wav,523448,0.006953,1,
write,write,,,audio_medium,pg_bytea,3,03-02-03-02-02-02-02_r03.wav,523448,0.013977,1,
write,write,,,audio_medium,polyglot,3,03-02-03-02-02-02-02_r03.wav,523448,0.008155,1,
write,write,,,audio_medium,mongo_gridfs,3,03-02-03-02-02-02-03_r03.wav,561888,0.007447,1,
write,write,,,audio_medium,polyglot,3,03-02-03-02-02-02-03_r03.wav,561888,0.006719,1,
write,write,,,audio_medium,pg_bytea,3,03-02-03-02-02-02-03_r03.wav,561888,0.027579,1,
write,write,,,audio_medium,pg_bytea,3,03-02-03-02-02-02-15_r03.wav,523448,0.013707,1,
write,write,,,audio_medium,mongo_gridfs,3,03-02-03-02-02-02-15_r03.wav,523448,0.007283,1,
write,write,,,audio_medium,polyglot,3,03-02-03-02-02-02-15_r03.wav,523448,0.007428,1,
write,write,,,audio_medium,polyglot,3,03-02-03-02-02-02-16_r03.wav,561882,0.008513,1,
write,write,,,audio_medium,mongo_gridfs,3,03-02-03-02-02-02-16_r03.wav,561882,0.007697,1,
write,write,,,audio_medium,pg_bytea,3,03-02-03-02-02-02-16_r03.wav,561882,0.015538,1,
write,write,,,audio_medium,pg_bytea,3,03-02-03-02-02-02-17_r03.wav,523448,0.020152,1,
write,write,,,audio_medium,mongo_gridfs,3,03-02-03-02-02-02-17_r03.wav,523448,0.008511,1,
write,write,,,audio_medium,polyglot,3,03-02-03-02-02-02-17_r03.wav,523448,0.009435,1,
write,write,,,audio_medium,polyglot,3,03-02-04-01-01-02-05_r03.wav,561882,0.006941,1,
write,write,,,audio_medium,mongo_gridfs,3,03-02-04-01-01-02-05_r03.wav,561882,0.007117,1,
write,write,,,audio_medium,pg_bytea,3,03-02-04-01-01-02-05_r03.wav,561882,0.015797,1,
write,write,,,audio_medium,mongo_gridfs,3,03-02-04-01-01-02-06_r03.wav,526650,0.007831,1,
write,write,,,audio_medium,pg_bytea,3,03-02-04-01-01-02-06_r03.wav,526650,0.014462,1,
write,write,,,audio_medium,polyglot,3,03-02-04-01-01-02-06_r03.wav,526650,0.018364,1,
write,write,,,audio_medium,mongo_gridfs,3,03-02-04-01-01-02-07_r03.wav,523448,0.006853,1,
write,write,,,audio_medium,polyglot,3,03-02-04-01-01-02-07_r03.wav,523448,0.006382,1,
write,write,,,audio_medium,pg_bytea,3,03-02-04-01-01-02-07_r03.wav,523448,0.013806,1,
write,write,,,audio_medium,polyglot,3,03-02-04-01-01-02-11_r03.wav,539464,0.006834,1,
write,write,,,audio_medium,mongo_gridfs,3,03-02-04-01-01-02-11_r03.wav,539464,0.006062,1,
write,write,,,audio_medium,pg_bytea,3,03-02-04-01-01-02-11_r03.wav,539464,0.014967,1,
write,write,,,audio_medium,mongo_gridfs,3,03-02-04-01-01-02-12_r03.wav,523448,0.005918,1,
write,write,,,audio_medium,polyglot,3,03-02-04-01-01-02-12_r03.wav,523448,0.006548,1,
write,write,,,audio_medium,pg_bytea,3,03-02-04-01-01-02-12_r03.wav,523448,0.013474,1,
write,write,,,audio_medium,pg_bytea,3,03-02-04-01-01-02-13_r03.wav,539464,0.015348,1,
write,write,,,audio_medium,polyglot,3,03-02-04-01-01-02-13_r03.wav,539464,0.008446,1,
write,write,,,audio_medium,mongo_gridfs,3,03-02-04-01-01-02-13_r03.wav,539464,0.006842,1,
write,write,,,audio_medium,mongo_gridfs,3,03-02-04-01-02-02-19_r03.wav,561888,0.007001,1,
write,write,,,audio_medium,pg_bytea,3,03-02-04-01-02-02-19_r03.wav,561888,0.014814,1,
write,write,,,audio_medium,polyglot,3,03-02-04-01-02-02-19_r03.wav,561888,0.007701,1,
write,write,,,audio_medium,polyglot,3,03-02-04-02-02-02-05_r03.wav,526650,0.005910,1,
write,write,,,audio_medium,mongo_gridfs,3,03-02-04-02-02-02-05_r03.wav,526650,0.006069,1,
write,write,,,audio_medium,pg_bytea,3,03-02-04-02-02-02-05_r03.wav,526650,0.017860,1,
write,write,,,audio_medium,pg_bytea,3,03-02-04-02-02-02-06_r03.wav,526650,0.014205,1,
write,write,,,audio_medium,polyglot,3,03-02-04-02-02-02-06_r03.wav,526650,0.007951,1,
write,write,,,audio_medium,mongo_gridfs,3,03-02-04-02-02-02-06_r03.wav,526650,0.005692,1,
write,write,,,audio_medium,mongo_gridfs,3,03-02-04-02-02-02-07_r03.wav,561888,0.006482,1,
write,write,,,audio_medium,polyglot,3,03-02-04-02-02-02-07_r03.wav,561888,0.007320,1,
write,write,,,audio_medium,pg_bytea,3,03-02-04-02-02-02-07_r03.wav,561888,0.015932,1,
write,write,,,audio_medium,pg_bytea,3,03-02-04-02-02-02-11_r03.wav,561888,0.015351,1,
write,write,,,audio_medium,mongo_gridfs,3,03-02-04-02-02-02-11_r03.wav,561888,0.009533,1,
write,write,,,audio_medium,polyglot,3,03-02-04-02-02-02-11_r03.wav,561888,0.007797,1,
write,write,,,audio_medium,pg_bytea,3,03-02-04-02-02-02-12_r03.wav,523448,0.018019,1,
write,write,,,audio_medium,polyglot,3,03-02-04-02-02-02-12_r03.wav,523448,0.007054,1,
write,write,,,audio_medium,mongo_gridfs,3,03-02-04-02-02-02-12_r03.wav,523448,0.006890,1,
write,write,,,audio_medium,polyglot,3,03-02-04-02-02-02-13_r03.wav,533056,0.007034,1,
write,write,,,audio_medium,pg_bytea,3,03-02-04-02-02-02-13_r03.wav,533056,0.013562,1,
write,write,,,audio_medium,mongo_gridfs,3,03-02-04-02-02-02-13_r03.wav,533056,0.006970,1,
write,write,,,audio_medium,pg_bytea,3,03-02-05-01-02-01-06_r03.wav,561882,0.015057,1,
write,write,,,audio_medium,mongo_gridfs,3,03-02-05-01-02-01-06_r03.wav,561882,0.007237,1,
write,write,,,audio_medium,polyglot,3,03-02-05-01-02-01-06_r03.wav,561882,0.007679,1,
write,write,,,audio_medium,polyglot,3,03-02-05-01-02-01-07_r03.wav,520242,0.006295,1,
write,write,,,audio_medium,mongo_gridfs,3,03-02-05-01-02-01-07_r03.wav,520242,0.005061,1,
write,write,,,audio_medium,pg_bytea,3,03-02-05-01-02-01-07_r03.wav,520242,0.014504,1,
write,write,,,audio_medium,mongo_gridfs,3,03-02-05-01-02-01-12_r03.wav,520242,0.007058,1,
write,write,,,audio_medium,pg_bytea,3,03-02-05-01-02-01-12_r03.wav,520242,0.014482,1,
write,write,,,audio_medium,polyglot,3,03-02-05-01-02-01-12_r03.wav,520242,0.006968,1,
write,write,,,audio_medium,polyglot,3,03-02-05-01-02-01-13_r03.wav,561888,0.007970,1,
write,write,,,audio_medium,pg_bytea,3,03-02-05-01-02-01-13_r03.wav,561888,0.019325,1,
write,write,,,audio_medium,mongo_gridfs,3,03-02-05-01-02-01-13_r03.wav,561888,0.008500,1,
write,write,,,audio_medium,mongo_gridfs,3,03-02-05-02-01-01-05_r03.wav,539464,0.006508,1,
write,write,,,audio_medium,polyglot,3,03-02-05-02-01-01-05_r03.wav,539464,0.006284,1,
write,write,,,audio_medium,pg_bytea,3,03-02-05-02-01-01-05_r03.wav,539464,0.013724,1,
write,write,,,audio_medium,pg_bytea,3,03-02-05-02-01-01-06_r03.wav,561888,0.013948,1,
write,write,,,audio_medium,polyglot,3,03-02-05-02-01-01-06_r03.wav,561888,0.008009,1,
write,write,,,audio_medium,mongo_gridfs,3,03-02-05-02-01-01-06_r03.wav,561888,0.006780,1,
write,write,,,audio_medium,polyglot,3,03-02-05-02-01-01-07_r03.wav,533056,0.006913,1,
write,write,,,audio_medium,pg_bytea,3,03-02-05-02-01-01-07_r03.wav,533056,0.013424,1,
write,write,,,audio_medium,mongo_gridfs,3,03-02-05-02-01-01-07_r03.wav,533056,0.007672,1,
write,write,,,audio_medium,mongo_gridfs,3,03-02-05-02-01-01-11_r03.wav,561888,0.006204,1,
write,write,,,audio_medium,polyglot,3,03-02-05-02-01-01-11_r03.wav,561888,0.006692,1,
write,write,,,audio_medium,pg_bytea,3,03-02-05-02-01-01-11_r03.wav,561888,0.081478,1,
write,write,,,audio_medium,pg_bytea,3,03-02-05-02-01-01-12_r03.wav,533056,0.019286,1,
write,write,,,audio_medium,mongo_gridfs,3,03-02-05-02-01-01-12_r03.wav,533056,0.007342,1,
write,write,,,audio_medium,polyglot,3,03-02-05-02-01-01-12_r03.wav,533056,0.006658,1,
write,write,,,audio_medium,mongo_gridfs,3,03-02-05-02-01-01-13_r03.wav,526650,0.006001,1,
write,write,,,audio_medium,polyglot,3,03-02-05-02-01-01-13_r03.wav,526650,0.006219,1,
write,write,,,audio_medium,pg_bytea,3,03-02-05-02-01-01-13_r03.wav,526650,0.013543,1,
write,write,,,video_small,polyglot,3,01-01-01-01-01-01-22_r03.mp4,5457041,0.048301,1,
write,write,,,video_small,mongo_gridfs,3,01-01-01-01-01-01-22_r03.mp4,5457041,0.047775,1,
write,write,,,video_small,pg_bytea,3,01-01-01-01-01-01-22_r03.mp4,5457041,0.177669,1,
write,write,,,video_small,pg_bytea,3,01-01-01-01-01-02-01_r03.mp4,5457041,0.163396,1,
write,write,,,video_small,polyglot,3,01-01-01-01-01-02-01_r03.mp4,5457041,0.047009,1,
write,write,,,video_small,mongo_gridfs,3,01-01-01-01-01-02-01_r03.mp4,5457041,0.047073,1,
write,write,,,video_small,polyglot,3,01-01-01-01-01-02-15_r03.mp4,5457041,0.044902,1,
write,write,,,video_small,pg_bytea,3,01-01-01-01-01-02-15_r03.mp4,5457041,0.150156,1,
write,write,,,video_small,mongo_gridfs,3,01-01-01-01-01-02-15_r03.mp4,5457041,0.055459,1,
write,write,,,video_small,pg_bytea,3,01-01-01-01-02-01-06_r03.mp4,5457041,0.163834,1,
write,write,,,video_small,polyglot,3,01-01-01-01-02-01-06_r03.mp4,5457041,0.048585,1,
write,write,,,video_small,mongo_gridfs,3,01-01-01-01-02-01-06_r03.mp4,5457041,0.045863,1,
write,write,,,video_small,polyglot,3,01-01-01-01-02-01-13_r03.mp4,5457041,0.051223,1,
write,write,,,video_small,mongo_gridfs,3,01-01-01-01-02-01-13_r03.mp4,5457041,0.045796,1,
write,write,,,video_small,pg_bytea,3,01-01-01-01-02-01-13_r03.mp4,5457041,0.151478,1,
write,write,,,video_small,mongo_gridfs,3,01-01-01-01-02-01-14_r03.mp4,5457041,0.044592,1,
write,write,,,video_small,pg_bytea,3,01-01-01-01-02-01-14_r03.mp4,5457041,0.153348,1,
write,write,,,video_small,polyglot,3,01-01-01-01-02-01-14_r03.mp4,5457041,0.044087,1,
write,write,,,video_small,polyglot,3,01-01-01-01-02-02-09_r03.mp4,5498397,0.063766,1,
write,write,,,video_small,mongo_gridfs,3,01-01-01-01-02-02-09_r03.mp4,5498397,0.046315,1,
write,write,,,video_small,pg_bytea,3,01-01-01-01-02-02-09_r03.mp4,5498397,0.167845,1,
write,write,,,video_small,pg_bytea,3,01-01-01-02-01-01-01_r03.mp4,5498397,0.204997,1,
write,write,,,video_small,mongo_gridfs,3,01-01-01-02-01-01-01_r03.mp4,5498397,0.047623,1,
write,write,,,video_small,polyglot,3,01-01-01-02-01-01-01_r03.mp4,5498397,0.046815,1,
write,write,,,video_small,polyglot,3,01-01-01-02-01-01-05_r03.mp4,5457041,0.044051,1,
write,write,,,video_small,mongo_gridfs,3,01-01-01-02-01-01-05_r03.mp4,5457041,0.048096,1,
write,write,,,video_small,pg_bytea,3,01-01-01-02-01-01-05_r03.mp4,5457041,0.164562,1,
write,write,,,video_small,mongo_gridfs,3,01-01-01-02-01-01-15_r03.mp4,5457041,0.042068,1,
write,write,,,video_small,polyglot,3,01-01-01-02-01-01-15_r03.mp4,5457041,0.044580,1,
write,write,,,video_small,pg_bytea,3,01-01-01-02-01-01-15_r03.mp4,5457041,0.147669,1,
write,write,,,video_small,polyglot,3,01-01-01-02-02-01-18_r03.mp4,5457041,0.051104,1,
write,write,,,video_small,pg_bytea,3,01-01-01-02-02-01-18_r03.mp4,5457041,0.144223,1,
write,write,,,video_small,mongo_gridfs,3,01-01-01-02-02-01-18_r03.mp4,5457041,0.047915,1,
write,write,,,video_small,mongo_gridfs,3,01-01-01-02-02-01-19_r03.mp4,5457041,0.050528,1,
write,write,,,video_small,polyglot,3,01-01-01-02-02-01-19_r03.mp4,5457041,0.053255,1,
write,write,,,video_small,pg_bytea,3,01-01-01-02-02-01-19_r03.mp4,5457041,0.166792,1,
write,write,,,video_small,mongo_gridfs,3,01-01-02-01-01-02-09_r03.mp4,5498397,0.049760,1,
write,write,,,video_small,pg_bytea,3,01-01-02-01-01-02-09_r03.mp4,5498397,0.167241,1,
write,write,,,video_small,polyglot,3,01-01-02-01-01-02-09_r03.mp4,5498397,0.051921,1,
write,write,,,video_small,pg_bytea,3,01-01-02-01-01-02-18_r03.mp4,5498397,0.159648,1,
write,write,,,video_small,mongo_gridfs,3,01-01-02-01-01-02-18_r03.mp4,5498397,0.055018,1,
write,write,,,video_small,polyglot,3,01-01-02-01-01-02-18_r03.mp4,5498397,0.048125,1,
write,write,,,video_small,polyglot,3,01-01-02-01-01-02-23_r03.mp4,5498397,0.048812,1,
write,write,,,video_small,pg_bytea,3,01-01-02-01-01-02-23_r03.mp4,5498397,0.210484,1,
write,write,,,video_small,mongo_gridfs,3,01-01-02-01-01-02-23_r03.mp4,5498397,0.046739,1,
write,write,,,video_small,mongo_gridfs,3,01-01-02-01-02-01-09_r03.mp4,5498397,0.053996,1,
write,write,,,video_small,pg_bytea,3,01-01-02-01-02-01-09_r03.mp4,5498397,0.149075,1,
write,write,,,video_small,polyglot,3,01-01-02-01-02-01-09_r03.mp4,5498397,0.044555,1,
write,write,,,video_small,polyglot,3,01-01-02-01-02-02-01_r03.mp4,5498397,0.048584,1,
write,write,,,video_small,mongo_gridfs,3,01-01-02-01-02-02-01_r03.mp4,5498397,0.044238,1,
write,write,,,video_small,pg_bytea,3,01-01-02-01-02-02-01_r03.mp4,5498397,0.150072,1,
write,write,,,video_small,pg_bytea,3,01-01-02-01-02-02-03_r03.mp4,5498397,0.150601,1,
write,write,,,video_small,polyglot,3,01-01-02-01-02-02-03_r03.mp4,5498397,0.043103,1,
write,write,,,video_small,mongo_gridfs,3,01-01-02-01-02-02-03_r03.mp4,5498397,0.045708,1,
write,write,,,video_small,polyglot,3,01-01-02-02-01-02-02_r03.mp4,5498397,0.044329,1,
write,write,,,video_small,pg_bytea,3,01-01-02-02-01-02-02_r03.mp4,5498397,0.163092,1,
write,write,,,video_small,mongo_gridfs,3,01-01-02-02-01-02-02_r03.mp4,5498397,0.050541,1,
write,write,,,video_small,pg_bytea,3,01-01-02-02-01-02-03_r03.mp4,5498397,0.150873,1,
write,write,,,video_small,mongo_gridfs,3,01-01-02-02-01-02-03_r03.mp4,5498397,0.047838,1,
write,write,,,video_small,polyglot,3,01-01-02-02-01-02-03_r03.mp4,5498397,0.044189,1,
write,write,,,video_small,polyglot,3,01-01-02-02-01-02-05_r03.mp4,5498397,0.046044,1,
write,write,,,video_small,pg_bytea,3,01-01-02-02-01-02-05_r03.mp4,5498397,0.163520,1,
write,write,,,video_small,mongo_gridfs,3,01-01-02-02-01-02-05_r03.mp4,5498397,0.047532,1,
write,write,,,video_small,mongo_gridfs,3,01-01-02-02-01-02-10_r03.mp4,5457041,0.052891,1,
write,write,,,video_small,pg_bytea,3,01-01-02-02-01-02-10_r03.mp4,5457041,0.187174,1,
write,write,,,video_small,polyglot,3,01-01-02-02-01-02-10_r03.mp4,5457041,0.045287,1,
write,write,,,video_small,mongo_gridfs,3,01-01-02-02-01-02-13_r03.mp4,5457041,0.049839,1,
write,write,,,video_small,polyglot,3,01-01-02-02-01-02-13_r03.mp4,5457041,0.065694,1,
write,write,,,video_small,pg_bytea,3,01-01-02-02-01-02-13_r03.mp4,5457041,0.148035,1,
write,write,,,video_small,pg_bytea,3,01-01-02-02-01-02-17_r03.mp4,5457041,0.141010,1,
write,write,,,video_small,mongo_gridfs,3,01-01-02-02-01-02-17_r03.mp4,5457041,0.043972,1,
write,write,,,video_small,polyglot,3,01-01-02-02-01-02-17_r03.mp4,5457041,0.050303,1,
write,write,,,video_small,mongo_gridfs,3,01-01-02-02-02-02-18_r03.mp4,5457041,0.045400,1,
write,write,,,video_small,pg_bytea,3,01-01-02-02-02-02-18_r03.mp4,5457041,0.146609,1,
write,write,,,video_small,polyglot,3,01-01-02-02-02-02-18_r03.mp4,5457041,0.045492,1,
write,write,,,video_small,polyglot,3,01-01-02-02-02-02-19_r03.mp4,5457041,0.044660,1,
write,write,,,video_small,mongo_gridfs,3,01-01-02-02-02-02-19_r03.mp4,5457041,0.056526,1,
write,write,,,video_small,pg_bytea,3,01-01-02-02-02-02-19_r03.mp4,5457041,0.157504,1,
write,write,,,video_small,pg_bytea,3,01-01-02-02-02-02-21_r03.mp4,5498397,0.156407,1,
write,write,,,video_small,polyglot,3,01-01-02-02-02-02-21_r03.mp4,5498397,0.050803,1,
write,write,,,video_small,mongo_gridfs,3,01-01-02-02-02-02-21_r03.mp4,5498397,0.046705,1,
write,write,,,video_small,polyglot,3,01-01-02-02-02-02-22_r03.mp4,5457041,0.065250,1,
write,write,,,video_small,pg_bytea,3,01-01-02-02-02-02-22_r03.mp4,5457041,0.146681,1,
write,write,,,video_small,mongo_gridfs,3,01-01-02-02-02-02-22_r03.mp4,5457041,0.047787,1,
write,write,,,video_small,polyglot,3,01-01-02-02-02-02-23_r03.mp4,5457041,0.046470,1,
write,write,,,video_small,mongo_gridfs,3,01-01-02-02-02-02-23_r03.mp4,5457041,0.044056,1,
write,write,,,video_small,pg_bytea,3,01-01-02-02-02-02-23_r03.mp4,5457041,0.254007,1,
write,write,,,video_small,mongo_gridfs,3,01-01-03-01-01-01-12_r03.mp4,5457041,0.042391,1,
write,write,,,video_small,polyglot,3,01-01-03-01-01-01-12_r03.mp4,5457041,0.041956,1,
write,write,,,video_small,pg_bytea,3,01-01-03-01-01-01-12_r03.mp4,5457041,0.200412,1,
write,write,,,video_small,pg_bytea,3,01-01-03-01-01-01-15_r03.mp4,5457041,0.151085,1,
write,write,,,video_small,mongo_gridfs,3,01-01-03-01-01-01-15_r03.mp4,5457041,0.045938,1,
write,write,,,video_small,polyglot,3,01-01-03-01-01-01-15_r03.mp4,5457041,0.046755,1,
write,write,,,video_small,mongo_gridfs,3,01-01-03-01-02-01-08_r03.mp4,5498397,0.045864,1,
write,write,,,video_small,pg_bytea,3,01-01-03-01-02-01-08_r03.mp4,5498397,0.162360,1,
write,write,,,video_small,polyglot,3,01-01-03-01-02-01-08_r03.mp4,5498397,0.041994,1,
write,write,,,video_small,pg_bytea,3,01-01-03-01-02-01-21_r03.mp4,5498397,0.157215,1,
write,write,,,video_small,mongo_gridfs,3,01-01-03-01-02-01-21_r03.mp4,5498397,0.043742,1,
write,write,,,video_small,polyglot,3,01-01-03-01-02-01-21_r03.mp4,5498397,0.041941,1,
write,write,,,video_small,polyglot,3,01-01-03-02-01-01-21_r03.mp4,5457041,0.046875,1,
write,write,,,video_small,mongo_gridfs,3,01-01-03-02-01-01-21_r03.mp4,5457041,0.042321,1,
write,write,,,video_small,pg_bytea,3,01-01-03-02-01-01-21_r03.mp4,5457041,0.159975,1,
write,write,,,video_small,pg_bytea,3,01-01-03-02-01-01-24_r03.mp4,5457041,0.163331,1,
write,write,,,video_small,polyglot,3,01-01-03-02-01-01-24_r03.mp4,5457041,0.046449,1,
write,write,,,video_small,mongo_gridfs,3,01-01-03-02-01-01-24_r03.mp4,5457041,0.042609,1,
write,write,,,video_small,polyglot,3,01-01-03-02-01-02-01_r03.mp4,5457041,0.049807,1,
write,write,,,video_small,pg_bytea,3,01-01-03-02-01-02-01_r03.mp4,5457041,0.164740,1,
write,write,,,video_small,mongo_gridfs,3,01-01-03-02-01-02-01_r03.mp4,5457041,0.043120,1,
write,write,,,video_small,mongo_gridfs,3,01-01-03-02-01-02-15_r03.mp4,5457041,0.045078,1,
write,write,,,video_small,pg_bytea,3,01-01-03-02-01-02-15_r03.mp4,5457041,0.177755,1,
write,write,,,video_small,polyglot,3,01-01-03-02-01-02-15_r03.mp4,5457041,0.047848,1,
write,write,,,video_small,mongo_gridfs,3,01-01-03-02-02-01-05_r03.mp4,5457041,0.048764,1,
write,write,,,video_small,polyglot,3,01-01-03-02-02-01-05_r03.mp4,5457041,0.071497,1,
write,write,,,video_small,pg_bytea,3,01-01-03-02-02-01-05_r03.mp4,5457041,0.183889,1,
write,write,,,video_small,pg_bytea,3,01-01-03-02-02-01-12_r03.mp4,5457041,0.152011,1,
write,write,,,video_small,polyglot,3,01-01-03-02-02-01-12_r03.mp4,5457041,0.045903,1,
write,write,,,video_small,mongo_gridfs,3,01-01-03-02-02-01-12_r03.mp4,5457041,0.048399,1,
write,write,,,video_small,polyglot,3,01-01-03-02-02-01-15_r03.mp4,5498397,0.057013,1,
write,write,,,video_small,mongo_gridfs,3,01-01-03-02-02-01-15_r03.mp4,5498397,0.066157,1,
write,write,,,video_small,pg_bytea,3,01-01-03-02-02-01-15_r03.mp4,5498397,0.159351,1,
write,write,,,video_small,mongo_gridfs,3,01-01-04-01-01-01-03_r03.mp4,5457041,0.046820,1,
write,write,,,video_small,polyglot,3,01-01-04-01-01-01-03_r03.mp4,5457041,0.045997,1,
write,write,,,video_small,pg_bytea,3,01-01-04-01-01-01-03_r03.mp4,5457041,0.182695,1,
write,write,,,video_small,mongo_gridfs,3,01-01-04-01-01-01-05_r03.mp4,5498397,0.072437,1,
write,write,,,video_small,polyglot,3,01-01-04-01-01-01-05_r03.mp4,5498397,0.042796,1,
write,write,,,video_small,pg_bytea,3,01-01-04-01-01-01-05_r03.mp4,5498397,0.177580,1,
write,write,,,video_small,mongo_gridfs,3,01-01-04-01-01-01-10_r03.mp4,5457041,0.052497,1,
write,write,,,video_small,pg_bytea,3,01-01-04-01-01-01-10_r03.mp4,5457041,0.166775,1,
write,write,,,video_small,polyglot,3,01-01-04-01-01-01-10_r03.mp4,5457041,0.065656,1,
write,write,,,video_small,mongo_gridfs,3,01-01-04-01-01-01-16_r03.mp4,5457041,0.058408,1,
write,write,,,video_small,polyglot,3,01-01-04-01-01-01-16_r03.mp4,5457041,0.045172,1,
write,write,,,video_small,pg_bytea,3,01-01-04-01-01-01-16_r03.mp4,5457041,0.189599,1,
write,write,,,video_small,pg_bytea,3,01-01-04-01-02-01-19_r03.mp4,5498397,0.221959,1,
write,write,,,video_small,mongo_gridfs,3,01-01-04-01-02-01-19_r03.mp4,5498397,1.929125,1,
write,write,,,video_small,polyglot,3,01-01-04-01-02-01-19_r03.mp4,5498397,0.074303,1,
write,write,,,video_small,polyglot,3,01-01-04-01-02-01-21_r03.mp4,5498397,0.046815,1,
write,write,,,video_small,pg_bytea,3,01-01-04-01-02-01-21_r03.mp4,5498397,0.158398,1,
write,write,,,video_small,mongo_gridfs,3,01-01-04-01-02-01-21_r03.mp4,5498397,0.046489,1,
write,write,,,video_small,pg_bytea,3,01-01-04-01-02-01-22_r03.mp4,5498397,0.149891,1,
write,write,,,video_small,mongo_gridfs,3,01-01-04-01-02-01-22_r03.mp4,5498397,0.046771,1,
write,write,,,video_small,polyglot,3,01-01-04-01-02-01-22_r03.mp4,5498397,0.043071,1,
write,write,,,video_small,mongo_gridfs,3,01-01-04-02-01-01-18_r03.mp4,5498397,0.053744,1,
write,write,,,video_small,pg_bytea,3,01-01-04-02-01-01-18_r03.mp4,5498397,0.158547,1,
write,write,,,video_small,polyglot,3,01-01-04-02-01-01-18_r03.mp4,5498397,0.049543,1,
write,write,,,video_small,polyglot,3,01-01-04-02-01-01-19_r03.mp4,5457041,0.050619,1,
write,write,,,video_small,pg_bytea,3,01-01-04-02-01-01-19_r03.mp4,5457041,0.159551,1,
write,write,,,video_small,mongo_gridfs,3,01-01-04-02-01-01-19_r03.mp4,5457041,0.044178,1,
write,write,,,video_small,polyglot,3,01-01-04-02-02-01-02_r03.mp4,5498397,0.061536,1,
write,write,,,video_small,mongo_gridfs,3,01-01-04-02-02-01-02_r03.mp4,5498397,0.082903,1,
write,write,,,video_small,pg_bytea,3,01-01-04-02-02-01-02_r03.mp4,5498397,0.154383,1,
write,write,,,video_small,polyglot,3,01-01-04-02-02-01-05_r03.mp4,5498397,0.053707,1,
write,write,,,video_small,mongo_gridfs,3,01-01-04-02-02-01-05_r03.mp4,5498397,0.044372,1,
write,write,,,video_small,pg_bytea,3,01-01-04-02-02-01-05_r03.mp4,5498397,0.157301,1,
write,write,,,video_small,pg_bytea,3,01-01-04-02-02-01-06_r03.mp4,5498397,0.149245,1,
write,write,,,video_small,mongo_gridfs,3,01-01-04-02-02-01-06_r03.mp4,5498397,0.044347,1,
write,write,,,video_small,polyglot,3,01-01-04-02-02-01-06_r03.mp4,5498397,0.045169,1,
write,write,,,video_small,mongo_gridfs,3,01-01-04-02-02-01-13_r03.mp4,5498397,0.046017,1,
write,write,,,video_small,pg_bytea,3,01-01-04-02-02-01-13_r03.mp4,5498397,0.180635,1,
write,write,,,video_small,polyglot,3,01-01-04-02-02-01-13_r03.mp4,5498397,0.049095,1,
write,write,,,video_small,mongo_gridfs,3,01-01-04-02-02-01-17_r03.mp4,5498397,0.071728,1,
write,write,,,video_small,pg_bytea,3,01-01-04-02-02-01-17_r03.mp4,5498397,0.157612,1,
write,write,,,video_small,polyglot,3,01-01-04-02-02-01-17_r03.mp4,5498397,0.046262,1,
write,write,,,video_small,pg_bytea,3,01-01-04-02-02-02-19_r03.mp4,5498397,0.159634,1,
write,write,,,video_small,polyglot,3,01-01-04-02-02-02-19_r03.mp4,5498397,0.045062,1,
write,write,,,video_small,mongo_gridfs,3,01-01-04-02-02-02-19_r03.mp4,5498397,0.043081,1,
write,write,,,video_small,pg_bytea,3,01-01-05-01-01-02-09_r03.mp4,5457041,0.149449,1,
write,write,,,video_small,polyglot,3,01-01-05-01-01-02-09_r03.mp4,5457041,0.053997,1,
write,write,,,video_small,mongo_gridfs,3,01-01-05-01-01-02-09_r03.mp4,5457041,0.048590,1,
write,write,,,video_small,polyglot,3,01-01-05-01-01-02-19_r03.mp4,5498397,0.055876,1,
write,write,,,video_small,pg_bytea,3,01-01-05-01-01-02-19_r03.mp4,5498397,0.161649,1,
write,write,,,video_small,mongo_gridfs,3,01-01-05-01-01-02-19_r03.mp4,5498397,0.049212,1,
write,write,,,video_small,mongo_gridfs,3,01-01-05-01-01-02-21_r03.mp4,5457041,0.047938,1,
write,write,,,video_small,polyglot,3,01-01-05-01-01-02-21_r03.mp4,5457041,0.045003,1,
write,write,,,video_small,pg_bytea,3,01-01-05-01-01-02-21_r03.mp4,5457041,0.170402,1,
write,write,,,video_small,polyglot,3,01-01-05-01-02-01-19_r03.mp4,5457041,0.042111,1,
write,write,,,video_small,mongo_gridfs,3,01-01-05-01-02-01-19_r03.mp4,5457041,0.045069,1,
write,write,,,video_small,pg_bytea,3,01-01-05-01-02-01-19_r03.mp4,5457041,0.154096,1,
write,write,,,video_small,pg_bytea,3,01-01-05-01-02-02-04_r03.mp4,5457041,0.147388,1,
write,write,,,video_small,mongo_gridfs,3,01-01-05-01-02-02-04_r03.mp4,5457041,0.047508,1,
write,write,,,video_small,polyglot,3,01-01-05-01-02-02-04_r03.mp4,5457041,2.095710,1,
write,write,,,video_small,pg_bytea,3,01-01-05-01-02-02-05_r03.mp4,5498397,0.161386,1,
write,write,,,video_small,mongo_gridfs,3,01-01-05-01-02-02-05_r03.mp4,5498397,0.045038,1,
write,write,,,video_small,polyglot,3,01-01-05-01-02-02-05_r03.mp4,5498397,0.045494,1,
write,write,,,video_small,polyglot,3,01-01-05-02-01-02-04_r03.mp4,5457041,0.050133,1,
write,write,,,video_small,mongo_gridfs,3,01-01-05-02-01-02-04_r03.mp4,5457041,0.044065,1,
write,write,,,video_small,pg_bytea,3,01-01-05-02-01-02-04_r03.mp4,5457041,0.149901,1,
write,write,,,video_small,polyglot,3,01-01-05-02-01-02-12_r03.mp4,5457041,0.077492,1,
write,write,,,video_small,mongo_gridfs,3,01-01-05-02-01-02-12_r03.mp4,5457041,0.045296,1,
write,write,,,video_small,pg_bytea,3,01-01-05-02-01-02-12_r03.mp4,5457041,0.172587,1,
write,write,,,video_small,polyglot,3,01-01-05-02-01-02-14_r03.mp4,5457041,0.052814,1,
write,write,,,video_small,mongo_gridfs,3,01-01-05-02-01-02-14_r03.mp4,5457041,0.047070,1,
write,write,,,video_small,pg_bytea,3,01-01-05-02-01-02-14_r03.mp4,5457041,0.159903,1,
write,write,,,video_small,mongo_gridfs,3,01-01-05-02-02-02-19_r03.mp4,5498397,0.050425,1,
write,write,,,video_small,polyglot,3,01-01-05-02-02-02-19_r03.mp4,5498397,0.045735,1,
write,write,,,video_small,pg_bytea,3,01-01-05-02-02-02-19_r03.mp4,5498397,0.159807,1,
write,write,,,video_small,mongo_gridfs,3,01-01-05-02-02-02-20_r03.mp4,5498397,0.051185,1,
write,write,,,video_small,polyglot,3,01-01-05-02-02-02-20_r03.mp4,5498397,0.046033,1,
write,write,,,video_small,pg_bytea,3,01-01-05-02-02-02-20_r03.mp4,5498397,0.161806,1,
write,write,,,video_small,pg_bytea,3,01-01-05-02-02-02-23_r03.mp4,5457041,0.167194,1,
write,write,,,video_small,polyglot,3,01-01-05-02-02-02-23_r03.mp4,5457041,0.052110,1,
write,write,,,video_small,mongo_gridfs,3,01-01-05-02-02-02-23_r03.mp4,5457041,0.048998,1,
write,write,,,video_small,pg_bytea,3,01-01-06-01-01-01-08_r03.mp4,5457041,0.147686,1,
write,write,,,video_small,polyglot,3,01-01-06-01-01-01-08_r03.mp4,5457041,0.062741,1,
write,write,,,video_small,mongo_gridfs,3,01-01-06-01-01-01-08_r03.mp4,5457041,0.044320,1,
write,write,,,video_small,pg_bytea,3,01-01-06-01-01-01-19_r03.mp4,5457041,1.969172,1,
write,write,,,video_small,polyglot,3,01-01-06-01-01-01-19_r03.mp4,5457041,0.085887,1,
write,write,,,video_small,mongo_gridfs,3,01-01-06-01-01-01-19_r03.mp4,5457041,0.044908,1,
write,write,,,video_small,mongo_gridfs,3,01-01-06-01-01-01-24_r03.mp4,5498397,0.074386,1,
write,write,,,video_small,pg_bytea,3,01-01-06-01-01-01-24_r03.mp4,5498397,0.195481,1,
write,write,,,video_small,polyglot,3,01-01-06-01-01-01-24_r03.mp4,5498397,0.065432,1,
write,write,,,video_medium,mongo_gridfs,3,tsinghua_v_0024_r03.mp4,13091522,0.121669,1,
write,write,,,video_medium,polyglot,3,tsinghua_v_0024_r03.mp4,13091522,0.124406,1,
write,write,,,video_medium,pg_bytea,3,tsinghua_v_0024_r03.mp4,13091522,0.428047,1,
write,write,,,video_medium,polyglot,3,tsinghua_v_0046_r03.mp4,13091522,0.107784,1,
write,write,,,video_medium,mongo_gridfs,3,tsinghua_v_0046_r03.mp4,13091522,0.136202,1,
write,write,,,video_medium,pg_bytea,3,tsinghua_v_0046_r03.mp4,13091522,0.386249,1,
write,write,,,video_medium,pg_bytea,3,tsinghua_v_0076_r03.mp4,13091522,0.421192,1,
write,write,,,video_medium,polyglot,3,tsinghua_v_0076_r03.mp4,13091522,0.111264,1,
write,write,,,video_medium,mongo_gridfs,3,tsinghua_v_0076_r03.mp4,13091522,0.111645,1,
write,write,,,video_medium,mongo_gridfs,3,tsinghua_v_0080_r03.mp4,13091522,0.105936,1,
write,write,,,video_medium,pg_bytea,3,tsinghua_v_0080_r03.mp4,13091522,0.373414,1,
write,write,,,video_medium,polyglot,3,tsinghua_v_0080_r03.mp4,13091522,0.113707,1,
write,write,,,video_medium,pg_bytea,3,tsinghua_v_0109_r03.mp4,13091522,0.416511,1,
write,write,,,video_medium,polyglot,3,tsinghua_v_0109_r03.mp4,13091522,0.109188,1,
write,write,,,video_medium,mongo_gridfs,3,tsinghua_v_0109_r03.mp4,13091522,0.137815,1,
write,write,,,video_medium,polyglot,3,tsinghua_v_0123_r03.mp4,13091522,0.130287,1,
write,write,,,video_medium,mongo_gridfs,3,tsinghua_v_0123_r03.mp4,13091522,0.141389,1,
write,write,,,video_medium,pg_bytea,3,tsinghua_v_0123_r03.mp4,13091522,0.389944,1,
write,write,,,video_medium,pg_bytea,3,tsinghua_v_0130_r03.mp4,13091522,0.393998,1,
write,write,,,video_medium,mongo_gridfs,3,tsinghua_v_0130_r03.mp4,13091522,0.132855,1,
write,write,,,video_medium,polyglot,3,tsinghua_v_0130_r03.mp4,13091522,0.117715,1,
write,write,,,video_medium,mongo_gridfs,3,tsinghua_v_0135_r03.mp4,13091522,0.116603,1,
write,write,,,video_medium,pg_bytea,3,tsinghua_v_0135_r03.mp4,13091522,0.407041,1,
write,write,,,video_medium,polyglot,3,tsinghua_v_0135_r03.mp4,13091522,0.123860,1,
write,write,,,video_medium,polyglot,3,tsinghua_v_0137_r03.mp4,13091522,0.149257,1,
write,write,,,video_medium,pg_bytea,3,tsinghua_v_0137_r03.mp4,13091522,0.455278,1,
write,write,,,video_medium,mongo_gridfs,3,tsinghua_v_0137_r03.mp4,13091522,0.106567,1,
write,write,,,video_medium,mongo_gridfs,3,tsinghua_v_0140_r03.mp4,13091522,0.113021,1,
write,write,,,video_medium,pg_bytea,3,tsinghua_v_0140_r03.mp4,13091522,0.368712,1,
write,write,,,video_medium,polyglot,3,tsinghua_v_0140_r03.mp4,13091522,0.099345,1,
write,write,,,video_medium,mongo_gridfs,3,tsinghua_v_0151_r03.mp4,13091522,0.127959,1,
write,write,,,video_medium,polyglot,3,tsinghua_v_0151_r03.mp4,13091522,0.106110,1,
write,write,,,video_medium,pg_bytea,3,tsinghua_v_0151_r03.mp4,13091522,0.400418,1,
write,write,,,video_medium,mongo_gridfs,3,tsinghua_v_0157_r03.mp4,13091522,0.099669,1,
write,write,,,video_medium,pg_bytea,3,tsinghua_v_0157_r03.mp4,13091522,0.386462,1,
write,write,,,video_medium,polyglot,3,tsinghua_v_0157_r03.mp4,13091522,0.118362,1,
write,write,,,video_medium,pg_bytea,3,tsinghua_v_0209_r03.mp4,13091522,0.425329,1,
write,write,,,video_medium,polyglot,3,tsinghua_v_0209_r03.mp4,13091522,0.142641,1,
write,write,,,video_medium,mongo_gridfs,3,tsinghua_v_0209_r03.mp4,13091522,0.102835,1,
write,write,,,video_medium,polyglot,3,tsinghua_v_0226_r03.mp4,13091522,0.124541,1,
write,write,,,video_medium,pg_bytea,3,tsinghua_v_0226_r03.mp4,13091522,0.396773,1,
write,write,,,video_medium,mongo_gridfs,3,tsinghua_v_0226_r03.mp4,13091522,0.112993,1,
write,write,,,video_medium,mongo_gridfs,3,tsinghua_v_0236_r03.mp4,13091522,0.126846,1,
write,write,,,video_medium,pg_bytea,3,tsinghua_v_0236_r03.mp4,13091522,0.528019,1,
write,write,,,video_medium,polyglot,3,tsinghua_v_0236_r03.mp4,13091522,1.870778,1,
write,write,,,video_medium,pg_bytea,3,tsinghua_v_0274_r03.mp4,13091522,0.377342,1,
write,write,,,video_medium,mongo_gridfs,3,tsinghua_v_0274_r03.mp4,13091522,0.102395,1,
write,write,,,video_medium,polyglot,3,tsinghua_v_0274_r03.mp4,13091522,0.116172,1,
write,write,,,video_medium,pg_bytea,3,tsinghua_v_0280_r03.mp4,13091522,0.357200,1,
write,write,,,video_medium,mongo_gridfs,3,tsinghua_v_0280_r03.mp4,13091522,0.106610,1,
write,write,,,video_medium,polyglot,3,tsinghua_v_0280_r03.mp4,13091522,0.114039,1,
write,write,,,video_medium,mongo_gridfs,3,tsinghua_v_0302_r03.mp4,13091522,0.101635,1,
write,write,,,video_medium,polyglot,3,tsinghua_v_0302_r03.mp4,13091522,0.125922,1,
write,write,,,video_medium,pg_bytea,3,tsinghua_v_0302_r03.mp4,13091522,0.392981,1,
write,write,,,video_medium,polyglot,3,tsinghua_v_0311_r03.mp4,13091522,0.107106,1,
write,write,,,video_medium,pg_bytea,3,tsinghua_v_0311_r03.mp4,13091522,0.411899,1,
write,write,,,video_medium,mongo_gridfs,3,tsinghua_v_0311_r03.mp4,13091522,0.102356,1,
write,write,,,video_medium,mongo_gridfs,3,tsinghua_v_0316_r03.mp4,13091522,0.119259,1,
write,write,,,video_medium,polyglot,3,tsinghua_v_0316_r03.mp4,13091522,0.102301,1,
write,write,,,video_medium,pg_bytea,3,tsinghua_v_0316_r03.mp4,13091522,0.369071,1,
write,write,,,video_medium,polyglot,3,tsinghua_v_0319_r03.mp4,13091522,0.116230,1,
write,write,,,video_medium,mongo_gridfs,3,tsinghua_v_0319_r03.mp4,13091522,0.113523,1,
write,write,,,video_medium,pg_bytea,3,tsinghua_v_0319_r03.mp4,13091522,0.379137,1,
write,write,,,video_medium,pg_bytea,3,tsinghua_v_0321_r03.mp4,13091522,0.360208,1,
write,write,,,video_medium,mongo_gridfs,3,tsinghua_v_0321_r03.mp4,13091522,2.035559,1,
write,write,,,video_medium,polyglot,3,tsinghua_v_0321_r03.mp4,13091522,0.116265,1,
write,write,,,video_medium,mongo_gridfs,3,tsinghua_v_0331_r03.mp4,13091522,0.120220,1,
write,write,,,video_medium,polyglot,3,tsinghua_v_0331_r03.mp4,13091522,0.109195,1,
write,write,,,video_medium,pg_bytea,3,tsinghua_v_0331_r03.mp4,13091522,0.358021,1,
write,write,,,video_medium,polyglot,3,tsinghua_v_0345_r03.mp4,13091522,0.104784,1,
write,write,,,video_medium,pg_bytea,3,tsinghua_v_0345_r03.mp4,13091522,0.430613,1,
write,write,,,video_medium,mongo_gridfs,3,tsinghua_v_0345_r03.mp4,13091522,0.104162,1,
write,write,,,video_medium,polyglot,3,tsinghua_v_0356_r03.mp4,13091522,0.138316,1,
write,write,,,video_medium,mongo_gridfs,3,tsinghua_v_0356_r03.mp4,13091522,0.100349,1,
write,write,,,video_medium,pg_bytea,3,tsinghua_v_0356_r03.mp4,13091522,0.526735,1,
write,write,,,video_medium,pg_bytea,3,tsinghua_v_0357_r03.mp4,13091522,0.417139,1,
write,write,,,video_medium,mongo_gridfs,3,tsinghua_v_0357_r03.mp4,13091522,0.131482,1,
write,write,,,video_medium,polyglot,3,tsinghua_v_0357_r03.mp4,13091522,0.153577,1,
write,write,,,video_medium,polyglot,3,tsinghua_v_0379_r03.mp4,13091522,0.101850,1,
write,write,,,video_medium,pg_bytea,3,tsinghua_v_0379_r03.mp4,13091522,0.443138,1,
write,write,,,video_medium,mongo_gridfs,3,tsinghua_v_0379_r03.mp4,13091522,0.122017,1,
write,write,,,video_medium,mongo_gridfs,3,tsinghua_v_0393_r03.mp4,13091522,0.144431,1,
write,write,,,video_medium,polyglot,3,tsinghua_v_0393_r03.mp4,13091522,0.104068,1,
write,write,,,video_medium,pg_bytea,3,tsinghua_v_0393_r03.mp4,13091522,0.373095,1,
write,write,,,video_medium,polyglot,3,tsinghua_v_0421_r03.mp4,13091522,0.101473,1,
write,write,,,video_medium,pg_bytea,3,tsinghua_v_0421_r03.mp4,13091522,0.355029,1,
write,write,,,video_medium,mongo_gridfs,3,tsinghua_v_0421_r03.mp4,13091522,0.110277,1,
write,write,,,video_medium,pg_bytea,3,tsinghua_v_0424_r03.mp4,13091522,0.338278,1,
write,write,,,video_medium,mongo_gridfs,3,tsinghua_v_0424_r03.mp4,13091522,0.138275,1,
write,write,,,video_medium,polyglot,3,tsinghua_v_0424_r03.mp4,13091522,0.116986,1,
write,write,,,video_medium,mongo_gridfs,3,tsinghua_v_0427_r03.mp4,13091522,0.108836,1,
write,write,,,video_medium,pg_bytea,3,tsinghua_v_0427_r03.mp4,13091522,0.419179,1,
write,write,,,video_medium,polyglot,3,tsinghua_v_0427_r03.mp4,13091522,0.101492,1,
write,write,,,video_medium,polyglot,3,tsinghua_v_0431_r03.mp4,13091522,0.144264,1,
write,write,,,video_medium,mongo_gridfs,3,tsinghua_v_0431_r03.mp4,13091522,0.114791,1,
write,write,,,video_medium,pg_bytea,3,tsinghua_v_0431_r03.mp4,13091522,1.899528,1,
write,write,,,video_medium,polyglot,3,tsinghua_v_0452_r03.mp4,13091522,0.183349,1,
write,write,,,video_medium,pg_bytea,3,tsinghua_v_0452_r03.mp4,13091522,0.432543,1,
write,write,,,video_medium,mongo_gridfs,3,tsinghua_v_0452_r03.mp4,13091522,0.112033,1,
write,write,,,video_medium,polyglot,3,tsinghua_v_0454_r03.mp4,13091522,0.158405,1,
write,write,,,video_medium,pg_bytea,3,tsinghua_v_0454_r03.mp4,13091522,0.380884,1,
write,write,,,video_medium,mongo_gridfs,3,tsinghua_v_0454_r03.mp4,13091522,0.117063,1,
write,write,,,video_medium,pg_bytea,3,tsinghua_v_0457_r03.mp4,13091522,0.416544,1,
write,write,,,video_medium,mongo_gridfs,3,tsinghua_v_0457_r03.mp4,13091522,0.106248,1,
write,write,,,video_medium,polyglot,3,tsinghua_v_0457_r03.mp4,13091522,0.121060,1,
write,write,,,video_medium,mongo_gridfs,3,tsinghua_v_0466_r03.mp4,13091522,0.098191,1,
write,write,,,video_medium,pg_bytea,3,tsinghua_v_0466_r03.mp4,13091522,0.375017,1,
write,write,,,video_medium,polyglot,3,tsinghua_v_0466_r03.mp4,13091522,0.099459,1,
write,write,,,video_medium,mongo_gridfs,3,tsinghua_v_0471_r03.mp4,13091522,0.134922,1,
write,write,,,video_medium,polyglot,3,tsinghua_v_0471_r03.mp4,13091522,0.111430,1,
write,write,,,video_medium,pg_bytea,3,tsinghua_v_0471_r03.mp4,13091522,0.353911,1,
write,write,,,video_medium,mongo_gridfs,3,tsinghua_v_0472_r03.mp4,13091522,0.106952,1,
write,write,,,video_medium,pg_bytea,3,tsinghua_v_0472_r03.mp4,13091522,0.392686,1,
write,write,,,video_medium,polyglot,3,tsinghua_v_0472_r03.mp4,13091522,0.106226,1,
write,write,,,video_medium,polyglot,3,tsinghua_v_0494_r03.mp4,13091522,0.131274,1,
write,write,,,video_medium,mongo_gridfs,3,tsinghua_v_0494_r03.mp4,13091522,0.102909,1,
write,write,,,video_medium,pg_bytea,3,tsinghua_v_0494_r03.mp4,13091522,1.927569,1,
write,write,,,video_medium,mongo_gridfs,3,tsinghua_v_0503_r03.mp4,13091522,0.140168,1,
write,write,,,video_medium,polyglot,3,tsinghua_v_0503_r03.mp4,13091522,0.160227,1,
write,write,,,video_medium,pg_bytea,3,tsinghua_v_0503_r03.mp4,13091522,0.347935,1,
write,write,,,video_medium,mongo_gridfs,3,tsinghua_v_0509_r03.mp4,13091522,0.102156,1,
write,write,,,video_medium,pg_bytea,3,tsinghua_v_0509_r03.mp4,13091522,0.344305,1,
write,write,,,video_medium,polyglot,3,tsinghua_v_0509_r03.mp4,13091522,0.106266,1,
write,write,,,video_medium,mongo_gridfs,3,tsinghua_v_0523_r03.mp4,13091522,0.135800,1,
write,write,,,video_medium,pg_bytea,3,tsinghua_v_0523_r03.mp4,13091522,0.352378,1,
write,write,,,video_medium,polyglot,3,tsinghua_v_0523_r03.mp4,13091522,0.122277,1,
write,write,,,video_medium,pg_bytea,3,tsinghua_v_0546_r03.mp4,13091522,0.384683,1,
write,write,,,video_medium,mongo_gridfs,3,tsinghua_v_0546_r03.mp4,13091522,0.101695,1,
write,write,,,video_medium,polyglot,3,tsinghua_v_0546_r03.mp4,13091522,0.116333,1,
write,write,,,video_medium,polyglot,3,tsinghua_v_0568_r03.mp4,13091522,0.095871,1,
write,write,,,video_medium,pg_bytea,3,tsinghua_v_0568_r03.mp4,13091522,0.441324,1,
write,write,,,video_medium,mongo_gridfs,3,tsinghua_v_0568_r03.mp4,13091522,0.103282,1,
write,write,,,video_medium,pg_bytea,3,tsinghua_v_0594_r03.mp4,13091522,0.403590,1,
write,write,,,video_medium,polyglot,3,tsinghua_v_0594_r03.mp4,13091522,0.107331,1,
write,write,,,video_medium,mongo_gridfs,3,tsinghua_v_0594_r03.mp4,13091522,0.121278,1,
write,write,,,video_medium,polyglot,3,tsinghua_v_0596_r03.mp4,13091522,0.120649,1,
write,write,,,video_medium,pg_bytea,3,tsinghua_v_0596_r03.mp4,13091522,0.379664,1,
write,write,,,video_medium,mongo_gridfs,3,tsinghua_v_0596_r03.mp4,13091522,0.104458,1,
write,write,,,video_medium,pg_bytea,3,tsinghua_v_0635_r03.mp4,13091522,0.389883,1,
write,write,,,video_medium,polyglot,3,tsinghua_v_0635_r03.mp4,13091522,0.104481,1,
write,write,,,video_medium,mongo_gridfs,3,tsinghua_v_0635_r03.mp4,13091522,0.145345,1,
write,write,,,video_medium,pg_bytea,3,tsinghua_v_0653_r03.mp4,13091522,0.369037,1,
write,write,,,video_medium,polyglot,3,tsinghua_v_0653_r03.mp4,13091522,0.127486,1,
write,write,,,video_medium,mongo_gridfs,3,tsinghua_v_0653_r03.mp4,13091522,0.122472,1,
write,write,,,video_medium,polyglot,3,tsinghua_v_0667_r03.mp4,13091522,0.141567,1,
write,write,,,video_medium,pg_bytea,3,tsinghua_v_0667_r03.mp4,13091522,0.478367,1,
write,write,,,video_medium,mongo_gridfs,3,tsinghua_v_0667_r03.mp4,13091522,1.767097,1,
write,write,,,video_medium,polyglot,3,tsinghua_v_0673_r03.mp4,13091522,0.132711,1,
write,write,,,video_medium,mongo_gridfs,3,tsinghua_v_0673_r03.mp4,13091522,0.135399,1,
write,write,,,video_medium,pg_bytea,3,tsinghua_v_0673_r03.mp4,13091522,0.385534,1,
write,write,,,video_medium,pg_bytea,3,tsinghua_v_0681_r03.mp4,13091522,0.353179,1,
write,write,,,video_medium,mongo_gridfs,3,tsinghua_v_0681_r03.mp4,13091522,0.111640,1,
write,write,,,video_medium,polyglot,3,tsinghua_v_0681_r03.mp4,13091522,0.109980,1,
write,write,,,video_medium,mongo_gridfs,3,tsinghua_v_0690_r03.mp4,13091522,0.099423,1,
write,write,,,video_medium,pg_bytea,3,tsinghua_v_0690_r03.mp4,13091522,0.423887,1,
write,write,,,video_medium,polyglot,3,tsinghua_v_0690_r03.mp4,13091522,0.105554,1,
write,write,,,video_medium,pg_bytea,3,tsinghua_v_0692_r03.mp4,13091522,0.379055,1,
write,write,,,video_medium,polyglot,3,tsinghua_v_0692_r03.mp4,13091522,0.101769,1,
write,write,,,video_medium,mongo_gridfs,3,tsinghua_v_0692_r03.mp4,13091522,0.110906,1,
write,write,,,video_medium,pg_bytea,3,tsinghua_v_0696_r03.mp4,13091522,0.469318,1,
write,write,,,video_medium,polyglot,3,tsinghua_v_0696_r03.mp4,13091522,0.105082,1,
write,write,,,video_medium,mongo_gridfs,3,tsinghua_v_0696_r03.mp4,13091522,0.108375,1,
write,write,,,video_medium,pg_bytea,3,tsinghua_v_0734_r03.mp4,13091522,0.355447,1,
write,write,,,video_medium,mongo_gridfs,3,tsinghua_v_0734_r03.mp4,13091522,0.102371,1,
write,write,,,video_medium,polyglot,3,tsinghua_v_0734_r03.mp4,13091522,0.112849,1,
write,write,,,video_medium,polyglot,3,tsinghua_v_0737_r03.mp4,13091522,0.096770,1,
write,write,,,video_medium,pg_bytea,3,tsinghua_v_0737_r03.mp4,13091522,0.353040,1,
write,write,,,video_medium,mongo_gridfs,3,tsinghua_v_0737_r03.mp4,13091522,0.111033,1,
write,write,,,video_medium,pg_bytea,3,tsinghua_v_0744_r03.mp4,13091522,0.351807,1,
write,write,,,video_medium,mongo_gridfs,3,tsinghua_v_0744_r03.mp4,13091522,0.101282,1,
write,write,,,video_medium,polyglot,3,tsinghua_v_0744_r03.mp4,13091522,0.110631,1,
write,write,,,video_medium,polyglot,3,tsinghua_v_0745_r03.mp4,13091522,0.127453,1,
write,write,,,video_medium,pg_bytea,3,tsinghua_v_0745_r03.mp4,13091522,0.392167,1,
write,write,,,video_medium,mongo_gridfs,3,tsinghua_v_0745_r03.mp4,13091522,0.136513,1,
write,write,,,video_medium,pg_bytea,3,tsinghua_v_0769_r03.mp4,13091522,0.345328,1,
write,write,,,video_medium,polyglot,3,tsinghua_v_0769_r03.mp4,13091522,0.111474,1,
write,write,,,video_medium,mongo_gridfs,3,tsinghua_v_0769_r03.mp4,13091522,0.125370,1,
write,write,,,video_medium,pg_bytea,3,tsinghua_v_0791_r03.mp4,13091522,0.374356,1,
write,write,,,video_medium,mongo_gridfs,3,tsinghua_v_0791_r03.mp4,13091522,0.103656,1,
write,write,,,video_medium,polyglot,3,tsinghua_v_0791_r03.mp4,13091522,0.116734,1,
write,write,,,video_medium,pg_bytea,3,tsinghua_v_0792_r03.mp4,13091522,0.442539,1,
write,write,,,video_medium,mongo_gridfs,3,tsinghua_v_0792_r03.mp4,13091522,0.108009,1,
write,write,,,video_medium,polyglot,3,tsinghua_v_0792_r03.mp4,13091522,0.135171,1,
write,write,,,video_medium,polyglot,3,tsinghua_v_0857_r03.mp4,13091522,0.127655,1,
write,write,,,video_medium,pg_bytea,3,tsinghua_v_0857_r03.mp4,13091522,0.470864,1,
write,write,,,video_medium,mongo_gridfs,3,tsinghua_v_0857_r03.mp4,13091522,0.112055,1,
write,write,,,video_medium,pg_bytea,3,tsinghua_v_0866_r03.mp4,13091522,0.351623,1,
write,write,,,video_medium,mongo_gridfs,3,tsinghua_v_0866_r03.mp4,13091522,0.101667,1,
write,write,,,video_medium,polyglot,3,tsinghua_v_0866_r03.mp4,13091522,0.133768,1,
write,write,,,video_medium,mongo_gridfs,3,tsinghua_v_0880_r03.mp4,13091522,0.104213,1,
write,write,,,video_medium,polyglot,3,tsinghua_v_0880_r03.mp4,13091522,0.153151,1,
write,write,,,video_medium,pg_bytea,3,tsinghua_v_0880_r03.mp4,13091522,0.424863,1,
write,write,,,video_medium,polyglot,3,tsinghua_v_0888_r03.mp4,13091522,0.119818,1,
write,write,,,video_medium,mongo_gridfs,3,tsinghua_v_0888_r03.mp4,13091522,0.123004,1,
write,write,,,video_medium,pg_bytea,3,tsinghua_v_0888_r03.mp4,13091522,0.532686,1,
write,write,,,video_medium,mongo_gridfs,3,tsinghua_v_0901_r03.mp4,13091522,1.898099,1,
write,write,,,video_medium,polyglot,3,tsinghua_v_0901_r03.mp4,13091522,0.138863,1,
write,write,,,video_medium,pg_bytea,3,tsinghua_v_0901_r03.mp4,13091522,0.367138,1,
write,write,,,video_medium,pg_bytea,3,tsinghua_v_0937_r03.mp4,13091522,0.347829,1,
write,write,,,video_medium,mongo_gridfs,3,tsinghua_v_0937_r03.mp4,13091522,0.100545,1,
write,write,,,video_medium,polyglot,3,tsinghua_v_0937_r03.mp4,13091522,0.118530,1,
write,write,,,video_medium,mongo_gridfs,3,tsinghua_v_0939_r03.mp4,13091522,0.105664,1,
write,write,,,video_medium,polyglot,3,tsinghua_v_0939_r03.mp4,13091522,0.115913,1,
write,write,,,video_medium,pg_bytea,3,tsinghua_v_0939_r03.mp4,13091522,0.361556,1,
write,write,,,video_medium,polyglot,3,tsinghua_v_0961_r03.mp4,13091522,0.104872,1,
write,write,,,video_medium,pg_bytea,3,tsinghua_v_0961_r03.mp4,13091522,0.372172,1,
write,write,,,video_medium,mongo_gridfs,3,tsinghua_v_0961_r03.mp4,13091522,0.099801,1,
write,write,,,video_medium,mongo_gridfs,3,tsinghua_v_0977_r03.mp4,13091522,0.109011,1,
write,write,,,video_medium,polyglot,3,tsinghua_v_0977_r03.mp4,13091522,0.096541,1,
write,write,,,video_medium,pg_bytea,3,tsinghua_v_0977_r03.mp4,13091522,0.391962,1,
write,write,,,audio_small,pg_bytea,4,03-01-01-01-01-02-19_r04.wav,375720,0.013005,1,
write,write,,,audio_small,mongo_gridfs,4,03-01-01-01-01-02-19_r04.wav,375720,0.006738,1,
write,write,,,audio_small,polyglot,4,03-01-01-01-01-02-19_r04.wav,375720,0.006430,1,
write,write,,,audio_small,mongo_gridfs,4,03-01-01-01-02-02-05_r04.wav,396294,0.005771,1,
write,write,,,audio_small,pg_bytea,4,03-01-01-01-02-02-05_r04.wav,396294,0.010590,1,
write,write,,,audio_small,polyglot,4,03-01-01-01-02-02-05_r04.wav,396294,0.006197,1,
write,write,,,audio_small,polyglot,4,03-01-01-01-02-02-06_r04.wav,363108,0.005703,1,
write,write,,,audio_small,pg_bytea,4,03-01-01-01-02-02-06_r04.wav,363108,0.009538,1,
write,write,,,audio_small,mongo_gridfs,4,03-01-01-01-02-02-06_r04.wav,363108,0.005082,1,
write,write,,,audio_small,mongo_gridfs,4,03-01-01-01-02-02-07_r04.wav,363108,0.004407,1,
write,write,,,audio_small,polyglot,4,03-01-01-01-02-02-07_r04.wav,363108,0.004591,1,
write,write,,,audio_small,pg_bytea,4,03-01-01-01-02-02-07_r04.wav,363108,0.009653,1,
write,write,,,audio_small,polyglot,4,03-01-01-01-02-02-11_r04.wav,375720,0.005882,1,
write,write,,,audio_small,mongo_gridfs,4,03-01-01-01-02-02-11_r04.wav,375720,0.004657,1,
write,write,,,audio_small,pg_bytea,4,03-01-01-01-02-02-11_r04.wav,375720,0.009658,1,
write,write,,,audio_small,mongo_gridfs,4,03-01-01-01-02-02-12_r04.wav,372698,0.005574,1,
write,write,,,audio_small,polyglot,4,03-01-01-01-02-02-12_r04.wav,372698,0.006118,1,
write,write,,,audio_small,pg_bytea,4,03-01-01-01-02-02-12_r04.wav,372698,0.010537,1,
write,write,,,audio_small,polyglot,4,03-01-01-01-02-02-13_r04.wav,363108,0.005948,1,
write,write,,,audio_small,mongo_gridfs,4,03-01-01-01-02-02-13_r04.wav,363108,0.004640,1,
write,write,,,audio_small,pg_bytea,4,03-01-01-01-02-02-13_r04.wav,363108,0.008996,1,
write,write,,,audio_small,pg_bytea,4,03-01-01-02-01-02-05_r04.wav,393086,0.009966,1,
write,write,,,audio_small,mongo_gridfs,4,03-01-01-02-01-02-05_r04.wav,393086,0.005611,1,
write,write,,,audio_small,polyglot,4,03-01-01-02-01-02-05_r04.wav,393086,0.005694,1,
write,write,,,audio_small,pg_bytea,4,03-01-01-02-01-02-06_r04.wav,363108,0.009031,1,
write,write,,,audio_small,polyglot,4,03-01-01-02-01-02-06_r04.wav,363108,0.005891,1,
write,write,,,audio_small,mongo_gridfs,4,03-01-01-02-01-02-06_r04.wav,363108,0.004468,1,
write,write,,,audio_small,pg_bytea,4,03-01-01-02-01-02-07_r04.wav,372698,0.012233,1,
write,write,,,audio_small,mongo_gridfs,4,03-01-01-02-01-02-07_r04.wav,372698,0.005657,1,
write,write,,,audio_small,polyglot,4,03-01-01-02-01-02-07_r04.wav,372698,0.007230,1,
write,write,,,audio_small,pg_bytea,4,03-01-01-02-01-02-13_r04.wav,399494,0.012739,1,
write,write,,,audio_small,polyglot,4,03-01-01-02-01-02-13_r04.wav,399494,0.006926,1,
write,write,,,audio_small,mongo_gridfs,4,03-01-01-02-01-02-13_r04.wav,399494,0.005717,1,
write,write,,,audio_small,polyglot,4,03-01-01-02-02-02-19_r04.wav,372698,0.005330,1,
write,write,,,audio_small,mongo_gridfs,4,03-01-01-02-02-02-19_r04.wav,372698,0.005224,1,
write,write,,,audio_small,pg_bytea,4,03-01-01-02-02-02-19_r04.wav,372698,0.011420,1,
write,write,,,audio_small,mongo_gridfs,4,03-01-02-01-01-01-19_r04.wav,372698,0.005885,1,
write,write,,,audio_small,polyglot,4,03-01-02-01-01-01-19_r04.wav,372698,0.005288,1,
write,write,,,audio_small,pg_bytea,4,03-01-02-01-01-01-19_r04.wav,372698,0.009318,1,
write,write,,,audio_small,pg_bytea,4,03-01-02-01-02-01-06_r04.wav,363108,0.009884,1,
write,write,,,audio_small,mongo_gridfs,4,03-01-02-01-02-01-06_r04.wav,363108,0.005936,1,
write,write,,,audio_small,polyglot,4,03-01-02-01-02-01-06_r04.wav,363108,0.005295,1,
write,write,,,audio_small,polyglot,4,03-01-02-01-02-01-07_r04.wav,399494,0.005467,1,
write,write,,,audio_small,pg_bytea,4,03-01-02-01-02-01-07_r04.wav,399494,0.010162,1,
write,write,,,audio_small,mongo_gridfs,4,03-01-02-01-02-01-07_r04.wav,399494,0.005615,1,
write,write,,,audio_small,polyglot,4,03-01-02-01-02-01-11_r04.wav,375720,0.005253,1,
write,write,,,audio_small,mongo_gridfs,4,03-01-02-01-02-01-11_r04.wav,375720,0.004853,1,
write,write,,,audio_small,pg_bytea,4,03-01-02-01-02-01-11_r04.wav,375720,0.009856,1,
write,write,,,audio_small,polyglot,4,03-01-02-01-02-01-12_r04.wav,372698,0.005762,1,
write,write,,,audio_small,pg_bytea,4,03-01-02-01-02-01-12_r04.wav,372698,0.010286,1,
write,write,,,audio_small,mongo_gridfs,4,03-01-02-01-02-01-12_r04.wav,372698,0.004593,1,
write,write,,,audio_small,mongo_gridfs,4,03-01-02-01-02-01-13_r04.wav,379106,0.004464,1,
write,write,,,audio_small,polyglot,4,03-01-02-01-02-01-13_r04.wav,379106,0.005493,1,
write,write,,,audio_small,pg_bytea,4,03-01-02-01-02-01-13_r04.wav,379106,0.009669,1,
write,write,,,audio_small,polyglot,4,03-01-02-02-01-01-05_r04.wav,363108,0.005090,1,
write,write,,,audio_small,mongo_gridfs,4,03-01-02-02-01-01-05_r04.wav,363108,0.004162,1,
write,write,,,audio_small,pg_bytea,4,03-01-02-02-01-01-05_r04.wav,363108,0.010076,1,
write,write,,,audio_small,polyglot,4,03-01-02-02-01-01-11_r04.wav,363108,0.005396,1,
write,write,,,audio_small,mongo_gridfs,4,03-01-02-02-01-01-11_r04.wav,363108,0.005137,1,
write,write,,,audio_small,pg_bytea,4,03-01-02-02-01-01-11_r04.wav,363108,0.010187,1,
write,write,,,audio_small,mongo_gridfs,4,03-01-02-02-01-01-12_r04.wav,399494,0.005141,1,
write,write,,,audio_small,polyglot,4,03-01-02-02-01-01-12_r04.wav,399494,0.004938,1,
write,write,,,audio_small,pg_bytea,4,03-01-02-02-01-01-12_r04.wav,399494,0.012151,1,
write,write,,,audio_small,polyglot,4,03-01-02-02-01-01-13_r04.wav,399494,0.006144,1,
write,write,,,audio_small,pg_bytea,4,03-01-02-02-01-01-13_r04.wav,399494,0.010801,1,
write,write,,,audio_small,mongo_gridfs,4,03-01-02-02-01-01-13_r04.wav,399494,0.005809,1,
write,write,,,audio_small,polyglot,4,03-01-02-02-02-01-19_r04.wav,379106,0.005047,1,
write,write,,,audio_small,pg_bytea,4,03-01-02-02-02-01-19_r04.wav,379106,0.009987,1,
write,write,,,audio_small,mongo_gridfs,4,03-01-02-02-02-01-19_r04.wav,379106,0.005643,1,
write,write,,,audio_small,mongo_gridfs,4,03-01-03-01-01-02-05_r04.wav,396294,0.005028,1,
write,write,,,audio_small,pg_bytea,4,03-01-03-01-01-02-05_r04.wav,396294,0.010900,1,
write,write,,,audio_small,polyglot,4,03-01-03-01-01-02-05_r04.wav,396294,0.006673,1,
write,write,,,audio_small,pg_bytea,4,03-01-03-01-01-02-07_r04.wav,393086,0.011255,1,
write,write,,,audio_small,polyglot,4,03-01-03-01-01-02-07_r04.wav,393086,0.006449,1,
write,write,,,audio_small,mongo_gridfs,4,03-01-03-01-01-02-07_r04.wav,393086,0.005044,1,
write,write,,,audio_small,mongo_gridfs,4,03-01-03-01-01-02-12_r04.wav,399494,0.005907,1,
write,write,,,audio_small,pg_bytea,4,03-01-03-01-01-02-12_r04.wav,399494,0.010068,1,
write,write,,,audio_small,polyglot,4,03-01-03-01-01-02-12_r04.wav,399494,0.006053,1,
write,write,,,audio_small,polyglot,4,03-01-03-01-01-02-13_r04.wav,399494,0.005887,1,
write,write,,,audio_small,mongo_gridfs,4,03-01-03-01-01-02-13_r04.wav,399494,0.005512,1,
write,write,,,audio_small,pg_bytea,4,03-01-03-01-01-02-13_r04.wav,399494,0.011012,1,
write,write,,,audio_small,mongo_gridfs,4,03-01-03-01-02-02-18_r04.wav,393086,0.005123,1,
write,write,,,audio_small,polyglot,4,03-01-03-01-02-02-18_r04.wav,393086,0.004995,1,
write,write,,,audio_small,pg_bytea,4,03-01-03-01-02-02-18_r04.wav,393086,0.010656,1,
write,write,,,audio_small,polyglot,4,03-01-03-01-02-02-19_r04.wav,399494,0.005859,1,
write,write,,,audio_small,mongo_gridfs,4,03-01-03-01-02-02-19_r04.wav,399494,0.005007,1,
write,write,,,audio_small,pg_bytea,4,03-01-03-01-02-02-19_r04.wav,399494,0.010860,1,
write,write,,,audio_small,mongo_gridfs,4,03-01-03-02-01-02-18_r04.wav,396294,0.005668,1,
write,write,,,audio_small,pg_bytea,4,03-01-03-02-01-02-18_r04.wav,396294,0.010704,1,
write,write,,,audio_small,polyglot,4,03-01-03-02-01-02-18_r04.wav,396294,0.005541,1,
write,write,,,audio_small,mongo_gridfs,4,03-01-03-02-01-02-19_r04.wav,372698,0.005263,1,
write,write,,,audio_small,pg_bytea,4,03-01-03-02-01-02-19_r04.wav,372698,0.009363,1,
write,write,,,audio_small,polyglot,4,03-01-03-02-01-02-19_r04.wav,372698,0.006122,1,
write,write,,,audio_small,polyglot,4,03-01-03-02-02-02-04_r04.wav,379106,0.004721,1,
write,write,,,audio_small,mongo_gridfs,4,03-01-03-02-02-02-04_r04.wav,379106,0.004992,1,
write,write,,,audio_small,pg_bytea,4,03-01-03-02-02-02-04_r04.wav,379106,0.011915,1,
write,write,,,audio_small,mongo_gridfs,4,03-01-03-02-02-02-06_r04.wav,399494,0.007351,1,
write,write,,,audio_small,pg_bytea,4,03-01-03-02-02-02-06_r04.wav,399494,0.011281,1,
write,write,,,audio_small,polyglot,4,03-01-03-02-02-02-06_r04.wav,399494,0.006291,1,
write,write,,,audio_small,pg_bytea,4,03-01-03-02-02-02-07_r04.wav,393086,0.011230,1,
write,write,,,audio_small,polyglot,4,03-01-03-02-02-02-07_r04.wav,393086,0.007176,1,
write,write,,,audio_small,mongo_gridfs,4,03-01-03-02-02-02-07_r04.wav,393086,0.004914,1,
write,write,,,audio_small,pg_bytea,4,03-01-03-02-02-02-10_r04.wav,375720,0.010328,1,
write,write,,,audio_small,polyglot,4,03-01-03-02-02-02-10_r04.wav,375720,0.006241,1,
write,write,,,audio_small,mongo_gridfs,4,03-01-03-02-02-02-10_r04.wav,375720,0.005489,1,
write,write,,,audio_small,mongo_gridfs,4,03-01-03-02-02-02-11_r04.wav,396294,0.004753,1,
write,write,,,audio_small,pg_bytea,4,03-01-03-02-02-02-11_r04.wav,396294,0.012745,1,
write,write,,,audio_small,polyglot,4,03-01-03-02-02-02-11_r04.wav,396294,0.006139,1,
write,write,,,audio_small,polyglot,4,03-01-03-02-02-02-13_r04.wav,399494,0.005007,1,
write,write,,,audio_small,pg_bytea,4,03-01-03-02-02-02-13_r04.wav,399494,0.012168,1,
write,write,,,audio_small,mongo_gridfs,4,03-01-03-02-02-02-13_r04.wav,399494,0.006307,1,
write,write,,,audio_small,pg_bytea,4,03-01-04-01-01-02-01_r04.wav,396294,0.010984,1,
write,write,,,audio_small,mongo_gridfs,4,03-01-04-01-01-02-01_r04.wav,396294,0.006110,1,
write,write,,,audio_small,polyglot,4,03-01-04-01-01-02-01_r04.wav,396294,0.006014,1,
write,write,,,audio_small,polyglot,4,03-01-04-01-01-02-02_r04.wav,379106,0.005157,1,
write,write,,,audio_small,pg_bytea,4,03-01-04-01-01-02-02_r04.wav,379106,0.009824,1,
write,write,,,audio_small,mongo_gridfs,4,03-01-04-01-01-02-02_r04.wav,379106,0.005640,1,
write,write,,,audio_small,polyglot,4,03-01-04-01-01-02-16_r04.wav,379106,0.005646,1,
write,write,,,audio_small,pg_bytea,4,03-01-04-01-01-02-16_r04.wav,379106,0.009522,1,
write,write,,,audio_small,mongo_gridfs,4,03-01-04-01-01-02-16_r04.wav,379106,0.006003,1,
write,write,,,audio_small,polyglot,4,03-01-04-01-02-02-08_r04.wav,372698,0.005668,1,
write,write,,,audio_small,mongo_gridfs,4,03-01-04-01-02-02-08_r04.wav,372698,0.005205,1,
write,write,,,audio_small,pg_bytea,4,03-01-04-01-02-02-08_r04.wav,372698,0.009466,1,
write,write,,,audio_small,pg_bytea,4,03-01-04-01-02-02-09_r04.wav,363108,0.010202,1,
write,write,,,audio_small,mongo_gridfs,4,03-01-04-01-02-02-09_r04.wav,363108,0.006935,1,
write,write,,,audio_small,polyglot,4,03-01-04-01-02-02-09_r04.wav,363108,0.005790,1,
write,write,,,audio_small,pg_bytea,4,03-01-04-01-02-02-20_r04.wav,396294,0.010485,1,
write,write,,,audio_small,mongo_gridfs,4,03-01-04-01-02-02-20_r04.wav,396294,0.006069,1,
write,write,,,audio_small,polyglot,4,03-01-04-01-02-02-20_r04.wav,396294,0.005702,1,
write,write,,,audio_small,pg_bytea,4,03-01-04-01-02-02-21_r04.wav,363108,0.012943,1,
write,write,,,audio_small,mongo_gridfs,4,03-01-04-01-02-02-21_r04.wav,363108,0.005212,1,
write,write,,,audio_small,polyglot,4,03-01-04-01-02-02-21_r04.wav,363108,0.004872,1,
write,write,,,audio_small,pg_bytea,4,03-01-04-01-02-02-22_r04.wav,372698,0.009881,1,
write,write,,,audio_small,polyglot,4,03-01-04-01-02-02-22_r04.wav,372698,0.005094,1,
write,write,,,audio_small,mongo_gridfs,4,03-01-04-01-02-02-22_r04.wav,372698,0.005869,1,
write,write,,,audio_small,mongo_gridfs,4,03-01-04-01-02-02-23_r04.wav,363108,0.005648,1,
write,write,,,audio_small,polyglot,4,03-01-04-01-02-02-23_r04.wav,363108,0.006075,1,
write,write,,,audio_small,pg_bytea,4,03-01-04-01-02-02-23_r04.wav,363108,0.010160,1,
write,write,,,audio_small,pg_bytea,4,03-01-04-02-01-02-09_r04.wav,379106,0.010828,1,
write,write,,,audio_small,mongo_gridfs,4,03-01-04-02-01-02-09_r04.wav,379106,0.007733,1,
write,write,,,audio_small,polyglot,4,03-01-04-02-01-02-09_r04.wav,379106,0.132276,1,
write,write,,,audio_small,polyglot,4,03-01-04-02-01-02-20_r04.wav,379106,0.137212,1,
write,write,,,audio_small,mongo_gridfs,4,03-01-04-02-01-02-20_r04.wav,379106,0.006687,1,
write,write,,,audio_small,pg_bytea,4,03-01-04-02-01-02-20_r04.wav,379106,0.010146,1,
write,write,,,audio_small,polyglot,4,03-01-04-02-01-02-21_r04.wav,393086,0.006175,1,
write,write,,,audio_small,pg_bytea,4,03-01-04-02-01-02-21_r04.wav,393086,0.012089,1,
write,write,,,audio_small,mongo_gridfs,4,03-01-04-02-01-02-21_r04.wav,393086,0.006403,1,
write,write,,,audio_small,pg_bytea,4,03-01-04-02-01-02-22_r04.wav,379106,0.010410,1,
write,write,,,audio_small,mongo_gridfs,4,03-01-04-02-01-02-22_r04.wav,379106,0.008002,1,
write,write,,,audio_small,polyglot,4,03-01-04-02-01-02-22_r04.wav,379106,0.006551,1,
write,write,,,audio_small,pg_bytea,4,03-01-04-02-02-02-14_r04.wav,375720,0.010553,1,
write,write,,,audio_small,mongo_gridfs,4,03-01-04-02-02-02-14_r04.wav,375720,0.005589,1,
write,write,,,audio_small,polyglot,4,03-01-04-02-02-02-14_r04.wav,375720,0.007882,1,
write,write,,,audio_small,polyglot,4,03-01-04-02-02-02-15_r04.wav,379106,0.005279,1,
write,write,,,audio_small,pg_bytea,4,03-01-04-02-02-02-15_r04.wav,379106,0.011426,1,
write,write,,,audio_small,mongo_gridfs,4,03-01-04-02-02-02-15_r04.wav,379106,0.006972,1,
write,write,,,audio_small,polyglot,4,03-01-04-02-02-02-16_r04.wav,375720,0.005666,1,
write,write,,,audio_small,mongo_gridfs,4,03-01-04-02-02-02-16_r04.wav,375720,0.005555,1,
write,write,,,audio_small,pg_bytea,4,03-01-04-02-02-02-16_r04.wav,375720,0.011905,1,
write,write,,,audio_small,pg_bytea,4,03-01-04-02-02-02-17_r04.wav,363108,0.012530,1,
write,write,,,audio_small,mongo_gridfs,4,03-01-04-02-02-02-17_r04.wav,363108,0.006750,1,
write,write,,,audio_small,polyglot,4,03-01-04-02-02-02-17_r04.wav,363108,0.005770,1,
write,write,,,audio_small,mongo_gridfs,4,03-01-05-01-01-01-09_r04.wav,393086,0.005450,1,
write,write,,,audio_small,polyglot,4,03-01-05-01-01-01-09_r04.wav,393086,0.006061,1,
write,write,,,audio_small,pg_bytea,4,03-01-05-01-01-01-09_r04.wav,393086,0.011551,1,
write,write,,,audio_small,polyglot,4,03-01-05-01-01-01-22_r04.wav,393086,0.006418,1,
write,write,,,audio_small,pg_bytea,4,03-01-05-01-01-01-22_r04.wav,393086,0.011415,1,
write,write,,,audio_small,mongo_gridfs,4,03-01-05-01-01-01-22_r04.wav,393086,0.007409,1,
write,write,,,audio_small,pg_bytea,4,03-01-05-01-02-01-02_r04.wav,372698,0.010749,1,
write,write,,,audio_small,mongo_gridfs,4,03-01-05-01-02-01-02_r04.wav,372698,0.005255,1,
write,write,,,audio_small,polyglot,4,03-01-05-01-02-01-02_r04.wav,372698,0.005840,1,
write,write,,,audio_small,pg_bytea,4,03-01-05-01-02-01-03_r04.wav,396294,0.011178,1,
write,write,,,audio_small,polyglot,4,03-01-05-01-02-01-03_r04.wav,396294,0.005901,1,
write,write,,,audio_small,mongo_gridfs,4,03-01-05-01-02-01-03_r04.wav,396294,0.005316,1,
write,write,,,audio_small,pg_bytea,4,03-01-05-01-02-01-15_r04.wav,363108,0.010280,1,
write,write,,,audio_small,polyglot,4,03-01-05-01-02-01-15_r04.wav,363108,0.005695,1,
write,write,,,audio_small,mongo_gridfs,4,03-01-05-01-02-01-15_r04.wav,363108,0.005308,1,
write,write,,,audio_small,mongo_gridfs,4,03-01-05-01-02-01-16_r04.wav,372698,0.004462,1,
write,write,,,audio_small,pg_bytea,4,03-01-05-01-02-01-16_r04.wav,372698,0.010677,1,
write,write,,,audio_small,polyglot,4,03-01-05-01-02-01-16_r04.wav,372698,0.005530,1,
write,write,,,audio_small,pg_bytea,4,03-01-05-01-02-01-17_r04.wav,393086,0.010906,1,
write,write,,,audio_small,polyglot,4,03-01-05-01-02-01-17_r04.wav,393086,0.007008,1,
write,write,,,audio_small,mongo_gridfs,4,03-01-05-01-02-01-17_r04.wav,393086,0.005319,1,
write,write,,,audio_small,polyglot,4,03-01-05-02-01-01-01_r04.wav,372698,0.005051,1,
write,write,,,audio_small,mongo_gridfs,4,03-01-05-02-01-01-01_r04.wav,372698,0.004981,1,
write,write,,,audio_small,pg_bytea,4,03-01-05-02-01-01-01_r04.wav,372698,0.009745,1,
write,write,,,audio_small,polyglot,4,03-01-05-02-01-01-02_r04.wav,375720,0.005377,1,
write,write,,,audio_small,mongo_gridfs,4,03-01-05-02-01-01-02_r04.wav,375720,0.005136,1,
write,write,,,audio_small,pg_bytea,4,03-01-05-02-01-01-02_r04.wav,375720,0.010143,1,
write,write,,,audio_small,mongo_gridfs,4,03-01-05-02-01-01-03_r04.wav,372698,0.005217,1,
write,write,,,audio_small,pg_bytea,4,03-01-05-02-01-01-03_r04.wav,372698,0.009921,1,
write,write,,,audio_small,polyglot,4,03-01-05-02-01-01-03_r04.wav,372698,0.005289,1,
write,write,,,audio_small,pg_bytea,4,03-01-05-02-01-01-15_r04.wav,396294,0.010507,1,
write,write,,,audio_small,mongo_gridfs,4,03-01-05-02-01-01-15_r04.wav,396294,0.005510,1,
write,write,,,audio_small,polyglot,4,03-01-05-02-01-01-15_r04.wav,396294,0.006016,1,
write,write,,,audio_small,pg_bytea,4,03-01-05-02-01-01-16_r04.wav,399494,0.010235,1,
write,write,,,audio_small,polyglot,4,03-01-05-02-01-01-16_r04.wav,399494,0.006191,1,
write,write,,,audio_small,mongo_gridfs,4,03-01-05-02-01-01-16_r04.wav,399494,0.005847,1,
write,write,,,audio_small,polyglot,4,03-01-05-02-01-01-17_r04.wav,363108,0.008493,1,
write,write,,,audio_small,mongo_gridfs,4,03-01-05-02-01-01-17_r04.wav,363108,0.004844,1,
write,write,,,audio_small,pg_bytea,4,03-01-05-02-01-01-17_r04.wav,363108,0.010285,1,
write,write,,,audio_small,pg_bytea,4,03-01-05-02-02-01-09_r04.wav,396294,0.010244,1,
write,write,,,audio_small,polyglot,4,03-01-05-02-02-01-09_r04.wav,396294,0.006443,1,
write,write,,,audio_small,mongo_gridfs,4,03-01-05-02-02-01-09_r04.wav,396294,0.004620,1,
write,write,,,audio_small,mongo_gridfs,4,03-01-05-02-02-01-21_r04.wav,375720,0.004364,1,
write,write,,,audio_small,pg_bytea,4,03-01-05-02-02-01-21_r04.wav,375720,0.010017,1,
write,write,,,audio_small,polyglot,4,03-01-05-02-02-01-21_r04.wav,375720,0.005750,1,
write,write,,,audio_small,mongo_gridfs,4,03-01-05-02-02-01-22_r04.wav,379106,0.004735,1,
write,write,,,audio_small,polyglot,4,03-01-05-02-02-01-22_r04.wav,379106,0.004466,1,
write,write,,,audio_small,pg_bytea,4,03-01-05-02-02-01-22_r04.wav,379106,0.009314,1,
write,write,,,audio_medium,pg_bytea,4,03-02-01-01-01-02-22_r04.wav,526650,0.014123,1,
write,write,,,audio_medium,polyglot,4,03-02-01-01-01-02-22_r04.wav,526650,0.007707,1,
write,write,,,audio_medium,mongo_gridfs,4,03-02-01-01-01-02-22_r04.wav,526650,0.006441,1,
write,write,,,audio_medium,pg_bytea,4,03-02-01-01-01-02-23_r04.wav,539464,0.014255,1,
write,write,,,audio_medium,mongo_gridfs,4,03-02-01-01-01-02-23_r04.wav,539464,0.007905,1,
write,write,,,audio_medium,polyglot,4,03-02-01-01-01-02-23_r04.wav,539464,0.007530,1,
write,write,,,audio_medium,polyglot,4,03-02-01-01-02-02-02_r04.wav,539464,0.006592,1,
write,write,,,audio_medium,pg_bytea,4,03-02-01-01-02-02-02_r04.wav,539464,0.014951,1,
write,write,,,audio_medium,mongo_gridfs,4,03-02-01-01-02-02-02_r04.wav,539464,0.006729,1,
write,write,,,audio_medium,polyglot,4,03-02-01-01-02-02-03_r04.wav,520242,0.006596,1,
write,write,,,audio_medium,pg_bytea,4,03-02-01-01-02-02-03_r04.wav,520242,0.013301,1,
write,write,,,audio_medium,mongo_gridfs,4,03-02-01-01-02-02-03_r04.wav,520242,0.006724,1,
write,write,,,audio_medium,polyglot,4,03-02-01-01-02-02-16_r04.wav,539464,0.006998,1,
write,write,,,audio_medium,pg_bytea,4,03-02-01-01-02-02-16_r04.wav,539464,0.014360,1,
write,write,,,audio_medium,mongo_gridfs,4,03-02-01-01-02-02-16_r04.wav,539464,0.009033,1,
write,write,,,audio_medium,pg_bytea,4,03-02-01-01-02-02-17_r04.wav,561888,0.017850,1,
write,write,,,audio_medium,mongo_gridfs,4,03-02-01-01-02-02-17_r04.wav,561888,0.009056,1,
write,write,,,audio_medium,polyglot,4,03-02-01-01-02-02-17_r04.wav,561888,0.007861,1,
write,write,,,audio_medium,pg_bytea,4,03-02-01-02-01-02-01_r04.wav,533056,0.013770,1,
write,write,,,audio_medium,polyglot,4,03-02-01-02-01-02-01_r04.wav,533056,0.007014,1,
write,write,,,audio_medium,mongo_gridfs,4,03-02-01-02-01-02-01_r04.wav,533056,0.006354,1,
write,write,,,audio_medium,polyglot,4,03-02-01-02-01-02-02_r04.wav,523448,0.006117,1,
write,write,,,audio_medium,pg_bytea,4,03-02-01-02-01-02-02_r04.wav,523448,0.013274,1,
write,write,,,audio_medium,mongo_gridfs,4,03-02-01-02-01-02-02_r04.wav,523448,0.007279,1,
write,write,,,audio_medium,mongo_gridfs,4,03-02-01-02-01-02-03_r04.wav,533056,0.007741,1,
write,write,,,audio_medium,pg_bytea,4,03-02-01-02-01-02-03_r04.wav,533056,0.016006,1,
write,write,,,audio_medium,polyglot,4,03-02-01-02-01-02-03_r04.wav,533056,0.008959,1,
write,write,,,audio_medium,pg_bytea,4,03-02-01-02-01-02-15_r04.wav,561882,0.014704,1,
write,write,,,audio_medium,polyglot,4,03-02-01-02-01-02-15_r04.wav,561882,0.007228,1,
write,write,,,audio_medium,mongo_gridfs,4,03-02-01-02-01-02-15_r04.wav,561882,0.007205,1,
write,write,,,audio_medium,pg_bytea,4,03-02-01-02-01-02-16_r04.wav,526650,0.014878,1,
write,write,,,audio_medium,mongo_gridfs,4,03-02-01-02-01-02-16_r04.wav,526650,0.007841,1,
write,write,,,audio_medium,polyglot,4,03-02-01-02-01-02-16_r04.wav,526650,0.007383,1,
write,write,,,audio_medium,polyglot,4,03-02-01-02-01-02-17_r04.wav,533056,0.051139,1,
write,write,,,audio_medium,pg_bytea,4,03-02-01-02-01-02-17_r04.wav,533056,0.018454,1,
write,write,,,audio_medium,mongo_gridfs,4,03-02-01-02-01-02-17_r04.wav,533056,0.006322,1,
write,write,,,audio_medium,polyglot,4,03-02-01-02-02-02-22_r04.wav,520242,0.006309,1,
write,write,,,audio_medium,mongo_gridfs,4,03-02-01-02-02-02-22_r04.wav,520242,0.005866,1,
write,write,,,audio_medium,pg_bytea,4,03-02-01-02-02-02-22_r04.wav,520242,0.013799,1,
write,write,,,audio_medium,pg_bytea,4,03-02-01-02-02-02-23_r04.wav,520242,0.014457,1,
write,write,,,audio_medium,polyglot,4,03-02-01-02-02-02-23_r04.wav,520242,0.025810,1,
write,write,,,audio_medium,mongo_gridfs,4,03-02-01-02-02-02-23_r04.wav,520242,0.007305,1,
write,write,,,audio_medium,polyglot,4,03-02-02-01-01-01-22_r04.wav,523448,0.006509,1,
write,write,,,audio_medium,pg_bytea,4,03-02-02-01-01-01-22_r04.wav,523448,0.014036,1,
write,write,,,audio_medium,mongo_gridfs,4,03-02-02-01-01-01-22_r04.wav,523448,0.007057,1,
write,write,,,audio_medium,mongo_gridfs,4,03-02-02-01-01-01-23_r04.wav,561888,0.007252,1,
write,write,,,audio_medium,polyglot,4,03-02-02-01-01-01-23_r04.wav,561888,0.007507,1,
write,write,,,audio_medium,pg_bytea,4,03-02-02-01-01-01-23_r04.wav,561888,0.015368,1,
write,write,,,audio_medium,polyglot,4,03-02-02-01-02-01-01_r04.wav,520242,0.007717,1,
write,write,,,audio_medium,pg_bytea,4,03-02-02-01-02-01-01_r04.wav,520242,0.013620,1,
write,write,,,audio_medium,mongo_gridfs,4,03-02-02-01-02-01-01_r04.wav,520242,0.007337,1,
write,write,,,audio_medium,mongo_gridfs,4,03-02-02-01-02-01-02_r04.wav,539464,0.005984,1,
write,write,,,audio_medium,polyglot,4,03-02-02-01-02-01-02_r04.wav,539464,0.020878,1,
write,write,,,audio_medium,pg_bytea,4,03-02-02-01-02-01-02_r04.wav,539464,0.013978,1,
write,write,,,audio_medium,mongo_gridfs,4,03-02-02-01-02-01-03_r04.wav,533056,0.008049,1,
write,write,,,audio_medium,pg_bytea,4,03-02-02-01-02-01-03_r04.wav,533056,0.015063,1,
write,write,,,audio_medium,polyglot,4,03-02-02-01-02-01-03_r04.wav,533056,0.007810,1,
write,write,,,audio_medium,polyglot,4,03-02-02-01-02-01-16_r04.wav,561882,0.007389,1,
write,write,,,audio_medium,mongo_gridfs,4,03-02-02-01-02-01-16_r04.wav,561882,0.006400,1,
write,write,,,audio_medium,pg_bytea,4,03-02-02-01-02-01-16_r04.wav,561882,0.016160,1,
write,write,,,audio_medium,pg_bytea,4,03-02-02-02-01-01-01_r04.wav,539464,0.014060,1,
write,write,,,audio_medium,mongo_gridfs,4,03-02-02-02-01-01-01_r04.wav,539464,0.007903,1,
write,write,,,audio_medium,polyglot,4,03-02-02-02-01-01-01_r04.wav,539464,0.006922,1,
write,write,,,audio_medium,polyglot,4,03-02-02-02-01-01-02_r04.wav,526650,0.006515,1,
write,write,,,audio_medium,pg_bytea,4,03-02-02-02-01-01-02_r04.wav,526650,0.016206,1,
write,write,,,audio_medium,mongo_gridfs,4,03-02-02-02-01-01-02_r04.wav,526650,0.006952,1,
write,write,,,audio_medium,polyglot,4,03-02-02-02-01-01-15_r04.wav,539464,0.006856,1,
write,write,,,audio_medium,pg_bytea,4,03-02-02-02-01-01-15_r04.wav,539464,0.013735,1,
write,write,,,audio_medium,mongo_gridfs,4,03-02-02-02-01-01-15_r04.wav,539464,0.006784,1,
write,write,,,audio_medium,mongo_gridfs,4,03-02-02-02-01-01-16_r04.wav,520242,0.005679,1,
write,write,,,audio_medium,pg_bytea,4,03-02-02-02-01-01-16_r04.wav,520242,0.015867,1,
write,write,,,audio_medium,polyglot,4,03-02-02-02-01-01-16_r04.wav,520242,0.007735,1,
write,write,,,audio_medium,pg_bytea,4,03-02-02-02-01-01-17_r04.wav,539464,0.014945,1,
write,write,,,audio_medium,mongo_gridfs,4,03-02-02-02-01-01-17_r04.wav,539464,0.007800,1,
write,write,,,audio_medium,polyglot,4,03-02-02-02-01-01-17_r04.wav,539464,0.006876,1,
write,write,,,audio_medium,pg_bytea,4,03-02-02-02-02-01-22_r04.wav,539464,0.013699,1,
write,write,,,audio_medium,mongo_gridfs,4,03-02-02-02-02-01-22_r04.wav,539464,0.007021,1,
write,write,,,audio_medium,polyglot,4,03-02-02-02-02-01-22_r04.wav,539464,0.006798,1,
write,write,,,audio_medium,pg_bytea,4,03-02-02-02-02-01-23_r04.wav,520242,0.013078,1,
write,write,,,audio_medium,polyglot,4,03-02-02-02-02-01-23_r04.wav,520242,0.007526,1,
write,write,,,audio_medium,mongo_gridfs,4,03-02-02-02-02-01-23_r04.wav,520242,0.005993,1,
write,write,,,audio_medium,mongo_gridfs,4,03-02-03-01-01-02-01_r04.wav,561882,0.006216,1,
write,write,,,audio_medium,polyglot,4,03-02-03-01-01-02-01_r04.wav,561882,0.006508,1,
write,write,,,audio_medium,pg_bytea,4,03-02-03-01-01-02-01_r04.wav,561882,0.014233,1,
write,write,,,audio_medium,pg_bytea,4,03-02-03-01-01-02-02_r04.wav,561882,0.014641,1,
write,write,,,audio_medium,mongo_gridfs,4,03-02-03-01-01-02-02_r04.wav,561882,0.007444,1,
write,write,,,audio_medium,polyglot,4,03-02-03-01-01-02-02_r04.wav,561882,0.007554,1,
write,write,,,audio_medium,polyglot,4,03-02-03-01-01-02-03_r04.wav,539464,0.006402,1,
write,write,,,audio_medium,pg_bytea,4,03-02-03-01-01-02-03_r04.wav,539464,0.014387,1,
write,write,,,audio_medium,mongo_gridfs,4,03-02-03-01-01-02-03_r04.wav,539464,0.009378,1,
write,write,,,audio_medium,pg_bytea,4,03-02-03-01-01-02-15_r04.wav,526650,0.014246,1,
write,write,,,audio_medium,polyglot,4,03-02-03-01-01-02-15_r04.wav,526650,0.007548,1,
write,write,,,audio_medium,mongo_gridfs,4,03-02-03-01-01-02-15_r04.wav,526650,0.006101,1,
write,write,,,audio_medium,polyglot,4,03-02-03-01-01-02-16_r04.wav,520242,0.006888,1,
write,write,,,audio_medium,mongo_gridfs,4,03-02-03-01-01-02-16_r04.wav,520242,0.006429,1,
write,write,,,audio_medium,pg_bytea,4,03-02-03-01-01-02-16_r04.wav,520242,0.028856,1,
write,write,,,audio_medium,polyglot,4,03-02-03-01-01-02-17_r04.wav,526650,0.008248,1,
write,write,,,audio_medium,pg_bytea,4,03-02-03-01-01-02-17_r04.wav,526650,0.014868,1,
write,write,,,audio_medium,mongo_gridfs,4,03-02-03-01-01-02-17_r04.wav,526650,0.007896,1,
write,write,,,audio_medium,mongo_gridfs,4,03-02-03-01-02-02-09_r04.wav,539464,0.006451,1,
write,write,,,audio_medium,polyglot,4,03-02-03-01-02-02-09_r04.wav,539464,0.007159,1,
write,write,,,audio_medium,pg_bytea,4,03-02-03-01-02-02-09_r04.wav,539464,0.015275,1,
write,write,,,audio_medium,pg_bytea,4,03-02-03-01-02-02-21_r04.wav,533056,0.017496,1,
write,write,,,audio_medium,mongo_gridfs,4,03-02-03-01-02-02-21_r04.wav,533056,0.007480,1,
write,write,,,audio_medium,polyglot,4,03-02-03-01-02-02-21_r04.wav,533056,0.006809,1,
write,write,,,audio_medium,polyglot,4,03-02-03-01-02-02-22_r04.wav,561888,0.007084,1,
write,write,,,audio_medium,mongo_gridfs,4,03-02-03-01-02-02-22_r04.wav,561888,0.006319,1,
write,write,,,audio_medium,pg_bytea,4,03-02-03-01-02-02-22_r04.wav,561888,0.013984,1,
write,write,,,audio_medium,pg_bytea,4,03-02-03-01-02-02-23_r04.wav,539464,0.013783,1,
write,write,,,audio_medium,polyglot,4,03-02-03-01-02-02-23_r04.wav,539464,0.008081,1,
write,write,,,audio_medium,mongo_gridfs,4,03-02-03-01-02-02-23_r04.wav,539464,0.006843,1,
write,write,,,audio_medium,pg_bytea,4,03-02-03-02-01-02-09_r04.wav,561882,0.014500,1,
write,write,,,audio_medium,mongo_gridfs,4,03-02-03-02-01-02-09_r04.wav,561882,0.007469,1,
write,write,,,audio_medium,polyglot,4,03-02-03-02-01-02-09_r04.wav,561882,0.007078,1,
write,write,,,audio_medium,pg_bytea,4,03-02-03-02-01-02-21_r04.wav,539464,0.016092,1,
write,write,,,audio_medium,polyglot,4,03-02-03-02-01-02-21_r04.wav,539464,0.008192,1,
write,write,,,audio_medium,mongo_gridfs,4,03-02-03-02-01-02-21_r04.wav,539464,0.007615,1,
write,write,,,audio_medium,mongo_gridfs,4,03-02-03-02-01-02-22_r04.wav,526650,0.007888,1,
write,write,,,audio_medium,pg_bytea,4,03-02-03-02-01-02-22_r04.wav,526650,0.014743,1,
write,write,,,audio_medium,polyglot,4,03-02-03-02-01-02-22_r04.wav,526650,0.007704,1,
write,write,,,audio_medium,polyglot,4,03-02-03-02-01-02-23_r04.wav,561888,0.008888,1,
write,write,,,audio_medium,pg_bytea,4,03-02-03-02-01-02-23_r04.wav,561888,0.015783,1,
write,write,,,audio_medium,mongo_gridfs,4,03-02-03-02-01-02-23_r04.wav,561888,0.008507,1,
write,write,,,audio_medium,polyglot,4,03-02-03-02-02-02-01_r04.wav,561882,0.007460,1,
write,write,,,audio_medium,pg_bytea,4,03-02-03-02-02-02-01_r04.wav,561882,0.014704,1,
write,write,,,audio_medium,mongo_gridfs,4,03-02-03-02-02-02-01_r04.wav,561882,0.008417,1,
write,write,,,audio_medium,mongo_gridfs,4,03-02-03-02-02-02-02_r04.wav,523448,0.006237,1,
write,write,,,audio_medium,pg_bytea,4,03-02-03-02-02-02-02_r04.wav,523448,0.013934,1,
write,write,,,audio_medium,polyglot,4,03-02-03-02-02-02-02_r04.wav,523448,0.007086,1,
write,write,,,audio_medium,mongo_gridfs,4,03-02-03-02-02-02-03_r04.wav,561888,0.006374,1,
write,write,,,audio_medium,polyglot,4,03-02-03-02-02-02-03_r04.wav,561888,0.006472,1,
write,write,,,audio_medium,pg_bytea,4,03-02-03-02-02-02-03_r04.wav,561888,0.014344,1,
write,write,,,audio_medium,pg_bytea,4,03-02-03-02-02-02-15_r04.wav,523448,0.020816,1,
write,write,,,audio_medium,polyglot,4,03-02-03-02-02-02-15_r04.wav,523448,0.009232,1,
write,write,,,audio_medium,mongo_gridfs,4,03-02-03-02-02-02-15_r04.wav,523448,0.007039,1,
write,write,,,audio_medium,polyglot,4,03-02-03-02-02-02-16_r04.wav,561882,0.006823,1,
write,write,,,audio_medium,mongo_gridfs,4,03-02-03-02-02-02-16_r04.wav,561882,0.006946,1,
write,write,,,audio_medium,pg_bytea,4,03-02-03-02-02-02-16_r04.wav,561882,0.015418,1,
write,write,,,audio_medium,pg_bytea,4,03-02-03-02-02-02-17_r04.wav,523448,0.014372,1,
write,write,,,audio_medium,polyglot,4,03-02-03-02-02-02-17_r04.wav,523448,0.012873,1,
write,write,,,audio_medium,mongo_gridfs,4,03-02-03-02-02-02-17_r04.wav,523448,0.006278,1,
write,write,,,audio_medium,polyglot,4,03-02-04-01-01-02-05_r04.wav,561882,0.007346,1,
write,write,,,audio_medium,mongo_gridfs,4,03-02-04-01-01-02-05_r04.wav,561882,0.006141,1,
write,write,,,audio_medium,pg_bytea,4,03-02-04-01-01-02-05_r04.wav,561882,0.014390,1,
write,write,,,audio_medium,polyglot,4,03-02-04-01-01-02-06_r04.wav,526650,0.006760,1,
write,write,,,audio_medium,mongo_gridfs,4,03-02-04-01-01-02-06_r04.wav,526650,0.006640,1,
write,write,,,audio_medium,pg_bytea,4,03-02-04-01-01-02-06_r04.wav,526650,0.013272,1,
write,write,,,audio_medium,mongo_gridfs,4,03-02-04-01-01-02-07_r04.wav,523448,0.007975,1,
write,write,,,audio_medium,polyglot,4,03-02-04-01-01-02-07_r04.wav,523448,0.006223,1,
write,write,,,audio_medium,pg_bytea,4,03-02-04-01-01-02-07_r04.wav,523448,0.013140,1,
write,write,,,audio_medium,polyglot,4,03-02-04-01-01-02-11_r04.wav,539464,0.007674,1,
write,write,,,audio_medium,pg_bytea,4,03-02-04-01-01-02-11_r04.wav,539464,0.013245,1,
write,write,,,audio_medium,mongo_gridfs,4,03-02-04-01-01-02-11_r04.wav,539464,0.007550,1,
write,write,,,audio_medium,mongo_gridfs,4,03-02-04-01-01-02-12_r04.wav,523448,0.006665,1,
write,write,,,audio_medium,polyglot,4,03-02-04-01-01-02-12_r04.wav,523448,0.007085,1,
write,write,,,audio_medium,pg_bytea,4,03-02-04-01-01-02-12_r04.wav,523448,0.014519,1,
write,write,,,audio_medium,pg_bytea,4,03-02-04-01-01-02-13_r04.wav,539464,0.016823,1,
write,write,,,audio_medium,mongo_gridfs,4,03-02-04-01-01-02-13_r04.wav,539464,0.008802,1,
write,write,,,audio_medium,polyglot,4,03-02-04-01-01-02-13_r04.wav,539464,0.007059,1,
write,write,,,audio_medium,mongo_gridfs,4,03-02-04-01-02-02-19_r04.wav,561888,0.006250,1,
write,write,,,audio_medium,polyglot,4,03-02-04-01-02-02-19_r04.wav,561888,0.007390,1,
write,write,,,audio_medium,pg_bytea,4,03-02-04-01-02-02-19_r04.wav,561888,0.015519,1,
write,write,,,audio_medium,mongo_gridfs,4,03-02-04-02-02-02-05_r04.wav,526650,0.007355,1,
write,write,,,audio_medium,polyglot,4,03-02-04-02-02-02-05_r04.wav,526650,0.006975,1,
write,write,,,audio_medium,pg_bytea,4,03-02-04-02-02-02-05_r04.wav,526650,0.012937,1,
write,write,,,audio_medium,pg_bytea,4,03-02-04-02-02-02-06_r04.wav,526650,0.017520,1,
write,write,,,audio_medium,mongo_gridfs,4,03-02-04-02-02-02-06_r04.wav,526650,0.009052,1,
write,write,,,audio_medium,polyglot,4,03-02-04-02-02-02-06_r04.wav,526650,0.008585,1,
write,write,,,audio_medium,polyglot,4,03-02-04-02-02-02-07_r04.wav,561888,0.007401,1,
write,write,,,audio_medium,mongo_gridfs,4,03-02-04-02-02-02-07_r04.wav,561888,0.006853,1,
write,write,,,audio_medium,pg_bytea,4,03-02-04-02-02-02-07_r04.wav,561888,0.014645,1,
write,write,,,audio_medium,pg_bytea,4,03-02-04-02-02-02-11_r04.wav,561888,0.014527,1,
write,write,,,audio_medium,polyglot,4,03-02-04-02-02-02-11_r04.wav,561888,0.008518,1,
write,write,,,audio_medium,mongo_gridfs,4,03-02-04-02-02-02-11_r04.wav,561888,0.006907,1,
write,write,,,audio_medium,polyglot,4,03-02-04-02-02-02-12_r04.wav,523448,0.006441,1,
write,write,,,audio_medium,mongo_gridfs,4,03-02-04-02-02-02-12_r04.wav,523448,0.005802,1,
write,write,,,audio_medium,pg_bytea,4,03-02-04-02-02-02-12_r04.wav,523448,0.013361,1,
write,write,,,audio_medium,pg_bytea,4,03-02-04-02-02-02-13_r04.wav,533056,0.013786,1,
write,write,,,audio_medium,polyglot,4,03-02-04-02-02-02-13_r04.wav,533056,0.007358,1,
write,write,,,audio_medium,mongo_gridfs,4,03-02-04-02-02-02-13_r04.wav,533056,0.006360,1,
write,write,,,audio_medium,mongo_gridfs,4,03-02-05-01-02-01-06_r04.wav,561882,0.007057,1,
write,write,,,audio_medium,pg_bytea,4,03-02-05-01-02-01-06_r04.wav,561882,0.013800,1,
write,write,,,audio_medium,polyglot,4,03-02-05-01-02-01-06_r04.wav,561882,0.007100,1,
write,write,,,audio_medium,pg_bytea,4,03-02-05-01-02-01-07_r04.wav,520242,0.012770,1,
write,write,,,audio_medium,mongo_gridfs,4,03-02-05-01-02-01-07_r04.wav,520242,0.006520,1,
write,write,,,audio_medium,polyglot,4,03-02-05-01-02-01-07_r04.wav,520242,0.006586,1,
write,write,,,audio_medium,polyglot,4,03-02-05-01-02-01-12_r04.wav,520242,0.006548,1,
write,write,,,audio_medium,pg_bytea,4,03-02-05-01-02-01-12_r04.wav,520242,0.013735,1,
write,write,,,audio_medium,mongo_gridfs,4,03-02-05-01-02-01-12_r04.wav,520242,0.007327,1,
write,write,,,audio_medium,mongo_gridfs,4,03-02-05-01-02-01-13_r04.wav,561888,0.007067,1,
write,write,,,audio_medium,pg_bytea,4,03-02-05-01-02-01-13_r04.wav,561888,0.017423,1,
write,write,,,audio_medium,polyglot,4,03-02-05-01-02-01-13_r04.wav,561888,0.008707,1,
write,write,,,audio_medium,polyglot,4,03-02-05-02-01-01-05_r04.wav,539464,0.006792,1,
write,write,,,audio_medium,pg_bytea,4,03-02-05-02-01-01-05_r04.wav,539464,0.013998,1,
write,write,,,audio_medium,mongo_gridfs,4,03-02-05-02-01-01-05_r04.wav,539464,0.007816,1,
write,write,,,audio_medium,polyglot,4,03-02-05-02-01-01-06_r04.wav,561888,0.007197,1,
write,write,,,audio_medium,pg_bytea,4,03-02-05-02-01-01-06_r04.wav,561888,0.014272,1,
write,write,,,audio_medium,mongo_gridfs,4,03-02-05-02-01-01-06_r04.wav,561888,0.007964,1,
write,write,,,audio_medium,pg_bytea,4,03-02-05-02-01-01-07_r04.wav,533056,0.014716,1,
write,write,,,audio_medium,polyglot,4,03-02-05-02-01-01-07_r04.wav,533056,0.007678,1,
write,write,,,audio_medium,mongo_gridfs,4,03-02-05-02-01-01-07_r04.wav,533056,0.008585,1,
write,write,,,audio_medium,pg_bytea,4,03-02-05-02-01-01-11_r04.wav,561888,0.014621,1,
write,write,,,audio_medium,mongo_gridfs,4,03-02-05-02-01-01-11_r04.wav,561888,0.008520,1,
write,write,,,audio_medium,polyglot,4,03-02-05-02-01-01-11_r04.wav,561888,0.007584,1,
write,write,,,audio_medium,pg_bytea,4,03-02-05-02-01-01-12_r04.wav,533056,0.012960,1,
write,write,,,audio_medium,polyglot,4,03-02-05-02-01-01-12_r04.wav,533056,0.005552,1,
write,write,,,audio_medium,mongo_gridfs,4,03-02-05-02-01-01-12_r04.wav,533056,0.005218,1,
write,write,,,audio_medium,polyglot,4,03-02-05-02-01-01-13_r04.wav,526650,0.005151,1,
write,write,,,audio_medium,pg_bytea,4,03-02-05-02-01-01-13_r04.wav,526650,0.012458,1,
write,write,,,audio_medium,mongo_gridfs,4,03-02-05-02-01-01-13_r04.wav,526650,0.005677,1,
write,write,,,video_small,mongo_gridfs,4,01-01-01-01-01-01-22_r04.mp4,5457041,0.043181,1,
write,write,,,video_small,polyglot,4,01-01-01-01-01-01-22_r04.mp4,5457041,0.043994,1,
write,write,,,video_small,pg_bytea,4,01-01-01-01-01-01-22_r04.mp4,5457041,0.172525,1,
write,write,,,video_small,mongo_gridfs,4,01-01-01-01-01-02-01_r04.mp4,5457041,0.051491,1,
write,write,,,video_small,polyglot,4,01-01-01-01-01-02-01_r04.mp4,5457041,0.045900,1,
write,write,,,video_small,pg_bytea,4,01-01-01-01-01-02-01_r04.mp4,5457041,0.145814,1,
write,write,,,video_small,pg_bytea,4,01-01-01-01-01-02-15_r04.mp4,5457041,0.142948,1,
write,write,,,video_small,mongo_gridfs,4,01-01-01-01-01-02-15_r04.mp4,5457041,0.048060,1,
write,write,,,video_small,polyglot,4,01-01-01-01-01-02-15_r04.mp4,5457041,0.047991,1,
write,write,,,video_small,pg_bytea,4,01-01-01-01-02-01-06_r04.mp4,5457041,0.157299,1,
write,write,,,video_small,polyglot,4,01-01-01-01-02-01-06_r04.mp4,5457041,0.046583,1,
write,write,,,video_small,mongo_gridfs,4,01-01-01-01-02-01-06_r04.mp4,5457041,0.044776,1,
write,write,,,video_small,pg_bytea,4,01-01-01-01-02-01-13_r04.mp4,5457041,0.173909,1,
write,write,,,video_small,mongo_gridfs,4,01-01-01-01-02-01-13_r04.mp4,5457041,0.046452,1,
write,write,,,video_small,polyglot,4,01-01-01-01-02-01-13_r04.mp4,5457041,0.044481,1,
write,write,,,video_small,polyglot,4,01-01-01-01-02-01-14_r04.mp4,5457041,0.077787,1,
write,write,,,video_small,pg_bytea,4,01-01-01-01-02-01-14_r04.mp4,5457041,0.148226,1,
write,write,,,video_small,mongo_gridfs,4,01-01-01-01-02-01-14_r04.mp4,5457041,0.046206,1,
write,write,,,video_small,pg_bytea,4,01-01-01-01-02-02-09_r04.mp4,5498397,0.153238,1,
write,write,,,video_small,mongo_gridfs,4,01-01-01-01-02-02-09_r04.mp4,5498397,0.042991,1,
write,write,,,video_small,polyglot,4,01-01-01-01-02-02-09_r04.mp4,5498397,0.051621,1,
write,write,,,video_small,mongo_gridfs,4,01-01-01-02-01-01-01_r04.mp4,5498397,0.049106,1,
write,write,,,video_small,pg_bytea,4,01-01-01-02-01-01-01_r04.mp4,5498397,0.144315,1,
write,write,,,video_small,polyglot,4,01-01-01-02-01-01-01_r04.mp4,5498397,0.044807,1,
write,write,,,video_small,mongo_gridfs,4,01-01-01-02-01-01-05_r04.mp4,5457041,0.042092,1,
write,write,,,video_small,polyglot,4,01-01-01-02-01-01-05_r04.mp4,5457041,0.045841,1,
write,write,,,video_small,pg_bytea,4,01-01-01-02-01-01-05_r04.mp4,5457041,0.142189,1,
write,write,,,video_small,polyglot,4,01-01-01-02-01-01-15_r04.mp4,5457041,0.044220,1,
write,write,,,video_small,pg_bytea,4,01-01-01-02-01-01-15_r04.mp4,5457041,0.142700,1,
write,write,,,video_small,mongo_gridfs,4,01-01-01-02-01-01-15_r04.mp4,5457041,0.041956,1,
write,write,,,video_small,mongo_gridfs,4,01-01-01-02-02-01-18_r04.mp4,5457041,0.044006,1,
write,write,,,video_small,polyglot,4,01-01-01-02-02-01-18_r04.mp4,5457041,0.045950,1,
write,write,,,video_small,pg_bytea,4,01-01-01-02-02-01-18_r04.mp4,5457041,0.140698,1,
write,write,,,video_small,pg_bytea,4,01-01-01-02-02-01-19_r04.mp4,5457041,0.140869,1,
write,write,,,video_small,mongo_gridfs,4,01-01-01-02-02-01-19_r04.mp4,5457041,2.091253,1,
write,write,,,video_small,polyglot,4,01-01-01-02-02-01-19_r04.mp4,5457041,0.065813,1,
write,write,,,video_small,polyglot,4,01-01-02-01-01-02-09_r04.mp4,5498397,0.048335,1,
write,write,,,video_small,mongo_gridfs,4,01-01-02-01-01-02-09_r04.mp4,5498397,0.040561,1,
write,write,,,video_small,pg_bytea,4,01-01-02-01-01-02-09_r04.mp4,5498397,0.145723,1,
write,write,,,video_small,mongo_gridfs,4,01-01-02-01-01-02-18_r04.mp4,5498397,0.066864,1,
write,write,,,video_small,polyglot,4,01-01-02-01-01-02-18_r04.mp4,5498397,0.043484,1,
write,write,,,video_small,pg_bytea,4,01-01-02-01-01-02-18_r04.mp4,5498397,0.146064,1,
write,write,,,video_small,polyglot,4,01-01-02-01-01-02-23_r04.mp4,5498397,0.043757,1,
write,write,,,video_small,mongo_gridfs,4,01-01-02-01-01-02-23_r04.mp4,5498397,0.042162,1,
write,write,,,video_small,pg_bytea,4,01-01-02-01-01-02-23_r04.mp4,5498397,0.142266,1,
write,write,,,video_small,polyglot,4,01-01-02-01-02-01-09_r04.mp4,5498397,0.044847,1,
write,write,,,video_small,pg_bytea,4,01-01-02-01-02-01-09_r04.mp4,5498397,0.142698,1,
write,write,,,video_small,mongo_gridfs,4,01-01-02-01-02-01-09_r04.mp4,5498397,0.041839,1,
write,write,,,video_small,pg_bytea,4,01-01-02-01-02-02-01_r04.mp4,5498397,0.139115,1,
write,write,,,video_small,polyglot,4,01-01-02-01-02-02-01_r04.mp4,5498397,0.044635,1,
write,write,,,video_small,mongo_gridfs,4,01-01-02-01-02-02-01_r04.mp4,5498397,0.041693,1,
write,write,,,video_small,polyglot,4,01-01-02-01-02-02-03_r04.mp4,5498397,0.043806,1,
write,write,,,video_small,mongo_gridfs,4,01-01-02-01-02-02-03_r04.mp4,5498397,0.043845,1,
write,write,,,video_small,pg_bytea,4,01-01-02-01-02-02-03_r04.mp4,5498397,0.142871,1,
write,write,,,video_small,mongo_gridfs,4,01-01-02-02-01-02-02_r04.mp4,5498397,0.066779,1,
write,write,,,video_small,pg_bytea,4,01-01-02-02-01-02-02_r04.mp4,5498397,0.155095,1,
write,write,,,video_small,polyglot,4,01-01-02-02-01-02-02_r04.mp4,5498397,0.053495,1,
write,write,,,video_small,polyglot,4,01-01-02-02-01-02-03_r04.mp4,5498397,0.045904,1,
write,write,,,video_small,pg_bytea,4,01-01-02-02-01-02-03_r04.mp4,5498397,0.155198,1,
write,write,,,video_small,mongo_gridfs,4,01-01-02-02-01-02-03_r04.mp4,5498397,0.056841,1,
write,write,,,video_small,polyglot,4,01-01-02-02-01-02-05_r04.mp4,5498397,0.054955,1,
write,write,,,video_small,pg_bytea,4,01-01-02-02-01-02-05_r04.mp4,5498397,0.151799,1,
write,write,,,video_small,mongo_gridfs,4,01-01-02-02-01-02-05_r04.mp4,5498397,0.044100,1,
write,write,,,video_small,mongo_gridfs,4,01-01-02-02-01-02-10_r04.mp4,5457041,0.045301,1,
write,write,,,video_small,polyglot,4,01-01-02-02-01-02-10_r04.mp4,5457041,0.112842,1,
write,write,,,video_small,pg_bytea,4,01-01-02-02-01-02-10_r04.mp4,5457041,0.152668,1,
write,write,,,video_small,polyglot,4,01-01-02-02-01-02-13_r04.mp4,5457041,0.053951,1,
write,write,,,video_small,pg_bytea,4,01-01-02-02-01-02-13_r04.mp4,5457041,0.152492,1,
write,write,,,video_small,mongo_gridfs,4,01-01-02-02-01-02-13_r04.mp4,5457041,0.052456,1,
write,write,,,video_small,pg_bytea,4,01-01-02-02-01-02-17_r04.mp4,5457041,0.142723,1,
write,write,,,video_small,polyglot,4,01-01-02-02-01-02-17_r04.mp4,5457041,0.051624,1,
write,write,,,video_small,mongo_gridfs,4,01-01-02-02-01-02-17_r04.mp4,5457041,0.047953,1,
write,write,,,video_small,polyglot,4,01-01-02-02-02-02-18_r04.mp4,5457041,0.048045,1,
write,write,,,video_small,mongo_gridfs,4,01-01-02-02-02-02-18_r04.mp4,5457041,0.066340,1,
write,write,,,video_small,pg_bytea,4,01-01-02-02-02-02-18_r04.mp4,5457041,0.137437,1,
write,write,,,video_small,mongo_gridfs,4,01-01-02-02-02-02-19_r04.mp4,5457041,0.048005,1,
write,write,,,video_small,pg_bytea,4,01-01-02-02-02-02-19_r04.mp4,5457041,0.149960,1,
write,write,,,video_small,polyglot,4,01-01-02-02-02-02-19_r04.mp4,5457041,0.043978,1,
write,write,,,video_small,pg_bytea,4,01-01-02-02-02-02-21_r04.mp4,5498397,0.143820,1,
write,write,,,video_small,polyglot,4,01-01-02-02-02-02-21_r04.mp4,5498397,0.046113,1,
write,write,,,video_small,mongo_gridfs,4,01-01-02-02-02-02-21_r04.mp4,5498397,0.048969,1,
write,write,,,video_small,mongo_gridfs,4,01-01-02-02-02-02-22_r04.mp4,5457041,0.050153,1,
write,write,,,video_small,polyglot,4,01-01-02-02-02-02-22_r04.mp4,5457041,0.040241,1,
write,write,,,video_small,pg_bytea,4,01-01-02-02-02-02-22_r04.mp4,5457041,2.137184,1,
write,write,,,video_small,pg_bytea,4,01-01-02-02-02-02-23_r04.mp4,5457041,0.164296,1,
write,write,,,video_small,mongo_gridfs,4,01-01-02-02-02-02-23_r04.mp4,5457041,0.044593,1,
write,write,,,video_small,polyglot,4,01-01-02-02-02-02-23_r04.mp4,5457041,0.044686,1,
write,write,,,video_small,pg_bytea,4,01-01-03-01-01-01-12_r04.mp4,5457041,0.142297,1,
write,write,,,video_small,polyglot,4,01-01-03-01-01-01-12_r04.mp4,5457041,0.046452,1,
write,write,,,video_small,mongo_gridfs,4,01-01-03-01-01-01-12_r04.mp4,5457041,0.046726,1,
write,write,,,video_small,polyglot,4,01-01-03-01-01-01-15_r04.mp4,5457041,0.064924,1,
write,write,,,video_small,pg_bytea,4,01-01-03-01-01-01-15_r04.mp4,5457041,0.150260,1,
write,write,,,video_small,mongo_gridfs,4,01-01-03-01-01-01-15_r04.mp4,5457041,0.049319,1,
write,write,,,video_small,pg_bytea,4,01-01-03-01-02-01-08_r04.mp4,5498397,0.158427,1,
write,write,,,video_small,mongo_gridfs,4,01-01-03-01-02-01-08_r04.mp4,5498397,0.049783,1,
write,write,,,video_small,polyglot,4,01-01-03-01-02-01-08_r04.mp4,5498397,0.047245,1,
write,write,,,video_small,mongo_gridfs,4,01-01-03-01-02-01-21_r04.mp4,5498397,0.051004,1,
write,write,,,video_small,polyglot,4,01-01-03-01-02-01-21_r04.mp4,5498397,0.069979,1,
write,write,,,video_small,pg_bytea,4,01-01-03-01-02-01-21_r04.mp4,5498397,0.141868,1,
write,write,,,video_small,mongo_gridfs,4,01-01-03-02-01-01-21_r04.mp4,5457041,0.054996,1,
write,write,,,video_small,polyglot,4,01-01-03-02-01-01-21_r04.mp4,5457041,0.041473,1,
write,write,,,video_small,pg_bytea,4,01-01-03-02-01-01-21_r04.mp4,5457041,0.153322,1,
write,write,,,video_small,pg_bytea,4,01-01-03-02-01-01-24_r04.mp4,5457041,0.141651,1,
write,write,,,video_small,polyglot,4,01-01-03-02-01-01-24_r04.mp4,5457041,0.047764,1,
write,write,,,video_small,mongo_gridfs,4,01-01-03-02-01-01-24_r04.mp4,5457041,0.045330,1,
write,write,,,video_small,pg_bytea,4,01-01-03-02-01-02-01_r04.mp4,5457041,0.149680,1,
write,write,,,video_small,polyglot,4,01-01-03-02-01-02-01_r04.mp4,5457041,0.047380,1,
write,write,,,video_small,mongo_gridfs,4,01-01-03-02-01-02-01_r04.mp4,5457041,0.043127,1,
write,write,,,video_small,pg_bytea,4,01-01-03-02-01-02-15_r04.mp4,5457041,0.141628,1,
write,write,,,video_small,polyglot,4,01-01-03-02-01-02-15_r04.mp4,5457041,0.044075,1,
write,write,,,video_small,mongo_gridfs,4,01-01-03-02-01-02-15_r04.mp4,5457041,0.045509,1,
write,write,,,video_small,pg_bytea,4,01-01-03-02-02-01-05_r04.mp4,5457041,0.137984,1,
write,write,,,video_small,mongo_gridfs,4,01-01-03-02-02-01-05_r04.mp4,5457041,0.044647,1,
write,write,,,video_small,polyglot,4,01-01-03-02-02-01-05_r04.mp4,5457041,0.053554,1,
write,write,,,video_small,mongo_gridfs,4,01-01-03-02-02-01-12_r04.mp4,5457041,0.059577,1,
write,write,,,video_small,pg_bytea,4,01-01-03-02-02-01-12_r04.mp4,5457041,0.136634,1,
write,write,,,video_small,polyglot,4,01-01-03-02-02-01-12_r04.mp4,5457041,0.041952,1,
write,write,,,video_small,polyglot,4,01-01-03-02-02-01-15_r04.mp4,5498397,0.045069,1,
write,write,,,video_small,pg_bytea,4,01-01-03-02-02-01-15_r04.mp4,5498397,0.137906,1,
write,write,,,video_small,mongo_gridfs,4,01-01-03-02-02-01-15_r04.mp4,5498397,0.051273,1,
write,write,,,video_small,polyglot,4,01-01-04-01-01-01-03_r04.mp4,5457041,0.045800,1,
write,write,,,video_small,pg_bytea,4,01-01-04-01-01-01-03_r04.mp4,5457041,0.142270,1,
write,write,,,video_small,mongo_gridfs,4,01-01-04-01-01-01-03_r04.mp4,5457041,0.043275,1,
write,write,,,video_small,polyglot,4,01-01-04-01-01-01-05_r04.mp4,5498397,0.047713,1,
write,write,,,video_small,mongo_gridfs,4,01-01-04-01-01-01-05_r04.mp4,5498397,0.056129,1,
write,write,,,video_small,pg_bytea,4,01-01-04-01-01-01-05_r04.mp4,5498397,0.142125,1,
write,write,,,video_small,pg_bytea,4,01-01-04-01-01-01-10_r04.mp4,5457041,0.145790,1,
write,write,,,video_small,polyglot,4,01-01-04-01-01-01-10_r04.mp4,5457041,0.044648,1,
write,write,,,video_small,mongo_gridfs,4,01-01-04-01-01-01-10_r04.mp4,5457041,0.043719,1,
write,write,,,video_small,mongo_gridfs,4,01-01-04-01-01-01-16_r04.mp4,5457041,0.040534,1,
write,write,,,video_small,pg_bytea,4,01-01-04-01-01-01-16_r04.mp4,5457041,0.135288,1,
write,write,,,video_small,polyglot,4,01-01-04-01-01-01-16_r04.mp4,5457041,0.044130,1,
write,write,,,video_small,mongo_gridfs,4,01-01-04-01-02-01-19_r04.mp4,5498397,2.076494,1,
write,write,,,video_small,pg_bytea,4,01-01-04-01-02-01-19_r04.mp4,5498397,0.158428,1,
write,write,,,video_small,polyglot,4,01-01-04-01-02-01-19_r04.mp4,5498397,0.043180,1,
write,write,,,video_small,pg_bytea,4,01-01-04-01-02-01-21_r04.mp4,5498397,0.149297,1,
write,write,,,video_small,polyglot,4,01-01-04-01-02-01-21_r04.mp4,5498397,0.042876,1,
write,write,,,video_small,mongo_gridfs,4,01-01-04-01-02-01-21_r04.mp4,5498397,0.041153,1,
write,write,,,video_small,pg_bytea,4,01-01-04-01-02-01-22_r04.mp4,5498397,0.137866,1,
write,write,,,video_small,mongo_gridfs,4,01-01-04-01-02-01-22_r04.mp4,5498397,0.043147,1,
write,write,,,video_small,polyglot,4,01-01-04-01-02-01-22_r04.mp4,5498397,0.069354,1,
write,write,,,video_small,polyglot,4,01-01-04-02-01-01-18_r04.mp4,5498397,0.043922,1,
write,write,,,video_small,pg_bytea,4,01-01-04-02-01-01-18_r04.mp4,5498397,0.140654,1,
write,write,,,video_small,mongo_gridfs,4,01-01-04-02-01-01-18_r04.mp4,5498397,0.042000,1,
write,write,,,video_small,pg_bytea,4,01-01-04-02-01-01-19_r04.mp4,5457041,0.142785,1,
write,write,,,video_small,mongo_gridfs,4,01-01-04-02-01-01-19_r04.mp4,5457041,0.045936,1,
write,write,,,video_small,polyglot,4,01-01-04-02-01-01-19_r04.mp4,5457041,0.045662,1,
write,write,,,video_small,mongo_gridfs,4,01-01-04-02-02-01-02_r04.mp4,5498397,0.048959,1,
write,write,,,video_small,pg_bytea,4,01-01-04-02-02-01-02_r04.mp4,5498397,0.147064,1,
write,write,,,video_small,polyglot,4,01-01-04-02-02-01-02_r04.mp4,5498397,0.052085,1,
write,write,,,video_small,pg_bytea,4,01-01-04-02-02-01-05_r04.mp4,5498397,0.227952,1,
write,write,,,video_small,polyglot,4,01-01-04-02-02-01-05_r04.mp4,5498397,0.042728,1,
write,write,,,video_small,mongo_gridfs,4,01-01-04-02-02-01-05_r04.mp4,5498397,0.048205,1,
write,write,,,video_small,polyglot,4,01-01-04-02-02-01-06_r04.mp4,5498397,0.045910,1,
write,write,,,video_small,mongo_gridfs,4,01-01-04-02-02-01-06_r04.mp4,5498397,0.046467,1,
write,write,,,video_small,pg_bytea,4,01-01-04-02-02-01-06_r04.mp4,5498397,0.158691,1,
write,write,,,video_small,polyglot,4,01-01-04-02-02-01-13_r04.mp4,5498397,0.049059,1,
write,write,,,video_small,pg_bytea,4,01-01-04-02-02-01-13_r04.mp4,5498397,0.144118,1,
write,write,,,video_small,mongo_gridfs,4,01-01-04-02-02-01-13_r04.mp4,5498397,0.041834,1,
write,write,,,video_small,mongo_gridfs,4,01-01-04-02-02-01-17_r04.mp4,5498397,0.043762,1,
write,write,,,video_small,polyglot,4,01-01-04-02-02-01-17_r04.mp4,5498397,0.085758,1,
write,write,,,video_small,pg_bytea,4,01-01-04-02-02-01-17_r04.mp4,5498397,0.144116,1,
write,write,,,video_small,polyglot,4,01-01-04-02-02-02-19_r04.mp4,5498397,0.046027,1,
write,write,,,video_small,mongo_gridfs,4,01-01-04-02-02-02-19_r04.mp4,5498397,0.044355,1,
write,write,,,video_small,pg_bytea,4,01-01-04-02-02-02-19_r04.mp4,5498397,0.138308,1,
write,write,,,video_small,pg_bytea,4,01-01-05-01-01-02-09_r04.mp4,5457041,0.144592,1,
write,write,,,video_small,polyglot,4,01-01-05-01-01-02-09_r04.mp4,5457041,0.044365,1,
write,write,,,video_small,mongo_gridfs,4,01-01-05-01-01-02-09_r04.mp4,5457041,0.046815,1,
write,write,,,video_small,pg_bytea,4,01-01-05-01-01-02-19_r04.mp4,5498397,0.157213,1,
write,write,,,video_small,polyglot,4,01-01-05-01-01-02-19_r04.mp4,5498397,0.041301,1,
write,write,,,video_small,mongo_gridfs,4,01-01-05-01-01-02-19_r04.mp4,5498397,0.049255,1,
write,write,,,video_small,polyglot,4,01-01-05-01-01-02-21_r04.mp4,5457041,0.074282,1,
write,write,,,video_small,pg_bytea,4,01-01-05-01-01-02-21_r04.mp4,5457041,0.151925,1,
write,write,,,video_small,mongo_gridfs,4,01-01-05-01-01-02-21_r04.mp4,5457041,0.048807,1,
write,write,,,video_small,polyglot,4,01-01-05-01-02-01-19_r04.mp4,5457041,0.045891,1,
write,write,,,video_small,pg_bytea,4,01-01-05-01-02-01-19_r04.mp4,5457041,0.154480,1,
write,write,,,video_small,mongo_gridfs,4,01-01-05-01-02-01-19_r04.mp4,5457041,0.052179,1,
write,write,,,video_small,pg_bytea,4,01-01-05-01-02-02-04_r04.mp4,5457041,0.151423,1,
write,write,,,video_small,polyglot,4,01-01-05-01-02-02-04_r04.mp4,5457041,0.043629,1,
write,write,,,video_small,mongo_gridfs,4,01-01-05-01-02-02-04_r04.mp4,5457041,0.042995,1,
write,write,,,video_small,pg_bytea,4,01-01-05-01-02-02-05_r04.mp4,5498397,2.065479,1,
write,write,,,video_small,polyglot,4,01-01-05-01-02-02-05_r04.mp4,5498397,0.057224,1,
write,write,,,video_small,mongo_gridfs,4,01-01-05-01-02-02-05_r04.mp4,5498397,0.042862,1,
write,write,,,video_small,mongo_gridfs,4,01-01-05-02-01-02-04_r04.mp4,5457041,0.048985,1,
write,write,,,video_small,polyglot,4,01-01-05-02-01-02-04_r04.mp4,5457041,0.043988,1,
write,write,,,video_small,pg_bytea,4,01-01-05-02-01-02-04_r04.mp4,5457041,0.155684,1,
write,write,,,video_small,pg_bytea,4,01-01-05-02-01-02-12_r04.mp4,5457041,0.143686,1,
write,write,,,video_small,polyglot,4,01-01-05-02-01-02-12_r04.mp4,5457041,0.050468,1,
write,write,,,video_small,mongo_gridfs,4,01-01-05-02-01-02-12_r04.mp4,5457041,0.042545,1,
write,write,,,video_small,polyglot,4,01-01-05-02-01-02-14_r04.mp4,5457041,0.044078,1,
write,write,,,video_small,pg_bytea,4,01-01-05-02-01-02-14_r04.mp4,5457041,0.146182,1,
write,write,,,video_small,mongo_gridfs,4,01-01-05-02-01-02-14_r04.mp4,5457041,0.045807,1,
write,write,,,video_small,mongo_gridfs,4,01-01-05-02-02-02-19_r04.mp4,5498397,0.060716,1,
write,write,,,video_small,pg_bytea,4,01-01-05-02-02-02-19_r04.mp4,5498397,0.151925,1,
write,write,,,video_small,polyglot,4,01-01-05-02-02-02-19_r04.mp4,5498397,0.042238,1,
write,write,,,video_small,polyglot,4,01-01-05-02-02-02-20_r04.mp4,5498397,0.050311,1,
write,write,,,video_small,mongo_gridfs,4,01-01-05-02-02-02-20_r04.mp4,5498397,0.043596,1,
write,write,,,video_small,pg_bytea,4,01-01-05-02-02-02-20_r04.mp4,5498397,0.144852,1,
write,write,,,video_small,pg_bytea,4,01-01-05-02-02-02-23_r04.mp4,5457041,0.148687,1,
write,write,,,video_small,polyglot,4,01-01-05-02-02-02-23_r04.mp4,5457041,0.046656,1,
write,write,,,video_small,mongo_gridfs,4,01-01-05-02-02-02-23_r04.mp4,5457041,0.046015,1,
write,write,,,video_small,pg_bytea,4,01-01-06-01-01-01-08_r04.mp4,5457041,0.147870,1,
write,write,,,video_small,mongo_gridfs,4,01-01-06-01-01-01-08_r04.mp4,5457041,0.047981,1,
write,write,,,video_small,polyglot,4,01-01-06-01-01-01-08_r04.mp4,5457041,0.047072,1,
write,write,,,video_small,mongo_gridfs,4,01-01-06-01-01-01-19_r04.mp4,5457041,0.071780,1,
write,write,,,video_small,pg_bytea,4,01-01-06-01-01-01-19_r04.mp4,5457041,0.140327,1,
write,write,,,video_small,polyglot,4,01-01-06-01-01-01-19_r04.mp4,5457041,0.048941,1,
write,write,,,video_small,polyglot,4,01-01-06-01-01-01-24_r04.mp4,5498397,0.083928,1,
write,write,,,video_small,mongo_gridfs,4,01-01-06-01-01-01-24_r04.mp4,5498397,0.044576,1,
write,write,,,video_small,pg_bytea,4,01-01-06-01-01-01-24_r04.mp4,5498397,0.151348,1,
write,write,,,video_medium,mongo_gridfs,4,tsinghua_v_0024_r04.mp4,13091522,0.110344,1,
write,write,,,video_medium,pg_bytea,4,tsinghua_v_0024_r04.mp4,13091522,0.374103,1,
write,write,,,video_medium,polyglot,4,tsinghua_v_0024_r04.mp4,13091522,0.109591,1,
write,write,,,video_medium,polyglot,4,tsinghua_v_0046_r04.mp4,13091522,0.149496,1,
write,write,,,video_medium,pg_bytea,4,tsinghua_v_0046_r04.mp4,13091522,0.431287,1,
write,write,,,video_medium,mongo_gridfs,4,tsinghua_v_0046_r04.mp4,13091522,0.117569,1,
write,write,,,video_medium,pg_bytea,4,tsinghua_v_0076_r04.mp4,13091522,2.424406,1,
write,write,,,video_medium,polyglot,4,tsinghua_v_0076_r04.mp4,13091522,0.105426,1,
write,write,,,video_medium,mongo_gridfs,4,tsinghua_v_0076_r04.mp4,13091522,0.120546,1,
write,write,,,video_medium,polyglot,4,tsinghua_v_0080_r04.mp4,13091522,0.100327,1,
write,write,,,video_medium,pg_bytea,4,tsinghua_v_0080_r04.mp4,13091522,0.336940,1,
write,write,,,video_medium,mongo_gridfs,4,tsinghua_v_0080_r04.mp4,13091522,0.097110,1,
write,write,,,video_medium,mongo_gridfs,4,tsinghua_v_0109_r04.mp4,13091522,0.128238,1,
write,write,,,video_medium,polyglot,4,tsinghua_v_0109_r04.mp4,13091522,0.102642,1,
write,write,,,video_medium,pg_bytea,4,tsinghua_v_0109_r04.mp4,13091522,0.346902,1,
write,write,,,video_medium,polyglot,4,tsinghua_v_0123_r04.mp4,13091522,0.109443,1,
write,write,,,video_medium,pg_bytea,4,tsinghua_v_0123_r04.mp4,13091522,0.339709,1,
write,write,,,video_medium,mongo_gridfs,4,tsinghua_v_0123_r04.mp4,13091522,0.120459,1,
write,write,,,video_medium,pg_bytea,4,tsinghua_v_0130_r04.mp4,13091522,0.334724,1,
write,write,,,video_medium,mongo_gridfs,4,tsinghua_v_0130_r04.mp4,13091522,0.115862,1,
write,write,,,video_medium,polyglot,4,tsinghua_v_0130_r04.mp4,13091522,0.098403,1,
write,write,,,video_medium,polyglot,4,tsinghua_v_0135_r04.mp4,13091522,0.109458,1,
write,write,,,video_medium,mongo_gridfs,4,tsinghua_v_0135_r04.mp4,13091522,0.094023,1,
write,write,,,video_medium,pg_bytea,4,tsinghua_v_0135_r04.mp4,13091522,0.393694,1,
write,write,,,video_medium,polyglot,4,tsinghua_v_0137_r04.mp4,13091522,0.103064,1,
write,write,,,video_medium,pg_bytea,4,tsinghua_v_0137_r04.mp4,13091522,0.526502,1,
write,write,,,video_medium,mongo_gridfs,4,tsinghua_v_0137_r04.mp4,13091522,0.104298,1,
write,write,,,video_medium,mongo_gridfs,4,tsinghua_v_0140_r04.mp4,13091522,0.119870,1,
write,write,,,video_medium,polyglot,4,tsinghua_v_0140_r04.mp4,13091522,0.099195,1,
write,write,,,video_medium,pg_bytea,4,tsinghua_v_0140_r04.mp4,13091522,0.356428,1,
write,write,,,video_medium,mongo_gridfs,4,tsinghua_v_0151_r04.mp4,13091522,0.098822,1,
write,write,,,video_medium,pg_bytea,4,tsinghua_v_0151_r04.mp4,13091522,0.340938,1,
write,write,,,video_medium,polyglot,4,tsinghua_v_0151_r04.mp4,13091522,0.120220,1,
write,write,,,video_medium,pg_bytea,4,tsinghua_v_0157_r04.mp4,13091522,0.355949,1,
write,write,,,video_medium,polyglot,4,tsinghua_v_0157_r04.mp4,13091522,0.108327,1,
write,write,,,video_medium,mongo_gridfs,4,tsinghua_v_0157_r04.mp4,13091522,0.113808,1,
write,write,,,video_medium,mongo_gridfs,4,tsinghua_v_0209_r04.mp4,13091522,0.114022,1,
write,write,,,video_medium,pg_bytea,4,tsinghua_v_0209_r04.mp4,13091522,0.343402,1,
write,write,,,video_medium,polyglot,4,tsinghua_v_0209_r04.mp4,13091522,0.120598,1,
write,write,,,video_medium,polyglot,4,tsinghua_v_0226_r04.mp4,13091522,0.146720,1,
write,write,,,video_medium,mongo_gridfs,4,tsinghua_v_0226_r04.mp4,13091522,0.101687,1,
write,write,,,video_medium,pg_bytea,4,tsinghua_v_0226_r04.mp4,13091522,0.350974,1,
write,write,,,video_medium,pg_bytea,4,tsinghua_v_0236_r04.mp4,13091522,0.345612,1,
write,write,,,video_medium,mongo_gridfs,4,tsinghua_v_0236_r04.mp4,13091522,0.100007,1,
write,write,,,video_medium,polyglot,4,tsinghua_v_0236_r04.mp4,13091522,0.132094,1,
write,write,,,video_medium,mongo_gridfs,4,tsinghua_v_0274_r04.mp4,13091522,0.117877,1,
write,write,,,video_medium,pg_bytea,4,tsinghua_v_0274_r04.mp4,13091522,0.342593,1,
write,write,,,video_medium,polyglot,4,tsinghua_v_0274_r04.mp4,13091522,0.109071,1,
write,write,,,video_medium,pg_bytea,4,tsinghua_v_0280_r04.mp4,13091522,2.142607,1,
write,write,,,video_medium,mongo_gridfs,4,tsinghua_v_0280_r04.mp4,13091522,0.113584,1,
write,write,,,video_medium,polyglot,4,tsinghua_v_0280_r04.mp4,13091522,0.123790,1,
write,write,,,video_medium,mongo_gridfs,4,tsinghua_v_0302_r04.mp4,13091522,0.109112,1,
write,write,,,video_medium,polyglot,4,tsinghua_v_0302_r04.mp4,13091522,0.122974,1,
write,write,,,video_medium,pg_bytea,4,tsinghua_v_0302_r04.mp4,13091522,0.386920,1,
write,write,,,video_medium,mongo_gridfs,4,tsinghua_v_0311_r04.mp4,13091522,0.111011,1,
write,write,,,video_medium,polyglot,4,tsinghua_v_0311_r04.mp4,13091522,0.128739,1,
write,write,,,video_medium,pg_bytea,4,tsinghua_v_0311_r04.mp4,13091522,0.372863,1,
write,write,,,video_medium,polyglot,4,tsinghua_v_0316_r04.mp4,13091522,0.131675,1,
write,write,,,video_medium,mongo_gridfs,4,tsinghua_v_0316_r04.mp4,13091522,0.123296,1,
write,write,,,video_medium,pg_bytea,4,tsinghua_v_0316_r04.mp4,13091522,0.384658,1,
write,write,,,video_medium,mongo_gridfs,4,tsinghua_v_0319_r04.mp4,13091522,0.131000,1,
write,write,,,video_medium,pg_bytea,4,tsinghua_v_0319_r04.mp4,13091522,0.366559,1,
write,write,,,video_medium,polyglot,4,tsinghua_v_0319_r04.mp4,13091522,0.108605,1,
write,write,,,video_medium,polyglot,4,tsinghua_v_0321_r04.mp4,13091522,0.151348,1,
write,write,,,video_medium,mongo_gridfs,4,tsinghua_v_0321_r04.mp4,13091522,0.116035,1,
write,write,,,video_medium,pg_bytea,4,tsinghua_v_0321_r04.mp4,13091522,0.384780,1,
write,write,,,video_medium,pg_bytea,4,tsinghua_v_0331_r04.mp4,13091522,0.353873,1,
write,write,,,video_medium,mongo_gridfs,4,tsinghua_v_0331_r04.mp4,13091522,0.106485,1,
write,write,,,video_medium,polyglot,4,tsinghua_v_0331_r04.mp4,13091522,0.114143,1,
write,write,,,video_medium,pg_bytea,4,tsinghua_v_0345_r04.mp4,13091522,2.085784,1,
write,write,,,video_medium,polyglot,4,tsinghua_v_0345_r04.mp4,13091522,0.115821,1,
write,write,,,video_medium,mongo_gridfs,4,tsinghua_v_0345_r04.mp4,13091522,0.113355,1,
write,write,,,video_medium,pg_bytea,4,tsinghua_v_0356_r04.mp4,13091522,0.334297,1,
write,write,,,video_medium,polyglot,4,tsinghua_v_0356_r04.mp4,13091522,0.104834,1,
write,write,,,video_medium,mongo_gridfs,4,tsinghua_v_0356_r04.mp4,13091522,0.123712,1,
write,write,,,video_medium,mongo_gridfs,4,tsinghua_v_0357_r04.mp4,13091522,0.103079,1,
write,write,,,video_medium,polyglot,4,tsinghua_v_0357_r04.mp4,13091522,0.108206,1,
write,write,,,video_medium,pg_bytea,4,tsinghua_v_0357_r04.mp4,13091522,0.376237,1,
write,write,,,video_medium,mongo_gridfs,4,tsinghua_v_0379_r04.mp4,13091522,0.108688,1,
write,write,,,video_medium,polyglot,4,tsinghua_v_0379_r04.mp4,13091522,0.114380,1,
write,write,,,video_medium,pg_bytea,4,tsinghua_v_0379_r04.mp4,13091522,0.360578,1,
write,write,,,video_medium,polyglot,4,tsinghua_v_0393_r04.mp4,13091522,1.972043,1,
write,write,,,video_medium,mongo_gridfs,4,tsinghua_v_0393_r04.mp4,13091522,0.150702,1,
write,write,,,video_medium,pg_bytea,4,tsinghua_v_0393_r04.mp4,13091522,0.337479,1,
write,write,,,video_medium,mongo_gridfs,4,tsinghua_v_0421_r04.mp4,13091522,0.108667,1,
write,write,,,video_medium,polyglot,4,tsinghua_v_0421_r04.mp4,13091522,0.131778,1,
write,write,,,video_medium,pg_bytea,4,tsinghua_v_0421_r04.mp4,13091522,0.357911,1,
write,write,,,video_medium,pg_bytea,4,tsinghua_v_0424_r04.mp4,13091522,0.342615,1,
write,write,,,video_medium,mongo_gridfs,4,tsinghua_v_0424_r04.mp4,13091522,0.119564,1,
write,write,,,video_medium,polyglot,4,tsinghua_v_0424_r04.mp4,13091522,0.149003,1,
write,write,,,video_medium,mongo_gridfs,4,tsinghua_v_0427_r04.mp4,13091522,0.102392,1,
write,write,,,video_medium,polyglot,4,tsinghua_v_0427_r04.mp4,13091522,0.121820,1,
write,write,,,video_medium,pg_bytea,4,tsinghua_v_0427_r04.mp4,13091522,2.389327,1,
write,write,,,video_medium,polyglot,4,tsinghua_v_0431_r04.mp4,13091522,0.146966,1,
write,write,,,video_medium,mongo_gridfs,4,tsinghua_v_0431_r04.mp4,13091522,0.120246,1,
write,write,,,video_medium,pg_bytea,4,tsinghua_v_0431_r04.mp4,13091522,0.359880,1,
write,write,,,video_medium,pg_bytea,4,tsinghua_v_0452_r04.mp4,13091522,0.340495,1,
write,write,,,video_medium,polyglot,4,tsinghua_v_0452_r04.mp4,13091522,0.102619,1,
write,write,,,video_medium,mongo_gridfs,4,tsinghua_v_0452_r04.mp4,13091522,0.157302,1,
write,write,,,video_medium,polyglot,4,tsinghua_v_0454_r04.mp4,13091522,0.107025,1,
write,write,,,video_medium,pg_bytea,4,tsinghua_v_0454_r04.mp4,13091522,0.368128,1,
write,write,,,video_medium,mongo_gridfs,4,tsinghua_v_0454_r04.mp4,13091522,0.104963,1,
write,write,,,video_medium,mongo_gridfs,4,tsinghua_v_0457_r04.mp4,13091522,0.135737,1,
write,write,,,video_medium,pg_bytea,4,tsinghua_v_0457_r04.mp4,13091522,0.329519,1,
write,write,,,video_medium,polyglot,4,tsinghua_v_0457_r04.mp4,13091522,0.100437,1,
write,write,,,video_medium,polyglot,4,tsinghua_v_0466_r04.mp4,13091522,0.106472,1,
write,write,,,video_medium,pg_bytea,4,tsinghua_v_0466_r04.mp4,13091522,0.335649,1,
write,write,,,video_medium,mongo_gridfs,4,tsinghua_v_0466_r04.mp4,13091522,0.101607,1,
write,write,,,video_medium,pg_bytea,4,tsinghua_v_0471_r04.mp4,13091522,0.358292,1,
write,write,,,video_medium,mongo_gridfs,4,tsinghua_v_0471_r04.mp4,13091522,0.098762,1,
write,write,,,video_medium,polyglot,4,tsinghua_v_0471_r04.mp4,13091522,0.109993,1,
write,write,,,video_medium,pg_bytea,4,tsinghua_v_0472_r04.mp4,13091522,0.336644,1,
write,write,,,video_medium,polyglot,4,tsinghua_v_0472_r04.mp4,13091522,0.102382,1,
write,write,,,video_medium,mongo_gridfs,4,tsinghua_v_0472_r04.mp4,13091522,0.122946,1,
write,write,,,video_medium,mongo_gridfs,4,tsinghua_v_0494_r04.mp4,13091522,0.106921,1,
write,write,,,video_medium,pg_bytea,4,tsinghua_v_0494_r04.mp4,13091522,1.909179,1,
write,write,,,video_medium,polyglot,4,tsinghua_v_0494_r04.mp4,13091522,0.101593,1,
write,write,,,video_medium,mongo_gridfs,4,tsinghua_v_0503_r04.mp4,13091522,0.109285,1,
write,write,,,video_medium,polyglot,4,tsinghua_v_0503_r04.mp4,13091522,0.099911,1,
write,write,,,video_medium,pg_bytea,4,tsinghua_v_0503_r04.mp4,13091522,0.374658,1,
write,write,,,video_medium,polyglot,4,tsinghua_v_0509_r04.mp4,13091522,0.096489,1,
write,write,,,video_medium,mongo_gridfs,4,tsinghua_v_0509_r04.mp4,13091522,0.114647,1,
write,write,,,video_medium,pg_bytea,4,tsinghua_v_0509_r04.mp4,13091522,0.357293,1,
write,write,,,video_medium,pg_bytea,4,tsinghua_v_0523_r04.mp4,13091522,0.410877,1,
write,write,,,video_medium,mongo_gridfs,4,tsinghua_v_0523_r04.mp4,13091522,0.121941,1,
write,write,,,video_medium,polyglot,4,tsinghua_v_0523_r04.mp4,13091522,0.139361,1,
write,write,,,video_medium,polyglot,4,tsinghua_v_0546_r04.mp4,13091522,0.109718,1,
write,write,,,video_medium,pg_bytea,4,tsinghua_v_0546_r04.mp4,13091522,0.398286,1,
write,write,,,video_medium,mongo_gridfs,4,tsinghua_v_0546_r04.mp4,13091522,0.104095,1,
write,write,,,video_medium,pg_bytea,4,tsinghua_v_0568_r04.mp4,13091522,0.409103,1,
write,write,,,video_medium,polyglot,4,tsinghua_v_0568_r04.mp4,13091522,0.100138,1,
write,write,,,video_medium,mongo_gridfs,4,tsinghua_v_0568_r04.mp4,13091522,0.152996,1,
write,write,,,video_medium,polyglot,4,tsinghua_v_0594_r04.mp4,13091522,0.108995,1,
write,write,,,video_medium,pg_bytea,4,tsinghua_v_0594_r04.mp4,13091522,0.348263,1,
write,write,,,video_medium,mongo_gridfs,4,tsinghua_v_0594_r04.mp4,13091522,0.115323,1,
write,write,,,video_medium,polyglot,4,tsinghua_v_0596_r04.mp4,13091522,2.184078,1,
write,write,,,video_medium,mongo_gridfs,4,tsinghua_v_0596_r04.mp4,13091522,0.114483,1,
write,write,,,video_medium,pg_bytea,4,tsinghua_v_0596_r04.mp4,13091522,0.408046,1,
write,write,,,video_medium,polyglot,4,tsinghua_v_0635_r04.mp4,13091522,0.104935,1,
write,write,,,video_medium,mongo_gridfs,4,tsinghua_v_0635_r04.mp4,13091522,0.125409,1,
write,write,,,video_medium,pg_bytea,4,tsinghua_v_0635_r04.mp4,13091522,0.348568,1,
write,write,,,video_medium,polyglot,4,tsinghua_v_0653_r04.mp4,13091522,0.108369,1,
write,write,,,video_medium,mongo_gridfs,4,tsinghua_v_0653_r04.mp4,13091522,0.119519,1,
write,write,,,video_medium,pg_bytea,4,tsinghua_v_0653_r04.mp4,13091522,0.339827,1,
write,write,,,video_medium,pg_bytea,4,tsinghua_v_0667_r04.mp4,13091522,0.341143,1,
write,write,,,video_medium,mongo_gridfs,4,tsinghua_v_0667_r04.mp4,13091522,0.111391,1,
write,write,,,video_medium,polyglot,4,tsinghua_v_0667_r04.mp4,13091522,0.118239,1,
write,write,,,video_medium,pg_bytea,4,tsinghua_v_0673_r04.mp4,13091522,0.343702,1,
write,write,,,video_medium,mongo_gridfs,4,tsinghua_v_0673_r04.mp4,13091522,0.100684,1,
write,write,,,video_medium,polyglot,4,tsinghua_v_0673_r04.mp4,13091522,0.119533,1,
write,write,,,video_medium,pg_bytea,4,tsinghua_v_0681_r04.mp4,13091522,0.332212,1,
write,write,,,video_medium,mongo_gridfs,4,tsinghua_v_0681_r04.mp4,13091522,0.106948,1,
write,write,,,video_medium,polyglot,4,tsinghua_v_0681_r04.mp4,13091522,0.134301,1,
write,write,,,video_medium,mongo_gridfs,4,tsinghua_v_0690_r04.mp4,13091522,0.117901,1,
write,write,,,video_medium,pg_bytea,4,tsinghua_v_0690_r04.mp4,13091522,0.361678,1,
write,write,,,video_medium,polyglot,4,tsinghua_v_0690_r04.mp4,13091522,2.142615,1,
write,write,,,video_medium,pg_bytea,4,tsinghua_v_0692_r04.mp4,13091522,0.356105,1,
write,write,,,video_medium,polyglot,4,tsinghua_v_0692_r04.mp4,13091522,0.109116,1,
write,write,,,video_medium,mongo_gridfs,4,tsinghua_v_0692_r04.mp4,13091522,0.130003,1,
write,write,,,video_medium,pg_bytea,4,tsinghua_v_0696_r04.mp4,13091522,0.349673,1,
write,write,,,video_medium,mongo_gridfs,4,tsinghua_v_0696_r04.mp4,13091522,0.099982,1,
write,write,,,video_medium,polyglot,4,tsinghua_v_0696_r04.mp4,13091522,0.137519,1,
write,write,,,video_medium,mongo_gridfs,4,tsinghua_v_0734_r04.mp4,13091522,0.103671,1,
write,write,,,video_medium,pg_bytea,4,tsinghua_v_0734_r04.mp4,13091522,0.363941,1,
write,write,,,video_medium,polyglot,4,tsinghua_v_0734_r04.mp4,13091522,0.108052,1,
write,write,,,video_medium,mongo_gridfs,4,tsinghua_v_0737_r04.mp4,13091522,0.148199,1,
write,write,,,video_medium,pg_bytea,4,tsinghua_v_0737_r04.mp4,13091522,0.471511,1,
write,write,,,video_medium,polyglot,4,tsinghua_v_0737_r04.mp4,13091522,0.115500,1,
write,write,,,video_medium,pg_bytea,4,tsinghua_v_0744_r04.mp4,13091522,0.456396,1,
write,write,,,video_medium,mongo_gridfs,4,tsinghua_v_0744_r04.mp4,13091522,0.102694,1,
write,write,,,video_medium,polyglot,4,tsinghua_v_0744_r04.mp4,13091522,0.121219,1,
write,write,,,video_medium,pg_bytea,4,tsinghua_v_0745_r04.mp4,13091522,0.374513,1,
write,write,,,video_medium,polyglot,4,tsinghua_v_0745_r04.mp4,13091522,0.117916,1,
write,write,,,video_medium,mongo_gridfs,4,tsinghua_v_0745_r04.mp4,13091522,0.133695,1,
write,write,,,video_medium,polyglot,4,tsinghua_v_0769_r04.mp4,13091522,0.118546,1,
write,write,,,video_medium,mongo_gridfs,4,tsinghua_v_0769_r04.mp4,13091522,0.136652,1,
write,write,,,video_medium,pg_bytea,4,tsinghua_v_0769_r04.mp4,13091522,0.370789,1,
write,write,,,video_medium,mongo_gridfs,4,tsinghua_v_0791_r04.mp4,13091522,0.101450,1,
write,write,,,video_medium,polyglot,4,tsinghua_v_0791_r04.mp4,13091522,0.108595,1,
write,write,,,video_medium,pg_bytea,4,tsinghua_v_0791_r04.mp4,13091522,0.343520,1,
write,write,,,video_medium,mongo_gridfs,4,tsinghua_v_0792_r04.mp4,13091522,0.113272,1,
write,write,,,video_medium,polyglot,4,tsinghua_v_0792_r04.mp4,13091522,0.138730,1,
write,write,,,video_medium,pg_bytea,4,tsinghua_v_0792_r04.mp4,13091522,0.375534,1,
write,write,,,video_medium,pg_bytea,4,tsinghua_v_0857_r04.mp4,13091522,0.368143,1,
write,write,,,video_medium,mongo_gridfs,4,tsinghua_v_0857_r04.mp4,13091522,0.116979,1,
write,write,,,video_medium,polyglot,4,tsinghua_v_0857_r04.mp4,13091522,0.123667,1,
write,write,,,video_medium,mongo_gridfs,4,tsinghua_v_0866_r04.mp4,13091522,0.110855,1,
write,write,,,video_medium,polyglot,4,tsinghua_v_0866_r04.mp4,13091522,0.121431,1,
write,write,,,video_medium,pg_bytea,4,tsinghua_v_0866_r04.mp4,13091522,0.448831,1,
write,write,,,video_medium,pg_bytea,4,tsinghua_v_0880_r04.mp4,13091522,0.342140,1,
write,write,,,video_medium,mongo_gridfs,4,tsinghua_v_0880_r04.mp4,13091522,0.104207,1,
write,write,,,video_medium,polyglot,4,tsinghua_v_0880_r04.mp4,13091522,0.126306,1,
write,write,,,video_medium,pg_bytea,4,tsinghua_v_0888_r04.mp4,13091522,0.386954,1,
write,write,,,video_medium,mongo_gridfs,4,tsinghua_v_0888_r04.mp4,13091522,2.181327,1,
write,write,,,video_medium,polyglot,4,tsinghua_v_0888_r04.mp4,13091522,0.116650,1,
write,write,,,video_medium,polyglot,4,tsinghua_v_0901_r04.mp4,13091522,0.148220,1,
write,write,,,video_medium,pg_bytea,4,tsinghua_v_0901_r04.mp4,13091522,0.385740,1,
write,write,,,video_medium,mongo_gridfs,4,tsinghua_v_0901_r04.mp4,13091522,0.111079,1,
write,write,,,video_medium,polyglot,4,tsinghua_v_0937_r04.mp4,13091522,0.121451,1,
write,write,,,video_medium,mongo_gridfs,4,tsinghua_v_0937_r04.mp4,13091522,0.136983,1,
write,write,,,video_medium,pg_bytea,4,tsinghua_v_0937_r04.mp4,13091522,0.379536,1,
write,write,,,video_medium,pg_bytea,4,tsinghua_v_0939_r04.mp4,13091522,0.362377,1,
write,write,,,video_medium,mongo_gridfs,4,tsinghua_v_0939_r04.mp4,13091522,0.118248,1,
write,write,,,video_medium,polyglot,4,tsinghua_v_0939_r04.mp4,13091522,0.115740,1,
write,write,,,video_medium,polyglot,4,tsinghua_v_0961_r04.mp4,13091522,0.107097,1,
write,write,,,video_medium,mongo_gridfs,4,tsinghua_v_0961_r04.mp4,13091522,0.122263,1,
write,write,,,video_medium,pg_bytea,4,tsinghua_v_0961_r04.mp4,13091522,0.427353,1,
write,write,,,video_medium,polyglot,4,tsinghua_v_0977_r04.mp4,13091522,0.098776,1,
write,write,,,video_medium,mongo_gridfs,4,tsinghua_v_0977_r04.mp4,13091522,0.116648,1,
write,write,,,video_medium,pg_bytea,4,tsinghua_v_0977_r04.mp4,13091522,0.358246,1,
write,write,,,audio_small,polyglot,5,03-01-01-01-01-02-19_r05.wav,375720,0.012829,1,
write,write,,,audio_small,mongo_gridfs,5,03-01-01-01-01-02-19_r05.wav,375720,0.005046,1,
write,write,,,audio_small,pg_bytea,5,03-01-01-01-01-02-19_r05.wav,375720,0.011514,1,
write,write,,,audio_small,mongo_gridfs,5,03-01-01-01-02-02-05_r05.wav,396294,0.006064,1,
write,write,,,audio_small,polyglot,5,03-01-01-01-02-02-05_r05.wav,396294,0.005031,1,
write,write,,,audio_small,pg_bytea,5,03-01-01-01-02-02-05_r05.wav,396294,0.009705,1,
write,write,,,audio_small,mongo_gridfs,5,03-01-01-01-02-02-06_r05.wav,363108,0.005979,1,
write,write,,,audio_small,polyglot,5,03-01-01-01-02-02-06_r05.wav,363108,0.005772,1,
write,write,,,audio_small,pg_bytea,5,03-01-01-01-02-02-06_r05.wav,363108,0.013326,1,
write,write,,,audio_small,pg_bytea,5,03-01-01-01-02-02-07_r05.wav,363108,0.009398,1,
write,write,,,audio_small,polyglot,5,03-01-01-01-02-02-07_r05.wav,363108,0.006067,1,
write,write,,,audio_small,mongo_gridfs,5,03-01-01-01-02-02-07_r05.wav,363108,0.004243,1,
write,write,,,audio_small,pg_bytea,5,03-01-01-01-02-02-11_r05.wav,375720,0.013871,1,
write,write,,,audio_small,polyglot,5,03-01-01-01-02-02-11_r05.wav,375720,0.006626,1,
write,write,,,audio_small,mongo_gridfs,5,03-01-01-01-02-02-11_r05.wav,375720,0.005845,1,
write,write,,,audio_small,mongo_gridfs,5,03-01-01-01-02-02-12_r05.wav,372698,0.005007,1,
write,write,,,audio_small,polyglot,5,03-01-01-01-02-02-12_r05.wav,372698,0.005455,1,
write,write,,,audio_small,pg_bytea,5,03-01-01-01-02-02-12_r05.wav,372698,0.008839,1,
write,write,,,audio_small,mongo_gridfs,5,03-01-01-01-02-02-13_r05.wav,363108,0.004650,1,
write,write,,,audio_small,polyglot,5,03-01-01-01-02-02-13_r05.wav,363108,0.004650,1,
write,write,,,audio_small,pg_bytea,5,03-01-01-01-02-02-13_r05.wav,363108,0.008852,1,
write,write,,,audio_small,mongo_gridfs,5,03-01-01-02-01-02-05_r05.wav,393086,0.006395,1,
write,write,,,audio_small,polyglot,5,03-01-01-02-01-02-05_r05.wav,393086,0.005703,1,
write,write,,,audio_small,pg_bytea,5,03-01-01-02-01-02-05_r05.wav,393086,0.011020,1,
write,write,,,audio_small,polyglot,5,03-01-01-02-01-02-06_r05.wav,363108,0.007432,1,
write,write,,,audio_small,mongo_gridfs,5,03-01-01-02-01-02-06_r05.wav,363108,0.004667,1,
write,write,,,audio_small,pg_bytea,5,03-01-01-02-01-02-06_r05.wav,363108,0.009984,1,
write,write,,,audio_small,pg_bytea,5,03-01-01-02-01-02-07_r05.wav,372698,0.010582,1,
write,write,,,audio_small,mongo_gridfs,5,03-01-01-02-01-02-07_r05.wav,372698,0.008056,1,
write,write,,,audio_small,polyglot,5,03-01-01-02-01-02-07_r05.wav,372698,0.007361,1,
write,write,,,audio_small,mongo_gridfs,5,03-01-01-02-01-02-13_r05.wav,399494,0.006054,1,
write,write,,,audio_small,pg_bytea,5,03-01-01-02-01-02-13_r05.wav,399494,0.011753,1,
write,write,,,audio_small,polyglot,5,03-01-01-02-01-02-13_r05.wav,399494,0.005963,1,
write,write,,,audio_small,pg_bytea,5,03-01-01-02-02-02-19_r05.wav,372698,0.009850,1,
write,write,,,audio_small,mongo_gridfs,5,03-01-01-02-02-02-19_r05.wav,372698,0.004830,1,
write,write,,,audio_small,polyglot,5,03-01-01-02-02-02-19_r05.wav,372698,0.004582,1,
write,write,,,audio_small,polyglot,5,03-01-02-01-01-01-19_r05.wav,372698,0.004653,1,
write,write,,,audio_small,mongo_gridfs,5,03-01-02-01-01-01-19_r05.wav,372698,0.004538,1,
write,write,,,audio_small,pg_bytea,5,03-01-02-01-01-01-19_r05.wav,372698,0.009911,1,
write,write,,,audio_small,mongo_gridfs,5,03-01-02-01-02-01-06_r05.wav,363108,0.005376,1,
write,write,,,audio_small,pg_bytea,5,03-01-02-01-02-01-06_r05.wav,363108,0.010155,1,
write,write,,,audio_small,polyglot,5,03-01-02-01-02-01-06_r05.wav,363108,0.008800,1,
write,write,,,audio_small,pg_bytea,5,03-01-02-01-02-01-07_r05.wav,399494,0.011012,1,
write,write,,,audio_small,mongo_gridfs,5,03-01-02-01-02-01-07_r05.wav,399494,0.006202,1,
write,write,,,audio_small,polyglot,5,03-01-02-01-02-01-07_r05.wav,399494,0.010303,1,
write,write,,,audio_small,polyglot,5,03-01-02-01-02-01-11_r05.wav,375720,0.006306,1,
write,write,,,audio_small,pg_bytea,5,03-01-02-01-02-01-11_r05.wav,375720,0.010104,1,
write,write,,,audio_small,mongo_gridfs,5,03-01-02-01-02-01-11_r05.wav,375720,0.005098,1,
write,write,,,audio_small,polyglot,5,03-01-02-01-02-01-12_r05.wav,372698,0.005016,1,
write,write,,,audio_small,mongo_gridfs,5,03-01-02-01-02-01-12_r05.wav,372698,0.004228,1,
write,write,,,audio_small,pg_bytea,5,03-01-02-01-02-01-12_r05.wav,372698,0.010837,1,
write,write,,,audio_small,mongo_gridfs,5,03-01-02-01-02-01-13_r05.wav,379106,0.005507,1,
write,write,,,audio_small,polyglot,5,03-01-02-01-02-01-13_r05.wav,379106,0.005785,1,
write,write,,,audio_small,pg_bytea,5,03-01-02-01-02-01-13_r05.wav,379106,0.010390,1,
write,write,,,audio_small,mongo_gridfs,5,03-01-02-02-01-01-05_r05.wav,363108,0.004502,1,
write,write,,,audio_small,pg_bytea,5,03-01-02-02-01-01-05_r05.wav,363108,0.008907,1,
write,write,,,audio_small,polyglot,5,03-01-02-02-01-01-05_r05.wav,363108,0.005269,1,
write,write,,,audio_small,mongo_gridfs,5,03-01-02-02-01-01-11_r05.wav,363108,0.004841,1,
write,write,,,audio_small,pg_bytea,5,03-01-02-02-01-01-11_r05.wav,363108,0.010532,1,
write,write,,,audio_small,polyglot,5,03-01-02-02-01-01-11_r05.wav,363108,0.005324,1,
write,write,,,audio_small,mongo_gridfs,5,03-01-02-02-01-01-12_r05.wav,399494,0.005951,1,
write,write,,,audio_small,pg_bytea,5,03-01-02-02-01-01-12_r05.wav,399494,0.011218,1,
write,write,,,audio_small,polyglot,5,03-01-02-02-01-01-12_r05.wav,399494,0.006597,1,
write,write,,,audio_small,pg_bytea,5,03-01-02-02-01-01-13_r05.wav,399494,0.011158,1,
write,write,,,audio_small,polyglot,5,03-01-02-02-01-01-13_r05.wav,399494,0.005812,1,
write,write,,,audio_small,mongo_gridfs,5,03-01-02-02-01-01-13_r05.wav,399494,0.004590,1,
write,write,,,audio_small,mongo_gridfs,5,03-01-02-02-02-01-19_r05.wav,379106,0.005037,1,
write,write,,,audio_small,pg_bytea,5,03-01-02-02-02-01-19_r05.wav,379106,0.009661,1,
write,write,,,audio_small,polyglot,5,03-01-02-02-02-01-19_r05.wav,379106,0.005355,1,
write,write,,,audio_small,mongo_gridfs,5,03-01-03-01-01-02-05_r05.wav,396294,0.004586,1,
write,write,,,audio_small,pg_bytea,5,03-01-03-01-01-02-05_r05.wav,396294,0.010606,1,
write,write,,,audio_small,polyglot,5,03-01-03-01-01-02-05_r05.wav,396294,0.005680,1,
write,write,,,audio_small,pg_bytea,5,03-01-03-01-01-02-07_r05.wav,393086,0.010549,1,
write,write,,,audio_small,polyglot,5,03-01-03-01-01-02-07_r05.wav,393086,0.005907,1,
write,write,,,audio_small,mongo_gridfs,5,03-01-03-01-01-02-07_r05.wav,393086,0.005288,1,
write,write,,,audio_small,pg_bytea,5,03-01-03-01-01-02-12_r05.wav,399494,0.011552,1,
write,write,,,audio_small,polyglot,5,03-01-03-01-01-02-12_r05.wav,399494,0.006717,1,
write,write,,,audio_small,mongo_gridfs,5,03-01-03-01-01-02-12_r05.wav,399494,0.005231,1,
write,write,,,audio_small,pg_bytea,5,03-01-03-01-01-02-13_r05.wav,399494,0.012762,1,
write,write,,,audio_small,mongo_gridfs,5,03-01-03-01-01-02-13_r05.wav,399494,0.006766,1,
write,write,,,audio_small,polyglot,5,03-01-03-01-01-02-13_r05.wav,399494,0.006572,1,
write,write,,,audio_small,mongo_gridfs,5,03-01-03-01-02-02-18_r05.wav,393086,0.005050,1,
write,write,,,audio_small,polyglot,5,03-01-03-01-02-02-18_r05.wav,393086,0.005487,1,
write,write,,,audio_small,pg_bytea,5,03-01-03-01-02-02-18_r05.wav,393086,0.012483,1,
write,write,,,audio_small,mongo_gridfs,5,03-01-03-01-02-02-19_r05.wav,399494,0.005232,1,
write,write,,,audio_small,polyglot,5,03-01-03-01-02-02-19_r05.wav,399494,0.006890,1,
write,write,,,audio_small,pg_bytea,5,03-01-03-01-02-02-19_r05.wav,399494,0.010500,1,
write,write,,,audio_small,mongo_gridfs,5,03-01-03-02-01-02-18_r05.wav,396294,0.006576,1,
write,write,,,audio_small,pg_bytea,5,03-01-03-02-01-02-18_r05.wav,396294,0.010212,1,
write,write,,,audio_small,polyglot,5,03-01-03-02-01-02-18_r05.wav,396294,0.301106,1,
write,write,,,audio_small,polyglot,5,03-01-03-02-01-02-19_r05.wav,372698,0.090955,1,
write,write,,,audio_small,pg_bytea,5,03-01-03-02-01-02-19_r05.wav,372698,0.012800,1,
write,write,,,audio_small,mongo_gridfs,5,03-01-03-02-01-02-19_r05.wav,372698,0.089256,1,
write,write,,,audio_small,mongo_gridfs,5,03-01-03-02-02-02-04_r05.wav,379106,0.085826,1,
write,write,,,audio_small,pg_bytea,5,03-01-03-02-02-02-04_r05.wav,379106,0.021822,1,
write,write,,,audio_small,polyglot,5,03-01-03-02-02-02-04_r05.wav,379106,0.087445,1,
write,write,,,audio_small,pg_bytea,5,03-01-03-02-02-02-06_r05.wav,399494,0.018619,1,
write,write,,,audio_small,polyglot,5,03-01-03-02-02-02-06_r05.wav,399494,0.093160,1,
write,write,,,audio_small,mongo_gridfs,5,03-01-03-02-02-02-06_r05.wav,399494,0.096140,1,
write,write,,,audio_small,pg_bytea,5,03-01-03-02-02-02-07_r05.wav,393086,0.019416,1,
write,write,,,audio_small,polyglot,5,03-01-03-02-02-02-07_r05.wav,393086,0.093603,1,
write,write,,,audio_small,mongo_gridfs,5,03-01-03-02-02-02-07_r05.wav,393086,0.096875,1,
write,write,,,audio_small,pg_bytea,5,03-01-03-02-02-02-10_r05.wav,375720,0.020091,1,
write,write,,,audio_small,polyglot,5,03-01-03-02-02-02-10_r05.wav,375720,0.082257,1,
write,write,,,audio_small,mongo_gridfs,5,03-01-03-02-02-02-10_r05.wav,375720,0.082847,1,
write,write,,,audio_small,pg_bytea,5,03-01-03-02-02-02-11_r05.wav,396294,0.020302,1,
write,write,,,audio_small,polyglot,5,03-01-03-02-02-02-11_r05.wav,396294,0.139045,1,
write,write,,,audio_small,mongo_gridfs,5,03-01-03-02-02-02-11_r05.wav,396294,0.107455,1,
write,write,,,audio_small,polyglot,5,03-01-03-02-02-02-13_r05.wav,399494,0.096193,1,
write,write,,,audio_small,pg_bytea,5,03-01-03-02-02-02-13_r05.wav,399494,0.022792,1,
write,write,,,audio_small,mongo_gridfs,5,03-01-03-02-02-02-13_r05.wav,399494,0.090193,1,
write,write,,,audio_small,pg_bytea,5,03-01-04-01-01-02-01_r05.wav,396294,0.018219,1,
write,write,,,audio_small,mongo_gridfs,5,03-01-04-01-01-02-01_r05.wav,396294,0.109690,1,
write,write,,,audio_small,polyglot,5,03-01-04-01-01-02-01_r05.wav,396294,0.100357,1,
write,write,,,audio_small,pg_bytea,5,03-01-04-01-01-02-02_r05.wav,379106,0.022790,1,
write,write,,,audio_small,mongo_gridfs,5,03-01-04-01-01-02-02_r05.wav,379106,0.009874,1,
write,write,,,audio_small,polyglot,5,03-01-04-01-01-02-02_r05.wav,379106,0.007795,1,
write,write,,,audio_small,mongo_gridfs,5,03-01-04-01-01-02-16_r05.wav,379106,0.007639,1,
write,write,,,audio_small,pg_bytea,5,03-01-04-01-01-02-16_r05.wav,379106,0.013137,1,
write,write,,,audio_small,polyglot,5,03-01-04-01-01-02-16_r05.wav,379106,0.007706,1,
write,write,,,audio_small,polyglot,5,03-01-04-01-02-02-08_r05.wav,372698,0.005769,1,
write,write,,,audio_small,pg_bytea,5,03-01-04-01-02-02-08_r05.wav,372698,0.010670,1,
write,write,,,audio_small,mongo_gridfs,5,03-01-04-01-02-02-08_r05.wav,372698,0.006152,1,
write,write,,,audio_small,pg_bytea,5,03-01-04-01-02-02-09_r05.wav,363108,0.009994,1,
write,write,,,audio_small,polyglot,5,03-01-04-01-02-02-09_r05.wav,363108,0.005935,1,
write,write,,,audio_small,mongo_gridfs,5,03-01-04-01-02-02-09_r05.wav,363108,0.004764,1,
write,write,,,audio_small,pg_bytea,5,03-01-04-01-02-02-20_r05.wav,396294,0.010632,1,
write,write,,,audio_small,mongo_gridfs,5,03-01-04-01-02-02-20_r05.wav,396294,0.005940,1,
write,write,,,audio_small,polyglot,5,03-01-04-01-02-02-20_r05.wav,396294,0.005907,1,
write,write,,,audio_small,mongo_gridfs,5,03-01-04-01-02-02-21_r05.wav,363108,0.004439,1,
write,write,,,audio_small,polyglot,5,03-01-04-01-02-02-21_r05.wav,363108,0.004754,1,
write,write,,,audio_small,pg_bytea,5,03-01-04-01-02-02-21_r05.wav,363108,0.011082,1,
write,write,,,audio_small,mongo_gridfs,5,03-01-04-01-02-02-22_r05.wav,372698,0.005369,1,
write,write,,,audio_small,pg_bytea,5,03-01-04-01-02-02-22_r05.wav,372698,0.010452,1,
write,write,,,audio_small,polyglot,5,03-01-04-01-02-02-22_r05.wav,372698,0.005391,1,
write,write,,,audio_small,mongo_gridfs,5,03-01-04-01-02-02-23_r05.wav,363108,0.004886,1,
write,write,,,audio_small,polyglot,5,03-01-04-01-02-02-23_r05.wav,363108,0.004653,1,
write,write,,,audio_small,pg_bytea,5,03-01-04-01-02-02-23_r05.wav,363108,0.009983,1,
write,write,,,audio_small,mongo_gridfs,5,03-01-04-02-01-02-09_r05.wav,379106,0.006522,1,
write,write,,,audio_small,polyglot,5,03-01-04-02-01-02-09_r05.wav,379106,0.006912,1,
write,write,,,audio_small,pg_bytea,5,03-01-04-02-01-02-09_r05.wav,379106,0.009304,1,
write,write,,,audio_small,polyglot,5,03-01-04-02-01-02-20_r05.wav,379106,0.005984,1,
write,write,,,audio_small,mongo_gridfs,5,03-01-04-02-01-02-20_r05.wav,379106,0.004480,1,
write,write,,,audio_small,pg_bytea,5,03-01-04-02-01-02-20_r05.wav,379106,0.009661,1,
write,write,,,audio_small,mongo_gridfs,5,03-01-04-02-01-02-21_r05.wav,393086,0.005098,1,
write,write,,,audio_small,polyglot,5,03-01-04-02-01-02-21_r05.wav,393086,0.005136,1,
write,write,,,audio_small,pg_bytea,5,03-01-04-02-01-02-21_r05.wav,393086,0.009965,1,
write,write,,,audio_small,pg_bytea,5,03-01-04-02-01-02-22_r05.wav,379106,0.009402,1,
write,write,,,audio_small,mongo_gridfs,5,03-01-04-02-01-02-22_r05.wav,379106,0.005180,1,
write,write,,,audio_small,polyglot,5,03-01-04-02-01-02-22_r05.wav,379106,0.005206,1,
write,write,,,audio_small,mongo_gridfs,5,03-01-04-02-02-02-14_r05.wav,375720,0.004592,1,
write,write,,,audio_small,pg_bytea,5,03-01-04-02-02-02-14_r05.wav,375720,0.011619,1,
write,write,,,audio_small,polyglot,5,03-01-04-02-02-02-14_r05.wav,375720,0.006122,1,
write,write,,,audio_small,pg_bytea,5,03-01-04-02-02-02-15_r05.wav,379106,0.010674,1,
write,write,,,audio_small,mongo_gridfs,5,03-01-04-02-02-02-15_r05.wav,379106,0.005625,1,
write,write,,,audio_small,polyglot,5,03-01-04-02-02-02-15_r05.wav,379106,0.005219,1,
write,write,,,audio_small,mongo_gridfs,5,03-01-04-02-02-02-16_r05.wav,375720,0.004485,1,
write,write,,,audio_small,polyglot,5,03-01-04-02-02-02-16_r05.wav,375720,0.004498,1,
write,write,,,audio_small,pg_bytea,5,03-01-04-02-02-02-16_r05.wav,375720,0.009749,1,
write,write,,,audio_small,polyglot,5,03-01-04-02-02-02-17_r05.wav,363108,0.005174,1,
write,write,,,audio_small,mongo_gridfs,5,03-01-04-02-02-02-17_r05.wav,363108,0.004221,1,
write,write,,,audio_small,pg_bytea,5,03-01-04-02-02-02-17_r05.wav,363108,0.009419,1,
write,write,,,audio_small,polyglot,5,03-01-05-01-01-01-09_r05.wav,393086,0.006116,1,
write,write,,,audio_small,mongo_gridfs,5,03-01-05-01-01-01-09_r05.wav,393086,0.004735,1,
write,write,,,audio_small,pg_bytea,5,03-01-05-01-01-01-09_r05.wav,393086,0.009715,1,
write,write,,,audio_small,polyglot,5,03-01-05-01-01-01-22_r05.wav,393086,0.006321,1,
write,write,,,audio_small,pg_bytea,5,03-01-05-01-01-01-22_r05.wav,393086,0.009530,1,
write,write,,,audio_small,mongo_gridfs,5,03-01-05-01-01-01-22_r05.wav,393086,0.005883,1,
write,write,,,audio_small,mongo_gridfs,5,03-01-05-01-02-01-02_r05.wav,372698,0.005670,1,
write,write,,,audio_small,pg_bytea,5,03-01-05-01-02-01-02_r05.wav,372698,0.010661,1,
write,write,,,audio_small,polyglot,5,03-01-05-01-02-01-02_r05.wav,372698,0.006978,1,
write,write,,,audio_small,pg_bytea,5,03-01-05-01-02-01-03_r05.wav,396294,0.010580,1,
write,write,,,audio_small,mongo_gridfs,5,03-01-05-01-02-01-03_r05.wav,396294,0.006756,1,
write,write,,,audio_small,polyglot,5,03-01-05-01-02-01-03_r05.wav,396294,0.005173,1,
write,write,,,audio_small,mongo_gridfs,5,03-01-05-01-02-01-15_r05.wav,363108,0.004155,1,
write,write,,,audio_small,polyglot,5,03-01-05-01-02-01-15_r05.wav,363108,0.004244,1,
write,write,,,audio_small,pg_bytea,5,03-01-05-01-02-01-15_r05.wav,363108,0.010854,1,
write,write,,,audio_small,mongo_gridfs,5,03-01-05-01-02-01-16_r05.wav,372698,0.007068,1,
write,write,,,audio_small,pg_bytea,5,03-01-05-01-02-01-16_r05.wav,372698,0.010985,1,
write,write,,,audio_small,polyglot,5,03-01-05-01-02-01-16_r05.wav,372698,0.005561,1,
write,write,,,audio_small,pg_bytea,5,03-01-05-01-02-01-17_r05.wav,393086,0.010053,1,
write,write,,,audio_small,mongo_gridfs,5,03-01-05-01-02-01-17_r05.wav,393086,0.007198,1,
write,write,,,audio_small,polyglot,5,03-01-05-01-02-01-17_r05.wav,393086,0.006384,1,
write,write,,,audio_small,polyglot,5,03-01-05-02-01-01-01_r05.wav,372698,0.005348,1,
write,write,,,audio_small,pg_bytea,5,03-01-05-02-01-01-01_r05.wav,372698,0.009865,1,
write,write,,,audio_small,mongo_gridfs,5,03-01-05-02-01-01-01_r05.wav,372698,0.006000,1,
write,write,,,audio_small,mongo_gridfs,5,03-01-05-02-01-01-02_r05.wav,375720,0.005356,1,
write,write,,,audio_small,polyglot,5,03-01-05-02-01-01-02_r05.wav,375720,0.007391,1,
write,write,,,audio_small,pg_bytea,5,03-01-05-02-01-01-02_r05.wav,375720,0.010522,1,
write,write,,,audio_small,mongo_gridfs,5,03-01-05-02-01-01-03_r05.wav,372698,0.005940,1,
write,write,,,audio_small,polyglot,5,03-01-05-02-01-01-03_r05.wav,372698,0.004599,1,
write,write,,,audio_small,pg_bytea,5,03-01-05-02-01-01-03_r05.wav,372698,0.009613,1,
write,write,,,audio_small,mongo_gridfs,5,03-01-05-02-01-01-15_r05.wav,396294,0.006131,1,
write,write,,,audio_small,polyglot,5,03-01-05-02-01-01-15_r05.wav,396294,0.005375,1,
write,write,,,audio_small,pg_bytea,5,03-01-05-02-01-01-15_r05.wav,396294,0.011843,1,
write,write,,,audio_small,polyglot,5,03-01-05-02-01-01-16_r05.wav,399494,0.006260,1,
write,write,,,audio_small,mongo_gridfs,5,03-01-05-02-01-01-16_r05.wav,399494,0.005720,1,
write,write,,,audio_small,pg_bytea,5,03-01-05-02-01-01-16_r05.wav,399494,0.011032,1,
write,write,,,audio_small,pg_bytea,5,03-01-05-02-01-01-17_r05.wav,363108,0.010659,1,
write,write,,,audio_small,mongo_gridfs,5,03-01-05-02-01-01-17_r05.wav,363108,0.005060,1,
write,write,,,audio_small,polyglot,5,03-01-05-02-01-01-17_r05.wav,363108,0.004989,1,
write,write,,,audio_small,pg_bytea,5,03-01-05-02-02-01-09_r05.wav,396294,0.011152,1,
write,write,,,audio_small,mongo_gridfs,5,03-01-05-02-02-01-09_r05.wav,396294,0.021918,1,
write,write,,,audio_small,polyglot,5,03-01-05-02-02-01-09_r05.wav,396294,0.005599,1,
write,write,,,audio_small,mongo_gridfs,5,03-01-05-02-02-01-21_r05.wav,375720,0.003567,1,
write,write,,,audio_small,polyglot,5,03-01-05-02-02-01-21_r05.wav,375720,0.004086,1,
write,write,,,audio_small,pg_bytea,5,03-01-05-02-02-01-21_r05.wav,375720,0.009671,1,
write,write,,,audio_small,pg_bytea,5,03-01-05-02-02-01-22_r05.wav,379106,0.009610,1,
write,write,,,audio_small,polyglot,5,03-01-05-02-02-01-22_r05.wav,379106,0.004443,1,
write,write,,,audio_small,mongo_gridfs,5,03-01-05-02-02-01-22_r05.wav,379106,0.003977,1,
write,write,,,audio_medium,polyglot,5,03-02-01-01-01-02-22_r05.wav,526650,0.005602,1,
write,write,,,audio_medium,pg_bytea,5,03-02-01-01-01-02-22_r05.wav,526650,0.014241,1,
write,write,,,audio_medium,mongo_gridfs,5,03-02-01-01-01-02-22_r05.wav,526650,0.006140,1,
write,write,,,audio_medium,polyglot,5,03-02-01-01-01-02-23_r05.wav,539464,0.006668,1,
write,write,,,audio_medium,pg_bytea,5,03-02-01-01-01-02-23_r05.wav,539464,0.012559,1,
write,write,,,audio_medium,mongo_gridfs,5,03-02-01-01-01-02-23_r05.wav,539464,0.005325,1,
write,write,,,audio_medium,mongo_gridfs,5,03-02-01-01-02-02-02_r05.wav,539464,0.005009,1,
write,write,,,audio_medium,pg_bytea,5,03-02-01-01-02-02-02_r05.wav,539464,0.012572,1,
write,write,,,audio_medium,polyglot,5,03-02-01-01-02-02-02_r05.wav,539464,0.008025,1,
write,write,,,audio_medium,pg_bytea,5,03-02-01-01-02-02-03_r05.wav,520242,0.012661,1,
write,write,,,audio_medium,polyglot,5,03-02-01-01-02-02-03_r05.wav,520242,0.005409,1,
write,write,,,audio_medium,mongo_gridfs,5,03-02-01-01-02-02-03_r05.wav,520242,0.004955,1,
write,write,,,audio_medium,mongo_gridfs,5,03-02-01-01-02-02-16_r05.wav,539464,0.005625,1,
write,write,,,audio_medium,polyglot,5,03-02-01-01-02-02-16_r05.wav,539464,0.006410,1,
write,write,,,audio_medium,pg_bytea,5,03-02-01-01-02-02-16_r05.wav,539464,0.013656,1,
write,write,,,audio_medium,polyglot,5,03-02-01-01-02-02-17_r05.wav,561888,0.007204,1,
write,write,,,audio_medium,mongo_gridfs,5,03-02-01-01-02-02-17_r05.wav,561888,0.006551,1,
write,write,,,audio_medium,pg_bytea,5,03-02-01-01-02-02-17_r05.wav,561888,0.014846,1,
write,write,,,audio_medium,mongo_gridfs,5,03-02-01-02-01-02-01_r05.wav,533056,0.007172,1,
write,write,,,audio_medium,polyglot,5,03-02-01-02-01-02-01_r05.wav,533056,0.006167,1,
write,write,,,audio_medium,pg_bytea,5,03-02-01-02-01-02-01_r05.wav,533056,0.013908,1,
write,write,,,audio_medium,polyglot,5,03-02-01-02-01-02-02_r05.wav,523448,0.006582,1,
write,write,,,audio_medium,mongo_gridfs,5,03-02-01-02-01-02-02_r05.wav,523448,0.005705,1,
write,write,,,audio_medium,pg_bytea,5,03-02-01-02-01-02-02_r05.wav,523448,0.013935,1,
write,write,,,audio_medium,pg_bytea,5,03-02-01-02-01-02-03_r05.wav,533056,0.015867,1,
write,write,,,audio_medium,mongo_gridfs,5,03-02-01-02-01-02-03_r05.wav,533056,0.008874,1,
write,write,,,audio_medium,polyglot,5,03-02-01-02-01-02-03_r05.wav,533056,0.008390,1,
write,write,,,audio_medium,mongo_gridfs,5,03-02-01-02-01-02-15_r05.wav,561882,0.007938,1,
write,write,,,audio_medium,polyglot,5,03-02-01-02-01-02-15_r05.wav,561882,0.007282,1,
write,write,,,audio_medium,pg_bytea,5,03-02-01-02-01-02-15_r05.wav,561882,0.015048,1,
write,write,,,audio_medium,pg_bytea,5,03-02-01-02-01-02-16_r05.wav,526650,0.014279,1,
write,write,,,audio_medium,mongo_gridfs,5,03-02-01-02-01-02-16_r05.wav,526650,0.008858,1,
write,write,,,audio_medium,polyglot,5,03-02-01-02-01-02-16_r05.wav,526650,0.007749,1,
write,write,,,audio_medium,pg_bytea,5,03-02-01-02-01-02-17_r05.wav,533056,0.018319,1,
write,write,,,audio_medium,polyglot,5,03-02-01-02-01-02-17_r05.wav,533056,0.008426,1,
write,write,,,audio_medium,mongo_gridfs,5,03-02-01-02-01-02-17_r05.wav,533056,0.007603,1,
write,write,,,audio_medium,pg_bytea,5,03-02-01-02-02-02-22_r05.wav,520242,0.014801,1,
write,write,,,audio_medium,mongo_gridfs,5,03-02-01-02-02-02-22_r05.wav,520242,0.009675,1,
write,write,,,audio_medium,polyglot,5,03-02-01-02-02-02-22_r05.wav,520242,0.009844,1,
write,write,,,audio_medium,polyglot,5,03-02-01-02-02-02-23_r05.wav,520242,0.006205,1,
write,write,,,audio_medium,pg_bytea,5,03-02-01-02-02-02-23_r05.wav,520242,0.014700,1,
write,write,,,audio_medium,mongo_gridfs,5,03-02-01-02-02-02-23_r05.wav,520242,0.007700,1,
write,write,,,audio_medium,mongo_gridfs,5,03-02-02-01-01-01-22_r05.wav,523448,0.005943,1,
write,write,,,audio_medium,pg_bytea,5,03-02-02-01-01-01-22_r05.wav,523448,0.013117,1,
write,write,,,audio_medium,polyglot,5,03-02-02-01-01-01-22_r05.wav,523448,0.007520,1,
write,write,,,audio_medium,polyglot,5,03-02-02-01-01-01-23_r05.wav,561888,0.006446,1,
write,write,,,audio_medium,mongo_gridfs,5,03-02-02-01-01-01-23_r05.wav,561888,0.006433,1,
write,write,,,audio_medium,pg_bytea,5,03-02-02-01-01-01-23_r05.wav,561888,0.017013,1,
write,write,,,audio_medium,mongo_gridfs,5,03-02-02-01-02-01-01_r05.wav,520242,0.008007,1,
write,write,,,audio_medium,polyglot,5,03-02-02-01-02-01-01_r05.wav,520242,0.007158,1,
write,write,,,audio_medium,pg_bytea,5,03-02-02-01-02-01-01_r05.wav,520242,0.014375,1,
write,write,,,audio_medium,mongo_gridfs,5,03-02-02-01-02-01-02_r05.wav,539464,0.008114,1,
write,write,,,audio_medium,pg_bytea,5,03-02-02-01-02-01-02_r05.wav,539464,0.014337,1,
write,write,,,audio_medium,polyglot,5,03-02-02-01-02-01-02_r05.wav,539464,0.006984,1,
write,write,,,audio_medium,pg_bytea,5,03-02-02-01-02-01-03_r05.wav,533056,0.013682,1,
write,write,,,audio_medium,mongo_gridfs,5,03-02-02-01-02-01-03_r05.wav,533056,0.008480,1,
write,write,,,audio_medium,polyglot,5,03-02-02-01-02-01-03_r05.wav,533056,0.007884,1,
write,write,,,audio_medium,polyglot,5,03-02-02-01-02-01-16_r05.wav,561882,0.007505,1,
write,write,,,audio_medium,pg_bytea,5,03-02-02-01-02-01-16_r05.wav,561882,0.015028,1,
write,write,,,audio_medium,mongo_gridfs,5,03-02-02-01-02-01-16_r05.wav,561882,0.010894,1,
write,write,,,audio_medium,mongo_gridfs,5,03-02-02-02-01-01-01_r05.wav,539464,0.007560,1,
write,write,,,audio_medium,polyglot,5,03-02-02-02-01-01-01_r05.wav,539464,0.007263,1,
write,write,,,audio_medium,pg_bytea,5,03-02-02-02-01-01-01_r05.wav,539464,0.014207,1,
write,write,,,audio_medium,pg_bytea,5,03-02-02-02-01-01-02_r05.wav,526650,0.014155,1,
write,write,,,audio_medium,polyglot,5,03-02-02-02-01-01-02_r05.wav,526650,0.006918,1,
write,write,,,audio_medium,mongo_gridfs,5,03-02-02-02-01-01-02_r05.wav,526650,0.005982,1,
write,write,,,audio_medium,mongo_gridfs,5,03-02-02-02-01-01-15_r05.wav,539464,0.006440,1,
write,write,,,audio_medium,polyglot,5,03-02-02-02-01-01-15_r05.wav,539464,0.006285,1,
write,write,,,audio_medium,pg_bytea,5,03-02-02-02-01-01-15_r05.wav,539464,0.014284,1,
write,write,,,audio_medium,pg_bytea,5,03-02-02-02-01-01-16_r05.wav,520242,0.014031,1,
write,write,,,audio_medium,polyglot,5,03-02-02-02-01-01-16_r05.wav,520242,0.007780,1,
write,write,,,audio_medium,mongo_gridfs,5,03-02-02-02-01-01-16_r05.wav,520242,0.006450,1,
write,write,,,audio_medium,mongo_gridfs,5,03-02-02-02-01-01-17_r05.wav,539464,0.007271,1,
write,write,,,audio_medium,pg_bytea,5,03-02-02-02-01-01-17_r05.wav,539464,0.014168,1,
write,write,,,audio_medium,polyglot,5,03-02-02-02-01-01-17_r05.wav,539464,0.007350,1,
write,write,,,audio_medium,mongo_gridfs,5,03-02-02-02-02-01-22_r05.wav,539464,0.006871,1,
write,write,,,audio_medium,pg_bytea,5,03-02-02-02-02-01-22_r05.wav,539464,0.014599,1,
write,write,,,audio_medium,polyglot,5,03-02-02-02-02-01-22_r05.wav,539464,0.009872,1,
write,write,,,audio_medium,pg_bytea,5,03-02-02-02-02-01-23_r05.wav,520242,0.014233,1,
write,write,,,audio_medium,polyglot,5,03-02-02-02-02-01-23_r05.wav,520242,0.006601,1,
write,write,,,audio_medium,mongo_gridfs,5,03-02-02-02-02-01-23_r05.wav,520242,0.006147,1,
write,write,,,audio_medium,mongo_gridfs,5,03-02-03-01-01-02-01_r05.wav,561882,0.007333,1,
write,write,,,audio_medium,pg_bytea,5,03-02-03-01-01-02-01_r05.wav,561882,0.015015,1,
write,write,,,audio_medium,polyglot,5,03-02-03-01-01-02-01_r05.wav,561882,0.008816,1,
write,write,,,audio_medium,polyglot,5,03-02-03-01-01-02-02_r05.wav,561882,0.007501,1,
write,write,,,audio_medium,mongo_gridfs,5,03-02-03-01-01-02-02_r05.wav,561882,0.010523,1,
write,write,,,audio_medium,pg_bytea,5,03-02-03-01-01-02-02_r05.wav,561882,0.015045,1,
write,write,,,audio_medium,mongo_gridfs,5,03-02-03-01-01-02-03_r05.wav,539464,0.008073,1,
write,write,,,audio_medium,pg_bytea,5,03-02-03-01-01-02-03_r05.wav,539464,0.016263,1,
write,write,,,audio_medium,polyglot,5,03-02-03-01-01-02-03_r05.wav,539464,0.007807,1,
write,write,,,audio_medium,pg_bytea,5,03-02-03-01-01-02-15_r05.wav,526650,0.021983,1,
write,write,,,audio_medium,mongo_gridfs,5,03-02-03-01-01-02-15_r05.wav,526650,0.008900,1,
write,write,,,audio_medium,polyglot,5,03-02-03-01-01-02-15_r05.wav,526650,0.007902,1,
write,write,,,audio_medium,pg_bytea,5,03-02-03-01-01-02-16_r05.wav,520242,0.014307,1,
write,write,,,audio_medium,polyglot,5,03-02-03-01-01-02-16_r05.wav,520242,0.007991,1,
write,write,,,audio_medium,mongo_gridfs,5,03-02-03-01-01-02-16_r05.wav,520242,0.007769,1,
write,write,,,audio_medium,polyglot,5,03-02-03-01-01-02-17_r05.wav,526650,0.009195,1,
write,write,,,audio_medium,pg_bytea,5,03-02-03-01-01-02-17_r05.wav,526650,0.015525,1,
write,write,,,audio_medium,mongo_gridfs,5,03-02-03-01-01-02-17_r05.wav,526650,0.011142,1,
write,write,,,audio_medium,pg_bytea,5,03-02-03-01-02-02-09_r05.wav,539464,0.014308,1,
write,write,,,audio_medium,polyglot,5,03-02-03-01-02-02-09_r05.wav,539464,0.007960,1,
write,write,,,audio_medium,mongo_gridfs,5,03-02-03-01-02-02-09_r05.wav,539464,0.006651,1,
write,write,,,audio_medium,mongo_gridfs,5,03-02-03-01-02-02-21_r05.wav,533056,0.006555,1,
write,write,,,audio_medium,polyglot,5,03-02-03-01-02-02-21_r05.wav,533056,0.006635,1,
write,write,,,audio_medium,pg_bytea,5,03-02-03-01-02-02-21_r05.wav,533056,0.024375,1,
write,write,,,audio_medium,polyglot,5,03-02-03-01-02-02-22_r05.wav,561888,0.008804,1,
write,write,,,audio_medium,mongo_gridfs,5,03-02-03-01-02-02-22_r05.wav,561888,0.006518,1,
write,write,,,audio_medium,pg_bytea,5,03-02-03-01-02-02-22_r05.wav,561888,0.017481,1,
write,write,,,audio_medium,mongo_gridfs,5,03-02-03-01-02-02-23_r05.wav,539464,0.007289,1,
write,write,,,audio_medium,pg_bytea,5,03-02-03-01-02-02-23_r05.wav,539464,0.017971,1,
write,write,,,audio_medium,polyglot,5,03-02-03-01-02-02-23_r05.wav,539464,0.013575,1,
write,write,,,audio_medium,pg_bytea,5,03-02-03-02-01-02-09_r05.wav,561882,0.016590,1,
write,write,,,audio_medium,mongo_gridfs,5,03-02-03-02-01-02-09_r05.wav,561882,0.008866,1,
write,write,,,audio_medium,polyglot,5,03-02-03-02-01-02-09_r05.wav,561882,0.007969,1,
write,write,,,audio_medium,pg_bytea,5,03-02-03-02-01-02-21_r05.wav,539464,0.706812,1,
write,write,,,audio_medium,polyglot,5,03-02-03-02-01-02-21_r05.wav,539464,0.020548,1,
write,write,,,audio_medium,mongo_gridfs,5,03-02-03-02-01-02-21_r05.wav,539464,0.010739,1,
write,write,,,audio_medium,mongo_gridfs,5,03-02-03-02-01-02-22_r05.wav,526650,0.010467,1,
write,write,,,audio_medium,polyglot,5,03-02-03-02-01-02-22_r05.wav,526650,0.010140,1,
write,write,,,audio_medium,pg_bytea,5,03-02-03-02-01-02-22_r05.wav,526650,0.814253,1,
write,write,,,audio_medium,mongo_gridfs,5,03-02-03-02-01-02-23_r05.wav,561888,0.024587,1,
write,write,,,audio_medium,polyglot,5,03-02-03-02-01-02-23_r05.wav,561888,0.012725,1,
write,write,,,audio_medium,pg_bytea,5,03-02-03-02-01-02-23_r05.wav,561888,0.447581,1,
write,write,,,audio_medium,polyglot,5,03-02-03-02-02-02-01_r05.wav,561882,0.023685,1,
write,write,,,audio_medium,pg_bytea,5,03-02-03-02-02-02-01_r05.wav,561882,0.025817,1,
write,write,,,audio_medium,mongo_gridfs,5,03-02-03-02-02-02-01_r05.wav,561882,0.011003,1,
write,write,,,audio_medium,mongo_gridfs,5,03-02-03-02-02-02-02_r05.wav,523448,0.010358,1,
write,write,,,audio_medium,pg_bytea,5,03-02-03-02-02-02-02_r05.wav,523448,0.017313,1,
write,write,,,audio_medium,polyglot,5,03-02-03-02-02-02-02_r05.wav,523448,0.008862,1,
write,write,,,audio_medium,polyglot,5,03-02-03-02-02-02-03_r05.wav,561888,0.007888,1,
write,write,,,audio_medium,mongo_gridfs,5,03-02-03-02-02-02-03_r05.wav,561888,0.007543,1,
write,write,,,audio_medium,pg_bytea,5,03-02-03-02-02-02-03_r05.wav,561888,0.016199,1,
write,write,,,audio_medium,polyglot,5,03-02-03-02-02-02-15_r05.wav,523448,0.007646,1,
write,write,,,audio_medium,mongo_gridfs,5,03-02-03-02-02-02-15_r05.wav,523448,0.006678,1,
write,write,,,audio_medium,pg_bytea,5,03-02-03-02-02-02-15_r05.wav,523448,0.016922,1,
write,write,,,audio_medium,polyglot,5,03-02-03-02-02-02-16_r05.wav,561882,0.010269,1,
write,write,,,audio_medium,mongo_gridfs,5,03-02-03-02-02-02-16_r05.wav,561882,0.006939,1,
write,write,,,audio_medium,pg_bytea,5,03-02-03-02-02-02-16_r05.wav,561882,0.014543,1,
write,write,,,audio_medium,mongo_gridfs,5,03-02-03-02-02-02-17_r05.wav,523448,0.006751,1,
write,write,,,audio_medium,pg_bytea,5,03-02-03-02-02-02-17_r05.wav,523448,0.013939,1,
write,write,,,audio_medium,polyglot,5,03-02-03-02-02-02-17_r05.wav,523448,0.007694,1,
write,write,,,audio_medium,mongo_gridfs,5,03-02-04-01-01-02-05_r05.wav,561882,0.006988,1,
write,write,,,audio_medium,polyglot,5,03-02-04-01-01-02-05_r05.wav,561882,0.007360,1,
write,write,,,audio_medium,pg_bytea,5,03-02-04-01-01-02-05_r05.wav,561882,0.016391,1,
write,write,,,audio_medium,mongo_gridfs,5,03-02-04-01-01-02-06_r05.wav,526650,0.006904,1,
write,write,,,audio_medium,pg_bytea,5,03-02-04-01-01-02-06_r05.wav,526650,0.014242,1,
write,write,,,audio_medium,polyglot,5,03-02-04-01-01-02-06_r05.wav,526650,0.007261,1,
write,write,,,audio_medium,mongo_gridfs,5,03-02-04-01-01-02-07_r05.wav,523448,0.005964,1,
write,write,,,audio_medium,pg_bytea,5,03-02-04-01-01-02-07_r05.wav,523448,0.014141,1,
write,write,,,audio_medium,polyglot,5,03-02-04-01-01-02-07_r05.wav,523448,0.007038,1,
write,write,,,audio_medium,pg_bytea,5,03-02-04-01-01-02-11_r05.wav,539464,0.014835,1,
write,write,,,audio_medium,polyglot,5,03-02-04-01-01-02-11_r05.wav,539464,0.007438,1,
write,write,,,audio_medium,mongo_gridfs,5,03-02-04-01-01-02-11_r05.wav,539464,0.006379,1,
write,write,,,audio_medium,mongo_gridfs,5,03-02-04-01-01-02-12_r05.wav,523448,0.006223,1,
write,write,,,audio_medium,pg_bytea,5,03-02-04-01-01-02-12_r05.wav,523448,0.013551,1,
write,write,,,audio_medium,polyglot,5,03-02-04-01-01-02-12_r05.wav,523448,0.008180,1,
write,write,,,audio_medium,mongo_gridfs,5,03-02-04-01-01-02-13_r05.wav,539464,0.007329,1,
write,write,,,audio_medium,polyglot,5,03-02-04-01-01-02-13_r05.wav,539464,0.008211,1,
write,write,,,audio_medium,pg_bytea,5,03-02-04-01-01-02-13_r05.wav,539464,0.014784,1,
write,write,,,audio_medium,pg_bytea,5,03-02-04-01-02-02-19_r05.wav,561888,0.015356,1,
write,write,,,audio_medium,mongo_gridfs,5,03-02-04-01-02-02-19_r05.wav,561888,0.011583,1,
write,write,,,audio_medium,polyglot,5,03-02-04-01-02-02-19_r05.wav,561888,0.008275,1,
write,write,,,audio_medium,mongo_gridfs,5,03-02-04-02-02-02-05_r05.wav,526650,0.007087,1,
write,write,,,audio_medium,polyglot,5,03-02-04-02-02-02-05_r05.wav,526650,0.006691,1,
write,write,,,audio_medium,pg_bytea,5,03-02-04-02-02-02-05_r05.wav,526650,0.013815,1,
write,write,,,audio_medium,pg_bytea,5,03-02-04-02-02-02-06_r05.wav,526650,0.013960,1,
write,write,,,audio_medium,polyglot,5,03-02-04-02-02-02-06_r05.wav,526650,0.008576,1,
write,write,,,audio_medium,mongo_gridfs,5,03-02-04-02-02-02-06_r05.wav,526650,0.006884,1,
write,write,,,audio_medium,pg_bytea,5,03-02-04-02-02-02-07_r05.wav,561888,0.016091,1,
write,write,,,audio_medium,mongo_gridfs,5,03-02-04-02-02-02-07_r05.wav,561888,0.008230,1,
write,write,,,audio_medium,polyglot,5,03-02-04-02-02-02-07_r05.wav,561888,0.007553,1,
write,write,,,audio_medium,polyglot,5,03-02-04-02-02-02-11_r05.wav,561888,0.007399,1,
write,write,,,audio_medium,mongo_gridfs,5,03-02-04-02-02-02-11_r05.wav,561888,0.007795,1,
write,write,,,audio_medium,pg_bytea,5,03-02-04-02-02-02-11_r05.wav,561888,0.015720,1,
write,write,,,audio_medium,pg_bytea,5,03-02-04-02-02-02-12_r05.wav,523448,0.014731,1,
write,write,,,audio_medium,mongo_gridfs,5,03-02-04-02-02-02-12_r05.wav,523448,0.008368,1,
write,write,,,audio_medium,polyglot,5,03-02-04-02-02-02-12_r05.wav,523448,0.007181,1,
write,write,,,audio_medium,pg_bytea,5,03-02-04-02-02-02-13_r05.wav,533056,0.014049,1,
write,write,,,audio_medium,mongo_gridfs,5,03-02-04-02-02-02-13_r05.wav,533056,0.007878,1,
write,write,,,audio_medium,polyglot,5,03-02-04-02-02-02-13_r05.wav,533056,0.007354,1,
write,write,,,audio_medium,pg_bytea,5,03-02-05-01-02-01-06_r05.wav,561882,0.014675,1,
write,write,,,audio_medium,mongo_gridfs,5,03-02-05-01-02-01-06_r05.wav,561882,0.007782,1,
write,write,,,audio_medium,polyglot,5,03-02-05-01-02-01-06_r05.wav,561882,0.008476,1,
write,write,,,audio_medium,polyglot,5,03-02-05-01-02-01-07_r05.wav,520242,0.006507,1,
write,write,,,audio_medium,pg_bytea,5,03-02-05-01-02-01-07_r05.wav,520242,0.013497,1,
write,write,,,audio_medium,mongo_gridfs,5,03-02-05-01-02-01-07_r05.wav,520242,0.007980,1,
write,write,,,audio_medium,pg_bytea,5,03-02-05-01-02-01-12_r05.wav,520242,0.014697,1,
write,write,,,audio_medium,polyglot,5,03-02-05-01-02-01-12_r05.wav,520242,0.008070,1,
write,write,,,audio_medium,mongo_gridfs,5,03-02-05-01-02-01-12_r05.wav,520242,0.007234,1,
write,write,,,audio_medium,pg_bytea,5,03-02-05-01-02-01-13_r05.wav,561888,0.015103,1,
write,write,,,audio_medium,polyglot,5,03-02-05-01-02-01-13_r05.wav,561888,0.009096,1,
write,write,,,audio_medium,mongo_gridfs,5,03-02-05-01-02-01-13_r05.wav,561888,0.008170,1,
write,write,,,audio_medium,pg_bytea,5,03-02-05-02-01-01-05_r05.wav,539464,0.014553,1,
write,write,,,audio_medium,mongo_gridfs,5,03-02-05-02-01-01-05_r05.wav,539464,0.007416,1,
write,write,,,audio_medium,polyglot,5,03-02-05-02-01-01-05_r05.wav,539464,0.007011,1,
write,write,,,audio_medium,pg_bytea,5,03-02-05-02-01-01-06_r05.wav,561888,0.014895,1,
write,write,,,audio_medium,mongo_gridfs,5,03-02-05-02-01-01-06_r05.wav,561888,0.007615,1,
write,write,,,audio_medium,polyglot,5,03-02-05-02-01-01-06_r05.wav,561888,0.007824,1,
write,write,,,audio_medium,polyglot,5,03-02-05-02-01-01-07_r05.wav,533056,0.006514,1,
write,write,,,audio_medium,pg_bytea,5,03-02-05-02-01-01-07_r05.wav,533056,0.014507,1,
write,write,,,audio_medium,mongo_gridfs,5,03-02-05-02-01-01-07_r05.wav,533056,0.008139,1,
write,write,,,audio_medium,polyglot,5,03-02-05-02-01-01-11_r05.wav,561888,0.006882,1,
write,write,,,audio_medium,mongo_gridfs,5,03-02-05-02-01-01-11_r05.wav,561888,0.006194,1,
write,write,,,audio_medium,pg_bytea,5,03-02-05-02-01-01-11_r05.wav,561888,0.014766,1,
write,write,,,audio_medium,pg_bytea,5,03-02-05-02-01-01-12_r05.wav,533056,0.014111,1,
write,write,,,audio_medium,mongo_gridfs,5,03-02-05-02-01-01-12_r05.wav,533056,0.009064,1,
write,write,,,audio_medium,polyglot,5,03-02-05-02-01-01-12_r05.wav,533056,0.007867,1,
write,write,,,audio_medium,pg_bytea,5,03-02-05-02-01-01-13_r05.wav,526650,0.014572,1,
write,write,,,audio_medium,mongo_gridfs,5,03-02-05-02-01-01-13_r05.wav,526650,0.007920,1,
write,write,,,audio_medium,polyglot,5,03-02-05-02-01-01-13_r05.wav,526650,0.006597,1,
write,write,,,video_small,mongo_gridfs,5,01-01-01-01-01-01-22_r05.mp4,5457041,0.044741,1,
write,write,,,video_small,polyglot,5,01-01-01-01-01-01-22_r05.mp4,5457041,0.048271,1,
write,write,,,video_small,pg_bytea,5,01-01-01-01-01-01-22_r05.mp4,5457041,0.167791,1,
write,write,,,video_small,pg_bytea,5,01-01-01-01-01-02-01_r05.mp4,5457041,0.148903,1,
write,write,,,video_small,mongo_gridfs,5,01-01-01-01-01-02-01_r05.mp4,5457041,0.059298,1,
write,write,,,video_small,polyglot,5,01-01-01-01-01-02-01_r05.mp4,5457041,0.047218,1,
write,write,,,video_small,pg_bytea,5,01-01-01-01-01-02-15_r05.mp4,5457041,0.152848,1,
write,write,,,video_small,polyglot,5,01-01-01-01-01-02-15_r05.mp4,5457041,0.042251,1,
write,write,,,video_small,mongo_gridfs,5,01-01-01-01-01-02-15_r05.mp4,5457041,0.042327,1,
write,write,,,video_small,pg_bytea,5,01-01-01-01-02-01-06_r05.mp4,5457041,0.158618,1,
write,write,,,video_small,polyglot,5,01-01-01-01-02-01-06_r05.mp4,5457041,0.045471,1,
write,write,,,video_small,mongo_gridfs,5,01-01-01-01-02-01-06_r05.mp4,5457041,0.046629,1,
write,write,,,video_small,mongo_gridfs,5,01-01-01-01-02-01-13_r05.mp4,5457041,0.075149,1,
write,write,,,video_small,pg_bytea,5,01-01-01-01-02-01-13_r05.mp4,5457041,0.260984,1,
write,write,,,video_small,polyglot,5,01-01-01-01-02-01-13_r05.mp4,5457041,0.047596,1,
write,write,,,video_small,pg_bytea,5,01-01-01-01-02-01-14_r05.mp4,5457041,0.151713,1,
write,write,,,video_small,mongo_gridfs,5,01-01-01-01-02-01-14_r05.mp4,5457041,0.050532,1,
write,write,,,video_small,polyglot,5,01-01-01-01-02-01-14_r05.mp4,5457041,0.044669,1,
write,write,,,video_small,polyglot,5,01-01-01-01-02-02-09_r05.mp4,5498397,0.046546,1,
write,write,,,video_small,pg_bytea,5,01-01-01-01-02-02-09_r05.mp4,5498397,0.183676,1,
write,write,,,video_small,mongo_gridfs,5,01-01-01-01-02-02-09_r05.mp4,5498397,0.048141,1,
write,write,,,video_small,pg_bytea,5,01-01-01-02-01-01-01_r05.mp4,5498397,0.162181,1,
write,write,,,video_small,mongo_gridfs,5,01-01-01-02-01-01-01_r05.mp4,5498397,0.046989,1,
write,write,,,video_small,polyglot,5,01-01-01-02-01-01-01_r05.mp4,5498397,0.045258,1,
write,write,,,video_small,mongo_gridfs,5,01-01-01-02-01-01-05_r05.mp4,5457041,0.047285,1,
write,write,,,video_small,polyglot,5,01-01-01-02-01-01-05_r05.mp4,5457041,0.047109,1,
write,write,,,video_small,pg_bytea,5,01-01-01-02-01-01-05_r05.mp4,5457041,0.176699,1,
write,write,,,video_small,mongo_gridfs,5,01-01-01-02-01-01-15_r05.mp4,5457041,0.063371,1,
write,write,,,video_small,pg_bytea,5,01-01-01-02-01-01-15_r05.mp4,5457041,0.177781,1,
write,write,,,video_small,polyglot,5,01-01-01-02-01-01-15_r05.mp4,5457041,0.049112,1,
write,write,,,video_small,polyglot,5,01-01-01-02-02-01-18_r05.mp4,5457041,0.049262,1,
write,write,,,video_small,mongo_gridfs,5,01-01-01-02-02-01-18_r05.mp4,5457041,0.046866,1,
write,write,,,video_small,pg_bytea,5,01-01-01-02-02-01-18_r05.mp4,5457041,0.158385,1,
write,write,,,video_small,mongo_gridfs,5,01-01-01-02-02-01-19_r05.mp4,5457041,0.045707,1,
write,write,,,video_small,pg_bytea,5,01-01-01-02-02-01-19_r05.mp4,5457041,0.151734,1,
write,write,,,video_small,polyglot,5,01-01-01-02-02-01-19_r05.mp4,5457041,0.050112,1,
write,write,,,video_small,pg_bytea,5,01-01-02-01-01-02-09_r05.mp4,5498397,0.153840,1,
write,write,,,video_small,mongo_gridfs,5,01-01-02-01-01-02-09_r05.mp4,5498397,0.046131,1,
write,write,,,video_small,polyglot,5,01-01-02-01-01-02-09_r05.mp4,5498397,0.043116,1,
write,write,,,video_small,pg_bytea,5,01-01-02-01-01-02-18_r05.mp4,5498397,0.161370,1,
write,write,,,video_small,polyglot,5,01-01-02-01-01-02-18_r05.mp4,5498397,0.057152,1,
write,write,,,video_small,mongo_gridfs,5,01-01-02-01-01-02-18_r05.mp4,5498397,0.048145,1,
write,write,,,video_small,mongo_gridfs,5,01-01-02-01-01-02-23_r05.mp4,5498397,0.057645,1,
write,write,,,video_small,polyglot,5,01-01-02-01-01-02-23_r05.mp4,5498397,0.042995,1,
write,write,,,video_small,pg_bytea,5,01-01-02-01-01-02-23_r05.mp4,5498397,0.154372,1,
write,write,,,video_small,polyglot,5,01-01-02-01-02-01-09_r05.mp4,5498397,0.058909,1,
write,write,,,video_small,pg_bytea,5,01-01-02-01-02-01-09_r05.mp4,5498397,0.149883,1,
write,write,,,video_small,mongo_gridfs,5,01-01-02-01-02-01-09_r05.mp4,5498397,0.050963,1,
write,write,,,video_small,pg_bytea,5,01-01-02-01-02-02-01_r05.mp4,5498397,0.153836,1,
write,write,,,video_small,polyglot,5,01-01-02-01-02-02-01_r05.mp4,5498397,0.048844,1,
write,write,,,video_small,mongo_gridfs,5,01-01-02-01-02-02-01_r05.mp4,5498397,0.043951,1,
write,write,,,video_small,pg_bytea,5,01-01-02-01-02-02-03_r05.mp4,5498397,0.158272,1,
write,write,,,video_small,polyglot,5,01-01-02-01-02-02-03_r05.mp4,5498397,0.054823,1,
write,write,,,video_small,mongo_gridfs,5,01-01-02-01-02-02-03_r05.mp4,5498397,0.057877,1,
write,write,,,video_small,pg_bytea,5,01-01-02-02-01-02-02_r05.mp4,5498397,0.155838,1,
write,write,,,video_small,polyglot,5,01-01-02-02-01-02-02_r05.mp4,5498397,0.043087,1,
write,write,,,video_small,mongo_gridfs,5,01-01-02-02-01-02-02_r05.mp4,5498397,0.053679,1,
write,write,,,video_small,polyglot,5,01-01-02-02-01-02-03_r05.mp4,5498397,0.048066,1,
write,write,,,video_small,pg_bytea,5,01-01-02-02-01-02-03_r05.mp4,5498397,0.159698,1,
write,write,,,video_small,mongo_gridfs,5,01-01-02-02-01-02-03_r05.mp4,5498397,0.046201,1,
write,write,,,video_small,polyglot,5,01-01-02-02-01-02-05_r05.mp4,5498397,0.044683,1,
write,write,,,video_small,mongo_gridfs,5,01-01-02-02-01-02-05_r05.mp4,5498397,0.045626,1,
write,write,,,video_small,pg_bytea,5,01-01-02-02-01-02-05_r05.mp4,5498397,0.157145,1,
write,write,,,video_small,polyglot,5,01-01-02-02-01-02-10_r05.mp4,5457041,0.044245,1,
write,write,,,video_small,pg_bytea,5,01-01-02-02-01-02-10_r05.mp4,5457041,0.148539,1,
write,write,,,video_small,mongo_gridfs,5,01-01-02-02-01-02-10_r05.mp4,5457041,0.044599,1,
write,write,,,video_small,pg_bytea,5,01-01-02-02-01-02-13_r05.mp4,5457041,0.153956,1,
write,write,,,video_small,mongo_gridfs,5,01-01-02-02-01-02-13_r05.mp4,5457041,0.043620,1,
write,write,,,video_small,polyglot,5,01-01-02-02-01-02-13_r05.mp4,5457041,0.046628,1,
write,write,,,video_small,mongo_gridfs,5,01-01-02-02-01-02-17_r05.mp4,5457041,0.057848,1,
write,write,,,video_small,polyglot,5,01-01-02-02-01-02-17_r05.mp4,5457041,0.049601,1,
write,write,,,video_small,pg_bytea,5,01-01-02-02-01-02-17_r05.mp4,5457041,0.174844,1,
write,write,,,video_small,pg_bytea,5,01-01-02-02-02-02-18_r05.mp4,5457041,0.152350,1,
write,write,,,video_small,polyglot,5,01-01-02-02-02-02-18_r05.mp4,5457041,0.047757,1,
write,write,,,video_small,mongo_gridfs,5,01-01-02-02-02-02-18_r05.mp4,5457041,0.065139,1,
write,write,,,video_small,pg_bytea,5,01-01-02-02-02-02-19_r05.mp4,5457041,0.160386,1,
write,write,,,video_small,mongo_gridfs,5,01-01-02-02-02-02-19_r05.mp4,5457041,0.042910,1,
write,write,,,video_small,polyglot,5,01-01-02-02-02-02-19_r05.mp4,5457041,0.054741,1,
write,write,,,video_small,pg_bytea,5,01-01-02-02-02-02-21_r05.mp4,5498397,0.147346,1,
write,write,,,video_small,polyglot,5,01-01-02-02-02-02-21_r05.mp4,5498397,2.058771,1,
write,write,,,video_small,mongo_gridfs,5,01-01-02-02-02-02-21_r05.mp4,5498397,0.068090,1,
write,write,,,video_small,mongo_gridfs,5,01-01-02-02-02-02-22_r05.mp4,5457041,0.049861,1,
write,write,,,video_small,polyglot,5,01-01-02-02-02-02-22_r05.mp4,5457041,0.048527,1,
write,write,,,video_small,pg_bytea,5,01-01-02-02-02-02-22_r05.mp4,5457041,0.197579,1,
write,write,,,video_small,pg_bytea,5,01-01-02-02-02-02-23_r05.mp4,5457041,0.158391,1,
write,write,,,video_small,polyglot,5,01-01-02-02-02-02-23_r05.mp4,5457041,0.048126,1,
write,write,,,video_small,mongo_gridfs,5,01-01-02-02-02-02-23_r05.mp4,5457041,0.049124,1,
write,write,,,video_small,pg_bytea,5,01-01-03-01-01-01-12_r05.mp4,5457041,0.153130,1,
write,write,,,video_small,polyglot,5,01-01-03-01-01-01-12_r05.mp4,5457041,0.043279,1,
write,write,,,video_small,mongo_gridfs,5,01-01-03-01-01-01-12_r05.mp4,5457041,0.058077,1,
write,write,,,video_small,mongo_gridfs,5,01-01-03-01-01-01-15_r05.mp4,5457041,0.051812,1,
write,write,,,video_small,polyglot,5,01-01-03-01-01-01-15_r05.mp4,5457041,0.047270,1,
write,write,,,video_small,pg_bytea,5,01-01-03-01-01-01-15_r05.mp4,5457041,0.161379,1,
write,write,,,video_small,pg_bytea,5,01-01-03-01-02-01-08_r05.mp4,5498397,0.151248,1,
write,write,,,video_small,mongo_gridfs,5,01-01-03-01-02-01-08_r05.mp4,5498397,0.047104,1,
write,write,,,video_small,polyglot,5,01-01-03-01-02-01-08_r05.mp4,5498397,0.043522,1,
write,write,,,video_small,mongo_gridfs,5,01-01-03-01-02-01-21_r05.mp4,5498397,0.040938,1,
write,write,,,video_small,pg_bytea,5,01-01-03-01-02-01-21_r05.mp4,5498397,0.157618,1,
write,write,,,video_small,polyglot,5,01-01-03-01-02-01-21_r05.mp4,5498397,0.043626,1,
write,write,,,video_small,pg_bytea,5,01-01-03-02-01-01-21_r05.mp4,5457041,0.156272,1,
write,write,,,video_small,polyglot,5,01-01-03-02-01-01-21_r05.mp4,5457041,0.050299,1,
write,write,,,video_small,mongo_gridfs,5,01-01-03-02-01-01-21_r05.mp4,5457041,0.050088,1,
write,write,,,video_small,pg_bytea,5,01-01-03-02-01-01-24_r05.mp4,5457041,0.148543,1,
write,write,,,video_small,polyglot,5,01-01-03-02-01-01-24_r05.mp4,5457041,0.046324,1,
write,write,,,video_small,mongo_gridfs,5,01-01-03-02-01-01-24_r05.mp4,5457041,0.041745,1,
write,write,,,video_small,mongo_gridfs,5,01-01-03-02-01-02-01_r05.mp4,5457041,0.045516,1,
write,write,,,video_small,polyglot,5,01-01-03-02-01-02-01_r05.mp4,5457041,0.065846,1,
write,write,,,video_small,pg_bytea,5,01-01-03-02-01-02-01_r05.mp4,5457041,0.164910,1,
write,write,,,video_small,mongo_gridfs,5,01-01-03-02-01-02-15_r05.mp4,5457041,0.043552,1,
write,write,,,video_small,pg_bytea,5,01-01-03-02-01-02-15_r05.mp4,5457041,0.156606,1,
write,write,,,video_small,polyglot,5,01-01-03-02-01-02-15_r05.mp4,5457041,0.044091,1,
write,write,,,video_small,mongo_gridfs,5,01-01-03-02-02-01-05_r05.mp4,5457041,0.046510,1,
write,write,,,video_small,pg_bytea,5,01-01-03-02-02-01-05_r05.mp4,5457041,0.167400,1,
write,write,,,video_small,polyglot,5,01-01-03-02-02-01-05_r05.mp4,5457041,0.052294,1,
write,write,,,video_small,mongo_gridfs,5,01-01-03-02-02-01-12_r05.mp4,5457041,0.047973,1,
write,write,,,video_small,polyglot,5,01-01-03-02-02-01-12_r05.mp4,5457041,0.046535,1,
write,write,,,video_small,pg_bytea,5,01-01-03-02-02-01-12_r05.mp4,5457041,0.175248,1,
write,write,,,video_small,pg_bytea,5,01-01-03-02-02-01-15_r05.mp4,5498397,0.164797,1,
write,write,,,video_small,mongo_gridfs,5,01-01-03-02-02-01-15_r05.mp4,5498397,0.056519,1,
write,write,,,video_small,polyglot,5,01-01-03-02-02-01-15_r05.mp4,5498397,0.049908,1,
write,write,,,video_small,mongo_gridfs,5,01-01-04-01-01-01-03_r05.mp4,5457041,0.050435,1,
write,write,,,video_small,pg_bytea,5,01-01-04-01-01-01-03_r05.mp4,5457041,0.163355,1,
write,write,,,video_small,polyglot,5,01-01-04-01-01-01-03_r05.mp4,5457041,0.057915,1,
write,write,,,video_small,polyglot,5,01-01-04-01-01-01-05_r05.mp4,5498397,0.045028,1,
write,write,,,video_small,mongo_gridfs,5,01-01-04-01-01-01-05_r05.mp4,5498397,0.046528,1,
write,write,,,video_small,pg_bytea,5,01-01-04-01-01-01-05_r05.mp4,5498397,2.204797,1,
write,write,,,video_small,mongo_gridfs,5,01-01-04-01-01-01-10_r05.mp4,5457041,0.060159,1,
write,write,,,video_small,polyglot,5,01-01-04-01-01-01-10_r05.mp4,5457041,0.050236,1,
write,write,,,video_small,pg_bytea,5,01-01-04-01-01-01-10_r05.mp4,5457041,0.147936,1,
write,write,,,video_small,mongo_gridfs,5,01-01-04-01-01-01-16_r05.mp4,5457041,0.049006,1,
write,write,,,video_small,pg_bytea,5,01-01-04-01-01-01-16_r05.mp4,5457041,0.143370,1,
write,write,,,video_small,polyglot,5,01-01-04-01-01-01-16_r05.mp4,5457041,0.056079,1,
write,write,,,video_small,pg_bytea,5,01-01-04-01-02-01-19_r05.mp4,5498397,0.162048,1,
write,write,,,video_small,mongo_gridfs,5,01-01-04-01-02-01-19_r05.mp4,5498397,0.067197,1,
write,write,,,video_small,polyglot,5,01-01-04-01-02-01-19_r05.mp4,5498397,0.045904,1,
write,write,,,video_small,pg_bytea,5,01-01-04-01-02-01-21_r05.mp4,5498397,0.172883,1,
write,write,,,video_small,polyglot,5,01-01-04-01-02-01-21_r05.mp4,5498397,0.056177,1,
write,write,,,video_small,mongo_gridfs,5,01-01-04-01-02-01-21_r05.mp4,5498397,0.050916,1,
write,write,,,video_small,polyglot,5,01-01-04-01-02-01-22_r05.mp4,5498397,0.058825,1,
write,write,,,video_small,pg_bytea,5,01-01-04-01-02-01-22_r05.mp4,5498397,0.183017,1,
write,write,,,video_small,mongo_gridfs,5,01-01-04-01-02-01-22_r05.mp4,5498397,0.057318,1,
write,write,,,video_small,mongo_gridfs,5,01-01-04-02-01-01-18_r05.mp4,5498397,0.049218,1,
write,write,,,video_small,pg_bytea,5,01-01-04-02-01-01-18_r05.mp4,5498397,0.157504,1,
write,write,,,video_small,polyglot,5,01-01-04-02-01-01-18_r05.mp4,5498397,0.045491,1,
write,write,,,video_small,mongo_gridfs,5,01-01-04-02-01-01-19_r05.mp4,5457041,0.048982,1,
write,write,,,video_small,polyglot,5,01-01-04-02-01-01-19_r05.mp4,5457041,0.058554,1,
write,write,,,video_small,pg_bytea,5,01-01-04-02-01-01-19_r05.mp4,5457041,0.174173,1,
write,write,,,video_small,mongo_gridfs,5,01-01-04-02-02-01-02_r05.mp4,5498397,0.083665,1,
write,write,,,video_small,polyglot,5,01-01-04-02-02-01-02_r05.mp4,5498397,0.053277,1,
write,write,,,video_small,pg_bytea,5,01-01-04-02-02-01-02_r05.mp4,5498397,0.174955,1,
write,write,,,video_small,pg_bytea,5,01-01-04-02-02-01-05_r05.mp4,5498397,0.155681,1,
write,write,,,video_small,mongo_gridfs,5,01-01-04-02-02-01-05_r05.mp4,5498397,0.055062,1,
write,write,,,video_small,polyglot,5,01-01-04-02-02-01-05_r05.mp4,5498397,0.045868,1,
write,write,,,video_small,polyglot,5,01-01-04-02-02-01-06_r05.mp4,5498397,0.043971,1,
write,write,,,video_small,mongo_gridfs,5,01-01-04-02-02-01-06_r05.mp4,5498397,0.046205,1,
write,write,,,video_small,pg_bytea,5,01-01-04-02-02-01-06_r05.mp4,5498397,0.158568,1,
write,write,,,video_small,mongo_gridfs,5,01-01-04-02-02-01-13_r05.mp4,5498397,0.078085,1,
write,write,,,video_small,polyglot,5,01-01-04-02-02-01-13_r05.mp4,5498397,0.046577,1,
write,write,,,video_small,pg_bytea,5,01-01-04-02-02-01-13_r05.mp4,5498397,0.160030,1,
write,write,,,video_small,polyglot,5,01-01-04-02-02-01-17_r05.mp4,5498397,0.050904,1,
write,write,,,video_small,mongo_gridfs,5,01-01-04-02-02-01-17_r05.mp4,5498397,0.047124,1,
write,write,,,video_small,pg_bytea,5,01-01-04-02-02-01-17_r05.mp4,5498397,0.173033,1,
write,write,,,video_small,pg_bytea,5,01-01-04-02-02-02-19_r05.mp4,5498397,0.151142,1,
write,write,,,video_small,polyglot,5,01-01-04-02-02-02-19_r05.mp4,5498397,0.050333,1,
write,write,,,video_small,mongo_gridfs,5,01-01-04-02-02-02-19_r05.mp4,5498397,0.045821,1,
write,write,,,video_small,polyglot,5,01-01-05-01-01-02-09_r05.mp4,5457041,0.047844,1,
write,write,,,video_small,mongo_gridfs,5,01-01-05-01-01-02-09_r05.mp4,5457041,0.044951,1,
write,write,,,video_small,pg_bytea,5,01-01-05-01-01-02-09_r05.mp4,5457041,0.174262,1,
write,write,,,video_small,polyglot,5,01-01-05-01-01-02-19_r05.mp4,5498397,0.462046,1,
write,write,,,video_small,pg_bytea,5,01-01-05-01-01-02-19_r05.mp4,5498397,0.165768,1,
write,write,,,video_small,mongo_gridfs,5,01-01-05-01-01-02-19_r05.mp4,5498397,1.548933,1,
write,write,,,video_small,polyglot,5,01-01-05-01-01-02-21_r05.mp4,5457041,0.063109,1,
write,write,,,video_small,pg_bytea,5,01-01-05-01-01-02-21_r05.mp4,5457041,0.161652,1,
write,write,,,video_small,mongo_gridfs,5,01-01-05-01-01-02-21_r05.mp4,5457041,0.047182,1,
write,write,,,video_small,mongo_gridfs,5,01-01-05-01-02-01-19_r05.mp4,5457041,0.053868,1,
write,write,,,video_small,pg_bytea,5,01-01-05-01-02-01-19_r05.mp4,5457041,0.147427,1,
write,write,,,video_small,polyglot,5,01-01-05-01-02-01-19_r05.mp4,5457041,0.047668,1,
write,write,,,video_small,mongo_gridfs,5,01-01-05-01-02-02-04_r05.mp4,5457041,0.045468,1,
write,write,,,video_small,polyglot,5,01-01-05-01-02-02-04_r05.mp4,5457041,0.055423,1,
write,write,,,video_small,pg_bytea,5,01-01-05-01-02-02-04_r05.mp4,5457041,0.153361,1,
write,write,,,video_small,pg_bytea,5,01-01-05-01-02-02-05_r05.mp4,5498397,0.161692,1,
write,write,,,video_small,mongo_gridfs,5,01-01-05-01-02-02-05_r05.mp4,5498397,0.052259,1,
write,write,,,video_small,polyglot,5,01-01-05-01-02-02-05_r05.mp4,5498397,0.048652,1,
write,write,,,video_small,pg_bytea,5,01-01-05-02-01-02-04_r05.mp4,5457041,0.179767,1,
write,write,,,video_small,polyglot,5,01-01-05-02-01-02-04_r05.mp4,5457041,0.047452,1,
write,write,,,video_small,mongo_gridfs,5,01-01-05-02-01-02-04_r05.mp4,5457041,0.044991,1,
write,write,,,video_small,polyglot,5,01-01-05-02-01-02-12_r05.mp4,5457041,0.051313,1,
write,write,,,video_small,mongo_gridfs,5,01-01-05-02-01-02-12_r05.mp4,5457041,0.049733,1,
write,write,,,video_small,pg_bytea,5,01-01-05-02-01-02-12_r05.mp4,5457041,0.156189,1,
write,write,,,video_small,mongo_gridfs,5,01-01-05-02-01-02-14_r05.mp4,5457041,0.074322,1,
write,write,,,video_small,pg_bytea,5,01-01-05-02-01-02-14_r05.mp4,5457041,0.151094,1,
write,write,,,video_small,polyglot,5,01-01-05-02-01-02-14_r05.mp4,5457041,0.047344,1,
write,write,,,video_small,polyglot,5,01-01-05-02-02-02-19_r05.mp4,5498397,0.045961,1,
write,write,,,video_small,mongo_gridfs,5,01-01-05-02-02-02-19_r05.mp4,5498397,0.048661,1,
write,write,,,video_small,pg_bytea,5,01-01-05-02-02-02-19_r05.mp4,5498397,2.103449,1,
write,write,,,video_small,pg_bytea,5,01-01-05-02-02-02-20_r05.mp4,5498397,0.158007,1,
write,write,,,video_small,mongo_gridfs,5,01-01-05-02-02-02-20_r05.mp4,5498397,0.070160,1,
write,write,,,video_small,polyglot,5,01-01-05-02-02-02-20_r05.mp4,5498397,0.054068,1,
write,write,,,video_small,mongo_gridfs,5,01-01-05-02-02-02-23_r05.mp4,5457041,0.062957,1,
write,write,,,video_small,pg_bytea,5,01-01-05-02-02-02-23_r05.mp4,5457041,0.163254,1,
write,write,,,video_small,polyglot,5,01-01-05-02-02-02-23_r05.mp4,5457041,0.060662,1,
write,write,,,video_small,mongo_gridfs,5,01-01-06-01-01-01-08_r05.mp4,5457041,0.052973,1,
write,write,,,video_small,pg_bytea,5,01-01-06-01-01-01-08_r05.mp4,5457041,0.146077,1,
write,write,,,video_small,polyglot,5,01-01-06-01-01-01-08_r05.mp4,5457041,0.045781,1,
write,write,,,video_small,polyglot,5,01-01-06-01-01-01-19_r05.mp4,5457041,0.052863,1,
write,write,,,video_small,pg_bytea,5,01-01-06-01-01-01-19_r05.mp4,5457041,0.164666,1,
write,write,,,video_small,mongo_gridfs,5,01-01-06-01-01-01-19_r05.mp4,5457041,0.046934,1,
write,write,,,video_small,mongo_gridfs,5,01-01-06-01-01-01-24_r05.mp4,5498397,0.048376,1,
write,write,,,video_small,polyglot,5,01-01-06-01-01-01-24_r05.mp4,5498397,0.047673,1,
write,write,,,video_small,pg_bytea,5,01-01-06-01-01-01-24_r05.mp4,5498397,0.149962,1,
write,write,,,video_medium,pg_bytea,5,tsinghua_v_0024_r05.mp4,13091522,0.401694,1,
write,write,,,video_medium,polyglot,5,tsinghua_v_0024_r05.mp4,13091522,0.119080,1,
write,write,,,video_medium,mongo_gridfs,5,tsinghua_v_0024_r05.mp4,13091522,0.163974,1,
write,write,,,video_medium,mongo_gridfs,5,tsinghua_v_0046_r05.mp4,13091522,0.137184,1,
write,write,,,video_medium,pg_bytea,5,tsinghua_v_0046_r05.mp4,13091522,0.385096,1,
write,write,,,video_medium,polyglot,5,tsinghua_v_0046_r05.mp4,13091522,0.104449,1,
write,write,,,video_medium,mongo_gridfs,5,tsinghua_v_0076_r05.mp4,13091522,0.123418,1,
write,write,,,video_medium,pg_bytea,5,tsinghua_v_0076_r05.mp4,13091522,0.394505,1,
write,write,,,video_medium,polyglot,5,tsinghua_v_0076_r05.mp4,13091522,0.106722,1,
write,write,,,video_medium,pg_bytea,5,tsinghua_v_0080_r05.mp4,13091522,0.414435,1,
write,write,,,video_medium,polyglot,5,tsinghua_v_0080_r05.mp4,13091522,0.128913,1,
write,write,,,video_medium,mongo_gridfs,5,tsinghua_v_0080_r05.mp4,13091522,0.162996,1,
write,write,,,video_medium,mongo_gridfs,5,tsinghua_v_0109_r05.mp4,13091522,0.114466,1,
write,write,,,video_medium,pg_bytea,5,tsinghua_v_0109_r05.mp4,13091522,0.398272,1,
write,write,,,video_medium,polyglot,5,tsinghua_v_0109_r05.mp4,13091522,0.115488,1,
write,write,,,video_medium,polyglot,5,tsinghua_v_0123_r05.mp4,13091522,0.133285,1,
write,write,,,video_medium,mongo_gridfs,5,tsinghua_v_0123_r05.mp4,13091522,0.101581,1,
write,write,,,video_medium,pg_bytea,5,tsinghua_v_0123_r05.mp4,13091522,0.390094,1,
write,write,,,video_medium,mongo_gridfs,5,tsinghua_v_0130_r05.mp4,13091522,0.114310,1,
write,write,,,video_medium,pg_bytea,5,tsinghua_v_0130_r05.mp4,13091522,0.395630,1,
write,write,,,video_medium,polyglot,5,tsinghua_v_0130_r05.mp4,13091522,0.117712,1,
write,write,,,video_medium,mongo_gridfs,5,tsinghua_v_0135_r05.mp4,13091522,0.211526,1,
write,write,,,video_medium,pg_bytea,5,tsinghua_v_0135_r05.mp4,13091522,0.380199,1,
write,write,,,video_medium,polyglot,5,tsinghua_v_0135_r05.mp4,13091522,0.105527,1,
write,write,,,video_medium,mongo_gridfs,5,tsinghua_v_0137_r05.mp4,13091522,0.139522,1,
write,write,,,video_medium,polyglot,5,tsinghua_v_0137_r05.mp4,13091522,0.112046,1,
write,write,,,video_medium,pg_bytea,5,tsinghua_v_0137_r05.mp4,13091522,0.418299,1,
write,write,,,video_medium,pg_bytea,5,tsinghua_v_0140_r05.mp4,13091522,0.417309,1,
write,write,,,video_medium,mongo_gridfs,5,tsinghua_v_0140_r05.mp4,13091522,0.125284,1,
write,write,,,video_medium,polyglot,5,tsinghua_v_0140_r05.mp4,13091522,0.136839,1,
write,write,,,video_medium,polyglot,5,tsinghua_v_0151_r05.mp4,13091522,0.128372,1,
write,write,,,video_medium,mongo_gridfs,5,tsinghua_v_0151_r05.mp4,13091522,0.109959,1,
write,write,,,video_medium,pg_bytea,5,tsinghua_v_0151_r05.mp4,13091522,0.375517,1,
write,write,,,video_medium,pg_bytea,5,tsinghua_v_0157_r05.mp4,13091522,0.372951,1,
write,write,,,video_medium,mongo_gridfs,5,tsinghua_v_0157_r05.mp4,13091522,0.103110,1,
write,write,,,video_medium,polyglot,5,tsinghua_v_0157_r05.mp4,13091522,0.126897,1,
write,write,,,video_medium,pg_bytea,5,tsinghua_v_0209_r05.mp4,13091522,0.369276,1,
write,write,,,video_medium,mongo_gridfs,5,tsinghua_v_0209_r05.mp4,13091522,0.111821,1,
write,write,,,video_medium,polyglot,5,tsinghua_v_0209_r05.mp4,13091522,0.155816,1,
write,write,,,video_medium,pg_bytea,5,tsinghua_v_0226_r05.mp4,13091522,0.429578,1,
write,write,,,video_medium,polyglot,5,tsinghua_v_0226_r05.mp4,13091522,0.108609,1,
write,write,,,video_medium,mongo_gridfs,5,tsinghua_v_0226_r05.mp4,13091522,0.127264,1,
write,write,,,video_medium,polyglot,5,tsinghua_v_0236_r05.mp4,13091522,0.113850,1,
write,write,,,video_medium,mongo_gridfs,5,tsinghua_v_0236_r05.mp4,13091522,0.115873,1,
write,write,,,video_medium,pg_bytea,5,tsinghua_v_0236_r05.mp4,13091522,0.405130,1,
write,write,,,video_medium,pg_bytea,5,tsinghua_v_0274_r05.mp4,13091522,0.384627,1,
write,write,,,video_medium,polyglot,5,tsinghua_v_0274_r05.mp4,13091522,0.131295,1,
write,write,,,video_medium,mongo_gridfs,5,tsinghua_v_0274_r05.mp4,13091522,0.122781,1,
write,write,,,video_medium,polyglot,5,tsinghua_v_0280_r05.mp4,13091522,0.100916,1,
write,write,,,video_medium,mongo_gridfs,5,tsinghua_v_0280_r05.mp4,13091522,0.196411,1,
write,write,,,video_medium,pg_bytea,5,tsinghua_v_0280_r05.mp4,13091522,0.391413,1,
write,write,,,video_medium,pg_bytea,5,tsinghua_v_0302_r05.mp4,13091522,0.361289,1,
write,write,,,video_medium,mongo_gridfs,5,tsinghua_v_0302_r05.mp4,13091522,0.124359,1,
write,write,,,video_medium,polyglot,5,tsinghua_v_0302_r05.mp4,13091522,0.128973,1,
write,write,,,video_medium,polyglot,5,tsinghua_v_0311_r05.mp4,13091522,0.110733,1,
write,write,,,video_medium,pg_bytea,5,tsinghua_v_0311_r05.mp4,13091522,0.429414,1,
write,write,,,video_medium,mongo_gridfs,5,tsinghua_v_0311_r05.mp4,13091522,0.114991,1,
write,write,,,video_medium,polyglot,5,tsinghua_v_0316_r05.mp4,13091522,0.114787,1,
write,write,,,video_medium,mongo_gridfs,5,tsinghua_v_0316_r05.mp4,13091522,0.121334,1,
write,write,,,video_medium,pg_bytea,5,tsinghua_v_0316_r05.mp4,13091522,0.402566,1,
write,write,,,video_medium,polyglot,5,tsinghua_v_0319_r05.mp4,13091522,0.107695,1,
write,write,,,video_medium,pg_bytea,5,tsinghua_v_0319_r05.mp4,13091522,0.396264,1,
write,write,,,video_medium,mongo_gridfs,5,tsinghua_v_0319_r05.mp4,13091522,0.115466,1,
write,write,,,video_medium,pg_bytea,5,tsinghua_v_0321_r05.mp4,13091522,0.378346,1,
write,write,,,video_medium,mongo_gridfs,5,tsinghua_v_0321_r05.mp4,13091522,0.198423,1,
write,write,,,video_medium,polyglot,5,tsinghua_v_0321_r05.mp4,13091522,0.112569,1,
write,write,,,video_medium,polyglot,5,tsinghua_v_0331_r05.mp4,13091522,0.132088,1,
write,write,,,video_medium,pg_bytea,5,tsinghua_v_0331_r05.mp4,13091522,0.383610,1,
write,write,,,video_medium,mongo_gridfs,5,tsinghua_v_0331_r05.mp4,13091522,0.109661,1,
write,write,,,video_medium,mongo_gridfs,5,tsinghua_v_0345_r05.mp4,13091522,0.152070,1,
write,write,,,video_medium,pg_bytea,5,tsinghua_v_0345_r05.mp4,13091522,0.375529,1,
write,write,,,video_medium,polyglot,5,tsinghua_v_0345_r05.mp4,13091522,0.108378,1,
write,write,,,video_medium,mongo_gridfs,5,tsinghua_v_0356_r05.mp4,13091522,0.128654,1,
write,write,,,video_medium,polyglot,5,tsinghua_v_0356_r05.mp4,13091522,0.111208,1,
write,write,,,video_medium,pg_bytea,5,tsinghua_v_0356_r05.mp4,13091522,0.402334,1,
write,write,,,video_medium,polyglot,5,tsinghua_v_0357_r05.mp4,13091522,0.105224,1,
write,write,,,video_medium,mongo_gridfs,5,tsinghua_v_0357_r05.mp4,13091522,0.209042,1,
write,write,,,video_medium,pg_bytea,5,tsinghua_v_0357_r05.mp4,13091522,0.380928,1,
write,write,,,video_medium,pg_bytea,5,tsinghua_v_0379_r05.mp4,13091522,0.469206,1,
write,write,,,video_medium,polyglot,5,tsinghua_v_0379_r05.mp4,13091522,1.272578,1,
write,write,,,video_medium,mongo_gridfs,5,tsinghua_v_0379_r05.mp4,13091522,0.137302,1,
write,write,,,video_medium,polyglot,5,tsinghua_v_0393_r05.mp4,13091522,0.140967,1,
write,write,,,video_medium,pg_bytea,5,tsinghua_v_0393_r05.mp4,13091522,1.825807,1,
write,write,,,video_medium,mongo_gridfs,5,tsinghua_v_0393_r05.mp4,13091522,0.111740,1,
write,write,,,video_medium,mongo_gridfs,5,tsinghua_v_0421_r05.mp4,13091522,0.118517,1,
write,write,,,video_medium,pg_bytea,5,tsinghua_v_0421_r05.mp4,13091522,0.370782,1,
write,write,,,video_medium,polyglot,5,tsinghua_v_0421_r05.mp4,13091522,0.120621,1,
write,write,,,video_medium,polyglot,5,tsinghua_v_0424_r05.mp4,13091522,0.138305,1,
write,write,,,video_medium,pg_bytea,5,tsinghua_v_0424_r05.mp4,13091522,0.440575,1,
write,write,,,video_medium,mongo_gridfs,5,tsinghua_v_0424_r05.mp4,13091522,0.117722,1,
write,write,,,video_medium,pg_bytea,5,tsinghua_v_0427_r05.mp4,13091522,0.387016,1,
write,write,,,video_medium,polyglot,5,tsinghua_v_0427_r05.mp4,13091522,0.124870,1,
write,write,,,video_medium,mongo_gridfs,5,tsinghua_v_0427_r05.mp4,13091522,0.137829,1,
write,write,,,video_medium,pg_bytea,5,tsinghua_v_0431_r05.mp4,13091522,0.387460,1,
write,write,,,video_medium,polyglot,5,tsinghua_v_0431_r05.mp4,13091522,0.101601,1,
write,write,,,video_medium,mongo_gridfs,5,tsinghua_v_0431_r05.mp4,13091522,0.116723,1,
write,write,,,video_medium,pg_bytea,5,tsinghua_v_0452_r05.mp4,13091522,0.411405,1,
write,write,,,video_medium,polyglot,5,tsinghua_v_0452_r05.mp4,13091522,0.099778,1,
write,write,,,video_medium,mongo_gridfs,5,tsinghua_v_0452_r05.mp4,13091522,0.127867,1,
write,write,,,video_medium,pg_bytea,5,tsinghua_v_0454_r05.mp4,13091522,0.367564,1,
write,write,,,video_medium,polyglot,5,tsinghua_v_0454_r05.mp4,13091522,0.110591,1,
write,write,,,video_medium,mongo_gridfs,5,tsinghua_v_0454_r05.mp4,13091522,0.110120,1,
write,write,,,video_medium,pg_bytea,5,tsinghua_v_0457_r05.mp4,13091522,0.340906,1,
write,write,,,video_medium,polyglot,5,tsinghua_v_0457_r05.mp4,13091522,0.108046,1,
write,write,,,video_medium,mongo_gridfs,5,tsinghua_v_0457_r05.mp4,13091522,0.117299,1,
write,write,,,video_medium,polyglot,5,tsinghua_v_0466_r05.mp4,13091522,0.104352,1,
write,write,,,video_medium,mongo_gridfs,5,tsinghua_v_0466_r05.mp4,13091522,0.115067,1,
write,write,,,video_medium,pg_bytea,5,tsinghua_v_0466_r05.mp4,13091522,0.340584,1,
write,write,,,video_medium,polyglot,5,tsinghua_v_0471_r05.mp4,13091522,0.115506,1,
write,write,,,video_medium,mongo_gridfs,5,tsinghua_v_0471_r05.mp4,13091522,0.134466,1,
write,write,,,video_medium,pg_bytea,5,tsinghua_v_0471_r05.mp4,13091522,0.349107,1,
write,write,,,video_medium,mongo_gridfs,5,tsinghua_v_0472_r05.mp4,13091522,0.107603,1,
write,write,,,video_medium,pg_bytea,5,tsinghua_v_0472_r05.mp4,13091522,0.506211,1,
write,write,,,video_medium,polyglot,5,tsinghua_v_0472_r05.mp4,13091522,0.102235,1,
write,write,,,video_medium,polyglot,5,tsinghua_v_0494_r05.mp4,13091522,0.124689,1,
write,write,,,video_medium,pg_bytea,5,tsinghua_v_0494_r05.mp4,13091522,0.353666,1,
write,write,,,video_medium,mongo_gridfs,5,tsinghua_v_0494_r05.mp4,13091522,0.101446,1,
write,write,,,video_medium,mongo_gridfs,5,tsinghua_v_0503_r05.mp4,13091522,0.170296,1,
write,write,,,video_medium,pg_bytea,5,tsinghua_v_0503_r05.mp4,13091522,0.370410,1,
write,write,,,video_medium,polyglot,5,tsinghua_v_0503_r05.mp4,13091522,0.116091,1,
write,write,,,video_medium,mongo_gridfs,5,tsinghua_v_0509_r05.mp4,13091522,0.113164,1,
write,write,,,video_medium,pg_bytea,5,tsinghua_v_0509_r05.mp4,13091522,0.360879,1,
write,write,,,video_medium,polyglot,5,tsinghua_v_0509_r05.mp4,13091522,0.107877,1,
write,write,,,video_medium,polyglot,5,tsinghua_v_0523_r05.mp4,13091522,0.119404,1,
write,write,,,video_medium,pg_bytea,5,tsinghua_v_0523_r05.mp4,13091522,0.374580,1,
write,write,,,video_medium,mongo_gridfs,5,tsinghua_v_0523_r05.mp4,13091522,0.098642,1,
write,write,,,video_medium,mongo_gridfs,5,tsinghua_v_0546_r05.mp4,13091522,0.107531,1,
write,write,,,video_medium,pg_bytea,5,tsinghua_v_0546_r05.mp4,13091522,0.364417,1,
write,write,,,video_medium,polyglot,5,tsinghua_v_0546_r05.mp4,13091522,0.106736,1,
write,write,,,video_medium,pg_bytea,5,tsinghua_v_0568_r05.mp4,13091522,0.387302,1,
write,write,,,video_medium,mongo_gridfs,5,tsinghua_v_0568_r05.mp4,13091522,0.139285,1,
write,write,,,video_medium,polyglot,5,tsinghua_v_0568_r05.mp4,13091522,0.134781,1,
write,write,,,video_medium,pg_bytea,5,tsinghua_v_0594_r05.mp4,13091522,1.949874,1,
write,write,,,video_medium,polyglot,5,tsinghua_v_0594_r05.mp4,13091522,0.101014,1,
write,write,,,video_medium,mongo_gridfs,5,tsinghua_v_0594_r05.mp4,13091522,0.121799,1,
write,write,,,video_medium,pg_bytea,5,tsinghua_v_0596_r05.mp4,13091522,0.349502,1,
write,write,,,video_medium,polyglot,5,tsinghua_v_0596_r05.mp4,13091522,0.109356,1,
write,write,,,video_medium,mongo_gridfs,5,tsinghua_v_0596_r05.mp4,13091522,0.142087,1,
write,write,,,video_medium,pg_bytea,5,tsinghua_v_0635_r05.mp4,13091522,0.422963,1,
write,write,,,video_medium,mongo_gridfs,5,tsinghua_v_0635_r05.mp4,13091522,0.128364,1,
write,write,,,video_medium,polyglot,5,tsinghua_v_0635_r05.mp4,13091522,0.146420,1,
write,write,,,video_medium,mongo_gridfs,5,tsinghua_v_0653_r05.mp4,13091522,0.116812,1,
write,write,,,video_medium,pg_bytea,5,tsinghua_v_0653_r05.mp4,13091522,0.417631,1,
write,write,,,video_medium,polyglot,5,tsinghua_v_0653_r05.mp4,13091522,1.911360,1,
write,write,,,video_medium,pg_bytea,5,tsinghua_v_0667_r05.mp4,13091522,0.428098,1,
write,write,,,video_medium,polyglot,5,tsinghua_v_0667_r05.mp4,13091522,0.106070,1,
write,write,,,video_medium,mongo_gridfs,5,tsinghua_v_0667_r05.mp4,13091522,0.122147,1,
write,write,,,video_medium,polyglot,5,tsinghua_v_0673_r05.mp4,13091522,0.111061,1,
write,write,,,video_medium,pg_bytea,5,tsinghua_v_0673_r05.mp4,13091522,0.383389,1,
write,write,,,video_medium,mongo_gridfs,5,tsinghua_v_0673_r05.mp4,13091522,0.104087,1,
write,write,,,video_medium,polyglot,5,tsinghua_v_0681_r05.mp4,13091522,0.117687,1,
write,write,,,video_medium,mongo_gridfs,5,tsinghua_v_0681_r05.mp4,13091522,0.111461,1,
write,write,,,video_medium,pg_bytea,5,tsinghua_v_0681_r05.mp4,13091522,0.383377,1,
write,write,,,video_medium,mongo_gridfs,5,tsinghua_v_0690_r05.mp4,13091522,0.120074,1,
write,write,,,video_medium,pg_bytea,5,tsinghua_v_0690_r05.mp4,13091522,0.385973,1,
write,write,,,video_medium,polyglot,5,tsinghua_v_0690_r05.mp4,13091522,0.102031,1,
write,write,,,video_medium,mongo_gridfs,5,tsinghua_v_0692_r05.mp4,13091522,0.109658,1,
write,write,,,video_medium,polyglot,5,tsinghua_v_0692_r05.mp4,13091522,0.102125,1,
write,write,,,video_medium,pg_bytea,5,tsinghua_v_0692_r05.mp4,13091522,0.389127,1,
write,write,,,video_medium,pg_bytea,5,tsinghua_v_0696_r05.mp4,13091522,0.378021,1,
write,write,,,video_medium,polyglot,5,tsinghua_v_0696_r05.mp4,13091522,0.108587,1,
write,write,,,video_medium,mongo_gridfs,5,tsinghua_v_0696_r05.mp4,13091522,0.121098,1,
write,write,,,video_medium,mongo_gridfs,5,tsinghua_v_0734_r05.mp4,13091522,0.100277,1,
write,write,,,video_medium,polyglot,5,tsinghua_v_0734_r05.mp4,13091522,0.121461,1,
write,write,,,video_medium,pg_bytea,5,tsinghua_v_0734_r05.mp4,13091522,0.344338,1,
write,write,,,video_medium,pg_bytea,5,tsinghua_v_0737_r05.mp4,13091522,0.368038,1,
write,write,,,video_medium,mongo_gridfs,5,tsinghua_v_0737_r05.mp4,13091522,0.113379,1,
write,write,,,video_medium,polyglot,5,tsinghua_v_0737_r05.mp4,13091522,0.104071,1,
write,write,,,video_medium,polyglot,5,tsinghua_v_0744_r05.mp4,13091522,0.127900,1,
write,write,,,video_medium,mongo_gridfs,5,tsinghua_v_0744_r05.mp4,13091522,0.096895,1,
write,write,,,video_medium,pg_bytea,5,tsinghua_v_0744_r05.mp4,13091522,0.355051,1,
write,write,,,video_medium,mongo_gridfs,5,tsinghua_v_0745_r05.mp4,13091522,0.102148,1,
write,write,,,video_medium,polyglot,5,tsinghua_v_0745_r05.mp4,13091522,0.124836,1,
write,write,,,video_medium,pg_bytea,5,tsinghua_v_0745_r05.mp4,13091522,0.416818,1,
write,write,,,video_medium,polyglot,5,tsinghua_v_0769_r05.mp4,13091522,0.101688,1,
write,write,,,video_medium,pg_bytea,5,tsinghua_v_0769_r05.mp4,13091522,0.356695,1,
write,write,,,video_medium,mongo_gridfs,5,tsinghua_v_0769_r05.mp4,13091522,0.101643,1,
write,write,,,video_medium,mongo_gridfs,5,tsinghua_v_0791_r05.mp4,13091522,0.121776,1,
write,write,,,video_medium,pg_bytea,5,tsinghua_v_0791_r05.mp4,13091522,0.365777,1,
write,write,,,video_medium,polyglot,5,tsinghua_v_0791_r05.mp4,13091522,0.109619,1,
write,write,,,video_medium,polyglot,5,tsinghua_v_0792_r05.mp4,13091522,0.114848,1,
write,write,,,video_medium,mongo_gridfs,5,tsinghua_v_0792_r05.mp4,13091522,0.100370,1,
write,write,,,video_medium,pg_bytea,5,tsinghua_v_0792_r05.mp4,13091522,0.404274,1,
write,write,,,video_medium,mongo_gridfs,5,tsinghua_v_0857_r05.mp4,13091522,2.176978,1,
write,write,,,video_medium,pg_bytea,5,tsinghua_v_0857_r05.mp4,13091522,0.386238,1,
write,write,,,video_medium,polyglot,5,tsinghua_v_0857_r05.mp4,13091522,0.102847,1,
write,write,,,video_medium,pg_bytea,5,tsinghua_v_0866_r05.mp4,13091522,0.376920,1,
write,write,,,video_medium,mongo_gridfs,5,tsinghua_v_0866_r05.mp4,13091522,0.106886,1,
write,write,,,video_medium,polyglot,5,tsinghua_v_0866_r05.mp4,13091522,0.129790,1,
write,write,,,video_medium,mongo_gridfs,5,tsinghua_v_0880_r05.mp4,13091522,0.106591,1,
write,write,,,video_medium,polyglot,5,tsinghua_v_0880_r05.mp4,13091522,0.114302,1,
write,write,,,video_medium,pg_bytea,5,tsinghua_v_0880_r05.mp4,13091522,0.389818,1,
write,write,,,video_medium,mongo_gridfs,5,tsinghua_v_0888_r05.mp4,13091522,0.106006,1,
write,write,,,video_medium,polyglot,5,tsinghua_v_0888_r05.mp4,13091522,0.129606,1,
write,write,,,video_medium,pg_bytea,5,tsinghua_v_0888_r05.mp4,13091522,0.362643,1,
write,write,,,video_medium,pg_bytea,5,tsinghua_v_0901_r05.mp4,13091522,0.363988,1,
write,write,,,video_medium,polyglot,5,tsinghua_v_0901_r05.mp4,13091522,0.124554,1,
write,write,,,video_medium,mongo_gridfs,5,tsinghua_v_0901_r05.mp4,13091522,0.118322,1,
write,write,,,video_medium,pg_bytea,5,tsinghua_v_0937_r05.mp4,13091522,0.381882,1,
write,write,,,video_medium,polyglot,5,tsinghua_v_0937_r05.mp4,13091522,0.107737,1,
write,write,,,video_medium,mongo_gridfs,5,tsinghua_v_0937_r05.mp4,13091522,0.132352,1,
write,write,,,video_medium,pg_bytea,5,tsinghua_v_0939_r05.mp4,13091522,0.518478,1,
write,write,,,video_medium,polyglot,5,tsinghua_v_0939_r05.mp4,13091522,1.926269,1,
write,write,,,video_medium,mongo_gridfs,5,tsinghua_v_0939_r05.mp4,13091522,0.115461,1,
write,write,,,video_medium,pg_bytea,5,tsinghua_v_0961_r05.mp4,13091522,0.351494,1,
write,write,,,video_medium,polyglot,5,tsinghua_v_0961_r05.mp4,13091522,0.129139,1,
write,write,,,video_medium,mongo_gridfs,5,tsinghua_v_0961_r05.mp4,13091522,0.105344,1,
write,write,,,video_medium,pg_bytea,5,tsinghua_v_0977_r05.mp4,13091522,0.385360,1,
write,write,,,video_medium,mongo_gridfs,5,tsinghua_v_0977_r05.mp4,13091522,0.116750,1,
write,write,,,video_medium,polyglot,5,tsinghua_v_0977_r05.mp4,13091522,0.131910,1,
write,write,,,audio_small,pg_bytea,6,03-01-01-01-01-02-19_r06.wav,375720,0.010528,1,
write,write,,,audio_small,mongo_gridfs,6,03-01-01-01-01-02-19_r06.wav,375720,0.007000,1,
write,write,,,audio_small,polyglot,6,03-01-01-01-01-02-19_r06.wav,375720,0.006622,1,
write,write,,,audio_small,polyglot,6,03-01-01-01-02-02-05_r06.wav,396294,0.005505,1,
write,write,,,audio_small,pg_bytea,6,03-01-01-01-02-02-05_r06.wav,396294,0.010042,1,
write,write,,,audio_small,mongo_gridfs,6,03-01-01-01-02-02-05_r06.wav,396294,0.005893,1,
write,write,,,audio_small,polyglot,6,03-01-01-01-02-02-06_r06.wav,363108,0.004976,1,
write,write,,,audio_small,pg_bytea,6,03-01-01-01-02-02-06_r06.wav,363108,0.016354,1,
write,write,,,audio_small,mongo_gridfs,6,03-01-01-01-02-02-06_r06.wav,363108,0.005653,1,
write,write,,,audio_small,mongo_gridfs,6,03-01-01-01-02-02-07_r06.wav,363108,0.010237,1,
write,write,,,audio_small,pg_bytea,6,03-01-01-01-02-02-07_r06.wav,363108,0.010270,1,
write,write,,,audio_small,polyglot,6,03-01-01-01-02-02-07_r06.wav,363108,0.004730,1,
write,write,,,audio_small,polyglot,6,03-01-01-01-02-02-11_r06.wav,375720,0.005554,1,
write,write,,,audio_small,pg_bytea,6,03-01-01-01-02-02-11_r06.wav,375720,0.011506,1,
write,write,,,audio_small,mongo_gridfs,6,03-01-01-01-02-02-11_r06.wav,375720,0.006592,1,
write,write,,,audio_small,pg_bytea,6,03-01-01-01-02-02-12_r06.wav,372698,0.011270,1,
write,write,,,audio_small,polyglot,6,03-01-01-01-02-02-12_r06.wav,372698,0.005189,1,
write,write,,,audio_small,mongo_gridfs,6,03-01-01-01-02-02-12_r06.wav,372698,0.004251,1,
write,write,,,audio_small,pg_bytea,6,03-01-01-01-02-02-13_r06.wav,363108,0.012018,1,
write,write,,,audio_small,polyglot,6,03-01-01-01-02-02-13_r06.wav,363108,0.004887,1,
write,write,,,audio_small,mongo_gridfs,6,03-01-01-01-02-02-13_r06.wav,363108,0.004064,1,
write,write,,,audio_small,pg_bytea,6,03-01-01-02-01-02-05_r06.wav,393086,0.015378,1,
write,write,,,audio_small,polyglot,6,03-01-01-02-01-02-05_r06.wav,393086,0.008688,1,
write,write,,,audio_small,mongo_gridfs,6,03-01-01-02-01-02-05_r06.wav,393086,0.006233,1,
write,write,,,audio_small,pg_bytea,6,03-01-01-02-01-02-06_r06.wav,363108,0.010631,1,
write,write,,,audio_small,mongo_gridfs,6,03-01-01-02-01-02-06_r06.wav,363108,0.005406,1,
write,write,,,audio_small,polyglot,6,03-01-01-02-01-02-06_r06.wav,363108,0.005841,1,
write,write,,,audio_small,mongo_gridfs,6,03-01-01-02-01-02-07_r06.wav,372698,0.003598,1,
write,write,,,audio_small,polyglot,6,03-01-01-02-01-02-07_r06.wav,372698,0.003707,1,
write,write,,,audio_small,pg_bytea,6,03-01-01-02-01-02-07_r06.wav,372698,0.010168,1,
write,write,,,audio_small,mongo_gridfs,6,03-01-01-02-01-02-13_r06.wav,399494,0.006234,1,
write,write,,,audio_small,pg_bytea,6,03-01-01-02-01-02-13_r06.wav,399494,0.010297,1,
write,write,,,audio_small,polyglot,6,03-01-01-02-01-02-13_r06.wav,399494,0.005865,1,
write,write,,,audio_small,polyglot,6,03-01-01-02-02-02-19_r06.wav,372698,0.004065,1,
write,write,,,audio_small,pg_bytea,6,03-01-01-02-02-02-19_r06.wav,372698,0.012453,1,
write,write,,,audio_small,mongo_gridfs,6,03-01-01-02-02-02-19_r06.wav,372698,0.005903,1,
write,write,,,audio_small,mongo_gridfs,6,03-01-02-01-01-01-19_r06.wav,372698,0.004758,1,
write,write,,,audio_small,polyglot,6,03-01-02-01-01-01-19_r06.wav,372698,0.005444,1,
write,write,,,audio_small,pg_bytea,6,03-01-02-01-01-01-19_r06.wav,372698,0.009869,1,
write,write,,,audio_small,mongo_gridfs,6,03-01-02-01-02-01-06_r06.wav,363108,0.005221,1,
write,write,,,audio_small,polyglot,6,03-01-02-01-02-01-06_r06.wav,363108,0.006283,1,
write,write,,,audio_small,pg_bytea,6,03-01-02-01-02-01-06_r06.wav,363108,0.009899,1,
write,write,,,audio_small,polyglot,6,03-01-02-01-02-01-07_r06.wav,399494,0.005961,1,
write,write,,,audio_small,mongo_gridfs,6,03-01-02-01-02-01-07_r06.wav,399494,0.005369,1,
write,write,,,audio_small,pg_bytea,6,03-01-02-01-02-01-07_r06.wav,399494,0.011463,1,
write,write,,,audio_small,polyglot,6,03-01-02-01-02-01-11_r06.wav,375720,0.006017,1,
write,write,,,audio_small,mongo_gridfs,6,03-01-02-01-02-01-11_r06.wav,375720,0.004675,1,
write,write,,,audio_small,pg_bytea,6,03-01-02-01-02-01-11_r06.wav,375720,0.010568,1,
write,write,,,audio_small,pg_bytea,6,03-01-02-01-02-01-12_r06.wav,372698,0.010178,1,
write,write,,,audio_small,mongo_gridfs,6,03-01-02-01-02-01-12_r06.wav,372698,0.006285,1,
write,write,,,audio_small,polyglot,6,03-01-02-01-02-01-12_r06.wav,372698,0.005747,1,
write,write,,,audio_small,polyglot,6,03-01-02-01-02-01-13_r06.wav,379106,0.006468,1,
write,write,,,audio_small,mongo_gridfs,6,03-01-02-01-02-01-13_r06.wav,379106,0.006404,1,
write,write,,,audio_small,pg_bytea,6,03-01-02-01-02-01-13_r06.wav,379106,0.009800,1,
write,write,,,audio_small,pg_bytea,6,03-01-02-02-01-01-05_r06.wav,363108,0.015147,1,
write,write,,,audio_small,polyglot,6,03-01-02-02-01-01-05_r06.wav,363108,0.008145,1,
write,write,,,audio_small,mongo_gridfs,6,03-01-02-02-01-01-05_r06.wav,363108,0.005071,1,
write,write,,,audio_small,polyglot,6,03-01-02-02-01-01-11_r06.wav,363108,0.005199,1,
write,write,,,audio_small,pg_bytea,6,03-01-02-02-01-01-11_r06.wav,363108,0.009427,1,
write,write,,,audio_small,mongo_gridfs,6,03-01-02-02-01-01-11_r06.wav,363108,0.004830,1,
write,write,,,audio_small,polyglot,6,03-01-02-02-01-01-12_r06.wav,399494,0.005542,1,
write,write,,,audio_small,pg_bytea,6,03-01-02-02-01-01-12_r06.wav,399494,0.010658,1,
write,write,,,audio_small,mongo_gridfs,6,03-01-02-02-01-01-12_r06.wav,399494,0.008028,1,
write,write,,,audio_small,mongo_gridfs,6,03-01-02-02-01-01-13_r06.wav,399494,0.007040,1,
write,write,,,audio_small,pg_bytea,6,03-01-02-02-01-01-13_r06.wav,399494,0.012401,1,
write,write,,,audio_small,polyglot,6,03-01-02-02-01-01-13_r06.wav,399494,0.005589,1,
write,write,,,audio_small,pg_bytea,6,03-01-02-02-02-01-19_r06.wav,379106,0.010180,1,
write,write,,,audio_small,mongo_gridfs,6,03-01-02-02-02-01-19_r06.wav,379106,0.005944,1,
write,write,,,audio_small,polyglot,6,03-01-02-02-02-01-19_r06.wav,379106,0.004638,1,
write,write,,,audio_small,polyglot,6,03-01-03-01-01-02-05_r06.wav,396294,0.005288,1,
write,write,,,audio_small,pg_bytea,6,03-01-03-01-01-02-05_r06.wav,396294,0.014988,1,
write,write,,,audio_small,mongo_gridfs,6,03-01-03-01-01-02-05_r06.wav,396294,0.008005,1,
write,write,,,audio_small,polyglot,6,03-01-03-01-01-02-07_r06.wav,393086,0.005756,1,
write,write,,,audio_small,mongo_gridfs,6,03-01-03-01-01-02-07_r06.wav,393086,0.004863,1,
write,write,,,audio_small,pg_bytea,6,03-01-03-01-01-02-07_r06.wav,393086,0.011048,1,
write,write,,,audio_small,pg_bytea,6,03-01-03-01-01-02-12_r06.wav,399494,0.010040,1,
write,write,,,audio_small,mongo_gridfs,6,03-01-03-01-01-02-12_r06.wav,399494,0.005369,1,
write,write,,,audio_small,polyglot,6,03-01-03-01-01-02-12_r06.wav,399494,0.005341,1,
write,write,,,audio_small,pg_bytea,6,03-01-03-01-01-02-13_r06.wav,399494,0.010895,1,
write,write,,,audio_small,polyglot,6,03-01-03-01-01-02-13_r06.wav,399494,0.006478,1,
write,write,,,audio_small,mongo_gridfs,6,03-01-03-01-01-02-13_r06.wav,399494,0.009830,1,
write,write,,,audio_small,pg_bytea,6,03-01-03-01-02-02-18_r06.wav,393086,0.653559,1,
write,write,,,audio_small,mongo_gridfs,6,03-01-03-01-02-02-18_r06.wav,393086,0.021090,1,
write,write,,,audio_small,polyglot,6,03-01-03-01-02-02-18_r06.wav,393086,0.023530,1,
write,write,,,audio_small,mongo_gridfs,6,03-01-03-01-02-02-19_r06.wav,399494,0.010307,1,
write,write,,,audio_small,pg_bytea,6,03-01-03-01-02-02-19_r06.wav,399494,0.571679,1,
write,write,,,audio_small,polyglot,6,03-01-03-01-02-02-19_r06.wav,399494,0.016341,1,
write,write,,,audio_small,pg_bytea,6,03-01-03-02-01-02-18_r06.wav,396294,0.391051,1,
write,write,,,audio_small,polyglot,6,03-01-03-02-01-02-18_r06.wav,396294,0.016504,1,
write,write,,,audio_small,mongo_gridfs,6,03-01-03-02-01-02-18_r06.wav,396294,0.013413,1,
write,write,,,audio_small,mongo_gridfs,6,03-01-03-02-01-02-19_r06.wav,372698,0.011705,1,
write,write,,,audio_small,polyglot,6,03-01-03-02-01-02-19_r06.wav,372698,0.011651,1,
write,write,,,audio_small,pg_bytea,6,03-01-03-02-01-02-19_r06.wav,372698,0.253884,1,
write,write,,,audio_small,pg_bytea,6,03-01-03-02-02-02-04_r06.wav,379106,0.022511,1,
write,write,,,audio_small,mongo_gridfs,6,03-01-03-02-02-02-04_r06.wav,379106,0.009841,1,
write,write,,,audio_small,polyglot,6,03-01-03-02-02-02-04_r06.wav,379106,0.018101,1,
write,write,,,audio_small,polyglot,6,03-01-03-02-02-02-06_r06.wav,399494,0.068819,1,
write,write,,,audio_small,mongo_gridfs,6,03-01-03-02-02-02-06_r06.wav,399494,0.007927,1,
write,write,,,audio_small,pg_bytea,6,03-01-03-02-02-02-06_r06.wav,399494,0.012232,1,
write,write,,,audio_small,pg_bytea,6,03-01-03-02-02-02-07_r06.wav,393086,0.011207,1,
write,write,,,audio_small,mongo_gridfs,6,03-01-03-02-02-02-07_r06.wav,393086,0.006482,1,
write,write,,,audio_small,polyglot,6,03-01-03-02-02-02-07_r06.wav,393086,0.007297,1,
write,write,,,audio_small,pg_bytea,6,03-01-03-02-02-02-10_r06.wav,375720,0.013091,1,
write,write,,,audio_small,polyglot,6,03-01-03-02-02-02-10_r06.wav,375720,0.011640,1,
write,write,,,audio_small,mongo_gridfs,6,03-01-03-02-02-02-10_r06.wav,375720,0.004737,1,
write,write,,,audio_small,pg_bytea,6,03-01-03-02-02-02-11_r06.wav,396294,0.011239,1,
write,write,,,audio_small,mongo_gridfs,6,03-01-03-02-02-02-11_r06.wav,396294,0.005388,1,
write,write,,,audio_small,polyglot,6,03-01-03-02-02-02-11_r06.wav,396294,0.005204,1,
write,write,,,audio_small,mongo_gridfs,6,03-01-03-02-02-02-13_r06.wav,399494,0.004749,1,
write,write,,,audio_small,polyglot,6,03-01-03-02-02-02-13_r06.wav,399494,0.005328,1,
write,write,,,audio_small,pg_bytea,6,03-01-03-02-02-02-13_r06.wav,399494,0.013904,1,
write,write,,,audio_small,pg_bytea,6,03-01-04-01-01-02-01_r06.wav,396294,0.011372,1,
write,write,,,audio_small,mongo_gridfs,6,03-01-04-01-01-02-01_r06.wav,396294,0.007474,1,
write,write,,,audio_small,polyglot,6,03-01-04-01-01-02-01_r06.wav,396294,0.005266,1,
write,write,,,audio_small,pg_bytea,6,03-01-04-01-01-02-02_r06.wav,379106,0.011617,1,
write,write,,,audio_small,polyglot,6,03-01-04-01-01-02-02_r06.wav,379106,0.006973,1,
write,write,,,audio_small,mongo_gridfs,6,03-01-04-01-01-02-02_r06.wav,379106,0.005366,1,
write,write,,,audio_small,mongo_gridfs,6,03-01-04-01-01-02-16_r06.wav,379106,0.004747,1,
write,write,,,audio_small,polyglot,6,03-01-04-01-01-02-16_r06.wav,379106,0.005267,1,
write,write,,,audio_small,pg_bytea,6,03-01-04-01-01-02-16_r06.wav,379106,0.011008,1,
write,write,,,audio_small,mongo_gridfs,6,03-01-04-01-02-02-08_r06.wav,372698,0.005124,1,
write,write,,,audio_small,polyglot,6,03-01-04-01-02-02-08_r06.wav,372698,0.004711,1,
write,write,,,audio_small,pg_bytea,6,03-01-04-01-02-02-08_r06.wav,372698,0.011139,1,
write,write,,,audio_small,mongo_gridfs,6,03-01-04-01-02-02-09_r06.wav,363108,0.006016,1,
write,write,,,audio_small,pg_bytea,6,03-01-04-01-02-02-09_r06.wav,363108,0.011222,1,
write,write,,,audio_small,polyglot,6,03-01-04-01-02-02-09_r06.wav,363108,0.006062,1,
write,write,,,audio_small,polyglot,6,03-01-04-01-02-02-20_r06.wav,396294,0.004781,1,
write,write,,,audio_small,pg_bytea,6,03-01-04-01-02-02-20_r06.wav,396294,0.011631,1,
write,write,,,audio_small,mongo_gridfs,6,03-01-04-01-02-02-20_r06.wav,396294,0.005750,1,
write,write,,,audio_small,mongo_gridfs,6,03-01-04-01-02-02-21_r06.wav,363108,0.005245,1,
write,write,,,audio_small,pg_bytea,6,03-01-04-01-02-02-21_r06.wav,363108,0.009656,1,
write,write,,,audio_small,polyglot,6,03-01-04-01-02-02-21_r06.wav,363108,0.005804,1,
write,write,,,audio_small,mongo_gridfs,6,03-01-04-01-02-02-22_r06.wav,372698,0.004999,1,
write,write,,,audio_small,polyglot,6,03-01-04-01-02-02-22_r06.wav,372698,0.005283,1,
write,write,,,audio_small,pg_bytea,6,03-01-04-01-02-02-22_r06.wav,372698,0.010157,1,
write,write,,,audio_small,polyglot,6,03-01-04-01-02-02-23_r06.wav,363108,0.005506,1,
write,write,,,audio_small,pg_bytea,6,03-01-04-01-02-02-23_r06.wav,363108,0.011094,1,
write,write,,,audio_small,mongo_gridfs,6,03-01-04-01-02-02-23_r06.wav,363108,0.009443,1,
write,write,,,audio_small,mongo_gridfs,6,03-01-04-02-01-02-09_r06.wav,379106,0.009309,1,
write,write,,,audio_small,polyglot,6,03-01-04-02-01-02-09_r06.wav,379106,0.005561,1,
write,write,,,audio_small,pg_bytea,6,03-01-04-02-01-02-09_r06.wav,379106,0.010547,1,
write,write,,,audio_small,polyglot,6,03-01-04-02-01-02-20_r06.wav,379106,0.006661,1,
write,write,,,audio_small,pg_bytea,6,03-01-04-02-01-02-20_r06.wav,379106,0.010306,1,
write,write,,,audio_small,mongo_gridfs,6,03-01-04-02-01-02-20_r06.wav,379106,0.005493,1,
write,write,,,audio_small,polyglot,6,03-01-04-02-01-02-21_r06.wav,393086,0.005747,1,
write,write,,,audio_small,pg_bytea,6,03-01-04-02-01-02-21_r06.wav,393086,0.010359,1,
write,write,,,audio_small,mongo_gridfs,6,03-01-04-02-01-02-21_r06.wav,393086,0.005575,1,
write,write,,,audio_small,mongo_gridfs,6,03-01-04-02-01-02-22_r06.wav,379106,0.005519,1,
write,write,,,audio_small,polyglot,6,03-01-04-02-01-02-22_r06.wav,379106,0.006191,1,
write,write,,,audio_small,pg_bytea,6,03-01-04-02-01-02-22_r06.wav,379106,0.014118,1,
write,write,,,audio_small,mongo_gridfs,6,03-01-04-02-02-02-14_r06.wav,375720,0.006864,1,
write,write,,,audio_small,pg_bytea,6,03-01-04-02-02-02-14_r06.wav,375720,0.013746,1,
write,write,,,audio_small,polyglot,6,03-01-04-02-02-02-14_r06.wav,375720,0.006042,1,
write,write,,,audio_small,polyglot,6,03-01-04-02-02-02-15_r06.wav,379106,0.005462,1,
write,write,,,audio_small,pg_bytea,6,03-01-04-02-02-02-15_r06.wav,379106,0.010754,1,
write,write,,,audio_small,mongo_gridfs,6,03-01-04-02-02-02-15_r06.wav,379106,0.006710,1,
write,write,,,audio_small,mongo_gridfs,6,03-01-04-02-02-02-16_r06.wav,375720,0.005561,1,
write,write,,,audio_small,pg_bytea,6,03-01-04-02-02-02-16_r06.wav,375720,0.010360,1,
write,write,,,audio_small,polyglot,6,03-01-04-02-02-02-16_r06.wav,375720,0.004749,1,
write,write,,,audio_small,pg_bytea,6,03-01-04-02-02-02-17_r06.wav,363108,0.009373,1,
write,write,,,audio_small,polyglot,6,03-01-04-02-02-02-17_r06.wav,363108,0.004876,1,
write,write,,,audio_small,mongo_gridfs,6,03-01-04-02-02-02-17_r06.wav,363108,0.003461,1,
write,write,,,audio_small,polyglot,6,03-01-05-01-01-01-09_r06.wav,393086,0.004000,1,
write,write,,,audio_small,mongo_gridfs,6,03-01-05-01-01-01-09_r06.wav,393086,0.004067,1,
write,write,,,audio_small,pg_bytea,6,03-01-05-01-01-01-09_r06.wav,393086,0.009911,1,
write,write,,,audio_small,polyglot,6,03-01-05-01-01-01-22_r06.wav,393086,0.003939,1,
write,write,,,audio_small,mongo_gridfs,6,03-01-05-01-01-01-22_r06.wav,393086,0.003871,1,
write,write,,,audio_small,pg_bytea,6,03-01-05-01-01-01-22_r06.wav,393086,0.009581,1,
write,write,,,audio_small,polyglot,6,03-01-05-01-02-01-02_r06.wav,372698,0.003541,1,
write,write,,,audio_small,mongo_gridfs,6,03-01-05-01-02-01-02_r06.wav,372698,0.003943,1,
write,write,,,audio_small,pg_bytea,6,03-01-05-01-02-01-02_r06.wav,372698,0.009652,1,
write,write,,,audio_small,mongo_gridfs,6,03-01-05-01-02-01-03_r06.wav,396294,0.004201,1,
write,write,,,audio_small,polyglot,6,03-01-05-01-02-01-03_r06.wav,396294,0.006539,1,
write,write,,,audio_small,pg_bytea,6,03-01-05-01-02-01-03_r06.wav,396294,0.009682,1,
write,write,,,audio_small,pg_bytea,6,03-01-05-01-02-01-15_r06.wav,363108,0.008949,1,
write,write,,,audio_small,mongo_gridfs,6,03-01-05-01-02-01-15_r06.wav,363108,0.004223,1,
write,write,,,audio_small,polyglot,6,03-01-05-01-02-01-15_r06.wav,363108,0.003876,1,
write,write,,,audio_small,polyglot,6,03-01-05-01-02-01-16_r06.wav,372698,0.003809,1,
write,write,,,audio_small,mongo_gridfs,6,03-01-05-01-02-01-16_r06.wav,372698,0.003807,1,
write,write,,,audio_small,pg_bytea,6,03-01-05-01-02-01-16_r06.wav,372698,0.009359,1,
write,write,,,audio_small,pg_bytea,6,03-01-05-01-02-01-17_r06.wav,393086,0.011258,1,
write,write,,,audio_small,mongo_gridfs,6,03-01-05-01-02-01-17_r06.wav,393086,0.005099,1,
write,write,,,audio_small,polyglot,6,03-01-05-01-02-01-17_r06.wav,393086,0.005178,1,
write,write,,,audio_small,pg_bytea,6,03-01-05-02-01-01-01_r06.wav,372698,0.009080,1,
write,write,,,audio_small,mongo_gridfs,6,03-01-05-02-01-01-01_r06.wav,372698,0.004074,1,
write,write,,,audio_small,polyglot,6,03-01-05-02-01-01-01_r06.wav,372698,0.004294,1,
write,write,,,audio_small,polyglot,6,03-01-05-02-01-01-02_r06.wav,375720,0.004365,1,
write,write,,,audio_small,pg_bytea,6,03-01-05-02-01-01-02_r06.wav,375720,0.010617,1,
write,write,,,audio_small,mongo_gridfs,6,03-01-05-02-01-01-02_r06.wav,375720,0.005584,1,
write,write,,,audio_small,mongo_gridfs,6,03-01-05-02-01-01-03_r06.wav,372698,0.004662,1,
write,write,,,audio_small,pg_bytea,6,03-01-05-02-01-01-03_r06.wav,372698,0.010458,1,
write,write,,,audio_small,polyglot,6,03-01-05-02-01-01-03_r06.wav,372698,0.005537,1,
write,write,,,audio_small,polyglot,6,03-01-05-02-01-01-15_r06.wav,396294,0.004929,1,
write,write,,,audio_small,mongo_gridfs,6,03-01-05-02-01-01-15_r06.wav,396294,0.004732,1,
write,write,,,audio_small,pg_bytea,6,03-01-05-02-01-01-15_r06.wav,396294,0.011499,1,
write,write,,,audio_small,polyglot,6,03-01-05-02-01-01-16_r06.wav,399494,0.005458,1,
write,write,,,audio_small,pg_bytea,6,03-01-05-02-01-01-16_r06.wav,399494,0.011212,1,
write,write,,,audio_small,mongo_gridfs,6,03-01-05-02-01-01-16_r06.wav,399494,0.005713,1,
write,write,,,audio_small,mongo_gridfs,6,03-01-05-02-01-01-17_r06.wav,363108,0.006955,1,
write,write,,,audio_small,pg_bytea,6,03-01-05-02-01-01-17_r06.wav,363108,0.011548,1,
write,write,,,audio_small,polyglot,6,03-01-05-02-01-01-17_r06.wav,363108,0.005795,1,
write,write,,,audio_small,pg_bytea,6,03-01-05-02-02-01-09_r06.wav,396294,0.010411,1,
write,write,,,audio_small,polyglot,6,03-01-05-02-02-01-09_r06.wav,396294,0.006872,1,
write,write,,,audio_small,mongo_gridfs,6,03-01-05-02-02-01-09_r06.wav,396294,0.005478,1,
write,write,,,audio_small,polyglot,6,03-01-05-02-02-01-21_r06.wav,375720,0.004832,1,
write,write,,,audio_small,pg_bytea,6,03-01-05-02-02-01-21_r06.wav,375720,0.012361,1,
write,write,,,audio_small,mongo_gridfs,6,03-01-05-02-02-01-21_r06.wav,375720,0.006481,1,
write,write,,,audio_small,mongo_gridfs,6,03-01-05-02-02-01-22_r06.wav,379106,0.005476,1,
write,write,,,audio_small,pg_bytea,6,03-01-05-02-02-01-22_r06.wav,379106,0.011030,1,
write,write,,,audio_small,polyglot,6,03-01-05-02-02-01-22_r06.wav,379106,0.006386,1,
write,write,,,audio_medium,polyglot,6,03-02-01-01-01-02-22_r06.wav,526650,0.006840,1,
write,write,,,audio_medium,pg_bytea,6,03-02-01-01-01-02-22_r06.wav,526650,0.015204,1,
write,write,,,audio_medium,mongo_gridfs,6,03-02-01-01-01-02-22_r06.wav,526650,0.007534,1,
write,write,,,audio_medium,pg_bytea,6,03-02-01-01-01-02-23_r06.wav,539464,0.015830,1,
write,write,,,audio_medium,mongo_gridfs,6,03-02-01-01-01-02-23_r06.wav,539464,0.008268,1,
write,write,,,audio_medium,polyglot,6,03-02-01-01-01-02-23_r06.wav,539464,0.007413,1,
write,write,,,audio_medium,mongo_gridfs,6,03-02-01-01-02-02-02_r06.wav,539464,0.007187,1,
write,write,,,audio_medium,pg_bytea,6,03-02-01-01-02-02-02_r06.wav,539464,0.014958,1,
write,write,,,audio_medium,polyglot,6,03-02-01-01-02-02-02_r06.wav,539464,0.007584,1,
write,write,,,audio_medium,mongo_gridfs,6,03-02-01-01-02-02-03_r06.wav,520242,0.006316,1,
write,write,,,audio_medium,pg_bytea,6,03-02-01-01-02-02-03_r06.wav,520242,0.015694,1,
write,write,,,audio_medium,polyglot,6,03-02-01-01-02-02-03_r06.wav,520242,0.009292,1,
write,write,,,audio_medium,mongo_gridfs,6,03-02-01-01-02-02-16_r06.wav,539464,0.006708,1,
write,write,,,audio_medium,pg_bytea,6,03-02-01-01-02-02-16_r06.wav,539464,0.015870,1,
write,write,,,audio_medium,polyglot,6,03-02-01-01-02-02-16_r06.wav,539464,0.008157,1,
write,write,,,audio_medium,pg_bytea,6,03-02-01-01-02-02-17_r06.wav,561888,0.031502,1,
write,write,,,audio_medium,mongo_gridfs,6,03-02-01-01-02-02-17_r06.wav,561888,0.007754,1,
write,write,,,audio_medium,polyglot,6,03-02-01-01-02-02-17_r06.wav,561888,0.007004,1,
write,write,,,audio_medium,mongo_gridfs,6,03-02-01-02-01-02-01_r06.wav,533056,0.005737,1,
write,write,,,audio_medium,pg_bytea,6,03-02-01-02-01-02-01_r06.wav,533056,0.014254,1,
write,write,,,audio_medium,polyglot,6,03-02-01-02-01-02-01_r06.wav,533056,0.007611,1,
write,write,,,audio_medium,pg_bytea,6,03-02-01-02-01-02-02_r06.wav,523448,0.017692,1,
write,write,,,audio_medium,polyglot,6,03-02-01-02-01-02-02_r06.wav,523448,0.007321,1,
write,write,,,audio_medium,mongo_gridfs,6,03-02-01-02-01-02-02_r06.wav,523448,0.006578,1,
write,write,,,audio_medium,pg_bytea,6,03-02-01-02-01-02-03_r06.wav,533056,0.015166,1,
write,write,,,audio_medium,polyglot,6,03-02-01-02-01-02-03_r06.wav,533056,0.007206,1,
write,write,,,audio_medium,mongo_gridfs,6,03-02-01-02-01-02-03_r06.wav,533056,0.006534,1,
write,write,,,audio_medium,polyglot,6,03-02-01-02-01-02-15_r06.wav,561882,0.007344,1,
write,write,,,audio_medium,mongo_gridfs,6,03-02-01-02-01-02-15_r06.wav,561882,0.005834,1,
write,write,,,audio_medium,pg_bytea,6,03-02-01-02-01-02-15_r06.wav,561882,0.014124,1,
write,write,,,audio_medium,mongo_gridfs,6,03-02-01-02-01-02-16_r06.wav,526650,0.006859,1,
write,write,,,audio_medium,polyglot,6,03-02-01-02-01-02-16_r06.wav,526650,0.006154,1,
write,write,,,audio_medium,pg_bytea,6,03-02-01-02-01-02-16_r06.wav,526650,0.013727,1,
write,write,,,audio_medium,polyglot,6,03-02-01-02-01-02-17_r06.wav,533056,0.006388,1,
write,write,,,audio_medium,pg_bytea,6,03-02-01-02-01-02-17_r06.wav,533056,0.013931,1,
write,write,,,audio_medium,mongo_gridfs,6,03-02-01-02-01-02-17_r06.wav,533056,0.006680,1,
write,write,,,audio_medium,mongo_gridfs,6,03-02-01-02-02-02-22_r06.wav,520242,0.007015,1,
write,write,,,audio_medium,pg_bytea,6,03-02-01-02-02-02-22_r06.wav,520242,0.014553,1,
write,write,,,audio_medium,polyglot,6,03-02-01-02-02-02-22_r06.wav,520242,0.007743,1,
write,write,,,audio_medium,pg_bytea,6,03-02-01-02-02-02-23_r06.wav,520242,0.014709,1,
write,write,,,audio_medium,polyglot,6,03-02-01-02-02-02-23_r06.wav,520242,0.007009,1,
write,write,,,audio_medium,mongo_gridfs,6,03-02-01-02-02-02-23_r06.wav,520242,0.005747,1,
write,write,,,audio_medium,polyglot,6,03-02-02-01-01-01-22_r06.wav,523448,0.005719,1,
write,write,,,audio_medium,mongo_gridfs,6,03-02-02-01-01-01-22_r06.wav,523448,0.005728,1,
write,write,,,audio_medium,pg_bytea,6,03-02-02-01-01-01-22_r06.wav,523448,0.014091,1,
write,write,,,audio_medium,pg_bytea,6,03-02-02-01-01-01-23_r06.wav,561888,0.014952,1,
write,write,,,audio_medium,polyglot,6,03-02-02-01-01-01-23_r06.wav,561888,0.007912,1,
write,write,,,audio_medium,mongo_gridfs,6,03-02-02-01-01-01-23_r06.wav,561888,0.006700,1,
write,write,,,audio_medium,polyglot,6,03-02-02-01-02-01-01_r06.wav,520242,0.010197,1,
write,write,,,audio_medium,pg_bytea,6,03-02-02-01-02-01-01_r06.wav,520242,0.014680,1,
write,write,,,audio_medium,mongo_gridfs,6,03-02-02-01-02-01-01_r06.wav,520242,0.006431,1,
write,write,,,audio_medium,polyglot,6,03-02-02-01-02-01-02_r06.wav,539464,0.006580,1,
write,write,,,audio_medium,mongo_gridfs,6,03-02-02-01-02-01-02_r06.wav,539464,0.006533,1,
write,write,,,audio_medium,pg_bytea,6,03-02-02-01-02-01-02_r06.wav,539464,0.014907,1,
write,write,,,audio_medium,pg_bytea,6,03-02-02-01-02-01-03_r06.wav,533056,0.021283,1,
write,write,,,audio_medium,polyglot,6,03-02-02-01-02-01-03_r06.wav,533056,0.012720,1,
write,write,,,audio_medium,mongo_gridfs,6,03-02-02-01-02-01-03_r06.wav,533056,0.008154,1,
write,write,,,audio_medium,mongo_gridfs,6,03-02-02-01-02-01-16_r06.wav,561882,0.006769,1,
write,write,,,audio_medium,polyglot,6,03-02-02-01-02-01-16_r06.wav,561882,0.007654,1,
write,write,,,audio_medium,pg_bytea,6,03-02-02-01-02-01-16_r06.wav,561882,0.015169,1,
write,write,,,audio_medium,mongo_gridfs,6,03-02-02-02-01-01-01_r06.wav,539464,0.007603,1,
write,write,,,audio_medium,pg_bytea,6,03-02-02-02-01-01-01_r06.wav,539464,0.014564,1,
write,write,,,audio_medium,polyglot,6,03-02-02-02-01-01-01_r06.wav,539464,0.008093,1,
write,write,,,audio_medium,polyglot,6,03-02-02-02-01-01-02_r06.wav,526650,0.006805,1,
write,write,,,audio_medium,pg_bytea,6,03-02-02-02-01-01-02_r06.wav,526650,0.014220,1,
write,write,,,audio_medium,mongo_gridfs,6,03-02-02-02-01-01-02_r06.wav,526650,0.007336,1,
write,write,,,audio_medium,polyglot,6,03-02-02-02-01-01-15_r06.wav,539464,0.006668,1,
write,write,,,audio_medium,mongo_gridfs,6,03-02-02-02-01-01-15_r06.wav,539464,0.007191,1,
write,write,,,audio_medium,pg_bytea,6,03-02-02-02-01-01-15_r06.wav,539464,0.014512,1,
write,write,,,audio_medium,polyglot,6,03-02-02-02-01-01-16_r06.wav,520242,0.006856,1,
write,write,,,audio_medium,mongo_gridfs,6,03-02-02-02-01-01-16_r06.wav,520242,0.006296,1,
write,write,,,audio_medium,pg_bytea,6,03-02-02-02-01-01-16_r06.wav,520242,0.014326,1,
write,write,,,audio_medium,pg_bytea,6,03-02-02-02-01-01-17_r06.wav,539464,0.014107,1,
write,write,,,audio_medium,mongo_gridfs,6,03-02-02-02-01-01-17_r06.wav,539464,0.011541,1,
write,write,,,audio_medium,polyglot,6,03-02-02-02-01-01-17_r06.wav,539464,0.007263,1,
write,write,,,audio_medium,mongo_gridfs,6,03-02-02-02-02-01-22_r06.wav,539464,0.006762,1,
write,write,,,audio_medium,polyglot,6,03-02-02-02-02-01-22_r06.wav,539464,0.006582,1,
write,write,,,audio_medium,pg_bytea,6,03-02-02-02-02-01-22_r06.wav,539464,0.014345,1,
write,write,,,audio_medium,mongo_gridfs,6,03-02-02-02-02-01-23_r06.wav,520242,0.008238,1,
write,write,,,audio_medium,polyglot,6,03-02-02-02-02-01-23_r06.wav,520242,0.008257,1,
write,write,,,audio_medium,pg_bytea,6,03-02-02-02-02-01-23_r06.wav,520242,0.016136,1,
write,write,,,audio_medium,pg_bytea,6,03-02-03-01-01-02-01_r06.wav,561882,0.016539,1,
write,write,,,audio_medium,mongo_gridfs,6,03-02-03-01-01-02-01_r06.wav,561882,0.010628,1,
write,write,,,audio_medium,polyglot,6,03-02-03-01-01-02-01_r06.wav,561882,0.007233,1,
write,write,,,audio_medium,polyglot,6,03-02-03-01-01-02-02_r06.wav,561882,0.006559,1,
write,write,,,audio_medium,mongo_gridfs,6,03-02-03-01-01-02-02_r06.wav,561882,0.006566,1,
write,write,,,audio_medium,pg_bytea,6,03-02-03-01-01-02-02_r06.wav,561882,0.016651,1,
write,write,,,audio_medium,polyglot,6,03-02-03-01-01-02-03_r06.wav,539464,0.007229,1,
write,write,,,audio_medium,mongo_gridfs,6,03-02-03-01-01-02-03_r06.wav,539464,0.006539,1,
write,write,,,audio_medium,pg_bytea,6,03-02-03-01-01-02-03_r06.wav,539464,0.015753,1,
write,write,,,audio_medium,mongo_gridfs,6,03-02-03-01-01-02-15_r06.wav,526650,0.007175,1,
write,write,,,audio_medium,polyglot,6,03-02-03-01-01-02-15_r06.wav,526650,0.006318,1,
write,write,,,audio_medium,pg_bytea,6,03-02-03-01-01-02-15_r06.wav,526650,0.013978,1,
write,write,,,audio_medium,pg_bytea,6,03-02-03-01-01-02-16_r06.wav,520242,0.013835,1,
write,write,,,audio_medium,mongo_gridfs,6,03-02-03-01-01-02-16_r06.wav,520242,0.008061,1,
write,write,,,audio_medium,polyglot,6,03-02-03-01-01-02-16_r06.wav,520242,0.006976,1,
write,write,,,audio_medium,polyglot,6,03-02-03-01-01-02-17_r06.wav,526650,0.007260,1,
write,write,,,audio_medium,pg_bytea,6,03-02-03-01-01-02-17_r06.wav,526650,0.016680,1,
write,write,,,audio_medium,mongo_gridfs,6,03-02-03-01-01-02-17_r06.wav,526650,0.008708,1,
write,write,,,audio_medium,polyglot,6,03-02-03-01-02-02-09_r06.wav,539464,0.006645,1,
write,write,,,audio_medium,pg_bytea,6,03-02-03-01-02-02-09_r06.wav,539464,0.018510,1,
write,write,,,audio_medium,mongo_gridfs,6,03-02-03-01-02-02-09_r06.wav,539464,0.008063,1,
write,write,,,audio_medium,polyglot,6,03-02-03-01-02-02-21_r06.wav,533056,0.006951,1,
write,write,,,audio_medium,mongo_gridfs,6,03-02-03-01-02-02-21_r06.wav,533056,0.007132,1,
write,write,,,audio_medium,pg_bytea,6,03-02-03-01-02-02-21_r06.wav,533056,0.014983,1,
write,write,,,audio_medium,polyglot,6,03-02-03-01-02-02-22_r06.wav,561888,0.007906,1,
write,write,,,audio_medium,mongo_gridfs,6,03-02-03-01-02-02-22_r06.wav,561888,0.007570,1,
write,write,,,audio_medium,pg_bytea,6,03-02-03-01-02-02-22_r06.wav,561888,0.016085,1,
write,write,,,audio_medium,mongo_gridfs,6,03-02-03-01-02-02-23_r06.wav,539464,0.008619,1,
write,write,,,audio_medium,polyglot,6,03-02-03-01-02-02-23_r06.wav,539464,0.006849,1,
write,write,,,audio_medium,pg_bytea,6,03-02-03-01-02-02-23_r06.wav,539464,0.016269,1,
write,write,,,audio_medium,pg_bytea,6,03-02-03-02-01-02-09_r06.wav,561882,0.015143,1,
write,write,,,audio_medium,polyglot,6,03-02-03-02-01-02-09_r06.wav,561882,0.008975,1,
write,write,,,audio_medium,mongo_gridfs,6,03-02-03-02-01-02-09_r06.wav,561882,0.008652,1,
write,write,,,audio_medium,polyglot,6,03-02-03-02-01-02-21_r06.wav,539464,0.006654,1,
write,write,,,audio_medium,pg_bytea,6,03-02-03-02-01-02-21_r06.wav,539464,0.014591,1,
write,write,,,audio_medium,mongo_gridfs,6,03-02-03-02-01-02-21_r06.wav,539464,0.007338,1,
write,write,,,audio_medium,pg_bytea,6,03-02-03-02-01-02-22_r06.wav,526650,0.014840,1,
write,write,,,audio_medium,mongo_gridfs,6,03-02-03-02-01-02-22_r06.wav,526650,0.007832,1,
write,write,,,audio_medium,polyglot,6,03-02-03-02-01-02-22_r06.wav,526650,0.006650,1,
write,write,,,audio_medium,mongo_gridfs,6,03-02-03-02-01-02-23_r06.wav,561888,0.006367,1,
write,write,,,audio_medium,polyglot,6,03-02-03-02-01-02-23_r06.wav,561888,0.006477,1,
write,write,,,audio_medium,pg_bytea,6,03-02-03-02-01-02-23_r06.wav,561888,0.016024,1,
write,write,,,audio_medium,polyglot,6,03-02-03-02-02-02-01_r06.wav,561882,0.007697,1,
write,write,,,audio_medium,mongo_gridfs,6,03-02-03-02-02-02-01_r06.wav,561882,0.006413,1,
write,write,,,audio_medium,pg_bytea,6,03-02-03-02-02-02-01_r06.wav,561882,0.017841,1,
write,write,,,audio_medium,polyglot,6,03-02-03-02-02-02-02_r06.wav,523448,0.007471,1,
write,write,,,audio_medium,mongo_gridfs,6,03-02-03-02-02-02-02_r06.wav,523448,0.006279,1,
write,write,,,audio_medium,pg_bytea,6,03-02-03-02-02-02-02_r06.wav,523448,0.013875,1,
write,write,,,audio_medium,pg_bytea,6,03-02-03-02-02-02-03_r06.wav,561888,0.015653,1,
write,write,,,audio_medium,mongo_gridfs,6,03-02-03-02-02-02-03_r06.wav,561888,0.011185,1,
write,write,,,audio_medium,polyglot,6,03-02-03-02-02-02-03_r06.wav,561888,0.009710,1,
write,write,,,audio_medium,mongo_gridfs,6,03-02-03-02-02-02-15_r06.wav,523448,0.008151,1,
write,write,,,audio_medium,pg_bytea,6,03-02-03-02-02-02-15_r06.wav,523448,0.014603,1,
write,write,,,audio_medium,polyglot,6,03-02-03-02-02-02-15_r06.wav,523448,0.007596,1,
write,write,,,audio_medium,pg_bytea,6,03-02-03-02-02-02-16_r06.wav,561882,0.015298,1,
write,write,,,audio_medium,polyglot,6,03-02-03-02-02-02-16_r06.wav,561882,0.008471,1,
write,write,,,audio_medium,mongo_gridfs,6,03-02-03-02-02-02-16_r06.wav,561882,0.007450,1,
write,write,,,audio_medium,mongo_gridfs,6,03-02-03-02-02-02-17_r06.wav,523448,0.007364,1,
write,write,,,audio_medium,polyglot,6,03-02-03-02-02-02-17_r06.wav,523448,0.006777,1,
write,write,,,audio_medium,pg_bytea,6,03-02-03-02-02-02-17_r06.wav,523448,0.013952,1,
write,write,,,audio_medium,mongo_gridfs,6,03-02-04-01-01-02-05_r06.wav,561882,0.007902,1,
write,write,,,audio_medium,polyglot,6,03-02-04-01-01-02-05_r06.wav,561882,0.006982,1,
write,write,,,audio_medium,pg_bytea,6,03-02-04-01-01-02-05_r06.wav,561882,0.023010,1,
write,write,,,audio_medium,mongo_gridfs,6,03-02-04-01-01-02-06_r06.wav,526650,0.007566,1,
write,write,,,audio_medium,pg_bytea,6,03-02-04-01-01-02-06_r06.wav,526650,0.013744,1,
write,write,,,audio_medium,polyglot,6,03-02-04-01-01-02-06_r06.wav,526650,0.007696,1,
write,write,,,audio_medium,polyglot,6,03-02-04-01-01-02-07_r06.wav,523448,0.006058,1,
write,write,,,audio_medium,pg_bytea,6,03-02-04-01-01-02-07_r06.wav,523448,0.014481,1,
write,write,,,audio_medium,mongo_gridfs,6,03-02-04-01-01-02-07_r06.wav,523448,0.007666,1,
write,write,,,audio_medium,polyglot,6,03-02-04-01-01-02-11_r06.wav,539464,0.006887,1,
write,write,,,audio_medium,mongo_gridfs,6,03-02-04-01-01-02-11_r06.wav,539464,0.009397,1,
write,write,,,audio_medium,pg_bytea,6,03-02-04-01-01-02-11_r06.wav,539464,0.015769,1,
write,write,,,audio_medium,mongo_gridfs,6,03-02-04-01-01-02-12_r06.wav,523448,0.008575,1,
write,write,,,audio_medium,polyglot,6,03-02-04-01-01-02-12_r06.wav,523448,0.006436,1,
write,write,,,audio_medium,pg_bytea,6,03-02-04-01-01-02-12_r06.wav,523448,0.014584,1,
write,write,,,audio_medium,mongo_gridfs,6,03-02-04-01-01-02-13_r06.wav,539464,0.007155,1,
write,write,,,audio_medium,polyglot,6,03-02-04-01-01-02-13_r06.wav,539464,0.006815,1,
write,write,,,audio_medium,pg_bytea,6,03-02-04-01-01-02-13_r06.wav,539464,0.014156,1,
write,write,,,audio_medium,pg_bytea,6,03-02-04-01-02-02-19_r06.wav,561888,0.015419,1,
write,write,,,audio_medium,polyglot,6,03-02-04-01-02-02-19_r06.wav,561888,0.007466,1,
write,write,,,audio_medium,mongo_gridfs,6,03-02-04-01-02-02-19_r06.wav,561888,0.008811,1,
write,write,,,audio_medium,pg_bytea,6,03-02-04-02-02-02-05_r06.wav,526650,0.015128,1,
write,write,,,audio_medium,polyglot,6,03-02-04-02-02-02-05_r06.wav,526650,0.008824,1,
write,write,,,audio_medium,mongo_gridfs,6,03-02-04-02-02-02-05_r06.wav,526650,0.007758,1,
write,write,,,audio_medium,polyglot,6,03-02-04-02-02-02-06_r06.wav,526650,0.007097,1,
write,write,,,audio_medium,mongo_gridfs,6,03-02-04-02-02-02-06_r06.wav,526650,0.006921,1,
write,write,,,audio_medium,pg_bytea,6,03-02-04-02-02-02-06_r06.wav,526650,0.014454,1,
write,write,,,audio_medium,polyglot,6,03-02-04-02-02-02-07_r06.wav,561888,0.007334,1,
write,write,,,audio_medium,mongo_gridfs,6,03-02-04-02-02-02-07_r06.wav,561888,0.006370,1,
write,write,,,audio_medium,pg_bytea,6,03-02-04-02-02-02-07_r06.wav,561888,0.019618,1,
write,write,,,audio_medium,mongo_gridfs,6,03-02-04-02-02-02-11_r06.wav,561888,0.007783,1,
write,write,,,audio_medium,pg_bytea,6,03-02-04-02-02-02-11_r06.wav,561888,0.016508,1,
write,write,,,audio_medium,polyglot,6,03-02-04-02-02-02-11_r06.wav,561888,0.008928,1,
write,write,,,audio_medium,pg_bytea,6,03-02-04-02-02-02-12_r06.wav,523448,0.014586,1,
write,write,,,audio_medium,polyglot,6,03-02-04-02-02-02-12_r06.wav,523448,0.008539,1,
write,write,,,audio_medium,mongo_gridfs,6,03-02-04-02-02-02-12_r06.wav,523448,0.006521,1,
write,write,,,audio_medium,mongo_gridfs,6,03-02-04-02-02-02-13_r06.wav,533056,0.007084,1,
write,write,,,audio_medium,pg_bytea,6,03-02-04-02-02-02-13_r06.wav,533056,0.015168,1,
write,write,,,audio_medium,polyglot,6,03-02-04-02-02-02-13_r06.wav,533056,0.007991,1,
write,write,,,audio_medium,pg_bytea,6,03-02-05-01-02-01-06_r06.wav,561882,0.026266,1,
write,write,,,audio_medium,polyglot,6,03-02-05-01-02-01-06_r06.wav,561882,0.008387,1,
write,write,,,audio_medium,mongo_gridfs,6,03-02-05-01-02-01-06_r06.wav,561882,0.006479,1,
write,write,,,audio_medium,polyglot,6,03-02-05-01-02-01-07_r06.wav,520242,0.006626,1,
write,write,,,audio_medium,pg_bytea,6,03-02-05-01-02-01-07_r06.wav,520242,0.013364,1,
write,write,,,audio_medium,mongo_gridfs,6,03-02-05-01-02-01-07_r06.wav,520242,0.007817,1,
write,write,,,audio_medium,polyglot,6,03-02-05-01-02-01-12_r06.wav,520242,0.007190,1,
write,write,,,audio_medium,mongo_gridfs,6,03-02-05-01-02-01-12_r06.wav,520242,0.005758,1,
write,write,,,audio_medium,pg_bytea,6,03-02-05-01-02-01-12_r06.wav,520242,0.013301,1,
write,write,,,audio_medium,polyglot,6,03-02-05-01-02-01-13_r06.wav,561888,0.008677,1,
write,write,,,audio_medium,pg_bytea,6,03-02-05-01-02-01-13_r06.wav,561888,0.015246,1,
write,write,,,audio_medium,mongo_gridfs,6,03-02-05-01-02-01-13_r06.wav,561888,0.007813,1,
write,write,,,audio_medium,pg_bytea,6,03-02-05-02-01-01-05_r06.wav,539464,0.014766,1,
write,write,,,audio_medium,mongo_gridfs,6,03-02-05-02-01-01-05_r06.wav,539464,0.011226,1,
write,write,,,audio_medium,polyglot,6,03-02-05-02-01-01-05_r06.wav,539464,0.007626,1,
write,write,,,audio_medium,pg_bytea,6,03-02-05-02-01-01-06_r06.wav,561888,0.015433,1,
write,write,,,audio_medium,mongo_gridfs,6,03-02-05-02-01-01-06_r06.wav,561888,0.008200,1,
write,write,,,audio_medium,polyglot,6,03-02-05-02-01-01-06_r06.wav,561888,0.007470,1,
write,write,,,audio_medium,pg_bytea,6,03-02-05-02-01-01-07_r06.wav,533056,0.015350,1,
write,write,,,audio_medium,polyglot,6,03-02-05-02-01-01-07_r06.wav,533056,0.007565,1,
write,write,,,audio_medium,mongo_gridfs,6,03-02-05-02-01-01-07_r06.wav,533056,0.008623,1,
write,write,,,audio_medium,mongo_gridfs,6,03-02-05-02-01-01-11_r06.wav,561888,0.009626,1,
write,write,,,audio_medium,polyglot,6,03-02-05-02-01-01-11_r06.wav,561888,0.007609,1,
write,write,,,audio_medium,pg_bytea,6,03-02-05-02-01-01-11_r06.wav,561888,0.014719,1,
write,write,,,audio_medium,mongo_gridfs,6,03-02-05-02-01-01-12_r06.wav,533056,0.007633,1,
write,write,,,audio_medium,polyglot,6,03-02-05-02-01-01-12_r06.wav,533056,0.006642,1,
write,write,,,audio_medium,pg_bytea,6,03-02-05-02-01-01-12_r06.wav,533056,0.014609,1,
write,write,,,audio_medium,polyglot,6,03-02-05-02-01-01-13_r06.wav,526650,0.007040,1,
write,write,,,audio_medium,mongo_gridfs,6,03-02-05-02-01-01-13_r06.wav,526650,0.006006,1,
write,write,,,audio_medium,pg_bytea,6,03-02-05-02-01-01-13_r06.wav,526650,0.014287,1,
write,write,,,video_small,mongo_gridfs,6,01-01-01-01-01-01-22_r06.mp4,5457041,0.044514,1,
write,write,,,video_small,polyglot,6,01-01-01-01-01-01-22_r06.mp4,5457041,0.046749,1,
write,write,,,video_small,pg_bytea,6,01-01-01-01-01-01-22_r06.mp4,5457041,0.183891,1,
write,write,,,video_small,pg_bytea,6,01-01-01-01-01-02-01_r06.mp4,5457041,0.162773,1,
write,write,,,video_small,polyglot,6,01-01-01-01-01-02-01_r06.mp4,5457041,0.044392,1,
write,write,,,video_small,mongo_gridfs,6,01-01-01-01-01-02-01_r06.mp4,5457041,0.050411,1,
write,write,,,video_small,mongo_gridfs,6,01-01-01-01-01-02-15_r06.mp4,5457041,0.046534,1,
write,write,,,video_small,polyglot,6,01-01-01-01-01-02-15_r06.mp4,5457041,0.045408,1,
write,write,,,video_small,pg_bytea,6,01-01-01-01-01-02-15_r06.mp4,5457041,2.195227,1,
write,write,,,video_small,polyglot,6,01-01-01-01-02-01-06_r06.mp4,5457041,0.056293,1,
write,write,,,video_small,pg_bytea,6,01-01-01-01-02-01-06_r06.mp4,5457041,0.142260,1,
write,write,,,video_small,mongo_gridfs,6,01-01-01-01-02-01-06_r06.mp4,5457041,0.044708,1,
write,write,,,video_small,pg_bytea,6,01-01-01-01-02-01-13_r06.mp4,5457041,0.144749,1,
write,write,,,video_small,polyglot,6,01-01-01-01-02-01-13_r06.mp4,5457041,0.046397,1,
write,write,,,video_small,mongo_gridfs,6,01-01-01-01-02-01-13_r06.mp4,5457041,0.047199,1,
write,write,,,video_small,mongo_gridfs,6,01-01-01-01-02-01-14_r06.mp4,5457041,0.049313,1,
write,write,,,video_small,pg_bytea,6,01-01-01-01-02-01-14_r06.mp4,5457041,0.149091,1,
write,write,,,video_small,polyglot,6,01-01-01-01-02-01-14_r06.mp4,5457041,0.046236,1,
write,write,,,video_small,mongo_gridfs,6,01-01-01-01-02-02-09_r06.mp4,5498397,0.045264,1,
write,write,,,video_small,polyglot,6,01-01-01-01-02-02-09_r06.mp4,5498397,0.054222,1,
write,write,,,video_small,pg_bytea,6,01-01-01-01-02-02-09_r06.mp4,5498397,0.148529,1,
write,write,,,video_small,pg_bytea,6,01-01-01-02-01-01-01_r06.mp4,5498397,0.156501,1,
write,write,,,video_small,polyglot,6,01-01-01-02-01-01-01_r06.mp4,5498397,0.058009,1,
write,write,,,video_small,mongo_gridfs,6,01-01-01-02-01-01-01_r06.mp4,5498397,0.048120,1,
write,write,,,video_small,mongo_gridfs,6,01-01-01-02-01-01-05_r06.mp4,5457041,0.045524,1,
write,write,,,video_small,pg_bytea,6,01-01-01-02-01-01-05_r06.mp4,5457041,0.151040,1,
write,write,,,video_small,polyglot,6,01-01-01-02-01-01-05_r06.mp4,5457041,0.053939,1,
write,write,,,video_small,polyglot,6,01-01-01-02-01-01-15_r06.mp4,5457041,0.049396,1,
write,write,,,video_small,mongo_gridfs,6,01-01-01-02-01-01-15_r06.mp4,5457041,0.080905,1,
write,write,,,video_small,pg_bytea,6,01-01-01-02-01-01-15_r06.mp4,5457041,0.171518,1,
write,write,,,video_small,polyglot,6,01-01-01-02-02-01-18_r06.mp4,5457041,0.045951,1,
write,write,,,video_small,pg_bytea,6,01-01-01-02-02-01-18_r06.mp4,5457041,0.242089,1,
write,write,,,video_small,mongo_gridfs,6,01-01-01-02-02-01-18_r06.mp4,5457041,1.912820,1,
write,write,,,video_small,pg_bytea,6,01-01-01-02-02-01-19_r06.mp4,5457041,0.164592,1,
write,write,,,video_small,polyglot,6,01-01-01-02-02-01-19_r06.mp4,5457041,0.046443,1,
write,write,,,video_small,mongo_gridfs,6,01-01-01-02-02-01-19_r06.mp4,5457041,0.048256,1,
write,write,,,video_small,mongo_gridfs,6,01-01-02-01-01-02-09_r06.mp4,5498397,0.051255,1,
write,write,,,video_small,polyglot,6,01-01-02-01-01-02-09_r06.mp4,5498397,0.050047,1,
write,write,,,video_small,pg_bytea,6,01-01-02-01-01-02-09_r06.mp4,5498397,0.159579,1,
write,write,,,video_small,pg_bytea,6,01-01-02-01-01-02-18_r06.mp4,5498397,0.140960,1,
write,write,,,video_small,polyglot,6,01-01-02-01-01-02-18_r06.mp4,5498397,0.044040,1,
write,write,,,video_small,mongo_gridfs,6,01-01-02-01-01-02-18_r06.mp4,5498397,0.046616,1,
write,write,,,video_small,mongo_gridfs,6,01-01-02-01-01-02-23_r06.mp4,5498397,0.044935,1,
write,write,,,video_small,pg_bytea,6,01-01-02-01-01-02-23_r06.mp4,5498397,0.144576,1,
write,write,,,video_small,polyglot,6,01-01-02-01-01-02-23_r06.mp4,5498397,0.046682,1,
write,write,,,video_small,polyglot,6,01-01-02-01-02-01-09_r06.mp4,5498397,0.044320,1,
write,write,,,video_small,pg_bytea,6,01-01-02-01-02-01-09_r06.mp4,5498397,0.165151,1,
write,write,,,video_small,mongo_gridfs,6,01-01-02-01-02-01-09_r06.mp4,5498397,0.045672,1,
write,write,,,video_small,mongo_gridfs,6,01-01-02-01-02-02-01_r06.mp4,5498397,0.048030,1,
write,write,,,video_small,pg_bytea,6,01-01-02-01-02-02-01_r06.mp4,5498397,0.167237,1,
write,write,,,video_small,polyglot,6,01-01-02-01-02-02-01_r06.mp4,5498397,0.054336,1,
write,write,,,video_small,pg_bytea,6,01-01-02-01-02-02-03_r06.mp4,5498397,0.145342,1,
write,write,,,video_small,polyglot,6,01-01-02-01-02-02-03_r06.mp4,5498397,0.067097,1,
write,write,,,video_small,mongo_gridfs,6,01-01-02-01-02-02-03_r06.mp4,5498397,0.047080,1,
write,write,,,video_small,mongo_gridfs,6,01-01-02-02-01-02-02_r06.mp4,5498397,0.046939,1,
write,write,,,video_small,polyglot,6,01-01-02-02-01-02-02_r06.mp4,5498397,0.042866,1,
write,write,,,video_small,pg_bytea,6,01-01-02-02-01-02-02_r06.mp4,5498397,0.334393,1,
write,write,,,video_small,mongo_gridfs,6,01-01-02-02-01-02-03_r06.mp4,5498397,0.045156,1,
write,write,,,video_small,polyglot,6,01-01-02-02-01-02-03_r06.mp4,5498397,0.043991,1,
write,write,,,video_small,pg_bytea,6,01-01-02-02-01-02-03_r06.mp4,5498397,0.156012,1,
write,write,,,video_small,polyglot,6,01-01-02-02-01-02-05_r06.mp4,5498397,0.051310,1,
write,write,,,video_small,pg_bytea,6,01-01-02-02-01-02-05_r06.mp4,5498397,0.157295,1,
write,write,,,video_small,mongo_gridfs,6,01-01-02-02-01-02-05_r06.mp4,5498397,0.046321,1,
write,write,,,video_small,pg_bytea,6,01-01-02-02-01-02-10_r06.mp4,5457041,0.151899,1,
write,write,,,video_small,polyglot,6,01-01-02-02-01-02-10_r06.mp4,5457041,0.046144,1,
write,write,,,video_small,mongo_gridfs,6,01-01-02-02-01-02-10_r06.mp4,5457041,0.047243,1,
write,write,,,video_small,polyglot,6,01-01-02-02-01-02-13_r06.mp4,5457041,0.047980,1,
write,write,,,video_small,mongo_gridfs,6,01-01-02-02-01-02-13_r06.mp4,5457041,0.045279,1,
write,write,,,video_small,pg_bytea,6,01-01-02-02-01-02-13_r06.mp4,5457041,0.153445,1,
write,write,,,video_small,mongo_gridfs,6,01-01-02-02-01-02-17_r06.mp4,5457041,0.046679,1,
write,write,,,video_small,pg_bytea,6,01-01-02-02-01-02-17_r06.mp4,5457041,0.144200,1,
write,write,,,video_small,polyglot,6,01-01-02-02-01-02-17_r06.mp4,5457041,0.045490,1,
write,write,,,video_small,polyglot,6,01-01-02-02-02-02-18_r06.mp4,5457041,0.054378,1,
write,write,,,video_small,pg_bytea,6,01-01-02-02-02-02-18_r06.mp4,5457041,0.150339,1,
write,write,,,video_small,mongo_gridfs,6,01-01-02-02-02-02-18_r06.mp4,5457041,0.045347,1,
write,write,,,video_small,pg_bytea,6,01-01-02-02-02-02-19_r06.mp4,5457041,0.146969,1,
write,write,,,video_small,polyglot,6,01-01-02-02-02-02-19_r06.mp4,5457041,0.043930,1,
write,write,,,video_small,mongo_gridfs,6,01-01-02-02-02-02-19_r06.mp4,5457041,0.044909,1,
write,write,,,video_small,pg_bytea,6,01-01-02-02-02-02-21_r06.mp4,5498397,0.138957,1,
write,write,,,video_small,mongo_gridfs,6,01-01-02-02-02-02-21_r06.mp4,5498397,0.050740,1,
write,write,,,video_small,polyglot,6,01-01-02-02-02-02-21_r06.mp4,5498397,0.048206,1,
write,write,,,video_small,mongo_gridfs,6,01-01-02-02-02-02-22_r06.mp4,5457041,0.045602,1,
write,write,,,video_small,polyglot,6,01-01-02-02-02-02-22_r06.mp4,5457041,0.041675,1,
write,write,,,video_small,pg_bytea,6,01-01-02-02-02-02-22_r06.mp4,5457041,0.157907,1,
write,write,,,video_small,mongo_gridfs,6,01-01-02-02-02-02-23_r06.mp4,5457041,0.045899,1,
write,write,,,video_small,pg_bytea,6,01-01-02-02-02-02-23_r06.mp4,5457041,0.143194,1,
write,write,,,video_small,polyglot,6,01-01-02-02-02-02-23_r06.mp4,5457041,0.042928,1,
write,write,,,video_small,polyglot,6,01-01-03-01-01-01-12_r06.mp4,5457041,0.043670,1,
write,write,,,video_small,pg_bytea,6,01-01-03-01-01-01-12_r06.mp4,5457041,0.139106,1,
write,write,,,video_small,mongo_gridfs,6,01-01-03-01-01-01-12_r06.mp4,5457041,0.043712,1,
write,write,,,video_small,mongo_gridfs,6,01-01-03-01-01-01-15_r06.mp4,5457041,0.046771,1,
write,write,,,video_small,polyglot,6,01-01-03-01-01-01-15_r06.mp4,5457041,0.062889,1,
write,write,,,video_small,pg_bytea,6,01-01-03-01-01-01-15_r06.mp4,5457041,0.143725,1,
write,write,,,video_small,polyglot,6,01-01-03-01-02-01-08_r06.mp4,5498397,0.048179,1,
write,write,,,video_small,pg_bytea,6,01-01-03-01-02-01-08_r06.mp4,5498397,0.154404,1,
write,write,,,video_small,mongo_gridfs,6,01-01-03-01-02-01-08_r06.mp4,5498397,0.041710,1,
write,write,,,video_small,pg_bytea,6,01-01-03-01-02-01-21_r06.mp4,5498397,0.148299,1,
write,write,,,video_small,polyglot,6,01-01-03-01-02-01-21_r06.mp4,5498397,0.048486,1,
write,write,,,video_small,mongo_gridfs,6,01-01-03-01-02-01-21_r06.mp4,5498397,0.044017,1,
write,write,,,video_small,mongo_gridfs,6,01-01-03-02-01-01-21_r06.mp4,5457041,0.045136,1,
write,write,,,video_small,polyglot,6,01-01-03-02-01-01-21_r06.mp4,5457041,0.058671,1,
write,write,,,video_small,pg_bytea,6,01-01-03-02-01-01-21_r06.mp4,5457041,0.179200,1,
write,write,,,video_small,pg_bytea,6,01-01-03-02-01-01-24_r06.mp4,5457041,0.185812,1,
write,write,,,video_small,polyglot,6,01-01-03-02-01-01-24_r06.mp4,5457041,0.052923,1,
write,write,,,video_small,mongo_gridfs,6,01-01-03-02-01-01-24_r06.mp4,5457041,0.044401,1,
write,write,,,video_small,mongo_gridfs,6,01-01-03-02-01-02-01_r06.mp4,5457041,0.048099,1,
write,write,,,video_small,pg_bytea,6,01-01-03-02-01-02-01_r06.mp4,5457041,0.152136,1,
write,write,,,video_small,polyglot,6,01-01-03-02-01-02-01_r06.mp4,5457041,0.049381,1,
write,write,,,video_small,pg_bytea,6,01-01-03-02-01-02-15_r06.mp4,5457041,0.155147,1,
write,write,,,video_small,polyglot,6,01-01-03-02-01-02-15_r06.mp4,5457041,0.046708,1,
write,write,,,video_small,mongo_gridfs,6,01-01-03-02-01-02-15_r06.mp4,5457041,0.042543,1,
write,write,,,video_small,polyglot,6,01-01-03-02-02-01-05_r06.mp4,5457041,0.043442,1,
write,write,,,video_small,pg_bytea,6,01-01-03-02-02-01-05_r06.mp4,5457041,0.162327,1,
write,write,,,video_small,mongo_gridfs,6,01-01-03-02-02-01-05_r06.mp4,5457041,0.045823,1,
write,write,,,video_small,polyglot,6,01-01-03-02-02-01-12_r06.mp4,5457041,0.051062,1,
write,write,,,video_small,mongo_gridfs,6,01-01-03-02-02-01-12_r06.mp4,5457041,0.048394,1,
write,write,,,video_small,pg_bytea,6,01-01-03-02-02-01-12_r06.mp4,5457041,0.163267,1,
write,write,,,video_small,pg_bytea,6,01-01-03-02-02-01-15_r06.mp4,5498397,0.152678,1,
write,write,,,video_small,mongo_gridfs,6,01-01-03-02-02-01-15_r06.mp4,5498397,0.043626,1,
write,write,,,video_small,polyglot,6,01-01-03-02-02-01-15_r06.mp4,5498397,0.048940,1,
write,write,,,video_small,mongo_gridfs,6,01-01-04-01-01-01-03_r06.mp4,5457041,0.078673,1,
write,write,,,video_small,polyglot,6,01-01-04-01-01-01-03_r06.mp4,5457041,0.043402,1,
write,write,,,video_small,pg_bytea,6,01-01-04-01-01-01-03_r06.mp4,5457041,0.173791,1,
write,write,,,video_small,mongo_gridfs,6,01-01-04-01-01-01-05_r06.mp4,5498397,0.044359,1,
write,write,,,video_small,polyglot,6,01-01-04-01-01-01-05_r06.mp4,5498397,0.044608,1,
write,write,,,video_small,pg_bytea,6,01-01-04-01-01-01-05_r06.mp4,5498397,0.168607,1,
write,write,,,video_small,polyglot,6,01-01-04-01-01-01-10_r06.mp4,5457041,0.048182,1,
write,write,,,video_small,mongo_gridfs,6,01-01-04-01-01-01-10_r06.mp4,5457041,0.044505,1,
write,write,,,video_small,pg_bytea,6,01-01-04-01-01-01-10_r06.mp4,5457041,0.163427,1,
write,write,,,video_small,polyglot,6,01-01-04-01-01-01-16_r06.mp4,5457041,0.045480,1,
write,write,,,video_small,pg_bytea,6,01-01-04-01-01-01-16_r06.mp4,5457041,0.165868,1,
write,write,,,video_small,mongo_gridfs,6,01-01-04-01-01-01-16_r06.mp4,5457041,0.046131,1,
write,write,,,video_small,pg_bytea,6,01-01-04-01-02-01-19_r06.mp4,5498397,0.168376,1,
write,write,,,video_small,polyglot,6,01-01-04-01-02-01-19_r06.mp4,5498397,0.046040,1,
write,write,,,video_small,mongo_gridfs,6,01-01-04-01-02-01-19_r06.mp4,5498397,0.046444,1,
write,write,,,video_small,polyglot,6,01-01-04-01-02-01-21_r06.mp4,5498397,0.044237,1,
write,write,,,video_small,mongo_gridfs,6,01-01-04-01-02-01-21_r06.mp4,5498397,0.044593,1,
write,write,,,video_small,pg_bytea,6,01-01-04-01-02-01-21_r06.mp4,5498397,0.147708,1,
write,write,,,video_small,pg_bytea,6,01-01-04-01-02-01-22_r06.mp4,5498397,0.166470,1,
write,write,,,video_small,mongo_gridfs,6,01-01-04-01-02-01-22_r06.mp4,5498397,0.076522,1,
write,write,,,video_small,polyglot,6,01-01-04-01-02-01-22_r06.mp4,5498397,0.066587,1,
write,write,,,video_small,mongo_gridfs,6,01-01-04-02-01-01-18_r06.mp4,5498397,0.053631,1,
write,write,,,video_small,polyglot,6,01-01-04-02-01-01-18_r06.mp4,5498397,0.047187,1,
write,write,,,video_small,pg_bytea,6,01-01-04-02-01-01-18_r06.mp4,5498397,0.157055,1,
write,write,,,video_small,polyglot,6,01-01-04-02-01-01-19_r06.mp4,5457041,0.048732,1,
write,write,,,video_small,mongo_gridfs,6,01-01-04-02-01-01-19_r06.mp4,5457041,0.053929,1,
write,write,,,video_small,pg_bytea,6,01-01-04-02-01-01-19_r06.mp4,5457041,0.149188,1,
write,write,,,video_small,pg_bytea,6,01-01-04-02-02-01-02_r06.mp4,5498397,0.242583,1,
write,write,,,video_small,mongo_gridfs,6,01-01-04-02-02-01-02_r06.mp4,5498397,0.045607,1,
write,write,,,video_small,polyglot,6,01-01-04-02-02-01-02_r06.mp4,5498397,0.042634,1,
write,write,,,video_small,pg_bytea,6,01-01-04-02-02-01-05_r06.mp4,5498397,0.157597,1,
write,write,,,video_small,mongo_gridfs,6,01-01-04-02-02-01-05_r06.mp4,5498397,0.050734,1,
write,write,,,video_small,polyglot,6,01-01-04-02-02-01-05_r06.mp4,5498397,0.048076,1,
write,write,,,video_small,polyglot,6,01-01-04-02-02-01-06_r06.mp4,5498397,0.052431,1,
write,write,,,video_small,pg_bytea,6,01-01-04-02-02-01-06_r06.mp4,5498397,0.150532,1,
write,write,,,video_small,mongo_gridfs,6,01-01-04-02-02-01-06_r06.mp4,5498397,0.042784,1,
write,write,,,video_small,pg_bytea,6,01-01-04-02-02-01-13_r06.mp4,5498397,0.149660,1,
write,write,,,video_small,polyglot,6,01-01-04-02-02-01-13_r06.mp4,5498397,0.047107,1,
write,write,,,video_small,mongo_gridfs,6,01-01-04-02-02-01-13_r06.mp4,5498397,0.044609,1,
write,write,,,video_small,pg_bytea,6,01-01-04-02-02-01-17_r06.mp4,5498397,0.155931,1,
write,write,,,video_small,mongo_gridfs,6,01-01-04-02-02-01-17_r06.mp4,5498397,0.044307,1,
write,write,,,video_small,polyglot,6,01-01-04-02-02-01-17_r06.mp4,5498397,0.048057,1,
write,write,,,video_small,mongo_gridfs,6,01-01-04-02-02-02-19_r06.mp4,5498397,0.046423,1,
write,write,,,video_small,pg_bytea,6,01-01-04-02-02-02-19_r06.mp4,5498397,0.161289,1,
write,write,,,video_small,polyglot,6,01-01-04-02-02-02-19_r06.mp4,5498397,0.045620,1,
write,write,,,video_small,pg_bytea,6,01-01-05-01-01-02-09_r06.mp4,5457041,0.177441,1,
write,write,,,video_small,polyglot,6,01-01-05-01-01-02-09_r06.mp4,5457041,0.042046,1,
write,write,,,video_small,mongo_gridfs,6,01-01-05-01-01-02-09_r06.mp4,5457041,0.044702,1,
write,write,,,video_small,pg_bytea,6,01-01-05-01-01-02-19_r06.mp4,5498397,0.265462,1,
write,write,,,video_small,polyglot,6,01-01-05-01-01-02-19_r06.mp4,5498397,1.976930,1,
write,write,,,video_small,mongo_gridfs,6,01-01-05-01-01-02-19_r06.mp4,5498397,0.115775,1,
write,write,,,video_small,pg_bytea,6,01-01-05-01-01-02-21_r06.mp4,5457041,0.174625,1,
write,write,,,video_small,polyglot,6,01-01-05-01-01-02-21_r06.mp4,5457041,0.047410,1,
write,write,,,video_small,mongo_gridfs,6,01-01-05-01-01-02-21_r06.mp4,5457041,0.054200,1,
write,write,,,video_small,pg_bytea,6,01-01-05-01-02-01-19_r06.mp4,5457041,0.154536,1,
write,write,,,video_small,polyglot,6,01-01-05-01-02-01-19_r06.mp4,5457041,0.050126,1,
write,write,,,video_small,mongo_gridfs,6,01-01-05-01-02-01-19_r06.mp4,5457041,0.082004,1,
write,write,,,video_small,pg_bytea,6,01-01-05-01-02-02-04_r06.mp4,5457041,0.160614,1,
write,write,,,video_small,polyglot,6,01-01-05-01-02-02-04_r06.mp4,5457041,0.048860,1,
write,write,,,video_small,mongo_gridfs,6,01-01-05-01-02-02-04_r06.mp4,5457041,0.049195,1,
write,write,,,video_small,pg_bytea,6,01-01-05-01-02-02-05_r06.mp4,5498397,0.166112,1,
write,write,,,video_small,mongo_gridfs,6,01-01-05-01-02-02-05_r06.mp4,5498397,0.044995,1,
write,write,,,video_small,polyglot,6,01-01-05-01-02-02-05_r06.mp4,5498397,0.047840,1,
write,write,,,video_small,pg_bytea,6,01-01-05-02-01-02-04_r06.mp4,5457041,0.160639,1,
write,write,,,video_small,polyglot,6,01-01-05-02-01-02-04_r06.mp4,5457041,0.046432,1,
write,write,,,video_small,mongo_gridfs,6,01-01-05-02-01-02-04_r06.mp4,5457041,0.047577,1,
write,write,,,video_small,pg_bytea,6,01-01-05-02-01-02-12_r06.mp4,5457041,0.151951,1,
write,write,,,video_small,mongo_gridfs,6,01-01-05-02-01-02-12_r06.mp4,5457041,0.046371,1,
write,write,,,video_small,polyglot,6,01-01-05-02-01-02-12_r06.mp4,5457041,0.047944,1,
write,write,,,video_small,pg_bytea,6,01-01-05-02-01-02-14_r06.mp4,5457041,0.155486,1,
write,write,,,video_small,mongo_gridfs,6,01-01-05-02-01-02-14_r06.mp4,5457041,0.050385,1,
write,write,,,video_small,polyglot,6,01-01-05-02-01-02-14_r06.mp4,5457041,0.045872,1,
write,write,,,video_small,polyglot,6,01-01-05-02-02-02-19_r06.mp4,5498397,0.057054,1,
write,write,,,video_small,pg_bytea,6,01-01-05-02-02-02-19_r06.mp4,5498397,0.154166,1,
write,write,,,video_small,mongo_gridfs,6,01-01-05-02-02-02-19_r06.mp4,5498397,0.048572,1,
write,write,,,video_small,pg_bytea,6,01-01-05-02-02-02-20_r06.mp4,5498397,0.143958,1,
write,write,,,video_small,polyglot,6,01-01-05-02-02-02-20_r06.mp4,5498397,0.072395,1,
write,write,,,video_small,mongo_gridfs,6,01-01-05-02-02-02-20_r06.mp4,5498397,0.045563,1,
write,write,,,video_small,polyglot,6,01-01-05-02-02-02-23_r06.mp4,5457041,0.045339,1,
write,write,,,video_small,pg_bytea,6,01-01-05-02-02-02-23_r06.mp4,5457041,0.153645,1,
write,write,,,video_small,mongo_gridfs,6,01-01-05-02-02-02-23_r06.mp4,5457041,0.047574,1,
write,write,,,video_small,mongo_gridfs,6,01-01-06-01-01-01-08_r06.mp4,5457041,0.051849,1,
write,write,,,video_small,pg_bytea,6,01-01-06-01-01-01-08_r06.mp4,5457041,0.158073,1,
write,write,,,video_small,polyglot,6,01-01-06-01-01-01-08_r06.mp4,5457041,0.044143,1,
write,write,,,video_small,mongo_gridfs,6,01-01-06-01-01-01-19_r06.mp4,5457041,0.056766,1,
write,write,,,video_small,polyglot,6,01-01-06-01-01-01-19_r06.mp4,5457041,0.063392,1,
write,write,,,video_small,pg_bytea,6,01-01-06-01-01-01-19_r06.mp4,5457041,0.159541,1,
write,write,,,video_small,pg_bytea,6,01-01-06-01-01-01-24_r06.mp4,5498397,0.154250,1,
write,write,,,video_small,mongo_gridfs,6,01-01-06-01-01-01-24_r06.mp4,5498397,0.047451,1,
write,write,,,video_small,polyglot,6,01-01-06-01-01-01-24_r06.mp4,5498397,0.045622,1,
write,write,,,video_medium,polyglot,6,tsinghua_v_0024_r06.mp4,13091522,0.147506,1,
write,write,,,video_medium,pg_bytea,6,tsinghua_v_0024_r06.mp4,13091522,2.419431,1,
write,write,,,video_medium,mongo_gridfs,6,tsinghua_v_0024_r06.mp4,13091522,1.998960,1,
write,write,,,video_medium,mongo_gridfs,6,tsinghua_v_0046_r06.mp4,13091522,0.107535,1,
write,write,,,video_medium,pg_bytea,6,tsinghua_v_0046_r06.mp4,13091522,0.362945,1,
write,write,,,video_medium,polyglot,6,tsinghua_v_0046_r06.mp4,13091522,0.138381,1,
write,write,,,video_medium,pg_bytea,6,tsinghua_v_0076_r06.mp4,13091522,0.354836,1,
write,write,,,video_medium,mongo_gridfs,6,tsinghua_v_0076_r06.mp4,13091522,0.114827,1,
write,write,,,video_medium,polyglot,6,tsinghua_v_0076_r06.mp4,13091522,0.143361,1,
write,write,,,video_medium,polyglot,6,tsinghua_v_0080_r06.mp4,13091522,0.097413,1,
write,write,,,video_medium,mongo_gridfs,6,tsinghua_v_0080_r06.mp4,13091522,0.141377,1,
write,write,,,video_medium,pg_bytea,6,tsinghua_v_0080_r06.mp4,13091522,0.389187,1,
write,write,,,video_medium,pg_bytea,6,tsinghua_v_0109_r06.mp4,13091522,2.237227,1,
write,write,,,video_medium,mongo_gridfs,6,tsinghua_v_0109_r06.mp4,13091522,0.118493,1,
write,write,,,video_medium,polyglot,6,tsinghua_v_0109_r06.mp4,13091522,0.161513,1,
write,write,,,video_medium,mongo_gridfs,6,tsinghua_v_0123_r06.mp4,13091522,0.105542,1,
write,write,,,video_medium,polyglot,6,tsinghua_v_0123_r06.mp4,13091522,0.131765,1,
write,write,,,video_medium,pg_bytea,6,tsinghua_v_0123_r06.mp4,13091522,0.374719,1,
write,write,,,video_medium,mongo_gridfs,6,tsinghua_v_0130_r06.mp4,13091522,0.120052,1,
write,write,,,video_medium,polyglot,6,tsinghua_v_0130_r06.mp4,13091522,0.144663,1,
write,write,,,video_medium,pg_bytea,6,tsinghua_v_0130_r06.mp4,13091522,0.390620,1,
write,write,,,video_medium,pg_bytea,6,tsinghua_v_0135_r06.mp4,13091522,0.476864,1,
write,write,,,video_medium,polyglot,6,tsinghua_v_0135_r06.mp4,13091522,0.113369,1,
write,write,,,video_medium,mongo_gridfs,6,tsinghua_v_0135_r06.mp4,13091522,0.115267,1,
write,write,,,video_medium,pg_bytea,6,tsinghua_v_0137_r06.mp4,13091522,0.379188,1,
write,write,,,video_medium,mongo_gridfs,6,tsinghua_v_0137_r06.mp4,13091522,0.099285,1,
write,write,,,video_medium,polyglot,6,tsinghua_v_0137_r06.mp4,13091522,0.124736,1,
write,write,,,video_medium,polyglot,6,tsinghua_v_0140_r06.mp4,13091522,0.126816,1,
write,write,,,video_medium,pg_bytea,6,tsinghua_v_0140_r06.mp4,13091522,0.429715,1,
write,write,,,video_medium,mongo_gridfs,6,tsinghua_v_0140_r06.mp4,13091522,0.111415,1,
write,write,,,video_medium,pg_bytea,6,tsinghua_v_0151_r06.mp4,13091522,0.382449,1,
write,write,,,video_medium,polyglot,6,tsinghua_v_0151_r06.mp4,13091522,0.120481,1,
write,write,,,video_medium,mongo_gridfs,6,tsinghua_v_0151_r06.mp4,13091522,0.153139,1,
write,write,,,video_medium,mongo_gridfs,6,tsinghua_v_0157_r06.mp4,13091522,0.114178,1,
write,write,,,video_medium,pg_bytea,6,tsinghua_v_0157_r06.mp4,13091522,0.357591,1,
write,write,,,video_medium,polyglot,6,tsinghua_v_0157_r06.mp4,13091522,0.117034,1,
write,write,,,video_medium,pg_bytea,6,tsinghua_v_0209_r06.mp4,13091522,0.366466,1,
write,write,,,video_medium,mongo_gridfs,6,tsinghua_v_0209_r06.mp4,13091522,0.112907,1,
write,write,,,video_medium,polyglot,6,tsinghua_v_0209_r06.mp4,13091522,0.119313,1,
write,write,,,video_medium,mongo_gridfs,6,tsinghua_v_0226_r06.mp4,13091522,0.115960,1,
write,write,,,video_medium,polyglot,6,tsinghua_v_0226_r06.mp4,13091522,0.117070,1,
write,write,,,video_medium,pg_bytea,6,tsinghua_v_0226_r06.mp4,13091522,0.470742,1,
write,write,,,video_medium,mongo_gridfs,6,tsinghua_v_0236_r06.mp4,13091522,1.848319,1,
write,write,,,video_medium,pg_bytea,6,tsinghua_v_0236_r06.mp4,13091522,0.376211,1,
write,write,,,video_medium,polyglot,6,tsinghua_v_0236_r06.mp4,13091522,0.108376,1,
write,write,,,video_medium,pg_bytea,6,tsinghua_v_0274_r06.mp4,13091522,0.452614,1,
write,write,,,video_medium,polyglot,6,tsinghua_v_0274_r06.mp4,13091522,0.116776,1,
write,write,,,video_medium,mongo_gridfs,6,tsinghua_v_0274_r06.mp4,13091522,0.144591,1,
write,write,,,video_medium,pg_bytea,6,tsinghua_v_0280_r06.mp4,13091522,0.361523,1,
write,write,,,video_medium,mongo_gridfs,6,tsinghua_v_0280_r06.mp4,13091522,0.102370,1,
write,write,,,video_medium,polyglot,6,tsinghua_v_0280_r06.mp4,13091522,0.107116,1,
write,write,,,video_medium,mongo_gridfs,6,tsinghua_v_0302_r06.mp4,13091522,0.147361,1,
write,write,,,video_medium,polyglot,6,tsinghua_v_0302_r06.mp4,13091522,0.110968,1,
write,write,,,video_medium,pg_bytea,6,tsinghua_v_0302_r06.mp4,13091522,0.389711,1,
write,write,,,video_medium,polyglot,6,tsinghua_v_0311_r06.mp4,13091522,0.100546,1,
write,write,,,video_medium,mongo_gridfs,6,tsinghua_v_0311_r06.mp4,13091522,0.122598,1,
write,write,,,video_medium,pg_bytea,6,tsinghua_v_0311_r06.mp4,13091522,0.369654,1,
write,write,,,video_medium,mongo_gridfs,6,tsinghua_v_0316_r06.mp4,13091522,0.101467,1,
write,write,,,video_medium,polyglot,6,tsinghua_v_0316_r06.mp4,13091522,0.147340,1,
write,write,,,video_medium,pg_bytea,6,tsinghua_v_0316_r06.mp4,13091522,0.367313,1,
write,write,,,video_medium,pg_bytea,6,tsinghua_v_0319_r06.mp4,13091522,0.352521,1,
write,write,,,video_medium,mongo_gridfs,6,tsinghua_v_0319_r06.mp4,13091522,0.105563,1,
write,write,,,video_medium,polyglot,6,tsinghua_v_0319_r06.mp4,13091522,0.126554,1,
write,write,,,video_medium,polyglot,6,tsinghua_v_0321_r06.mp4,13091522,0.099295,1,
write,write,,,video_medium,mongo_gridfs,6,tsinghua_v_0321_r06.mp4,13091522,0.108426,1,
write,write,,,video_medium,pg_bytea,6,tsinghua_v_0321_r06.mp4,13091522,0.353269,1,
write,write,,,video_medium,pg_bytea,6,tsinghua_v_0331_r06.mp4,13091522,0.350626,1,
write,write,,,video_medium,polyglot,6,tsinghua_v_0331_r06.mp4,13091522,0.104523,1,
write,write,,,video_medium,mongo_gridfs,6,tsinghua_v_0331_r06.mp4,13091522,0.120780,1,
write,write,,,video_medium,mongo_gridfs,6,tsinghua_v_0345_r06.mp4,13091522,0.101586,1,
write,write,,,video_medium,pg_bytea,6,tsinghua_v_0345_r06.mp4,13091522,0.365477,1,
write,write,,,video_medium,polyglot,6,tsinghua_v_0345_r06.mp4,13091522,0.109748,1,
write,write,,,video_medium,polyglot,6,tsinghua_v_0356_r06.mp4,13091522,0.144512,1,
write,write,,,video_medium,mongo_gridfs,6,tsinghua_v_0356_r06.mp4,13091522,0.138434,1,
write,write,,,video_medium,pg_bytea,6,tsinghua_v_0356_r06.mp4,13091522,0.429121,1,
write,write,,,video_medium,polyglot,6,tsinghua_v_0357_r06.mp4,13091522,0.166591,1,
write,write,,,video_medium,mongo_gridfs,6,tsinghua_v_0357_r06.mp4,13091522,0.209454,1,
write,write,,,video_medium,pg_bytea,6,tsinghua_v_0357_r06.mp4,13091522,0.475494,1,
write,write,,,video_medium,mongo_gridfs,6,tsinghua_v_0379_r06.mp4,13091522,0.160496,1,
write,write,,,video_medium,polyglot,6,tsinghua_v_0379_r06.mp4,13091522,0.231114,1,
write,write,,,video_medium,pg_bytea,6,tsinghua_v_0379_r06.mp4,13091522,0.492350,1,
write,write,,,video_medium,mongo_gridfs,6,tsinghua_v_0393_r06.mp4,13091522,0.104356,1,
write,write,,,video_medium,pg_bytea,6,tsinghua_v_0393_r06.mp4,13091522,0.486664,1,
write,write,,,video_medium,polyglot,6,tsinghua_v_0393_r06.mp4,13091522,0.304865,1,
write,write,,,video_medium,polyglot,6,tsinghua_v_0421_r06.mp4,13091522,0.465021,1,
write,write,,,video_medium,mongo_gridfs,6,tsinghua_v_0421_r06.mp4,13091522,0.119222,1,
write,write,,,video_medium,pg_bytea,6,tsinghua_v_0421_r06.mp4,13091522,0.555767,1,
write,write,,,video_medium,mongo_gridfs,6,tsinghua_v_0424_r06.mp4,13091522,0.123660,1,
write,write,,,video_medium,polyglot,6,tsinghua_v_0424_r06.mp4,13091522,0.417573,1,
write,write,,,video_medium,pg_bytea,6,tsinghua_v_0424_r06.mp4,13091522,0.479495,1,
write,write,,,video_medium,pg_bytea,6,tsinghua_v_0427_r06.mp4,13091522,0.490445,1,
write,write,,,video_medium,mongo_gridfs,6,tsinghua_v_0427_r06.mp4,13091522,0.158918,1,
write,write,,,video_medium,polyglot,6,tsinghua_v_0427_r06.mp4,13091522,0.142814,1,
write,write,,,video_medium,polyglot,6,tsinghua_v_0431_r06.mp4,13091522,0.128529,1,
write,write,,,video_medium,mongo_gridfs,6,tsinghua_v_0431_r06.mp4,13091522,0.131413,1,
write,write,,,video_medium,pg_bytea,6,tsinghua_v_0431_r06.mp4,13091522,0.408701,1,
write,write,,,video_medium,mongo_gridfs,6,tsinghua_v_0452_r06.mp4,13091522,0.104552,1,
write,write,,,video_medium,polyglot,6,tsinghua_v_0452_r06.mp4,13091522,0.155958,1,
write,write,,,video_medium,pg_bytea,6,tsinghua_v_0452_r06.mp4,13091522,0.440755,1,
write,write,,,video_medium,polyglot,6,tsinghua_v_0454_r06.mp4,13091522,0.155841,1,
write,write,,,video_medium,pg_bytea,6,tsinghua_v_0454_r06.mp4,13091522,0.955686,1,
write,write,,,video_medium,mongo_gridfs,6,tsinghua_v_0454_r06.mp4,13091522,1.315005,1,
write,write,,,video_medium,polyglot,6,tsinghua_v_0457_r06.mp4,13091522,0.111385,1,
write,write,,,video_medium,pg_bytea,6,tsinghua_v_0457_r06.mp4,13091522,0.400088,1,
write,write,,,video_medium,mongo_gridfs,6,tsinghua_v_0457_r06.mp4,13091522,0.131910,1,
write,write,,,video_medium,pg_bytea,6,tsinghua_v_0466_r06.mp4,13091522,0.434247,1,
write,write,,,video_medium,polyglot,6,tsinghua_v_0466_r06.mp4,13091522,0.106323,1,
write,write,,,video_medium,mongo_gridfs,6,tsinghua_v_0466_r06.mp4,13091522,0.125131,1,
write,write,,,video_medium,mongo_gridfs,6,tsinghua_v_0471_r06.mp4,13091522,0.109422,1,
write,write,,,video_medium,pg_bytea,6,tsinghua_v_0471_r06.mp4,13091522,0.381324,1,
write,write,,,video_medium,polyglot,6,tsinghua_v_0471_r06.mp4,13091522,0.104937,1,
write,write,,,video_medium,mongo_gridfs,6,tsinghua_v_0472_r06.mp4,13091522,0.174521,1,
write,write,,,video_medium,pg_bytea,6,tsinghua_v_0472_r06.mp4,13091522,0.362942,1,
write,write,,,video_medium,polyglot,6,tsinghua_v_0472_r06.mp4,13091522,0.109916,1,
write,write,,,video_medium,pg_bytea,6,tsinghua_v_0494_r06.mp4,13091522,0.412273,1,
write,write,,,video_medium,mongo_gridfs,6,tsinghua_v_0494_r06.mp4,13091522,0.103822,1,
write,write,,,video_medium,polyglot,6,tsinghua_v_0494_r06.mp4,13091522,0.129682,1,
write,write,,,video_medium,mongo_gridfs,6,tsinghua_v_0503_r06.mp4,13091522,0.101362,1,
write,write,,,video_medium,polyglot,6,tsinghua_v_0503_r06.mp4,13091522,0.126663,1,
write,write,,,video_medium,pg_bytea,6,tsinghua_v_0503_r06.mp4,13091522,0.360476,1,
write,write,,,video_medium,polyglot,6,tsinghua_v_0509_r06.mp4,13091522,0.107766,1,
write,write,,,video_medium,pg_bytea,6,tsinghua_v_0509_r06.mp4,13091522,0.485873,1,
write,write,,,video_medium,mongo_gridfs,6,tsinghua_v_0509_r06.mp4,13091522,0.111208,1,
write,write,,,video_medium,pg_bytea,6,tsinghua_v_0523_r06.mp4,13091522,0.525024,1,
write,write,,,video_medium,mongo_gridfs,6,tsinghua_v_0523_r06.mp4,13091522,0.158333,1,
write,write,,,video_medium,polyglot,6,tsinghua_v_0523_r06.mp4,13091522,0.127237,1,
write,write,,,video_medium,mongo_gridfs,6,tsinghua_v_0546_r06.mp4,13091522,0.138933,1,
write,write,,,video_medium,pg_bytea,6,tsinghua_v_0546_r06.mp4,13091522,0.417842,1,
write,write,,,video_medium,polyglot,6,tsinghua_v_0546_r06.mp4,13091522,0.118001,1,
write,write,,,video_medium,pg_bytea,6,tsinghua_v_0568_r06.mp4,13091522,0.383976,1,
write,write,,,video_medium,mongo_gridfs,6,tsinghua_v_0568_r06.mp4,13091522,0.109881,1,
write,write,,,video_medium,polyglot,6,tsinghua_v_0568_r06.mp4,13091522,0.123490,1,
write,write,,,video_medium,mongo_gridfs,6,tsinghua_v_0594_r06.mp4,13091522,0.113049,1,
write,write,,,video_medium,polyglot,6,tsinghua_v_0594_r06.mp4,13091522,0.114653,1,
write,write,,,video_medium,pg_bytea,6,tsinghua_v_0594_r06.mp4,13091522,0.347537,1,
write,write,,,video_medium,pg_bytea,6,tsinghua_v_0596_r06.mp4,13091522,0.356767,1,
write,write,,,video_medium,mongo_gridfs,6,tsinghua_v_0596_r06.mp4,13091522,0.102064,1,
write,write,,,video_medium,polyglot,6,tsinghua_v_0596_r06.mp4,13091522,0.115413,1,
write,write,,,video_medium,mongo_gridfs,6,tsinghua_v_0635_r06.mp4,13091522,0.138334,1,
write,write,,,video_medium,polyglot,6,tsinghua_v_0635_r06.mp4,13091522,0.121640,1,
write,write,,,video_medium,pg_bytea,6,tsinghua_v_0635_r06.mp4,13091522,0.451268,1,
write,write,,,video_medium,polyglot,6,tsinghua_v_0653_r06.mp4,13091522,1.720650,1,
write,write,,,video_medium,mongo_gridfs,6,tsinghua_v_0653_r06.mp4,13091522,0.122089,1,
write,write,,,video_medium,pg_bytea,6,tsinghua_v_0653_r06.mp4,13091522,0.390513,1,
write,write,,,video_medium,pg_bytea,6,tsinghua_v_0667_r06.mp4,13091522,0.368477,1,
write,write,,,video_medium,polyglot,6,tsinghua_v_0667_r06.mp4,13091522,0.134614,1,
write,write,,,video_medium,mongo_gridfs,6,tsinghua_v_0667_r06.mp4,13091522,0.120306,1,
write,write,,,video_medium,pg_bytea,6,tsinghua_v_0673_r06.mp4,13091522,0.355936,1,
write,write,,,video_medium,polyglot,6,tsinghua_v_0673_r06.mp4,13091522,0.125755,1,
write,write,,,video_medium,mongo_gridfs,6,tsinghua_v_0673_r06.mp4,13091522,0.103174,1,
write,write,,,video_medium,polyglot,6,tsinghua_v_0681_r06.mp4,13091522,0.117516,1,
write,write,,,video_medium,mongo_gridfs,6,tsinghua_v_0681_r06.mp4,13091522,0.133566,1,
write,write,,,video_medium,pg_bytea,6,tsinghua_v_0681_r06.mp4,13091522,2.054509,1,
write,write,,,video_medium,mongo_gridfs,6,tsinghua_v_0690_r06.mp4,13091522,0.101483,1,
write,write,,,video_medium,polyglot,6,tsinghua_v_0690_r06.mp4,13091522,0.121487,1,
write,write,,,video_medium,pg_bytea,6,tsinghua_v_0690_r06.mp4,13091522,0.353653,1,
write,write,,,video_medium,polyglot,6,tsinghua_v_0692_r06.mp4,13091522,0.105150,1,
write,write,,,video_medium,mongo_gridfs,6,tsinghua_v_0692_r06.mp4,13091522,0.128152,1,
write,write,,,video_medium,pg_bytea,6,tsinghua_v_0692_r06.mp4,13091522,0.339550,1,
write,write,,,video_medium,polyglot,6,tsinghua_v_0696_r06.mp4,13091522,0.099574,1,
write,write,,,video_medium,mongo_gridfs,6,tsinghua_v_0696_r06.mp4,13091522,0.115736,1,
write,write,,,video_medium,pg_bytea,6,tsinghua_v_0696_r06.mp4,13091522,0.339807,1,
write,write,,,video_medium,pg_bytea,6,tsinghua_v_0734_r06.mp4,13091522,0.331411,1,
write,write,,,video_medium,mongo_gridfs,6,tsinghua_v_0734_r06.mp4,13091522,0.102485,1,
write,write,,,video_medium,polyglot,6,tsinghua_v_0734_r06.mp4,13091522,0.107443,1,
write,write,,,video_medium,mongo_gridfs,6,tsinghua_v_0737_r06.mp4,13091522,0.100845,1,
write,write,,,video_medium,pg_bytea,6,tsinghua_v_0737_r06.mp4,13091522,0.364146,1,
write,write,,,video_medium,polyglot,6,tsinghua_v_0737_r06.mp4,13091522,0.101817,1,
write,write,,,video_medium,mongo_gridfs,6,tsinghua_v_0744_r06.mp4,13091522,0.122706,1,
write,write,,,video_medium,pg_bytea,6,tsinghua_v_0744_r06.mp4,13091522,0.363556,1,
write,write,,,video_medium,polyglot,6,tsinghua_v_0744_r06.mp4,13091522,0.096854,1,
write,write,,,video_medium,mongo_gridfs,6,tsinghua_v_0745_r06.mp4,13091522,0.126413,1,
write,write,,,video_medium,polyglot,6,tsinghua_v_0745_r06.mp4,13091522,0.111316,1,
write,write,,,video_medium,pg_bytea,6,tsinghua_v_0745_r06.mp4,13091522,2.381148,1,
write,write,,,video_medium,pg_bytea,6,tsinghua_v_0769_r06.mp4,13091522,0.342795,1,
write,write,,,video_medium,polyglot,6,tsinghua_v_0769_r06.mp4,13091522,1.618968,1,
write,write,,,video_medium,mongo_gridfs,6,tsinghua_v_0769_r06.mp4,13091522,0.107323,1,
write,write,,,video_medium,polyglot,6,tsinghua_v_0791_r06.mp4,13091522,0.129863,1,
write,write,,,video_medium,pg_bytea,6,tsinghua_v_0791_r06.mp4,13091522,0.360211,1,
write,write,,,video_medium,mongo_gridfs,6,tsinghua_v_0791_r06.mp4,13091522,0.110086,1,
write,write,,,video_medium,pg_bytea,6,tsinghua_v_0792_r06.mp4,13091522,0.344635,1,
write,write,,,video_medium,polyglot,6,tsinghua_v_0792_r06.mp4,13091522,0.102322,1,
write,write,,,video_medium,mongo_gridfs,6,tsinghua_v_0792_r06.mp4,13091522,0.106842,1,
write,write,,,video_medium,pg_bytea,6,tsinghua_v_0857_r06.mp4,13091522,0.312184,1,
write,write,,,video_medium,polyglot,6,tsinghua_v_0857_r06.mp4,13091522,0.108463,1,
write,write,,,video_medium,mongo_gridfs,6,tsinghua_v_0857_r06.mp4,13091522,0.109378,1,
write,write,,,video_medium,pg_bytea,6,tsinghua_v_0866_r06.mp4,13091522,0.410482,1,
write,write,,,video_medium,polyglot,6,tsinghua_v_0866_r06.mp4,13091522,0.113874,1,
write,write,,,video_medium,mongo_gridfs,6,tsinghua_v_0866_r06.mp4,13091522,0.105545,1,
write,write,,,video_medium,polyglot,6,tsinghua_v_0880_r06.mp4,13091522,0.109722,1,
write,write,,,video_medium,pg_bytea,6,tsinghua_v_0880_r06.mp4,13091522,0.347915,1,
write,write,,,video_medium,mongo_gridfs,6,tsinghua_v_0880_r06.mp4,13091522,0.104724,1,
write,write,,,video_medium,mongo_gridfs,6,tsinghua_v_0888_r06.mp4,13091522,0.127063,1,
write,write,,,video_medium,pg_bytea,6,tsinghua_v_0888_r06.mp4,13091522,0.349498,1,
write,write,,,video_medium,polyglot,6,tsinghua_v_0888_r06.mp4,13091522,0.093794,1,
write,write,,,video_medium,pg_bytea,6,tsinghua_v_0901_r06.mp4,13091522,0.344954,1,
write,write,,,video_medium,polyglot,6,tsinghua_v_0901_r06.mp4,13091522,0.101970,1,
write,write,,,video_medium,mongo_gridfs,6,tsinghua_v_0901_r06.mp4,13091522,0.112169,1,
write,write,,,video_medium,polyglot,6,tsinghua_v_0937_r06.mp4,13091522,0.096346,1,
write,write,,,video_medium,pg_bytea,6,tsinghua_v_0937_r06.mp4,13091522,0.319773,1,
write,write,,,video_medium,mongo_gridfs,6,tsinghua_v_0937_r06.mp4,13091522,0.100494,1,
write,write,,,video_medium,mongo_gridfs,6,tsinghua_v_0939_r06.mp4,13091522,0.115014,1,
write,write,,,video_medium,pg_bytea,6,tsinghua_v_0939_r06.mp4,13091522,0.314875,1,
write,write,,,video_medium,polyglot,6,tsinghua_v_0939_r06.mp4,13091522,0.107090,1,
write,write,,,video_medium,polyglot,6,tsinghua_v_0961_r06.mp4,13091522,0.110884,1,
write,write,,,video_medium,pg_bytea,6,tsinghua_v_0961_r06.mp4,13091522,0.328647,1,
write,write,,,video_medium,mongo_gridfs,6,tsinghua_v_0961_r06.mp4,13091522,0.098871,1,
write,write,,,video_medium,polyglot,6,tsinghua_v_0977_r06.mp4,13091522,0.112267,1,
write,write,,,video_medium,mongo_gridfs,6,tsinghua_v_0977_r06.mp4,13091522,0.147544,1,
write,write,,,video_medium,pg_bytea,6,tsinghua_v_0977_r06.mp4,13091522,0.350447,1,
write,write,,,audio_small,pg_bytea,7,03-01-01-01-01-02-19_r07.wav,375720,0.010982,1,
write,write,,,audio_small,mongo_gridfs,7,03-01-01-01-01-02-19_r07.wav,375720,0.006330,1,
write,write,,,audio_small,polyglot,7,03-01-01-01-01-02-19_r07.wav,375720,0.006101,1,
write,write,,,audio_small,pg_bytea,7,03-01-01-01-02-02-05_r07.wav,396294,0.010279,1,
write,write,,,audio_small,polyglot,7,03-01-01-01-02-02-05_r07.wav,396294,0.005946,1,
write,write,,,audio_small,mongo_gridfs,7,03-01-01-01-02-02-05_r07.wav,396294,0.005060,1,
write,write,,,audio_small,pg_bytea,7,03-01-01-01-02-02-06_r07.wav,363108,0.011809,1,
write,write,,,audio_small,polyglot,7,03-01-01-01-02-02-06_r07.wav,363108,0.004370,1,
write,write,,,audio_small,mongo_gridfs,7,03-01-01-01-02-02-06_r07.wav,363108,0.004087,1,
write,write,,,audio_small,mongo_gridfs,7,03-01-01-01-02-02-07_r07.wav,363108,0.003975,1,
write,write,,,audio_small,polyglot,7,03-01-01-01-02-02-07_r07.wav,363108,0.003864,1,
write,write,,,audio_small,pg_bytea,7,03-01-01-01-02-02-07_r07.wav,363108,0.009711,1,
write,write,,,audio_small,mongo_gridfs,7,03-01-01-01-02-02-11_r07.wav,375720,0.005709,1,
write,write,,,audio_small,pg_bytea,7,03-01-01-01-02-02-11_r07.wav,375720,0.011475,1,
write,write,,,audio_small,polyglot,7,03-01-01-01-02-02-11_r07.wav,375720,0.004176,1,
write,write,,,audio_small,pg_bytea,7,03-01-01-01-02-02-12_r07.wav,372698,0.009236,1,
write,write,,,audio_small,mongo_gridfs,7,03-01-01-01-02-02-12_r07.wav,372698,0.003832,1,
write,write,,,audio_small,polyglot,7,03-01-01-01-02-02-12_r07.wav,372698,0.003751,1,
write,write,,,audio_small,pg_bytea,7,03-01-01-01-02-02-13_r07.wav,363108,0.008993,1,
write,write,,,audio_small,polyglot,7,03-01-01-01-02-02-13_r07.wav,363108,0.004200,1,
write,write,,,audio_small,mongo_gridfs,7,03-01-01-01-02-02-13_r07.wav,363108,0.003475,1,
write,write,,,audio_small,pg_bytea,7,03-01-01-02-01-02-05_r07.wav,393086,0.014997,1,
write,write,,,audio_small,polyglot,7,03-01-01-02-01-02-05_r07.wav,393086,0.004483,1,
write,write,,,audio_small,mongo_gridfs,7,03-01-01-02-01-02-05_r07.wav,393086,0.003902,1,
write,write,,,audio_small,mongo_gridfs,7,03-01-01-02-01-02-06_r07.wav,363108,0.003462,1,
write,write,,,audio_small,polyglot,7,03-01-01-02-01-02-06_r07.wav,363108,0.003851,1,
write,write,,,audio_small,pg_bytea,7,03-01-01-02-01-02-06_r07.wav,363108,0.013701,1,
write,write,,,audio_small,mongo_gridfs,7,03-01-01-02-01-02-07_r07.wav,372698,0.003760,1,
write,write,,,audio_small,polyglot,7,03-01-01-02-01-02-07_r07.wav,372698,0.003569,1,
write,write,,,audio_small,pg_bytea,7,03-01-01-02-01-02-07_r07.wav,372698,0.008925,1,
write,write,,,audio_small,polyglot,7,03-01-01-02-01-02-13_r07.wav,399494,0.009574,1,
write,write,,,audio_small,pg_bytea,7,03-01-01-02-01-02-13_r07.wav,399494,0.009762,1,
write,write,,,audio_small,mongo_gridfs,7,03-01-01-02-01-02-13_r07.wav,399494,0.004569,1,
write,write,,,audio_small,mongo_gridfs,7,03-01-01-02-02-02-19_r07.wav,372698,0.004148,1,
write,write,,,audio_small,pg_bytea,7,03-01-01-02-02-02-19_r07.wav,372698,0.010730,1,
write,write,,,audio_small,polyglot,7,03-01-01-02-02-02-19_r07.wav,372698,0.003988,1,
write,write,,,audio_small,polyglot,7,03-01-02-01-01-01-19_r07.wav,372698,0.003432,1,
write,write,,,audio_small,pg_bytea,7,03-01-02-01-01-01-19_r07.wav,372698,0.008444,1,
write,write,,,audio_small,mongo_gridfs,7,03-01-02-01-01-01-19_r07.wav,372698,0.003849,1,
write,write,,,audio_small,pg_bytea,7,03-01-02-01-02-01-06_r07.wav,363108,0.011163,1,
write,write,,,audio_small,polyglot,7,03-01-02-01-02-01-06_r07.wav,363108,0.003517,1,
write,write,,,audio_small,mongo_gridfs,7,03-01-02-01-02-01-06_r07.wav,363108,0.003640,1,
write,write,,,audio_small,mongo_gridfs,7,03-01-02-01-02-01-07_r07.wav,399494,0.003838,1,
write,write,,,audio_small,pg_bytea,7,03-01-02-01-02-01-07_r07.wav,399494,0.010024,1,
write,write,,,audio_small,polyglot,7,03-01-02-01-02-01-07_r07.wav,399494,0.003985,1,
write,write,,,audio_small,polyglot,7,03-01-02-01-02-01-11_r07.wav,375720,0.004266,1,
write,write,,,audio_small,mongo_gridfs,7,03-01-02-01-02-01-11_r07.wav,375720,0.004148,1,
write,write,,,audio_small,pg_bytea,7,03-01-02-01-02-01-11_r07.wav,375720,0.011383,1,
write,write,,,audio_small,polyglot,7,03-01-02-01-02-01-12_r07.wav,372698,0.004044,1,
write,write,,,audio_small,pg_bytea,7,03-01-02-01-02-01-12_r07.wav,372698,0.012543,1,
write,write,,,audio_small,mongo_gridfs,7,03-01-02-01-02-01-12_r07.wav,372698,0.004674,1,
write,write,,,audio_small,pg_bytea,7,03-01-02-01-02-01-13_r07.wav,379106,0.011742,1,
write,write,,,audio_small,polyglot,7,03-01-02-01-02-01-13_r07.wav,379106,0.006013,1,
write,write,,,audio_small,mongo_gridfs,7,03-01-02-01-02-01-13_r07.wav,379106,0.005343,1,
write,write,,,audio_small,polyglot,7,03-01-02-02-01-01-05_r07.wav,363108,0.004273,1,
write,write,,,audio_small,mongo_gridfs,7,03-01-02-02-01-01-05_r07.wav,363108,0.004165,1,
write,write,,,audio_small,pg_bytea,7,03-01-02-02-01-01-05_r07.wav,363108,0.011414,1,
write,write,,,audio_small,mongo_gridfs,7,03-01-02-02-01-01-11_r07.wav,363108,0.005758,1,
write,write,,,audio_small,polyglot,7,03-01-02-02-01-01-11_r07.wav,363108,0.004721,1,
write,write,,,audio_small,pg_bytea,7,03-01-02-02-01-01-11_r07.wav,363108,0.018373,1,
write,write,,,audio_small,pg_bytea,7,03-01-02-02-01-01-12_r07.wav,399494,0.017175,1,
write,write,,,audio_small,mongo_gridfs,7,03-01-02-02-01-01-12_r07.wav,399494,0.006223,1,
write,write,,,audio_small,polyglot,7,03-01-02-02-01-01-12_r07.wav,399494,0.005335,1,
write,write,,,audio_small,pg_bytea,7,03-01-02-02-01-01-13_r07.wav,399494,0.011956,1,
write,write,,,audio_small,mongo_gridfs,7,03-01-02-02-01-01-13_r07.wav,399494,0.005207,1,
write,write,,,audio_small,polyglot,7,03-01-02-02-01-01-13_r07.wav,399494,0.005092,1,
write,write,,,audio_small,mongo_gridfs,7,03-01-02-02-02-01-19_r07.wav,379106,0.005245,1,
write,write,,,audio_small,polyglot,7,03-01-02-02-02-01-19_r07.wav,379106,0.004797,1,
write,write,,,audio_small,pg_bytea,7,03-01-02-02-02-01-19_r07.wav,379106,0.010471,1,
write,write,,,audio_small,polyglot,7,03-01-03-01-01-02-05_r07.wav,396294,0.005123,1,
write,write,,,audio_small,mongo_gridfs,7,03-01-03-01-01-02-05_r07.wav,396294,0.004464,1,
write,write,,,audio_small,pg_bytea,7,03-01-03-01-01-02-05_r07.wav,396294,0.013990,1,
write,write,,,audio_small,mongo_gridfs,7,03-01-03-01-01-02-07_r07.wav,393086,0.004969,1,
write,write,,,audio_small,pg_bytea,7,03-01-03-01-01-02-07_r07.wav,393086,0.010872,1,
write,write,,,audio_small,polyglot,7,03-01-03-01-01-02-07_r07.wav,393086,0.006624,1,
write,write,,,audio_small,polyglot,7,03-01-03-01-01-02-12_r07.wav,399494,0.005098,1,
write,write,,,audio_small,mongo_gridfs,7,03-01-03-01-01-02-12_r07.wav,399494,0.004727,1,
write,write,,,audio_small,pg_bytea,7,03-01-03-01-01-02-12_r07.wav,399494,0.011261,1,
write,write,,,audio_small,polyglot,7,03-01-03-01-01-02-13_r07.wav,399494,0.005855,1,
write,write,,,audio_small,pg_bytea,7,03-01-03-01-01-02-13_r07.wav,399494,0.010519,1,
write,write,,,audio_small,mongo_gridfs,7,03-01-03-01-01-02-13_r07.wav,399494,0.005683,1,
write,write,,,audio_small,polyglot,7,03-01-03-01-02-02-18_r07.wav,393086,0.005465,1,
write,write,,,audio_small,pg_bytea,7,03-01-03-01-02-02-18_r07.wav,393086,0.010031,1,
write,write,,,audio_small,mongo_gridfs,7,03-01-03-01-02-02-18_r07.wav,393086,0.005864,1,
write,write,,,audio_small,mongo_gridfs,7,03-01-03-01-02-02-19_r07.wav,399494,0.005612,1,
write,write,,,audio_small,polyglot,7,03-01-03-01-02-02-19_r07.wav,399494,0.005525,1,
write,write,,,audio_small,pg_bytea,7,03-01-03-01-02-02-19_r07.wav,399494,0.011003,1,
write,write,,,audio_small,mongo_gridfs,7,03-01-03-02-01-02-18_r07.wav,396294,0.006748,1,
write,write,,,audio_small,pg_bytea,7,03-01-03-02-01-02-18_r07.wav,396294,0.011629,1,
write,write,,,audio_small,polyglot,7,03-01-03-02-01-02-18_r07.wav,396294,0.006518,1,
write,write,,,audio_small,polyglot,7,03-01-03-02-01-02-19_r07.wav,372698,0.008363,1,
write,write,,,audio_small,mongo_gridfs,7,03-01-03-02-01-02-19_r07.wav,372698,0.004650,1,
write,write,,,audio_small,pg_bytea,7,03-01-03-02-01-02-19_r07.wav,372698,0.010057,1,
write,write,,,audio_small,mongo_gridfs,7,03-01-03-02-02-02-04_r07.wav,379106,0.004575,1,
write,write,,,audio_small,pg_bytea,7,03-01-03-02-02-02-04_r07.wav,379106,0.009358,1,
write,write,,,audio_small,polyglot,7,03-01-03-02-02-02-04_r07.wav,379106,0.005827,1,
write,write,,,audio_small,mongo_gridfs,7,03-01-03-02-02-02-06_r07.wav,399494,0.005359,1,
write,write,,,audio_small,pg_bytea,7,03-01-03-02-02-02-06_r07.wav,399494,0.010842,1,
write,write,,,audio_small,polyglot,7,03-01-03-02-02-02-06_r07.wav,399494,0.004997,1,
write,write,,,audio_small,pg_bytea,7,03-01-03-02-02-02-07_r07.wav,393086,0.011843,1,
write,write,,,audio_small,polyglot,7,03-01-03-02-02-02-07_r07.wav,393086,0.005847,1,
write,write,,,audio_small,mongo_gridfs,7,03-01-03-02-02-02-07_r07.wav,393086,0.005265,1,
write,write,,,audio_small,pg_bytea,7,03-01-03-02-02-02-10_r07.wav,375720,0.011757,1,
write,write,,,audio_small,polyglot,7,03-01-03-02-02-02-10_r07.wav,375720,0.006038,1,
write,write,,,audio_small,mongo_gridfs,7,03-01-03-02-02-02-10_r07.wav,375720,0.004217,1,
write,write,,,audio_small,polyglot,7,03-01-03-02-02-02-11_r07.wav,396294,0.005824,1,
write,write,,,audio_small,mongo_gridfs,7,03-01-03-02-02-02-11_r07.wav,396294,0.005116,1,
write,write,,,audio_small,pg_bytea,7,03-01-03-02-02-02-11_r07.wav,396294,0.012661,1,
write,write,,,audio_small,polyglot,7,03-01-03-02-02-02-13_r07.wav,399494,0.005321,1,
write,write,,,audio_small,mongo_gridfs,7,03-01-03-02-02-02-13_r07.wav,399494,0.004778,1,
write,write,,,audio_small,pg_bytea,7,03-01-03-02-02-02-13_r07.wav,399494,0.010041,1,
write,write,,,audio_small,polyglot,7,03-01-04-01-01-02-01_r07.wav,396294,0.005686,1,
write,write,,,audio_small,pg_bytea,7,03-01-04-01-01-02-01_r07.wav,396294,0.010830,1,
write,write,,,audio_small,mongo_gridfs,7,03-01-04-01-01-02-01_r07.wav,396294,0.006131,1,
write,write,,,audio_small,pg_bytea,7,03-01-04-01-01-02-02_r07.wav,379106,0.014989,1,
write,write,,,audio_small,polyglot,7,03-01-04-01-01-02-02_r07.wav,379106,0.007277,1,
write,write,,,audio_small,mongo_gridfs,7,03-01-04-01-01-02-02_r07.wav,379106,0.006587,1,
write,write,,,audio_small,pg_bytea,7,03-01-04-01-01-02-16_r07.wav,379106,0.011461,1,
write,write,,,audio_small,polyglot,7,03-01-04-01-01-02-16_r07.wav,379106,0.005203,1,
write,write,,,audio_small,mongo_gridfs,7,03-01-04-01-01-02-16_r07.wav,379106,0.004741,1,
write,write,,,audio_small,mongo_gridfs,7,03-01-04-01-02-02-08_r07.wav,372698,0.004647,1,
write,write,,,audio_small,polyglot,7,03-01-04-01-02-02-08_r07.wav,372698,0.006846,1,
write,write,,,audio_small,pg_bytea,7,03-01-04-01-02-02-08_r07.wav,372698,0.010115,1,
write,write,,,audio_small,polyglot,7,03-01-04-01-02-02-09_r07.wav,363108,0.008396,1,
write,write,,,audio_small,mongo_gridfs,7,03-01-04-01-02-02-09_r07.wav,363108,0.005787,1,
write,write,,,audio_small,pg_bytea,7,03-01-04-01-02-02-09_r07.wav,363108,0.012472,1,
write,write,,,audio_small,mongo_gridfs,7,03-01-04-01-02-02-20_r07.wav,396294,0.005954,1,
write,write,,,audio_small,pg_bytea,7,03-01-04-01-02-02-20_r07.wav,396294,0.011340,1,
write,write,,,audio_small,polyglot,7,03-01-04-01-02-02-20_r07.wav,396294,0.005824,1,
write,write,,,audio_small,polyglot,7,03-01-04-01-02-02-21_r07.wav,363108,0.004885,1,
write,write,,,audio_small,mongo_gridfs,7,03-01-04-01-02-02-21_r07.wav,363108,0.004857,1,
write,write,,,audio_small,pg_bytea,7,03-01-04-01-02-02-21_r07.wav,363108,0.013232,1,
write,write,,,audio_small,pg_bytea,7,03-01-04-01-02-02-22_r07.wav,372698,0.011862,1,
write,write,,,audio_small,polyglot,7,03-01-04-01-02-02-22_r07.wav,372698,0.006019,1,
write,write,,,audio_small,mongo_gridfs,7,03-01-04-01-02-02-22_r07.wav,372698,0.005119,1,
write,write,,,audio_small,pg_bytea,7,03-01-04-01-02-02-23_r07.wav,363108,0.009946,1,
write,write,,,audio_small,mongo_gridfs,7,03-01-04-01-02-02-23_r07.wav,363108,0.005894,1,
write,write,,,audio_small,polyglot,7,03-01-04-01-02-02-23_r07.wav,363108,0.005299,1,
write,write,,,audio_small,mongo_gridfs,7,03-01-04-02-01-02-09_r07.wav,379106,0.005607,1,
write,write,,,audio_small,pg_bytea,7,03-01-04-02-01-02-09_r07.wav,379106,0.011050,1,
write,write,,,audio_small,polyglot,7,03-01-04-02-01-02-09_r07.wav,379106,0.006871,1,
write,write,,,audio_small,mongo_gridfs,7,03-01-04-02-01-02-20_r07.wav,379106,0.005005,1,
write,write,,,audio_small,pg_bytea,7,03-01-04-02-01-02-20_r07.wav,379106,0.009810,1,
write,write,,,audio_small,polyglot,7,03-01-04-02-01-02-20_r07.wav,379106,0.005868,1,
write,write,,,audio_small,polyglot,7,03-01-04-02-01-02-21_r07.wav,393086,0.005185,1,
write,write,,,audio_small,pg_bytea,7,03-01-04-02-01-02-21_r07.wav,393086,0.009674,1,
write,write,,,audio_small,mongo_gridfs,7,03-01-04-02-01-02-21_r07.wav,393086,0.006708,1,
write,write,,,audio_small,pg_bytea,7,03-01-04-02-01-02-22_r07.wav,379106,0.012259,1,
write,write,,,audio_small,polyglot,7,03-01-04-02-01-02-22_r07.wav,379106,0.005846,1,
write,write,,,audio_small,mongo_gridfs,7,03-01-04-02-01-02-22_r07.wav,379106,0.004851,1,
write,write,,,audio_small,pg_bytea,7,03-01-04-02-02-02-14_r07.wav,375720,0.009490,1,
write,write,,,audio_small,polyglot,7,03-01-04-02-02-02-14_r07.wav,375720,0.006462,1,
write,write,,,audio_small,mongo_gridfs,7,03-01-04-02-02-02-14_r07.wav,375720,0.005109,1,
write,write,,,audio_small,pg_bytea,7,03-01-04-02-02-02-15_r07.wav,379106,0.011933,1,
write,write,,,audio_small,polyglot,7,03-01-04-02-02-02-15_r07.wav,379106,0.005958,1,
write,write,,,audio_small,mongo_gridfs,7,03-01-04-02-02-02-15_r07.wav,379106,0.004400,1,
write,write,,,audio_small,mongo_gridfs,7,03-01-04-02-02-02-16_r07.wav,375720,0.018683,1,
write,write,,,audio_small,polyglot,7,03-01-04-02-02-02-16_r07.wav,375720,0.017807,1,
write,write,,,audio_small,pg_bytea,7,03-01-04-02-02-02-16_r07.wav,375720,0.013364,1,
write,write,,,audio_small,mongo_gridfs,7,03-01-04-02-02-02-17_r07.wav,363108,0.006188,1,
write,write,,,audio_small,polyglot,7,03-01-04-02-02-02-17_r07.wav,363108,0.006185,1,
write,write,,,audio_small,pg_bytea,7,03-01-04-02-02-02-17_r07.wav,363108,0.012313,1,
write,write,,,audio_small,mongo_gridfs,7,03-01-05-01-01-01-09_r07.wav,393086,0.005352,1,
write,write,,,audio_small,pg_bytea,7,03-01-05-01-01-01-09_r07.wav,393086,0.010420,1,
write,write,,,audio_small,polyglot,7,03-01-05-01-01-01-09_r07.wav,393086,0.006450,1,
write,write,,,audio_small,pg_bytea,7,03-01-05-01-01-01-22_r07.wav,393086,0.010679,1,
write,write,,,audio_small,mongo_gridfs,7,03-01-05-01-01-01-22_r07.wav,393086,0.006209,1,
write,write,,,audio_small,polyglot,7,03-01-05-01-01-01-22_r07.wav,393086,0.005141,1,
write,write,,,audio_small,pg_bytea,7,03-01-05-01-02-01-02_r07.wav,372698,0.010710,1,
write,write,,,audio_small,mongo_gridfs,7,03-01-05-01-02-01-02_r07.wav,372698,0.004462,1,
write,write,,,audio_small,polyglot,7,03-01-05-01-02-01-02_r07.wav,372698,0.004671,1,
write,write,,,audio_small,pg_bytea,7,03-01-05-01-02-01-03_r07.wav,396294,0.012172,1,
write,write,,,audio_small,polyglot,7,03-01-05-01-02-01-03_r07.wav,396294,0.005775,1,
write,write,,,audio_small,mongo_gridfs,7,03-01-05-01-02-01-03_r07.wav,396294,0.005150,1,
write,write,,,audio_small,polyglot,7,03-01-05-01-02-01-15_r07.wav,363108,0.005274,1,
write,write,,,audio_small,pg_bytea,7,03-01-05-01-02-01-15_r07.wav,363108,0.009876,1,
write,write,,,audio_small,mongo_gridfs,7,03-01-05-01-02-01-15_r07.wav,363108,0.004960,1,
write,write,,,audio_small,mongo_gridfs,7,03-01-05-01-02-01-16_r07.wav,372698,0.005306,1,
write,write,,,audio_small,pg_bytea,7,03-01-05-01-02-01-16_r07.wav,372698,0.010581,1,
write,write,,,audio_small,polyglot,7,03-01-05-01-02-01-16_r07.wav,372698,0.005004,1,
write,write,,,audio_small,mongo_gridfs,7,03-01-05-01-02-01-17_r07.wav,393086,0.005063,1,
write,write,,,audio_small,pg_bytea,7,03-01-05-01-02-01-17_r07.wav,393086,0.019948,1,
write,write,,,audio_small,polyglot,7,03-01-05-01-02-01-17_r07.wav,393086,0.006822,1,
write,write,,,audio_small,polyglot,7,03-01-05-02-01-01-01_r07.wav,372698,0.006968,1,
write,write,,,audio_small,mongo_gridfs,7,03-01-05-02-01-01-01_r07.wav,372698,0.004880,1,
write,write,,,audio_small,pg_bytea,7,03-01-05-02-01-01-01_r07.wav,372698,0.011156,1,
write,write,,,audio_small,pg_bytea,7,03-01-05-02-01-01-02_r07.wav,375720,0.011927,1,
write,write,,,audio_small,mongo_gridfs,7,03-01-05-02-01-01-02_r07.wav,375720,0.007294,1,
write,write,,,audio_small,polyglot,7,03-01-05-02-01-01-02_r07.wav,375720,0.005655,1,
write,write,,,audio_small,polyglot,7,03-01-05-02-01-01-03_r07.wav,372698,0.004781,1,
write,write,,,audio_small,pg_bytea,7,03-01-05-02-01-01-03_r07.wav,372698,0.157312,1,
write,write,,,audio_small,mongo_gridfs,7,03-01-05-02-01-01-03_r07.wav,372698,0.006777,1,
write,write,,,audio_small,pg_bytea,7,03-01-05-02-01-01-15_r07.wav,396294,0.014853,1,
write,write,,,audio_small,mongo_gridfs,7,03-01-05-02-01-01-15_r07.wav,396294,0.007243,1,
write,write,,,audio_small,polyglot,7,03-01-05-02-01-01-15_r07.wav,396294,0.006650,1,
write,write,,,audio_small,mongo_gridfs,7,03-01-05-02-01-01-16_r07.wav,399494,0.004723,1,
write,write,,,audio_small,pg_bytea,7,03-01-05-02-01-01-16_r07.wav,399494,0.010550,1,
write,write,,,audio_small,polyglot,7,03-01-05-02-01-01-16_r07.wav,399494,0.005318,1,
write,write,,,audio_small,polyglot,7,03-01-05-02-01-01-17_r07.wav,363108,0.005104,1,
write,write,,,audio_small,mongo_gridfs,7,03-01-05-02-01-01-17_r07.wav,363108,0.004835,1,
write,write,,,audio_small,pg_bytea,7,03-01-05-02-01-01-17_r07.wav,363108,0.011460,1,
write,write,,,audio_small,pg_bytea,7,03-01-05-02-02-01-09_r07.wav,396294,0.011125,1,
write,write,,,audio_small,polyglot,7,03-01-05-02-02-01-09_r07.wav,396294,0.006573,1,
write,write,,,audio_small,mongo_gridfs,7,03-01-05-02-02-01-09_r07.wav,396294,0.004819,1,
write,write,,,audio_small,mongo_gridfs,7,03-01-05-02-02-01-21_r07.wav,375720,0.004591,1,
write,write,,,audio_small,polyglot,7,03-01-05-02-02-01-21_r07.wav,375720,0.004987,1,
write,write,,,audio_small,pg_bytea,7,03-01-05-02-02-01-21_r07.wav,375720,0.015805,1,
write,write,,,audio_small,mongo_gridfs,7,03-01-05-02-02-01-22_r07.wav,379106,0.005241,1,
write,write,,,audio_small,polyglot,7,03-01-05-02-02-01-22_r07.wav,379106,0.006106,1,
write,write,,,audio_small,pg_bytea,7,03-01-05-02-02-01-22_r07.wav,379106,0.012692,1,
write,write,,,audio_medium,polyglot,7,03-02-01-01-01-02-22_r07.wav,526650,0.006998,1,
write,write,,,audio_medium,pg_bytea,7,03-02-01-01-01-02-22_r07.wav,526650,0.019193,1,
write,write,,,audio_medium,mongo_gridfs,7,03-02-01-01-01-02-22_r07.wav,526650,0.007053,1,
write,write,,,audio_medium,pg_bytea,7,03-02-01-01-01-02-23_r07.wav,539464,0.016606,1,
write,write,,,audio_medium,mongo_gridfs,7,03-02-01-01-01-02-23_r07.wav,539464,0.007289,1,
write,write,,,audio_medium,polyglot,7,03-02-01-01-01-02-23_r07.wav,539464,0.007061,1,
write,write,,,audio_medium,polyglot,7,03-02-01-01-02-02-02_r07.wav,539464,0.006644,1,
write,write,,,audio_medium,pg_bytea,7,03-02-01-01-02-02-02_r07.wav,539464,0.016414,1,
write,write,,,audio_medium,mongo_gridfs,7,03-02-01-01-02-02-02_r07.wav,539464,0.008092,1,
write,write,,,audio_medium,mongo_gridfs,7,03-02-01-01-02-02-03_r07.wav,520242,0.005846,1,
write,write,,,audio_medium,pg_bytea,7,03-02-01-01-02-02-03_r07.wav,520242,0.016883,1,
write,write,,,audio_medium,polyglot,7,03-02-01-01-02-02-03_r07.wav,520242,0.007714,1,
write,write,,,audio_medium,pg_bytea,7,03-02-01-01-02-02-16_r07.wav,539464,0.019023,1,
write,write,,,audio_medium,polyglot,7,03-02-01-01-02-02-16_r07.wav,539464,0.007061,1,
write,write,,,audio_medium,mongo_gridfs,7,03-02-01-01-02-02-16_r07.wav,539464,0.005898,1,
write,write,,,audio_medium,polyglot,7,03-02-01-01-02-02-17_r07.wav,561888,0.006600,1,
write,write,,,audio_medium,pg_bytea,7,03-02-01-01-02-02-17_r07.wav,561888,0.019211,1,
write,write,,,audio_medium,mongo_gridfs,7,03-02-01-01-02-02-17_r07.wav,561888,0.006837,1,
write,write,,,audio_medium,polyglot,7,03-02-01-02-01-02-01_r07.wav,533056,0.006298,1,
write,write,,,audio_medium,mongo_gridfs,7,03-02-01-02-01-02-01_r07.wav,533056,0.005826,1,
write,write,,,audio_medium,pg_bytea,7,03-02-01-02-01-02-01_r07.wav,533056,0.013554,1,
write,write,,,audio_medium,mongo_gridfs,7,03-02-01-02-01-02-02_r07.wav,523448,0.006978,1,
write,write,,,audio_medium,pg_bytea,7,03-02-01-02-01-02-02_r07.wav,523448,0.017179,1,
write,write,,,audio_medium,polyglot,7,03-02-01-02-01-02-02_r07.wav,523448,0.007075,1,
write,write,,,audio_medium,polyglot,7,03-02-01-02-01-02-03_r07.wav,533056,0.006525,1,
write,write,,,audio_medium,mongo_gridfs,7,03-02-01-02-01-02-03_r07.wav,533056,0.007104,1,
write,write,,,audio_medium,pg_bytea,7,03-02-01-02-01-02-03_r07.wav,533056,0.016358,1,
write,write,,,audio_medium,pg_bytea,7,03-02-01-02-01-02-15_r07.wav,561882,0.016328,1,
write,write,,,audio_medium,polyglot,7,03-02-01-02-01-02-15_r07.wav,561882,0.008334,1,
write,write,,,audio_medium,mongo_gridfs,7,03-02-01-02-01-02-15_r07.wav,561882,0.006882,1,
write,write,,,audio_medium,mongo_gridfs,7,03-02-01-02-01-02-16_r07.wav,526650,0.006191,1,
write,write,,,audio_medium,pg_bytea,7,03-02-01-02-01-02-16_r07.wav,526650,0.016660,1,
write,write,,,audio_medium,polyglot,7,03-02-01-02-01-02-16_r07.wav,526650,0.007376,1,
write,write,,,audio_medium,pg_bytea,7,03-02-01-02-01-02-17_r07.wav,533056,0.017858,1,
write,write,,,audio_medium,mongo_gridfs,7,03-02-01-02-01-02-17_r07.wav,533056,0.007807,1,
write,write,,,audio_medium,polyglot,7,03-02-01-02-01-02-17_r07.wav,533056,0.007513,1,
write,write,,,audio_medium,polyglot,7,03-02-01-02-02-02-22_r07.wav,520242,0.006891,1,
write,write,,,audio_medium,pg_bytea,7,03-02-01-02-02-02-22_r07.wav,520242,0.016115,1,
write,write,,,audio_medium,mongo_gridfs,7,03-02-01-02-02-02-22_r07.wav,520242,0.007389,1,
write,write,,,audio_medium,polyglot,7,03-02-01-02-02-02-23_r07.wav,520242,0.007040,1,
write,write,,,audio_medium,mongo_gridfs,7,03-02-01-02-02-02-23_r07.wav,520242,0.005863,1,
write,write,,,audio_medium,pg_bytea,7,03-02-01-02-02-02-23_r07.wav,520242,0.017188,1,
write,write,,,audio_medium,polyglot,7,03-02-02-01-01-01-22_r07.wav,523448,0.007288,1,
write,write,,,audio_medium,pg_bytea,7,03-02-02-01-01-01-22_r07.wav,523448,0.017097,1,
write,write,,,audio_medium,mongo_gridfs,7,03-02-02-01-01-01-22_r07.wav,523448,0.007562,1,
write,write,,,audio_medium,pg_bytea,7,03-02-02-01-01-01-23_r07.wav,561888,0.016872,1,
write,write,,,audio_medium,polyglot,7,03-02-02-01-01-01-23_r07.wav,561888,0.007682,1,
write,write,,,audio_medium,mongo_gridfs,7,03-02-02-01-01-01-23_r07.wav,561888,0.006727,1,
write,write,,,audio_medium,mongo_gridfs,7,03-02-02-01-02-01-01_r07.wav,520242,0.006448,1,
write,write,,,audio_medium,pg_bytea,7,03-02-02-01-02-01-01_r07.wav,520242,0.020988,1,
write,write,,,audio_medium,polyglot,7,03-02-02-01-02-01-01_r07.wav,520242,0.007526,1,
write,write,,,audio_medium,pg_bytea,7,03-02-02-01-02-01-02_r07.wav,539464,0.017374,1,
write,write,,,audio_medium,mongo_gridfs,7,03-02-02-01-02-01-02_r07.wav,539464,0.006840,1,
write,write,,,audio_medium,polyglot,7,03-02-02-01-02-01-02_r07.wav,539464,0.006844,1,
write,write,,,audio_medium,polyglot,7,03-02-02-01-02-01-03_r07.wav,533056,0.006092,1,
write,write,,,audio_medium,pg_bytea,7,03-02-02-01-02-01-03_r07.wav,533056,0.024248,1,
write,write,,,audio_medium,mongo_gridfs,7,03-02-02-01-02-01-03_r07.wav,533056,0.011590,1,
write,write,,,audio_medium,pg_bytea,7,03-02-02-01-02-01-16_r07.wav,561882,0.020580,1,
write,write,,,audio_medium,polyglot,7,03-02-02-01-02-01-16_r07.wav,561882,0.008074,1,
write,write,,,audio_medium,mongo_gridfs,7,03-02-02-01-02-01-16_r07.wav,561882,0.006406,1,
write,write,,,audio_medium,polyglot,7,03-02-02-02-01-01-01_r07.wav,539464,0.006360,1,
write,write,,,audio_medium,pg_bytea,7,03-02-02-02-01-01-01_r07.wav,539464,0.018593,1,
write,write,,,audio_medium,mongo_gridfs,7,03-02-02-02-01-01-01_r07.wav,539464,0.010788,1,
write,write,,,audio_medium,pg_bytea,7,03-02-02-02-01-01-02_r07.wav,526650,0.018854,1,
write,write,,,audio_medium,polyglot,7,03-02-02-02-01-01-02_r07.wav,526650,0.006882,1,
write,write,,,audio_medium,mongo_gridfs,7,03-02-02-02-01-01-02_r07.wav,526650,0.006857,1,
write,write,,,audio_medium,pg_bytea,7,03-02-02-02-01-01-15_r07.wav,539464,0.017612,1,
write,write,,,audio_medium,mongo_gridfs,7,03-02-02-02-01-01-15_r07.wav,539464,0.007057,1,
write,write,,,audio_medium,polyglot,7,03-02-02-02-01-01-15_r07.wav,539464,0.006801,1,
write,write,,,audio_medium,polyglot,7,03-02-02-02-01-01-16_r07.wav,520242,0.006063,1,
write,write,,,audio_medium,pg_bytea,7,03-02-02-02-01-01-16_r07.wav,520242,0.017787,1,
write,write,,,audio_medium,mongo_gridfs,7,03-02-02-02-01-01-16_r07.wav,520242,0.006684,1,
write,write,,,audio_medium,polyglot,7,03-02-02-02-01-01-17_r07.wav,539464,0.007300,1,
write,write,,,audio_medium,pg_bytea,7,03-02-02-02-01-01-17_r07.wav,539464,0.016994,1,
write,write,,,audio_medium,mongo_gridfs,7,03-02-02-02-01-01-17_r07.wav,539464,0.008451,1,
write,write,,,audio_medium,mongo_gridfs,7,03-02-02-02-02-01-22_r07.wav,539464,0.006493,1,
write,write,,,audio_medium,pg_bytea,7,03-02-02-02-02-01-22_r07.wav,539464,0.020023,1,
write,write,,,audio_medium,polyglot,7,03-02-02-02-02-01-22_r07.wav,539464,0.007848,1,
write,write,,,audio_medium,polyglot,7,03-02-02-02-02-01-23_r07.wav,520242,0.007102,1,
write,write,,,audio_medium,pg_bytea,7,03-02-02-02-02-01-23_r07.wav,520242,0.019793,1,
write,write,,,audio_medium,mongo_gridfs,7,03-02-02-02-02-01-23_r07.wav,520242,0.007756,1,
write,write,,,audio_medium,polyglot,7,03-02-03-01-01-02-01_r07.wav,561882,0.007073,1,
write,write,,,audio_medium,mongo_gridfs,7,03-02-03-01-01-02-01_r07.wav,561882,0.008450,1,
write,write,,,audio_medium,pg_bytea,7,03-02-03-01-01-02-01_r07.wav,561882,0.028590,1,
write,write,,,audio_medium,polyglot,7,03-02-03-01-01-02-02_r07.wav,561882,0.007164,1,
write,write,,,audio_medium,mongo_gridfs,7,03-02-03-01-01-02-02_r07.wav,561882,0.006588,1,
write,write,,,audio_medium,pg_bytea,7,03-02-03-01-01-02-02_r07.wav,561882,0.019364,1,
write,write,,,audio_medium,mongo_gridfs,7,03-02-03-01-01-02-03_r07.wav,539464,0.008635,1,
write,write,,,audio_medium,polyglot,7,03-02-03-01-01-02-03_r07.wav,539464,0.007354,1,
write,write,,,audio_medium,pg_bytea,7,03-02-03-01-01-02-03_r07.wav,539464,0.017701,1,
write,write,,,audio_medium,polyglot,7,03-02-03-01-01-02-15_r07.wav,526650,0.007358,1,
write,write,,,audio_medium,pg_bytea,7,03-02-03-01-01-02-15_r07.wav,526650,0.021252,1,
write,write,,,audio_medium,mongo_gridfs,7,03-02-03-01-01-02-15_r07.wav,526650,0.007453,1,
write,write,,,audio_medium,mongo_gridfs,7,03-02-03-01-01-02-16_r07.wav,520242,0.008296,1,
write,write,,,audio_medium,polyglot,7,03-02-03-01-01-02-16_r07.wav,520242,0.006020,1,
write,write,,,audio_medium,pg_bytea,7,03-02-03-01-01-02-16_r07.wav,520242,0.018624,1,
write,write,,,audio_medium,pg_bytea,7,03-02-03-01-01-02-17_r07.wav,526650,0.017941,1,
write,write,,,audio_medium,mongo_gridfs,7,03-02-03-01-01-02-17_r07.wav,526650,0.007579,1,
write,write,,,audio_medium,polyglot,7,03-02-03-01-01-02-17_r07.wav,526650,0.006555,1,
write,write,,,audio_medium,polyglot,7,03-02-03-01-02-02-09_r07.wav,539464,0.006309,1,
write,write,,,audio_medium,pg_bytea,7,03-02-03-01-02-02-09_r07.wav,539464,0.018491,1,
write,write,,,audio_medium,mongo_gridfs,7,03-02-03-01-02-02-09_r07.wav,539464,0.007354,1,
write,write,,,audio_medium,polyglot,7,03-02-03-01-02-02-21_r07.wav,533056,0.007265,1,
write,write,,,audio_medium,pg_bytea,7,03-02-03-01-02-02-21_r07.wav,533056,0.020559,1,
write,write,,,audio_medium,mongo_gridfs,7,03-02-03-01-02-02-21_r07.wav,533056,0.009323,1,
write,write,,,audio_medium,polyglot,7,03-02-03-01-02-02-22_r07.wav,561888,0.007050,1,
write,write,,,audio_medium,mongo_gridfs,7,03-02-03-01-02-02-22_r07.wav,561888,0.006678,1,
write,write,,,audio_medium,pg_bytea,7,03-02-03-01-02-02-22_r07.wav,561888,0.015925,1,
write,write,,,audio_medium,mongo_gridfs,7,03-02-03-01-02-02-23_r07.wav,539464,0.006772,1,
write,write,,,audio_medium,polyglot,7,03-02-03-01-02-02-23_r07.wav,539464,0.006343,1,
write,write,,,audio_medium,pg_bytea,7,03-02-03-01-02-02-23_r07.wav,539464,0.020604,1,
write,write,,,audio_medium,polyglot,7,03-02-03-02-01-02-09_r07.wav,561882,0.007154,1,
write,write,,,audio_medium,mongo_gridfs,7,03-02-03-02-01-02-09_r07.wav,561882,0.008848,1,
write,write,,,audio_medium,pg_bytea,7,03-02-03-02-01-02-09_r07.wav,561882,0.016078,1,
write,write,,,audio_medium,polyglot,7,03-02-03-02-01-02-21_r07.wav,539464,0.007143,1,
write,write,,,audio_medium,mongo_gridfs,7,03-02-03-02-01-02-21_r07.wav,539464,0.005799,1,
write,write,,,audio_medium,pg_bytea,7,03-02-03-02-01-02-21_r07.wav,539464,0.018414,1,
write,write,,,audio_medium,polyglot,7,03-02-03-02-01-02-22_r07.wav,526650,0.006903,1,
write,write,,,audio_medium,pg_bytea,7,03-02-03-02-01-02-22_r07.wav,526650,0.015832,1,
write,write,,,audio_medium,mongo_gridfs,7,03-02-03-02-01-02-22_r07.wav,526650,0.006139,1,
write,write,,,audio_medium,polyglot,7,03-02-03-02-01-02-23_r07.wav,561888,0.006769,1,
write,write,,,audio_medium,mongo_gridfs,7,03-02-03-02-01-02-23_r07.wav,561888,0.007219,1,
write,write,,,audio_medium,pg_bytea,7,03-02-03-02-01-02-23_r07.wav,561888,0.017586,1,
write,write,,,audio_medium,polyglot,7,03-02-03-02-02-02-01_r07.wav,561882,0.007920,1,
write,write,,,audio_medium,pg_bytea,7,03-02-03-02-02-02-01_r07.wav,561882,0.016890,1,
write,write,,,audio_medium,mongo_gridfs,7,03-02-03-02-02-02-01_r07.wav,561882,0.008231,1,
write,write,,,audio_medium,pg_bytea,7,03-02-03-02-02-02-02_r07.wav,523448,0.018267,1,
write,write,,,audio_medium,polyglot,7,03-02-03-02-02-02-02_r07.wav,523448,0.008770,1,
write,write,,,audio_medium,mongo_gridfs,7,03-02-03-02-02-02-02_r07.wav,523448,0.006023,1,
write,write,,,audio_medium,pg_bytea,7,03-02-03-02-02-02-03_r07.wav,561888,0.019316,1,
write,write,,,audio_medium,mongo_gridfs,7,03-02-03-02-02-02-03_r07.wav,561888,0.007149,1,
write,write,,,audio_medium,polyglot,7,03-02-03-02-02-02-03_r07.wav,561888,0.007304,1,
write,write,,,audio_medium,polyglot,7,03-02-03-02-02-02-15_r07.wav,523448,0.006531,1,
write,write,,,audio_medium,pg_bytea,7,03-02-03-02-02-02-15_r07.wav,523448,0.015415,1,
write,write,,,audio_medium,mongo_gridfs,7,03-02-03-02-02-02-15_r07.wav,523448,0.008637,1,
write,write,,,audio_medium,polyglot,7,03-02-03-02-02-02-16_r07.wav,561882,0.008643,1,
write,write,,,audio_medium,mongo_gridfs,7,03-02-03-02-02-02-16_r07.wav,561882,0.006802,1,
write,write,,,audio_medium,pg_bytea,7,03-02-03-02-02-02-16_r07.wav,561882,0.023564,1,
write,write,,,audio_medium,pg_bytea,7,03-02-03-02-02-02-17_r07.wav,523448,0.014234,1,
write,write,,,audio_medium,polyglot,7,03-02-03-02-02-02-17_r07.wav,523448,0.008997,1,
write,write,,,audio_medium,mongo_gridfs,7,03-02-03-02-02-02-17_r07.wav,523448,0.006465,1,
write,write,,,audio_medium,mongo_gridfs,7,03-02-04-01-01-02-05_r07.wav,561882,0.007150,1,
write,write,,,audio_medium,polyglot,7,03-02-04-01-01-02-05_r07.wav,561882,0.007121,1,
write,write,,,audio_medium,pg_bytea,7,03-02-04-01-01-02-05_r07.wav,561882,0.014653,1,
write,write,,,audio_medium,pg_bytea,7,03-02-04-01-01-02-06_r07.wav,526650,0.015768,1,
write,write,,,audio_medium,polyglot,7,03-02-04-01-01-02-06_r07.wav,526650,0.008053,1,
write,write,,,audio_medium,mongo_gridfs,7,03-02-04-01-01-02-06_r07.wav,526650,0.006670,1,
write,write,,,audio_medium,mongo_gridfs,7,03-02-04-01-01-02-07_r07.wav,523448,0.006284,1,
write,write,,,audio_medium,polyglot,7,03-02-04-01-01-02-07_r07.wav,523448,0.006124,1,
write,write,,,audio_medium,pg_bytea,7,03-02-04-01-01-02-07_r07.wav,523448,0.014333,1,
write,write,,,audio_medium,polyglot,7,03-02-04-01-01-02-11_r07.wav,539464,0.007681,1,
write,write,,,audio_medium,mongo_gridfs,7,03-02-04-01-01-02-11_r07.wav,539464,0.006635,1,
write,write,,,audio_medium,pg_bytea,7,03-02-04-01-01-02-11_r07.wav,539464,0.014561,1,
write,write,,,audio_medium,pg_bytea,7,03-02-04-01-01-02-12_r07.wav,523448,0.013331,1,
write,write,,,audio_medium,mongo_gridfs,7,03-02-04-01-01-02-12_r07.wav,523448,0.007082,1,
write,write,,,audio_medium,polyglot,7,03-02-04-01-01-02-12_r07.wav,523448,0.006039,1,
write,write,,,audio_medium,polyglot,7,03-02-04-01-01-02-13_r07.wav,539464,0.007121,1,
write,write,,,audio_medium,pg_bytea,7,03-02-04-01-01-02-13_r07.wav,539464,0.017699,1,
write,write,,,audio_medium,mongo_gridfs,7,03-02-04-01-01-02-13_r07.wav,539464,0.009024,1,
write,write,,,audio_medium,pg_bytea,7,03-02-04-01-02-02-19_r07.wav,561888,0.016102,1,
write,write,,,audio_medium,polyglot,7,03-02-04-01-02-02-19_r07.wav,561888,0.007980,1,
write,write,,,audio_medium,mongo_gridfs,7,03-02-04-01-02-02-19_r07.wav,561888,0.007182,1,
write,write,,,audio_medium,mongo_gridfs,7,03-02-04-02-02-02-05_r07.wav,526650,0.008809,1,
write,write,,,audio_medium,polyglot,7,03-02-04-02-02-02-05_r07.wav,526650,0.006615,1,
write,write,,,audio_medium,pg_bytea,7,03-02-04-02-02-02-05_r07.wav,526650,0.013749,1,
write,write,,,audio_medium,mongo_gridfs,7,03-02-04-02-02-02-06_r07.wav,526650,0.007057,1,
write,write,,,audio_medium,polyglot,7,03-02-04-02-02-02-06_r07.wav,526650,0.006907,1,
write,write,,,audio_medium,pg_bytea,7,03-02-04-02-02-02-06_r07.wav,526650,0.013707,1,
write,write,,,audio_medium,mongo_gridfs,7,03-02-04-02-02-02-07_r07.wav,561888,0.007340,1,
write,write,,,audio_medium,pg_bytea,7,03-02-04-02-02-02-07_r07.wav,561888,0.015170,1,
write,write,,,audio_medium,polyglot,7,03-02-04-02-02-02-07_r07.wav,561888,0.007523,1,
write,write,,,audio_medium,pg_bytea,7,03-02-04-02-02-02-11_r07.wav,561888,0.016738,1,
write,write,,,audio_medium,polyglot,7,03-02-04-02-02-02-11_r07.wav,561888,0.008815,1,
write,write,,,audio_medium,mongo_gridfs,7,03-02-04-02-02-02-11_r07.wav,561888,0.009483,1,
write,write,,,audio_medium,pg_bytea,7,03-02-04-02-02-02-12_r07.wav,523448,0.013765,1,
write,write,,,audio_medium,mongo_gridfs,7,03-02-04-02-02-02-12_r07.wav,523448,0.008506,1,
write,write,,,audio_medium,polyglot,7,03-02-04-02-02-02-12_r07.wav,523448,0.007507,1,
write,write,,,audio_medium,pg_bytea,7,03-02-04-02-02-02-13_r07.wav,533056,0.014014,1,
write,write,,,audio_medium,mongo_gridfs,7,03-02-04-02-02-02-13_r07.wav,533056,0.008643,1,
write,write,,,audio_medium,polyglot,7,03-02-04-02-02-02-13_r07.wav,533056,0.009164,1,
write,write,,,audio_medium,pg_bytea,7,03-02-05-01-02-01-06_r07.wav,561882,0.015271,1,
write,write,,,audio_medium,polyglot,7,03-02-05-01-02-01-06_r07.wav,561882,0.007569,1,
write,write,,,audio_medium,mongo_gridfs,7,03-02-05-01-02-01-06_r07.wav,561882,0.006183,1,
write,write,,,audio_medium,polyglot,7,03-02-05-01-02-01-07_r07.wav,520242,0.006341,1,
write,write,,,audio_medium,pg_bytea,7,03-02-05-01-02-01-07_r07.wav,520242,0.013725,1,
write,write,,,audio_medium,mongo_gridfs,7,03-02-05-01-02-01-07_r07.wav,520242,0.006567,1,
write,write,,,audio_medium,mongo_gridfs,7,03-02-05-01-02-01-12_r07.wav,520242,0.005716,1,
write,write,,,audio_medium,pg_bytea,7,03-02-05-01-02-01-12_r07.wav,520242,0.016541,1,
write,write,,,audio_medium,polyglot,7,03-02-05-01-02-01-12_r07.wav,520242,0.008653,1,
write,write,,,audio_medium,pg_bytea,7,03-02-05-01-02-01-13_r07.wav,561888,0.015791,1,
write,write,,,audio_medium,mongo_gridfs,7,03-02-05-01-02-01-13_r07.wav,561888,0.008321,1,
write,write,,,audio_medium,polyglot,7,03-02-05-01-02-01-13_r07.wav,561888,0.007028,1,
write,write,,,audio_medium,polyglot,7,03-02-05-02-01-01-05_r07.wav,539464,0.006676,1,
write,write,,,audio_medium,pg_bytea,7,03-02-05-02-01-01-05_r07.wav,539464,0.016404,1,
write,write,,,audio_medium,mongo_gridfs,7,03-02-05-02-01-01-05_r07.wav,539464,0.013994,1,
write,write,,,audio_medium,pg_bytea,7,03-02-05-02-01-01-06_r07.wav,561888,0.016525,1,
write,write,,,audio_medium,polyglot,7,03-02-05-02-01-01-06_r07.wav,561888,0.009035,1,
write,write,,,audio_medium,mongo_gridfs,7,03-02-05-02-01-01-06_r07.wav,561888,0.007798,1,
write,write,,,audio_medium,mongo_gridfs,7,03-02-05-02-01-01-07_r07.wav,533056,0.006873,1,
write,write,,,audio_medium,pg_bytea,7,03-02-05-02-01-01-07_r07.wav,533056,0.015421,1,
write,write,,,audio_medium,polyglot,7,03-02-05-02-01-01-07_r07.wav,533056,0.007859,1,
write,write,,,audio_medium,pg_bytea,7,03-02-05-02-01-01-11_r07.wav,561888,0.014845,1,
write,write,,,audio_medium,mongo_gridfs,7,03-02-05-02-01-01-11_r07.wav,561888,0.008014,1,
write,write,,,audio_medium,polyglot,7,03-02-05-02-01-01-11_r07.wav,561888,0.008466,1,
write,write,,,audio_medium,polyglot,7,03-02-05-02-01-01-12_r07.wav,533056,0.006858,1,
write,write,,,audio_medium,pg_bytea,7,03-02-05-02-01-01-12_r07.wav,533056,0.014215,1,
write,write,,,audio_medium,mongo_gridfs,7,03-02-05-02-01-01-12_r07.wav,533056,0.007605,1,
write,write,,,audio_medium,polyglot,7,03-02-05-02-01-01-13_r07.wav,526650,0.006904,1,
write,write,,,audio_medium,pg_bytea,7,03-02-05-02-01-01-13_r07.wav,526650,0.014920,1,
write,write,,,audio_medium,mongo_gridfs,7,03-02-05-02-01-01-13_r07.wav,526650,0.008456,1,
write,write,,,video_small,pg_bytea,7,01-01-01-01-01-01-22_r07.mp4,5457041,0.160721,1,
write,write,,,video_small,mongo_gridfs,7,01-01-01-01-01-01-22_r07.mp4,5457041,0.042796,1,
write,write,,,video_small,polyglot,7,01-01-01-01-01-01-22_r07.mp4,5457041,0.056358,1,
write,write,,,video_small,polyglot,7,01-01-01-01-01-02-01_r07.mp4,5457041,0.045894,1,
write,write,,,video_small,mongo_gridfs,7,01-01-01-01-01-02-01_r07.mp4,5457041,0.066535,1,
write,write,,,video_small,pg_bytea,7,01-01-01-01-01-02-01_r07.mp4,5457041,0.141191,1,
write,write,,,video_small,mongo_gridfs,7,01-01-01-01-01-02-15_r07.mp4,5457041,0.046898,1,
write,write,,,video_small,pg_bytea,7,01-01-01-01-01-02-15_r07.mp4,5457041,0.138533,1,
write,write,,,video_small,polyglot,7,01-01-01-01-01-02-15_r07.mp4,5457041,0.045988,1,
write,write,,,video_small,mongo_gridfs,7,01-01-01-01-02-01-06_r07.mp4,5457041,0.047016,1,
write,write,,,video_small,pg_bytea,7,01-01-01-01-02-01-06_r07.mp4,5457041,0.139728,1,
write,write,,,video_small,polyglot,7,01-01-01-01-02-01-06_r07.mp4,5457041,0.049797,1,
write,write,,,video_small,mongo_gridfs,7,01-01-01-01-02-01-13_r07.mp4,5457041,0.048842,1,
write,write,,,video_small,polyglot,7,01-01-01-01-02-01-13_r07.mp4,5457041,0.057466,1,
write,write,,,video_small,pg_bytea,7,01-01-01-01-02-01-13_r07.mp4,5457041,0.150957,1,
write,write,,,video_small,mongo_gridfs,7,01-01-01-01-02-01-14_r07.mp4,5457041,0.053537,1,
write,write,,,video_small,polyglot,7,01-01-01-01-02-01-14_r07.mp4,5457041,0.095156,1,
write,write,,,video_small,pg_bytea,7,01-01-01-01-02-01-14_r07.mp4,5457041,0.151916,1,
write,write,,,video_small,mongo_gridfs,7,01-01-01-01-02-02-09_r07.mp4,5498397,0.043270,1,
write,write,,,video_small,polyglot,7,01-01-01-01-02-02-09_r07.mp4,5498397,0.045442,1,
write,write,,,video_small,pg_bytea,7,01-01-01-01-02-02-09_r07.mp4,5498397,0.143076,1,
write,write,,,video_small,mongo_gridfs,7,01-01-01-02-01-01-01_r07.mp4,5498397,0.044587,1,
write,write,,,video_small,polyglot,7,01-01-01-02-01-01-01_r07.mp4,5498397,0.047234,1,
write,write,,,video_small,pg_bytea,7,01-01-01-02-01-01-01_r07.mp4,5498397,0.154531,1,
write,write,,,video_small,mongo_gridfs,7,01-01-01-02-01-01-05_r07.mp4,5457041,0.049686,1,
write,write,,,video_small,polyglot,7,01-01-01-02-01-01-05_r07.mp4,5457041,0.045833,1,
write,write,,,video_small,pg_bytea,7,01-01-01-02-01-01-05_r07.mp4,5457041,0.145882,1,
write,write,,,video_small,mongo_gridfs,7,01-01-01-02-01-01-15_r07.mp4,5457041,0.058079,1,
write,write,,,video_small,polyglot,7,01-01-01-02-01-01-15_r07.mp4,5457041,0.046239,1,
write,write,,,video_small,pg_bytea,7,01-01-01-02-01-01-15_r07.mp4,5457041,0.156670,1,
write,write,,,video_small,pg_bytea,7,01-01-01-02-02-01-18_r07.mp4,5457041,0.152847,1,
write,write,,,video_small,mongo_gridfs,7,01-01-01-02-02-01-18_r07.mp4,5457041,0.047540,1,
write,write,,,video_small,polyglot,7,01-01-01-02-02-01-18_r07.mp4,5457041,0.043411,1,
write,write,,,video_small,pg_bytea,7,01-01-01-02-02-01-19_r07.mp4,5457041,0.142976,1,
write,write,,,video_small,mongo_gridfs,7,01-01-01-02-02-01-19_r07.mp4,5457041,0.051145,1,
write,write,,,video_small,polyglot,7,01-01-01-02-02-01-19_r07.mp4,5457041,0.056834,1,
write,write,,,video_small,pg_bytea,7,01-01-02-01-01-02-09_r07.mp4,5498397,0.148261,1,
write,write,,,video_small,mongo_gridfs,7,01-01-02-01-01-02-09_r07.mp4,5498397,0.052902,1,
write,write,,,video_small,polyglot,7,01-01-02-01-01-02-09_r07.mp4,5498397,0.045973,1,
write,write,,,video_small,mongo_gridfs,7,01-01-02-01-01-02-18_r07.mp4,5498397,0.061152,1,
write,write,,,video_small,pg_bytea,7,01-01-02-01-01-02-18_r07.mp4,5498397,0.461611,1,
write,write,,,video_small,polyglot,7,01-01-02-01-01-02-18_r07.mp4,5498397,0.044025,1,
write,write,,,video_small,mongo_gridfs,7,01-01-02-01-01-02-23_r07.mp4,5498397,0.046743,1,
write,write,,,video_small,pg_bytea,7,01-01-02-01-01-02-23_r07.mp4,5498397,0.181264,1,
write,write,,,video_small,polyglot,7,01-01-02-01-01-02-23_r07.mp4,5498397,0.048454,1,
write,write,,,video_small,pg_bytea,7,01-01-02-01-02-01-09_r07.mp4,5498397,0.169181,1,
write,write,,,video_small,mongo_gridfs,7,01-01-02-01-02-01-09_r07.mp4,5498397,0.046846,1,
write,write,,,video_small,polyglot,7,01-01-02-01-02-01-09_r07.mp4,5498397,0.047563,1,
write,write,,,video_small,mongo_gridfs,7,01-01-02-01-02-02-01_r07.mp4,5498397,0.045122,1,
write,write,,,video_small,pg_bytea,7,01-01-02-01-02-02-01_r07.mp4,5498397,0.168073,1,
write,write,,,video_small,polyglot,7,01-01-02-01-02-02-01_r07.mp4,5498397,0.049281,1,
write,write,,,video_small,pg_bytea,7,01-01-02-01-02-02-03_r07.mp4,5498397,0.157907,1,
write,write,,,video_small,mongo_gridfs,7,01-01-02-01-02-02-03_r07.mp4,5498397,0.057745,1,
write,write,,,video_small,polyglot,7,01-01-02-01-02-02-03_r07.mp4,5498397,0.046828,1,
write,write,,,video_small,pg_bytea,7,01-01-02-02-01-02-02_r07.mp4,5498397,0.188031,1,
write,write,,,video_small,polyglot,7,01-01-02-02-01-02-02_r07.mp4,5498397,0.041470,1,
write,write,,,video_small,mongo_gridfs,7,01-01-02-02-01-02-02_r07.mp4,5498397,0.039825,1,
write,write,,,video_small,pg_bytea,7,01-01-02-02-01-02-03_r07.mp4,5498397,0.144915,1,
write,write,,,video_small,polyglot,7,01-01-02-02-01-02-03_r07.mp4,5498397,0.043420,1,
write,write,,,video_small,mongo_gridfs,7,01-01-02-02-01-02-03_r07.mp4,5498397,0.045058,1,
write,write,,,video_small,polyglot,7,01-01-02-02-01-02-05_r07.mp4,5498397,0.047287,1,
write,write,,,video_small,pg_bytea,7,01-01-02-02-01-02-05_r07.mp4,5498397,0.138569,1,
write,write,,,video_small,mongo_gridfs,7,01-01-02-02-01-02-05_r07.mp4,5498397,0.057128,1,
write,write,,,video_small,pg_bytea,7,01-01-02-02-01-02-10_r07.mp4,5457041,0.145048,1,
write,write,,,video_small,mongo_gridfs,7,01-01-02-02-01-02-10_r07.mp4,5457041,0.049852,1,
write,write,,,video_small,polyglot,7,01-01-02-02-01-02-10_r07.mp4,5457041,0.043428,1,
write,write,,,video_small,pg_bytea,7,01-01-02-02-01-02-13_r07.mp4,5457041,0.149120,1,
write,write,,,video_small,mongo_gridfs,7,01-01-02-02-01-02-13_r07.mp4,5457041,0.042586,1,
write,write,,,video_small,polyglot,7,01-01-02-02-01-02-13_r07.mp4,5457041,0.042818,1,
write,write,,,video_small,mongo_gridfs,7,01-01-02-02-01-02-17_r07.mp4,5457041,0.048257,1,
write,write,,,video_small,pg_bytea,7,01-01-02-02-01-02-17_r07.mp4,5457041,0.143221,1,
write,write,,,video_small,polyglot,7,01-01-02-02-01-02-17_r07.mp4,5457041,0.046022,1,
write,write,,,video_small,mongo_gridfs,7,01-01-02-02-02-02-18_r07.mp4,5457041,0.069399,1,
write,write,,,video_small,pg_bytea,7,01-01-02-02-02-02-18_r07.mp4,5457041,0.138851,1,
write,write,,,video_small,polyglot,7,01-01-02-02-02-02-18_r07.mp4,5457041,0.044953,1,
write,write,,,video_small,polyglot,7,01-01-02-02-02-02-19_r07.mp4,5457041,0.054976,1,
write,write,,,video_small,pg_bytea,7,01-01-02-02-02-02-19_r07.mp4,5457041,0.141654,1,
write,write,,,video_small,mongo_gridfs,7,01-01-02-02-02-02-19_r07.mp4,5457041,0.042265,1,
write,write,,,video_small,mongo_gridfs,7,01-01-02-02-02-02-21_r07.mp4,5498397,0.042952,1,
write,write,,,video_small,polyglot,7,01-01-02-02-02-02-21_r07.mp4,5498397,0.045012,1,
write,write,,,video_small,pg_bytea,7,01-01-02-02-02-02-21_r07.mp4,5498397,0.153845,1,
write,write,,,video_small,pg_bytea,7,01-01-02-02-02-02-22_r07.mp4,5457041,0.155631,1,
write,write,,,video_small,mongo_gridfs,7,01-01-02-02-02-02-22_r07.mp4,5457041,1.920470,1,
write,write,,,video_small,polyglot,7,01-01-02-02-02-02-22_r07.mp4,5457041,0.113192,1,
write,write,,,video_small,mongo_gridfs,7,01-01-02-02-02-02-23_r07.mp4,5457041,0.048462,1,
write,write,,,video_small,polyglot,7,01-01-02-02-02-02-23_r07.mp4,5457041,0.045502,1,
write,write,,,video_small,pg_bytea,7,01-01-02-02-02-02-23_r07.mp4,5457041,0.138873,1,
write,write,,,video_small,pg_bytea,7,01-01-03-01-01-01-12_r07.mp4,5457041,0.145631,1,
write,write,,,video_small,polyglot,7,01-01-03-01-01-01-12_r07.mp4,5457041,0.043007,1,
write,write,,,video_small,mongo_gridfs,7,01-01-03-01-01-01-12_r07.mp4,5457041,0.066955,1,
write,write,,,video_small,mongo_gridfs,7,01-01-03-01-01-01-15_r07.mp4,5457041,0.044344,1,
write,write,,,video_small,pg_bytea,7,01-01-03-01-01-01-15_r07.mp4,5457041,0.150974,1,
write,write,,,video_small,polyglot,7,01-01-03-01-01-01-15_r07.mp4,5457041,0.044150,1,
write,write,,,video_small,mongo_gridfs,7,01-01-03-01-02-01-08_r07.mp4,5498397,0.048627,1,
write,write,,,video_small,pg_bytea,7,01-01-03-01-02-01-08_r07.mp4,5498397,0.227979,1,
write,write,,,video_small,polyglot,7,01-01-03-01-02-01-08_r07.mp4,5498397,0.050855,1,
write,write,,,video_small,pg_bytea,7,01-01-03-01-02-01-21_r07.mp4,5498397,0.171711,1,
write,write,,,video_small,polyglot,7,01-01-03-01-02-01-21_r07.mp4,5498397,0.048194,1,
write,write,,,video_small,mongo_gridfs,7,01-01-03-01-02-01-21_r07.mp4,5498397,0.111799,1,
write,write,,,video_small,pg_bytea,7,01-01-03-02-01-01-21_r07.mp4,5457041,0.147180,1,
write,write,,,video_small,mongo_gridfs,7,01-01-03-02-01-01-21_r07.mp4,5457041,0.051081,1,
write,write,,,video_small,polyglot,7,01-01-03-02-01-01-21_r07.mp4,5457041,0.055391,1,
write,write,,,video_small,mongo_gridfs,7,01-01-03-02-01-01-24_r07.mp4,5457041,0.053773,1,
write,write,,,video_small,polyglot,7,01-01-03-02-01-01-24_r07.mp4,5457041,0.063826,1,
write,write,,,video_small,pg_bytea,7,01-01-03-02-01-01-24_r07.mp4,5457041,2.193588,1,
write,write,,,video_small,mongo_gridfs,7,01-01-03-02-01-02-01_r07.mp4,5457041,0.052872,1,
write,write,,,video_small,polyglot,7,01-01-03-02-01-02-01_r07.mp4,5457041,0.048217,1,
write,write,,,video_small,pg_bytea,7,01-01-03-02-01-02-01_r07.mp4,5457041,0.144334,1,
write,write,,,video_small,polyglot,7,01-01-03-02-01-02-15_r07.mp4,5457041,0.044658,1,
write,write,,,video_small,mongo_gridfs,7,01-01-03-02-01-02-15_r07.mp4,5457041,0.041663,1,
write,write,,,video_small,pg_bytea,7,01-01-03-02-01-02-15_r07.mp4,5457041,0.138244,1,
write,write,,,video_small,polyglot,7,01-01-03-02-02-01-05_r07.mp4,5457041,0.043571,1,
write,write,,,video_small,mongo_gridfs,7,01-01-03-02-02-01-05_r07.mp4,5457041,0.042485,1,
write,write,,,video_small,pg_bytea,7,01-01-03-02-02-01-05_r07.mp4,5457041,0.140268,1,
write,write,,,video_small,mongo_gridfs,7,01-01-03-02-02-01-12_r07.mp4,5457041,0.042551,1,
write,write,,,video_small,pg_bytea,7,01-01-03-02-02-01-12_r07.mp4,5457041,0.138417,1,
write,write,,,video_small,polyglot,7,01-01-03-02-02-01-12_r07.mp4,5457041,0.043627,1,
write,write,,,video_small,pg_bytea,7,01-01-03-02-02-01-15_r07.mp4,5498397,0.140674,1,
write,write,,,video_small,mongo_gridfs,7,01-01-03-02-02-01-15_r07.mp4,5498397,0.042864,1,
write,write,,,video_small,polyglot,7,01-01-03-02-02-01-15_r07.mp4,5498397,0.051402,1,
write,write,,,video_small,polyglot,7,01-01-04-01-01-01-03_r07.mp4,5457041,0.045827,1,
write,write,,,video_small,pg_bytea,7,01-01-04-01-01-01-03_r07.mp4,5457041,0.139725,1,
write,write,,,video_small,mongo_gridfs,7,01-01-04-01-01-01-03_r07.mp4,5457041,0.043086,1,
write,write,,,video_small,polyglot,7,01-01-04-01-01-01-05_r07.mp4,5498397,0.051406,1,
write,write,,,video_small,pg_bytea,7,01-01-04-01-01-01-05_r07.mp4,5498397,0.138225,1,
write,write,,,video_small,mongo_gridfs,7,01-01-04-01-01-01-05_r07.mp4,5498397,0.046979,1,
write,write,,,video_small,mongo_gridfs,7,01-01-04-01-01-01-10_r07.mp4,5457041,0.044382,1,
write,write,,,video_small,pg_bytea,7,01-01-04-01-01-01-10_r07.mp4,5457041,0.138080,1,
write,write,,,video_small,polyglot,7,01-01-04-01-01-01-10_r07.mp4,5457041,0.050700,1,
write,write,,,video_small,pg_bytea,7,01-01-04-01-01-01-16_r07.mp4,5457041,0.128972,1,
write,write,,,video_small,mongo_gridfs,7,01-01-04-01-01-01-16_r07.mp4,5457041,1.979424,1,
write,write,,,video_small,polyglot,7,01-01-04-01-01-01-16_r07.mp4,5457041,0.060259,1,
write,write,,,video_small,mongo_gridfs,7,01-01-04-01-02-01-19_r07.mp4,5498397,0.046325,1,
write,write,,,video_small,polyglot,7,01-01-04-01-02-01-19_r07.mp4,5498397,0.050159,1,
write,write,,,video_small,pg_bytea,7,01-01-04-01-02-01-19_r07.mp4,5498397,0.135152,1,
write,write,,,video_small,pg_bytea,7,01-01-04-01-02-01-21_r07.mp4,5498397,0.135397,1,
write,write,,,video_small,polyglot,7,01-01-04-01-02-01-21_r07.mp4,5498397,0.045338,1,
write,write,,,video_small,mongo_gridfs,7,01-01-04-01-02-01-21_r07.mp4,5498397,0.068642,1,
write,write,,,video_small,polyglot,7,01-01-04-01-02-01-22_r07.mp4,5498397,0.045380,1,
write,write,,,video_small,mongo_gridfs,7,01-01-04-01-02-01-22_r07.mp4,5498397,0.041597,1,
write,write,,,video_small,pg_bytea,7,01-01-04-01-02-01-22_r07.mp4,5498397,0.138358,1,
write,write,,,video_small,mongo_gridfs,7,01-01-04-02-01-01-18_r07.mp4,5498397,0.045634,1,
write,write,,,video_small,pg_bytea,7,01-01-04-02-01-01-18_r07.mp4,5498397,0.145272,1,
write,write,,,video_small,polyglot,7,01-01-04-02-01-01-18_r07.mp4,5498397,0.045964,1,
write,write,,,video_small,mongo_gridfs,7,01-01-04-02-01-01-19_r07.mp4,5457041,0.047052,1,
write,write,,,video_small,polyglot,7,01-01-04-02-01-01-19_r07.mp4,5457041,0.041875,1,
write,write,,,video_small,pg_bytea,7,01-01-04-02-01-01-19_r07.mp4,5457041,0.144144,1,
write,write,,,video_small,mongo_gridfs,7,01-01-04-02-02-01-02_r07.mp4,5498397,0.051958,1,
write,write,,,video_small,polyglot,7,01-01-04-02-02-01-02_r07.mp4,5498397,0.045220,1,
write,write,,,video_small,pg_bytea,7,01-01-04-02-02-01-02_r07.mp4,5498397,0.139912,1,
write,write,,,video_small,mongo_gridfs,7,01-01-04-02-02-01-05_r07.mp4,5498397,0.046635,1,
write,write,,,video_small,polyglot,7,01-01-04-02-02-01-05_r07.mp4,5498397,0.045603,1,
write,write,,,video_small,pg_bytea,7,01-01-04-02-02-01-05_r07.mp4,5498397,0.145249,1,
write,write,,,video_small,polyglot,7,01-01-04-02-02-01-06_r07.mp4,5498397,0.049083,1,
write,write,,,video_small,pg_bytea,7,01-01-04-02-02-01-06_r07.mp4,5498397,0.151620,1,
write,write,,,video_small,mongo_gridfs,7,01-01-04-02-02-01-06_r07.mp4,5498397,0.053067,1,
write,write,,,video_small,polyglot,7,01-01-04-02-02-01-13_r07.mp4,5498397,0.047123,1,
write,write,,,video_small,pg_bytea,7,01-01-04-02-02-01-13_r07.mp4,5498397,2.037305,1,
write,write,,,video_small,mongo_gridfs,7,01-01-04-02-02-01-13_r07.mp4,5498397,0.058843,1,
write,write,,,video_small,mongo_gridfs,7,01-01-04-02-02-01-17_r07.mp4,5498397,0.046123,1,
write,write,,,video_small,polyglot,7,01-01-04-02-02-01-17_r07.mp4,5498397,0.055593,1,
write,write,,,video_small,pg_bytea,7,01-01-04-02-02-01-17_r07.mp4,5498397,0.163416,1,
write,write,,,video_small,mongo_gridfs,7,01-01-04-02-02-02-19_r07.mp4,5498397,0.049208,1,
write,write,,,video_small,polyglot,7,01-01-04-02-02-02-19_r07.mp4,5498397,0.047108,1,
write,write,,,video_small,pg_bytea,7,01-01-04-02-02-02-19_r07.mp4,5498397,0.147024,1,
write,write,,,video_small,pg_bytea,7,01-01-05-01-01-02-09_r07.mp4,5457041,0.151901,1,
write,write,,,video_small,polyglot,7,01-01-05-01-01-02-09_r07.mp4,5457041,0.048093,1,
write,write,,,video_small,mongo_gridfs,7,01-01-05-01-01-02-09_r07.mp4,5457041,0.044467,1,
write,write,,,video_small,pg_bytea,7,01-01-05-01-01-02-19_r07.mp4,5498397,0.146785,1,
write,write,,,video_small,mongo_gridfs,7,01-01-05-01-01-02-19_r07.mp4,5498397,0.066492,1,
write,write,,,video_small,polyglot,7,01-01-05-01-01-02-19_r07.mp4,5498397,0.048064,1,
write,write,,,video_small,pg_bytea,7,01-01-05-01-01-02-21_r07.mp4,5457041,0.147968,1,
write,write,,,video_small,polyglot,7,01-01-05-01-01-02-21_r07.mp4,5457041,0.049169,1,
write,write,,,video_small,mongo_gridfs,7,01-01-05-01-01-02-21_r07.mp4,5457041,0.043562,1,
write,write,,,video_small,pg_bytea,7,01-01-05-01-02-01-19_r07.mp4,5457041,0.152675,1,
write,write,,,video_small,polyglot,7,01-01-05-01-02-01-19_r07.mp4,5457041,0.044854,1,
write,write,,,video_small,mongo_gridfs,7,01-01-05-01-02-01-19_r07.mp4,5457041,0.044833,1,
write,write,,,video_small,mongo_gridfs,7,01-01-05-01-02-02-04_r07.mp4,5457041,0.055804,1,
write,write,,,video_small,polyglot,7,01-01-05-01-02-02-04_r07.mp4,5457041,0.049459,1,
write,write,,,video_small,pg_bytea,7,01-01-05-01-02-02-04_r07.mp4,5457041,0.146951,1,
write,write,,,video_small,pg_bytea,7,01-01-05-01-02-02-05_r07.mp4,5498397,0.146931,1,
write,write,,,video_small,polyglot,7,01-01-05-01-02-02-05_r07.mp4,5498397,0.045978,1,
write,write,,,video_small,mongo_gridfs,7,01-01-05-01-02-02-05_r07.mp4,5498397,0.045088,1,
write,write,,,video_small,pg_bytea,7,01-01-05-02-01-02-04_r07.mp4,5457041,0.138789,1,
write,write,,,video_small,polyglot,7,01-01-05-02-01-02-04_r07.mp4,5457041,0.047958,1,
write,write,,,video_small,mongo_gridfs,7,01-01-05-02-01-02-04_r07.mp4,5457041,0.043405,1,
write,write,,,video_small,polyglot,7,01-01-05-02-01-02-12_r07.mp4,5457041,0.045528,1,
write,write,,,video_small,mongo_gridfs,7,01-01-05-02-01-02-12_r07.mp4,5457041,0.043046,1,
write,write,,,video_small,pg_bytea,7,01-01-05-02-01-02-12_r07.mp4,5457041,0.147083,1,
write,write,,,video_small,mongo_gridfs,7,01-01-05-02-01-02-14_r07.mp4,5457041,0.059958,1,
write,write,,,video_small,pg_bytea,7,01-01-05-02-01-02-14_r07.mp4,5457041,0.146731,1,
write,write,,,video_small,polyglot,7,01-01-05-02-01-02-14_r07.mp4,5457041,0.045290,1,
write,write,,,video_small,pg_bytea,7,01-01-05-02-02-02-19_r07.mp4,5498397,0.150286,1,
write,write,,,video_small,polyglot,7,01-01-05-02-02-02-19_r07.mp4,5498397,0.042503,1,
write,write,,,video_small,mongo_gridfs,7,01-01-05-02-02-02-19_r07.mp4,5498397,0.044386,1,
write,write,,,video_small,pg_bytea,7,01-01-05-02-02-02-20_r07.mp4,5498397,0.148726,1,
write,write,,,video_small,mongo_gridfs,7,01-01-05-02-02-02-20_r07.mp4,5498397,0.042813,1,
write,write,,,video_small,polyglot,7,01-01-05-02-02-02-20_r07.mp4,5498397,0.049675,1,
write,write,,,video_small,pg_bytea,7,01-01-05-02-02-02-23_r07.mp4,5457041,0.143039,1,
write,write,,,video_small,mongo_gridfs,7,01-01-05-02-02-02-23_r07.mp4,5457041,0.048506,1,
write,write,,,video_small,polyglot,7,01-01-05-02-02-02-23_r07.mp4,5457041,0.045003,1,
write,write,,,video_small,mongo_gridfs,7,01-01-06-01-01-01-08_r07.mp4,5457041,0.042269,1,
write,write,,,video_small,pg_bytea,7,01-01-06-01-01-01-08_r07.mp4,5457041,0.146434,1,
write,write,,,video_small,polyglot,7,01-01-06-01-01-01-08_r07.mp4,5457041,0.043722,1,
write,write,,,video_small,pg_bytea,7,01-01-06-01-01-01-19_r07.mp4,5457041,0.143150,1,
write,write,,,video_small,mongo_gridfs,7,01-01-06-01-01-01-19_r07.mp4,5457041,2.084708,1,
write,write,,,video_small,polyglot,7,01-01-06-01-01-01-19_r07.mp4,5457041,0.061062,1,
write,write,,,video_small,mongo_gridfs,7,01-01-06-01-01-01-24_r07.mp4,5498397,0.049802,1,
write,write,,,video_small,polyglot,7,01-01-06-01-01-01-24_r07.mp4,5498397,0.053716,1,
write,write,,,video_small,pg_bytea,7,01-01-06-01-01-01-24_r07.mp4,5498397,0.178937,1,
write,write,,,video_medium,mongo_gridfs,7,tsinghua_v_0024_r07.mp4,13091522,0.207844,1,
write,write,,,video_medium,pg_bytea,7,tsinghua_v_0024_r07.mp4,13091522,0.400881,1,
write,write,,,video_medium,polyglot,7,tsinghua_v_0024_r07.mp4,13091522,0.111042,1,
write,write,,,video_medium,mongo_gridfs,7,tsinghua_v_0046_r07.mp4,13091522,0.164269,1,
write,write,,,video_medium,polyglot,7,tsinghua_v_0046_r07.mp4,13091522,0.115782,1,
write,write,,,video_medium,pg_bytea,7,tsinghua_v_0046_r07.mp4,13091522,0.373119,1,
write,write,,,video_medium,mongo_gridfs,7,tsinghua_v_0076_r07.mp4,13091522,0.118018,1,
write,write,,,video_medium,polyglot,7,tsinghua_v_0076_r07.mp4,13091522,0.126500,1,
write,write,,,video_medium,pg_bytea,7,tsinghua_v_0076_r07.mp4,13091522,0.371097,1,
write,write,,,video_medium,polyglot,7,tsinghua_v_0080_r07.mp4,13091522,0.116512,1,
write,write,,,video_medium,pg_bytea,7,tsinghua_v_0080_r07.mp4,13091522,0.359743,1,
write,write,,,video_medium,mongo_gridfs,7,tsinghua_v_0080_r07.mp4,13091522,0.102023,1,
write,write,,,video_medium,polyglot,7,tsinghua_v_0109_r07.mp4,13091522,0.112164,1,
write,write,,,video_medium,pg_bytea,7,tsinghua_v_0109_r07.mp4,13091522,0.350524,1,
write,write,,,video_medium,mongo_gridfs,7,tsinghua_v_0109_r07.mp4,13091522,0.101340,1,
write,write,,,video_medium,mongo_gridfs,7,tsinghua_v_0123_r07.mp4,13091522,0.140792,1,
write,write,,,video_medium,polyglot,7,tsinghua_v_0123_r07.mp4,13091522,0.117528,1,
write,write,,,video_medium,pg_bytea,7,tsinghua_v_0123_r07.mp4,13091522,0.420457,1,
write,write,,,video_medium,mongo_gridfs,7,tsinghua_v_0130_r07.mp4,13091522,0.099615,1,
write,write,,,video_medium,polyglot,7,tsinghua_v_0130_r07.mp4,13091522,0.119846,1,
write,write,,,video_medium,pg_bytea,7,tsinghua_v_0130_r07.mp4,13091522,0.366685,1,
write,write,,,video_medium,polyglot,7,tsinghua_v_0135_r07.mp4,13091522,0.105514,1,
write,write,,,video_medium,mongo_gridfs,7,tsinghua_v_0135_r07.mp4,13091522,0.110635,1,
write,write,,,video_medium,pg_bytea,7,tsinghua_v_0135_r07.mp4,13091522,0.355466,1,
write,write,,,video_medium,pg_bytea,7,tsinghua_v_0137_r07.mp4,13091522,0.351193,1,
write,write,,,video_medium,mongo_gridfs,7,tsinghua_v_0137_r07.mp4,13091522,0.103551,1,
write,write,,,video_medium,polyglot,7,tsinghua_v_0137_r07.mp4,13091522,0.112372,1,
write,write,,,video_medium,pg_bytea,7,tsinghua_v_0140_r07.mp4,13091522,0.333493,1,
write,write,,,video_medium,polyglot,7,tsinghua_v_0140_r07.mp4,13091522,0.109579,1,
write,write,,,video_medium,mongo_gridfs,7,tsinghua_v_0140_r07.mp4,13091522,0.118185,1,
write,write,,,video_medium,mongo_gridfs,7,tsinghua_v_0151_r07.mp4,13091522,0.103723,1,
write,write,,,video_medium,pg_bytea,7,tsinghua_v_0151_r07.mp4,13091522,0.358885,1,
write,write,,,video_medium,polyglot,7,tsinghua_v_0151_r07.mp4,13091522,0.101603,1,
write,write,,,video_medium,pg_bytea,7,tsinghua_v_0157_r07.mp4,13091522,0.362338,1,
write,write,,,video_medium,polyglot,7,tsinghua_v_0157_r07.mp4,13091522,0.107731,1,
write,write,,,video_medium,mongo_gridfs,7,tsinghua_v_0157_r07.mp4,13091522,0.137459,1,
write,write,,,video_medium,mongo_gridfs,7,tsinghua_v_0209_r07.mp4,13091522,0.109796,1,
write,write,,,video_medium,polyglot,7,tsinghua_v_0209_r07.mp4,13091522,0.115201,1,
write,write,,,video_medium,pg_bytea,7,tsinghua_v_0209_r07.mp4,13091522,0.330148,1,
write,write,,,video_medium,polyglot,7,tsinghua_v_0226_r07.mp4,13091522,1.847559,1,
write,write,,,video_medium,pg_bytea,7,tsinghua_v_0226_r07.mp4,13091522,0.447010,1,
write,write,,,video_medium,mongo_gridfs,7,tsinghua_v_0226_r07.mp4,13091522,0.121086,1,
write,write,,,video_medium,polyglot,7,tsinghua_v_0236_r07.mp4,13091522,0.138579,1,
write,write,,,video_medium,pg_bytea,7,tsinghua_v_0236_r07.mp4,13091522,0.361643,1,
write,write,,,video_medium,mongo_gridfs,7,tsinghua_v_0236_r07.mp4,13091522,0.113430,1,
write,write,,,video_medium,polyglot,7,tsinghua_v_0274_r07.mp4,13091522,0.133586,1,
write,write,,,video_medium,mongo_gridfs,7,tsinghua_v_0274_r07.mp4,13091522,0.110098,1,
write,write,,,video_medium,pg_bytea,7,tsinghua_v_0274_r07.mp4,13091522,0.347049,1,
write,write,,,video_medium,mongo_gridfs,7,tsinghua_v_0280_r07.mp4,13091522,0.101187,1,
write,write,,,video_medium,pg_bytea,7,tsinghua_v_0280_r07.mp4,13091522,0.472739,1,
write,write,,,video_medium,polyglot,7,tsinghua_v_0280_r07.mp4,13091522,0.105028,1,
write,write,,,video_medium,mongo_gridfs,7,tsinghua_v_0302_r07.mp4,13091522,0.113745,1,
write,write,,,video_medium,pg_bytea,7,tsinghua_v_0302_r07.mp4,13091522,0.373818,1,
write,write,,,video_medium,polyglot,7,tsinghua_v_0302_r07.mp4,13091522,0.107715,1,
write,write,,,video_medium,polyglot,7,tsinghua_v_0311_r07.mp4,13091522,0.131494,1,
write,write,,,video_medium,mongo_gridfs,7,tsinghua_v_0311_r07.mp4,13091522,0.098766,1,
write,write,,,video_medium,pg_bytea,7,tsinghua_v_0311_r07.mp4,13091522,0.361596,1,
write,write,,,video_medium,pg_bytea,7,tsinghua_v_0316_r07.mp4,13091522,0.370954,1,
write,write,,,video_medium,polyglot,7,tsinghua_v_0316_r07.mp4,13091522,2.021090,1,
write,write,,,video_medium,mongo_gridfs,7,tsinghua_v_0316_r07.mp4,13091522,0.145987,1,
write,write,,,video_medium,polyglot,7,tsinghua_v_0319_r07.mp4,13091522,0.118960,1,
write,write,,,video_medium,pg_bytea,7,tsinghua_v_0319_r07.mp4,13091522,0.394729,1,
write,write,,,video_medium,mongo_gridfs,7,tsinghua_v_0319_r07.mp4,13091522,0.114883,1,
write,write,,,video_medium,pg_bytea,7,tsinghua_v_0321_r07.mp4,13091522,0.390894,1,
write,write,,,video_medium,mongo_gridfs,7,tsinghua_v_0321_r07.mp4,13091522,0.157446,1,
write,write,,,video_medium,polyglot,7,tsinghua_v_0321_r07.mp4,13091522,0.115059,1,
write,write,,,video_medium,pg_bytea,7,tsinghua_v_0331_r07.mp4,13091522,0.379798,1,
write,write,,,video_medium,polyglot,7,tsinghua_v_0331_r07.mp4,13091522,0.286173,1,
write,write,,,video_medium,mongo_gridfs,7,tsinghua_v_0331_r07.mp4,13091522,0.218649,1,
write,write,,,video_medium,polyglot,7,tsinghua_v_0345_r07.mp4,13091522,0.152068,1,
write,write,,,video_medium,mongo_gridfs,7,tsinghua_v_0345_r07.mp4,13091522,0.111042,1,
write,write,,,video_medium,pg_bytea,7,tsinghua_v_0345_r07.mp4,13091522,0.389795,1,
write,write,,,video_medium,pg_bytea,7,tsinghua_v_0356_r07.mp4,13091522,0.362302,1,
write,write,,,video_medium,polyglot,7,tsinghua_v_0356_r07.mp4,13091522,0.112169,1,
write,write,,,video_medium,mongo_gridfs,7,tsinghua_v_0356_r07.mp4,13091522,0.122446,1,
write,write,,,video_medium,pg_bytea,7,tsinghua_v_0357_r07.mp4,13091522,0.347876,1,
write,write,,,video_medium,mongo_gridfs,7,tsinghua_v_0357_r07.mp4,13091522,2.109708,1,
write,write,,,video_medium,polyglot,7,tsinghua_v_0357_r07.mp4,13091522,0.113338,1,
write,write,,,video_medium,pg_bytea,7,tsinghua_v_0379_r07.mp4,13091522,0.350570,1,
write,write,,,video_medium,polyglot,7,tsinghua_v_0379_r07.mp4,13091522,0.159088,1,
write,write,,,video_medium,mongo_gridfs,7,tsinghua_v_0379_r07.mp4,13091522,0.135827,1,
write,write,,,video_medium,pg_bytea,7,tsinghua_v_0393_r07.mp4,13091522,0.345569,1,
write,write,,,video_medium,mongo_gridfs,7,tsinghua_v_0393_r07.mp4,13091522,0.098208,1,
write,write,,,video_medium,polyglot,7,tsinghua_v_0393_r07.mp4,13091522,0.111024,1,
write,write,,,video_medium,polyglot,7,tsinghua_v_0421_r07.mp4,13091522,0.110122,1,
write,write,,,video_medium,pg_bytea,7,tsinghua_v_0421_r07.mp4,13091522,0.381198,1,
write,write,,,video_medium,mongo_gridfs,7,tsinghua_v_0421_r07.mp4,13091522,0.100233,1,
write,write,,,video_medium,polyglot,7,tsinghua_v_0424_r07.mp4,13091522,0.147988,1,
write,write,,,video_medium,pg_bytea,7,tsinghua_v_0424_r07.mp4,13091522,0.366684,1,
write,write,,,video_medium,mongo_gridfs,7,tsinghua_v_0424_r07.mp4,13091522,0.103179,1,
write,write,,,video_medium,mongo_gridfs,7,tsinghua_v_0427_r07.mp4,13091522,0.115085,1,
write,write,,,video_medium,pg_bytea,7,tsinghua_v_0427_r07.mp4,13091522,0.365688,1,
write,write,,,video_medium,polyglot,7,tsinghua_v_0427_r07.mp4,13091522,0.107376,1,
write,write,,,video_medium,mongo_gridfs,7,tsinghua_v_0431_r07.mp4,13091522,0.140318,1,
write,write,,,video_medium,polyglot,7,tsinghua_v_0431_r07.mp4,13091522,0.113119,1,
write,write,,,video_medium,pg_bytea,7,tsinghua_v_0431_r07.mp4,13091522,0.378602,1,
write,write,,,video_medium,pg_bytea,7,tsinghua_v_0452_r07.mp4,13091522,0.336787,1,
write,write,,,video_medium,mongo_gridfs,7,tsinghua_v_0452_r07.mp4,13091522,1.921646,1,
write,write,,,video_medium,polyglot,7,tsinghua_v_0452_r07.mp4,13091522,0.164620,1,
write,write,,,video_medium,mongo_gridfs,7,tsinghua_v_0454_r07.mp4,13091522,0.105976,1,
write,write,,,video_medium,polyglot,7,tsinghua_v_0454_r07.mp4,13091522,0.114624,1,
write,write,,,video_medium,pg_bytea,7,tsinghua_v_0454_r07.mp4,13091522,0.349397,1,
write,write,,,video_medium,pg_bytea,7,tsinghua_v_0457_r07.mp4,13091522,0.341564,1,
write,write,,,video_medium,polyglot,7,tsinghua_v_0457_r07.mp4,13091522,0.099116,1,
write,write,,,video_medium,mongo_gridfs,7,tsinghua_v_0457_r07.mp4,13091522,0.140339,1,
write,write,,,video_medium,pg_bytea,7,tsinghua_v_0466_r07.mp4,13091522,0.359741,1,
write,write,,,video_medium,polyglot,7,tsinghua_v_0466_r07.mp4,13091522,0.117341,1,
write,write,,,video_medium,mongo_gridfs,7,tsinghua_v_0466_r07.mp4,13091522,0.122451,1,
write,write,,,video_medium,pg_bytea,7,tsinghua_v_0471_r07.mp4,13091522,2.162277,1,
write,write,,,video_medium,mongo_gridfs,7,tsinghua_v_0471_r07.mp4,13091522,0.125029,1,
write,write,,,video_medium,polyglot,7,tsinghua_v_0471_r07.mp4,13091522,0.149165,1,
write,write,,,video_medium,pg_bytea,7,tsinghua_v_0472_r07.mp4,13091522,0.327629,1,
write,write,,,video_medium,mongo_gridfs,7,tsinghua_v_0472_r07.mp4,13091522,0.102355,1,
write,write,,,video_medium,polyglot,7,tsinghua_v_0472_r07.mp4,13091522,0.133541,1,
write,write,,,video_medium,mongo_gridfs,7,tsinghua_v_0494_r07.mp4,13091522,0.113987,1,
write,write,,,video_medium,pg_bytea,7,tsinghua_v_0494_r07.mp4,13091522,0.350326,1,
write,write,,,video_medium,polyglot,7,tsinghua_v_0494_r07.mp4,13091522,0.099397,1,
write,write,,,video_medium,polyglot,7,tsinghua_v_0503_r07.mp4,13091522,0.115660,1,
write,write,,,video_medium,pg_bytea,7,tsinghua_v_0503_r07.mp4,13091522,0.357629,1,
write,write,,,video_medium,mongo_gridfs,7,tsinghua_v_0503_r07.mp4,13091522,0.110725,1,
write,write,,,video_medium,mongo_gridfs,7,tsinghua_v_0509_r07.mp4,13091522,0.117947,1,
write,write,,,video_medium,pg_bytea,7,tsinghua_v_0509_r07.mp4,13091522,0.376489,1,
write,write,,,video_medium,polyglot,7,tsinghua_v_0509_r07.mp4,13091522,0.102038,1,
write,write,,,video_medium,polyglot,7,tsinghua_v_0523_r07.mp4,13091522,0.117015,1,
write,write,,,video_medium,pg_bytea,7,tsinghua_v_0523_r07.mp4,13091522,0.415987,1,
write,write,,,video_medium,mongo_gridfs,7,tsinghua_v_0523_r07.mp4,13091522,0.105386,1,
write,write,,,video_medium,mongo_gridfs,7,tsinghua_v_0546_r07.mp4,13091522,0.129068,1,
write,write,,,video_medium,polyglot,7,tsinghua_v_0546_r07.mp4,13091522,0.104683,1,
write,write,,,video_medium,pg_bytea,7,tsinghua_v_0546_r07.mp4,13091522,0.377090,1,
write,write,,,video_medium,polyglot,7,tsinghua_v_0568_r07.mp4,13091522,0.130775,1,
write,write,,,video_medium,mongo_gridfs,7,tsinghua_v_0568_r07.mp4,13091522,0.127263,1,
write,write,,,video_medium,pg_bytea,7,tsinghua_v_0568_r07.mp4,13091522,0.364173,1,
write,write,,,video_medium,mongo_gridfs,7,tsinghua_v_0594_r07.mp4,13091522,0.106508,1,
write,write,,,video_medium,pg_bytea,7,tsinghua_v_0594_r07.mp4,13091522,0.376014,1,
write,write,,,video_medium,polyglot,7,tsinghua_v_0594_r07.mp4,13091522,0.101293,1,
write,write,,,video_medium,pg_bytea,7,tsinghua_v_0596_r07.mp4,13091522,0.339927,1,
write,write,,,video_medium,mongo_gridfs,7,tsinghua_v_0596_r07.mp4,13091522,0.103696,1,
write,write,,,video_medium,polyglot,7,tsinghua_v_0596_r07.mp4,13091522,0.123517,1,
write,write,,,video_medium,polyglot,7,tsinghua_v_0635_r07.mp4,13091522,0.104115,1,
write,write,,,video_medium,mongo_gridfs,7,tsinghua_v_0635_r07.mp4,13091522,0.127333,1,
write,write,,,video_medium,pg_bytea,7,tsinghua_v_0635_r07.mp4,13091522,0.381197,1,
write,write,,,video_medium,polyglot,7,tsinghua_v_0653_r07.mp4,13091522,1.691285,1,
write,write,,,video_medium,pg_bytea,7,tsinghua_v_0653_r07.mp4,13091522,0.326859,1,
write,write,,,video_medium,mongo_gridfs,7,tsinghua_v_0653_r07.mp4,13091522,0.101313,1,
write,write,,,video_medium,pg_bytea,7,tsinghua_v_0667_r07.mp4,13091522,0.339999,1,
write,write,,,video_medium,polyglot,7,tsinghua_v_0667_r07.mp4,13091522,0.127469,1,
write,write,,,video_medium,mongo_gridfs,7,tsinghua_v_0667_r07.mp4,13091522,0.108349,1,
write,write,,,video_medium,polyglot,7,tsinghua_v_0673_r07.mp4,13091522,0.112156,1,
write,write,,,video_medium,mongo_gridfs,7,tsinghua_v_0673_r07.mp4,13091522,0.120755,1,
write,write,,,video_medium,pg_bytea,7,tsinghua_v_0673_r07.mp4,13091522,0.493882,1,
write,write,,,video_medium,polyglot,7,tsinghua_v_0681_r07.mp4,13091522,0.118500,1,
write,write,,,video_medium,pg_bytea,7,tsinghua_v_0681_r07.mp4,13091522,0.577235,1,
write,write,,,video_medium,mongo_gridfs,7,tsinghua_v_0681_r07.mp4,13091522,0.142584,1,
write,write,,,video_medium,polyglot,7,tsinghua_v_0690_r07.mp4,13091522,0.146509,1,
write,write,,,video_medium,mongo_gridfs,7,tsinghua_v_0690_r07.mp4,13091522,0.108648,1,
write,write,,,video_medium,pg_bytea,7,tsinghua_v_0690_r07.mp4,13091522,0.348319,1,
write,write,,,video_medium,polyglot,7,tsinghua_v_0692_r07.mp4,13091522,0.094754,1,
write,write,,,video_medium,mongo_gridfs,7,tsinghua_v_0692_r07.mp4,13091522,0.116154,1,
write,write,,,video_medium,pg_bytea,7,tsinghua_v_0692_r07.mp4,13091522,0.328107,1,
write,write,,,video_medium,mongo_gridfs,7,tsinghua_v_0696_r07.mp4,13091522,0.101820,1,
write,write,,,video_medium,pg_bytea,7,tsinghua_v_0696_r07.mp4,13091522,0.433418,1,
write,write,,,video_medium,polyglot,7,tsinghua_v_0696_r07.mp4,13091522,0.110586,1,
write,write,,,video_medium,pg_bytea,7,tsinghua_v_0734_r07.mp4,13091522,0.333054,1,
write,write,,,video_medium,polyglot,7,tsinghua_v_0734_r07.mp4,13091522,0.096838,1,
write,write,,,video_medium,mongo_gridfs,7,tsinghua_v_0734_r07.mp4,13091522,0.111620,1,
write,write,,,video_medium,mongo_gridfs,7,tsinghua_v_0737_r07.mp4,13091522,0.093677,1,
write,write,,,video_medium,pg_bytea,7,tsinghua_v_0737_r07.mp4,13091522,0.415249,1,
write,write,,,video_medium,polyglot,7,tsinghua_v_0737_r07.mp4,13091522,0.099726,1,
write,write,,,video_medium,polyglot,7,tsinghua_v_0744_r07.mp4,13091522,0.110041,1,
write,write,,,video_medium,mongo_gridfs,7,tsinghua_v_0744_r07.mp4,13091522,0.102393,1,
write,write,,,video_medium,pg_bytea,7,tsinghua_v_0744_r07.mp4,13091522,0.352224,1,
write,write,,,video_medium,polyglot,7,tsinghua_v_0745_r07.mp4,13091522,1.959520,1,
write,write,,,video_medium,pg_bytea,7,tsinghua_v_0745_r07.mp4,13091522,0.334943,1,
write,write,,,video_medium,mongo_gridfs,7,tsinghua_v_0745_r07.mp4,13091522,0.140689,1,
write,write,,,video_medium,polyglot,7,tsinghua_v_0769_r07.mp4,13091522,0.162557,1,
write,write,,,video_medium,pg_bytea,7,tsinghua_v_0769_r07.mp4,13091522,0.396491,1,
write,write,,,video_medium,mongo_gridfs,7,tsinghua_v_0769_r07.mp4,13091522,0.105255,1,
write,write,,,video_medium,polyglot,7,tsinghua_v_0791_r07.mp4,13091522,0.139330,1,
write,write,,,video_medium,pg_bytea,7,tsinghua_v_0791_r07.mp4,13091522,0.368476,1,
write,write,,,video_medium,mongo_gridfs,7,tsinghua_v_0791_r07.mp4,13091522,0.101747,1,
write,write,,,video_medium,pg_bytea,7,tsinghua_v_0792_r07.mp4,13091522,2.365423,1,
write,write,,,video_medium,mongo_gridfs,7,tsinghua_v_0792_r07.mp4,13091522,0.104819,1,
write,write,,,video_medium,polyglot,7,tsinghua_v_0792_r07.mp4,13091522,0.123684,1,
write,write,,,video_medium,polyglot,7,tsinghua_v_0857_r07.mp4,13091522,0.101078,1,
write,write,,,video_medium,pg_bytea,7,tsinghua_v_0857_r07.mp4,13091522,0.350819,1,
write,write,,,video_medium,mongo_gridfs,7,tsinghua_v_0857_r07.mp4,13091522,0.107648,1,
write,write,,,video_medium,pg_bytea,7,tsinghua_v_0866_r07.mp4,13091522,0.366429,1,
write,write,,,video_medium,polyglot,7,tsinghua_v_0866_r07.mp4,13091522,0.098940,1,
write,write,,,video_medium,mongo_gridfs,7,tsinghua_v_0866_r07.mp4,13091522,0.124966,1,
write,write,,,video_medium,pg_bytea,7,tsinghua_v_0880_r07.mp4,13091522,0.370238,1,
write,write,,,video_medium,polyglot,7,tsinghua_v_0880_r07.mp4,13091522,0.105498,1,
write,write,,,video_medium,mongo_gridfs,7,tsinghua_v_0880_r07.mp4,13091522,2.088000,1,
write,write,,,video_medium,mongo_gridfs,7,tsinghua_v_0888_r07.mp4,13091522,0.128067,1,
write,write,,,video_medium,polyglot,7,tsinghua_v_0888_r07.mp4,13091522,0.111402,1,
write,write,,,video_medium,pg_bytea,7,tsinghua_v_0888_r07.mp4,13091522,0.354856,1,
write,write,,,video_medium,mongo_gridfs,7,tsinghua_v_0901_r07.mp4,13091522,0.098660,1,
write,write,,,video_medium,polyglot,7,tsinghua_v_0901_r07.mp4,13091522,0.113480,1,
write,write,,,video_medium,pg_bytea,7,tsinghua_v_0901_r07.mp4,13091522,0.340976,1,
write,write,,,video_medium,pg_bytea,7,tsinghua_v_0937_r07.mp4,13091522,0.340198,1,
write,write,,,video_medium,polyglot,7,tsinghua_v_0937_r07.mp4,13091522,0.104226,1,
write,write,,,video_medium,mongo_gridfs,7,tsinghua_v_0937_r07.mp4,13091522,0.186537,1,
write,write,,,video_medium,polyglot,7,tsinghua_v_0939_r07.mp4,13091522,0.106182,1,
write,write,,,video_medium,pg_bytea,7,tsinghua_v_0939_r07.mp4,13091522,0.396771,1,
write,write,,,video_medium,mongo_gridfs,7,tsinghua_v_0939_r07.mp4,13091522,0.105224,1,
write,write,,,video_medium,pg_bytea,7,tsinghua_v_0961_r07.mp4,13091522,0.363073,1,
write,write,,,video_medium,polyglot,7,tsinghua_v_0961_r07.mp4,13091522,0.102088,1,
write,write,,,video_medium,mongo_gridfs,7,tsinghua_v_0961_r07.mp4,13091522,0.121253,1,
write,write,,,video_medium,mongo_gridfs,7,tsinghua_v_0977_r07.mp4,13091522,0.125644,1,
write,write,,,video_medium,polyglot,7,tsinghua_v_0977_r07.mp4,13091522,0.102465,1,
write,write,,,video_medium,pg_bytea,7,tsinghua_v_0977_r07.mp4,13091522,0.356632,1,
write,write,,,audio_small,pg_bytea,8,03-01-01-01-01-02-19_r08.wav,375720,0.014819,1,
write,write,,,audio_small,mongo_gridfs,8,03-01-01-01-01-02-19_r08.wav,375720,0.007751,1,
write,write,,,audio_small,polyglot,8,03-01-01-01-01-02-19_r08.wav,375720,0.005055,1,
write,write,,,audio_small,pg_bytea,8,03-01-01-01-02-02-05_r08.wav,396294,0.011936,1,
write,write,,,audio_small,polyglot,8,03-01-01-01-02-02-05_r08.wav,396294,0.008332,1,
write,write,,,audio_small,mongo_gridfs,8,03-01-01-01-02-02-05_r08.wav,396294,0.010256,1,
write,write,,,audio_small,polyglot,8,03-01-01-01-02-02-06_r08.wav,363108,0.005653,1,
write,write,,,audio_small,mongo_gridfs,8,03-01-01-01-02-02-06_r08.wav,363108,0.005280,1,
write,write,,,audio_small,pg_bytea,8,03-01-01-01-02-02-06_r08.wav,363108,0.010260,1,
write,write,,,audio_small,polyglot,8,03-01-01-01-02-02-07_r08.wav,363108,0.005742,1,
write,write,,,audio_small,mongo_gridfs,8,03-01-01-01-02-02-07_r08.wav,363108,0.004386,1,
write,write,,,audio_small,pg_bytea,8,03-01-01-01-02-02-07_r08.wav,363108,0.009342,1,
write,write,,,audio_small,pg_bytea,8,03-01-01-01-02-02-11_r08.wav,375720,0.010331,1,
write,write,,,audio_small,polyglot,8,03-01-01-01-02-02-11_r08.wav,375720,0.005725,1,
write,write,,,audio_small,mongo_gridfs,8,03-01-01-01-02-02-11_r08.wav,375720,0.007219,1,
write,write,,,audio_small,pg_bytea,8,03-01-01-01-02-02-12_r08.wav,372698,0.011676,1,
write,write,,,audio_small,mongo_gridfs,8,03-01-01-01-02-02-12_r08.wav,372698,0.006372,1,
write,write,,,audio_small,polyglot,8,03-01-01-01-02-02-12_r08.wav,372698,0.006003,1,
write,write,,,audio_small,pg_bytea,8,03-01-01-01-02-02-13_r08.wav,363108,0.009710,1,
write,write,,,audio_small,polyglot,8,03-01-01-01-02-02-13_r08.wav,363108,0.005718,1,
write,write,,,audio_small,mongo_gridfs,8,03-01-01-01-02-02-13_r08.wav,363108,0.004652,1,
write,write,,,audio_small,mongo_gridfs,8,03-01-01-02-01-02-05_r08.wav,393086,0.005174,1,
write,write,,,audio_small,polyglot,8,03-01-01-02-01-02-05_r08.wav,393086,0.005317,1,
write,write,,,audio_small,pg_bytea,8,03-01-01-02-01-02-05_r08.wav,393086,0.012982,1,
write,write,,,audio_small,mongo_gridfs,8,03-01-01-02-01-02-06_r08.wav,363108,0.006942,1,
write,write,,,audio_small,pg_bytea,8,03-01-01-02-01-02-06_r08.wav,363108,0.013919,1,
write,write,,,audio_small,polyglot,8,03-01-01-02-01-02-06_r08.wav,363108,0.007651,1,
write,write,,,audio_small,mongo_gridfs,8,03-01-01-02-01-02-07_r08.wav,372698,0.004643,1,
write,write,,,audio_small,polyglot,8,03-01-01-02-01-02-07_r08.wav,372698,0.004849,1,
write,write,,,audio_small,pg_bytea,8,03-01-01-02-01-02-07_r08.wav,372698,0.009870,1,
write,write,,,audio_small,polyglot,8,03-01-01-02-01-02-13_r08.wav,399494,0.005216,1,
write,write,,,audio_small,mongo_gridfs,8,03-01-01-02-01-02-13_r08.wav,399494,0.004771,1,
write,write,,,audio_small,pg_bytea,8,03-01-01-02-01-02-13_r08.wav,399494,0.011126,1,
write,write,,,audio_small,pg_bytea,8,03-01-01-02-02-02-19_r08.wav,372698,0.010038,1,
write,write,,,audio_small,polyglot,8,03-01-01-02-02-02-19_r08.wav,372698,0.005824,1,
write,write,,,audio_small,mongo_gridfs,8,03-01-01-02-02-02-19_r08.wav,372698,0.005997,1,
write,write,,,audio_small,mongo_gridfs,8,03-01-02-01-01-01-19_r08.wav,372698,0.005929,1,
write,write,,,audio_small,polyglot,8,03-01-02-01-01-01-19_r08.wav,372698,0.005023,1,
write,write,,,audio_small,pg_bytea,8,03-01-02-01-01-01-19_r08.wav,372698,0.010653,1,
write,write,,,audio_small,polyglot,8,03-01-02-01-02-01-06_r08.wav,363108,0.004824,1,
write,write,,,audio_small,pg_bytea,8,03-01-02-01-02-01-06_r08.wav,363108,0.010778,1,
write,write,,,audio_small,mongo_gridfs,8,03-01-02-01-02-01-06_r08.wav,363108,0.005406,1,
write,write,,,audio_small,mongo_gridfs,8,03-01-02-01-02-01-07_r08.wav,399494,0.005148,1,
write,write,,,audio_small,polyglot,8,03-01-02-01-02-01-07_r08.wav,399494,0.005217,1,
write,write,,,audio_small,pg_bytea,8,03-01-02-01-02-01-07_r08.wav,399494,0.010082,1,
write,write,,,audio_small,polyglot,8,03-01-02-01-02-01-11_r08.wav,375720,0.005326,1,
write,write,,,audio_small,pg_bytea,8,03-01-02-01-02-01-11_r08.wav,375720,0.009267,1,
write,write,,,audio_small,mongo_gridfs,8,03-01-02-01-02-01-11_r08.wav,375720,0.005235,1,
write,write,,,audio_small,pg_bytea,8,03-01-02-01-02-01-12_r08.wav,372698,0.009678,1,
write,write,,,audio_small,mongo_gridfs,8,03-01-02-01-02-01-12_r08.wav,372698,0.005722,1,
write,write,,,audio_small,polyglot,8,03-01-02-01-02-01-12_r08.wav,372698,0.006205,1,
write,write,,,audio_small,polyglot,8,03-01-02-01-02-01-13_r08.wav,379106,0.004846,1,
write,write,,,audio_small,pg_bytea,8,03-01-02-01-02-01-13_r08.wav,379106,0.009813,1,
write,write,,,audio_small,mongo_gridfs,8,03-01-02-01-02-01-13_r08.wav,379106,0.005466,1,
write,write,,,audio_small,pg_bytea,8,03-01-02-02-01-01-05_r08.wav,363108,0.009251,1,
write,write,,,audio_small,polyglot,8,03-01-02-02-01-01-05_r08.wav,363108,0.005292,1,
write,write,,,audio_small,mongo_gridfs,8,03-01-02-02-01-01-05_r08.wav,363108,0.005500,1,
write,write,,,audio_small,polyglot,8,03-01-02-02-01-01-11_r08.wav,363108,0.004524,1,
write,write,,,audio_small,pg_bytea,8,03-01-02-02-01-01-11_r08.wav,363108,0.008711,1,
write,write,,,audio_small,mongo_gridfs,8,03-01-02-02-01-01-11_r08.wav,363108,0.005634,1,
write,write,,,audio_small,polyglot,8,03-01-02-02-01-01-12_r08.wav,399494,0.006310,1,
write,write,,,audio_small,mongo_gridfs,8,03-01-02-02-01-01-12_r08.wav,399494,0.005073,1,
write,write,,,audio_small,pg_bytea,8,03-01-02-02-01-01-12_r08.wav,399494,0.012004,1,
write,write,,,audio_small,mongo_gridfs,8,03-01-02-02-01-01-13_r08.wav,399494,0.005715,1,
write,write,,,audio_small,polyglot,8,03-01-02-02-01-01-13_r08.wav,399494,0.005300,1,
write,write,,,audio_small,pg_bytea,8,03-01-02-02-01-01-13_r08.wav,399494,0.009680,1,
write,write,,,audio_small,polyglot,8,03-01-02-02-02-01-19_r08.wav,379106,0.006061,1,
write,write,,,audio_small,pg_bytea,8,03-01-02-02-02-01-19_r08.wav,379106,0.009339,1,
write,write,,,audio_small,mongo_gridfs,8,03-01-02-02-02-01-19_r08.wav,379106,0.005965,1,
write,write,,,audio_small,mongo_gridfs,8,03-01-03-01-01-02-05_r08.wav,396294,0.005305,1,
write,write,,,audio_small,pg_bytea,8,03-01-03-01-01-02-05_r08.wav,396294,0.010723,1,
write,write,,,audio_small,polyglot,8,03-01-03-01-01-02-05_r08.wav,396294,0.005815,1,
write,write,,,audio_small,pg_bytea,8,03-01-03-01-01-02-07_r08.wav,393086,0.009901,1,
write,write,,,audio_small,polyglot,8,03-01-03-01-01-02-07_r08.wav,393086,0.006686,1,
write,write,,,audio_small,mongo_gridfs,8,03-01-03-01-01-02-07_r08.wav,393086,0.006471,1,
write,write,,,audio_small,mongo_gridfs,8,03-01-03-01-01-02-12_r08.wav,399494,0.005326,1,
write,write,,,audio_small,polyglot,8,03-01-03-01-01-02-12_r08.wav,399494,0.005509,1,
write,write,,,audio_small,pg_bytea,8,03-01-03-01-01-02-12_r08.wav,399494,0.009899,1,
write,write,,,audio_small,polyglot,8,03-01-03-01-01-02-13_r08.wav,399494,0.005324,1,
write,write,,,audio_small,pg_bytea,8,03-01-03-01-01-02-13_r08.wav,399494,0.010341,1,
write,write,,,audio_small,mongo_gridfs,8,03-01-03-01-01-02-13_r08.wav,399494,0.006468,1,
write,write,,,audio_small,pg_bytea,8,03-01-03-01-02-02-18_r08.wav,393086,0.010586,1,
write,write,,,audio_small,polyglot,8,03-01-03-01-02-02-18_r08.wav,393086,0.006266,1,
write,write,,,audio_small,mongo_gridfs,8,03-01-03-01-02-02-18_r08.wav,393086,0.005966,1,
write,write,,,audio_small,polyglot,8,03-01-03-01-02-02-19_r08.wav,399494,0.005193,1,
write,write,,,audio_small,mongo_gridfs,8,03-01-03-01-02-02-19_r08.wav,399494,0.004903,1,
write,write,,,audio_small,pg_bytea,8,03-01-03-01-02-02-19_r08.wav,399494,0.010166,1,
write,write,,,audio_small,polyglot,8,03-01-03-02-01-02-18_r08.wav,396294,0.006551,1,
write,write,,,audio_small,pg_bytea,8,03-01-03-02-01-02-18_r08.wav,396294,0.015143,1,
write,write,,,audio_small,mongo_gridfs,8,03-01-03-02-01-02-18_r08.wav,396294,0.007019,1,
write,write,,,audio_small,pg_bytea,8,03-01-03-02-01-02-19_r08.wav,372698,0.009915,1,
write,write,,,audio_small,mongo_gridfs,8,03-01-03-02-01-02-19_r08.wav,372698,0.006174,1,
write,write,,,audio_small,polyglot,8,03-01-03-02-01-02-19_r08.wav,372698,0.005678,1,
write,write,,,audio_small,polyglot,8,03-01-03-02-02-02-04_r08.wav,379106,0.004899,1,
write,write,,,audio_small,mongo_gridfs,8,03-01-03-02-02-02-04_r08.wav,379106,0.004942,1,
write,write,,,audio_small,pg_bytea,8,03-01-03-02-02-02-04_r08.wav,379106,0.009465,1,
write,write,,,audio_small,polyglot,8,03-01-03-02-02-02-06_r08.wav,399494,0.005785,1,
write,write,,,audio_small,pg_bytea,8,03-01-03-02-02-02-06_r08.wav,399494,0.010717,1,
write,write,,,audio_small,mongo_gridfs,8,03-01-03-02-02-02-06_r08.wav,399494,0.006733,1,
write,write,,,audio_small,polyglot,8,03-01-03-02-02-02-07_r08.wav,393086,0.005769,1,
write,write,,,audio_small,mongo_gridfs,8,03-01-03-02-02-02-07_r08.wav,393086,0.004668,1,
write,write,,,audio_small,pg_bytea,8,03-01-03-02-02-02-07_r08.wav,393086,0.009750,1,
write,write,,,audio_small,polyglot,8,03-01-03-02-02-02-10_r08.wav,375720,0.005767,1,
write,write,,,audio_small,mongo_gridfs,8,03-01-03-02-02-02-10_r08.wav,375720,0.004545,1,
write,write,,,audio_small,pg_bytea,8,03-01-03-02-02-02-10_r08.wav,375720,0.010323,1,
write,write,,,audio_small,polyglot,8,03-01-03-02-02-02-11_r08.wav,396294,0.005553,1,
write,write,,,audio_small,mongo_gridfs,8,03-01-03-02-02-02-11_r08.wav,396294,0.004928,1,
write,write,,,audio_small,pg_bytea,8,03-01-03-02-02-02-11_r08.wav,396294,0.010010,1,
write,write,,,audio_small,mongo_gridfs,8,03-01-03-02-02-02-13_r08.wav,399494,0.005366,1,
write,write,,,audio_small,polyglot,8,03-01-03-02-02-02-13_r08.wav,399494,0.005793,1,
write,write,,,audio_small,pg_bytea,8,03-01-03-02-02-02-13_r08.wav,399494,0.009920,1,
write,write,,,audio_small,polyglot,8,03-01-04-01-01-02-01_r08.wav,396294,0.006815,1,
write,write,,,audio_small,pg_bytea,8,03-01-04-01-01-02-01_r08.wav,396294,0.010568,1,
write,write,,,audio_small,mongo_gridfs,8,03-01-04-01-01-02-01_r08.wav,396294,0.005301,1,
write,write,,,audio_small,mongo_gridfs,8,03-01-04-01-01-02-02_r08.wav,379106,0.005814,1,
write,write,,,audio_small,polyglot,8,03-01-04-01-01-02-02_r08.wav,379106,0.007334,1,
write,write,,,audio_small,pg_bytea,8,03-01-04-01-01-02-02_r08.wav,379106,0.010635,1,
write,write,,,audio_small,pg_bytea,8,03-01-04-01-01-02-16_r08.wav,379106,0.009389,1,
write,write,,,audio_small,mongo_gridfs,8,03-01-04-01-01-02-16_r08.wav,379106,0.005472,1,
write,write,,,audio_small,polyglot,8,03-01-04-01-01-02-16_r08.wav,379106,0.006046,1,
write,write,,,audio_small,mongo_gridfs,8,03-01-04-01-02-02-08_r08.wav,372698,0.004655,1,
write,write,,,audio_small,pg_bytea,8,03-01-04-01-02-02-08_r08.wav,372698,0.010552,1,
write,write,,,audio_small,polyglot,8,03-01-04-01-02-02-08_r08.wav,372698,0.004973,1,
write,write,,,audio_small,polyglot,8,03-01-04-01-02-02-09_r08.wav,363108,0.005081,1,
write,write,,,audio_small,pg_bytea,8,03-01-04-01-02-02-09_r08.wav,363108,0.009851,1,
write,write,,,audio_small,mongo_gridfs,8,03-01-04-01-02-02-09_r08.wav,363108,0.005537,1,
write,write,,,audio_small,pg_bytea,8,03-01-04-01-02-02-20_r08.wav,396294,0.010392,1,
write,write,,,audio_small,mongo_gridfs,8,03-01-04-01-02-02-20_r08.wav,396294,0.009320,1,
write,write,,,audio_small,polyglot,8,03-01-04-01-02-02-20_r08.wav,396294,0.005845,1,
write,write,,,audio_small,polyglot,8,03-01-04-01-02-02-21_r08.wav,363108,0.004552,1,
write,write,,,audio_small,mongo_gridfs,8,03-01-04-01-02-02-21_r08.wav,363108,0.005155,1,
write,write,,,audio_small,pg_bytea,8,03-01-04-01-02-02-21_r08.wav,363108,0.010166,1,
write,write,,,audio_small,polyglot,8,03-01-04-01-02-02-22_r08.wav,372698,0.004780,1,
write,write,,,audio_small,mongo_gridfs,8,03-01-04-01-02-02-22_r08.wav,372698,0.004747,1,
write,write,,,audio_small,pg_bytea,8,03-01-04-01-02-02-22_r08.wav,372698,0.012572,1,
write,write,,,audio_small,pg_bytea,8,03-01-04-01-02-02-23_r08.wav,363108,0.010908,1,
write,write,,,audio_small,polyglot,8,03-01-04-01-02-02-23_r08.wav,363108,0.005648,1,
write,write,,,audio_small,mongo_gridfs,8,03-01-04-01-02-02-23_r08.wav,363108,0.004380,1,
write,write,,,audio_small,polyglot,8,03-01-04-02-01-02-09_r08.wav,379106,0.004949,1,
write,write,,,audio_small,mongo_gridfs,8,03-01-04-02-01-02-09_r08.wav,379106,0.004993,1,
write,write,,,audio_small,pg_bytea,8,03-01-04-02-01-02-09_r08.wav,379106,0.010377,1,
write,write,,,audio_small,polyglot,8,03-01-04-02-01-02-20_r08.wav,379106,0.007527,1,
write,write,,,audio_small,pg_bytea,8,03-01-04-02-01-02-20_r08.wav,379106,0.009891,1,
write,write,,,audio_small,mongo_gridfs,8,03-01-04-02-01-02-20_r08.wav,379106,0.007811,1,
write,write,,,audio_small,polyglot,8,03-01-04-02-01-02-21_r08.wav,393086,0.005670,1,
write,write,,,audio_small,mongo_gridfs,8,03-01-04-02-01-02-21_r08.wav,393086,0.012327,1,
write,write,,,audio_small,pg_bytea,8,03-01-04-02-01-02-21_r08.wav,393086,0.010906,1,
write,write,,,audio_small,polyglot,8,03-01-04-02-01-02-22_r08.wav,379106,0.004963,1,
write,write,,,audio_small,pg_bytea,8,03-01-04-02-01-02-22_r08.wav,379106,0.009872,1,
write,write,,,audio_small,mongo_gridfs,8,03-01-04-02-01-02-22_r08.wav,379106,0.006062,1,
write,write,,,audio_small,mongo_gridfs,8,03-01-04-02-02-02-14_r08.wav,375720,0.005719,1,
write,write,,,audio_small,polyglot,8,03-01-04-02-02-02-14_r08.wav,375720,0.008763,1,
write,write,,,audio_small,pg_bytea,8,03-01-04-02-02-02-14_r08.wav,375720,0.011032,1,
write,write,,,audio_small,polyglot,8,03-01-04-02-02-02-15_r08.wav,379106,0.007039,1,
write,write,,,audio_small,mongo_gridfs,8,03-01-04-02-02-02-15_r08.wav,379106,0.005454,1,
write,write,,,audio_small,pg_bytea,8,03-01-04-02-02-02-15_r08.wav,379106,0.011406,1,
write,write,,,audio_small,mongo_gridfs,8,03-01-04-02-02-02-16_r08.wav,375720,0.006500,1,
write,write,,,audio_small,pg_bytea,8,03-01-04-02-02-02-16_r08.wav,375720,0.010679,1,
write,write,,,audio_small,polyglot,8,03-01-04-02-02-02-16_r08.wav,375720,0.005629,1,
write,write,,,audio_small,pg_bytea,8,03-01-04-02-02-02-17_r08.wav,363108,0.010223,1,
write,write,,,audio_small,polyglot,8,03-01-04-02-02-02-17_r08.wav,363108,0.006423,1,
write,write,,,audio_small,mongo_gridfs,8,03-01-04-02-02-02-17_r08.wav,363108,0.004893,1,
write,write,,,audio_small,polyglot,8,03-01-05-01-01-01-09_r08.wav,393086,0.005148,1,
write,write,,,audio_small,pg_bytea,8,03-01-05-01-01-01-09_r08.wav,393086,0.010523,1,
write,write,,,audio_small,mongo_gridfs,8,03-01-05-01-01-01-09_r08.wav,393086,0.005431,1,
write,write,,,audio_small,pg_bytea,8,03-01-05-01-01-01-22_r08.wav,393086,0.010405,1,
write,write,,,audio_small,mongo_gridfs,8,03-01-05-01-01-01-22_r08.wav,393086,0.005418,1,
write,write,,,audio_small,polyglot,8,03-01-05-01-01-01-22_r08.wav,393086,0.005006,1,
write,write,,,audio_small,pg_bytea,8,03-01-05-01-02-01-02_r08.wav,372698,0.010069,1,
write,write,,,audio_small,mongo_gridfs,8,03-01-05-01-02-01-02_r08.wav,372698,0.009231,1,
write,write,,,audio_small,polyglot,8,03-01-05-01-02-01-02_r08.wav,372698,0.004549,1,
write,write,,,audio_small,polyglot,8,03-01-05-01-02-01-03_r08.wav,396294,0.005678,1,
write,write,,,audio_small,mongo_gridfs,8,03-01-05-01-02-01-03_r08.wav,396294,0.005344,1,
write,write,,,audio_small,pg_bytea,8,03-01-05-01-02-01-03_r08.wav,396294,0.010900,1,
write,write,,,audio_small,mongo_gridfs,8,03-01-05-01-02-01-15_r08.wav,363108,0.006103,1,
write,write,,,audio_small,polyglot,8,03-01-05-01-02-01-15_r08.wav,363108,0.013053,1,
write,write,,,audio_small,pg_bytea,8,03-01-05-01-02-01-15_r08.wav,363108,0.010453,1,
write,write,,,audio_small,pg_bytea,8,03-01-05-01-02-01-16_r08.wav,372698,0.009947,1,
write,write,,,audio_small,polyglot,8,03-01-05-01-02-01-16_r08.wav,372698,0.005222,1,
write,write,,,audio_small,mongo_gridfs,8,03-01-05-01-02-01-16_r08.wav,372698,0.004890,1,
write,write,,,audio_small,pg_bytea,8,03-01-05-01-02-01-17_r08.wav,393086,0.011230,1,
write,write,,,audio_small,polyglot,8,03-01-05-01-02-01-17_r08.wav,393086,0.005863,1,
write,write,,,audio_small,mongo_gridfs,8,03-01-05-01-02-01-17_r08.wav,393086,0.005081,1,
write,write,,,audio_small,polyglot,8,03-01-05-02-01-01-01_r08.wav,372698,0.004940,1,
write,write,,,audio_small,pg_bytea,8,03-01-05-02-01-01-01_r08.wav,372698,0.011429,1,
write,write,,,audio_small,mongo_gridfs,8,03-01-05-02-01-01-01_r08.wav,372698,0.006339,1,
write,write,,,audio_small,pg_bytea,8,03-01-05-02-01-01-02_r08.wav,375720,0.011093,1,
write,write,,,audio_small,polyglot,8,03-01-05-02-01-01-02_r08.wav,375720,0.005516,1,
write,write,,,audio_small,mongo_gridfs,8,03-01-05-02-01-01-02_r08.wav,375720,0.004303,1,
write,write,,,audio_small,pg_bytea,8,03-01-05-02-01-01-03_r08.wav,372698,0.012548,1,
write,write,,,audio_small,mongo_gridfs,8,03-01-05-02-01-01-03_r08.wav,372698,0.008696,1,
write,write,,,audio_small,polyglot,8,03-01-05-02-01-01-03_r08.wav,372698,0.005982,1,
write,write,,,audio_small,mongo_gridfs,8,03-01-05-02-01-01-15_r08.wav,396294,0.004421,1,
write,write,,,audio_small,pg_bytea,8,03-01-05-02-01-01-15_r08.wav,396294,0.010436,1,
write,write,,,audio_small,polyglot,8,03-01-05-02-01-01-15_r08.wav,396294,0.006718,1,
write,write,,,audio_small,polyglot,8,03-01-05-02-01-01-16_r08.wav,399494,0.004752,1,
write,write,,,audio_small,pg_bytea,8,03-01-05-02-01-01-16_r08.wav,399494,0.011560,1,
write,write,,,audio_small,mongo_gridfs,8,03-01-05-02-01-01-16_r08.wav,399494,0.006888,1,
write,write,,,audio_small,polyglot,8,03-01-05-02-01-01-17_r08.wav,363108,0.006016,1,
write,write,,,audio_small,pg_bytea,8,03-01-05-02-01-01-17_r08.wav,363108,0.010205,1,
write,write,,,audio_small,mongo_gridfs,8,03-01-05-02-01-01-17_r08.wav,363108,0.005534,1,
write,write,,,audio_small,polyglot,8,03-01-05-02-02-01-09_r08.wav,396294,0.005253,1,
write,write,,,audio_small,pg_bytea,8,03-01-05-02-02-01-09_r08.wav,396294,0.011443,1,
write,write,,,audio_small,mongo_gridfs,8,03-01-05-02-02-01-09_r08.wav,396294,0.004545,1,
write,write,,,audio_small,pg_bytea,8,03-01-05-02-02-01-21_r08.wav,375720,0.010243,1,
write,write,,,audio_small,polyglot,8,03-01-05-02-02-01-21_r08.wav,375720,0.006356,1,
write,write,,,audio_small,mongo_gridfs,8,03-01-05-02-02-01-21_r08.wav,375720,0.003998,1,
write,write,,,audio_small,pg_bytea,8,03-01-05-02-02-01-22_r08.wav,379106,0.010626,1,
write,write,,,audio_small,polyglot,8,03-01-05-02-02-01-22_r08.wav,379106,0.004101,1,
write,write,,,audio_small,mongo_gridfs,8,03-01-05-02-02-01-22_r08.wav,379106,0.003881,1,
write,write,,,audio_medium,polyglot,8,03-02-01-01-01-02-22_r08.wav,526650,0.005378,1,
write,write,,,audio_medium,pg_bytea,8,03-02-01-01-01-02-22_r08.wav,526650,0.021437,1,
write,write,,,audio_medium,mongo_gridfs,8,03-02-01-01-01-02-22_r08.wav,526650,0.005581,1,
write,write,,,audio_medium,polyglot,8,03-02-01-01-01-02-23_r08.wav,539464,0.005607,1,
write,write,,,audio_medium,mongo_gridfs,8,03-02-01-01-01-02-23_r08.wav,539464,0.005213,1,
write,write,,,audio_medium,pg_bytea,8,03-02-01-01-01-02-23_r08.wav,539464,0.014500,1,
write,write,,,audio_medium,polyglot,8,03-02-01-01-02-02-02_r08.wav,539464,0.005872,1,
write,write,,,audio_medium,pg_bytea,8,03-02-01-01-02-02-02_r08.wav,539464,0.013216,1,
write,write,,,audio_medium,mongo_gridfs,8,03-02-01-01-02-02-02_r08.wav,539464,0.007374,1,
write,write,,,audio_medium,mongo_gridfs,8,03-02-01-01-02-02-03_r08.wav,520242,0.005539,1,
write,write,,,audio_medium,polyglot,8,03-02-01-01-02-02-03_r08.wav,520242,0.005266,1,
write,write,,,audio_medium,pg_bytea,8,03-02-01-01-02-02-03_r08.wav,520242,0.013894,1,
write,write,,,audio_medium,polyglot,8,03-02-01-01-02-02-16_r08.wav,539464,0.006307,1,
write,write,,,audio_medium,mongo_gridfs,8,03-02-01-01-02-02-16_r08.wav,539464,0.006031,1,
write,write,,,audio_medium,pg_bytea,8,03-02-01-01-02-02-16_r08.wav,539464,0.024698,1,
write,write,,,audio_medium,polyglot,8,03-02-01-01-02-02-17_r08.wav,561888,0.008590,1,
write,write,,,audio_medium,pg_bytea,8,03-02-01-01-02-02-17_r08.wav,561888,0.014453,1,
write,write,,,audio_medium,mongo_gridfs,8,03-02-01-01-02-02-17_r08.wav,561888,0.009466,1,
write,write,,,audio_medium,polyglot,8,03-02-01-02-01-02-01_r08.wav,533056,0.007044,1,
write,write,,,audio_medium,pg_bytea,8,03-02-01-02-01-02-01_r08.wav,533056,0.014617,1,
write,write,,,audio_medium,mongo_gridfs,8,03-02-01-02-01-02-01_r08.wav,533056,0.006730,1,
write,write,,,audio_medium,polyglot,8,03-02-01-02-01-02-02_r08.wav,523448,0.005588,1,
write,write,,,audio_medium,mongo_gridfs,8,03-02-01-02-01-02-02_r08.wav,523448,0.005121,1,
write,write,,,audio_medium,pg_bytea,8,03-02-01-02-01-02-02_r08.wav,523448,0.017448,1,
write,write,,,audio_medium,polyglot,8,03-02-01-02-01-02-03_r08.wav,533056,0.006814,1,
write,write,,,audio_medium,pg_bytea,8,03-02-01-02-01-02-03_r08.wav,533056,0.016242,1,
write,write,,,audio_medium,mongo_gridfs,8,03-02-01-02-01-02-03_r08.wav,533056,0.006569,1,
write,write,,,audio_medium,pg_bytea,8,03-02-01-02-01-02-15_r08.wav,561882,0.015730,1,
write,write,,,audio_medium,polyglot,8,03-02-01-02-01-02-15_r08.wav,561882,0.007872,1,
write,write,,,audio_medium,mongo_gridfs,8,03-02-01-02-01-02-15_r08.wav,561882,0.007158,1,
write,write,,,audio_medium,mongo_gridfs,8,03-02-01-02-01-02-16_r08.wav,526650,0.006370,1,
write,write,,,audio_medium,pg_bytea,8,03-02-01-02-01-02-16_r08.wav,526650,0.016536,1,
write,write,,,audio_medium,polyglot,8,03-02-01-02-01-02-16_r08.wav,526650,0.008353,1,
write,write,,,audio_medium,pg_bytea,8,03-02-01-02-01-02-17_r08.wav,533056,0.016629,1,
write,write,,,audio_medium,polyglot,8,03-02-01-02-01-02-17_r08.wav,533056,0.007413,1,
write,write,,,audio_medium,mongo_gridfs,8,03-02-01-02-01-02-17_r08.wav,533056,0.006309,1,
write,write,,,audio_medium,polyglot,8,03-02-01-02-02-02-22_r08.wav,520242,0.005814,1,
write,write,,,audio_medium,mongo_gridfs,8,03-02-01-02-02-02-22_r08.wav,520242,0.006500,1,
write,write,,,audio_medium,pg_bytea,8,03-02-01-02-02-02-22_r08.wav,520242,0.013844,1,
write,write,,,audio_medium,mongo_gridfs,8,03-02-01-02-02-02-23_r08.wav,520242,0.006575,1,
write,write,,,audio_medium,polyglot,8,03-02-01-02-02-02-23_r08.wav,520242,0.006245,1,
write,write,,,audio_medium,pg_bytea,8,03-02-01-02-02-02-23_r08.wav,520242,0.015495,1,
write,write,,,audio_medium,polyglot,8,03-02-02-01-01-01-22_r08.wav,523448,0.008200,1,
write,write,,,audio_medium,pg_bytea,8,03-02-02-01-01-01-22_r08.wav,523448,0.013466,1,
write,write,,,audio_medium,mongo_gridfs,8,03-02-02-01-01-01-22_r08.wav,523448,0.006548,1,
write,write,,,audio_medium,polyglot,8,03-02-02-01-01-01-23_r08.wav,561888,0.007297,1,
write,write,,,audio_medium,mongo_gridfs,8,03-02-02-01-01-01-23_r08.wav,561888,0.007027,1,
write,write,,,audio_medium,pg_bytea,8,03-02-02-01-01-01-23_r08.wav,561888,0.015072,1,
write,write,,,audio_medium,polyglot,8,03-02-02-01-02-01-01_r08.wav,520242,0.006617,1,
write,write,,,audio_medium,mongo_gridfs,8,03-02-02-01-02-01-01_r08.wav,520242,0.005662,1,
write,write,,,audio_medium,pg_bytea,8,03-02-02-01-02-01-01_r08.wav,520242,0.022777,1,
write,write,,,audio_medium,polyglot,8,03-02-02-01-02-01-02_r08.wav,539464,0.007193,1,
write,write,,,audio_medium,mongo_gridfs,8,03-02-02-01-02-01-02_r08.wav,539464,0.006339,1,
write,write,,,audio_medium,pg_bytea,8,03-02-02-01-02-01-02_r08.wav,539464,0.016414,1,
write,write,,,audio_medium,pg_bytea,8,03-02-02-01-02-01-03_r08.wav,533056,0.015288,1,
write,write,,,audio_medium,mongo_gridfs,8,03-02-02-01-02-01-03_r08.wav,533056,0.007185,1,
write,write,,,audio_medium,polyglot,8,03-02-02-01-02-01-03_r08.wav,533056,0.006377,1,
write,write,,,audio_medium,mongo_gridfs,8,03-02-02-01-02-01-16_r08.wav,561882,0.006255,1,
write,write,,,audio_medium,pg_bytea,8,03-02-02-01-02-01-16_r08.wav,561882,0.016858,1,
write,write,,,audio_medium,polyglot,8,03-02-02-01-02-01-16_r08.wav,561882,0.008514,1,
write,write,,,audio_medium,pg_bytea,8,03-02-02-02-01-01-01_r08.wav,539464,0.019468,1,
write,write,,,audio_medium,mongo_gridfs,8,03-02-02-02-01-01-01_r08.wav,539464,0.006805,1,
write,write,,,audio_medium,polyglot,8,03-02-02-02-01-01-01_r08.wav,539464,0.006388,1,
write,write,,,audio_medium,pg_bytea,8,03-02-02-02-01-01-02_r08.wav,526650,0.014192,1,
write,write,,,audio_medium,mongo_gridfs,8,03-02-02-02-01-01-02_r08.wav,526650,0.008679,1,
write,write,,,audio_medium,polyglot,8,03-02-02-02-01-01-02_r08.wav,526650,0.007609,1,
write,write,,,audio_medium,mongo_gridfs,8,03-02-02-02-01-01-15_r08.wav,539464,0.012577,1,
write,write,,,audio_medium,pg_bytea,8,03-02-02-02-01-01-15_r08.wav,539464,0.079848,1,
write,write,,,audio_medium,polyglot,8,03-02-02-02-01-01-15_r08.wav,539464,0.008490,1,
write,write,,,audio_medium,mongo_gridfs,8,03-02-02-02-01-01-16_r08.wav,520242,0.006286,1,
write,write,,,audio_medium,polyglot,8,03-02-02-02-01-01-16_r08.wav,520242,0.006070,1,
write,write,,,audio_medium,pg_bytea,8,03-02-02-02-01-01-16_r08.wav,520242,0.016348,1,
write,write,,,audio_medium,pg_bytea,8,03-02-02-02-01-01-17_r08.wav,539464,0.015302,1,
write,write,,,audio_medium,mongo_gridfs,8,03-02-02-02-01-01-17_r08.wav,539464,0.008569,1,
write,write,,,audio_medium,polyglot,8,03-02-02-02-01-01-17_r08.wav,539464,0.007623,1,
write,write,,,audio_medium,pg_bytea,8,03-02-02-02-02-01-22_r08.wav,539464,0.018375,1,
write,write,,,audio_medium,polyglot,8,03-02-02-02-02-01-22_r08.wav,539464,0.008059,1,
write,write,,,audio_medium,mongo_gridfs,8,03-02-02-02-02-01-22_r08.wav,539464,0.007126,1,
write,write,,,audio_medium,polyglot,8,03-02-02-02-02-01-23_r08.wav,520242,0.006326,1,
write,write,,,audio_medium,mongo_gridfs,8,03-02-02-02-02-01-23_r08.wav,520242,0.006663,1,
write,write,,,audio_medium,pg_bytea,8,03-02-02-02-02-01-23_r08.wav,520242,0.016900,1,
write,write,,,audio_medium,mongo_gridfs,8,03-02-03-01-01-02-01_r08.wav,561882,0.006851,1,
write,write,,,audio_medium,polyglot,8,03-02-03-01-01-02-01_r08.wav,561882,0.007814,1,
write,write,,,audio_medium,pg_bytea,8,03-02-03-01-01-02-01_r08.wav,561882,0.017234,1,
write,write,,,audio_medium,pg_bytea,8,03-02-03-01-01-02-02_r08.wav,561882,0.017877,1,
write,write,,,audio_medium,mongo_gridfs,8,03-02-03-01-01-02-02_r08.wav,561882,0.010779,1,
write,write,,,audio_medium,polyglot,8,03-02-03-01-01-02-02_r08.wav,561882,0.007737,1,
write,write,,,audio_medium,polyglot,8,03-02-03-01-01-02-03_r08.wav,539464,0.006746,1,
write,write,,,audio_medium,mongo_gridfs,8,03-02-03-01-01-02-03_r08.wav,539464,0.006305,1,
write,write,,,audio_medium,pg_bytea,8,03-02-03-01-01-02-03_r08.wav,539464,0.015383,1,
write,write,,,audio_medium,polyglot,8,03-02-03-01-01-02-15_r08.wav,526650,0.010419,1,
write,write,,,audio_medium,pg_bytea,8,03-02-03-01-01-02-15_r08.wav,526650,0.015121,1,
write,write,,,audio_medium,mongo_gridfs,8,03-02-03-01-01-02-15_r08.wav,526650,0.006952,1,
write,write,,,audio_medium,pg_bytea,8,03-02-03-01-01-02-16_r08.wav,520242,0.016514,1,
write,write,,,audio_medium,polyglot,8,03-02-03-01-01-02-16_r08.wav,520242,0.008974,1,
write,write,,,audio_medium,mongo_gridfs,8,03-02-03-01-01-02-16_r08.wav,520242,0.009370,1,
write,write,,,audio_medium,pg_bytea,8,03-02-03-01-01-02-17_r08.wav,526650,0.018444,1,
write,write,,,audio_medium,polyglot,8,03-02-03-01-01-02-17_r08.wav,526650,0.007708,1,
write,write,,,audio_medium,mongo_gridfs,8,03-02-03-01-01-02-17_r08.wav,526650,0.007529,1,
write,write,,,audio_medium,mongo_gridfs,8,03-02-03-01-02-02-09_r08.wav,539464,0.006817,1,
write,write,,,audio_medium,pg_bytea,8,03-02-03-01-02-02-09_r08.wav,539464,0.016671,1,
write,write,,,audio_medium,polyglot,8,03-02-03-01-02-02-09_r08.wav,539464,0.007759,1,
write,write,,,audio_medium,mongo_gridfs,8,03-02-03-01-02-02-21_r08.wav,533056,0.017513,1,
write,write,,,audio_medium,pg_bytea,8,03-02-03-01-02-02-21_r08.wav,533056,0.017687,1,
write,write,,,audio_medium,polyglot,8,03-02-03-01-02-02-21_r08.wav,533056,0.007910,1,
write,write,,,audio_medium,pg_bytea,8,03-02-03-01-02-02-22_r08.wav,561888,0.018056,1,
write,write,,,audio_medium,mongo_gridfs,8,03-02-03-01-02-02-22_r08.wav,561888,0.008218,1,
write,write,,,audio_medium,polyglot,8,03-02-03-01-02-02-22_r08.wav,561888,0.008087,1,
write,write,,,audio_medium,pg_bytea,8,03-02-03-01-02-02-23_r08.wav,539464,0.033929,1,
write,write,,,audio_medium,mongo_gridfs,8,03-02-03-01-02-02-23_r08.wav,539464,0.007066,1,
write,write,,,audio_medium,polyglot,8,03-02-03-01-02-02-23_r08.wav,539464,0.009821,1,
write,write,,,audio_medium,mongo_gridfs,8,03-02-03-02-01-02-09_r08.wav,561882,0.008131,1,
write,write,,,audio_medium,pg_bytea,8,03-02-03-02-01-02-09_r08.wav,561882,0.016221,1,
write,write,,,audio_medium,polyglot,8,03-02-03-02-01-02-09_r08.wav,561882,0.007993,1,
write,write,,,audio_medium,polyglot,8,03-02-03-02-01-02-21_r08.wav,539464,0.006769,1,
write,write,,,audio_medium,mongo_gridfs,8,03-02-03-02-01-02-21_r08.wav,539464,0.005716,1,
write,write,,,audio_medium,pg_bytea,8,03-02-03-02-01-02-21_r08.wav,539464,0.018604,1,
write,write,,,audio_medium,pg_bytea,8,03-02-03-02-01-02-22_r08.wav,526650,0.019385,1,
write,write,,,audio_medium,mongo_gridfs,8,03-02-03-02-01-02-22_r08.wav,526650,0.008822,1,
write,write,,,audio_medium,polyglot,8,03-02-03-02-01-02-22_r08.wav,526650,0.006621,1,
write,write,,,audio_medium,pg_bytea,8,03-02-03-02-01-02-23_r08.wav,561888,0.022987,1,
write,write,,,audio_medium,mongo_gridfs,8,03-02-03-02-01-02-23_r08.wav,561888,0.007789,1,
write,write,,,audio_medium,polyglot,8,03-02-03-02-01-02-23_r08.wav,561888,0.006534,1,
write,write,,,audio_medium,mongo_gridfs,8,03-02-03-02-02-02-01_r08.wav,561882,0.006628,1,
write,write,,,audio_medium,pg_bytea,8,03-02-03-02-02-02-01_r08.wav,561882,0.017776,1,
write,write,,,audio_medium,polyglot,8,03-02-03-02-02-02-01_r08.wav,561882,0.008163,1,
write,write,,,audio_medium,mongo_gridfs,8,03-02-03-02-02-02-02_r08.wav,523448,0.005729,1,
write,write,,,audio_medium,pg_bytea,8,03-02-03-02-02-02-02_r08.wav,523448,0.023839,1,
write,write,,,audio_medium,polyglot,8,03-02-03-02-02-02-02_r08.wav,523448,0.008189,1,
write,write,,,audio_medium,mongo_gridfs,8,03-02-03-02-02-02-03_r08.wav,561888,0.010395,1,
write,write,,,audio_medium,pg_bytea,8,03-02-03-02-02-02-03_r08.wav,561888,0.020295,1,
write,write,,,audio_medium,polyglot,8,03-02-03-02-02-02-03_r08.wav,561888,0.008051,1,
write,write,,,audio_medium,polyglot,8,03-02-03-02-02-02-15_r08.wav,523448,0.006301,1,
write,write,,,audio_medium,mongo_gridfs,8,03-02-03-02-02-02-15_r08.wav,523448,0.004988,1,
write,write,,,audio_medium,pg_bytea,8,03-02-03-02-02-02-15_r08.wav,523448,0.015845,1,
write,write,,,audio_medium,mongo_gridfs,8,03-02-03-02-02-02-16_r08.wav,561882,0.010959,1,
write,write,,,audio_medium,polyglot,8,03-02-03-02-02-02-16_r08.wav,561882,0.009592,1,
write,write,,,audio_medium,pg_bytea,8,03-02-03-02-02-02-16_r08.wav,561882,0.016799,1,
write,write,,,audio_medium,pg_bytea,8,03-02-03-02-02-02-17_r08.wav,523448,0.019178,1,
write,write,,,audio_medium,mongo_gridfs,8,03-02-03-02-02-02-17_r08.wav,523448,0.007414,1,
write,write,,,audio_medium,polyglot,8,03-02-03-02-02-02-17_r08.wav,523448,0.007474,1,
write,write,,,audio_medium,polyglot,8,03-02-04-01-01-02-05_r08.wav,561882,0.007915,1,
write,write,,,audio_medium,pg_bytea,8,03-02-04-01-01-02-05_r08.wav,561882,0.022029,1,
write,write,,,audio_medium,mongo_gridfs,8,03-02-04-01-01-02-05_r08.wav,561882,0.008238,1,
write,write,,,audio_medium,polyglot,8,03-02-04-01-01-02-06_r08.wav,526650,0.022597,1,
write,write,,,audio_medium,pg_bytea,8,03-02-04-01-01-02-06_r08.wav,526650,0.022157,1,
write,write,,,audio_medium,mongo_gridfs,8,03-02-04-01-01-02-06_r08.wav,526650,0.008596,1,
write,write,,,audio_medium,pg_bytea,8,03-02-04-01-01-02-07_r08.wav,523448,0.017279,1,
write,write,,,audio_medium,polyglot,8,03-02-04-01-01-02-07_r08.wav,523448,0.007323,1,
write,write,,,audio_medium,mongo_gridfs,8,03-02-04-01-01-02-07_r08.wav,523448,0.006714,1,
write,write,,,audio_medium,polyglot,8,03-02-04-01-01-02-11_r08.wav,539464,0.010443,1,
write,write,,,audio_medium,pg_bytea,8,03-02-04-01-01-02-11_r08.wav,539464,0.016915,1,
write,write,,,audio_medium,mongo_gridfs,8,03-02-04-01-01-02-11_r08.wav,539464,0.011412,1,
write,write,,,audio_medium,polyglot,8,03-02-04-01-01-02-12_r08.wav,523448,0.006977,1,
write,write,,,audio_medium,pg_bytea,8,03-02-04-01-01-02-12_r08.wav,523448,0.018769,1,
write,write,,,audio_medium,mongo_gridfs,8,03-02-04-01-01-02-12_r08.wav,523448,0.008890,1,
write,write,,,audio_medium,pg_bytea,8,03-02-04-01-01-02-13_r08.wav,539464,0.016474,1,
write,write,,,audio_medium,mongo_gridfs,8,03-02-04-01-01-02-13_r08.wav,539464,0.007434,1,
write,write,,,audio_medium,polyglot,8,03-02-04-01-01-02-13_r08.wav,539464,0.007269,1,
write,write,,,audio_medium,polyglot,8,03-02-04-01-02-02-19_r08.wav,561888,0.006758,1,
write,write,,,audio_medium,pg_bytea,8,03-02-04-01-02-02-19_r08.wav,561888,0.019928,1,
write,write,,,audio_medium,mongo_gridfs,8,03-02-04-01-02-02-19_r08.wav,561888,0.009180,1,
write,write,,,audio_medium,polyglot,8,03-02-04-02-02-02-05_r08.wav,526650,0.006287,1,
write,write,,,audio_medium,mongo_gridfs,8,03-02-04-02-02-02-05_r08.wav,526650,0.005458,1,
write,write,,,audio_medium,pg_bytea,8,03-02-04-02-02-02-05_r08.wav,526650,0.014428,1,
write,write,,,audio_medium,pg_bytea,8,03-02-04-02-02-02-06_r08.wav,526650,0.020499,1,
write,write,,,audio_medium,mongo_gridfs,8,03-02-04-02-02-02-06_r08.wav,526650,0.007213,1,
write,write,,,audio_medium,polyglot,8,03-02-04-02-02-02-06_r08.wav,526650,0.006574,1,
write,write,,,audio_medium,pg_bytea,8,03-02-04-02-02-02-07_r08.wav,561888,0.019604,1,
write,write,,,audio_medium,mongo_gridfs,8,03-02-04-02-02-02-07_r08.wav,561888,0.007401,1,
write,write,,,audio_medium,polyglot,8,03-02-04-02-02-02-07_r08.wav,561888,0.007243,1,
write,write,,,audio_medium,mongo_gridfs,8,03-02-04-02-02-02-11_r08.wav,561888,0.006538,1,
write,write,,,audio_medium,pg_bytea,8,03-02-04-02-02-02-11_r08.wav,561888,0.020083,1,
write,write,,,audio_medium,polyglot,8,03-02-04-02-02-02-11_r08.wav,561888,0.009757,1,
write,write,,,audio_medium,polyglot,8,03-02-04-02-02-02-12_r08.wav,523448,0.007062,1,
write,write,,,audio_medium,mongo_gridfs,8,03-02-04-02-02-02-12_r08.wav,523448,0.006560,1,
write,write,,,audio_medium,pg_bytea,8,03-02-04-02-02-02-12_r08.wav,523448,0.016515,1,
write,write,,,audio_medium,pg_bytea,8,03-02-04-02-02-02-13_r08.wav,533056,0.016673,1,
write,write,,,audio_medium,polyglot,8,03-02-04-02-02-02-13_r08.wav,533056,0.008007,1,
write,write,,,audio_medium,mongo_gridfs,8,03-02-04-02-02-02-13_r08.wav,533056,0.006346,1,
write,write,,,audio_medium,polyglot,8,03-02-05-01-02-01-06_r08.wav,561882,0.006738,1,
write,write,,,audio_medium,mongo_gridfs,8,03-02-05-01-02-01-06_r08.wav,561882,0.006645,1,
write,write,,,audio_medium,pg_bytea,8,03-02-05-01-02-01-06_r08.wav,561882,0.015792,1,
write,write,,,audio_medium,pg_bytea,8,03-02-05-01-02-01-07_r08.wav,520242,0.015941,1,
write,write,,,audio_medium,polyglot,8,03-02-05-01-02-01-07_r08.wav,520242,0.008889,1,
write,write,,,audio_medium,mongo_gridfs,8,03-02-05-01-02-01-07_r08.wav,520242,0.006237,1,
write,write,,,audio_medium,mongo_gridfs,8,03-02-05-01-02-01-12_r08.wav,520242,0.010145,1,
write,write,,,audio_medium,polyglot,8,03-02-05-01-02-01-12_r08.wav,520242,0.006462,1,
write,write,,,audio_medium,pg_bytea,8,03-02-05-01-02-01-12_r08.wav,520242,0.021288,1,
write,write,,,audio_medium,pg_bytea,8,03-02-05-01-02-01-13_r08.wav,561888,0.018535,1,
write,write,,,audio_medium,polyglot,8,03-02-05-01-02-01-13_r08.wav,561888,0.007739,1,
write,write,,,audio_medium,mongo_gridfs,8,03-02-05-01-02-01-13_r08.wav,561888,0.006701,1,
write,write,,,audio_medium,mongo_gridfs,8,03-02-05-02-01-01-05_r08.wav,539464,0.008733,1,
write,write,,,audio_medium,pg_bytea,8,03-02-05-02-01-01-05_r08.wav,539464,0.019664,1,
write,write,,,audio_medium,polyglot,8,03-02-05-02-01-01-05_r08.wav,539464,0.008212,1,
write,write,,,audio_medium,pg_bytea,8,03-02-05-02-01-01-06_r08.wav,561888,0.015286,1,
write,write,,,audio_medium,polyglot,8,03-02-05-02-01-01-06_r08.wav,561888,0.008416,1,
write,write,,,audio_medium,mongo_gridfs,8,03-02-05-02-01-01-06_r08.wav,561888,0.005843,1,
write,write,,,audio_medium,mongo_gridfs,8,03-02-05-02-01-01-07_r08.wav,533056,0.006442,1,
write,write,,,audio_medium,pg_bytea,8,03-02-05-02-01-01-07_r08.wav,533056,0.023780,1,
write,write,,,audio_medium,polyglot,8,03-02-05-02-01-01-07_r08.wav,533056,0.008075,1,
write,write,,,audio_medium,mongo_gridfs,8,03-02-05-02-01-01-11_r08.wav,561888,0.006828,1,
write,write,,,audio_medium,polyglot,8,03-02-05-02-01-01-11_r08.wav,561888,0.007357,1,
write,write,,,audio_medium,pg_bytea,8,03-02-05-02-01-01-11_r08.wav,561888,0.020600,1,
write,write,,,audio_medium,mongo_gridfs,8,03-02-05-02-01-01-12_r08.wav,533056,0.007099,1,
write,write,,,audio_medium,pg_bytea,8,03-02-05-02-01-01-12_r08.wav,533056,0.025964,1,
write,write,,,audio_medium,polyglot,8,03-02-05-02-01-01-12_r08.wav,533056,0.008364,1,
write,write,,,audio_medium,polyglot,8,03-02-05-02-01-01-13_r08.wav,526650,0.006540,1,
write,write,,,audio_medium,mongo_gridfs,8,03-02-05-02-01-01-13_r08.wav,526650,0.006830,1,
write,write,,,audio_medium,pg_bytea,8,03-02-05-02-01-01-13_r08.wav,526650,0.017791,1,
write,write,,,video_small,polyglot,8,01-01-01-01-01-01-22_r08.mp4,5457041,0.054479,1,
write,write,,,video_small,mongo_gridfs,8,01-01-01-01-01-01-22_r08.mp4,5457041,0.045809,1,
write,write,,,video_small,pg_bytea,8,01-01-01-01-01-01-22_r08.mp4,5457041,0.176658,1,
write,write,,,video_small,mongo_gridfs,8,01-01-01-01-01-02-01_r08.mp4,5457041,0.054688,1,
write,write,,,video_small,pg_bytea,8,01-01-01-01-01-02-01_r08.mp4,5457041,0.170278,1,
write,write,,,video_small,polyglot,8,01-01-01-01-01-02-01_r08.mp4,5457041,0.046913,1,
write,write,,,video_small,mongo_gridfs,8,01-01-01-01-01-02-15_r08.mp4,5457041,0.053111,1,
write,write,,,video_small,polyglot,8,01-01-01-01-01-02-15_r08.mp4,5457041,0.049253,1,
write,write,,,video_small,pg_bytea,8,01-01-01-01-01-02-15_r08.mp4,5457041,0.186042,1,
write,write,,,video_small,pg_bytea,8,01-01-01-01-02-01-06_r08.mp4,5457041,0.150415,1,
write,write,,,video_small,polyglot,8,01-01-01-01-02-01-06_r08.mp4,5457041,0.054530,1,
write,write,,,video_small,mongo_gridfs,8,01-01-01-01-02-01-06_r08.mp4,5457041,0.046981,1,
write,write,,,video_small,polyglot,8,01-01-01-01-02-01-13_r08.mp4,5457041,0.046731,1,
write,write,,,video_small,pg_bytea,8,01-01-01-01-02-01-13_r08.mp4,5457041,0.174589,1,
write,write,,,video_small,mongo_gridfs,8,01-01-01-01-02-01-13_r08.mp4,5457041,0.053892,1,
write,write,,,video_small,mongo_gridfs,8,01-01-01-01-02-01-14_r08.mp4,5457041,0.046986,1,
write,write,,,video_small,polyglot,8,01-01-01-01-02-01-14_r08.mp4,5457041,0.047028,1,
write,write,,,video_small,pg_bytea,8,01-01-01-01-02-01-14_r08.mp4,5457041,0.165753,1,
write,write,,,video_small,pg_bytea,8,01-01-01-01-02-02-09_r08.mp4,5498397,0.150141,1,
write,write,,,video_small,polyglot,8,01-01-01-01-02-02-09_r08.mp4,5498397,0.045879,1,
write,write,,,video_small,mongo_gridfs,8,01-01-01-01-02-02-09_r08.mp4,5498397,0.050313,1,
write,write,,,video_small,mongo_gridfs,8,01-01-01-02-01-01-01_r08.mp4,5498397,0.046353,1,
write,write,,,video_small,pg_bytea,8,01-01-01-02-01-01-01_r08.mp4,5498397,0.166806,1,
write,write,,,video_small,polyglot,8,01-01-01-02-01-01-01_r08.mp4,5498397,2.108419,1,
write,write,,,video_small,pg_bytea,8,01-01-01-02-01-01-05_r08.mp4,5457041,0.166957,1,
write,write,,,video_small,polyglot,8,01-01-01-02-01-01-05_r08.mp4,5457041,0.044503,1,
write,write,,,video_small,mongo_gridfs,8,01-01-01-02-01-01-05_r08.mp4,5457041,0.039758,1,
write,write,,,video_small,polyglot,8,01-01-01-02-01-01-15_r08.mp4,5457041,0.047682,1,
write,write,,,video_small,mongo_gridfs,8,01-01-01-02-01-01-15_r08.mp4,5457041,0.048885,1,
write,write,,,video_small,pg_bytea,8,01-01-01-02-01-01-15_r08.mp4,5457041,0.153173,1,
write,write,,,video_small,pg_bytea,8,01-01-01-02-02-01-18_r08.mp4,5457041,0.157538,1,
write,write,,,video_small,polyglot,8,01-01-01-02-02-01-18_r08.mp4,5457041,0.083527,1,
write,write,,,video_small,mongo_gridfs,8,01-01-01-02-02-01-18_r08.mp4,5457041,0.070167,1,
write,write,,,video_small,pg_bytea,8,01-01-01-02-02-01-19_r08.mp4,5457041,0.154977,1,
write,write,,,video_small,mongo_gridfs,8,01-01-01-02-02-01-19_r08.mp4,5457041,0.043184,1,
write,write,,,video_small,polyglot,8,01-01-01-02-02-01-19_r08.mp4,5457041,0.050874,1,
write,write,,,video_small,mongo_gridfs,8,01-01-02-01-01-02-09_r08.mp4,5498397,0.044713,1,
write,write,,,video_small,pg_bytea,8,01-01-02-01-01-02-09_r08.mp4,5498397,0.172352,1,
write,write,,,video_small,polyglot,8,01-01-02-01-01-02-09_r08.mp4,5498397,0.047355,1,
write,write,,,video_small,polyglot,8,01-01-02-01-01-02-18_r08.mp4,5498397,0.043409,1,
write,write,,,video_small,pg_bytea,8,01-01-02-01-01-02-18_r08.mp4,5498397,0.172467,1,
write,write,,,video_small,mongo_gridfs,8,01-01-02-01-01-02-18_r08.mp4,5498397,0.045184,1,
write,write,,,video_small,pg_bytea,8,01-01-02-01-01-02-23_r08.mp4,5498397,0.160749,1,
write,write,,,video_small,polyglot,8,01-01-02-01-01-02-23_r08.mp4,5498397,0.048938,1,
write,write,,,video_small,mongo_gridfs,8,01-01-02-01-01-02-23_r08.mp4,5498397,0.051321,1,
write,write,,,video_small,mongo_gridfs,8,01-01-02-01-02-01-09_r08.mp4,5498397,0.049314,1,
write,write,,,video_small,polyglot,8,01-01-02-01-02-01-09_r08.mp4,5498397,0.078920,1,
write,write,,,video_small,pg_bytea,8,01-01-02-01-02-01-09_r08.mp4,5498397,0.172557,1,
write,write,,,video_small,pg_bytea,8,01-01-02-01-02-02-01_r08.mp4,5498397,0.163067,1,
write,write,,,video_small,mongo_gridfs,8,01-01-02-01-02-02-01_r08.mp4,5498397,0.040925,1,
write,write,,,video_small,polyglot,8,01-01-02-01-02-02-01_r08.mp4,5498397,0.044483,1,
write,write,,,video_small,polyglot,8,01-01-02-01-02-02-03_r08.mp4,5498397,0.050587,1,
write,write,,,video_small,pg_bytea,8,01-01-02-01-02-02-03_r08.mp4,5498397,0.176592,1,
write,write,,,video_small,mongo_gridfs,8,01-01-02-01-02-02-03_r08.mp4,5498397,0.043000,1,
write,write,,,video_small,pg_bytea,8,01-01-02-02-01-02-02_r08.mp4,5498397,0.160348,1,
write,write,,,video_small,polyglot,8,01-01-02-02-01-02-02_r08.mp4,5498397,0.042849,1,
write,write,,,video_small,mongo_gridfs,8,01-01-02-02-01-02-02_r08.mp4,5498397,0.043512,1,
write,write,,,video_small,polyglot,8,01-01-02-02-01-02-03_r08.mp4,5498397,0.041960,1,
write,write,,,video_small,pg_bytea,8,01-01-02-02-01-02-03_r08.mp4,5498397,0.222546,1,
write,write,,,video_small,mongo_gridfs,8,01-01-02-02-01-02-03_r08.mp4,5498397,0.042009,1,
write,write,,,video_small,polyglot,8,01-01-02-02-01-02-05_r08.mp4,5498397,0.047658,1,
write,write,,,video_small,mongo_gridfs,8,01-01-02-02-01-02-05_r08.mp4,5498397,0.043151,1,
write,write,,,video_small,pg_bytea,8,01-01-02-02-01-02-05_r08.mp4,5498397,0.177655,1,
write,write,,,video_small,mongo_gridfs,8,01-01-02-02-01-02-10_r08.mp4,5457041,0.045797,1,
write,write,,,video_small,pg_bytea,8,01-01-02-02-01-02-10_r08.mp4,5457041,0.152203,1,
write,write,,,video_small,polyglot,8,01-01-02-02-01-02-10_r08.mp4,5457041,0.045615,1,
write,write,,,video_small,pg_bytea,8,01-01-02-02-01-02-13_r08.mp4,5457041,0.168242,1,
write,write,,,video_small,polyglot,8,01-01-02-02-01-02-13_r08.mp4,5457041,2.044509,1,
write,write,,,video_small,mongo_gridfs,8,01-01-02-02-01-02-13_r08.mp4,5457041,0.065969,1,
write,write,,,video_small,polyglot,8,01-01-02-02-01-02-17_r08.mp4,5457041,0.046306,1,
write,write,,,video_small,pg_bytea,8,01-01-02-02-01-02-17_r08.mp4,5457041,0.161809,1,
write,write,,,video_small,mongo_gridfs,8,01-01-02-02-01-02-17_r08.mp4,5457041,0.043880,1,
write,write,,,video_small,pg_bytea,8,01-01-02-02-02-02-18_r08.mp4,5457041,0.143590,1,
write,write,,,video_small,mongo_gridfs,8,01-01-02-02-02-02-18_r08.mp4,5457041,0.127522,1,
write,write,,,video_small,polyglot,8,01-01-02-02-02-02-18_r08.mp4,5457041,0.048672,1,
write,write,,,video_small,mongo_gridfs,8,01-01-02-02-02-02-19_r08.mp4,5457041,0.052958,1,
write,write,,,video_small,pg_bytea,8,01-01-02-02-02-02-19_r08.mp4,5457041,0.163309,1,
write,write,,,video_small,polyglot,8,01-01-02-02-02-02-19_r08.mp4,5457041,0.046325,1,
write,write,,,video_small,polyglot,8,01-01-02-02-02-02-21_r08.mp4,5498397,0.050053,1,
write,write,,,video_small,mongo_gridfs,8,01-01-02-02-02-02-21_r08.mp4,5498397,0.048014,1,
write,write,,,video_small,pg_bytea,8,01-01-02-02-02-02-21_r08.mp4,5498397,0.157057,1,
write,write,,,video_small,mongo_gridfs,8,01-01-02-02-02-02-22_r08.mp4,5457041,0.050949,1,
write,write,,,video_small,pg_bytea,8,01-01-02-02-02-02-22_r08.mp4,5457041,0.147801,1,
write,write,,,video_small,polyglot,8,01-01-02-02-02-02-22_r08.mp4,5457041,0.043665,1,
write,write,,,video_small,mongo_gridfs,8,01-01-02-02-02-02-23_r08.mp4,5457041,0.043585,1,
write,write,,,video_small,pg_bytea,8,01-01-02-02-02-02-23_r08.mp4,5457041,0.150953,1,
write,write,,,video_small,polyglot,8,01-01-02-02-02-02-23_r08.mp4,5457041,0.053892,1,
write,write,,,video_small,mongo_gridfs,8,01-01-03-01-01-01-12_r08.mp4,5457041,0.049541,1,
write,write,,,video_small,polyglot,8,01-01-03-01-01-01-12_r08.mp4,5457041,0.053192,1,
write,write,,,video_small,pg_bytea,8,01-01-03-01-01-01-12_r08.mp4,5457041,0.149475,1,
write,write,,,video_small,pg_bytea,8,01-01-03-01-01-01-15_r08.mp4,5457041,2.149836,1,
write,write,,,video_small,polyglot,8,01-01-03-01-01-01-15_r08.mp4,5457041,0.052541,1,
write,write,,,video_small,mongo_gridfs,8,01-01-03-01-01-01-15_r08.mp4,5457041,0.045632,1,
write,write,,,video_small,mongo_gridfs,8,01-01-03-01-02-01-08_r08.mp4,5498397,0.046492,1,
write,write,,,video_small,pg_bytea,8,01-01-03-01-02-01-08_r08.mp4,5498397,0.147747,1,
write,write,,,video_small,polyglot,8,01-01-03-01-02-01-08_r08.mp4,5498397,0.059643,1,
write,write,,,video_small,polyglot,8,01-01-03-01-02-01-21_r08.mp4,5498397,0.044109,1,
write,write,,,video_small,pg_bytea,8,01-01-03-01-02-01-21_r08.mp4,5498397,0.150983,1,
write,write,,,video_small,mongo_gridfs,8,01-01-03-01-02-01-21_r08.mp4,5498397,0.042553,1,
write,write,,,video_small,mongo_gridfs,8,01-01-03-02-01-01-21_r08.mp4,5457041,0.049330,1,
write,write,,,video_small,polyglot,8,01-01-03-02-01-01-21_r08.mp4,5457041,0.046030,1,
write,write,,,video_small,pg_bytea,8,01-01-03-02-01-01-21_r08.mp4,5457041,0.147945,1,
write,write,,,video_small,polyglot,8,01-01-03-02-01-01-24_r08.mp4,5457041,0.045548,1,
write,write,,,video_small,mongo_gridfs,8,01-01-03-02-01-01-24_r08.mp4,5457041,0.050130,1,
write,write,,,video_small,pg_bytea,8,01-01-03-02-01-01-24_r08.mp4,5457041,0.152024,1,
write,write,,,video_small,polyglot,8,01-01-03-02-01-02-01_r08.mp4,5457041,0.048726,1,
write,write,,,video_small,mongo_gridfs,8,01-01-03-02-01-02-01_r08.mp4,5457041,0.044539,1,
write,write,,,video_small,pg_bytea,8,01-01-03-02-01-02-01_r08.mp4,5457041,0.151927,1,
write,write,,,video_small,mongo_gridfs,8,01-01-03-02-01-02-15_r08.mp4,5457041,0.043401,1,
write,write,,,video_small,polyglot,8,01-01-03-02-01-02-15_r08.mp4,5457041,0.040428,1,
write,write,,,video_small,pg_bytea,8,01-01-03-02-01-02-15_r08.mp4,5457041,0.145386,1,
write,write,,,video_small,mongo_gridfs,8,01-01-03-02-02-01-05_r08.mp4,5457041,0.053307,1,
write,write,,,video_small,pg_bytea,8,01-01-03-02-02-01-05_r08.mp4,5457041,0.142378,1,
write,write,,,video_small,polyglot,8,01-01-03-02-02-01-05_r08.mp4,5457041,0.040226,1,
write,write,,,video_small,polyglot,8,01-01-03-02-02-01-12_r08.mp4,5457041,0.044391,1,
write,write,,,video_small,pg_bytea,8,01-01-03-02-02-01-12_r08.mp4,5457041,0.147120,1,
write,write,,,video_small,mongo_gridfs,8,01-01-03-02-02-01-12_r08.mp4,5457041,1.989806,1,
write,write,,,video_small,polyglot,8,01-01-03-02-02-01-15_r08.mp4,5498397,0.062602,1,
write,write,,,video_small,mongo_gridfs,8,01-01-03-02-02-01-15_r08.mp4,5498397,0.043163,1,
write,write,,,video_small,pg_bytea,8,01-01-03-02-02-01-15_r08.mp4,5498397,0.150156,1,
write,write,,,video_small,pg_bytea,8,01-01-04-01-01-01-03_r08.mp4,5457041,0.141389,1,
write,write,,,video_small,mongo_gridfs,8,01-01-04-01-01-01-03_r08.mp4,5457041,0.046451,1,
write,write,,,video_small,polyglot,8,01-01-04-01-01-01-03_r08.mp4,5457041,0.056381,1,
write,write,,,video_small,pg_bytea,8,01-01-04-01-01-01-05_r08.mp4,5498397,0.174593,1,
write,write,,,video_small,polyglot,8,01-01-04-01-01-01-05_r08.mp4,5498397,0.049001,1,
write,write,,,video_small,mongo_gridfs,8,01-01-04-01-01-01-05_r08.mp4,5498397,0.042152,1,
write,write,,,video_small,polyglot,8,01-01-04-01-01-01-10_r08.mp4,5457041,0.042125,1,
write,write,,,video_small,mongo_gridfs,8,01-01-04-01-01-01-10_r08.mp4,5457041,0.049473,1,
write,write,,,video_small,pg_bytea,8,01-01-04-01-01-01-10_r08.mp4,5457041,0.158134,1,
write,write,,,video_small,mongo_gridfs,8,01-01-04-01-01-01-16_r08.mp4,5457041,0.042940,1,
write,write,,,video_small,polyglot,8,01-01-04-01-01-01-16_r08.mp4,5457041,0.045891,1,
write,write,,,video_small,pg_bytea,8,01-01-04-01-01-01-16_r08.mp4,5457041,0.147193,1,
write,write,,,video_small,pg_bytea,8,01-01-04-01-02-01-19_r08.mp4,5498397,0.154044,1,
write,write,,,video_small,mongo_gridfs,8,01-01-04-01-02-01-19_r08.mp4,5498397,0.046438,1,
write,write,,,video_small,polyglot,8,01-01-04-01-02-01-19_r08.mp4,5498397,0.044511,1,
write,write,,,video_small,pg_bytea,8,01-01-04-01-02-01-21_r08.mp4,5498397,0.153102,1,
write,write,,,video_small,polyglot,8,01-01-04-01-02-01-21_r08.mp4,5498397,0.049413,1,
write,write,,,video_small,mongo_gridfs,8,01-01-04-01-02-01-21_r08.mp4,5498397,0.045784,1,
write,write,,,video_small,mongo_gridfs,8,01-01-04-01-02-01-22_r08.mp4,5498397,0.044884,1,
write,write,,,video_small,polyglot,8,01-01-04-01-02-01-22_r08.mp4,5498397,0.047521,1,
write,write,,,video_small,pg_bytea,8,01-01-04-01-02-01-22_r08.mp4,5498397,2.207875,1,
write,write,,,video_small,polyglot,8,01-01-04-02-01-01-18_r08.mp4,5498397,0.091049,1,
write,write,,,video_small,pg_bytea,8,01-01-04-02-01-01-18_r08.mp4,5498397,0.148073,1,
write,write,,,video_small,mongo_gridfs,8,01-01-04-02-01-01-18_r08.mp4,5498397,0.045824,1,
write,write,,,video_small,mongo_gridfs,8,01-01-04-02-01-01-19_r08.mp4,5457041,0.044225,1,
write,write,,,video_small,pg_bytea,8,01-01-04-02-01-01-19_r08.mp4,5457041,0.159114,1,
write,write,,,video_small,polyglot,8,01-01-04-02-01-01-19_r08.mp4,5457041,0.049683,1,
write,write,,,video_small,polyglot,8,01-01-04-02-02-01-02_r08.mp4,5498397,0.045668,1,
write,write,,,video_small,pg_bytea,8,01-01-04-02-02-01-02_r08.mp4,5498397,0.149050,1,
write,write,,,video_small,mongo_gridfs,8,01-01-04-02-02-01-02_r08.mp4,5498397,0.045584,1,
write,write,,,video_small,polyglot,8,01-01-04-02-02-01-05_r08.mp4,5498397,0.051567,1,
write,write,,,video_small,mongo_gridfs,8,01-01-04-02-02-01-05_r08.mp4,5498397,0.045980,1,
write,write,,,video_small,pg_bytea,8,01-01-04-02-02-01-05_r08.mp4,5498397,0.142346,1,
write,write,,,video_small,pg_bytea,8,01-01-04-02-02-01-06_r08.mp4,5498397,0.157048,1,
write,write,,,video_small,polyglot,8,01-01-04-02-02-01-06_r08.mp4,5498397,0.043292,1,
write,write,,,video_small,mongo_gridfs,8,01-01-04-02-02-01-06_r08.mp4,5498397,0.047887,1,
write,write,,,video_small,pg_bytea,8,01-01-04-02-02-01-13_r08.mp4,5498397,0.147252,1,
write,write,,,video_small,polyglot,8,01-01-04-02-02-01-13_r08.mp4,5498397,0.046246,1,
write,write,,,video_small,mongo_gridfs,8,01-01-04-02-02-01-13_r08.mp4,5498397,0.046283,1,
write,write,,,video_small,pg_bytea,8,01-01-04-02-02-01-17_r08.mp4,5498397,0.143042,1,
write,write,,,video_small,mongo_gridfs,8,01-01-04-02-02-01-17_r08.mp4,5498397,0.047684,1,
write,write,,,video_small,polyglot,8,01-01-04-02-02-01-17_r08.mp4,5498397,0.045102,1,
write,write,,,video_small,pg_bytea,8,01-01-04-02-02-02-19_r08.mp4,5498397,0.167165,1,
write,write,,,video_small,polyglot,8,01-01-04-02-02-02-19_r08.mp4,5498397,0.051958,1,
write,write,,,video_small,mongo_gridfs,8,01-01-04-02-02-02-19_r08.mp4,5498397,0.043334,1,
write,write,,,video_small,pg_bytea,8,01-01-05-01-01-02-09_r08.mp4,5457041,0.176809,1,
write,write,,,video_small,polyglot,8,01-01-05-01-01-02-09_r08.mp4,5457041,0.043512,1,
write,write,,,video_small,mongo_gridfs,8,01-01-05-01-01-02-09_r08.mp4,5457041,0.042233,1,
write,write,,,video_small,pg_bytea,8,01-01-05-01-01-02-19_r08.mp4,5498397,0.178386,1,
write,write,,,video_small,mongo_gridfs,8,01-01-05-01-01-02-19_r08.mp4,5498397,0.044107,1,
write,write,,,video_small,polyglot,8,01-01-05-01-01-02-19_r08.mp4,5498397,0.046176,1,
write,write,,,video_small,pg_bytea,8,01-01-05-01-01-02-21_r08.mp4,5457041,0.181922,1,
write,write,,,video_small,mongo_gridfs,8,01-01-05-01-01-02-21_r08.mp4,5457041,0.045181,1,
write,write,,,video_small,polyglot,8,01-01-05-01-01-02-21_r08.mp4,5457041,0.044279,1,
write,write,,,video_small,polyglot,8,01-01-05-01-02-01-19_r08.mp4,5457041,0.045130,1,
write,write,,,video_small,pg_bytea,8,01-01-05-01-02-01-19_r08.mp4,5457041,0.158751,1,
write,write,,,video_small,mongo_gridfs,8,01-01-05-01-02-01-19_r08.mp4,5457041,0.044630,1,
write,write,,,video_small,mongo_gridfs,8,01-01-05-01-02-02-04_r08.mp4,5457041,0.045049,1,
write,write,,,video_small,pg_bytea,8,01-01-05-01-02-02-04_r08.mp4,5457041,0.183334,1,
write,write,,,video_small,polyglot,8,01-01-05-01-02-02-04_r08.mp4,5457041,0.046892,1,
write,write,,,video_small,mongo_gridfs,8,01-01-05-01-02-02-05_r08.mp4,5498397,0.050887,1,
write,write,,,video_small,polyglot,8,01-01-05-01-02-02-05_r08.mp4,5498397,0.043610,1,
write,write,,,video_small,pg_bytea,8,01-01-05-01-02-02-05_r08.mp4,5498397,0.190874,1,
write,write,,,video_small,polyglot,8,01-01-05-02-01-02-04_r08.mp4,5457041,0.106795,1,
write,write,,,video_small,mongo_gridfs,8,01-01-05-02-01-02-04_r08.mp4,5457041,0.044648,1,
write,write,,,video_small,pg_bytea,8,01-01-05-02-01-02-04_r08.mp4,5457041,0.158088,1,
write,write,,,video_small,pg_bytea,8,01-01-05-02-01-02-12_r08.mp4,5457041,0.156112,1,
write,write,,,video_small,polyglot,8,01-01-05-02-01-02-12_r08.mp4,5457041,0.046323,1,
write,write,,,video_small,mongo_gridfs,8,01-01-05-02-01-02-12_r08.mp4,5457041,0.043222,1,
write,write,,,video_small,pg_bytea,8,01-01-05-02-01-02-14_r08.mp4,5457041,0.146421,1,
write,write,,,video_small,polyglot,8,01-01-05-02-01-02-14_r08.mp4,5457041,0.053108,1,
write,write,,,video_small,mongo_gridfs,8,01-01-05-02-01-02-14_r08.mp4,5457041,0.043039,1,
write,write,,,video_small,pg_bytea,8,01-01-05-02-02-02-19_r08.mp4,5498397,0.164997,1,
write,write,,,video_small,polyglot,8,01-01-05-02-02-02-19_r08.mp4,5498397,0.054571,1,
write,write,,,video_small,mongo_gridfs,8,01-01-05-02-02-02-19_r08.mp4,5498397,0.047438,1,
write,write,,,video_small,pg_bytea,8,01-01-05-02-02-02-20_r08.mp4,5498397,0.175264,1,
write,write,,,video_small,polyglot,8,01-01-05-02-02-02-20_r08.mp4,5498397,0.046859,1,
write,write,,,video_small,mongo_gridfs,8,01-01-05-02-02-02-20_r08.mp4,5498397,0.044931,1,
write,write,,,video_small,mongo_gridfs,8,01-01-05-02-02-02-23_r08.mp4,5457041,0.044787,1,
write,write,,,video_small,pg_bytea,8,01-01-05-02-02-02-23_r08.mp4,5457041,0.151068,1,
write,write,,,video_small,polyglot,8,01-01-05-02-02-02-23_r08.mp4,5457041,0.058719,1,
write,write,,,video_small,mongo_gridfs,8,01-01-06-01-01-01-08_r08.mp4,5457041,0.081812,1,
write,write,,,video_small,polyglot,8,01-01-06-01-01-01-08_r08.mp4,5457041,0.041686,1,
write,write,,,video_small,pg_bytea,8,01-01-06-01-01-01-08_r08.mp4,5457041,0.198342,1,
write,write,,,video_small,polyglot,8,01-01-06-01-01-01-19_r08.mp4,5457041,0.059963,1,
write,write,,,video_small,mongo_gridfs,8,01-01-06-01-01-01-19_r08.mp4,5457041,0.048107,1,
write,write,,,video_small,pg_bytea,8,01-01-06-01-01-01-19_r08.mp4,5457041,0.163749,1,
write,write,,,video_small,polyglot,8,01-01-06-01-01-01-24_r08.mp4,5498397,2.092760,1,
write,write,,,video_small,mongo_gridfs,8,01-01-06-01-01-01-24_r08.mp4,5498397,0.065721,1,
write,write,,,video_small,pg_bytea,8,01-01-06-01-01-01-24_r08.mp4,5498397,0.162400,1,
write,write,,,video_medium,mongo_gridfs,8,tsinghua_v_0024_r08.mp4,13091522,0.106739,1,
write,write,,,video_medium,pg_bytea,8,tsinghua_v_0024_r08.mp4,13091522,0.422190,1,
write,write,,,video_medium,polyglot,8,tsinghua_v_0024_r08.mp4,13091522,0.126142,1,
write,write,,,video_medium,pg_bytea,8,tsinghua_v_0046_r08.mp4,13091522,0.372688,1,
write,write,,,video_medium,mongo_gridfs,8,tsinghua_v_0046_r08.mp4,13091522,0.110713,1,
write,write,,,video_medium,polyglot,8,tsinghua_v_0046_r08.mp4,13091522,0.135477,1,
write,write,,,video_medium,mongo_gridfs,8,tsinghua_v_0076_r08.mp4,13091522,0.104503,1,
write,write,,,video_medium,polyglot,8,tsinghua_v_0076_r08.mp4,13091522,0.127356,1,
write,write,,,video_medium,pg_bytea,8,tsinghua_v_0076_r08.mp4,13091522,0.484088,1,
write,write,,,video_medium,polyglot,8,tsinghua_v_0080_r08.mp4,13091522,0.109510,1,
write,write,,,video_medium,mongo_gridfs,8,tsinghua_v_0080_r08.mp4,13091522,0.117593,1,
write,write,,,video_medium,pg_bytea,8,tsinghua_v_0080_r08.mp4,13091522,0.364135,1,
write,write,,,video_medium,pg_bytea,8,tsinghua_v_0109_r08.mp4,13091522,0.350192,1,
write,write,,,video_medium,polyglot,8,tsinghua_v_0109_r08.mp4,13091522,0.105428,1,
write,write,,,video_medium,mongo_gridfs,8,tsinghua_v_0109_r08.mp4,13091522,0.128538,1,
write,write,,,video_medium,mongo_gridfs,8,tsinghua_v_0123_r08.mp4,13091522,0.105533,1,
write,write,,,video_medium,pg_bytea,8,tsinghua_v_0123_r08.mp4,13091522,0.399741,1,
write,write,,,video_medium,polyglot,8,tsinghua_v_0123_r08.mp4,13091522,0.102077,1,
write,write,,,video_medium,pg_bytea,8,tsinghua_v_0130_r08.mp4,13091522,0.374805,1,
write,write,,,video_medium,mongo_gridfs,8,tsinghua_v_0130_r08.mp4,13091522,0.100184,1,
write,write,,,video_medium,polyglot,8,tsinghua_v_0130_r08.mp4,13091522,0.120463,1,
write,write,,,video_medium,polyglot,8,tsinghua_v_0135_r08.mp4,13091522,0.099495,1,
write,write,,,video_medium,mongo_gridfs,8,tsinghua_v_0135_r08.mp4,13091522,0.108862,1,
write,write,,,video_medium,pg_bytea,8,tsinghua_v_0135_r08.mp4,13091522,0.394927,1,
write,write,,,video_medium,polyglot,8,tsinghua_v_0137_r08.mp4,13091522,0.105025,1,
write,write,,,video_medium,pg_bytea,8,tsinghua_v_0137_r08.mp4,13091522,0.343138,1,
write,write,,,video_medium,mongo_gridfs,8,tsinghua_v_0137_r08.mp4,13091522,0.120087,1,
write,write,,,video_medium,mongo_gridfs,8,tsinghua_v_0140_r08.mp4,13091522,0.136147,1,
write,write,,,video_medium,polyglot,8,tsinghua_v_0140_r08.mp4,13091522,0.127457,1,
write,write,,,video_medium,pg_bytea,8,tsinghua_v_0140_r08.mp4,13091522,0.814923,1,
write,write,,,video_medium,pg_bytea,8,tsinghua_v_0151_r08.mp4,13091522,0.457967,1,
write,write,,,video_medium,mongo_gridfs,8,tsinghua_v_0151_r08.mp4,13091522,0.101023,1,
write,write,,,video_medium,polyglot,8,tsinghua_v_0151_r08.mp4,13091522,0.132565,1,
write,write,,,video_medium,mongo_gridfs,8,tsinghua_v_0157_r08.mp4,13091522,0.098460,1,
write,write,,,video_medium,pg_bytea,8,tsinghua_v_0157_r08.mp4,13091522,2.032476,1,
write,write,,,video_medium,polyglot,8,tsinghua_v_0157_r08.mp4,13091522,0.357469,1,
write,write,,,video_medium,pg_bytea,8,tsinghua_v_0209_r08.mp4,13091522,0.790770,1,
write,write,,,video_medium,mongo_gridfs,8,tsinghua_v_0209_r08.mp4,13091522,0.101739,1,
write,write,,,video_medium,polyglot,8,tsinghua_v_0209_r08.mp4,13091522,0.113704,1,
write,write,,,video_medium,polyglot,8,tsinghua_v_0226_r08.mp4,13091522,0.107229,1,
write,write,,,video_medium,pg_bytea,8,tsinghua_v_0226_r08.mp4,13091522,0.326716,1,
write,write,,,video_medium,mongo_gridfs,8,tsinghua_v_0226_r08.mp4,13091522,0.107982,1,
write,write,,,video_medium,mongo_gridfs,8,tsinghua_v_0236_r08.mp4,13091522,0.116743,1,
write,write,,,video_medium,pg_bytea,8,tsinghua_v_0236_r08.mp4,13091522,0.395359,1,
write,write,,,video_medium,polyglot,8,tsinghua_v_0236_r08.mp4,13091522,0.099974,1,
write,write,,,video_medium,pg_bytea,8,tsinghua_v_0274_r08.mp4,13091522,0.342435,1,
write,write,,,video_medium,mongo_gridfs,8,tsinghua_v_0274_r08.mp4,13091522,0.098349,1,
write,write,,,video_medium,polyglot,8,tsinghua_v_0274_r08.mp4,13091522,0.108095,1,
write,write,,,video_medium,polyglot,8,tsinghua_v_0280_r08.mp4,13091522,0.127234,1,
write,write,,,video_medium,pg_bytea,8,tsinghua_v_0280_r08.mp4,13091522,0.361736,1,
write,write,,,video_medium,mongo_gridfs,8,tsinghua_v_0280_r08.mp4,13091522,0.109564,1,
write,write,,,video_medium,mongo_gridfs,8,tsinghua_v_0302_r08.mp4,13091522,0.108184,1,
write,write,,,video_medium,pg_bytea,8,tsinghua_v_0302_r08.mp4,13091522,0.345150,1,
write,write,,,video_medium,polyglot,8,tsinghua_v_0302_r08.mp4,13091522,0.104620,1,
write,write,,,video_medium,mongo_gridfs,8,tsinghua_v_0311_r08.mp4,13091522,2.193405,1,
write,write,,,video_medium,polyglot,8,tsinghua_v_0311_r08.mp4,13091522,0.143379,1,
write,write,,,video_medium,pg_bytea,8,tsinghua_v_0311_r08.mp4,13091522,0.339571,1,
write,write,,,video_medium,mongo_gridfs,8,tsinghua_v_0316_r08.mp4,13091522,0.125595,1,
write,write,,,video_medium,pg_bytea,8,tsinghua_v_0316_r08.mp4,13091522,0.347046,1,
write,write,,,video_medium,polyglot,8,tsinghua_v_0316_r08.mp4,13091522,0.122847,1,
write,write,,,video_medium,pg_bytea,8,tsinghua_v_0319_r08.mp4,13091522,0.365848,1,
write,write,,,video_medium,polyglot,8,tsinghua_v_0319_r08.mp4,13091522,0.114311,1,
write,write,,,video_medium,mongo_gridfs,8,tsinghua_v_0319_r08.mp4,13091522,0.130332,1,
write,write,,,video_medium,mongo_gridfs,8,tsinghua_v_0321_r08.mp4,13091522,0.108150,1,
write,write,,,video_medium,pg_bytea,8,tsinghua_v_0321_r08.mp4,13091522,2.265470,1,
write,write,,,video_medium,polyglot,8,tsinghua_v_0321_r08.mp4,13091522,0.118262,1,
write,write,,,video_medium,mongo_gridfs,8,tsinghua_v_0331_r08.mp4,13091522,0.115149,1,
write,write,,,video_medium,pg_bytea,8,tsinghua_v_0331_r08.mp4,13091522,0.311273,1,
write,write,,,video_medium,polyglot,8,tsinghua_v_0331_r08.mp4,13091522,0.094986,1,
write,write,,,video_medium,pg_bytea,8,tsinghua_v_0345_r08.mp4,13091522,0.308203,1,
write,write,,,video_medium,mongo_gridfs,8,tsinghua_v_0345_r08.mp4,13091522,0.107692,1,
write,write,,,video_medium,polyglot,8,tsinghua_v_0345_r08.mp4,13091522,0.108349,1,
write,write,,,video_medium,mongo_gridfs,8,tsinghua_v_0356_r08.mp4,13091522,0.099443,1,
write,write,,,video_medium,pg_bytea,8,tsinghua_v_0356_r08.mp4,13091522,0.307228,1,
write,write,,,video_medium,polyglot,8,tsinghua_v_0356_r08.mp4,13091522,0.101272,1,
write,write,,,video_medium,mongo_gridfs,8,tsinghua_v_0357_r08.mp4,13091522,0.130037,1,
write,write,,,video_medium,polyglot,8,tsinghua_v_0357_r08.mp4,13091522,0.107427,1,
write,write,,,video_medium,pg_bytea,8,tsinghua_v_0357_r08.mp4,13091522,0.316688,1,
write,write,,,video_medium,mongo_gridfs,8,tsinghua_v_0379_r08.mp4,13091522,0.101945,1,
write,write,,,video_medium,pg_bytea,8,tsinghua_v_0379_r08.mp4,13091522,0.309806,1,
write,write,,,video_medium,polyglot,8,tsinghua_v_0379_r08.mp4,13091522,0.106490,1,
write,write,,,video_medium,pg_bytea,8,tsinghua_v_0393_r08.mp4,13091522,0.335010,1,
write,write,,,video_medium,mongo_gridfs,8,tsinghua_v_0393_r08.mp4,13091522,0.097617,1,
write,write,,,video_medium,polyglot,8,tsinghua_v_0393_r08.mp4,13091522,0.108307,1,
write,write,,,video_medium,pg_bytea,8,tsinghua_v_0421_r08.mp4,13091522,0.308041,1,
write,write,,,video_medium,polyglot,8,tsinghua_v_0421_r08.mp4,13091522,0.097296,1,
write,write,,,video_medium,mongo_gridfs,8,tsinghua_v_0421_r08.mp4,13091522,0.104048,1,
write,write,,,video_medium,mongo_gridfs,8,tsinghua_v_0424_r08.mp4,13091522,0.101436,1,
write,write,,,video_medium,pg_bytea,8,tsinghua_v_0424_r08.mp4,13091522,2.118567,1,
write,write,,,video_medium,polyglot,8,tsinghua_v_0424_r08.mp4,13091522,0.128820,1,
write,write,,,video_medium,pg_bytea,8,tsinghua_v_0427_r08.mp4,13091522,0.311618,1,
write,write,,,video_medium,mongo_gridfs,8,tsinghua_v_0427_r08.mp4,13091522,0.129924,1,
write,write,,,video_medium,polyglot,8,tsinghua_v_0427_r08.mp4,13091522,0.098901,1,
write,write,,,video_medium,mongo_gridfs,8,tsinghua_v_0431_r08.mp4,13091522,0.174481,1,
write,write,,,video_medium,polyglot,8,tsinghua_v_0431_r08.mp4,13091522,0.100149,1,
write,write,,,video_medium,pg_bytea,8,tsinghua_v_0431_r08.mp4,13091522,0.363812,1,
write,write,,,video_medium,pg_bytea,8,tsinghua_v_0452_r08.mp4,13091522,0.322265,1,
write,write,,,video_medium,polyglot,8,tsinghua_v_0452_r08.mp4,13091522,0.105952,1,
write,write,,,video_medium,mongo_gridfs,8,tsinghua_v_0452_r08.mp4,13091522,0.117481,1,
write,write,,,video_medium,polyglot,8,tsinghua_v_0454_r08.mp4,13091522,0.112738,1,
write,write,,,video_medium,mongo_gridfs,8,tsinghua_v_0454_r08.mp4,13091522,0.104194,1,
write,write,,,video_medium,pg_bytea,8,tsinghua_v_0454_r08.mp4,13091522,0.374343,1,
write,write,,,video_medium,mongo_gridfs,8,tsinghua_v_0457_r08.mp4,13091522,0.097288,1,
write,write,,,video_medium,pg_bytea,8,tsinghua_v_0457_r08.mp4,13091522,0.405562,1,
write,write,,,video_medium,polyglot,8,tsinghua_v_0457_r08.mp4,13091522,0.113237,1,
write,write,,,video_medium,mongo_gridfs,8,tsinghua_v_0466_r08.mp4,13091522,0.108760,1,
write,write,,,video_medium,polyglot,8,tsinghua_v_0466_r08.mp4,13091522,0.124243,1,
write,write,,,video_medium,pg_bytea,8,tsinghua_v_0466_r08.mp4,13091522,0.355895,1,
write,write,,,video_medium,pg_bytea,8,tsinghua_v_0471_r08.mp4,13091522,0.323189,1,
write,write,,,video_medium,polyglot,8,tsinghua_v_0471_r08.mp4,13091522,0.106095,1,
write,write,,,video_medium,mongo_gridfs,8,tsinghua_v_0471_r08.mp4,13091522,0.129672,1,
write,write,,,video_medium,pg_bytea,8,tsinghua_v_0472_r08.mp4,13091522,0.353771,1,
write,write,,,video_medium,polyglot,8,tsinghua_v_0472_r08.mp4,13091522,0.103141,1,
write,write,,,video_medium,mongo_gridfs,8,tsinghua_v_0472_r08.mp4,13091522,0.122539,1,
write,write,,,video_medium,polyglot,8,tsinghua_v_0494_r08.mp4,13091522,0.106224,1,
write,write,,,video_medium,pg_bytea,8,tsinghua_v_0494_r08.mp4,13091522,0.345220,1,
write,write,,,video_medium,mongo_gridfs,8,tsinghua_v_0494_r08.mp4,13091522,0.113412,1,
write,write,,,video_medium,polyglot,8,tsinghua_v_0503_r08.mp4,13091522,0.140830,1,
write,write,,,video_medium,mongo_gridfs,8,tsinghua_v_0503_r08.mp4,13091522,0.112335,1,
write,write,,,video_medium,pg_bytea,8,tsinghua_v_0503_r08.mp4,13091522,0.488615,1,
write,write,,,video_medium,polyglot,8,tsinghua_v_0509_r08.mp4,13091522,1.841967,1,
write,write,,,video_medium,pg_bytea,8,tsinghua_v_0509_r08.mp4,13091522,0.397153,1,
write,write,,,video_medium,mongo_gridfs,8,tsinghua_v_0509_r08.mp4,13091522,0.123429,1,
write,write,,,video_medium,polyglot,8,tsinghua_v_0523_r08.mp4,13091522,0.132717,1,
write,write,,,video_medium,pg_bytea,8,tsinghua_v_0523_r08.mp4,13091522,0.352711,1,
write,write,,,video_medium,mongo_gridfs,8,tsinghua_v_0523_r08.mp4,13091522,0.116092,1,
write,write,,,video_medium,pg_bytea,8,tsinghua_v_0546_r08.mp4,13091522,0.335985,1,
write,write,,,video_medium,mongo_gridfs,8,tsinghua_v_0546_r08.mp4,13091522,0.111743,1,
write,write,,,video_medium,polyglot,8,tsinghua_v_0546_r08.mp4,13091522,0.122768,1,
write,write,,,video_medium,mongo_gridfs,8,tsinghua_v_0568_r08.mp4,13091522,0.104182,1,
write,write,,,video_medium,pg_bytea,8,tsinghua_v_0568_r08.mp4,13091522,0.436009,1,
write,write,,,video_medium,polyglot,8,tsinghua_v_0568_r08.mp4,13091522,0.102124,1,
write,write,,,video_medium,polyglot,8,tsinghua_v_0594_r08.mp4,13091522,0.107771,1,
write,write,,,video_medium,mongo_gridfs,8,tsinghua_v_0594_r08.mp4,13091522,0.097679,1,
write,write,,,video_medium,pg_bytea,8,tsinghua_v_0594_r08.mp4,13091522,0.335976,1,
write,write,,,video_medium,polyglot,8,tsinghua_v_0596_r08.mp4,13091522,0.097816,1,
write,write,,,video_medium,mongo_gridfs,8,tsinghua_v_0596_r08.mp4,13091522,0.125200,1,
write,write,,,video_medium,pg_bytea,8,tsinghua_v_0596_r08.mp4,13091522,0.367399,1,
write,write,,,video_medium,polyglot,8,tsinghua_v_0635_r08.mp4,13091522,0.113882,1,
write,write,,,video_medium,mongo_gridfs,8,tsinghua_v_0635_r08.mp4,13091522,0.130563,1,
write,write,,,video_medium,pg_bytea,8,tsinghua_v_0635_r08.mp4,13091522,0.354083,1,
write,write,,,video_medium,pg_bytea,8,tsinghua_v_0653_r08.mp4,13091522,0.321182,1,
write,write,,,video_medium,polyglot,8,tsinghua_v_0653_r08.mp4,13091522,1.671064,1,
write,write,,,video_medium,mongo_gridfs,8,tsinghua_v_0653_r08.mp4,13091522,0.131828,1,
write,write,,,video_medium,pg_bytea,8,tsinghua_v_0667_r08.mp4,13091522,0.364795,1,
write,write,,,video_medium,polyglot,8,tsinghua_v_0667_r08.mp4,13091522,0.102123,1,
write,write,,,video_medium,mongo_gridfs,8,tsinghua_v_0667_r08.mp4,13091522,0.117751,1,
write,write,,,video_medium,polyglot,8,tsinghua_v_0673_r08.mp4,13091522,0.101849,1,
write,write,,,video_medium,mongo_gridfs,8,tsinghua_v_0673_r08.mp4,13091522,0.164348,1,
write,write,,,video_medium,pg_bytea,8,tsinghua_v_0673_r08.mp4,13091522,0.320184,1,
write,write,,,video_medium,polyglot,8,tsinghua_v_0681_r08.mp4,13091522,0.103833,1,
write,write,,,video_medium,pg_bytea,8,tsinghua_v_0681_r08.mp4,13091522,0.359235,1,
write,write,,,video_medium,mongo_gridfs,8,tsinghua_v_0681_r08.mp4,13091522,0.105018,1,
write,write,,,video_medium,mongo_gridfs,8,tsinghua_v_0690_r08.mp4,13091522,0.182717,1,
write,write,,,video_medium,pg_bytea,8,tsinghua_v_0690_r08.mp4,13091522,2.055384,1,
write,write,,,video_medium,polyglot,8,tsinghua_v_0690_r08.mp4,13091522,0.191802,1,
write,write,,,video_medium,polyglot,8,tsinghua_v_0692_r08.mp4,13091522,0.282061,1,
write,write,,,video_medium,pg_bytea,8,tsinghua_v_0692_r08.mp4,13091522,0.420929,1,
write,write,,,video_medium,mongo_gridfs,8,tsinghua_v_0692_r08.mp4,13091522,0.112207,1,
write,write,,,video_medium,pg_bytea,8,tsinghua_v_0696_r08.mp4,13091522,0.352034,1,
write,write,,,video_medium,mongo_gridfs,8,tsinghua_v_0696_r08.mp4,13091522,0.104805,1,
write,write,,,video_medium,polyglot,8,tsinghua_v_0696_r08.mp4,13091522,0.128618,1,
write,write,,,video_medium,mongo_gridfs,8,tsinghua_v_0734_r08.mp4,13091522,0.105932,1,
write,write,,,video_medium,polyglot,8,tsinghua_v_0734_r08.mp4,13091522,0.124787,1,
write,write,,,video_medium,pg_bytea,8,tsinghua_v_0734_r08.mp4,13091522,0.432918,1,
write,write,,,video_medium,polyglot,8,tsinghua_v_0737_r08.mp4,13091522,0.098392,1,
write,write,,,video_medium,mongo_gridfs,8,tsinghua_v_0737_r08.mp4,13091522,0.109080,1,
write,write,,,video_medium,pg_bytea,8,tsinghua_v_0737_r08.mp4,13091522,0.427462,1,
write,write,,,video_medium,mongo_gridfs,8,tsinghua_v_0744_r08.mp4,13091522,0.105918,1,
write,write,,,video_medium,polyglot,8,tsinghua_v_0744_r08.mp4,13091522,0.115912,1,
write,write,,,video_medium,pg_bytea,8,tsinghua_v_0744_r08.mp4,13091522,0.366208,1,
write,write,,,video_medium,mongo_gridfs,8,tsinghua_v_0745_r08.mp4,13091522,0.189110,1,
write,write,,,video_medium,pg_bytea,8,tsinghua_v_0745_r08.mp4,13091522,0.384061,1,
write,write,,,video_medium,polyglot,8,tsinghua_v_0745_r08.mp4,13091522,0.123817,1,
write,write,,,video_medium,polyglot,8,tsinghua_v_0769_r08.mp4,13091522,0.145353,1,
write,write,,,video_medium,mongo_gridfs,8,tsinghua_v_0769_r08.mp4,13091522,0.109566,1,
write,write,,,video_medium,pg_bytea,8,tsinghua_v_0769_r08.mp4,13091522,0.339893,1,
write,write,,,video_medium,mongo_gridfs,8,tsinghua_v_0791_r08.mp4,13091522,0.111972,1,
write,write,,,video_medium,pg_bytea,8,tsinghua_v_0791_r08.mp4,13091522,0.351082,1,
write,write,,,video_medium,polyglot,8,tsinghua_v_0791_r08.mp4,13091522,0.112874,1,
write,write,,,video_medium,mongo_gridfs,8,tsinghua_v_0792_r08.mp4,13091522,0.127291,1,
write,write,,,video_medium,pg_bytea,8,tsinghua_v_0792_r08.mp4,13091522,0.353878,1,
write,write,,,video_medium,polyglot,8,tsinghua_v_0792_r08.mp4,13091522,2.066394,1,
write,write,,,video_medium,mongo_gridfs,8,tsinghua_v_0857_r08.mp4,13091522,0.104188,1,
write,write,,,video_medium,pg_bytea,8,tsinghua_v_0857_r08.mp4,13091522,0.327244,1,
write,write,,,video_medium,polyglot,8,tsinghua_v_0857_r08.mp4,13091522,0.149136,1,
write,write,,,video_medium,mongo_gridfs,8,tsinghua_v_0866_r08.mp4,13091522,0.114986,1,
write,write,,,video_medium,polyglot,8,tsinghua_v_0866_r08.mp4,13091522,0.122580,1,
write,write,,,video_medium,pg_bytea,8,tsinghua_v_0866_r08.mp4,13091522,0.422806,1,
write,write,,,video_medium,mongo_gridfs,8,tsinghua_v_0880_r08.mp4,13091522,0.130348,1,
write,write,,,video_medium,polyglot,8,tsinghua_v_0880_r08.mp4,13091522,0.117876,1,
write,write,,,video_medium,pg_bytea,8,tsinghua_v_0880_r08.mp4,13091522,0.755664,1,
write,write,,,video_medium,polyglot,8,tsinghua_v_0888_r08.mp4,13091522,0.115279,1,
write,write,,,video_medium,pg_bytea,8,tsinghua_v_0888_r08.mp4,13091522,0.323885,1,
write,write,,,video_medium,mongo_gridfs,8,tsinghua_v_0888_r08.mp4,13091522,0.102025,1,
write,write,,,video_medium,pg_bytea,8,tsinghua_v_0901_r08.mp4,13091522,0.318004,1,
write,write,,,video_medium,polyglot,8,tsinghua_v_0901_r08.mp4,13091522,0.119383,1,
write,write,,,video_medium,mongo_gridfs,8,tsinghua_v_0901_r08.mp4,13091522,0.098707,1,
write,write,,,video_medium,pg_bytea,8,tsinghua_v_0937_r08.mp4,13091522,0.315643,1,
write,write,,,video_medium,polyglot,8,tsinghua_v_0937_r08.mp4,13091522,0.097332,1,
write,write,,,video_medium,mongo_gridfs,8,tsinghua_v_0937_r08.mp4,13091522,0.129153,1,
write,write,,,video_medium,mongo_gridfs,8,tsinghua_v_0939_r08.mp4,13091522,0.103252,1,
write,write,,,video_medium,pg_bytea,8,tsinghua_v_0939_r08.mp4,13091522,0.337088,1,
write,write,,,video_medium,polyglot,8,tsinghua_v_0939_r08.mp4,13091522,0.096673,1,
write,write,,,video_medium,pg_bytea,8,tsinghua_v_0961_r08.mp4,13091522,0.328327,1,
write,write,,,video_medium,polyglot,8,tsinghua_v_0961_r08.mp4,13091522,0.103546,1,
write,write,,,video_medium,mongo_gridfs,8,tsinghua_v_0961_r08.mp4,13091522,0.114468,1,
write,write,,,video_medium,polyglot,8,tsinghua_v_0977_r08.mp4,13091522,0.099470,1,
write,write,,,video_medium,pg_bytea,8,tsinghua_v_0977_r08.mp4,13091522,0.365856,1,
write,write,,,video_medium,mongo_gridfs,8,tsinghua_v_0977_r08.mp4,13091522,0.119303,1,
write,write,,,audio_small,pg_bytea,9,03-01-01-01-01-02-19_r09.wav,375720,0.013434,1,
write,write,,,audio_small,polyglot,9,03-01-01-01-01-02-19_r09.wav,375720,0.006778,1,
write,write,,,audio_small,mongo_gridfs,9,03-01-01-01-01-02-19_r09.wav,375720,0.005087,1,
write,write,,,audio_small,pg_bytea,9,03-01-01-01-02-02-05_r09.wav,396294,0.009808,1,
write,write,,,audio_small,mongo_gridfs,9,03-01-01-01-02-02-05_r09.wav,396294,0.005436,1,
write,write,,,audio_small,polyglot,9,03-01-01-01-02-02-05_r09.wav,396294,0.004804,1,
write,write,,,audio_small,polyglot,9,03-01-01-01-02-02-06_r09.wav,363108,0.005052,1,
write,write,,,audio_small,mongo_gridfs,9,03-01-01-01-02-02-06_r09.wav,363108,0.004236,1,
write,write,,,audio_small,pg_bytea,9,03-01-01-01-02-02-06_r09.wav,363108,0.010497,1,
write,write,,,audio_small,mongo_gridfs,9,03-01-01-01-02-02-07_r09.wav,363108,0.005011,1,
write,write,,,audio_small,pg_bytea,9,03-01-01-01-02-02-07_r09.wav,363108,0.011128,1,
write,write,,,audio_small,polyglot,9,03-01-01-01-02-02-07_r09.wav,363108,0.005330,1,
write,write,,,audio_small,pg_bytea,9,03-01-01-01-02-02-11_r09.wav,375720,0.012936,1,
write,write,,,audio_small,mongo_gridfs,9,03-01-01-01-02-02-11_r09.wav,375720,0.006210,1,
write,write,,,audio_small,polyglot,9,03-01-01-01-02-02-11_r09.wav,375720,0.005830,1,
write,write,,,audio_small,pg_bytea,9,03-01-01-01-02-02-12_r09.wav,372698,0.010721,1,
write,write,,,audio_small,polyglot,9,03-01-01-01-02-02-12_r09.wav,372698,0.005881,1,
write,write,,,audio_small,mongo_gridfs,9,03-01-01-01-02-02-12_r09.wav,372698,0.005157,1,
write,write,,,audio_small,polyglot,9,03-01-01-01-02-02-13_r09.wav,363108,0.004898,1,
write,write,,,audio_small,pg_bytea,9,03-01-01-01-02-02-13_r09.wav,363108,0.009907,1,
write,write,,,audio_small,mongo_gridfs,9,03-01-01-01-02-02-13_r09.wav,363108,0.005456,1,
write,write,,,audio_small,polyglot,9,03-01-01-02-01-02-05_r09.wav,393086,0.006336,1,
write,write,,,audio_small,pg_bytea,9,03-01-01-02-01-02-05_r09.wav,393086,0.011102,1,
write,write,,,audio_small,mongo_gridfs,9,03-01-01-02-01-02-05_r09.wav,393086,0.006368,1,
write,write,,,audio_small,polyglot,9,03-01-01-02-01-02-06_r09.wav,363108,0.004591,1,
write,write,,,audio_small,mongo_gridfs,9,03-01-01-02-01-02-06_r09.wav,363108,0.005060,1,
write,write,,,audio_small,pg_bytea,9,03-01-01-02-01-02-06_r09.wav,363108,0.011120,1,
write,write,,,audio_small,mongo_gridfs,9,03-01-01-02-01-02-07_r09.wav,372698,0.007063,1,
write,write,,,audio_small,pg_bytea,9,03-01-01-02-01-02-07_r09.wav,372698,0.011613,1,
write,write,,,audio_small,polyglot,9,03-01-01-02-01-02-07_r09.wav,372698,0.005857,1,
write,write,,,audio_small,pg_bytea,9,03-01-01-02-01-02-13_r09.wav,399494,0.016045,1,
write,write,,,audio_small,polyglot,9,03-01-01-02-01-02-13_r09.wav,399494,0.007331,1,
write,write,,,audio_small,mongo_gridfs,9,03-01-01-02-01-02-13_r09.wav,399494,0.006389,1,
write,write,,,audio_small,mongo_gridfs,9,03-01-01-02-02-02-19_r09.wav,372698,0.004940,1,
write,write,,,audio_small,pg_bytea,9,03-01-01-02-02-02-19_r09.wav,372698,0.012906,1,
write,write,,,audio_small,polyglot,9,03-01-01-02-02-02-19_r09.wav,372698,0.006059,1,
write,write,,,audio_small,mongo_gridfs,9,03-01-02-01-01-01-19_r09.wav,372698,0.005834,1,
write,write,,,audio_small,pg_bytea,9,03-01-02-01-01-01-19_r09.wav,372698,0.010730,1,
write,write,,,audio_small,polyglot,9,03-01-02-01-01-01-19_r09.wav,372698,0.005550,1,
write,write,,,audio_small,pg_bytea,9,03-01-02-01-02-01-06_r09.wav,363108,0.010754,1,
write,write,,,audio_small,polyglot,9,03-01-02-01-02-01-06_r09.wav,363108,0.005353,1,
write,write,,,audio_small,mongo_gridfs,9,03-01-02-01-02-01-06_r09.wav,363108,0.005154,1,
write,write,,,audio_small,polyglot,9,03-01-02-01-02-01-07_r09.wav,399494,0.005559,1,
write,write,,,audio_small,mongo_gridfs,9,03-01-02-01-02-01-07_r09.wav,399494,0.005812,1,
write,write,,,audio_small,pg_bytea,9,03-01-02-01-02-01-07_r09.wav,399494,0.011274,1,
write,write,,,audio_small,pg_bytea,9,03-01-02-01-02-01-11_r09.wav,375720,0.010447,1,
write,write,,,audio_small,polyglot,9,03-01-02-01-02-01-11_r09.wav,375720,0.006206,1,
write,write,,,audio_small,mongo_gridfs,9,03-01-02-01-02-01-11_r09.wav,375720,0.004583,1,
write,write,,,audio_small,mongo_gridfs,9,03-01-02-01-02-01-12_r09.wav,372698,0.004328,1,
write,write,,,audio_small,polyglot,9,03-01-02-01-02-01-12_r09.wav,372698,0.005376,1,
write,write,,,audio_small,pg_bytea,9,03-01-02-01-02-01-12_r09.wav,372698,0.010199,1,
write,write,,,audio_small,pg_bytea,9,03-01-02-01-02-01-13_r09.wav,379106,0.010706,1,
write,write,,,audio_small,polyglot,9,03-01-02-01-02-01-13_r09.wav,379106,0.007377,1,
write,write,,,audio_small,mongo_gridfs,9,03-01-02-01-02-01-13_r09.wav,379106,0.005721,1,
write,write,,,audio_small,pg_bytea,9,03-01-02-02-01-01-05_r09.wav,363108,0.010457,1,
write,write,,,audio_small,polyglot,9,03-01-02-02-01-01-05_r09.wav,363108,0.005783,1,
write,write,,,audio_small,mongo_gridfs,9,03-01-02-02-01-01-05_r09.wav,363108,0.004729,1,
write,write,,,audio_small,mongo_gridfs,9,03-01-02-02-01-01-11_r09.wav,363108,0.004130,1,
write,write,,,audio_small,pg_bytea,9,03-01-02-02-01-01-11_r09.wav,363108,0.010002,1,
write,write,,,audio_small,polyglot,9,03-01-02-02-01-01-11_r09.wav,363108,0.005190,1,
write,write,,,audio_small,pg_bytea,9,03-01-02-02-01-01-12_r09.wav,399494,0.011122,1,
write,write,,,audio_small,mongo_gridfs,9,03-01-02-02-01-01-12_r09.wav,399494,0.006790,1,
write,write,,,audio_small,polyglot,9,03-01-02-02-01-01-12_r09.wav,399494,0.006258,1,
write,write,,,audio_small,mongo_gridfs,9,03-01-02-02-01-01-13_r09.wav,399494,0.004702,1,
write,write,,,audio_small,polyglot,9,03-01-02-02-01-01-13_r09.wav,399494,0.005279,1,
write,write,,,audio_small,pg_bytea,9,03-01-02-02-01-01-13_r09.wav,399494,0.011071,1,
write,write,,,audio_small,mongo_gridfs,9,03-01-02-02-02-01-19_r09.wav,379106,0.005378,1,
write,write,,,audio_small,polyglot,9,03-01-02-02-02-01-19_r09.wav,379106,0.005026,1,
write,write,,,audio_small,pg_bytea,9,03-01-02-02-02-01-19_r09.wav,379106,0.011553,1,
write,write,,,audio_small,pg_bytea,9,03-01-03-01-01-02-05_r09.wav,396294,0.011713,1,
write,write,,,audio_small,mongo_gridfs,9,03-01-03-01-01-02-05_r09.wav,396294,0.007354,1,
write,write,,,audio_small,polyglot,9,03-01-03-01-01-02-05_r09.wav,396294,0.005582,1,
write,write,,,audio_small,polyglot,9,03-01-03-01-01-02-07_r09.wav,393086,0.005300,1,
write,write,,,audio_small,mongo_gridfs,9,03-01-03-01-01-02-07_r09.wav,393086,0.004970,1,
write,write,,,audio_small,pg_bytea,9,03-01-03-01-01-02-07_r09.wav,393086,0.010877,1,
write,write,,,audio_small,pg_bytea,9,03-01-03-01-01-02-12_r09.wav,399494,0.013688,1,
write,write,,,audio_small,mongo_gridfs,9,03-01-03-01-01-02-12_r09.wav,399494,0.008053,1,
write,write,,,audio_small,polyglot,9,03-01-03-01-01-02-12_r09.wav,399494,0.005399,1,
write,write,,,audio_small,mongo_gridfs,9,03-01-03-01-01-02-13_r09.wav,399494,0.004548,1,
write,write,,,audio_small,polyglot,9,03-01-03-01-01-02-13_r09.wav,399494,0.004865,1,
write,write,,,audio_small,pg_bytea,9,03-01-03-01-01-02-13_r09.wav,399494,0.011434,1,
write,write,,,audio_small,polyglot,9,03-01-03-01-02-02-18_r09.wav,393086,0.006298,1,
write,write,,,audio_small,pg_bytea,9,03-01-03-01-02-02-18_r09.wav,393086,0.011487,1,
write,write,,,audio_small,mongo_gridfs,9,03-01-03-01-02-02-18_r09.wav,393086,0.007435,1,
write,write,,,audio_small,mongo_gridfs,9,03-01-03-01-02-02-19_r09.wav,399494,0.006162,1,
write,write,,,audio_small,pg_bytea,9,03-01-03-01-02-02-19_r09.wav,399494,0.011641,1,
write,write,,,audio_small,polyglot,9,03-01-03-01-02-02-19_r09.wav,399494,0.007650,1,
write,write,,,audio_small,polyglot,9,03-01-03-02-01-02-18_r09.wav,396294,0.005194,1,
write,write,,,audio_small,mongo_gridfs,9,03-01-03-02-01-02-18_r09.wav,396294,0.004660,1,
write,write,,,audio_small,pg_bytea,9,03-01-03-02-01-02-18_r09.wav,396294,0.010848,1,
write,write,,,audio_small,mongo_gridfs,9,03-01-03-02-01-02-19_r09.wav,372698,0.004983,1,
write,write,,,audio_small,pg_bytea,9,03-01-03-02-01-02-19_r09.wav,372698,0.010884,1,
write,write,,,audio_small,polyglot,9,03-01-03-02-01-02-19_r09.wav,372698,0.005065,1,
write,write,,,audio_small,polyglot,9,03-01-03-02-02-02-04_r09.wav,379106,0.005360,1,
write,write,,,audio_small,mongo_gridfs,9,03-01-03-02-02-02-04_r09.wav,379106,0.005180,1,
write,write,,,audio_small,pg_bytea,9,03-01-03-02-02-02-04_r09.wav,379106,0.010154,1,
write,write,,,audio_small,polyglot,9,03-01-03-02-02-02-06_r09.wav,399494,0.008579,1,
write,write,,,audio_small,mongo_gridfs,9,03-01-03-02-02-02-06_r09.wav,399494,0.006753,1,
write,write,,,audio_small,pg_bytea,9,03-01-03-02-02-02-06_r09.wav,399494,0.011374,1,
write,write,,,audio_small,mongo_gridfs,9,03-01-03-02-02-02-07_r09.wav,393086,0.006031,1,
write,write,,,audio_small,polyglot,9,03-01-03-02-02-02-07_r09.wav,393086,0.005127,1,
write,write,,,audio_small,pg_bytea,9,03-01-03-02-02-02-07_r09.wav,393086,0.010585,1,
write,write,,,audio_small,pg_bytea,9,03-01-03-02-02-02-10_r09.wav,375720,0.010545,1,
write,write,,,audio_small,polyglot,9,03-01-03-02-02-02-10_r09.wav,375720,0.007651,1,
write,write,,,audio_small,mongo_gridfs,9,03-01-03-02-02-02-10_r09.wav,375720,0.005193,1,
write,write,,,audio_small,pg_bytea,9,03-01-03-02-02-02-11_r09.wav,396294,0.012042,1,
write,write,,,audio_small,mongo_gridfs,9,03-01-03-02-02-02-11_r09.wav,396294,0.006026,1,
write,write,,,audio_small,polyglot,9,03-01-03-02-02-02-11_r09.wav,396294,0.005867,1,
write,write,,,audio_small,pg_bytea,9,03-01-03-02-02-02-13_r09.wav,399494,0.011610,1,
write,write,,,audio_small,mongo_gridfs,9,03-01-03-02-02-02-13_r09.wav,399494,0.007594,1,
write,write,,,audio_small,polyglot,9,03-01-03-02-02-02-13_r09.wav,399494,0.007527,1,
write,write,,,audio_small,mongo_gridfs,9,03-01-04-01-01-02-01_r09.wav,396294,0.005053,1,
write,write,,,audio_small,polyglot,9,03-01-04-01-01-02-01_r09.wav,396294,0.005415,1,
write,write,,,audio_small,pg_bytea,9,03-01-04-01-01-02-01_r09.wav,396294,0.013124,1,
write,write,,,audio_small,polyglot,9,03-01-04-01-01-02-02_r09.wav,379106,0.006707,1,
write,write,,,audio_small,pg_bytea,9,03-01-04-01-01-02-02_r09.wav,379106,0.012531,1,
write,write,,,audio_small,mongo_gridfs,9,03-01-04-01-01-02-02_r09.wav,379106,0.005920,1,
write,write,,,audio_small,mongo_gridfs,9,03-01-04-01-01-02-16_r09.wav,379106,0.005794,1,
write,write,,,audio_small,polyglot,9,03-01-04-01-01-02-16_r09.wav,379106,0.005499,1,
write,write,,,audio_small,pg_bytea,9,03-01-04-01-01-02-16_r09.wav,379106,0.010189,1,
write,write,,,audio_small,pg_bytea,9,03-01-04-01-02-02-08_r09.wav,372698,0.010200,1,
write,write,,,audio_small,polyglot,9,03-01-04-01-02-02-08_r09.wav,372698,0.004931,1,
write,write,,,audio_small,mongo_gridfs,9,03-01-04-01-02-02-08_r09.wav,372698,0.004516,1,
write,write,,,audio_small,mongo_gridfs,9,03-01-04-01-02-02-09_r09.wav,363108,0.004358,1,
write,write,,,audio_small,polyglot,9,03-01-04-01-02-02-09_r09.wav,363108,0.005964,1,
write,write,,,audio_small,pg_bytea,9,03-01-04-01-02-02-09_r09.wav,363108,0.013666,1,
write,write,,,audio_small,mongo_gridfs,9,03-01-04-01-02-02-20_r09.wav,396294,0.006614,1,
write,write,,,audio_small,polyglot,9,03-01-04-01-02-02-20_r09.wav,396294,0.004741,1,
write,write,,,audio_small,pg_bytea,9,03-01-04-01-02-02-20_r09.wav,396294,0.011743,1,
write,write,,,audio_small,polyglot,9,03-01-04-01-02-02-21_r09.wav,363108,0.005860,1,
write,write,,,audio_small,pg_bytea,9,03-01-04-01-02-02-21_r09.wav,363108,0.010206,1,
write,write,,,audio_small,mongo_gridfs,9,03-01-04-01-02-02-21_r09.wav,363108,0.005909,1,
write,write,,,audio_small,mongo_gridfs,9,03-01-04-01-02-02-22_r09.wav,372698,0.004717,1,
write,write,,,audio_small,polyglot,9,03-01-04-01-02-02-22_r09.wav,372698,0.004700,1,
write,write,,,audio_small,pg_bytea,9,03-01-04-01-02-02-22_r09.wav,372698,0.010241,1,
write,write,,,audio_small,pg_bytea,9,03-01-04-01-02-02-23_r09.wav,363108,0.011009,1,
write,write,,,audio_small,polyglot,9,03-01-04-01-02-02-23_r09.wav,363108,0.005849,1,
write,write,,,audio_small,mongo_gridfs,9,03-01-04-01-02-02-23_r09.wav,363108,0.004496,1,
write,write,,,audio_small,polyglot,9,03-01-04-02-01-02-09_r09.wav,379106,0.005453,1,
write,write,,,audio_small,mongo_gridfs,9,03-01-04-02-01-02-09_r09.wav,379106,0.008095,1,
write,write,,,audio_small,pg_bytea,9,03-01-04-02-01-02-09_r09.wav,379106,0.011523,1,
write,write,,,audio_small,pg_bytea,9,03-01-04-02-01-02-20_r09.wav,379106,0.011034,1,
write,write,,,audio_small,polyglot,9,03-01-04-02-01-02-20_r09.wav,379106,0.006808,1,
write,write,,,audio_small,mongo_gridfs,9,03-01-04-02-01-02-20_r09.wav,379106,0.005292,1,
write,write,,,audio_small,mongo_gridfs,9,03-01-04-02-01-02-21_r09.wav,393086,0.005880,1,
write,write,,,audio_small,pg_bytea,9,03-01-04-02-01-02-21_r09.wav,393086,0.011265,1,
write,write,,,audio_small,polyglot,9,03-01-04-02-01-02-21_r09.wav,393086,0.006214,1,
write,write,,,audio_small,pg_bytea,9,03-01-04-02-01-02-22_r09.wav,379106,0.011751,1,
write,write,,,audio_small,polyglot,9,03-01-04-02-01-02-22_r09.wav,379106,0.006049,1,
write,write,,,audio_small,mongo_gridfs,9,03-01-04-02-01-02-22_r09.wav,379106,0.006278,1,
write,write,,,audio_small,mongo_gridfs,9,03-01-04-02-02-02-14_r09.wav,375720,0.005947,1,
write,write,,,audio_small,pg_bytea,9,03-01-04-02-02-02-14_r09.wav,375720,0.010963,1,
write,write,,,audio_small,polyglot,9,03-01-04-02-02-02-14_r09.wav,375720,0.006532,1,
write,write,,,audio_small,pg_bytea,9,03-01-04-02-02-02-15_r09.wav,379106,0.011063,1,
write,write,,,audio_small,polyglot,9,03-01-04-02-02-02-15_r09.wav,379106,0.006199,1,
write,write,,,audio_small,mongo_gridfs,9,03-01-04-02-02-02-15_r09.wav,379106,0.010468,1,
write,write,,,audio_small,pg_bytea,9,03-01-04-02-02-02-16_r09.wav,375720,0.011439,1,
write,write,,,audio_small,mongo_gridfs,9,03-01-04-02-02-02-16_r09.wav,375720,0.005452,1,
write,write,,,audio_small,polyglot,9,03-01-04-02-02-02-16_r09.wav,375720,0.005742,1,
write,write,,,audio_small,polyglot,9,03-01-04-02-02-02-17_r09.wav,363108,0.004460,1,
write,write,,,audio_small,pg_bytea,9,03-01-04-02-02-02-17_r09.wav,363108,0.010179,1,
write,write,,,audio_small,mongo_gridfs,9,03-01-04-02-02-02-17_r09.wav,363108,0.005699,1,
write,write,,,audio_small,polyglot,9,03-01-05-01-01-01-09_r09.wav,393086,0.005760,1,
write,write,,,audio_small,mongo_gridfs,9,03-01-05-01-01-01-09_r09.wav,393086,0.005820,1,
write,write,,,audio_small,pg_bytea,9,03-01-05-01-01-01-09_r09.wav,393086,0.010668,1,
write,write,,,audio_small,polyglot,9,03-01-05-01-01-01-22_r09.wav,393086,0.006383,1,
write,write,,,audio_small,pg_bytea,9,03-01-05-01-01-01-22_r09.wav,393086,0.010806,1,
write,write,,,audio_small,mongo_gridfs,9,03-01-05-01-01-01-22_r09.wav,393086,0.005787,1,
write,write,,,audio_small,polyglot,9,03-01-05-01-02-01-02_r09.wav,372698,0.005087,1,
write,write,,,audio_small,pg_bytea,9,03-01-05-01-02-01-02_r09.wav,372698,0.010614,1,
write,write,,,audio_small,mongo_gridfs,9,03-01-05-01-02-01-02_r09.wav,372698,0.005393,1,
write,write,,,audio_small,pg_bytea,9,03-01-05-01-02-01-03_r09.wav,396294,0.011173,1,
write,write,,,audio_small,mongo_gridfs,9,03-01-05-01-02-01-03_r09.wav,396294,0.005963,1,
write,write,,,audio_small,polyglot,9,03-01-05-01-02-01-03_r09.wav,396294,0.006132,1,
write,write,,,audio_small,mongo_gridfs,9,03-01-05-01-02-01-15_r09.wav,363108,0.004338,1,
write,write,,,audio_small,polyglot,9,03-01-05-01-02-01-15_r09.wav,363108,0.005685,1,
write,write,,,audio_small,pg_bytea,9,03-01-05-01-02-01-15_r09.wav,363108,0.010774,1,
write,write,,,audio_small,pg_bytea,9,03-01-05-01-02-01-16_r09.wav,372698,0.010728,1,
write,write,,,audio_small,polyglot,9,03-01-05-01-02-01-16_r09.wav,372698,0.006177,1,
write,write,,,audio_small,mongo_gridfs,9,03-01-05-01-02-01-16_r09.wav,372698,0.004816,1,
write,write,,,audio_small,pg_bytea,9,03-01-05-01-02-01-17_r09.wav,393086,0.010713,1,
write,write,,,audio_small,polyglot,9,03-01-05-01-02-01-17_r09.wav,393086,0.005803,1,
write,write,,,audio_small,mongo_gridfs,9,03-01-05-01-02-01-17_r09.wav,393086,0.004617,1,
write,write,,,audio_small,polyglot,9,03-01-05-02-01-01-01_r09.wav,372698,0.005219,1,
write,write,,,audio_small,pg_bytea,9,03-01-05-02-01-01-01_r09.wav,372698,0.010378,1,
write,write,,,audio_small,mongo_gridfs,9,03-01-05-02-01-01-01_r09.wav,372698,0.004909,1,
write,write,,,audio_small,pg_bytea,9,03-01-05-02-01-01-02_r09.wav,375720,0.010712,1,
write,write,,,audio_small,polyglot,9,03-01-05-02-01-01-02_r09.wav,375720,0.004973,1,
write,write,,,audio_small,mongo_gridfs,9,03-01-05-02-01-01-02_r09.wav,375720,0.004575,1,
write,write,,,audio_small,mongo_gridfs,9,03-01-05-02-01-01-03_r09.wav,372698,0.004987,1,
write,write,,,audio_small,pg_bytea,9,03-01-05-02-01-01-03_r09.wav,372698,0.010105,1,
write,write,,,audio_small,polyglot,9,03-01-05-02-01-01-03_r09.wav,372698,0.005553,1,
write,write,,,audio_small,mongo_gridfs,9,03-01-05-02-01-01-15_r09.wav,396294,0.005092,1,
write,write,,,audio_small,polyglot,9,03-01-05-02-01-01-15_r09.wav,396294,0.005671,1,
write,write,,,audio_small,pg_bytea,9,03-01-05-02-01-01-15_r09.wav,396294,0.010441,1,
write,write,,,audio_small,pg_bytea,9,03-01-05-02-01-01-16_r09.wav,399494,0.010710,1,
write,write,,,audio_small,mongo_gridfs,9,03-01-05-02-01-01-16_r09.wav,399494,0.006372,1,
write,write,,,audio_small,polyglot,9,03-01-05-02-01-01-16_r09.wav,399494,0.005022,1,
write,write,,,audio_small,pg_bytea,9,03-01-05-02-01-01-17_r09.wav,363108,0.010658,1,
write,write,,,audio_small,polyglot,9,03-01-05-02-01-01-17_r09.wav,363108,0.006457,1,
write,write,,,audio_small,mongo_gridfs,9,03-01-05-02-01-01-17_r09.wav,363108,0.004569,1,
write,write,,,audio_small,polyglot,9,03-01-05-02-02-01-09_r09.wav,396294,0.004694,1,
write,write,,,audio_small,pg_bytea,9,03-01-05-02-02-01-09_r09.wav,396294,0.010653,1,
write,write,,,audio_small,mongo_gridfs,9,03-01-05-02-02-01-09_r09.wav,396294,0.005927,1,
write,write,,,audio_small,polyglot,9,03-01-05-02-02-01-21_r09.wav,375720,0.005258,1,
write,write,,,audio_small,mongo_gridfs,9,03-01-05-02-02-01-21_r09.wav,375720,0.004715,1,
write,write,,,audio_small,pg_bytea,9,03-01-05-02-02-01-21_r09.wav,375720,0.010619,1,
write,write,,,audio_small,pg_bytea,9,03-01-05-02-02-01-22_r09.wav,379106,0.010592,1,
write,write,,,audio_small,mongo_gridfs,9,03-01-05-02-02-01-22_r09.wav,379106,0.007391,1,
write,write,,,audio_small,polyglot,9,03-01-05-02-02-01-22_r09.wav,379106,0.006271,1,
write,write,,,audio_medium,pg_bytea,9,03-02-01-01-01-02-22_r09.wav,526650,0.017266,1,
write,write,,,audio_medium,mongo_gridfs,9,03-02-01-01-01-02-22_r09.wav,526650,0.007610,1,
write,write,,,audio_medium,polyglot,9,03-02-01-01-01-02-22_r09.wav,526650,0.007092,1,
write,write,,,audio_medium,pg_bytea,9,03-02-01-01-01-02-23_r09.wav,539464,0.014880,1,
write,write,,,audio_medium,mongo_gridfs,9,03-02-01-01-01-02-23_r09.wav,539464,0.007139,1,
write,write,,,audio_medium,polyglot,9,03-02-01-01-01-02-23_r09.wav,539464,0.006926,1,
write,write,,,audio_medium,polyglot,9,03-02-01-01-02-02-02_r09.wav,539464,0.006396,1,
write,write,,,audio_medium,pg_bytea,9,03-02-01-01-02-02-02_r09.wav,539464,0.013961,1,
write,write,,,audio_medium,mongo_gridfs,9,03-02-01-01-02-02-02_r09.wav,539464,0.007444,1,
write,write,,,audio_medium,mongo_gridfs,9,03-02-01-01-02-02-03_r09.wav,520242,0.006594,1,
write,write,,,audio_medium,pg_bytea,9,03-02-01-01-02-02-03_r09.wav,520242,0.015395,1,
write,write,,,audio_medium,polyglot,9,03-02-01-01-02-02-03_r09.wav,520242,0.007842,1,
write,write,,,audio_medium,polyglot,9,03-02-01-01-02-02-16_r09.wav,539464,0.006251,1,
write,write,,,audio_medium,mongo_gridfs,9,03-02-01-01-02-02-16_r09.wav,539464,0.010151,1,
write,write,,,audio_medium,pg_bytea,9,03-02-01-01-02-02-16_r09.wav,539464,0.017261,1,
write,write,,,audio_medium,mongo_gridfs,9,03-02-01-01-02-02-17_r09.wav,561888,0.007814,1,
write,write,,,audio_medium,polyglot,9,03-02-01-01-02-02-17_r09.wav,561888,0.007540,1,
write,write,,,audio_medium,pg_bytea,9,03-02-01-01-02-02-17_r09.wav,561888,0.016689,1,
write,write,,,audio_medium,mongo_gridfs,9,03-02-01-02-01-02-01_r09.wav,533056,0.008735,1,
write,write,,,audio_medium,pg_bytea,9,03-02-01-02-01-02-01_r09.wav,533056,0.015481,1,
write,write,,,audio_medium,polyglot,9,03-02-01-02-01-02-01_r09.wav,533056,0.007672,1,
write,write,,,audio_medium,polyglot,9,03-02-01-02-01-02-02_r09.wav,523448,0.006585,1,
write,write,,,audio_medium,pg_bytea,9,03-02-01-02-01-02-02_r09.wav,523448,0.013634,1,
write,write,,,audio_medium,mongo_gridfs,9,03-02-01-02-01-02-02_r09.wav,523448,0.008220,1,
write,write,,,audio_medium,polyglot,9,03-02-01-02-01-02-03_r09.wav,533056,0.008148,1,
write,write,,,audio_medium,pg_bytea,9,03-02-01-02-01-02-03_r09.wav,533056,0.014885,1,
write,write,,,audio_medium,mongo_gridfs,9,03-02-01-02-01-02-03_r09.wav,533056,0.008723,1,
write,write,,,audio_medium,polyglot,9,03-02-01-02-01-02-15_r09.wav,561882,0.007789,1,
write,write,,,audio_medium,pg_bytea,9,03-02-01-02-01-02-15_r09.wav,561882,0.015944,1,
write,write,,,audio_medium,mongo_gridfs,9,03-02-01-02-01-02-15_r09.wav,561882,0.007007,1,
write,write,,,audio_medium,pg_bytea,9,03-02-01-02-01-02-16_r09.wav,526650,0.015313,1,
write,write,,,audio_medium,mongo_gridfs,9,03-02-01-02-01-02-16_r09.wav,526650,0.008606,1,
write,write,,,audio_medium,polyglot,9,03-02-01-02-01-02-16_r09.wav,526650,0.007569,1,
write,write,,,audio_medium,polyglot,9,03-02-01-02-01-02-17_r09.wav,533056,0.006415,1,
write,write,,,audio_medium,mongo_gridfs,9,03-02-01-02-01-02-17_r09.wav,533056,0.006134,1,
write,write,,,audio_medium,pg_bytea,9,03-02-01-02-01-02-17_r09.wav,533056,0.016069,1,
write,write,,,audio_medium,polyglot,9,03-02-01-02-02-02-22_r09.wav,520242,0.009202,1,
write,write,,,audio_medium,pg_bytea,9,03-02-01-02-02-02-22_r09.wav,520242,0.015979,1,
write,write,,,audio_medium,mongo_gridfs,9,03-02-01-02-02-02-22_r09.wav,520242,0.008000,1,
write,write,,,audio_medium,polyglot,9,03-02-01-02-02-02-23_r09.wav,520242,0.006817,1,
write,write,,,audio_medium,mongo_gridfs,9,03-02-01-02-02-02-23_r09.wav,520242,0.006699,1,
write,write,,,audio_medium,pg_bytea,9,03-02-01-02-02-02-23_r09.wav,520242,0.014318,1,
write,write,,,audio_medium,polyglot,9,03-02-02-01-01-01-22_r09.wav,523448,0.007452,1,
write,write,,,audio_medium,pg_bytea,9,03-02-02-01-01-01-22_r09.wav,523448,0.015109,1,
write,write,,,audio_medium,mongo_gridfs,9,03-02-02-01-01-01-22_r09.wav,523448,0.007201,1,
write,write,,,audio_medium,pg_bytea,9,03-02-02-01-01-01-23_r09.wav,561888,0.016330,1,
write,write,,,audio_medium,mongo_gridfs,9,03-02-02-01-01-01-23_r09.wav,561888,0.008276,1,
write,write,,,audio_medium,polyglot,9,03-02-02-01-01-01-23_r09.wav,561888,0.008070,1,
write,write,,,audio_medium,polyglot,9,03-02-02-01-02-01-01_r09.wav,520242,0.006198,1,
write,write,,,audio_medium,pg_bytea,9,03-02-02-01-02-01-01_r09.wav,520242,0.016082,1,
write,write,,,audio_medium,mongo_gridfs,9,03-02-02-01-02-01-01_r09.wav,520242,0.006934,1,
write,write,,,audio_medium,pg_bytea,9,03-02-02-01-02-01-02_r09.wav,539464,0.018944,1,
write,write,,,audio_medium,mongo_gridfs,9,03-02-02-01-02-01-02_r09.wav,539464,0.007739,1,
write,write,,,audio_medium,polyglot,9,03-02-02-01-02-01-02_r09.wav,539464,0.006887,1,
write,write,,,audio_medium,polyglot,9,03-02-02-01-02-01-03_r09.wav,533056,0.006444,1,
write,write,,,audio_medium,mongo_gridfs,9,03-02-02-01-02-01-03_r09.wav,533056,0.006547,1,
write,write,,,audio_medium,pg_bytea,9,03-02-02-01-02-01-03_r09.wav,533056,0.017906,1,
write,write,,,audio_medium,pg_bytea,9,03-02-02-01-02-01-16_r09.wav,561882,0.014118,1,
write,write,,,audio_medium,polyglot,9,03-02-02-01-02-01-16_r09.wav,561882,0.007037,1,
write,write,,,audio_medium,mongo_gridfs,9,03-02-02-01-02-01-16_r09.wav,561882,0.005742,1,
write,write,,,audio_medium,polyglot,9,03-02-02-02-01-01-01_r09.wav,539464,0.005582,1,
write,write,,,audio_medium,pg_bytea,9,03-02-02-02-01-01-01_r09.wav,539464,0.014743,1,
write,write,,,audio_medium,mongo_gridfs,9,03-02-02-02-01-01-01_r09.wav,539464,0.005358,1,
write,write,,,audio_medium,polyglot,9,03-02-02-02-01-01-02_r09.wav,526650,0.004985,1,
write,write,,,audio_medium,pg_bytea,9,03-02-02-02-01-01-02_r09.wav,526650,0.091686,1,
write,write,,,audio_medium,mongo_gridfs,9,03-02-02-02-01-01-02_r09.wav,526650,0.007408,1,
write,write,,,audio_medium,pg_bytea,9,03-02-02-02-01-01-15_r09.wav,539464,0.120740,1,
write,write,,,audio_medium,polyglot,9,03-02-02-02-01-01-15_r09.wav,539464,0.007446,1,
write,write,,,audio_medium,mongo_gridfs,9,03-02-02-02-01-01-15_r09.wav,539464,0.006676,1,
write,write,,,audio_medium,pg_bytea,9,03-02-02-02-01-01-16_r09.wav,520242,0.024143,1,
write,write,,,audio_medium,polyglot,9,03-02-02-02-01-01-16_r09.wav,520242,0.007885,1,
write,write,,,audio_medium,mongo_gridfs,9,03-02-02-02-01-01-16_r09.wav,520242,0.006796,1,
write,write,,,audio_medium,pg_bytea,9,03-02-02-02-01-01-17_r09.wav,539464,0.016486,1,
write,write,,,audio_medium,mongo_gridfs,9,03-02-02-02-01-01-17_r09.wav,539464,0.006857,1,
write,write,,,audio_medium,polyglot,9,03-02-02-02-01-01-17_r09.wav,539464,0.007269,1,
write,write,,,audio_medium,polyglot,9,03-02-02-02-02-01-22_r09.wav,539464,0.006677,1,
write,write,,,audio_medium,pg_bytea,9,03-02-02-02-02-01-22_r09.wav,539464,0.015880,1,
write,write,,,audio_medium,mongo_gridfs,9,03-02-02-02-02-01-22_r09.wav,539464,0.011479,1,
write,write,,,audio_medium,mongo_gridfs,9,03-02-02-02-02-01-23_r09.wav,520242,0.006394,1,
write,write,,,audio_medium,pg_bytea,9,03-02-02-02-02-01-23_r09.wav,520242,0.015283,1,
write,write,,,audio_medium,polyglot,9,03-02-02-02-02-01-23_r09.wav,520242,0.007185,1,
write,write,,,audio_medium,polyglot,9,03-02-03-01-01-02-01_r09.wav,561882,0.006805,1,
write,write,,,audio_medium,pg_bytea,9,03-02-03-01-01-02-01_r09.wav,561882,0.016734,1,
write,write,,,audio_medium,mongo_gridfs,9,03-02-03-01-01-02-01_r09.wav,561882,0.009022,1,
write,write,,,audio_medium,mongo_gridfs,9,03-02-03-01-01-02-02_r09.wav,561882,0.007684,1,
write,write,,,audio_medium,pg_bytea,9,03-02-03-01-01-02-02_r09.wav,561882,0.016968,1,
write,write,,,audio_medium,polyglot,9,03-02-03-01-01-02-02_r09.wav,561882,0.008221,1,
write,write,,,audio_medium,polyglot,9,03-02-03-01-01-02-03_r09.wav,539464,0.006742,1,
write,write,,,audio_medium,pg_bytea,9,03-02-03-01-01-02-03_r09.wav,539464,0.015682,1,
write,write,,,audio_medium,mongo_gridfs,9,03-02-03-01-01-02-03_r09.wav,539464,0.008221,1,
write,write,,,audio_medium,pg_bytea,9,03-02-03-01-01-02-15_r09.wav,526650,0.015466,1,
write,write,,,audio_medium,polyglot,9,03-02-03-01-01-02-15_r09.wav,526650,0.007929,1,
write,write,,,audio_medium,mongo_gridfs,9,03-02-03-01-01-02-15_r09.wav,526650,0.007045,1,
write,write,,,audio_medium,polyglot,9,03-02-03-01-01-02-16_r09.wav,520242,0.007674,1,
write,write,,,audio_medium,mongo_gridfs,9,03-02-03-01-01-02-16_r09.wav,520242,0.005862,1,
write,write,,,audio_medium,pg_bytea,9,03-02-03-01-01-02-16_r09.wav,520242,0.016190,1,
write,write,,,audio_medium,pg_bytea,9,03-02-03-01-01-02-17_r09.wav,526650,0.015081,1,
write,write,,,audio_medium,mongo_gridfs,9,03-02-03-01-01-02-17_r09.wav,526650,0.007609,1,
write,write,,,audio_medium,polyglot,9,03-02-03-01-01-02-17_r09.wav,526650,0.008594,1,
write,write,,,audio_medium,pg_bytea,9,03-02-03-01-02-02-09_r09.wav,539464,0.015641,1,
write,write,,,audio_medium,polyglot,9,03-02-03-01-02-02-09_r09.wav,539464,0.007188,1,
write,write,,,audio_medium,mongo_gridfs,9,03-02-03-01-02-02-09_r09.wav,539464,0.006739,1,
write,write,,,audio_medium,pg_bytea,9,03-02-03-01-02-02-21_r09.wav,533056,0.021987,1,
write,write,,,audio_medium,polyglot,9,03-02-03-01-02-02-21_r09.wav,533056,0.007740,1,
write,write,,,audio_medium,mongo_gridfs,9,03-02-03-01-02-02-21_r09.wav,533056,0.007540,1,
write,write,,,audio_medium,mongo_gridfs,9,03-02-03-01-02-02-22_r09.wav,561888,0.008479,1,
write,write,,,audio_medium,pg_bytea,9,03-02-03-01-02-02-22_r09.wav,561888,0.018492,1,
write,write,,,audio_medium,polyglot,9,03-02-03-01-02-02-22_r09.wav,561888,0.008323,1,
write,write,,,audio_medium,mongo_gridfs,9,03-02-03-01-02-02-23_r09.wav,539464,0.006441,1,
write,write,,,audio_medium,polyglot,9,03-02-03-01-02-02-23_r09.wav,539464,0.007598,1,
write,write,,,audio_medium,pg_bytea,9,03-02-03-01-02-02-23_r09.wav,539464,0.015450,1,
write,write,,,audio_medium,pg_bytea,9,03-02-03-02-01-02-09_r09.wav,561882,0.019408,1,
write,write,,,audio_medium,polyglot,9,03-02-03-02-01-02-09_r09.wav,561882,0.009189,1,
write,write,,,audio_medium,mongo_gridfs,9,03-02-03-02-01-02-09_r09.wav,561882,0.008389,1,
write,write,,,audio_medium,polyglot,9,03-02-03-02-01-02-21_r09.wav,539464,0.006475,1,
write,write,,,audio_medium,mongo_gridfs,9,03-02-03-02-01-02-21_r09.wav,539464,0.006566,1,
write,write,,,audio_medium,pg_bytea,9,03-02-03-02-01-02-21_r09.wav,539464,0.019723,1,
write,write,,,audio_medium,mongo_gridfs,9,03-02-03-02-01-02-22_r09.wav,526650,0.006974,1,
write,write,,,audio_medium,pg_bytea,9,03-02-03-02-01-02-22_r09.wav,526650,0.017049,1,
write,write,,,audio_medium,polyglot,9,03-02-03-02-01-02-22_r09.wav,526650,0.008579,1,
write,write,,,audio_medium,pg_bytea,9,03-02-03-02-01-02-23_r09.wav,561888,0.015887,1,
write,write,,,audio_medium,polyglot,9,03-02-03-02-01-02-23_r09.wav,561888,0.007750,1,
write,write,,,audio_medium,mongo_gridfs,9,03-02-03-02-01-02-23_r09.wav,561888,0.007833,1,
write,write,,,audio_medium,pg_bytea,9,03-02-03-02-02-02-01_r09.wav,561882,0.018609,1,
write,write,,,audio_medium,mongo_gridfs,9,03-02-03-02-02-02-01_r09.wav,561882,0.009169,1,
write,write,,,audio_medium,polyglot,9,03-02-03-02-02-02-01_r09.wav,561882,0.009257,1,
write,write,,,audio_medium,mongo_gridfs,9,03-02-03-02-02-02-02_r09.wav,523448,0.006034,1,
write,write,,,audio_medium,pg_bytea,9,03-02-03-02-02-02-02_r09.wav,523448,0.028303,1,
write,write,,,audio_medium,polyglot,9,03-02-03-02-02-02-02_r09.wav,523448,0.009445,1,
write,write,,,audio_medium,mongo_gridfs,9,03-02-03-02-02-02-03_r09.wav,561888,0.007134,1,
write,write,,,audio_medium,pg_bytea,9,03-02-03-02-02-02-03_r09.wav,561888,0.015920,1,
write,write,,,audio_medium,polyglot,9,03-02-03-02-02-02-03_r09.wav,561888,0.007745,1,
write,write,,,audio_medium,polyglot,9,03-02-03-02-02-02-15_r09.wav,523448,0.006559,1,
write,write,,,audio_medium,pg_bytea,9,03-02-03-02-02-02-15_r09.wav,523448,0.014881,1,
write,write,,,audio_medium,mongo_gridfs,9,03-02-03-02-02-02-15_r09.wav,523448,0.007214,1,
write,write,,,audio_medium,mongo_gridfs,9,03-02-03-02-02-02-16_r09.wav,561882,0.007786,1,
write,write,,,audio_medium,polyglot,9,03-02-03-02-02-02-16_r09.wav,561882,0.006569,1,
write,write,,,audio_medium,pg_bytea,9,03-02-03-02-02-02-16_r09.wav,561882,0.015372,1,
write,write,,,audio_medium,polyglot,9,03-02-03-02-02-02-17_r09.wav,523448,0.007030,1,
write,write,,,audio_medium,mongo_gridfs,9,03-02-03-02-02-02-17_r09.wav,523448,0.005730,1,
write,write,,,audio_medium,pg_bytea,9,03-02-03-02-02-02-17_r09.wav,523448,0.014767,1,
write,write,,,audio_medium,pg_bytea,9,03-02-04-01-01-02-05_r09.wav,561882,0.016242,1,
write,write,,,audio_medium,mongo_gridfs,9,03-02-04-01-01-02-05_r09.wav,561882,0.007993,1,
write,write,,,audio_medium,polyglot,9,03-02-04-01-01-02-05_r09.wav,561882,0.007883,1,
write,write,,,audio_medium,mongo_gridfs,9,03-02-04-01-01-02-06_r09.wav,526650,0.006806,1,
write,write,,,audio_medium,pg_bytea,9,03-02-04-01-01-02-06_r09.wav,526650,0.015623,1,
write,write,,,audio_medium,polyglot,9,03-02-04-01-01-02-06_r09.wav,526650,0.006482,1,
write,write,,,audio_medium,mongo_gridfs,9,03-02-04-01-01-02-07_r09.wav,523448,0.005803,1,
write,write,,,audio_medium,pg_bytea,9,03-02-04-01-01-02-07_r09.wav,523448,0.014127,1,
write,write,,,audio_medium,polyglot,9,03-02-04-01-01-02-07_r09.wav,523448,0.006468,1,
write,write,,,audio_medium,polyglot,9,03-02-04-01-01-02-11_r09.wav,539464,0.007401,1,
write,write,,,audio_medium,mongo_gridfs,9,03-02-04-01-01-02-11_r09.wav,539464,0.006656,1,
write,write,,,audio_medium,pg_bytea,9,03-02-04-01-01-02-11_r09.wav,539464,0.017055,1,
write,write,,,audio_medium,pg_bytea,9,03-02-04-01-01-02-12_r09.wav,523448,0.024584,1,
write,write,,,audio_medium,mongo_gridfs,9,03-02-04-01-01-02-12_r09.wav,523448,0.007828,1,
write,write,,,audio_medium,polyglot,9,03-02-04-01-01-02-12_r09.wav,523448,0.006703,1,
write,write,,,audio_medium,pg_bytea,9,03-02-04-01-01-02-13_r09.wav,539464,0.015451,1,
write,write,,,audio_medium,polyglot,9,03-02-04-01-01-02-13_r09.wav,539464,0.007553,1,
write,write,,,audio_medium,mongo_gridfs,9,03-02-04-01-01-02-13_r09.wav,539464,0.007049,1,
write,write,,,audio_medium,pg_bytea,9,03-02-04-01-02-02-19_r09.wav,561888,0.017930,1,
write,write,,,audio_medium,polyglot,9,03-02-04-01-02-02-19_r09.wav,561888,0.007810,1,
write,write,,,audio_medium,mongo_gridfs,9,03-02-04-01-02-02-19_r09.wav,561888,0.007587,1,
write,write,,,audio_medium,pg_bytea,9,03-02-04-02-02-02-05_r09.wav,526650,0.018833,1,
write,write,,,audio_medium,polyglot,9,03-02-04-02-02-02-05_r09.wav,526650,0.008172,1,
write,write,,,audio_medium,mongo_gridfs,9,03-02-04-02-02-02-05_r09.wav,526650,0.006590,1,
write,write,,,audio_medium,polyglot,9,03-02-04-02-02-02-06_r09.wav,526650,0.006099,1,
write,write,,,audio_medium,pg_bytea,9,03-02-04-02-02-02-06_r09.wav,526650,0.014533,1,
write,write,,,audio_medium,mongo_gridfs,9,03-02-04-02-02-02-06_r09.wav,526650,0.009169,1,
write,write,,,audio_medium,mongo_gridfs,9,03-02-04-02-02-02-07_r09.wav,561888,0.007902,1,
write,write,,,audio_medium,pg_bytea,9,03-02-04-02-02-02-07_r09.wav,561888,0.017713,1,
write,write,,,audio_medium,polyglot,9,03-02-04-02-02-02-07_r09.wav,561888,0.007520,1,
write,write,,,audio_medium,pg_bytea,9,03-02-04-02-02-02-11_r09.wav,561888,0.016973,1,
write,write,,,audio_medium,polyglot,9,03-02-04-02-02-02-11_r09.wav,561888,0.007854,1,
write,write,,,audio_medium,mongo_gridfs,9,03-02-04-02-02-02-11_r09.wav,561888,0.007180,1,
write,write,,,audio_medium,polyglot,9,03-02-04-02-02-02-12_r09.wav,523448,0.006675,1,
write,write,,,audio_medium,pg_bytea,9,03-02-04-02-02-02-12_r09.wav,523448,0.017805,1,
write,write,,,audio_medium,mongo_gridfs,9,03-02-04-02-02-02-12_r09.wav,523448,0.006944,1,
write,write,,,audio_medium,pg_bytea,9,03-02-04-02-02-02-13_r09.wav,533056,0.016593,1,
write,write,,,audio_medium,mongo_gridfs,9,03-02-04-02-02-02-13_r09.wav,533056,0.007931,1,
write,write,,,audio_medium,polyglot,9,03-02-04-02-02-02-13_r09.wav,533056,0.007324,1,
write,write,,,audio_medium,mongo_gridfs,9,03-02-05-01-02-01-06_r09.wav,561882,0.009083,1,
write,write,,,audio_medium,polyglot,9,03-02-05-01-02-01-06_r09.wav,561882,0.010890,1,
write,write,,,audio_medium,pg_bytea,9,03-02-05-01-02-01-06_r09.wav,561882,0.017250,1,
write,write,,,audio_medium,mongo_gridfs,9,03-02-05-01-02-01-07_r09.wav,520242,0.006716,1,
write,write,,,audio_medium,polyglot,9,03-02-05-01-02-01-07_r09.wav,520242,0.006570,1,
write,write,,,audio_medium,pg_bytea,9,03-02-05-01-02-01-07_r09.wav,520242,0.015288,1,
write,write,,,audio_medium,pg_bytea,9,03-02-05-01-02-01-12_r09.wav,520242,0.015407,1,
write,write,,,audio_medium,polyglot,9,03-02-05-01-02-01-12_r09.wav,520242,0.007228,1,
write,write,,,audio_medium,mongo_gridfs,9,03-02-05-01-02-01-12_r09.wav,520242,0.005712,1,
write,write,,,audio_medium,mongo_gridfs,9,03-02-05-01-02-01-13_r09.wav,561888,0.007202,1,
write,write,,,audio_medium,pg_bytea,9,03-02-05-01-02-01-13_r09.wav,561888,0.017562,1,
write,write,,,audio_medium,polyglot,9,03-02-05-01-02-01-13_r09.wav,561888,0.007532,1,
write,write,,,audio_medium,pg_bytea,9,03-02-05-02-01-01-05_r09.wav,539464,0.015658,1,
write,write,,,audio_medium,polyglot,9,03-02-05-02-01-01-05_r09.wav,539464,0.008398,1,
write,write,,,audio_medium,mongo_gridfs,9,03-02-05-02-01-01-05_r09.wav,539464,0.006361,1,
write,write,,,audio_medium,pg_bytea,9,03-02-05-02-01-01-06_r09.wav,561888,0.017376,1,
write,write,,,audio_medium,mongo_gridfs,9,03-02-05-02-01-01-06_r09.wav,561888,0.008082,1,
write,write,,,audio_medium,polyglot,9,03-02-05-02-01-01-06_r09.wav,561888,0.008207,1,
write,write,,,audio_medium,mongo_gridfs,9,03-02-05-02-01-01-07_r09.wav,533056,0.006857,1,
write,write,,,audio_medium,pg_bytea,9,03-02-05-02-01-01-07_r09.wav,533056,0.015863,1,
write,write,,,audio_medium,polyglot,9,03-02-05-02-01-01-07_r09.wav,533056,0.008965,1,
write,write,,,audio_medium,pg_bytea,9,03-02-05-02-01-01-11_r09.wav,561888,0.015414,1,
write,write,,,audio_medium,mongo_gridfs,9,03-02-05-02-01-01-11_r09.wav,561888,0.010138,1,
write,write,,,audio_medium,polyglot,9,03-02-05-02-01-01-11_r09.wav,561888,0.007614,1,
write,write,,,audio_medium,polyglot,9,03-02-05-02-01-01-12_r09.wav,533056,0.007024,1,
write,write,,,audio_medium,mongo_gridfs,9,03-02-05-02-01-01-12_r09.wav,533056,0.018725,1,
write,write,,,audio_medium,pg_bytea,9,03-02-05-02-01-01-12_r09.wav,533056,0.053160,1,
write,write,,,audio_medium,mongo_gridfs,9,03-02-05-02-01-01-13_r09.wav,526650,0.007557,1,
write,write,,,audio_medium,polyglot,9,03-02-05-02-01-01-13_r09.wav,526650,0.007335,1,
write,write,,,audio_medium,pg_bytea,9,03-02-05-02-01-01-13_r09.wav,526650,0.015125,1,
write,write,,,video_small,pg_bytea,9,01-01-01-01-01-01-22_r09.mp4,5457041,0.172399,1,
write,write,,,video_small,mongo_gridfs,9,01-01-01-01-01-01-22_r09.mp4,5457041,0.052176,1,
write,write,,,video_small,polyglot,9,01-01-01-01-01-01-22_r09.mp4,5457041,0.056225,1,
write,write,,,video_small,mongo_gridfs,9,01-01-01-01-01-02-01_r09.mp4,5457041,0.042860,1,
write,write,,,video_small,polyglot,9,01-01-01-01-01-02-01_r09.mp4,5457041,0.053954,1,
write,write,,,video_small,pg_bytea,9,01-01-01-01-01-02-01_r09.mp4,5457041,0.146617,1,
write,write,,,video_small,mongo_gridfs,9,01-01-01-01-01-02-15_r09.mp4,5457041,0.046066,1,
write,write,,,video_small,pg_bytea,9,01-01-01-01-01-02-15_r09.mp4,5457041,0.147728,1,
write,write,,,video_small,polyglot,9,01-01-01-01-01-02-15_r09.mp4,5457041,0.044264,1,
write,write,,,video_small,polyglot,9,01-01-01-01-02-01-06_r09.mp4,5457041,0.044432,1,
write,write,,,video_small,mongo_gridfs,9,01-01-01-01-02-01-06_r09.mp4,5457041,0.045393,1,
write,write,,,video_small,pg_bytea,9,01-01-01-01-02-01-06_r09.mp4,5457041,0.152612,1,
write,write,,,video_small,pg_bytea,9,01-01-01-01-02-01-13_r09.mp4,5457041,0.146573,1,
write,write,,,video_small,polyglot,9,01-01-01-01-02-01-13_r09.mp4,5457041,0.054442,1,
write,write,,,video_small,mongo_gridfs,9,01-01-01-01-02-01-13_r09.mp4,5457041,0.055128,1,
write,write,,,video_small,polyglot,9,01-01-01-01-02-01-14_r09.mp4,5457041,0.043582,1,
write,write,,,video_small,mongo_gridfs,9,01-01-01-01-02-01-14_r09.mp4,5457041,0.059134,1,
write,write,,,video_small,pg_bytea,9,01-01-01-01-02-01-14_r09.mp4,5457041,0.142484,1,
write,write,,,video_small,pg_bytea,9,01-01-01-01-02-02-09_r09.mp4,5498397,0.148295,1,
write,write,,,video_small,mongo_gridfs,9,01-01-01-01-02-02-09_r09.mp4,5498397,0.052319,1,
write,write,,,video_small,polyglot,9,01-01-01-01-02-02-09_r09.mp4,5498397,0.053722,1,
write,write,,,video_small,mongo_gridfs,9,01-01-01-02-01-01-01_r09.mp4,5498397,0.044605,1,
write,write,,,video_small,pg_bytea,9,01-01-01-02-01-01-01_r09.mp4,5498397,0.157521,1,
write,write,,,video_small,polyglot,9,01-01-01-02-01-01-01_r09.mp4,5498397,0.055418,1,
write,write,,,video_small,polyglot,9,01-01-01-02-01-01-05_r09.mp4,5457041,0.069863,1,
write,write,,,video_small,mongo_gridfs,9,01-01-01-02-01-01-05_r09.mp4,5457041,0.133779,1,
write,write,,,video_small,pg_bytea,9,01-01-01-02-01-01-05_r09.mp4,5457041,0.215230,1,
write,write,,,video_small,mongo_gridfs,9,01-01-01-02-01-01-15_r09.mp4,5457041,0.049893,1,
write,write,,,video_small,polyglot,9,01-01-01-02-01-01-15_r09.mp4,5457041,0.044948,1,
write,write,,,video_small,pg_bytea,9,01-01-01-02-01-01-15_r09.mp4,5457041,0.178191,1,
write,write,,,video_small,mongo_gridfs,9,01-01-01-02-02-01-18_r09.mp4,5457041,0.046905,1,
write,write,,,video_small,polyglot,9,01-01-01-02-02-01-18_r09.mp4,5457041,0.066839,1,
write,write,,,video_small,pg_bytea,9,01-01-01-02-02-01-18_r09.mp4,5457041,0.197543,1,
write,write,,,video_small,pg_bytea,9,01-01-01-02-02-01-19_r09.mp4,5457041,0.168290,1,
write,write,,,video_small,polyglot,9,01-01-01-02-02-01-19_r09.mp4,5457041,0.070873,1,
write,write,,,video_small,mongo_gridfs,9,01-01-01-02-02-01-19_r09.mp4,5457041,0.047072,1,
write,write,,,video_small,pg_bytea,9,01-01-02-01-01-02-09_r09.mp4,5498397,0.162851,1,
write,write,,,video_small,polyglot,9,01-01-02-01-01-02-09_r09.mp4,5498397,0.048893,1,
write,write,,,video_small,mongo_gridfs,9,01-01-02-01-01-02-09_r09.mp4,5498397,0.050388,1,
write,write,,,video_small,mongo_gridfs,9,01-01-02-01-01-02-18_r09.mp4,5498397,0.056321,1,
write,write,,,video_small,pg_bytea,9,01-01-02-01-01-02-18_r09.mp4,5498397,0.200581,1,
write,write,,,video_small,polyglot,9,01-01-02-01-01-02-18_r09.mp4,5498397,0.044704,1,
write,write,,,video_small,polyglot,9,01-01-02-01-01-02-23_r09.mp4,5498397,0.047900,1,
write,write,,,video_small,mongo_gridfs,9,01-01-02-01-01-02-23_r09.mp4,5498397,0.049454,1,
write,write,,,video_small,pg_bytea,9,01-01-02-01-01-02-23_r09.mp4,5498397,0.634609,1,
write,write,,,video_small,pg_bytea,9,01-01-02-01-02-01-09_r09.mp4,5498397,0.150417,1,
write,write,,,video_small,mongo_gridfs,9,01-01-02-01-02-01-09_r09.mp4,5498397,1.429215,1,
write,write,,,video_small,polyglot,9,01-01-02-01-02-01-09_r09.mp4,5498397,0.236417,1,
write,write,,,video_small,polyglot,9,01-01-02-01-02-02-01_r09.mp4,5498397,0.650157,1,
write,write,,,video_small,pg_bytea,9,01-01-02-01-02-02-01_r09.mp4,5498397,1.415660,1,
write,write,,,video_small,mongo_gridfs,9,01-01-02-01-02-02-01_r09.mp4,5498397,0.049695,1,
write,write,,,video_small,polyglot,9,01-01-02-01-02-02-03_r09.mp4,5498397,0.270985,1,
write,write,,,video_small,pg_bytea,9,01-01-02-01-02-02-03_r09.mp4,5498397,0.589939,1,
write,write,,,video_small,mongo_gridfs,9,01-01-02-01-02-02-03_r09.mp4,5498397,0.043978,1,
write,write,,,video_small,pg_bytea,9,01-01-02-02-01-02-02_r09.mp4,5498397,0.131694,1,
write,write,,,video_small,polyglot,9,01-01-02-02-01-02-02_r09.mp4,5498397,0.057156,1,
write,write,,,video_small,mongo_gridfs,9,01-01-02-02-01-02-02_r09.mp4,5498397,0.046707,1,
write,write,,,video_small,mongo_gridfs,9,01-01-02-02-01-02-03_r09.mp4,5498397,0.046233,1,
write,write,,,video_small,pg_bytea,9,01-01-02-02-01-02-03_r09.mp4,5498397,0.154792,1,
write,write,,,video_small,polyglot,9,01-01-02-02-01-02-03_r09.mp4,5498397,0.068003,1,
write,write,,,video_small,polyglot,9,01-01-02-02-01-02-05_r09.mp4,5498397,0.044060,1,
write,write,,,video_small,pg_bytea,9,01-01-02-02-01-02-05_r09.mp4,5498397,0.152658,1,
write,write,,,video_small,mongo_gridfs,9,01-01-02-02-01-02-05_r09.mp4,5498397,0.043070,1,
write,write,,,video_small,pg_bytea,9,01-01-02-02-01-02-10_r09.mp4,5457041,0.156590,1,
write,write,,,video_small,polyglot,9,01-01-02-02-01-02-10_r09.mp4,5457041,0.047391,1,
write,write,,,video_small,mongo_gridfs,9,01-01-02-02-01-02-10_r09.mp4,5457041,0.044167,1,
write,write,,,video_small,pg_bytea,9,01-01-02-02-01-02-13_r09.mp4,5457041,0.142012,1,
write,write,,,video_small,polyglot,9,01-01-02-02-01-02-13_r09.mp4,5457041,0.044351,1,
write,write,,,video_small,mongo_gridfs,9,01-01-02-02-01-02-13_r09.mp4,5457041,0.058793,1,
write,write,,,video_small,pg_bytea,9,01-01-02-02-01-02-17_r09.mp4,5457041,0.137497,1,
write,write,,,video_small,mongo_gridfs,9,01-01-02-02-01-02-17_r09.mp4,5457041,0.046736,1,
write,write,,,video_small,polyglot,9,01-01-02-02-01-02-17_r09.mp4,5457041,0.042656,1,
write,write,,,video_small,polyglot,9,01-01-02-02-02-02-18_r09.mp4,5457041,0.044765,1,
write,write,,,video_small,pg_bytea,9,01-01-02-02-02-02-18_r09.mp4,5457041,0.143983,1,
write,write,,,video_small,mongo_gridfs,9,01-01-02-02-02-02-18_r09.mp4,5457041,0.043011,1,
write,write,,,video_small,polyglot,9,01-01-02-02-02-02-19_r09.mp4,5457041,0.041627,1,
write,write,,,video_small,pg_bytea,9,01-01-02-02-02-02-19_r09.mp4,5457041,0.137870,1,
write,write,,,video_small,mongo_gridfs,9,01-01-02-02-02-02-19_r09.mp4,5457041,0.041691,1,
write,write,,,video_small,pg_bytea,9,01-01-02-02-02-02-21_r09.mp4,5498397,0.154293,1,
write,write,,,video_small,mongo_gridfs,9,01-01-02-02-02-02-21_r09.mp4,5498397,0.048971,1,
write,write,,,video_small,polyglot,9,01-01-02-02-02-02-21_r09.mp4,5498397,0.073457,1,
write,write,,,video_small,polyglot,9,01-01-02-02-02-02-22_r09.mp4,5457041,0.043101,1,
write,write,,,video_small,mongo_gridfs,9,01-01-02-02-02-02-22_r09.mp4,5457041,0.042108,1,
write,write,,,video_small,pg_bytea,9,01-01-02-02-02-02-22_r09.mp4,5457041,0.140946,1,
write,write,,,video_small,pg_bytea,9,01-01-02-02-02-02-23_r09.mp4,5457041,0.146924,1,
write,write,,,video_small,polyglot,9,01-01-02-02-02-02-23_r09.mp4,5457041,0.045170,1,
write,write,,,video_small,mongo_gridfs,9,01-01-02-02-02-02-23_r09.mp4,5457041,0.047886,1,
write,write,,,video_small,mongo_gridfs,9,01-01-03-01-01-01-12_r09.mp4,5457041,0.049209,1,
write,write,,,video_small,pg_bytea,9,01-01-03-01-01-01-12_r09.mp4,5457041,2.132842,1,
write,write,,,video_small,polyglot,9,01-01-03-01-01-01-12_r09.mp4,5457041,0.055568,1,
write,write,,,video_small,polyglot,9,01-01-03-01-01-01-15_r09.mp4,5457041,0.045117,1,
write,write,,,video_small,mongo_gridfs,9,01-01-03-01-01-01-15_r09.mp4,5457041,0.044775,1,
write,write,,,video_small,pg_bytea,9,01-01-03-01-01-01-15_r09.mp4,5457041,0.141403,1,
write,write,,,video_small,pg_bytea,9,01-01-03-01-02-01-08_r09.mp4,5498397,0.146450,1,
write,write,,,video_small,polyglot,9,01-01-03-01-02-01-08_r09.mp4,5498397,0.045759,1,
write,write,,,video_small,mongo_gridfs,9,01-01-03-01-02-01-08_r09.mp4,5498397,0.044122,1,
write,write,,,video_small,pg_bytea,9,01-01-03-01-02-01-21_r09.mp4,5498397,0.141625,1,
write,write,,,video_small,polyglot,9,01-01-03-01-02-01-21_r09.mp4,5498397,0.046568,1,
write,write,,,video_small,mongo_gridfs,9,01-01-03-01-02-01-21_r09.mp4,5498397,0.053890,1,
write,write,,,video_small,polyglot,9,01-01-03-02-01-01-21_r09.mp4,5457041,0.074262,1,
write,write,,,video_small,pg_bytea,9,01-01-03-02-01-01-21_r09.mp4,5457041,0.145419,1,
write,write,,,video_small,mongo_gridfs,9,01-01-03-02-01-01-21_r09.mp4,5457041,0.049057,1,
write,write,,,video_small,pg_bytea,9,01-01-03-02-01-01-24_r09.mp4,5457041,0.139004,1,
write,write,,,video_small,mongo_gridfs,9,01-01-03-02-01-01-24_r09.mp4,5457041,0.047832,1,
write,write,,,video_small,polyglot,9,01-01-03-02-01-01-24_r09.mp4,5457041,0.046212,1,
write,write,,,video_small,pg_bytea,9,01-01-03-02-01-02-01_r09.mp4,5457041,0.143662,1,
write,write,,,video_small,mongo_gridfs,9,01-01-03-02-01-02-01_r09.mp4,5457041,0.045548,1,
write,write,,,video_small,polyglot,9,01-01-03-02-01-02-01_r09.mp4,5457041,0.046238,1,
write,write,,,video_small,pg_bytea,9,01-01-03-02-01-02-15_r09.mp4,5457041,0.153890,1,
write,write,,,video_small,mongo_gridfs,9,01-01-03-02-01-02-15_r09.mp4,5457041,0.075498,1,
write,write,,,video_small,polyglot,9,01-01-03-02-01-02-15_r09.mp4,5457041,0.051588,1,
write,write,,,video_small,mongo_gridfs,9,01-01-03-02-02-01-05_r09.mp4,5457041,0.045828,1,
write,write,,,video_small,polyglot,9,01-01-03-02-02-01-05_r09.mp4,5457041,0.058586,1,
write,write,,,video_small,pg_bytea,9,01-01-03-02-02-01-05_r09.mp4,5457041,0.516178,1,
write,write,,,video_small,polyglot,9,01-01-03-02-02-01-12_r09.mp4,5457041,0.048636,1,
write,write,,,video_small,mongo_gridfs,9,01-01-03-02-02-01-12_r09.mp4,5457041,0.041766,1,
write,write,,,video_small,pg_bytea,9,01-01-03-02-02-01-12_r09.mp4,5457041,0.152118,1,
write,write,,,video_small,polyglot,9,01-01-03-02-02-01-15_r09.mp4,5498397,0.051339,1,
write,write,,,video_small,pg_bytea,9,01-01-03-02-02-01-15_r09.mp4,5498397,0.156803,1,
write,write,,,video_small,mongo_gridfs,9,01-01-03-02-02-01-15_r09.mp4,5498397,0.053352,1,
write,write,,,video_small,mongo_gridfs,9,01-01-04-01-01-01-03_r09.mp4,5457041,0.050871,1,
write,write,,,video_small,pg_bytea,9,01-01-04-01-01-01-03_r09.mp4,5457041,0.469127,1,
write,write,,,video_small,polyglot,9,01-01-04-01-01-01-03_r09.mp4,5457041,0.084197,1,
write,write,,,video_small,mongo_gridfs,9,01-01-04-01-01-01-05_r09.mp4,5498397,0.058653,1,
write,write,,,video_small,pg_bytea,9,01-01-04-01-01-01-05_r09.mp4,5498397,0.169036,1,
write,write,,,video_small,polyglot,9,01-01-04-01-01-01-05_r09.mp4,5498397,0.050262,1,
write,write,,,video_small,pg_bytea,9,01-01-04-01-01-01-10_r09.mp4,5457041,0.151172,1,
write,write,,,video_small,polyglot,9,01-01-04-01-01-01-10_r09.mp4,5457041,0.052663,1,
write,write,,,video_small,mongo_gridfs,9,01-01-04-01-01-01-10_r09.mp4,5457041,0.045838,1,
write,write,,,video_small,polyglot,9,01-01-04-01-01-01-16_r09.mp4,5457041,0.073681,1,
write,write,,,video_small,mongo_gridfs,9,01-01-04-01-01-01-16_r09.mp4,5457041,0.048663,1,
write,write,,,video_small,pg_bytea,9,01-01-04-01-01-01-16_r09.mp4,5457041,0.151075,1,
write,write,,,video_small,mongo_gridfs,9,01-01-04-01-02-01-19_r09.mp4,5498397,0.045487,1,
write,write,,,video_small,polyglot,9,01-01-04-01-02-01-19_r09.mp4,5498397,0.043233,1,
write,write,,,video_small,pg_bytea,9,01-01-04-01-02-01-19_r09.mp4,5498397,0.199539,1,
write,write,,,video_small,mongo_gridfs,9,01-01-04-01-02-01-21_r09.mp4,5498397,0.049402,1,
write,write,,,video_small,polyglot,9,01-01-04-01-02-01-21_r09.mp4,5498397,0.044571,1,
write,write,,,video_small,pg_bytea,9,01-01-04-01-02-01-21_r09.mp4,5498397,0.152370,1,
write,write,,,video_small,mongo_gridfs,9,01-01-04-01-02-01-22_r09.mp4,5498397,0.053496,1,
write,write,,,video_small,polyglot,9,01-01-04-01-02-01-22_r09.mp4,5498397,0.045471,1,
write,write,,,video_small,pg_bytea,9,01-01-04-01-02-01-22_r09.mp4,5498397,0.166993,1,
write,write,,,video_small,mongo_gridfs,9,01-01-04-02-01-01-18_r09.mp4,5498397,0.049492,1,
write,write,,,video_small,pg_bytea,9,01-01-04-02-01-01-18_r09.mp4,5498397,0.151657,1,
write,write,,,video_small,polyglot,9,01-01-04-02-01-01-18_r09.mp4,5498397,0.052502,1,
write,write,,,video_small,pg_bytea,9,01-01-04-02-01-01-19_r09.mp4,5457041,0.163216,1,
write,write,,,video_small,polyglot,9,01-01-04-02-01-01-19_r09.mp4,5457041,0.056671,1,
write,write,,,video_small,mongo_gridfs,9,01-01-04-02-01-01-19_r09.mp4,5457041,0.055490,1,
write,write,,,video_small,pg_bytea,9,01-01-04-02-02-01-02_r09.mp4,5498397,0.148362,1,
write,write,,,video_small,mongo_gridfs,9,01-01-04-02-02-01-02_r09.mp4,5498397,0.064469,1,
write,write,,,video_small,polyglot,9,01-01-04-02-02-01-02_r09.mp4,5498397,0.089594,1,
write,write,,,video_small,mongo_gridfs,9,01-01-04-02-02-01-05_r09.mp4,5498397,0.051769,1,
write,write,,,video_small,pg_bytea,9,01-01-04-02-02-01-05_r09.mp4,5498397,0.168607,1,
write,write,,,video_small,polyglot,9,01-01-04-02-02-01-05_r09.mp4,5498397,0.048405,1,
write,write,,,video_small,pg_bytea,9,01-01-04-02-02-01-06_r09.mp4,5498397,0.154398,1,
write,write,,,video_small,polyglot,9,01-01-04-02-02-01-06_r09.mp4,5498397,0.046069,1,
write,write,,,video_small,mongo_gridfs,9,01-01-04-02-02-01-06_r09.mp4,5498397,0.048996,1,
write,write,,,video_small,mongo_gridfs,9,01-01-04-02-02-01-13_r09.mp4,5498397,0.046978,1,
write,write,,,video_small,polyglot,9,01-01-04-02-02-01-13_r09.mp4,5498397,0.052685,1,
write,write,,,video_small,pg_bytea,9,01-01-04-02-02-01-13_r09.mp4,5498397,0.172868,1,
write,write,,,video_small,polyglot,9,01-01-04-02-02-01-17_r09.mp4,5498397,0.051070,1,
write,write,,,video_small,mongo_gridfs,9,01-01-04-02-02-01-17_r09.mp4,5498397,0.050527,1,
write,write,,,video_small,pg_bytea,9,01-01-04-02-02-01-17_r09.mp4,5498397,0.183523,1,
write,write,,,video_small,mongo_gridfs,9,01-01-04-02-02-02-19_r09.mp4,5498397,0.049119,1,
write,write,,,video_small,pg_bytea,9,01-01-04-02-02-02-19_r09.mp4,5498397,0.162632,1,
write,write,,,video_small,polyglot,9,01-01-04-02-02-02-19_r09.mp4,5498397,0.047096,1,
write,write,,,video_small,pg_bytea,9,01-01-05-01-01-02-09_r09.mp4,5457041,0.158049,1,
write,write,,,video_small,mongo_gridfs,9,01-01-05-01-01-02-09_r09.mp4,5457041,0.050707,1,
write,write,,,video_small,polyglot,9,01-01-05-01-01-02-09_r09.mp4,5457041,0.050053,1,
write,write,,,video_small,mongo_gridfs,9,01-01-05-01-01-02-19_r09.mp4,5498397,0.046438,1,
write,write,,,video_small,polyglot,9,01-01-05-01-01-02-19_r09.mp4,5498397,0.049746,1,
write,write,,,video_small,pg_bytea,9,01-01-05-01-01-02-19_r09.mp4,5498397,0.161243,1,
write,write,,,video_small,polyglot,9,01-01-05-01-01-02-21_r09.mp4,5457041,0.100865,1,
write,write,,,video_small,mongo_gridfs,9,01-01-05-01-01-02-21_r09.mp4,5457041,0.075841,1,
write,write,,,video_small,pg_bytea,9,01-01-05-01-01-02-21_r09.mp4,5457041,0.689441,1,
write,write,,,video_small,mongo_gridfs,9,01-01-05-01-02-01-19_r09.mp4,5457041,0.050138,1,
write,write,,,video_small,pg_bytea,9,01-01-05-01-02-01-19_r09.mp4,5457041,0.144528,1,
write,write,,,video_small,polyglot,9,01-01-05-01-02-01-19_r09.mp4,5457041,0.054377,1,
write,write,,,video_small,mongo_gridfs,9,01-01-05-01-02-02-04_r09.mp4,5457041,0.047215,1,
write,write,,,video_small,polyglot,9,01-01-05-01-02-02-04_r09.mp4,5457041,0.095420,1,
write,write,,,video_small,pg_bytea,9,01-01-05-01-02-02-04_r09.mp4,5457041,0.150293,1,
write,write,,,video_small,polyglot,9,01-01-05-01-02-02-05_r09.mp4,5498397,0.051970,1,
write,write,,,video_small,mongo_gridfs,9,01-01-05-01-02-02-05_r09.mp4,5498397,0.046159,1,
write,write,,,video_small,pg_bytea,9,01-01-05-01-02-02-05_r09.mp4,5498397,0.234156,1,
write,write,,,video_small,mongo_gridfs,9,01-01-05-02-01-02-04_r09.mp4,5457041,0.053347,1,
write,write,,,video_small,polyglot,9,01-01-05-02-01-02-04_r09.mp4,5457041,0.055355,1,
write,write,,,video_small,pg_bytea,9,01-01-05-02-01-02-04_r09.mp4,5457041,0.153159,1,
write,write,,,video_small,pg_bytea,9,01-01-05-02-01-02-12_r09.mp4,5457041,0.146895,1,
write,write,,,video_small,polyglot,9,01-01-05-02-01-02-12_r09.mp4,5457041,0.044469,1,
write,write,,,video_small,mongo_gridfs,9,01-01-05-02-01-02-12_r09.mp4,5457041,0.052584,1,
write,write,,,video_small,mongo_gridfs,9,01-01-05-02-01-02-14_r09.mp4,5457041,0.044366,1,
write,write,,,video_small,polyglot,9,01-01-05-02-01-02-14_r09.mp4,5457041,0.046722,1,
write,write,,,video_small,pg_bytea,9,01-01-05-02-01-02-14_r09.mp4,5457041,0.177162,1,
write,write,,,video_small,mongo_gridfs,9,01-01-05-02-02-02-19_r09.mp4,5498397,0.062648,1,
write,write,,,video_small,pg_bytea,9,01-01-05-02-02-02-19_r09.mp4,5498397,0.162365,1,
write,write,,,video_small,polyglot,9,01-01-05-02-02-02-19_r09.mp4,5498397,0.103635,1,
write,write,,,video_small,polyglot,9,01-01-05-02-02-02-20_r09.mp4,5498397,0.053118,1,
write,write,,,video_small,pg_bytea,9,01-01-05-02-02-02-20_r09.mp4,5498397,0.162778,1,
write,write,,,video_small,mongo_gridfs,9,01-01-05-02-02-02-20_r09.mp4,5498397,0.045377,1,
write,write,,,video_small,pg_bytea,9,01-01-05-02-02-02-23_r09.mp4,5457041,0.290938,1,
write,write,,,video_small,mongo_gridfs,9,01-01-05-02-02-02-23_r09.mp4,5457041,0.053507,1,
write,write,,,video_small,polyglot,9,01-01-05-02-02-02-23_r09.mp4,5457041,0.047990,1,
write,write,,,video_small,pg_bytea,9,01-01-06-01-01-01-08_r09.mp4,5457041,0.142146,1,
write,write,,,video_small,mongo_gridfs,9,01-01-06-01-01-01-08_r09.mp4,5457041,0.046485,1,
write,write,,,video_small,polyglot,9,01-01-06-01-01-01-08_r09.mp4,5457041,0.073701,1,
write,write,,,video_small,polyglot,9,01-01-06-01-01-01-19_r09.mp4,5457041,0.048259,1,
write,write,,,video_small,pg_bytea,9,01-01-06-01-01-01-19_r09.mp4,5457041,0.165232,1,
write,write,,,video_small,mongo_gridfs,9,01-01-06-01-01-01-19_r09.mp4,5457041,0.052421,1,
write,write,,,video_small,pg_bytea,9,01-01-06-01-01-01-24_r09.mp4,5498397,0.157049,1,
write,write,,,video_small,polyglot,9,01-01-06-01-01-01-24_r09.mp4,5498397,0.046737,1,
write,write,,,video_small,mongo_gridfs,9,01-01-06-01-01-01-24_r09.mp4,5498397,0.048757,1,
write,write,,,video_medium,mongo_gridfs,9,tsinghua_v_0024_r09.mp4,13091522,0.134182,1,
write,write,,,video_medium,pg_bytea,9,tsinghua_v_0024_r09.mp4,13091522,0.397275,1,
write,write,,,video_medium,polyglot,9,tsinghua_v_0024_r09.mp4,13091522,0.111213,1,
write,write,,,video_medium,pg_bytea,9,tsinghua_v_0046_r09.mp4,13091522,0.356289,1,
write,write,,,video_medium,polyglot,9,tsinghua_v_0046_r09.mp4,13091522,0.101633,1,
write,write,,,video_medium,mongo_gridfs,9,tsinghua_v_0046_r09.mp4,13091522,0.120603,1,
write,write,,,video_medium,mongo_gridfs,9,tsinghua_v_0076_r09.mp4,13091522,0.105709,1,
write,write,,,video_medium,polyglot,9,tsinghua_v_0076_r09.mp4,13091522,0.107218,1,
write,write,,,video_medium,pg_bytea,9,tsinghua_v_0076_r09.mp4,13091522,2.343608,1,
write,write,,,video_medium,polyglot,9,tsinghua_v_0080_r09.mp4,13091522,1.964365,1,
write,write,,,video_medium,pg_bytea,9,tsinghua_v_0080_r09.mp4,13091522,0.340921,1,
write,write,,,video_medium,mongo_gridfs,9,tsinghua_v_0080_r09.mp4,13091522,0.102820,1,
write,write,,,video_medium,polyglot,9,tsinghua_v_0109_r09.mp4,13091522,0.114697,1,
write,write,,,video_medium,mongo_gridfs,9,tsinghua_v_0109_r09.mp4,13091522,0.117411,1,
write,write,,,video_medium,pg_bytea,9,tsinghua_v_0109_r09.mp4,13091522,0.362096,1,
write,write,,,video_medium,mongo_gridfs,9,tsinghua_v_0123_r09.mp4,13091522,0.107753,1,
write,write,,,video_medium,polyglot,9,tsinghua_v_0123_r09.mp4,13091522,0.134872,1,
write,write,,,video_medium,pg_bytea,9,tsinghua_v_0123_r09.mp4,13091522,0.345467,1,
write,write,,,video_medium,mongo_gridfs,9,tsinghua_v_0130_r09.mp4,13091522,0.099391,1,
write,write,,,video_medium,pg_bytea,9,tsinghua_v_0130_r09.mp4,13091522,2.335940,1,
write,write,,,video_medium,polyglot,9,tsinghua_v_0130_r09.mp4,13091522,0.122741,1,
write,write,,,video_medium,mongo_gridfs,9,tsinghua_v_0135_r09.mp4,13091522,0.122043,1,
write,write,,,video_medium,pg_bytea,9,tsinghua_v_0135_r09.mp4,13091522,0.599945,1,
write,write,,,video_medium,polyglot,9,tsinghua_v_0135_r09.mp4,13091522,0.095220,1,
write,write,,,video_medium,polyglot,9,tsinghua_v_0137_r09.mp4,13091522,0.114814,1,
write,write,,,video_medium,pg_bytea,9,tsinghua_v_0137_r09.mp4,13091522,0.347610,1,
write,write,,,video_medium,mongo_gridfs,9,tsinghua_v_0137_r09.mp4,13091522,0.101051,1,
write,write,,,video_medium,mongo_gridfs,9,tsinghua_v_0140_r09.mp4,13091522,0.110514,1,
write,write,,,video_medium,pg_bytea,9,tsinghua_v_0140_r09.mp4,13091522,0.402147,1,
write,write,,,video_medium,polyglot,9,tsinghua_v_0140_r09.mp4,13091522,0.103743,1,
write,write,,,video_medium,mongo_gridfs,9,tsinghua_v_0151_r09.mp4,13091522,0.125198,1,
write,write,,,video_medium,pg_bytea,9,tsinghua_v_0151_r09.mp4,13091522,0.348798,1,
write,write,,,video_medium,polyglot,9,tsinghua_v_0151_r09.mp4,13091522,0.107910,1,
write,write,,,video_medium,mongo_gridfs,9,tsinghua_v_0157_r09.mp4,13091522,0.159023,1,
write,write,,,video_medium,pg_bytea,9,tsinghua_v_0157_r09.mp4,13091522,0.350812,1,
write,write,,,video_medium,polyglot,9,tsinghua_v_0157_r09.mp4,13091522,0.101163,1,
write,write,,,video_medium,mongo_gridfs,9,tsinghua_v_0209_r09.mp4,13091522,0.132235,1,
write,write,,,video_medium,pg_bytea,9,tsinghua_v_0209_r09.mp4,13091522,0.391505,1,
write,write,,,video_medium,polyglot,9,tsinghua_v_0209_r09.mp4,13091522,0.131701,1,
write,write,,,video_medium,pg_bytea,9,tsinghua_v_0226_r09.mp4,13091522,2.026263,1,
write,write,,,video_medium,polyglot,9,tsinghua_v_0226_r09.mp4,13091522,0.138707,1,
write,write,,,video_medium,mongo_gridfs,9,tsinghua_v_0226_r09.mp4,13091522,0.141400,1,
write,write,,,video_medium,polyglot,9,tsinghua_v_0236_r09.mp4,13091522,0.699201,1,
write,write,,,video_medium,mongo_gridfs,9,tsinghua_v_0236_r09.mp4,13091522,0.113825,1,
write,write,,,video_medium,pg_bytea,9,tsinghua_v_0236_r09.mp4,13091522,0.421553,1,
write,write,,,video_medium,pg_bytea,9,tsinghua_v_0274_r09.mp4,13091522,0.334007,1,
write,write,,,video_medium,mongo_gridfs,9,tsinghua_v_0274_r09.mp4,13091522,0.112137,1,
write,write,,,video_medium,polyglot,9,tsinghua_v_0274_r09.mp4,13091522,0.126950,1,
write,write,,,video_medium,polyglot,9,tsinghua_v_0280_r09.mp4,13091522,0.120691,1,
write,write,,,video_medium,mongo_gridfs,9,tsinghua_v_0280_r09.mp4,13091522,0.121629,1,
write,write,,,video_medium,pg_bytea,9,tsinghua_v_0280_r09.mp4,13091522,0.371593,1,
write,write,,,video_medium,pg_bytea,9,tsinghua_v_0302_r09.mp4,13091522,0.350609,1,
write,write,,,video_medium,polyglot,9,tsinghua_v_0302_r09.mp4,13091522,0.107119,1,
write,write,,,video_medium,mongo_gridfs,9,tsinghua_v_0302_r09.mp4,13091522,0.148965,1,
write,write,,,video_medium,pg_bytea,9,tsinghua_v_0311_r09.mp4,13091522,0.353294,1,
write,write,,,video_medium,polyglot,9,tsinghua_v_0311_r09.mp4,13091522,0.122891,1,
write,write,,,video_medium,mongo_gridfs,9,tsinghua_v_0311_r09.mp4,13091522,0.222225,1,
write,write,,,video_medium,polyglot,9,tsinghua_v_0316_r09.mp4,13091522,0.627258,1,
write,write,,,video_medium,mongo_gridfs,9,tsinghua_v_0316_r09.mp4,13091522,0.098555,1,
write,write,,,video_medium,pg_bytea,9,tsinghua_v_0316_r09.mp4,13091522,1.326345,1,
write,write,,,video_medium,mongo_gridfs,9,tsinghua_v_0319_r09.mp4,13091522,0.270019,1,
write,write,,,video_medium,pg_bytea,9,tsinghua_v_0319_r09.mp4,13091522,1.698829,1,
write,write,,,video_medium,polyglot,9,tsinghua_v_0319_r09.mp4,13091522,0.114081,1,
write,write,,,video_medium,mongo_gridfs,9,tsinghua_v_0321_r09.mp4,13091522,0.128450,1,
write,write,,,video_medium,pg_bytea,9,tsinghua_v_0321_r09.mp4,13091522,0.386005,1,
write,write,,,video_medium,polyglot,9,tsinghua_v_0321_r09.mp4,13091522,0.142788,1,
write,write,,,video_medium,polyglot,9,tsinghua_v_0331_r09.mp4,13091522,0.138657,1,
write,write,,,video_medium,mongo_gridfs,9,tsinghua_v_0331_r09.mp4,13091522,0.112027,1,
write,write,,,video_medium,pg_bytea,9,tsinghua_v_0331_r09.mp4,13091522,0.409762,1,
write,write,,,video_medium,polyglot,9,tsinghua_v_0345_r09.mp4,13091522,0.108471,1,
write,write,,,video_medium,pg_bytea,9,tsinghua_v_0345_r09.mp4,13091522,2.508204,1,
write,write,,,video_medium,mongo_gridfs,9,tsinghua_v_0345_r09.mp4,13091522,0.140493,1,
write,write,,,video_medium,mongo_gridfs,9,tsinghua_v_0356_r09.mp4,13091522,0.144570,1,
write,write,,,video_medium,polyglot,9,tsinghua_v_0356_r09.mp4,13091522,0.124654,1,
write,write,,,video_medium,pg_bytea,9,tsinghua_v_0356_r09.mp4,13091522,0.407474,1,
write,write,,,video_medium,mongo_gridfs,9,tsinghua_v_0357_r09.mp4,13091522,0.104004,1,
write,write,,,video_medium,polyglot,9,tsinghua_v_0357_r09.mp4,13091522,0.132268,1,
write,write,,,video_medium,pg_bytea,9,tsinghua_v_0357_r09.mp4,13091522,0.362895,1,
write,write,,,video_medium,mongo_gridfs,9,tsinghua_v_0379_r09.mp4,13091522,0.106416,1,
write,write,,,video_medium,polyglot,9,tsinghua_v_0379_r09.mp4,13091522,0.123079,1,
write,write,,,video_medium,pg_bytea,9,tsinghua_v_0379_r09.mp4,13091522,0.356545,1,
write,write,,,video_medium,polyglot,9,tsinghua_v_0393_r09.mp4,13091522,1.892402,1,
write,write,,,video_medium,pg_bytea,9,tsinghua_v_0393_r09.mp4,13091522,0.915629,1,
write,write,,,video_medium,mongo_gridfs,9,tsinghua_v_0393_r09.mp4,13091522,0.102107,1,
write,write,,,video_medium,mongo_gridfs,9,tsinghua_v_0421_r09.mp4,13091522,0.122449,1,
write,write,,,video_medium,pg_bytea,9,tsinghua_v_0421_r09.mp4,13091522,0.485598,1,
write,write,,,video_medium,polyglot,9,tsinghua_v_0421_r09.mp4,13091522,0.107549,1,
write,write,,,video_medium,pg_bytea,9,tsinghua_v_0424_r09.mp4,13091522,0.352229,1,
write,write,,,video_medium,polyglot,9,tsinghua_v_0424_r09.mp4,13091522,0.103631,1,
write,write,,,video_medium,mongo_gridfs,9,tsinghua_v_0424_r09.mp4,13091522,0.116388,1,
write,write,,,video_medium,polyglot,9,tsinghua_v_0427_r09.mp4,13091522,0.099743,1,
write,write,,,video_medium,mongo_gridfs,9,tsinghua_v_0427_r09.mp4,13091522,0.124565,1,
write,write,,,video_medium,pg_bytea,9,tsinghua_v_0427_r09.mp4,13091522,0.412218,1,
write,write,,,video_medium,polyglot,9,tsinghua_v_0431_r09.mp4,13091522,0.109727,1,
write,write,,,video_medium,pg_bytea,9,tsinghua_v_0431_r09.mp4,13091522,0.373993,1,
write,write,,,video_medium,mongo_gridfs,9,tsinghua_v_0431_r09.mp4,13091522,0.102712,1,
write,write,,,video_medium,polyglot,9,tsinghua_v_0452_r09.mp4,13091522,0.156105,1,
write,write,,,video_medium,mongo_gridfs,9,tsinghua_v_0452_r09.mp4,13091522,0.101438,1,
write,write,,,video_medium,pg_bytea,9,tsinghua_v_0452_r09.mp4,13091522,0.876849,1,
write,write,,,video_medium,mongo_gridfs,9,tsinghua_v_0454_r09.mp4,13091522,1.334184,1,
write,write,,,video_medium,polyglot,9,tsinghua_v_0454_r09.mp4,13091522,0.136353,1,
write,write,,,video_medium,pg_bytea,9,tsinghua_v_0454_r09.mp4,13091522,0.351650,1,
write,write,,,video_medium,mongo_gridfs,9,tsinghua_v_0457_r09.mp4,13091522,0.101541,1,
write,write,,,video_medium,polyglot,9,tsinghua_v_0457_r09.mp4,13091522,0.205063,1,
write,write,,,video_medium,pg_bytea,9,tsinghua_v_0457_r09.mp4,13091522,0.544289,1,
write,write,,,video_medium,polyglot,9,tsinghua_v_0466_r09.mp4,13091522,0.482826,1,
write,write,,,video_medium,pg_bytea,9,tsinghua_v_0466_r09.mp4,13091522,0.409933,1,
write,write,,,video_medium,mongo_gridfs,9,tsinghua_v_0466_r09.mp4,13091522,0.110904,1,
write,write,,,video_medium,mongo_gridfs,9,tsinghua_v_0471_r09.mp4,13091522,0.133207,1,
write,write,,,video_medium,pg_bytea,9,tsinghua_v_0471_r09.mp4,13091522,0.400205,1,
write,write,,,video_medium,polyglot,9,tsinghua_v_0471_r09.mp4,13091522,0.110407,1,
write,write,,,video_medium,mongo_gridfs,9,tsinghua_v_0472_r09.mp4,13091522,0.133661,1,
write,write,,,video_medium,pg_bytea,9,tsinghua_v_0472_r09.mp4,13091522,0.404682,1,
write,write,,,video_medium,polyglot,9,tsinghua_v_0472_r09.mp4,13091522,0.160605,1,
write,write,,,video_medium,polyglot,9,tsinghua_v_0494_r09.mp4,13091522,0.118388,1,
write,write,,,video_medium,pg_bytea,9,tsinghua_v_0494_r09.mp4,13091522,0.388290,1,
write,write,,,video_medium,mongo_gridfs,9,tsinghua_v_0494_r09.mp4,13091522,0.123657,1,
write,write,,,video_medium,polyglot,9,tsinghua_v_0503_r09.mp4,13091522,0.279914,1,
write,write,,,video_medium,mongo_gridfs,9,tsinghua_v_0503_r09.mp4,13091522,0.112603,1,
write,write,,,video_medium,pg_bytea,9,tsinghua_v_0503_r09.mp4,13091522,0.366275,1,
write,write,,,video_medium,mongo_gridfs,9,tsinghua_v_0509_r09.mp4,13091522,0.110537,1,
write,write,,,video_medium,pg_bytea,9,tsinghua_v_0509_r09.mp4,13091522,0.422640,1,
write,write,,,video_medium,polyglot,9,tsinghua_v_0509_r09.mp4,13091522,0.126754,1,
write,write,,,video_medium,pg_bytea,9,tsinghua_v_0523_r09.mp4,13091522,0.493865,1,
write,write,,,video_medium,polyglot,9,tsinghua_v_0523_r09.mp4,13091522,0.125945,1,
write,write,,,video_medium,mongo_gridfs,9,tsinghua_v_0523_r09.mp4,13091522,0.104615,1,
write,write,,,video_medium,pg_bytea,9,tsinghua_v_0546_r09.mp4,13091522,0.384407,1,
write,write,,,video_medium,polyglot,9,tsinghua_v_0546_r09.mp4,13091522,0.122833,1,
write,write,,,video_medium,mongo_gridfs,9,tsinghua_v_0546_r09.mp4,13091522,0.143446,1,
write,write,,,video_medium,pg_bytea,9,tsinghua_v_0568_r09.mp4,13091522,0.367277,1,
write,write,,,video_medium,polyglot,9,tsinghua_v_0568_r09.mp4,13091522,0.114569,1,
write,write,,,video_medium,mongo_gridfs,9,tsinghua_v_0568_r09.mp4,13091522,0.139362,1,
write,write,,,video_medium,mongo_gridfs,9,tsinghua_v_0594_r09.mp4,13091522,0.120939,1,
write,write,,,video_medium,polyglot,9,tsinghua_v_0594_r09.mp4,13091522,0.163862,1,
write,write,,,video_medium,pg_bytea,9,tsinghua_v_0594_r09.mp4,13091522,0.409121,1,
write,write,,,video_medium,polyglot,9,tsinghua_v_0596_r09.mp4,13091522,0.103529,1,
write,write,,,video_medium,mongo_gridfs,9,tsinghua_v_0596_r09.mp4,13091522,0.132557,1,
write,write,,,video_medium,pg_bytea,9,tsinghua_v_0596_r09.mp4,13091522,0.379599,1,
write,write,,,video_medium,pg_bytea,9,tsinghua_v_0635_r09.mp4,13091522,0.383216,1,
write,write,,,video_medium,polyglot,9,tsinghua_v_0635_r09.mp4,13091522,0.115389,1,
write,write,,,video_medium,mongo_gridfs,9,tsinghua_v_0635_r09.mp4,13091522,0.151386,1,
write,write,,,video_medium,polyglot,9,tsinghua_v_0653_r09.mp4,13091522,0.130340,1,
write,write,,,video_medium,mongo_gridfs,9,tsinghua_v_0653_r09.mp4,13091522,0.130260,1,
write,write,,,video_medium,pg_bytea,9,tsinghua_v_0653_r09.mp4,13091522,0.443191,1,
write,write,,,video_medium,pg_bytea,9,tsinghua_v_0667_r09.mp4,13091522,0.394306,1,
write,write,,,video_medium,polyglot,9,tsinghua_v_0667_r09.mp4,13091522,0.119337,1,
write,write,,,video_medium,mongo_gridfs,9,tsinghua_v_0667_r09.mp4,13091522,0.137549,1,
write,write,,,video_medium,pg_bytea,9,tsinghua_v_0673_r09.mp4,13091522,0.421122,1,
write,write,,,video_medium,polyglot,9,tsinghua_v_0673_r09.mp4,13091522,0.109227,1,
write,write,,,video_medium,mongo_gridfs,9,tsinghua_v_0673_r09.mp4,13091522,0.191164,1,
write,write,,,video_medium,mongo_gridfs,9,tsinghua_v_0681_r09.mp4,13091522,0.096832,1,
write,write,,,video_medium,polyglot,9,tsinghua_v_0681_r09.mp4,13091522,0.115982,1,
write,write,,,video_medium,pg_bytea,9,tsinghua_v_0681_r09.mp4,13091522,0.381122,1,
write,write,,,video_medium,polyglot,9,tsinghua_v_0690_r09.mp4,13091522,0.102905,1,
write,write,,,video_medium,pg_bytea,9,tsinghua_v_0690_r09.mp4,13091522,0.391884,1,
write,write,,,video_medium,mongo_gridfs,9,tsinghua_v_0690_r09.mp4,13091522,0.107508,1,
write,write,,,video_medium,pg_bytea,9,tsinghua_v_0692_r09.mp4,13091522,0.375310,1,
write,write,,,video_medium,polyglot,9,tsinghua_v_0692_r09.mp4,13091522,0.115054,1,
write,write,,,video_medium,mongo_gridfs,9,tsinghua_v_0692_r09.mp4,13091522,0.153747,1,
write,write,,,video_medium,pg_bytea,9,tsinghua_v_0696_r09.mp4,13091522,0.564070,1,
write,write,,,video_medium,mongo_gridfs,9,tsinghua_v_0696_r09.mp4,13091522,1.834727,1,
write,write,,,video_medium,polyglot,9,tsinghua_v_0696_r09.mp4,13091522,0.163106,1,
write,write,,,video_medium,pg_bytea,9,tsinghua_v_0734_r09.mp4,13091522,0.393881,1,
write,write,,,video_medium,polyglot,9,tsinghua_v_0734_r09.mp4,13091522,0.138842,1,
write,write,,,video_medium,mongo_gridfs,9,tsinghua_v_0734_r09.mp4,13091522,0.139495,1,
write,write,,,video_medium,pg_bytea,9,tsinghua_v_0737_r09.mp4,13091522,0.376072,1,
write,write,,,video_medium,mongo_gridfs,9,tsinghua_v_0737_r09.mp4,13091522,0.110308,1,
write,write,,,video_medium,polyglot,9,tsinghua_v_0737_r09.mp4,13091522,0.145923,1,
write,write,,,video_medium,mongo_gridfs,9,tsinghua_v_0744_r09.mp4,13091522,0.171536,1,
write,write,,,video_medium,pg_bytea,9,tsinghua_v_0744_r09.mp4,13091522,0.423649,1,
write,write,,,video_medium,polyglot,9,tsinghua_v_0744_r09.mp4,13091522,0.110669,1,
write,write,,,video_medium,mongo_gridfs,9,tsinghua_v_0745_r09.mp4,13091522,0.153670,1,
write,write,,,video_medium,polyglot,9,tsinghua_v_0745_r09.mp4,13091522,0.108199,1,
write,write,,,video_medium,pg_bytea,9,tsinghua_v_0745_r09.mp4,13091522,0.410461,1,
write,write,,,video_medium,polyglot,9,tsinghua_v_0769_r09.mp4,13091522,0.114536,1,
write,write,,,video_medium,mongo_gridfs,9,tsinghua_v_0769_r09.mp4,13091522,0.133524,1,
write,write,,,video_medium,pg_bytea,9,tsinghua_v_0769_r09.mp4,13091522,0.400413,1,
write,write,,,video_medium,mongo_gridfs,9,tsinghua_v_0791_r09.mp4,13091522,0.103254,1,
write,write,,,video_medium,polyglot,9,tsinghua_v_0791_r09.mp4,13091522,0.131492,1,
write,write,,,video_medium,pg_bytea,9,tsinghua_v_0791_r09.mp4,13091522,2.356324,1,
write,write,,,video_medium,mongo_gridfs,9,tsinghua_v_0792_r09.mp4,13091522,0.109125,1,
write,write,,,video_medium,polyglot,9,tsinghua_v_0792_r09.mp4,13091522,0.115666,1,
write,write,,,video_medium,pg_bytea,9,tsinghua_v_0792_r09.mp4,13091522,0.388692,1,
write,write,,,video_medium,mongo_gridfs,9,tsinghua_v_0857_r09.mp4,13091522,0.108704,1,
write,write,,,video_medium,pg_bytea,9,tsinghua_v_0857_r09.mp4,13091522,0.390369,1,
write,write,,,video_medium,polyglot,9,tsinghua_v_0857_r09.mp4,13091522,0.107196,1,
write,write,,,video_medium,pg_bytea,9,tsinghua_v_0866_r09.mp4,13091522,0.365475,1,
write,write,,,video_medium,mongo_gridfs,9,tsinghua_v_0866_r09.mp4,13091522,0.114750,1,
write,write,,,video_medium,polyglot,9,tsinghua_v_0866_r09.mp4,13091522,0.135131,1,
write,write,,,video_medium,mongo_gridfs,9,tsinghua_v_0880_r09.mp4,13091522,0.113046,1,
write,write,,,video_medium,polyglot,9,tsinghua_v_0880_r09.mp4,13091522,0.118111,1,
write,write,,,video_medium,pg_bytea,9,tsinghua_v_0880_r09.mp4,13091522,0.367022,1,
write,write,,,video_medium,pg_bytea,9,tsinghua_v_0888_r09.mp4,13091522,0.372471,1,
write,write,,,video_medium,polyglot,9,tsinghua_v_0888_r09.mp4,13091522,0.113246,1,
write,write,,,video_medium,mongo_gridfs,9,tsinghua_v_0888_r09.mp4,13091522,0.107144,1,
write,write,,,video_medium,pg_bytea,9,tsinghua_v_0901_r09.mp4,13091522,0.387504,1,
write,write,,,video_medium,mongo_gridfs,9,tsinghua_v_0901_r09.mp4,13091522,0.106309,1,
write,write,,,video_medium,polyglot,9,tsinghua_v_0901_r09.mp4,13091522,0.140068,1,
write,write,,,video_medium,polyglot,9,tsinghua_v_0937_r09.mp4,13091522,0.108026,1,
write,write,,,video_medium,mongo_gridfs,9,tsinghua_v_0937_r09.mp4,13091522,2.158314,1,
write,write,,,video_medium,pg_bytea,9,tsinghua_v_0937_r09.mp4,13091522,0.441264,1,
write,write,,,video_medium,polyglot,9,tsinghua_v_0939_r09.mp4,13091522,0.130060,1,
write,write,,,video_medium,mongo_gridfs,9,tsinghua_v_0939_r09.mp4,13091522,0.130700,1,
write,write,,,video_medium,pg_bytea,9,tsinghua_v_0939_r09.mp4,13091522,0.366037,1,
write,write,,,video_medium,pg_bytea,9,tsinghua_v_0961_r09.mp4,13091522,0.381249,1,
write,write,,,video_medium,mongo_gridfs,9,tsinghua_v_0961_r09.mp4,13091522,0.119296,1,
write,write,,,video_medium,polyglot,9,tsinghua_v_0961_r09.mp4,13091522,0.135200,1,
write,write,,,video_medium,mongo_gridfs,9,tsinghua_v_0977_r09.mp4,13091522,0.134542,1,
write,write,,,video_medium,pg_bytea,9,tsinghua_v_0977_r09.mp4,13091522,0.472610,1,
write,write,,,video_medium,polyglot,9,tsinghua_v_0977_r09.mp4,13091522,0.112949,1,
query,metadata_only,2,3,,mongo_gridfs,0,,,0.011342,20,
query,metadata_only,2,3,,polyglot,0,,,0.006745,20,
query,metadata_only,2,3,,pg_bytea,0,,,0.000578,20,
query,metadata_only,1,4,,polyglot,0,,,0.000418,10,
query,metadata_only,1,4,,mongo_gridfs,0,,,0.003471,10,
query,metadata_only,1,4,,pg_bytea,0,,,0.000435,10,
query,metadata_only,1,3,,mongo_gridfs,0,,,0.002329,30,
query,metadata_only,1,3,,polyglot,0,,,0.000414,30,
query,metadata_only,1,3,,pg_bytea,0,,,0.000321,30,
query,metadata_only,2,5,,polyglot,0,,,0.000309,20,
query,metadata_only,2,5,,pg_bytea,0,,,0.000288,20,
query,metadata_only,2,5,,mongo_gridfs,0,,,0.002002,20,
query,metadata_only,1,2,,mongo_gridfs,0,,,0.002000,30,
query,metadata_only,1,2,,pg_bytea,0,,,0.000326,30,
query,metadata_only,1,2,,polyglot,0,,,0.000353,30,
query,metadata_only,2,1,,pg_bytea,0,,,0.000306,20,
query,metadata_only,2,1,,polyglot,0,,,0.000299,20,
query,metadata_only,2,1,,mongo_gridfs,0,,,0.001973,20,
query,metadata_only,2,2,,pg_bytea,0,,,0.000382,60,
query,metadata_only,2,2,,polyglot,0,,,0.000356,60,
query,metadata_only,2,2,,mongo_gridfs,0,,,0.002043,60,
query,metadata_only,2,4,,pg_bytea,0,,,0.000347,20,
query,metadata_only,2,4,,polyglot,0,,,0.000296,20,
query,metadata_only,2,4,,mongo_gridfs,0,,,0.002232,20,
query,metadata_only,1,1,,pg_bytea,0,,,0.000356,60,
query,metadata_only,1,1,,mongo_gridfs,0,,,0.001997,60,
query,metadata_only,1,1,,polyglot,0,,,0.000369,60,
query,metadata_only,1,5,,mongo_gridfs,0,,,0.001948,10,
query,metadata_only,1,5,,pg_bytea,0,,,0.000349,10,
query,metadata_only,1,5,,polyglot,0,,,0.000356,10,
query,metadata_only,1,2,,mongo_gridfs,1,,,0.001902,30,
query,metadata_only,1,2,,pg_bytea,1,,,0.000365,30,
query,metadata_only,1,2,,polyglot,1,,,0.000330,30,
query,metadata_only,1,5,,mongo_gridfs,1,,,0.001950,10,
query,metadata_only,1,5,,pg_bytea,1,,,0.000426,10,
query,metadata_only,1,5,,polyglot,1,,,0.000384,10,
query,metadata_only,1,4,,polyglot,1,,,0.000404,10,
query,metadata_only,1,4,,pg_bytea,1,,,0.000327,10,
query,metadata_only,1,4,,mongo_gridfs,1,,,0.002228,10,
query,metadata_only,1,1,,polyglot,1,,,0.000481,60,
query,metadata_only,1,1,,mongo_gridfs,1,,,0.003515,60,
query,metadata_only,1,1,,pg_bytea,1,,,0.000669,60,
query,metadata_only,2,2,,pg_bytea,1,,,0.000445,60,
query,metadata_only,2,2,,polyglot,1,,,0.000504,60,
query,metadata_only,2,2,,mongo_gridfs,1,,,0.002383,60,
query,metadata_only,2,4,,mongo_gridfs,1,,,0.001901,20,
query,metadata_only,2,4,,pg_bytea,1,,,0.000385,20,
query,metadata_only,2,4,,polyglot,1,,,0.000394,20,
query,metadata_only,2,5,,mongo_gridfs,1,,,0.001869,20,
query,metadata_only,2,5,,pg_bytea,1,,,0.000340,20,
query,metadata_only,2,5,,polyglot,1,,,0.000291,20,
query,metadata_only,2,1,,polyglot,1,,,0.000310,20,
query,metadata_only,2,1,,pg_bytea,1,,,0.000334,20,
query,metadata_only,2,1,,mongo_gridfs,1,,,0.001949,20,
query,metadata_only,1,3,,pg_bytea,1,,,0.000327,30,
query,metadata_only,1,3,,polyglot,1,,,0.000338,30,
query,metadata_only,1,3,,mongo_gridfs,1,,,0.002021,30,
query,metadata_only,2,3,,pg_bytea,1,,,0.000347,20,
query,metadata_only,2,3,,mongo_gridfs,1,,,0.001901,20,
query,metadata_only,2,3,,polyglot,1,,,0.000337,20,
query,metadata_only,2,4,,mongo_gridfs,2,,,0.001883,20,
query,metadata_only,2,4,,pg_bytea,2,,,0.000351,20,
query,metadata_only,2,4,,polyglot,2,,,0.000320,20,
query,metadata_only,1,5,,polyglot,2,,,0.000291,10,
query,metadata_only,1,5,,mongo_gridfs,2,,,0.001926,10,
query,metadata_only,1,5,,pg_bytea,2,,,0.000373,10,
query,metadata_only,2,2,,pg_bytea,2,,,0.000390,60,
query,metadata_only,2,2,,mongo_gridfs,2,,,0.002036,60,
query,metadata_only,2,2,,polyglot,2,,,0.000347,60,
query,metadata_only,1,3,,pg_bytea,2,,,0.000304,30,
query,metadata_only,1,3,,polyglot,2,,,0.000307,30,
query,metadata_only,1,3,,mongo_gridfs,2,,,0.002129,30,
query,metadata_only,2,5,,polyglot,2,,,0.000361,20,
query,metadata_only,2,5,,mongo_gridfs,2,,,0.001998,20,
query,metadata_only,2,5,,pg_bytea,2,,,0.000368,20,
query,metadata_only,1,4,,mongo_gridfs,2,,,0.001897,10,
query,metadata_only,1,4,,polyglot,2,,,0.000342,10,
query,metadata_only,1,4,,pg_bytea,2,,,0.000339,10,
query,metadata_only,1,1,,polyglot,2,,,0.000336,60,
query,metadata_only,1,1,,pg_bytea,2,,,0.000345,60,
query,metadata_only,1,1,,mongo_gridfs,2,,,0.001925,60,
query,metadata_only,2,3,,pg_bytea,2,,,0.000327,20,
query,metadata_only,2,3,,mongo_gridfs,2,,,0.001862,20,
query,metadata_only,2,3,,polyglot,2,,,0.000331,20,
query,metadata_only,1,2,,mongo_gridfs,2,,,0.001874,30,
query,metadata_only,1,2,,polyglot,2,,,0.000343,30,
query,metadata_only,1,2,,pg_bytea,2,,,0.000347,30,
query,metadata_only,2,1,,pg_bytea,2,,,0.000316,20,
query,metadata_only,2,1,,mongo_gridfs,2,,,0.001942,20,
query,metadata_only,2,1,,polyglot,2,,,0.000322,20,
query,metadata_only,2,2,,mongo_gridfs,3,,,0.001937,60,
query,metadata_only,2,2,,polyglot,3,,,0.000377,60,
query,metadata_only,2,2,,pg_bytea,3,,,0.000340,60,
query,metadata_only,1,3,,mongo_gridfs,3,,,0.001938,30,
query,metadata_only,1,3,,pg_bytea,3,,,0.000327,30,
query,metadata_only,1,3,,polyglot,3,,,0.000328,30,
query,metadata_only,2,1,,pg_bytea,3,,,0.000286,20,
query,metadata_only,2,1,,mongo_gridfs,3,,,0.002244,20,
query,metadata_only,2,1,,polyglot,3,,,0.000379,20,
query,metadata_only,1,2,,mongo_gridfs,3,,,0.001931,30,
query,metadata_only,1,2,,polyglot,3,,,0.000368,30,
query,metadata_only,1,2,,pg_bytea,3,,,0.000356,30,
query,metadata_only,1,4,,polyglot,3,,,0.000328,10,
query,metadata_only,1,4,,mongo_gridfs,3,,,0.001936,10,
query,metadata_only,1,4,,pg_bytea,3,,,0.000364,10,
query,metadata_only,1,5,,polyglot,3,,,0.000344,10,
query,metadata_only,1,5,,mongo_gridfs,3,,,0.001974,10,
query,metadata_only,1,5,,pg_bytea,3,,,0.000367,10,
query,metadata_only,2,5,,pg_bytea,3,,,0.000327,20,
query,metadata_only,2,5,,mongo_gridfs,3,,,0.002536,20,
query,metadata_only,2,5,,polyglot,3,,,0.000428,20,
query,metadata_only,1,1,,pg_bytea,3,,,0.000427,60,
query,metadata_only,1,1,,polyglot,3,,,0.000421,60,
query,metadata_only,1,1,,mongo_gridfs,3,,,0.002353,60,
query,metadata_only,2,4,,mongo_gridfs,3,,,0.002381,20,
query,metadata_only,2,4,,pg_bytea,3,,,0.000497,20,
query,metadata_only,2,4,,polyglot,3,,,0.000620,20,
query,metadata_only,2,3,,mongo_gridfs,3,,,0.002300,20,
query,metadata_only,2,3,,polyglot,3,,,0.000473,20,
query,metadata_only,2,3,,pg_bytea,3,,,0.000431,20,
query,metadata_only,2,4,,pg_bytea,4,,,0.000347,20,
query,metadata_only,2,4,,mongo_gridfs,4,,,0.002504,20,
query,metadata_only,2,4,,polyglot,4,,,0.000380,20,
query,metadata_only,2,1,,polyglot,4,,,0.000413,20,
query,metadata_only,2,1,,pg_bytea,4,,,0.000388,20,
query,metadata_only,2,1,,mongo_gridfs,4,,,0.002324,20,
query,metadata_only,1,5,,polyglot,4,,,0.000417,10,
query,metadata_only,1,5,,mongo_gridfs,4,,,0.002423,10,
query,metadata_only,1,5,,pg_bytea,4,,,0.000495,10,
query,metadata_only,1,4,,polyglot,4,,,0.000418,10,
query,metadata_only,1,4,,mongo_gridfs,4,,,0.002352,10,
query,metadata_only,1,4,,pg_bytea,4,,,0.000385,10,
query,metadata_only,2,2,,pg_bytea,4,,,0.000377,60,
query,metadata_only,2,2,,mongo_gridfs,4,,,0.001911,60,
query,metadata_only,2,2,,polyglot,4,,,0.000380,60,
query,metadata_only,1,3,,polyglot,4,,,0.000353,30,
query,metadata_only,1,3,,mongo_gridfs,4,,,0.001926,30,
query,metadata_only,1,3,,pg_bytea,4,,,0.000359,30,
query,metadata_only,2,3,,pg_bytea,4,,,0.000375,20,
query,metadata_only,2,3,,mongo_gridfs,4,,,0.001949,20,
query,metadata_only,2,3,,polyglot,4,,,0.000369,20,
query,metadata_only,2,5,,mongo_gridfs,4,,,0.001868,20,
query,metadata_only,2,5,,pg_bytea,4,,,0.000375,20,
query,metadata_only,2,5,,polyglot,4,,,0.000362,20,
query,metadata_only,1,2,,mongo_gridfs,4,,,0.001881,30,
query,metadata_only,1,2,,polyglot,4,,,0.000382,30,
query,metadata_only,1,2,,pg_bytea,4,,,0.000388,30,
query,metadata_only,1,1,,polyglot,4,,,0.000370,60,
query,metadata_only,1,1,,pg_bytea,4,,,0.000356,60,
query,metadata_only,1,1,,mongo_gridfs,4,,,0.001967,60,
query,metadata_only,1,3,,mongo_gridfs,5,,,0.001911,30,
query,metadata_only,1,3,,pg_bytea,5,,,0.000379,30,
query,metadata_only,1,3,,polyglot,5,,,0.000339,30,
query,metadata_only,2,4,,polyglot,5,,,0.000330,20,
query,metadata_only,2,4,,pg_bytea,5,,,0.000343,20,
query,metadata_only,2,4,,mongo_gridfs,5,,,0.001902,20,
query,metadata_only,2,3,,pg_bytea,5,,,0.000342,20,
query,metadata_only,2,3,,polyglot,5,,,0.000326,20,
query,metadata_only,2,3,,mongo_gridfs,5,,,0.001974,20,
query,metadata_only,1,4,,polyglot,5,,,0.000396,10,
query,metadata_only,1,4,,mongo_gridfs,5,,,0.001975,10,
query,metadata_only,1,4,,pg_bytea,5,,,0.000318,10,
query,metadata_only,2,5,,polyglot,5,,,0.000288,20,
query,metadata_only,2,5,,mongo_gridfs,5,,,0.001881,20,
query,metadata_only,2,5,,pg_bytea,5,,,0.000342,20,
query,metadata_only,2,2,,polyglot,5,,,0.000377,60,
query,metadata_only,2,2,,pg_bytea,5,,,0.000323,60,
query,metadata_only,2,2,,mongo_gridfs,5,,,0.002000,60,
query,metadata_only,1,1,,mongo_gridfs,5,,,0.001952,60,
query,metadata_only,1,1,,pg_bytea,5,,,0.000355,60,
query,metadata_only,1,1,,polyglot,5,,,0.000351,60,
query,metadata_only,1,5,,pg_bytea,5,,,0.000308,10,
query,metadata_only,1,5,,polyglot,5,,,0.000323,10,
query,metadata_only,1,5,,mongo_gridfs,5,,,0.001887,10,
query,metadata_only,1,2,,pg_bytea,5,,,0.000390,30,
query,metadata_only,1,2,,mongo_gridfs,5,,,0.001839,30,
query,metadata_only,1,2,,polyglot,5,,,0.000400,30,
query,metadata_only,2,1,,pg_bytea,5,,,0.000419,20,
query,metadata_only,2,1,,polyglot,5,,,0.000389,20,
query,metadata_only,2,1,,mongo_gridfs,5,,,0.001917,20,
query,metadata_only,2,4,,pg_bytea,6,,,0.000392,20,
query,metadata_only,2,4,,mongo_gridfs,6,,,0.002071,20,
query,metadata_only,2,4,,polyglot,6,,,0.000359,20,
query,metadata_only,1,1,,polyglot,6,,,0.000354,60,
query,metadata_only,1,1,,mongo_gridfs,6,,,0.001897,60,
query,metadata_only,1,1,,pg_bytea,6,,,0.000368,60,
query,metadata_only,2,5,,mongo_gridfs,6,,,0.001847,20,
query,metadata_only,2,5,,pg_bytea,6,,,0.000357,20,
query,metadata_only,2,5,,polyglot,6,,,0.000361,20,
query,metadata_only,1,4,,pg_bytea,6,,,0.000333,10,
query,metadata_only,1,4,,mongo_gridfs,6,,,0.001825,10,
query,metadata_only,1,4,,polyglot,6,,,0.000357,10,
query,metadata_only,1,2,,pg_bytea,6,,,0.000367,30,
query,metadata_only,1,2,,mongo_gridfs,6,,,0.002027,30,
query,metadata_only,1,2,,polyglot,6,,,0.000384,30,
query,metadata_only,2,2,,polyglot,6,,,0.000357,60,
query,metadata_only,2,2,,mongo_gridfs,6,,,0.001970,60,
query,metadata_only,2,2,,pg_bytea,6,,,0.000364,60,
query,metadata_only,1,5,,polyglot,6,,,0.000310,10,
query,metadata_only,1,5,,mongo_gridfs,6,,,0.001854,10,
query,metadata_only,1,5,,pg_bytea,6,,,0.000316,10,
query,metadata_only,2,1,,pg_bytea,6,,,0.000295,20,
query,metadata_only,2,1,,polyglot,6,,,0.000298,20,
query,metadata_only,2,1,,mongo_gridfs,6,,,0.001847,20,
query,metadata_only,1,3,,pg_bytea,6,,,0.000335,30,
query,metadata_only,1,3,,polyglot,6,,,0.000288,30,
query,metadata_only,1,3,,mongo_gridfs,6,,,0.002432,30,
query,metadata_only,2,3,,pg_bytea,6,,,0.000427,20,
query,metadata_only,2,3,,mongo_gridfs,6,,,0.002026,20,
query,metadata_only,2,3,,polyglot,6,,,0.000404,20,
query,metadata_only,1,2,,polyglot,7,,,0.000350,30,
query,metadata_only,1,2,,mongo_gridfs,7,,,0.002043,30,
query,metadata_only,1,2,,pg_bytea,7,,,0.000432,30,
query,metadata_only,2,4,,mongo_gridfs,7,,,0.001962,20,
query,metadata_only,2,4,,pg_bytea,7,,,0.000373,20,
query,metadata_only,2,4,,polyglot,7,,,0.000356,20,
query,metadata_only,1,4,,mongo_gridfs,7,,,0.001988,10,
query,metadata_only,1,4,,polyglot,7,,,0.000323,10,
query,metadata_only,1,4,,pg_bytea,7,,,0.000292,10,
query,metadata_only,2,2,,polyglot,7,,,0.000343,60,
query,metadata_only,2,2,,pg_bytea,7,,,0.000359,60,
query,metadata_only,2,2,,mongo_gridfs,7,,,0.001928,60,
query,metadata_only,2,5,,polyglot,7,,,0.000336,20,
query,metadata_only,2,5,,pg_bytea,7,,,0.000335,20,
query,metadata_only,2,5,,mongo_gridfs,7,,,0.001908,20,
query,metadata_only,1,5,,mongo_gridfs,7,,,0.001847,10,
query,metadata_only,1,5,,polyglot,7,,,0.000330,10,
query,metadata_only,1,5,,pg_bytea,7,,,0.000352,10,
query,metadata_only,2,1,,mongo_gridfs,7,,,0.001930,20,
query,metadata_only,2,1,,polyglot,7,,,0.000365,20,
query,metadata_only,2,1,,pg_bytea,7,,,0.000354,20,
query,metadata_only,2,3,,polyglot,7,,,0.000368,20,
query,metadata_only,2,3,,mongo_gridfs,7,,,0.001990,20,
query,metadata_only,2,3,,pg_bytea,7,,,0.000369,20,
query,metadata_only,1,1,,mongo_gridfs,7,,,0.001951,60,
query,metadata_only,1,1,,polyglot,7,,,0.000385,60,
query,metadata_only,1,1,,pg_bytea,7,,,0.000341,60,
query,metadata_only,1,3,,pg_bytea,7,,,0.000348,30,
query,metadata_only,1,3,,polyglot,7,,,0.000337,30,
query,metadata_only,1,3,,mongo_gridfs,7,,,0.001976,30,
query,metadata_only,2,4,,mongo_gridfs,8,,,0.001993,20,
query,metadata_only,2,4,,pg_bytea,8,,,0.000389,20,
query,metadata_only,2,4,,polyglot,8,,,0.000345,20,
query,metadata_only,1,4,,polyglot,8,,,0.000333,10,
query,metadata_only,1,4,,mongo_gridfs,8,,,0.002028,10,
query,metadata_only,1,4,,pg_bytea,8,,,0.000407,10,
query,metadata_only,1,3,,pg_bytea,8,,,0.000334,30,
query,metadata_only,1,3,,mongo_gridfs,8,,,0.002053,30,
query,metadata_only,1,3,,polyglot,8,,,0.000371,30,
query,metadata_only,2,5,,polyglot,8,,,0.000357,20,
query,metadata_only,2,5,,mongo_gridfs,8,,,0.002030,20,
query,metadata_only,2,5,,pg_bytea,8,,,0.000382,20,
query,metadata_only,1,5,,pg_bytea,8,,,0.000331,10,
query,metadata_only,1,5,,polyglot,8,,,0.000326,10,
query,metadata_only,1,5,,mongo_gridfs,8,,,0.002010,10,
query,metadata_only,1,2,,polyglot,8,,,0.000361,30,
query,metadata_only,1,2,,mongo_gridfs,8,,,0.002088,30,
query,metadata_only,1,2,,pg_bytea,8,,,0.000349,30,
query,metadata_only,1,1,,pg_bytea,8,,,0.000387,60,
query,metadata_only,1,1,,mongo_gridfs,8,,,0.002123,60,
query,metadata_only,1,1,,polyglot,8,,,0.000376,60,
query,metadata_only,2,2,,mongo_gridfs,8,,,0.001907,60,
query,metadata_only,2,2,,polyglot,8,,,0.000319,60,
query,metadata_only,2,2,,pg_bytea,8,,,0.000304,60,
query,metadata_only,2,3,,mongo_gridfs,8,,,0.001911,20,
query,metadata_only,2,3,,polyglot,8,,,0.000347,20,
query,metadata_only,2,3,,pg_bytea,8,,,0.000338,20,
query,metadata_only,2,1,,mongo_gridfs,8,,,0.001995,20,
query,metadata_only,2,1,,pg_bytea,8,,,0.000361,20,
query,metadata_only,2,1,,polyglot,8,,,0.000321,20,
query,metadata_only,1,5,,mongo_gridfs,9,,,0.002308,10,
query,metadata_only,1,5,,pg_bytea,9,,,0.000428,10,
query,metadata_only,1,5,,polyglot,9,,,0.000475,10,
query,metadata_only,1,4,,pg_bytea,9,,,0.000342,10,
query,metadata_only,1,4,,polyglot,9,,,0.000372,10,
query,metadata_only,1,4,,mongo_gridfs,9,,,0.002323,10,
query,metadata_only,1,1,,polyglot,9,,,0.000371,60,
query,metadata_only,1,1,,mongo_gridfs,9,,,0.002211,60,
query,metadata_only,1,1,,pg_bytea,9,,,0.000394,60,
query,metadata_only,2,3,,polyglot,9,,,0.000323,20,
query,metadata_only,2,3,,mongo_gridfs,9,,,0.002095,20,
query,metadata_only,2,3,,pg_bytea,9,,,0.000378,20,
query,metadata_only,2,4,,mongo_gridfs,9,,,0.002387,20,
query,metadata_only,2,4,,pg_bytea,9,,,0.000495,20,
query,metadata_only,2,4,,polyglot,9,,,0.000368,20,
query,metadata_only,2,1,,mongo_gridfs,9,,,0.002359,20,
query,metadata_only,2,1,,pg_bytea,9,,,0.000355,20,
query,metadata_only,2,1,,polyglot,9,,,0.000320,20,
query,metadata_only,2,5,,polyglot,9,,,0.000378,20,
query,metadata_only,2,5,,pg_bytea,9,,,0.000366,20,
query,metadata_only,2,5,,mongo_gridfs,9,,,0.002457,20,
query,metadata_only,1,2,,polyglot,9,,,0.000374,30,
query,metadata_only,1,2,,pg_bytea,9,,,0.000339,30,
query,metadata_only,1,2,,mongo_gridfs,9,,,0.002347,30,
query,metadata_only,2,2,,pg_bytea,9,,,0.000406,60,
query,metadata_only,2,2,,mongo_gridfs,9,,,0.002556,60,
query,metadata_only,2,2,,polyglot,9,,,0.000379,60,
query,metadata_only,1,3,,pg_bytea,9,,,0.000339,30,
query,metadata_only,1,3,,mongo_gridfs,9,,,0.002194,30,
query,metadata_only,1,3,,polyglot,9,,,0.000389,30,
read,end_to_end,2,4,,polyglot,0,,,0.600735,20,True
read,end_to_end,2,4,,mongo_gridfs,0,,,0.589572,20,True
read,end_to_end,2,4,,pg_bytea,0,,,1.111577,20,True
read,end_to_end,1,3,,mongo_gridfs,0,,,0.616250,30,True
read,end_to_end,1,3,,pg_bytea,0,,,1.223993,30,True
read,end_to_end,1,3,,polyglot,0,,,0.583449,30,True
read,end_to_end,1,4,,mongo_gridfs,0,,,0.047348,10,True
read,end_to_end,1,4,,pg_bytea,0,,,0.049710,10,True
read,end_to_end,1,4,,polyglot,0,,,0.037562,10,True
read,end_to_end,1,1,,polyglot,0,,,4.053990,60,True
read,end_to_end,1,1,,pg_bytea,0,,,9.808719,60,True
read,end_to_end,1,1,,mongo_gridfs,0,,,3.882186,60,True
read,end_to_end,2,2,,mongo_gridfs,0,,,2.989741,60,True
read,end_to_end,2,2,,polyglot,0,,,3.019167,60,True
read,end_to_end,2,2,,pg_bytea,0,,,8.312439,60,True
read,end_to_end,2,5,,polyglot,0,,,0.105248,20,True
read,end_to_end,2,5,,pg_bytea,0,,,0.091681,20,True
read,end_to_end,2,5,,mongo_gridfs,0,,,0.073172,20,True
read,end_to_end,2,3,,polyglot,0,,,0.096005,20,True
read,end_to_end,2,3,,mongo_gridfs,0,,,0.094185,20,True
read,end_to_end,2,3,,pg_bytea,0,,,0.113416,20,True
read,end_to_end,1,2,,mongo_gridfs,0,,,0.517431,30,True
read,end_to_end,1,2,,pg_bytea,0,,,0.734482,30,True
read,end_to_end,1,2,,polyglot,0,,,0.676848,30,True
read,end_to_end,1,5,,pg_bytea,0,,,0.044397,10,True
read,end_to_end,1,5,,mongo_gridfs,0,,,0.038618,10,True
read,end_to_end,1,5,,polyglot,0,,,0.040639,10,True
read,end_to_end,2,1,,polyglot,0,,,0.165418,20,True
read,end_to_end,2,1,,mongo_gridfs,0,,,0.133586,20,True
read,end_to_end,2,1,,pg_bytea,0,,,0.273139,20,True
read,end_to_end,2,5,,polyglot,1,,,0.055485,20,True
read,end_to_end,2,5,,mongo_gridfs,1,,,0.053200,20,True
read,end_to_end,2,5,,pg_bytea,1,,,0.070852,20,True
read,end_to_end,1,2,,mongo_gridfs,1,,,0.357241,30,True
read,end_to_end,1,2,,polyglot,1,,,0.345091,30,True
read,end_to_end,1,2,,pg_bytea,1,,,0.647176,30,True
read,end_to_end,1,1,,polyglot,1,,,4.578524,60,True
read,end_to_end,1,1,,mongo_gridfs,1,,,3.787585,60,True
read,end_to_end,1,1,,pg_bytea,1,,,6.579107,60,True
read,end_to_end,2,1,,pg_bytea,1,,,0.131413,20,True
read,end_to_end,2,1,,polyglot,1,,,0.100614,20,True
read,end_to_end,2,1,,mongo_gridfs,1,,,0.091573,20,True
read,end_to_end,2,2,,pg_bytea,1,,,5.916892,60,True
read,end_to_end,2,2,,polyglot,1,,,3.141759,60,True
read,end_to_end,2,2,,mongo_gridfs,1,,,2.792743,60,True
read,end_to_end,1,4,,polyglot,1,,,0.039072,10,True
read,end_to_end,1,4,,mongo_gridfs,1,,,0.032164,10,True
read,end_to_end,1,4,,pg_bytea,1,,,0.044128,10,True
read,end_to_end,2,3,,mongo_gridfs,1,,,0.086888,20,True
read,end_to_end,2,3,,polyglot,1,,,0.081210,20,True
read,end_to_end,2,3,,pg_bytea,1,,,0.109143,20,True
read,end_to_end,2,4,,mongo_gridfs,1,,,0.400867,20,True
read,end_to_end,2,4,,polyglot,1,,,0.388963,20,True
read,end_to_end,2,4,,pg_bytea,1,,,0.679475,20,True
read,end_to_end,1,3,,polyglot,1,,,0.432239,30,True
read,end_to_end,1,3,,pg_bytea,1,,,0.730587,30,True
read,end_to_end,1,3,,mongo_gridfs,1,,,0.430375,30,True
read,end_to_end,1,5,,pg_bytea,1,,,0.046247,10,True
read,end_to_end,1,5,,mongo_gridfs,1,,,0.032648,10,True
read,end_to_end,1,5,,polyglot,1,,,0.028658,10,True
read,end_to_end,2,4,,pg_bytea,2,,,0.600517,20,True
read,end_to_end,2,4,,polyglot,2,,,0.317009,20,True
read,end_to_end,2,4,,mongo_gridfs,2,,,0.322646,20,True
read,end_to_end,1,3,,pg_bytea,2,,,0.654371,30,True
read,end_to_end,1,3,,polyglot,2,,,0.359474,30,True
read,end_to_end,1,3,,mongo_gridfs,2,,,0.342163,30,True
read,end_to_end,2,3,,mongo_gridfs,2,,,0.077638,20,True
read,end_to_end,2,3,,polyglot,2,,,0.070425,20,True
read,end_to_end,2,3,,pg_bytea,2,,,0.104987,20,True
read,end_to_end,1,5,,polyglot,2,,,0.029800,10,True
read,end_to_end,1,5,,pg_bytea,2,,,0.037522,10,True
read,end_to_end,1,5,,mongo_gridfs,2,,,0.029308,10,True
read,end_to_end,2,2,,polyglot,2,,,2.693659,60,True
read,end_to_end,2,2,,mongo_gridfs,2,,,2.713349,60,True
read,end_to_end,2,2,,pg_bytea,2,,,6.011515,60,True
read,end_to_end,1,2,,pg_bytea,2,,,0.842060,30,True
read,end_to_end,1,2,,mongo_gridfs,2,,,0.516935,30,True
read,end_to_end,1,2,,polyglot,2,,,0.491097,30,True
read,end_to_end,1,1,,polyglot,2,,,3.444217,60,True
read,end_to_end,1,1,,mongo_gridfs,2,,,3.132994,60,True
read,end_to_end,1,1,,pg_bytea,2,,,6.947114,60,True
read,end_to_end,1,4,,pg_bytea,2,,,0.071548,10,True
read,end_to_end,1,4,,mongo_gridfs,2,,,0.052614,10,True
read,end_to_end,1,4,,polyglot,2,,,0.039896,10,True
read,end_to_end,2,1,,polyglot,2,,,0.097882,20,True
read,end_to_end,2,1,,mongo_gridfs,2,,,0.104607,20,True
read,end_to_end,2,1,,pg_bytea,2,,,0.116324,20,True
read,end_to_end,2,5,,mongo_gridfs,2,,,0.066402,20,True
read,end_to_end,2,5,,pg_bytea,2,,,0.085726,20,True
read,end_to_end,2,5,,polyglot,2,,,0.069521,20,True
read,end_to_end,2,2,,polyglot,3,,,3.388797,60,True
read,end_to_end,2,2,,mongo_gridfs,3,,,3.410069,60,True
read,end_to_end,2,2,,pg_bytea,3,,,6.026344,60,True
read,end_to_end,1,3,,pg_bytea,3,,,0.760849,30,True
read,end_to_end,1,3,,mongo_gridfs,3,,,0.530933,30,True
read,end_to_end,1,3,,polyglot,3,,,0.475412,30,True
read,end_to_end,1,2,,pg_bytea,3,,,0.723646,30,True
read,end_to_end,1,2,,mongo_gridfs,3,,,0.464654,30,True
read,end_to_end,1,2,,polyglot,3,,,0.450489,30,True
read,end_to_end,1,5,,polyglot,3,,,0.035887,10,True
read,end_to_end,1,5,,mongo_gridfs,3,,,0.031813,10,True
read,end_to_end,1,5,,pg_bytea,3,,,0.041725,10,True
read,end_to_end,2,1,,polyglot,3,,,0.091134,20,True
read,end_to_end,2,1,,mongo_gridfs,3,,,0.088135,20,True
read,end_to_end,2,1,,pg_bytea,3,,,0.112894,20,True
read,end_to_end,1,1,,mongo_gridfs,3,,,3.119066,60,True
read,end_to_end,1,1,,polyglot,3,,,3.040406,60,True
read,end_to_end,1,1,,pg_bytea,3,,,6.649479,60,True
read,end_to_end,2,4,,mongo_gridfs,3,,,0.498988,20,True
read,end_to_end,2,4,,polyglot,3,,,0.448015,20,True
read,end_to_end,2,4,,pg_bytea,3,,,0.698701,20,True
read,end_to_end,2,5,,pg_bytea,3,,,0.086632,20,True
read,end_to_end,2,5,,polyglot,3,,,0.060315,20,True
read,end_to_end,2,5,,mongo_gridfs,3,,,0.061738,20,True
read,end_to_end,2,3,,polyglot,3,,,0.099126,20,True
read,end_to_end,2,3,,pg_bytea,3,,,0.114141,20,True
read,end_to_end,2,3,,mongo_gridfs,3,,,0.092579,20,True
read,end_to_end,1,4,,polyglot,3,,,0.035339,10,True
read,end_to_end,1,4,,pg_bytea,3,,,0.043381,10,True
read,end_to_end,1,4,,mongo_gridfs,3,,,0.033779,10,True
read,end_to_end,2,3,,mongo_gridfs,4,,,0.067089,20,True
read,end_to_end,2,3,,polyglot,4,,,0.064352,20,True
read,end_to_end,2,3,,pg_bytea,4,,,0.103159,20,True
read,end_to_end,1,3,,pg_bytea,4,,,0.698048,30,True
read,end_to_end,1,3,,polyglot,4,,,0.451938,30,True
read,end_to_end,1,3,,mongo_gridfs,4,,,0.436460,30,True
read,end_to_end,1,5,,polyglot,4,,,0.033740,10,True
read,end_to_end,1,5,,mongo_gridfs,4,,,0.030292,10,True
read,end_to_end,1,5,,pg_bytea,4,,,0.040429,10,True
read,end_to_end,2,2,,pg_bytea,4,,,5.813916,60,True
read,end_to_end,2,2,,mongo_gridfs,4,,,3.163152,60,True
read,end_to_end,2,2,,polyglot,4,,,2.831171,60,True
read,end_to_end,1,2,,mongo_gridfs,4,,,0.456812,30,True
read,end_to_end,1,2,,pg_bytea,4,,,0.729831,30,True
read,end_to_end,1,2,,polyglot,4,,,0.419919,30,True
read,end_to_end,1,1,,polyglot,4,,,3.110781,60,True
read,end_to_end,1,1,,mongo_gridfs,4,,,3.054857,60,True
read,end_to_end,1,1,,pg_bytea,4,,,6.564191,60,True
read,end_to_end,2,1,,mongo_gridfs,4,,,0.134672,20,True
read,end_to_end,2,1,,pg_bytea,4,,,0.114923,20,True
read,end_to_end,2,1,,polyglot,4,,,0.096003,20,True
read,end_to_end,2,5,,polyglot,4,,,0.064466,20,True
read,end_to_end,2,5,,pg_bytea,4,,,0.078131,20,True
read,end_to_end,2,5,,mongo_gridfs,4,,,0.065844,20,True
read,end_to_end,2,4,,pg_bytea,4,,,0.687087,20,True
read,end_to_end,2,4,,polyglot,4,,,0.447457,20,True
read,end_to_end,2,4,,mongo_gridfs,4,,,0.426806,20,True
read,end_to_end,1,4,,pg_bytea,4,,,0.046948,10,True
read,end_to_end,1,4,,polyglot,4,,,0.035424,10,True
read,end_to_end,1,4,,mongo_gridfs,4,,,0.036361,10,True
read,end_to_end,2,2,,polyglot,5,,,2.924152,60,True
read,end_to_end,2,2,,pg_bytea,5,,,5.596209,60,True
read,end_to_end,2,2,,mongo_gridfs,5,,,3.157934,60,True
read,end_to_end,1,3,,mongo_gridfs,5,,,0.426541,30,True
read,end_to_end,1,3,,polyglot,5,,,0.406198,30,True
read,end_to_end,1,3,,pg_bytea,5,,,0.715648,30,True
read,end_to_end,2,5,,mongo_gridfs,5,,,0.063149,20,True
read,end_to_end,2,5,,polyglot,5,,,0.053252,20,True
read,end_to_end,2,5,,pg_bytea,5,,,0.085571,20,True
read,end_to_end,1,4,,polyglot,5,,,0.033204,10,True
read,end_to_end,1,4,,mongo_gridfs,5,,,0.031520,10,True
read,end_to_end,1,4,,pg_bytea,5,,,0.043329,10,True
read,end_to_end,1,2,,polyglot,5,,,0.424088,30,True
read,end_to_end,1,2,,pg_bytea,5,,,0.679682,30,True
read,end_to_end,1,2,,mongo_gridfs,5,,,0.446898,30,True
read,end_to_end,1,1,,pg_bytea,5,,,6.441330,60,True
read,end_to_end,1,1,,mongo_gridfs,5,,,3.429640,60,True
read,end_to_end,1,1,,polyglot,5,,,3.111014,60,True
read,end_to_end,1,5,,pg_bytea,5,,,0.050229,10,True
read,end_to_end,1,5,,mongo_gridfs,5,,,0.037717,10,True
read,end_to_end,1,5,,polyglot,5,,,0.030143,10,True
read,end_to_end,2,1,,pg_bytea,5,,,0.103354,20,True
read,end_to_end,2,1,,polyglot,5,,,0.079034,20,True
read,end_to_end,2,1,,mongo_gridfs,5,,,0.075939,20,True
read,end_to_end,2,4,,mongo_gridfs,5,,,0.371855,20,True
read,end_to_end,2,4,,pg_bytea,5,,,0.635232,20,True
read,end_to_end,2,4,,polyglot,5,,,0.369548,20,True
read,end_to_end,2,3,,pg_bytea,5,,,0.116997,20,True
read,end_to_end,2,3,,polyglot,5,,,0.086489,20,True
read,end_to_end,2,3,,mongo_gridfs,5,,,0.083334,20,True
read,end_to_end,1,2,,mongo_gridfs,6,,,0.454516,30,True
read,end_to_end,1,2,,polyglot,6,,,0.419234,30,True
read,end_to_end,1,2,,pg_bytea,6,,,0.698834,30,True
read,end_to_end,2,3,,polyglot,6,,,0.071096,20,True
read,end_to_end,2,3,,pg_bytea,6,,,0.105914,20,True
read,end_to_end,2,3,,mongo_gridfs,6,,,0.067571,20,True
read,end_to_end,1,4,,pg_bytea,6,,,0.106752,10,True
read,end_to_end,1,4,,mongo_gridfs,6,,,0.033698,10,True
read,end_to_end,1,4,,polyglot,6,,,0.029922,10,True
read,end_to_end,1,5,,polyglot,6,,,0.028619,10,True
read,end_to_end,1,5,,mongo_gridfs,6,,,0.027356,10,True
read,end_to_end,1,5,,pg_bytea,6,,,0.034845,10,True
read,end_to_end,2,4,,polyglot,6,,,0.312912,20,True
read,end_to_end,2,4,,pg_bytea,6,,,0.575949,20,True
read,end_to_end,2,4,,mongo_gridfs,6,,,0.314934,20,True
read,end_to_end,2,1,,pg_bytea,6,,,0.106924,20,True
read,end_to_end,2,1,,mongo_gridfs,6,,,0.074098,20,True
read,end_to_end,2,1,,polyglot,6,,,0.070296,20,True
read,end_to_end,2,2,,pg_bytea,6,,,5.944676,60,True
read,end_to_end,2,2,,polyglot,6,,,3.076755,60,True
read,end_to_end,2,2,,mongo_gridfs,6,,,2.805589,60,True
read,end_to_end,1,3,,pg_bytea,6,,,0.714599,30,True
read,end_to_end,1,3,,mongo_gridfs,6,,,0.442089,30,True
read,end_to_end,1,3,,polyglot,6,,,0.428363,30,True
read,end_to_end,1,1,,mongo_gridfs,6,,,3.138677,60,True
read,end_to_end,1,1,,polyglot,6,,,3.168603,60,True
read,end_to_end,1,1,,pg_bytea,6,,,6.644496,60,True
read,end_to_end,2,5,,pg_bytea,6,,,0.102558,20,True
read,end_to_end,2,5,,polyglot,6,,,0.073654,20,True
read,end_to_end,2,5,,mongo_gridfs,6,,,0.065040,20,True
read,end_to_end,2,4,,mongo_gridfs,7,,,0.407014,20,True
read,end_to_end,2,4,,pg_bytea,7,,,0.695337,20,True
read,end_to_end,2,4,,polyglot,7,,,0.405323,20,True
read,end_to_end,1,5,,pg_bytea,7,,,0.042581,10,True
read,end_to_end,1,5,,polyglot,7,,,0.028588,10,True
read,end_to_end,1,5,,mongo_gridfs,7,,,0.028420,10,True
read,end_to_end,1,4,,mongo_gridfs,7,,,0.037625,10,True
read,end_to_end,1,4,,pg_bytea,7,,,0.042897,10,True
read,end_to_end,1,4,,polyglot,7,,,0.033329,10,True
read,end_to_end,1,2,,mongo_gridfs,7,,,0.490919,30,True
read,end_to_end,1,2,,pg_bytea,7,,,0.703311,30,True
read,end_to_end,1,2,,polyglot,7,,,0.441793,30,True
read,end_to_end,2,1,,mongo_gridfs,7,,,0.080110,20,True
read,end_to_end,2,1,,polyglot,7,,,0.075032,20,True
read,end_to_end,2,1,,pg_bytea,7,,,0.101534,20,True
read,end_to_end,2,5,,pg_bytea,7,,,0.073192,20,True
read,end_to_end,2,5,,mongo_gridfs,7,,,0.054892,20,True
read,end_to_end,2,5,,polyglot,7,,,0.050609,20,True
read,end_to_end,2,3,,mongo_gridfs,7,,,0.089849,20,True
read,end_to_end,2,3,,polyglot,7,,,0.085702,20,True
read,end_to_end,2,3,,pg_bytea,7,,,0.114201,20,True
read,end_to_end,1,3,,mongo_gridfs,7,,,0.441765,30,True
read,end_to_end,1,3,,pg_bytea,7,,,0.687691,30,True
read,end_to_end,1,3,,polyglot,7,,,0.430139,30,True
read,end_to_end,2,2,,pg_bytea,7,,,5.781873,60,True
read,end_to_end,2,2,,polyglot,7,,,3.120938,60,True
read,end_to_end,2,2,,mongo_gridfs,7,,,2.847141,60,True
read,end_to_end,1,1,,mongo_gridfs,7,,,3.088445,60,True
read,end_to_end,1,1,,polyglot,7,,,3.103101,60,True
read,end_to_end,1,1,,pg_bytea,7,,,6.624274,60,True
read,end_to_end,2,4,,mongo_gridfs,8,,,0.448939,20,True
read,end_to_end,2,4,,pg_bytea,8,,,0.705611,20,True
read,end_to_end,2,4,,polyglot,8,,,0.413425,20,True
read,end_to_end,2,3,,mongo_gridfs,8,,,0.108434,20,True
read,end_to_end,2,3,,polyglot,8,,,0.092138,20,True
read,end_to_end,2,3,,pg_bytea,8,,,0.117304,20,True
read,end_to_end,1,5,,polyglot,8,,,0.033909,10,True
read,end_to_end,1,5,,mongo_gridfs,8,,,0.030686,10,True
read,end_to_end,1,5,,pg_bytea,8,,,0.043000,10,True
read,end_to_end,2,2,,pg_bytea,8,,,5.757241,60,True
read,end_to_end,2,2,,mongo_gridfs,8,,,3.149967,60,True
read,end_to_end,2,2,,polyglot,8,,,2.810475,60,True
read,end_to_end,1,4,,mongo_gridfs,8,,,0.043718,10,True
read,end_to_end,1,4,,pg_bytea,8,,,0.042965,10,True
read,end_to_end,1,4,,polyglot,8,,,0.032221,10,True
read,end_to_end,2,1,,polyglot,8,,,0.075865,20,True
read,end_to_end,2,1,,mongo_gridfs,8,,,0.077006,20,True
read,end_to_end,2,1,,pg_bytea,8,,,0.110609,20,True
read,end_to_end,1,3,,pg_bytea,8,,,0.725877,30,True
read,end_to_end,1,3,,polyglot,8,,,0.445014,30,True
read,end_to_end,1,3,,mongo_gridfs,8,,,0.421695,30,True
read,end_to_end,1,2,,polyglot,8,,,0.429501,30,True
read,end_to_end,1,2,,pg_bytea,8,,,0.729364,30,True
read,end_to_end,1,2,,mongo_gridfs,8,,,0.441082,30,True
read,end_to_end,1,1,,polyglot,8,,,3.154609,60,True
read,end_to_end,1,1,,mongo_gridfs,8,,,3.045506,60,True
read,end_to_end,1,1,,pg_bytea,8,,,6.599366,60,True
read,end_to_end,2,5,,polyglot,8,,,0.101565,20,True
read,end_to_end,2,5,,pg_bytea,8,,,0.084222,20,True
read,end_to_end,2,5,,mongo_gridfs,8,,,0.063903,20,True
read,end_to_end,2,1,,mongo_gridfs,9,,,0.087046,20,True
read,end_to_end,2,1,,pg_bytea,9,,,0.111922,20,True
read,end_to_end,2,1,,polyglot,9,,,0.083856,20,True
read,end_to_end,2,2,,mongo_gridfs,9,,,3.129223,60,True
read,end_to_end,2,2,,polyglot,9,,,2.789098,60,True
read,end_to_end,2,2,,pg_bytea,9,,,5.945918,60,True
read,end_to_end,2,4,,polyglot,9,,,0.440842,20,True
read,end_to_end,2,4,,mongo_gridfs,9,,,0.375252,20,True
read,end_to_end,2,4,,pg_bytea,9,,,0.728106,20,True
read,end_to_end,1,1,,pg_bytea,9,,,6.558431,60,True
read,end_to_end,1,1,,polyglot,9,,,3.447080,60,True
read,end_to_end,1,1,,mongo_gridfs,9,,,3.017899,60,True
read,end_to_end,1,2,,mongo_gridfs,9,,,0.441535,30,True
read,end_to_end,1,2,,polyglot,9,,,0.413994,30,True
read,end_to_end,1,2,,pg_bytea,9,,,0.763317,30,True
read,end_to_end,1,3,,pg_bytea,9,,,0.735128,30,True
read,end_to_end,1,3,,mongo_gridfs,9,,,0.439221,30,True
read,end_to_end,1,3,,polyglot,9,,,0.407979,30,True
read,end_to_end,2,3,,mongo_gridfs,9,,,0.089010,20,True
read,end_to_end,2,3,,pg_bytea,9,,,0.106709,20,True
read,end_to_end,2,3,,polyglot,9,,,0.079637,20,True
read,end_to_end,1,5,,polyglot,9,,,0.029338,10,True
read,end_to_end,1,5,,pg_bytea,9,,,0.042272,10,True
read,end_to_end,1,5,,mongo_gridfs,9,,,0.028806,10,True
read,end_to_end,2,5,,polyglot,9,,,0.055357,20,True
read,end_to_end,2,5,,mongo_gridfs,9,,,0.053924,20,True
read,end_to_end,2,5,,pg_bytea,9,,,0.076789,20,True
read,end_to_end,1,4,,mongo_gridfs,9,,,0.034137,10,True
read,end_to_end,1,4,,polyglot,9,,,0.029785,10,True
read,end_to_end,1,4,,pg_bytea,9,,,0.043629,10,True
