phase,query_type,actor,emotion,bucket,approach,rep,stored_name,filesize_bytes,elapsed_seconds,n_files,checksum_ok
write,write,,,audio_small,pg_bytea,0,03-01-01-01-01-02-19_r00.wav,375720,0.023211,1,
write,write,,,audio_small,polyglot,0,03-01-01-01-01-02-19_r00.wav,375720,0.017031,1,
write,write,,,audio_small,mongo_gridfs,0,03-01-01-01-01-02-19_r00.wav,375720,0.008004,1,
write,write,,,audio_small,pg_bytea,0,03-01-01-01-02-02-05_r00.wav,396294,0.011322,1,
write,write,,,audio_small,polyglot,0,03-01-01-01-02-02-05_r00.wav,396294,0.006160,1,
write,write,,,audio_small,mongo_gridfs,0,03-01-01-01-02-02-05_r00.wav,396294,0.004489,1,
write,write,,,audio_small,mongo_gridfs,0,03-01-01-01-02-02-06_r00.wav,363108,0.005480,1,
write,write,,,audio_small,pg_bytea,0,03-01-01-01-02-02-06_r00.wav,363108,0.009661,1,
write,write,,,audio_small,polyglot,0,03-01-01-01-02-02-06_r00.wav,363108,0.004430,1,
write,write,,,audio_small,mongo_gridfs,0,03-01-01-01-02-02-07_r00.wav,363108,0.003795,1,
write,write,,,audio_small,polyglot,0,03-01-01-01-02-02-07_r00.wav,363108,0.003823,1,
write,write,,,audio_small,pg_bytea,0,03-01-01-01-02-02-07_r00.wav,363108,0.010695,1,
write,write,,,audio_small,polyglot,0,03-01-01-01-02-02-11_r00.wav,375720,0.004394,1,
write,write,,,audio_small,mongo_gridfs,0,03-01-01-01-02-02-11_r00.wav,375720,0.005059,1,
write,write,,,audio_small,pg_bytea,0,03-01-01-01-02-02-11_r00.wav,375720,0.010328,1,
write,write,,,audio_small,pg_bytea,0,03-01-01-01-02-02-12_r00.wav,372698,0.009985,1,
write,write,,,audio_small,polyglot,0,03-01-01-01-02-02-12_r00.wav,372698,0.005351,1,
write,write,,,audio_small,mongo_gridfs,0,03-01-01-01-02-02-12_r00.wav,372698,0.003850,1,
write,write,,,audio_small,polyglot,0,03-01-01-01-02-02-13_r00.wav,363108,0.004190,1,
write,write,,,audio_small,mongo_gridfs,0,03-01-01-01-02-02-13_r00.wav,363108,0.004136,1,
write,write,,,audio_small,pg_bytea,0,03-01-01-01-02-02-13_r00.wav,363108,0.009772,1,
write,write,,,audio_small,polyglot,0,03-01-01-02-01-02-05_r00.wav,393086,0.005036,1,
write,write,,,audio_small,mongo_gridfs,0,03-01-01-02-01-02-05_r00.wav,393086,0.003935,1,
write,write,,,audio_small,pg_bytea,0,03-01-01-02-01-02-05_r00.wav,393086,0.009981,1,
write,write,,,audio_small,pg_bytea,0,03-01-01-02-01-02-06_r00.wav,363108,0.008655,1,
write,write,,,audio_small,mongo_gridfs,0,03-01-01-02-01-02-06_r00.wav,363108,0.004790,1,
write,write,,,audio_small,polyglot,0,03-01-01-02-01-02-06_r00.wav,363108,0.003951,1,
write,write,,,audio_small,pg_bytea,0,03-01-01-02-01-02-07_r00.wav,372698,0.010495,1,
write,write,,,audio_small,polyglot,0,03-01-01-02-01-02-07_r00.wav,372698,0.004988,1,
write,write,,,audio_small,mongo_gridfs,0,03-01-01-02-01-02-07_r00.wav,372698,0.005542,1,
write,write,,,audio_small,polyglot,0,03-01-01-02-01-02-13_r00.wav,399494,0.005454,1,
write,write,,,audio_small,mongo_gridfs,0,03-01-01-02-01-02-13_r00.wav,399494,0.005394,1,
write,write,,,audio_small,pg_bytea,0,03-01-01-02-01-02-13_r00.wav,399494,0.011056,1,
write,write,,,audio_small,mongo_gridfs,0,03-01-01-02-02-02-19_r00.wav,372698,0.005523,1,
write,write,,,audio_small,pg_bytea,0,03-01-01-02-02-02-19_r00.wav,372698,0.018618,1,
write,write,,,audio_small,polyglot,0,03-01-01-02-02-02-19_r00.wav,372698,0.006488,1,
write,write,,,audio_small,polyglot,0,03-01-02-01-01-01-19_r00.wav,372698,0.005336,1,
write,write,,,audio_small,pg_bytea,0,03-01-02-01-01-01-19_r00.wav,372698,0.009652,1,
write,write,,,audio_small,mongo_gridfs,0,03-01-02-01-01-01-19_r00.wav,372698,0.004992,1,
write,write,,,audio_small,pg_bytea,0,03-01-02-01-02-01-06_r00.wav,363108,0.011367,1,
write,write,,,audio_small,mongo_gridfs,0,03-01-02-01-02-01-06_r00.wav,363108,0.007015,1,
write,write,,,audio_small,polyglot,0,03-01-02-01-02-01-06_r00.wav,363108,0.007163,1,
write,write,,,audio_small,pg_bytea,0,03-01-02-01-02-01-07_r00.wav,399494,0.010387,1,
write,write,,,audio_small,polyglot,0,03-01-02-01-02-01-07_r00.wav,399494,0.006128,1,
write,write,,,audio_small,mongo_gridfs,0,03-01-02-01-02-01-07_r00.wav,399494,0.005074,1,
write,write,,,audio_small,polyglot,0,03-01-02-01-02-01-11_r00.wav,375720,0.005086,1,
write,write,,,audio_small,pg_bytea,0,03-01-02-01-02-01-11_r00.wav,375720,0.009386,1,
write,write,,,audio_small,mongo_gridfs,0,03-01-02-01-02-01-11_r00.wav,375720,0.006885,1,
write,write,,,audio_small,mongo_gridfs,0,03-01-02-01-02-01-12_r00.wav,372698,0.005158,1,
write,write,,,audio_small,pg_bytea,0,03-01-02-01-02-01-12_r00.wav,372698,0.009592,1,
write,write,,,audio_small,polyglot,0,03-01-02-01-02-01-12_r00.wav,372698,0.005242,1,
write,write,,,audio_small,polyglot,0,03-01-02-01-02-01-13_r00.wav,379106,0.005087,1,
write,write,,,audio_small,pg_bytea,0,03-01-02-01-02-01-13_r00.wav,379106,0.009633,1,
write,write,,,audio_small,mongo_gridfs,0,03-01-02-01-02-01-13_r00.wav,379106,0.006479,1,
write,write,,,audio_small,polyglot,0,03-01-02-02-01-01-05_r00.wav,363108,0.005651,1,
write,write,,,audio_small,mongo_gridfs,0,03-01-02-02-01-01-05_r00.wav,363108,0.005727,1,
write,write,,,audio_small,pg_bytea,0,03-01-02-02-01-01-05_r00.wav,363108,0.010429,1,
write,write,,,audio_small,polyglot,0,03-01-02-02-01-01-11_r00.wav,363108,0.004949,1,
write,write,,,audio_small,mongo_gridfs,0,03-01-02-02-01-01-11_r00.wav,363108,0.004807,1,
write,write,,,audio_small,pg_bytea,0,03-01-02-02-01-01-11_r00.wav,363108,0.009723,1,
write,write,,,audio_small,polyglot,0,03-01-02-02-01-01-12_r00.wav,399494,0.005822,1,
write,write,,,audio_small,pg_bytea,0,03-01-02-02-01-01-12_r00.wav,399494,0.010400,1,
write,write,,,audio_small,mongo_gridfs,0,03-01-02-02-01-01-12_r00.wav,399494,0.006127,1,
write,write,,,audio_small,pg_bytea,0,03-01-02-02-01-01-13_r00.wav,399494,0.010033,1,
write,write,,,audio_small,mongo_gridfs,0,03-01-02-02-01-01-13_r00.wav,399494,0.005856,1,
write,write,,,audio_small,polyglot,0,03-01-02-02-01-01-13_r00.wav,399494,0.005537,1,
write,write,,,audio_small,mongo_gridfs,0,03-01-02-02-02-01-19_r00.wav,379106,0.005356,1,
write,write,,,audio_small,pg_bytea,0,03-01-02-02-02-01-19_r00.wav,379106,0.010077,1,
write,write,,,audio_small,polyglot,0,03-01-02-02-02-01-19_r00.wav,379106,0.006735,1,
write,write,,,audio_small,polyglot,0,03-01-03-01-01-02-05_r00.wav,396294,0.005044,1,
write,write,,,audio_small,mongo_gridfs,0,03-01-03-01-01-02-05_r00.wav,396294,0.004704,1,
write,write,,,audio_small,pg_bytea,0,03-01-03-01-01-02-05_r00.wav,396294,0.009815,1,
write,write,,,audio_small,polyglot,0,03-01-03-01-01-02-07_r00.wav,393086,0.005851,1,
write,write,,,audio_small,mongo_gridfs,0,03-01-03-01-01-02-07_r00.wav,393086,0.005045,1,
write,write,,,audio_small,pg_bytea,0,03-01-03-01-01-02-07_r00.wav,393086,0.013415,1,
write,write,,,audio_small,pg_bytea,0,03-01-03-01-01-02-12_r00.wav,399494,0.010690,1,
write,write,,,audio_small,mongo_gridfs,0,03-01-03-01-01-02-12_r00.wav,399494,0.006790,1,
write,write,,,audio_small,polyglot,0,03-01-03-01-01-02-12_r00.wav,399494,0.006155,1,
write,write,,,audio_small,mongo_gridfs,0,03-01-03-01-01-02-13_r00.wav,399494,0.005693,1,
write,write,,,audio_small,polyglot,0,03-01-03-01-01-02-13_r00.wav,399494,0.006781,1,
write,write,,,audio_small,pg_bytea,0,03-01-03-01-01-02-13_r00.wav,399494,0.011152,1,
write,write,,,audio_small,pg_bytea,0,03-01-03-01-02-02-18_r00.wav,393086,0.012232,1,
write,write,,,audio_small,polyglot,0,03-01-03-01-02-02-18_r00.wav,393086,0.005725,1,
write,write,,,audio_small,mongo_gridfs,0,03-01-03-01-02-02-18_r00.wav,393086,0.005344,1,
write,write,,,audio_small,polyglot,0,03-01-03-01-02-02-19_r00.wav,399494,0.005742,1,
write,write,,,audio_small,mongo_gridfs,0,03-01-03-01-02-02-19_r00.wav,399494,0.005041,1,
write,write,,,audio_small,pg_bytea,0,03-01-03-01-02-02-19_r00.wav,399494,0.011059,1,
write,write,,,audio_small,polyglot,0,03-01-03-02-01-02-18_r00.wav,396294,0.006144,1,
write,write,,,audio_small,pg_bytea,0,03-01-03-02-01-02-18_r00.wav,396294,0.010686,1,
write,write,,,audio_small,mongo_gridfs,0,03-01-03-02-01-02-18_r00.wav,396294,0.006651,1,
write,write,,,audio_small,mongo_gridfs,0,03-01-03-02-01-02-19_r00.wav,372698,0.006645,1,
write,write,,,audio_small,pg_bytea,0,03-01-03-02-01-02-19_r00.wav,372698,0.010406,1,
write,write,,,audio_small,polyglot,0,03-01-03-02-01-02-19_r00.wav,372698,0.007033,1,
write,write,,,audio_small,mongo_gridfs,0,03-01-03-02-02-02-04_r00.wav,379106,0.006895,1,
write,write,,,audio_small,polyglot,0,03-01-03-02-02-02-04_r00.wav,379106,0.005786,1,
write,write,,,audio_small,pg_bytea,0,03-01-03-02-02-02-04_r00.wav,379106,0.010875,1,
write,write,,,audio_small,pg_bytea,0,03-01-03-02-02-02-06_r00.wav,399494,0.009689,1,
write,write,,,audio_small,mongo_gridfs,0,03-01-03-02-02-02-06_r00.wav,399494,0.009162,1,
write,write,,,audio_small,polyglot,0,03-01-03-02-02-02-06_r00.wav,399494,0.005650,1,
write,write,,,audio_small,pg_bytea,0,03-01-03-02-02-02-07_r00.wav,393086,0.010158,1,
write,write,,,audio_small,polyglot,0,03-01-03-02-02-02-07_r00.wav,393086,0.005732,1,
write,write,,,audio_small,mongo_gridfs,0,03-01-03-02-02-02-07_r00.wav,393086,0.004739,1,
write,write,,,audio_small,mongo_gridfs,0,03-01-03-02-02-02-10_r00.wav,375720,0.006514,1,
write,write,,,audio_small,pg_bytea,0,03-01-03-02-02-02-10_r00.wav,375720,0.010866,1,
write,write,,,audio_small,polyglot,0,03-01-03-02-02-02-10_r00.wav,375720,0.007512,1,
write,write,,,audio_small,pg_bytea,0,03-01-03-02-02-02-11_r00.wav,396294,0.042711,1,
write,write,,,audio_small,mongo_gridfs,0,03-01-03-02-02-02-11_r00.wav,396294,0.007409,1,
write,write,,,audio_small,polyglot,0,03-01-03-02-02-02-11_r00.wav,396294,0.005859,1,
write,write,,,audio_small,mongo_gridfs,0,03-01-03-02-02-02-13_r00.wav,399494,0.005049,1,
write,write,,,audio_small,pg_bytea,0,03-01-03-02-02-02-13_r00.wav,399494,0.010773,1,
write,write,,,audio_small,polyglot,0,03-01-03-02-02-02-13_r00.wav,399494,0.008574,1,
write,write,,,audio_small,pg_bytea,0,03-01-04-01-01-02-01_r00.wav,396294,0.010705,1,
write,write,,,audio_small,polyglot,0,03-01-04-01-01-02-01_r00.wav,396294,0.005947,1,
write,write,,,audio_small,mongo_gridfs,0,03-01-04-01-01-02-01_r00.wav,396294,0.005375,1,
write,write,,,audio_small,polyglot,0,03-01-04-01-01-02-02_r00.wav,379106,0.005288,1,
write,write,,,audio_small,mongo_gridfs,0,03-01-04-01-01-02-02_r00.wav,379106,0.005053,1,
write,write,,,audio_small,pg_bytea,0,03-01-04-01-01-02-02_r00.wav,379106,0.009479,1,
write,write,,,audio_small,pg_bytea,0,03-01-04-01-01-02-16_r00.wav,379106,0.009870,1,
write,write,,,audio_small,polyglot,0,03-01-04-01-01-02-16_r00.wav,379106,0.006919,1,
write,write,,,audio_small,mongo_gridfs,0,03-01-04-01-01-02-16_r00.wav,379106,0.004539,1,
write,write,,,audio_small,polyglot,0,03-01-04-01-02-02-08_r00.wav,372698,0.004103,1,
write,write,,,audio_small,pg_bytea,0,03-01-04-01-02-02-08_r00.wav,372698,0.009253,1,
write,write,,,audio_small,mongo_gridfs,0,03-01-04-01-02-02-08_r00.wav,372698,0.004513,1,
write,write,,,audio_small,polyglot,0,03-01-04-01-02-02-09_r00.wav,363108,0.003856,1,
write,write,,,audio_small,pg_bytea,0,03-01-04-01-02-02-09_r00.wav,363108,0.009023,1,
write,write,,,audio_small,mongo_gridfs,0,03-01-04-01-02-02-09_r00.wav,363108,0.004697,1,
write,write,,,audio_small,polyglot,0,03-01-04-01-02-02-20_r00.wav,396294,0.004547,1,
write,write,,,audio_small,mongo_gridfs,0,03-01-04-01-02-02-20_r00.wav,396294,0.004217,1,
write,write,,,audio_small,pg_bytea,0,03-01-04-01-02-02-20_r00.wav,396294,0.009127,1,
write,write,,,audio_small,pg_bytea,0,03-01-04-01-02-02-21_r00.wav,363108,0.026434,1,
write,write,,,audio_small,mongo_gridfs,0,03-01-04-01-02-02-21_r00.wav,363108,0.003697,1,
write,write,,,audio_small,polyglot,0,03-01-04-01-02-02-21_r00.wav,363108,0.008820,1,
write,write,,,audio_small,polyglot,0,03-01-04-01-02-02-22_r00.wav,372698,0.003840,1,
write,write,,,audio_small,mongo_gridfs,0,03-01-04-01-02-02-22_r00.wav,372698,0.004718,1,
write,write,,,audio_small,pg_bytea,0,03-01-04-01-02-02-22_r00.wav,372698,0.008972,1,
write,write,,,audio_small,mongo_gridfs,0,03-01-04-01-02-02-23_r00.wav,363108,0.003810,1,
write,write,,,audio_small,pg_bytea,0,03-01-04-01-02-02-23_r00.wav,363108,0.008930,1,
write,write,,,audio_small,polyglot,0,03-01-04-01-02-02-23_r00.wav,363108,0.004077,1,
write,write,,,audio_small,pg_bytea,0,03-01-04-02-01-02-09_r00.wav,379106,0.009657,1,
write,write,,,audio_small,polyglot,0,03-01-04-02-01-02-09_r00.wav,379106,0.004816,1,
write,write,,,audio_small,mongo_gridfs,0,03-01-04-02-01-02-09_r00.wav,379106,0.003685,1,
write,write,,,audio_small,mongo_gridfs,0,03-01-04-02-01-02-20_r00.wav,379106,0.003629,1,
write,write,,,audio_small,polyglot,0,03-01-04-02-01-02-20_r00.wav,379106,0.003902,1,
write,write,,,audio_small,pg_bytea,0,03-01-04-02-01-02-20_r00.wav,379106,0.009394,1,
write,write,,,audio_small,pg_bytea,0,03-01-04-02-01-02-21_r00.wav,393086,0.009681,1,
write,write,,,audio_small,mongo_gridfs,0,03-01-04-02-01-02-21_r00.wav,393086,0.004357,1,
write,write,,,audio_small,polyglot,0,03-01-04-02-01-02-21_r00.wav,393086,0.004263,1,
write,write,,,audio_small,pg_bytea,0,03-01-04-02-01-02-22_r00.wav,379106,0.009016,1,
write,write,,,audio_small,mongo_gridfs,0,03-01-04-02-01-02-22_r00.wav,379106,0.004644,1,
write,write,,,audio_small,polyglot,0,03-01-04-02-01-02-22_r00.wav,379106,0.007847,1,
write,write,,,audio_small,pg_bytea,0,03-01-04-02-02-02-14_r00.wav,375720,0.009187,1,
write,write,,,audio_small,mongo_gridfs,0,03-01-04-02-02-02-14_r00.wav,375720,0.007136,1,
write,write,,,audio_small,polyglot,0,03-01-04-02-02-02-14_r00.wav,375720,0.004441,1,
write,write,,,audio_small,polyglot,0,03-01-04-02-02-02-15_r00.wav,379106,0.004351,1,
write,write,,,audio_small,pg_bytea,0,03-01-04-02-02-02-15_r00.wav,379106,0.009758,1,
write,write,,,audio_small,mongo_gridfs,0,03-01-04-02-02-02-15_r00.wav,379106,0.004823,1,
write,write,,,audio_small,mongo_gridfs,0,03-01-04-02-02-02-16_r00.wav,375720,0.004791,1,
write,write,,,audio_small,polyglot,0,03-01-04-02-02-02-16_r00.wav,375720,0.005031,1,
write,write,,,audio_small,pg_bytea,0,03-01-04-02-02-02-16_r00.wav,375720,0.009897,1,
write,write,,,audio_small,polyglot,0,03-01-04-02-02-02-17_r00.wav,363108,0.004345,1,
write,write,,,audio_small,pg_bytea,0,03-01-04-02-02-02-17_r00.wav,363108,0.008636,1,
write,write,,,audio_small,mongo_gridfs,0,03-01-04-02-02-02-17_r00.wav,363108,0.003924,1,
write,write,,,audio_small,polyglot,0,03-01-05-01-01-01-09_r00.wav,393086,0.005065,1,
write,write,,,audio_small,pg_bytea,0,03-01-05-01-01-01-09_r00.wav,393086,0.009291,1,
write,write,,,audio_small,mongo_gridfs,0,03-01-05-01-01-01-09_r00.wav,393086,0.004239,1,
write,write,,,audio_small,mongo_gridfs,0,03-01-05-01-01-01-22_r00.wav,393086,0.003933,1,
write,write,,,audio_small,polyglot,0,03-01-05-01-01-01-22_r00.wav,393086,0.004209,1,
write,write,,,audio_small,pg_bytea,0,03-01-05-01-01-01-22_r00.wav,393086,0.010676,1,
write,write,,,audio_small,mongo_gridfs,0,03-01-05-01-02-01-02_r00.wav,372698,0.004751,1,
write,write,,,audio_small,polyglot,0,03-01-05-01-02-01-02_r00.wav,372698,0.005681,1,
write,write,,,audio_small,pg_bytea,0,03-01-05-01-02-01-02_r00.wav,372698,0.010014,1,
write,write,,,audio_small,pg_bytea,0,03-01-05-01-02-01-03_r00.wav,396294,0.012196,1,
write,write,,,audio_small,polyglot,0,03-01-05-01-02-01-03_r00.wav,396294,0.005544,1,
write,write,,,audio_small,mongo_gridfs,0,03-01-05-01-02-01-03_r00.wav,396294,0.003632,1,
write,write,,,audio_small,mongo_gridfs,0,03-01-05-01-02-01-15_r00.wav,363108,0.003542,1,
write,write,,,audio_small,pg_bytea,0,03-01-05-01-02-01-15_r00.wav,363108,0.008950,1,
write,write,,,audio_small,polyglot,0,03-01-05-01-02-01-15_r00.wav,363108,0.004074,1,
write,write,,,audio_small,pg_bytea,0,03-01-05-01-02-01-16_r00.wav,372698,0.008970,1,
write,write,,,audio_small,mongo_gridfs,0,03-01-05-01-02-01-16_r00.wav,372698,0.004591,1,
write,write,,,audio_small,polyglot,0,03-01-05-01-02-01-16_r00.wav,372698,0.004051,1,
write,write,,,audio_small,mongo_gridfs,0,03-01-05-01-02-01-17_r00.wav,393086,0.003492,1,
write,write,,,audio_small,polyglot,0,03-01-05-01-02-01-17_r00.wav,393086,0.003818,1,
write,write,,,audio_small,pg_bytea,0,03-01-05-01-02-01-17_r00.wav,393086,0.010575,1,
write,write,,,audio_small,pg_bytea,0,03-01-05-02-01-01-01_r00.wav,372698,0.010000,1,
write,write,,,audio_small,mongo_gridfs,0,03-01-05-02-01-01-01_r00.wav,372698,0.008630,1,
write,write,,,audio_small,polyglot,0,03-01-05-02-01-01-01_r00.wav,372698,0.007871,1,
write,write,,,audio_small,pg_bytea,0,03-01-05-02-01-01-02_r00.wav,375720,0.010961,1,
write,write,,,audio_small,polyglot,0,03-01-05-02-01-01-02_r00.wav,375720,0.007057,1,
write,write,,,audio_small,mongo_gridfs,0,03-01-05-02-01-01-02_r00.wav,375720,0.005768,1,
write,write,,,audio_small,polyglot,0,03-01-05-02-01-01-03_r00.wav,372698,0.004234,1,
write,write,,,audio_small,pg_bytea,0,03-01-05-02-01-01-03_r00.wav,372698,0.009419,1,
write,write,,,audio_small,mongo_gridfs,0,03-01-05-02-01-01-03_r00.wav,372698,0.004330,1,
write,write,,,audio_small,mongo_gridfs,0,03-01-05-02-01-01-15_r00.wav,396294,0.003824,1,
write,write,,,audio_small,pg_bytea,0,03-01-05-02-01-01-15_r00.wav,396294,0.009464,1,
write,write,,,audio_small,polyglot,0,03-01-05-02-01-01-15_r00.wav,396294,0.004252,1,
write,write,,,audio_small,mongo_gridfs,0,03-01-05-02-01-01-16_r00.wav,399494,0.004093,1,
write,write,,,audio_small,polyglot,0,03-01-05-02-01-01-16_r00.wav,399494,0.003850,1,
write,write,,,audio_small,pg_bytea,0,03-01-05-02-01-01-16_r00.wav,399494,0.009562,1,
write,write,,,audio_small,polyglot,0,03-01-05-02-01-01-17_r00.wav,363108,0.004520,1,
write,write,,,audio_small,pg_bytea,0,03-01-05-02-01-01-17_r00.wav,363108,0.009391,1,
write,write,,,audio_small,mongo_gridfs,0,03-01-05-02-01-01-17_r00.wav,363108,0.004283,1,
write,write,,,audio_small,mongo_gridfs,0,03-01-05-02-02-01-09_r00.wav,396294,0.004291,1,
write,write,,,audio_small,pg_bytea,0,03-01-05-02-02-01-09_r00.wav,396294,0.009673,1,
write,write,,,audio_small,polyglot,0,03-01-05-02-02-01-09_r00.wav,396294,0.004411,1,
write,write,,,audio_small,mongo_gridfs,0,03-01-05-02-02-01-21_r00.wav,375720,0.003665,1,
write,write,,,audio_small,polyglot,0,03-01-05-02-02-01-21_r00.wav,375720,0.003669,1,
write,write,,,audio_small,pg_bytea,0,03-01-05-02-02-01-21_r00.wav,375720,0.008911,1,
write,write,,,audio_small,polyglot,0,03-01-05-02-02-01-22_r00.wav,379106,0.004488,1,
write,write,,,audio_small,pg_bytea,0,03-01-05-02-02-01-22_r00.wav,379106,0.009628,1,
write,write,,,audio_small,mongo_gridfs,0,03-01-05-02-02-01-22_r00.wav,379106,0.004438,1,
write,write,,,audio_medium,polyglot,0,03-02-01-01-01-02-22_r00.wav,526650,0.005371,1,
write,write,,,audio_medium,mongo_gridfs,0,03-02-01-01-01-02-22_r00.wav,526650,0.005313,1,
write,write,,,audio_medium,pg_bytea,0,03-02-01-01-01-02-22_r00.wav,526650,0.015412,1,
write,write,,,audio_medium,polyglot,0,03-02-01-01-01-02-23_r00.wav,539464,0.006130,1,
write,write,,,audio_medium,mongo_gridfs,0,03-02-01-01-01-02-23_r00.wav,539464,0.005364,1,
write,write,,,audio_medium,pg_bytea,0,03-02-01-01-01-02-23_r00.wav,539464,0.013945,1,
write,write,,,audio_medium,pg_bytea,0,03-02-01-01-02-02-02_r00.wav,539464,0.013862,1,
write,write,,,audio_medium,polyglot,0,03-02-01-01-02-02-02_r00.wav,539464,0.008491,1,
write,write,,,audio_medium,mongo_gridfs,0,03-02-01-01-02-02-02_r00.wav,539464,0.007219,1,
write,write,,,audio_medium,mongo_gridfs,0,03-02-01-01-02-02-03_r00.wav,520242,0.006373,1,
write,write,,,audio_medium,polyglot,0,03-02-01-01-02-02-03_r00.wav,520242,0.006723,1,
write,write,,,audio_medium,pg_bytea,0,03-02-01-01-02-02-03_r00.wav,520242,0.018489,1,
write,write,,,audio_medium,mongo_gridfs,0,03-02-01-01-02-02-16_r00.wav,539464,0.009060,1,
write,write,,,audio_medium,polyglot,0,03-02-01-01-02-02-16_r00.wav,539464,0.006260,1,
write,write,,,audio_medium,pg_bytea,0,03-02-01-01-02-02-16_r00.wav,539464,0.029366,1,
write,write,,,audio_medium,polyglot,0,03-02-01-01-02-02-17_r00.wav,561888,0.008195,1,
write,write,,,audio_medium,mongo_gridfs,0,03-02-01-01-02-02-17_r00.wav,561888,0.006419,1,
write,write,,,audio_medium,pg_bytea,0,03-02-01-01-02-02-17_r00.wav,561888,0.014393,1,
write,write,,,audio_medium,mongo_gridfs,0,03-02-01-02-01-02-01_r00.wav,533056,0.006532,1,
write,write,,,audio_medium,pg_bytea,0,03-02-01-02-01-02-01_r00.wav,533056,0.016529,1,
write,write,,,audio_medium,polyglot,0,03-02-01-02-01-02-01_r00.wav,533056,0.008811,1,
write,write,,,audio_medium,polyglot,0,03-02-01-02-01-02-02_r00.wav,523448,0.006241,1,
write,write,,,audio_medium,mongo_gridfs,0,03-02-01-02-01-02-02_r00.wav,523448,0.005793,1,
write,write,,,audio_medium,pg_bytea,0,03-02-01-02-01-02-02_r00.wav,523448,0.013792,1,
write,write,,,audio_medium,mongo_gridfs,0,03-02-01-02-01-02-03_r00.wav,533056,0.006874,1,
write,write,,,audio_medium,polyglot,0,03-02-01-02-01-02-03_r00.wav,533056,0.006543,1,
write,write,,,audio_medium,pg_bytea,0,03-02-01-02-01-02-03_r00.wav,533056,0.014206,1,
write,write,,,audio_medium,polyglot,0,03-02-01-02-01-02-15_r00.wav,561882,0.006872,1,
write,write,,,audio_medium,mongo_gridfs,0,03-02-01-02-01-02-15_r00.wav,561882,0.006149,1,
write,write,,,audio_medium,pg_bytea,0,03-02-01-02-01-02-15_r00.wav,561882,0.013823,1,
write,write,,,audio_medium,polyglot,0,03-02-01-02-01-02-16_r00.wav,526650,0.007089,1,
write,write,,,audio_medium,mongo_gridfs,0,03-02-01-02-01-02-16_r00.wav,526650,0.005858,1,
write,write,,,audio_medium,pg_bytea,0,03-02-01-02-01-02-16_r00.wav,526650,0.013102,1,
write,write,,,audio_medium,polyglot,0,03-02-01-02-01-02-17_r00.wav,533056,0.007830,1,
write,write,,,audio_medium,pg_bytea,0,03-02-01-02-01-02-17_r00.wav,533056,0.013131,1,
write,write,,,audio_medium,mongo_gridfs,0,03-02-01-02-01-02-17_r00.wav,533056,0.006986,1,
write,write,,,audio_medium,pg_bytea,0,03-02-01-02-02-02-22_r00.wav,520242,0.012868,1,
write,write,,,audio_medium,polyglot,0,03-02-01-02-02-02-22_r00.wav,520242,0.007213,1,
write,write,,,audio_medium,mongo_gridfs,0,03-02-01-02-02-02-22_r00.wav,520242,0.007150,1,
write,write,,,audio_medium,pg_bytea,0,03-02-01-02-02-02-23_r00.wav,520242,0.016223,1,
write,write,,,audio_medium,mongo_gridfs,0,03-02-01-02-02-02-23_r00.wav,520242,0.006924,1,
write,write,,,audio_medium,polyglot,0,03-02-01-02-02-02-23_r00.wav,520242,0.008241,1,
write,write,,,audio_medium,polyglot,0,03-02-02-01-01-01-22_r00.wav,523448,0.006391,1,
write,write,,,audio_medium,mongo_gridfs,0,03-02-02-01-01-01-22_r00.wav,523448,0.006095,1,
write,write,,,audio_medium,pg_bytea,0,03-02-02-01-01-01-22_r00.wav,523448,0.014321,1,
write,write,,,audio_medium,pg_bytea,0,03-02-02-01-01-01-23_r00.wav,561888,0.015486,1,
write,write,,,audio_medium,mongo_gridfs,0,03-02-02-01-01-01-23_r00.wav,561888,0.008599,1,
write,write,,,audio_medium,polyglot,0,03-02-02-01-01-01-23_r00.wav,561888,0.007729,1,
write,write,,,audio_medium,mongo_gridfs,0,03-02-02-01-02-01-01_r00.wav,520242,0.007113,1,
write,write,,,audio_medium,pg_bytea,0,03-02-02-01-02-01-01_r00.wav,520242,0.013363,1,
write,write,,,audio_medium,polyglot,0,03-02-02-01-02-01-01_r00.wav,520242,0.009822,1,
write,write,,,audio_medium,polyglot,0,03-02-02-01-02-01-02_r00.wav,539464,0.007472,1,
write,write,,,audio_medium,mongo_gridfs,0,03-02-02-01-02-01-02_r00.wav,539464,0.005810,1,
write,write,,,audio_medium,pg_bytea,0,03-02-02-01-02-01-02_r00.wav,539464,0.014607,1,
write,write,,,audio_medium,polyglot,0,03-02-02-01-02-01-03_r00.wav,533056,0.012189,1,
write,write,,,audio_medium,mongo_gridfs,0,03-02-02-01-02-01-03_r00.wav,533056,0.007089,1,
write,write,,,audio_medium,pg_bytea,0,03-02-02-01-02-01-03_r00.wav,533056,0.014069,1,
write,write,,,audio_medium,pg_bytea,0,03-02-02-01-02-01-16_r00.wav,561882,0.014334,1,
write,write,,,audio_medium,mongo_gridfs,0,03-02-02-01-02-01-16_r00.wav,561882,0.007129,1,
write,write,,,audio_medium,polyglot,0,03-02-02-01-02-01-16_r00.wav,561882,0.006516,1,
write,write,,,audio_medium,mongo_gridfs,0,03-02-02-02-01-01-01_r00.wav,539464,0.006304,1,
write,write,,,audio_medium,pg_bytea,0,03-02-02-02-01-01-01_r00.wav,539464,0.013713,1,
write,write,,,audio_medium,polyglot,0,03-02-02-02-01-01-01_r00.wav,539464,0.006927,1,
write,write,,,audio_medium,mongo_gridfs,0,03-02-02-02-01-01-02_r00.wav,526650,0.006221,1,
write,write,,,audio_medium,pg_bytea,0,03-02-02-02-01-01-02_r00.wav,526650,0.014437,1,
write,write,,,audio_medium,polyglot,0,03-02-02-02-01-01-02_r00.wav,526650,0.006874,1,
write,write,,,audio_medium,polyglot,0,03-02-02-02-01-01-15_r00.wav,539464,0.011585,1,
write,write,,,audio_medium,pg_bytea,0,03-02-02-02-01-01-15_r00.wav,539464,0.013511,1,
write,write,,,audio_medium,mongo_gridfs,0,03-02-02-02-01-01-15_r00.wav,539464,0.009204,1,
write,write,,,audio_medium,pg_bytea,0,03-02-02-02-01-01-16_r00.wav,520242,0.014966,1,
write,write,,,audio_medium,mongo_gridfs,0,03-02-02-02-01-01-16_r00.wav,520242,0.007408,1,
write,write,,,audio_medium,polyglot,0,03-02-02-02-01-01-16_r00.wav,520242,0.013750,1,
write,write,,,audio_medium,polyglot,0,03-02-02-02-01-01-17_r00.wav,539464,0.009011,1,
write,write,,,audio_medium,mongo_gridfs,0,03-02-02-02-01-01-17_r00.wav,539464,0.007090,1,
write,write,,,audio_medium,pg_bytea,0,03-02-02-02-01-01-17_r00.wav,539464,0.014652,1,
write,write,,,audio_medium,polyglot,0,03-02-02-02-02-01-22_r00.wav,539464,0.007390,1,
write,write,,,audio_medium,mongo_gridfs,0,03-02-02-02-02-01-22_r00.wav,539464,0.006088,1,
write,write,,,audio_medium,pg_bytea,0,03-02-02-02-02-01-22_r00.wav,539464,0.014129,1,
write,write,,,audio_medium,mongo_gridfs,0,03-02-02-02-02-01-23_r00.wav,520242,0.006717,1,
write,write,,,audio_medium,pg_bytea,0,03-02-02-02-02-01-23_r00.wav,520242,0.013363,1,
write,write,,,audio_medium,polyglot,0,03-02-02-02-02-01-23_r00.wav,520242,0.006722,1,
write,write,,,audio_medium,pg_bytea,0,03-02-03-01-01-02-01_r00.wav,561882,0.025089,1,
write,write,,,audio_medium,polyglot,0,03-02-03-01-01-02-01_r00.wav,561882,0.011124,1,
write,write,,,audio_medium,mongo_gridfs,0,03-02-03-01-01-02-01_r00.wav,561882,0.023901,1,
write,write,,,audio_medium,pg_bytea,0,03-02-03-01-01-02-02_r00.wav,561882,0.014724,1,
write,write,,,audio_medium,polyglot,0,03-02-03-01-01-02-02_r00.wav,561882,0.007014,1,
write,write,,,audio_medium,mongo_gridfs,0,03-02-03-01-01-02-02_r00.wav,561882,0.005264,1,
write,write,,,audio_medium,mongo_gridfs,0,03-02-03-01-01-02-03_r00.wav,539464,0.006992,1,
write,write,,,audio_medium,polyglot,0,03-02-03-01-01-02-03_r00.wav,539464,0.006003,1,
write,write,,,audio_medium,pg_bytea,0,03-02-03-01-01-02-03_r00.wav,539464,0.013814,1,
write,write,,,audio_medium,mongo_gridfs,0,03-02-03-01-01-02-15_r00.wav,526650,0.008668,1,
write,write,,,audio_medium,pg_bytea,0,03-02-03-01-01-02-15_r00.wav,526650,0.013079,1,
write,write,,,audio_medium,polyglot,0,03-02-03-01-01-02-15_r00.wav,526650,0.006970,1,
write,write,,,audio_medium,mongo_gridfs,0,03-02-03-01-01-02-16_r00.wav,520242,0.009802,1,
write,write,,,audio_medium,polyglot,0,03-02-03-01-01-02-16_r00.wav,520242,0.007216,1,
write,write,,,audio_medium,pg_bytea,0,03-02-03-01-01-02-16_r00.wav,520242,0.012596,1,
write,write,,,audio_medium,polyglot,0,03-02-03-01-01-02-17_r00.wav,526650,0.007140,1,
write,write,,,audio_medium,mongo_gridfs,0,03-02-03-01-01-02-17_r00.wav,526650,0.006210,1,
write,write,,,audio_medium,pg_bytea,0,03-02-03-01-01-02-17_r00.wav,526650,0.014246,1,
write,write,,,audio_medium,mongo_gridfs,0,03-02-03-01-02-02-09_r00.wav,539464,0.006494,1,
write,write,,,audio_medium,pg_bytea,0,03-02-03-01-02-02-09_r00.wav,539464,0.032619,1,
write,write,,,audio_medium,polyglot,0,03-02-03-01-02-02-09_r00.wav,539464,0.007355,1,
write,write,,,audio_medium,polyglot,0,03-02-03-01-02-02-21_r00.wav,533056,0.005968,1,
write,write,,,audio_medium,mongo_gridfs,0,03-02-03-01-02-02-21_r00.wav,533056,0.005826,1,
write,write,,,audio_medium,pg_bytea,0,03-02-03-01-02-02-21_r00.wav,533056,0.014720,1,
write,write,,,audio_medium,mongo_gridfs,0,03-02-03-01-02-02-22_r00.wav,561888,0.013139,1,
write,write,,,audio_medium,polyglot,0,03-02-03-01-02-02-22_r00.wav,561888,0.007268,1,
write,write,,,audio_medium,pg_bytea,0,03-02-03-01-02-02-22_r00.wav,561888,0.013242,1,
write,write,,,audio_medium,pg_bytea,0,03-02-03-01-02-02-23_r00.wav,539464,0.013155,1,
write,write,,,audio_medium,mongo_gridfs,0,03-02-03-01-02-02-23_r00.wav,539464,0.007491,1,
write,write,,,audio_medium,polyglot,0,03-02-03-01-02-02-23_r00.wav,539464,0.006055,1,
write,write,,,audio_medium,pg_bytea,0,03-02-03-02-01-02-09_r00.wav,561882,0.014255,1,
write,write,,,audio_medium,mongo_gridfs,0,03-02-03-02-01-02-09_r00.wav,561882,0.008219,1,
write,write,,,audio_medium,polyglot,0,03-02-03-02-01-02-09_r00.wav,561882,0.007714,1,
write,write,,,audio_medium,mongo_gridfs,0,03-02-03-02-01-02-21_r00.wav,539464,0.006121,1,
write,write,,,audio_medium,polyglot,0,03-02-03-02-01-02-21_r00.wav,539464,0.006238,1,
write,write,,,audio_medium,pg_bytea,0,03-02-03-02-01-02-21_r00.wav,539464,0.015528,1,
write,write,,,audio_medium,mongo_gridfs,0,03-02-03-02-01-02-22_r00.wav,526650,0.006722,1,
write,write,,,audio_medium,pg_bytea,0,03-02-03-02-01-02-22_r00.wav,526650,0.013956,1,
write,write,,,audio_medium,polyglot,0,03-02-03-02-01-02-22_r00.wav,526650,0.007990,1,
write,write,,,audio_medium,mongo_gridfs,0,03-02-03-02-01-02-23_r00.wav,561888,0.010563,1,
write,write,,,audio_medium,polyglot,0,03-02-03-02-01-02-23_r00.wav,561888,0.007593,1,
write,write,,,audio_medium,pg_bytea,0,03-02-03-02-01-02-23_r00.wav,561888,0.016894,1,
write,write,,,audio_medium,pg_bytea,0,03-02-03-02-02-02-01_r00.wav,561882,0.015763,1,
write,write,,,audio_medium,polyglot,0,03-02-03-02-02-02-01_r00.wav,561882,0.007227,1,
write,write,,,audio_medium,mongo_gridfs,0,03-02-03-02-02-02-01_r00.wav,561882,0.007115,1,
write,write,,,audio_medium,mongo_gridfs,0,03-02-03-02-02-02-02_r00.wav,523448,0.005772,1,
write,write,,,audio_medium,pg_bytea,0,03-02-03-02-02-02-02_r00.wav,523448,0.013999,1,
write,write,,,audio_medium,polyglot,0,03-02-03-02-02-02-02_r00.wav,523448,0.007010,1,
write,write,,,audio_medium,polyglot,0,03-02-03-02-02-02-03_r00.wav,561888,0.006357,1,
write,write,,,audio_medium,pg_bytea,0,03-02-03-02-02-02-03_r00.wav,561888,0.015143,1,
write,write,,,audio_medium,mongo_gridfs,0,03-02-03-02-02-02-03_r00.wav,561888,0.006475,1,
write,write,,,audio_medium,pg_bytea,0,03-02-03-02-02-02-15_r00.wav,523448,0.013292,1,
write,write,,,audio_medium,mongo_gridfs,0,03-02-03-02-02-02-15_r00.wav,523448,0.006488,1,
write,write,,,audio_medium,polyglot,0,03-02-03-02-02-02-15_r00.wav,523448,0.006485,1,
write,write,,,audio_medium,polyglot,0,03-02-03-02-02-02-16_r00.wav,561882,0.006703,1,
write,write,,,audio_medium,pg_bytea,0,03-02-03-02-02-02-16_r00.wav,561882,0.014124,1,
write,write,,,audio_medium,mongo_gridfs,0,03-02-03-02-02-02-16_r00.wav,561882,0.006294,1,
write,write,,,audio_medium,mongo_gridfs,0,03-02-03-02-02-02-17_r00.wav,523448,0.005571,1,
write,write,,,audio_medium,polyglot,0,03-02-03-02-02-02-17_r00.wav,523448,0.005685,1,
write,write,,,audio_medium,pg_bytea,0,03-02-03-02-02-02-17_r00.wav,523448,0.012818,1,
write,write,,,audio_medium,mongo_gridfs,0,03-02-04-01-01-02-05_r00.wav,561882,0.006737,1,
write,write,,,audio_medium,polyglot,0,03-02-04-01-01-02-05_r00.wav,561882,0.006169,1,
write,write,,,audio_medium,pg_bytea,0,03-02-04-01-01-02-05_r00.wav,561882,0.014471,1,
write,write,,,audio_medium,pg_bytea,0,03-02-04-01-01-02-06_r00.wav,526650,0.013848,1,
write,write,,,audio_medium,polyglot,0,03-02-04-01-01-02-06_r00.wav,526650,0.009562,1,
write,write,,,audio_medium,mongo_gridfs,0,03-02-04-01-01-02-06_r00.wav,526650,0.006440,1,
write,write,,,audio_medium,polyglot,0,03-02-04-01-01-02-07_r00.wav,523448,0.005921,1,
write,write,,,audio_medium,pg_bytea,0,03-02-04-01-01-02-07_r00.wav,523448,0.015148,1,
write,write,,,audio_medium,mongo_gridfs,0,03-02-04-01-01-02-07_r00.wav,523448,0.006523,1,
write,write,,,audio_medium,polyglot,0,03-02-04-01-01-02-11_r00.wav,539464,0.006119,1,
write,write,,,audio_medium,pg_bytea,0,03-02-04-01-01-02-11_r00.wav,539464,0.013438,1,
write,write,,,audio_medium,mongo_gridfs,0,03-02-04-01-01-02-11_r00.wav,539464,0.006594,1,
write,write,,,audio_medium,pg_bytea,0,03-02-04-01-01-02-12_r00.wav,523448,0.013081,1,
write,write,,,audio_medium,mongo_gridfs,0,03-02-04-01-01-02-12_r00.wav,523448,0.006057,1,
write,write,,,audio_medium,polyglot,0,03-02-04-01-01-02-12_r00.wav,523448,0.005818,1,
write,write,,,audio_medium,mongo_gridfs,0,03-02-04-01-01-02-13_r00.wav,539464,0.005147,1,
write,write,,,audio_medium,pg_bytea,0,03-02-04-01-01-02-13_r00.wav,539464,0.013028,1,
write,write,,,audio_medium,polyglot,0,03-02-04-01-01-02-13_r00.wav,539464,0.006790,1,
write,write,,,audio_medium,mongo_gridfs,0,03-02-04-01-02-02-19_r00.wav,561888,0.011638,1,
write,write,,,audio_medium,polyglot,0,03-02-04-01-02-02-19_r00.wav,561888,0.008386,1,
write,write,,,audio_medium,pg_bytea,0,03-02-04-01-02-02-19_r00.wav,561888,0.014145,1,
write,write,,,audio_medium,polyglot,0,03-02-04-02-02-02-05_r00.wav,526650,0.011818,1,
write,write,,,audio_medium,mongo_gridfs,0,03-02-04-02-02-02-05_r00.wav,526650,0.006674,1,
write,write,,,audio_medium,pg_bytea,0,03-02-04-02-02-02-05_r00.wav,526650,0.014220,1,
write,write,,,audio_medium,mongo_gridfs,0,03-02-04-02-02-02-06_r00.wav,526650,0.011119,1,
write,write,,,audio_medium,polyglot,0,03-02-04-02-02-02-06_r00.wav,526650,0.010575,1,
write,write,,,audio_medium,pg_bytea,0,03-02-04-02-02-02-06_r00.wav,526650,0.014645,1,
write,write,,,audio_medium,polyglot,0,03-02-04-02-02-02-07_r00.wav,561888,0.012970,1,
write,write,,,audio_medium,pg_bytea,0,03-02-04-02-02-02-07_r00.wav,561888,0.014615,1,
write,write,,,audio_medium,mongo_gridfs,0,03-02-04-02-02-02-07_r00.wav,561888,0.007898,1,
write,write,,,audio_medium,pg_bytea,0,03-02-04-02-02-02-11_r00.wav,561888,0.017927,1,
write,write,,,audio_medium,polyglot,0,03-02-04-02-02-02-11_r00.wav,561888,0.008764,1,
write,write,,,audio_medium,mongo_gridfs,0,03-02-04-02-02-02-11_r00.wav,561888,0.006997,1,
write,write,,,audio_medium,pg_bytea,0,03-02-04-02-02-02-12_r00.wav,523448,0.013559,1,
write,write,,,audio_medium,polyglot,0,03-02-04-02-02-02-12_r00.wav,523448,0.007681,1,
write,write,,,audio_medium,mongo_gridfs,0,03-02-04-02-02-02-12_r00.wav,523448,0.005506,1,
write,write,,,audio_medium,polyglot,0,03-02-04-02-02-02-13_r00.wav,533056,0.006855,1,
write,write,,,audio_medium,pg_bytea,0,03-02-04-02-02-02-13_r00.wav,533056,0.014092,1,
write,write,,,audio_medium,mongo_gridfs,0,03-02-04-02-02-02-13_r00.wav,533056,0.007179,1,
write,write,,,audio_medium,polyglot,0,03-02-05-01-02-01-06_r00.wav,561882,0.006700,1,
write,write,,,audio_medium,mongo_gridfs,0,03-02-05-01-02-01-06_r00.wav,561882,0.007767,1,
write,write,,,audio_medium,pg_bytea,0,03-02-05-01-02-01-06_r00.wav,561882,0.016880,1,
write,write,,,audio_medium,pg_bytea,0,03-02-05-01-02-01-07_r00.wav,520242,0.014494,1,
write,write,,,audio_medium,mongo_gridfs,0,03-02-05-01-02-01-07_r00.wav,520242,0.008943,1,
write,write,,,audio_medium,polyglot,0,03-02-05-01-02-01-07_r00.wav,520242,0.006675,1,
write,write,,,audio_medium,mongo_gridfs,0,03-02-05-01-02-01-12_r00.wav,520242,0.006422,1,
write,write,,,audio_medium,pg_bytea,0,03-02-05-01-02-01-12_r00.wav,520242,0.037194,1,
write,write,,,audio_medium,polyglot,0,03-02-05-01-02-01-12_r00.wav,520242,0.007669,1,
write,write,,,audio_medium,pg_bytea,0,03-02-05-01-02-01-13_r00.wav,561888,0.014374,1,
write,write,,,audio_medium,polyglot,0,03-02-05-01-02-01-13_r00.wav,561888,0.009453,1,
write,write,,,audio_medium,mongo_gridfs,0,03-02-05-01-02-01-13_r00.wav,561888,0.007517,1,
write,write,,,audio_medium,polyglot,0,03-02-05-02-01-01-05_r00.wav,539464,0.007159,1,
write,write,,,audio_medium,pg_bytea,0,03-02-05-02-01-01-05_r00.wav,539464,0.014072,1,
write,write,,,audio_medium,mongo_gridfs,0,03-02-05-02-01-01-05_r00.wav,539464,0.008585,1,
write,write,,,audio_medium,mongo_gridfs,0,03-02-05-02-01-01-06_r00.wav,561888,0.007467,1,
write,write,,,audio_medium,polyglot,0,03-02-05-02-01-01-06_r00.wav,561888,0.007510,1,
write,write,,,audio_medium,pg_bytea,0,03-02-05-02-01-01-06_r00.wav,561888,0.014914,1,
write,write,,,audio_medium,pg_bytea,0,03-02-05-02-01-01-07_r00.wav,533056,0.018230,1,
write,write,,,audio_medium,polyglot,0,03-02-05-02-01-01-07_r00.wav,533056,0.008586,1,
write,write,,,audio_medium,mongo_gridfs,0,03-02-05-02-01-01-07_r00.wav,533056,0.008094,1,
write,write,,,audio_medium,pg_bytea,0,03-02-05-02-01-01-11_r00.wav,561888,0.015324,1,
write,write,,,audio_medium,mongo_gridfs,0,03-02-05-02-01-01-11_r00.wav,561888,0.007780,1,
write,write,,,audio_medium,polyglot,0,03-02-05-02-01-01-11_r00.wav,561888,0.007682,1,
write,write,,,audio_medium,mongo_gridfs,0,03-02-05-02-01-01-12_r00.wav,533056,0.006642,1,
write,write,,,audio_medium,pg_bytea,0,03-02-05-02-01-01-12_r00.wav,533056,0.014370,1,
write,write,,,audio_medium,polyglot,0,03-02-05-02-01-01-12_r00.wav,533056,0.007040,1,
write,write,,,audio_medium,polyglot,0,03-02-05-02-01-01-13_r00.wav,526650,0.006975,1,
write,write,,,audio_medium,pg_bytea,0,03-02-05-02-01-01-13_r00.wav,526650,0.013705,1,
write,write,,,audio_medium,mongo_gridfs,0,03-02-05-02-01-01-13_r00.wav,526650,0.008441,1,
write,write,,,video_small,pg_bytea,0,01-01-01-01-01-01-22_r00.mp4,5457041,0.148070,1,
write,write,,,video_small,mongo_gridfs,0,01-01-01-01-01-01-22_r00.mp4,5457041,0.048203,1,
write,write,,,video_small,polyglot,0,01-01-01-01-01-01-22_r00.mp4,5457041,0.046577,1,
write,write,,,video_small,polyglot,0,01-01-01-01-01-02-01_r00.mp4,5457041,0.050484,1,
write,write,,,video_small,mongo_gridfs,0,01-01-01-01-01-02-01_r00.mp4,5457041,0.056251,1,
write,write,,,video_small,pg_bytea,0,01-01-01-01-01-02-01_r00.mp4,5457041,0.146645,1,
write,write,,,video_small,mongo_gridfs,0,01-01-01-01-01-02-15_r00.mp4,5457041,0.046522,1,
write,write,,,video_small,polyglot,0,01-01-01-01-01-02-15_r00.mp4,5457041,0.046996,1,
write,write,,,video_small,pg_bytea,0,01-01-01-01-01-02-15_r00.mp4,5457041,0.156842,1,
write,write,,,video_small,polyglot,0,01-01-01-01-02-01-06_r00.mp4,5457041,0.044165,1,
write,write,,,video_small,pg_bytea,0,01-01-01-01-02-01-06_r00.mp4,5457041,0.135415,1,
write,write,,,video_small,mongo_gridfs,0,01-01-01-01-02-01-06_r00.mp4,5457041,0.051332,1,
write,write,,,video_small,polyglot,0,01-01-01-01-02-01-13_r00.mp4,5457041,0.054921,1,
write,write,,,video_small,mongo_gridfs,0,01-01-01-01-02-01-13_r00.mp4,5457041,0.048298,1,
write,write,,,video_small,pg_bytea,0,01-01-01-01-02-01-13_r00.mp4,5457041,0.137963,1,
write,write,,,video_small,polyglot,0,01-01-01-01-02-01-14_r00.mp4,5457041,0.049706,1,
write,write,,,video_small,pg_bytea,0,01-01-01-01-02-01-14_r00.mp4,5457041,0.147921,1,
write,write,,,video_small,mongo_gridfs,0,01-01-01-01-02-01-14_r00.mp4,5457041,0.048458,1,
write,write,,,video_small,mongo_gridfs,0,01-01-01-01-02-02-09_r00.mp4,5498397,0.044922,1,
write,write,,,video_small,polyglot,0,01-01-01-01-02-02-09_r00.mp4,5498397,0.043755,1,
write,write,,,video_small,pg_bytea,0,01-01-01-01-02-02-09_r00.mp4,5498397,0.140062,1,
write,write,,,video_small,mongo_gridfs,0,01-01-01-02-01-01-01_r00.mp4,5498397,0.040429,1,
write,write,,,video_small,pg_bytea,0,01-01-01-02-01-01-01_r00.mp4,5498397,0.189434,1,
write,write,,,video_small,polyglot,0,01-01-01-02-01-01-01_r00.mp4,5498397,0.074191,1,
write,write,,,video_small,pg_bytea,0,01-01-01-02-01-01-05_r00.mp4,5457041,0.133437,1,
write,write,,,video_small,polyglot,0,01-01-01-02-01-01-05_r00.mp4,5457041,0.044339,1,
write,write,,,video_small,mongo_gridfs,0,01-01-01-02-01-01-05_r00.mp4,5457041,0.044064,1,
write,write,,,video_small,mongo_gridfs,0,01-01-01-02-01-01-15_r00.mp4,5457041,0.043930,1,
write,write,,,video_small,polyglot,0,01-01-01-02-01-01-15_r00.mp4,5457041,0.051801,1,
write,write,,,video_small,pg_bytea,0,01-01-01-02-01-01-15_r00.mp4,5457041,0.137310,1,
write,write,,,video_small,pg_bytea,0,01-01-01-02-02-01-18_r00.mp4,5457041,0.161604,1,
write,write,,,video_small,mongo_gridfs,0,01-01-01-02-02-01-18_r00.mp4,5457041,0.043360,1,
write,write,,,video_small,polyglot,0,01-01-01-02-02-01-18_r00.mp4,5457041,0.047770,1,
write,write,,,video_small,mongo_gridfs,0,01-01-01-02-02-01-19_r00.mp4,5457041,0.047185,1,
write,write,,,video_small,polyglot,0,01-01-01-02-02-01-19_r00.mp4,5457041,0.045243,1,
write,write,,,video_small,pg_bytea,0,01-01-01-02-02-01-19_r00.mp4,5457041,0.134087,1,
write,write,,,video_small,pg_bytea,0,01-01-02-01-01-02-09_r00.mp4,5498397,0.135680,1,
write,write,,,video_small,polyglot,0,01-01-02-01-01-02-09_r00.mp4,5498397,0.059459,1,
write,write,,,video_small,mongo_gridfs,0,01-01-02-01-01-02-09_r00.mp4,5498397,0.043134,1,
write,write,,,video_small,polyglot,0,01-01-02-01-01-02-18_r00.mp4,5498397,0.054330,1,
write,write,,,video_small,pg_bytea,0,01-01-02-01-01-02-18_r00.mp4,5498397,0.158304,1,
write,write,,,video_small,mongo_gridfs,0,01-01-02-01-01-02-18_r00.mp4,5498397,0.046834,1,
write,write,,,video_small,pg_bytea,0,01-01-02-01-01-02-23_r00.mp4,5498397,0.134129,1,
write,write,,,video_small,mongo_gridfs,0,01-01-02-01-01-02-23_r00.mp4,5498397,0.042582,1,
write,write,,,video_small,polyglot,0,01-01-02-01-01-02-23_r00.mp4,5498397,0.048873,1,
write,write,,,video_small,pg_bytea,0,01-01-02-01-02-01-09_r00.mp4,5498397,0.135018,1,
write,write,,,video_small,mongo_gridfs,0,01-01-02-01-02-01-09_r00.mp4,5498397,0.045411,1,
write,write,,,video_small,polyglot,0,01-01-02-01-02-01-09_r00.mp4,5498397,0.053108,1,
write,write,,,video_small,polyglot,0,01-01-02-01-02-02-01_r00.mp4,5498397,0.082956,1,
write,write,,,video_small,pg_bytea,0,01-01-02-01-02-02-01_r00.mp4,5498397,0.260311,1,
write,write,,,video_small,mongo_gridfs,0,01-01-02-01-02-02-01_r00.mp4,5498397,0.044516,1,
write,write,,,video_small,polyglot,0,01-01-02-01-02-02-03_r00.mp4,5498397,0.045896,1,
write,write,,,video_small,mongo_gridfs,0,01-01-02-01-02-02-03_r00.mp4,5498397,0.046541,1,
write,write,,,video_small,pg_bytea,0,01-01-02-01-02-02-03_r00.mp4,5498397,0.138719,1,
write,write,,,video_small,pg_bytea,0,01-01-02-02-01-02-02_r00.mp4,5498397,0.140885,1,
write,write,,,video_small,polyglot,0,01-01-02-02-01-02-02_r00.mp4,5498397,0.046460,1,
write,write,,,video_small,mongo_gridfs,0,01-01-02-02-01-02-02_r00.mp4,5498397,0.042992,1,
write,write,,,video_small,pg_bytea,0,01-01-02-02-01-02-03_r00.mp4,5498397,0.156743,1,
write,write,,,video_small,polyglot,0,01-01-02-02-01-02-03_r00.mp4,5498397,0.047470,1,
write,write,,,video_small,mongo_gridfs,0,01-01-02-02-01-02-03_r00.mp4,5498397,0.053279,1,
write,write,,,video_small,polyglot,0,01-01-02-02-01-02-05_r00.mp4,5498397,0.071937,1,
write,write,,,video_small,mongo_gridfs,0,01-01-02-02-01-02-05_r00.mp4,5498397,0.074130,1,
write,write,,,video_small,pg_bytea,0,01-01-02-02-01-02-05_r00.mp4,5498397,0.188479,1,
write,write,,,video_small,pg_bytea,0,01-01-02-02-01-02-10_r00.mp4,5457041,0.143751,1,
write,write,,,video_small,polyglot,0,01-01-02-02-01-02-10_r00.mp4,5457041,0.061787,1,
write,write,,,video_small,mongo_gridfs,0,01-01-02-02-01-02-10_r00.mp4,5457041,0.054099,1,
write,write,,,video_small,mongo_gridfs,0,01-01-02-02-01-02-13_r00.mp4,5457041,0.070660,1,
write,write,,,video_small,pg_bytea,0,01-01-02-02-01-02-13_r00.mp4,5457041,0.215727,1,
write,write,,,video_small,polyglot,0,01-01-02-02-01-02-13_r00.mp4,5457041,0.044787,1,
write,write,,,video_small,polyglot,0,01-01-02-02-01-02-17_r00.mp4,5457041,0.043996,1,
write,write,,,video_small,pg_bytea,0,01-01-02-02-01-02-17_r00.mp4,5457041,0.202025,1,
write,write,,,video_small,mongo_gridfs,0,01-01-02-02-01-02-17_r00.mp4,5457041,0.045578,1,
write,write,,,video_small,pg_bytea,0,01-01-02-02-02-02-18_r00.mp4,5457041,0.156674,1,
write,write,,,video_small,polyglot,0,01-01-02-02-02-02-18_r00.mp4,5457041,0.048880,1,
write,write,,,video_small,mongo_gridfs,0,01-01-02-02-02-02-18_r00.mp4,5457041,0.050922,1,
write,write,,,video_small,pg_bytea,0,01-01-02-02-02-02-19_r00.mp4,5457041,0.218025,1,
write,write,,,video_small,polyglot,0,01-01-02-02-02-02-19_r00.mp4,5457041,0.045921,1,
write,write,,,video_small,mongo_gridfs,0,01-01-02-02-02-02-19_r00.mp4,5457041,0.045461,1,
write,write,,,video_small,mongo_gridfs,0,01-01-02-02-02-02-21_r00.mp4,5498397,0.046650,1,
write,write,,,video_small,polyglot,0,01-01-02-02-02-02-21_r00.mp4,5498397,0.057514,1,
write,write,,,video_small,pg_bytea,0,01-01-02-02-02-02-21_r00.mp4,5498397,0.189045,1,
write,write,,,video_small,pg_bytea,0,01-01-02-02-02-02-22_r00.mp4,5457041,0.195052,1,
write,write,,,video_small,mongo_gridfs,0,01-01-02-02-02-02-22_r00.mp4,5457041,0.052464,1,
write,write,,,video_small,polyglot,0,01-01-02-02-02-02-22_r00.mp4,5457041,0.077105,1,
write,write,,,video_small,mongo_gridfs,0,01-01-02-02-02-02-23_r00.mp4,5457041,0.057174,1,
write,write,,,video_small,polyglot,0,01-01-02-02-02-02-23_r00.mp4,5457041,0.058738,1,
write,write,,,video_small,pg_bytea,0,01-01-02-02-02-02-23_r00.mp4,5457041,0.163216,1,
write,write,,,video_small,mongo_gridfs,0,01-01-03-01-01-01-12_r00.mp4,5457041,0.047063,1,
write,write,,,video_small,pg_bytea,0,01-01-03-01-01-01-12_r00.mp4,5457041,0.144602,1,
write,write,,,video_small,polyglot,0,01-01-03-01-01-01-12_r00.mp4,5457041,0.044056,1,
write,write,,,video_small,pg_bytea,0,01-01-03-01-01-01-15_r00.mp4,5457041,0.221279,1,
write,write,,,video_small,polyglot,0,01-01-03-01-01-01-15_r00.mp4,5457041,0.045033,1,
write,write,,,video_small,mongo_gridfs,0,01-01-03-01-01-01-15_r00.mp4,5457041,0.042445,1,
write,write,,,video_small,polyglot,0,01-01-03-01-02-01-08_r00.mp4,5498397,0.048752,1,
write,write,,,video_small,mongo_gridfs,0,01-01-03-01-02-01-08_r00.mp4,5498397,0.144901,1,
write,write,,,video_small,pg_bytea,0,01-01-03-01-02-01-08_r00.mp4,5498397,0.188092,1,
write,write,,,video_small,mongo_gridfs,0,01-01-03-01-02-01-21_r00.mp4,5498397,0.057278,1,
write,write,,,video_small,polyglot,0,01-01-03-01-02-01-21_r00.mp4,5498397,0.059330,1,
write,write,,,video_small,pg_bytea,0,01-01-03-01-02-01-21_r00.mp4,5498397,0.191210,1,
write,write,,,video_small,pg_bytea,0,01-01-03-02-01-01-21_r00.mp4,5457041,0.233590,1,
write,write,,,video_small,mongo_gridfs,0,01-01-03-02-01-01-21_r00.mp4,5457041,0.049731,1,
write,write,,,video_small,polyglot,0,01-01-03-02-01-01-21_r00.mp4,5457041,0.068234,1,
write,write,,,video_small,polyglot,0,01-01-03-02-01-01-24_r00.mp4,5457041,0.076319,1,
write,write,,,video_small,mongo_gridfs,0,01-01-03-02-01-01-24_r00.mp4,5457041,0.065009,1,
write,write,,,video_small,pg_bytea,0,01-01-03-02-01-01-24_r00.mp4,5457041,0.189869,1,
write,write,,,video_small,mongo_gridfs,0,01-01-03-02-01-02-01_r00.mp4,5457041,0.045149,1,
write,write,,,video_small,pg_bytea,0,01-01-03-02-01-02-01_r00.mp4,5457041,0.423308,1,
write,write,,,video_small,polyglot,0,01-01-03-02-01-02-01_r00.mp4,5457041,0.137606,1,
write,write,,,video_small,mongo_gridfs,0,01-01-03-02-01-02-15_r00.mp4,5457041,0.106266,1,
write,write,,,video_small,polyglot,0,01-01-03-02-01-02-15_r00.mp4,5457041,0.158122,1,
write,write,,,video_small,pg_bytea,0,01-01-03-02-01-02-15_r00.mp4,5457041,1.912269,1,
write,write,,,video_small,mongo_gridfs,0,01-01-03-02-02-01-05_r00.mp4,5457041,0.087429,1,
write,write,,,video_small,pg_bytea,0,01-01-03-02-02-01-05_r00.mp4,5457041,0.267793,1,
write,write,,,video_small,polyglot,0,01-01-03-02-02-01-05_r00.mp4,5457041,0.065037,1,
write,write,,,video_small,pg_bytea,0,01-01-03-02-02-01-12_r00.mp4,5457041,0.193663,1,
write,write,,,video_small,mongo_gridfs,0,01-01-03-02-02-01-12_r00.mp4,5457041,0.046071,1,
write,write,,,video_small,polyglot,0,01-01-03-02-02-01-12_r00.mp4,5457041,0.063495,1,
write,write,,,video_small,mongo_gridfs,0,01-01-03-02-02-01-15_r00.mp4,5498397,0.081536,1,
write,write,,,video_small,polyglot,0,01-01-03-02-02-01-15_r00.mp4,5498397,0.079950,1,
write,write,,,video_small,pg_bytea,0,01-01-03-02-02-01-15_r00.mp4,5498397,0.313910,1,
write,write,,,video_small,mongo_gridfs,0,01-01-04-01-01-01-03_r00.mp4,5457041,0.069595,1,
write,write,,,video_small,polyglot,0,01-01-04-01-01-01-03_r00.mp4,5457041,0.070464,1,
write,write,,,video_small,pg_bytea,0,01-01-04-01-01-01-03_r00.mp4,5457041,0.263072,1,
write,write,,,video_small,pg_bytea,0,01-01-04-01-01-01-05_r00.mp4,5498397,0.175349,1,
write,write,,,video_small,polyglot,0,01-01-04-01-01-01-05_r00.mp4,5498397,0.147581,1,
write,write,,,video_small,mongo_gridfs,0,01-01-04-01-01-01-05_r00.mp4,5498397,0.090976,1,
write,write,,,video_small,mongo_gridfs,0,01-01-04-01-01-01-10_r00.mp4,5457041,0.078415,1,
write,write,,,video_small,pg_bytea,0,01-01-04-01-01-01-10_r00.mp4,5457041,0.624975,1,
write,write,,,video_small,polyglot,0,01-01-04-01-01-01-10_r00.mp4,5457041,0.067573,1,
write,write,,,video_small,mongo_gridfs,0,01-01-04-01-01-01-16_r00.mp4,5457041,0.062399,1,
write,write,,,video_small,polyglot,0,01-01-04-01-01-01-16_r00.mp4,5457041,0.074035,1,
write,write,,,video_small,pg_bytea,0,01-01-04-01-01-01-16_r00.mp4,5457041,0.712010,1,
write,write,,,video_small,polyglot,0,01-01-04-01-02-01-19_r00.mp4,5498397,0.138331,1,
write,write,,,video_small,mongo_gridfs,0,01-01-04-01-02-01-19_r00.mp4,5498397,0.065988,1,
write,write,,,video_small,pg_bytea,0,01-01-04-01-02-01-19_r00.mp4,5498397,0.381360,1,
write,write,,,video_small,pg_bytea,0,01-01-04-01-02-01-21_r00.mp4,5498397,0.256963,1,
write,write,,,video_small,polyglot,0,01-01-04-01-02-01-21_r00.mp4,5498397,0.051913,1,
write,write,,,video_small,mongo_gridfs,0,01-01-04-01-02-01-21_r00.mp4,5498397,0.074393,1,
write,write,,,video_small,polyglot,0,01-01-04-01-02-01-22_r00.mp4,5498397,0.080944,1,
write,write,,,video_small,mongo_gridfs,0,01-01-04-01-02-01-22_r00.mp4,5498397,0.076558,1,
write,write,,,video_small,pg_bytea,0,01-01-04-01-02-01-22_r00.mp4,5498397,0.218080,1,
write,write,,,video_small,pg_bytea,0,01-01-04-02-01-01-18_r00.mp4,5498397,0.223257,1,
write,write,,,video_small,mongo_gridfs,0,01-01-04-02-01-01-18_r00.mp4,5498397,0.104267,1,
write,write,,,video_small,polyglot,0,01-01-04-02-01-01-18_r00.mp4,5498397,0.069031,1,
write,write,,,video_small,polyglot,0,01-01-04-02-01-01-19_r00.mp4,5457041,0.071798,1,
write,write,,,video_small,mongo_gridfs,0,01-01-04-02-01-01-19_r00.mp4,5457041,0.075135,1,
write,write,,,video_small,pg_bytea,0,01-01-04-02-01-01-19_r00.mp4,5457041,0.198052,1,
write,write,,,video_small,pg_bytea,0,01-01-04-02-02-01-02_r00.mp4,5498397,0.157195,1,
write,write,,,video_small,polyglot,0,01-01-04-02-02-01-02_r00.mp4,5498397,0.061211,1,
write,write,,,video_small,mongo_gridfs,0,01-01-04-02-02-01-02_r00.mp4,5498397,0.046214,1,
write,write,,,video_small,mongo_gridfs,0,01-01-04-02-02-01-05_r00.mp4,5498397,0.053454,1,
write,write,,,video_small,polyglot,0,01-01-04-02-02-01-05_r00.mp4,5498397,0.248766,1,
write,write,,,video_small,pg_bytea,0,01-01-04-02-02-01-05_r00.mp4,5498397,0.640026,1,
write,write,,,video_small,mongo_gridfs,0,01-01-04-02-02-01-06_r00.mp4,5498397,0.082951,1,
write,write,,,video_small,pg_bytea,0,01-01-04-02-02-01-06_r00.mp4,5498397,0.284379,1,
write,write,,,video_small,polyglot,0,01-01-04-02-02-01-06_r00.mp4,5498397,0.062526,1,
write,write,,,video_small,mongo_gridfs,0,01-01-04-02-02-01-13_r00.mp4,5498397,0.041764,1,
write,write,,,video_small,pg_bytea,0,01-01-04-02-02-01-13_r00.mp4,5498397,0.212688,1,
write,write,,,video_small,polyglot,0,01-01-04-02-02-01-13_r00.mp4,5498397,0.065881,1,
write,write,,,video_small,polyglot,0,01-01-04-02-02-01-17_r00.mp4,5498397,0.041627,1,
write,write,,,video_small,pg_bytea,0,01-01-04-02-02-01-17_r00.mp4,5498397,0.300029,1,
write,write,,,video_small,mongo_gridfs,0,01-01-04-02-02-01-17_r00.mp4,5498397,0.067580,1,
write,write,,,video_small,mongo_gridfs,0,01-01-04-02-02-02-19_r00.mp4,5498397,0.065029,1,
write,write,,,video_small,pg_bytea,0,01-01-04-02-02-02-19_r00.mp4,5498397,0.171591,1,
write,write,,,video_small,polyglot,0,01-01-04-02-02-02-19_r00.mp4,5498397,0.062648,1,
write,write,,,video_small,polyglot,0,01-01-05-01-01-02-09_r00.mp4,5457041,0.049613,1,
write,write,,,video_small,pg_bytea,0,01-01-05-01-01-02-09_r00.mp4,5457041,0.180028,1,
write,write,,,video_small,mongo_gridfs,0,01-01-05-01-01-02-09_r00.mp4,5457041,0.047764,1,
write,write,,,video_small,pg_bytea,0,01-01-05-01-01-02-19_r00.mp4,5498397,0.211749,1,
write,write,,,video_small,mongo_gridfs,0,01-01-05-01-01-02-19_r00.mp4,5498397,0.219295,1,
write,write,,,video_small,polyglot,0,01-01-05-01-01-02-19_r00.mp4,5498397,0.104863,1,
write,write,,,video_small,pg_bytea,0,01-01-05-01-01-02-21_r00.mp4,5457041,0.243606,1,
write,write,,,video_small,mongo_gridfs,0,01-01-05-01-01-02-21_r00.mp4,5457041,0.069841,1,
write,write,,,video_small,polyglot,0,01-01-05-01-01-02-21_r00.mp4,5457041,0.054568,1,
write,write,,,video_small,pg_bytea,0,01-01-05-01-02-01-19_r00.mp4,5457041,0.194682,1,
write,write,,,video_small,polyglot,0,01-01-05-01-02-01-19_r00.mp4,5457041,0.052285,1,
write,write,,,video_small,mongo_gridfs,0,01-01-05-01-02-01-19_r00.mp4,5457041,0.043788,1,
write,write,,,video_small,mongo_gridfs,0,01-01-05-01-02-02-04_r00.mp4,5457041,0.050015,1,
write,write,,,video_small,polyglot,0,01-01-05-01-02-02-04_r00.mp4,5457041,0.092844,1,
write,write,,,video_small,pg_bytea,0,01-01-05-01-02-02-04_r00.mp4,5457041,0.225726,1,
write,write,,,video_small,pg_bytea,0,01-01-05-01-02-02-05_r00.mp4,5498397,0.249003,1,
write,write,,,video_small,mongo_gridfs,0,01-01-05-01-02-02-05_r00.mp4,5498397,0.052939,1,
write,write,,,video_small,polyglot,0,01-01-05-01-02-02-05_r00.mp4,5498397,0.053175,1,
write,write,,,video_small,mongo_gridfs,0,01-01-05-02-01-02-04_r00.mp4,5457041,0.064441,1,
write,write,,,video_small,pg_bytea,0,01-01-05-02-01-02-04_r00.mp4,5457041,0.164645,1,
write,write,,,video_small,polyglot,0,01-01-05-02-01-02-04_r00.mp4,5457041,0.050771,1,
write,write,,,video_small,mongo_gridfs,0,01-01-05-02-01-02-12_r00.mp4,5457041,0.053726,1,
write,write,,,video_small,polyglot,0,01-01-05-02-01-02-12_r00.mp4,5457041,0.060111,1,
write,write,,,video_small,pg_bytea,0,01-01-05-02-01-02-12_r00.mp4,5457041,0.239889,1,
write,write,,,video_small,mongo_gridfs,0,01-01-05-02-01-02-14_r00.mp4,5457041,0.050631,1,
write,write,,,video_small,polyglot,0,01-01-05-02-01-02-14_r00.mp4,5457041,0.054323,1,
write,write,,,video_small,pg_bytea,0,01-01-05-02-01-02-14_r00.mp4,5457041,0.171673,1,
write,write,,,video_small,mongo_gridfs,0,01-01-05-02-02-02-19_r00.mp4,5498397,0.055367,1,
write,write,,,video_small,polyglot,0,01-01-05-02-02-02-19_r00.mp4,5498397,0.045274,1,
write,write,,,video_small,pg_bytea,0,01-01-05-02-02-02-19_r00.mp4,5498397,0.150330,1,
write,write,,,video_small,pg_bytea,0,01-01-05-02-02-02-20_r00.mp4,5498397,0.241622,1,
write,write,,,video_small,polyglot,0,01-01-05-02-02-02-20_r00.mp4,5498397,0.055302,1,
write,write,,,video_small,mongo_gridfs,0,01-01-05-02-02-02-20_r00.mp4,5498397,0.051505,1,
write,write,,,video_small,mongo_gridfs,0,01-01-05-02-02-02-23_r00.mp4,5457041,0.050608,1,
write,write,,,video_small,polyglot,0,01-01-05-02-02-02-23_r00.mp4,5457041,0.061664,1,
write,write,,,video_small,pg_bytea,0,01-01-05-02-02-02-23_r00.mp4,5457041,0.180216,1,
write,write,,,video_small,mongo_gridfs,0,01-01-06-01-01-01-08_r00.mp4,5457041,0.045490,1,
write,write,,,video_small,pg_bytea,0,01-01-06-01-01-01-08_r00.mp4,5457041,0.163783,1,
write,write,,,video_small,polyglot,0,01-01-06-01-01-01-08_r00.mp4,5457041,0.045338,1,
write,write,,,video_small,pg_bytea,0,01-01-06-01-01-01-19_r00.mp4,5457041,0.192510,1,
write,write,,,video_small,polyglot,0,01-01-06-01-01-01-19_r00.mp4,5457041,0.048466,1,
write,write,,,video_small,mongo_gridfs,0,01-01-06-01-01-01-19_r00.mp4,5457041,0.051609,1,
write,write,,,video_small,polyglot,0,01-01-06-01-01-01-24_r00.mp4,5498397,0.048404,1,
write,write,,,video_small,pg_bytea,0,01-01-06-01-01-01-24_r00.mp4,5498397,0.154616,1,
write,write,,,video_small,mongo_gridfs,0,01-01-06-01-01-01-24_r00.mp4,5498397,0.049594,1,
write,write,,,video_medium,polyglot,0,tsinghua_v_0024_r00.mp4,13091522,0.153746,1,
write,write,,,video_medium,mongo_gridfs,0,tsinghua_v_0024_r00.mp4,13091522,0.096759,1,
write,write,,,video_medium,pg_bytea,0,tsinghua_v_0024_r00.mp4,13091522,1.039853,1,
write,write,,,video_medium,pg_bytea,0,tsinghua_v_0046_r00.mp4,13091522,0.419574,1,
write,write,,,video_medium,mongo_gridfs,0,tsinghua_v_0046_r00.mp4,13091522,0.123540,1,
write,write,,,video_medium,polyglot,0,tsinghua_v_0046_r00.mp4,13091522,0.114584,1,
write,write,,,video_medium,polyglot,0,tsinghua_v_0076_r00.mp4,13091522,0.135233,1,
write,write,,,video_medium,mongo_gridfs,0,tsinghua_v_0076_r00.mp4,13091522,0.118705,1,
write,write,,,video_medium,pg_bytea,0,tsinghua_v_0076_r00.mp4,13091522,0.454996,1,
write,write,,,video_medium,pg_bytea,0,tsinghua_v_0080_r00.mp4,13091522,0.488509,1,
write,write,,,video_medium,polyglot,0,tsinghua_v_0080_r00.mp4,13091522,0.125367,1,
write,write,,,video_medium,mongo_gridfs,0,tsinghua_v_0080_r00.mp4,13091522,0.128048,1,
write,write,,,video_medium,pg_bytea,0,tsinghua_v_0109_r00.mp4,13091522,0.388038,1,
write,write,,,video_medium,mongo_gridfs,0,tsinghua_v_0109_r00.mp4,13091522,0.145506,1,
write,write,,,video_medium,polyglot,0,tsinghua_v_0109_r00.mp4,13091522,0.211193,1,
write,write,,,video_medium,polyglot,0,tsinghua_v_0123_r00.mp4,13091522,0.110541,1,
write,write,,,video_medium,pg_bytea,0,tsinghua_v_0123_r00.mp4,13091522,0.513672,1,
write,write,,,video_medium,mongo_gridfs,0,tsinghua_v_0123_r00.mp4,13091522,0.151647,1,
write,write,,,video_medium,polyglot,0,tsinghua_v_0130_r00.mp4,13091522,0.212826,1,
write,write,,,video_medium,mongo_gridfs,0,tsinghua_v_0130_r00.mp4,13091522,0.145296,1,
write,write,,,video_medium,pg_bytea,0,tsinghua_v_0130_r00.mp4,13091522,0.557888,1,
write,write,,,video_medium,polyglot,0,tsinghua_v_0135_r00.mp4,13091522,0.136054,1,
write,write,,,video_medium,pg_bytea,0,tsinghua_v_0135_r00.mp4,13091522,0.532320,1,
write,write,,,video_medium,mongo_gridfs,0,tsinghua_v_0135_r00.mp4,13091522,0.112290,1,
write,write,,,video_medium,mongo_gridfs,0,tsinghua_v_0137_r00.mp4,13091522,0.295397,1,
write,write,,,video_medium,polyglot,0,tsinghua_v_0137_r00.mp4,13091522,0.121936,1,
write,write,,,video_medium,pg_bytea,0,tsinghua_v_0137_r00.mp4,13091522,0.429966,1,
write,write,,,video_medium,pg_bytea,0,tsinghua_v_0140_r00.mp4,13091522,0.364164,1,
write,write,,,video_medium,mongo_gridfs,0,tsinghua_v_0140_r00.mp4,13091522,0.119338,1,
write,write,,,video_medium,polyglot,0,tsinghua_v_0140_r00.mp4,13091522,0.113970,1,
write,write,,,video_medium,polyglot,0,tsinghua_v_0151_r00.mp4,13091522,0.106985,1,
write,write,,,video_medium,pg_bytea,0,tsinghua_v_0151_r00.mp4,13091522,0.347384,1,
write,write,,,video_medium,mongo_gridfs,0,tsinghua_v_0151_r00.mp4,13091522,0.264523,1,
write,write,,,video_medium,pg_bytea,0,tsinghua_v_0157_r00.mp4,13091522,0.437158,1,
write,write,,,video_medium,polyglot,0,tsinghua_v_0157_r00.mp4,13091522,0.140450,1,
write,write,,,video_medium,mongo_gridfs,0,tsinghua_v_0157_r00.mp4,13091522,0.118558,1,
write,write,,,video_medium,polyglot,0,tsinghua_v_0209_r00.mp4,13091522,0.163756,1,
write,write,,,video_medium,pg_bytea,0,tsinghua_v_0209_r00.mp4,13091522,0.741661,1,
write,write,,,video_medium,mongo_gridfs,0,tsinghua_v_0209_r00.mp4,13091522,0.260712,1,
write,write,,,video_medium,pg_bytea,0,tsinghua_v_0226_r00.mp4,13091522,0.421166,1,
write,write,,,video_medium,mongo_gridfs,0,tsinghua_v_0226_r00.mp4,13091522,0.103564,1,
write,write,,,video_medium,polyglot,0,tsinghua_v_0226_r00.mp4,13091522,0.103889,1,
write,write,,,video_medium,polyglot,0,tsinghua_v_0236_r00.mp4,13091522,0.237665,1,
write,write,,,video_medium,mongo_gridfs,0,tsinghua_v_0236_r00.mp4,13091522,0.149900,1,
write,write,,,video_medium,pg_bytea,0,tsinghua_v_0236_r00.mp4,13091522,0.433344,1,
write,write,,,video_medium,mongo_gridfs,0,tsinghua_v_0274_r00.mp4,13091522,0.092852,1,
write,write,,,video_medium,polyglot,0,tsinghua_v_0274_r00.mp4,13091522,0.103468,1,
write,write,,,video_medium,pg_bytea,0,tsinghua_v_0274_r00.mp4,13091522,0.395272,1,
write,write,,,video_medium,mongo_gridfs,0,tsinghua_v_0280_r00.mp4,13091522,0.150089,1,
write,write,,,video_medium,polyglot,0,tsinghua_v_0280_r00.mp4,13091522,0.189711,1,
write,write,,,video_medium,pg_bytea,0,tsinghua_v_0280_r00.mp4,13091522,0.936638,1,
write,write,,,video_medium,pg_bytea,0,tsinghua_v_0302_r00.mp4,13091522,0.586735,1,
write,write,,,video_medium,mongo_gridfs,0,tsinghua_v_0302_r00.mp4,13091522,0.175825,1,
write,write,,,video_medium,polyglot,0,tsinghua_v_0302_r00.mp4,13091522,0.193525,1,
write,write,,,video_medium,pg_bytea,0,tsinghua_v_0311_r00.mp4,13091522,0.491148,1,
write,write,,,video_medium,mongo_gridfs,0,tsinghua_v_0311_r00.mp4,13091522,0.156981,1,
write,write,,,video_medium,polyglot,0,tsinghua_v_0311_r00.mp4,13091522,0.320177,1,
write,write,,,video_medium,mongo_gridfs,0,tsinghua_v_0316_r00.mp4,13091522,0.107910,1,
write,write,,,video_medium,polyglot,0,tsinghua_v_0316_r00.mp4,13091522,0.201423,1,
write,write,,,video_medium,pg_bytea,0,tsinghua_v_0316_r00.mp4,13091522,0.573678,1,
write,write,,,video_medium,pg_bytea,0,tsinghua_v_0319_r00.mp4,13091522,0.547663,1,
write,write,,,video_medium,mongo_gridfs,0,tsinghua_v_0319_r00.mp4,13091522,0.115750,1,
write,write,,,video_medium,polyglot,0,tsinghua_v_0319_r00.mp4,13091522,0.190903,1,
write,write,,,video_medium,mongo_gridfs,0,tsinghua_v_0321_r00.mp4,13091522,0.099885,1,
write,write,,,video_medium,polyglot,0,tsinghua_v_0321_r00.mp4,13091522,0.370839,1,
write,write,,,video_medium,pg_bytea,0,tsinghua_v_0321_r00.mp4,13091522,0.478512,1,
write,write,,,video_medium,mongo_gridfs,0,tsinghua_v_0331_r00.mp4,13091522,0.121615,1,
write,write,,,video_medium,pg_bytea,0,tsinghua_v_0331_r00.mp4,13091522,0.381850,1,
write,write,,,video_medium,polyglot,0,tsinghua_v_0331_r00.mp4,13091522,0.113743,1,
write,write,,,video_medium,pg_bytea,0,tsinghua_v_0345_r00.mp4,13091522,0.410064,1,
write,write,,,video_medium,polyglot,0,tsinghua_v_0345_r00.mp4,13091522,0.106154,1,
write,write,,,video_medium,mongo_gridfs,0,tsinghua_v_0345_r00.mp4,13091522,0.165506,1,
write,write,,,video_medium,polyglot,0,tsinghua_v_0356_r00.mp4,13091522,0.100855,1,
write,write,,,video_medium,mongo_gridfs,0,tsinghua_v_0356_r00.mp4,13091522,0.119655,1,
write,write,,,video_medium,pg_bytea,0,tsinghua_v_0356_r00.mp4,13091522,0.439308,1,
write,write,,,video_medium,pg_bytea,0,tsinghua_v_0357_r00.mp4,13091522,0.457883,1,
write,write,,,video_medium,mongo_gridfs,0,tsinghua_v_0357_r00.mp4,13091522,0.133462,1,
write,write,,,video_medium,polyglot,0,tsinghua_v_0357_r00.mp4,13091522,0.112139,1,
write,write,,,video_medium,pg_bytea,0,tsinghua_v_0379_r00.mp4,13091522,0.575503,1,
write,write,,,video_medium,mongo_gridfs,0,tsinghua_v_0379_r00.mp4,13091522,0.134018,1,
write,write,,,video_medium,polyglot,0,tsinghua_v_0379_r00.mp4,13091522,0.113729,1,
write,write,,,video_medium,mongo_gridfs,0,tsinghua_v_0393_r00.mp4,13091522,0.114595,1,
write,write,,,video_medium,polyglot,0,tsinghua_v_0393_r00.mp4,13091522,0.110438,1,
write,write,,,video_medium,pg_bytea,0,tsinghua_v_0393_r00.mp4,13091522,0.469143,1,
write,write,,,video_medium,polyglot,0,tsinghua_v_0421_r00.mp4,13091522,0.100955,1,
write,write,,,video_medium,pg_bytea,0,tsinghua_v_0421_r00.mp4,13091522,0.414015,1,
write,write,,,video_medium,mongo_gridfs,0,tsinghua_v_0421_r00.mp4,13091522,0.144662,1,
write,write,,,video_medium,mongo_gridfs,0,tsinghua_v_0424_r00.mp4,13091522,0.120785,1,
write,write,,,video_medium,polyglot,0,tsinghua_v_0424_r00.mp4,13091522,0.133927,1,
write,write,,,video_medium,pg_bytea,0,tsinghua_v_0424_r00.mp4,13091522,0.470159,1,
write,write,,,video_medium,polyglot,0,tsinghua_v_0427_r00.mp4,13091522,0.301395,1,
write,write,,,video_medium,pg_bytea,0,tsinghua_v_0427_r00.mp4,13091522,0.519551,1,
write,write,,,video_medium,mongo_gridfs,0,tsinghua_v_0427_r00.mp4,13091522,0.114249,1,
write,write,,,video_medium,pg_bytea,0,tsinghua_v_0431_r00.mp4,13091522,0.508699,1,
write,write,,,video_medium,mongo_gridfs,0,tsinghua_v_0431_r00.mp4,13091522,0.130168,1,
write,write,,,video_medium,polyglot,0,tsinghua_v_0431_r00.mp4,13091522,0.099486,1,
write,write,,,video_medium,pg_bytea,0,tsinghua_v_0452_r00.mp4,13091522,0.731739,1,
write,write,,,video_medium,mongo_gridfs,0,tsinghua_v_0452_r00.mp4,13091522,0.118204,1,
write,write,,,video_medium,polyglot,0,tsinghua_v_0452_r00.mp4,13091522,0.180976,1,
write,write,,,video_medium,mongo_gridfs,0,tsinghua_v_0454_r00.mp4,13091522,0.120423,1,
write,write,,,video_medium,pg_bytea,0,tsinghua_v_0454_r00.mp4,13091522,0.566587,1,
write,write,,,video_medium,polyglot,0,tsinghua_v_0454_r00.mp4,13091522,0.097415,1,
write,write,,,video_medium,polyglot,0,tsinghua_v_0457_r00.mp4,13091522,0.110078,1,
write,write,,,video_medium,mongo_gridfs,0,tsinghua_v_0457_r00.mp4,13091522,0.115989,1,
write,write,,,video_medium,pg_bytea,0,tsinghua_v_0457_r00.mp4,13091522,0.449868,1,
write,write,,,video_medium,pg_bytea,0,tsinghua_v_0466_r00.mp4,13091522,0.352861,1,
write,write,,,video_medium,polyglot,0,tsinghua_v_0466_r00.mp4,13091522,0.103555,1,
write,write,,,video_medium,mongo_gridfs,0,tsinghua_v_0466_r00.mp4,13091522,0.160397,1,
write,write,,,video_medium,pg_bytea,0,tsinghua_v_0471_r00.mp4,13091522,0.377237,1,
write,write,,,video_medium,mongo_gridfs,0,tsinghua_v_0471_r00.mp4,13091522,0.107279,1,
write,write,,,video_medium,polyglot,0,tsinghua_v_0471_r00.mp4,13091522,0.130342,1,
write,write,,,video_medium,pg_bytea,0,tsinghua_v_0472_r00.mp4,13091522,0.356453,1,
write,write,,,video_medium,polyglot,0,tsinghua_v_0472_r00.mp4,13091522,0.176158,1,
write,write,,,video_medium,mongo_gridfs,0,tsinghua_v_0472_r00.mp4,13091522,0.100237,1,
write,write,,,video_medium,polyglot,0,tsinghua_v_0494_r00.mp4,13091522,0.144318,1,
write,write,,,video_medium,mongo_gridfs,0,tsinghua_v_0494_r00.mp4,13091522,0.103281,1,
write,write,,,video_medium,pg_bytea,0,tsinghua_v_0494_r00.mp4,13091522,0.346360,1,
write,write,,,video_medium,polyglot,0,tsinghua_v_0503_r00.mp4,13091522,0.103033,1,
write,write,,,video_medium,mongo_gridfs,0,tsinghua_v_0503_r00.mp4,13091522,0.114488,1,
write,write,,,video_medium,pg_bytea,0,tsinghua_v_0503_r00.mp4,13091522,0.437067,1,
write,write,,,video_medium,mongo_gridfs,0,tsinghua_v_0509_r00.mp4,13091522,0.105773,1,
write,write,,,video_medium,pg_bytea,0,tsinghua_v_0509_r00.mp4,13091522,0.417758,1,
write,write,,,video_medium,polyglot,0,tsinghua_v_0509_r00.mp4,13091522,0.104734,1,
write,write,,,video_medium,polyglot,0,tsinghua_v_0523_r00.mp4,13091522,0.128114,1,
write,write,,,video_medium,mongo_gridfs,0,tsinghua_v_0523_r00.mp4,13091522,0.129925,1,
write,write,,,video_medium,pg_bytea,0,tsinghua_v_0523_r00.mp4,13091522,0.696888,1,
write,write,,,video_medium,mongo_gridfs,0,tsinghua_v_0546_r00.mp4,13091522,0.108395,1,
write,write,,,video_medium,pg_bytea,0,tsinghua_v_0546_r00.mp4,13091522,0.363628,1,
write,write,,,video_medium,polyglot,0,tsinghua_v_0546_r00.mp4,13091522,0.100549,1,
write,write,,,video_medium,mongo_gridfs,0,tsinghua_v_0568_r00.mp4,13091522,0.127014,1,
write,write,,,video_medium,pg_bytea,0,tsinghua_v_0568_r00.mp4,13091522,0.409430,1,
write,write,,,video_medium,polyglot,0,tsinghua_v_0568_r00.mp4,13091522,0.106812,1,
write,write,,,video_medium,polyglot,0,tsinghua_v_0594_r00.mp4,13091522,0.218953,1,
write,write,,,video_medium,pg_bytea,0,tsinghua_v_0594_r00.mp4,13091522,0.370426,1,
write,write,,,video_medium,mongo_gridfs,0,tsinghua_v_0594_r00.mp4,13091522,0.102105,1,
write,write,,,video_medium,mongo_gridfs,0,tsinghua_v_0596_r00.mp4,13091522,0.137683,1,
write,write,,,video_medium,polyglot,0,tsinghua_v_0596_r00.mp4,13091522,0.103183,1,
write,write,,,video_medium,pg_bytea,0,tsinghua_v_0596_r00.mp4,13091522,0.371842,1,
write,write,,,video_medium,pg_bytea,0,tsinghua_v_0635_r00.mp4,13091522,0.344813,1,
write,write,,,video_medium,mongo_gridfs,0,tsinghua_v_0635_r00.mp4,13091522,0.118225,1,
write,write,,,video_medium,polyglot,0,tsinghua_v_0635_r00.mp4,13091522,0.101366,1,
write,write,,,video_medium,pg_bytea,0,tsinghua_v_0653_r00.mp4,13091522,0.376734,1,
write,write,,,video_medium,mongo_gridfs,0,tsinghua_v_0653_r00.mp4,13091522,0.105336,1,
write,write,,,video_medium,polyglot,0,tsinghua_v_0653_r00.mp4,13091522,0.102069,1,
write,write,,,video_medium,mongo_gridfs,0,tsinghua_v_0667_r00.mp4,13091522,0.185198,1,
write,write,,,video_medium,pg_bytea,0,tsinghua_v_0667_r00.mp4,13091522,1.070288,1,
write,write,,,video_medium,polyglot,0,tsinghua_v_0667_r00.mp4,13091522,0.116454,1,
write,write,,,video_medium,polyglot,0,tsinghua_v_0673_r00.mp4,13091522,0.111269,1,
write,write,,,video_medium,mongo_gridfs,0,tsinghua_v_0673_r00.mp4,13091522,0.107513,1,
write,write,,,video_medium,pg_bytea,0,tsinghua_v_0673_r00.mp4,13091522,0.498421,1,
write,write,,,video_medium,mongo_gridfs,0,tsinghua_v_0681_r00.mp4,13091522,0.106113,1,
write,write,,,video_medium,pg_bytea,0,tsinghua_v_0681_r00.mp4,13091522,0.366338,1,
write,write,,,video_medium,polyglot,0,tsinghua_v_0681_r00.mp4,13091522,0.108090,1,
write,write,,,video_medium,pg_bytea,0,tsinghua_v_0690_r00.mp4,13091522,0.340277,1,
write,write,,,video_medium,mongo_gridfs,0,tsinghua_v_0690_r00.mp4,13091522,0.100221,1,
write,write,,,video_medium,polyglot,0,tsinghua_v_0690_r00.mp4,13091522,0.095852,1,
write,write,,,video_medium,pg_bytea,0,tsinghua_v_0692_r00.mp4,13091522,0.358008,1,
write,write,,,video_medium,polyglot,0,tsinghua_v_0692_r00.mp4,13091522,0.101299,1,
write,write,,,video_medium,mongo_gridfs,0,tsinghua_v_0692_r00.mp4,13091522,0.120919,1,
write,write,,,video_medium,polyglot,0,tsinghua_v_0696_r00.mp4,13091522,0.115698,1,
write,write,,,video_medium,pg_bytea,0,tsinghua_v_0696_r00.mp4,13091522,0.350584,1,
write,write,,,video_medium,mongo_gridfs,0,tsinghua_v_0696_r00.mp4,13091522,0.106694,1,
write,write,,,video_medium,polyglot,0,tsinghua_v_0734_r00.mp4,13091522,0.127864,1,
write,write,,,video_medium,pg_bytea,0,tsinghua_v_0734_r00.mp4,13091522,0.447058,1,
write,write,,,video_medium,mongo_gridfs,0,tsinghua_v_0734_r00.mp4,13091522,0.098684,1,
write,write,,,video_medium,pg_bytea,0,tsinghua_v_0737_r00.mp4,13091522,0.374157,1,
write,write,,,video_medium,mongo_gridfs,0,tsinghua_v_0737_r00.mp4,13091522,0.107892,1,
write,write,,,video_medium,polyglot,0,tsinghua_v_0737_r00.mp4,13091522,0.116296,1,
write,write,,,video_medium,polyglot,0,tsinghua_v_0744_r00.mp4,13091522,0.107401,1,
write,write,,,video_medium,mongo_gridfs,0,tsinghua_v_0744_r00.mp4,13091522,0.154355,1,
write,write,,,video_medium,pg_bytea,0,tsinghua_v_0744_r00.mp4,13091522,0.779412,1,
write,write,,,video_medium,polyglot,0,tsinghua_v_0745_r00.mp4,13091522,0.135117,1,
write,write,,,video_medium,mongo_gridfs,0,tsinghua_v_0745_r00.mp4,13091522,0.102340,1,
write,write,,,video_medium,pg_bytea,0,tsinghua_v_0745_r00.mp4,13091522,0.412640,1,
write,write,,,video_medium,pg_bytea,0,tsinghua_v_0769_r00.mp4,13091522,0.349208,1,
write,write,,,video_medium,mongo_gridfs,0,tsinghua_v_0769_r00.mp4,13091522,0.106783,1,
write,write,,,video_medium,polyglot,0,tsinghua_v_0769_r00.mp4,13091522,0.102197,1,
write,write,,,video_medium,mongo_gridfs,0,tsinghua_v_0791_r00.mp4,13091522,0.107646,1,
write,write,,,video_medium,polyglot,0,tsinghua_v_0791_r00.mp4,13091522,0.122555,1,
write,write,,,video_medium,pg_bytea,0,tsinghua_v_0791_r00.mp4,13091522,0.354212,1,
write,write,,,video_medium,polyglot,0,tsinghua_v_0792_r00.mp4,13091522,0.103621,1,
write,write,,,video_medium,mongo_gridfs,0,tsinghua_v_0792_r00.mp4,13091522,0.100622,1,
write,write,,,video_medium,pg_bytea,0,tsinghua_v_0792_r00.mp4,13091522,0.617765,1,
write,write,,,video_medium,pg_bytea,0,tsinghua_v_0857_r00.mp4,13091522,0.651081,1,
write,write,,,video_medium,polyglot,0,tsinghua_v_0857_r00.mp4,13091522,0.102181,1,
write,write,,,video_medium,mongo_gridfs,0,tsinghua_v_0857_r00.mp4,13091522,0.103731,1,
write,write,,,video_medium,pg_bytea,0,tsinghua_v_0866_r00.mp4,13091522,0.427320,1,
write,write,,,video_medium,polyglot,0,tsinghua_v_0866_r00.mp4,13091522,0.103185,1,
write,write,,,video_medium,mongo_gridfs,0,tsinghua_v_0866_r00.mp4,13091522,0.101235,1,
write,write,,,video_medium,pg_bytea,0,tsinghua_v_0880_r00.mp4,13091522,0.541999,1,
write,write,,,video_medium,polyglot,0,tsinghua_v_0880_r00.mp4,13091522,0.140135,1,
write,write,,,video_medium,mongo_gridfs,0,tsinghua_v_0880_r00.mp4,13091522,0.106112,1,
write,write,,,video_medium,pg_bytea,0,tsinghua_v_0888_r00.mp4,13091522,0.915013,1,
write,write,,,video_medium,mongo_gridfs,0,tsinghua_v_0888_r00.mp4,13091522,0.115847,1,
write,write,,,video_medium,polyglot,0,tsinghua_v_0888_r00.mp4,13091522,0.110138,1,
write,write,,,video_medium,pg_bytea,0,tsinghua_v_0901_r00.mp4,13091522,0.481527,1,
write,write,,,video_medium,polyglot,0,tsinghua_v_0901_r00.mp4,13091522,0.110577,1,
write,write,,,video_medium,mongo_gridfs,0,tsinghua_v_0901_r00.mp4,13091522,0.114716,1,
write,write,,,video_medium,polyglot,0,tsinghua_v_0937_r00.mp4,13091522,0.152954,1,
write,write,,,video_medium,mongo_gridfs,0,tsinghua_v_0937_r00.mp4,13091522,0.126697,1,
write,write,,,video_medium,pg_bytea,0,tsinghua_v_0937_r00.mp4,13091522,0.429408,1,
write,write,,,video_medium,pg_bytea,0,tsinghua_v_0939_r00.mp4,13091522,0.368054,1,
write,write,,,video_medium,polyglot,0,tsinghua_v_0939_r00.mp4,13091522,0.127641,1,
write,write,,,video_medium,mongo_gridfs,0,tsinghua_v_0939_r00.mp4,13091522,0.107409,1,
write,write,,,video_medium,pg_bytea,0,tsinghua_v_0961_r00.mp4,13091522,0.462771,1,
write,write,,,video_medium,mongo_gridfs,0,tsinghua_v_0961_r00.mp4,13091522,0.106288,1,
write,write,,,video_medium,polyglot,0,tsinghua_v_0961_r00.mp4,13091522,0.113674,1,
write,write,,,video_medium,pg_bytea,0,tsinghua_v_0977_r00.mp4,13091522,0.392782,1,
write,write,,,video_medium,mongo_gridfs,0,tsinghua_v_0977_r00.mp4,13091522,0.127732,1,
write,write,,,video_medium,polyglot,0,tsinghua_v_0977_r00.mp4,13091522,0.339203,1,
write,write,,,audio_small,polyglot,1,03-01-01-01-01-02-19_r01.wav,375720,0.042687,1,
write,write,,,audio_small,mongo_gridfs,1,03-01-01-01-01-02-19_r01.wav,375720,0.005313,1,
write,write,,,audio_small,pg_bytea,1,03-01-01-01-01-02-19_r01.wav,375720,0.011220,1,
write,write,,,audio_small,mongo_gridfs,1,03-01-01-01-02-02-05_r01.wav,396294,0.007648,1,
write,write,,,audio_small,polyglot,1,03-01-01-01-02-02-05_r01.wav,396294,0.008883,1,
write,write,,,audio_small,pg_bytea,1,03-01-01-01-02-02-05_r01.wav,396294,0.010278,1,
write,write,,,audio_small,polyglot,1,03-01-01-01-02-02-06_r01.wav,363108,0.015185,1,
write,write,,,audio_small,pg_bytea,1,03-01-01-01-02-02-06_r01.wav,363108,0.010474,1,
write,write,,,audio_small,mongo_gridfs,1,03-01-01-01-02-02-06_r01.wav,363108,0.010624,1,
write,write,,,audio_small,pg_bytea,1,03-01-01-01-02-02-07_r01.wav,363108,0.011562,1,
write,write,,,audio_small,mongo_gridfs,1,03-01-01-01-02-02-07_r01.wav,363108,0.005134,1,
write,write,,,audio_small,polyglot,1,03-01-01-01-02-02-07_r01.wav,363108,0.007431,1,
write,write,,,audio_small,pg_bytea,1,03-01-01-01-02-02-11_r01.wav,375720,0.010740,1,
write,write,,,audio_small,mongo_gridfs,1,03-01-01-01-02-02-11_r01.wav,375720,0.005659,1,
write,write,,,audio_small,polyglot,1,03-01-01-01-02-02-11_r01.wav,375720,0.005690,1,
write,write,,,audio_small,mongo_gridfs,1,03-01-01-01-02-02-12_r01.wav,372698,0.006120,1,
write,write,,,audio_small,pg_bytea,1,03-01-01-01-02-02-12_r01.wav,372698,0.011307,1,
write,write,,,audio_small,polyglot,1,03-01-01-01-02-02-12_r01.wav,372698,0.005984,1,
write,write,,,audio_small,pg_bytea,1,03-01-01-01-02-02-13_r01.wav,363108,0.009693,1,
write,write,,,audio_small,mongo_gridfs,1,03-01-01-01-02-02-13_r01.wav,363108,0.006004,1,
write,write,,,audio_small,polyglot,1,03-01-01-01-02-02-13_r01.wav,363108,0.006034,1,
write,write,,,audio_small,mongo_gridfs,1,03-01-01-02-01-02-05_r01.wav,393086,0.005194,1,
write,write,,,audio_small,polyglot,1,03-01-01-02-01-02-05_r01.wav,393086,0.005286,1,
write,write,,,audio_small,pg_bytea,1,03-01-01-02-01-02-05_r01.wav,393086,0.012079,1,
write,write,,,audio_small,mongo_gridfs,1,03-01-01-02-01-02-06_r01.wav,363108,0.004648,1,
write,write,,,audio_small,polyglot,1,03-01-01-02-01-02-06_r01.wav,363108,0.004522,1,
write,write,,,audio_small,pg_bytea,1,03-01-01-02-01-02-06_r01.wav,363108,0.010659,1,
write,write,,,audio_small,polyglot,1,03-01-01-02-01-02-07_r01.wav,372698,0.006120,1,
write,write,,,audio_small,mongo_gridfs,1,03-01-01-02-01-02-07_r01.wav,372698,0.003932,1,
write,write,,,audio_small,pg_bytea,1,03-01-01-02-01-02-07_r01.wav,372698,0.011857,1,
write,write,,,audio_small,mongo_gridfs,1,03-01-01-02-01-02-13_r01.wav,399494,0.005828,1,
write,write,,,audio_small,pg_bytea,1,03-01-01-02-01-02-13_r01.wav,399494,0.011076,1,
write,write,,,audio_small,polyglot,1,03-01-01-02-01-02-13_r01.wav,399494,0.010066,1,
write,write,,,audio_small,polyglot,1,03-01-01-02-02-02-19_r01.wav,372698,0.007171,1,
write,write,,,audio_small,mongo_gridfs,1,03-01-01-02-02-02-19_r01.wav,372698,0.005570,1,
write,write,,,audio_small,pg_bytea,1,03-01-01-02-02-02-19_r01.wav,372698,0.011578,1,
write,write,,,audio_small,mongo_gridfs,1,03-01-02-01-01-01-19_r01.wav,372698,0.011050,1,
write,write,,,audio_small,polyglot,1,03-01-02-01-01-01-19_r01.wav,372698,0.006000,1,
write,write,,,audio_small,pg_bytea,1,03-01-02-01-01-01-19_r01.wav,372698,0.009856,1,
write,write,,,audio_small,mongo_gridfs,1,03-01-02-01-02-01-06_r01.wav,363108,0.004776,1,
write,write,,,audio_small,pg_bytea,1,03-01-02-01-02-01-06_r01.wav,363108,0.008617,1,
write,write,,,audio_small,polyglot,1,03-01-02-01-02-01-06_r01.wav,363108,0.006599,1,
write,write,,,audio_small,mongo_gridfs,1,03-01-02-01-02-01-07_r01.wav,399494,0.005627,1,
write,write,,,audio_small,pg_bytea,1,03-01-02-01-02-01-07_r01.wav,399494,0.011235,1,
write,write,,,audio_small,polyglot,1,03-01-02-01-02-01-07_r01.wav,399494,0.005490,1,
write,write,,,audio_small,pg_bytea,1,03-01-02-01-02-01-11_r01.wav,375720,0.018214,1,
write,write,,,audio_small,mongo_gridfs,1,03-01-02-01-02-01-11_r01.wav,375720,0.006854,1,
write,write,,,audio_small,polyglot,1,03-01-02-01-02-01-11_r01.wav,375720,0.007882,1,
write,write,,,audio_small,mongo_gridfs,1,03-01-02-01-02-01-12_r01.wav,372698,0.023798,1,
write,write,,,audio_small,polyglot,1,03-01-02-01-02-01-12_r01.wav,372698,0.013566,1,
write,write,,,audio_small,pg_bytea,1,03-01-02-01-02-01-12_r01.wav,372698,0.028227,1,
write,write,,,audio_small,mongo_gridfs,1,03-01-02-01-02-01-13_r01.wav,379106,0.015145,1,
write,write,,,audio_small,pg_bytea,1,03-01-02-01-02-01-13_r01.wav,379106,0.010567,1,
write,write,,,audio_small,polyglot,1,03-01-02-01-02-01-13_r01.wav,379106,0.006772,1,
write,write,,,audio_small,polyglot,1,03-01-02-02-01-01-05_r01.wav,363108,0.004767,1,
write,write,,,audio_small,pg_bytea,1,03-01-02-02-01-01-05_r01.wav,363108,0.010061,1,
write,write,,,audio_small,mongo_gridfs,1,03-01-02-02-01-01-05_r01.wav,363108,0.006277,1,
write,write,,,audio_small,pg_bytea,1,03-01-02-02-01-01-11_r01.wav,363108,0.010237,1,
write,write,,,audio_small,mongo_gridfs,1,03-01-02-02-01-01-11_r01.wav,363108,0.008373,1,
write,write,,,audio_small,polyglot,1,03-01-02-02-01-01-11_r01.wav,363108,0.009547,1,
write,write,,,audio_small,mongo_gridfs,1,03-01-02-02-01-01-12_r01.wav,399494,0.016844,1,
write,write,,,audio_small,pg_bytea,1,03-01-02-02-01-01-12_r01.wav,399494,0.018897,1,
write,write,,,audio_small,polyglot,1,03-01-02-02-01-01-12_r01.wav,399494,0.007856,1,
write,write,,,audio_small,mongo_gridfs,1,03-01-02-02-01-01-13_r01.wav,399494,0.008544,1,
write,write,,,audio_small,polyglot,1,03-01-02-02-01-01-13_r01.wav,399494,0.007368,1,
write,write,,,audio_small,pg_bytea,1,03-01-02-02-01-01-13_r01.wav,399494,0.021307,1,
write,write,,,audio_small,mongo_gridfs,1,03-01-02-02-02-01-19_r01.wav,379106,0.007279,1,
write,write,,,audio_small,polyglot,1,03-01-02-02-02-01-19_r01.wav,379106,0.007793,1,
write,write,,,audio_small,pg_bytea,1,03-01-02-02-02-01-19_r01.wav,379106,0.022545,1,
write,write,,,audio_small,polyglot,1,03-01-03-01-01-02-05_r01.wav,396294,0.007835,1,
write,write,,,audio_small,mongo_gridfs,1,03-01-03-01-01-02-05_r01.wav,396294,0.006978,1,
write,write,,,audio_small,pg_bytea,1,03-01-03-01-01-02-05_r01.wav,396294,0.025980,1,
write,write,,,audio_small,pg_bytea,1,03-01-03-01-01-02-07_r01.wav,393086,0.025712,1,
write,write,,,audio_small,mongo_gridfs,1,03-01-03-01-01-02-07_r01.wav,393086,0.007679,1,
write,write,,,audio_small,polyglot,1,03-01-03-01-01-02-07_r01.wav,393086,0.008676,1,
write,write,,,audio_small,pg_bytea,1,03-01-03-01-01-02-12_r01.wav,399494,0.032212,1,
write,write,,,audio_small,polyglot,1,03-01-03-01-01-02-12_r01.wav,399494,0.007328,1,
write,write,,,audio_small,mongo_gridfs,1,03-01-03-01-01-02-12_r01.wav,399494,0.009079,1,
write,write,,,audio_small,mongo_gridfs,1,03-01-03-01-01-02-13_r01.wav,399494,0.007000,1,
write,write,,,audio_small,pg_bytea,1,03-01-03-01-01-02-13_r01.wav,399494,0.028467,1,
write,write,,,audio_small,polyglot,1,03-01-03-01-01-02-13_r01.wav,399494,0.009905,1,
write,write,,,audio_small,mongo_gridfs,1,03-01-03-01-02-02-18_r01.wav,393086,0.008541,1,
write,write,,,audio_small,polyglot,1,03-01-03-01-02-02-18_r01.wav,393086,0.012579,1,
write,write,,,audio_small,pg_bytea,1,03-01-03-01-02-02-18_r01.wav,393086,0.034798,1,
write,write,,,audio_small,mongo_gridfs,1,03-01-03-01-02-02-19_r01.wav,399494,0.007126,1,
write,write,,,audio_small,pg_bytea,1,03-01-03-01-02-02-19_r01.wav,399494,0.022891,1,
write,write,,,audio_small,polyglot,1,03-01-03-01-02-02-19_r01.wav,399494,0.007145,1,
write,write,,,audio_small,pg_bytea,1,03-01-03-02-01-02-18_r01.wav,396294,0.022095,1,
write,write,,,audio_small,mongo_gridfs,1,03-01-03-02-01-02-18_r01.wav,396294,0.007046,1,
write,write,,,audio_small,polyglot,1,03-01-03-02-01-02-18_r01.wav,396294,0.006647,1,
write,write,,,audio_small,pg_bytea,1,03-01-03-02-01-02-19_r01.wav,372698,0.015364,1,
write,write,,,audio_small,mongo_gridfs,1,03-01-03-02-01-02-19_r01.wav,372698,0.006740,1,
write,write,,,audio_small,polyglot,1,03-01-03-02-01-02-19_r01.wav,372698,0.007098,1,
write,write,,,audio_small,pg_bytea,1,03-01-03-02-02-02-04_r01.wav,379106,0.014632,1,
write,write,,,audio_small,mongo_gridfs,1,03-01-03-02-02-02-04_r01.wav,379106,0.008072,1,
write,write,,,audio_small,polyglot,1,03-01-03-02-02-02-04_r01.wav,379106,0.006849,1,
write,write,,,audio_small,mongo_gridfs,1,03-01-03-02-02-02-06_r01.wav,399494,0.006987,1,
write,write,,,audio_small,pg_bytea,1,03-01-03-02-02-02-06_r01.wav,399494,0.017362,1,
write,write,,,audio_small,polyglot,1,03-01-03-02-02-02-06_r01.wav,399494,0.007330,1,
write,write,,,audio_small,pg_bytea,1,03-01-03-02-02-02-07_r01.wav,393086,0.013639,1,
write,write,,,audio_small,polyglot,1,03-01-03-02-02-02-07_r01.wav,393086,0.007563,1,
write,write,,,audio_small,mongo_gridfs,1,03-01-03-02-02-02-07_r01.wav,393086,0.006469,1,
write,write,,,audio_small,polyglot,1,03-01-03-02-02-02-10_r01.wav,375720,0.006495,1,
write,write,,,audio_small,pg_bytea,1,03-01-03-02-02-02-10_r01.wav,375720,0.016621,1,
write,write,,,audio_small,mongo_gridfs,1,03-01-03-02-02-02-10_r01.wav,375720,0.008965,1,
write,write,,,audio_small,polyglot,1,03-01-03-02-02-02-11_r01.wav,396294,0.007011,1,
write,write,,,audio_small,pg_bytea,1,03-01-03-02-02-02-11_r01.wav,396294,0.019741,1,
write,write,,,audio_small,mongo_gridfs,1,03-01-03-02-02-02-11_r01.wav,396294,0.005110,1,
write,write,,,audio_small,pg_bytea,1,03-01-03-02-02-02-13_r01.wav,399494,0.021982,1,
write,write,,,audio_small,mongo_gridfs,1,03-01-03-02-02-02-13_r01.wav,399494,0.009568,1,
write,write,,,audio_small,polyglot,1,03-01-03-02-02-02-13_r01.wav,399494,0.009820,1,
write,write,,,audio_small,mongo_gridfs,1,03-01-04-01-01-02-01_r01.wav,396294,0.015478,1,
write,write,,,audio_small,pg_bytea,1,03-01-04-01-01-02-01_r01.wav,396294,0.024479,1,
write,write,,,audio_small,polyglot,1,03-01-04-01-01-02-01_r01.wav,396294,0.011760,1,
write,write,,,audio_small,polyglot,1,03-01-04-01-01-02-02_r01.wav,379106,0.021454,1,
write,write,,,audio_small,mongo_gridfs,1,03-01-04-01-01-02-02_r01.wav,379106,0.013305,1,
write,write,,,audio_small,pg_bytea,1,03-01-04-01-01-02-02_r01.wav,379106,0.022962,1,
write,write,,,audio_small,pg_bytea,1,03-01-04-01-01-02-16_r01.wav,379106,0.023882,1,
write,write,,,audio_small,polyglot,1,03-01-04-01-01-02-16_r01.wav,379106,0.011503,1,
write,write,,,audio_small,mongo_gridfs,1,03-01-04-01-01-02-16_r01.wav,379106,0.013070,1,
write,write,,,audio_small,mongo_gridfs,1,03-01-04-01-02-02-08_r01.wav,372698,0.011589,1,
write,write,,,audio_small,polyglot,1,03-01-04-01-02-02-08_r01.wav,372698,0.012146,1,
write,write,,,audio_small,pg_bytea,1,03-01-04-01-02-02-08_r01.wav,372698,0.028205,1,
write,write,,,audio_small,mongo_gridfs,1,03-01-04-01-02-02-09_r01.wav,363108,0.008874,1,
write,write,,,audio_small,polyglot,1,03-01-04-01-02-02-09_r01.wav,363108,0.010806,1,
write,write,,,audio_small,pg_bytea,1,03-01-04-01-02-02-09_r01.wav,363108,0.025285,1,
write,write,,,audio_small,polyglot,1,03-01-04-01-02-02-20_r01.wav,396294,0.008921,1,
write,write,,,audio_small,mongo_gridfs,1,03-01-04-01-02-02-20_r01.wav,396294,0.006986,1,
write,write,,,audio_small,pg_bytea,1,03-01-04-01-02-02-20_r01.wav,396294,0.028585,1,
write,write,,,audio_small,mongo_gridfs,1,03-01-04-01-02-02-21_r01.wav,363108,0.030773,1,
write,write,,,audio_small,polyglot,1,03-01-04-01-02-02-21_r01.wav,363108,0.012659,1,
write,write,,,audio_small,pg_bytea,1,03-01-04-01-02-02-21_r01.wav,363108,0.035797,1,
write,write,,,audio_small,pg_bytea,1,03-01-04-01-02-02-22_r01.wav,372698,0.025268,1,
write,write,,,audio_small,mongo_gridfs,1,03-01-04-01-02-02-22_r01.wav,372698,0.007999,1,
write,write,,,audio_small,polyglot,1,03-01-04-01-02-02-22_r01.wav,372698,0.006235,1,
write,write,,,audio_small,mongo_gridfs,1,03-01-04-01-02-02-23_r01.wav,363108,0.010357,1,
write,write,,,audio_small,polyglot,1,03-01-04-01-02-02-23_r01.wav,363108,0.008782,1,
write,write,,,audio_small,pg_bytea,1,03-01-04-01-02-02-23_r01.wav,363108,0.023043,1,
write,write,,,audio_small,mongo_gridfs,1,03-01-04-02-01-02-09_r01.wav,379106,0.007605,1,
write,write,,,audio_small,pg_bytea,1,03-01-04-02-01-02-09_r01.wav,379106,0.018401,1,
write,write,,,audio_small,polyglot,1,03-01-04-02-01-02-09_r01.wav,379106,0.010936,1,
write,write,,,audio_small,polyglot,1,03-01-04-02-01-02-20_r01.wav,379106,0.008442,1,
write,write,,,audio_small,mongo_gridfs,1,03-01-04-02-01-02-20_r01.wav,379106,0.012744,1,
write,write,,,audio_small,pg_bytea,1,03-01-04-02-01-02-20_r01.wav,379106,0.019769,1,
write,write,,,audio_small,polyglot,1,03-01-04-02-01-02-21_r01.wav,393086,0.015879,1,
write,write,,,audio_small,pg_bytea,1,03-01-04-02-01-02-21_r01.wav,393086,0.030525,1,
write,write,,,audio_small,mongo_gridfs,1,03-01-04-02-01-02-21_r01.wav,393086,0.017252,1,
write,write,,,audio_small,pg_bytea,1,03-01-04-02-01-02-22_r01.wav,379106,0.023982,1,
write,write,,,audio_small,polyglot,1,03-01-04-02-01-02-22_r01.wav,379106,0.012297,1,
write,write,,,audio_small,mongo_gridfs,1,03-01-04-02-01-02-22_r01.wav,379106,0.007819,1,
write,write,,,audio_small,mongo_gridfs,1,03-01-04-02-02-02-14_r01.wav,375720,0.010754,1,
write,write,,,audio_small,polyglot,1,03-01-04-02-02-02-14_r01.wav,375720,0.007157,1,
write,write,,,audio_small,pg_bytea,1,03-01-04-02-02-02-14_r01.wav,375720,0.029920,1,
write,write,,,audio_small,mongo_gridfs,1,03-01-04-02-02-02-15_r01.wav,379106,0.007553,1,
write,write,,,audio_small,polyglot,1,03-01-04-02-02-02-15_r01.wav,379106,0.007765,1,
write,write,,,audio_small,pg_bytea,1,03-01-04-02-02-02-15_r01.wav,379106,0.020190,1,
write,write,,,audio_small,pg_bytea,1,03-01-04-02-02-02-16_r01.wav,375720,0.024887,1,
write,write,,,audio_small,polyglot,1,03-01-04-02-02-02-16_r01.wav,375720,0.006990,1,
write,write,,,audio_small,mongo_gridfs,1,03-01-04-02-02-02-16_r01.wav,375720,0.011816,1,
write,write,,,audio_small,pg_bytea,1,03-01-04-02-02-02-17_r01.wav,363108,0.025688,1,
write,write,,,audio_small,mongo_gridfs,1,03-01-04-02-02-02-17_r01.wav,363108,0.013135,1,
write,write,,,audio_small,polyglot,1,03-01-04-02-02-02-17_r01.wav,363108,0.006686,1,
write,write,,,audio_small,mongo_gridfs,1,03-01-05-01-01-01-09_r01.wav,393086,0.008901,1,
write,write,,,audio_small,pg_bytea,1,03-01-05-01-01-01-09_r01.wav,393086,0.023058,1,
write,write,,,audio_small,polyglot,1,03-01-05-01-01-01-09_r01.wav,393086,0.010494,1,
write,write,,,audio_small,pg_bytea,1,03-01-05-01-01-01-22_r01.wav,393086,0.023448,1,
write,write,,,audio_small,mongo_gridfs,1,03-01-05-01-01-01-22_r01.wav,393086,0.007076,1,
write,write,,,audio_small,polyglot,1,03-01-05-01-01-01-22_r01.wav,393086,0.005481,1,
write,write,,,audio_small,mongo_gridfs,1,03-01-05-01-02-01-02_r01.wav,372698,0.007134,1,
write,write,,,audio_small,pg_bytea,1,03-01-05-01-02-01-02_r01.wav,372698,0.022171,1,
write,write,,,audio_small,polyglot,1,03-01-05-01-02-01-02_r01.wav,372698,0.006347,1,
write,write,,,audio_small,polyglot,1,03-01-05-01-02-01-03_r01.wav,396294,0.008231,1,
write,write,,,audio_small,mongo_gridfs,1,03-01-05-01-02-01-03_r01.wav,396294,0.006160,1,
write,write,,,audio_small,pg_bytea,1,03-01-05-01-02-01-03_r01.wav,396294,0.030663,1,
write,write,,,audio_small,mongo_gridfs,1,03-01-05-01-02-01-15_r01.wav,363108,0.009416,1,
write,write,,,audio_small,polyglot,1,03-01-05-01-02-01-15_r01.wav,363108,0.007988,1,
write,write,,,audio_small,pg_bytea,1,03-01-05-01-02-01-15_r01.wav,363108,0.026016,1,
write,write,,,audio_small,polyglot,1,03-01-05-01-02-01-16_r01.wav,372698,0.008829,1,
write,write,,,audio_small,pg_bytea,1,03-01-05-01-02-01-16_r01.wav,372698,0.027059,1,
write,write,,,audio_small,mongo_gridfs,1,03-01-05-01-02-01-16_r01.wav,372698,0.007021,1,
write,write,,,audio_small,mongo_gridfs,1,03-01-05-01-02-01-17_r01.wav,393086,0.008042,1,
write,write,,,audio_small,pg_bytea,1,03-01-05-01-02-01-17_r01.wav,393086,0.086870,1,
write,write,,,audio_small,polyglot,1,03-01-05-01-02-01-17_r01.wav,393086,0.030174,1,
write,write,,,audio_small,mongo_gridfs,1,03-01-05-02-01-01-01_r01.wav,372698,0.016682,1,
write,write,,,audio_small,polyglot,1,03-01-05-02-01-01-01_r01.wav,372698,0.241698,1,
write,write,,,audio_small,pg_bytea,1,03-01-05-02-01-01-01_r01.wav,372698,0.028837,1,
write,write,,,audio_small,mongo_gridfs,1,03-01-05-02-01-01-02_r01.wav,375720,0.019072,1,
write,write,,,audio_small,pg_bytea,1,03-01-05-02-01-01-02_r01.wav,375720,0.021709,1,
write,write,,,audio_small,polyglot,1,03-01-05-02-01-01-02_r01.wav,375720,0.011230,1,
write,write,,,audio_small,pg_bytea,1,03-01-05-02-01-01-03_r01.wav,372698,0.017161,1,
write,write,,,audio_small,polyglot,1,03-01-05-02-01-01-03_r01.wav,372698,0.010031,1,
write,write,,,audio_small,mongo_gridfs,1,03-01-05-02-01-01-03_r01.wav,372698,0.009934,1,
write,write,,,audio_small,mongo_gridfs,1,03-01-05-02-01-01-15_r01.wav,396294,0.007678,1,
write,write,,,audio_small,polyglot,1,03-01-05-02-01-01-15_r01.wav,396294,0.011029,1,
write,write,,,audio_small,pg_bytea,1,03-01-05-02-01-01-15_r01.wav,396294,0.017633,1,
write,write,,,audio_small,mongo_gridfs,1,03-01-05-02-01-01-16_r01.wav,399494,0.010057,1,
write,write,,,audio_small,polyglot,1,03-01-05-02-01-01-16_r01.wav,399494,0.008048,1,
write,write,,,audio_small,pg_bytea,1,03-01-05-02-01-01-16_r01.wav,399494,0.018861,1,
write,write,,,audio_small,polyglot,1,03-01-05-02-01-01-17_r01.wav,363108,0.015127,1,
write,write,,,audio_small,mongo_gridfs,1,03-01-05-02-01-01-17_r01.wav,363108,0.013835,1,
write,write,,,audio_small,pg_bytea,1,03-01-05-02-01-01-17_r01.wav,363108,0.010990,1,
write,write,,,audio_small,pg_bytea,1,03-01-05-02-02-01-09_r01.wav,396294,0.013763,1,
write,write,,,audio_small,polyglot,1,03-01-05-02-02-01-09_r01.wav,396294,0.012383,1,
write,write,,,audio_small,mongo_gridfs,1,03-01-05-02-02-01-09_r01.wav,396294,0.009857,1,
write,write,,,audio_small,polyglot,1,03-01-05-02-02-01-21_r01.wav,375720,0.009741,1,
write,write,,,audio_small,mongo_gridfs,1,03-01-05-02-02-01-21_r01.wav,375720,0.006753,1,
write,write,,,audio_small,pg_bytea,1,03-01-05-02-02-01-21_r01.wav,375720,0.015931,1,
write,write,,,audio_small,polyglot,1,03-01-05-02-02-01-22_r01.wav,379106,0.009386,1,
write,write,,,audio_small,mongo_gridfs,1,03-01-05-02-02-01-22_r01.wav,379106,0.006523,1,
write,write,,,audio_small,pg_bytea,1,03-01-05-02-02-01-22_r01.wav,379106,0.016831,1,
write,write,,,audio_medium,pg_bytea,1,03-02-01-01-01-02-22_r01.wav,526650,0.016450,1,
write,write,,,audio_medium,mongo_gridfs,1,03-02-01-01-01-02-22_r01.wav,526650,0.023543,1,
write,write,,,audio_medium,polyglot,1,03-02-01-01-01-02-22_r01.wav,526650,0.012168,1,
write,write,,,audio_medium,pg_bytea,1,03-02-01-01-01-02-23_r01.wav,539464,0.017186,1,
write,write,,,audio_medium,mongo_gridfs,1,03-02-01-01-01-02-23_r01.wav,539464,0.012466,1,
write,write,,,audio_medium,polyglot,1,03-02-01-01-01-02-23_r01.wav,539464,0.008666,1,
write,write,,,audio_medium,polyglot,1,03-02-01-01-02-02-02_r01.wav,539464,0.007818,1,
write,write,,,audio_medium,pg_bytea,1,03-02-01-01-02-02-02_r01.wav,539464,0.018346,1,
write,write,,,audio_medium,mongo_gridfs,1,03-02-01-01-02-02-02_r01.wav,539464,0.012867,1,
write,write,,,audio_medium,mongo_gridfs,1,03-02-01-01-02-02-03_r01.wav,520242,0.009654,1,
write,write,,,audio_medium,polyglot,1,03-02-01-01-02-02-03_r01.wav,520242,0.010517,1,
write,write,,,audio_medium,pg_bytea,1,03-02-01-01-02-02-03_r01.wav,520242,0.024819,1,
write,write,,,audio_medium,polyglot,1,03-02-01-01-02-02-16_r01.wav,539464,0.013713,1,
write,write,,,audio_medium,pg_bytea,1,03-02-01-01-02-02-16_r01.wav,539464,0.021039,1,
write,write,,,audio_medium,mongo_gridfs,1,03-02-01-01-02-02-16_r01.wav,539464,0.011404,1,
write,write,,,audio_medium,polyglot,1,03-02-01-01-02-02-17_r01.wav,561888,0.011919,1,
write,write,,,audio_medium,pg_bytea,1,03-02-01-01-02-02-17_r01.wav,561888,0.020162,1,
write,write,,,audio_medium,mongo_gridfs,1,03-02-01-01-02-02-17_r01.wav,561888,0.008537,1,
write,write,,,audio_medium,pg_bytea,1,03-02-01-02-01-02-01_r01.wav,533056,0.017926,1,
write,write,,,audio_medium,mongo_gridfs,1,03-02-01-02-01-02-01_r01.wav,533056,0.011123,1,
write,write,,,audio_medium,polyglot,1,03-02-01-02-01-02-01_r01.wav,533056,0.011874,1,
write,write,,,audio_medium,polyglot,1,03-02-01-02-01-02-02_r01.wav,523448,0.009210,1,
write,write,,,audio_medium,pg_bytea,1,03-02-01-02-01-02-02_r01.wav,523448,0.018884,1,
write,write,,,audio_medium,mongo_gridfs,1,03-02-01-02-01-02-02_r01.wav,523448,0.014176,1,
write,write,,,audio_medium,pg_bytea,1,03-02-01-02-01-02-03_r01.wav,533056,0.029955,1,
write,write,,,audio_medium,mongo_gridfs,1,03-02-01-02-01-02-03_r01.wav,533056,0.021164,1,
write,write,,,audio_medium,polyglot,1,03-02-01-02-01-02-03_r01.wav,533056,0.014692,1,
write,write,,,audio_medium,polyglot,1,03-02-01-02-01-02-15_r01.wav,561882,0.018674,1,
write,write,,,audio_medium,pg_bytea,1,03-02-01-02-01-02-15_r01.wav,561882,0.024389,1,
write,write,,,audio_medium,mongo_gridfs,1,03-02-01-02-01-02-15_r01.wav,561882,0.008920,1,
write,write,,,audio_medium,mongo_gridfs,1,03-02-01-02-01-02-16_r01.wav,526650,0.015829,1,
write,write,,,audio_medium,pg_bytea,1,03-02-01-02-01-02-16_r01.wav,526650,0.020039,1,
write,write,,,audio_medium,polyglot,1,03-02-01-02-01-02-16_r01.wav,526650,0.028053,1,
write,write,,,audio_medium,polyglot,1,03-02-01-02-01-02-17_r01.wav,533056,0.029114,1,
write,write,,,audio_medium,mongo_gridfs,1,03-02-01-02-01-02-17_r01.wav,533056,0.012772,1,
write,write,,,audio_medium,pg_bytea,1,03-02-01-02-01-02-17_r01.wav,533056,0.026824,1,
write,write,,,audio_medium,mongo_gridfs,1,03-02-01-02-02-02-22_r01.wav,520242,0.009682,1,
write,write,,,audio_medium,polyglot,1,03-02-01-02-02-02-22_r01.wav,520242,0.008415,1,
write,write,,,audio_medium,pg_bytea,1,03-02-01-02-02-02-22_r01.wav,520242,0.017595,1,
write,write,,,audio_medium,polyglot,1,03-02-01-02-02-02-23_r01.wav,520242,0.009249,1,
write,write,,,audio_medium,pg_bytea,1,03-02-01-02-02-02-23_r01.wav,520242,0.017242,1,
write,write,,,audio_medium,mongo_gridfs,1,03-02-01-02-02-02-23_r01.wav,520242,0.007518,1,
write,write,,,audio_medium,pg_bytea,1,03-02-02-01-01-01-22_r01.wav,523448,0.017809,1,
write,write,,,audio_medium,mongo_gridfs,1,03-02-02-01-01-01-22_r01.wav,523448,0.009723,1,
write,write,,,audio_medium,polyglot,1,03-02-02-01-01-01-22_r01.wav,523448,0.011425,1,
write,write,,,audio_medium,polyglot,1,03-02-02-01-01-01-23_r01.wav,561888,0.014060,1,
write,write,,,audio_medium,mongo_gridfs,1,03-02-02-01-01-01-23_r01.wav,561888,0.007653,1,
write,write,,,audio_medium,pg_bytea,1,03-02-02-01-01-01-23_r01.wav,561888,0.017392,1,
write,write,,,audio_medium,polyglot,1,03-02-02-01-02-01-01_r01.wav,520242,0.011871,1,
write,write,,,audio_medium,pg_bytea,1,03-02-02-01-02-01-01_r01.wav,520242,0.021105,1,
write,write,,,audio_medium,mongo_gridfs,1,03-02-02-01-02-01-01_r01.wav,520242,0.008433,1,
write,write,,,audio_medium,polyglot,1,03-02-02-01-02-01-02_r01.wav,539464,0.009929,1,
write,write,,,audio_medium,pg_bytea,1,03-02-02-01-02-01-02_r01.wav,539464,0.018315,1,
write,write,,,audio_medium,mongo_gridfs,1,03-02-02-01-02-01-02_r01.wav,539464,0.018776,1,
write,write,,,audio_medium,polyglot,1,03-02-02-01-02-01-03_r01.wav,533056,0.008378,1,
write,write,,,audio_medium,pg_bytea,1,03-02-02-01-02-01-03_r01.wav,533056,0.017123,1,
write,write,,,audio_medium,mongo_gridfs,1,03-02-02-01-02-01-03_r01.wav,533056,0.009182,1,
write,write,,,audio_medium,mongo_gridfs,1,03-02-02-01-02-01-16_r01.wav,561882,0.007889,1,
write,write,,,audio_medium,polyglot,1,03-02-02-01-02-01-16_r01.wav,561882,0.008419,1,
write,write,,,audio_medium,pg_bytea,1,03-02-02-01-02-01-16_r01.wav,561882,0.015226,1,
write,write,,,audio_medium,polyglot,1,03-02-02-02-01-01-01_r01.wav,539464,0.008802,1,
write,write,,,audio_medium,mongo_gridfs,1,03-02-02-02-01-01-01_r01.wav,539464,0.012266,1,
write,write,,,audio_medium,pg_bytea,1,03-02-02-02-01-01-01_r01.wav,539464,0.018364,1,
write,write,,,audio_medium,polyglot,1,03-02-02-02-01-01-02_r01.wav,526650,0.014321,1,
write,write,,,audio_medium,pg_bytea,1,03-02-02-02-01-01-02_r01.wav,526650,0.018395,1,
write,write,,,audio_medium,mongo_gridfs,1,03-02-02-02-01-01-02_r01.wav,526650,0.009781,1,
write,write,,,audio_medium,pg_bytea,1,03-02-02-02-01-01-15_r01.wav,539464,0.015482,1,
write,write,,,audio_medium,mongo_gridfs,1,03-02-02-02-01-01-15_r01.wav,539464,0.010333,1,
write,write,,,audio_medium,polyglot,1,03-02-02-02-01-01-15_r01.wav,539464,0.010079,1,
write,write,,,audio_medium,polyglot,1,03-02-02-02-01-01-16_r01.wav,520242,0.007880,1,
write,write,,,audio_medium,pg_bytea,1,03-02-02-02-01-01-16_r01.wav,520242,0.016839,1,
write,write,,,audio_medium,mongo_gridfs,1,03-02-02-02-01-01-16_r01.wav,520242,0.009639,1,
write,write,,,audio_medium,pg_bytea,1,03-02-02-02-01-01-17_r01.wav,539464,0.021420,1,
write,write,,,audio_medium,polyglot,1,03-02-02-02-01-01-17_r01.wav,539464,0.019204,1,
write,write,,,audio_medium,mongo_gridfs,1,03-02-02-02-01-01-17_r01.wav,539464,0.009172,1,
write,write,,,audio_medium,mongo_gridfs,1,03-02-02-02-02-01-22_r01.wav,539464,0.010805,1,
write,write,,,audio_medium,polyglot,1,03-02-02-02-02-01-22_r01.wav,539464,0.012009,1,
write,write,,,audio_medium,pg_bytea,1,03-02-02-02-02-01-22_r01.wav,539464,0.023077,1,
write,write,,,audio_medium,polyglot,1,03-02-02-02-02-01-23_r01.wav,520242,0.024703,1,
write,write,,,audio_medium,mongo_gridfs,1,03-02-02-02-02-01-23_r01.wav,520242,0.015897,1,
write,write,,,audio_medium,pg_bytea,1,03-02-02-02-02-01-23_r01.wav,520242,0.022992,1,
write,write,,,audio_medium,mongo_gridfs,1,03-02-03-01-01-02-01_r01.wav,561882,0.014042,1,
write,write,,,audio_medium,pg_bytea,1,03-02-03-01-01-02-01_r01.wav,561882,0.019367,1,
write,write,,,audio_medium,polyglot,1,03-02-03-01-01-02-01_r01.wav,561882,0.010602,1,
write,write,,,audio_medium,mongo_gridfs,1,03-02-03-01-01-02-02_r01.wav,561882,0.008586,1,
write,write,,,audio_medium,polyglot,1,03-02-03-01-01-02-02_r01.wav,561882,0.009588,1,
write,write,,,audio_medium,pg_bytea,1,03-02-03-01-01-02-02_r01.wav,561882,0.019752,1,
write,write,,,audio_medium,pg_bytea,1,03-02-03-01-01-02-03_r01.wav,539464,0.025345,1,
write,write,,,audio_medium,polyglot,1,03-02-03-01-01-02-03_r01.wav,539464,0.010222,1,
write,write,,,audio_medium,mongo_gridfs,1,03-02-03-01-01-02-03_r01.wav,539464,0.007537,1,
write,write,,,audio_medium,pg_bytea,1,03-02-03-01-01-02-15_r01.wav,526650,0.018498,1,
write,write,,,audio_medium,mongo_gridfs,1,03-02-03-01-01-02-15_r01.wav,526650,0.013953,1,
write,write,,,audio_medium,polyglot,1,03-02-03-01-01-02-15_r01.wav,526650,0.013416,1,
write,write,,,audio_medium,pg_bytea,1,03-02-03-01-01-02-16_r01.wav,520242,0.016344,1,
write,write,,,audio_medium,mongo_gridfs,1,03-02-03-01-01-02-16_r01.wav,520242,0.007090,1,
write,write,,,audio_medium,polyglot,1,03-02-03-01-01-02-16_r01.wav,520242,0.009731,1,
write,write,,,audio_medium,polyglot,1,03-02-03-01-01-02-17_r01.wav,526650,0.009040,1,
write,write,,,audio_medium,pg_bytea,1,03-02-03-01-01-02-17_r01.wav,526650,0.017096,1,
write,write,,,audio_medium,mongo_gridfs,1,03-02-03-01-01-02-17_r01.wav,526650,0.007586,1,
write,write,,,audio_medium,mongo_gridfs,1,03-02-03-01-02-02-09_r01.wav,539464,0.010151,1,
write,write,,,audio_medium,polyglot,1,03-02-03-01-02-02-09_r01.wav,539464,0.008857,1,
write,write,,,audio_medium,pg_bytea,1,03-02-03-01-02-02-09_r01.wav,539464,0.016550,1,
write,write,,,audio_medium,mongo_gridfs,1,03-02-03-01-02-02-21_r01.wav,533056,0.008297,1,
write,write,,,audio_medium,polyglot,1,03-02-03-01-02-02-21_r01.wav,533056,0.010802,1,
write,write,,,audio_medium,pg_bytea,1,03-02-03-01-02-02-21_r01.wav,533056,0.033414,1,
write,write,,,audio_medium,polyglot,1,03-02-03-01-02-02-22_r01.wav,561888,0.021400,1,
write,write,,,audio_medium,mongo_gridfs,1,03-02-03-01-02-02-22_r01.wav,561888,0.009768,1,
write,write,,,audio_medium,pg_bytea,1,03-02-03-01-02-02-22_r01.wav,561888,0.025442,1,
write,write,,,audio_medium,pg_bytea,1,03-02-03-01-02-02-23_r01.wav,539464,0.017543,1,
write,write,,,audio_medium,polyglot,1,03-02-03-01-02-02-23_r01.wav,539464,0.010267,1,
write,write,,,audio_medium,mongo_gridfs,1,03-02-03-01-02-02-23_r01.wav,539464,0.007332,1,
write,write,,,audio_medium,polyglot,1,03-02-03-02-01-02-09_r01.wav,561882,0.014251,1,
write,write,,,audio_medium,pg_bytea,1,03-02-03-02-01-02-09_r01.wav,561882,0.020602,1,
write,write,,,audio_medium,mongo_gridfs,1,03-02-03-02-01-02-09_r01.wav,561882,0.017114,1,
write,write,,,audio_medium,polyglot,1,03-02-03-02-01-02-21_r01.wav,539464,0.009836,1,
write,write,,,audio_medium,pg_bytea,1,03-02-03-02-01-02-21_r01.wav,539464,0.019118,1,
write,write,,,audio_medium,mongo_gridfs,1,03-02-03-02-01-02-21_r01.wav,539464,0.012913,1,
write,write,,,audio_medium,mongo_gridfs,1,03-02-03-02-01-02-22_r01.wav,526650,0.012233,1,
write,write,,,audio_medium,pg_bytea,1,03-02-03-02-01-02-22_r01.wav,526650,0.022500,1,
write,write,,,audio_medium,polyglot,1,03-02-03-02-01-02-22_r01.wav,526650,0.009451,1,
write,write,,,audio_medium,polyglot,1,03-02-03-02-01-02-23_r01.wav,561888,0.009515,1,
write,write,,,audio_medium,mongo_gridfs,1,03-02-03-02-01-02-23_r01.wav,561888,0.007865,1,
write,write,,,audio_medium,pg_bytea,1,03-02-03-02-01-02-23_r01.wav,561888,0.017790,1,
write,write,,,audio_medium,polyglot,1,03-02-03-02-02-02-01_r01.wav,561882,0.007887,1,
write,write,,,audio_medium,mongo_gridfs,1,03-02-03-02-02-02-01_r01.wav,561882,0.008900,1,
write,write,,,audio_medium,pg_bytea,1,03-02-03-02-02-02-01_r01.wav,561882,0.017548,1,
write,write,,,audio_medium,polyglot,1,03-02-03-02-02-02-02_r01.wav,523448,0.009480,1,
write,write,,,audio_medium,mongo_gridfs,1,03-02-03-02-02-02-02_r01.wav,523448,0.007232,1,
write,write,,,audio_medium,pg_bytea,1,03-02-03-02-02-02-02_r01.wav,523448,0.018411,1,
write,write,,,audio_medium,mongo_gridfs,1,03-02-03-02-02-02-03_r01.wav,561888,0.007020,1,
write,write,,,audio_medium,polyglot,1,03-02-03-02-02-02-03_r01.wav,561888,0.006958,1,
write,write,,,audio_medium,pg_bytea,1,03-02-03-02-02-02-03_r01.wav,561888,0.022145,1,
write,write,,,audio_medium,pg_bytea,1,03-02-03-02-02-02-15_r01.wav,523448,0.014512,1,
write,write,,,audio_medium,polyglot,1,03-02-03-02-02-02-15_r01.wav,523448,0.008939,1,
write,write,,,audio_medium,mongo_gridfs,1,03-02-03-02-02-02-15_r01.wav,523448,0.008201,1,
write,write,,,audio_medium,polyglot,1,03-02-03-02-02-02-16_r01.wav,561882,0.007653,1,
write,write,,,audio_medium,pg_bytea,1,03-02-03-02-02-02-16_r01.wav,561882,0.014281,1,
write,write,,,audio_medium,mongo_gridfs,1,03-02-03-02-02-02-16_r01.wav,561882,0.007437,1,
write,write,,,audio_medium,pg_bytea,1,03-02-03-02-02-02-17_r01.wav,523448,0.014086,1,
write,write,,,audio_medium,mongo_gridfs,1,03-02-03-02-02-02-17_r01.wav,523448,0.007574,1,
write,write,,,audio_medium,polyglot,1,03-02-03-02-02-02-17_r01.wav,523448,0.007648,1,
write,write,,,audio_medium,polyglot,1,03-02-04-01-01-02-05_r01.wav,561882,0.007610,1,
write,write,,,audio_medium,pg_bytea,1,03-02-04-01-01-02-05_r01.wav,561882,0.014299,1,
write,write,,,audio_medium,mongo_gridfs,1,03-02-04-01-01-02-05_r01.wav,561882,0.007200,1,
write,write,,,audio_medium,polyglot,1,03-02-04-01-01-02-06_r01.wav,526650,0.007423,1,
write,write,,,audio_medium,pg_bytea,1,03-02-04-01-01-02-06_r01.wav,526650,0.015099,1,
write,write,,,audio_medium,mongo_gridfs,1,03-02-04-01-01-02-06_r01.wav,526650,0.007620,1,
write,write,,,audio_medium,pg_bytea,1,03-02-04-01-01-02-07_r01.wav,523448,0.015187,1,
write,write,,,audio_medium,polyglot,1,03-02-04-01-01-02-07_r01.wav,523448,0.008702,1,
write,write,,,audio_medium,mongo_gridfs,1,03-02-04-01-01-02-07_r01.wav,523448,0.006329,1,
write,write,,,audio_medium,mongo_gridfs,1,03-02-04-01-01-02-11_r01.wav,539464,0.007424,1,
write,write,,,audio_medium,polyglot,1,03-02-04-01-01-02-11_r01.wav,539464,0.007630,1,
write,write,,,audio_medium,pg_bytea,1,03-02-04-01-01-02-11_r01.wav,539464,0.021032,1,
write,write,,,audio_medium,pg_bytea,1,03-02-04-01-01-02-12_r01.wav,523448,0.016991,1,
write,write,,,audio_medium,mongo_gridfs,1,03-02-04-01-01-02-12_r01.wav,523448,0.008161,1,
write,write,,,audio_medium,polyglot,1,03-02-04-01-01-02-12_r01.wav,523448,0.007282,1,
write,write,,,audio_medium,pg_bytea,1,03-02-04-01-01-02-13_r01.wav,539464,0.018946,1,
write,write,,,audio_medium,polyglot,1,03-02-04-01-01-02-13_r01.wav,539464,0.007641,1,
write,write,,,audio_medium,mongo_gridfs,1,03-02-04-01-01-02-13_r01.wav,539464,0.006819,1,
write,write,,,audio_medium,mongo_gridfs,1,03-02-04-01-02-02-19_r01.wav,561888,0.006648,1,
write,write,,,audio_medium,polyglot,1,03-02-04-01-02-02-19_r01.wav,561888,0.007264,1,
write,write,,,audio_medium,pg_bytea,1,03-02-04-01-02-02-19_r01.wav,561888,0.016388,1,
write,write,,,audio_medium,mongo_gridfs,1,03-02-04-02-02-02-05_r01.wav,526650,0.007738,1,
write,write,,,audio_medium,polyglot,1,03-02-04-02-02-02-05_r01.wav,526650,0.007316,1,
write,write,,,audio_medium,pg_bytea,1,03-02-04-02-02-02-05_r01.wav,526650,0.017498,1,
write,write,,,audio_medium,polyglot,1,03-02-04-02-02-02-06_r01.wav,526650,0.007982,1,
write,write,,,audio_medium,pg_bytea,1,03-02-04-02-02-02-06_r01.wav,526650,0.019807,1,
write,write,,,audio_medium,mongo_gridfs,1,03-02-04-02-02-02-06_r01.wav,526650,0.016161,1,
write,write,,,audio_medium,polyglot,1,03-02-04-02-02-02-07_r01.wav,561888,0.018085,1,
write,write,,,audio_medium,pg_bytea,1,03-02-04-02-02-02-07_r01.wav,561888,0.032126,1,
write,write,,,audio_medium,mongo_gridfs,1,03-02-04-02-02-02-07_r01.wav,561888,0.020989,1,
write,write,,,audio_medium,mongo_gridfs,1,03-02-04-02-02-02-11_r01.wav,561888,0.025131,1,
write,write,,,audio_medium,pg_bytea,1,03-02-04-02-02-02-11_r01.wav,561888,0.044380,1,
write,write,,,audio_medium,polyglot,1,03-02-04-02-02-02-11_r01.wav,561888,0.008132,1,
write,write,,,audio_medium,polyglot,1,03-02-04-02-02-02-12_r01.wav,523448,0.010324,1,
write,write,,,audio_medium,pg_bytea,1,03-02-04-02-02-02-12_r01.wav,523448,0.025864,1,
write,write,,,audio_medium,mongo_gridfs,1,03-02-04-02-02-02-12_r01.wav,523448,0.008177,1,
write,write,,,audio_medium,pg_bytea,1,03-02-04-02-02-02-13_r01.wav,533056,0.022791,1,
write,write,,,audio_medium,polyglot,1,03-02-04-02-02-02-13_r01.wav,533056,0.014167,1,
write,write,,,audio_medium,mongo_gridfs,1,03-02-04-02-02-02-13_r01.wav,533056,0.007326,1,
write,write,,,audio_medium,mongo_gridfs,1,03-02-05-01-02-01-06_r01.wav,561882,0.009552,1,
write,write,,,audio_medium,pg_bytea,1,03-02-05-01-02-01-06_r01.wav,561882,0.026817,1,
write,write,,,audio_medium,polyglot,1,03-02-05-01-02-01-06_r01.wav,561882,0.007341,1,
write,write,,,audio_medium,pg_bytea,1,03-02-05-01-02-01-07_r01.wav,520242,0.018599,1,
write,write,,,audio_medium,mongo_gridfs,1,03-02-05-01-02-01-07_r01.wav,520242,0.007351,1,
write,write,,,audio_medium,polyglot,1,03-02-05-01-02-01-07_r01.wav,520242,0.006197,1,
write,write,,,audio_medium,polyglot,1,03-02-05-01-02-01-12_r01.wav,520242,0.007250,1,
write,write,,,audio_medium,mongo_gridfs,1,03-02-05-01-02-01-12_r01.wav,520242,0.005156,1,
write,write,,,audio_medium,pg_bytea,1,03-02-05-01-02-01-12_r01.wav,520242,0.034189,1,
write,write,,,audio_medium,polyglot,1,03-02-05-01-02-01-13_r01.wav,561888,0.007807,1,
write,write,,,audio_medium,pg_bytea,1,03-02-05-01-02-01-13_r01.wav,561888,0.025633,1,
write,write,,,audio_medium,mongo_gridfs,1,03-02-05-01-02-01-13_r01.wav,561888,0.007158,1,
write,write,,,audio_medium,polyglot,1,03-02-05-02-01-01-05_r01.wav,539464,0.007039,1,
write,write,,,audio_medium,mongo_gridfs,1,03-02-05-02-01-01-05_r01.wav,539464,0.005813,1,
write,write,,,audio_medium,pg_bytea,1,03-02-05-02-01-01-05_r01.wav,539464,0.024441,1,
write,write,,,audio_medium,polyglot,1,03-02-05-02-01-01-06_r01.wav,561888,0.007328,1,
write,write,,,audio_medium,mongo_gridfs,1,03-02-05-02-01-01-06_r01.wav,561888,0.005866,1,
write,write,,,audio_medium,pg_bytea,1,03-02-05-02-01-01-06_r01.wav,561888,0.019754,1,
write,write,,,audio_medium,mongo_gridfs,1,03-02-05-02-01-01-07_r01.wav,533056,0.006782,1,
write,write,,,audio_medium,polyglot,1,03-02-05-02-01-01-07_r01.wav,533056,0.005673,1,
write,write,,,audio_medium,pg_bytea,1,03-02-05-02-01-01-07_r01.wav,533056,0.023107,1,
write,write,,,audio_medium,pg_bytea,1,03-02-05-02-01-01-11_r01.wav,561888,0.016726,1,
write,write,,,audio_medium,mongo_gridfs,1,03-02-05-02-01-01-11_r01.wav,561888,0.007238,1,
write,write,,,audio_medium,polyglot,1,03-02-05-02-01-01-11_r01.wav,561888,0.007319,1,
write,write,,,audio_medium,polyglot,1,03-02-05-02-01-01-12_r01.wav,533056,0.028414,1,
write,write,,,audio_medium,mongo_gridfs,1,03-02-05-02-01-01-12_r01.wav,533056,0.021780,1,
write,write,,,audio_medium,pg_bytea,1,03-02-05-02-01-01-12_r01.wav,533056,0.035791,1,
write,write,,,audio_medium,mongo_gridfs,1,03-02-05-02-01-01-13_r01.wav,526650,0.034024,1,
write,write,,,audio_medium,pg_bytea,1,03-02-05-02-01-01-13_r01.wav,526650,0.032961,1,
write,write,,,audio_medium,polyglot,1,03-02-05-02-01-01-13_r01.wav,526650,0.024920,1,
write,write,,,video_small,mongo_gridfs,1,01-01-01-01-01-01-22_r01.mp4,5457041,0.102538,1,
write,write,,,video_small,pg_bytea,1,01-01-01-01-01-01-22_r01.mp4,5457041,0.256089,1,
write,write,,,video_small,polyglot,1,01-01-01-01-01-01-22_r01.mp4,5457041,0.050930,1,
write,write,,,video_small,mongo_gridfs,1,01-01-01-01-01-02-01_r01.mp4,5457041,0.055920,1,
write,write,,,video_small,polyglot,1,01-01-01-01-01-02-01_r01.mp4,5457041,0.064475,1,
write,write,,,video_small,pg_bytea,1,01-01-01-01-01-02-01_r01.mp4,5457041,0.201212,1,
write,write,,,video_small,pg_bytea,1,01-01-01-01-01-02-15_r01.mp4,5457041,0.150433,1,
write,write,,,video_small,polyglot,1,01-01-01-01-01-02-15_r01.mp4,5457041,0.045320,1,
write,write,,,video_small,mongo_gridfs,1,01-01-01-01-01-02-15_r01.mp4,5457041,0.045143,1,
write,write,,,video_small,mongo_gridfs,1,01-01-01-01-02-01-06_r01.mp4,5457041,0.050556,1,
write,write,,,video_small,pg_bytea,1,01-01-01-01-02-01-06_r01.mp4,5457041,0.145841,1,
write,write,,,video_small,polyglot,1,01-01-01-01-02-01-06_r01.mp4,5457041,0.045927,1,
write,write,,,video_small,polyglot,1,01-01-01-01-02-01-13_r01.mp4,5457041,0.045894,1,
write,write,,,video_small,mongo_gridfs,1,01-01-01-01-02-01-13_r01.mp4,5457041,0.046248,1,
write,write,,,video_small,pg_bytea,1,01-01-01-01-02-01-13_r01.mp4,5457041,0.161210,1,
write,write,,,video_small,pg_bytea,1,01-01-01-01-02-01-14_r01.mp4,5457041,0.421612,1,
write,write,,,video_small,polyglot,1,01-01-01-01-02-01-14_r01.mp4,5457041,0.044985,1,
write,write,,,video_small,mongo_gridfs,1,01-01-01-01-02-01-14_r01.mp4,5457041,0.042280,1,
write,write,,,video_small,pg_bytea,1,01-01-01-01-02-02-09_r01.mp4,5498397,0.166355,1,
write,write,,,video_small,mongo_gridfs,1,01-01-01-01-02-02-09_r01.mp4,5498397,0.053046,1,
write,write,,,video_small,polyglot,1,01-01-01-01-02-02-09_r01.mp4,5498397,0.060215,1,
write,write,,,video_small,mongo_gridfs,1,01-01-01-02-01-01-01_r01.mp4,5498397,0.057976,1,
write,write,,,video_small,polyglot,1,01-01-01-02-01-01-01_r01.mp4,5498397,0.053758,1,
write,write,,,video_small,pg_bytea,1,01-01-01-02-01-01-01_r01.mp4,5498397,0.190076,1,
write,write,,,video_small,pg_bytea,1,01-01-01-02-01-01-05_r01.mp4,5457041,0.190468,1,
write,write,,,video_small,polyglot,1,01-01-01-02-01-01-05_r01.mp4,5457041,0.058438,1,
write,write,,,video_small,mongo_gridfs,1,01-01-01-02-01-01-05_r01.mp4,5457041,0.039293,1,
write,write,,,video_small,mongo_gridfs,1,01-01-01-02-01-01-15_r01.mp4,5457041,0.042044,1,
write,write,,,video_small,polyglot,1,01-01-01-02-01-01-15_r01.mp4,5457041,0.045422,1,
write,write,,,video_small,pg_bytea,1,01-01-01-02-01-01-15_r01.mp4,5457041,0.167720,1,
write,write,,,video_small,mongo_gridfs,1,01-01-01-02-02-01-18_r01.mp4,5457041,0.053277,1,
write,write,,,video_small,polyglot,1,01-01-01-02-02-01-18_r01.mp4,5457041,0.048221,1,
write,write,,,video_small,pg_bytea,1,01-01-01-02-02-01-18_r01.mp4,5457041,0.149008,1,
write,write,,,video_small,mongo_gridfs,1,01-01-01-02-02-01-19_r01.mp4,5457041,0.041048,1,
write,write,,,video_small,polyglot,1,01-01-01-02-02-01-19_r01.mp4,5457041,0.042556,1,
write,write,,,video_small,pg_bytea,1,01-01-01-02-02-01-19_r01.mp4,5457041,0.145722,1,
write,write,,,video_small,mongo_gridfs,1,01-01-02-01-01-02-09_r01.mp4,5498397,0.052769,1,
write,write,,,video_small,pg_bytea,1,01-01-02-01-01-02-09_r01.mp4,5498397,0.151951,1,
write,write,,,video_small,polyglot,1,01-01-02-01-01-02-09_r01.mp4,5498397,0.046055,1,
write,write,,,video_small,polyglot,1,01-01-02-01-01-02-18_r01.mp4,5498397,0.046530,1,
write,write,,,video_small,mongo_gridfs,1,01-01-02-01-01-02-18_r01.mp4,5498397,0.045876,1,
write,write,,,video_small,pg_bytea,1,01-01-02-01-01-02-18_r01.mp4,5498397,0.156769,1,
write,write,,,video_small,polyglot,1,01-01-02-01-01-02-23_r01.mp4,5498397,0.047602,1,
write,write,,,video_small,pg_bytea,1,01-01-02-01-01-02-23_r01.mp4,5498397,0.172145,1,
write,write,,,video_small,mongo_gridfs,1,01-01-02-01-01-02-23_r01.mp4,5498397,0.055838,1,
write,write,,,video_small,pg_bytea,1,01-01-02-01-02-01-09_r01.mp4,5498397,0.176044,1,
write,write,,,video_small,mongo_gridfs,1,01-01-02-01-02-01-09_r01.mp4,5498397,0.073084,1,
write,write,,,video_small,polyglot,1,01-01-02-01-02-01-09_r01.mp4,5498397,0.078115,1,
write,write,,,video_small,pg_bytea,1,01-01-02-01-02-02-01_r01.mp4,5498397,0.445749,1,
write,write,,,video_small,mongo_gridfs,1,01-01-02-01-02-02-01_r01.mp4,5498397,0.048739,1,
write,write,,,video_small,polyglot,1,01-01-02-01-02-02-01_r01.mp4,5498397,0.047563,1,
write,write,,,video_small,pg_bytea,1,01-01-02-01-02-02-03_r01.mp4,5498397,0.470669,1,
write,write,,,video_small,mongo_gridfs,1,01-01-02-01-02-02-03_r01.mp4,5498397,0.058957,1,
write,write,,,video_small,polyglot,1,01-01-02-01-02-02-03_r01.mp4,5498397,0.046690,1,
write,write,,,video_small,polyglot,1,01-01-02-02-01-02-02_r01.mp4,5498397,0.053059,1,
write,write,,,video_small,pg_bytea,1,01-01-02-02-01-02-02_r01.mp4,5498397,0.427703,1,
write,write,,,video_small,mongo_gridfs,1,01-01-02-02-01-02-02_r01.mp4,5498397,0.059923,1,
write,write,,,video_small,polyglot,1,01-01-02-02-01-02-03_r01.mp4,5498397,0.053950,1,
write,write,,,video_small,pg_bytea,1,01-01-02-02-01-02-03_r01.mp4,5498397,0.269234,1,
write,write,,,video_small,mongo_gridfs,1,01-01-02-02-01-02-03_r01.mp4,5498397,0.052811,1,
write,write,,,video_small,polyglot,1,01-01-02-02-01-02-05_r01.mp4,5498397,0.113067,1,
write,write,,,video_small,pg_bytea,1,01-01-02-02-01-02-05_r01.mp4,5498397,0.155690,1,
write,write,,,video_small,mongo_gridfs,1,01-01-02-02-01-02-05_r01.mp4,5498397,0.045826,1,
write,write,,,video_small,mongo_gridfs,1,01-01-02-02-01-02-10_r01.mp4,5457041,0.050949,1,
write,write,,,video_small,pg_bytea,1,01-01-02-02-01-02-10_r01.mp4,5457041,0.302797,1,
write,write,,,video_small,polyglot,1,01-01-02-02-01-02-10_r01.mp4,5457041,0.069640,1,
write,write,,,video_small,pg_bytea,1,01-01-02-02-01-02-13_r01.mp4,5457041,0.158804,1,
write,write,,,video_small,mongo_gridfs,1,01-01-02-02-01-02-13_r01.mp4,5457041,0.048238,1,
write,write,,,video_small,polyglot,1,01-01-02-02-01-02-13_r01.mp4,5457041,0.048850,1,
write,write,,,video_small,polyglot,1,01-01-02-02-01-02-17_r01.mp4,5457041,0.067656,1,
write,write,,,video_small,mongo_gridfs,1,01-01-02-02-01-02-17_r01.mp4,5457041,0.070992,1,
write,write,,,video_small,pg_bytea,1,01-01-02-02-01-02-17_r01.mp4,5457041,0.171876,1,
write,write,,,video_small,pg_bytea,1,01-01-02-02-02-02-18_r01.mp4,5457041,0.146980,1,
write,write,,,video_small,mongo_gridfs,1,01-01-02-02-02-02-18_r01.mp4,5457041,0.043127,1,
write,write,,,video_small,polyglot,1,01-01-02-02-02-02-18_r01.mp4,5457041,0.046629,1,
write,write,,,video_small,polyglot,1,01-01-02-02-02-02-19_r01.mp4,5457041,0.052563,1,
write,write,,,video_small,mongo_gridfs,1,01-01-02-02-02-02-19_r01.mp4,5457041,0.044364,1,
write,write,,,video_small,pg_bytea,1,01-01-02-02-02-02-19_r01.mp4,5457041,0.145077,1,
write,write,,,video_small,mongo_gridfs,1,01-01-02-02-02-02-21_r01.mp4,5498397,0.049305,1,
write,write,,,video_small,pg_bytea,1,01-01-02-02-02-02-21_r01.mp4,5498397,0.161296,1,
write,write,,,video_small,polyglot,1,01-01-02-02-02-02-21_r01.mp4,5498397,0.049478,1,
write,write,,,video_small,mongo_gridfs,1,01-01-02-02-02-02-22_r01.mp4,5457041,0.050143,1,
write,write,,,video_small,polyglot,1,01-01-02-02-02-02-22_r01.mp4,5457041,0.054520,1,
write,write,,,video_small,pg_bytea,1,01-01-02-02-02-02-22_r01.mp4,5457041,0.289123,1,
write,write,,,video_small,pg_bytea,1,01-01-02-02-02-02-23_r01.mp4,5457041,0.199498,1,
write,write,,,video_small,polyglot,1,01-01-02-02-02-02-23_r01.mp4,5457041,0.382361,1,
write,write,,,video_small,mongo_gridfs,1,01-01-02-02-02-02-23_r01.mp4,5457041,0.050491,1,
write,write,,,video_small,mongo_gridfs,1,01-01-03-01-01-01-12_r01.mp4,5457041,0.119277,1,
write,write,,,video_small,pg_bytea,1,01-01-03-01-01-01-12_r01.mp4,5457041,0.272531,1,
write,write,,,video_small,polyglot,1,01-01-03-01-01-01-12_r01.mp4,5457041,0.077858,1,
write,write,,,video_small,pg_bytea,1,01-01-03-01-01-01-15_r01.mp4,5457041,0.231603,1,
write,write,,,video_small,mongo_gridfs,1,01-01-03-01-01-01-15_r01.mp4,5457041,0.064311,1,
write,write,,,video_small,polyglot,1,01-01-03-01-01-01-15_r01.mp4,5457041,0.052459,1,
write,write,,,video_small,polyglot,1,01-01-03-01-02-01-08_r01.mp4,5498397,0.063600,1,
write,write,,,video_small,pg_bytea,1,01-01-03-01-02-01-08_r01.mp4,5498397,0.168572,1,
write,write,,,video_small,mongo_gridfs,1,01-01-03-01-02-01-08_r01.mp4,5498397,0.045327,1,
write,write,,,video_small,pg_bytea,1,01-01-03-01-02-01-21_r01.mp4,5498397,0.188166,1,
write,write,,,video_small,mongo_gridfs,1,01-01-03-01-02-01-21_r01.mp4,5498397,0.039086,1,
write,write,,,video_small,polyglot,1,01-01-03-01-02-01-21_r01.mp4,5498397,0.046328,1,
write,write,,,video_small,pg_bytea,1,01-01-03-02-01-01-21_r01.mp4,5457041,0.139822,1,
write,write,,,video_small,mongo_gridfs,1,01-01-03-02-01-01-21_r01.mp4,5457041,0.038450,1,
write,write,,,video_small,polyglot,1,01-01-03-02-01-01-21_r01.mp4,5457041,0.041771,1,
write,write,,,video_small,pg_bytea,1,01-01-03-02-01-01-24_r01.mp4,5457041,0.177990,1,
write,write,,,video_small,polyglot,1,01-01-03-02-01-01-24_r01.mp4,5457041,0.058409,1,
write,write,,,video_small,mongo_gridfs,1,01-01-03-02-01-01-24_r01.mp4,5457041,0.079698,1,
write,write,,,video_small,mongo_gridfs,1,01-01-03-02-01-02-01_r01.mp4,5457041,0.047976,1,
write,write,,,video_small,pg_bytea,1,01-01-03-02-01-02-01_r01.mp4,5457041,0.156982,1,
write,write,,,video_small,polyglot,1,01-01-03-02-01-02-01_r01.mp4,5457041,0.105856,1,
write,write,,,video_small,pg_bytea,1,01-01-03-02-01-02-15_r01.mp4,5457041,0.156342,1,
write,write,,,video_small,mongo_gridfs,1,01-01-03-02-01-02-15_r01.mp4,5457041,0.049744,1,
write,write,,,video_small,polyglot,1,01-01-03-02-01-02-15_r01.mp4,5457041,0.040962,1,
write,write,,,video_small,polyglot,1,01-01-03-02-02-01-05_r01.mp4,5457041,0.040000,1,
write,write,,,video_small,pg_bytea,1,01-01-03-02-02-01-05_r01.mp4,5457041,0.194087,1,
write,write,,,video_small,mongo_gridfs,1,01-01-03-02-02-01-05_r01.mp4,5457041,0.053527,1,
write,write,,,video_small,mongo_gridfs,1,01-01-03-02-02-01-12_r01.mp4,5457041,0.058883,1,
write,write,,,video_small,pg_bytea,1,01-01-03-02-02-01-12_r01.mp4,5457041,0.152181,1,
write,write,,,video_small,polyglot,1,01-01-03-02-02-01-12_r01.mp4,5457041,0.056679,1,
write,write,,,video_small,pg_bytea,1,01-01-03-02-02-01-15_r01.mp4,5498397,0.162701,1,
write,write,,,video_small,polyglot,1,01-01-03-02-02-01-15_r01.mp4,5498397,0.058464,1,
write,write,,,video_small,mongo_gridfs,1,01-01-03-02-02-01-15_r01.mp4,5498397,0.047299,1,
write,write,,,video_small,polyglot,1,01-01-04-01-01-01-03_r01.mp4,5457041,0.044537,1,
write,write,,,video_small,pg_bytea,1,01-01-04-01-01-01-03_r01.mp4,5457041,0.205965,1,
write,write,,,video_small,mongo_gridfs,1,01-01-04-01-01-01-03_r01.mp4,5457041,0.048248,1,
write,write,,,video_small,polyglot,1,01-01-04-01-01-01-05_r01.mp4,5498397,0.042616,1,
write,write,,,video_small,pg_bytea,1,01-01-04-01-01-01-05_r01.mp4,5498397,0.148519,1,
write,write,,,video_small,mongo_gridfs,1,01-01-04-01-01-01-05_r01.mp4,5498397,0.049027,1,
write,write,,,video_small,pg_bytea,1,01-01-04-01-01-01-10_r01.mp4,5457041,0.144211,1,
write,write,,,video_small,polyglot,1,01-01-04-01-01-01-10_r01.mp4,5457041,0.040746,1,
write,write,,,video_small,mongo_gridfs,1,01-01-04-01-01-01-10_r01.mp4,5457041,0.064686,1,
write,write,,,video_small,mongo_gridfs,1,01-01-04-01-01-01-16_r01.mp4,5457041,0.045644,1,
write,write,,,video_small,polyglot,1,01-01-04-01-01-01-16_r01.mp4,5457041,0.230576,1,
write,write,,,video_small,pg_bytea,1,01-01-04-01-01-01-16_r01.mp4,5457041,0.442381,1,
write,write,,,video_small,pg_bytea,1,01-01-04-01-02-01-19_r01.mp4,5498397,0.154621,1,
write,write,,,video_small,mongo_gridfs,1,01-01-04-01-02-01-19_r01.mp4,5498397,0.042915,1,
write,write,,,video_small,polyglot,1,01-01-04-01-02-01-19_r01.mp4,5498397,0.042352,1,
write,write,,,video_small,polyglot,1,01-01-04-01-02-01-21_r01.mp4,5498397,0.052279,1,
write,write,,,video_small,mongo_gridfs,1,01-01-04-01-02-01-21_r01.mp4,5498397,0.047238,1,
write,write,,,video_small,pg_bytea,1,01-01-04-01-02-01-21_r01.mp4,5498397,0.142154,1,
write,write,,,video_small,pg_bytea,1,01-01-04-01-02-01-22_r01.mp4,5498397,0.273635,1,
write,write,,,video_small,mongo_gridfs,1,01-01-04-01-02-01-22_r01.mp4,5498397,0.043188,1,
write,write,,,video_small,polyglot,1,01-01-04-01-02-01-22_r01.mp4,5498397,0.043906,1,
write,write,,,video_small,pg_bytea,1,01-01-04-02-01-01-18_r01.mp4,5498397,0.160096,1,
write,write,,,video_small,mongo_gridfs,1,01-01-04-02-01-01-18_r01.mp4,5498397,0.046128,1,
write,write,,,video_small,polyglot,1,01-01-04-02-01-01-18_r01.mp4,5498397,0.045543,1,
write,write,,,video_small,mongo_gridfs,1,01-01-04-02-01-01-19_r01.mp4,5457041,0.043809,1,
write,write,,,video_small,pg_bytea,1,01-01-04-02-01-01-19_r01.mp4,5457041,0.169541,1,
write,write,,,video_small,polyglot,1,01-01-04-02-01-01-19_r01.mp4,5457041,0.048967,1,
write,write,,,video_small,pg_bytea,1,01-01-04-02-02-01-02_r01.mp4,5498397,0.209244,1,
write,write,,,video_small,mongo_gridfs,1,01-01-04-02-02-01-02_r01.mp4,5498397,0.061312,1,
write,write,,,video_small,polyglot,1,01-01-04-02-02-01-02_r01.mp4,5498397,0.049177,1,
write,write,,,video_small,polyglot,1,01-01-04-02-02-01-05_r01.mp4,5498397,0.044285,1,
write,write,,,video_small,mongo_gridfs,1,01-01-04-02-02-01-05_r01.mp4,5498397,0.041097,1,
write,write,,,video_small,pg_bytea,1,01-01-04-02-02-01-05_r01.mp4,5498397,0.161726,1,
write,write,,,video_small,pg_bytea,1,01-01-04-02-02-01-06_r01.mp4,5498397,0.142332,1,
write,write,,,video_small,mongo_gridfs,1,01-01-04-02-02-01-06_r01.mp4,5498397,0.045739,1,
write,write,,,video_small,polyglot,1,01-01-04-02-02-01-06_r01.mp4,5498397,0.050383,1,
write,write,,,video_small,mongo_gridfs,1,01-01-04-02-02-01-13_r01.mp4,5498397,0.052163,1,
write,write,,,video_small,polyglot,1,01-01-04-02-02-01-13_r01.mp4,5498397,0.058036,1,
write,write,,,video_small,pg_bytea,1,01-01-04-02-02-01-13_r01.mp4,5498397,0.153106,1,
write,write,,,video_small,polyglot,1,01-01-04-02-02-01-17_r01.mp4,5498397,0.061928,1,
write,write,,,video_small,pg_bytea,1,01-01-04-02-02-01-17_r01.mp4,5498397,0.163999,1,
write,write,,,video_small,mongo_gridfs,1,01-01-04-02-02-01-17_r01.mp4,5498397,0.055393,1,
write,write,,,video_small,polyglot,1,01-01-04-02-02-02-19_r01.mp4,5498397,0.046303,1,
write,write,,,video_small,mongo_gridfs,1,01-01-04-02-02-02-19_r01.mp4,5498397,0.048538,1,
write,write,,,video_small,pg_bytea,1,01-01-04-02-02-02-19_r01.mp4,5498397,0.145894,1,
write,write,,,video_small,pg_bytea,1,01-01-05-01-01-02-09_r01.mp4,5457041,0.160221,1,
write,write,,,video_small,polyglot,1,01-01-05-01-01-02-09_r01.mp4,5457041,0.044237,1,
write,write,,,video_small,mongo_gridfs,1,01-01-05-01-01-02-09_r01.mp4,5457041,0.046156,1,
write,write,,,video_small,pg_bytea,1,01-01-05-01-01-02-19_r01.mp4,5498397,0.172760,1,
write,write,,,video_small,polyglot,1,01-01-05-01-01-02-19_r01.mp4,5498397,0.042833,1,
write,write,,,video_small,mongo_gridfs,1,01-01-05-01-01-02-19_r01.mp4,5498397,0.047512,1,
write,write,,,video_small,polyglot,1,01-01-05-01-01-02-21_r01.mp4,5457041,0.043682,1,
write,write,,,video_small,mongo_gridfs,1,01-01-05-01-01-02-21_r01.mp4,5457041,0.042685,1,
write,write,,,video_small,pg_bytea,1,01-01-05-01-01-02-21_r01.mp4,5457041,0.274996,1,
write,write,,,video_small,mongo_gridfs,1,01-01-05-01-02-01-19_r01.mp4,5457041,0.039304,1,
write,write,,,video_small,pg_bytea,1,01-01-05-01-02-01-19_r01.mp4,5457041,0.144032,1,
write,write,,,video_small,polyglot,1,01-01-05-01-02-01-19_r01.mp4,5457041,0.044111,1,
write,write,,,video_small,mongo_gridfs,1,01-01-05-01-02-02-04_r01.mp4,5457041,0.043245,1,
write,write,,,video_small,polyglot,1,01-01-05-01-02-02-04_r01.mp4,5457041,0.059714,1,
write,write,,,video_small,pg_bytea,1,01-01-05-01-02-02-04_r01.mp4,5457041,0.372002,1,
write,write,,,video_small,pg_bytea,1,01-01-05-01-02-02-05_r01.mp4,5498397,0.156108,1,
write,write,,,video_small,polyglot,1,01-01-05-01-02-02-05_r01.mp4,5498397,0.053657,1,
write,write,,,video_small,mongo_gridfs,1,01-01-05-01-02-02-05_r01.mp4,5498397,0.043373,1,
write,write,,,video_small,polyglot,1,01-01-05-02-01-02-04_r01.mp4,5457041,0.043968,1,
write,write,,,video_small,pg_bytea,1,01-01-05-02-01-02-04_r01.mp4,5457041,0.148341,1,
write,write,,,video_small,mongo_gridfs,1,01-01-05-02-01-02-04_r01.mp4,5457041,0.045088,1,
write,write,,,video_small,pg_bytea,1,01-01-05-02-01-02-12_r01.mp4,5457041,0.146199,1,
write,write,,,video_small,polyglot,1,01-01-05-02-01-02-12_r01.mp4,5457041,0.044008,1,
write,write,,,video_small,mongo_gridfs,1,01-01-05-02-01-02-12_r01.mp4,5457041,0.101992,1,
write,write,,,video_small,mongo_gridfs,1,01-01-05-02-01-02-14_r01.mp4,5457041,0.100466,1,
write,write,,,video_small,pg_bytea,1,01-01-05-02-01-02-14_r01.mp4,5457041,0.164690,1,
write,write,,,video_small,polyglot,1,01-01-05-02-01-02-14_r01.mp4,5457041,0.055161,1,
write,write,,,video_small,pg_bytea,1,01-01-05-02-02-02-19_r01.mp4,5498397,0.178791,1,
write,write,,,video_small,polyglot,1,01-01-05-02-02-02-19_r01.mp4,5498397,0.046672,1,
write,write,,,video_small,mongo_gridfs,1,01-01-05-02-02-02-19_r01.mp4,5498397,0.043973,1,
write,write,,,video_small,mongo_gridfs,1,01-01-05-02-02-02-20_r01.mp4,5498397,0.055461,1,
write,write,,,video_small,pg_bytea,1,01-01-05-02-02-02-20_r01.mp4,5498397,0.150534,1,
write,write,,,video_small,polyglot,1,01-01-05-02-02-02-20_r01.mp4,5498397,0.046332,1,
write,write,,,video_small,mongo_gridfs,1,01-01-05-02-02-02-23_r01.mp4,5457041,0.053115,1,
write,write,,,video_small,polyglot,1,01-01-05-02-02-02-23_r01.mp4,5457041,0.048645,1,
write,write,,,video_small,pg_bytea,1,01-01-05-02-02-02-23_r01.mp4,5457041,0.170912,1,
write,write,,,video_small,polyglot,1,01-01-06-01-01-01-08_r01.mp4,5457041,0.047014,1,
write,write,,,video_small,pg_bytea,1,01-01-06-01-01-01-08_r01.mp4,5457041,0.137957,1,
write,write,,,video_small,mongo_gridfs,1,01-01-06-01-01-01-08_r01.mp4,5457041,0.060030,1,
write,write,,,video_small,pg_bytea,1,01-01-06-01-01-01-19_r01.mp4,5457041,0.147204,1,
write,write,,,video_small,mongo_gridfs,1,01-01-06-01-01-01-19_r01.mp4,5457041,0.048583,1,
write,write,,,video_small,polyglot,1,01-01-06-01-01-01-19_r01.mp4,5457041,0.044618,1,
write,write,,,video_small,polyglot,1,01-01-06-01-01-01-24_r01.mp4,5498397,0.081166,1,
write,write,,,video_small,pg_bytea,1,01-01-06-01-01-01-24_r01.mp4,5498397,0.149978,1,
write,write,,,video_small,mongo_gridfs,1,01-01-06-01-01-01-24_r01.mp4,5498397,0.053644,1,
write,write,,,video_medium,polyglot,1,tsinghua_v_0024_r01.mp4,13091522,0.111708,1,
write,write,,,video_medium,pg_bytea,1,tsinghua_v_0024_r01.mp4,13091522,0.385115,1,
write,write,,,video_medium,mongo_gridfs,1,tsinghua_v_0024_r01.mp4,13091522,0.168482,1,
write,write,,,video_medium,mongo_gridfs,1,tsinghua_v_0046_r01.mp4,13091522,0.192477,1,
write,write,,,video_medium,polyglot,1,tsinghua_v_0046_r01.mp4,13091522,0.103443,1,
write,write,,,video_medium,pg_bytea,1,tsinghua_v_0046_r01.mp4,13091522,0.406966,1,
write,write,,,video_medium,pg_bytea,1,tsinghua_v_0076_r01.mp4,13091522,0.489755,1,
write,write,,,video_medium,mongo_gridfs,1,tsinghua_v_0076_r01.mp4,13091522,0.122399,1,
write,write,,,video_medium,polyglot,1,tsinghua_v_0076_r01.mp4,13091522,0.112493,1,
write,write,,,video_medium,polyglot,1,tsinghua_v_0080_r01.mp4,13091522,0.106728,1,
write,write,,,video_medium,mongo_gridfs,1,tsinghua_v_0080_r01.mp4,13091522,0.139884,1,
write,write,,,video_medium,pg_bytea,1,tsinghua_v_0080_r01.mp4,13091522,0.388410,1,
write,write,,,video_medium,polyglot,1,tsinghua_v_0109_r01.mp4,13091522,0.096401,1,
write,write,,,video_medium,mongo_gridfs,1,tsinghua_v_0109_r01.mp4,13091522,0.115038,1,
write,write,,,video_medium,pg_bytea,1,tsinghua_v_0109_r01.mp4,13091522,0.741717,1,
write,write,,,video_medium,pg_bytea,1,tsinghua_v_0123_r01.mp4,13091522,0.490589,1,
write,write,,,video_medium,mongo_gridfs,1,tsinghua_v_0123_r01.mp4,13091522,0.118435,1,
write,write,,,video_medium,polyglot,1,tsinghua_v_0123_r01.mp4,13091522,0.128749,1,
write,write,,,video_medium,pg_bytea,1,tsinghua_v_0130_r01.mp4,13091522,0.680031,1,
write,write,,,video_medium,polyglot,1,tsinghua_v_0130_r01.mp4,13091522,0.103872,1,
write,write,,,video_medium,mongo_gridfs,1,tsinghua_v_0130_r01.mp4,13091522,0.099589,1,
write,write,,,video_medium,polyglot,1,tsinghua_v_0135_r01.mp4,13091522,0.179844,1,
write,write,,,video_medium,mongo_gridfs,1,tsinghua_v_0135_r01.mp4,13091522,0.109790,1,
write,write,,,video_medium,pg_bytea,1,tsinghua_v_0135_r01.mp4,13091522,0.396330,1,
write,write,,,video_medium,pg_bytea,1,tsinghua_v_0137_r01.mp4,13091522,0.379859,1,
write,write,,,video_medium,polyglot,1,tsinghua_v_0137_r01.mp4,13091522,0.110420,1,
write,write,,,video_medium,mongo_gridfs,1,tsinghua_v_0137_r01.mp4,13091522,0.116611,1,
write,write,,,video_medium,mongo_gridfs,1,tsinghua_v_0140_r01.mp4,13091522,0.121080,1,
write,write,,,video_medium,pg_bytea,1,tsinghua_v_0140_r01.mp4,13091522,0.396583,1,
write,write,,,video_medium,polyglot,1,tsinghua_v_0140_r01.mp4,13091522,0.097326,1,
write,write,,,video_medium,polyglot,1,tsinghua_v_0151_r01.mp4,13091522,0.192663,1,
write,write,,,video_medium,mongo_gridfs,1,tsinghua_v_0151_r01.mp4,13091522,0.151186,1,
write,write,,,video_medium,pg_bytea,1,tsinghua_v_0151_r01.mp4,13091522,0.653769,1,
write,write,,,video_medium,polyglot,1,tsinghua_v_0157_r01.mp4,13091522,0.102044,1,
write,write,,,video_medium,pg_bytea,1,tsinghua_v_0157_r01.mp4,13091522,0.362713,1,
write,write,,,video_medium,mongo_gridfs,1,tsinghua_v_0157_r01.mp4,13091522,0.093858,1,
write,write,,,video_medium,polyglot,1,tsinghua_v_0209_r01.mp4,13091522,0.096949,1,
write,write,,,video_medium,mongo_gridfs,1,tsinghua_v_0209_r01.mp4,13091522,0.113855,1,
write,write,,,video_medium,pg_bytea,1,tsinghua_v_0209_r01.mp4,13091522,0.365479,1,
write,write,,,video_medium,pg_bytea,1,tsinghua_v_0226_r01.mp4,13091522,0.345056,1,
write,write,,,video_medium,mongo_gridfs,1,tsinghua_v_0226_r01.mp4,13091522,0.118463,1,
write,write,,,video_medium,polyglot,1,tsinghua_v_0226_r01.mp4,13091522,0.107825,1,
write,write,,,video_medium,pg_bytea,1,tsinghua_v_0236_r01.mp4,13091522,0.609119,1,
write,write,,,video_medium,mongo_gridfs,1,tsinghua_v_0236_r01.mp4,13091522,0.113167,1,
write,write,,,video_medium,polyglot,1,tsinghua_v_0236_r01.mp4,13091522,0.097840,1,
write,write,,,video_medium,mongo_gridfs,1,tsinghua_v_0274_r01.mp4,13091522,0.103344,1,
write,write,,,video_medium,polyglot,1,tsinghua_v_0274_r01.mp4,13091522,0.113299,1,
write,write,,,video_medium,pg_bytea,1,tsinghua_v_0274_r01.mp4,13091522,0.411567,1,
write,write,,,video_medium,mongo_gridfs,1,tsinghua_v_0280_r01.mp4,13091522,0.107090,1,
write,write,,,video_medium,polyglot,1,tsinghua_v_0280_r01.mp4,13091522,0.104788,1,
write,write,,,video_medium,pg_bytea,1,tsinghua_v_0280_r01.mp4,13091522,0.366750,1,
write,write,,,video_medium,mongo_gridfs,1,tsinghua_v_0302_r01.mp4,13091522,0.101934,1,
write,write,,,video_medium,polyglot,1,tsinghua_v_0302_r01.mp4,13091522,0.102048,1,
write,write,,,video_medium,pg_bytea,1,tsinghua_v_0302_r01.mp4,13091522,0.392362,1,
write,write,,,video_medium,polyglot,1,tsinghua_v_0311_r01.mp4,13091522,0.108753,1,
write,write,,,video_medium,pg_bytea,1,tsinghua_v_0311_r01.mp4,13091522,0.413891,1,
write,write,,,video_medium,mongo_gridfs,1,tsinghua_v_0311_r01.mp4,13091522,0.110157,1,
write,write,,,video_medium,polyglot,1,tsinghua_v_0316_r01.mp4,13091522,0.094574,1,
write,write,,,video_medium,mongo_gridfs,1,tsinghua_v_0316_r01.mp4,13091522,0.111700,1,
write,write,,,video_medium,pg_bytea,1,tsinghua_v_0316_r01.mp4,13091522,0.725370,1,
write,write,,,video_medium,mongo_gridfs,1,tsinghua_v_0319_r01.mp4,13091522,0.099725,1,
write,write,,,video_medium,polyglot,1,tsinghua_v_0319_r01.mp4,13091522,0.105048,1,
write,write,,,video_medium,pg_bytea,1,tsinghua_v_0319_r01.mp4,13091522,0.495783,1,
write,write,,,video_medium,mongo_gridfs,1,tsinghua_v_0321_r01.mp4,13091522,0.095739,1,
write,write,,,video_medium,polyglot,1,tsinghua_v_0321_r01.mp4,13091522,0.125272,1,
write,write,,,video_medium,pg_bytea,1,tsinghua_v_0321_r01.mp4,13091522,0.406483,1,
write,write,,,video_medium,pg_bytea,1,tsinghua_v_0331_r01.mp4,13091522,0.390749,1,
write,write,,,video_medium,mongo_gridfs,1,tsinghua_v_0331_r01.mp4,13091522,0.141031,1,
write,write,,,video_medium,polyglot,1,tsinghua_v_0331_r01.mp4,13091522,0.194495,1,
write,write,,,video_medium,polyglot,1,tsinghua_v_0345_r01.mp4,13091522,0.115501,1,
write,write,,,video_medium,mongo_gridfs,1,tsinghua_v_0345_r01.mp4,13091522,0.118894,1,
write,write,,,video_medium,pg_bytea,1,tsinghua_v_0345_r01.mp4,13091522,0.589855,1,
write,write,,,video_medium,polyglot,1,tsinghua_v_0356_r01.mp4,13091522,0.117426,1,
write,write,,,video_medium,pg_bytea,1,tsinghua_v_0356_r01.mp4,13091522,0.659939,1,
write,write,,,video_medium,mongo_gridfs,1,tsinghua_v_0356_r01.mp4,13091522,0.120347,1,
write,write,,,video_medium,pg_bytea,1,tsinghua_v_0357_r01.mp4,13091522,0.403142,1,
write,write,,,video_medium,mongo_gridfs,1,tsinghua_v_0357_r01.mp4,13091522,0.097141,1,
write,write,,,video_medium,polyglot,1,tsinghua_v_0357_r01.mp4,13091522,0.092600,1,
write,write,,,video_medium,pg_bytea,1,tsinghua_v_0379_r01.mp4,13091522,0.360578,1,
write,write,,,video_medium,mongo_gridfs,1,tsinghua_v_0379_r01.mp4,13091522,0.117865,1,
write,write,,,video_medium,polyglot,1,tsinghua_v_0379_r01.mp4,13091522,0.116590,1,
write,write,,,video_medium,pg_bytea,1,tsinghua_v_0393_r01.mp4,13091522,0.940399,1,
write,write,,,video_medium,polyglot,1,tsinghua_v_0393_r01.mp4,13091522,0.129645,1,
write,write,,,video_medium,mongo_gridfs,1,tsinghua_v_0393_r01.mp4,13091522,0.155105,1,
write,write,,,video_medium,polyglot,1,tsinghua_v_0421_r01.mp4,13091522,0.126967,1,
write,write,,,video_medium,mongo_gridfs,1,tsinghua_v_0421_r01.mp4,13091522,0.202554,1,
write,write,,,video_medium,pg_bytea,1,tsinghua_v_0421_r01.mp4,13091522,0.571116,1,
write,write,,,video_medium,mongo_gridfs,1,tsinghua_v_0424_r01.mp4,13091522,0.127123,1,
write,write,,,video_medium,polyglot,1,tsinghua_v_0424_r01.mp4,13091522,0.122652,1,
write,write,,,video_medium,pg_bytea,1,tsinghua_v_0424_r01.mp4,13091522,0.432609,1,
write,write,,,video_medium,pg_bytea,1,tsinghua_v_0427_r01.mp4,13091522,0.409974,1,
write,write,,,video_medium,mongo_gridfs,1,tsinghua_v_0427_r01.mp4,13091522,0.116416,1,
write,write,,,video_medium,polyglot,1,tsinghua_v_0427_r01.mp4,13091522,0.123519,1,
write,write,,,video_medium,polyglot,1,tsinghua_v_0431_r01.mp4,13091522,0.116234,1,
write,write,,,video_medium,mongo_gridfs,1,tsinghua_v_0431_r01.mp4,13091522,0.222955,1,
write,write,,,video_medium,pg_bytea,1,tsinghua_v_0431_r01.mp4,13091522,1.952445,1,
write,write,,,video_medium,pg_bytea,1,tsinghua_v_0452_r01.mp4,13091522,0.528638,1,
write,write,,,video_medium,polyglot,1,tsinghua_v_0452_r01.mp4,13091522,0.137808,1,
write,write,,,video_medium,mongo_gridfs,1,tsinghua_v_0452_r01.mp4,13091522,0.146551,1,
write,write,,,video_medium,mongo_gridfs,1,tsinghua_v_0454_r01.mp4,13091522,0.164569,1,
write,write,,,video_medium,pg_bytea,1,tsinghua_v_0454_r01.mp4,13091522,0.889783,1,
write,write,,,video_medium,polyglot,1,tsinghua_v_0454_r01.mp4,13091522,0.126880,1,
write,write,,,video_medium,polyglot,1,tsinghua_v_0457_r01.mp4,13091522,0.118108,1,
write,write,,,video_medium,mongo_gridfs,1,tsinghua_v_0457_r01.mp4,13091522,0.128929,1,
write,write,,,video_medium,pg_bytea,1,tsinghua_v_0457_r01.mp4,13091522,1.153029,1,
write,write,,,video_medium,polyglot,1,tsinghua_v_0466_r01.mp4,13091522,0.121271,1,
write,write,,,video_medium,pg_bytea,1,tsinghua_v_0466_r01.mp4,13091522,0.910737,1,
write,write,,,video_medium,mongo_gridfs,1,tsinghua_v_0466_r01.mp4,13091522,0.128280,1,
write,write,,,video_medium,pg_bytea,1,tsinghua_v_0471_r01.mp4,13091522,0.580670,1,
write,write,,,video_medium,polyglot,1,tsinghua_v_0471_r01.mp4,13091522,0.283367,1,
write,write,,,video_medium,mongo_gridfs,1,tsinghua_v_0471_r01.mp4,13091522,0.118417,1,
write,write,,,video_medium,polyglot,1,tsinghua_v_0472_r01.mp4,13091522,0.120387,1,
write,write,,,video_medium,mongo_gridfs,1,tsinghua_v_0472_r01.mp4,13091522,0.289107,1,
write,write,,,video_medium,pg_bytea,1,tsinghua_v_0472_r01.mp4,13091522,0.566611,1,
write,write,,,video_medium,polyglot,1,tsinghua_v_0494_r01.mp4,13091522,0.314976,1,
write,write,,,video_medium,pg_bytea,1,tsinghua_v_0494_r01.mp4,13091522,0.829025,1,
write,write,,,video_medium,mongo_gridfs,1,tsinghua_v_0494_r01.mp4,13091522,0.107019,1,
write,write,,,video_medium,mongo_gridfs,1,tsinghua_v_0503_r01.mp4,13091522,0.222493,1,
write,write,,,video_medium,polyglot,1,tsinghua_v_0503_r01.mp4,13091522,0.218219,1,
write,write,,,video_medium,pg_bytea,1,tsinghua_v_0503_r01.mp4,13091522,0.620801,1,
write,write,,,video_medium,pg_bytea,1,tsinghua_v_0509_r01.mp4,13091522,0.724100,1,
write,write,,,video_medium,polyglot,1,tsinghua_v_0509_r01.mp4,13091522,0.150039,1,
write,write,,,video_medium,mongo_gridfs,1,tsinghua_v_0509_r01.mp4,13091522,0.140095,1,
write,write,,,video_medium,pg_bytea,1,tsinghua_v_0523_r01.mp4,13091522,0.421574,1,
write,write,,,video_medium,mongo_gridfs,1,tsinghua_v_0523_r01.mp4,13091522,0.130181,1,
write,write,,,video_medium,polyglot,1,tsinghua_v_0523_r01.mp4,13091522,0.265647,1,
write,write,,,video_medium,mongo_gridfs,1,tsinghua_v_0546_r01.mp4,13091522,0.137355,1,
write,write,,,video_medium,pg_bytea,1,tsinghua_v_0546_r01.mp4,13091522,0.560083,1,
write,write,,,video_medium,polyglot,1,tsinghua_v_0546_r01.mp4,13091522,0.237767,1,
write,write,,,video_medium,mongo_gridfs,1,tsinghua_v_0568_r01.mp4,13091522,0.123514,1,
write,write,,,video_medium,pg_bytea,1,tsinghua_v_0568_r01.mp4,13091522,0.751872,1,
write,write,,,video_medium,polyglot,1,tsinghua_v_0568_r01.mp4,13091522,0.111361,1,
write,write,,,video_medium,polyglot,1,tsinghua_v_0594_r01.mp4,13091522,0.131423,1,
write,write,,,video_medium,pg_bytea,1,tsinghua_v_0594_r01.mp4,13091522,0.802630,1,
write,write,,,video_medium,mongo_gridfs,1,tsinghua_v_0594_r01.mp4,13091522,0.124636,1,
write,write,,,video_medium,pg_bytea,1,tsinghua_v_0596_r01.mp4,13091522,0.526874,1,
write,write,,,video_medium,mongo_gridfs,1,tsinghua_v_0596_r01.mp4,13091522,0.112698,1,
write,write,,,video_medium,polyglot,1,tsinghua_v_0596_r01.mp4,13091522,0.112390,1,
write,write,,,video_medium,polyglot,1,tsinghua_v_0635_r01.mp4,13091522,0.260145,1,
write,write,,,video_medium,mongo_gridfs,1,tsinghua_v_0635_r01.mp4,13091522,0.287682,1,
write,write,,,video_medium,pg_bytea,1,tsinghua_v_0635_r01.mp4,13091522,0.805308,1,
write,write,,,video_medium,polyglot,1,tsinghua_v_0653_r01.mp4,13091522,0.146201,1,
write,write,,,video_medium,mongo_gridfs,1,tsinghua_v_0653_r01.mp4,13091522,0.119499,1,
write,write,,,video_medium,pg_bytea,1,tsinghua_v_0653_r01.mp4,13091522,0.439317,1,
write,write,,,video_medium,mongo_gridfs,1,tsinghua_v_0667_r01.mp4,13091522,0.110074,1,
write,write,,,video_medium,pg_bytea,1,tsinghua_v_0667_r01.mp4,13091522,0.730202,1,
write,write,,,video_medium,polyglot,1,tsinghua_v_0667_r01.mp4,13091522,0.099917,1,
write,write,,,video_medium,pg_bytea,1,tsinghua_v_0673_r01.mp4,13091522,0.634281,1,
write,write,,,video_medium,mongo_gridfs,1,tsinghua_v_0673_r01.mp4,13091522,0.114500,1,
write,write,,,video_medium,polyglot,1,tsinghua_v_0673_r01.mp4,13091522,0.170428,1,
write,write,,,video_medium,mongo_gridfs,1,tsinghua_v_0681_r01.mp4,13091522,0.285218,1,
write,write,,,video_medium,pg_bytea,1,tsinghua_v_0681_r01.mp4,13091522,0.900574,1,
write,write,,,video_medium,polyglot,1,tsinghua_v_0681_r01.mp4,13091522,0.150145,1,
write,write,,,video_medium,pg_bytea,1,tsinghua_v_0690_r01.mp4,13091522,0.525176,1,
write,write,,,video_medium,mongo_gridfs,1,tsinghua_v_0690_r01.mp4,13091522,0.114067,1,
write,write,,,video_medium,polyglot,1,tsinghua_v_0690_r01.mp4,13091522,0.236546,1,
write,write,,,video_medium,mongo_gridfs,1,tsinghua_v_0692_r01.mp4,13091522,0.373685,1,
write,write,,,video_medium,pg_bytea,1,tsinghua_v_0692_r01.mp4,13091522,0.959782,1,
write,write,,,video_medium,polyglot,1,tsinghua_v_0692_r01.mp4,13091522,0.145502,1,
write,write,,,video_medium,pg_bytea,1,tsinghua_v_0696_r01.mp4,13091522,0.894894,1,
write,write,,,video_medium,mongo_gridfs,1,tsinghua_v_0696_r01.mp4,13091522,0.244302,1,
write,write,,,video_medium,polyglot,1,tsinghua_v_0696_r01.mp4,13091522,0.111257,1,
write,write,,,video_medium,pg_bytea,1,tsinghua_v_0734_r01.mp4,13091522,0.861933,1,
write,write,,,video_medium,mongo_gridfs,1,tsinghua_v_0734_r01.mp4,13091522,0.205109,1,
write,write,,,video_medium,polyglot,1,tsinghua_v_0734_r01.mp4,13091522,0.134665,1,
write,write,,,video_medium,mongo_gridfs,1,tsinghua_v_0737_r01.mp4,13091522,0.343478,1,
write,write,,,video_medium,polyglot,1,tsinghua_v_0737_r01.mp4,13091522,0.245822,1,
write,write,,,video_medium,pg_bytea,1,tsinghua_v_0737_r01.mp4,13091522,0.511160,1,
write,write,,,video_medium,pg_bytea,1,tsinghua_v_0744_r01.mp4,13091522,0.480948,1,
write,write,,,video_medium,mongo_gridfs,1,tsinghua_v_0744_r01.mp4,13091522,0.124583,1,
write,write,,,video_medium,polyglot,1,tsinghua_v_0744_r01.mp4,13091522,0.102976,1,
write,write,,,video_medium,pg_bytea,1,tsinghua_v_0745_r01.mp4,13091522,0.603355,1,
write,write,,,video_medium,polyglot,1,tsinghua_v_0745_r01.mp4,13091522,0.158457,1,
write,write,,,video_medium,mongo_gridfs,1,tsinghua_v_0745_r01.mp4,13091522,0.149789,1,
write,write,,,video_medium,polyglot,1,tsinghua_v_0769_r01.mp4,13091522,0.398472,1,
write,write,,,video_medium,mongo_gridfs,1,tsinghua_v_0769_r01.mp4,13091522,0.117656,1,
write,write,,,video_medium,pg_bytea,1,tsinghua_v_0769_r01.mp4,13091522,0.964669,1,
write,write,,,video_medium,pg_bytea,1,tsinghua_v_0791_r01.mp4,13091522,0.624806,1,
write,write,,,video_medium,mongo_gridfs,1,tsinghua_v_0791_r01.mp4,13091522,0.128495,1,
write,write,,,video_medium,polyglot,1,tsinghua_v_0791_r01.mp4,13091522,0.133016,1,
write,write,,,video_medium,mongo_gridfs,1,tsinghua_v_0792_r01.mp4,13091522,0.114709,1,
write,write,,,video_medium,pg_bytea,1,tsinghua_v_0792_r01.mp4,13091522,0.526291,1,
write,write,,,video_medium,polyglot,1,tsinghua_v_0792_r01.mp4,13091522,0.118561,1,
write,write,,,video_medium,polyglot,1,tsinghua_v_0857_r01.mp4,13091522,0.111384,1,
write,write,,,video_medium,pg_bytea,1,tsinghua_v_0857_r01.mp4,13091522,0.635154,1,
write,write,,,video_medium,mongo_gridfs,1,tsinghua_v_0857_r01.mp4,13091522,0.178745,1,
write,write,,,video_medium,pg_bytea,1,tsinghua_v_0866_r01.mp4,13091522,0.614361,1,
write,write,,,video_medium,mongo_gridfs,1,tsinghua_v_0866_r01.mp4,13091522,0.130757,1,
write,write,,,video_medium,polyglot,1,tsinghua_v_0866_r01.mp4,13091522,0.177305,1,
write,write,,,video_medium,polyglot,1,tsinghua_v_0880_r01.mp4,13091522,0.287147,1,
write,write,,,video_medium,mongo_gridfs,1,tsinghua_v_0880_r01.mp4,13091522,0.147514,1,
write,write,,,video_medium,pg_bytea,1,tsinghua_v_0880_r01.mp4,13091522,0.672324,1,
write,write,,,video_medium,polyglot,1,tsinghua_v_0888_r01.mp4,13091522,0.110907,1,
write,write,,,video_medium,pg_bytea,1,tsinghua_v_0888_r01.mp4,13091522,0.427324,1,
write,write,,,video_medium,mongo_gridfs,1,tsinghua_v_0888_r01.mp4,13091522,0.104253,1,
write,write,,,video_medium,mongo_gridfs,1,tsinghua_v_0901_r01.mp4,13091522,0.095523,1,
write,write,,,video_medium,polyglot,1,tsinghua_v_0901_r01.mp4,13091522,0.101150,1,
write,write,,,video_medium,pg_bytea,1,tsinghua_v_0901_r01.mp4,13091522,0.441015,1,
write,write,,,video_medium,polyglot,1,tsinghua_v_0937_r01.mp4,13091522,0.091290,1,
write,write,,,video_medium,pg_bytea,1,tsinghua_v_0937_r01.mp4,13091522,0.430784,1,
write,write,,,video_medium,mongo_gridfs,1,tsinghua_v_0937_r01.mp4,13091522,0.106413,1,
write,write,,,video_medium,polyglot,1,tsinghua_v_0939_r01.mp4,13091522,0.099522,1,
write,write,,,video_medium,mongo_gridfs,1,tsinghua_v_0939_r01.mp4,13091522,0.133760,1,
write,write,,,video_medium,pg_bytea,1,tsinghua_v_0939_r01.mp4,13091522,0.817056,1,
write,write,,,video_medium,mongo_gridfs,1,tsinghua_v_0961_r01.mp4,13091522,0.101073,1,
write,write,,,video_medium,polyglot,1,tsinghua_v_0961_r01.mp4,13091522,0.103642,1,
write,write,,,video_medium,pg_bytea,1,tsinghua_v_0961_r01.mp4,13091522,0.401410,1,
write,write,,,video_medium,pg_bytea,1,tsinghua_v_0977_r01.mp4,13091522,0.395202,1,
write,write,,,video_medium,mongo_gridfs,1,tsinghua_v_0977_r01.mp4,13091522,0.099218,1,
write,write,,,video_medium,polyglot,1,tsinghua_v_0977_r01.mp4,13091522,0.110083,1,
write,write,,,audio_small,mongo_gridfs,2,03-01-01-01-01-02-19_r02.wav,375720,0.023906,1,
write,write,,,audio_small,polyglot,2,03-01-01-01-01-02-19_r02.wav,375720,0.008838,1,
write,write,,,audio_small,pg_bytea,2,03-01-01-01-01-02-19_r02.wav,375720,0.022440,1,
write,write,,,audio_small,pg_bytea,2,03-01-01-01-02-02-05_r02.wav,396294,0.011343,1,
write,write,,,audio_small,polyglot,2,03-01-01-01-02-02-05_r02.wav,396294,0.018200,1,
write,write,,,audio_small,mongo_gridfs,2,03-01-01-01-02-02-05_r02.wav,396294,0.006565,1,
write,write,,,audio_small,polyglot,2,03-01-01-01-02-02-06_r02.wav,363108,0.005964,1,
write,write,,,audio_small,pg_bytea,2,03-01-01-01-02-02-06_r02.wav,363108,0.029209,1,
write,write,,,audio_small,mongo_gridfs,2,03-01-01-01-02-02-06_r02.wav,363108,0.007777,1,
write,write,,,audio_small,polyglot,2,03-01-01-01-02-02-07_r02.wav,363108,0.005037,1,
write,write,,,audio_small,pg_bytea,2,03-01-01-01-02-02-07_r02.wav,363108,0.010776,1,
write,write,,,audio_small,mongo_gridfs,2,03-01-01-01-02-02-07_r02.wav,363108,0.008068,1,
write,write,,,audio_small,mongo_gridfs,2,03-01-01-01-02-02-11_r02.wav,375720,0.007118,1,
write,write,,,audio_small,polyglot,2,03-01-01-01-02-02-11_r02.wav,375720,0.011696,1,
write,write,,,audio_small,pg_bytea,2,03-01-01-01-02-02-11_r02.wav,375720,0.026201,1,
write,write,,,audio_small,pg_bytea,2,03-01-01-01-02-02-12_r02.wav,372698,0.010558,1,
write,write,,,audio_small,polyglot,2,03-01-01-01-02-02-12_r02.wav,372698,0.005604,1,
write,write,,,audio_small,mongo_gridfs,2,03-01-01-01-02-02-12_r02.wav,372698,0.006531,1,
write,write,,,audio_small,pg_bytea,2,03-01-01-01-02-02-13_r02.wav,363108,0.013235,1,
write,write,,,audio_small,polyglot,2,03-01-01-01-02-02-13_r02.wav,363108,0.006253,1,
write,write,,,audio_small,mongo_gridfs,2,03-01-01-01-02-02-13_r02.wav,363108,0.008045,1,
write,write,,,audio_small,pg_bytea,2,03-01-01-02-01-02-05_r02.wav,393086,0.011998,1,
write,write,,,audio_small,polyglot,2,03-01-01-02-01-02-05_r02.wav,393086,0.005873,1,
write,write,,,audio_small,mongo_gridfs,2,03-01-01-02-01-02-05_r02.wav,393086,0.004254,1,
write,write,,,audio_small,mongo_gridfs,2,03-01-01-02-01-02-06_r02.wav,363108,0.006124,1,
write,write,,,audio_small,pg_bytea,2,03-01-01-02-01-02-06_r02.wav,363108,0.011649,1,
write,write,,,audio_small,polyglot,2,03-01-01-02-01-02-06_r02.wav,363108,0.007396,1,
write,write,,,audio_small,polyglot,2,03-01-01-02-01-02-07_r02.wav,372698,0.005228,1,
write,write,,,audio_small,pg_bytea,2,03-01-01-02-01-02-07_r02.wav,372698,0.011369,1,
write,write,,,audio_small,mongo_gridfs,2,03-01-01-02-01-02-07_r02.wav,372698,0.005562,1,
write,write,,,audio_small,polyglot,2,03-01-01-02-01-02-13_r02.wav,399494,0.005586,1,
write,write,,,audio_small,pg_bytea,2,03-01-01-02-01-02-13_r02.wav,399494,0.011908,1,
write,write,,,audio_small,mongo_gridfs,2,03-01-01-02-01-02-13_r02.wav,399494,0.005952,1,
write,write,,,audio_small,mongo_gridfs,2,03-01-01-02-02-02-19_r02.wav,372698,0.006259,1,
write,write,,,audio_small,polyglot,2,03-01-01-02-02-02-19_r02.wav,372698,0.005810,1,
write,write,,,audio_small,pg_bytea,2,03-01-01-02-02-02-19_r02.wav,372698,0.011125,1,
write,write,,,audio_small,pg_bytea,2,03-01-02-01-01-01-19_r02.wav,372698,0.011717,1,
write,write,,,audio_small,polyglot,2,03-01-02-01-01-01-19_r02.wav,372698,0.006771,1,
write,write,,,audio_small,mongo_gridfs,2,03-01-02-01-01-01-19_r02.wav,372698,0.005772,1,
write,write,,,audio_small,mongo_gridfs,2,03-01-02-01-02-01-06_r02.wav,363108,0.006703,1,
write,write,,,audio_small,polyglot,2,03-01-02-01-02-01-06_r02.wav,363108,0.005424,1,
write,write,,,audio_small,pg_bytea,2,03-01-02-01-02-01-06_r02.wav,363108,0.015439,1,
write,write,,,audio_small,polyglot,2,03-01-02-01-02-01-07_r02.wav,399494,0.009618,1,
write,write,,,audio_small,pg_bytea,2,03-01-02-01-02-01-07_r02.wav,399494,0.010601,1,
write,write,,,audio_small,mongo_gridfs,2,03-01-02-01-02-01-07_r02.wav,399494,0.008062,1,
write,write,,,audio_small,polyglot,2,03-01-02-01-02-01-11_r02.wav,375720,0.005755,1,
write,write,,,audio_small,pg_bytea,2,03-01-02-01-02-01-11_r02.wav,375720,0.011644,1,
write,write,,,audio_small,mongo_gridfs,2,03-01-02-01-02-01-11_r02.wav,375720,0.006104,1,
write,write,,,audio_small,mongo_gridfs,2,03-01-02-01-02-01-12_r02.wav,372698,0.005899,1,
write,write,,,audio_small,pg_bytea,2,03-01-02-01-02-01-12_r02.wav,372698,0.011748,1,
write,write,,,audio_small,polyglot,2,03-01-02-01-02-01-12_r02.wav,372698,0.007668,1,
write,write,,,audio_small,mongo_gridfs,2,03-01-02-01-02-01-13_r02.wav,379106,0.007432,1,
write,write,,,audio_small,pg_bytea,2,03-01-02-01-02-01-13_r02.wav,379106,0.012324,1,
write,write,,,audio_small,polyglot,2,03-01-02-01-02-01-13_r02.wav,379106,0.007842,1,
write,write,,,audio_small,pg_bytea,2,03-01-02-02-01-01-05_r02.wav,363108,0.012438,1,
write,write,,,audio_small,mongo_gridfs,2,03-01-02-02-01-01-05_r02.wav,363108,0.005448,1,
write,write,,,audio_small,polyglot,2,03-01-02-02-01-01-05_r02.wav,363108,0.004943,1,
write,write,,,audio_small,pg_bytea,2,03-01-02-02-01-01-11_r02.wav,363108,0.009738,1,
write,write,,,audio_small,mongo_gridfs,2,03-01-02-02-01-01-11_r02.wav,363108,0.007127,1,
write,write,,,audio_small,polyglot,2,03-01-02-02-01-01-11_r02.wav,363108,0.005538,1,
write,write,,,audio_small,polyglot,2,03-01-02-02-01-01-12_r02.wav,399494,0.009669,1,
write,write,,,audio_small,pg_bytea,2,03-01-02-02-01-01-12_r02.wav,399494,0.018223,1,
write,write,,,audio_small,mongo_gridfs,2,03-01-02-02-01-01-12_r02.wav,399494,0.005621,1,
write,write,,,audio_small,pg_bytea,2,03-01-02-02-01-01-13_r02.wav,399494,0.013442,1,
write,write,,,audio_small,polyglot,2,03-01-02-02-01-01-13_r02.wav,399494,0.009226,1,
write,write,,,audio_small,mongo_gridfs,2,03-01-02-02-01-01-13_r02.wav,399494,0.005418,1,
write,write,,,audio_small,pg_bytea,2,03-01-02-02-02-01-19_r02.wav,379106,0.011360,1,
write,write,,,audio_small,polyglot,2,03-01-02-02-02-01-19_r02.wav,379106,0.006559,1,
write,write,,,audio_small,mongo_gridfs,2,03-01-02-02-02-01-19_r02.wav,379106,0.006478,1,
write,write,,,audio_small,polyglot,2,03-01-03-01-01-02-05_r02.wav,396294,0.005582,1,
write,write,,,audio_small,mongo_gridfs,2,03-01-03-01-01-02-05_r02.wav,396294,0.005189,1,
write,write,,,audio_small,pg_bytea,2,03-01-03-01-01-02-05_r02.wav,396294,0.012030,1,
write,write,,,audio_small,mongo_gridfs,2,03-01-03-01-01-02-07_r02.wav,393086,0.006550,1,
write,write,,,audio_small,pg_bytea,2,03-01-03-01-01-02-07_r02.wav,393086,0.012037,1,
write,write,,,audio_small,polyglot,2,03-01-03-01-01-02-07_r02.wav,393086,0.007049,1,
write,write,,,audio_small,pg_bytea,2,03-01-03-01-01-02-12_r02.wav,399494,0.012751,1,
write,write,,,audio_small,mongo_gridfs,2,03-01-03-01-01-02-12_r02.wav,399494,0.005944,1,
write,write,,,audio_small,polyglot,2,03-01-03-01-01-02-12_r02.wav,399494,0.005248,1,
write,write,,,audio_small,mongo_gridfs,2,03-01-03-01-01-02-13_r02.wav,399494,0.004787,1,
write,write,,,audio_small,polyglot,2,03-01-03-01-01-02-13_r02.wav,399494,0.005920,1,
write,write,,,audio_small,pg_bytea,2,03-01-03-01-01-02-13_r02.wav,399494,0.011936,1,
write,write,,,audio_small,pg_bytea,2,03-01-03-01-02-02-18_r02.wav,393086,0.012938,1,
write,write,,,audio_small,mongo_gridfs,2,03-01-03-01-02-02-18_r02.wav,393086,0.005612,1,
write,write,,,audio_small,polyglot,2,03-01-03-01-02-02-18_r02.wav,393086,0.011308,1,
write,write,,,audio_small,mongo_gridfs,2,03-01-03-01-02-02-19_r02.wav,399494,0.006382,1,
write,write,,,audio_small,polyglot,2,03-01-03-01-02-02-19_r02.wav,399494,0.005523,1,
write,write,,,audio_small,pg_bytea,2,03-01-03-01-02-02-19_r02.wav,399494,0.012817,1,
write,write,,,audio_small,mongo_gridfs,2,03-01-03-02-01-02-18_r02.wav,396294,0.006250,1,
write,write,,,audio_small,polyglot,2,03-01-03-02-01-02-18_r02.wav,396294,0.006284,1,
write,write,,,audio_small,pg_bytea,2,03-01-03-02-01-02-18_r02.wav,396294,0.013498,1,
write,write,,,audio_small,mongo_gridfs,2,03-01-03-02-01-02-19_r02.wav,372698,0.008061,1,
write,write,,,audio_small,polyglot,2,03-01-03-02-01-02-19_r02.wav,372698,0.007029,1,
write,write,,,audio_small,pg_bytea,2,03-01-03-02-01-02-19_r02.wav,372698,0.016048,1,
write,write,,,audio_small,mongo_gridfs,2,03-01-03-02-02-02-04_r02.wav,379106,0.010136,1,
write,write,,,audio_small,polyglot,2,03-01-03-02-02-02-04_r02.wav,379106,0.008132,1,
write,write,,,audio_small,pg_bytea,2,03-01-03-02-02-02-04_r02.wav,379106,0.021323,1,
write,write,,,audio_small,mongo_gridfs,2,03-01-03-02-02-02-06_r02.wav,399494,0.006651,1,
write,write,,,audio_small,pg_bytea,2,03-01-03-02-02-02-06_r02.wav,399494,0.024423,1,
write,write,,,audio_small,polyglot,2,03-01-03-02-02-02-06_r02.wav,399494,0.007783,1,
write,write,,,audio_small,mongo_gridfs,2,03-01-03-02-02-02-07_r02.wav,393086,0.007198,1,
write,write,,,audio_small,pg_bytea,2,03-01-03-02-02-02-07_r02.wav,393086,0.024103,1,
write,write,,,audio_small,polyglot,2,03-01-03-02-02-02-07_r02.wav,393086,0.007190,1,
write,write,,,audio_small,pg_bytea,2,03-01-03-02-02-02-10_r02.wav,375720,0.026243,1,
write,write,,,audio_small,polyglot,2,03-01-03-02-02-02-10_r02.wav,375720,0.007123,1,
write,write,,,audio_small,mongo_gridfs,2,03-01-03-02-02-02-10_r02.wav,375720,0.005872,1,
write,write,,,audio_small,polyglot,2,03-01-03-02-02-02-11_r02.wav,396294,0.004988,1,
write,write,,,audio_small,pg_bytea,2,03-01-03-02-02-02-11_r02.wav,396294,0.019042,1,
write,write,,,audio_small,mongo_gridfs,2,03-01-03-02-02-02-11_r02.wav,396294,0.005743,1,
write,write,,,audio_small,polyglot,2,03-01-03-02-02-02-13_r02.wav,399494,0.006862,1,
write,write,,,audio_small,pg_bytea,2,03-01-03-02-02-02-13_r02.wav,399494,0.015451,1,
write,write,,,audio_small,mongo_gridfs,2,03-01-03-02-02-02-13_r02.wav,399494,0.006279,1,
write,write,,,audio_small,pg_bytea,2,03-01-04-01-01-02-01_r02.wav,396294,0.011336,1,
write,write,,,audio_small,mongo_gridfs,2,03-01-04-01-01-02-01_r02.wav,396294,0.008432,1,
write,write,,,audio_small,polyglot,2,03-01-04-01-01-02-01_r02.wav,396294,0.004856,1,
write,write,,,audio_small,pg_bytea,2,03-01-04-01-01-02-02_r02.wav,379106,0.011714,1,
write,write,,,audio_small,mongo_gridfs,2,03-01-04-01-01-02-02_r02.wav,379106,0.005103,1,
write,write,,,audio_small,polyglot,2,03-01-04-01-01-02-02_r02.wav,379106,0.004133,1,
write,write,,,audio_small,pg_bytea,2,03-01-04-01-01-02-16_r02.wav,379106,0.008938,1,
write,write,,,audio_small,polyglot,2,03-01-04-01-01-02-16_r02.wav,379106,0.006320,1,
write,write,,,audio_small,mongo_gridfs,2,03-01-04-01-01-02-16_r02.wav,379106,0.006222,1,
write,write,,,audio_small,mongo_gridfs,2,03-01-04-01-02-02-08_r02.wav,372698,0.005228,1,
write,write,,,audio_small,pg_bytea,2,03-01-04-01-02-02-08_r02.wav,372698,0.011934,1,
write,write,,,audio_small,polyglot,2,03-01-04-01-02-02-08_r02.wav,372698,0.013382,1,
write,write,,,audio_small,polyglot,2,03-01-04-01-02-02-09_r02.wav,363108,0.006445,1,
write,write,,,audio_small,pg_bytea,2,03-01-04-01-02-02-09_r02.wav,363108,0.019316,1,
write,write,,,audio_small,mongo_gridfs,2,03-01-04-01-02-02-09_r02.wav,363108,0.005800,1,
write,write,,,audio_small,pg_bytea,2,03-01-04-01-02-02-20_r02.wav,396294,0.012089,1,
write,write,,,audio_small,mongo_gridfs,2,03-01-04-01-02-02-20_r02.wav,396294,0.009569,1,
write,write,,,audio_small,polyglot,2,03-01-04-01-02-02-20_r02.wav,396294,0.005277,1,
write,write,,,audio_small,pg_bytea,2,03-01-04-01-02-02-21_r02.wav,363108,0.014675,1,
write,write,,,audio_small,mongo_gridfs,2,03-01-04-01-02-02-21_r02.wav,363108,0.013157,1,
write,write,,,audio_small,polyglot,2,03-01-04-01-02-02-21_r02.wav,363108,0.005906,1,
write,write,,,audio_small,pg_bytea,2,03-01-04-01-02-02-22_r02.wav,372698,0.010180,1,
write,write,,,audio_small,polyglot,2,03-01-04-01-02-02-22_r02.wav,372698,0.007820,1,
write,write,,,audio_small,mongo_gridfs,2,03-01-04-01-02-02-22_r02.wav,372698,0.005287,1,
write,write,,,audio_small,mongo_gridfs,2,03-01-04-01-02-02-23_r02.wav,363108,0.005220,1,
write,write,,,audio_small,pg_bytea,2,03-01-04-01-02-02-23_r02.wav,363108,0.010777,1,
write,write,,,audio_small,polyglot,2,03-01-04-01-02-02-23_r02.wav,363108,0.007162,1,
write,write,,,audio_small,pg_bytea,2,03-01-04-02-01-02-09_r02.wav,379106,0.010097,1,
write,write,,,audio_small,mongo_gridfs,2,03-01-04-02-01-02-09_r02.wav,379106,0.006667,1,
write,write,,,audio_small,polyglot,2,03-01-04-02-01-02-09_r02.wav,379106,0.006174,1,
write,write,,,audio_small,pg_bytea,2,03-01-04-02-01-02-20_r02.wav,379106,0.012532,1,
write,write,,,audio_small,polyglot,2,03-01-04-02-01-02-20_r02.wav,379106,0.006222,1,
write,write,,,audio_small,mongo_gridfs,2,03-01-04-02-01-02-20_r02.wav,379106,0.004677,1,
write,write,,,audio_small,polyglot,2,03-01-04-02-01-02-21_r02.wav,393086,0.005214,1,
write,write,,,audio_small,mongo_gridfs,2,03-01-04-02-01-02-21_r02.wav,393086,0.004681,1,
write,write,,,audio_small,pg_bytea,2,03-01-04-02-01-02-21_r02.wav,393086,0.011844,1,
write,write,,,audio_small,mongo_gridfs,2,03-01-04-02-01-02-22_r02.wav,379106,0.006190,1,
write,write,,,audio_small,polyglot,2,03-01-04-02-01-02-22_r02.wav,379106,0.005542,1,
write,write,,,audio_small,pg_bytea,2,03-01-04-02-01-02-22_r02.wav,379106,0.009823,1,
write,write,,,audio_small,polyglot,2,03-01-04-02-02-02-14_r02.wav,375720,0.004815,1,
write,write,,,audio_small,mongo_gridfs,2,03-01-04-02-02-02-14_r02.wav,375720,0.004029,1,
write,write,,,audio_small,pg_bytea,2,03-01-04-02-02-02-14_r02.wav,375720,0.009307,1,
write,write,,,audio_small,pg_bytea,2,03-01-04-02-02-02-15_r02.wav,379106,0.009767,1,
write,write,,,audio_small,mongo_gridfs,2,03-01-04-02-02-02-15_r02.wav,379106,0.004924,1,
write,write,,,audio_small,polyglot,2,03-01-04-02-02-02-15_r02.wav,379106,0.004850,1,
write,write,,,audio_small,mongo_gridfs,2,03-01-04-02-02-02-16_r02.wav,375720,0.006211,1,
write,write,,,audio_small,pg_bytea,2,03-01-04-02-02-02-16_r02.wav,375720,0.009379,1,
write,write,,,audio_small,polyglot,2,03-01-04-02-02-02-16_r02.wav,375720,0.006183,1,
write,write,,,audio_small,mongo_gridfs,2,03-01-04-02-02-02-17_r02.wav,363108,0.006351,1,
write,write,,,audio_small,polyglot,2,03-01-04-02-02-02-17_r02.wav,363108,0.004573,1,
write,write,,,audio_small,pg_bytea,2,03-01-04-02-02-02-17_r02.wav,363108,0.010962,1,
write,write,,,audio_small,mongo_gridfs,2,03-01-05-01-01-01-09_r02.wav,393086,0.005490,1,
write,write,,,audio_small,polyglot,2,03-01-05-01-01-01-09_r02.wav,393086,0.005987,1,
write,write,,,audio_small,pg_bytea,2,03-01-05-01-01-01-09_r02.wav,393086,0.011660,1,
write,write,,,audio_small,polyglot,2,03-01-05-01-01-01-22_r02.wav,393086,0.005650,1,
write,write,,,audio_small,pg_bytea,2,03-01-05-01-01-01-22_r02.wav,393086,0.011006,1,
write,write,,,audio_small,mongo_gridfs,2,03-01-05-01-01-01-22_r02.wav,393086,0.005400,1,
write,write,,,audio_small,polyglot,2,03-01-05-01-02-01-02_r02.wav,372698,0.004971,1,
write,write,,,audio_small,mongo_gridfs,2,03-01-05-01-02-01-02_r02.wav,372698,0.004329,1,
write,write,,,audio_small,pg_bytea,2,03-01-05-01-02-01-02_r02.wav,372698,0.009789,1,
write,write,,,audio_small,mongo_gridfs,2,03-01-05-01-02-01-03_r02.wav,396294,0.005651,1,
write,write,,,audio_small,pg_bytea,2,03-01-05-01-02-01-03_r02.wav,396294,0.010701,1,
write,write,,,audio_small,polyglot,2,03-01-05-01-02-01-03_r02.wav,396294,0.007383,1,
write,write,,,audio_small,mongo_gridfs,2,03-01-05-01-02-01-15_r02.wav,363108,0.005109,1,
write,write,,,audio_small,pg_bytea,2,03-01-05-01-02-01-15_r02.wav,363108,0.009848,1,
write,write,,,audio_small,polyglot,2,03-01-05-01-02-01-15_r02.wav,363108,0.005982,1,
write,write,,,audio_small,pg_bytea,2,03-01-05-01-02-01-16_r02.wav,372698,0.011070,1,
write,write,,,audio_small,polyglot,2,03-01-05-01-02-01-16_r02.wav,372698,0.006164,1,
write,write,,,audio_small,mongo_gridfs,2,03-01-05-01-02-01-16_r02.wav,372698,0.005155,1,
write,write,,,audio_small,pg_bytea,2,03-01-05-01-02-01-17_r02.wav,393086,0.011416,1,
write,write,,,audio_small,mongo_gridfs,2,03-01-05-01-02-01-17_r02.wav,393086,0.005579,1,
write,write,,,audio_small,polyglot,2,03-01-05-01-02-01-17_r02.wav,393086,0.005359,1,
write,write,,,audio_small,pg_bytea,2,03-01-05-02-01-01-01_r02.wav,372698,0.008716,1,
write,write,,,audio_small,polyglot,2,03-01-05-02-01-01-01_r02.wav,372698,0.006702,1,
write,write,,,audio_small,mongo_gridfs,2,03-01-05-02-01-01-01_r02.wav,372698,0.004984,1,
write,write,,,audio_small,pg_bytea,2,03-01-05-02-01-01-02_r02.wav,375720,0.010003,1,
write,write,,,audio_small,mongo_gridfs,2,03-01-05-02-01-01-02_r02.wav,375720,0.005626,1,
write,write,,,audio_small,polyglot,2,03-01-05-02-01-01-02_r02.wav,375720,0.005469,1,
write,write,,,audio_small,polyglot,2,03-01-05-02-01-01-03_r02.wav,372698,0.005691,1,
write,write,,,audio_small,mongo_gridfs,2,03-01-05-02-01-01-03_r02.wav,372698,0.006730,1,
write,write,,,audio_small,pg_bytea,2,03-01-05-02-01-01-03_r02.wav,372698,0.010661,1,
write,write,,,audio_small,mongo_gridfs,2,03-01-05-02-01-01-15_r02.wav,396294,0.007258,1,
write,write,,,audio_small,pg_bytea,2,03-01-05-02-01-01-15_r02.wav,396294,0.013510,1,
write,write,,,audio_small,polyglot,2,03-01-05-02-01-01-15_r02.wav,396294,0.006032,1,
write,write,,,audio_small,mongo_gridfs,2,03-01-05-02-01-01-16_r02.wav,399494,0.005969,1,
write,write,,,audio_small,polyglot,2,03-01-05-02-01-01-16_r02.wav,399494,0.005273,1,
write,write,,,audio_small,pg_bytea,2,03-01-05-02-01-01-16_r02.wav,399494,0.010335,1,
write,write,,,audio_small,polyglot,2,03-01-05-02-01-01-17_r02.wav,363108,0.005588,1,
write,write,,,audio_small,mongo_gridfs,2,03-01-05-02-01-01-17_r02.wav,363108,0.004739,1,
write,write,,,audio_small,pg_bytea,2,03-01-05-02-01-01-17_r02.wav,363108,0.009704,1,
write,write,,,audio_small,polyglot,2,03-01-05-02-02-01-09_r02.wav,396294,0.005968,1,
write,write,,,audio_small,mongo_gridfs,2,03-01-05-02-02-01-09_r02.wav,396294,0.005164,1,
write,write,,,audio_small,pg_bytea,2,03-01-05-02-02-01-09_r02.wav,396294,0.011167,1,
write,write,,,audio_small,polyglot,2,03-01-05-02-02-01-21_r02.wav,375720,0.006988,1,
write,write,,,audio_small,pg_bytea,2,03-01-05-02-02-01-21_r02.wav,375720,0.008730,1,
write,write,,,audio_small,mongo_gridfs,2,03-01-05-02-02-01-21_r02.wav,375720,0.005463,1,
write,write,,,audio_small,mongo_gridfs,2,03-01-05-02-02-01-22_r02.wav,379106,0.004377,1,
write,write,,,audio_small,pg_bytea,2,03-01-05-02-02-01-22_r02.wav,379106,0.009106,1,
write,write,,,audio_small,polyglot,2,03-01-05-02-02-01-22_r02.wav,379106,0.006521,1,
write,write,,,audio_medium,pg_bytea,2,03-02-01-01-01-02-22_r02.wav,526650,0.014633,1,
write,write,,,audio_medium,mongo_gridfs,2,03-02-01-01-01-02-22_r02.wav,526650,0.009779,1,
write,write,,,audio_medium,polyglot,2,03-02-01-01-01-02-22_r02.wav,526650,0.006947,1,
write,write,,,audio_medium,polyglot,2,03-02-01-01-01-02-23_r02.wav,539464,0.006667,1,
write,write,,,audio_medium,mongo_gridfs,2,03-02-01-01-01-02-23_r02.wav,539464,0.008694,1,
write,write,,,audio_medium,pg_bytea,2,03-02-01-01-01-02-23_r02.wav,539464,0.014742,1,
write,write,,,audio_medium,pg_bytea,2,03-02-01-01-02-02-02_r02.wav,539464,0.017299,1,
write,write,,,audio_medium,mongo_gridfs,2,03-02-01-01-02-02-02_r02.wav,539464,0.007669,1,
write,write,,,audio_medium,polyglot,2,03-02-01-01-02-02-02_r02.wav,539464,0.007318,1,
write,write,,,audio_medium,pg_bytea,2,03-02-01-01-02-02-03_r02.wav,520242,0.017699,1,
write,write,,,audio_medium,polyglot,2,03-02-01-01-02-02-03_r02.wav,520242,0.008906,1,
write,write,,,audio_medium,mongo_gridfs,2,03-02-01-01-02-02-03_r02.wav,520242,0.009543,1,
write,write,,,audio_medium,pg_bytea,2,03-02-01-01-02-02-16_r02.wav,539464,0.015874,1,
write,write,,,audio_medium,polyglot,2,03-02-01-01-02-02-16_r02.wav,539464,0.009119,1,
write,write,,,audio_medium,mongo_gridfs,2,03-02-01-01-02-02-16_r02.wav,539464,0.008721,1,
write,write,,,audio_medium,polyglot,2,03-02-01-01-02-02-17_r02.wav,561888,0.013168,1,
write,write,,,audio_medium,pg_bytea,2,03-02-01-01-02-02-17_r02.wav,561888,0.016635,1,
write,write,,,audio_medium,mongo_gridfs,2,03-02-01-01-02-02-17_r02.wav,561888,0.010967,1,
write,write,,,audio_medium,mongo_gridfs,2,03-02-01-02-01-02-01_r02.wav,533056,0.006883,1,
write,write,,,audio_medium,polyglot,2,03-02-01-02-01-02-01_r02.wav,533056,0.008037,1,
write,write,,,audio_medium,pg_bytea,2,03-02-01-02-01-02-01_r02.wav,533056,0.015779,1,
write,write,,,audio_medium,mongo_gridfs,2,03-02-01-02-01-02-02_r02.wav,523448,0.007199,1,
write,write,,,audio_medium,polyglot,2,03-02-01-02-01-02-02_r02.wav,523448,0.006649,1,
write,write,,,audio_medium,pg_bytea,2,03-02-01-02-01-02-02_r02.wav,523448,0.016934,1,
write,write,,,audio_medium,pg_bytea,2,03-02-01-02-01-02-03_r02.wav,533056,0.015834,1,
write,write,,,audio_medium,polyglot,2,03-02-01-02-01-02-03_r02.wav,533056,0.023455,1,
write,write,,,audio_medium,mongo_gridfs,2,03-02-01-02-01-02-03_r02.wav,533056,0.007392,1,
write,write,,,audio_medium,mongo_gridfs,2,03-02-01-02-01-02-15_r02.wav,561882,0.007141,1,
write,write,,,audio_medium,polyglot,2,03-02-01-02-01-02-15_r02.wav,561882,0.006867,1,
write,write,,,audio_medium,pg_bytea,2,03-02-01-02-01-02-15_r02.wav,561882,0.014896,1,
write,write,,,audio_medium,pg_bytea,2,03-02-01-02-01-02-16_r02.wav,526650,0.015121,1,
write,write,,,audio_medium,mongo_gridfs,2,03-02-01-02-01-02-16_r02.wav,526650,0.008458,1,
write,write,,,audio_medium,polyglot,2,03-02-01-02-01-02-16_r02.wav,526650,0.007085,1,
write,write,,,audio_medium,polyglot,2,03-02-01-02-01-02-17_r02.wav,533056,0.007185,1,
write,write,,,audio_medium,pg_bytea,2,03-02-01-02-01-02-17_r02.wav,533056,0.016009,1,
write,write,,,audio_medium,mongo_gridfs,2,03-02-01-02-01-02-17_r02.wav,533056,0.013017,1,
write,write,,,audio_medium,pg_bytea,2,03-02-01-02-02-02-22_r02.wav,520242,0.015121,1,
write,write,,,audio_medium,polyglot,2,03-02-01-02-02-02-22_r02.wav,520242,0.008979,1,
write,write,,,audio_medium,mongo_gridfs,2,03-02-01-02-02-02-22_r02.wav,520242,0.008436,1,
write,write,,,audio_medium,pg_bytea,2,03-02-01-02-02-02-23_r02.wav,520242,0.021140,1,
write,write,,,audio_medium,mongo_gridfs,2,03-02-01-02-02-02-23_r02.wav,520242,0.007988,1,
write,write,,,audio_medium,polyglot,2,03-02-01-02-02-02-23_r02.wav,520242,0.007661,1,
write,write,,,audio_medium,pg_bytea,2,03-02-02-01-01-01-22_r02.wav,523448,0.013616,1,
write,write,,,audio_medium,mongo_gridfs,2,03-02-02-01-01-01-22_r02.wav,523448,0.006878,1,
write,write,,,audio_medium,polyglot,2,03-02-02-01-01-01-22_r02.wav,523448,0.007626,1,
write,write,,,audio_medium,polyglot,2,03-02-02-01-01-01-23_r02.wav,561888,0.006489,1,
write,write,,,audio_medium,mongo_gridfs,2,03-02-02-01-01-01-23_r02.wav,561888,0.005071,1,
write,write,,,audio_medium,pg_bytea,2,03-02-02-01-01-01-23_r02.wav,561888,0.015431,1,
write,write,,,audio_medium,pg_bytea,2,03-02-02-01-02-01-01_r02.wav,520242,0.018296,1,
write,write,,,audio_medium,polyglot,2,03-02-02-01-02-01-01_r02.wav,520242,0.007281,1,
write,write,,,audio_medium,mongo_gridfs,2,03-02-02-01-02-01-01_r02.wav,520242,0.007217,1,
write,write,,,audio_medium,polyglot,2,03-02-02-01-02-01-02_r02.wav,539464,0.006776,1,
write,write,,,audio_medium,pg_bytea,2,03-02-02-01-02-01-02_r02.wav,539464,0.014742,1,
write,write,,,audio_medium,mongo_gridfs,2,03-02-02-01-02-01-02_r02.wav,539464,0.007810,1,
write,write,,,audio_medium,mongo_gridfs,2,03-02-02-01-02-01-03_r02.wav,533056,0.007037,1,
write,write,,,audio_medium,pg_bytea,2,03-02-02-01-02-01-03_r02.wav,533056,0.015452,1,
write,write,,,audio_medium,polyglot,2,03-02-02-01-02-01-03_r02.wav,533056,0.009082,1,
write,write,,,audio_medium,pg_bytea,2,03-02-02-01-02-01-16_r02.wav,561882,0.014736,1,
write,write,,,audio_medium,mongo_gridfs,2,03-02-02-01-02-01-16_r02.wav,561882,0.009442,1,
write,write,,,audio_medium,polyglot,2,03-02-02-01-02-01-16_r02.wav,561882,0.007428,1,
write,write,,,audio_medium,pg_bytea,2,03-02-02-02-01-01-01_r02.wav,539464,0.013894,1,
write,write,,,audio_medium,mongo_gridfs,2,03-02-02-02-01-01-01_r02.wav,539464,0.010778,1,
write,write,,,audio_medium,polyglot,2,03-02-02-02-01-01-01_r02.wav,539464,0.006813,1,
write,write,,,audio_medium,pg_bytea,2,03-02-02-02-01-01-02_r02.wav,526650,0.015177,1,
write,write,,,audio_medium,mongo_gridfs,2,03-02-02-02-01-01-02_r02.wav,526650,0.008147,1,
write,write,,,audio_medium,polyglot,2,03-02-02-02-01-01-02_r02.wav,526650,0.013191,1,
write,write,,,audio_medium,mongo_gridfs,2,03-02-02-02-01-01-15_r02.wav,539464,0.006624,1,
write,write,,,audio_medium,pg_bytea,2,03-02-02-02-01-01-15_r02.wav,539464,0.017540,1,
write,write,,,audio_medium,polyglot,2,03-02-02-02-01-01-15_r02.wav,539464,0.008054,1,
write,write,,,audio_medium,pg_bytea,2,03-02-02-02-01-01-16_r02.wav,520242,0.016500,1,
write,write,,,audio_medium,polyglot,2,03-02-02-02-01-01-16_r02.wav,520242,0.006696,1,
write,write,,,audio_medium,mongo_gridfs,2,03-02-02-02-01-01-16_r02.wav,520242,0.006122,1,
write,write,,,audio_medium,pg_bytea,2,03-02-02-02-01-01-17_r02.wav,539464,0.020123,1,
write,write,,,audio_medium,mongo_gridfs,2,03-02-02-02-01-01-17_r02.wav,539464,0.017133,1,
write,write,,,audio_medium,polyglot,2,03-02-02-02-01-01-17_r02.wav,539464,0.014855,1,
write,write,,,audio_medium,mongo_gridfs,2,03-02-02-02-02-01-22_r02.wav,539464,0.017350,1,
write,write,,,audio_medium,polyglot,2,03-02-02-02-02-01-22_r02.wav,539464,0.008370,1,
write,write,,,audio_medium,pg_bytea,2,03-02-02-02-02-01-22_r02.wav,539464,0.015916,1,
write,write,,,audio_medium,polyglot,2,03-02-02-02-02-01-23_r02.wav,520242,0.008265,1,
write,write,,,audio_medium,pg_bytea,2,03-02-02-02-02-01-23_r02.wav,520242,0.018840,1,
write,write,,,audio_medium,mongo_gridfs,2,03-02-02-02-02-01-23_r02.wav,520242,0.006717,1,
write,write,,,audio_medium,mongo_gridfs,2,03-02-03-01-01-02-01_r02.wav,561882,0.006645,1,
write,write,,,audio_medium,polyglot,2,03-02-03-01-01-02-01_r02.wav,561882,0.005365,1,
write,write,,,audio_medium,pg_bytea,2,03-02-03-01-01-02-01_r02.wav,561882,0.014153,1,
write,write,,,audio_medium,mongo_gridfs,2,03-02-03-01-01-02-02_r02.wav,561882,0.012855,1,
write,write,,,audio_medium,polyglot,2,03-02-03-01-01-02-02_r02.wav,561882,0.008599,1,
write,write,,,audio_medium,pg_bytea,2,03-02-03-01-01-02-02_r02.wav,561882,0.038408,1,
write,write,,,audio_medium,mongo_gridfs,2,03-02-03-01-01-02-03_r02.wav,539464,0.008656,1,
write,write,,,audio_medium,pg_bytea,2,03-02-03-01-01-02-03_r02.wav,539464,0.014478,1,
write,write,,,audio_medium,polyglot,2,03-02-03-01-01-02-03_r02.wav,539464,0.006175,1,
write,write,,,audio_medium,polyglot,2,03-02-03-01-01-02-15_r02.wav,526650,0.005463,1,
write,write,,,audio_medium,pg_bytea,2,03-02-03-01-01-02-15_r02.wav,526650,0.012251,1,
write,write,,,audio_medium,mongo_gridfs,2,03-02-03-01-01-02-15_r02.wav,526650,0.009756,1,
write,write,,,audio_medium,pg_bytea,2,03-02-03-01-01-02-16_r02.wav,520242,0.018318,1,
write,write,,,audio_medium,mongo_gridfs,2,03-02-03-01-01-02-16_r02.wav,520242,0.005740,1,
write,write,,,audio_medium,polyglot,2,03-02-03-01-01-02-16_r02.wav,520242,0.005955,1,
write,write,,,audio_medium,pg_bytea,2,03-02-03-01-01-02-17_r02.wav,526650,0.015386,1,
write,write,,,audio_medium,polyglot,2,03-02-03-01-01-02-17_r02.wav,526650,0.007062,1,
write,write,,,audio_medium,mongo_gridfs,2,03-02-03-01-01-02-17_r02.wav,526650,0.005230,1,
write,write,,,audio_medium,pg_bytea,2,03-02-03-01-02-02-09_r02.wav,539464,0.014014,1,
write,write,,,audio_medium,polyglot,2,03-02-03-01-02-02-09_r02.wav,539464,0.006820,1,
write,write,,,audio_medium,mongo_gridfs,2,03-02-03-01-02-02-09_r02.wav,539464,0.005916,1,
write,write,,,audio_medium,mongo_gridfs,2,03-02-03-01-02-02-21_r02.wav,533056,0.006353,1,
write,write,,,audio_medium,pg_bytea,2,03-02-03-01-02-02-21_r02.wav,533056,0.018322,1,
write,write,,,audio_medium,polyglot,2,03-02-03-01-02-02-21_r02.wav,533056,0.007494,1,
write,write,,,audio_medium,pg_bytea,2,03-02-03-01-02-02-22_r02.wav,561888,0.025852,1,
write,write,,,audio_medium,polyglot,2,03-02-03-01-02-02-22_r02.wav,561888,0.007848,1,
write,write,,,audio_medium,mongo_gridfs,2,03-02-03-01-02-02-22_r02.wav,561888,0.010409,1,
write,write,,,audio_medium,mongo_gridfs,2,03-02-03-01-02-02-23_r02.wav,539464,0.005995,1,
write,write,,,audio_medium,polyglot,2,03-02-03-01-02-02-23_r02.wav,539464,0.010370,1,
write,write,,,audio_medium,pg_bytea,2,03-02-03-01-02-02-23_r02.wav,539464,0.031812,1,
write,write,,,audio_medium,pg_bytea,2,03-02-03-02-01-02-09_r02.wav,561882,0.020786,1,
write,write,,,audio_medium,polyglot,2,03-02-03-02-01-02-09_r02.wav,561882,0.006164,1,
write,write,,,audio_medium,mongo_gridfs,2,03-02-03-02-01-02-09_r02.wav,561882,0.005117,1,
write,write,,,audio_medium,polyglot,2,03-02-03-02-01-02-21_r02.wav,539464,0.004933,1,
write,write,,,audio_medium,pg_bytea,2,03-02-03-02-01-02-21_r02.wav,539464,0.016398,1,
write,write,,,audio_medium,mongo_gridfs,2,03-02-03-02-01-02-21_r02.wav,539464,0.005512,1,
write,write,,,audio_medium,pg_bytea,2,03-02-03-02-01-02-22_r02.wav,526650,0.013088,1,
write,write,,,audio_medium,polyglot,2,03-02-03-02-01-02-22_r02.wav,526650,0.005680,1,
write,write,,,audio_medium,mongo_gridfs,2,03-02-03-02-01-02-22_r02.wav,526650,0.005474,1,
write,write,,,audio_medium,polyglot,2,03-02-03-02-01-02-23_r02.wav,561888,0.006880,1,
write,write,,,audio_medium,mongo_gridfs,2,03-02-03-02-01-02-23_r02.wav,561888,0.005398,1,
write,write,,,audio_medium,pg_bytea,2,03-02-03-02-01-02-23_r02.wav,561888,0.015131,1,
write,write,,,audio_medium,mongo_gridfs,2,03-02-03-02-02-02-01_r02.wav,561882,0.005498,1,
write,write,,,audio_medium,polyglot,2,03-02-03-02-02-02-01_r02.wav,561882,0.005225,1,
write,write,,,audio_medium,pg_bytea,2,03-02-03-02-02-02-01_r02.wav,561882,0.029014,1,
write,write,,,audio_medium,mongo_gridfs,2,03-02-03-02-02-02-02_r02.wav,523448,0.005673,1,
write,write,,,audio_medium,polyglot,2,03-02-03-02-02-02-02_r02.wav,523448,0.005790,1,
write,write,,,audio_medium,pg_bytea,2,03-02-03-02-02-02-02_r02.wav,523448,0.015164,1,
write,write,,,audio_medium,pg_bytea,2,03-02-03-02-02-02-03_r02.wav,561888,0.014969,1,
write,write,,,audio_medium,polyglot,2,03-02-03-02-02-02-03_r02.wav,561888,0.006309,1,
write,write,,,audio_medium,mongo_gridfs,2,03-02-03-02-02-02-03_r02.wav,561888,0.007182,1,
write,write,,,audio_medium,polyglot,2,03-02-03-02-02-02-15_r02.wav,523448,0.005926,1,
write,write,,,audio_medium,pg_bytea,2,03-02-03-02-02-02-15_r02.wav,523448,0.013089,1,
write,write,,,audio_medium,mongo_gridfs,2,03-02-03-02-02-02-15_r02.wav,523448,0.006531,1,
write,write,,,audio_medium,mongo_gridfs,2,03-02-03-02-02-02-16_r02.wav,561882,0.007893,1,
write,write,,,audio_medium,polyglot,2,03-02-03-02-02-02-16_r02.wav,561882,0.007575,1,
write,write,,,audio_medium,pg_bytea,2,03-02-03-02-02-02-16_r02.wav,561882,0.019136,1,
write,write,,,audio_medium,pg_bytea,2,03-02-03-02-02-02-17_r02.wav,523448,0.018247,1,
write,write,,,audio_medium,polyglot,2,03-02-03-02-02-02-17_r02.wav,523448,0.008001,1,
write,write,,,audio_medium,mongo_gridfs,2,03-02-03-02-02-02-17_r02.wav,523448,0.006815,1,
write,write,,,audio_medium,polyglot,2,03-02-04-01-01-02-05_r02.wav,561882,0.007383,1,
write,write,,,audio_medium,pg_bytea,2,03-02-04-01-01-02-05_r02.wav,561882,0.017326,1,
write,write,,,audio_medium,mongo_gridfs,2,03-02-04-01-01-02-05_r02.wav,561882,0.006686,1,
write,write,,,audio_medium,mongo_gridfs,2,03-02-04-01-01-02-06_r02.wav,526650,0.006686,1,
write,write,,,audio_medium,polyglot,2,03-02-04-01-01-02-06_r02.wav,526650,0.006354,1,
write,write,,,audio_medium,pg_bytea,2,03-02-04-01-01-02-06_r02.wav,526650,0.016208,1,
write,write,,,audio_medium,mongo_gridfs,2,03-02-04-01-01-02-07_r02.wav,523448,0.007212,1,
write,write,,,audio_medium,pg_bytea,2,03-02-04-01-01-02-07_r02.wav,523448,0.020964,1,
write,write,,,audio_medium,polyglot,2,03-02-04-01-01-02-07_r02.wav,523448,0.007867,1,
write,write,,,audio_medium,polyglot,2,03-02-04-01-01-02-11_r02.wav,539464,0.007190,1,
write,write,,,audio_medium,mongo_gridfs,2,03-02-04-01-01-02-11_r02.wav,539464,0.006000,1,
write,write,,,audio_medium,pg_bytea,2,03-02-04-01-01-02-11_r02.wav,539464,0.015763,1,
write,write,,,audio_medium,mongo_gridfs,2,03-02-04-01-01-02-12_r02.wav,523448,0.007148,1,
write,write,,,audio_medium,pg_bytea,2,03-02-04-01-01-02-12_r02.wav,523448,0.015462,1,
write,write,,,audio_medium,polyglot,2,03-02-04-01-01-02-12_r02.wav,523448,0.007111,1,
write,write,,,audio_medium,mongo_gridfs,2,03-02-04-01-01-02-13_r02.wav,539464,0.006035,1,
write,write,,,audio_medium,pg_bytea,2,03-02-04-01-01-02-13_r02.wav,539464,0.026929,1,
write,write,,,audio_medium,polyglot,2,03-02-04-01-01-02-13_r02.wav,539464,0.008833,1,
write,write,,,audio_medium,pg_bytea,2,03-02-04-01-02-02-19_r02.wav,561888,0.025806,1,
write,write,,,audio_medium,mongo_gridfs,2,03-02-04-01-02-02-19_r02.wav,561888,0.008874,1,
write,write,,,audio_medium,polyglot,2,03-02-04-01-02-02-19_r02.wav,561888,0.008007,1,
write,write,,,audio_medium,polyglot,2,03-02-04-02-02-02-05_r02.wav,526650,0.010031,1,
write,write,,,audio_medium,mongo_gridfs,2,03-02-04-02-02-02-05_r02.wav,526650,0.007080,1,
write,write,,,audio_medium,pg_bytea,2,03-02-04-02-02-02-05_r02.wav,526650,0.036049,1,
write,write,,,audio_medium,polyglot,2,03-02-04-02-02-02-06_r02.wav,526650,0.007466,1,
write,write,,,audio_medium,mongo_gridfs,2,03-02-04-02-02-02-06_r02.wav,526650,0.009791,1,
write,write,,,audio_medium,pg_bytea,2,03-02-04-02-02-02-06_r02.wav,526650,0.021717,1,
write,write,,,audio_medium,mongo_gridfs,2,03-02-04-02-02-02-07_r02.wav,561888,0.009488,1,
write,write,,,audio_medium,polyglot,2,03-02-04-02-02-02-07_r02.wav,561888,0.010584,1,
write,write,,,audio_medium,pg_bytea,2,03-02-04-02-02-02-07_r02.wav,561888,0.017640,1,
write,write,,,audio_medium,polyglot,2,03-02-04-02-02-02-11_r02.wav,561888,0.008655,1,
write,write,,,audio_medium,mongo_gridfs,2,03-02-04-02-02-02-11_r02.wav,561888,0.007676,1,
write,write,,,audio_medium,pg_bytea,2,03-02-04-02-02-02-11_r02.wav,561888,0.017644,1,
write,write,,,audio_medium,mongo_gridfs,2,03-02-04-02-02-02-12_r02.wav,523448,0.007292,1,
write,write,,,audio_medium,polyglot,2,03-02-04-02-02-02-12_r02.wav,523448,0.007855,1,
write,write,,,audio_medium,pg_bytea,2,03-02-04-02-02-02-12_r02.wav,523448,0.017205,1,
write,write,,,audio_medium,polyglot,2,03-02-04-02-02-02-13_r02.wav,533056,0.010688,1,
write,write,,,audio_medium,mongo_gridfs,2,03-02-04-02-02-02-13_r02.wav,533056,0.007204,1,
write,write,,,audio_medium,pg_bytea,2,03-02-04-02-02-02-13_r02.wav,533056,0.022449,1,
write,write,,,audio_medium,pg_bytea,2,03-02-05-01-02-01-06_r02.wav,561882,0.016716,1,
write,write,,,audio_medium,mongo_gridfs,2,03-02-05-01-02-01-06_r02.wav,561882,0.009118,1,
write,write,,,audio_medium,polyglot,2,03-02-05-01-02-01-06_r02.wav,561882,0.009633,1,
write,write,,,audio_medium,mongo_gridfs,2,03-02-05-01-02-01-07_r02.wav,520242,0.008200,1,
write,write,,,audio_medium,polyglot,2,03-02-05-01-02-01-07_r02.wav,520242,0.007193,1,
write,write,,,audio_medium,pg_bytea,2,03-02-05-01-02-01-07_r02.wav,520242,0.027842,1,
write,write,,,audio_medium,polyglot,2,03-02-05-01-02-01-12_r02.wav,520242,0.007290,1,
write,write,,,audio_medium,pg_bytea,2,03-02-05-01-02-01-12_r02.wav,520242,0.023909,1,
write,write,,,audio_medium,mongo_gridfs,2,03-02-05-01-02-01-12_r02.wav,520242,0.009160,1,
write,write,,,audio_medium,mongo_gridfs,2,03-02-05-01-02-01-13_r02.wav,561888,0.007495,1,
write,write,,,audio_medium,polyglot,2,03-02-05-01-02-01-13_r02.wav,561888,0.007004,1,
write,write,,,audio_medium,pg_bytea,2,03-02-05-01-02-01-13_r02.wav,561888,0.021921,1,
write,write,,,audio_medium,polyglot,2,03-02-05-02-01-01-05_r02.wav,539464,0.012344,1,
write,write,,,audio_medium,mongo_gridfs,2,03-02-05-02-01-01-05_r02.wav,539464,0.018059,1,
write,write,,,audio_medium,pg_bytea,2,03-02-05-02-01-01-05_r02.wav,539464,0.039013,1,
write,write,,,audio_medium,pg_bytea,2,03-02-05-02-01-01-06_r02.wav,561888,0.030577,1,
write,write,,,audio_medium,polyglot,2,03-02-05-02-01-01-06_r02.wav,561888,0.008306,1,
write,write,,,audio_medium,mongo_gridfs,2,03-02-05-02-01-01-06_r02.wav,561888,0.008147,1,
write,write,,,audio_medium,pg_bytea,2,03-02-05-02-01-01-07_r02.wav,533056,0.034955,1,
write,write,,,audio_medium,mongo_gridfs,2,03-02-05-02-01-01-07_r02.wav,533056,0.008220,1,
write,write,,,audio_medium,polyglot,2,03-02-05-02-01-01-07_r02.wav,533056,0.007654,1,
write,write,,,audio_medium,polyglot,2,03-02-05-02-01-01-11_r02.wav,561888,0.007481,1,
write,write,,,audio_medium,pg_bytea,2,03-02-05-02-01-01-11_r02.wav,561888,0.017734,1,
write,write,,,audio_medium,mongo_gridfs,2,03-02-05-02-01-01-11_r02.wav,561888,0.008403,1,
write,write,,,audio_medium,mongo_gridfs,2,03-02-05-02-01-01-12_r02.wav,533056,0.007083,1,
write,write,,,audio_medium,polyglot,2,03-02-05-02-01-01-12_r02.wav,533056,0.006672,1,
write,write,,,audio_medium,pg_bytea,2,03-02-05-02-01-01-12_r02.wav,533056,0.013501,1,
write,write,,,audio_medium,pg_bytea,2,03-02-05-02-01-01-13_r02.wav,526650,0.013352,1,
write,write,,,audio_medium,mongo_gridfs,2,03-02-05-02-01-01-13_r02.wav,526650,0.008974,1,
write,write,,,audio_medium,polyglot,2,03-02-05-02-01-01-13_r02.wav,526650,0.007187,1,
write,write,,,video_small,mongo_gridfs,2,01-01-01-01-01-01-22_r02.mp4,5457041,0.053067,1,
write,write,,,video_small,polyglot,2,01-01-01-01-01-01-22_r02.mp4,5457041,0.045666,1,
write,write,,,video_small,pg_bytea,2,01-01-01-01-01-01-22_r02.mp4,5457041,0.213636,1,
write,write,,,video_small,pg_bytea,2,01-01-01-01-01-02-01_r02.mp4,5457041,0.458491,1,
write,write,,,video_small,polyglot,2,01-01-01-01-01-02-01_r02.mp4,5457041,0.066982,1,
write,write,,,video_small,mongo_gridfs,2,01-01-01-01-01-02-01_r02.mp4,5457041,0.040711,1,
write,write,,,video_small,pg_bytea,2,01-01-01-01-01-02-15_r02.mp4,5457041,0.299745,1,
write,write,,,video_small,mongo_gridfs,2,01-01-01-01-01-02-15_r02.mp4,5457041,0.044275,1,
write,write,,,video_small,polyglot,2,01-01-01-01-01-02-15_r02.mp4,5457041,0.103507,1,
write,write,,,video_small,mongo_gridfs,2,01-01-01-01-02-01-06_r02.mp4,5457041,0.059136,1,
write,write,,,video_small,pg_bytea,2,01-01-01-01-02-01-06_r02.mp4,5457041,0.265885,1,
write,write,,,video_small,polyglot,2,01-01-01-01-02-01-06_r02.mp4,5457041,0.045503,1,
write,write,,,video_small,polyglot,2,01-01-01-01-02-01-13_r02.mp4,5457041,0.049943,1,
write,write,,,video_small,mongo_gridfs,2,01-01-01-01-02-01-13_r02.mp4,5457041,0.054658,1,
write,write,,,video_small,pg_bytea,2,01-01-01-01-02-01-13_r02.mp4,5457041,0.167963,1,
write,write,,,video_small,polyglot,2,01-01-01-01-02-01-14_r02.mp4,5457041,0.062618,1,
write,write,,,video_small,mongo_gridfs,2,01-01-01-01-02-01-14_r02.mp4,5457041,0.044569,1,
write,write,,,video_small,pg_bytea,2,01-01-01-01-02-01-14_r02.mp4,5457041,0.146645,1,
write,write,,,video_small,mongo_gridfs,2,01-01-01-01-02-02-09_r02.mp4,5498397,0.043382,1,
write,write,,,video_small,polyglot,2,01-01-01-01-02-02-09_r02.mp4,5498397,0.041002,1,
write,write,,,video_small,pg_bytea,2,01-01-01-01-02-02-09_r02.mp4,5498397,0.153745,1,
write,write,,,video_small,pg_bytea,2,01-01-01-02-01-01-01_r02.mp4,5498397,0.137280,1,
write,write,,,video_small,mongo_gridfs,2,01-01-01-02-01-01-01_r02.mp4,5498397,0.041819,1,
write,write,,,video_small,polyglot,2,01-01-01-02-01-01-01_r02.mp4,5498397,0.040846,1,
write,write,,,video_small,mongo_gridfs,2,01-01-01-02-01-01-05_r02.mp4,5457041,0.044552,1,
write,write,,,video_small,polyglot,2,01-01-01-02-01-01-05_r02.mp4,5457041,0.048308,1,
write,write,,,video_small,pg_bytea,2,01-01-01-02-01-01-05_r02.mp4,5457041,0.191475,1,
write,write,,,video_small,polyglot,2,01-01-01-02-01-01-15_r02.mp4,5457041,0.042656,1,
write,write,,,video_small,pg_bytea,2,01-01-01-02-01-01-15_r02.mp4,5457041,0.177033,1,
write,write,,,video_small,mongo_gridfs,2,01-01-01-02-01-01-15_r02.mp4,5457041,0.045274,1,
write,write,,,video_small,mongo_gridfs,2,01-01-01-02-02-01-18_r02.mp4,5457041,0.041052,1,
write,write,,,video_small,pg_bytea,2,01-01-01-02-02-01-18_r02.mp4,5457041,0.165790,1,
write,write,,,video_small,polyglot,2,01-01-01-02-02-01-18_r02.mp4,5457041,0.040882,1,
write,write,,,video_small,pg_bytea,2,01-01-01-02-02-01-19_r02.mp4,5457041,0.153100,1,
write,write,,,video_small,mongo_gridfs,2,01-01-01-02-02-01-19_r02.mp4,5457041,0.042761,1,
write,write,,,video_small,polyglot,2,01-01-01-02-02-01-19_r02.mp4,5457041,0.040488,1,
write,write,,,video_small,polyglot,2,01-01-02-01-01-02-09_r02.mp4,5498397,0.046517,1,
write,write,,,video_small,pg_bytea,2,01-01-02-01-01-02-09_r02.mp4,5498397,0.153836,1,
write,write,,,video_small,mongo_gridfs,2,01-01-02-01-01-02-09_r02.mp4,5498397,0.044537,1,
write,write,,,video_small,pg_bytea,2,01-01-02-01-01-02-18_r02.mp4,5498397,0.178087,1,
write,write,,,video_small,mongo_gridfs,2,01-01-02-01-01-02-18_r02.mp4,5498397,0.049065,1,
write,write,,,video_small,polyglot,2,01-01-02-01-01-02-18_r02.mp4,5498397,0.054232,1,
write,write,,,video_small,mongo_gridfs,2,01-01-02-01-01-02-23_r02.mp4,5498397,0.046360,1,
write,write,,,video_small,pg_bytea,2,01-01-02-01-01-02-23_r02.mp4,5498397,0.160328,1,
write,write,,,video_small,polyglot,2,01-01-02-01-01-02-23_r02.mp4,5498397,0.093842,1,
write,write,,,video_small,pg_bytea,2,01-01-02-01-02-01-09_r02.mp4,5498397,0.621879,1,
write,write,,,video_small,mongo_gridfs,2,01-01-02-01-02-01-09_r02.mp4,5498397,0.050874,1,
write,write,,,video_small,polyglot,2,01-01-02-01-02-01-09_r02.mp4,5498397,0.054132,1,
write,write,,,video_small,pg_bytea,2,01-01-02-01-02-02-01_r02.mp4,5498397,0.135756,1,
write,write,,,video_small,polyglot,2,01-01-02-01-02-02-01_r02.mp4,5498397,0.054710,1,
write,write,,,video_small,mongo_gridfs,2,01-01-02-01-02-02-01_r02.mp4,5498397,0.053931,1,
write,write,,,video_small,polyglot,2,01-01-02-01-02-02-03_r02.mp4,5498397,0.055837,1,
write,write,,,video_small,mongo_gridfs,2,01-01-02-01-02-02-03_r02.mp4,5498397,0.061687,1,
write,write,,,video_small,pg_bytea,2,01-01-02-01-02-02-03_r02.mp4,5498397,0.136896,1,
write,write,,,video_small,pg_bytea,2,01-01-02-02-01-02-02_r02.mp4,5498397,0.189297,1,
write,write,,,video_small,mongo_gridfs,2,01-01-02-02-01-02-02_r02.mp4,5498397,0.040018,1,
write,write,,,video_small,polyglot,2,01-01-02-02-01-02-02_r02.mp4,5498397,0.043014,1,
write,write,,,video_small,pg_bytea,2,01-01-02-02-01-02-03_r02.mp4,5498397,0.173327,1,
write,write,,,video_small,polyglot,2,01-01-02-02-01-02-03_r02.mp4,5498397,0.043974,1,
write,write,,,video_small,mongo_gridfs,2,01-01-02-02-01-02-03_r02.mp4,5498397,0.039168,1,
write,write,,,video_small,pg_bytea,2,01-01-02-02-01-02-05_r02.mp4,5498397,0.161059,1,
write,write,,,video_small,polyglot,2,01-01-02-02-01-02-05_r02.mp4,5498397,0.045224,1,
write,write,,,video_small,mongo_gridfs,2,01-01-02-02-01-02-05_r02.mp4,5498397,0.045459,1,
write,write,,,video_small,polyglot,2,01-01-02-02-01-02-10_r02.mp4,5457041,0.047504,1,
write,write,,,video_small,mongo_gridfs,2,01-01-02-02-01-02-10_r02.mp4,5457041,0.050860,1,
write,write,,,video_small,pg_bytea,2,01-01-02-02-01-02-10_r02.mp4,5457041,0.197280,1,
write,write,,,video_small,pg_bytea,2,01-01-02-02-01-02-13_r02.mp4,5457041,0.189378,1,
write,write,,,video_small,mongo_gridfs,2,01-01-02-02-01-02-13_r02.mp4,5457041,0.043766,1,
write,write,,,video_small,polyglot,2,01-01-02-02-01-02-13_r02.mp4,5457041,0.050950,1,
write,write,,,video_small,polyglot,2,01-01-02-02-01-02-17_r02.mp4,5457041,0.054247,1,
write,write,,,video_small,pg_bytea,2,01-01-02-02-01-02-17_r02.mp4,5457041,0.169401,1,
write,write,,,video_small,mongo_gridfs,2,01-01-02-02-01-02-17_r02.mp4,5457041,0.046376,1,
write,write,,,video_small,pg_bytea,2,01-01-02-02-02-02-18_r02.mp4,5457041,0.140882,1,
write,write,,,video_small,mongo_gridfs,2,01-01-02-02-02-02-18_r02.mp4,5457041,0.047391,1,
write,write,,,video_small,polyglot,2,01-01-02-02-02-02-18_r02.mp4,5457041,0.083674,1,
write,write,,,video_small,mongo_gridfs,2,01-01-02-02-02-02-19_r02.mp4,5457041,0.051357,1,
write,write,,,video_small,pg_bytea,2,01-01-02-02-02-02-19_r02.mp4,5457041,0.194248,1,
write,write,,,video_small,polyglot,2,01-01-02-02-02-02-19_r02.mp4,5457041,0.046792,1,
write,write,,,video_small,mongo_gridfs,2,01-01-02-02-02-02-21_r02.mp4,5498397,0.049151,1,
write,write,,,video_small,pg_bytea,2,01-01-02-02-02-02-21_r02.mp4,5498397,0.161698,1,
write,write,,,video_small,polyglot,2,01-01-02-02-02-02-21_r02.mp4,5498397,0.045902,1,
write,write,,,video_small,polyglot,2,01-01-02-02-02-02-22_r02.mp4,5457041,0.051874,1,
write,write,,,video_small,pg_bytea,2,01-01-02-02-02-02-22_r02.mp4,5457041,0.141944,1,
write,write,,,video_small,mongo_gridfs,2,01-01-02-02-02-02-22_r02.mp4,5457041,0.046305,1,
write,write,,,video_small,polyglot,2,01-01-02-02-02-02-23_r02.mp4,5457041,0.044744,1,
write,write,,,video_small,pg_bytea,2,01-01-02-02-02-02-23_r02.mp4,5457041,0.147618,1,
write,write,,,video_small,mongo_gridfs,2,01-01-02-02-02-02-23_r02.mp4,5457041,0.050829,1,
write,write,,,video_small,pg_bytea,2,01-01-03-01-01-01-12_r02.mp4,5457041,0.139595,1,
write,write,,,video_small,mongo_gridfs,2,01-01-03-01-01-01-12_r02.mp4,5457041,0.051379,1,
write,write,,,video_small,polyglot,2,01-01-03-01-01-01-12_r02.mp4,5457041,0.044674,1,
write,write,,,video_small,pg_bytea,2,01-01-03-01-01-01-15_r02.mp4,5457041,0.178108,1,
write,write,,,video_small,polyglot,2,01-01-03-01-01-01-15_r02.mp4,5457041,0.041616,1,
write,write,,,video_small,mongo_gridfs,2,01-01-03-01-01-01-15_r02.mp4,5457041,0.043469,1,
write,write,,,video_small,polyglot,2,01-01-03-01-02-01-08_r02.mp4,5498397,0.048464,1,
write,write,,,video_small,pg_bytea,2,01-01-03-01-02-01-08_r02.mp4,5498397,0.181700,1,
write,write,,,video_small,mongo_gridfs,2,01-01-03-01-02-01-08_r02.mp4,5498397,0.049195,1,
write,write,,,video_small,mongo_gridfs,2,01-01-03-01-02-01-21_r02.mp4,5498397,0.050886,1,
write,write,,,video_small,pg_bytea,2,01-01-03-01-02-01-21_r02.mp4,5498397,0.139818,1,
write,write,,,video_small,polyglot,2,01-01-03-01-02-01-21_r02.mp4,5498397,0.051293,1,
write,write,,,video_small,polyglot,2,01-01-03-02-01-01-21_r02.mp4,5457041,0.047070,1,
write,write,,,video_small,pg_bytea,2,01-01-03-02-01-01-21_r02.mp4,5457041,0.146217,1,
write,write,,,video_small,mongo_gridfs,2,01-01-03-02-01-01-21_r02.mp4,5457041,0.054596,1,
write,write,,,video_small,polyglot,2,01-01-03-02-01-01-24_r02.mp4,5457041,0.049387,1,
write,write,,,video_small,mongo_gridfs,2,01-01-03-02-01-01-24_r02.mp4,5457041,0.044163,1,
write,write,,,video_small,pg_bytea,2,01-01-03-02-01-01-24_r02.mp4,5457041,0.138975,1,
write,write,,,video_small,polyglot,2,01-01-03-02-01-02-01_r02.mp4,5457041,0.045958,1,
write,write,,,video_small,mongo_gridfs,2,01-01-03-02-01-02-01_r02.mp4,5457041,0.045616,1,
write,write,,,video_small,pg_bytea,2,01-01-03-02-01-02-01_r02.mp4,5457041,0.156988,1,
write,write,,,video_small,pg_bytea,2,01-01-03-02-01-02-15_r02.mp4,5457041,0.166767,1,
write,write,,,video_small,mongo_gridfs,2,01-01-03-02-01-02-15_r02.mp4,5457041,0.044205,1,
write,write,,,video_small,polyglot,2,01-01-03-02-01-02-15_r02.mp4,5457041,0.048545,1,
write,write,,,video_small,mongo_gridfs,2,01-01-03-02-02-01-05_r02.mp4,5457041,0.044464,1,
write,write,,,video_small,pg_bytea,2,01-01-03-02-02-01-05_r02.mp4,5457041,0.176032,1,
write,write,,,video_small,polyglot,2,01-01-03-02-02-01-05_r02.mp4,5457041,0.048005,1,
write,write,,,video_small,mongo_gridfs,2,01-01-03-02-02-01-12_r02.mp4,5457041,0.051540,1,
write,write,,,video_small,polyglot,2,01-01-03-02-02-01-12_r02.mp4,5457041,0.058513,1,
write,write,,,video_small,pg_bytea,2,01-01-03-02-02-01-12_r02.mp4,5457041,0.158580,1,
write,write,,,video_small,polyglot,2,01-01-03-02-02-01-15_r02.mp4,5498397,0.048946,1,
write,write,,,video_small,pg_bytea,2,01-01-03-02-02-01-15_r02.mp4,5498397,0.168518,1,
write,write,,,video_small,mongo_gridfs,2,01-01-03-02-02-01-15_r02.mp4,5498397,0.043154,1,
write,write,,,video_small,polyglot,2,01-01-04-01-01-01-03_r02.mp4,5457041,0.068961,1,
write,write,,,video_small,pg_bytea,2,01-01-04-01-01-01-03_r02.mp4,5457041,0.196483,1,
write,write,,,video_small,mongo_gridfs,2,01-01-04-01-01-01-03_r02.mp4,5457041,0.041250,1,
write,write,,,video_small,mongo_gridfs,2,01-01-04-01-01-01-05_r02.mp4,5498397,0.048572,1,
write,write,,,video_small,pg_bytea,2,01-01-04-01-01-01-05_r02.mp4,5498397,0.900943,1,
write,write,,,video_small,polyglot,2,01-01-04-01-01-01-05_r02.mp4,5498397,0.053437,1,
write,write,,,video_small,mongo_gridfs,2,01-01-04-01-01-01-10_r02.mp4,5457041,0.081901,1,
write,write,,,video_small,polyglot,2,01-01-04-01-01-01-10_r02.mp4,5457041,0.446914,1,
write,write,,,video_small,pg_bytea,2,01-01-04-01-01-01-10_r02.mp4,5457041,0.174727,1,
write,write,,,video_small,polyglot,2,01-01-04-01-01-01-16_r02.mp4,5457041,0.047674,1,
write,write,,,video_small,pg_bytea,2,01-01-04-01-01-01-16_r02.mp4,5457041,0.142159,1,
write,write,,,video_small,mongo_gridfs,2,01-01-04-01-01-01-16_r02.mp4,5457041,0.055200,1,
write,write,,,video_small,pg_bytea,2,01-01-04-01-02-01-19_r02.mp4,5498397,0.163244,1,
write,write,,,video_small,polyglot,2,01-01-04-01-02-01-19_r02.mp4,5498397,0.056185,1,
write,write,,,video_small,mongo_gridfs,2,01-01-04-01-02-01-19_r02.mp4,5498397,0.052940,1,
write,write,,,video_small,pg_bytea,2,01-01-04-01-02-01-21_r02.mp4,5498397,0.200397,1,
write,write,,,video_small,polyglot,2,01-01-04-01-02-01-21_r02.mp4,5498397,0.045566,1,
write,write,,,video_small,mongo_gridfs,2,01-01-04-01-02-01-21_r02.mp4,5498397,0.046000,1,
write,write,,,video_small,polyglot,2,01-01-04-01-02-01-22_r02.mp4,5498397,0.054062,1,
write,write,,,video_small,pg_bytea,2,01-01-04-01-02-01-22_r02.mp4,5498397,0.180520,1,
write,write,,,video_small,mongo_gridfs,2,01-01-04-01-02-01-22_r02.mp4,5498397,0.058215,1,
write,write,,,video_small,pg_bytea,2,01-01-04-02-01-01-18_r02.mp4,5498397,0.167016,1,
write,write,,,video_small,polyglot,2,01-01-04-02-01-01-18_r02.mp4,5498397,0.046118,1,
write,write,,,video_small,mongo_gridfs,2,01-01-04-02-01-01-18_r02.mp4,5498397,0.045114,1,
write,write,,,video_small,mongo_gridfs,2,01-01-04-02-01-01-19_r02.mp4,5457041,0.076454,1,
write,write,,,video_small,polyglot,2,01-01-04-02-01-01-19_r02.mp4,5457041,0.065470,1,
write,write,,,video_small,pg_bytea,2,01-01-04-02-01-01-19_r02.mp4,5457041,0.193474,1,
write,write,,,video_small,polyglot,2,01-01-04-02-02-01-02_r02.mp4,5498397,0.050522,1,
write,write,,,video_small,mongo_gridfs,2,01-01-04-02-02-01-02_r02.mp4,5498397,0.048887,1,
write,write,,,video_small,pg_bytea,2,01-01-04-02-02-01-02_r02.mp4,5498397,0.189691,1,
write,write,,,video_small,pg_bytea,2,01-01-04-02-02-01-05_r02.mp4,5498397,0.160928,1,
write,write,,,video_small,mongo_gridfs,2,01-01-04-02-02-01-05_r02.mp4,5498397,0.043068,1,
write,write,,,video_small,polyglot,2,01-01-04-02-02-01-05_r02.mp4,5498397,0.050320,1,
write,write,,,video_small,polyglot,2,01-01-04-02-02-01-06_r02.mp4,5498397,0.054316,1,
write,write,,,video_small,pg_bytea,2,01-01-04-02-02-01-06_r02.mp4,5498397,0.138747,1,
write,write,,,video_small,mongo_gridfs,2,01-01-04-02-02-01-06_r02.mp4,5498397,0.060830,1,
write,write,,,video_small,pg_bytea,2,01-01-04-02-02-01-13_r02.mp4,5498397,0.387268,1,
write,write,,,video_small,polyglot,2,01-01-04-02-02-01-13_r02.mp4,5498397,0.046524,1,
write,write,,,video_small,mongo_gridfs,2,01-01-04-02-02-01-13_r02.mp4,5498397,0.045881,1,
write,write,,,video_small,mongo_gridfs,2,01-01-04-02-02-01-17_r02.mp4,5498397,0.054779,1,
write,write,,,video_small,polyglot,2,01-01-04-02-02-01-17_r02.mp4,5498397,0.051066,1,
write,write,,,video_small,pg_bytea,2,01-01-04-02-02-01-17_r02.mp4,5498397,0.204411,1,
write,write,,,video_small,pg_bytea,2,01-01-04-02-02-02-19_r02.mp4,5498397,0.310857,1,
write,write,,,video_small,mongo_gridfs,2,01-01-04-02-02-02-19_r02.mp4,5498397,0.054502,1,
write,write,,,video_small,polyglot,2,01-01-04-02-02-02-19_r02.mp4,5498397,0.068771,1,
write,write,,,video_small,polyglot,2,01-01-05-01-01-02-09_r02.mp4,5457041,0.048982,1,
write,write,,,video_small,pg_bytea,2,01-01-05-01-01-02-09_r02.mp4,5457041,0.165682,1,
write,write,,,video_small,mongo_gridfs,2,01-01-05-01-01-02-09_r02.mp4,5457041,0.046046,1,
write,write,,,video_small,mongo_gridfs,2,01-01-05-01-01-02-19_r02.mp4,5498397,0.055081,1,
write,write,,,video_small,pg_bytea,2,01-01-05-01-01-02-19_r02.mp4,5498397,0.150140,1,
write,write,,,video_small,polyglot,2,01-01-05-01-01-02-19_r02.mp4,5498397,0.051151,1,
write,write,,,video_small,pg_bytea,2,01-01-05-01-01-02-21_r02.mp4,5457041,0.153308,1,
write,write,,,video_small,mongo_gridfs,2,01-01-05-01-01-02-21_r02.mp4,5457041,0.048662,1,
write,write,,,video_small,polyglot,2,01-01-05-01-01-02-21_r02.mp4,5457041,0.044999,1,
write,write,,,video_small,pg_bytea,2,01-01-05-01-02-01-19_r02.mp4,5457041,0.143115,1,
write,write,,,video_small,polyglot,2,01-01-05-01-02-01-19_r02.mp4,5457041,0.048799,1,
write,write,,,video_small,mongo_gridfs,2,01-01-05-01-02-01-19_r02.mp4,5457041,0.051047,1,
write,write,,,video_small,mongo_gridfs,2,01-01-05-01-02-02-04_r02.mp4,5457041,0.050256,1,
write,write,,,video_small,pg_bytea,2,01-01-05-01-02-02-04_r02.mp4,5457041,0.167567,1,
write,write,,,video_small,polyglot,2,01-01-05-01-02-02-04_r02.mp4,5457041,0.044969,1,
write,write,,,video_small,polyglot,2,01-01-05-01-02-02-05_r02.mp4,5498397,0.054110,1,
write,write,,,video_small,mongo_gridfs,2,01-01-05-01-02-02-05_r02.mp4,5498397,0.045807,1,
write,write,,,video_small,pg_bytea,2,01-01-05-01-02-02-05_r02.mp4,5498397,0.158928,1,
write,write,,,video_small,mongo_gridfs,2,01-01-05-02-01-02-04_r02.mp4,5457041,0.046700,1,
write,write,,,video_small,polyglot,2,01-01-05-02-01-02-04_r02.mp4,5457041,0.052042,1,
write,write,,,video_small,pg_bytea,2,01-01-05-02-01-02-04_r02.mp4,5457041,0.153683,1,
write,write,,,video_small,pg_bytea,2,01-01-05-02-01-02-12_r02.mp4,5457041,0.148170,1,
write,write,,,video_small,mongo_gridfs,2,01-01-05-02-01-02-12_r02.mp4,5457041,0.048073,1,
write,write,,,video_small,polyglot,2,01-01-05-02-01-02-12_r02.mp4,5457041,0.078811,1,
write,write,,,video_small,pg_bytea,2,01-01-05-02-01-02-14_r02.mp4,5457041,0.170155,1,
write,write,,,video_small,mongo_gridfs,2,01-01-05-02-01-02-14_r02.mp4,5457041,0.043699,1,
write,write,,,video_small,polyglot,2,01-01-05-02-01-02-14_r02.mp4,5457041,0.043301,1,
write,write,,,video_small,pg_bytea,2,01-01-05-02-02-02-19_r02.mp4,5498397,0.178461,1,
write,write,,,video_small,polyglot,2,01-01-05-02-02-02-19_r02.mp4,5498397,0.048609,1,
write,write,,,video_small,mongo_gridfs,2,01-01-05-02-02-02-19_r02.mp4,5498397,0.044865,1,
write,write,,,video_small,mongo_gridfs,2,01-01-05-02-02-02-20_r02.mp4,5498397,0.050616,1,
write,write,,,video_small,pg_bytea,2,01-01-05-02-02-02-20_r02.mp4,5498397,0.164042,1,
write,write,,,video_small,polyglot,2,01-01-05-02-02-02-20_r02.mp4,5498397,0.041583,1,
write,write,,,video_small,pg_bytea,2,01-01-05-02-02-02-23_r02.mp4,5457041,0.150677,1,
write,write,,,video_small,mongo_gridfs,2,01-01-05-02-02-02-23_r02.mp4,5457041,0.052083,1,
write,write,,,video_small,polyglot,2,01-01-05-02-02-02-23_r02.mp4,5457041,0.053836,1,
write,write,,,video_small,polyglot,2,01-01-06-01-01-01-08_r02.mp4,5457041,0.051413,1,
write,write,,,video_small,mongo_gridfs,2,01-01-06-01-01-01-08_r02.mp4,5457041,0.043145,1,
write,write,,,video_small,pg_bytea,2,01-01-06-01-01-01-08_r02.mp4,5457041,0.164548,1,
write,write,,,video_small,pg_bytea,2,01-01-06-01-01-01-19_r02.mp4,5457041,0.150095,1,
write,write,,,video_small,polyglot,2,01-01-06-01-01-01-19_r02.mp4,5457041,0.043998,1,
write,write,,,video_small,mongo_gridfs,2,01-01-06-01-01-01-19_r02.mp4,5457041,0.051351,1,
write,write,,,video_small,pg_bytea,2,01-01-06-01-01-01-24_r02.mp4,5498397,0.140422,1,
write,write,,,video_small,polyglot,2,01-01-06-01-01-01-24_r02.mp4,5498397,0.054109,1,
write,write,,,video_small,mongo_gridfs,2,01-01-06-01-01-01-24_r02.mp4,5498397,0.043813,1,
write,write,,,video_medium,mongo_gridfs,2,tsinghua_v_0024_r02.mp4,13091522,0.230121,1,
write,write,,,video_medium,polyglot,2,tsinghua_v_0024_r02.mp4,13091522,0.106541,1,
write,write,,,video_medium,pg_bytea,2,tsinghua_v_0024_r02.mp4,13091522,1.096569,1,
write,write,,,video_medium,pg_bytea,2,tsinghua_v_0046_r02.mp4,13091522,0.718667,1,
write,write,,,video_medium,mongo_gridfs,2,tsinghua_v_0046_r02.mp4,13091522,0.148554,1,
write,write,,,video_medium,polyglot,2,tsinghua_v_0046_r02.mp4,13091522,0.118153,1,
write,write,,,video_medium,pg_bytea,2,tsinghua_v_0076_r02.mp4,13091522,0.407458,1,
write,write,,,video_medium,polyglot,2,tsinghua_v_0076_r02.mp4,13091522,0.102612,1,
write,write,,,video_medium,mongo_gridfs,2,tsinghua_v_0076_r02.mp4,13091522,0.136026,1,
write,write,,,video_medium,polyglot,2,tsinghua_v_0080_r02.mp4,13091522,0.106941,1,
write,write,,,video_medium,pg_bytea,2,tsinghua_v_0080_r02.mp4,13091522,0.363075,1,
write,write,,,video_medium,mongo_gridfs,2,tsinghua_v_0080_r02.mp4,13091522,0.097405,1,
write,write,,,video_medium,polyglot,2,tsinghua_v_0109_r02.mp4,13091522,0.107268,1,
write,write,,,video_medium,mongo_gridfs,2,tsinghua_v_0109_r02.mp4,13091522,0.130190,1,
write,write,,,video_medium,pg_bytea,2,tsinghua_v_0109_r02.mp4,13091522,0.375736,1,
write,write,,,video_medium,pg_bytea,2,tsinghua_v_0123_r02.mp4,13091522,0.388106,1,
write,write,,,video_medium,mongo_gridfs,2,tsinghua_v_0123_r02.mp4,13091522,0.120414,1,
write,write,,,video_medium,polyglot,2,tsinghua_v_0123_r02.mp4,13091522,0.222918,1,
write,write,,,video_medium,pg_bytea,2,tsinghua_v_0130_r02.mp4,13091522,0.433659,1,
write,write,,,video_medium,polyglot,2,tsinghua_v_0130_r02.mp4,13091522,0.096193,1,
write,write,,,video_medium,mongo_gridfs,2,tsinghua_v_0130_r02.mp4,13091522,0.099231,1,
write,write,,,video_medium,mongo_gridfs,2,tsinghua_v_0135_r02.mp4,13091522,0.181769,1,
write,write,,,video_medium,polyglot,2,tsinghua_v_0135_r02.mp4,13091522,0.528519,1,
write,write,,,video_medium,pg_bytea,2,tsinghua_v_0135_r02.mp4,13091522,0.424169,1,
write,write,,,video_medium,polyglot,2,tsinghua_v_0137_r02.mp4,13091522,0.104798,1,
write,write,,,video_medium,mongo_gridfs,2,tsinghua_v_0137_r02.mp4,13091522,0.105291,1,
write,write,,,video_medium,pg_bytea,2,tsinghua_v_0137_r02.mp4,13091522,0.362098,1,
write,write,,,video_medium,pg_bytea,2,tsinghua_v_0140_r02.mp4,13091522,0.486727,1,
write,write,,,video_medium,polyglot,2,tsinghua_v_0140_r02.mp4,13091522,0.214134,1,
write,write,,,video_medium,mongo_gridfs,2,tsinghua_v_0140_r02.mp4,13091522,0.103084,1,
write,write,,,video_medium,pg_bytea,2,tsinghua_v_0151_r02.mp4,13091522,0.418589,1,
write,write,,,video_medium,polyglot,2,tsinghua_v_0151_r02.mp4,13091522,0.117237,1,
write,write,,,video_medium,mongo_gridfs,2,tsinghua_v_0151_r02.mp4,13091522,0.107450,1,
write,write,,,video_medium,mongo_gridfs,2,tsinghua_v_0157_r02.mp4,13091522,0.129610,1,
write,write,,,video_medium,polyglot,2,tsinghua_v_0157_r02.mp4,13091522,0.155396,1,
write,write,,,video_medium,pg_bytea,2,tsinghua_v_0157_r02.mp4,13091522,0.382925,1,
write,write,,,video_medium,mongo_gridfs,2,tsinghua_v_0209_r02.mp4,13091522,0.103035,1,
write,write,,,video_medium,pg_bytea,2,tsinghua_v_0209_r02.mp4,13091522,1.399796,1,
write,write,,,video_medium,polyglot,2,tsinghua_v_0209_r02.mp4,13091522,0.109038,1,
write,write,,,video_medium,mongo_gridfs,2,tsinghua_v_0226_r02.mp4,13091522,0.108972,1,
write,write,,,video_medium,polyglot,2,tsinghua_v_0226_r02.mp4,13091522,0.124583,1,
write,write,,,video_medium,pg_bytea,2,tsinghua_v_0226_r02.mp4,13091522,0.395943,1,
write,write,,,video_medium,pg_bytea,2,tsinghua_v_0236_r02.mp4,13091522,0.372900,1,
write,write,,,video_medium,mongo_gridfs,2,tsinghua_v_0236_r02.mp4,13091522,0.117076,1,
write,write,,,video_medium,polyglot,2,tsinghua_v_0236_r02.mp4,13091522,0.099954,1,
write,write,,,video_medium,pg_bytea,2,tsinghua_v_0274_r02.mp4,13091522,0.352465,1,
write,write,,,video_medium,mongo_gridfs,2,tsinghua_v_0274_r02.mp4,13091522,0.129516,1,
write,write,,,video_medium,polyglot,2,tsinghua_v_0274_r02.mp4,13091522,0.161509,1,
write,write,,,video_medium,polyglot,2,tsinghua_v_0280_r02.mp4,13091522,0.129994,1,
write,write,,,video_medium,mongo_gridfs,2,tsinghua_v_0280_r02.mp4,13091522,0.136285,1,
write,write,,,video_medium,pg_bytea,2,tsinghua_v_0280_r02.mp4,13091522,0.462040,1,
write,write,,,video_medium,mongo_gridfs,2,tsinghua_v_0302_r02.mp4,13091522,0.095607,1,
write,write,,,video_medium,polyglot,2,tsinghua_v_0302_r02.mp4,13091522,0.102253,1,
write,write,,,video_medium,pg_bytea,2,tsinghua_v_0302_r02.mp4,13091522,0.526067,1,
write,write,,,video_medium,polyglot,2,tsinghua_v_0311_r02.mp4,13091522,0.116544,1,
write,write,,,video_medium,pg_bytea,2,tsinghua_v_0311_r02.mp4,13091522,0.852932,1,
write,write,,,video_medium,mongo_gridfs,2,tsinghua_v_0311_r02.mp4,13091522,0.099344,1,
write,write,,,video_medium,polyglot,2,tsinghua_v_0316_r02.mp4,13091522,0.108795,1,
write,write,,,video_medium,mongo_gridfs,2,tsinghua_v_0316_r02.mp4,13091522,0.101282,1,
write,write,,,video_medium,pg_bytea,2,tsinghua_v_0316_r02.mp4,13091522,0.488992,1,
write,write,,,video_medium,polyglot,2,tsinghua_v_0319_r02.mp4,13091522,0.111035,1,
write,write,,,video_medium,mongo_gridfs,2,tsinghua_v_0319_r02.mp4,13091522,0.110100,1,
write,write,,,video_medium,pg_bytea,2,tsinghua_v_0319_r02.mp4,13091522,0.612438,1,
write,write,,,video_medium,mongo_gridfs,2,tsinghua_v_0321_r02.mp4,13091522,0.136964,1,
write,write,,,video_medium,pg_bytea,2,tsinghua_v_0321_r02.mp4,13091522,0.383104,1,
write,write,,,video_medium,polyglot,2,tsinghua_v_0321_r02.mp4,13091522,0.108212,1,
write,write,,,video_medium,mongo_gridfs,2,tsinghua_v_0331_r02.mp4,13091522,0.114587,1,
write,write,,,video_medium,polyglot,2,tsinghua_v_0331_r02.mp4,13091522,0.102856,1,
write,write,,,video_medium,pg_bytea,2,tsinghua_v_0331_r02.mp4,13091522,0.398208,1,
write,write,,,video_medium,polyglot,2,tsinghua_v_0345_r02.mp4,13091522,0.100993,1,
write,write,,,video_medium,mongo_gridfs,2,tsinghua_v_0345_r02.mp4,13091522,0.095190,1,
write,write,,,video_medium,pg_bytea,2,tsinghua_v_0345_r02.mp4,13091522,0.349449,1,
write,write,,,video_medium,pg_bytea,2,tsinghua_v_0356_r02.mp4,13091522,0.372369,1,
write,write,,,video_medium,mongo_gridfs,2,tsinghua_v_0356_r02.mp4,13091522,0.119297,1,
write,write,,,video_medium,polyglot,2,tsinghua_v_0356_r02.mp4,13091522,0.208264,1,
write,write,,,video_medium,polyglot,2,tsinghua_v_0357_r02.mp4,13091522,0.094758,1,
write,write,,,video_medium,pg_bytea,2,tsinghua_v_0357_r02.mp4,13091522,0.900219,1,
write,write,,,video_medium,mongo_gridfs,2,tsinghua_v_0357_r02.mp4,13091522,0.116368,1,
write,write,,,video_medium,polyglot,2,tsinghua_v_0379_r02.mp4,13091522,0.104458,1,
write,write,,,video_medium,mongo_gridfs,2,tsinghua_v_0379_r02.mp4,13091522,0.108367,1,
write,write,,,video_medium,pg_bytea,2,tsinghua_v_0379_r02.mp4,13091522,0.361109,1,
write,write,,,video_medium,polyglot,2,tsinghua_v_0393_r02.mp4,13091522,0.092860,1,
write,write,,,video_medium,mongo_gridfs,2,tsinghua_v_0393_r02.mp4,13091522,0.101084,1,
write,write,,,video_medium,pg_bytea,2,tsinghua_v_0393_r02.mp4,13091522,0.327576,1,
write,write,,,video_medium,pg_bytea,2,tsinghua_v_0421_r02.mp4,13091522,0.321962,1,
write,write,,,video_medium,polyglot,2,tsinghua_v_0421_r02.mp4,13091522,0.097786,1,
write,write,,,video_medium,mongo_gridfs,2,tsinghua_v_0421_r02.mp4,13091522,0.098285,1,
write,write,,,video_medium,pg_bytea,2,tsinghua_v_0424_r02.mp4,13091522,0.316252,1,
write,write,,,video_medium,mongo_gridfs,2,tsinghua_v_0424_r02.mp4,13091522,0.105146,1,
write,write,,,video_medium,polyglot,2,tsinghua_v_0424_r02.mp4,13091522,0.134956,1,
write,write,,,video_medium,polyglot,2,tsinghua_v_0427_r02.mp4,13091522,0.096995,1,
write,write,,,video_medium,pg_bytea,2,tsinghua_v_0427_r02.mp4,13091522,0.393574,1,
write,write,,,video_medium,mongo_gridfs,2,tsinghua_v_0427_r02.mp4,13091522,0.098098,1,
write,write,,,video_medium,polyglot,2,tsinghua_v_0431_r02.mp4,13091522,0.096300,1,
write,write,,,video_medium,pg_bytea,2,tsinghua_v_0431_r02.mp4,13091522,0.661074,1,
write,write,,,video_medium,mongo_gridfs,2,tsinghua_v_0431_r02.mp4,13091522,0.099370,1,
write,write,,,video_medium,mongo_gridfs,2,tsinghua_v_0452_r02.mp4,13091522,0.115133,1,
write,write,,,video_medium,pg_bytea,2,tsinghua_v_0452_r02.mp4,13091522,0.356138,1,
write,write,,,video_medium,polyglot,2,tsinghua_v_0452_r02.mp4,13091522,0.107155,1,
write,write,,,video_medium,mongo_gridfs,2,tsinghua_v_0454_r02.mp4,13091522,0.109156,1,
write,write,,,video_medium,polyglot,2,tsinghua_v_0454_r02.mp4,13091522,0.111343,1,
write,write,,,video_medium,pg_bytea,2,tsinghua_v_0454_r02.mp4,13091522,0.331270,1,
write,write,,,video_medium,mongo_gridfs,2,tsinghua_v_0457_r02.mp4,13091522,0.107695,1,
write,write,,,video_medium,polyglot,2,tsinghua_v_0457_r02.mp4,13091522,0.101176,1,
write,write,,,video_medium,pg_bytea,2,tsinghua_v_0457_r02.mp4,13091522,0.316623,1,
write,write,,,video_medium,mongo_gridfs,2,tsinghua_v_0466_r02.mp4,13091522,0.100697,1,
write,write,,,video_medium,polyglot,2,tsinghua_v_0466_r02.mp4,13091522,0.100939,1,
write,write,,,video_medium,pg_bytea,2,tsinghua_v_0466_r02.mp4,13091522,0.354916,1,
write,write,,,video_medium,mongo_gridfs,2,tsinghua_v_0471_r02.mp4,13091522,0.103546,1,
write,write,,,video_medium,pg_bytea,2,tsinghua_v_0471_r02.mp4,13091522,0.330690,1,
write,write,,,video_medium,polyglot,2,tsinghua_v_0471_r02.mp4,13091522,0.136536,1,
write,write,,,video_medium,mongo_gridfs,2,tsinghua_v_0472_r02.mp4,13091522,0.102499,1,
write,write,,,video_medium,pg_bytea,2,tsinghua_v_0472_r02.mp4,13091522,0.357823,1,
write,write,,,video_medium,polyglot,2,tsinghua_v_0472_r02.mp4,13091522,0.094619,1,
write,write,,,video_medium,mongo_gridfs,2,tsinghua_v_0494_r02.mp4,13091522,0.095487,1,
write,write,,,video_medium,polyglot,2,tsinghua_v_0494_r02.mp4,13091522,0.108957,1,
write,write,,,video_medium,pg_bytea,2,tsinghua_v_0494_r02.mp4,13091522,0.371566,1,
write,write,,,video_medium,pg_bytea,2,tsinghua_v_0503_r02.mp4,13091522,0.415920,1,
write,write,,,video_medium,polyglot,2,tsinghua_v_0503_r02.mp4,13091522,0.111010,1,
write,write,,,video_medium,mongo_gridfs,2,tsinghua_v_0503_r02.mp4,13091522,0.094622,1,
write,write,,,video_medium,mongo_gridfs,2,tsinghua_v_0509_r02.mp4,13091522,0.105779,1,
write,write,,,video_medium,polyglot,2,tsinghua_v_0509_r02.mp4,13091522,0.132247,1,
write,write,,,video_medium,pg_bytea,2,tsinghua_v_0509_r02.mp4,13091522,0.347297,1,
write,write,,,video_medium,polyglot,2,tsinghua_v_0523_r02.mp4,13091522,0.128447,1,
write,write,,,video_medium,mongo_gridfs,2,tsinghua_v_0523_r02.mp4,13091522,0.105277,1,
write,write,,,video_medium,pg_bytea,2,tsinghua_v_0523_r02.mp4,13091522,0.407824,1,
write,write,,,video_medium,pg_bytea,2,tsinghua_v_0546_r02.mp4,13091522,0.334823,1,
write,write,,,video_medium,polyglot,2,tsinghua_v_0546_r02.mp4,13091522,0.097383,1,
write,write,,,video_medium,mongo_gridfs,2,tsinghua_v_0546_r02.mp4,13091522,0.100405,1,
write,write,,,video_medium,pg_bytea,2,tsinghua_v_0568_r02.mp4,13091522,0.769927,1,
write,write,,,video_medium,polyglot,2,tsinghua_v_0568_r02.mp4,13091522,0.103896,1,
write,write,,,video_medium,mongo_gridfs,2,tsinghua_v_0568_r02.mp4,13091522,0.108016,1,
write,write,,,video_medium,pg_bytea,2,tsinghua_v_0594_r02.mp4,13091522,0.844443,1,
write,write,,,video_medium,mongo_gridfs,2,tsinghua_v_0594_r02.mp4,13091522,0.119687,1,
write,write,,,video_medium,polyglot,2,tsinghua_v_0594_r02.mp4,13091522,0.105992,1,
write,write,,,video_medium,polyglot,2,tsinghua_v_0596_r02.mp4,13091522,0.112288,1,
write,write,,,video_medium,pg_bytea,2,tsinghua_v_0596_r02.mp4,13091522,0.357520,1,
write,write,,,video_medium,mongo_gridfs,2,tsinghua_v_0596_r02.mp4,13091522,0.094799,1,
write,write,,,video_medium,polyglot,2,tsinghua_v_0635_r02.mp4,13091522,0.102303,1,
write,write,,,video_medium,mongo_gridfs,2,tsinghua_v_0635_r02.mp4,13091522,0.116198,1,
write,write,,,video_medium,pg_bytea,2,tsinghua_v_0635_r02.mp4,13091522,0.332317,1,
write,write,,,video_medium,mongo_gridfs,2,tsinghua_v_0653_r02.mp4,13091522,0.121909,1,
write,write,,,video_medium,pg_bytea,2,tsinghua_v_0653_r02.mp4,13091522,0.364638,1,
write,write,,,video_medium,polyglot,2,tsinghua_v_0653_r02.mp4,13091522,0.095558,1,
write,write,,,video_medium,mongo_gridfs,2,tsinghua_v_0667_r02.mp4,13091522,0.100213,1,
write,write,,,video_medium,polyglot,2,tsinghua_v_0667_r02.mp4,13091522,0.102701,1,
write,write,,,video_medium,pg_bytea,2,tsinghua_v_0667_r02.mp4,13091522,0.410875,1,
write,write,,,video_medium,polyglot,2,tsinghua_v_0673_r02.mp4,13091522,0.096146,1,
write,write,,,video_medium,pg_bytea,2,tsinghua_v_0673_r02.mp4,13091522,0.379954,1,
write,write,,,video_medium,mongo_gridfs,2,tsinghua_v_0673_r02.mp4,13091522,0.100215,1,
write,write,,,video_medium,polyglot,2,tsinghua_v_0681_r02.mp4,13091522,0.145580,1,
write,write,,,video_medium,mongo_gridfs,2,tsinghua_v_0681_r02.mp4,13091522,0.121286,1,
write,write,,,video_medium,pg_bytea,2,tsinghua_v_0681_r02.mp4,13091522,0.329939,1,
write,write,,,video_medium,mongo_gridfs,2,tsinghua_v_0690_r02.mp4,13091522,0.100687,1,
write,write,,,video_medium,polyglot,2,tsinghua_v_0690_r02.mp4,13091522,0.111434,1,
write,write,,,video_medium,pg_bytea,2,tsinghua_v_0690_r02.mp4,13091522,0.389559,1,
write,write,,,video_medium,pg_bytea,2,tsinghua_v_0692_r02.mp4,13091522,0.389871,1,
write,write,,,video_medium,polyglot,2,tsinghua_v_0692_r02.mp4,13091522,0.112305,1,
write,write,,,video_medium,mongo_gridfs,2,tsinghua_v_0692_r02.mp4,13091522,0.093605,1,
write,write,,,video_medium,pg_bytea,2,tsinghua_v_0696_r02.mp4,13091522,0.346559,1,
write,write,,,video_medium,mongo_gridfs,2,tsinghua_v_0696_r02.mp4,13091522,0.112803,1,
write,write,,,video_medium,polyglot,2,tsinghua_v_0696_r02.mp4,13091522,0.113481,1,
write,write,,,video_medium,mongo_gridfs,2,tsinghua_v_0734_r02.mp4,13091522,0.108722,1,
write,write,,,video_medium,pg_bytea,2,tsinghua_v_0734_r02.mp4,13091522,0.373545,1,
write,write,,,video_medium,polyglot,2,tsinghua_v_0734_r02.mp4,13091522,0.124129,1,
write,write,,,video_medium,pg_bytea,2,tsinghua_v_0737_r02.mp4,13091522,0.634979,1,
write,write,,,video_medium,polyglot,2,tsinghua_v_0737_r02.mp4,13091522,0.107921,1,
write,write,,,video_medium,mongo_gridfs,2,tsinghua_v_0737_r02.mp4,13091522,0.093649,1,
write,write,,,video_medium,mongo_gridfs,2,tsinghua_v_0744_r02.mp4,13091522,0.097201,1,
write,write,,,video_medium,polyglot,2,tsinghua_v_0744_r02.mp4,13091522,0.109364,1,
write,write,,,video_medium,pg_bytea,2,tsinghua_v_0744_r02.mp4,13091522,0.356341,1,
write,write,,,video_medium,polyglot,2,tsinghua_v_0745_r02.mp4,13091522,0.095565,1,
write,write,,,video_medium,mongo_gridfs,2,tsinghua_v_0745_r02.mp4,13091522,0.101943,1,
write,write,,,video_medium,pg_bytea,2,tsinghua_v_0745_r02.mp4,13091522,0.370110,1,
write,write,,,video_medium,polyglot,2,tsinghua_v_0769_r02.mp4,13091522,0.092205,1,
write,write,,,video_medium,mongo_gridfs,2,tsinghua_v_0769_r02.mp4,13091522,0.107913,1,
write,write,,,video_medium,pg_bytea,2,tsinghua_v_0769_r02.mp4,13091522,0.373577,1,
write,write,,,video_medium,mongo_gridfs,2,tsinghua_v_0791_r02.mp4,13091522,0.106075,1,
write,write,,,video_medium,pg_bytea,2,tsinghua_v_0791_r02.mp4,13091522,0.366812,1,
write,write,,,video_medium,polyglot,2,tsinghua_v_0791_r02.mp4,13091522,0.121985,1,
write,write,,,video_medium,pg_bytea,2,tsinghua_v_0792_r02.mp4,13091522,0.354309,1,
write,write,,,video_medium,mongo_gridfs,2,tsinghua_v_0792_r02.mp4,13091522,0.101067,1,
write,write,,,video_medium,polyglot,2,tsinghua_v_0792_r02.mp4,13091522,0.112900,1,
write,write,,,video_medium,mongo_gridfs,2,tsinghua_v_0857_r02.mp4,13091522,0.147985,1,
write,write,,,video_medium,polyglot,2,tsinghua_v_0857_r02.mp4,13091522,0.106460,1,
write,write,,,video_medium,pg_bytea,2,tsinghua_v_0857_r02.mp4,13091522,0.367491,1,
write,write,,,video_medium,mongo_gridfs,2,tsinghua_v_0866_r02.mp4,13091522,0.109950,1,
write,write,,,video_medium,polyglot,2,tsinghua_v_0866_r02.mp4,13091522,0.313260,1,
write,write,,,video_medium,pg_bytea,2,tsinghua_v_0866_r02.mp4,13091522,0.360449,1,
write,write,,,video_medium,mongo_gridfs,2,tsinghua_v_0880_r02.mp4,13091522,0.094738,1,
write,write,,,video_medium,pg_bytea,2,tsinghua_v_0880_r02.mp4,13091522,0.349986,1,
write,write,,,video_medium,polyglot,2,tsinghua_v_0880_r02.mp4,13091522,0.111879,1,
write,write,,,video_medium,polyglot,2,tsinghua_v_0888_r02.mp4,13091522,0.113772,1,
write,write,,,video_medium,mongo_gridfs,2,tsinghua_v_0888_r02.mp4,13091522,0.107562,1,
write,write,,,video_medium,pg_bytea,2,tsinghua_v_0888_r02.mp4,13091522,0.348606,1,
write,write,,,video_medium,mongo_gridfs,2,tsinghua_v_0901_r02.mp4,13091522,0.099285,1,
write,write,,,video_medium,polyglot,2,tsinghua_v_0901_r02.mp4,13091522,0.101770,1,
write,write,,,video_medium,pg_bytea,2,tsinghua_v_0901_r02.mp4,13091522,0.355880,1,
write,write,,,video_medium,mongo_gridfs,2,tsinghua_v_0937_r02.mp4,13091522,0.097495,1,
write,write,,,video_medium,polyglot,2,tsinghua_v_0937_r02.mp4,13091522,0.101498,1,
write,write,,,video_medium,pg_bytea,2,tsinghua_v_0937_r02.mp4,13091522,0.405432,1,
write,write,,,video_medium,polyglot,2,tsinghua_v_0939_r02.mp4,13091522,0.102849,1,
write,write,,,video_medium,mongo_gridfs,2,tsinghua_v_0939_r02.mp4,13091522,0.131831,1,
write,write,,,video_medium,pg_bytea,2,tsinghua_v_0939_r02.mp4,13091522,0.516611,1,
write,write,,,video_medium,mongo_gridfs,2,tsinghua_v_0961_r02.mp4,13091522,0.143614,1,
write,write,,,video_medium,pg_bytea,2,tsinghua_v_0961_r02.mp4,13091522,0.369478,1,
write,write,,,video_medium,polyglot,2,tsinghua_v_0961_r02.mp4,13091522,0.097722,1,
write,write,,,video_medium,mongo_gridfs,2,tsinghua_v_0977_r02.mp4,13091522,0.097388,1,
write,write,,,video_medium,polyglot,2,tsinghua_v_0977_r02.mp4,13091522,0.106008,1,
write,write,,,video_medium,pg_bytea,2,tsinghua_v_0977_r02.mp4,13091522,0.388748,1,
write,write,,,audio_small,polyglot,3,03-01-01-01-01-02-19_r03.wav,375720,0.008636,1,
write,write,,,audio_small,pg_bytea,3,03-01-01-01-01-02-19_r03.wav,375720,0.012343,1,
write,write,,,audio_small,mongo_gridfs,3,03-01-01-01-01-02-19_r03.wav,375720,0.006665,1,
write,write,,,audio_small,pg_bytea,3,03-01-01-01-02-02-05_r03.wav,396294,0.013059,1,
write,write,,,audio_small,polyglot,3,03-01-01-01-02-02-05_r03.wav,396294,0.007808,1,
write,write,,,audio_small,mongo_gridfs,3,03-01-01-01-02-02-05_r03.wav,396294,0.006921,1,
write,write,,,audio_small,pg_bytea,3,03-01-01-01-02-02-06_r03.wav,363108,0.009509,1,
write,write,,,audio_small,mongo_gridfs,3,03-01-01-01-02-02-06_r03.wav,363108,0.007640,1,
write,write,,,audio_small,polyglot,3,03-01-01-01-02-02-06_r03.wav,363108,0.005556,1,
write,write,,,audio_small,pg_bytea,3,03-01-01-01-02-02-07_r03.wav,363108,0.009479,1,
write,write,,,audio_small,polyglot,3,03-01-01-01-02-02-07_r03.wav,363108,0.005248,1,
write,write,,,audio_small,mongo_gridfs,3,03-01-01-01-02-02-07_r03.wav,363108,0.004448,1,
write,write,,,audio_small,pg_bytea,3,03-01-01-01-02-02-11_r03.wav,375720,0.014054,1,
write,write,,,audio_small,mongo_gridfs,3,03-01-01-01-02-02-11_r03.wav,375720,0.007469,1,
write,write,,,audio_small,polyglot,3,03-01-01-01-02-02-11_r03.wav,375720,0.005414,1,
write,write,,,audio_small,mongo_gridfs,3,03-01-01-01-02-02-12_r03.wav,372698,0.004680,1,
write,write,,,audio_small,pg_bytea,3,03-01-01-01-02-02-12_r03.wav,372698,0.009726,1,
write,write,,,audio_small,polyglot,3,03-01-01-01-02-02-12_r03.wav,372698,0.007728,1,
write,write,,,audio_small,mongo_gridfs,3,03-01-01-01-02-02-13_r03.wav,363108,0.004655,1,
write,write,,,audio_small,polyglot,3,03-01-01-01-02-02-13_r03.wav,363108,0.006230,1,
write,write,,,audio_small,pg_bytea,3,03-01-01-01-02-02-13_r03.wav,363108,0.010571,1,
write,write,,,audio_small,mongo_gridfs,3,03-01-01-02-01-02-05_r03.wav,393086,0.005987,1,
write,write,,,audio_small,pg_bytea,3,03-01-01-02-01-02-05_r03.wav,393086,0.011165,1,
write,write,,,audio_small,polyglot,3,03-01-01-02-01-02-05_r03.wav,393086,0.005945,1,
write,write,,,audio_small,polyglot,3,03-01-01-02-01-02-06_r03.wav,363108,0.004387,1,
write,write,,,audio_small,mongo_gridfs,3,03-01-01-02-01-02-06_r03.wav,363108,0.005053,1,
write,write,,,audio_small,pg_bytea,3,03-01-01-02-01-02-06_r03.wav,363108,0.011144,1,
write,write,,,audio_small,polyglot,3,03-01-01-02-01-02-07_r03.wav,372698,0.005582,1,
write,write,,,audio_small,pg_bytea,3,03-01-01-02-01-02-07_r03.wav,372698,0.009610,1,
write,write,,,audio_small,mongo_gridfs,3,03-01-01-02-01-02-07_r03.wav,372698,0.005535,1,
write,write,,,audio_small,mongo_gridfs,3,03-01-01-02-01-02-13_r03.wav,399494,0.005549,1,
write,write,,,audio_small,pg_bytea,3,03-01-01-02-01-02-13_r03.wav,399494,0.010383,1,
write,write,,,audio_small,polyglot,3,03-01-01-02-01-02-13_r03.wav,399494,0.007102,1,
write,write,,,audio_small,pg_bytea,3,03-01-01-02-02-02-19_r03.wav,372698,0.010309,1,
write,write,,,audio_small,polyglot,3,03-01-01-02-02-02-19_r03.wav,372698,0.007871,1,
write,write,,,audio_small,mongo_gridfs,3,03-01-01-02-02-02-19_r03.wav,372698,0.007502,1,
write,write,,,audio_small,mongo_gridfs,3,03-01-02-01-01-01-19_r03.wav,372698,0.004687,1,
write,write,,,audio_small,polyglot,3,03-01-02-01-01-01-19_r03.wav,372698,0.004691,1,
write,write,,,audio_small,pg_bytea,3,03-01-02-01-01-01-19_r03.wav,372698,0.009921,1,
write,write,,,audio_small,polyglot,3,03-01-02-01-02-01-06_r03.wav,363108,0.005697,1,
write,write,,,audio_small,mongo_gridfs,3,03-01-02-01-02-01-06_r03.wav,363108,0.005124,1,
write,write,,,audio_small,pg_bytea,3,03-01-02-01-02-01-06_r03.wav,363108,0.010332,1,
write,write,,,audio_small,polyglot,3,03-01-02-01-02-01-07_r03.wav,399494,0.005865,1,
write,write,,,audio_small,pg_bytea,3,03-01-02-01-02-01-07_r03.wav,399494,0.013901,1,
write,write,,,audio_small,mongo_gridfs,3,03-01-02-01-02-01-07_r03.wav,399494,0.007732,1,
write,write,,,audio_small,polyglot,3,03-01-02-01-02-01-11_r03.wav,375720,0.006824,1,
write,write,,,audio_small,pg_bytea,3,03-01-02-01-02-01-11_r03.wav,375720,0.011096,1,
write,write,,,audio_small,mongo_gridfs,3,03-01-02-01-02-01-11_r03.wav,375720,0.005743,1,
write,write,,,audio_small,polyglot,3,03-01-02-01-02-01-12_r03.wav,372698,0.006603,1,
write,write,,,audio_small,mongo_gridfs,3,03-01-02-01-02-01-12_r03.wav,372698,0.004370,1,
write,write,,,audio_small,pg_bytea,3,03-01-02-01-02-01-12_r03.wav,372698,0.010527,1,
write,write,,,audio_small,pg_bytea,3,03-01-02-01-02-01-13_r03.wav,379106,0.011830,1,
write,write,,,audio_small,polyglot,3,03-01-02-01-02-01-13_r03.wav,379106,0.006161,1,
write,write,,,audio_small,mongo_gridfs,3,03-01-02-01-02-01-13_r03.wav,379106,0.005685,1,
write,write,,,audio_small,polyglot,3,03-01-02-02-01-01-05_r03.wav,363108,0.005460,1,
write,write,,,audio_small,pg_bytea,3,03-01-02-02-01-01-05_r03.wav,363108,0.011110,1,
write,write,,,audio_small,mongo_gridfs,3,03-01-02-02-01-01-05_r03.wav,363108,0.006246,1,
write,write,,,audio_small,pg_bytea,3,03-01-02-02-01-01-11_r03.wav,363108,0.010429,1,
write,write,,,audio_small,polyglot,3,03-01-02-02-01-01-11_r03.wav,363108,0.005748,1,
write,write,,,audio_small,mongo_gridfs,3,03-01-02-02-01-01-11_r03.wav,363108,0.005329,1,
write,write,,,audio_small,polyglot,3,03-01-02-02-01-01-12_r03.wav,399494,0.006404,1,
write,write,,,audio_small,mongo_gridfs,3,03-01-02-02-01-01-12_r03.wav,399494,0.005664,1,
write,write,,,audio_small,pg_bytea,3,03-01-02-02-01-01-12_r03.wav,399494,0.010775,1,
write,write,,,audio_small,mongo_gridfs,3,03-01-02-02-01-01-13_r03.wav,399494,0.006757,1,
write,write,,,audio_small,pg_bytea,3,03-01-02-02-01-01-13_r03.wav,399494,0.012288,1,
write,write,,,audio_small,polyglot,3,03-01-02-02-01-01-13_r03.wav,399494,0.007106,1,
write,write,,,audio_small,mongo_gridfs,3,03-01-02-02-02-01-19_r03.wav,379106,0.005307,1,
write,write,,,audio_small,polyglot,3,03-01-02-02-02-01-19_r03.wav,379106,0.005031,1,
write,write,,,audio_small,pg_bytea,3,03-01-02-02-02-01-19_r03.wav,379106,0.012644,1,
write,write,,,audio_small,pg_bytea,3,03-01-03-01-01-02-05_r03.wav,396294,0.011602,1,
write,write,,,audio_small,polyglot,3,03-01-03-01-01-02-05_r03.wav,396294,0.006592,1,
write,write,,,audio_small,mongo_gridfs,3,03-01-03-01-01-02-05_r03.wav,396294,0.008077,1,
write,write,,,audio_small,mongo_gridfs,3,03-01-03-01-01-02-07_r03.wav,393086,0.006959,1,
write,write,,,audio_small,polyglot,3,03-01-03-01-01-02-07_r03.wav,393086,0.007361,1,
write,write,,,audio_small,pg_bytea,3,03-01-03-01-01-02-07_r03.wav,393086,0.013561,1,
write,write,,,audio_small,mongo_gridfs,3,03-01-03-01-01-02-12_r03.wav,399494,0.006387,1,
write,write,,,audio_small,polyglot,3,03-01-03-01-01-02-12_r03.wav,399494,0.006264,1,
write,write,,,audio_small,pg_bytea,3,03-01-03-01-01-02-12_r03.wav,399494,0.012233,1,
write,write,,,audio_small,mongo_gridfs,3,03-01-03-01-01-02-13_r03.wav,399494,0.011713,1,
write,write,,,audio_small,polyglot,3,03-01-03-01-01-02-13_r03.wav,399494,0.006533,1,
write,write,,,audio_small,pg_bytea,3,03-01-03-01-01-02-13_r03.wav,399494,0.013077,1,
write,write,,,audio_small,polyglot,3,03-01-03-01-02-02-18_r03.wav,393086,0.007215,1,
write,write,,,audio_small,mongo_gridfs,3,03-01-03-01-02-02-18_r03.wav,393086,0.007112,1,
write,write,,,audio_small,pg_bytea,3,03-01-03-01-02-02-18_r03.wav,393086,0.014321,1,
write,write,,,audio_small,pg_bytea,3,03-01-03-01-02-02-19_r03.wav,399494,0.010833,1,
write,write,,,audio_small,mongo_gridfs,3,03-01-03-01-02-02-19_r03.wav,399494,0.008396,1,
write,write,,,audio_small,polyglot,3,03-01-03-01-02-02-19_r03.wav,399494,0.005945,1,
write,write,,,audio_small,mongo_gridfs,3,03-01-03-02-01-02-18_r03.wav,396294,0.005221,1,
write,write,,,audio_small,polyglot,3,03-01-03-02-01-02-18_r03.wav,396294,0.006314,1,
write,write,,,audio_small,pg_bytea,3,03-01-03-02-01-02-18_r03.wav,396294,0.012099,1,
write,write,,,audio_small,pg_bytea,3,03-01-03-02-01-02-19_r03.wav,372698,0.010406,1,
write,write,,,audio_small,mongo_gridfs,3,03-01-03-02-01-02-19_r03.wav,372698,0.005797,1,
write,write,,,audio_small,polyglot,3,03-01-03-02-01-02-19_r03.wav,372698,0.005629,1,
write,write,,,audio_small,polyglot,3,03-01-03-02-02-02-04_r03.wav,379106,0.005212,1,
write,write,,,audio_small,mongo_gridfs,3,03-01-03-02-02-02-04_r03.wav,379106,0.005006,1,
write,write,,,audio_small,pg_bytea,3,03-01-03-02-02-02-04_r03.wav,379106,0.011523,1,
write,write,,,audio_small,pg_bytea,3,03-01-03-02-02-02-06_r03.wav,399494,0.010970,1,
write,write,,,audio_small,polyglot,3,03-01-03-02-02-02-06_r03.wav,399494,0.005984,1,
write,write,,,audio_small,mongo_gridfs,3,03-01-03-02-02-02-06_r03.wav,399494,0.004711,1,
write,write,,,audio_small,mongo_gridfs,3,03-01-03-02-02-02-07_r03.wav,393086,0.004623,1,
write,write,,,audio_small,pg_bytea,3,03-01-03-02-02-02-07_r03.wav,393086,0.011589,1,
write,write,,,audio_small,polyglot,3,03-01-03-02-02-02-07_r03.wav,393086,0.007669,1,
write,write,,,audio_small,mongo_gridfs,3,03-01-03-02-02-02-10_r03.wav,375720,0.004878,1,
write,write,,,audio_small,polyglot,3,03-01-03-02-02-02-10_r03.wav,375720,0.005215,1,
write,write,,,audio_small,pg_bytea,3,03-01-03-02-02-02-10_r03.wav,375720,0.013440,1,
write,write,,,audio_small,pg_bytea,3,03-01-03-02-02-02-11_r03.wav,396294,0.010134,1,
write,write,,,audio_small,polyglot,3,03-01-03-02-02-02-11_r03.wav,396294,0.007212,1,
write,write,,,audio_small,mongo_gridfs,3,03-01-03-02-02-02-11_r03.wav,396294,0.005482,1,
write,write,,,audio_small,mongo_gridfs,3,03-01-03-02-02-02-13_r03.wav,399494,0.004781,1,
write,write,,,audio_small,polyglot,3,03-01-03-02-02-02-13_r03.wav,399494,0.005850,1,
write,write,,,audio_small,pg_bytea,3,03-01-03-02-02-02-13_r03.wav,399494,0.010969,1,
write,write,,,audio_small,polyglot,3,03-01-04-01-01-02-01_r03.wav,396294,0.005263,1,
write,write,,,audio_small,mongo_gridfs,3,03-01-04-01-01-02-01_r03.wav,396294,0.006001,1,
write,write,,,audio_small,pg_bytea,3,03-01-04-01-01-02-01_r03.wav,396294,0.012126,1,
write,write,,,audio_small,pg_bytea,3,03-01-04-01-01-02-02_r03.wav,379106,0.011401,1,
write,write,,,audio_small,mongo_gridfs,3,03-01-04-01-01-02-02_r03.wav,379106,0.006781,1,
write,write,,,audio_small,polyglot,3,03-01-04-01-01-02-02_r03.wav,379106,0.005848,1,
write,write,,,audio_small,mongo_gridfs,3,03-01-04-01-01-02-16_r03.wav,379106,0.005682,1,
write,write,,,audio_small,polyglot,3,03-01-04-01-01-02-16_r03.wav,379106,0.005799,1,
write,write,,,audio_small,pg_bytea,3,03-01-04-01-01-02-16_r03.wav,379106,0.010180,1,
write,write,,,audio_small,pg_bytea,3,03-01-04-01-02-02-08_r03.wav,372698,0.010118,1,
write,write,,,audio_small,mongo_gridfs,3,03-01-04-01-02-02-08_r03.wav,372698,0.005012,1,
write,write,,,audio_small,polyglot,3,03-01-04-01-02-02-08_r03.wav,372698,0.004896,1,
write,write,,,audio_small,mongo_gridfs,3,03-01-04-01-02-02-09_r03.wav,363108,0.004213,1,
write,write,,,audio_small,polyglot,3,03-01-04-01-02-02-09_r03.wav,363108,0.004717,1,
write,write,,,audio_small,pg_bytea,3,03-01-04-01-02-02-09_r03.wav,363108,0.009511,1,
write,write,,,audio_small,polyglot,3,03-01-04-01-02-02-20_r03.wav,396294,0.005498,1,
write,write,,,audio_small,pg_bytea,3,03-01-04-01-02-02-20_r03.wav,396294,0.010376,1,
write,write,,,audio_small,mongo_gridfs,3,03-01-04-01-02-02-20_r03.wav,396294,0.005630,1,
write,write,,,audio_small,pg_bytea,3,03-01-04-01-02-02-21_r03.wav,363108,0.010857,1,
write,write,,,audio_small,mongo_gridfs,3,03-01-04-01-02-02-21_r03.wav,363108,0.005383,1,
write,write,,,audio_small,polyglot,3,03-01-04-01-02-02-21_r03.wav,363108,0.004867,1,
write,write,,,audio_small,mongo_gridfs,3,03-01-04-01-02-02-22_r03.wav,372698,0.004806,1,
write,write,,,audio_small,polyglot,3,03-01-04-01-02-02-22_r03.wav,372698,0.006367,1,
write,write,,,audio_small,pg_bytea,3,03-01-04-01-02-02-22_r03.wav,372698,0.009644,1,
write,write,,,audio_small,polyglot,3,03-01-04-01-02-02-23_r03.wav,363108,0.005692,1,
write,write,,,audio_small,pg_bytea,3,03-01-04-01-02-02-23_r03.wav,363108,0.013387,1,
write,write,,,audio_small,mongo_gridfs,3,03-01-04-01-02-02-23_r03.wav,363108,0.005035,1,
write,write,,,audio_small,pg_bytea,3,03-01-04-02-01-02-09_r03.wav,379106,0.009985,1,
write,write,,,audio_small,mongo_gridfs,3,03-01-04-02-01-02-09_r03.wav,379106,0.005842,1,
write,write,,,audio_small,polyglot,3,03-01-04-02-01-02-09_r03.wav,379106,0.004996,1,
write,write,,,audio_small,pg_bytea,3,03-01-04-02-01-02-20_r03.wav,379106,0.013401,1,
write,write,,,audio_small,mongo_gridfs,3,03-01-04-02-01-02-20_r03.wav,379106,0.006469,1,
write,write,,,audio_small,polyglot,3,03-01-04-02-01-02-20_r03.wav,379106,0.005283,1,
write,write,,,audio_small,pg_bytea,3,03-01-04-02-01-02-21_r03.wav,393086,0.012564,1,
write,write,,,audio_small,mongo_gridfs,3,03-01-04-02-01-02-21_r03.wav,393086,0.005451,1,
write,write,,,audio_small,polyglot,3,03-01-04-02-01-02-21_r03.wav,393086,0.004852,1,
write,write,,,audio_small,mongo_gridfs,3,03-01-04-02-01-02-22_r03.wav,379106,0.004820,1,
write,write,,,audio_small,pg_bytea,3,03-01-04-02-01-02-22_r03.wav,379106,0.011431,1,
write,write,,,audio_small,polyglot,3,03-01-04-02-01-02-22_r03.wav,379106,0.005611,1,
write,write,,,audio_small,pg_bytea,3,03-01-04-02-02-02-14_r03.wav,375720,0.012077,1,
write,write,,,audio_small,mongo_gridfs,3,03-01-04-02-02-02-14_r03.wav,375720,0.004916,1,
write,write,,,audio_small,polyglot,3,03-01-04-02-02-02-14_r03.wav,375720,0.005875,1,
write,write,,,audio_small,polyglot,3,03-01-04-02-02-02-15_r03.wav,379106,0.016515,1,
write,write,,,audio_small,pg_bytea,3,03-01-04-02-02-02-15_r03.wav,379106,0.010566,1,
write,write,,,audio_small,mongo_gridfs,3,03-01-04-02-02-02-15_r03.wav,379106,0.005703,1,
write,write,,,audio_small,mongo_gridfs,3,03-01-04-02-02-02-16_r03.wav,375720,0.004998,1,
write,write,,,audio_small,polyglot,3,03-01-04-02-02-02-16_r03.wav,375720,0.005916,1,
write,write,,,audio_small,pg_bytea,3,03-01-04-02-02-02-16_r03.wav,375720,0.010252,1,
write,write,,,audio_small,polyglot,3,03-01-04-02-02-02-17_r03.wav,363108,0.006173,1,
write,write,,,audio_small,mongo_gridfs,3,03-01-04-02-02-02-17_r03.wav,363108,0.005110,1,
write,write,,,audio_small,pg_bytea,3,03-01-04-02-02-02-17_r03.wav,363108,0.009941,1,
write,write,,,audio_small,mongo_gridfs,3,03-01-05-01-01-01-09_r03.wav,393086,0.005539,1,
write,write,,,audio_small,polyglot,3,03-01-05-01-01-01-09_r03.wav,393086,0.005769,1,
write,write,,,audio_small,pg_bytea,3,03-01-05-01-01-01-09_r03.wav,393086,0.011427,1,
write,write,,,audio_small,mongo_gridfs,3,03-01-05-01-01-01-22_r03.wav,393086,0.006734,1,
write,write,,,audio_small,polyglot,3,03-01-05-01-01-01-22_r03.wav,393086,0.006341,1,
write,write,,,audio_small,pg_bytea,3,03-01-05-01-01-01-22_r03.wav,393086,0.012480,1,
write,write,,,audio_small,mongo_gridfs,3,03-01-05-01-02-01-02_r03.wav,372698,0.006367,1,
write,write,,,audio_small,pg_bytea,3,03-01-05-01-02-01-02_r03.wav,372698,0.023609,1,
write,write,,,audio_small,polyglot,3,03-01-05-01-02-01-02_r03.wav,372698,0.005485,1,
write,write,,,audio_small,pg_bytea,3,03-01-05-01-02-01-03_r03.wav,396294,0.012102,1,
write,write,,,audio_small,polyglot,3,03-01-05-01-02-01-03_r03.wav,396294,0.006408,1,
write,write,,,audio_small,mongo_gridfs,3,03-01-05-01-02-01-03_r03.wav,396294,0.004786,1,
write,write,,,audio_small,polyglot,3,03-01-05-01-02-01-15_r03.wav,363108,0.004833,1,
write,write,,,audio_small,mongo_gridfs,3,03-01-05-01-02-01-15_r03.wav,363108,0.004579,1,
write,write,,,audio_small,pg_bytea,3,03-01-05-01-02-01-15_r03.wav,363108,0.010545,1,
write,write,,,audio_small,polyglot,3,03-01-05-01-02-01-16_r03.wav,372698,0.006901,1,
write,write,,,audio_small,pg_bytea,3,03-01-05-01-02-01-16_r03.wav,372698,0.009692,1,
write,write,,,audio_small,mongo_gridfs,3,03-01-05-01-02-01-16_r03.wav,372698,0.004913,1,
write,write,,,audio_small,mongo_gridfs,3,03-01-05-01-02-01-17_r03.wav,393086,0.005182,1,
write,write,,,audio_small,polyglot,3,03-01-05-01-02-01-17_r03.wav,393086,0.004830,1,
write,write,,,audio_small,pg_bytea,3,03-01-05-01-02-01-17_r03.wav,393086,0.011968,1,
write,write,,,audio_small,mongo_gridfs,3,03-01-05-02-01-01-01_r03.wav,372698,0.005384,1,
write,write,,,audio_small,pg_bytea,3,03-01-05-02-01-01-01_r03.wav,372698,0.010632,1,
write,write,,,audio_small,polyglot,3,03-01-05-02-01-01-01_r03.wav,372698,0.006231,1,
write,write,,,audio_small,mongo_gridfs,3,03-01-05-02-01-01-02_r03.wav,375720,0.005919,1,
write,write,,,audio_small,pg_bytea,3,03-01-05-02-01-01-02_r03.wav,375720,0.014600,1,
write,write,,,audio_small,polyglot,3,03-01-05-02-01-01-02_r03.wav,375720,0.006993,1,
write,write,,,audio_small,polyglot,3,03-01-05-02-01-01-03_r03.wav,372698,0.004704,1,
write,write,,,audio_small,mongo_gridfs,3,03-01-05-02-01-01-03_r03.wav,372698,0.004655,1,
write,write,,,audio_small,pg_bytea,3,03-01-05-02-01-01-03_r03.wav,372698,0.010035,1,
write,write,,,audio_small,polyglot,3,03-01-05-02-01-01-15_r03.wav,396294,0.006028,1,
write,write,,,audio_small,pg_bytea,3,03-01-05-02-01-01-15_r03.wav,396294,0.011088,1,
write,write,,,audio_small,mongo_gridfs,3,03-01-05-02-01-01-15_r03.wav,396294,0.005388,1,
write,write,,,audio_small,mongo_gridfs,3,03-01-05-02-01-01-16_r03.wav,399494,0.006525,1,
write,write,,,audio_small,pg_bytea,3,03-01-05-02-01-01-16_r03.wav,399494,0.013034,1,
write,write,,,audio_small,polyglot,3,03-01-05-02-01-01-16_r03.wav,399494,0.007439,1,
write,write,,,audio_small,polyglot,3,03-01-05-02-01-01-17_r03.wav,363108,0.004826,1,
write,write,,,audio_small,pg_bytea,3,03-01-05-02-01-01-17_r03.wav,363108,0.010476,1,
write,write,,,audio_small,mongo_gridfs,3,03-01-05-02-01-01-17_r03.wav,363108,0.007708,1,
write,write,,,audio_small,pg_bytea,3,03-01-05-02-02-01-09_r03.wav,396294,0.011445,1,
write,write,,,audio_small,polyglot,3,03-01-05-02-02-01-09_r03.wav,396294,0.005928,1,
write,write,,,audio_small,mongo_gridfs,3,03-01-05-02-02-01-09_r03.wav,396294,0.004770,1,
write,write,,,audio_small,mongo_gridfs,3,03-01-05-02-02-01-21_r03.wav,375720,0.005098,1,
write,write,,,audio_small,polyglot,3,03-01-05-02-02-01-21_r03.wav,375720,0.005360,1,
write,write,,,audio_small,pg_bytea,3,03-01-05-02-02-01-21_r03.wav,375720,0.011461,1,
write,write,,,audio_small,polyglot,3,03-01-05-02-02-01-22_r03.wav,379106,0.005601,1,
write,write,,,audio_small,pg_bytea,3,03-01-05-02-02-01-22_r03.wav,379106,0.019238,1,
write,write,,,audio_small,mongo_gridfs,3,03-01-05-02-02-01-22_r03.wav,379106,0.006373,1,
write,write,,,audio_medium,polyglot,3,03-02-01-01-01-02-22_r03.wav,526650,0.008055,1,
write,write,,,audio_medium,mongo_gridfs,3,03-02-01-01-01-02-22_r03.wav,526650,0.006293,1,
write,write,,,audio_medium,pg_bytea,3,03-02-01-01-01-02-22_r03.wav,526650,0.019757,1,
write,write,,,audio_medium,polyglot,3,03-02-01-01-01-02-23_r03.wav,539464,0.007880,1,
write,write,,,audio_medium,mongo_gridfs,3,03-02-01-01-01-02-23_r03.wav,539464,0.007577,1,
write,write,,,audio_medium,pg_bytea,3,03-02-01-01-01-02-23_r03.wav,539464,0.022835,1,
write,write,,,audio_medium,pg_bytea,3,03-02-01-01-02-02-02_r03.wav,539464,0.016102,1,
write,write,,,audio_medium,polyglot,3,03-02-01-01-02-02-02_r03.wav,539464,0.009496,1,
write,write,,,audio_medium,mongo_gridfs,3,03-02-01-01-02-02-02_r03.wav,539464,0.007478,1,
write,write,,,audio_medium,polyglot,3,03-02-01-01-02-02-03_r03.wav,520242,0.006273,1,
write,write,,,audio_medium,pg_bytea,3,03-02-01-01-02-02-03_r03.wav,520242,0.014144,1,
write,write,,,audio_medium,mongo_gridfs,3,03-02-01-01-02-02-03_r03.wav,520242,0.007307,1,
write,write,,,audio_medium,pg_bytea,3,03-02-01-01-02-02-16_r03.wav,539464,0.014531,1,
write,write,,,audio_medium,polyglot,3,03-02-01-01-02-02-16_r03.wav,539464,0.007454,1,
write,write,,,audio_medium,mongo_gridfs,3,03-02-01-01-02-02-16_r03.wav,539464,0.007219,1,
write,write,,,audio_medium,pg_bytea,3,03-02-01-01-02-02-17_r03.wav,561888,0.015899,1,
write,write,,,audio_medium,polyglot,3,03-02-01-01-02-02-17_r03.wav,561888,0.009129,1,
write,write,,,audio_medium,mongo_gridfs,3,03-02-01-01-02-02-17_r03.wav,561888,0.007041,1,
write,write,,,audio_medium,pg_bytea,3,03-02-01-02-01-02-01_r03.wav,533056,0.014487,1,
write,write,,,audio_medium,mongo_gridfs,3,03-02-01-02-01-02-01_r03.wav,533056,0.008395,1,
write,write,,,audio_medium,polyglot,3,03-02-01-02-01-02-01_r03.wav,533056,0.006643,1,
write,write,,,audio_medium,pg_bytea,3,03-02-01-02-01-02-02_r03.wav,523448,0.015550,1,
write,write,,,audio_medium,polyglot,3,03-02-01-02-01-02-02_r03.wav,523448,0.011221,1,
write,write,,,audio_medium,mongo_gridfs,3,03-02-01-02-01-02-02_r03.wav,523448,0.006273,1,
write,write,,,audio_medium,mongo_gridfs,3,03-02-01-02-01-02-03_r03.wav,533056,0.007047,1,
write,write,,,audio_medium,polyglot,3,03-02-01-02-01-02-03_r03.wav,533056,0.007194,1,
write,write,,,audio_medium,pg_bytea,3,03-02-01-02-01-02-03_r03.wav,533056,0.015337,1,
write,write,,,audio_medium,pg_bytea,3,03-02-01-02-01-02-15_r03.wav,561882,0.017941,1,
write,write,,,audio_medium,polyglot,3,03-02-01-02-01-02-15_r03.wav,561882,0.008069,1,
write,write,,,audio_medium,mongo_gridfs,3,03-02-01-02-01-02-15_r03.wav,561882,0.007311,1,
write,write,,,audio_medium,pg_bytea,3,03-02-01-02-01-02-16_r03.wav,526650,0.014536,1,
write,write,,,audio_medium,mongo_gridfs,3,03-02-01-02-01-02-16_r03.wav,526650,0.008784,1,
write,write,,,audio_medium,polyglot,3,03-02-01-02-01-02-16_r03.wav,526650,0.008507,1,
write,write,,,audio_medium,mongo_gridfs,3,03-02-01-02-01-02-17_r03.wav,533056,0.007624,1,
write,write,,,audio_medium,pg_bytea,3,03-02-01-02-01-02-17_r03.wav,533056,0.014480,1,
write,write,,,audio_medium,polyglot,3,03-02-01-02-01-02-17_r03.wav,533056,0.007861,1,
write,write,,,audio_medium,polyglot,3,03-02-01-02-02-02-22_r03.wav,520242,0.007280,1,
write,write,,,audio_medium,mongo_gridfs,3,03-02-01-02-02-02-22_r03.wav,520242,0.007199,1,
write,write,,,audio_medium,pg_bytea,3,03-02-01-02-02-02-22_r03.wav,520242,0.014153,1,
write,write,,,audio_medium,mongo_gridfs,3,03-02-01-02-02-02-23_r03.wav,520242,0.009061,1,
write,write,,,audio_medium,pg_bytea,3,03-02-01-02-02-02-23_r03.wav,520242,0.014544,1,
write,write,,,audio_medium,polyglot,3,03-02-01-02-02-02-23_r03.wav,520242,0.007269,1,
write,write,,,audio_medium,polyglot,3,03-02-02-01-01-01-22_r03.wav,523448,0.006815,1,
write,write,,,audio_medium,mongo_gridfs,3,03-02-02-01-01-01-22_r03.wav,523448,0.006102,1,
write,write,,,audio_medium,pg_bytea,3,03-02-02-01-01-01-22_r03.wav,523448,0.015008,1,
write,write,,,audio_medium,polyglot,3,03-02-02-01-01-01-23_r03.wav,561888,0.011631,1,
write,write,,,audio_medium,pg_bytea,3,03-02-02-01-01-01-23_r03.wav,561888,0.016319,1,
write,write,,,audio_medium,mongo_gridfs,3,03-02-02-01-01-01-23_r03.wav,561888,0.007518,1,
write,write,,,audio_medium,mongo_gridfs,3,03-02-02-01-02-01-01_r03.wav,520242,0.006028,1,
write,write,,,audio_medium,pg_bytea,3,03-02-02-01-02-01-01_r03.wav,520242,0.015367,1,
write,write,,,audio_medium,polyglot,3,03-02-02-01-02-01-01_r03.wav,520242,0.007258,1,
write,write,,,audio_medium,mongo_gridfs,3,03-02-02-01-02-01-02_r03.wav,539464,0.006700,1,
write,write,,,audio_medium,pg_bytea,3,03-02-02-01-02-01-02_r03.wav,539464,0.017821,1,
write,write,,,audio_medium,polyglot,3,03-02-02-01-02-01-02_r03.wav,539464,0.008510,1,
write,write,,,audio_medium,polyglot,3,03-02-02-01-02-01-03_r03.wav,533056,0.006443,1,
write,write,,,audio_medium,mongo_gridfs,3,03-02-02-01-02-01-03_r03.wav,533056,0.005688,1,
write,write,,,audio_medium,pg_bytea,3,03-02-02-01-02-01-03_r03.wav,533056,0.015400,1,
write,write,,,audio_medium,pg_bytea,3,03-02-02-01-02-01-16_r03.wav,561882,0.015496,1,
write,write,,,audio_medium,polyglot,3,03-02-02-01-02-01-16_r03.wav,561882,0.006953,1,
write,write,,,audio_medium,mongo_gridfs,3,03-02-02-01-02-01-16_r03.wav,561882,0.005631,1,
write,write,,,audio_medium,mongo_gridfs,3,03-02-02-02-01-01-01_r03.wav,539464,0.008510,1,
write,write,,,audio_medium,polyglot,3,03-02-02-02-01-01-01_r03.wav,539464,0.006639,1,
write,write,,,audio_medium,pg_bytea,3,03-02-02-02-01-01-01_r03.wav,539464,0.014046,1,
write,write,,,audio_medium,polyglot,3,03-02-02-02-01-01-02_r03.wav,526650,0.006797,1,
write,write,,,audio_medium,pg_bytea,3,03-02-02-02-01-01-02_r03.wav,526650,0.017787,1,
write,write,,,audio_medium,mongo_gridfs,3,03-02-02-02-01-01-02_r03.wav,526650,0.006544,1,
write,write,,,audio_medium,mongo_gridfs,3,03-02-02-02-01-01-15_r03.wav,539464,0.005614,1,
write,write,,,audio_medium,polyglot,3,03-02-02-02-01-01-15_r03.wav,539464,0.005620,1,
write,write,,,audio_medium,pg_bytea,3,03-02-02-02-01-01-15_r03.wav,539464,0.013726,1,
write,write,,,audio_medium,mongo_gridfs,3,03-02-02-02-01-01-16_r03.wav,520242,0.005528,1,
write,write,,,audio_medium,polyglot,3,03-02-02-02-01-01-16_r03.wav,520242,0.006613,1,
write,write,,,audio_medium,pg_bytea,3,03-02-02-02-01-01-16_r03.wav,520242,0.016490,1,
write,write,,,audio_medium,polyglot,3,03-02-02-02-01-01-17_r03.wav,539464,0.007110,1,
write,write,,,audio_medium,mongo_gridfs,3,03-02-02-02-01-01-17_r03.wav,539464,0.005753,1,
write,write,,,audio_medium,pg_bytea,3,03-02-02-02-01-01-17_r03.wav,539464,0.014112,1,
write,write,,,audio_medium,polyglot,3,03-02-02-02-02-01-22_r03.wav,539464,0.006180,1,
write,write,,,audio_medium,pg_bytea,3,03-02-02-02-02-01-22_r03.wav,539464,0.016352,1,
write,write,,,audio_medium,mongo_gridfs,3,03-02-02-02-02-01-22_r03.wav,539464,0.011005,1,
write,write,,,audio_medium,pg_bytea,3,03-02-02-02-02-01-23_r03.wav,520242,0.014141,1,
write,write,,,audio_medium,mongo_gridfs,3,03-02-02-02-02-01-23_r03.wav,520242,0.006821,1,
write,write,,,audio_medium,polyglot,3,03-02-02-02-02-01-23_r03.wav,520242,0.006668,1,
write,write,,,audio_medium,mongo_gridfs,3,03-02-03-01-01-02-01_r03.wav,561882,0.006616,1,
write,write,,,audio_medium,polyglot,3,03-02-03-01-01-02-01_r03.wav,561882,0.006517,1,
write,write,,,audio_medium,pg_bytea,3,03-02-03-01-01-02-01_r03.wav,561882,0.015363,1,
write,write,,,audio_medium,pg_bytea,3,03-02-03-01-01-02-02_r03.wav,561882,0.014612,1,
write,write,,,audio_medium,mongo_gridfs,3,03-02-03-01-01-02-02_r03.wav,561882,0.007451,1,
write,write,,,audio_medium,polyglot,3,03-02-03-01-01-02-02_r03.wav,561882,0.007891,1,
write,write,,,audio_medium,polyglot,3,03-02-03-01-01-02-03_r03.wav,539464,0.006868,1,
write,write,,,audio_medium,mongo_gridfs,3,03-02-03-01-01-02-03_r03.wav,539464,0.012596,1,
write,write,,,audio_medium,pg_bytea,3,03-02-03-01-01-02-03_r03.wav,539464,0.014719,1,
write,write,,,audio_medium,polyglot,3,03-02-03-01-01-02-15_r03.wav,526650,0.006863,1,
write,write,,,audio_medium,mongo_gridfs,3,03-02-03-01-01-02-15_r03.wav,526650,0.006188,1,
write,write,,,audio_medium,pg_bytea,3,03-02-03-01-01-02-15_r03.wav,526650,0.014359,1,
write,write,,,audio_medium,mongo_gridfs,3,03-02-03-01-01-02-16_r03.wav,520242,0.006982,1,
write,write,,,audio_medium,polyglot,3,03-02-03-01-01-02-16_r03.wav,520242,0.011051,1,
write,write,,,audio_medium,pg_bytea,3,03-02-03-01-01-02-16_r03.wav,520242,0.014753,1,
write,write,,,audio_medium,mongo_gridfs,3,03-02-03-01-01-02-17_r03.wav,526650,0.009096,1,
write,write,,,audio_medium,polyglot,3,03-02-03-01-01-02-17_r03.wav,526650,0.007417,1,
write,write,,,audio_medium,pg_bytea,3,03-02-03-01-01-02-17_r03.wav,526650,0.014640,1,
write,write,,,audio_medium,polyglot,3,03-02-03-01-02-02-09_r03.wav,539464,0.011402,1,
write,write,,,audio_medium,pg_bytea,3,03-02-03-01-02-02-09_r03.wav,539464,0.045033,1,
write,write,,,audio_medium,mongo_gridfs,3,03-02-03-01-02-02-09_r03.wav,539464,0.011045,1,
write,write,,,audio_medium,polyglot,3,03-02-03-01-02-02-21_r03.wav,533056,0.006696,1,
write,write,,,audio_medium,mongo_gridfs,3,03-02-03-01-02-02-21_r03.wav,533056,0.006383,1,
write,write,,,audio_medium,pg_bytea,3,03-02-03-01-02-02-21_r03.wav,533056,0.014298,1,
write,write,,,audio_medium,pg_bytea,3,03-02-03-01-02-02-22_r03.wav,561888,0.015359,1,
write,write,,,audio_medium,polyglot,3,03-02-03-01-02-02-22_r03.wav,561888,0.008420,1,
write,write,,,audio_medium,mongo_gridfs,3,03-02-03-01-02-02-22_r03.wav,561888,0.006853,1,
write,write,,,audio_medium,pg_bytea,3,03-02-03-01-02-02-23_r03.wav,539464,0.014951,1,
write,write,,,audio_medium,polyglot,3,03-02-03-01-02-02-23_r03.wav,539464,0.007687,1,
write,write,,,audio_medium,mongo_gridfs,3,03-02-03-01-02-02-23_r03.wav,539464,0.006462,1,
write,write,,,audio_medium,polyglot,3,03-02-03-02-01-02-09_r03.wav,561882,0.006697,1,
write,write,,,audio_medium,pg_bytea,3,03-02-03-02-01-02-09_r03.wav,561882,0.015234,1,
write,write,,,audio_medium,mongo_gridfs,3,03-02-03-02-01-02-09_r03.wav,561882,0.008692,1,
write,write,,,audio_medium,pg_bytea,3,03-02-03-02-01-02-21_r03.wav,539464,0.014852,1,
write,write,,,audio_medium,polyglot,3,03-02-03-02-01-02-21_r03.wav,539464,0.007306,1,
write,write,,,audio_medium,mongo_gridfs,3,03-02-03-02-01-02-21_r03.wav,539464,0.006542,1,
write,write,,,audio_medium,pg_bytea,3,03-02-03-02-01-02-22_r03.wav,526650,0.016400,1,
write,write,,,audio_medium,polyglot,3,03-02-03-02-01-02-22_r03.wav,526650,0.008195,1,
write,write,,,audio_medium,mongo_gridfs,3,03-02-03-02-01-02-22_r03.wav,526650,0.006065,1,
write,write,,,audio_medium,mongo_gridfs,3,03-02-03-02-01-02-23_r03.wav,561888,0.007052,1,
write,write,,,audio_medium,polyglot,3,03-02-03-02-01-02-23_r03.wav,561888,0.007536,1,
write,write,,,audio_medium,pg_bytea,3,03-02-03-02-01-02-23_r03.wav,561888,0.014212,1,
write,write,,,audio_medium,polyglot,3,03-02-03-02-02-02-01_r03.wav,561882,0.008774,1,
write,write,,,audio_medium,mongo_gridfs,3,03-02-03-02-02-02-01_r03.wav,561882,0.006737,1,
write,write,,,audio_medium,pg_bytea,3,03-02-03-02-02-02-01_r03.wav,561882,0.019668,1,
write,write,,,audio_medium,polyglot,3,03-02-03-02-02-02-02_r03.wav,523448,0.007245,1,
write,write,,,audio_medium,mongo_gridfs,3,03-02-03-02-02-02-02_r03.wav,523448,0.006451,1,
write,write,,,audio_medium,pg_bytea,3,03-02-03-02-02-02-02_r03.wav,523448,0.015901,1,
write,write,,,audio_medium,mongo_gridfs,3,03-02-03-02-02-02-03_r03.wav,561888,0.007948,1,
write,write,,,audio_medium,polyglot,3,03-02-03-02-02-02-03_r03.wav,561888,0.007001,1,
write,write,,,audio_medium,pg_bytea,3,03-02-03-02-02-02-03_r03.wav,561888,0.015756,1,
write,write,,,audio_medium,mongo_gridfs,3,03-02-03-02-02-02-15_r03.wav,523448,0.012462,1,
write,write,,,audio_medium,pg_bytea,3,03-02-03-02-02-02-15_r03.wav,523448,0.015607,1,
write,write,,,audio_medium,polyglot,3,03-02-03-02-02-02-15_r03.wav,523448,0.008220,1,
write,write,,,audio_medium,pg_bytea,3,03-02-03-02-02-02-16_r03.wav,561882,0.015132,1,
write,write,,,audio_medium,mongo_gridfs,3,03-02-03-02-02-02-16_r03.wav,561882,0.011823,1,
write,write,,,audio_medium,polyglot,3,03-02-03-02-02-02-16_r03.wav,561882,0.032192,1,
write,write,,,audio_medium,pg_bytea,3,03-02-03-02-02-02-17_r03.wav,523448,0.015785,1,
write,write,,,audio_medium,mongo_gridfs,3,03-02-03-02-02-02-17_r03.wav,523448,0.008638,1,
write,write,,,audio_medium,polyglot,3,03-02-03-02-02-02-17_r03.wav,523448,0.007192,1,
write,write,,,audio_medium,mongo_gridfs,3,03-02-04-01-01-02-05_r03.wav,561882,0.006581,1,
write,write,,,audio_medium,pg_bytea,3,03-02-04-01-01-02-05_r03.wav,561882,0.014592,1,
write,write,,,audio_medium,polyglot,3,03-02-04-01-01-02-05_r03.wav,561882,0.007182,1,
write,write,,,audio_medium,mongo_gridfs,3,03-02-04-01-01-02-06_r03.wav,526650,0.005530,1,
write,write,,,audio_medium,pg_bytea,3,03-02-04-01-01-02-06_r03.wav,526650,0.015279,1,
write,write,,,audio_medium,polyglot,3,03-02-04-01-01-02-06_r03.wav,526650,0.006885,1,
write,write,,,audio_medium,mongo_gridfs,3,03-02-04-01-01-02-07_r03.wav,523448,0.006895,1,
write,write,,,audio_medium,pg_bytea,3,03-02-04-01-01-02-07_r03.wav,523448,0.018072,1,
write,write,,,audio_medium,polyglot,3,03-02-04-01-01-02-07_r03.wav,523448,0.006898,1,
write,write,,,audio_medium,pg_bytea,3,03-02-04-01-01-02-11_r03.wav,539464,0.014423,1,
write,write,,,audio_medium,mongo_gridfs,3,03-02-04-01-01-02-11_r03.wav,539464,0.008328,1,
write,write,,,audio_medium,polyglot,3,03-02-04-01-01-02-11_r03.wav,539464,0.009677,1,
write,write,,,audio_medium,mongo_gridfs,3,03-02-04-01-01-02-12_r03.wav,523448,0.006951,1,
write,write,,,audio_medium,polyglot,3,03-02-04-01-01-02-12_r03.wav,523448,0.005966,1,
write,write,,,audio_medium,pg_bytea,3,03-02-04-01-01-02-12_r03.wav,523448,0.013272,1,
write,write,,,audio_medium,mongo_gridfs,3,03-02-04-01-01-02-13_r03.wav,539464,0.006360,1,
write,write,,,audio_medium,polyglot,3,03-02-04-01-01-02-13_r03.wav,539464,0.005591,1,
write,write,,,audio_medium,pg_bytea,3,03-02-04-01-01-02-13_r03.wav,539464,0.013623,1,
write,write,,,audio_medium,mongo_gridfs,3,03-02-04-01-02-02-19_r03.wav,561888,0.006751,1,
write,write,,,audio_medium,pg_bytea,3,03-02-04-01-02-02-19_r03.wav,561888,0.015332,1,
write,write,,,audio_medium,polyglot,3,03-02-04-01-02-02-19_r03.wav,561888,0.008545,1,
write,write,,,audio_medium,polyglot,3,03-02-04-02-02-02-05_r03.wav,526650,0.007111,1,
write,write,,,audio_medium,pg_bytea,3,03-02-04-02-02-02-05_r03.wav,526650,0.015509,1,
write,write,,,audio_medium,mongo_gridfs,3,03-02-04-02-02-02-05_r03.wav,526650,0.007796,1,
write,write,,,audio_medium,mongo_gridfs,3,03-02-04-02-02-02-06_r03.wav,526650,0.007061,1,
write,write,,,audio_medium,pg_bytea,3,03-02-04-02-02-02-06_r03.wav,526650,0.014595,1,
write,write,,,audio_medium,polyglot,3,03-02-04-02-02-02-06_r03.wav,526650,0.063955,1,
write,write,,,audio_medium,polyglot,3,03-02-04-02-02-02-07_r03.wav,561888,0.073082,1,
write,write,,,audio_medium,pg_bytea,3,03-02-04-02-02-02-07_r03.wav,561888,0.016253,1,
write,write,,,audio_medium,mongo_gridfs,3,03-02-04-02-02-02-07_r03.wav,561888,0.009359,1,
write,write,,,audio_medium,mongo_gridfs,3,03-02-04-02-02-02-11_r03.wav,561888,0.007679,1,
write,write,,,audio_medium,pg_bytea,3,03-02-04-02-02-02-11_r03.wav,561888,0.015554,1,
write,write,,,audio_medium,polyglot,3,03-02-04-02-02-02-11_r03.wav,561888,0.008122,1,
write,write,,,audio_medium,polyglot,3,03-02-04-02-02-02-12_r03.wav,523448,0.010457,1,
write,write,,,audio_medium,pg_bytea,3,03-02-04-02-02-02-12_r03.wav,523448,0.016508,1,
write,write,,,audio_medium,mongo_gridfs,3,03-02-04-02-02-02-12_r03.wav,523448,0.011558,1,
write,write,,,audio_medium,mongo_gridfs,3,03-02-04-02-02-02-13_r03.wav,533056,0.009115,1,
write,write,,,audio_medium,pg_bytea,3,03-02-04-02-02-02-13_r03.wav,533056,0.015647,1,
write,write,,,audio_medium,polyglot,3,03-02-04-02-02-02-13_r03.wav,533056,0.008468,1,
write,write,,,audio_medium,polyglot,3,03-02-05-01-02-01-06_r03.wav,561882,0.008793,1,
write,write,,,audio_medium,pg_bytea,3,03-02-05-01-02-01-06_r03.wav,561882,0.014195,1,
write,write,,,audio_medium,mongo_gridfs,3,03-02-05-01-02-01-06_r03.wav,561882,0.007254,1,
write,write,,,audio_medium,pg_bytea,3,03-02-05-01-02-01-07_r03.wav,520242,0.036189,1,
write,write,,,audio_medium,polyglot,3,03-02-05-01-02-01-07_r03.wav,520242,0.034547,1,
write,write,,,audio_medium,mongo_gridfs,3,03-02-05-01-02-01-07_r03.wav,520242,0.015383,1,
write,write,,,audio_medium,polyglot,3,03-02-05-01-02-01-12_r03.wav,520242,0.005597,1,
write,write,,,audio_medium,mongo_gridfs,3,03-02-05-01-02-01-12_r03.wav,520242,0.005204,1,
write,write,,,audio_medium,pg_bytea,3,03-02-05-01-02-01-12_r03.wav,520242,0.022137,1,
write,write,,,audio_medium,polyglot,3,03-02-05-01-02-01-13_r03.wav,561888,0.007954,1,
write,write,,,audio_medium,mongo_gridfs,3,03-02-05-01-02-01-13_r03.wav,561888,0.007081,1,
write,write,,,audio_medium,pg_bytea,3,03-02-05-01-02-01-13_r03.wav,561888,0.014838,1,
write,write,,,audio_medium,pg_bytea,3,03-02-05-02-01-01-05_r03.wav,539464,0.016724,1,
write,write,,,audio_medium,polyglot,3,03-02-05-02-01-01-05_r03.wav,539464,0.006575,1,
write,write,,,audio_medium,mongo_gridfs,3,03-02-05-02-01-01-05_r03.wav,539464,0.006403,1,
write,write,,,audio_medium,polyglot,3,03-02-05-02-01-01-06_r03.wav,561888,0.006053,1,
write,write,,,audio_medium,mongo_gridfs,3,03-02-05-02-01-01-06_r03.wav,561888,0.005231,1,
write,write,,,audio_medium,pg_bytea,3,03-02-05-02-01-01-06_r03.wav,561888,0.014215,1,
write,write,,,audio_medium,polyglot,3,03-02-05-02-01-01-07_r03.wav,533056,0.006268,1,
write,write,,,audio_medium,mongo_gridfs,3,03-02-05-02-01-01-07_r03.wav,533056,0.005760,1,
write,write,,,audio_medium,pg_bytea,3,03-02-05-02-01-01-07_r03.wav,533056,0.021346,1,
write,write,,,audio_medium,polyglot,3,03-02-05-02-01-01-11_r03.wav,561888,0.007852,1,
write,write,,,audio_medium,mongo_gridfs,3,03-02-05-02-01-01-11_r03.wav,561888,0.006516,1,
write,write,,,audio_medium,pg_bytea,3,03-02-05-02-01-01-11_r03.wav,561888,0.015402,1,
write,write,,,audio_medium,mongo_gridfs,3,03-02-05-02-01-01-12_r03.wav,533056,0.005801,1,
write,write,,,audio_medium,pg_bytea,3,03-02-05-02-01-01-12_r03.wav,533056,0.019101,1,
write,write,,,audio_medium,polyglot,3,03-02-05-02-01-01-12_r03.wav,533056,0.006592,1,
write,write,,,audio_medium,mongo_gridfs,3,03-02-05-02-01-01-13_r03.wav,526650,0.005870,1,
write,write,,,audio_medium,polyglot,3,03-02-05-02-01-01-13_r03.wav,526650,0.005154,1,
write,write,,,audio_medium,pg_bytea,3,03-02-05-02-01-01-13_r03.wav,526650,0.016297,1,
write,write,,,video_small,polyglot,3,01-01-01-01-01-01-22_r03.mp4,5457041,0.046572,1,
write,write,,,video_small,mongo_gridfs,3,01-01-01-01-01-01-22_r03.mp4,5457041,0.043397,1,
write,write,,,video_small,pg_bytea,3,01-01-01-01-01-01-22_r03.mp4,5457041,0.176955,1,
write,write,,,video_small,mongo_gridfs,3,01-01-01-01-01-02-01_r03.mp4,5457041,0.060533,1,
write,write,,,video_small,polyglot,3,01-01-01-01-01-02-01_r03.mp4,5457041,0.051222,1,
write,write,,,video_small,pg_bytea,3,01-01-01-01-01-02-01_r03.mp4,5457041,0.145937,1,
write,write,,,video_small,pg_bytea,3,01-01-01-01-01-02-15_r03.mp4,5457041,0.157499,1,
write,write,,,video_small,mongo_gridfs,3,01-01-01-01-01-02-15_r03.mp4,5457041,0.041017,1,
write,write,,,video_small,polyglot,3,01-01-01-01-01-02-15_r03.mp4,5457041,0.041109,1,
write,write,,,video_small,mongo_gridfs,3,01-01-01-01-02-01-06_r03.mp4,5457041,0.045100,1,
write,write,,,video_small,pg_bytea,3,01-01-01-01-02-01-06_r03.mp4,5457041,0.143379,1,
write,write,,,video_small,polyglot,3,01-01-01-01-02-01-06_r03.mp4,5457041,0.047033,1,
write,write,,,video_small,pg_bytea,3,01-01-01-01-02-01-13_r03.mp4,5457041,0.147974,1,
write,write,,,video_small,mongo_gridfs,3,01-01-01-01-02-01-13_r03.mp4,5457041,0.044932,1,
write,write,,,video_small,polyglot,3,01-01-01-01-02-01-13_r03.mp4,5457041,0.041031,1,
write,write,,,video_small,pg_bytea,3,01-01-01-01-02-01-14_r03.mp4,5457041,0.147797,1,
write,write,,,video_small,polyglot,3,01-01-01-01-02-01-14_r03.mp4,5457041,0.041897,1,
write,write,,,video_small,mongo_gridfs,3,01-01-01-01-02-01-14_r03.mp4,5457041,0.042742,1,
write,write,,,video_small,polyglot,3,01-01-01-01-02-02-09_r03.mp4,5498397,0.042975,1,
write,write,,,video_small,pg_bytea,3,01-01-01-01-02-02-09_r03.mp4,5498397,0.154556,1,
write,write,,,video_small,mongo_gridfs,3,01-01-01-01-02-02-09_r03.mp4,5498397,0.045561,1,
write,write,,,video_small,mongo_gridfs,3,01-01-01-02-01-01-01_r03.mp4,5498397,0.055305,1,
write,write,,,video_small,polyglot,3,01-01-01-02-01-01-01_r03.mp4,5498397,0.043844,1,
write,write,,,video_small,pg_bytea,3,01-01-01-02-01-01-01_r03.mp4,5498397,0.148586,1,
write,write,,,video_small,mongo_gridfs,3,01-01-01-02-01-01-05_r03.mp4,5457041,0.047844,1,
write,write,,,video_small,pg_bytea,3,01-01-01-02-01-01-05_r03.mp4,5457041,0.267172,1,
write,write,,,video_small,polyglot,3,01-01-01-02-01-01-05_r03.mp4,5457041,0.043582,1,
write,write,,,video_small,pg_bytea,3,01-01-01-02-01-01-15_r03.mp4,5457041,0.145182,1,
write,write,,,video_small,polyglot,3,01-01-01-02-01-01-15_r03.mp4,5457041,0.051471,1,
write,write,,,video_small,mongo_gridfs,3,01-01-01-02-01-01-15_r03.mp4,5457041,0.043347,1,
write,write,,,video_small,polyglot,3,01-01-01-02-02-01-18_r03.mp4,5457041,0.046714,1,
write,write,,,video_small,pg_bytea,3,01-01-01-02-02-01-18_r03.mp4,5457041,0.151371,1,
write,write,,,video_small,mongo_gridfs,3,01-01-01-02-02-01-18_r03.mp4,5457041,0.044501,1,
write,write,,,video_small,polyglot,3,01-01-01-02-02-01-19_r03.mp4,5457041,0.049223,1,
write,write,,,video_small,mongo_gridfs,3,01-01-01-02-02-01-19_r03.mp4,5457041,0.044031,1,
write,write,,,video_small,pg_bytea,3,01-01-01-02-02-01-19_r03.mp4,5457041,0.146685,1,
write,write,,,video_small,mongo_gridfs,3,01-01-02-01-01-02-09_r03.mp4,5498397,0.042774,1,
write,write,,,video_small,polyglot,3,01-01-02-01-01-02-09_r03.mp4,5498397,0.045232,1,
write,write,,,video_small,pg_bytea,3,01-01-02-01-01-02-09_r03.mp4,5498397,0.148406,1,
write,write,,,video_small,pg_bytea,3,01-01-02-01-01-02-18_r03.mp4,5498397,0.145438,1,
write,write,,,video_small,polyglot,3,01-01-02-01-01-02-18_r03.mp4,5498397,0.054929,1,
write,write,,,video_small,mongo_gridfs,3,01-01-02-01-01-02-18_r03.mp4,5498397,0.045410,1,
write,write,,,video_small,polyglot,3,01-01-02-01-01-02-23_r03.mp4,5498397,0.051202,1,
write,write,,,video_small,mongo_gridfs,3,01-01-02-01-01-02-23_r03.mp4,5498397,0.046355,1,
write,write,,,video_small,pg_bytea,3,01-01-02-01-01-02-23_r03.mp4,5498397,0.178603,1,
write,write,,,video_small,polyglot,3,01-01-02-01-02-01-09_r03.mp4,5498397,0.045714,1,
write,write,,,video_small,mongo_gridfs,3,01-01-02-01-02-01-09_r03.mp4,5498397,0.046299,1,
write,write,,,video_small,pg_bytea,3,01-01-02-01-02-01-09_r03.mp4,5498397,0.147815,1,
write,write,,,video_small,mongo_gridfs,3,01-01-02-01-02-02-01_r03.mp4,5498397,0.055876,1,
write,write,,,video_small,pg_bytea,3,01-01-02-01-02-02-01_r03.mp4,5498397,0.408199,1,
write,write,,,video_small,polyglot,3,01-01-02-01-02-02-01_r03.mp4,5498397,0.047797,1,
write,write,,,video_small,pg_bytea,3,01-01-02-01-02-02-03_r03.mp4,5498397,0.151958,1,
write,write,,,video_small,mongo_gridfs,3,01-01-02-01-02-02-03_r03.mp4,5498397,0.047232,1,
write,write,,,video_small,polyglot,3,01-01-02-01-02-02-03_r03.mp4,5498397,0.041742,1,
write,write,,,video_small,polyglot,3,01-01-02-02-01-02-02_r03.mp4,5498397,0.048444,1,
write,write,,,video_small,pg_bytea,3,01-01-02-02-01-02-02_r03.mp4,5498397,0.142632,1,
write,write,,,video_small,mongo_gridfs,3,01-01-02-02-01-02-02_r03.mp4,5498397,0.041364,1,
write,write,,,video_small,polyglot,3,01-01-02-02-01-02-03_r03.mp4,5498397,0.049451,1,
write,write,,,video_small,mongo_gridfs,3,01-01-02-02-01-02-03_r03.mp4,5498397,0.042392,1,
write,write,,,video_small,pg_bytea,3,01-01-02-02-01-02-03_r03.mp4,5498397,0.181658,1,
write,write,,,video_small,pg_bytea,3,01-01-02-02-01-02-05_r03.mp4,5498397,0.135201,1,
write,write,,,video_small,mongo_gridfs,3,01-01-02-02-01-02-05_r03.mp4,5498397,0.053209,1,
write,write,,,video_small,polyglot,3,01-01-02-02-01-02-05_r03.mp4,5498397,0.056413,1,
write,write,,,video_small,polyglot,3,01-01-02-02-01-02-10_r03.mp4,5457041,0.045545,1,
write,write,,,video_small,pg_bytea,3,01-01-02-02-01-02-10_r03.mp4,5457041,0.157484,1,
write,write,,,video_small,mongo_gridfs,3,01-01-02-02-01-02-10_r03.mp4,5457041,0.041984,1,
write,write,,,video_small,pg_bytea,3,01-01-02-02-01-02-13_r03.mp4,5457041,0.146847,1,
write,write,,,video_small,mongo_gridfs,3,01-01-02-02-01-02-13_r03.mp4,5457041,0.040288,1,
write,write,,,video_small,polyglot,3,01-01-02-02-01-02-13_r03.mp4,5457041,0.041802,1,
write,write,,,video_small,mongo_gridfs,3,01-01-02-02-01-02-17_r03.mp4,5457041,0.043731,1,
write,write,,,video_small,pg_bytea,3,01-01-02-02-01-02-17_r03.mp4,5457041,0.161914,1,
write,write,,,video_small,polyglot,3,01-01-02-02-01-02-17_r03.mp4,5457041,0.052325,1,
write,write,,,video_small,polyglot,3,01-01-02-02-02-02-18_r03.mp4,5457041,0.050577,1,
write,write,,,video_small,pg_bytea,3,01-01-02-02-02-02-18_r03.mp4,5457041,0.145996,1,
write,write,,,video_small,mongo_gridfs,3,01-01-02-02-02-02-18_r03.mp4,5457041,0.042734,1,
write,write,,,video_small,polyglot,3,01-01-02-02-02-02-19_r03.mp4,5457041,0.051318,1,
write,write,,,video_small,pg_bytea,3,01-01-02-02-02-02-19_r03.mp4,5457041,0.156633,1,
write,write,,,video_small,mongo_gridfs,3,01-01-02-02-02-02-19_r03.mp4,5457041,0.053737,1,
write,write,,,video_small,polyglot,3,01-01-02-02-02-02-21_r03.mp4,5498397,0.045866,1,
write,write,,,video_small,mongo_gridfs,3,01-01-02-02-02-02-21_r03.mp4,5498397,0.041410,1,
write,write,,,video_small,pg_bytea,3,01-01-02-02-02-02-21_r03.mp4,5498397,0.257500,1,
write,write,,,video_small,polyglot,3,01-01-02-02-02-02-22_r03.mp4,5457041,0.044875,1,
write,write,,,video_small,pg_bytea,3,01-01-02-02-02-02-22_r03.mp4,5457041,0.163403,1,
write,write,,,video_small,mongo_gridfs,3,01-01-02-02-02-02-22_r03.mp4,5457041,0.047262,1,
write,write,,,video_small,mongo_gridfs,3,01-01-02-02-02-02-23_r03.mp4,5457041,0.043740,1,
write,write,,,video_small,polyglot,3,01-01-02-02-02-02-23_r03.mp4,5457041,0.043280,1,
write,write,,,video_small,pg_bytea,3,01-01-02-02-02-02-23_r03.mp4,5457041,0.148319,1,
write,write,,,video_small,polyglot,3,01-01-03-01-01-01-12_r03.mp4,5457041,0.044629,1,
write,write,,,video_small,mongo_gridfs,3,01-01-03-01-01-01-12_r03.mp4,5457041,0.052973,1,
write,write,,,video_small,pg_bytea,3,01-01-03-01-01-01-12_r03.mp4,5457041,0.163115,1,
write,write,,,video_small,pg_bytea,3,01-01-03-01-01-01-15_r03.mp4,5457041,0.156591,1,
write,write,,,video_small,mongo_gridfs,3,01-01-03-01-01-01-15_r03.mp4,5457041,0.040793,1,
write,write,,,video_small,polyglot,3,01-01-03-01-01-01-15_r03.mp4,5457041,0.046899,1,
write,write,,,video_small,mongo_gridfs,3,01-01-03-01-02-01-08_r03.mp4,5498397,0.049217,1,
write,write,,,video_small,polyglot,3,01-01-03-01-02-01-08_r03.mp4,5498397,0.049861,1,
write,write,,,video_small,pg_bytea,3,01-01-03-01-02-01-08_r03.mp4,5498397,0.141968,1,
write,write,,,video_small,polyglot,3,01-01-03-01-02-01-21_r03.mp4,5498397,0.052509,1,
write,write,,,video_small,mongo_gridfs,3,01-01-03-01-02-01-21_r03.mp4,5498397,0.053201,1,
write,write,,,video_small,pg_bytea,3,01-01-03-01-02-01-21_r03.mp4,5498397,0.163941,1,
write,write,,,video_small,mongo_gridfs,3,01-01-03-02-01-01-21_r03.mp4,5457041,0.057105,1,
write,write,,,video_small,pg_bytea,3,01-01-03-02-01-01-21_r03.mp4,5457041,0.345454,1,
write,write,,,video_small,polyglot,3,01-01-03-02-01-01-21_r03.mp4,5457041,0.073780,1,
write,write,,,video_small,mongo_gridfs,3,01-01-03-02-01-01-24_r03.mp4,5457041,0.045299,1,
write,write,,,video_small,pg_bytea,3,01-01-03-02-01-01-24_r03.mp4,5457041,0.138549,1,
write,write,,,video_small,polyglot,3,01-01-03-02-01-01-24_r03.mp4,5457041,0.047591,1,
write,write,,,video_small,polyglot,3,01-01-03-02-01-02-01_r03.mp4,5457041,0.045493,1,
write,write,,,video_small,mongo_gridfs,3,01-01-03-02-01-02-01_r03.mp4,5457041,0.052004,1,
write,write,,,video_small,pg_bytea,3,01-01-03-02-01-02-01_r03.mp4,5457041,0.176316,1,
write,write,,,video_small,polyglot,3,01-01-03-02-01-02-15_r03.mp4,5457041,0.062383,1,
write,write,,,video_small,pg_bytea,3,01-01-03-02-01-02-15_r03.mp4,5457041,0.152549,1,
write,write,,,video_small,mongo_gridfs,3,01-01-03-02-01-02-15_r03.mp4,5457041,0.050171,1,
write,write,,,video_small,polyglot,3,01-01-03-02-02-01-05_r03.mp4,5457041,0.064690,1,
write,write,,,video_small,mongo_gridfs,3,01-01-03-02-02-01-05_r03.mp4,5457041,0.044926,1,
write,write,,,video_small,pg_bytea,3,01-01-03-02-02-01-05_r03.mp4,5457041,0.169788,1,
write,write,,,video_small,polyglot,3,01-01-03-02-02-01-12_r03.mp4,5457041,0.045222,1,
write,write,,,video_small,pg_bytea,3,01-01-03-02-02-01-12_r03.mp4,5457041,0.138152,1,
write,write,,,video_small,mongo_gridfs,3,01-01-03-02-02-01-12_r03.mp4,5457041,0.041105,1,
write,write,,,video_small,polyglot,3,01-01-03-02-02-01-15_r03.mp4,5498397,0.043452,1,
write,write,,,video_small,mongo_gridfs,3,01-01-03-02-02-01-15_r03.mp4,5498397,0.054284,1,
write,write,,,video_small,pg_bytea,3,01-01-03-02-02-01-15_r03.mp4,5498397,0.163034,1,
write,write,,,video_small,pg_bytea,3,01-01-04-01-01-01-03_r03.mp4,5457041,0.169690,1,
write,write,,,video_small,mongo_gridfs,3,01-01-04-01-01-01-03_r03.mp4,5457041,0.051189,1,
write,write,,,video_small,polyglot,3,01-01-04-01-01-01-03_r03.mp4,5457041,0.045503,1,
write,write,,,video_small,polyglot,3,01-01-04-01-01-01-05_r03.mp4,5498397,0.048294,1,
write,write,,,video_small,mongo_gridfs,3,01-01-04-01-01-01-05_r03.mp4,5498397,0.047048,1,
write,write,,,video_small,pg_bytea,3,01-01-04-01-01-01-05_r03.mp4,5498397,0.178912,1,
write,write,,,video_small,pg_bytea,3,01-01-04-01-01-01-10_r03.mp4,5457041,0.152109,1,
write,write,,,video_small,mongo_gridfs,3,01-01-04-01-01-01-10_r03.mp4,5457041,0.042206,1,
write,write,,,video_small,polyglot,3,01-01-04-01-01-01-10_r03.mp4,5457041,0.046037,1,
write,write,,,video_small,polyglot,3,01-01-04-01-01-01-16_r03.mp4,5457041,0.048230,1,
write,write,,,video_small,pg_bytea,3,01-01-04-01-01-01-16_r03.mp4,5457041,0.174732,1,
write,write,,,video_small,mongo_gridfs,3,01-01-04-01-01-01-16_r03.mp4,5457041,0.046523,1,
write,write,,,video_small,polyglot,3,01-01-04-01-02-01-19_r03.mp4,5498397,0.049452,1,
write,write,,,video_small,mongo_gridfs,3,01-01-04-01-02-01-19_r03.mp4,5498397,0.063100,1,
write,write,,,video_small,pg_bytea,3,01-01-04-01-02-01-19_r03.mp4,5498397,0.164039,1,
write,write,,,video_small,mongo_gridfs,3,01-01-04-01-02-01-21_r03.mp4,5498397,0.043768,1,
write,write,,,video_small,pg_bytea,3,01-01-04-01-02-01-21_r03.mp4,5498397,0.258617,1,
write,write,,,video_small,polyglot,3,01-01-04-01-02-01-21_r03.mp4,5498397,0.168176,1,
write,write,,,video_small,mongo_gridfs,3,01-01-04-01-02-01-22_r03.mp4,5498397,0.048533,1,
write,write,,,video_small,polyglot,3,01-01-04-01-02-01-22_r03.mp4,5498397,0.047967,1,
write,write,,,video_small,pg_bytea,3,01-01-04-01-02-01-22_r03.mp4,5498397,0.152304,1,
write,write,,,video_small,pg_bytea,3,01-01-04-02-01-01-18_r03.mp4,5498397,0.145734,1,
write,write,,,video_small,polyglot,3,01-01-04-02-01-01-18_r03.mp4,5498397,0.044348,1,
write,write,,,video_small,mongo_gridfs,3,01-01-04-02-01-01-18_r03.mp4,5498397,0.047489,1,
write,write,,,video_small,pg_bytea,3,01-01-04-02-01-01-19_r03.mp4,5457041,0.162532,1,
write,write,,,video_small,polyglot,3,01-01-04-02-01-01-19_r03.mp4,5457041,0.047999,1,
write,write,,,video_small,mongo_gridfs,3,01-01-04-02-01-01-19_r03.mp4,5457041,0.045520,1,
write,write,,,video_small,mongo_gridfs,3,01-01-04-02-02-01-02_r03.mp4,5498397,0.042439,1,
write,write,,,video_small,pg_bytea,3,01-01-04-02-02-01-02_r03.mp4,5498397,0.160503,1,
write,write,,,video_small,polyglot,3,01-01-04-02-02-01-02_r03.mp4,5498397,0.042956,1,
write,write,,,video_small,mongo_gridfs,3,01-01-04-02-02-01-05_r03.mp4,5498397,0.058508,1,
write,write,,,video_small,pg_bytea,3,01-01-04-02-02-01-05_r03.mp4,5498397,0.213242,1,
write,write,,,video_small,polyglot,3,01-01-04-02-02-01-05_r03.mp4,5498397,0.045963,1,
write,write,,,video_small,mongo_gridfs,3,01-01-04-02-02-01-06_r03.mp4,5498397,0.051108,1,
write,write,,,video_small,polyglot,3,01-01-04-02-02-01-06_r03.mp4,5498397,0.052862,1,
write,write,,,video_small,pg_bytea,3,01-01-04-02-02-01-06_r03.mp4,5498397,0.172394,1,
write,write,,,video_small,mongo_gridfs,3,01-01-04-02-02-01-13_r03.mp4,5498397,0.048512,1,
write,write,,,video_small,pg_bytea,3,01-01-04-02-02-01-13_r03.mp4,5498397,0.159433,1,
write,write,,,video_small,polyglot,3,01-01-04-02-02-01-13_r03.mp4,5498397,0.050148,1,
write,write,,,video_small,mongo_gridfs,3,01-01-04-02-02-01-17_r03.mp4,5498397,0.056304,1,
write,write,,,video_small,pg_bytea,3,01-01-04-02-02-01-17_r03.mp4,5498397,0.175181,1,
write,write,,,video_small,polyglot,3,01-01-04-02-02-01-17_r03.mp4,5498397,0.048114,1,
write,write,,,video_small,pg_bytea,3,01-01-04-02-02-02-19_r03.mp4,5498397,0.144511,1,
write,write,,,video_small,mongo_gridfs,3,01-01-04-02-02-02-19_r03.mp4,5498397,0.047337,1,
write,write,,,video_small,polyglot,3,01-01-04-02-02-02-19_r03.mp4,5498397,0.043213,1,
write,write,,,video_small,pg_bytea,3,01-01-05-01-01-02-09_r03.mp4,5457041,0.165390,1,
write,write,,,video_small,polyglot,3,01-01-05-01-01-02-09_r03.mp4,5457041,0.045885,1,
write,write,,,video_small,mongo_gridfs,3,01-01-05-01-01-02-09_r03.mp4,5457041,0.043452,1,
write,write,,,video_small,mongo_gridfs,3,01-01-05-01-01-02-19_r03.mp4,5498397,0.059331,1,
write,write,,,video_small,pg_bytea,3,01-01-05-01-01-02-19_r03.mp4,5498397,0.182402,1,
write,write,,,video_small,polyglot,3,01-01-05-01-01-02-19_r03.mp4,5498397,0.065231,1,
write,write,,,video_small,mongo_gridfs,3,01-01-05-01-01-02-21_r03.mp4,5457041,0.054534,1,
write,write,,,video_small,polyglot,3,01-01-05-01-01-02-21_r03.mp4,5457041,0.052599,1,
write,write,,,video_small,pg_bytea,3,01-01-05-01-01-02-21_r03.mp4,5457041,0.213333,1,
write,write,,,video_small,pg_bytea,3,01-01-05-01-02-01-19_r03.mp4,5457041,0.313622,1,
write,write,,,video_small,polyglot,3,01-01-05-01-02-01-19_r03.mp4,5457041,0.047915,1,
write,write,,,video_small,mongo_gridfs,3,01-01-05-01-02-01-19_r03.mp4,5457041,0.055364,1,
write,write,,,video_small,polyglot,3,01-01-05-01-02-02-04_r03.mp4,5457041,0.049728,1,
write,write,,,video_small,mongo_gridfs,3,01-01-05-01-02-02-04_r03.mp4,5457041,0.049431,1,
write,write,,,video_small,pg_bytea,3,01-01-05-01-02-02-04_r03.mp4,5457041,0.183643,1,
write,write,,,video_small,mongo_gridfs,3,01-01-05-01-02-02-05_r03.mp4,5498397,0.047482,1,
write,write,,,video_small,polyglot,3,01-01-05-01-02-02-05_r03.mp4,5498397,0.054785,1,
write,write,,,video_small,pg_bytea,3,01-01-05-01-02-02-05_r03.mp4,5498397,0.162619,1,
write,write,,,video_small,pg_bytea,3,01-01-05-02-01-02-04_r03.mp4,5457041,0.142416,1,
write,write,,,video_small,polyglot,3,01-01-05-02-01-02-04_r03.mp4,5457041,0.049876,1,
write,write,,,video_small,mongo_gridfs,3,01-01-05-02-01-02-04_r03.mp4,5457041,0.043723,1,
write,write,,,video_small,mongo_gridfs,3,01-01-05-02-01-02-12_r03.mp4,5457041,0.045624,1,
write,write,,,video_small,polyglot,3,01-01-05-02-01-02-12_r03.mp4,5457041,0.050798,1,
write,write,,,video_small,pg_bytea,3,01-01-05-02-01-02-12_r03.mp4,5457041,0.211733,1,
write,write,,,video_small,polyglot,3,01-01-05-02-01-02-14_r03.mp4,5457041,0.059521,1,
write,write,,,video_small,pg_bytea,3,01-01-05-02-01-02-14_r03.mp4,5457041,0.159565,1,
write,write,,,video_small,mongo_gridfs,3,01-01-05-02-01-02-14_r03.mp4,5457041,0.046132,1,
write,write,,,video_small,pg_bytea,3,01-01-05-02-02-02-19_r03.mp4,5498397,0.137640,1,
write,write,,,video_small,mongo_gridfs,3,01-01-05-02-02-02-19_r03.mp4,5498397,0.051519,1,
write,write,,,video_small,polyglot,3,01-01-05-02-02-02-19_r03.mp4,5498397,0.046766,1,
write,write,,,video_small,polyglot,3,01-01-05-02-02-02-20_r03.mp4,5498397,0.045096,1,
write,write,,,video_small,pg_bytea,3,01-01-05-02-02-02-20_r03.mp4,5498397,0.217108,1,
write,write,,,video_small,mongo_gridfs,3,01-01-05-02-02-02-20_r03.mp4,5498397,0.044893,1,
write,write,,,video_small,pg_bytea,3,01-01-05-02-02-02-23_r03.mp4,5457041,0.142689,1,
write,write,,,video_small,polyglot,3,01-01-05-02-02-02-23_r03.mp4,5457041,0.054127,1,
write,write,,,video_small,mongo_gridfs,3,01-01-05-02-02-02-23_r03.mp4,5457041,0.046151,1,
write,write,,,video_small,mongo_gridfs,3,01-01-06-01-01-01-08_r03.mp4,5457041,0.050233,1,
write,write,,,video_small,polyglot,3,01-01-06-01-01-01-08_r03.mp4,5457041,0.048270,1,
write,write,,,video_small,pg_bytea,3,01-01-06-01-01-01-08_r03.mp4,5457041,0.154195,1,
write,write,,,video_small,polyglot,3,01-01-06-01-01-01-19_r03.mp4,5457041,0.064908,1,
write,write,,,video_small,pg_bytea,3,01-01-06-01-01-01-19_r03.mp4,5457041,0.262321,1,
write,write,,,video_small,mongo_gridfs,3,01-01-06-01-01-01-19_r03.mp4,5457041,0.055657,1,
write,write,,,video_small,polyglot,3,01-01-06-01-01-01-24_r03.mp4,5498397,0.049713,1,
write,write,,,video_small,mongo_gridfs,3,01-01-06-01-01-01-24_r03.mp4,5498397,0.047718,1,
write,write,,,video_small,pg_bytea,3,01-01-06-01-01-01-24_r03.mp4,5498397,0.333967,1,
write,write,,,video_medium,mongo_gridfs,3,tsinghua_v_0024_r03.mp4,13091522,0.395550,1,
write,write,,,video_medium,polyglot,3,tsinghua_v_0024_r03.mp4,13091522,0.112919,1,
write,write,,,video_medium,pg_bytea,3,tsinghua_v_0024_r03.mp4,13091522,0.393606,1,
write,write,,,video_medium,mongo_gridfs,3,tsinghua_v_0046_r03.mp4,13091522,0.100316,1,
write,write,,,video_medium,polyglot,3,tsinghua_v_0046_r03.mp4,13091522,0.099902,1,
write,write,,,video_medium,pg_bytea,3,tsinghua_v_0046_r03.mp4,13091522,0.367533,1,
write,write,,,video_medium,mongo_gridfs,3,tsinghua_v_0076_r03.mp4,13091522,0.094092,1,
write,write,,,video_medium,pg_bytea,3,tsinghua_v_0076_r03.mp4,13091522,0.372429,1,
write,write,,,video_medium,polyglot,3,tsinghua_v_0076_r03.mp4,13091522,0.102101,1,
write,write,,,video_medium,pg_bytea,3,tsinghua_v_0080_r03.mp4,13091522,0.363573,1,
write,write,,,video_medium,polyglot,3,tsinghua_v_0080_r03.mp4,13091522,0.101586,1,
write,write,,,video_medium,mongo_gridfs,3,tsinghua_v_0080_r03.mp4,13091522,0.110079,1,
write,write,,,video_medium,pg_bytea,3,tsinghua_v_0109_r03.mp4,13091522,0.359512,1,
write,write,,,video_medium,polyglot,3,tsinghua_v_0109_r03.mp4,13091522,0.111481,1,
write,write,,,video_medium,mongo_gridfs,3,tsinghua_v_0109_r03.mp4,13091522,0.094839,1,
write,write,,,video_medium,polyglot,3,tsinghua_v_0123_r03.mp4,13091522,0.092520,1,
write,write,,,video_medium,pg_bytea,3,tsinghua_v_0123_r03.mp4,13091522,0.429899,1,
write,write,,,video_medium,mongo_gridfs,3,tsinghua_v_0123_r03.mp4,13091522,0.099810,1,
write,write,,,video_medium,polyglot,3,tsinghua_v_0130_r03.mp4,13091522,0.089172,1,
write,write,,,video_medium,pg_bytea,3,tsinghua_v_0130_r03.mp4,13091522,0.356138,1,
write,write,,,video_medium,mongo_gridfs,3,tsinghua_v_0130_r03.mp4,13091522,0.126680,1,
write,write,,,video_medium,pg_bytea,3,tsinghua_v_0135_r03.mp4,13091522,0.409227,1,
write,write,,,video_medium,mongo_gridfs,3,tsinghua_v_0135_r03.mp4,13091522,0.103395,1,
write,write,,,video_medium,polyglot,3,tsinghua_v_0135_r03.mp4,13091522,0.109643,1,
write,write,,,video_medium,pg_bytea,3,tsinghua_v_0137_r03.mp4,13091522,0.344581,1,
write,write,,,video_medium,mongo_gridfs,3,tsinghua_v_0137_r03.mp4,13091522,0.105836,1,
write,write,,,video_medium,polyglot,3,tsinghua_v_0137_r03.mp4,13091522,0.105664,1,
write,write,,,video_medium,mongo_gridfs,3,tsinghua_v_0140_r03.mp4,13091522,0.100409,1,
write,write,,,video_medium,pg_bytea,3,tsinghua_v_0140_r03.mp4,13091522,0.426255,1,
write,write,,,video_medium,polyglot,3,tsinghua_v_0140_r03.mp4,13091522,0.108300,1,
write,write,,,video_medium,pg_bytea,3,tsinghua_v_0151_r03.mp4,13091522,0.408102,1,
write,write,,,video_medium,mongo_gridfs,3,tsinghua_v_0151_r03.mp4,13091522,0.099769,1,
write,write,,,video_medium,polyglot,3,tsinghua_v_0151_r03.mp4,13091522,0.127820,1,
write,write,,,video_medium,pg_bytea,3,tsinghua_v_0157_r03.mp4,13091522,0.391289,1,
write,write,,,video_medium,polyglot,3,tsinghua_v_0157_r03.mp4,13091522,0.109699,1,
write,write,,,video_medium,mongo_gridfs,3,tsinghua_v_0157_r03.mp4,13091522,0.103188,1,
write,write,,,video_medium,mongo_gridfs,3,tsinghua_v_0209_r03.mp4,13091522,0.095089,1,
write,write,,,video_medium,pg_bytea,3,tsinghua_v_0209_r03.mp4,13091522,0.408544,1,
write,write,,,video_medium,polyglot,3,tsinghua_v_0209_r03.mp4,13091522,0.100473,1,
write,write,,,video_medium,polyglot,3,tsinghua_v_0226_r03.mp4,13091522,0.101939,1,
write,write,,,video_medium,mongo_gridfs,3,tsinghua_v_0226_r03.mp4,13091522,0.108031,1,
write,write,,,video_medium,pg_bytea,3,tsinghua_v_0226_r03.mp4,13091522,0.382683,1,
write,write,,,video_medium,polyglot,3,tsinghua_v_0236_r03.mp4,13091522,0.094196,1,
write,write,,,video_medium,pg_bytea,3,tsinghua_v_0236_r03.mp4,13091522,0.369727,1,
write,write,,,video_medium,mongo_gridfs,3,tsinghua_v_0236_r03.mp4,13091522,0.105856,1,
write,write,,,video_medium,mongo_gridfs,3,tsinghua_v_0274_r03.mp4,13091522,0.099703,1,
write,write,,,video_medium,pg_bytea,3,tsinghua_v_0274_r03.mp4,13091522,0.385741,1,
write,write,,,video_medium,polyglot,3,tsinghua_v_0274_r03.mp4,13091522,0.110293,1,
write,write,,,video_medium,polyglot,3,tsinghua_v_0280_r03.mp4,13091522,0.101330,1,
write,write,,,video_medium,mongo_gridfs,3,tsinghua_v_0280_r03.mp4,13091522,0.104087,1,
write,write,,,video_medium,pg_bytea,3,tsinghua_v_0280_r03.mp4,13091522,0.639354,1,
write,write,,,video_medium,mongo_gridfs,3,tsinghua_v_0302_r03.mp4,13091522,0.094619,1,
write,write,,,video_medium,pg_bytea,3,tsinghua_v_0302_r03.mp4,13091522,0.352949,1,
write,write,,,video_medium,polyglot,3,tsinghua_v_0302_r03.mp4,13091522,0.091892,1,
write,write,,,video_medium,mongo_gridfs,3,tsinghua_v_0311_r03.mp4,13091522,0.098247,1,
write,write,,,video_medium,pg_bytea,3,tsinghua_v_0311_r03.mp4,13091522,0.361990,1,
write,write,,,video_medium,polyglot,3,tsinghua_v_0311_r03.mp4,13091522,0.099805,1,
write,write,,,video_medium,mongo_gridfs,3,tsinghua_v_0316_r03.mp4,13091522,0.094891,1,
write,write,,,video_medium,pg_bytea,3,tsinghua_v_0316_r03.mp4,13091522,0.358862,1,
write,write,,,video_medium,polyglot,3,tsinghua_v_0316_r03.mp4,13091522,0.101092,1,
write,write,,,video_medium,pg_bytea,3,tsinghua_v_0319_r03.mp4,13091522,0.364551,1,
write,write,,,video_medium,mongo_gridfs,3,tsinghua_v_0319_r03.mp4,13091522,0.089322,1,
write,write,,,video_medium,polyglot,3,tsinghua_v_0319_r03.mp4,13091522,0.098447,1,
write,write,,,video_medium,polyglot,3,tsinghua_v_0321_r03.mp4,13091522,0.101175,1,
write,write,,,video_medium,mongo_gridfs,3,tsinghua_v_0321_r03.mp4,13091522,0.151409,1,
write,write,,,video_medium,pg_bytea,3,tsinghua_v_0321_r03.mp4,13091522,0.360184,1,
write,write,,,video_medium,mongo_gridfs,3,tsinghua_v_0331_r03.mp4,13091522,0.099375,1,
write,write,,,video_medium,polyglot,3,tsinghua_v_0331_r03.mp4,13091522,0.104542,1,
write,write,,,video_medium,pg_bytea,3,tsinghua_v_0331_r03.mp4,13091522,0.364418,1,
write,write,,,video_medium,mongo_gridfs,3,tsinghua_v_0345_r03.mp4,13091522,0.103569,1,
write,write,,,video_medium,pg_bytea,3,tsinghua_v_0345_r03.mp4,13091522,0.378754,1,
write,write,,,video_medium,polyglot,3,tsinghua_v_0345_r03.mp4,13091522,0.100123,1,
write,write,,,video_medium,polyglot,3,tsinghua_v_0356_r03.mp4,13091522,0.114489,1,
write,write,,,video_medium,mongo_gridfs,3,tsinghua_v_0356_r03.mp4,13091522,0.102452,1,
write,write,,,video_medium,pg_bytea,3,tsinghua_v_0356_r03.mp4,13091522,0.766167,1,
write,write,,,video_medium,pg_bytea,3,tsinghua_v_0357_r03.mp4,13091522,0.380502,1,
write,write,,,video_medium,polyglot,3,tsinghua_v_0357_r03.mp4,13091522,0.100497,1,
write,write,,,video_medium,mongo_gridfs,3,tsinghua_v_0357_r03.mp4,13091522,0.109958,1,
write,write,,,video_medium,pg_bytea,3,tsinghua_v_0379_r03.mp4,13091522,0.334672,1,
write,write,,,video_medium,polyglot,3,tsinghua_v_0379_r03.mp4,13091522,0.105194,1,
write,write,,,video_medium,mongo_gridfs,3,tsinghua_v_0379_r03.mp4,13091522,0.104351,1,
write,write,,,video_medium,pg_bytea,3,tsinghua_v_0393_r03.mp4,13091522,0.355401,1,
write,write,,,video_medium,mongo_gridfs,3,tsinghua_v_0393_r03.mp4,13091522,0.097076,1,
write,write,,,video_medium,polyglot,3,tsinghua_v_0393_r03.mp4,13091522,0.096285,1,
write,write,,,video_medium,polyglot,3,tsinghua_v_0421_r03.mp4,13091522,0.105419,1,
write,write,,,video_medium,pg_bytea,3,tsinghua_v_0421_r03.mp4,13091522,0.406069,1,
write,write,,,video_medium,mongo_gridfs,3,tsinghua_v_0421_r03.mp4,13091522,0.102645,1,
write,write,,,video_medium,mongo_gridfs,3,tsinghua_v_0424_r03.mp4,13091522,0.101936,1,
write,write,,,video_medium,polyglot,3,tsinghua_v_0424_r03.mp4,13091522,0.107358,1,
write,write,,,video_medium,pg_bytea,3,tsinghua_v_0424_r03.mp4,13091522,0.368770,1,
write,write,,,video_medium,polyglot,3,tsinghua_v_0427_r03.mp4,13091522,0.101596,1,
write,write,,,video_medium,pg_bytea,3,tsinghua_v_0427_r03.mp4,13091522,0.362338,1,
write,write,,,video_medium,mongo_gridfs,3,tsinghua_v_0427_r03.mp4,13091522,0.111079,1,
write,write,,,video_medium,pg_bytea,3,tsinghua_v_0431_r03.mp4,13091522,0.389225,1,
write,write,,,video_medium,polyglot,3,tsinghua_v_0431_r03.mp4,13091522,0.098530,1,
write,write,,,video_medium,mongo_gridfs,3,tsinghua_v_0431_r03.mp4,13091522,0.104242,1,
write,write,,,video_medium,polyglot,3,tsinghua_v_0452_r03.mp4,13091522,0.120090,1,
write,write,,,video_medium,pg_bytea,3,tsinghua_v_0452_r03.mp4,13091522,0.349575,1,
write,write,,,video_medium,mongo_gridfs,3,tsinghua_v_0452_r03.mp4,13091522,0.119542,1,
write,write,,,video_medium,mongo_gridfs,3,tsinghua_v_0454_r03.mp4,13091522,0.283672,1,
write,write,,,video_medium,pg_bytea,3,tsinghua_v_0454_r03.mp4,13091522,0.348996,1,
write,write,,,video_medium,polyglot,3,tsinghua_v_0454_r03.mp4,13091522,0.094762,1,
write,write,,,video_medium,pg_bytea,3,tsinghua_v_0457_r03.mp4,13091522,0.338000,1,
write,write,,,video_medium,polyglot,3,tsinghua_v_0457_r03.mp4,13091522,0.124153,1,
write,write,,,video_medium,mongo_gridfs,3,tsinghua_v_0457_r03.mp4,13091522,0.102664,1,
write,write,,,video_medium,polyglot,3,tsinghua_v_0466_r03.mp4,13091522,0.102063,1,
write,write,,,video_medium,mongo_gridfs,3,tsinghua_v_0466_r03.mp4,13091522,0.106144,1,
write,write,,,video_medium,pg_bytea,3,tsinghua_v_0466_r03.mp4,13091522,0.367612,1,
write,write,,,video_medium,mongo_gridfs,3,tsinghua_v_0471_r03.mp4,13091522,0.101282,1,
write,write,,,video_medium,polyglot,3,tsinghua_v_0471_r03.mp4,13091522,0.103565,1,
write,write,,,video_medium,pg_bytea,3,tsinghua_v_0471_r03.mp4,13091522,0.362661,1,
write,write,,,video_medium,mongo_gridfs,3,tsinghua_v_0472_r03.mp4,13091522,0.095550,1,
write,write,,,video_medium,pg_bytea,3,tsinghua_v_0472_r03.mp4,13091522,0.350593,1,
write,write,,,video_medium,polyglot,3,tsinghua_v_0472_r03.mp4,13091522,0.121483,1,
write,write,,,video_medium,polyglot,3,tsinghua_v_0494_r03.mp4,13091522,0.110172,1,
write,write,,,video_medium,mongo_gridfs,3,tsinghua_v_0494_r03.mp4,13091522,0.118964,1,
write,write,,,video_medium,pg_bytea,3,tsinghua_v_0494_r03.mp4,13091522,0.356187,1,
write,write,,,video_medium,pg_bytea,3,tsinghua_v_0503_r03.mp4,13091522,0.346243,1,
write,write,,,video_medium,polyglot,3,tsinghua_v_0503_r03.mp4,13091522,0.106164,1,
write,write,,,video_medium,mongo_gridfs,3,tsinghua_v_0503_r03.mp4,13091522,0.131030,1,
write,write,,,video_medium,pg_bytea,3,tsinghua_v_0509_r03.mp4,13091522,0.431632,1,
write,write,,,video_medium,mongo_gridfs,3,tsinghua_v_0509_r03.mp4,13091522,0.102650,1,
write,write,,,video_medium,polyglot,3,tsinghua_v_0509_r03.mp4,13091522,0.110793,1,
write,write,,,video_medium,pg_bytea,3,tsinghua_v_0523_r03.mp4,13091522,0.361249,1,
write,write,,,video_medium,mongo_gridfs,3,tsinghua_v_0523_r03.mp4,13091522,0.098978,1,
write,write,,,video_medium,polyglot,3,tsinghua_v_0523_r03.mp4,13091522,0.101455,1,
write,write,,,video_medium,pg_bytea,3,tsinghua_v_0546_r03.mp4,13091522,0.344949,1,
write,write,,,video_medium,polyglot,3,tsinghua_v_0546_r03.mp4,13091522,0.100497,1,
write,write,,,video_medium,mongo_gridfs,3,tsinghua_v_0546_r03.mp4,13091522,0.120222,1,
write,write,,,video_medium,pg_bytea,3,tsinghua_v_0568_r03.mp4,13091522,0.360463,1,
write,write,,,video_medium,polyglot,3,tsinghua_v_0568_r03.mp4,13091522,0.118646,1,
write,write,,,video_medium,mongo_gridfs,3,tsinghua_v_0568_r03.mp4,13091522,0.110030,1,
write,write,,,video_medium,mongo_gridfs,3,tsinghua_v_0594_r03.mp4,13091522,0.097587,1,
write,write,,,video_medium,polyglot,3,tsinghua_v_0594_r03.mp4,13091522,0.112933,1,
write,write,,,video_medium,pg_bytea,3,tsinghua_v_0594_r03.mp4,13091522,0.387578,1,
write,write,,,video_medium,mongo_gridfs,3,tsinghua_v_0596_r03.mp4,13091522,0.093489,1,
write,write,,,video_medium,pg_bytea,3,tsinghua_v_0596_r03.mp4,13091522,0.353557,1,
write,write,,,video_medium,polyglot,3,tsinghua_v_0596_r03.mp4,13091522,0.109364,1,
write,write,,,video_medium,polyglot,3,tsinghua_v_0635_r03.mp4,13091522,0.124900,1,
write,write,,,video_medium,pg_bytea,3,tsinghua_v_0635_r03.mp4,13091522,0.367978,1,
write,write,,,video_medium,mongo_gridfs,3,tsinghua_v_0635_r03.mp4,13091522,0.122870,1,
write,write,,,video_medium,mongo_gridfs,3,tsinghua_v_0653_r03.mp4,13091522,0.108831,1,
write,write,,,video_medium,polyglot,3,tsinghua_v_0653_r03.mp4,13091522,0.133237,1,
write,write,,,video_medium,pg_bytea,3,tsinghua_v_0653_r03.mp4,13091522,1.360066,1,
write,write,,,video_medium,polyglot,3,tsinghua_v_0667_r03.mp4,13091522,0.106926,1,
write,write,,,video_medium,mongo_gridfs,3,tsinghua_v_0667_r03.mp4,13091522,0.093839,1,
write,write,,,video_medium,pg_bytea,3,tsinghua_v_0667_r03.mp4,13091522,0.397050,1,
write,write,,,video_medium,mongo_gridfs,3,tsinghua_v_0673_r03.mp4,13091522,0.102479,1,
write,write,,,video_medium,polyglot,3,tsinghua_v_0673_r03.mp4,13091522,0.096326,1,
write,write,,,video_medium,pg_bytea,3,tsinghua_v_0673_r03.mp4,13091522,0.379480,1,
write,write,,,video_medium,pg_bytea,3,tsinghua_v_0681_r03.mp4,13091522,0.330554,1,
write,write,,,video_medium,mongo_gridfs,3,tsinghua_v_0681_r03.mp4,13091522,0.104530,1,
write,write,,,video_medium,polyglot,3,tsinghua_v_0681_r03.mp4,13091522,0.102541,1,
write,write,,,video_medium,mongo_gridfs,3,tsinghua_v_0690_r03.mp4,13091522,0.104284,1,
write,write,,,video_medium,pg_bytea,3,tsinghua_v_0690_r03.mp4,13091522,0.372396,1,
write,write,,,video_medium,polyglot,3,tsinghua_v_0690_r03.mp4,13091522,0.106119,1,
write,write,,,video_medium,mongo_gridfs,3,tsinghua_v_0692_r03.mp4,13091522,0.104221,1,
write,write,,,video_medium,polyglot,3,tsinghua_v_0692_r03.mp4,13091522,0.097421,1,
write,write,,,video_medium,pg_bytea,3,tsinghua_v_0692_r03.mp4,13091522,0.380333,1,
write,write,,,video_medium,pg_bytea,3,tsinghua_v_0696_r03.mp4,13091522,0.404992,1,
write,write,,,video_medium,mongo_gridfs,3,tsinghua_v_0696_r03.mp4,13091522,0.105847,1,
write,write,,,video_medium,polyglot,3,tsinghua_v_0696_r03.mp4,13091522,0.102426,1,
write,write,,,video_medium,polyglot,3,tsinghua_v_0734_r03.mp4,13091522,0.102556,1,
write,write,,,video_medium,pg_bytea,3,tsinghua_v_0734_r03.mp4,13091522,0.360963,1,
write,write,,,video_medium,mongo_gridfs,3,tsinghua_v_0734_r03.mp4,13091522,0.107143,1,
write,write,,,video_medium,pg_bytea,3,tsinghua_v_0737_r03.mp4,13091522,0.553619,1,
write,write,,,video_medium,polyglot,3,tsinghua_v_0737_r03.mp4,13091522,0.122973,1,
write,write,,,video_medium,mongo_gridfs,3,tsinghua_v_0737_r03.mp4,13091522,0.098276,1,
write,write,,,video_medium,polyglot,3,tsinghua_v_0744_r03.mp4,13091522,0.137694,1,
write,write,,,video_medium,mongo_gridfs,3,tsinghua_v_0744_r03.mp4,13091522,0.126963,1,
write,write,,,video_medium,pg_bytea,3,tsinghua_v_0744_r03.mp4,13091522,0.386415,1,
write,write,,,video_medium,mongo_gridfs,3,tsinghua_v_0745_r03.mp4,13091522,0.099807,1,
write,write,,,video_medium,pg_bytea,3,tsinghua_v_0745_r03.mp4,13091522,0.361159,1,
write,write,,,video_medium,polyglot,3,tsinghua_v_0745_r03.mp4,13091522,0.108726,1,
write,write,,,video_medium,polyglot,3,tsinghua_v_0769_r03.mp4,13091522,0.100872,1,
write,write,,,video_medium,mongo_gridfs,3,tsinghua_v_0769_r03.mp4,13091522,0.146740,1,
write,write,,,video_medium,pg_bytea,3,tsinghua_v_0769_r03.mp4,13091522,0.377032,1,
write,write,,,video_medium,mongo_gridfs,3,tsinghua_v_0791_r03.mp4,13091522,0.100888,1,
write,write,,,video_medium,polyglot,3,tsinghua_v_0791_r03.mp4,13091522,0.146730,1,
write,write,,,video_medium,pg_bytea,3,tsinghua_v_0791_r03.mp4,13091522,0.424059,1,
write,write,,,video_medium,mongo_gridfs,3,tsinghua_v_0792_r03.mp4,13091522,0.126722,1,
write,write,,,video_medium,pg_bytea,3,tsinghua_v_0792_r03.mp4,13091522,0.380892,1,
write,write,,,video_medium,polyglot,3,tsinghua_v_0792_r03.mp4,13091522,0.109260,1,
write,write,,,video_medium,mongo_gridfs,3,tsinghua_v_0857_r03.mp4,13091522,0.115129,1,
write,write,,,video_medium,pg_bytea,3,tsinghua_v_0857_r03.mp4,13091522,0.466887,1,
write,write,,,video_medium,polyglot,3,tsinghua_v_0857_r03.mp4,13091522,0.110279,1,
write,write,,,video_medium,mongo_gridfs,3,tsinghua_v_0866_r03.mp4,13091522,0.264580,1,
write,write,,,video_medium,pg_bytea,3,tsinghua_v_0866_r03.mp4,13091522,0.449158,1,
write,write,,,video_medium,polyglot,3,tsinghua_v_0866_r03.mp4,13091522,0.111525,1,
write,write,,,video_medium,polyglot,3,tsinghua_v_0880_r03.mp4,13091522,0.119269,1,
write,write,,,video_medium,mongo_gridfs,3,tsinghua_v_0880_r03.mp4,13091522,0.258543,1,
write,write,,,video_medium,pg_bytea,3,tsinghua_v_0880_r03.mp4,13091522,1.086721,1,
write,write,,,video_medium,mongo_gridfs,3,tsinghua_v_0888_r03.mp4,13091522,0.092377,1,
write,write,,,video_medium,polyglot,3,tsinghua_v_0888_r03.mp4,13091522,0.102555,1,
write,write,,,video_medium,pg_bytea,3,tsinghua_v_0888_r03.mp4,13091522,0.342208,1,
write,write,,,video_medium,polyglot,3,tsinghua_v_0901_r03.mp4,13091522,0.103778,1,
write,write,,,video_medium,pg_bytea,3,tsinghua_v_0901_r03.mp4,13091522,0.367422,1,
write,write,,,video_medium,mongo_gridfs,3,tsinghua_v_0901_r03.mp4,13091522,0.110948,1,
write,write,,,video_medium,pg_bytea,3,tsinghua_v_0937_r03.mp4,13091522,0.384100,1,
write,write,,,video_medium,mongo_gridfs,3,tsinghua_v_0937_r03.mp4,13091522,0.110210,1,
write,write,,,video_medium,polyglot,3,tsinghua_v_0937_r03.mp4,13091522,0.097334,1,
write,write,,,video_medium,mongo_gridfs,3,tsinghua_v_0939_r03.mp4,13091522,0.097054,1,
write,write,,,video_medium,pg_bytea,3,tsinghua_v_0939_r03.mp4,13091522,1.123541,1,
write,write,,,video_medium,polyglot,3,tsinghua_v_0939_r03.mp4,13091522,0.106948,1,
write,write,,,video_medium,pg_bytea,3,tsinghua_v_0961_r03.mp4,13091522,0.367472,1,
write,write,,,video_medium,polyglot,3,tsinghua_v_0961_r03.mp4,13091522,0.107774,1,
write,write,,,video_medium,mongo_gridfs,3,tsinghua_v_0961_r03.mp4,13091522,0.100384,1,
write,write,,,video_medium,polyglot,3,tsinghua_v_0977_r03.mp4,13091522,0.103184,1,
write,write,,,video_medium,mongo_gridfs,3,tsinghua_v_0977_r03.mp4,13091522,0.099432,1,
write,write,,,video_medium,pg_bytea,3,tsinghua_v_0977_r03.mp4,13091522,0.382013,1,
write,write,,,audio_small,polyglot,4,03-01-01-01-01-02-19_r04.wav,375720,0.013916,1,
write,write,,,audio_small,pg_bytea,4,03-01-01-01-01-02-19_r04.wav,375720,0.015739,1,
write,write,,,audio_small,mongo_gridfs,4,03-01-01-01-01-02-19_r04.wav,375720,0.015040,1,
write,write,,,audio_small,polyglot,4,03-01-01-01-02-02-05_r04.wav,396294,0.008335,1,
write,write,,,audio_small,pg_bytea,4,03-01-01-01-02-02-05_r04.wav,396294,0.010923,1,
write,write,,,audio_small,mongo_gridfs,4,03-01-01-01-02-02-05_r04.wav,396294,0.008257,1,
write,write,,,audio_small,pg_bytea,4,03-01-01-01-02-02-06_r04.wav,363108,0.012813,1,
write,write,,,audio_small,mongo_gridfs,4,03-01-01-01-02-02-06_r04.wav,363108,0.006073,1,
write,write,,,audio_small,polyglot,4,03-01-01-01-02-02-06_r04.wav,363108,0.004742,1,
write,write,,,audio_small,mongo_gridfs,4,03-01-01-01-02-02-07_r04.wav,363108,0.004527,1,
write,write,,,audio_small,pg_bytea,4,03-01-01-01-02-02-07_r04.wav,363108,0.009438,1,
write,write,,,audio_small,polyglot,4,03-01-01-01-02-02-07_r04.wav,363108,0.005466,1,
write,write,,,audio_small,mongo_gridfs,4,03-01-01-01-02-02-11_r04.wav,375720,0.007437,1,
write,write,,,audio_small,polyglot,4,03-01-01-01-02-02-11_r04.wav,375720,0.005193,1,
write,write,,,audio_small,pg_bytea,4,03-01-01-01-02-02-11_r04.wav,375720,0.012171,1,
write,write,,,audio_small,polyglot,4,03-01-01-01-02-02-12_r04.wav,372698,0.005190,1,
write,write,,,audio_small,mongo_gridfs,4,03-01-01-01-02-02-12_r04.wav,372698,0.004655,1,
write,write,,,audio_small,pg_bytea,4,03-01-01-01-02-02-12_r04.wav,372698,0.009923,1,
write,write,,,audio_small,mongo_gridfs,4,03-01-01-01-02-02-13_r04.wav,363108,0.004877,1,
write,write,,,audio_small,pg_bytea,4,03-01-01-01-02-02-13_r04.wav,363108,0.009349,1,
write,write,,,audio_small,polyglot,4,03-01-01-01-02-02-13_r04.wav,363108,0.006035,1,
write,write,,,audio_small,polyglot,4,03-01-01-02-01-02-05_r04.wav,393086,0.005268,1,
write,write,,,audio_small,mongo_gridfs,4,03-01-01-02-01-02-05_r04.wav,393086,0.004650,1,
write,write,,,audio_small,pg_bytea,4,03-01-01-02-01-02-05_r04.wav,393086,0.009732,1,
write,write,,,audio_small,pg_bytea,4,03-01-01-02-01-02-06_r04.wav,363108,0.011988,1,
write,write,,,audio_small,polyglot,4,03-01-01-02-01-02-06_r04.wav,363108,0.005103,1,
write,write,,,audio_small,mongo_gridfs,4,03-01-01-02-01-02-06_r04.wav,363108,0.004768,1,
write,write,,,audio_small,pg_bytea,4,03-01-01-02-01-02-07_r04.wav,372698,0.011060,1,
write,write,,,audio_small,mongo_gridfs,4,03-01-01-02-01-02-07_r04.wav,372698,0.005533,1,
write,write,,,audio_small,polyglot,4,03-01-01-02-01-02-07_r04.wav,372698,0.004964,1,
write,write,,,audio_small,polyglot,4,03-01-01-02-01-02-13_r04.wav,399494,0.005360,1,
write,write,,,audio_small,mongo_gridfs,4,03-01-01-02-01-02-13_r04.wav,399494,0.009629,1,
write,write,,,audio_small,pg_bytea,4,03-01-01-02-01-02-13_r04.wav,399494,0.012376,1,
write,write,,,audio_small,pg_bytea,4,03-01-01-02-02-02-19_r04.wav,372698,0.008851,1,
write,write,,,audio_small,mongo_gridfs,4,03-01-01-02-02-02-19_r04.wav,372698,0.004525,1,
write,write,,,audio_small,polyglot,4,03-01-01-02-02-02-19_r04.wav,372698,0.003955,1,
write,write,,,audio_small,polyglot,4,03-01-02-01-01-01-19_r04.wav,372698,0.008305,1,
write,write,,,audio_small,pg_bytea,4,03-01-02-01-01-01-19_r04.wav,372698,0.014352,1,
write,write,,,audio_small,mongo_gridfs,4,03-01-02-01-01-01-19_r04.wav,372698,0.004514,1,
write,write,,,audio_small,pg_bytea,4,03-01-02-01-02-01-06_r04.wav,363108,0.010303,1,
write,write,,,audio_small,polyglot,4,03-01-02-01-02-01-06_r04.wav,363108,0.004567,1,
write,write,,,audio_small,mongo_gridfs,4,03-01-02-01-02-01-06_r04.wav,363108,0.004183,1,
write,write,,,audio_small,mongo_gridfs,4,03-01-02-01-02-01-07_r04.wav,399494,0.004732,1,
write,write,,,audio_small,polyglot,4,03-01-02-01-02-01-07_r04.wav,399494,0.005513,1,
write,write,,,audio_small,pg_bytea,4,03-01-02-01-02-01-07_r04.wav,399494,0.013037,1,
write,write,,,audio_small,pg_bytea,4,03-01-02-01-02-01-11_r04.wav,375720,0.008906,1,
write,write,,,audio_small,mongo_gridfs,4,03-01-02-01-02-01-11_r04.wav,375720,0.005312,1,
write,write,,,audio_small,polyglot,4,03-01-02-01-02-01-11_r04.wav,375720,0.004886,1,
write,write,,,audio_small,polyglot,4,03-01-02-01-02-01-12_r04.wav,372698,0.005571,1,
write,write,,,audio_small,pg_bytea,4,03-01-02-01-02-01-12_r04.wav,372698,0.008725,1,
write,write,,,audio_small,mongo_gridfs,4,03-01-02-01-02-01-12_r04.wav,372698,0.004252,1,
write,write,,,audio_small,mongo_gridfs,4,03-01-02-01-02-01-13_r04.wav,379106,0.004441,1,
write,write,,,audio_small,polyglot,4,03-01-02-01-02-01-13_r04.wav,379106,0.004949,1,
write,write,,,audio_small,pg_bytea,4,03-01-02-01-02-01-13_r04.wav,379106,0.011212,1,
write,write,,,audio_small,mongo_gridfs,4,03-01-02-02-01-01-05_r04.wav,363108,0.004869,1,
write,write,,,audio_small,polyglot,4,03-01-02-02-01-01-05_r04.wav,363108,0.003862,1,
write,write,,,audio_small,pg_bytea,4,03-01-02-02-01-01-05_r04.wav,363108,0.014389,1,
write,write,,,audio_small,mongo_gridfs,4,03-01-02-02-01-01-11_r04.wav,363108,0.004557,1,
write,write,,,audio_small,polyglot,4,03-01-02-02-01-01-11_r04.wav,363108,0.003698,1,
write,write,,,audio_small,pg_bytea,4,03-01-02-02-01-01-11_r04.wav,363108,0.010972,1,
write,write,,,audio_small,pg_bytea,4,03-01-02-02-01-01-12_r04.wav,399494,0.011485,1,
write,write,,,audio_small,mongo_gridfs,4,03-01-02-02-01-01-12_r04.wav,399494,0.005847,1,
write,write,,,audio_small,polyglot,4,03-01-02-02-01-01-12_r04.wav,399494,0.005010,1,
write,write,,,audio_small,polyglot,4,03-01-02-02-01-01-13_r04.wav,399494,0.005199,1,
write,write,,,audio_small,mongo_gridfs,4,03-01-02-02-01-01-13_r04.wav,399494,0.003922,1,
write,write,,,audio_small,pg_bytea,4,03-01-02-02-01-01-13_r04.wav,399494,0.012403,1,
write,write,,,audio_small,polyglot,4,03-01-02-02-02-01-19_r04.wav,379106,0.004989,1,
write,write,,,audio_small,pg_bytea,4,03-01-02-02-02-01-19_r04.wav,379106,0.009188,1,
write,write,,,audio_small,mongo_gridfs,4,03-01-02-02-02-01-19_r04.wav,379106,0.004587,1,
write,write,,,audio_small,polyglot,4,03-01-03-01-01-02-05_r04.wav,396294,0.007780,1,
write,write,,,audio_small,pg_bytea,4,03-01-03-01-01-02-05_r04.wav,396294,0.010590,1,
write,write,,,audio_small,mongo_gridfs,4,03-01-03-01-01-02-05_r04.wav,396294,0.005165,1,
write,write,,,audio_small,mongo_gridfs,4,03-01-03-01-01-02-07_r04.wav,393086,0.004610,1,
write,write,,,audio_small,polyglot,4,03-01-03-01-01-02-07_r04.wav,393086,0.005153,1,
write,write,,,audio_small,pg_bytea,4,03-01-03-01-01-02-07_r04.wav,393086,0.009325,1,
write,write,,,audio_small,pg_bytea,4,03-01-03-01-01-02-12_r04.wav,399494,0.010040,1,
write,write,,,audio_small,polyglot,4,03-01-03-01-01-02-12_r04.wav,399494,0.004719,1,
write,write,,,audio_small,mongo_gridfs,4,03-01-03-01-01-02-12_r04.wav,399494,0.004101,1,
write,write,,,audio_small,polyglot,4,03-01-03-01-01-02-13_r04.wav,399494,0.004475,1,
write,write,,,audio_small,mongo_gridfs,4,03-01-03-01-01-02-13_r04.wav,399494,0.004379,1,
write,write,,,audio_small,pg_bytea,4,03-01-03-01-01-02-13_r04.wav,399494,0.010025,1,
write,write,,,audio_small,mongo_gridfs,4,03-01-03-01-02-02-18_r04.wav,393086,0.003931,1,
write,write,,,audio_small,polyglot,4,03-01-03-01-02-02-18_r04.wav,393086,0.018310,1,
write,write,,,audio_small,pg_bytea,4,03-01-03-01-02-02-18_r04.wav,393086,0.010938,1,
write,write,,,audio_small,polyglot,4,03-01-03-01-02-02-19_r04.wav,399494,0.004920,1,
write,write,,,audio_small,pg_bytea,4,03-01-03-01-02-02-19_r04.wav,399494,0.009981,1,
write,write,,,audio_small,mongo_gridfs,4,03-01-03-01-02-02-19_r04.wav,399494,0.004921,1,
write,write,,,audio_small,pg_bytea,4,03-01-03-02-01-02-18_r04.wav,396294,0.010204,1,
write,write,,,audio_small,mongo_gridfs,4,03-01-03-02-01-02-18_r04.wav,396294,0.004384,1,
write,write,,,audio_small,polyglot,4,03-01-03-02-01-02-18_r04.wav,396294,0.006108,1,
write,write,,,audio_small,polyglot,4,03-01-03-02-01-02-19_r04.wav,372698,0.004536,1,
write,write,,,audio_small,pg_bytea,4,03-01-03-02-01-02-19_r04.wav,372698,0.011488,1,
write,write,,,audio_small,mongo_gridfs,4,03-01-03-02-01-02-19_r04.wav,372698,0.006360,1,
write,write,,,audio_small,mongo_gridfs,4,03-01-03-02-02-02-04_r04.wav,379106,0.004449,1,
write,write,,,audio_small,polyglot,4,03-01-03-02-02-02-04_r04.wav,379106,0.004700,1,
write,write,,,audio_small,pg_bytea,4,03-01-03-02-02-02-04_r04.wav,379106,0.013487,1,
write,write,,,audio_small,pg_bytea,4,03-01-03-02-02-02-06_r04.wav,399494,0.010391,1,
write,write,,,audio_small,mongo_gridfs,4,03-01-03-02-02-02-06_r04.wav,399494,0.004461,1,
write,write,,,audio_small,polyglot,4,03-01-03-02-02-02-06_r04.wav,399494,0.004024,1,
write,write,,,audio_small,pg_bytea,4,03-01-03-02-02-02-07_r04.wav,393086,0.009485,1,
write,write,,,audio_small,mongo_gridfs,4,03-01-03-02-02-02-07_r04.wav,393086,0.004117,1,
write,write,,,audio_small,polyglot,4,03-01-03-02-02-02-07_r04.wav,393086,0.004255,1,
write,write,,,audio_small,pg_bytea,4,03-01-03-02-02-02-10_r04.wav,375720,0.010278,1,
write,write,,,audio_small,mongo_gridfs,4,03-01-03-02-02-02-10_r04.wav,375720,0.005183,1,
write,write,,,audio_small,polyglot,4,03-01-03-02-02-02-10_r04.wav,375720,0.004048,1,
write,write,,,audio_small,mongo_gridfs,4,03-01-03-02-02-02-11_r04.wav,396294,0.003990,1,
write,write,,,audio_small,polyglot,4,03-01-03-02-02-02-11_r04.wav,396294,0.004234,1,
write,write,,,audio_small,pg_bytea,4,03-01-03-02-02-02-11_r04.wav,396294,0.010681,1,
write,write,,,audio_small,pg_bytea,4,03-01-03-02-02-02-13_r04.wav,399494,0.015786,1,
write,write,,,audio_small,polyglot,4,03-01-03-02-02-02-13_r04.wav,399494,0.005095,1,
write,write,,,audio_small,mongo_gridfs,4,03-01-03-02-02-02-13_r04.wav,399494,0.004318,1,
write,write,,,audio_small,pg_bytea,4,03-01-04-01-01-02-01_r04.wav,396294,0.009375,1,
write,write,,,audio_small,polyglot,4,03-01-04-01-01-02-01_r04.wav,396294,0.004615,1,
write,write,,,audio_small,mongo_gridfs,4,03-01-04-01-01-02-01_r04.wav,396294,0.004783,1,
write,write,,,audio_small,pg_bytea,4,03-01-04-01-01-02-02_r04.wav,379106,0.009835,1,
write,write,,,audio_small,polyglot,4,03-01-04-01-01-02-02_r04.wav,379106,0.005453,1,
write,write,,,audio_small,mongo_gridfs,4,03-01-04-01-01-02-02_r04.wav,379106,0.004788,1,
write,write,,,audio_small,pg_bytea,4,03-01-04-01-01-02-16_r04.wav,379106,0.010766,1,
write,write,,,audio_small,mongo_gridfs,4,03-01-04-01-01-02-16_r04.wav,379106,0.007048,1,
write,write,,,audio_small,polyglot,4,03-01-04-01-01-02-16_r04.wav,379106,0.004545,1,
write,write,,,audio_small,mongo_gridfs,4,03-01-04-01-02-02-08_r04.wav,372698,0.004115,1,
write,write,,,audio_small,polyglot,4,03-01-04-01-02-02-08_r04.wav,372698,0.004205,1,
write,write,,,audio_small,pg_bytea,4,03-01-04-01-02-02-08_r04.wav,372698,0.015501,1,
write,write,,,audio_small,mongo_gridfs,4,03-01-04-01-02-02-09_r04.wav,363108,0.004771,1,
write,write,,,audio_small,polyglot,4,03-01-04-01-02-02-09_r04.wav,363108,0.004551,1,
write,write,,,audio_small,pg_bytea,4,03-01-04-01-02-02-09_r04.wav,363108,0.008871,1,
write,write,,,audio_small,polyglot,4,03-01-04-01-02-02-20_r04.wav,396294,0.004589,1,
write,write,,,audio_small,pg_bytea,4,03-01-04-01-02-02-20_r04.wav,396294,0.013059,1,
write,write,,,audio_small,mongo_gridfs,4,03-01-04-01-02-02-20_r04.wav,396294,0.004245,1,
write,write,,,audio_small,mongo_gridfs,4,03-01-04-01-02-02-21_r04.wav,363108,0.004418,1,
write,write,,,audio_small,pg_bytea,4,03-01-04-01-02-02-21_r04.wav,363108,0.011475,1,
write,write,,,audio_small,polyglot,4,03-01-04-01-02-02-21_r04.wav,363108,0.005311,1,
write,write,,,audio_small,polyglot,4,03-01-04-01-02-02-22_r04.wav,372698,0.004617,1,
write,write,,,audio_small,mongo_gridfs,4,03-01-04-01-02-02-22_r04.wav,372698,0.004246,1,
write,write,,,audio_small,pg_bytea,4,03-01-04-01-02-02-22_r04.wav,372698,0.010017,1,
write,write,,,audio_small,mongo_gridfs,4,03-01-04-01-02-02-23_r04.wav,363108,0.009438,1,
write,write,,,audio_small,polyglot,4,03-01-04-01-02-02-23_r04.wav,363108,0.008456,1,
write,write,,,audio_small,pg_bytea,4,03-01-04-01-02-02-23_r04.wav,363108,0.011634,1,
write,write,,,audio_small,polyglot,4,03-01-04-02-01-02-09_r04.wav,379106,0.008801,1,
write,write,,,audio_small,mongo_gridfs,4,03-01-04-02-01-02-09_r04.wav,379106,0.005360,1,
write,write,,,audio_small,pg_bytea,4,03-01-04-02-01-02-09_r04.wav,379106,0.017918,1,
write,write,,,audio_small,mongo_gridfs,4,03-01-04-02-01-02-20_r04.wav,379106,0.006261,1,
write,write,,,audio_small,polyglot,4,03-01-04-02-01-02-20_r04.wav,379106,0.008500,1,
write,write,,,audio_small,pg_bytea,4,03-01-04-02-01-02-20_r04.wav,379106,0.010433,1,
write,write,,,audio_small,pg_bytea,4,03-01-04-02-01-02-21_r04.wav,393086,0.009524,1,
write,write,,,audio_small,mongo_gridfs,4,03-01-04-02-01-02-21_r04.wav,393086,0.005508,1,
write,write,,,audio_small,polyglot,4,03-01-04-02-01-02-21_r04.wav,393086,0.005230,1,
write,write,,,audio_small,mongo_gridfs,4,03-01-04-02-01-02-22_r04.wav,379106,0.004795,1,
write,write,,,audio_small,polyglot,4,03-01-04-02-01-02-22_r04.wav,379106,0.005477,1,
write,write,,,audio_small,pg_bytea,4,03-01-04-02-01-02-22_r04.wav,379106,0.009964,1,
write,write,,,audio_small,polyglot,4,03-01-04-02-02-02-14_r04.wav,375720,0.004482,1,
write,write,,,audio_small,pg_bytea,4,03-01-04-02-02-02-14_r04.wav,375720,0.016928,1,
write,write,,,audio_small,mongo_gridfs,4,03-01-04-02-02-02-14_r04.wav,375720,0.004644,1,
write,write,,,audio_small,polyglot,4,03-01-04-02-02-02-15_r04.wav,379106,0.004843,1,
write,write,,,audio_small,mongo_gridfs,4,03-01-04-02-02-02-15_r04.wav,379106,0.005239,1,
write,write,,,audio_small,pg_bytea,4,03-01-04-02-02-02-15_r04.wav,379106,0.011840,1,
write,write,,,audio_small,mongo_gridfs,4,03-01-04-02-02-02-16_r04.wav,375720,0.004363,1,
write,write,,,audio_small,polyglot,4,03-01-04-02-02-02-16_r04.wav,375720,0.009033,1,
write,write,,,audio_small,pg_bytea,4,03-01-04-02-02-02-16_r04.wav,375720,0.015819,1,
write,write,,,audio_small,mongo_gridfs,4,03-01-04-02-02-02-17_r04.wav,363108,0.003970,1,
write,write,,,audio_small,pg_bytea,4,03-01-04-02-02-02-17_r04.wav,363108,0.010107,1,
write,write,,,audio_small,polyglot,4,03-01-04-02-02-02-17_r04.wav,363108,0.006054,1,
write,write,,,audio_small,pg_bytea,4,03-01-05-01-01-01-09_r04.wav,393086,0.009621,1,
write,write,,,audio_small,mongo_gridfs,4,03-01-05-01-01-01-09_r04.wav,393086,0.004705,1,
write,write,,,audio_small,polyglot,4,03-01-05-01-01-01-09_r04.wav,393086,0.004182,1,
write,write,,,audio_small,polyglot,4,03-01-05-01-01-01-22_r04.wav,393086,0.004360,1,
write,write,,,audio_small,mongo_gridfs,4,03-01-05-01-01-01-22_r04.wav,393086,0.004415,1,
write,write,,,audio_small,pg_bytea,4,03-01-05-01-01-01-22_r04.wav,393086,0.011695,1,
write,write,,,audio_small,mongo_gridfs,4,03-01-05-01-02-01-02_r04.wav,372698,0.005196,1,
write,write,,,audio_small,polyglot,4,03-01-05-01-02-01-02_r04.wav,372698,0.009923,1,
write,write,,,audio_small,pg_bytea,4,03-01-05-01-02-01-02_r04.wav,372698,0.010733,1,
write,write,,,audio_small,pg_bytea,4,03-01-05-01-02-01-03_r04.wav,396294,0.009791,1,
write,write,,,audio_small,mongo_gridfs,4,03-01-05-01-02-01-03_r04.wav,396294,0.004621,1,
write,write,,,audio_small,polyglot,4,03-01-05-01-02-01-03_r04.wav,396294,0.004604,1,
write,write,,,audio_small,pg_bytea,4,03-01-05-01-02-01-15_r04.wav,363108,0.012035,1,
write,write,,,audio_small,mongo_gridfs,4,03-01-05-01-02-01-15_r04.wav,363108,0.004520,1,
write,write,,,audio_small,polyglot,4,03-01-05-01-02-01-15_r04.wav,363108,0.004784,1,
write,write,,,audio_small,polyglot,4,03-01-05-01-02-01-16_r04.wav,372698,0.004490,1,
write,write,,,audio_small,pg_bytea,4,03-01-05-01-02-01-16_r04.wav,372698,0.009484,1,
write,write,,,audio_small,mongo_gridfs,4,03-01-05-01-02-01-16_r04.wav,372698,0.004333,1,
write,write,,,audio_small,polyglot,4,03-01-05-01-02-01-17_r04.wav,393086,0.004052,1,
write,write,,,audio_small,mongo_gridfs,4,03-01-05-01-02-01-17_r04.wav,393086,0.004144,1,
write,write,,,audio_small,pg_bytea,4,03-01-05-01-02-01-17_r04.wav,393086,0.017500,1,
write,write,,,audio_small,mongo_gridfs,4,03-01-05-02-01-01-01_r04.wav,372698,0.004090,1,
write,write,,,audio_small,polyglot,4,03-01-05-02-01-01-01_r04.wav,372698,0.004136,1,
write,write,,,audio_small,pg_bytea,4,03-01-05-02-01-01-01_r04.wav,372698,0.009489,1,
write,write,,,audio_small,polyglot,4,03-01-05-02-01-01-02_r04.wav,375720,0.004596,1,
write,write,,,audio_small,pg_bytea,4,03-01-05-02-01-01-02_r04.wav,375720,0.009655,1,
write,write,,,audio_small,mongo_gridfs,4,03-01-05-02-01-01-02_r04.wav,375720,0.003955,1,
write,write,,,audio_small,mongo_gridfs,4,03-01-05-02-01-01-03_r04.wav,372698,0.004601,1,
write,write,,,audio_small,pg_bytea,4,03-01-05-02-01-01-03_r04.wav,372698,0.010515,1,
write,write,,,audio_small,polyglot,4,03-01-05-02-01-01-03_r04.wav,372698,0.005244,1,
write,write,,,audio_small,pg_bytea,4,03-01-05-02-01-01-15_r04.wav,396294,0.010013,1,
write,write,,,audio_small,mongo_gridfs,4,03-01-05-02-01-01-15_r04.wav,396294,0.004910,1,
write,write,,,audio_small,polyglot,4,03-01-05-02-01-01-15_r04.wav,396294,0.004268,1,
write,write,,,audio_small,polyglot,4,03-01-05-02-01-01-16_r04.wav,399494,0.004043,1,
write,write,,,audio_small,mongo_gridfs,4,03-01-05-02-01-01-16_r04.wav,399494,0.004697,1,
write,write,,,audio_small,pg_bytea,4,03-01-05-02-01-01-16_r04.wav,399494,0.010491,1,
write,write,,,audio_small,mongo_gridfs,4,03-01-05-02-01-01-17_r04.wav,363108,0.003910,1,
write,write,,,audio_small,pg_bytea,4,03-01-05-02-01-01-17_r04.wav,363108,0.010450,1,
write,write,,,audio_small,polyglot,4,03-01-05-02-01-01-17_r04.wav,363108,0.005386,1,
write,write,,,audio_small,pg_bytea,4,03-01-05-02-02-01-09_r04.wav,396294,0.013181,1,
write,write,,,audio_small,polyglot,4,03-01-05-02-02-01-09_r04.wav,396294,0.004430,1,
write,write,,,audio_small,mongo_gridfs,4,03-01-05-02-02-01-09_r04.wav,396294,0.004140,1,
write,write,,,audio_small,pg_bytea,4,03-01-05-02-02-01-21_r04.wav,375720,0.010249,1,
write,write,,,audio_small,polyglot,4,03-01-05-02-02-01-21_r04.wav,375720,0.004055,1,
write,write,,,audio_small,mongo_gridfs,4,03-01-05-02-02-01-21_r04.wav,375720,0.003887,1,
write,write,,,audio_small,polyglot,4,03-01-05-02-02-01-22_r04.wav,379106,0.004010,1,
write,write,,,audio_small,pg_bytea,4,03-01-05-02-02-01-22_r04.wav,379106,0.011438,1,
write,write,,,audio_small,mongo_gridfs,4,03-01-05-02-02-01-22_r04.wav,379106,0.006423,1,
write,write,,,audio_medium,mongo_gridfs,4,03-02-01-01-01-02-22_r04.wav,526650,0.005541,1,
write,write,,,audio_medium,polyglot,4,03-02-01-01-01-02-22_r04.wav,526650,0.005752,1,
write,write,,,audio_medium,pg_bytea,4,03-02-01-01-01-02-22_r04.wav,526650,0.014260,1,
write,write,,,audio_medium,mongo_gridfs,4,03-02-01-01-01-02-23_r04.wav,539464,0.006749,1,
write,write,,,audio_medium,polyglot,4,03-02-01-01-01-02-23_r04.wav,539464,0.005565,1,
write,write,,,audio_medium,pg_bytea,4,03-02-01-01-01-02-23_r04.wav,539464,0.015993,1,
write,write,,,audio_medium,mongo_gridfs,4,03-02-01-01-02-02-02_r04.wav,539464,0.006429,1,
write,write,,,audio_medium,polyglot,4,03-02-01-01-02-02-02_r04.wav,539464,0.005450,1,
write,write,,,audio_medium,pg_bytea,4,03-02-01-01-02-02-02_r04.wav,539464,0.017467,1,
write,write,,,audio_medium,polyglot,4,03-02-01-01-02-02-03_r04.wav,520242,0.006201,1,
write,write,,,audio_medium,mongo_gridfs,4,03-02-01-01-02-02-03_r04.wav,520242,0.005006,1,
write,write,,,audio_medium,pg_bytea,4,03-02-01-01-02-02-03_r04.wav,520242,0.015891,1,
write,write,,,audio_medium,mongo_gridfs,4,03-02-01-01-02-02-16_r04.wav,539464,0.006359,1,
write,write,,,audio_medium,pg_bytea,4,03-02-01-01-02-02-16_r04.wav,539464,0.022337,1,
write,write,,,audio_medium,polyglot,4,03-02-01-01-02-02-16_r04.wav,539464,0.006934,1,
write,write,,,audio_medium,polyglot,4,03-02-01-01-02-02-17_r04.wav,561888,0.007436,1,
write,write,,,audio_medium,mongo_gridfs,4,03-02-01-01-02-02-17_r04.wav,561888,0.006011,1,
write,write,,,audio_medium,pg_bytea,4,03-02-01-01-02-02-17_r04.wav,561888,0.015614,1,
write,write,,,audio_medium,pg_bytea,4,03-02-01-02-01-02-01_r04.wav,533056,0.019541,1,
write,write,,,audio_medium,mongo_gridfs,4,03-02-01-02-01-02-01_r04.wav,533056,0.008108,1,
write,write,,,audio_medium,polyglot,4,03-02-01-02-01-02-01_r04.wav,533056,0.006534,1,
write,write,,,audio_medium,pg_bytea,4,03-02-01-02-01-02-02_r04.wav,523448,0.018732,1,
write,write,,,audio_medium,polyglot,4,03-02-01-02-01-02-02_r04.wav,523448,0.006923,1,
write,write,,,audio_medium,mongo_gridfs,4,03-02-01-02-01-02-02_r04.wav,523448,0.006535,1,
write,write,,,audio_medium,pg_bytea,4,03-02-01-02-01-02-03_r04.wav,533056,0.024723,1,
write,write,,,audio_medium,polyglot,4,03-02-01-02-01-02-03_r04.wav,533056,0.011953,1,
write,write,,,audio_medium,mongo_gridfs,4,03-02-01-02-01-02-03_r04.wav,533056,0.006941,1,
write,write,,,audio_medium,polyglot,4,03-02-01-02-01-02-15_r04.wav,561882,0.006633,1,
write,write,,,audio_medium,pg_bytea,4,03-02-01-02-01-02-15_r04.wav,561882,0.016423,1,
write,write,,,audio_medium,mongo_gridfs,4,03-02-01-02-01-02-15_r04.wav,561882,0.008230,1,
write,write,,,audio_medium,polyglot,4,03-02-01-02-01-02-16_r04.wav,526650,0.006692,1,
write,write,,,audio_medium,pg_bytea,4,03-02-01-02-01-02-16_r04.wav,526650,0.014310,1,
write,write,,,audio_medium,mongo_gridfs,4,03-02-01-02-01-02-16_r04.wav,526650,0.007877,1,
write,write,,,audio_medium,pg_bytea,4,03-02-01-02-01-02-17_r04.wav,533056,0.014166,1,
write,write,,,audio_medium,polyglot,4,03-02-01-02-01-02-17_r04.wav,533056,0.007758,1,
write,write,,,audio_medium,mongo_gridfs,4,03-02-01-02-01-02-17_r04.wav,533056,0.006087,1,
write,write,,,audio_medium,mongo_gridfs,4,03-02-01-02-02-02-22_r04.wav,520242,0.007264,1,
write,write,,,audio_medium,pg_bytea,4,03-02-01-02-02-02-22_r04.wav,520242,0.017971,1,
write,write,,,audio_medium,polyglot,4,03-02-01-02-02-02-22_r04.wav,520242,0.007598,1,
write,write,,,audio_medium,pg_bytea,4,03-02-01-02-02-02-23_r04.wav,520242,0.016135,1,
write,write,,,audio_medium,mongo_gridfs,4,03-02-01-02-02-02-23_r04.wav,520242,0.008133,1,
write,write,,,audio_medium,polyglot,4,03-02-01-02-02-02-23_r04.wav,520242,0.007404,1,
write,write,,,audio_medium,pg_bytea,4,03-02-02-01-01-01-22_r04.wav,523448,0.015684,1,
write,write,,,audio_medium,polyglot,4,03-02-02-01-01-01-22_r04.wav,523448,0.007313,1,
write,write,,,audio_medium,mongo_gridfs,4,03-02-02-01-01-01-22_r04.wav,523448,0.005767,1,
write,write,,,audio_medium,polyglot,4,03-02-02-01-01-01-23_r04.wav,561888,0.008041,1,
write,write,,,audio_medium,pg_bytea,4,03-02-02-01-01-01-23_r04.wav,561888,0.015282,1,
write,write,,,audio_medium,mongo_gridfs,4,03-02-02-01-01-01-23_r04.wav,561888,0.008586,1,
write,write,,,audio_medium,mongo_gridfs,4,03-02-02-01-02-01-01_r04.wav,520242,0.006529,1,
write,write,,,audio_medium,polyglot,4,03-02-02-01-02-01-01_r04.wav,520242,0.007060,1,
write,write,,,audio_medium,pg_bytea,4,03-02-02-01-02-01-01_r04.wav,520242,0.015930,1,
write,write,,,audio_medium,polyglot,4,03-02-02-01-02-01-02_r04.wav,539464,0.007318,1,
write,write,,,audio_medium,pg_bytea,4,03-02-02-01-02-01-02_r04.wav,539464,0.014473,1,
write,write,,,audio_medium,mongo_gridfs,4,03-02-02-01-02-01-02_r04.wav,539464,0.007565,1,
write,write,,,audio_medium,pg_bytea,4,03-02-02-01-02-01-03_r04.wav,533056,0.018725,1,
write,write,,,audio_medium,polyglot,4,03-02-02-01-02-01-03_r04.wav,533056,0.008577,1,
write,write,,,audio_medium,mongo_gridfs,4,03-02-02-01-02-01-03_r04.wav,533056,0.008733,1,
write,write,,,audio_medium,mongo_gridfs,4,03-02-02-01-02-01-16_r04.wav,561882,0.013454,1,
write,write,,,audio_medium,pg_bytea,4,03-02-02-01-02-01-16_r04.wav,561882,0.067757,1,
write,write,,,audio_medium,polyglot,4,03-02-02-01-02-01-16_r04.wav,561882,0.008033,1,
write,write,,,audio_medium,polyglot,4,03-02-02-02-01-01-01_r04.wav,539464,0.006432,1,
write,write,,,audio_medium,mongo_gridfs,4,03-02-02-02-01-01-01_r04.wav,539464,0.005750,1,
write,write,,,audio_medium,pg_bytea,4,03-02-02-02-01-01-01_r04.wav,539464,0.017912,1,
write,write,,,audio_medium,mongo_gridfs,4,03-02-02-02-01-01-02_r04.wav,526650,0.006610,1,
write,write,,,audio_medium,polyglot,4,03-02-02-02-01-01-02_r04.wav,526650,0.006028,1,
write,write,,,audio_medium,pg_bytea,4,03-02-02-02-01-01-02_r04.wav,526650,0.013557,1,
write,write,,,audio_medium,polyglot,4,03-02-02-02-01-01-15_r04.wav,539464,0.006980,1,
write,write,,,audio_medium,pg_bytea,4,03-02-02-02-01-01-15_r04.wav,539464,0.014331,1,
write,write,,,audio_medium,mongo_gridfs,4,03-02-02-02-01-01-15_r04.wav,539464,0.007128,1,
write,write,,,audio_medium,polyglot,4,03-02-02-02-01-01-16_r04.wav,520242,0.008279,1,
write,write,,,audio_medium,mongo_gridfs,4,03-02-02-02-01-01-16_r04.wav,520242,0.005667,1,
write,write,,,audio_medium,pg_bytea,4,03-02-02-02-01-01-16_r04.wav,520242,0.014987,1,
write,write,,,audio_medium,polyglot,4,03-02-02-02-01-01-17_r04.wav,539464,0.006942,1,
write,write,,,audio_medium,pg_bytea,4,03-02-02-02-01-01-17_r04.wav,539464,0.014280,1,
write,write,,,audio_medium,mongo_gridfs,4,03-02-02-02-01-01-17_r04.wav,539464,0.008306,1,
write,write,,,audio_medium,pg_bytea,4,03-02-02-02-02-01-22_r04.wav,539464,0.014358,1,
write,write,,,audio_medium,mongo_gridfs,4,03-02-02-02-02-01-22_r04.wav,539464,0.007205,1,
write,write,,,audio_medium,polyglot,4,03-02-02-02-02-01-22_r04.wav,539464,0.008310,1,
write,write,,,audio_medium,pg_bytea,4,03-02-02-02-02-01-23_r04.wav,520242,0.017191,1,
write,write,,,audio_medium,polyglot,4,03-02-02-02-02-01-23_r04.wav,520242,0.006624,1,
write,write,,,audio_medium,mongo_gridfs,4,03-02-02-02-02-01-23_r04.wav,520242,0.006172,1,
write,write,,,audio_medium,mongo_gridfs,4,03-02-03-01-01-02-01_r04.wav,561882,0.007046,1,
write,write,,,audio_medium,pg_bytea,4,03-02-03-01-01-02-01_r04.wav,561882,0.016333,1,
write,write,,,audio_medium,polyglot,4,03-02-03-01-01-02-01_r04.wav,561882,0.041870,1,
write,write,,,audio_medium,mongo_gridfs,4,03-02-03-01-01-02-02_r04.wav,561882,0.007764,1,
write,write,,,audio_medium,polyglot,4,03-02-03-01-01-02-02_r04.wav,561882,0.007018,1,
write,write,,,audio_medium,pg_bytea,4,03-02-03-01-01-02-02_r04.wav,561882,0.025908,1,
write,write,,,audio_medium,pg_bytea,4,03-02-03-01-01-02-03_r04.wav,539464,0.016805,1,
write,write,,,audio_medium,polyglot,4,03-02-03-01-01-02-03_r04.wav,539464,0.008093,1,
write,write,,,audio_medium,mongo_gridfs,4,03-02-03-01-01-02-03_r04.wav,539464,0.012519,1,
write,write,,,audio_medium,mongo_gridfs,4,03-02-03-01-01-02-15_r04.wav,526650,0.008185,1,
write,write,,,audio_medium,pg_bytea,4,03-02-03-01-01-02-15_r04.wav,526650,0.019559,1,
write,write,,,audio_medium,polyglot,4,03-02-03-01-01-02-15_r04.wav,526650,0.124644,1,
write,write,,,audio_medium,polyglot,4,03-02-03-01-01-02-16_r04.wav,520242,0.007807,1,
write,write,,,audio_medium,pg_bytea,4,03-02-03-01-01-02-16_r04.wav,520242,0.015995,1,
write,write,,,audio_medium,mongo_gridfs,4,03-02-03-01-01-02-16_r04.wav,520242,0.008250,1,
write,write,,,audio_medium,mongo_gridfs,4,03-02-03-01-01-02-17_r04.wav,526650,0.007951,1,
write,write,,,audio_medium,pg_bytea,4,03-02-03-01-01-02-17_r04.wav,526650,0.016144,1,
write,write,,,audio_medium,polyglot,4,03-02-03-01-01-02-17_r04.wav,526650,0.007333,1,
write,write,,,audio_medium,polyglot,4,03-02-03-01-02-02-09_r04.wav,539464,0.008225,1,
write,write,,,audio_medium,pg_bytea,4,03-02-03-01-02-02-09_r04.wav,539464,0.018253,1,
write,write,,,audio_medium,mongo_gridfs,4,03-02-03-01-02-02-09_r04.wav,539464,0.007080,1,
write,write,,,audio_medium,polyglot,4,03-02-03-01-02-02-21_r04.wav,533056,0.007862,1,
write,write,,,audio_medium,mongo_gridfs,4,03-02-03-01-02-02-21_r04.wav,533056,0.007790,1,
write,write,,,audio_medium,pg_bytea,4,03-02-03-01-02-02-21_r04.wav,533056,0.014679,1,
write,write,,,audio_medium,pg_bytea,4,03-02-03-01-02-02-22_r04.wav,561888,0.018922,1,
write,write,,,audio_medium,polyglot,4,03-02-03-01-02-02-22_r04.wav,561888,0.007879,1,
write,write,,,audio_medium,mongo_gridfs,4,03-02-03-01-02-02-22_r04.wav,561888,0.007835,1,
write,write,,,audio_medium,pg_bytea,4,03-02-03-01-02-02-23_r04.wav,539464,0.020096,1,
write,write,,,audio_medium,mongo_gridfs,4,03-02-03-01-02-02-23_r04.wav,539464,0.007298,1,
write,write,,,audio_medium,polyglot,4,03-02-03-01-02-02-23_r04.wav,539464,0.014325,1,
write,write,,,audio_medium,mongo_gridfs,4,03-02-03-02-01-02-09_r04.wav,561882,0.006206,1,
write,write,,,audio_medium,pg_bytea,4,03-02-03-02-01-02-09_r04.wav,561882,0.018774,1,
write,write,,,audio_medium,polyglot,4,03-02-03-02-01-02-09_r04.wav,561882,0.009974,1,
write,write,,,audio_medium,mongo_gridfs,4,03-02-03-02-01-02-21_r04.wav,539464,0.007447,1,
write,write,,,audio_medium,pg_bytea,4,03-02-03-02-01-02-21_r04.wav,539464,0.014492,1,
write,write,,,audio_medium,polyglot,4,03-02-03-02-01-02-21_r04.wav,539464,0.006857,1,
write,write,,,audio_medium,pg_bytea,4,03-02-03-02-01-02-22_r04.wav,526650,0.017238,1,
write,write,,,audio_medium,mongo_gridfs,4,03-02-03-02-01-02-22_r04.wav,526650,0.007252,1,
write,write,,,audio_medium,polyglot,4,03-02-03-02-01-02-22_r04.wav,526650,0.012083,1,
write,write,,,audio_medium,polyglot,4,03-02-03-02-01-02-23_r04.wav,561888,0.007477,1,
write,write,,,audio_medium,mongo_gridfs,4,03-02-03-02-01-02-23_r04.wav,561888,0.006158,1,
write,write,,,audio_medium,pg_bytea,4,03-02-03-02-01-02-23_r04.wav,561888,0.014594,1,
write,write,,,audio_medium,pg_bytea,4,03-02-03-02-02-02-01_r04.wav,561882,0.022437,1,
write,write,,,audio_medium,mongo_gridfs,4,03-02-03-02-02-02-01_r04.wav,561882,0.007396,1,
write,write,,,audio_medium,polyglot,4,03-02-03-02-02-02-01_r04.wav,561882,0.006969,1,
write,write,,,audio_medium,mongo_gridfs,4,03-02-03-02-02-02-02_r04.wav,523448,0.009389,1,
write,write,,,audio_medium,pg_bytea,4,03-02-03-02-02-02-02_r04.wav,523448,0.013480,1,
write,write,,,audio_medium,polyglot,4,03-02-03-02-02-02-02_r04.wav,523448,0.015627,1,
write,write,,,audio_medium,mongo_gridfs,4,03-02-03-02-02-02-03_r04.wav,561888,0.007855,1,
write,write,,,audio_medium,polyglot,4,03-02-03-02-02-02-03_r04.wav,561888,0.006894,1,
write,write,,,audio_medium,pg_bytea,4,03-02-03-02-02-02-03_r04.wav,561888,0.016412,1,
write,write,,,audio_medium,pg_bytea,4,03-02-03-02-02-02-15_r04.wav,523448,0.022314,1,
write,write,,,audio_medium,mongo_gridfs,4,03-02-03-02-02-02-15_r04.wav,523448,0.008755,1,
write,write,,,audio_medium,polyglot,4,03-02-03-02-02-02-15_r04.wav,523448,0.007827,1,
write,write,,,audio_medium,mongo_gridfs,4,03-02-03-02-02-02-16_r04.wav,561882,0.006636,1,
write,write,,,audio_medium,polyglot,4,03-02-03-02-02-02-16_r04.wav,561882,0.007082,1,
write,write,,,audio_medium,pg_bytea,4,03-02-03-02-02-02-16_r04.wav,561882,0.014121,1,
write,write,,,audio_medium,pg_bytea,4,03-02-03-02-02-02-17_r04.wav,523448,0.018767,1,
write,write,,,audio_medium,mongo_gridfs,4,03-02-03-02-02-02-17_r04.wav,523448,0.007484,1,
write,write,,,audio_medium,polyglot,4,03-02-03-02-02-02-17_r04.wav,523448,0.007606,1,
write,write,,,audio_medium,polyglot,4,03-02-04-01-01-02-05_r04.wav,561882,0.006731,1,
write,write,,,audio_medium,pg_bytea,4,03-02-04-01-01-02-05_r04.wav,561882,0.014941,1,
write,write,,,audio_medium,mongo_gridfs,4,03-02-04-01-01-02-05_r04.wav,561882,0.008744,1,
write,write,,,audio_medium,polyglot,4,03-02-04-01-01-02-06_r04.wav,526650,0.009238,1,
write,write,,,audio_medium,mongo_gridfs,4,03-02-04-01-01-02-06_r04.wav,526650,0.007753,1,
write,write,,,audio_medium,pg_bytea,4,03-02-04-01-01-02-06_r04.wav,526650,0.017536,1,
write,write,,,audio_medium,mongo_gridfs,4,03-02-04-01-01-02-07_r04.wav,523448,0.006558,1,
write,write,,,audio_medium,polyglot,4,03-02-04-01-01-02-07_r04.wav,523448,0.005706,1,
write,write,,,audio_medium,pg_bytea,4,03-02-04-01-01-02-07_r04.wav,523448,0.017056,1,
write,write,,,audio_medium,pg_bytea,4,03-02-04-01-01-02-11_r04.wav,539464,0.013398,1,
write,write,,,audio_medium,mongo_gridfs,4,03-02-04-01-01-02-11_r04.wav,539464,0.008204,1,
write,write,,,audio_medium,polyglot,4,03-02-04-01-01-02-11_r04.wav,539464,0.008562,1,
write,write,,,audio_medium,pg_bytea,4,03-02-04-01-01-02-12_r04.wav,523448,0.014135,1,
write,write,,,audio_medium,polyglot,4,03-02-04-01-01-02-12_r04.wav,523448,0.007181,1,
write,write,,,audio_medium,mongo_gridfs,4,03-02-04-01-01-02-12_r04.wav,523448,0.006091,1,
write,write,,,audio_medium,polyglot,4,03-02-04-01-01-02-13_r04.wav,539464,0.009176,1,
write,write,,,audio_medium,mongo_gridfs,4,03-02-04-01-01-02-13_r04.wav,539464,0.005707,1,
write,write,,,audio_medium,pg_bytea,4,03-02-04-01-01-02-13_r04.wav,539464,0.026180,1,
write,write,,,audio_medium,mongo_gridfs,4,03-02-04-01-02-02-19_r04.wav,561888,0.011365,1,
write,write,,,audio_medium,pg_bytea,4,03-02-04-01-02-02-19_r04.wav,561888,0.015571,1,
write,write,,,audio_medium,polyglot,4,03-02-04-01-02-02-19_r04.wav,561888,0.007143,1,
write,write,,,audio_medium,pg_bytea,4,03-02-04-02-02-02-05_r04.wav,526650,0.018287,1,
write,write,,,audio_medium,mongo_gridfs,4,03-02-04-02-02-02-05_r04.wav,526650,0.008504,1,
write,write,,,audio_medium,polyglot,4,03-02-04-02-02-02-05_r04.wav,526650,0.008580,1,
write,write,,,audio_medium,polyglot,4,03-02-04-02-02-02-06_r04.wav,526650,0.006634,1,
write,write,,,audio_medium,mongo_gridfs,4,03-02-04-02-02-02-06_r04.wav,526650,0.006013,1,
write,write,,,audio_medium,pg_bytea,4,03-02-04-02-02-02-06_r04.wav,526650,0.014402,1,
write,write,,,audio_medium,polyglot,4,03-02-04-02-02-02-07_r04.wav,561888,0.007904,1,
write,write,,,audio_medium,mongo_gridfs,4,03-02-04-02-02-02-07_r04.wav,561888,0.006327,1,
write,write,,,audio_medium,pg_bytea,4,03-02-04-02-02-02-07_r04.wav,561888,0.015098,1,
write,write,,,audio_medium,mongo_gridfs,4,03-02-04-02-02-02-11_r04.wav,561888,0.007452,1,
write,write,,,audio_medium,polyglot,4,03-02-04-02-02-02-11_r04.wav,561888,0.008054,1,
write,write,,,audio_medium,pg_bytea,4,03-02-04-02-02-02-11_r04.wav,561888,0.025998,1,
write,write,,,audio_medium,mongo_gridfs,4,03-02-04-02-02-02-12_r04.wav,523448,0.008006,1,
write,write,,,audio_medium,polyglot,4,03-02-04-02-02-02-12_r04.wav,523448,0.006263,1,
write,write,,,audio_medium,pg_bytea,4,03-02-04-02-02-02-12_r04.wav,523448,0.013342,1,
write,write,,,audio_medium,pg_bytea,4,03-02-04-02-02-02-13_r04.wav,533056,0.014356,1,
write,write,,,audio_medium,mongo_gridfs,4,03-02-04-02-02-02-13_r04.wav,533056,0.007256,1,
write,write,,,audio_medium,polyglot,4,03-02-04-02-02-02-13_r04.wav,533056,0.006285,1,
write,write,,,audio_medium,mongo_gridfs,4,03-02-05-01-02-01-06_r04.wav,561882,0.006544,1,
write,write,,,audio_medium,polyglot,4,03-02-05-01-02-01-06_r04.wav,561882,0.008062,1,
write,write,,,audio_medium,pg_bytea,4,03-02-05-01-02-01-06_r04.wav,561882,0.015472,1,
write,write,,,audio_medium,mongo_gridfs,4,03-02-05-01-02-01-07_r04.wav,520242,0.006497,1,
write,write,,,audio_medium,pg_bytea,4,03-02-05-01-02-01-07_r04.wav,520242,0.015865,1,
write,write,,,audio_medium,polyglot,4,03-02-05-01-02-01-07_r04.wav,520242,0.008437,1,
write,write,,,audio_medium,polyglot,4,03-02-05-01-02-01-12_r04.wav,520242,0.007923,1,
write,write,,,audio_medium,mongo_gridfs,4,03-02-05-01-02-01-12_r04.wav,520242,0.010612,1,
write,write,,,audio_medium,pg_bytea,4,03-02-05-01-02-01-12_r04.wav,520242,0.021502,1,
write,write,,,audio_medium,polyglot,4,03-02-05-01-02-01-13_r04.wav,561888,0.007550,1,
write,write,,,audio_medium,pg_bytea,4,03-02-05-01-02-01-13_r04.wav,561888,0.015161,1,
write,write,,,audio_medium,mongo_gridfs,4,03-02-05-01-02-01-13_r04.wav,561888,0.007074,1,
write,write,,,audio_medium,polyglot,4,03-02-05-02-01-01-05_r04.wav,539464,0.008067,1,
write,write,,,audio_medium,pg_bytea,4,03-02-05-02-01-01-05_r04.wav,539464,0.016911,1,
write,write,,,audio_medium,mongo_gridfs,4,03-02-05-02-01-01-05_r04.wav,539464,0.007887,1,
write,write,,,audio_medium,mongo_gridfs,4,03-02-05-02-01-01-06_r04.wav,561888,0.007135,1,
write,write,,,audio_medium,polyglot,4,03-02-05-02-01-01-06_r04.wav,561888,0.007514,1,
write,write,,,audio_medium,pg_bytea,4,03-02-05-02-01-01-06_r04.wav,561888,0.014335,1,
write,write,,,audio_medium,polyglot,4,03-02-05-02-01-01-07_r04.wav,533056,0.011043,1,
write,write,,,audio_medium,pg_bytea,4,03-02-05-02-01-01-07_r04.wav,533056,0.013893,1,
write,write,,,audio_medium,mongo_gridfs,4,03-02-05-02-01-01-07_r04.wav,533056,0.007698,1,
write,write,,,audio_medium,pg_bytea,4,03-02-05-02-01-01-11_r04.wav,561888,0.015001,1,
write,write,,,audio_medium,mongo_gridfs,4,03-02-05-02-01-01-11_r04.wav,561888,0.010416,1,
write,write,,,audio_medium,polyglot,4,03-02-05-02-01-01-11_r04.wav,561888,0.007722,1,
write,write,,,audio_medium,pg_bytea,4,03-02-05-02-01-01-12_r04.wav,533056,0.014051,1,
write,write,,,audio_medium,polyglot,4,03-02-05-02-01-01-12_r04.wav,533056,0.007679,1,
write,write,,,audio_medium,mongo_gridfs,4,03-02-05-02-01-01-12_r04.wav,533056,0.006760,1,
write,write,,,audio_medium,mongo_gridfs,4,03-02-05-02-01-01-13_r04.wav,526650,0.006434,1,
write,write,,,audio_medium,pg_bytea,4,03-02-05-02-01-01-13_r04.wav,526650,0.013729,1,
write,write,,,audio_medium,polyglot,4,03-02-05-02-01-01-13_r04.wav,526650,0.007993,1,
write,write,,,video_small,mongo_gridfs,4,01-01-01-01-01-01-22_r04.mp4,5457041,0.047526,1,
write,write,,,video_small,pg_bytea,4,01-01-01-01-01-01-22_r04.mp4,5457041,0.183509,1,
write,write,,,video_small,polyglot,4,01-01-01-01-01-01-22_r04.mp4,5457041,0.047248,1,
write,write,,,video_small,mongo_gridfs,4,01-01-01-01-01-02-01_r04.mp4,5457041,0.044880,1,
write,write,,,video_small,pg_bytea,4,01-01-01-01-01-02-01_r04.mp4,5457041,0.162052,1,
write,write,,,video_small,polyglot,4,01-01-01-01-01-02-01_r04.mp4,5457041,0.047392,1,
write,write,,,video_small,mongo_gridfs,4,01-01-01-01-01-02-15_r04.mp4,5457041,0.041096,1,
write,write,,,video_small,polyglot,4,01-01-01-01-01-02-15_r04.mp4,5457041,0.038952,1,
write,write,,,video_small,pg_bytea,4,01-01-01-01-01-02-15_r04.mp4,5457041,0.149556,1,
write,write,,,video_small,pg_bytea,4,01-01-01-01-02-01-06_r04.mp4,5457041,0.144747,1,
write,write,,,video_small,mongo_gridfs,4,01-01-01-01-02-01-06_r04.mp4,5457041,0.049781,1,
write,write,,,video_small,polyglot,4,01-01-01-01-02-01-06_r04.mp4,5457041,0.044672,1,
write,write,,,video_small,pg_bytea,4,01-01-01-01-02-01-13_r04.mp4,5457041,0.154327,1,
write,write,,,video_small,polyglot,4,01-01-01-01-02-01-13_r04.mp4,5457041,0.044932,1,
write,write,,,video_small,mongo_gridfs,4,01-01-01-01-02-01-13_r04.mp4,5457041,0.046564,1,
write,write,,,video_small,polyglot,4,01-01-01-01-02-01-14_r04.mp4,5457041,0.050807,1,
write,write,,,video_small,mongo_gridfs,4,01-01-01-01-02-01-14_r04.mp4,5457041,0.046323,1,
write,write,,,video_small,pg_bytea,4,01-01-01-01-02-01-14_r04.mp4,5457041,0.137442,1,
write,write,,,video_small,mongo_gridfs,4,01-01-01-01-02-02-09_r04.mp4,5498397,0.048232,1,
write,write,,,video_small,polyglot,4,01-01-01-01-02-02-09_r04.mp4,5498397,0.045462,1,
write,write,,,video_small,pg_bytea,4,01-01-01-01-02-02-09_r04.mp4,5498397,0.151830,1,
write,write,,,video_small,pg_bytea,4,01-01-01-02-01-01-01_r04.mp4,5498397,0.141631,1,
write,write,,,video_small,polyglot,4,01-01-01-02-01-01-01_r04.mp4,5498397,0.049754,1,
write,write,,,video_small,mongo_gridfs,4,01-01-01-02-01-01-01_r04.mp4,5498397,0.047353,1,
write,write,,,video_small,mongo_gridfs,4,01-01-01-02-01-01-05_r04.mp4,5457041,0.048762,1,
write,write,,,video_small,polyglot,4,01-01-01-02-01-01-05_r04.mp4,5457041,0.124531,1,
write,write,,,video_small,pg_bytea,4,01-01-01-02-01-01-05_r04.mp4,5457041,0.531010,1,
write,write,,,video_small,mongo_gridfs,4,01-01-01-02-01-01-15_r04.mp4,5457041,0.053759,1,
write,write,,,video_small,polyglot,4,01-01-01-02-01-01-15_r04.mp4,5457041,0.044913,1,
write,write,,,video_small,pg_bytea,4,01-01-01-02-01-01-15_r04.mp4,5457041,0.143713,1,
write,write,,,video_small,polyglot,4,01-01-01-02-02-01-18_r04.mp4,5457041,0.052465,1,
write,write,,,video_small,mongo_gridfs,4,01-01-01-02-02-01-18_r04.mp4,5457041,0.043862,1,
write,write,,,video_small,pg_bytea,4,01-01-01-02-02-01-18_r04.mp4,5457041,0.158540,1,
write,write,,,video_small,mongo_gridfs,4,01-01-01-02-02-01-19_r04.mp4,5457041,0.046310,1,
write,write,,,video_small,pg_bytea,4,01-01-01-02-02-01-19_r04.mp4,5457041,0.153176,1,
write,write,,,video_small,polyglot,4,01-01-01-02-02-01-19_r04.mp4,5457041,0.042549,1,
write,write,,,video_small,mongo_gridfs,4,01-01-02-01-01-02-09_r04.mp4,5498397,0.053862,1,
write,write,,,video_small,polyglot,4,01-01-02-01-01-02-09_r04.mp4,5498397,0.046748,1,
write,write,,,video_small,pg_bytea,4,01-01-02-01-01-02-09_r04.mp4,5498397,0.166174,1,
write,write,,,video_small,mongo_gridfs,4,01-01-02-01-01-02-18_r04.mp4,5498397,0.050429,1,
write,write,,,video_small,polyglot,4,01-01-02-01-01-02-18_r04.mp4,5498397,0.055989,1,
write,write,,,video_small,pg_bytea,4,01-01-02-01-01-02-18_r04.mp4,5498397,0.155268,1,
write,write,,,video_small,polyglot,4,01-01-02-01-01-02-23_r04.mp4,5498397,0.044965,1,
write,write,,,video_small,pg_bytea,4,01-01-02-01-01-02-23_r04.mp4,5498397,0.158824,1,
write,write,,,video_small,mongo_gridfs,4,01-01-02-01-01-02-23_r04.mp4,5498397,0.047902,1,
write,write,,,video_small,pg_bytea,4,01-01-02-01-02-01-09_r04.mp4,5498397,0.141977,1,
write,write,,,video_small,mongo_gridfs,4,01-01-02-01-02-01-09_r04.mp4,5498397,0.059565,1,
write,write,,,video_small,polyglot,4,01-01-02-01-02-01-09_r04.mp4,5498397,0.054693,1,
write,write,,,video_small,polyglot,4,01-01-02-01-02-02-01_r04.mp4,5498397,0.050285,1,
write,write,,,video_small,pg_bytea,4,01-01-02-01-02-02-01_r04.mp4,5498397,0.176666,1,
write,write,,,video_small,mongo_gridfs,4,01-01-02-01-02-02-01_r04.mp4,5498397,0.044848,1,
write,write,,,video_small,polyglot,4,01-01-02-01-02-02-03_r04.mp4,5498397,0.048031,1,
write,write,,,video_small,pg_bytea,4,01-01-02-01-02-02-03_r04.mp4,5498397,0.145654,1,
write,write,,,video_small,mongo_gridfs,4,01-01-02-01-02-02-03_r04.mp4,5498397,0.046044,1,
write,write,,,video_small,mongo_gridfs,4,01-01-02-02-01-02-02_r04.mp4,5498397,0.047992,1,
write,write,,,video_small,pg_bytea,4,01-01-02-02-01-02-02_r04.mp4,5498397,0.167393,1,
write,write,,,video_small,polyglot,4,01-01-02-02-01-02-02_r04.mp4,5498397,0.045786,1,
write,write,,,video_small,mongo_gridfs,4,01-01-02-02-01-02-03_r04.mp4,5498397,0.050409,1,
write,write,,,video_small,pg_bytea,4,01-01-02-02-01-02-03_r04.mp4,5498397,0.165939,1,
write,write,,,video_small,polyglot,4,01-01-02-02-01-02-03_r04.mp4,5498397,0.046365,1,
write,write,,,video_small,pg_bytea,4,01-01-02-02-01-02-05_r04.mp4,5498397,0.138995,1,
write,write,,,video_small,mongo_gridfs,4,01-01-02-02-01-02-05_r04.mp4,5498397,0.049125,1,
write,write,,,video_small,polyglot,4,01-01-02-02-01-02-05_r04.mp4,5498397,0.068454,1,
write,write,,,video_small,mongo_gridfs,4,01-01-02-02-01-02-10_r04.mp4,5457041,0.053905,1,
write,write,,,video_small,polyglot,4,01-01-02-02-01-02-10_r04.mp4,5457041,0.048668,1,
write,write,,,video_small,pg_bytea,4,01-01-02-02-01-02-10_r04.mp4,5457041,0.167351,1,
write,write,,,video_small,mongo_gridfs,4,01-01-02-02-01-02-13_r04.mp4,5457041,0.047832,1,
write,write,,,video_small,polyglot,4,01-01-02-02-01-02-13_r04.mp4,5457041,0.055797,1,
write,write,,,video_small,pg_bytea,4,01-01-02-02-01-02-13_r04.mp4,5457041,0.139653,1,
write,write,,,video_small,polyglot,4,01-01-02-02-01-02-17_r04.mp4,5457041,0.045597,1,
write,write,,,video_small,mongo_gridfs,4,01-01-02-02-01-02-17_r04.mp4,5457041,0.047851,1,
write,write,,,video_small,pg_bytea,4,01-01-02-02-01-02-17_r04.mp4,5457041,0.157149,1,
write,write,,,video_small,mongo_gridfs,4,01-01-02-02-02-02-18_r04.mp4,5457041,0.047387,1,
write,write,,,video_small,polyglot,4,01-01-02-02-02-02-18_r04.mp4,5457041,0.049079,1,
write,write,,,video_small,pg_bytea,4,01-01-02-02-02-02-18_r04.mp4,5457041,0.144661,1,
write,write,,,video_small,polyglot,4,01-01-02-02-02-02-19_r04.mp4,5457041,0.049284,1,
write,write,,,video_small,pg_bytea,4,01-01-02-02-02-02-19_r04.mp4,5457041,0.664476,1,
write,write,,,video_small,mongo_gridfs,4,01-01-02-02-02-02-19_r04.mp4,5457041,0.055499,1,
write,write,,,video_small,pg_bytea,4,01-01-02-02-02-02-21_r04.mp4,5498397,0.345672,1,
write,write,,,video_small,polyglot,4,01-01-02-02-02-02-21_r04.mp4,5498397,0.047447,1,
write,write,,,video_small,mongo_gridfs,4,01-01-02-02-02-02-21_r04.mp4,5498397,0.054233,1,
write,write,,,video_small,polyglot,4,01-01-02-02-02-02-22_r04.mp4,5457041,0.943587,1,
write,write,,,video_small,pg_bytea,4,01-01-02-02-02-02-22_r04.mp4,5457041,0.480339,1,
write,write,,,video_small,mongo_gridfs,4,01-01-02-02-02-02-22_r04.mp4,5457041,0.095798,1,
write,write,,,video_small,pg_bytea,4,01-01-02-02-02-02-23_r04.mp4,5457041,0.304553,1,
write,write,,,video_small,mongo_gridfs,4,01-01-02-02-02-02-23_r04.mp4,5457041,0.044550,1,
write,write,,,video_small,polyglot,4,01-01-02-02-02-02-23_r04.mp4,5457041,0.390231,1,
write,write,,,video_small,pg_bytea,4,01-01-03-01-01-01-12_r04.mp4,5457041,0.367479,1,
write,write,,,video_small,mongo_gridfs,4,01-01-03-01-01-01-12_r04.mp4,5457041,0.047712,1,
write,write,,,video_small,polyglot,4,01-01-03-01-01-01-12_r04.mp4,5457041,0.042648,1,
write,write,,,video_small,pg_bytea,4,01-01-03-01-01-01-15_r04.mp4,5457041,0.151598,1,
write,write,,,video_small,polyglot,4,01-01-03-01-01-01-15_r04.mp4,5457041,0.044852,1,
write,write,,,video_small,mongo_gridfs,4,01-01-03-01-01-01-15_r04.mp4,5457041,0.043431,1,
write,write,,,video_small,pg_bytea,4,01-01-03-01-02-01-08_r04.mp4,5498397,0.149157,1,
write,write,,,video_small,polyglot,4,01-01-03-01-02-01-08_r04.mp4,5498397,0.050636,1,
write,write,,,video_small,mongo_gridfs,4,01-01-03-01-02-01-08_r04.mp4,5498397,0.043386,1,
write,write,,,video_small,pg_bytea,4,01-01-03-01-02-01-21_r04.mp4,5498397,0.154848,1,
write,write,,,video_small,polyglot,4,01-01-03-01-02-01-21_r04.mp4,5498397,0.055196,1,
write,write,,,video_small,mongo_gridfs,4,01-01-03-01-02-01-21_r04.mp4,5498397,0.079721,1,
write,write,,,video_small,mongo_gridfs,4,01-01-03-02-01-01-21_r04.mp4,5457041,0.043820,1,
write,write,,,video_small,polyglot,4,01-01-03-02-01-01-21_r04.mp4,5457041,0.045062,1,
write,write,,,video_small,pg_bytea,4,01-01-03-02-01-01-21_r04.mp4,5457041,0.166842,1,
write,write,,,video_small,polyglot,4,01-01-03-02-01-01-24_r04.mp4,5457041,0.060076,1,
write,write,,,video_small,mongo_gridfs,4,01-01-03-02-01-01-24_r04.mp4,5457041,0.041851,1,
write,write,,,video_small,pg_bytea,4,01-01-03-02-01-01-24_r04.mp4,5457041,0.150699,1,
write,write,,,video_small,polyglot,4,01-01-03-02-01-02-01_r04.mp4,5457041,0.044332,1,
write,write,,,video_small,pg_bytea,4,01-01-03-02-01-02-01_r04.mp4,5457041,0.150928,1,
write,write,,,video_small,mongo_gridfs,4,01-01-03-02-01-02-01_r04.mp4,5457041,0.050170,1,
write,write,,,video_small,mongo_gridfs,4,01-01-03-02-01-02-15_r04.mp4,5457041,0.048621,1,
write,write,,,video_small,polyglot,4,01-01-03-02-01-02-15_r04.mp4,5457041,0.050871,1,
write,write,,,video_small,pg_bytea,4,01-01-03-02-01-02-15_r04.mp4,5457041,0.155359,1,
write,write,,,video_small,mongo_gridfs,4,01-01-03-02-02-01-05_r04.mp4,5457041,0.047663,1,
write,write,,,video_small,polyglot,4,01-01-03-02-02-01-05_r04.mp4,5457041,0.046189,1,
write,write,,,video_small,pg_bytea,4,01-01-03-02-02-01-05_r04.mp4,5457041,0.179094,1,
write,write,,,video_small,pg_bytea,4,01-01-03-02-02-01-12_r04.mp4,5457041,0.152588,1,
write,write,,,video_small,polyglot,4,01-01-03-02-02-01-12_r04.mp4,5457041,0.042913,1,
write,write,,,video_small,mongo_gridfs,4,01-01-03-02-02-01-12_r04.mp4,5457041,0.039935,1,
write,write,,,video_small,pg_bytea,4,01-01-03-02-02-01-15_r04.mp4,5498397,0.153213,1,
write,write,,,video_small,polyglot,4,01-01-03-02-02-01-15_r04.mp4,5498397,0.045910,1,
write,write,,,video_small,mongo_gridfs,4,01-01-03-02-02-01-15_r04.mp4,5498397,0.046443,1,
write,write,,,video_small,mongo_gridfs,4,01-01-04-01-01-01-03_r04.mp4,5457041,0.048252,1,
write,write,,,video_small,polyglot,4,01-01-04-01-01-01-03_r04.mp4,5457041,0.044361,1,
write,write,,,video_small,pg_bytea,4,01-01-04-01-01-01-03_r04.mp4,5457041,0.148679,1,
write,write,,,video_small,mongo_gridfs,4,01-01-04-01-01-01-05_r04.mp4,5498397,0.043925,1,
write,write,,,video_small,pg_bytea,4,01-01-04-01-01-01-05_r04.mp4,5498397,0.166072,1,
write,write,,,video_small,polyglot,4,01-01-04-01-01-01-05_r04.mp4,5498397,0.043662,1,
write,write,,,video_small,pg_bytea,4,01-01-04-01-01-01-10_r04.mp4,5457041,0.150141,1,
write,write,,,video_small,polyglot,4,01-01-04-01-01-01-10_r04.mp4,5457041,0.054493,1,
write,write,,,video_small,mongo_gridfs,4,01-01-04-01-01-01-10_r04.mp4,5457041,0.040106,1,
write,write,,,video_small,mongo_gridfs,4,01-01-04-01-01-01-16_r04.mp4,5457041,0.044041,1,
write,write,,,video_small,pg_bytea,4,01-01-04-01-01-01-16_r04.mp4,5457041,0.167010,1,
write,write,,,video_small,polyglot,4,01-01-04-01-01-01-16_r04.mp4,5457041,0.049808,1,
write,write,,,video_small,polyglot,4,01-01-04-01-02-01-19_r04.mp4,5498397,0.055909,1,
write,write,,,video_small,mongo_gridfs,4,01-01-04-01-02-01-19_r04.mp4,5498397,0.048927,1,
write,write,,,video_small,pg_bytea,4,01-01-04-01-02-01-19_r04.mp4,5498397,0.179163,1,
write,write,,,video_small,polyglot,4,01-01-04-01-02-01-21_r04.mp4,5498397,0.048468,1,
write,write,,,video_small,pg_bytea,4,01-01-04-01-02-01-21_r04.mp4,5498397,0.427365,1,
write,write,,,video_small,mongo_gridfs,4,01-01-04-01-02-01-21_r04.mp4,5498397,0.049096,1,
write,write,,,video_small,mongo_gridfs,4,01-01-04-01-02-01-22_r04.mp4,5498397,0.041182,1,
write,write,,,video_small,polyglot,4,01-01-04-01-02-01-22_r04.mp4,5498397,0.043602,1,
write,write,,,video_small,pg_bytea,4,01-01-04-01-02-01-22_r04.mp4,5498397,0.162417,1,
write,write,,,video_small,polyglot,4,01-01-04-02-01-01-18_r04.mp4,5498397,0.049686,1,
write,write,,,video_small,mongo_gridfs,4,01-01-04-02-01-01-18_r04.mp4,5498397,0.047303,1,
write,write,,,video_small,pg_bytea,4,01-01-04-02-01-01-18_r04.mp4,5498397,0.158401,1,
write,write,,,video_small,pg_bytea,4,01-01-04-02-01-01-19_r04.mp4,5457041,0.156294,1,
write,write,,,video_small,mongo_gridfs,4,01-01-04-02-01-01-19_r04.mp4,5457041,0.043668,1,
write,write,,,video_small,polyglot,4,01-01-04-02-01-01-19_r04.mp4,5457041,0.042808,1,
write,write,,,video_small,polyglot,4,01-01-04-02-02-01-02_r04.mp4,5498397,0.045160,1,
write,write,,,video_small,mongo_gridfs,4,01-01-04-02-02-01-02_r04.mp4,5498397,0.042045,1,
write,write,,,video_small,pg_bytea,4,01-01-04-02-02-01-02_r04.mp4,5498397,0.145153,1,
write,write,,,video_small,pg_bytea,4,01-01-04-02-02-01-05_r04.mp4,5498397,0.143666,1,
write,write,,,video_small,polyglot,4,01-01-04-02-02-01-05_r04.mp4,5498397,0.056872,1,
write,write,,,video_small,mongo_gridfs,4,01-01-04-02-02-01-05_r04.mp4,5498397,0.051003,1,
write,write,,,video_small,polyglot,4,01-01-04-02-02-01-06_r04.mp4,5498397,0.042792,1,
write,write,,,video_small,mongo_gridfs,4,01-01-04-02-02-01-06_r04.mp4,5498397,0.046322,1,
write,write,,,video_small,pg_bytea,4,01-01-04-02-02-01-06_r04.mp4,5498397,0.131061,1,
write,write,,,video_small,mongo_gridfs,4,01-01-04-02-02-01-13_r04.mp4,5498397,0.041729,1,
write,write,,,video_small,polyglot,4,01-01-04-02-02-01-13_r04.mp4,5498397,0.046816,1,
write,write,,,video_small,pg_bytea,4,01-01-04-02-02-01-13_r04.mp4,5498397,0.166679,1,
write,write,,,video_small,polyglot,4,01-01-04-02-02-01-17_r04.mp4,5498397,0.053778,1,
write,write,,,video_small,mongo_gridfs,4,01-01-04-02-02-01-17_r04.mp4,5498397,0.045669,1,
write,write,,,video_small,pg_bytea,4,01-01-04-02-02-01-17_r04.mp4,5498397,0.159471,1,
write,write,,,video_small,pg_bytea,4,01-01-04-02-02-02-19_r04.mp4,5498397,0.138453,1,
write,write,,,video_small,polyglot,4,01-01-04-02-02-02-19_r04.mp4,5498397,0.050628,1,
write,write,,,video_small,mongo_gridfs,4,01-01-04-02-02-02-19_r04.mp4,5498397,0.046734,1,
write,write,,,video_small,pg_bytea,4,01-01-05-01-01-02-09_r04.mp4,5457041,0.135946,1,
write,write,,,video_small,mongo_gridfs,4,01-01-05-01-01-02-09_r04.mp4,5457041,0.053194,1,
write,write,,,video_small,polyglot,4,01-01-05-01-01-02-09_r04.mp4,5457041,0.058409,1,
write,write,,,video_small,pg_bytea,4,01-01-05-01-01-02-19_r04.mp4,5498397,0.147755,1,
write,write,,,video_small,polyglot,4,01-01-05-01-01-02-19_r04.mp4,5498397,0.050796,1,
write,write,,,video_small,mongo_gridfs,4,01-01-05-01-01-02-19_r04.mp4,5498397,0.046651,1,
write,write,,,video_small,pg_bytea,4,01-01-05-01-01-02-21_r04.mp4,5457041,0.162530,1,
write,write,,,video_small,polyglot,4,01-01-05-01-01-02-21_r04.mp4,5457041,0.044429,1,
write,write,,,video_small,mongo_gridfs,4,01-01-05-01-01-02-21_r04.mp4,5457041,0.042598,1,
write,write,,,video_small,pg_bytea,4,01-01-05-01-02-01-19_r04.mp4,5457041,0.162263,1,
write,write,,,video_small,mongo_gridfs,4,01-01-05-01-02-01-19_r04.mp4,5457041,0.045817,1,
write,write,,,video_small,polyglot,4,01-01-05-01-02-01-19_r04.mp4,5457041,0.052006,1,
write,write,,,video_small,mongo_gridfs,4,01-01-05-01-02-02-04_r04.mp4,5457041,0.042199,1,
write,write,,,video_small,pg_bytea,4,01-01-05-01-02-02-04_r04.mp4,5457041,0.225331,1,
write,write,,,video_small,polyglot,4,01-01-05-01-02-02-04_r04.mp4,5457041,0.042708,1,
write,write,,,video_small,polyglot,4,01-01-05-01-02-02-05_r04.mp4,5498397,0.045816,1,
write,write,,,video_small,pg_bytea,4,01-01-05-01-02-02-05_r04.mp4,5498397,0.305749,1,
write,write,,,video_small,mongo_gridfs,4,01-01-05-01-02-02-05_r04.mp4,5498397,0.045270,1,
write,write,,,video_small,mongo_gridfs,4,01-01-05-02-01-02-04_r04.mp4,5457041,0.048387,1,
write,write,,,video_small,pg_bytea,4,01-01-05-02-01-02-04_r04.mp4,5457041,0.146888,1,
write,write,,,video_small,polyglot,4,01-01-05-02-01-02-04_r04.mp4,5457041,0.049578,1,
write,write,,,video_small,polyglot,4,01-01-05-02-01-02-12_r04.mp4,5457041,0.049586,1,
write,write,,,video_small,mongo_gridfs,4,01-01-05-02-01-02-12_r04.mp4,5457041,0.040387,1,
write,write,,,video_small,pg_bytea,4,01-01-05-02-01-02-12_r04.mp4,5457041,0.153215,1,
write,write,,,video_small,pg_bytea,4,01-01-05-02-01-02-14_r04.mp4,5457041,0.140861,1,
write,write,,,video_small,mongo_gridfs,4,01-01-05-02-01-02-14_r04.mp4,5457041,0.066017,1,
write,write,,,video_small,polyglot,4,01-01-05-02-01-02-14_r04.mp4,5457041,0.058395,1,
write,write,,,video_small,mongo_gridfs,4,01-01-05-02-02-02-19_r04.mp4,5498397,0.045906,1,
write,write,,,video_small,polyglot,4,01-01-05-02-02-02-19_r04.mp4,5498397,0.050337,1,
write,write,,,video_small,pg_bytea,4,01-01-05-02-02-02-19_r04.mp4,5498397,0.212695,1,
write,write,,,video_small,pg_bytea,4,01-01-05-02-02-02-20_r04.mp4,5498397,0.147634,1,
write,write,,,video_small,mongo_gridfs,4,01-01-05-02-02-02-20_r04.mp4,5498397,0.043501,1,
write,write,,,video_small,polyglot,4,01-01-05-02-02-02-20_r04.mp4,5498397,0.050018,1,
write,write,,,video_small,pg_bytea,4,01-01-05-02-02-02-23_r04.mp4,5457041,0.654019,1,
write,write,,,video_small,mongo_gridfs,4,01-01-05-02-02-02-23_r04.mp4,5457041,0.056387,1,
write,write,,,video_small,polyglot,4,01-01-05-02-02-02-23_r04.mp4,5457041,0.045917,1,
write,write,,,video_small,polyglot,4,01-01-06-01-01-01-08_r04.mp4,5457041,0.046653,1,
write,write,,,video_small,mongo_gridfs,4,01-01-06-01-01-01-08_r04.mp4,5457041,0.048787,1,
write,write,,,video_small,pg_bytea,4,01-01-06-01-01-01-08_r04.mp4,5457041,0.151750,1,
write,write,,,video_small,pg_bytea,4,01-01-06-01-01-01-19_r04.mp4,5457041,0.165884,1,
write,write,,,video_small,polyglot,4,01-01-06-01-01-01-19_r04.mp4,5457041,0.051246,1,
write,write,,,video_small,mongo_gridfs,4,01-01-06-01-01-01-19_r04.mp4,5457041,0.087989,1,
write,write,,,video_small,mongo_gridfs,4,01-01-06-01-01-01-24_r04.mp4,5498397,0.069385,1,
write,write,,,video_small,polyglot,4,01-01-06-01-01-01-24_r04.mp4,5498397,0.079202,1,
write,write,,,video_small,pg_bytea,4,01-01-06-01-01-01-24_r04.mp4,5498397,0.185548,1,
write,write,,,video_medium,pg_bytea,4,tsinghua_v_0024_r04.mp4,13091522,0.420333,1,
write,write,,,video_medium,mongo_gridfs,4,tsinghua_v_0024_r04.mp4,13091522,0.108881,1,
write,write,,,video_medium,polyglot,4,tsinghua_v_0024_r04.mp4,13091522,0.103462,1,
write,write,,,video_medium,polyglot,4,tsinghua_v_0046_r04.mp4,13091522,0.121035,1,
write,write,,,video_medium,pg_bytea,4,tsinghua_v_0046_r04.mp4,13091522,0.369627,1,
write,write,,,video_medium,mongo_gridfs,4,tsinghua_v_0046_r04.mp4,13091522,0.101616,1,
write,write,,,video_medium,polyglot,4,tsinghua_v_0076_r04.mp4,13091522,0.095772,1,
write,write,,,video_medium,pg_bytea,4,tsinghua_v_0076_r04.mp4,13091522,0.357575,1,
write,write,,,video_medium,mongo_gridfs,4,tsinghua_v_0076_r04.mp4,13091522,0.107910,1,
write,write,,,video_medium,pg_bytea,4,tsinghua_v_0080_r04.mp4,13091522,0.397090,1,
write,write,,,video_medium,mongo_gridfs,4,tsinghua_v_0080_r04.mp4,13091522,0.102799,1,
write,write,,,video_medium,polyglot,4,tsinghua_v_0080_r04.mp4,13091522,0.103603,1,
write,write,,,video_medium,polyglot,4,tsinghua_v_0109_r04.mp4,13091522,0.120069,1,
write,write,,,video_medium,mongo_gridfs,4,tsinghua_v_0109_r04.mp4,13091522,0.135720,1,
write,write,,,video_medium,pg_bytea,4,tsinghua_v_0109_r04.mp4,13091522,0.406492,1,
write,write,,,video_medium,pg_bytea,4,tsinghua_v_0123_r04.mp4,13091522,0.401199,1,
write,write,,,video_medium,polyglot,4,tsinghua_v_0123_r04.mp4,13091522,0.110246,1,
write,write,,,video_medium,mongo_gridfs,4,tsinghua_v_0123_r04.mp4,13091522,0.102834,1,
write,write,,,video_medium,mongo_gridfs,4,tsinghua_v_0130_r04.mp4,13091522,0.112244,1,
write,write,,,video_medium,pg_bytea,4,tsinghua_v_0130_r04.mp4,13091522,0.602482,1,
write,write,,,video_medium,polyglot,4,tsinghua_v_0130_r04.mp4,13091522,0.099145,1,
write,write,,,video_medium,polyglot,4,tsinghua_v_0135_r04.mp4,13091522,0.094042,1,
write,write,,,video_medium,pg_bytea,4,tsinghua_v_0135_r04.mp4,13091522,0.422362,1,
write,write,,,video_medium,mongo_gridfs,4,tsinghua_v_0135_r04.mp4,13091522,0.105003,1,
write,write,,,video_medium,polyglot,4,tsinghua_v_0137_r04.mp4,13091522,0.110165,1,
write,write,,,video_medium,mongo_gridfs,4,tsinghua_v_0137_r04.mp4,13091522,0.108156,1,
write,write,,,video_medium,pg_bytea,4,tsinghua_v_0137_r04.mp4,13091522,0.359526,1,
write,write,,,video_medium,polyglot,4,tsinghua_v_0140_r04.mp4,13091522,0.141882,1,
write,write,,,video_medium,mongo_gridfs,4,tsinghua_v_0140_r04.mp4,13091522,0.106463,1,
write,write,,,video_medium,pg_bytea,4,tsinghua_v_0140_r04.mp4,13091522,0.408980,1,
write,write,,,video_medium,pg_bytea,4,tsinghua_v_0151_r04.mp4,13091522,0.338884,1,
write,write,,,video_medium,mongo_gridfs,4,tsinghua_v_0151_r04.mp4,13091522,0.110177,1,
write,write,,,video_medium,polyglot,4,tsinghua_v_0151_r04.mp4,13091522,0.122240,1,
write,write,,,video_medium,mongo_gridfs,4,tsinghua_v_0157_r04.mp4,13091522,0.107722,1,
write,write,,,video_medium,polyglot,4,tsinghua_v_0157_r04.mp4,13091522,0.119596,1,
write,write,,,video_medium,pg_bytea,4,tsinghua_v_0157_r04.mp4,13091522,0.366190,1,
write,write,,,video_medium,pg_bytea,4,tsinghua_v_0209_r04.mp4,13091522,0.360016,1,
write,write,,,video_medium,polyglot,4,tsinghua_v_0209_r04.mp4,13091522,0.106234,1,
write,write,,,video_medium,mongo_gridfs,4,tsinghua_v_0209_r04.mp4,13091522,0.100352,1,
write,write,,,video_medium,pg_bytea,4,tsinghua_v_0226_r04.mp4,13091522,0.357622,1,
write,write,,,video_medium,polyglot,4,tsinghua_v_0226_r04.mp4,13091522,0.103057,1,
write,write,,,video_medium,mongo_gridfs,4,tsinghua_v_0226_r04.mp4,13091522,0.102862,1,
write,write,,,video_medium,pg_bytea,4,tsinghua_v_0236_r04.mp4,13091522,0.358260,1,
write,write,,,video_medium,polyglot,4,tsinghua_v_0236_r04.mp4,13091522,0.097241,1,
write,write,,,video_medium,mongo_gridfs,4,tsinghua_v_0236_r04.mp4,13091522,0.108880,1,
write,write,,,video_medium,mongo_gridfs,4,tsinghua_v_0274_r04.mp4,13091522,0.113325,1,
write,write,,,video_medium,polyglot,4,tsinghua_v_0274_r04.mp4,13091522,0.232065,1,
write,write,,,video_medium,pg_bytea,4,tsinghua_v_0274_r04.mp4,13091522,0.393594,1,
write,write,,,video_medium,pg_bytea,4,tsinghua_v_0280_r04.mp4,13091522,0.370953,1,
write,write,,,video_medium,polyglot,4,tsinghua_v_0280_r04.mp4,13091522,0.108957,1,
write,write,,,video_medium,mongo_gridfs,4,tsinghua_v_0280_r04.mp4,13091522,0.109521,1,
write,write,,,video_medium,mongo_gridfs,4,tsinghua_v_0302_r04.mp4,13091522,0.114832,1,
write,write,,,video_medium,pg_bytea,4,tsinghua_v_0302_r04.mp4,13091522,0.369244,1,
write,write,,,video_medium,polyglot,4,tsinghua_v_0302_r04.mp4,13091522,0.101419,1,
write,write,,,video_medium,pg_bytea,4,tsinghua_v_0311_r04.mp4,13091522,0.327108,1,
write,write,,,video_medium,polyglot,4,tsinghua_v_0311_r04.mp4,13091522,0.097820,1,
write,write,,,video_medium,mongo_gridfs,4,tsinghua_v_0311_r04.mp4,13091522,0.121300,1,
write,write,,,video_medium,pg_bytea,4,tsinghua_v_0316_r04.mp4,13091522,0.507574,1,
write,write,,,video_medium,mongo_gridfs,4,tsinghua_v_0316_r04.mp4,13091522,0.106173,1,
write,write,,,video_medium,polyglot,4,tsinghua_v_0316_r04.mp4,13091522,0.109702,1,
write,write,,,video_medium,pg_bytea,4,tsinghua_v_0319_r04.mp4,13091522,0.377713,1,
write,write,,,video_medium,mongo_gridfs,4,tsinghua_v_0319_r04.mp4,13091522,0.105945,1,
write,write,,,video_medium,polyglot,4,tsinghua_v_0319_r04.mp4,13091522,0.101668,1,
write,write,,,video_medium,polyglot,4,tsinghua_v_0321_r04.mp4,13091522,0.120936,1,
write,write,,,video_medium,pg_bytea,4,tsinghua_v_0321_r04.mp4,13091522,0.347378,1,
write,write,,,video_medium,mongo_gridfs,4,tsinghua_v_0321_r04.mp4,13091522,0.124732,1,
write,write,,,video_medium,polyglot,4,tsinghua_v_0331_r04.mp4,13091522,0.132763,1,
write,write,,,video_medium,mongo_gridfs,4,tsinghua_v_0331_r04.mp4,13091522,0.130682,1,
write,write,,,video_medium,pg_bytea,4,tsinghua_v_0331_r04.mp4,13091522,0.332475,1,
write,write,,,video_medium,mongo_gridfs,4,tsinghua_v_0345_r04.mp4,13091522,0.205550,1,
write,write,,,video_medium,pg_bytea,4,tsinghua_v_0345_r04.mp4,13091522,0.467835,1,
write,write,,,video_medium,polyglot,4,tsinghua_v_0345_r04.mp4,13091522,0.103546,1,
write,write,,,video_medium,polyglot,4,tsinghua_v_0356_r04.mp4,13091522,0.115507,1,
write,write,,,video_medium,pg_bytea,4,tsinghua_v_0356_r04.mp4,13091522,0.376605,1,
write,write,,,video_medium,mongo_gridfs,4,tsinghua_v_0356_r04.mp4,13091522,0.105484,1,
write,write,,,video_medium,pg_bytea,4,tsinghua_v_0357_r04.mp4,13091522,0.362308,1,
write,write,,,video_medium,mongo_gridfs,4,tsinghua_v_0357_r04.mp4,13091522,0.099015,1,
write,write,,,video_medium,polyglot,4,tsinghua_v_0357_r04.mp4,13091522,0.106807,1,
write,write,,,video_medium,mongo_gridfs,4,tsinghua_v_0379_r04.mp4,13091522,0.101761,1,
write,write,,,video_medium,pg_bytea,4,tsinghua_v_0379_r04.mp4,13091522,0.371224,1,
write,write,,,video_medium,polyglot,4,tsinghua_v_0379_r04.mp4,13091522,0.150857,1,
write,write,,,video_medium,mongo_gridfs,4,tsinghua_v_0393_r04.mp4,13091522,0.111809,1,
write,write,,,video_medium,pg_bytea,4,tsinghua_v_0393_r04.mp4,13091522,0.363217,1,
write,write,,,video_medium,polyglot,4,tsinghua_v_0393_r04.mp4,13091522,0.105087,1,
write,write,,,video_medium,mongo_gridfs,4,tsinghua_v_0421_r04.mp4,13091522,0.148654,1,
write,write,,,video_medium,polyglot,4,tsinghua_v_0421_r04.mp4,13091522,0.120209,1,
write,write,,,video_medium,pg_bytea,4,tsinghua_v_0421_r04.mp4,13091522,0.327759,1,
write,write,,,video_medium,pg_bytea,4,tsinghua_v_0424_r04.mp4,13091522,0.336293,1,
write,write,,,video_medium,polyglot,4,tsinghua_v_0424_r04.mp4,13091522,0.098479,1,
write,write,,,video_medium,mongo_gridfs,4,tsinghua_v_0424_r04.mp4,13091522,0.099744,1,
write,write,,,video_medium,pg_bytea,4,tsinghua_v_0427_r04.mp4,13091522,0.360711,1,
write,write,,,video_medium,polyglot,4,tsinghua_v_0427_r04.mp4,13091522,0.098504,1,
write,write,,,video_medium,mongo_gridfs,4,tsinghua_v_0427_r04.mp4,13091522,0.103530,1,
write,write,,,video_medium,pg_bytea,4,tsinghua_v_0431_r04.mp4,13091522,0.564967,1,
write,write,,,video_medium,polyglot,4,tsinghua_v_0431_r04.mp4,13091522,0.113816,1,
write,write,,,video_medium,mongo_gridfs,4,tsinghua_v_0431_r04.mp4,13091522,0.107403,1,
write,write,,,video_medium,pg_bytea,4,tsinghua_v_0452_r04.mp4,13091522,0.359801,1,
write,write,,,video_medium,mongo_gridfs,4,tsinghua_v_0452_r04.mp4,13091522,0.114709,1,
write,write,,,video_medium,polyglot,4,tsinghua_v_0452_r04.mp4,13091522,0.114331,1,
write,write,,,video_medium,polyglot,4,tsinghua_v_0454_r04.mp4,13091522,0.105381,1,
write,write,,,video_medium,pg_bytea,4,tsinghua_v_0454_r04.mp4,13091522,0.364507,1,
write,write,,,video_medium,mongo_gridfs,4,tsinghua_v_0454_r04.mp4,13091522,0.099849,1,
write,write,,,video_medium,mongo_gridfs,4,tsinghua_v_0457_r04.mp4,13091522,0.102972,1,
write,write,,,video_medium,polyglot,4,tsinghua_v_0457_r04.mp4,13091522,0.107823,1,
write,write,,,video_medium,pg_bytea,4,tsinghua_v_0457_r04.mp4,13091522,0.356940,1,
write,write,,,video_medium,pg_bytea,4,tsinghua_v_0466_r04.mp4,13091522,0.340954,1,
write,write,,,video_medium,mongo_gridfs,4,tsinghua_v_0466_r04.mp4,13091522,0.112186,1,
write,write,,,video_medium,polyglot,4,tsinghua_v_0466_r04.mp4,13091522,0.097203,1,
write,write,,,video_medium,mongo_gridfs,4,tsinghua_v_0471_r04.mp4,13091522,0.117942,1,
write,write,,,video_medium,pg_bytea,4,tsinghua_v_0471_r04.mp4,13091522,0.357689,1,
write,write,,,video_medium,polyglot,4,tsinghua_v_0471_r04.mp4,13091522,0.099966,1,
write,write,,,video_medium,mongo_gridfs,4,tsinghua_v_0472_r04.mp4,13091522,0.104545,1,
write,write,,,video_medium,polyglot,4,tsinghua_v_0472_r04.mp4,13091522,0.102091,1,
write,write,,,video_medium,pg_bytea,4,tsinghua_v_0472_r04.mp4,13091522,0.388402,1,
write,write,,,video_medium,polyglot,4,tsinghua_v_0494_r04.mp4,13091522,0.116037,1,
write,write,,,video_medium,pg_bytea,4,tsinghua_v_0494_r04.mp4,13091522,0.397151,1,
write,write,,,video_medium,mongo_gridfs,4,tsinghua_v_0494_r04.mp4,13091522,0.104113,1,
write,write,,,video_medium,polyglot,4,tsinghua_v_0503_r04.mp4,13091522,0.095249,1,
write,write,,,video_medium,pg_bytea,4,tsinghua_v_0503_r04.mp4,13091522,0.618715,1,
write,write,,,video_medium,mongo_gridfs,4,tsinghua_v_0503_r04.mp4,13091522,0.102595,1,
write,write,,,video_medium,polyglot,4,tsinghua_v_0509_r04.mp4,13091522,0.102026,1,
write,write,,,video_medium,pg_bytea,4,tsinghua_v_0509_r04.mp4,13091522,0.335616,1,
write,write,,,video_medium,mongo_gridfs,4,tsinghua_v_0509_r04.mp4,13091522,0.100422,1,
write,write,,,video_medium,mongo_gridfs,4,tsinghua_v_0523_r04.mp4,13091522,0.110181,1,
write,write,,,video_medium,pg_bytea,4,tsinghua_v_0523_r04.mp4,13091522,0.347360,1,
write,write,,,video_medium,polyglot,4,tsinghua_v_0523_r04.mp4,13091522,0.117820,1,
write,write,,,video_medium,mongo_gridfs,4,tsinghua_v_0546_r04.mp4,13091522,0.103319,1,
write,write,,,video_medium,pg_bytea,4,tsinghua_v_0546_r04.mp4,13091522,0.344962,1,
write,write,,,video_medium,polyglot,4,tsinghua_v_0546_r04.mp4,13091522,0.112403,1,
write,write,,,video_medium,pg_bytea,4,tsinghua_v_0568_r04.mp4,13091522,0.347652,1,
write,write,,,video_medium,polyglot,4,tsinghua_v_0568_r04.mp4,13091522,0.098435,1,
write,write,,,video_medium,mongo_gridfs,4,tsinghua_v_0568_r04.mp4,13091522,0.102656,1,
write,write,,,video_medium,polyglot,4,tsinghua_v_0594_r04.mp4,13091522,0.115311,1,
write,write,,,video_medium,mongo_gridfs,4,tsinghua_v_0594_r04.mp4,13091522,0.169496,1,
write,write,,,video_medium,pg_bytea,4,tsinghua_v_0594_r04.mp4,13091522,0.369896,1,
write,write,,,video_medium,mongo_gridfs,4,tsinghua_v_0596_r04.mp4,13091522,0.093509,1,
write,write,,,video_medium,pg_bytea,4,tsinghua_v_0596_r04.mp4,13091522,0.393033,1,
write,write,,,video_medium,polyglot,4,tsinghua_v_0596_r04.mp4,13091522,0.126742,1,
write,write,,,video_medium,pg_bytea,4,tsinghua_v_0635_r04.mp4,13091522,0.618363,1,
write,write,,,video_medium,polyglot,4,tsinghua_v_0635_r04.mp4,13091522,0.115247,1,
write,write,,,video_medium,mongo_gridfs,4,tsinghua_v_0635_r04.mp4,13091522,0.104018,1,
write,write,,,video_medium,pg_bytea,4,tsinghua_v_0653_r04.mp4,13091522,0.372428,1,
write,write,,,video_medium,mongo_gridfs,4,tsinghua_v_0653_r04.mp4,13091522,0.109709,1,
write,write,,,video_medium,polyglot,4,tsinghua_v_0653_r04.mp4,13091522,0.114657,1,
write,write,,,video_medium,mongo_gridfs,4,tsinghua_v_0667_r04.mp4,13091522,0.117035,1,
write,write,,,video_medium,pg_bytea,4,tsinghua_v_0667_r04.mp4,13091522,0.447929,1,
write,write,,,video_medium,polyglot,4,tsinghua_v_0667_r04.mp4,13091522,0.301663,1,
write,write,,,video_medium,pg_bytea,4,tsinghua_v_0673_r04.mp4,13091522,0.359276,1,
write,write,,,video_medium,polyglot,4,tsinghua_v_0673_r04.mp4,13091522,0.122450,1,
write,write,,,video_medium,mongo_gridfs,4,tsinghua_v_0673_r04.mp4,13091522,0.122740,1,
write,write,,,video_medium,pg_bytea,4,tsinghua_v_0681_r04.mp4,13091522,0.441785,1,
write,write,,,video_medium,mongo_gridfs,4,tsinghua_v_0681_r04.mp4,13091522,0.107894,1,
write,write,,,video_medium,polyglot,4,tsinghua_v_0681_r04.mp4,13091522,0.135416,1,
write,write,,,video_medium,mongo_gridfs,4,tsinghua_v_0690_r04.mp4,13091522,0.132168,1,
write,write,,,video_medium,pg_bytea,4,tsinghua_v_0690_r04.mp4,13091522,0.740252,1,
write,write,,,video_medium,polyglot,4,tsinghua_v_0690_r04.mp4,13091522,0.125346,1,
write,write,,,video_medium,pg_bytea,4,tsinghua_v_0692_r04.mp4,13091522,0.412130,1,
write,write,,,video_medium,polyglot,4,tsinghua_v_0692_r04.mp4,13091522,0.110067,1,
write,write,,,video_medium,mongo_gridfs,4,tsinghua_v_0692_r04.mp4,13091522,0.239467,1,
write,write,,,video_medium,pg_bytea,4,tsinghua_v_0696_r04.mp4,13091522,1.536896,1,
write,write,,,video_medium,polyglot,4,tsinghua_v_0696_r04.mp4,13091522,0.108843,1,
write,write,,,video_medium,mongo_gridfs,4,tsinghua_v_0696_r04.mp4,13091522,0.275783,1,
write,write,,,video_medium,pg_bytea,4,tsinghua_v_0734_r04.mp4,13091522,0.404761,1,
write,write,,,video_medium,polyglot,4,tsinghua_v_0734_r04.mp4,13091522,0.115390,1,
write,write,,,video_medium,mongo_gridfs,4,tsinghua_v_0734_r04.mp4,13091522,0.104458,1,
write,write,,,video_medium,polyglot,4,tsinghua_v_0737_r04.mp4,13091522,0.198833,1,
write,write,,,video_medium,mongo_gridfs,4,tsinghua_v_0737_r04.mp4,13091522,0.259903,1,
write,write,,,video_medium,pg_bytea,4,tsinghua_v_0737_r04.mp4,13091522,0.415055,1,
write,write,,,video_medium,mongo_gridfs,4,tsinghua_v_0744_r04.mp4,13091522,0.116367,1,
write,write,,,video_medium,pg_bytea,4,tsinghua_v_0744_r04.mp4,13091522,0.417691,1,
write,write,,,video_medium,polyglot,4,tsinghua_v_0744_r04.mp4,13091522,0.108949,1,
write,write,,,video_medium,pg_bytea,4,tsinghua_v_0745_r04.mp4,13091522,0.420987,1,
write,write,,,video_medium,polyglot,4,tsinghua_v_0745_r04.mp4,13091522,0.124649,1,
write,write,,,video_medium,mongo_gridfs,4,tsinghua_v_0745_r04.mp4,13091522,0.104115,1,
write,write,,,video_medium,mongo_gridfs,4,tsinghua_v_0769_r04.mp4,13091522,0.147622,1,
write,write,,,video_medium,pg_bytea,4,tsinghua_v_0769_r04.mp4,13091522,0.928181,1,
write,write,,,video_medium,polyglot,4,tsinghua_v_0769_r04.mp4,13091522,0.117706,1,
write,write,,,video_medium,polyglot,4,tsinghua_v_0791_r04.mp4,13091522,0.145005,1,
write,write,,,video_medium,pg_bytea,4,tsinghua_v_0791_r04.mp4,13091522,0.531740,1,
write,write,,,video_medium,mongo_gridfs,4,tsinghua_v_0791_r04.mp4,13091522,0.271333,1,
write,write,,,video_medium,mongo_gridfs,4,tsinghua_v_0792_r04.mp4,13091522,0.109997,1,
write,write,,,video_medium,polyglot,4,tsinghua_v_0792_r04.mp4,13091522,0.126345,1,
write,write,,,video_medium,pg_bytea,4,tsinghua_v_0792_r04.mp4,13091522,0.780296,1,
write,write,,,video_medium,mongo_gridfs,4,tsinghua_v_0857_r04.mp4,13091522,0.271572,1,
write,write,,,video_medium,polyglot,4,tsinghua_v_0857_r04.mp4,13091522,0.149571,1,
write,write,,,video_medium,pg_bytea,4,tsinghua_v_0857_r04.mp4,13091522,1.282079,1,
write,write,,,video_medium,mongo_gridfs,4,tsinghua_v_0866_r04.mp4,13091522,0.139130,1,
write,write,,,video_medium,pg_bytea,4,tsinghua_v_0866_r04.mp4,13091522,0.452595,1,
write,write,,,video_medium,polyglot,4,tsinghua_v_0866_r04.mp4,13091522,0.102979,1,
write,write,,,video_medium,mongo_gridfs,4,tsinghua_v_0880_r04.mp4,13091522,0.121712,1,
write,write,,,video_medium,polyglot,4,tsinghua_v_0880_r04.mp4,13091522,0.155548,1,
write,write,,,video_medium,pg_bytea,4,tsinghua_v_0880_r04.mp4,13091522,0.500861,1,
write,write,,,video_medium,polyglot,4,tsinghua_v_0888_r04.mp4,13091522,0.104535,1,
write,write,,,video_medium,mongo_gridfs,4,tsinghua_v_0888_r04.mp4,13091522,0.099451,1,
write,write,,,video_medium,pg_bytea,4,tsinghua_v_0888_r04.mp4,13091522,0.478119,1,
write,write,,,video_medium,pg_bytea,4,tsinghua_v_0901_r04.mp4,13091522,0.455772,1,
write,write,,,video_medium,polyglot,4,tsinghua_v_0901_r04.mp4,13091522,0.127048,1,
write,write,,,video_medium,mongo_gridfs,4,tsinghua_v_0901_r04.mp4,13091522,0.128768,1,
write,write,,,video_medium,polyglot,4,tsinghua_v_0937_r04.mp4,13091522,0.121391,1,
write,write,,,video_medium,pg_bytea,4,tsinghua_v_0937_r04.mp4,13091522,0.411129,1,
write,write,,,video_medium,mongo_gridfs,4,tsinghua_v_0937_r04.mp4,13091522,0.102758,1,
write,write,,,video_medium,mongo_gridfs,4,tsinghua_v_0939_r04.mp4,13091522,0.159810,1,
write,write,,,video_medium,polyglot,4,tsinghua_v_0939_r04.mp4,13091522,0.122030,1,
write,write,,,video_medium,pg_bytea,4,tsinghua_v_0939_r04.mp4,13091522,0.398167,1,
write,write,,,video_medium,polyglot,4,tsinghua_v_0961_r04.mp4,13091522,0.110601,1,
write,write,,,video_medium,mongo_gridfs,4,tsinghua_v_0961_r04.mp4,13091522,0.122980,1,
write,write,,,video_medium,pg_bytea,4,tsinghua_v_0961_r04.mp4,13091522,0.605986,1,
write,write,,,video_medium,polyglot,4,tsinghua_v_0977_r04.mp4,13091522,0.166525,1,
write,write,,,video_medium,mongo_gridfs,4,tsinghua_v_0977_r04.mp4,13091522,0.101395,1,
write,write,,,video_medium,pg_bytea,4,tsinghua_v_0977_r04.mp4,13091522,0.916708,1,
write,write,,,audio_small,polyglot,5,03-01-01-01-01-02-19_r05.wav,375720,0.063293,1,
write,write,,,audio_small,pg_bytea,5,03-01-01-01-01-02-19_r05.wav,375720,0.057483,1,
write,write,,,audio_small,mongo_gridfs,5,03-01-01-01-01-02-19_r05.wav,375720,0.009210,1,
write,write,,,audio_small,polyglot,5,03-01-01-01-02-02-05_r05.wav,396294,0.060880,1,
write,write,,,audio_small,pg_bytea,5,03-01-01-01-02-02-05_r05.wav,396294,0.021317,1,
write,write,,,audio_small,mongo_gridfs,5,03-01-01-01-02-02-05_r05.wav,396294,0.005154,1,
write,write,,,audio_small,mongo_gridfs,5,03-01-01-01-02-02-06_r05.wav,363108,0.017649,1,
write,write,,,audio_small,polyglot,5,03-01-01-01-02-02-06_r05.wav,363108,0.005296,1,
write,write,,,audio_small,pg_bytea,5,03-01-01-01-02-02-06_r05.wav,363108,0.017590,1,
write,write,,,audio_small,pg_bytea,5,03-01-01-01-02-02-07_r05.wav,363108,0.009365,1,
write,write,,,audio_small,mongo_gridfs,5,03-01-01-01-02-02-07_r05.wav,363108,0.004618,1,
write,write,,,audio_small,polyglot,5,03-01-01-01-02-02-07_r05.wav,363108,0.004260,1,
write,write,,,audio_small,polyglot,5,03-01-01-01-02-02-11_r05.wav,375720,0.004505,1,
write,write,,,audio_small,mongo_gridfs,5,03-01-01-01-02-02-11_r05.wav,375720,0.003686,1,
write,write,,,audio_small,pg_bytea,5,03-01-01-01-02-02-11_r05.wav,375720,0.014985,1,
write,write,,,audio_small,polyglot,5,03-01-01-01-02-02-12_r05.wav,372698,0.004620,1,
write,write,,,audio_small,pg_bytea,5,03-01-01-01-02-02-12_r05.wav,372698,0.008739,1,
write,write,,,audio_small,mongo_gridfs,5,03-01-01-01-02-02-12_r05.wav,372698,0.004025,1,
write,write,,,audio_small,polyglot,5,03-01-01-01-02-02-13_r05.wav,363108,0.004065,1,
write,write,,,audio_small,mongo_gridfs,5,03-01-01-01-02-02-13_r05.wav,363108,0.003803,1,
write,write,,,audio_small,pg_bytea,5,03-01-01-01-02-02-13_r05.wav,363108,0.009232,1,
write,write,,,audio_small,polyglot,5,03-01-01-02-01-02-05_r05.wav,393086,0.051337,1,
write,write,,,audio_small,mongo_gridfs,5,03-01-01-02-01-02-05_r05.wav,393086,0.009449,1,
write,write,,,audio_small,pg_bytea,5,03-01-01-02-01-02-05_r05.wav,393086,0.010670,1,
write,write,,,audio_small,polyglot,5,03-01-01-02-01-02-06_r05.wav,363108,0.005435,1,
write,write,,,audio_small,pg_bytea,5,03-01-01-02-01-02-06_r05.wav,363108,0.012150,1,
write,write,,,audio_small,mongo_gridfs,5,03-01-01-02-01-02-06_r05.wav,363108,0.007259,1,
write,write,,,audio_small,polyglot,5,03-01-01-02-01-02-07_r05.wav,372698,0.006950,1,
write,write,,,audio_small,pg_bytea,5,03-01-01-02-01-02-07_r05.wav,372698,0.010346,1,
write,write,,,audio_small,mongo_gridfs,5,03-01-01-02-01-02-07_r05.wav,372698,0.004975,1,
write,write,,,audio_small,mongo_gridfs,5,03-01-01-02-01-02-13_r05.wav,399494,0.007061,1,
write,write,,,audio_small,pg_bytea,5,03-01-01-02-01-02-13_r05.wav,399494,0.009779,1,
write,write,,,audio_small,polyglot,5,03-01-01-02-01-02-13_r05.wav,399494,0.005133,1,
write,write,,,audio_small,polyglot,5,03-01-01-02-02-02-19_r05.wav,372698,0.014025,1,
write,write,,,audio_small,pg_bytea,5,03-01-01-02-02-02-19_r05.wav,372698,0.011785,1,
write,write,,,audio_small,mongo_gridfs,5,03-01-01-02-02-02-19_r05.wav,372698,0.009260,1,
write,write,,,audio_small,polyglot,5,03-01-02-01-01-01-19_r05.wav,372698,0.005319,1,
write,write,,,audio_small,mongo_gridfs,5,03-01-02-01-01-01-19_r05.wav,372698,0.017163,1,
write,write,,,audio_small,pg_bytea,5,03-01-02-01-01-01-19_r05.wav,372698,0.012546,1,
write,write,,,audio_small,mongo_gridfs,5,03-01-02-01-02-01-06_r05.wav,363108,0.004139,1,
write,write,,,audio_small,pg_bytea,5,03-01-02-01-02-01-06_r05.wav,363108,0.010598,1,
write,write,,,audio_small,polyglot,5,03-01-02-01-02-01-06_r05.wav,363108,0.014040,1,
write,write,,,audio_small,mongo_gridfs,5,03-01-02-01-02-01-07_r05.wav,399494,0.004204,1,
write,write,,,audio_small,pg_bytea,5,03-01-02-01-02-01-07_r05.wav,399494,0.010262,1,
write,write,,,audio_small,polyglot,5,03-01-02-01-02-01-07_r05.wav,399494,0.005296,1,
write,write,,,audio_small,mongo_gridfs,5,03-01-02-01-02-01-11_r05.wav,375720,0.007893,1,
write,write,,,audio_small,pg_bytea,5,03-01-02-01-02-01-11_r05.wav,375720,0.010449,1,
write,write,,,audio_small,polyglot,5,03-01-02-01-02-01-11_r05.wav,375720,0.016574,1,
write,write,,,audio_small,pg_bytea,5,03-01-02-01-02-01-12_r05.wav,372698,0.017975,1,
write,write,,,audio_small,mongo_gridfs,5,03-01-02-01-02-01-12_r05.wav,372698,0.051933,1,
write,write,,,audio_small,polyglot,5,03-01-02-01-02-01-12_r05.wav,372698,0.004359,1,
write,write,,,audio_small,polyglot,5,03-01-02-01-02-01-13_r05.wav,379106,0.024767,1,
write,write,,,audio_small,pg_bytea,5,03-01-02-01-02-01-13_r05.wav,379106,0.013845,1,
write,write,,,audio_small,mongo_gridfs,5,03-01-02-01-02-01-13_r05.wav,379106,0.020157,1,
write,write,,,audio_small,pg_bytea,5,03-01-02-02-01-01-05_r05.wav,363108,0.010220,1,
write,write,,,audio_small,mongo_gridfs,5,03-01-02-02-01-01-05_r05.wav,363108,0.005330,1,
write,write,,,audio_small,polyglot,5,03-01-02-02-01-01-05_r05.wav,363108,0.005271,1,
write,write,,,audio_small,mongo_gridfs,5,03-01-02-02-01-01-11_r05.wav,363108,0.003720,1,
write,write,,,audio_small,pg_bytea,5,03-01-02-02-01-01-11_r05.wav,363108,0.016484,1,
write,write,,,audio_small,polyglot,5,03-01-02-02-01-01-11_r05.wav,363108,0.013201,1,
write,write,,,audio_small,mongo_gridfs,5,03-01-02-02-01-01-12_r05.wav,399494,0.010180,1,
write,write,,,audio_small,pg_bytea,5,03-01-02-02-01-01-12_r05.wav,399494,0.036537,1,
write,write,,,audio_small,polyglot,5,03-01-02-02-01-01-12_r05.wav,399494,0.043116,1,
write,write,,,audio_small,mongo_gridfs,5,03-01-02-02-01-01-13_r05.wav,399494,0.005223,1,
write,write,,,audio_small,polyglot,5,03-01-02-02-01-01-13_r05.wav,399494,0.026418,1,
write,write,,,audio_small,pg_bytea,5,03-01-02-02-01-01-13_r05.wav,399494,0.032904,1,
write,write,,,audio_small,mongo_gridfs,5,03-01-02-02-02-01-19_r05.wav,379106,0.154373,1,
write,write,,,audio_small,pg_bytea,5,03-01-02-02-02-01-19_r05.wav,379106,0.032806,1,
write,write,,,audio_small,polyglot,5,03-01-02-02-02-01-19_r05.wav,379106,0.005010,1,
write,write,,,audio_small,pg_bytea,5,03-01-03-01-01-02-05_r05.wav,396294,0.024148,1,
write,write,,,audio_small,polyglot,5,03-01-03-01-01-02-05_r05.wav,396294,0.005199,1,
write,write,,,audio_small,mongo_gridfs,5,03-01-03-01-01-02-05_r05.wav,396294,0.007225,1,
write,write,,,audio_small,polyglot,5,03-01-03-01-01-02-07_r05.wav,393086,0.013724,1,
write,write,,,audio_small,mongo_gridfs,5,03-01-03-01-01-02-07_r05.wav,393086,0.007328,1,
write,write,,,audio_small,pg_bytea,5,03-01-03-01-01-02-07_r05.wav,393086,0.056748,1,
write,write,,,audio_small,mongo_gridfs,5,03-01-03-01-01-02-12_r05.wav,399494,0.005292,1,
write,write,,,audio_small,pg_bytea,5,03-01-03-01-01-02-12_r05.wav,399494,0.021449,1,
write,write,,,audio_small,polyglot,5,03-01-03-01-01-02-12_r05.wav,399494,0.005735,1,
write,write,,,audio_small,mongo_gridfs,5,03-01-03-01-01-02-13_r05.wav,399494,0.004684,1,
write,write,,,audio_small,polyglot,5,03-01-03-01-01-02-13_r05.wav,399494,0.005277,1,
write,write,,,audio_small,pg_bytea,5,03-01-03-01-01-02-13_r05.wav,399494,0.011441,1,
write,write,,,audio_small,polyglot,5,03-01-03-01-02-02-18_r05.wav,393086,0.008157,1,
write,write,,,audio_small,mongo_gridfs,5,03-01-03-01-02-02-18_r05.wav,393086,0.006612,1,
write,write,,,audio_small,pg_bytea,5,03-01-03-01-02-02-18_r05.wav,393086,0.019324,1,
write,write,,,audio_small,polyglot,5,03-01-03-01-02-02-19_r05.wav,399494,0.004914,1,
write,write,,,audio_small,mongo_gridfs,5,03-01-03-01-02-02-19_r05.wav,399494,0.004392,1,
write,write,,,audio_small,pg_bytea,5,03-01-03-01-02-02-19_r05.wav,399494,0.025939,1,
write,write,,,audio_small,mongo_gridfs,5,03-01-03-02-01-02-18_r05.wav,396294,0.007322,1,
write,write,,,audio_small,polyglot,5,03-01-03-02-01-02-18_r05.wav,396294,0.012815,1,
write,write,,,audio_small,pg_bytea,5,03-01-03-02-01-02-18_r05.wav,396294,0.018858,1,
write,write,,,audio_small,mongo_gridfs,5,03-01-03-02-01-02-19_r05.wav,372698,0.004106,1,
write,write,,,audio_small,pg_bytea,5,03-01-03-02-01-02-19_r05.wav,372698,0.016018,1,
write,write,,,audio_small,polyglot,5,03-01-03-02-01-02-19_r05.wav,372698,0.004237,1,
write,write,,,audio_small,pg_bytea,5,03-01-03-02-02-02-04_r05.wav,379106,0.015382,1,
write,write,,,audio_small,polyglot,5,03-01-03-02-02-02-04_r05.wav,379106,0.005588,1,
write,write,,,audio_small,mongo_gridfs,5,03-01-03-02-02-02-04_r05.wav,379106,0.006504,1,
write,write,,,audio_small,pg_bytea,5,03-01-03-02-02-02-06_r05.wav,399494,0.014157,1,
write,write,,,audio_small,mongo_gridfs,5,03-01-03-02-02-02-06_r05.wav,399494,0.007925,1,
write,write,,,audio_small,polyglot,5,03-01-03-02-02-02-06_r05.wav,399494,0.004805,1,
write,write,,,audio_small,polyglot,5,03-01-03-02-02-02-07_r05.wav,393086,0.005178,1,
write,write,,,audio_small,mongo_gridfs,5,03-01-03-02-02-02-07_r05.wav,393086,0.004313,1,
write,write,,,audio_small,pg_bytea,5,03-01-03-02-02-02-07_r05.wav,393086,0.009933,1,
write,write,,,audio_small,pg_bytea,5,03-01-03-02-02-02-10_r05.wav,375720,0.010628,1,
write,write,,,audio_small,mongo_gridfs,5,03-01-03-02-02-02-10_r05.wav,375720,0.004338,1,
write,write,,,audio_small,polyglot,5,03-01-03-02-02-02-10_r05.wav,375720,0.004353,1,
write,write,,,audio_small,pg_bytea,5,03-01-03-02-02-02-11_r05.wav,396294,0.009797,1,
write,write,,,audio_small,polyglot,5,03-01-03-02-02-02-11_r05.wav,396294,0.005312,1,
write,write,,,audio_small,mongo_gridfs,5,03-01-03-02-02-02-11_r05.wav,396294,0.003890,1,
write,write,,,audio_small,polyglot,5,03-01-03-02-02-02-13_r05.wav,399494,0.004322,1,
write,write,,,audio_small,pg_bytea,5,03-01-03-02-02-02-13_r05.wav,399494,0.011347,1,
write,write,,,audio_small,mongo_gridfs,5,03-01-03-02-02-02-13_r05.wav,399494,0.012947,1,
write,write,,,audio_small,pg_bytea,5,03-01-04-01-01-02-01_r05.wav,396294,0.011928,1,
write,write,,,audio_small,mongo_gridfs,5,03-01-04-01-01-02-01_r05.wav,396294,0.007475,1,
write,write,,,audio_small,polyglot,5,03-01-04-01-01-02-01_r05.wav,396294,0.004836,1,
write,write,,,audio_small,polyglot,5,03-01-04-01-01-02-02_r05.wav,379106,0.004510,1,
write,write,,,audio_small,pg_bytea,5,03-01-04-01-01-02-02_r05.wav,379106,0.008909,1,
write,write,,,audio_small,mongo_gridfs,5,03-01-04-01-01-02-02_r05.wav,379106,0.004259,1,
write,write,,,audio_small,mongo_gridfs,5,03-01-04-01-01-02-16_r05.wav,379106,0.007483,1,
write,write,,,audio_small,pg_bytea,5,03-01-04-01-01-02-16_r05.wav,379106,0.008550,1,
write,write,,,audio_small,polyglot,5,03-01-04-01-01-02-16_r05.wav,379106,0.006311,1,
write,write,,,audio_small,polyglot,5,03-01-04-01-02-02-08_r05.wav,372698,0.004314,1,
write,write,,,audio_small,mongo_gridfs,5,03-01-04-01-02-02-08_r05.wav,372698,0.003691,1,
write,write,,,audio_small,pg_bytea,5,03-01-04-01-02-02-08_r05.wav,372698,0.010979,1,
write,write,,,audio_small,pg_bytea,5,03-01-04-01-02-02-09_r05.wav,363108,0.009537,1,
write,write,,,audio_small,polyglot,5,03-01-04-01-02-02-09_r05.wav,363108,0.006874,1,
write,write,,,audio_small,mongo_gridfs,5,03-01-04-01-02-02-09_r05.wav,363108,0.003982,1,
write,write,,,audio_small,mongo_gridfs,5,03-01-04-01-02-02-20_r05.wav,396294,0.008015,1,
write,write,,,audio_small,pg_bytea,5,03-01-04-01-02-02-20_r05.wav,396294,0.010168,1,
write,write,,,audio_small,polyglot,5,03-01-04-01-02-02-20_r05.wav,396294,0.003876,1,
write,write,,,audio_small,pg_bytea,5,03-01-04-01-02-02-21_r05.wav,363108,0.008873,1,
write,write,,,audio_small,mongo_gridfs,5,03-01-04-01-02-02-21_r05.wav,363108,0.003878,1,
write,write,,,audio_small,polyglot,5,03-01-04-01-02-02-21_r05.wav,363108,0.003644,1,
write,write,,,audio_small,polyglot,5,03-01-04-01-02-02-22_r05.wav,372698,0.005479,1,
write,write,,,audio_small,pg_bytea,5,03-01-04-01-02-02-22_r05.wav,372698,0.010425,1,
write,write,,,audio_small,mongo_gridfs,5,03-01-04-01-02-02-22_r05.wav,372698,0.006691,1,
write,write,,,audio_small,pg_bytea,5,03-01-04-01-02-02-23_r05.wav,363108,0.009065,1,
write,write,,,audio_small,polyglot,5,03-01-04-01-02-02-23_r05.wav,363108,0.004888,1,
write,write,,,audio_small,mongo_gridfs,5,03-01-04-01-02-02-23_r05.wav,363108,0.006216,1,
write,write,,,audio_small,polyglot,5,03-01-04-02-01-02-09_r05.wav,379106,0.010789,1,
write,write,,,audio_small,pg_bytea,5,03-01-04-02-01-02-09_r05.wav,379106,0.009663,1,
write,write,,,audio_small,mongo_gridfs,5,03-01-04-02-01-02-09_r05.wav,379106,0.004669,1,
write,write,,,audio_small,pg_bytea,5,03-01-04-02-01-02-20_r05.wav,379106,0.011341,1,
write,write,,,audio_small,mongo_gridfs,5,03-01-04-02-01-02-20_r05.wav,379106,0.008609,1,
write,write,,,audio_small,polyglot,5,03-01-04-02-01-02-20_r05.wav,379106,0.023400,1,
write,write,,,audio_small,pg_bytea,5,03-01-04-02-01-02-21_r05.wav,393086,0.010297,1,
write,write,,,audio_small,polyglot,5,03-01-04-02-01-02-21_r05.wav,393086,0.005146,1,
write,write,,,audio_small,mongo_gridfs,5,03-01-04-02-01-02-21_r05.wav,393086,0.004066,1,
write,write,,,audio_small,mongo_gridfs,5,03-01-04-02-01-02-22_r05.wav,379106,0.004046,1,
write,write,,,audio_small,pg_bytea,5,03-01-04-02-01-02-22_r05.wav,379106,0.012918,1,
write,write,,,audio_small,polyglot,5,03-01-04-02-01-02-22_r05.wav,379106,0.004653,1,
write,write,,,audio_small,pg_bytea,5,03-01-04-02-02-02-14_r05.wav,375720,0.015733,1,
write,write,,,audio_small,polyglot,5,03-01-04-02-02-02-14_r05.wav,375720,0.008428,1,
write,write,,,audio_small,mongo_gridfs,5,03-01-04-02-02-02-14_r05.wav,375720,0.013941,1,
write,write,,,audio_small,polyglot,5,03-01-04-02-02-02-15_r05.wav,379106,0.004213,1,
write,write,,,audio_small,mongo_gridfs,5,03-01-04-02-02-02-15_r05.wav,379106,0.006489,1,
write,write,,,audio_small,pg_bytea,5,03-01-04-02-02-02-15_r05.wav,379106,0.009799,1,
write,write,,,audio_small,mongo_gridfs,5,03-01-04-02-02-02-16_r05.wav,375720,0.005355,1,
write,write,,,audio_small,pg_bytea,5,03-01-04-02-02-02-16_r05.wav,375720,0.009580,1,
write,write,,,audio_small,polyglot,5,03-01-04-02-02-02-16_r05.wav,375720,0.004364,1,
write,write,,,audio_small,polyglot,5,03-01-04-02-02-02-17_r05.wav,363108,0.004168,1,
write,write,,,audio_small,pg_bytea,5,03-01-04-02-02-02-17_r05.wav,363108,0.009697,1,
write,write,,,audio_small,mongo_gridfs,5,03-01-04-02-02-02-17_r05.wav,363108,0.004017,1,
write,write,,,audio_small,pg_bytea,5,03-01-05-01-01-01-09_r05.wav,393086,0.014472,1,
write,write,,,audio_small,mongo_gridfs,5,03-01-05-01-01-01-09_r05.wav,393086,0.035554,1,
write,write,,,audio_small,polyglot,5,03-01-05-01-01-01-09_r05.wav,393086,0.009395,1,
write,write,,,audio_small,polyglot,5,03-01-05-01-01-01-22_r05.wav,393086,0.007371,1,
write,write,,,audio_small,pg_bytea,5,03-01-05-01-01-01-22_r05.wav,393086,0.013229,1,
write,write,,,audio_small,mongo_gridfs,5,03-01-05-01-01-01-22_r05.wav,393086,0.032882,1,
write,write,,,audio_small,mongo_gridfs,5,03-01-05-01-02-01-02_r05.wav,372698,0.026051,1,
write,write,,,audio_small,polyglot,5,03-01-05-01-02-01-02_r05.wav,372698,1.399433,1,
write,write,,,audio_small,pg_bytea,5,03-01-05-01-02-01-02_r05.wav,372698,0.019711,1,
write,write,,,audio_small,mongo_gridfs,5,03-01-05-01-02-01-03_r05.wav,396294,0.015643,1,
write,write,,,audio_small,pg_bytea,5,03-01-05-01-02-01-03_r05.wav,396294,0.012853,1,
write,write,,,audio_small,polyglot,5,03-01-05-01-02-01-03_r05.wav,396294,0.007686,1,
write,write,,,audio_small,mongo_gridfs,5,03-01-05-01-02-01-15_r05.wav,363108,0.006072,1,
write,write,,,audio_small,polyglot,5,03-01-05-01-02-01-15_r05.wav,363108,0.004979,1,
write,write,,,audio_small,pg_bytea,5,03-01-05-01-02-01-15_r05.wav,363108,0.010640,1,
write,write,,,audio_small,mongo_gridfs,5,03-01-05-01-02-01-16_r05.wav,372698,0.004529,1,
write,write,,,audio_small,pg_bytea,5,03-01-05-01-02-01-16_r05.wav,372698,0.014003,1,
write,write,,,audio_small,polyglot,5,03-01-05-01-02-01-16_r05.wav,372698,0.005717,1,
write,write,,,audio_small,mongo_gridfs,5,03-01-05-01-02-01-17_r05.wav,393086,0.004364,1,
write,write,,,audio_small,pg_bytea,5,03-01-05-01-02-01-17_r05.wav,393086,0.012907,1,
write,write,,,audio_small,polyglot,5,03-01-05-01-02-01-17_r05.wav,393086,0.005577,1,
write,write,,,audio_small,pg_bytea,5,03-01-05-02-01-01-01_r05.wav,372698,0.010555,1,
write,write,,,audio_small,mongo_gridfs,5,03-01-05-02-01-01-01_r05.wav,372698,0.004492,1,
write,write,,,audio_small,polyglot,5,03-01-05-02-01-01-01_r05.wav,372698,0.004241,1,
write,write,,,audio_small,polyglot,5,03-01-05-02-01-01-02_r05.wav,375720,0.007267,1,
write,write,,,audio_small,pg_bytea,5,03-01-05-02-01-01-02_r05.wav,375720,0.015454,1,
write,write,,,audio_small,mongo_gridfs,5,03-01-05-02-01-01-02_r05.wav,375720,0.005812,1,
write,write,,,audio_small,mongo_gridfs,5,03-01-05-02-01-01-03_r05.wav,372698,0.004789,1,
write,write,,,audio_small,pg_bytea,5,03-01-05-02-01-01-03_r05.wav,372698,0.009815,1,
write,write,,,audio_small,polyglot,5,03-01-05-02-01-01-03_r05.wav,372698,0.006428,1,
write,write,,,audio_small,mongo_gridfs,5,03-01-05-02-01-01-15_r05.wav,396294,0.004845,1,
write,write,,,audio_small,pg_bytea,5,03-01-05-02-01-01-15_r05.wav,396294,0.011128,1,
write,write,,,audio_small,polyglot,5,03-01-05-02-01-01-15_r05.wav,396294,0.006377,1,
write,write,,,audio_small,pg_bytea,5,03-01-05-02-01-01-16_r05.wav,399494,0.011371,1,
write,write,,,audio_small,polyglot,5,03-01-05-02-01-01-16_r05.wav,399494,0.006041,1,
write,write,,,audio_small,mongo_gridfs,5,03-01-05-02-01-01-16_r05.wav,399494,0.004948,1,
write,write,,,audio_small,polyglot,5,03-01-05-02-01-01-17_r05.wav,363108,0.004551,1,
write,write,,,audio_small,mongo_gridfs,5,03-01-05-02-01-01-17_r05.wav,363108,0.004961,1,
write,write,,,audio_small,pg_bytea,5,03-01-05-02-01-01-17_r05.wav,363108,0.009727,1,
write,write,,,audio_small,pg_bytea,5,03-01-05-02-02-01-09_r05.wav,396294,0.013329,1,
write,write,,,audio_small,mongo_gridfs,5,03-01-05-02-02-01-09_r05.wav,396294,0.005211,1,
write,write,,,audio_small,polyglot,5,03-01-05-02-02-01-09_r05.wav,396294,0.004787,1,
write,write,,,audio_small,pg_bytea,5,03-01-05-02-02-01-21_r05.wav,375720,0.014637,1,
write,write,,,audio_small,polyglot,5,03-01-05-02-02-01-21_r05.wav,375720,0.004899,1,
write,write,,,audio_small,mongo_gridfs,5,03-01-05-02-02-01-21_r05.wav,375720,0.004168,1,
write,write,,,audio_small,pg_bytea,5,03-01-05-02-02-01-22_r05.wav,379106,0.012829,1,
write,write,,,audio_small,mongo_gridfs,5,03-01-05-02-02-01-22_r05.wav,379106,0.005797,1,
write,write,,,audio_small,polyglot,5,03-01-05-02-02-01-22_r05.wav,379106,0.004442,1,
write,write,,,audio_medium,pg_bytea,5,03-02-01-01-01-02-22_r05.wav,526650,0.090040,1,
write,write,,,audio_medium,mongo_gridfs,5,03-02-01-01-01-02-22_r05.wav,526650,0.007897,1,
write,write,,,audio_medium,polyglot,5,03-02-01-01-01-02-22_r05.wav,526650,0.007477,1,
write,write,,,audio_medium,pg_bytea,5,03-02-01-01-01-02-23_r05.wav,539464,0.015374,1,
write,write,,,audio_medium,polyglot,5,03-02-01-01-01-02-23_r05.wav,539464,0.078485,1,
write,write,,,audio_medium,mongo_gridfs,5,03-02-01-01-01-02-23_r05.wav,539464,0.024284,1,
write,write,,,audio_medium,polyglot,5,03-02-01-01-02-02-02_r05.wav,539464,0.016654,1,
write,write,,,audio_medium,pg_bytea,5,03-02-01-01-02-02-02_r05.wav,539464,0.023166,1,
write,write,,,audio_medium,mongo_gridfs,5,03-02-01-01-02-02-02_r05.wav,539464,0.011665,1,
write,write,,,audio_medium,pg_bytea,5,03-02-01-01-02-02-03_r05.wav,520242,0.040184,1,
write,write,,,audio_medium,mongo_gridfs,5,03-02-01-01-02-02-03_r05.wav,520242,0.007506,1,
write,write,,,audio_medium,polyglot,5,03-02-01-01-02-02-03_r05.wav,520242,0.006920,1,
write,write,,,audio_medium,mongo_gridfs,5,03-02-01-01-02-02-16_r05.wav,539464,0.007533,1,
write,write,,,audio_medium,pg_bytea,5,03-02-01-01-02-02-16_r05.wav,539464,0.069736,1,
write,write,,,audio_medium,polyglot,5,03-02-01-01-02-02-16_r05.wav,539464,0.008913,1,
write,write,,,audio_medium,polyglot,5,03-02-01-01-02-02-17_r05.wav,561888,0.006724,1,
write,write,,,audio_medium,pg_bytea,5,03-02-01-01-02-02-17_r05.wav,561888,0.046283,1,
write,write,,,audio_medium,mongo_gridfs,5,03-02-01-01-02-02-17_r05.wav,561888,0.011454,1,
write,write,,,audio_medium,pg_bytea,5,03-02-01-02-01-02-01_r05.wav,533056,0.028597,1,
write,write,,,audio_medium,polyglot,5,03-02-01-02-01-02-01_r05.wav,533056,0.010457,1,
write,write,,,audio_medium,mongo_gridfs,5,03-02-01-02-01-02-01_r05.wav,533056,0.006948,1,
write,write,,,audio_medium,pg_bytea,5,03-02-01-02-01-02-02_r05.wav,523448,0.023398,1,
write,write,,,audio_medium,polyglot,5,03-02-01-02-01-02-02_r05.wav,523448,0.008156,1,
write,write,,,audio_medium,mongo_gridfs,5,03-02-01-02-01-02-02_r05.wav,523448,0.006862,1,
write,write,,,audio_medium,polyglot,5,03-02-01-02-01-02-03_r05.wav,533056,0.010631,1,
write,write,,,audio_medium,mongo_gridfs,5,03-02-01-02-01-02-03_r05.wav,533056,0.006703,1,
write,write,,,audio_medium,pg_bytea,5,03-02-01-02-01-02-03_r05.wav,533056,0.018211,1,
write,write,,,audio_medium,mongo_gridfs,5,03-02-01-02-01-02-15_r05.wav,561882,0.010316,1,
write,write,,,audio_medium,polyglot,5,03-02-01-02-01-02-15_r05.wav,561882,0.007386,1,
write,write,,,audio_medium,pg_bytea,5,03-02-01-02-01-02-15_r05.wav,561882,0.029515,1,
write,write,,,audio_medium,polyglot,5,03-02-01-02-01-02-16_r05.wav,526650,0.007696,1,
write,write,,,audio_medium,pg_bytea,5,03-02-01-02-01-02-16_r05.wav,526650,0.058997,1,
write,write,,,audio_medium,mongo_gridfs,5,03-02-01-02-01-02-16_r05.wav,526650,0.007153,1,
write,write,,,audio_medium,mongo_gridfs,5,03-02-01-02-01-02-17_r05.wav,533056,0.007772,1,
write,write,,,audio_medium,polyglot,5,03-02-01-02-01-02-17_r05.wav,533056,0.009606,1,
write,write,,,audio_medium,pg_bytea,5,03-02-01-02-01-02-17_r05.wav,533056,0.047952,1,
write,write,,,audio_medium,polyglot,5,03-02-01-02-02-02-22_r05.wav,520242,0.007158,1,
write,write,,,audio_medium,pg_bytea,5,03-02-01-02-02-02-22_r05.wav,520242,0.027179,1,
write,write,,,audio_medium,mongo_gridfs,5,03-02-01-02-02-02-22_r05.wav,520242,0.006545,1,
write,write,,,audio_medium,polyglot,5,03-02-01-02-02-02-23_r05.wav,520242,0.006160,1,
write,write,,,audio_medium,mongo_gridfs,5,03-02-01-02-02-02-23_r05.wav,520242,0.006445,1,
write,write,,,audio_medium,pg_bytea,5,03-02-01-02-02-02-23_r05.wav,520242,0.059587,1,
write,write,,,audio_medium,pg_bytea,5,03-02-02-01-01-01-22_r05.wav,523448,0.026002,1,
write,write,,,audio_medium,polyglot,5,03-02-02-01-01-01-22_r05.wav,523448,0.008056,1,
write,write,,,audio_medium,mongo_gridfs,5,03-02-02-01-01-01-22_r05.wav,523448,0.007216,1,
write,write,,,audio_medium,pg_bytea,5,03-02-02-01-01-01-23_r05.wav,561888,0.061979,1,
write,write,,,audio_medium,mongo_gridfs,5,03-02-02-01-01-01-23_r05.wav,561888,0.008504,1,
write,write,,,audio_medium,polyglot,5,03-02-02-01-01-01-23_r05.wav,561888,0.015315,1,
write,write,,,audio_medium,pg_bytea,5,03-02-02-01-02-01-01_r05.wav,520242,0.034725,1,
write,write,,,audio_medium,mongo_gridfs,5,03-02-02-01-02-01-01_r05.wav,520242,0.006395,1,
write,write,,,audio_medium,polyglot,5,03-02-02-01-02-01-01_r05.wav,520242,0.006217,1,
write,write,,,audio_medium,pg_bytea,5,03-02-02-01-02-01-02_r05.wav,539464,0.038756,1,
write,write,,,audio_medium,mongo_gridfs,5,03-02-02-01-02-01-02_r05.wav,539464,0.028553,1,
write,write,,,audio_medium,polyglot,5,03-02-02-01-02-01-02_r05.wav,539464,0.007700,1,
write,write,,,audio_medium,pg_bytea,5,03-02-02-01-02-01-03_r05.wav,533056,0.031445,1,
write,write,,,audio_medium,mongo_gridfs,5,03-02-02-01-02-01-03_r05.wav,533056,0.007049,1,
write,write,,,audio_medium,polyglot,5,03-02-02-01-02-01-03_r05.wav,533056,0.006061,1,
write,write,,,audio_medium,mongo_gridfs,5,03-02-02-01-02-01-16_r05.wav,561882,0.006728,1,
write,write,,,audio_medium,pg_bytea,5,03-02-02-01-02-01-16_r05.wav,561882,0.040072,1,
write,write,,,audio_medium,polyglot,5,03-02-02-01-02-01-16_r05.wav,561882,0.007320,1,
write,write,,,audio_medium,pg_bytea,5,03-02-02-02-01-01-01_r05.wav,539464,0.040282,1,
write,write,,,audio_medium,polyglot,5,03-02-02-02-01-01-01_r05.wav,539464,0.006368,1,
write,write,,,audio_medium,mongo_gridfs,5,03-02-02-02-01-01-01_r05.wav,539464,0.005601,1,
write,write,,,audio_medium,mongo_gridfs,5,03-02-02-02-01-01-02_r05.wav,526650,0.006303,1,
write,write,,,audio_medium,pg_bytea,5,03-02-02-02-01-01-02_r05.wav,526650,0.030632,1,
write,write,,,audio_medium,polyglot,5,03-02-02-02-01-01-02_r05.wav,526650,0.006366,1,
write,write,,,audio_medium,polyglot,5,03-02-02-02-01-01-15_r05.wav,539464,0.006554,1,
write,write,,,audio_medium,mongo_gridfs,5,03-02-02-02-01-01-15_r05.wav,539464,0.006173,1,
write,write,,,audio_medium,pg_bytea,5,03-02-02-02-01-01-15_r05.wav,539464,0.025905,1,
write,write,,,audio_medium,polyglot,5,03-02-02-02-01-01-16_r05.wav,520242,0.005559,1,
write,write,,,audio_medium,mongo_gridfs,5,03-02-02-02-01-01-16_r05.wav,520242,0.005017,1,
write,write,,,audio_medium,pg_bytea,5,03-02-02-02-01-01-16_r05.wav,520242,0.019599,1,
write,write,,,audio_medium,mongo_gridfs,5,03-02-02-02-01-01-17_r05.wav,539464,0.005867,1,
write,write,,,audio_medium,polyglot,5,03-02-02-02-01-01-17_r05.wav,539464,0.005999,1,
write,write,,,audio_medium,pg_bytea,5,03-02-02-02-01-01-17_r05.wav,539464,0.037217,1,
write,write,,,audio_medium,pg_bytea,5,03-02-02-02-02-01-22_r05.wav,539464,0.030065,1,
write,write,,,audio_medium,mongo_gridfs,5,03-02-02-02-02-01-22_r05.wav,539464,0.006511,1,
write,write,,,audio_medium,polyglot,5,03-02-02-02-02-01-22_r05.wav,539464,0.005624,1,
write,write,,,audio_medium,mongo_gridfs,5,03-02-02-02-02-01-23_r05.wav,520242,0.010297,1,
write,write,,,audio_medium,polyglot,5,03-02-02-02-02-01-23_r05.wav,520242,0.005401,1,
write,write,,,audio_medium,pg_bytea,5,03-02-02-02-02-01-23_r05.wav,520242,0.022707,1,
write,write,,,audio_medium,pg_bytea,5,03-02-03-01-01-02-01_r05.wav,561882,0.023786,1,
write,write,,,audio_medium,polyglot,5,03-02-03-01-01-02-01_r05.wav,561882,0.006747,1,
write,write,,,audio_medium,mongo_gridfs,5,03-02-03-01-01-02-01_r05.wav,561882,0.006641,1,
write,write,,,audio_medium,pg_bytea,5,03-02-03-01-01-02-02_r05.wav,561882,0.022835,1,
write,write,,,audio_medium,polyglot,5,03-02-03-01-01-02-02_r05.wav,561882,0.008897,1,
write,write,,,audio_medium,mongo_gridfs,5,03-02-03-01-01-02-02_r05.wav,561882,0.006912,1,
write,write,,,audio_medium,mongo_gridfs,5,03-02-03-01-01-02-03_r05.wav,539464,0.015012,1,
write,write,,,audio_medium,pg_bytea,5,03-02-03-01-01-02-03_r05.wav,539464,0.024486,1,
write,write,,,audio_medium,polyglot,5,03-02-03-01-01-02-03_r05.wav,539464,0.007284,1,
write,write,,,audio_medium,pg_bytea,5,03-02-03-01-01-02-15_r05.wav,526650,0.064460,1,
write,write,,,audio_medium,polyglot,5,03-02-03-01-01-02-15_r05.wav,526650,0.008925,1,
write,write,,,audio_medium,mongo_gridfs,5,03-02-03-01-01-02-15_r05.wav,526650,0.007923,1,
write,write,,,audio_medium,pg_bytea,5,03-02-03-01-01-02-16_r05.wav,520242,0.055546,1,
write,write,,,audio_medium,mongo_gridfs,5,03-02-03-01-01-02-16_r05.wav,520242,0.009100,1,
write,write,,,audio_medium,polyglot,5,03-02-03-01-01-02-16_r05.wav,520242,0.010777,1,
write,write,,,audio_medium,mongo_gridfs,5,03-02-03-01-01-02-17_r05.wav,526650,0.009192,1,
write,write,,,audio_medium,pg_bytea,5,03-02-03-01-01-02-17_r05.wav,526650,0.044203,1,
write,write,,,audio_medium,polyglot,5,03-02-03-01-01-02-17_r05.wav,526650,0.008345,1,
write,write,,,audio_medium,polyglot,5,03-02-03-01-02-02-09_r05.wav,539464,0.007212,1,
write,write,,,audio_medium,pg_bytea,5,03-02-03-01-02-02-09_r05.wav,539464,0.023654,1,
write,write,,,audio_medium,mongo_gridfs,5,03-02-03-01-02-02-09_r05.wav,539464,0.008633,1,
write,write,,,audio_medium,polyglot,5,03-02-03-01-02-02-21_r05.wav,533056,0.006469,1,
write,write,,,audio_medium,pg_bytea,5,03-02-03-01-02-02-21_r05.wav,533056,0.019573,1,
write,write,,,audio_medium,mongo_gridfs,5,03-02-03-01-02-02-21_r05.wav,533056,0.009629,1,
write,write,,,audio_medium,pg_bytea,5,03-02-03-01-02-02-22_r05.wav,561888,0.018597,1,
write,write,,,audio_medium,mongo_gridfs,5,03-02-03-01-02-02-22_r05.wav,561888,0.007989,1,
write,write,,,audio_medium,polyglot,5,03-02-03-01-02-02-22_r05.wav,561888,0.007345,1,
write,write,,,audio_medium,pg_bytea,5,03-02-03-01-02-02-23_r05.wav,539464,0.023227,1,
write,write,,,audio_medium,mongo_gridfs,5,03-02-03-01-02-02-23_r05.wav,539464,0.007670,1,
write,write,,,audio_medium,polyglot,5,03-02-03-01-02-02-23_r05.wav,539464,0.006790,1,
write,write,,,audio_medium,mongo_gridfs,5,03-02-03-02-01-02-09_r05.wav,561882,0.006407,1,
write,write,,,audio_medium,pg_bytea,5,03-02-03-02-01-02-09_r05.wav,561882,0.017008,1,
write,write,,,audio_medium,polyglot,5,03-02-03-02-01-02-09_r05.wav,561882,0.015355,1,
write,write,,,audio_medium,mongo_gridfs,5,03-02-03-02-01-02-21_r05.wav,539464,0.006612,1,
write,write,,,audio_medium,polyglot,5,03-02-03-02-01-02-21_r05.wav,539464,0.008732,1,
write,write,,,audio_medium,pg_bytea,5,03-02-03-02-01-02-21_r05.wav,539464,0.032718,1,
write,write,,,audio_medium,pg_bytea,5,03-02-03-02-01-02-22_r05.wav,526650,0.016139,1,
write,write,,,audio_medium,polyglot,5,03-02-03-02-01-02-22_r05.wav,526650,0.007495,1,
write,write,,,audio_medium,mongo_gridfs,5,03-02-03-02-01-02-22_r05.wav,526650,0.006451,1,
write,write,,,audio_medium,mongo_gridfs,5,03-02-03-02-01-02-23_r05.wav,561888,0.006252,1,
write,write,,,audio_medium,polyglot,5,03-02-03-02-01-02-23_r05.wav,561888,0.008792,1,
write,write,,,audio_medium,pg_bytea,5,03-02-03-02-01-02-23_r05.wav,561888,0.016348,1,
write,write,,,audio_medium,pg_bytea,5,03-02-03-02-02-02-01_r05.wav,561882,0.040599,1,
write,write,,,audio_medium,mongo_gridfs,5,03-02-03-02-02-02-01_r05.wav,561882,0.011139,1,
write,write,,,audio_medium,polyglot,5,03-02-03-02-02-02-01_r05.wav,561882,0.007423,1,
write,write,,,audio_medium,polyglot,5,03-02-03-02-02-02-02_r05.wav,523448,0.008219,1,
write,write,,,audio_medium,mongo_gridfs,5,03-02-03-02-02-02-02_r05.wav,523448,0.012550,1,
write,write,,,audio_medium,pg_bytea,5,03-02-03-02-02-02-02_r05.wav,523448,0.039141,1,
write,write,,,audio_medium,pg_bytea,5,03-02-03-02-02-02-03_r05.wav,561888,0.036716,1,
write,write,,,audio_medium,polyglot,5,03-02-03-02-02-02-03_r05.wav,561888,0.006048,1,
write,write,,,audio_medium,mongo_gridfs,5,03-02-03-02-02-02-03_r05.wav,561888,0.006518,1,
write,write,,,audio_medium,pg_bytea,5,03-02-03-02-02-02-15_r05.wav,523448,0.025626,1,
write,write,,,audio_medium,mongo_gridfs,5,03-02-03-02-02-02-15_r05.wav,523448,0.008964,1,
write,write,,,audio_medium,polyglot,5,03-02-03-02-02-02-15_r05.wav,523448,0.007479,1,
write,write,,,audio_medium,pg_bytea,5,03-02-03-02-02-02-16_r05.wav,561882,0.021315,1,
write,write,,,audio_medium,polyglot,5,03-02-03-02-02-02-16_r05.wav,561882,0.007943,1,
write,write,,,audio_medium,mongo_gridfs,5,03-02-03-02-02-02-16_r05.wav,561882,0.006208,1,
write,write,,,audio_medium,mongo_gridfs,5,03-02-03-02-02-02-17_r05.wav,523448,0.006941,1,
write,write,,,audio_medium,polyglot,5,03-02-03-02-02-02-17_r05.wav,523448,0.006929,1,
write,write,,,audio_medium,pg_bytea,5,03-02-03-02-02-02-17_r05.wav,523448,0.026028,1,
write,write,,,audio_medium,mongo_gridfs,5,03-02-04-01-01-02-05_r05.wav,561882,0.008099,1,
write,write,,,audio_medium,polyglot,5,03-02-04-01-01-02-05_r05.wav,561882,0.006369,1,
write,write,,,audio_medium,pg_bytea,5,03-02-04-01-01-02-05_r05.wav,561882,0.031635,1,
write,write,,,audio_medium,mongo_gridfs,5,03-02-04-01-01-02-06_r05.wav,526650,0.006663,1,
write,write,,,audio_medium,pg_bytea,5,03-02-04-01-01-02-06_r05.wav,526650,0.032333,1,
write,write,,,audio_medium,polyglot,5,03-02-04-01-01-02-06_r05.wav,526650,0.006791,1,
write,write,,,audio_medium,pg_bytea,5,03-02-04-01-01-02-07_r05.wav,523448,0.031905,1,
write,write,,,audio_medium,polyglot,5,03-02-04-01-01-02-07_r05.wav,523448,0.007352,1,
write,write,,,audio_medium,mongo_gridfs,5,03-02-04-01-01-02-07_r05.wav,523448,0.007277,1,
write,write,,,audio_medium,pg_bytea,5,03-02-04-01-01-02-11_r05.wav,539464,0.035107,1,
write,write,,,audio_medium,polyglot,5,03-02-04-01-01-02-11_r05.wav,539464,0.008624,1,
write,write,,,audio_medium,mongo_gridfs,5,03-02-04-01-01-02-11_r05.wav,539464,0.008505,1,
write,write,,,audio_medium,mongo_gridfs,5,03-02-04-01-01-02-12_r05.wav,523448,0.006268,1,
write,write,,,audio_medium,pg_bytea,5,03-02-04-01-01-02-12_r05.wav,523448,0.031161,1,
write,write,,,audio_medium,polyglot,5,03-02-04-01-01-02-12_r05.wav,523448,0.007949,1,
write,write,,,audio_medium,mongo_gridfs,5,03-02-04-01-01-02-13_r05.wav,539464,0.007248,1,
write,write,,,audio_medium,polyglot,5,03-02-04-01-01-02-13_r05.wav,539464,0.008268,1,
write,write,,,audio_medium,pg_bytea,5,03-02-04-01-01-02-13_r05.wav,539464,0.048194,1,
write,write,,,audio_medium,pg_bytea,5,03-02-04-01-02-02-19_r05.wav,561888,0.032578,1,
write,write,,,audio_medium,polyglot,5,03-02-04-01-02-02-19_r05.wav,561888,0.007438,1,
write,write,,,audio_medium,mongo_gridfs,5,03-02-04-01-02-02-19_r05.wav,561888,0.006748,1,
write,write,,,audio_medium,polyglot,5,03-02-04-02-02-02-05_r05.wav,526650,0.005625,1,
write,write,,,audio_medium,mongo_gridfs,5,03-02-04-02-02-02-05_r05.wav,526650,0.005543,1,
write,write,,,audio_medium,pg_bytea,5,03-02-04-02-02-02-05_r05.wav,526650,0.032752,1,
write,write,,,audio_medium,pg_bytea,5,03-02-04-02-02-02-06_r05.wav,526650,0.026296,1,
write,write,,,audio_medium,mongo_gridfs,5,03-02-04-02-02-02-06_r05.wav,526650,0.007592,1,
write,write,,,audio_medium,polyglot,5,03-02-04-02-02-02-06_r05.wav,526650,0.006318,1,
write,write,,,audio_medium,polyglot,5,03-02-04-02-02-02-07_r05.wav,561888,0.006319,1,
write,write,,,audio_medium,pg_bytea,5,03-02-04-02-02-02-07_r05.wav,561888,0.032715,1,
write,write,,,audio_medium,mongo_gridfs,5,03-02-04-02-02-02-07_r05.wav,561888,0.008034,1,
write,write,,,audio_medium,polyglot,5,03-02-04-02-02-02-11_r05.wav,561888,0.007621,1,
write,write,,,audio_medium,mongo_gridfs,5,03-02-04-02-02-02-11_r05.wav,561888,0.007487,1,
write,write,,,audio_medium,pg_bytea,5,03-02-04-02-02-02-11_r05.wav,561888,0.034038,1,
write,write,,,audio_medium,polyglot,5,03-02-04-02-02-02-12_r05.wav,523448,0.011149,1,
write,write,,,audio_medium,pg_bytea,5,03-02-04-02-02-02-12_r05.wav,523448,0.031723,1,
write,write,,,audio_medium,mongo_gridfs,5,03-02-04-02-02-02-12_r05.wav,523448,0.010164,1,
write,write,,,audio_medium,mongo_gridfs,5,03-02-04-02-02-02-13_r05.wav,533056,0.009360,1,
write,write,,,audio_medium,pg_bytea,5,03-02-04-02-02-02-13_r05.wav,533056,0.032102,1,
write,write,,,audio_medium,polyglot,5,03-02-04-02-02-02-13_r05.wav,533056,0.019016,1,
write,write,,,audio_medium,pg_bytea,5,03-02-05-01-02-01-06_r05.wav,561882,0.022746,1,
write,write,,,audio_medium,polyglot,5,03-02-05-01-02-01-06_r05.wav,561882,0.008223,1,
write,write,,,audio_medium,mongo_gridfs,5,03-02-05-01-02-01-06_r05.wav,561882,0.008534,1,
write,write,,,audio_medium,polyglot,5,03-02-05-01-02-01-07_r05.wav,520242,0.007373,1,
write,write,,,audio_medium,pg_bytea,5,03-02-05-01-02-01-07_r05.wav,520242,0.018477,1,
write,write,,,audio_medium,mongo_gridfs,5,03-02-05-01-02-01-07_r05.wav,520242,0.008743,1,
write,write,,,audio_medium,mongo_gridfs,5,03-02-05-01-02-01-12_r05.wav,520242,0.006049,1,
write,write,,,audio_medium,pg_bytea,5,03-02-05-01-02-01-12_r05.wav,520242,0.016487,1,
write,write,,,audio_medium,polyglot,5,03-02-05-01-02-01-12_r05.wav,520242,0.008144,1,
write,write,,,audio_medium,pg_bytea,5,03-02-05-01-02-01-13_r05.wav,561888,0.019504,1,
write,write,,,audio_medium,mongo_gridfs,5,03-02-05-01-02-01-13_r05.wav,561888,0.008459,1,
write,write,,,audio_medium,polyglot,5,03-02-05-01-02-01-13_r05.wav,561888,0.008175,1,
write,write,,,audio_medium,pg_bytea,5,03-02-05-02-01-01-05_r05.wav,539464,0.015456,1,
write,write,,,audio_medium,mongo_gridfs,5,03-02-05-02-01-01-05_r05.wav,539464,0.007030,1,
write,write,,,audio_medium,polyglot,5,03-02-05-02-01-01-05_r05.wav,539464,0.006000,1,
write,write,,,audio_medium,polyglot,5,03-02-05-02-01-01-06_r05.wav,561888,0.005515,1,
write,write,,,audio_medium,mongo_gridfs,5,03-02-05-02-01-01-06_r05.wav,561888,0.005404,1,
write,write,,,audio_medium,pg_bytea,5,03-02-05-02-01-01-06_r05.wav,561888,0.014953,1,
write,write,,,audio_medium,pg_bytea,5,03-02-05-02-01-01-07_r05.wav,533056,0.014128,1,
write,write,,,audio_medium,mongo_gridfs,5,03-02-05-02-01-01-07_r05.wav,533056,0.011272,1,
write,write,,,audio_medium,polyglot,5,03-02-05-02-01-01-07_r05.wav,533056,0.007110,1,
write,write,,,audio_medium,mongo_gridfs,5,03-02-05-02-01-01-11_r05.wav,561888,0.006041,1,
write,write,,,audio_medium,pg_bytea,5,03-02-05-02-01-01-11_r05.wav,561888,0.015297,1,
write,write,,,audio_medium,polyglot,5,03-02-05-02-01-01-11_r05.wav,561888,0.008851,1,
write,write,,,audio_medium,pg_bytea,5,03-02-05-02-01-01-12_r05.wav,533056,0.014292,1,
write,write,,,audio_medium,mongo_gridfs,5,03-02-05-02-01-01-12_r05.wav,533056,0.006444,1,
write,write,,,audio_medium,polyglot,5,03-02-05-02-01-01-12_r05.wav,533056,0.007625,1,
write,write,,,audio_medium,polyglot,5,03-02-05-02-01-01-13_r05.wav,526650,0.005876,1,
write,write,,,audio_medium,mongo_gridfs,5,03-02-05-02-01-01-13_r05.wav,526650,0.005237,1,
write,write,,,audio_medium,pg_bytea,5,03-02-05-02-01-01-13_r05.wav,526650,0.016097,1,
write,write,,,video_small,mongo_gridfs,5,01-01-01-01-01-01-22_r05.mp4,5457041,0.058599,1,
write,write,,,video_small,polyglot,5,01-01-01-01-01-01-22_r05.mp4,5457041,0.071150,1,
write,write,,,video_small,pg_bytea,5,01-01-01-01-01-01-22_r05.mp4,5457041,0.205263,1,
write,write,,,video_small,pg_bytea,5,01-01-01-01-01-02-01_r05.mp4,5457041,0.233721,1,
write,write,,,video_small,polyglot,5,01-01-01-01-01-02-01_r05.mp4,5457041,0.062516,1,
write,write,,,video_small,mongo_gridfs,5,01-01-01-01-01-02-01_r05.mp4,5457041,0.104164,1,
write,write,,,video_small,polyglot,5,01-01-01-01-01-02-15_r05.mp4,5457041,0.074651,1,
write,write,,,video_small,mongo_gridfs,5,01-01-01-01-01-02-15_r05.mp4,5457041,0.050773,1,
write,write,,,video_small,pg_bytea,5,01-01-01-01-01-02-15_r05.mp4,5457041,0.180655,1,
write,write,,,video_small,polyglot,5,01-01-01-01-02-01-06_r05.mp4,5457041,0.060461,1,
write,write,,,video_small,pg_bytea,5,01-01-01-01-02-01-06_r05.mp4,5457041,0.230853,1,
write,write,,,video_small,mongo_gridfs,5,01-01-01-01-02-01-06_r05.mp4,5457041,0.055227,1,
write,write,,,video_small,pg_bytea,5,01-01-01-01-02-01-13_r05.mp4,5457041,0.219815,1,
write,write,,,video_small,mongo_gridfs,5,01-01-01-01-02-01-13_r05.mp4,5457041,0.084024,1,
write,write,,,video_small,polyglot,5,01-01-01-01-02-01-13_r05.mp4,5457041,0.052519,1,
write,write,,,video_small,polyglot,5,01-01-01-01-02-01-14_r05.mp4,5457041,0.045907,1,
write,write,,,video_small,mongo_gridfs,5,01-01-01-01-02-01-14_r05.mp4,5457041,0.047435,1,
write,write,,,video_small,pg_bytea,5,01-01-01-01-02-01-14_r05.mp4,5457041,0.194122,1,
write,write,,,video_small,mongo_gridfs,5,01-01-01-01-02-02-09_r05.mp4,5498397,0.066736,1,
write,write,,,video_small,pg_bytea,5,01-01-01-01-02-02-09_r05.mp4,5498397,0.265841,1,
write,write,,,video_small,polyglot,5,01-01-01-01-02-02-09_r05.mp4,5498397,0.059011,1,
write,write,,,video_small,polyglot,5,01-01-01-02-01-01-01_r05.mp4,5498397,0.097852,1,
write,write,,,video_small,mongo_gridfs,5,01-01-01-02-01-01-01_r05.mp4,5498397,0.064207,1,
write,write,,,video_small,pg_bytea,5,01-01-01-02-01-01-01_r05.mp4,5498397,0.546232,1,
write,write,,,video_small,mongo_gridfs,5,01-01-01-02-01-01-05_r05.mp4,5457041,0.067269,1,
write,write,,,video_small,pg_bytea,5,01-01-01-02-01-01-05_r05.mp4,5457041,0.299520,1,
write,write,,,video_small,polyglot,5,01-01-01-02-01-01-05_r05.mp4,5457041,0.046666,1,
write,write,,,video_small,polyglot,5,01-01-01-02-01-01-15_r05.mp4,5457041,0.055348,1,
write,write,,,video_small,mongo_gridfs,5,01-01-01-02-01-01-15_r05.mp4,5457041,0.051996,1,
write,write,,,video_small,pg_bytea,5,01-01-01-02-01-01-15_r05.mp4,5457041,0.269431,1,
write,write,,,video_small,polyglot,5,01-01-01-02-02-01-18_r05.mp4,5457041,0.050024,1,
write,write,,,video_small,pg_bytea,5,01-01-01-02-02-01-18_r05.mp4,5457041,0.185403,1,
write,write,,,video_small,mongo_gridfs,5,01-01-01-02-02-01-18_r05.mp4,5457041,0.050481,1,
write,write,,,video_small,polyglot,5,01-01-01-02-02-01-19_r05.mp4,5457041,0.046441,1,
write,write,,,video_small,pg_bytea,5,01-01-01-02-02-01-19_r05.mp4,5457041,0.172939,1,
write,write,,,video_small,mongo_gridfs,5,01-01-01-02-02-01-19_r05.mp4,5457041,0.041822,1,
write,write,,,video_small,pg_bytea,5,01-01-02-01-01-02-09_r05.mp4,5498397,0.207978,1,
write,write,,,video_small,mongo_gridfs,5,01-01-02-01-01-02-09_r05.mp4,5498397,0.054600,1,
write,write,,,video_small,polyglot,5,01-01-02-01-01-02-09_r05.mp4,5498397,0.043987,1,
write,write,,,video_small,pg_bytea,5,01-01-02-01-01-02-18_r05.mp4,5498397,0.197215,1,
write,write,,,video_small,polyglot,5,01-01-02-01-01-02-18_r05.mp4,5498397,0.055872,1,
write,write,,,video_small,mongo_gridfs,5,01-01-02-01-01-02-18_r05.mp4,5498397,0.051380,1,
write,write,,,video_small,polyglot,5,01-01-02-01-01-02-23_r05.mp4,5498397,0.047623,1,
write,write,,,video_small,pg_bytea,5,01-01-02-01-01-02-23_r05.mp4,5498397,0.248885,1,
write,write,,,video_small,mongo_gridfs,5,01-01-02-01-01-02-23_r05.mp4,5498397,0.043365,1,
write,write,,,video_small,polyglot,5,01-01-02-01-02-01-09_r05.mp4,5498397,0.046491,1,
write,write,,,video_small,mongo_gridfs,5,01-01-02-01-02-01-09_r05.mp4,5498397,0.071869,1,
write,write,,,video_small,pg_bytea,5,01-01-02-01-02-01-09_r05.mp4,5498397,0.170320,1,
write,write,,,video_small,mongo_gridfs,5,01-01-02-01-02-02-01_r05.mp4,5498397,0.105057,1,
write,write,,,video_small,pg_bytea,5,01-01-02-01-02-02-01_r05.mp4,5498397,2.266454,1,
write,write,,,video_small,polyglot,5,01-01-02-01-02-02-01_r05.mp4,5498397,0.088372,1,
write,write,,,video_small,mongo_gridfs,5,01-01-02-01-02-02-03_r05.mp4,5498397,0.359407,1,
write,write,,,video_small,polyglot,5,01-01-02-01-02-02-03_r05.mp4,5498397,0.061566,1,
write,write,,,video_small,pg_bytea,5,01-01-02-01-02-02-03_r05.mp4,5498397,0.480850,1,
write,write,,,video_small,mongo_gridfs,5,01-01-02-02-01-02-02_r05.mp4,5498397,0.041138,1,
write,write,,,video_small,pg_bytea,5,01-01-02-02-01-02-02_r05.mp4,5498397,0.333333,1,
write,write,,,video_small,polyglot,5,01-01-02-02-01-02-02_r05.mp4,5498397,0.047082,1,
write,write,,,video_small,polyglot,5,01-01-02-02-01-02-03_r05.mp4,5498397,0.042584,1,
write,write,,,video_small,mongo_gridfs,5,01-01-02-02-01-02-03_r05.mp4,5498397,0.044956,1,
write,write,,,video_small,pg_bytea,5,01-01-02-02-01-02-03_r05.mp4,5498397,0.193735,1,
write,write,,,video_small,mongo_gridfs,5,01-01-02-02-01-02-05_r05.mp4,5498397,0.094603,1,
write,write,,,video_small,pg_bytea,5,01-01-02-02-01-02-05_r05.mp4,5498397,0.166993,1,
write,write,,,video_small,polyglot,5,01-01-02-02-01-02-05_r05.mp4,5498397,0.069556,1,
write,write,,,video_small,polyglot,5,01-01-02-02-01-02-10_r05.mp4,5457041,0.053239,1,
write,write,,,video_small,mongo_gridfs,5,01-01-02-02-01-02-10_r05.mp4,5457041,0.048081,1,
write,write,,,video_small,pg_bytea,5,01-01-02-02-01-02-10_r05.mp4,5457041,0.207371,1,
write,write,,,video_small,pg_bytea,5,01-01-02-02-01-02-13_r05.mp4,5457041,0.193574,1,
write,write,,,video_small,polyglot,5,01-01-02-02-01-02-13_r05.mp4,5457041,0.046380,1,
write,write,,,video_small,mongo_gridfs,5,01-01-02-02-01-02-13_r05.mp4,5457041,0.049192,1,
write,write,,,video_small,pg_bytea,5,01-01-02-02-01-02-17_r05.mp4,5457041,0.239245,1,
write,write,,,video_small,mongo_gridfs,5,01-01-02-02-01-02-17_r05.mp4,5457041,0.065977,1,
write,write,,,video_small,polyglot,5,01-01-02-02-01-02-17_r05.mp4,5457041,0.066329,1,
write,write,,,video_small,mongo_gridfs,5,01-01-02-02-02-02-18_r05.mp4,5457041,0.054193,1,
write,write,,,video_small,pg_bytea,5,01-01-02-02-02-02-18_r05.mp4,5457041,0.162501,1,
write,write,,,video_small,polyglot,5,01-01-02-02-02-02-18_r05.mp4,5457041,0.050442,1,
write,write,,,video_small,pg_bytea,5,01-01-02-02-02-02-19_r05.mp4,5457041,0.154055,1,
write,write,,,video_small,polyglot,5,01-01-02-02-02-02-19_r05.mp4,5457041,0.047685,1,
write,write,,,video_small,mongo_gridfs,5,01-01-02-02-02-02-19_r05.mp4,5457041,0.070029,1,
write,write,,,video_small,pg_bytea,5,01-01-02-02-02-02-21_r05.mp4,5498397,0.215082,1,
write,write,,,video_small,mongo_gridfs,5,01-01-02-02-02-02-21_r05.mp4,5498397,0.069577,1,
write,write,,,video_small,polyglot,5,01-01-02-02-02-02-21_r05.mp4,5498397,0.061840,1,
write,write,,,video_small,pg_bytea,5,01-01-02-02-02-02-22_r05.mp4,5457041,0.429814,1,
write,write,,,video_small,polyglot,5,01-01-02-02-02-02-22_r05.mp4,5457041,0.046986,1,
write,write,,,video_small,mongo_gridfs,5,01-01-02-02-02-02-22_r05.mp4,5457041,0.042607,1,
write,write,,,video_small,polyglot,5,01-01-02-02-02-02-23_r05.mp4,5457041,0.042943,1,
write,write,,,video_small,mongo_gridfs,5,01-01-02-02-02-02-23_r05.mp4,5457041,0.046723,1,
write,write,,,video_small,pg_bytea,5,01-01-02-02-02-02-23_r05.mp4,5457041,0.240146,1,
write,write,,,video_small,mongo_gridfs,5,01-01-03-01-01-01-12_r05.mp4,5457041,0.046327,1,
write,write,,,video_small,polyglot,5,01-01-03-01-01-01-12_r05.mp4,5457041,0.043486,1,
write,write,,,video_small,pg_bytea,5,01-01-03-01-01-01-12_r05.mp4,5457041,0.609887,1,
write,write,,,video_small,mongo_gridfs,5,01-01-03-01-01-01-15_r05.mp4,5457041,0.062206,1,
write,write,,,video_small,pg_bytea,5,01-01-03-01-01-01-15_r05.mp4,5457041,0.267961,1,
write,write,,,video_small,polyglot,5,01-01-03-01-01-01-15_r05.mp4,5457041,0.053008,1,
write,write,,,video_small,mongo_gridfs,5,01-01-03-01-02-01-08_r05.mp4,5498397,0.059557,1,
write,write,,,video_small,pg_bytea,5,01-01-03-01-02-01-08_r05.mp4,5498397,0.326893,1,
write,write,,,video_small,polyglot,5,01-01-03-01-02-01-08_r05.mp4,5498397,0.042444,1,
write,write,,,video_small,pg_bytea,5,01-01-03-01-02-01-21_r05.mp4,5498397,0.353186,1,
write,write,,,video_small,mongo_gridfs,5,01-01-03-01-02-01-21_r05.mp4,5498397,0.052719,1,
write,write,,,video_small,polyglot,5,01-01-03-01-02-01-21_r05.mp4,5498397,0.052456,1,
write,write,,,video_small,mongo_gridfs,5,01-01-03-02-01-01-21_r05.mp4,5457041,0.052140,1,
write,write,,,video_small,polyglot,5,01-01-03-02-01-01-21_r05.mp4,5457041,0.055568,1,
write,write,,,video_small,pg_bytea,5,01-01-03-02-01-01-21_r05.mp4,5457041,0.309622,1,
write,write,,,video_small,polyglot,5,01-01-03-02-01-01-24_r05.mp4,5457041,0.050343,1,
write,write,,,video_small,mongo_gridfs,5,01-01-03-02-01-01-24_r05.mp4,5457041,0.052170,1,
write,write,,,video_small,pg_bytea,5,01-01-03-02-01-01-24_r05.mp4,5457041,0.547680,1,
write,write,,,video_small,polyglot,5,01-01-03-02-01-02-01_r05.mp4,5457041,0.059696,1,
write,write,,,video_small,pg_bytea,5,01-01-03-02-01-02-01_r05.mp4,5457041,0.483737,1,
write,write,,,video_small,mongo_gridfs,5,01-01-03-02-01-02-01_r05.mp4,5457041,0.049924,1,
write,write,,,video_small,pg_bytea,5,01-01-03-02-01-02-15_r05.mp4,5457041,0.176827,1,
write,write,,,video_small,polyglot,5,01-01-03-02-01-02-15_r05.mp4,5457041,0.046388,1,
write,write,,,video_small,mongo_gridfs,5,01-01-03-02-01-02-15_r05.mp4,5457041,0.045315,1,
write,write,,,video_small,pg_bytea,5,01-01-03-02-02-01-05_r05.mp4,5457041,0.168464,1,
write,write,,,video_small,mongo_gridfs,5,01-01-03-02-02-01-05_r05.mp4,5457041,0.046643,1,
write,write,,,video_small,polyglot,5,01-01-03-02-02-01-05_r05.mp4,5457041,0.088516,1,
write,write,,,video_small,polyglot,5,01-01-03-02-02-01-12_r05.mp4,5457041,0.064996,1,
write,write,,,video_small,mongo_gridfs,5,01-01-03-02-02-01-12_r05.mp4,5457041,0.048961,1,
write,write,,,video_small,pg_bytea,5,01-01-03-02-02-01-12_r05.mp4,5457041,0.244502,1,
write,write,,,video_small,pg_bytea,5,01-01-03-02-02-01-15_r05.mp4,5498397,0.450706,1,
write,write,,,video_small,polyglot,5,01-01-03-02-02-01-15_r05.mp4,5498397,0.060474,1,
write,write,,,video_small,mongo_gridfs,5,01-01-03-02-02-01-15_r05.mp4,5498397,0.050810,1,
write,write,,,video_small,pg_bytea,5,01-01-04-01-01-01-03_r05.mp4,5457041,0.373536,1,
write,write,,,video_small,mongo_gridfs,5,01-01-04-01-01-01-03_r05.mp4,5457041,0.045318,1,
write,write,,,video_small,polyglot,5,01-01-04-01-01-01-03_r05.mp4,5457041,0.050264,1,
write,write,,,video_small,polyglot,5,01-01-04-01-01-01-05_r05.mp4,5498397,0.052071,1,
write,write,,,video_small,mongo_gridfs,5,01-01-04-01-01-01-05_r05.mp4,5498397,0.049080,1,
write,write,,,video_small,pg_bytea,5,01-01-04-01-01-01-05_r05.mp4,5498397,0.265512,1,
write,write,,,video_small,mongo_gridfs,5,01-01-04-01-01-01-10_r05.mp4,5457041,0.082003,1,
write,write,,,video_small,pg_bytea,5,01-01-04-01-01-01-10_r05.mp4,5457041,0.161292,1,
write,write,,,video_small,polyglot,5,01-01-04-01-01-01-10_r05.mp4,5457041,0.056009,1,
write,write,,,video_small,polyglot,5,01-01-04-01-01-01-16_r05.mp4,5457041,0.051746,1,
write,write,,,video_small,mongo_gridfs,5,01-01-04-01-01-01-16_r05.mp4,5457041,0.104796,1,
write,write,,,video_small,pg_bytea,5,01-01-04-01-01-01-16_r05.mp4,5457041,0.223731,1,
write,write,,,video_small,mongo_gridfs,5,01-01-04-01-02-01-19_r05.mp4,5498397,0.042263,1,
write,write,,,video_small,polyglot,5,01-01-04-01-02-01-19_r05.mp4,5498397,0.041801,1,
write,write,,,video_small,pg_bytea,5,01-01-04-01-02-01-19_r05.mp4,5498397,0.270796,1,
write,write,,,video_small,mongo_gridfs,5,01-01-04-01-02-01-21_r05.mp4,5498397,0.048171,1,
write,write,,,video_small,pg_bytea,5,01-01-04-01-02-01-21_r05.mp4,5498397,0.271380,1,
write,write,,,video_small,polyglot,5,01-01-04-01-02-01-21_r05.mp4,5498397,0.044307,1,
write,write,,,video_small,mongo_gridfs,5,01-01-04-01-02-01-22_r05.mp4,5498397,0.044284,1,
write,write,,,video_small,pg_bytea,5,01-01-04-01-02-01-22_r05.mp4,5498397,0.290582,1,
write,write,,,video_small,polyglot,5,01-01-04-01-02-01-22_r05.mp4,5498397,0.042531,1,
write,write,,,video_small,polyglot,5,01-01-04-02-01-01-18_r05.mp4,5498397,0.046627,1,
write,write,,,video_small,pg_bytea,5,01-01-04-02-01-01-18_r05.mp4,5498397,0.284600,1,
write,write,,,video_small,mongo_gridfs,5,01-01-04-02-01-01-18_r05.mp4,5498397,0.046141,1,
write,write,,,video_small,polyglot,5,01-01-04-02-01-01-19_r05.mp4,5457041,0.039434,1,
write,write,,,video_small,mongo_gridfs,5,01-01-04-02-01-01-19_r05.mp4,5457041,0.088351,1,
write,write,,,video_small,pg_bytea,5,01-01-04-02-01-01-19_r05.mp4,5457041,0.849650,1,
write,write,,,video_small,pg_bytea,5,01-01-04-02-02-01-02_r05.mp4,5498397,0.293807,1,
write,write,,,video_small,mongo_gridfs,5,01-01-04-02-02-01-02_r05.mp4,5498397,0.060925,1,
write,write,,,video_small,polyglot,5,01-01-04-02-02-01-02_r05.mp4,5498397,0.061878,1,
write,write,,,video_small,mongo_gridfs,5,01-01-04-02-02-01-05_r05.mp4,5498397,0.068127,1,
write,write,,,video_small,pg_bytea,5,01-01-04-02-02-01-05_r05.mp4,5498397,0.411427,1,
write,write,,,video_small,polyglot,5,01-01-04-02-02-01-05_r05.mp4,5498397,0.046407,1,
write,write,,,video_small,polyglot,5,01-01-04-02-02-01-06_r05.mp4,5498397,0.062598,1,
write,write,,,video_small,mongo_gridfs,5,01-01-04-02-02-01-06_r05.mp4,5498397,0.047835,1,
write,write,,,video_small,pg_bytea,5,01-01-04-02-02-01-06_r05.mp4,5498397,0.393284,1,
write,write,,,video_small,polyglot,5,01-01-04-02-02-01-13_r05.mp4,5498397,0.069441,1,
write,write,,,video_small,pg_bytea,5,01-01-04-02-02-01-13_r05.mp4,5498397,0.323234,1,
write,write,,,video_small,mongo_gridfs,5,01-01-04-02-02-01-13_r05.mp4,5498397,0.074618,1,
write,write,,,video_small,mongo_gridfs,5,01-01-04-02-02-01-17_r05.mp4,5498397,0.108050,1,
write,write,,,video_small,polyglot,5,01-01-04-02-02-01-17_r05.mp4,5498397,0.054613,1,
write,write,,,video_small,pg_bytea,5,01-01-04-02-02-01-17_r05.mp4,5498397,0.160085,1,
write,write,,,video_small,polyglot,5,01-01-04-02-02-02-19_r05.mp4,5498397,0.051901,1,
write,write,,,video_small,pg_bytea,5,01-01-04-02-02-02-19_r05.mp4,5498397,0.160814,1,
write,write,,,video_small,mongo_gridfs,5,01-01-04-02-02-02-19_r05.mp4,5498397,0.057946,1,
write,write,,,video_small,polyglot,5,01-01-05-01-01-02-09_r05.mp4,5457041,0.041843,1,
write,write,,,video_small,pg_bytea,5,01-01-05-01-01-02-09_r05.mp4,5457041,0.228807,1,
write,write,,,video_small,mongo_gridfs,5,01-01-05-01-01-02-09_r05.mp4,5457041,0.041967,1,
write,write,,,video_small,pg_bytea,5,01-01-05-01-01-02-19_r05.mp4,5498397,0.488264,1,
write,write,,,video_small,polyglot,5,01-01-05-01-01-02-19_r05.mp4,5498397,0.078982,1,
write,write,,,video_small,mongo_gridfs,5,01-01-05-01-01-02-19_r05.mp4,5498397,0.061129,1,
write,write,,,video_small,mongo_gridfs,5,01-01-05-01-01-02-21_r05.mp4,5457041,0.073743,1,
write,write,,,video_small,polyglot,5,01-01-05-01-01-02-21_r05.mp4,5457041,0.053073,1,
write,write,,,video_small,pg_bytea,5,01-01-05-01-01-02-21_r05.mp4,5457041,0.283236,1,
write,write,,,video_small,polyglot,5,01-01-05-01-02-01-19_r05.mp4,5457041,0.049233,1,
write,write,,,video_small,pg_bytea,5,01-01-05-01-02-01-19_r05.mp4,5457041,0.318121,1,
write,write,,,video_small,mongo_gridfs,5,01-01-05-01-02-01-19_r05.mp4,5457041,0.046510,1,
write,write,,,video_small,mongo_gridfs,5,01-01-05-01-02-02-04_r05.mp4,5457041,0.084462,1,
write,write,,,video_small,polyglot,5,01-01-05-01-02-02-04_r05.mp4,5457041,0.084665,1,
write,write,,,video_small,pg_bytea,5,01-01-05-01-02-02-04_r05.mp4,5457041,0.254347,1,
write,write,,,video_small,polyglot,5,01-01-05-01-02-02-05_r05.mp4,5498397,0.041271,1,
write,write,,,video_small,pg_bytea,5,01-01-05-01-02-02-05_r05.mp4,5498397,0.304539,1,
write,write,,,video_small,mongo_gridfs,5,01-01-05-01-02-02-05_r05.mp4,5498397,0.048045,1,
write,write,,,video_small,mongo_gridfs,5,01-01-05-02-01-02-04_r05.mp4,5457041,0.045437,1,
write,write,,,video_small,pg_bytea,5,01-01-05-02-01-02-04_r05.mp4,5457041,0.227866,1,
write,write,,,video_small,polyglot,5,01-01-05-02-01-02-04_r05.mp4,5457041,0.040622,1,
write,write,,,video_small,mongo_gridfs,5,01-01-05-02-01-02-12_r05.mp4,5457041,0.045352,1,
write,write,,,video_small,pg_bytea,5,01-01-05-02-01-02-12_r05.mp4,5457041,0.204347,1,
write,write,,,video_small,polyglot,5,01-01-05-02-01-02-12_r05.mp4,5457041,0.057089,1,
write,write,,,video_small,mongo_gridfs,5,01-01-05-02-01-02-14_r05.mp4,5457041,0.042714,1,
write,write,,,video_small,polyglot,5,01-01-05-02-01-02-14_r05.mp4,5457041,0.044912,1,
write,write,,,video_small,pg_bytea,5,01-01-05-02-01-02-14_r05.mp4,5457041,0.224686,1,
write,write,,,video_small,pg_bytea,5,01-01-05-02-02-02-19_r05.mp4,5498397,0.269413,1,
write,write,,,video_small,mongo_gridfs,5,01-01-05-02-02-02-19_r05.mp4,5498397,0.048000,1,
write,write,,,video_small,polyglot,5,01-01-05-02-02-02-19_r05.mp4,5498397,0.043882,1,
write,write,,,video_small,pg_bytea,5,01-01-05-02-02-02-20_r05.mp4,5498397,0.160941,1,
write,write,,,video_small,polyglot,5,01-01-05-02-02-02-20_r05.mp4,5498397,0.041982,1,
write,write,,,video_small,mongo_gridfs,5,01-01-05-02-02-02-20_r05.mp4,5498397,0.042180,1,
write,write,,,video_small,mongo_gridfs,5,01-01-05-02-02-02-23_r05.mp4,5457041,0.058053,1,
write,write,,,video_small,pg_bytea,5,01-01-05-02-02-02-23_r05.mp4,5457041,0.272058,1,
write,write,,,video_small,polyglot,5,01-01-05-02-02-02-23_r05.mp4,5457041,0.090591,1,
write,write,,,video_small,polyglot,5,01-01-06-01-01-01-08_r05.mp4,5457041,0.040635,1,
write,write,,,video_small,pg_bytea,5,01-01-06-01-01-01-08_r05.mp4,5457041,0.146974,1,
write,write,,,video_small,mongo_gridfs,5,01-01-06-01-01-01-08_r05.mp4,5457041,0.050328,1,
write,write,,,video_small,pg_bytea,5,01-01-06-01-01-01-19_r05.mp4,5457041,0.140916,1,
write,write,,,video_small,mongo_gridfs,5,01-01-06-01-01-01-19_r05.mp4,5457041,0.042521,1,
write,write,,,video_small,polyglot,5,01-01-06-01-01-01-19_r05.mp4,5457041,0.047305,1,
write,write,,,video_small,pg_bytea,5,01-01-06-01-01-01-24_r05.mp4,5498397,0.586644,1,
write,write,,,video_small,mongo_gridfs,5,01-01-06-01-01-01-24_r05.mp4,5498397,0.046004,1,
write,write,,,video_small,polyglot,5,01-01-06-01-01-01-24_r05.mp4,5498397,0.042035,1,
write,write,,,video_medium,polyglot,5,tsinghua_v_0024_r05.mp4,13091522,0.097820,1,
write,write,,,video_medium,mongo_gridfs,5,tsinghua_v_0024_r05.mp4,13091522,0.104791,1,
write,write,,,video_medium,pg_bytea,5,tsinghua_v_0024_r05.mp4,13091522,0.862738,1,
write,write,,,video_medium,polyglot,5,tsinghua_v_0046_r05.mp4,13091522,0.108763,1,
write,write,,,video_medium,pg_bytea,5,tsinghua_v_0046_r05.mp4,13091522,0.743753,1,
write,write,,,video_medium,mongo_gridfs,5,tsinghua_v_0046_r05.mp4,13091522,0.115856,1,
write,write,,,video_medium,pg_bytea,5,tsinghua_v_0076_r05.mp4,13091522,0.594501,1,
write,write,,,video_medium,polyglot,5,tsinghua_v_0076_r05.mp4,13091522,0.105944,1,
write,write,,,video_medium,mongo_gridfs,5,tsinghua_v_0076_r05.mp4,13091522,0.216597,1,
write,write,,,video_medium,pg_bytea,5,tsinghua_v_0080_r05.mp4,13091522,0.736563,1,
write,write,,,video_medium,mongo_gridfs,5,tsinghua_v_0080_r05.mp4,13091522,0.108252,1,
write,write,,,video_medium,polyglot,5,tsinghua_v_0080_r05.mp4,13091522,0.107788,1,
write,write,,,video_medium,pg_bytea,5,tsinghua_v_0109_r05.mp4,13091522,0.600759,1,
write,write,,,video_medium,polyglot,5,tsinghua_v_0109_r05.mp4,13091522,0.110881,1,
write,write,,,video_medium,mongo_gridfs,5,tsinghua_v_0109_r05.mp4,13091522,0.103955,1,
write,write,,,video_medium,pg_bytea,5,tsinghua_v_0123_r05.mp4,13091522,0.726133,1,
write,write,,,video_medium,polyglot,5,tsinghua_v_0123_r05.mp4,13091522,0.097876,1,
write,write,,,video_medium,mongo_gridfs,5,tsinghua_v_0123_r05.mp4,13091522,0.105769,1,
write,write,,,video_medium,pg_bytea,5,tsinghua_v_0130_r05.mp4,13091522,0.675676,1,
write,write,,,video_medium,polyglot,5,tsinghua_v_0130_r05.mp4,13091522,0.103897,1,
write,write,,,video_medium,mongo_gridfs,5,tsinghua_v_0130_r05.mp4,13091522,0.104089,1,
write,write,,,video_medium,pg_bytea,5,tsinghua_v_0135_r05.mp4,13091522,0.677197,1,
write,write,,,video_medium,mongo_gridfs,5,tsinghua_v_0135_r05.mp4,13091522,0.115582,1,
write,write,,,video_medium,polyglot,5,tsinghua_v_0135_r05.mp4,13091522,0.110213,1,
write,write,,,video_medium,polyglot,5,tsinghua_v_0137_r05.mp4,13091522,0.111854,1,
write,write,,,video_medium,pg_bytea,5,tsinghua_v_0137_r05.mp4,13091522,0.511666,1,
write,write,,,video_medium,mongo_gridfs,5,tsinghua_v_0137_r05.mp4,13091522,0.108862,1,
write,write,,,video_medium,pg_bytea,5,tsinghua_v_0140_r05.mp4,13091522,0.343578,1,
write,write,,,video_medium,polyglot,5,tsinghua_v_0140_r05.mp4,13091522,0.097844,1,
write,write,,,video_medium,mongo_gridfs,5,tsinghua_v_0140_r05.mp4,13091522,0.106059,1,
write,write,,,video_medium,pg_bytea,5,tsinghua_v_0151_r05.mp4,13091522,0.400678,1,
write,write,,,video_medium,polyglot,5,tsinghua_v_0151_r05.mp4,13091522,0.123902,1,
write,write,,,video_medium,mongo_gridfs,5,tsinghua_v_0151_r05.mp4,13091522,0.153726,1,
write,write,,,video_medium,mongo_gridfs,5,tsinghua_v_0157_r05.mp4,13091522,0.114715,1,
write,write,,,video_medium,pg_bytea,5,tsinghua_v_0157_r05.mp4,13091522,0.376616,1,
write,write,,,video_medium,polyglot,5,tsinghua_v_0157_r05.mp4,13091522,0.094901,1,
write,write,,,video_medium,polyglot,5,tsinghua_v_0209_r05.mp4,13091522,0.108611,1,
write,write,,,video_medium,pg_bytea,5,tsinghua_v_0209_r05.mp4,13091522,0.397516,1,
write,write,,,video_medium,mongo_gridfs,5,tsinghua_v_0209_r05.mp4,13091522,0.108668,1,
write,write,,,video_medium,pg_bytea,5,tsinghua_v_0226_r05.mp4,13091522,0.333632,1,
write,write,,,video_medium,polyglot,5,tsinghua_v_0226_r05.mp4,13091522,0.105637,1,
write,write,,,video_medium,mongo_gridfs,5,tsinghua_v_0226_r05.mp4,13091522,0.102572,1,
write,write,,,video_medium,mongo_gridfs,5,tsinghua_v_0236_r05.mp4,13091522,0.109592,1,
write,write,,,video_medium,pg_bytea,5,tsinghua_v_0236_r05.mp4,13091522,0.407223,1,
write,write,,,video_medium,polyglot,5,tsinghua_v_0236_r05.mp4,13091522,0.101188,1,
write,write,,,video_medium,mongo_gridfs,5,tsinghua_v_0274_r05.mp4,13091522,0.099921,1,
write,write,,,video_medium,polyglot,5,tsinghua_v_0274_r05.mp4,13091522,0.130029,1,
write,write,,,video_medium,pg_bytea,5,tsinghua_v_0274_r05.mp4,13091522,0.350214,1,
write,write,,,video_medium,polyglot,5,tsinghua_v_0280_r05.mp4,13091522,0.093666,1,
write,write,,,video_medium,pg_bytea,5,tsinghua_v_0280_r05.mp4,13091522,0.637050,1,
write,write,,,video_medium,mongo_gridfs,5,tsinghua_v_0280_r05.mp4,13091522,0.116734,1,
write,write,,,video_medium,pg_bytea,5,tsinghua_v_0302_r05.mp4,13091522,0.359319,1,
write,write,,,video_medium,mongo_gridfs,5,tsinghua_v_0302_r05.mp4,13091522,0.148570,1,
write,write,,,video_medium,polyglot,5,tsinghua_v_0302_r05.mp4,13091522,0.126200,1,
write,write,,,video_medium,pg_bytea,5,tsinghua_v_0311_r05.mp4,13091522,0.330987,1,
write,write,,,video_medium,mongo_gridfs,5,tsinghua_v_0311_r05.mp4,13091522,0.102279,1,
write,write,,,video_medium,polyglot,5,tsinghua_v_0311_r05.mp4,13091522,0.106440,1,
write,write,,,video_medium,polyglot,5,tsinghua_v_0316_r05.mp4,13091522,0.117816,1,
write,write,,,video_medium,pg_bytea,5,tsinghua_v_0316_r05.mp4,13091522,0.446770,1,
write,write,,,video_medium,mongo_gridfs,5,tsinghua_v_0316_r05.mp4,13091522,0.115787,1,
write,write,,,video_medium,polyglot,5,tsinghua_v_0319_r05.mp4,13091522,0.141746,1,
write,write,,,video_medium,mongo_gridfs,5,tsinghua_v_0319_r05.mp4,13091522,0.107652,1,
write,write,,,video_medium,pg_bytea,5,tsinghua_v_0319_r05.mp4,13091522,0.701253,1,
write,write,,,video_medium,polyglot,5,tsinghua_v_0321_r05.mp4,13091522,0.096895,1,
write,write,,,video_medium,pg_bytea,5,tsinghua_v_0321_r05.mp4,13091522,0.464828,1,
write,write,,,video_medium,mongo_gridfs,5,tsinghua_v_0321_r05.mp4,13091522,0.104524,1,
write,write,,,video_medium,polyglot,5,tsinghua_v_0331_r05.mp4,13091522,0.110193,1,
write,write,,,video_medium,pg_bytea,5,tsinghua_v_0331_r05.mp4,13091522,0.366901,1,
write,write,,,video_medium,mongo_gridfs,5,tsinghua_v_0331_r05.mp4,13091522,0.165331,1,
write,write,,,video_medium,polyglot,5,tsinghua_v_0345_r05.mp4,13091522,0.187977,1,
write,write,,,video_medium,pg_bytea,5,tsinghua_v_0345_r05.mp4,13091522,0.388107,1,
write,write,,,video_medium,mongo_gridfs,5,tsinghua_v_0345_r05.mp4,13091522,0.113321,1,
write,write,,,video_medium,pg_bytea,5,tsinghua_v_0356_r05.mp4,13091522,0.382437,1,
write,write,,,video_medium,mongo_gridfs,5,tsinghua_v_0356_r05.mp4,13091522,0.113118,1,
write,write,,,video_medium,polyglot,5,tsinghua_v_0356_r05.mp4,13091522,0.110760,1,
write,write,,,video_medium,mongo_gridfs,5,tsinghua_v_0357_r05.mp4,13091522,0.120535,1,
write,write,,,video_medium,polyglot,5,tsinghua_v_0357_r05.mp4,13091522,0.149572,1,
write,write,,,video_medium,pg_bytea,5,tsinghua_v_0357_r05.mp4,13091522,0.413536,1,
write,write,,,video_medium,pg_bytea,5,tsinghua_v_0379_r05.mp4,13091522,0.449402,1,
write,write,,,video_medium,polyglot,5,tsinghua_v_0379_r05.mp4,13091522,0.111364,1,
write,write,,,video_medium,mongo_gridfs,5,tsinghua_v_0379_r05.mp4,13091522,0.100349,1,
write,write,,,video_medium,pg_bytea,5,tsinghua_v_0393_r05.mp4,13091522,0.442606,1,
write,write,,,video_medium,polyglot,5,tsinghua_v_0393_r05.mp4,13091522,0.106357,1,
write,write,,,video_medium,mongo_gridfs,5,tsinghua_v_0393_r05.mp4,13091522,0.107592,1,
write,write,,,video_medium,mongo_gridfs,5,tsinghua_v_0421_r05.mp4,13091522,0.108379,1,
write,write,,,video_medium,polyglot,5,tsinghua_v_0421_r05.mp4,13091522,0.132887,1,
write,write,,,video_medium,pg_bytea,5,tsinghua_v_0421_r05.mp4,13091522,0.490522,1,
write,write,,,video_medium,mongo_gridfs,5,tsinghua_v_0424_r05.mp4,13091522,0.126090,1,
write,write,,,video_medium,pg_bytea,5,tsinghua_v_0424_r05.mp4,13091522,0.459691,1,
write,write,,,video_medium,polyglot,5,tsinghua_v_0424_r05.mp4,13091522,0.092134,1,
write,write,,,video_medium,polyglot,5,tsinghua_v_0427_r05.mp4,13091522,0.097955,1,
write,write,,,video_medium,pg_bytea,5,tsinghua_v_0427_r05.mp4,13091522,0.371218,1,
write,write,,,video_medium,mongo_gridfs,5,tsinghua_v_0427_r05.mp4,13091522,0.106742,1,
write,write,,,video_medium,polyglot,5,tsinghua_v_0431_r05.mp4,13091522,0.215102,1,
write,write,,,video_medium,mongo_gridfs,5,tsinghua_v_0431_r05.mp4,13091522,0.095818,1,
write,write,,,video_medium,pg_bytea,5,tsinghua_v_0431_r05.mp4,13091522,0.673198,1,
write,write,,,video_medium,polyglot,5,tsinghua_v_0452_r05.mp4,13091522,0.098589,1,
write,write,,,video_medium,mongo_gridfs,5,tsinghua_v_0452_r05.mp4,13091522,0.252806,1,
write,write,,,video_medium,pg_bytea,5,tsinghua_v_0452_r05.mp4,13091522,0.357474,1,
write,write,,,video_medium,mongo_gridfs,5,tsinghua_v_0454_r05.mp4,13091522,0.098331,1,
write,write,,,video_medium,pg_bytea,5,tsinghua_v_0454_r05.mp4,13091522,0.686401,1,
write,write,,,video_medium,polyglot,5,tsinghua_v_0454_r05.mp4,13091522,0.103687,1,
write,write,,,video_medium,polyglot,5,tsinghua_v_0457_r05.mp4,13091522,0.102372,1,
write,write,,,video_medium,pg_bytea,5,tsinghua_v_0457_r05.mp4,13091522,0.519944,1,
write,write,,,video_medium,mongo_gridfs,5,tsinghua_v_0457_r05.mp4,13091522,0.100410,1,
write,write,,,video_medium,polyglot,5,tsinghua_v_0466_r05.mp4,13091522,0.093982,1,
write,write,,,video_medium,mongo_gridfs,5,tsinghua_v_0466_r05.mp4,13091522,0.095948,1,
write,write,,,video_medium,pg_bytea,5,tsinghua_v_0466_r05.mp4,13091522,0.834788,1,
write,write,,,video_medium,polyglot,5,tsinghua_v_0471_r05.mp4,13091522,0.098501,1,
write,write,,,video_medium,pg_bytea,5,tsinghua_v_0471_r05.mp4,13091522,0.657219,1,
write,write,,,video_medium,mongo_gridfs,5,tsinghua_v_0471_r05.mp4,13091522,0.128831,1,
write,write,,,video_medium,mongo_gridfs,5,tsinghua_v_0472_r05.mp4,13091522,0.103940,1,
write,write,,,video_medium,pg_bytea,5,tsinghua_v_0472_r05.mp4,13091522,0.673913,1,
write,write,,,video_medium,polyglot,5,tsinghua_v_0472_r05.mp4,13091522,0.116873,1,
write,write,,,video_medium,pg_bytea,5,tsinghua_v_0494_r05.mp4,13091522,0.445520,1,
write,write,,,video_medium,mongo_gridfs,5,tsinghua_v_0494_r05.mp4,13091522,0.112723,1,
write,write,,,video_medium,polyglot,5,tsinghua_v_0494_r05.mp4,13091522,0.101698,1,
write,write,,,video_medium,pg_bytea,5,tsinghua_v_0503_r05.mp4,13091522,1.129662,1,
write,write,,,video_medium,polyglot,5,tsinghua_v_0503_r05.mp4,13091522,0.096112,1,
write,write,,,video_medium,mongo_gridfs,5,tsinghua_v_0503_r05.mp4,13091522,0.089284,1,
write,write,,,video_medium,mongo_gridfs,5,tsinghua_v_0509_r05.mp4,13091522,0.103628,1,
write,write,,,video_medium,pg_bytea,5,tsinghua_v_0509_r05.mp4,13091522,0.398508,1,
write,write,,,video_medium,polyglot,5,tsinghua_v_0509_r05.mp4,13091522,0.093687,1,
write,write,,,video_medium,pg_bytea,5,tsinghua_v_0523_r05.mp4,13091522,0.581070,1,
write,write,,,video_medium,mongo_gridfs,5,tsinghua_v_0523_r05.mp4,13091522,0.107255,1,
write,write,,,video_medium,polyglot,5,tsinghua_v_0523_r05.mp4,13091522,0.131121,1,
write,write,,,video_medium,polyglot,5,tsinghua_v_0546_r05.mp4,13091522,0.126112,1,
write,write,,,video_medium,pg_bytea,5,tsinghua_v_0546_r05.mp4,13091522,0.828921,1,
write,write,,,video_medium,mongo_gridfs,5,tsinghua_v_0546_r05.mp4,13091522,0.173175,1,
write,write,,,video_medium,polyglot,5,tsinghua_v_0568_r05.mp4,13091522,0.096559,1,
write,write,,,video_medium,pg_bytea,5,tsinghua_v_0568_r05.mp4,13091522,2.557864,1,
write,write,,,video_medium,mongo_gridfs,5,tsinghua_v_0568_r05.mp4,13091522,0.150879,1,
write,write,,,video_medium,mongo_gridfs,5,tsinghua_v_0594_r05.mp4,13091522,0.123281,1,
write,write,,,video_medium,pg_bytea,5,tsinghua_v_0594_r05.mp4,13091522,1.604246,1,
write,write,,,video_medium,polyglot,5,tsinghua_v_0594_r05.mp4,13091522,0.135465,1,
write,write,,,video_medium,pg_bytea,5,tsinghua_v_0596_r05.mp4,13091522,0.463453,1,
write,write,,,video_medium,polyglot,5,tsinghua_v_0596_r05.mp4,13091522,0.122119,1,
write,write,,,video_medium,mongo_gridfs,5,tsinghua_v_0596_r05.mp4,13091522,0.615435,1,
write,write,,,video_medium,polyglot,5,tsinghua_v_0635_r05.mp4,13091522,0.728663,1,
write,write,,,video_medium,pg_bytea,5,tsinghua_v_0635_r05.mp4,13091522,0.496325,1,
write,write,,,video_medium,mongo_gridfs,5,tsinghua_v_0635_r05.mp4,13091522,0.091252,1,
write,write,,,video_medium,pg_bytea,5,tsinghua_v_0653_r05.mp4,13091522,0.362895,1,
write,write,,,video_medium,mongo_gridfs,5,tsinghua_v_0653_r05.mp4,13091522,0.183976,1,
write,write,,,video_medium,polyglot,5,tsinghua_v_0653_r05.mp4,13091522,0.328460,1,
write,write,,,video_medium,polyglot,5,tsinghua_v_0667_r05.mp4,13091522,0.101339,1,
write,write,,,video_medium,pg_bytea,5,tsinghua_v_0667_r05.mp4,13091522,0.907998,1,
write,write,,,video_medium,mongo_gridfs,5,tsinghua_v_0667_r05.mp4,13091522,0.128216,1,
write,write,,,video_medium,polyglot,5,tsinghua_v_0673_r05.mp4,13091522,0.126750,1,
write,write,,,video_medium,mongo_gridfs,5,tsinghua_v_0673_r05.mp4,13091522,0.122280,1,
write,write,,,video_medium,pg_bytea,5,tsinghua_v_0673_r05.mp4,13091522,0.391513,1,
write,write,,,video_medium,pg_bytea,5,tsinghua_v_0681_r05.mp4,13091522,0.379032,1,
write,write,,,video_medium,mongo_gridfs,5,tsinghua_v_0681_r05.mp4,13091522,0.126700,1,
write,write,,,video_medium,polyglot,5,tsinghua_v_0681_r05.mp4,13091522,0.099989,1,
write,write,,,video_medium,polyglot,5,tsinghua_v_0690_r05.mp4,13091522,0.106617,1,
write,write,,,video_medium,mongo_gridfs,5,tsinghua_v_0690_r05.mp4,13091522,0.262705,1,
write,write,,,video_medium,pg_bytea,5,tsinghua_v_0690_r05.mp4,13091522,0.806492,1,
write,write,,,video_medium,mongo_gridfs,5,tsinghua_v_0692_r05.mp4,13091522,0.100679,1,
write,write,,,video_medium,pg_bytea,5,tsinghua_v_0692_r05.mp4,13091522,0.395431,1,
write,write,,,video_medium,polyglot,5,tsinghua_v_0692_r05.mp4,13091522,0.116368,1,
write,write,,,video_medium,pg_bytea,5,tsinghua_v_0696_r05.mp4,13091522,0.412728,1,
write,write,,,video_medium,polyglot,5,tsinghua_v_0696_r05.mp4,13091522,0.102905,1,
write,write,,,video_medium,mongo_gridfs,5,tsinghua_v_0696_r05.mp4,13091522,0.112163,1,
write,write,,,video_medium,polyglot,5,tsinghua_v_0734_r05.mp4,13091522,0.113687,1,
write,write,,,video_medium,mongo_gridfs,5,tsinghua_v_0734_r05.mp4,13091522,0.130228,1,
write,write,,,video_medium,pg_bytea,5,tsinghua_v_0734_r05.mp4,13091522,0.829235,1,
write,write,,,video_medium,pg_bytea,5,tsinghua_v_0737_r05.mp4,13091522,0.613514,1,
write,write,,,video_medium,mongo_gridfs,5,tsinghua_v_0737_r05.mp4,13091522,0.104753,1,
write,write,,,video_medium,polyglot,5,tsinghua_v_0737_r05.mp4,13091522,0.110538,1,
write,write,,,video_medium,pg_bytea,5,tsinghua_v_0744_r05.mp4,13091522,0.783637,1,
write,write,,,video_medium,mongo_gridfs,5,tsinghua_v_0744_r05.mp4,13091522,0.107151,1,
write,write,,,video_medium,polyglot,5,tsinghua_v_0744_r05.mp4,13091522,0.111673,1,
write,write,,,video_medium,pg_bytea,5,tsinghua_v_0745_r05.mp4,13091522,0.906633,1,
write,write,,,video_medium,mongo_gridfs,5,tsinghua_v_0745_r05.mp4,13091522,0.107783,1,
write,write,,,video_medium,polyglot,5,tsinghua_v_0745_r05.mp4,13091522,0.115431,1,
write,write,,,video_medium,pg_bytea,5,tsinghua_v_0769_r05.mp4,13091522,0.491904,1,
write,write,,,video_medium,mongo_gridfs,5,tsinghua_v_0769_r05.mp4,13091522,0.160775,1,
write,write,,,video_medium,polyglot,5,tsinghua_v_0769_r05.mp4,13091522,1.036845,1,
write,write,,,video_medium,polyglot,5,tsinghua_v_0791_r05.mp4,13091522,0.118839,1,
write,write,,,video_medium,mongo_gridfs,5,tsinghua_v_0791_r05.mp4,13091522,0.105152,1,
write,write,,,video_medium,pg_bytea,5,tsinghua_v_0791_r05.mp4,13091522,0.558797,1,
write,write,,,video_medium,pg_bytea,5,tsinghua_v_0792_r05.mp4,13091522,0.567417,1,
write,write,,,video_medium,mongo_gridfs,5,tsinghua_v_0792_r05.mp4,13091522,0.114498,1,
write,write,,,video_medium,polyglot,5,tsinghua_v_0792_r05.mp4,13091522,0.146367,1,
write,write,,,video_medium,mongo_gridfs,5,tsinghua_v_0857_r05.mp4,13091522,0.105647,1,
write,write,,,video_medium,polyglot,5,tsinghua_v_0857_r05.mp4,13091522,0.128837,1,
write,write,,,video_medium,pg_bytea,5,tsinghua_v_0857_r05.mp4,13091522,1.378154,1,
write,write,,,video_medium,mongo_gridfs,5,tsinghua_v_0866_r05.mp4,13091522,0.103170,1,
write,write,,,video_medium,pg_bytea,5,tsinghua_v_0866_r05.mp4,13091522,0.371154,1,
write,write,,,video_medium,polyglot,5,tsinghua_v_0866_r05.mp4,13091522,0.110645,1,
write,write,,,video_medium,mongo_gridfs,5,tsinghua_v_0880_r05.mp4,13091522,0.106134,1,
write,write,,,video_medium,polyglot,5,tsinghua_v_0880_r05.mp4,13091522,0.108850,1,
write,write,,,video_medium,pg_bytea,5,tsinghua_v_0880_r05.mp4,13091522,0.367761,1,
write,write,,,video_medium,pg_bytea,5,tsinghua_v_0888_r05.mp4,13091522,0.366759,1,
write,write,,,video_medium,polyglot,5,tsinghua_v_0888_r05.mp4,13091522,0.104616,1,
write,write,,,video_medium,mongo_gridfs,5,tsinghua_v_0888_r05.mp4,13091522,0.095174,1,
write,write,,,video_medium,mongo_gridfs,5,tsinghua_v_0901_r05.mp4,13091522,0.105366,1,
write,write,,,video_medium,pg_bytea,5,tsinghua_v_0901_r05.mp4,13091522,0.374881,1,
write,write,,,video_medium,polyglot,5,tsinghua_v_0901_r05.mp4,13091522,0.112812,1,
write,write,,,video_medium,polyglot,5,tsinghua_v_0937_r05.mp4,13091522,0.113734,1,
write,write,,,video_medium,mongo_gridfs,5,tsinghua_v_0937_r05.mp4,13091522,0.133479,1,
write,write,,,video_medium,pg_bytea,5,tsinghua_v_0937_r05.mp4,13091522,0.606931,1,
write,write,,,video_medium,polyglot,5,tsinghua_v_0939_r05.mp4,13091522,0.092788,1,
write,write,,,video_medium,mongo_gridfs,5,tsinghua_v_0939_r05.mp4,13091522,0.099777,1,
write,write,,,video_medium,pg_bytea,5,tsinghua_v_0939_r05.mp4,13091522,0.662028,1,
write,write,,,video_medium,mongo_gridfs,5,tsinghua_v_0961_r05.mp4,13091522,0.102674,1,
write,write,,,video_medium,pg_bytea,5,tsinghua_v_0961_r05.mp4,13091522,0.588269,1,
write,write,,,video_medium,polyglot,5,tsinghua_v_0961_r05.mp4,13091522,0.121920,1,
write,write,,,video_medium,mongo_gridfs,5,tsinghua_v_0977_r05.mp4,13091522,0.097909,1,
write,write,,,video_medium,polyglot,5,tsinghua_v_0977_r05.mp4,13091522,0.102299,1,
write,write,,,video_medium,pg_bytea,5,tsinghua_v_0977_r05.mp4,13091522,0.606261,1,
write,write,,,audio_small,pg_bytea,6,03-01-01-01-01-02-19_r06.wav,375720,0.018064,1,
write,write,,,audio_small,mongo_gridfs,6,03-01-01-01-01-02-19_r06.wav,375720,0.040608,1,
write,write,,,audio_small,polyglot,6,03-01-01-01-01-02-19_r06.wav,375720,0.018734,1,
write,write,,,audio_small,pg_bytea,6,03-01-01-01-02-02-05_r06.wav,396294,0.013510,1,
write,write,,,audio_small,mongo_gridfs,6,03-01-01-01-02-02-05_r06.wav,396294,0.024242,1,
write,write,,,audio_small,polyglot,6,03-01-01-01-02-02-05_r06.wav,396294,0.784832,1,
write,write,,,audio_small,pg_bytea,6,03-01-01-01-02-02-06_r06.wav,363108,0.287441,1,
write,write,,,audio_small,mongo_gridfs,6,03-01-01-01-02-02-06_r06.wav,363108,0.008822,1,
write,write,,,audio_small,polyglot,6,03-01-01-01-02-02-06_r06.wav,363108,0.008755,1,
write,write,,,audio_small,polyglot,6,03-01-01-01-02-02-07_r06.wav,363108,0.014274,1,
write,write,,,audio_small,mongo_gridfs,6,03-01-01-01-02-02-07_r06.wav,363108,0.007393,1,
write,write,,,audio_small,pg_bytea,6,03-01-01-01-02-02-07_r06.wav,363108,0.011600,1,
write,write,,,audio_small,mongo_gridfs,6,03-01-01-01-02-02-11_r06.wav,375720,0.013860,1,
write,write,,,audio_small,pg_bytea,6,03-01-01-01-02-02-11_r06.wav,375720,0.020520,1,
write,write,,,audio_small,polyglot,6,03-01-01-01-02-02-11_r06.wav,375720,0.007593,1,
write,write,,,audio_small,mongo_gridfs,6,03-01-01-01-02-02-12_r06.wav,372698,0.017668,1,
write,write,,,audio_small,polyglot,6,03-01-01-01-02-02-12_r06.wav,372698,0.006266,1,
write,write,,,audio_small,pg_bytea,6,03-01-01-01-02-02-12_r06.wav,372698,0.010075,1,
write,write,,,audio_small,polyglot,6,03-01-01-01-02-02-13_r06.wav,363108,0.005243,1,
write,write,,,audio_small,mongo_gridfs,6,03-01-01-01-02-02-13_r06.wav,363108,0.006218,1,
write,write,,,audio_small,pg_bytea,6,03-01-01-01-02-02-13_r06.wav,363108,0.013735,1,
write,write,,,audio_small,mongo_gridfs,6,03-01-01-02-01-02-05_r06.wav,393086,0.007005,1,
write,write,,,audio_small,pg_bytea,6,03-01-01-02-01-02-05_r06.wav,393086,0.010917,1,
write,write,,,audio_small,polyglot,6,03-01-01-02-01-02-05_r06.wav,393086,0.005874,1,
write,write,,,audio_small,polyglot,6,03-01-01-02-01-02-06_r06.wav,363108,0.005856,1,
write,write,,,audio_small,mongo_gridfs,6,03-01-01-02-01-02-06_r06.wav,363108,0.004779,1,
write,write,,,audio_small,pg_bytea,6,03-01-01-02-01-02-06_r06.wav,363108,0.012035,1,
write,write,,,audio_small,pg_bytea,6,03-01-01-02-01-02-07_r06.wav,372698,0.010132,1,
write,write,,,audio_small,mongo_gridfs,6,03-01-01-02-01-02-07_r06.wav,372698,0.005775,1,
write,write,,,audio_small,polyglot,6,03-01-01-02-01-02-07_r06.wav,372698,0.005254,1,
write,write,,,audio_small,polyglot,6,03-01-01-02-01-02-13_r06.wav,399494,0.006066,1,
write,write,,,audio_small,pg_bytea,6,03-01-01-02-01-02-13_r06.wav,399494,0.011211,1,
write,write,,,audio_small,mongo_gridfs,6,03-01-01-02-01-02-13_r06.wav,399494,0.013562,1,
write,write,,,audio_small,pg_bytea,6,03-01-01-02-02-02-19_r06.wav,372698,0.010634,1,
write,write,,,audio_small,polyglot,6,03-01-01-02-02-02-19_r06.wav,372698,0.005084,1,
write,write,,,audio_small,mongo_gridfs,6,03-01-01-02-02-02-19_r06.wav,372698,0.009721,1,
write,write,,,audio_small,mongo_gridfs,6,03-01-02-01-01-01-19_r06.wav,372698,0.008762,1,
write,write,,,audio_small,polyglot,6,03-01-02-01-01-01-19_r06.wav,372698,0.005384,1,
write,write,,,audio_small,pg_bytea,6,03-01-02-01-01-01-19_r06.wav,372698,0.009253,1,
write,write,,,audio_small,mongo_gridfs,6,03-01-02-01-02-01-06_r06.wav,363108,0.007206,1,
write,write,,,audio_small,pg_bytea,6,03-01-02-01-02-01-06_r06.wav,363108,0.009044,1,
write,write,,,audio_small,polyglot,6,03-01-02-01-02-01-06_r06.wav,363108,0.005588,1,
write,write,,,audio_small,polyglot,6,03-01-02-01-02-01-07_r06.wav,399494,0.007691,1,
write,write,,,audio_small,pg_bytea,6,03-01-02-01-02-01-07_r06.wav,399494,0.010327,1,
write,write,,,audio_small,mongo_gridfs,6,03-01-02-01-02-01-07_r06.wav,399494,0.005296,1,
write,write,,,audio_small,mongo_gridfs,6,03-01-02-01-02-01-11_r06.wav,375720,0.004638,1,
write,write,,,audio_small,pg_bytea,6,03-01-02-01-02-01-11_r06.wav,375720,0.010816,1,
write,write,,,audio_small,polyglot,6,03-01-02-01-02-01-11_r06.wav,375720,0.006964,1,
write,write,,,audio_small,polyglot,6,03-01-02-01-02-01-12_r06.wav,372698,0.023594,1,
write,write,,,audio_small,mongo_gridfs,6,03-01-02-01-02-01-12_r06.wav,372698,0.016718,1,
write,write,,,audio_small,pg_bytea,6,03-01-02-01-02-01-12_r06.wav,372698,0.015530,1,
write,write,,,audio_small,mongo_gridfs,6,03-01-02-01-02-01-13_r06.wav,379106,0.020524,1,
write,write,,,audio_small,polyglot,6,03-01-02-01-02-01-13_r06.wav,379106,0.006583,1,
write,write,,,audio_small,pg_bytea,6,03-01-02-01-02-01-13_r06.wav,379106,0.012978,1,
write,write,,,audio_small,polyglot,6,03-01-02-02-01-01-05_r06.wav,363108,0.010443,1,
write,write,,,audio_small,pg_bytea,6,03-01-02-02-01-01-05_r06.wav,363108,0.009007,1,
write,write,,,audio_small,mongo_gridfs,6,03-01-02-02-01-01-05_r06.wav,363108,0.007395,1,
write,write,,,audio_small,polyglot,6,03-01-02-02-01-01-11_r06.wav,363108,0.006142,1,
write,write,,,audio_small,mongo_gridfs,6,03-01-02-02-01-01-11_r06.wav,363108,0.004281,1,
write,write,,,audio_small,pg_bytea,6,03-01-02-02-01-01-11_r06.wav,363108,0.009416,1,
write,write,,,audio_small,polyglot,6,03-01-02-02-01-01-12_r06.wav,399494,0.013404,1,
write,write,,,audio_small,pg_bytea,6,03-01-02-02-01-01-12_r06.wav,399494,0.011486,1,
write,write,,,audio_small,mongo_gridfs,6,03-01-02-02-01-01-12_r06.wav,399494,0.007964,1,
write,write,,,audio_small,mongo_gridfs,6,03-01-02-02-01-01-13_r06.wav,399494,0.005583,1,
write,write,,,audio_small,pg_bytea,6,03-01-02-02-01-01-13_r06.wav,399494,0.010226,1,
write,write,,,audio_small,polyglot,6,03-01-02-02-01-01-13_r06.wav,399494,0.006885,1,
write,write,,,audio_small,mongo_gridfs,6,03-01-02-02-02-01-19_r06.wav,379106,0.005165,1,
write,write,,,audio_small,polyglot,6,03-01-02-02-02-01-19_r06.wav,379106,0.005497,1,
write,write,,,audio_small,pg_bytea,6,03-01-02-02-02-01-19_r06.wav,379106,0.009925,1,
write,write,,,audio_small,pg_bytea,6,03-01-03-01-01-02-05_r06.wav,396294,0.011006,1,
write,write,,,audio_small,mongo_gridfs,6,03-01-03-01-01-02-05_r06.wav,396294,0.009539,1,
write,write,,,audio_small,polyglot,6,03-01-03-01-01-02-05_r06.wav,396294,0.011094,1,
write,write,,,audio_small,mongo_gridfs,6,03-01-03-01-01-02-07_r06.wav,393086,0.007060,1,
write,write,,,audio_small,polyglot,6,03-01-03-01-01-02-07_r06.wav,393086,0.007569,1,
write,write,,,audio_small,pg_bytea,6,03-01-03-01-01-02-07_r06.wav,393086,0.013400,1,
write,write,,,audio_small,polyglot,6,03-01-03-01-01-02-12_r06.wav,399494,0.006284,1,
write,write,,,audio_small,mongo_gridfs,6,03-01-03-01-01-02-12_r06.wav,399494,0.004416,1,
write,write,,,audio_small,pg_bytea,6,03-01-03-01-01-02-12_r06.wav,399494,0.013849,1,
write,write,,,audio_small,polyglot,6,03-01-03-01-01-02-13_r06.wav,399494,0.009550,1,
write,write,,,audio_small,pg_bytea,6,03-01-03-01-01-02-13_r06.wav,399494,0.011374,1,
write,write,,,audio_small,mongo_gridfs,6,03-01-03-01-01-02-13_r06.wav,399494,0.006072,1,
write,write,,,audio_small,mongo_gridfs,6,03-01-03-01-02-02-18_r06.wav,393086,0.006022,1,
write,write,,,audio_small,polyglot,6,03-01-03-01-02-02-18_r06.wav,393086,0.008650,1,
write,write,,,audio_small,pg_bytea,6,03-01-03-01-02-02-18_r06.wav,393086,0.010615,1,
write,write,,,audio_small,mongo_gridfs,6,03-01-03-01-02-02-19_r06.wav,399494,0.004491,1,
write,write,,,audio_small,pg_bytea,6,03-01-03-01-02-02-19_r06.wav,399494,0.010818,1,
write,write,,,audio_small,polyglot,6,03-01-03-01-02-02-19_r06.wav,399494,0.005331,1,
write,write,,,audio_small,polyglot,6,03-01-03-02-01-02-18_r06.wav,396294,0.006448,1,
write,write,,,audio_small,pg_bytea,6,03-01-03-02-01-02-18_r06.wav,396294,0.009760,1,
write,write,,,audio_small,mongo_gridfs,6,03-01-03-02-01-02-18_r06.wav,396294,0.005313,1,
write,write,,,audio_small,mongo_gridfs,6,03-01-03-02-01-02-19_r06.wav,372698,0.004742,1,
write,write,,,audio_small,pg_bytea,6,03-01-03-02-01-02-19_r06.wav,372698,0.009554,1,
write,write,,,audio_small,polyglot,6,03-01-03-02-01-02-19_r06.wav,372698,0.004240,1,
write,write,,,audio_small,polyglot,6,03-01-03-02-02-02-04_r06.wav,379106,0.004629,1,
write,write,,,audio_small,pg_bytea,6,03-01-03-02-02-02-04_r06.wav,379106,0.009689,1,
write,write,,,audio_small,mongo_gridfs,6,03-01-03-02-02-02-04_r06.wav,379106,0.004363,1,
write,write,,,audio_small,pg_bytea,6,03-01-03-02-02-02-06_r06.wav,399494,0.010410,1,
write,write,,,audio_small,mongo_gridfs,6,03-01-03-02-02-02-06_r06.wav,399494,0.004549,1,
write,write,,,audio_small,polyglot,6,03-01-03-02-02-02-06_r06.wav,399494,0.006504,1,
write,write,,,audio_small,pg_bytea,6,03-01-03-02-02-02-07_r06.wav,393086,0.009462,1,
write,write,,,audio_small,mongo_gridfs,6,03-01-03-02-02-02-07_r06.wav,393086,0.004802,1,
write,write,,,audio_small,polyglot,6,03-01-03-02-02-02-07_r06.wav,393086,0.004426,1,
write,write,,,audio_small,mongo_gridfs,6,03-01-03-02-02-02-10_r06.wav,375720,0.004917,1,
write,write,,,audio_small,pg_bytea,6,03-01-03-02-02-02-10_r06.wav,375720,0.009338,1,
write,write,,,audio_small,polyglot,6,03-01-03-02-02-02-10_r06.wav,375720,0.004484,1,
write,write,,,audio_small,pg_bytea,6,03-01-03-02-02-02-11_r06.wav,396294,0.009303,1,
write,write,,,audio_small,mongo_gridfs,6,03-01-03-02-02-02-11_r06.wav,396294,0.007200,1,
write,write,,,audio_small,polyglot,6,03-01-03-02-02-02-11_r06.wav,396294,0.009136,1,
write,write,,,audio_small,polyglot,6,03-01-03-02-02-02-13_r06.wav,399494,0.007317,1,
write,write,,,audio_small,mongo_gridfs,6,03-01-03-02-02-02-13_r06.wav,399494,0.004928,1,
write,write,,,audio_small,pg_bytea,6,03-01-03-02-02-02-13_r06.wav,399494,0.010133,1,
write,write,,,audio_small,pg_bytea,6,03-01-04-01-01-02-01_r06.wav,396294,0.010028,1,
write,write,,,audio_small,mongo_gridfs,6,03-01-04-01-01-02-01_r06.wav,396294,0.004991,1,
write,write,,,audio_small,polyglot,6,03-01-04-01-01-02-01_r06.wav,396294,0.009129,1,
write,write,,,audio_small,pg_bytea,6,03-01-04-01-01-02-02_r06.wav,379106,0.009782,1,
write,write,,,audio_small,mongo_gridfs,6,03-01-04-01-01-02-02_r06.wav,379106,0.004510,1,
write,write,,,audio_small,polyglot,6,03-01-04-01-01-02-02_r06.wav,379106,0.004485,1,
write,write,,,audio_small,pg_bytea,6,03-01-04-01-01-02-16_r06.wav,379106,0.009005,1,
write,write,,,audio_small,polyglot,6,03-01-04-01-01-02-16_r06.wav,379106,0.004769,1,
write,write,,,audio_small,mongo_gridfs,6,03-01-04-01-01-02-16_r06.wav,379106,0.004243,1,
write,write,,,audio_small,pg_bytea,6,03-01-04-01-02-02-08_r06.wav,372698,0.011741,1,
write,write,,,audio_small,polyglot,6,03-01-04-01-02-02-08_r06.wav,372698,0.004295,1,
write,write,,,audio_small,mongo_gridfs,6,03-01-04-01-02-02-08_r06.wav,372698,0.004644,1,
write,write,,,audio_small,mongo_gridfs,6,03-01-04-01-02-02-09_r06.wav,363108,0.004215,1,
write,write,,,audio_small,pg_bytea,6,03-01-04-01-02-02-09_r06.wav,363108,0.010542,1,
write,write,,,audio_small,polyglot,6,03-01-04-01-02-02-09_r06.wav,363108,0.004407,1,
write,write,,,audio_small,polyglot,6,03-01-04-01-02-02-20_r06.wav,396294,0.003781,1,
write,write,,,audio_small,mongo_gridfs,6,03-01-04-01-02-02-20_r06.wav,396294,0.005167,1,
write,write,,,audio_small,pg_bytea,6,03-01-04-01-02-02-20_r06.wav,396294,0.015523,1,
write,write,,,audio_small,pg_bytea,6,03-01-04-01-02-02-21_r06.wav,363108,0.009154,1,
write,write,,,audio_small,polyglot,6,03-01-04-01-02-02-21_r06.wav,363108,0.004381,1,
write,write,,,audio_small,mongo_gridfs,6,03-01-04-01-02-02-21_r06.wav,363108,0.003784,1,
write,write,,,audio_small,mongo_gridfs,6,03-01-04-01-02-02-22_r06.wav,372698,0.003683,1,
write,write,,,audio_small,pg_bytea,6,03-01-04-01-02-02-22_r06.wav,372698,0.013390,1,
write,write,,,audio_small,polyglot,6,03-01-04-01-02-02-22_r06.wav,372698,0.005141,1,
write,write,,,audio_small,pg_bytea,6,03-01-04-01-02-02-23_r06.wav,363108,0.012292,1,
write,write,,,audio_small,polyglot,6,03-01-04-01-02-02-23_r06.wav,363108,0.004558,1,
write,write,,,audio_small,mongo_gridfs,6,03-01-04-01-02-02-23_r06.wav,363108,0.003619,1,
write,write,,,audio_small,polyglot,6,03-01-04-02-01-02-09_r06.wav,379106,0.004044,1,
write,write,,,audio_small,pg_bytea,6,03-01-04-02-01-02-09_r06.wav,379106,0.009247,1,
write,write,,,audio_small,mongo_gridfs,6,03-01-04-02-01-02-09_r06.wav,379106,0.004879,1,
write,write,,,audio_small,pg_bytea,6,03-01-04-02-01-02-20_r06.wav,379106,0.013452,1,
write,write,,,audio_small,polyglot,6,03-01-04-02-01-02-20_r06.wav,379106,0.004668,1,
write,write,,,audio_small,mongo_gridfs,6,03-01-04-02-01-02-20_r06.wav,379106,0.004124,1,
write,write,,,audio_small,polyglot,6,03-01-04-02-01-02-21_r06.wav,393086,0.004533,1,
write,write,,,audio_small,pg_bytea,6,03-01-04-02-01-02-21_r06.wav,393086,0.010633,1,
write,write,,,audio_small,mongo_gridfs,6,03-01-04-02-01-02-21_r06.wav,393086,0.006996,1,
write,write,,,audio_small,pg_bytea,6,03-01-04-02-01-02-22_r06.wav,379106,0.010777,1,
write,write,,,audio_small,mongo_gridfs,6,03-01-04-02-01-02-22_r06.wav,379106,0.004233,1,
write,write,,,audio_small,polyglot,6,03-01-04-02-01-02-22_r06.wav,379106,0.005043,1,
write,write,,,audio_small,polyglot,6,03-01-04-02-02-02-14_r06.wav,375720,0.004146,1,
write,write,,,audio_small,mongo_gridfs,6,03-01-04-02-02-02-14_r06.wav,375720,0.003862,1,
write,write,,,audio_small,pg_bytea,6,03-01-04-02-02-02-14_r06.wav,375720,0.008789,1,
write,write,,,audio_small,polyglot,6,03-01-04-02-02-02-15_r06.wav,379106,0.004589,1,
write,write,,,audio_small,mongo_gridfs,6,03-01-04-02-02-02-15_r06.wav,379106,0.004027,1,
write,write,,,audio_small,pg_bytea,6,03-01-04-02-02-02-15_r06.wav,379106,0.009363,1,
write,write,,,audio_small,polyglot,6,03-01-04-02-02-02-16_r06.wav,375720,0.006906,1,
write,write,,,audio_small,mongo_gridfs,6,03-01-04-02-02-02-16_r06.wav,375720,0.004016,1,
write,write,,,audio_small,pg_bytea,6,03-01-04-02-02-02-16_r06.wav,375720,0.009712,1,
write,write,,,audio_small,polyglot,6,03-01-04-02-02-02-17_r06.wav,363108,0.004121,1,
write,write,,,audio_small,pg_bytea,6,03-01-04-02-02-02-17_r06.wav,363108,0.009955,1,
write,write,,,audio_small,mongo_gridfs,6,03-01-04-02-02-02-17_r06.wav,363108,0.003828,1,
write,write,,,audio_small,pg_bytea,6,03-01-05-01-01-01-09_r06.wav,393086,0.010257,1,
write,write,,,audio_small,mongo_gridfs,6,03-01-05-01-01-01-09_r06.wav,393086,0.004980,1,
write,write,,,audio_small,polyglot,6,03-01-05-01-01-01-09_r06.wav,393086,0.004560,1,
write,write,,,audio_small,polyglot,6,03-01-05-01-01-01-22_r06.wav,393086,0.003982,1,
write,write,,,audio_small,mongo_gridfs,6,03-01-05-01-01-01-22_r06.wav,393086,0.003672,1,
write,write,,,audio_small,pg_bytea,6,03-01-05-01-01-01-22_r06.wav,393086,0.009810,1,
write,write,,,audio_small,mongo_gridfs,6,03-01-05-01-02-01-02_r06.wav,372698,0.003983,1,
write,write,,,audio_small,polyglot,6,03-01-05-01-02-01-02_r06.wav,372698,0.003830,1,
write,write,,,audio_small,pg_bytea,6,03-01-05-01-02-01-02_r06.wav,372698,0.009562,1,
write,write,,,audio_small,mongo_gridfs,6,03-01-05-01-02-01-03_r06.wav,396294,0.004442,1,
write,write,,,audio_small,polyglot,6,03-01-05-01-02-01-03_r06.wav,396294,0.003668,1,
write,write,,,audio_small,pg_bytea,6,03-01-05-01-02-01-03_r06.wav,396294,0.012178,1,
write,write,,,audio_small,mongo_gridfs,6,03-01-05-01-02-01-15_r06.wav,363108,0.003645,1,
write,write,,,audio_small,polyglot,6,03-01-05-01-02-01-15_r06.wav,363108,0.005243,1,
write,write,,,audio_small,pg_bytea,6,03-01-05-01-02-01-15_r06.wav,363108,0.010244,1,
write,write,,,audio_small,pg_bytea,6,03-01-05-01-02-01-16_r06.wav,372698,0.011685,1,
write,write,,,audio_small,mongo_gridfs,6,03-01-05-01-02-01-16_r06.wav,372698,0.006383,1,
write,write,,,audio_small,polyglot,6,03-01-05-01-02-01-16_r06.wav,372698,0.003933,1,
write,write,,,audio_small,mongo_gridfs,6,03-01-05-01-02-01-17_r06.wav,393086,0.003958,1,
write,write,,,audio_small,polyglot,6,03-01-05-01-02-01-17_r06.wav,393086,0.004393,1,
write,write,,,audio_small,pg_bytea,6,03-01-05-01-02-01-17_r06.wav,393086,0.009775,1,
write,write,,,audio_small,pg_bytea,6,03-01-05-02-01-01-01_r06.wav,372698,0.009393,1,
write,write,,,audio_small,mongo_gridfs,6,03-01-05-02-01-01-01_r06.wav,372698,0.003897,1,
write,write,,,audio_small,polyglot,6,03-01-05-02-01-01-01_r06.wav,372698,0.003917,1,
write,write,,,audio_small,pg_bytea,6,03-01-05-02-01-01-02_r06.wav,375720,0.008751,1,
write,write,,,audio_small,polyglot,6,03-01-05-02-01-01-02_r06.wav,375720,0.003937,1,
write,write,,,audio_small,mongo_gridfs,6,03-01-05-02-01-01-02_r06.wav,375720,0.004139,1,
write,write,,,audio_small,polyglot,6,03-01-05-02-01-01-03_r06.wav,372698,0.004818,1,
write,write,,,audio_small,mongo_gridfs,6,03-01-05-02-01-01-03_r06.wav,372698,0.004335,1,
write,write,,,audio_small,pg_bytea,6,03-01-05-02-01-01-03_r06.wav,372698,0.009700,1,
write,write,,,audio_small,mongo_gridfs,6,03-01-05-02-01-01-15_r06.wav,396294,0.003928,1,
write,write,,,audio_small,polyglot,6,03-01-05-02-01-01-15_r06.wav,396294,0.004547,1,
write,write,,,audio_small,pg_bytea,6,03-01-05-02-01-01-15_r06.wav,396294,0.011184,1,
write,write,,,audio_small,mongo_gridfs,6,03-01-05-02-01-01-16_r06.wav,399494,0.004692,1,
write,write,,,audio_small,polyglot,6,03-01-05-02-01-01-16_r06.wav,399494,0.004630,1,
write,write,,,audio_small,pg_bytea,6,03-01-05-02-01-01-16_r06.wav,399494,0.059879,1,
write,write,,,audio_small,pg_bytea,6,03-01-05-02-01-01-17_r06.wav,363108,0.008738,1,
write,write,,,audio_small,polyglot,6,03-01-05-02-01-01-17_r06.wav,363108,0.004482,1,
write,write,,,audio_small,mongo_gridfs,6,03-01-05-02-01-01-17_r06.wav,363108,0.004689,1,
write,write,,,audio_small,mongo_gridfs,6,03-01-05-02-02-01-09_r06.wav,396294,0.004135,1,
write,write,,,audio_small,pg_bytea,6,03-01-05-02-02-01-09_r06.wav,396294,0.009261,1,
write,write,,,audio_small,polyglot,6,03-01-05-02-02-01-09_r06.wav,396294,0.004427,1,
write,write,,,audio_small,mongo_gridfs,6,03-01-05-02-02-01-21_r06.wav,375720,0.004523,1,
write,write,,,audio_small,polyglot,6,03-01-05-02-02-01-21_r06.wav,375720,0.007072,1,
write,write,,,audio_small,pg_bytea,6,03-01-05-02-02-01-21_r06.wav,375720,0.011569,1,
write,write,,,audio_small,polyglot,6,03-01-05-02-02-01-22_r06.wav,379106,0.005228,1,
write,write,,,audio_small,mongo_gridfs,6,03-01-05-02-02-01-22_r06.wav,379106,0.004923,1,
write,write,,,audio_small,pg_bytea,6,03-01-05-02-02-01-22_r06.wav,379106,0.016899,1,
write,write,,,audio_medium,pg_bytea,6,03-02-01-01-01-02-22_r06.wav,526650,0.020100,1,
write,write,,,audio_medium,mongo_gridfs,6,03-02-01-01-01-02-22_r06.wav,526650,0.008521,1,
write,write,,,audio_medium,polyglot,6,03-02-01-01-01-02-22_r06.wav,526650,0.007173,1,
write,write,,,audio_medium,polyglot,6,03-02-01-01-01-02-23_r06.wav,539464,0.008040,1,
write,write,,,audio_medium,pg_bytea,6,03-02-01-01-01-02-23_r06.wav,539464,0.012936,1,
write,write,,,audio_medium,mongo_gridfs,6,03-02-01-01-01-02-23_r06.wav,539464,0.005329,1,
write,write,,,audio_medium,polyglot,6,03-02-01-01-02-02-02_r06.wav,539464,0.009610,1,
write,write,,,audio_medium,mongo_gridfs,6,03-02-01-01-02-02-02_r06.wav,539464,0.005318,1,
write,write,,,audio_medium,pg_bytea,6,03-02-01-01-02-02-02_r06.wav,539464,0.013039,1,
write,write,,,audio_medium,mongo_gridfs,6,03-02-01-01-02-02-03_r06.wav,520242,0.005764,1,
write,write,,,audio_medium,pg_bytea,6,03-02-01-01-02-02-03_r06.wav,520242,0.047028,1,
write,write,,,audio_medium,polyglot,6,03-02-01-01-02-02-03_r06.wav,520242,0.005707,1,
write,write,,,audio_medium,polyglot,6,03-02-01-01-02-02-16_r06.wav,539464,0.005640,1,
write,write,,,audio_medium,mongo_gridfs,6,03-02-01-01-02-02-16_r06.wav,539464,0.005034,1,
write,write,,,audio_medium,pg_bytea,6,03-02-01-01-02-02-16_r06.wav,539464,0.012489,1,
write,write,,,audio_medium,mongo_gridfs,6,03-02-01-01-02-02-17_r06.wav,561888,0.009545,1,
write,write,,,audio_medium,pg_bytea,6,03-02-01-01-02-02-17_r06.wav,561888,0.015164,1,
write,write,,,audio_medium,polyglot,6,03-02-01-01-02-02-17_r06.wav,561888,0.006135,1,
write,write,,,audio_medium,polyglot,6,03-02-01-02-01-02-01_r06.wav,533056,0.005338,1,
write,write,,,audio_medium,pg_bytea,6,03-02-01-02-01-02-01_r06.wav,533056,0.012660,1,
write,write,,,audio_medium,mongo_gridfs,6,03-02-01-02-01-02-01_r06.wav,533056,0.005931,1,
write,write,,,audio_medium,pg_bytea,6,03-02-01-02-01-02-02_r06.wav,523448,0.037540,1,
write,write,,,audio_medium,mongo_gridfs,6,03-02-01-02-01-02-02_r06.wav,523448,0.006813,1,
write,write,,,audio_medium,polyglot,6,03-02-01-02-01-02-02_r06.wav,523448,0.005955,1,
write,write,,,audio_medium,polyglot,6,03-02-01-02-01-02-03_r06.wav,533056,0.006336,1,
write,write,,,audio_medium,pg_bytea,6,03-02-01-02-01-02-03_r06.wav,533056,0.016594,1,
write,write,,,audio_medium,mongo_gridfs,6,03-02-01-02-01-02-03_r06.wav,533056,0.006642,1,
write,write,,,audio_medium,pg_bytea,6,03-02-01-02-01-02-15_r06.wav,561882,0.014349,1,
write,write,,,audio_medium,mongo_gridfs,6,03-02-01-02-01-02-15_r06.wav,561882,0.009085,1,
write,write,,,audio_medium,polyglot,6,03-02-01-02-01-02-15_r06.wav,561882,0.006488,1,
write,write,,,audio_medium,polyglot,6,03-02-01-02-01-02-16_r06.wav,526650,0.006301,1,
write,write,,,audio_medium,pg_bytea,6,03-02-01-02-01-02-16_r06.wav,526650,0.043290,1,
write,write,,,audio_medium,mongo_gridfs,6,03-02-01-02-01-02-16_r06.wav,526650,0.009111,1,
write,write,,,audio_medium,mongo_gridfs,6,03-02-01-02-01-02-17_r06.wav,533056,0.007376,1,
write,write,,,audio_medium,pg_bytea,6,03-02-01-02-01-02-17_r06.wav,533056,0.016247,1,
write,write,,,audio_medium,polyglot,6,03-02-01-02-01-02-17_r06.wav,533056,0.008007,1,
write,write,,,audio_medium,mongo_gridfs,6,03-02-01-02-02-02-22_r06.wav,520242,0.007038,1,
write,write,,,audio_medium,pg_bytea,6,03-02-01-02-02-02-22_r06.wav,520242,0.017716,1,
write,write,,,audio_medium,polyglot,6,03-02-01-02-02-02-22_r06.wav,520242,0.007606,1,
write,write,,,audio_medium,polyglot,6,03-02-01-02-02-02-23_r06.wav,520242,0.006810,1,
write,write,,,audio_medium,mongo_gridfs,6,03-02-01-02-02-02-23_r06.wav,520242,0.006592,1,
write,write,,,audio_medium,pg_bytea,6,03-02-01-02-02-02-23_r06.wav,520242,0.057003,1,
write,write,,,audio_medium,polyglot,6,03-02-02-01-01-01-22_r06.wav,523448,0.008504,1,
write,write,,,audio_medium,pg_bytea,6,03-02-02-01-01-01-22_r06.wav,523448,0.017937,1,
write,write,,,audio_medium,mongo_gridfs,6,03-02-02-01-01-01-22_r06.wav,523448,0.012800,1,
write,write,,,audio_medium,pg_bytea,6,03-02-02-01-01-01-23_r06.wav,561888,0.016895,1,
write,write,,,audio_medium,mongo_gridfs,6,03-02-02-01-01-01-23_r06.wav,561888,0.008300,1,
write,write,,,audio_medium,polyglot,6,03-02-02-01-01-01-23_r06.wav,561888,0.008229,1,
write,write,,,audio_medium,mongo_gridfs,6,03-02-02-01-02-01-01_r06.wav,520242,0.007309,1,
write,write,,,audio_medium,pg_bytea,6,03-02-02-01-02-01-01_r06.wav,520242,0.020314,1,
write,write,,,audio_medium,polyglot,6,03-02-02-01-02-01-01_r06.wav,520242,0.007963,1,
write,write,,,audio_medium,polyglot,6,03-02-02-01-02-01-02_r06.wav,539464,0.006452,1,
write,write,,,audio_medium,mongo_gridfs,6,03-02-02-01-02-01-02_r06.wav,539464,0.006446,1,
write,write,,,audio_medium,pg_bytea,6,03-02-02-01-02-01-02_r06.wav,539464,0.014894,1,
write,write,,,audio_medium,pg_bytea,6,03-02-02-01-02-01-03_r06.wav,533056,0.019061,1,
write,write,,,audio_medium,polyglot,6,03-02-02-01-02-01-03_r06.wav,533056,0.009739,1,
write,write,,,audio_medium,mongo_gridfs,6,03-02-02-01-02-01-03_r06.wav,533056,0.007345,1,
write,write,,,audio_medium,pg_bytea,6,03-02-02-01-02-01-16_r06.wav,561882,0.018735,1,
write,write,,,audio_medium,mongo_gridfs,6,03-02-02-01-02-01-16_r06.wav,561882,0.007033,1,
write,write,,,audio_medium,polyglot,6,03-02-02-01-02-01-16_r06.wav,561882,0.006871,1,
write,write,,,audio_medium,polyglot,6,03-02-02-02-01-01-01_r06.wav,539464,0.006305,1,
write,write,,,audio_medium,mongo_gridfs,6,03-02-02-02-01-01-01_r06.wav,539464,0.007390,1,
write,write,,,audio_medium,pg_bytea,6,03-02-02-02-01-01-01_r06.wav,539464,0.015138,1,
write,write,,,audio_medium,pg_bytea,6,03-02-02-02-01-01-02_r06.wav,526650,0.019404,1,
write,write,,,audio_medium,mongo_gridfs,6,03-02-02-02-01-01-02_r06.wav,526650,0.008059,1,
write,write,,,audio_medium,polyglot,6,03-02-02-02-01-01-02_r06.wav,526650,0.007236,1,
write,write,,,audio_medium,pg_bytea,6,03-02-02-02-01-01-15_r06.wav,539464,0.016661,1,
write,write,,,audio_medium,mongo_gridfs,6,03-02-02-02-01-01-15_r06.wav,539464,0.008008,1,
write,write,,,audio_medium,polyglot,6,03-02-02-02-01-01-15_r06.wav,539464,0.027319,1,
write,write,,,audio_medium,polyglot,6,03-02-02-02-01-01-16_r06.wav,520242,0.008688,1,
write,write,,,audio_medium,pg_bytea,6,03-02-02-02-01-01-16_r06.wav,520242,0.014865,1,
write,write,,,audio_medium,mongo_gridfs,6,03-02-02-02-01-01-16_r06.wav,520242,0.008070,1,
write,write,,,audio_medium,polyglot,6,03-02-02-02-01-01-17_r06.wav,539464,0.011699,1,
write,write,,,audio_medium,pg_bytea,6,03-02-02-02-01-01-17_r06.wav,539464,0.014257,1,
write,write,,,audio_medium,mongo_gridfs,6,03-02-02-02-01-01-17_r06.wav,539464,0.008648,1,
write,write,,,audio_medium,pg_bytea,6,03-02-02-02-02-01-22_r06.wav,539464,0.015819,1,
write,write,,,audio_medium,polyglot,6,03-02-02-02-02-01-22_r06.wav,539464,0.009243,1,
write,write,,,audio_medium,mongo_gridfs,6,03-02-02-02-02-01-22_r06.wav,539464,0.009151,1,
write,write,,,audio_medium,pg_bytea,6,03-02-02-02-02-01-23_r06.wav,520242,0.016001,1,
write,write,,,audio_medium,polyglot,6,03-02-02-02-02-01-23_r06.wav,520242,0.005513,1,
write,write,,,audio_medium,mongo_gridfs,6,03-02-02-02-02-01-23_r06.wav,520242,0.007744,1,
write,write,,,audio_medium,mongo_gridfs,6,03-02-03-01-01-02-01_r06.wav,561882,0.006402,1,
write,write,,,audio_medium,polyglot,6,03-02-03-01-01-02-01_r06.wav,561882,0.006098,1,
write,write,,,audio_medium,pg_bytea,6,03-02-03-01-01-02-01_r06.wav,561882,0.015169,1,
write,write,,,audio_medium,mongo_gridfs,6,03-02-03-01-01-02-02_r06.wav,561882,0.006316,1,
write,write,,,audio_medium,polyglot,6,03-02-03-01-01-02-02_r06.wav,561882,0.007628,1,
write,write,,,audio_medium,pg_bytea,6,03-02-03-01-01-02-02_r06.wav,561882,0.013819,1,
write,write,,,audio_medium,mongo_gridfs,6,03-02-03-01-01-02-03_r06.wav,539464,0.006862,1,
write,write,,,audio_medium,polyglot,6,03-02-03-01-01-02-03_r06.wav,539464,0.018156,1,
write,write,,,audio_medium,pg_bytea,6,03-02-03-01-01-02-03_r06.wav,539464,0.013440,1,
write,write,,,audio_medium,mongo_gridfs,6,03-02-03-01-01-02-15_r06.wav,526650,0.012267,1,
write,write,,,audio_medium,pg_bytea,6,03-02-03-01-01-02-15_r06.wav,526650,0.016027,1,
write,write,,,audio_medium,polyglot,6,03-02-03-01-01-02-15_r06.wav,526650,0.007719,1,
write,write,,,audio_medium,polyglot,6,03-02-03-01-01-02-16_r06.wav,520242,0.006484,1,
write,write,,,audio_medium,pg_bytea,6,03-02-03-01-01-02-16_r06.wav,520242,0.014124,1,
write,write,,,audio_medium,mongo_gridfs,6,03-02-03-01-01-02-16_r06.wav,520242,0.008297,1,
write,write,,,audio_medium,pg_bytea,6,03-02-03-01-01-02-17_r06.wav,526650,0.014357,1,
write,write,,,audio_medium,polyglot,6,03-02-03-01-01-02-17_r06.wav,526650,0.010990,1,
write,write,,,audio_medium,mongo_gridfs,6,03-02-03-01-01-02-17_r06.wav,526650,0.007497,1,
write,write,,,audio_medium,pg_bytea,6,03-02-03-01-02-02-09_r06.wav,539464,0.015796,1,
write,write,,,audio_medium,mongo_gridfs,6,03-02-03-01-02-02-09_r06.wav,539464,0.007373,1,
write,write,,,audio_medium,polyglot,6,03-02-03-01-02-02-09_r06.wav,539464,0.006338,1,
write,write,,,audio_medium,polyglot,6,03-02-03-01-02-02-21_r06.wav,533056,0.007036,1,
write,write,,,audio_medium,pg_bytea,6,03-02-03-01-02-02-21_r06.wav,533056,0.013268,1,
write,write,,,audio_medium,mongo_gridfs,6,03-02-03-01-02-02-21_r06.wav,533056,0.006711,1,
write,write,,,audio_medium,pg_bytea,6,03-02-03-01-02-02-22_r06.wav,561888,0.023332,1,
write,write,,,audio_medium,polyglot,6,03-02-03-01-02-02-22_r06.wav,561888,0.025072,1,
write,write,,,audio_medium,mongo_gridfs,6,03-02-03-01-02-02-22_r06.wav,561888,0.008177,1,
write,write,,,audio_medium,polyglot,6,03-02-03-01-02-02-23_r06.wav,539464,0.007240,1,
write,write,,,audio_medium,mongo_gridfs,6,03-02-03-01-02-02-23_r06.wav,539464,0.007112,1,
write,write,,,audio_medium,pg_bytea,6,03-02-03-01-02-02-23_r06.wav,539464,0.014814,1,
write,write,,,audio_medium,polyglot,6,03-02-03-02-01-02-09_r06.wav,561882,0.007386,1,
write,write,,,audio_medium,mongo_gridfs,6,03-02-03-02-01-02-09_r06.wav,561882,0.006398,1,
write,write,,,audio_medium,pg_bytea,6,03-02-03-02-01-02-09_r06.wav,561882,0.017702,1,
write,write,,,audio_medium,polyglot,6,03-02-03-02-01-02-21_r06.wav,539464,0.011471,1,
write,write,,,audio_medium,pg_bytea,6,03-02-03-02-01-02-21_r06.wav,539464,0.034217,1,
write,write,,,audio_medium,mongo_gridfs,6,03-02-03-02-01-02-21_r06.wav,539464,0.007625,1,
write,write,,,audio_medium,pg_bytea,6,03-02-03-02-01-02-22_r06.wav,526650,0.015530,1,
write,write,,,audio_medium,mongo_gridfs,6,03-02-03-02-01-02-22_r06.wav,526650,0.007191,1,
write,write,,,audio_medium,polyglot,6,03-02-03-02-01-02-22_r06.wav,526650,0.006689,1,
write,write,,,audio_medium,polyglot,6,03-02-03-02-01-02-23_r06.wav,561888,0.006608,1,
write,write,,,audio_medium,pg_bytea,6,03-02-03-02-01-02-23_r06.wav,561888,0.015095,1,
write,write,,,audio_medium,mongo_gridfs,6,03-02-03-02-01-02-23_r06.wav,561888,0.006712,1,
write,write,,,audio_medium,polyglot,6,03-02-03-02-02-02-01_r06.wav,561882,0.006705,1,
write,write,,,audio_medium,mongo_gridfs,6,03-02-03-02-02-02-01_r06.wav,561882,0.015165,1,
write,write,,,audio_medium,pg_bytea,6,03-02-03-02-02-02-01_r06.wav,561882,0.015666,1,
write,write,,,audio_medium,mongo_gridfs,6,03-02-03-02-02-02-02_r06.wav,523448,0.009651,1,
write,write,,,audio_medium,polyglot,6,03-02-03-02-02-02-02_r06.wav,523448,0.007070,1,
write,write,,,audio_medium,pg_bytea,6,03-02-03-02-02-02-02_r06.wav,523448,0.016570,1,
write,write,,,audio_medium,mongo_gridfs,6,03-02-03-02-02-02-03_r06.wav,561888,0.008086,1,
write,write,,,audio_medium,polyglot,6,03-02-03-02-02-02-03_r06.wav,561888,0.014077,1,
write,write,,,audio_medium,pg_bytea,6,03-02-03-02-02-02-03_r06.wav,561888,0.018967,1,
write,write,,,audio_medium,polyglot,6,03-02-03-02-02-02-15_r06.wav,523448,0.006944,1,
write,write,,,audio_medium,pg_bytea,6,03-02-03-02-02-02-15_r06.wav,523448,0.014517,1,
write,write,,,audio_medium,mongo_gridfs,6,03-02-03-02-02-02-15_r06.wav,523448,0.007788,1,
write,write,,,audio_medium,mongo_gridfs,6,03-02-03-02-02-02-16_r06.wav,561882,0.006656,1,
write,write,,,audio_medium,polyglot,6,03-02-03-02-02-02-16_r06.wav,561882,0.007767,1,
write,write,,,audio_medium,pg_bytea,6,03-02-03-02-02-02-16_r06.wav,561882,0.016736,1,
write,write,,,audio_medium,polyglot,6,03-02-03-02-02-02-17_r06.wav,523448,0.007047,1,
write,write,,,audio_medium,mongo_gridfs,6,03-02-03-02-02-02-17_r06.wav,523448,0.005596,1,
write,write,,,audio_medium,pg_bytea,6,03-02-03-02-02-02-17_r06.wav,523448,0.019731,1,
write,write,,,audio_medium,polyglot,6,03-02-04-01-01-02-05_r06.wav,561882,0.007828,1,
write,write,,,audio_medium,mongo_gridfs,6,03-02-04-01-01-02-05_r06.wav,561882,0.007672,1,
write,write,,,audio_medium,pg_bytea,6,03-02-04-01-01-02-05_r06.wav,561882,0.015329,1,
write,write,,,audio_medium,mongo_gridfs,6,03-02-04-01-01-02-06_r06.wav,526650,0.012777,1,
write,write,,,audio_medium,polyglot,6,03-02-04-01-01-02-06_r06.wav,526650,0.006273,1,
write,write,,,audio_medium,pg_bytea,6,03-02-04-01-01-02-06_r06.wav,526650,0.016214,1,
write,write,,,audio_medium,pg_bytea,6,03-02-04-01-01-02-07_r06.wav,523448,0.014210,1,
write,write,,,audio_medium,polyglot,6,03-02-04-01-01-02-07_r06.wav,523448,0.007989,1,
write,write,,,audio_medium,mongo_gridfs,6,03-02-04-01-01-02-07_r06.wav,523448,0.005707,1,
write,write,,,audio_medium,polyglot,6,03-02-04-01-01-02-11_r06.wav,539464,0.008585,1,
write,write,,,audio_medium,pg_bytea,6,03-02-04-01-01-02-11_r06.wav,539464,0.014788,1,
write,write,,,audio_medium,mongo_gridfs,6,03-02-04-01-01-02-11_r06.wav,539464,0.010187,1,
write,write,,,audio_medium,polyglot,6,03-02-04-01-01-02-12_r06.wav,523448,0.006157,1,
write,write,,,audio_medium,mongo_gridfs,6,03-02-04-01-01-02-12_r06.wav,523448,0.005770,1,
write,write,,,audio_medium,pg_bytea,6,03-02-04-01-01-02-12_r06.wav,523448,0.013182,1,
write,write,,,audio_medium,pg_bytea,6,03-02-04-01-01-02-13_r06.wav,539464,0.018146,1,
write,write,,,audio_medium,mongo_gridfs,6,03-02-04-01-01-02-13_r06.wav,539464,0.006341,1,
write,write,,,audio_medium,polyglot,6,03-02-04-01-01-02-13_r06.wav,539464,0.008388,1,
write,write,,,audio_medium,polyglot,6,03-02-04-01-02-02-19_r06.wav,561888,0.005770,1,
write,write,,,audio_medium,mongo_gridfs,6,03-02-04-01-02-02-19_r06.wav,561888,0.005907,1,
write,write,,,audio_medium,pg_bytea,6,03-02-04-01-02-02-19_r06.wav,561888,0.041755,1,
write,write,,,audio_medium,polyglot,6,03-02-04-02-02-02-05_r06.wav,526650,0.006978,1,
write,write,,,audio_medium,mongo_gridfs,6,03-02-04-02-02-02-05_r06.wav,526650,0.008013,1,
write,write,,,audio_medium,pg_bytea,6,03-02-04-02-02-02-05_r06.wav,526650,0.016407,1,
write,write,,,audio_medium,polyglot,6,03-02-04-02-02-02-06_r06.wav,526650,0.006788,1,
write,write,,,audio_medium,pg_bytea,6,03-02-04-02-02-02-06_r06.wav,526650,0.014380,1,
write,write,,,audio_medium,mongo_gridfs,6,03-02-04-02-02-02-06_r06.wav,526650,0.007230,1,
write,write,,,audio_medium,polyglot,6,03-02-04-02-02-02-07_r06.wav,561888,0.006934,1,
write,write,,,audio_medium,pg_bytea,6,03-02-04-02-02-02-07_r06.wav,561888,0.016402,1,
write,write,,,audio_medium,mongo_gridfs,6,03-02-04-02-02-02-07_r06.wav,561888,0.007686,1,
write,write,,,audio_medium,mongo_gridfs,6,03-02-04-02-02-02-11_r06.wav,561888,0.006051,1,
write,write,,,audio_medium,pg_bytea,6,03-02-04-02-02-02-11_r06.wav,561888,0.018177,1,
write,write,,,audio_medium,polyglot,6,03-02-04-02-02-02-11_r06.wav,561888,0.007733,1,
write,write,,,audio_medium,pg_bytea,6,03-02-04-02-02-02-12_r06.wav,523448,0.016019,1,
write,write,,,audio_medium,mongo_gridfs,6,03-02-04-02-02-02-12_r06.wav,523448,0.007004,1,
write,write,,,audio_medium,polyglot,6,03-02-04-02-02-02-12_r06.wav,523448,0.006704,1,
write,write,,,audio_medium,mongo_gridfs,6,03-02-04-02-02-02-13_r06.wav,533056,0.007505,1,
write,write,,,audio_medium,pg_bytea,6,03-02-04-02-02-02-13_r06.wav,533056,0.015574,1,
write,write,,,audio_medium,polyglot,6,03-02-04-02-02-02-13_r06.wav,533056,0.013725,1,
write,write,,,audio_medium,mongo_gridfs,6,03-02-05-01-02-01-06_r06.wav,561882,0.007225,1,
write,write,,,audio_medium,pg_bytea,6,03-02-05-01-02-01-06_r06.wav,561882,0.016964,1,
write,write,,,audio_medium,polyglot,6,03-02-05-01-02-01-06_r06.wav,561882,0.007349,1,
write,write,,,audio_medium,mongo_gridfs,6,03-02-05-01-02-01-07_r06.wav,520242,0.006646,1,
write,write,,,audio_medium,polyglot,6,03-02-05-01-02-01-07_r06.wav,520242,0.006841,1,
write,write,,,audio_medium,pg_bytea,6,03-02-05-01-02-01-07_r06.wav,520242,0.012613,1,
write,write,,,audio_medium,pg_bytea,6,03-02-05-01-02-01-12_r06.wav,520242,0.016086,1,
write,write,,,audio_medium,polyglot,6,03-02-05-01-02-01-12_r06.wav,520242,0.007018,1,
write,write,,,audio_medium,mongo_gridfs,6,03-02-05-01-02-01-12_r06.wav,520242,0.007491,1,
write,write,,,audio_medium,mongo_gridfs,6,03-02-05-01-02-01-13_r06.wav,561888,0.008777,1,
write,write,,,audio_medium,polyglot,6,03-02-05-01-02-01-13_r06.wav,561888,0.006567,1,
write,write,,,audio_medium,pg_bytea,6,03-02-05-01-02-01-13_r06.wav,561888,0.015144,1,
write,write,,,audio_medium,mongo_gridfs,6,03-02-05-02-01-01-05_r06.wav,539464,0.007287,1,
write,write,,,audio_medium,pg_bytea,6,03-02-05-02-01-01-05_r06.wav,539464,0.014113,1,
write,write,,,audio_medium,polyglot,6,03-02-05-02-01-01-05_r06.wav,539464,0.007821,1,
write,write,,,audio_medium,pg_bytea,6,03-02-05-02-01-01-06_r06.wav,561888,0.014267,1,
write,write,,,audio_medium,mongo_gridfs,6,03-02-05-02-01-01-06_r06.wav,561888,0.007473,1,
write,write,,,audio_medium,polyglot,6,03-02-05-02-01-01-06_r06.wav,561888,0.007062,1,
write,write,,,audio_medium,mongo_gridfs,6,03-02-05-02-01-01-07_r06.wav,533056,0.006988,1,
write,write,,,audio_medium,polyglot,6,03-02-05-02-01-01-07_r06.wav,533056,0.007104,1,
write,write,,,audio_medium,pg_bytea,6,03-02-05-02-01-01-07_r06.wav,533056,0.019474,1,
write,write,,,audio_medium,mongo_gridfs,6,03-02-05-02-01-01-11_r06.wav,561888,0.007717,1,
write,write,,,audio_medium,pg_bytea,6,03-02-05-02-01-01-11_r06.wav,561888,0.014539,1,
write,write,,,audio_medium,polyglot,6,03-02-05-02-01-01-11_r06.wav,561888,0.007934,1,
write,write,,,audio_medium,mongo_gridfs,6,03-02-05-02-01-01-12_r06.wav,533056,0.007128,1,
write,write,,,audio_medium,polyglot,6,03-02-05-02-01-01-12_r06.wav,533056,0.006211,1,
write,write,,,audio_medium,pg_bytea,6,03-02-05-02-01-01-12_r06.wav,533056,0.015662,1,
write,write,,,audio_medium,mongo_gridfs,6,03-02-05-02-01-01-13_r06.wav,526650,0.008715,1,
write,write,,,audio_medium,pg_bytea,6,03-02-05-02-01-01-13_r06.wav,526650,0.013578,1,
write,write,,,audio_medium,polyglot,6,03-02-05-02-01-01-13_r06.wav,526650,0.008314,1,
write,write,,,video_small,pg_bytea,6,01-01-01-01-01-01-22_r06.mp4,5457041,1.370462,1,
write,write,,,video_small,polyglot,6,01-01-01-01-01-01-22_r06.mp4,5457041,0.052868,1,
write,write,,,video_small,mongo_gridfs,6,01-01-01-01-01-01-22_r06.mp4,5457041,0.044098,1,
write,write,,,video_small,mongo_gridfs,6,01-01-01-01-01-02-01_r06.mp4,5457041,0.041088,1,
write,write,,,video_small,pg_bytea,6,01-01-01-01-01-02-01_r06.mp4,5457041,0.167935,1,
write,write,,,video_small,polyglot,6,01-01-01-01-01-02-01_r06.mp4,5457041,0.043831,1,
write,write,,,video_small,pg_bytea,6,01-01-01-01-01-02-15_r06.mp4,5457041,0.161151,1,
write,write,,,video_small,mongo_gridfs,6,01-01-01-01-01-02-15_r06.mp4,5457041,0.045412,1,
write,write,,,video_small,polyglot,6,01-01-01-01-01-02-15_r06.mp4,5457041,0.042570,1,
write,write,,,video_small,pg_bytea,6,01-01-01-01-02-01-06_r06.mp4,5457041,0.223274,1,
write,write,,,video_small,mongo_gridfs,6,01-01-01-01-02-01-06_r06.mp4,5457041,0.050118,1,
write,write,,,video_small,polyglot,6,01-01-01-01-02-01-06_r06.mp4,5457041,0.039250,1,
write,write,,,video_small,pg_bytea,6,01-01-01-01-02-01-13_r06.mp4,5457041,0.189705,1,
write,write,,,video_small,polyglot,6,01-01-01-01-02-01-13_r06.mp4,5457041,0.044144,1,
write,write,,,video_small,mongo_gridfs,6,01-01-01-01-02-01-13_r06.mp4,5457041,0.042034,1,
write,write,,,video_small,polyglot,6,01-01-01-01-02-01-14_r06.mp4,5457041,0.053744,1,
write,write,,,video_small,pg_bytea,6,01-01-01-01-02-01-14_r06.mp4,5457041,0.290964,1,
write,write,,,video_small,mongo_gridfs,6,01-01-01-01-02-01-14_r06.mp4,5457041,0.050187,1,
write,write,,,video_small,mongo_gridfs,6,01-01-01-01-02-02-09_r06.mp4,5498397,0.071094,1,
write,write,,,video_small,pg_bytea,6,01-01-01-01-02-02-09_r06.mp4,5498397,0.262056,1,
write,write,,,video_small,polyglot,6,01-01-01-01-02-02-09_r06.mp4,5498397,0.054394,1,
write,write,,,video_small,mongo_gridfs,6,01-01-01-02-01-01-01_r06.mp4,5498397,0.044584,1,
write,write,,,video_small,polyglot,6,01-01-01-02-01-01-01_r06.mp4,5498397,0.052897,1,
write,write,,,video_small,pg_bytea,6,01-01-01-02-01-01-01_r06.mp4,5498397,0.308741,1,
write,write,,,video_small,mongo_gridfs,6,01-01-01-02-01-01-05_r06.mp4,5457041,0.053733,1,
write,write,,,video_small,polyglot,6,01-01-01-02-01-01-05_r06.mp4,5457041,0.045609,1,
write,write,,,video_small,pg_bytea,6,01-01-01-02-01-01-05_r06.mp4,5457041,0.180138,1,
write,write,,,video_small,pg_bytea,6,01-01-01-02-01-01-15_r06.mp4,5457041,0.162073,1,
write,write,,,video_small,polyglot,6,01-01-01-02-01-01-15_r06.mp4,5457041,0.051583,1,
write,write,,,video_small,mongo_gridfs,6,01-01-01-02-01-01-15_r06.mp4,5457041,0.047998,1,
write,write,,,video_small,mongo_gridfs,6,01-01-01-02-02-01-18_r06.mp4,5457041,0.047359,1,
write,write,,,video_small,polyglot,6,01-01-01-02-02-01-18_r06.mp4,5457041,0.055080,1,
write,write,,,video_small,pg_bytea,6,01-01-01-02-02-01-18_r06.mp4,5457041,0.155433,1,
write,write,,,video_small,mongo_gridfs,6,01-01-01-02-02-01-19_r06.mp4,5457041,0.051611,1,
write,write,,,video_small,polyglot,6,01-01-01-02-02-01-19_r06.mp4,5457041,0.050527,1,
write,write,,,video_small,pg_bytea,6,01-01-01-02-02-01-19_r06.mp4,5457041,0.187293,1,
write,write,,,video_small,polyglot,6,01-01-02-01-01-02-09_r06.mp4,5498397,0.051467,1,
write,write,,,video_small,mongo_gridfs,6,01-01-02-01-01-02-09_r06.mp4,5498397,0.056816,1,
write,write,,,video_small,pg_bytea,6,01-01-02-01-01-02-09_r06.mp4,5498397,0.181172,1,
write,write,,,video_small,polyglot,6,01-01-02-01-01-02-18_r06.mp4,5498397,0.051630,1,
write,write,,,video_small,mongo_gridfs,6,01-01-02-01-01-02-18_r06.mp4,5498397,0.052831,1,
write,write,,,video_small,pg_bytea,6,01-01-02-01-01-02-18_r06.mp4,5498397,0.190277,1,
write,write,,,video_small,mongo_gridfs,6,01-01-02-01-01-02-23_r06.mp4,5498397,0.048770,1,
write,write,,,video_small,polyglot,6,01-01-02-01-01-02-23_r06.mp4,5498397,0.043968,1,
write,write,,,video_small,pg_bytea,6,01-01-02-01-01-02-23_r06.mp4,5498397,0.151273,1,
write,write,,,video_small,polyglot,6,01-01-02-01-02-01-09_r06.mp4,5498397,0.054693,1,
write,write,,,video_small,mongo_gridfs,6,01-01-02-01-02-01-09_r06.mp4,5498397,0.042514,1,
write,write,,,video_small,pg_bytea,6,01-01-02-01-02-01-09_r06.mp4,5498397,0.152331,1,
write,write,,,video_small,pg_bytea,6,01-01-02-01-02-02-01_r06.mp4,5498397,0.137094,1,
write,write,,,video_small,mongo_gridfs,6,01-01-02-01-02-02-01_r06.mp4,5498397,0.046103,1,
write,write,,,video_small,polyglot,6,01-01-02-01-02-02-01_r06.mp4,5498397,0.046416,1,
write,write,,,video_small,pg_bytea,6,01-01-02-01-02-02-03_r06.mp4,5498397,0.578966,1,
write,write,,,video_small,mongo_gridfs,6,01-01-02-01-02-02-03_r06.mp4,5498397,0.050210,1,
write,write,,,video_small,polyglot,6,01-01-02-01-02-02-03_r06.mp4,5498397,0.042184,1,
write,write,,,video_small,polyglot,6,01-01-02-02-01-02-02_r06.mp4,5498397,0.045986,1,
write,write,,,video_small,pg_bytea,6,01-01-02-02-01-02-02_r06.mp4,5498397,0.166813,1,
write,write,,,video_small,mongo_gridfs,6,01-01-02-02-01-02-02_r06.mp4,5498397,0.044698,1,
write,write,,,video_small,polyglot,6,01-01-02-02-01-02-03_r06.mp4,5498397,0.047026,1,
write,write,,,video_small,pg_bytea,6,01-01-02-02-01-02-03_r06.mp4,5498397,0.161312,1,
write,write,,,video_small,mongo_gridfs,6,01-01-02-02-01-02-03_r06.mp4,5498397,0.045680,1,
write,write,,,video_small,polyglot,6,01-01-02-02-01-02-05_r06.mp4,5498397,0.041440,1,
write,write,,,video_small,pg_bytea,6,01-01-02-02-01-02-05_r06.mp4,5498397,0.201299,1,
write,write,,,video_small,mongo_gridfs,6,01-01-02-02-01-02-05_r06.mp4,5498397,0.051095,1,
write,write,,,video_small,pg_bytea,6,01-01-02-02-01-02-10_r06.mp4,5457041,0.516561,1,
write,write,,,video_small,polyglot,6,01-01-02-02-01-02-10_r06.mp4,5457041,0.048119,1,
write,write,,,video_small,mongo_gridfs,6,01-01-02-02-01-02-10_r06.mp4,5457041,0.044555,1,
write,write,,,video_small,mongo_gridfs,6,01-01-02-02-01-02-13_r06.mp4,5457041,0.048219,1,
write,write,,,video_small,polyglot,6,01-01-02-02-01-02-13_r06.mp4,5457041,0.202875,1,
write,write,,,video_small,pg_bytea,6,01-01-02-02-01-02-13_r06.mp4,5457041,0.772642,1,
write,write,,,video_small,polyglot,6,01-01-02-02-01-02-17_r06.mp4,5457041,0.148641,1,
write,write,,,video_small,mongo_gridfs,6,01-01-02-02-01-02-17_r06.mp4,5457041,0.044515,1,
write,write,,,video_small,pg_bytea,6,01-01-02-02-01-02-17_r06.mp4,5457041,0.799121,1,
write,write,,,video_small,polyglot,6,01-01-02-02-02-02-18_r06.mp4,5457041,0.054074,1,
write,write,,,video_small,mongo_gridfs,6,01-01-02-02-02-02-18_r06.mp4,5457041,0.042769,1,
write,write,,,video_small,pg_bytea,6,01-01-02-02-02-02-18_r06.mp4,5457041,0.159192,1,
write,write,,,video_small,polyglot,6,01-01-02-02-02-02-19_r06.mp4,5457041,0.044758,1,
write,write,,,video_small,mongo_gridfs,6,01-01-02-02-02-02-19_r06.mp4,5457041,0.042818,1,
write,write,,,video_small,pg_bytea,6,01-01-02-02-02-02-19_r06.mp4,5457041,0.155323,1,
write,write,,,video_small,mongo_gridfs,6,01-01-02-02-02-02-21_r06.mp4,5498397,0.048618,1,
write,write,,,video_small,pg_bytea,6,01-01-02-02-02-02-21_r06.mp4,5498397,0.154067,1,
write,write,,,video_small,polyglot,6,01-01-02-02-02-02-21_r06.mp4,5498397,0.041195,1,
write,write,,,video_small,pg_bytea,6,01-01-02-02-02-02-22_r06.mp4,5457041,0.145461,1,
write,write,,,video_small,polyglot,6,01-01-02-02-02-02-22_r06.mp4,5457041,0.048623,1,
write,write,,,video_small,mongo_gridfs,6,01-01-02-02-02-02-22_r06.mp4,5457041,0.062101,1,
write,write,,,video_small,pg_bytea,6,01-01-02-02-02-02-23_r06.mp4,5457041,0.622630,1,
write,write,,,video_small,mongo_gridfs,6,01-01-02-02-02-02-23_r06.mp4,5457041,0.049243,1,
write,write,,,video_small,polyglot,6,01-01-02-02-02-02-23_r06.mp4,5457041,0.040242,1,
write,write,,,video_small,mongo_gridfs,6,01-01-03-01-01-01-12_r06.mp4,5457041,0.041644,1,
write,write,,,video_small,pg_bytea,6,01-01-03-01-01-01-12_r06.mp4,5457041,0.159303,1,
write,write,,,video_small,polyglot,6,01-01-03-01-01-01-12_r06.mp4,5457041,0.047284,1,
write,write,,,video_small,polyglot,6,01-01-03-01-01-01-15_r06.mp4,5457041,0.049450,1,
write,write,,,video_small,mongo_gridfs,6,01-01-03-01-01-01-15_r06.mp4,5457041,0.042897,1,
write,write,,,video_small,pg_bytea,6,01-01-03-01-01-01-15_r06.mp4,5457041,0.166759,1,
write,write,,,video_small,mongo_gridfs,6,01-01-03-01-02-01-08_r06.mp4,5498397,0.046263,1,
write,write,,,video_small,pg_bytea,6,01-01-03-01-02-01-08_r06.mp4,5498397,0.330468,1,
write,write,,,video_small,polyglot,6,01-01-03-01-02-01-08_r06.mp4,5498397,0.050981,1,
write,write,,,video_small,pg_bytea,6,01-01-03-01-02-01-21_r06.mp4,5498397,0.287685,1,
write,write,,,video_small,polyglot,6,01-01-03-01-02-01-21_r06.mp4,5498397,0.044746,1,
write,write,,,video_small,mongo_gridfs,6,01-01-03-01-02-01-21_r06.mp4,5498397,0.048535,1,
write,write,,,video_small,polyglot,6,01-01-03-02-01-01-21_r06.mp4,5457041,0.042200,1,
write,write,,,video_small,mongo_gridfs,6,01-01-03-02-01-01-21_r06.mp4,5457041,0.045810,1,
write,write,,,video_small,pg_bytea,6,01-01-03-02-01-01-21_r06.mp4,5457041,0.248281,1,
write,write,,,video_small,mongo_gridfs,6,01-01-03-02-01-01-24_r06.mp4,5457041,0.050594,1,
write,write,,,video_small,polyglot,6,01-01-03-02-01-01-24_r06.mp4,5457041,0.043732,1,
write,write,,,video_small,pg_bytea,6,01-01-03-02-01-01-24_r06.mp4,5457041,0.347262,1,
write,write,,,video_small,polyglot,6,01-01-03-02-01-02-01_r06.mp4,5457041,0.040964,1,
write,write,,,video_small,mongo_gridfs,6,01-01-03-02-01-02-01_r06.mp4,5457041,0.039178,1,
write,write,,,video_small,pg_bytea,6,01-01-03-02-01-02-01_r06.mp4,5457041,0.318616,1,
write,write,,,video_small,mongo_gridfs,6,01-01-03-02-01-02-15_r06.mp4,5457041,0.047728,1,
write,write,,,video_small,polyglot,6,01-01-03-02-01-02-15_r06.mp4,5457041,0.045590,1,
write,write,,,video_small,pg_bytea,6,01-01-03-02-01-02-15_r06.mp4,5457041,0.335654,1,
write,write,,,video_small,mongo_gridfs,6,01-01-03-02-02-01-05_r06.mp4,5457041,0.050474,1,
write,write,,,video_small,polyglot,6,01-01-03-02-02-01-05_r06.mp4,5457041,0.046961,1,
write,write,,,video_small,pg_bytea,6,01-01-03-02-02-01-05_r06.mp4,5457041,0.337676,1,
write,write,,,video_small,pg_bytea,6,01-01-03-02-02-01-12_r06.mp4,5457041,0.273076,1,
write,write,,,video_small,mongo_gridfs,6,01-01-03-02-02-01-12_r06.mp4,5457041,0.046323,1,
write,write,,,video_small,polyglot,6,01-01-03-02-02-01-12_r06.mp4,5457041,0.093310,1,
write,write,,,video_small,mongo_gridfs,6,01-01-03-02-02-01-15_r06.mp4,5498397,0.041914,1,
write,write,,,video_small,pg_bytea,6,01-01-03-02-02-01-15_r06.mp4,5498397,0.323635,1,
write,write,,,video_small,polyglot,6,01-01-03-02-02-01-15_r06.mp4,5498397,0.043269,1,
write,write,,,video_small,mongo_gridfs,6,01-01-04-01-01-01-03_r06.mp4,5457041,0.042922,1,
write,write,,,video_small,pg_bytea,6,01-01-04-01-01-01-03_r06.mp4,5457041,0.153787,1,
write,write,,,video_small,polyglot,6,01-01-04-01-01-01-03_r06.mp4,5457041,0.043101,1,
write,write,,,video_small,pg_bytea,6,01-01-04-01-01-01-05_r06.mp4,5498397,0.144698,1,
write,write,,,video_small,mongo_gridfs,6,01-01-04-01-01-01-05_r06.mp4,5498397,0.048478,1,
write,write,,,video_small,polyglot,6,01-01-04-01-01-01-05_r06.mp4,5498397,0.051433,1,
write,write,,,video_small,polyglot,6,01-01-04-01-01-01-10_r06.mp4,5457041,0.054413,1,
write,write,,,video_small,mongo_gridfs,6,01-01-04-01-01-01-10_r06.mp4,5457041,0.042419,1,
write,write,,,video_small,pg_bytea,6,01-01-04-01-01-01-10_r06.mp4,5457041,0.292144,1,
write,write,,,video_small,polyglot,6,01-01-04-01-01-01-16_r06.mp4,5457041,0.047146,1,
write,write,,,video_small,pg_bytea,6,01-01-04-01-01-01-16_r06.mp4,5457041,0.281871,1,
write,write,,,video_small,mongo_gridfs,6,01-01-04-01-01-01-16_r06.mp4,5457041,0.052465,1,
write,write,,,video_small,pg_bytea,6,01-01-04-01-02-01-19_r06.mp4,5498397,0.238914,1,
write,write,,,video_small,mongo_gridfs,6,01-01-04-01-02-01-19_r06.mp4,5498397,0.054469,1,
write,write,,,video_small,polyglot,6,01-01-04-01-02-01-19_r06.mp4,5498397,0.048862,1,
write,write,,,video_small,pg_bytea,6,01-01-04-01-02-01-21_r06.mp4,5498397,0.144425,1,
write,write,,,video_small,mongo_gridfs,6,01-01-04-01-02-01-21_r06.mp4,5498397,0.046547,1,
write,write,,,video_small,polyglot,6,01-01-04-01-02-01-21_r06.mp4,5498397,0.044238,1,
write,write,,,video_small,mongo_gridfs,6,01-01-04-01-02-01-22_r06.mp4,5498397,0.043617,1,
write,write,,,video_small,pg_bytea,6,01-01-04-01-02-01-22_r06.mp4,5498397,0.382953,1,
write,write,,,video_small,polyglot,6,01-01-04-01-02-01-22_r06.mp4,5498397,0.049769,1,
write,write,,,video_small,mongo_gridfs,6,01-01-04-02-01-01-18_r06.mp4,5498397,0.047937,1,
write,write,,,video_small,pg_bytea,6,01-01-04-02-01-01-18_r06.mp4,5498397,0.170437,1,
write,write,,,video_small,polyglot,6,01-01-04-02-01-01-18_r06.mp4,5498397,0.047440,1,
write,write,,,video_small,pg_bytea,6,01-01-04-02-01-01-19_r06.mp4,5457041,0.155960,1,
write,write,,,video_small,polyglot,6,01-01-04-02-01-01-19_r06.mp4,5457041,0.048570,1,
write,write,,,video_small,mongo_gridfs,6,01-01-04-02-01-01-19_r06.mp4,5457041,0.043042,1,
write,write,,,video_small,mongo_gridfs,6,01-01-04-02-02-01-02_r06.mp4,5498397,0.045570,1,
write,write,,,video_small,polyglot,6,01-01-04-02-02-01-02_r06.mp4,5498397,0.048308,1,
write,write,,,video_small,pg_bytea,6,01-01-04-02-02-01-02_r06.mp4,5498397,0.228059,1,
write,write,,,video_small,pg_bytea,6,01-01-04-02-02-01-05_r06.mp4,5498397,0.195294,1,
write,write,,,video_small,polyglot,6,01-01-04-02-02-01-05_r06.mp4,5498397,0.048725,1,
write,write,,,video_small,mongo_gridfs,6,01-01-04-02-02-01-05_r06.mp4,5498397,0.047423,1,
write,write,,,video_small,mongo_gridfs,6,01-01-04-02-02-01-06_r06.mp4,5498397,0.050705,1,
write,write,,,video_small,polyglot,6,01-01-04-02-02-01-06_r06.mp4,5498397,0.050931,1,
write,write,,,video_small,pg_bytea,6,01-01-04-02-02-01-06_r06.mp4,5498397,0.274922,1,
write,write,,,video_small,mongo_gridfs,6,01-01-04-02-02-01-13_r06.mp4,5498397,0.044762,1,
write,write,,,video_small,pg_bytea,6,01-01-04-02-02-01-13_r06.mp4,5498397,0.301121,1,
write,write,,,video_small,polyglot,6,01-01-04-02-02-01-13_r06.mp4,5498397,0.053594,1,
write,write,,,video_small,mongo_gridfs,6,01-01-04-02-02-01-17_r06.mp4,5498397,0.050079,1,
write,write,,,video_small,pg_bytea,6,01-01-04-02-02-01-17_r06.mp4,5498397,0.216346,1,
write,write,,,video_small,polyglot,6,01-01-04-02-02-01-17_r06.mp4,5498397,0.043272,1,
write,write,,,video_small,polyglot,6,01-01-04-02-02-02-19_r06.mp4,5498397,0.041323,1,
write,write,,,video_small,pg_bytea,6,01-01-04-02-02-02-19_r06.mp4,5498397,0.166274,1,
write,write,,,video_small,mongo_gridfs,6,01-01-04-02-02-02-19_r06.mp4,5498397,0.043504,1,
write,write,,,video_small,pg_bytea,6,01-01-05-01-01-02-09_r06.mp4,5457041,0.163923,1,
write,write,,,video_small,mongo_gridfs,6,01-01-05-01-01-02-09_r06.mp4,5457041,0.042132,1,
write,write,,,video_small,polyglot,6,01-01-05-01-01-02-09_r06.mp4,5457041,0.041169,1,
write,write,,,video_small,mongo_gridfs,6,01-01-05-01-01-02-19_r06.mp4,5498397,0.051774,1,
write,write,,,video_small,polyglot,6,01-01-05-01-01-02-19_r06.mp4,5498397,0.044065,1,
write,write,,,video_small,pg_bytea,6,01-01-05-01-01-02-19_r06.mp4,5498397,0.160684,1,
write,write,,,video_small,mongo_gridfs,6,01-01-05-01-01-02-21_r06.mp4,5457041,0.054147,1,
write,write,,,video_small,pg_bytea,6,01-01-05-01-01-02-21_r06.mp4,5457041,0.201441,1,
write,write,,,video_small,polyglot,6,01-01-05-01-01-02-21_r06.mp4,5457041,0.045835,1,
write,write,,,video_small,mongo_gridfs,6,01-01-05-01-02-01-19_r06.mp4,5457041,0.044999,1,
write,write,,,video_small,polyglot,6,01-01-05-01-02-01-19_r06.mp4,5457041,0.045658,1,
write,write,,,video_small,pg_bytea,6,01-01-05-01-02-01-19_r06.mp4,5457041,0.175106,1,
write,write,,,video_small,pg_bytea,6,01-01-05-01-02-02-04_r06.mp4,5457041,0.149132,1,
write,write,,,video_small,polyglot,6,01-01-05-01-02-02-04_r06.mp4,5457041,0.046504,1,
write,write,,,video_small,mongo_gridfs,6,01-01-05-01-02-02-04_r06.mp4,5457041,0.041080,1,
write,write,,,video_small,polyglot,6,01-01-05-01-02-02-05_r06.mp4,5498397,0.044508,1,
write,write,,,video_small,mongo_gridfs,6,01-01-05-01-02-02-05_r06.mp4,5498397,0.039573,1,
write,write,,,video_small,pg_bytea,6,01-01-05-01-02-02-05_r06.mp4,5498397,0.192300,1,
write,write,,,video_small,polyglot,6,01-01-05-02-01-02-04_r06.mp4,5457041,0.041019,1,
write,write,,,video_small,mongo_gridfs,6,01-01-05-02-01-02-04_r06.mp4,5457041,0.041765,1,
write,write,,,video_small,pg_bytea,6,01-01-05-02-01-02-04_r06.mp4,5457041,0.507428,1,
write,write,,,video_small,mongo_gridfs,6,01-01-05-02-01-02-12_r06.mp4,5457041,0.054858,1,
write,write,,,video_small,polyglot,6,01-01-05-02-01-02-12_r06.mp4,5457041,0.139398,1,
write,write,,,video_small,pg_bytea,6,01-01-05-02-01-02-12_r06.mp4,5457041,0.267062,1,
write,write,,,video_small,pg_bytea,6,01-01-05-02-01-02-14_r06.mp4,5457041,0.300335,1,
write,write,,,video_small,polyglot,6,01-01-05-02-01-02-14_r06.mp4,5457041,0.049006,1,
write,write,,,video_small,mongo_gridfs,6,01-01-05-02-01-02-14_r06.mp4,5457041,0.047044,1,
write,write,,,video_small,pg_bytea,6,01-01-05-02-02-02-19_r06.mp4,5498397,0.281292,1,
write,write,,,video_small,mongo_gridfs,6,01-01-05-02-02-02-19_r06.mp4,5498397,0.047025,1,
write,write,,,video_small,polyglot,6,01-01-05-02-02-02-19_r06.mp4,5498397,0.050219,1,
write,write,,,video_small,mongo_gridfs,6,01-01-05-02-02-02-20_r06.mp4,5498397,0.048870,1,
write,write,,,video_small,pg_bytea,6,01-01-05-02-02-02-20_r06.mp4,5498397,0.151179,1,
write,write,,,video_small,polyglot,6,01-01-05-02-02-02-20_r06.mp4,5498397,0.044768,1,
write,write,,,video_small,pg_bytea,6,01-01-05-02-02-02-23_r06.mp4,5457041,0.163700,1,
write,write,,,video_small,polyglot,6,01-01-05-02-02-02-23_r06.mp4,5457041,0.046976,1,
write,write,,,video_small,mongo_gridfs,6,01-01-05-02-02-02-23_r06.mp4,5457041,0.046882,1,
write,write,,,video_small,mongo_gridfs,6,01-01-06-01-01-01-08_r06.mp4,5457041,0.043814,1,
write,write,,,video_small,pg_bytea,6,01-01-06-01-01-01-08_r06.mp4,5457041,0.181772,1,
write,write,,,video_small,polyglot,6,01-01-06-01-01-01-08_r06.mp4,5457041,0.050866,1,
write,write,,,video_small,pg_bytea,6,01-01-06-01-01-01-19_r06.mp4,5457041,0.151039,1,
write,write,,,video_small,mongo_gridfs,6,01-01-06-01-01-01-19_r06.mp4,5457041,0.041534,1,
write,write,,,video_small,polyglot,6,01-01-06-01-01-01-19_r06.mp4,5457041,0.053206,1,
write,write,,,video_small,polyglot,6,01-01-06-01-01-01-24_r06.mp4,5498397,0.051598,1,
write,write,,,video_small,mongo_gridfs,6,01-01-06-01-01-01-24_r06.mp4,5498397,0.039426,1,
write,write,,,video_small,pg_bytea,6,01-01-06-01-01-01-24_r06.mp4,5498397,0.162288,1,
write,write,,,video_medium,polyglot,6,tsinghua_v_0024_r06.mp4,13091522,0.101171,1,
write,write,,,video_medium,mongo_gridfs,6,tsinghua_v_0024_r06.mp4,13091522,0.104228,1,
write,write,,,video_medium,pg_bytea,6,tsinghua_v_0024_r06.mp4,13091522,0.391421,1,
write,write,,,video_medium,pg_bytea,6,tsinghua_v_0046_r06.mp4,13091522,0.365005,1,
write,write,,,video_medium,polyglot,6,tsinghua_v_0046_r06.mp4,13091522,0.120702,1,
write,write,,,video_medium,mongo_gridfs,6,tsinghua_v_0046_r06.mp4,13091522,0.097663,1,
write,write,,,video_medium,pg_bytea,6,tsinghua_v_0076_r06.mp4,13091522,0.441059,1,
write,write,,,video_medium,mongo_gridfs,6,tsinghua_v_0076_r06.mp4,13091522,0.102944,1,
write,write,,,video_medium,polyglot,6,tsinghua_v_0076_r06.mp4,13091522,0.107540,1,
write,write,,,video_medium,mongo_gridfs,6,tsinghua_v_0080_r06.mp4,13091522,0.120360,1,
write,write,,,video_medium,polyglot,6,tsinghua_v_0080_r06.mp4,13091522,0.128051,1,
write,write,,,video_medium,pg_bytea,6,tsinghua_v_0080_r06.mp4,13091522,0.444410,1,
write,write,,,video_medium,pg_bytea,6,tsinghua_v_0109_r06.mp4,13091522,0.666338,1,
write,write,,,video_medium,mongo_gridfs,6,tsinghua_v_0109_r06.mp4,13091522,0.121055,1,
write,write,,,video_medium,polyglot,6,tsinghua_v_0109_r06.mp4,13091522,0.101313,1,
write,write,,,video_medium,polyglot,6,tsinghua_v_0123_r06.mp4,13091522,0.116533,1,
write,write,,,video_medium,pg_bytea,6,tsinghua_v_0123_r06.mp4,13091522,0.416698,1,
write,write,,,video_medium,mongo_gridfs,6,tsinghua_v_0123_r06.mp4,13091522,0.114671,1,
write,write,,,video_medium,pg_bytea,6,tsinghua_v_0130_r06.mp4,13091522,0.390078,1,
write,write,,,video_medium,mongo_gridfs,6,tsinghua_v_0130_r06.mp4,13091522,0.138820,1,
write,write,,,video_medium,polyglot,6,tsinghua_v_0130_r06.mp4,13091522,0.113489,1,
write,write,,,video_medium,mongo_gridfs,6,tsinghua_v_0135_r06.mp4,13091522,0.129854,1,
write,write,,,video_medium,polyglot,6,tsinghua_v_0135_r06.mp4,13091522,0.111540,1,
write,write,,,video_medium,pg_bytea,6,tsinghua_v_0135_r06.mp4,13091522,0.429356,1,
write,write,,,video_medium,mongo_gridfs,6,tsinghua_v_0137_r06.mp4,13091522,0.103445,1,
write,write,,,video_medium,polyglot,6,tsinghua_v_0137_r06.mp4,13091522,0.102960,1,
write,write,,,video_medium,pg_bytea,6,tsinghua_v_0137_r06.mp4,13091522,0.502795,1,
write,write,,,video_medium,mongo_gridfs,6,tsinghua_v_0140_r06.mp4,13091522,0.108172,1,
write,write,,,video_medium,polyglot,6,tsinghua_v_0140_r06.mp4,13091522,0.107386,1,
write,write,,,video_medium,pg_bytea,6,tsinghua_v_0140_r06.mp4,13091522,0.367638,1,
write,write,,,video_medium,pg_bytea,6,tsinghua_v_0151_r06.mp4,13091522,1.469805,1,
write,write,,,video_medium,polyglot,6,tsinghua_v_0151_r06.mp4,13091522,0.107902,1,
write,write,,,video_medium,mongo_gridfs,6,tsinghua_v_0151_r06.mp4,13091522,0.122763,1,
write,write,,,video_medium,mongo_gridfs,6,tsinghua_v_0157_r06.mp4,13091522,0.134890,1,
write,write,,,video_medium,polyglot,6,tsinghua_v_0157_r06.mp4,13091522,0.149592,1,
write,write,,,video_medium,pg_bytea,6,tsinghua_v_0157_r06.mp4,13091522,0.372924,1,
write,write,,,video_medium,pg_bytea,6,tsinghua_v_0209_r06.mp4,13091522,0.352968,1,
write,write,,,video_medium,polyglot,6,tsinghua_v_0209_r06.mp4,13091522,0.103268,1,
write,write,,,video_medium,mongo_gridfs,6,tsinghua_v_0209_r06.mp4,13091522,0.096809,1,
write,write,,,video_medium,mongo_gridfs,6,tsinghua_v_0226_r06.mp4,13091522,0.091665,1,
write,write,,,video_medium,pg_bytea,6,tsinghua_v_0226_r06.mp4,13091522,0.631656,1,
write,write,,,video_medium,polyglot,6,tsinghua_v_0226_r06.mp4,13091522,0.101745,1,
write,write,,,video_medium,pg_bytea,6,tsinghua_v_0236_r06.mp4,13091522,0.416855,1,
write,write,,,video_medium,mongo_gridfs,6,tsinghua_v_0236_r06.mp4,13091522,0.100100,1,
write,write,,,video_medium,polyglot,6,tsinghua_v_0236_r06.mp4,13091522,0.112277,1,
write,write,,,video_medium,pg_bytea,6,tsinghua_v_0274_r06.mp4,13091522,0.875004,1,
write,write,,,video_medium,mongo_gridfs,6,tsinghua_v_0274_r06.mp4,13091522,0.100874,1,
write,write,,,video_medium,polyglot,6,tsinghua_v_0274_r06.mp4,13091522,0.097260,1,
write,write,,,video_medium,mongo_gridfs,6,tsinghua_v_0280_r06.mp4,13091522,0.100597,1,
write,write,,,video_medium,polyglot,6,tsinghua_v_0280_r06.mp4,13091522,0.126521,1,
write,write,,,video_medium,pg_bytea,6,tsinghua_v_0280_r06.mp4,13091522,0.402547,1,
write,write,,,video_medium,pg_bytea,6,tsinghua_v_0302_r06.mp4,13091522,0.452262,1,
write,write,,,video_medium,polyglot,6,tsinghua_v_0302_r06.mp4,13091522,0.103766,1,
write,write,,,video_medium,mongo_gridfs,6,tsinghua_v_0302_r06.mp4,13091522,0.101644,1,
write,write,,,video_medium,pg_bytea,6,tsinghua_v_0311_r06.mp4,13091522,0.360074,1,
write,write,,,video_medium,mongo_gridfs,6,tsinghua_v_0311_r06.mp4,13091522,0.103193,1,
write,write,,,video_medium,polyglot,6,tsinghua_v_0311_r06.mp4,13091522,0.095948,1,
write,write,,,video_medium,pg_bytea,6,tsinghua_v_0316_r06.mp4,13091522,0.346023,1,
write,write,,,video_medium,mongo_gridfs,6,tsinghua_v_0316_r06.mp4,13091522,0.110750,1,
write,write,,,video_medium,polyglot,6,tsinghua_v_0316_r06.mp4,13091522,0.173562,1,
write,write,,,video_medium,polyglot,6,tsinghua_v_0319_r06.mp4,13091522,0.598415,1,
write,write,,,video_medium,pg_bytea,6,tsinghua_v_0319_r06.mp4,13091522,0.357984,1,
write,write,,,video_medium,mongo_gridfs,6,tsinghua_v_0319_r06.mp4,13091522,0.098024,1,
write,write,,,video_medium,mongo_gridfs,6,tsinghua_v_0321_r06.mp4,13091522,0.094043,1,
write,write,,,video_medium,pg_bytea,6,tsinghua_v_0321_r06.mp4,13091522,0.388144,1,
write,write,,,video_medium,polyglot,6,tsinghua_v_0321_r06.mp4,13091522,0.116760,1,
write,write,,,video_medium,polyglot,6,tsinghua_v_0331_r06.mp4,13091522,0.121624,1,
write,write,,,video_medium,pg_bytea,6,tsinghua_v_0331_r06.mp4,13091522,0.409789,1,
write,write,,,video_medium,mongo_gridfs,6,tsinghua_v_0331_r06.mp4,13091522,0.143641,1,
write,write,,,video_medium,mongo_gridfs,6,tsinghua_v_0345_r06.mp4,13091522,0.235608,1,
write,write,,,video_medium,polyglot,6,tsinghua_v_0345_r06.mp4,13091522,0.176840,1,
write,write,,,video_medium,pg_bytea,6,tsinghua_v_0345_r06.mp4,13091522,1.122019,1,
write,write,,,video_medium,polyglot,6,tsinghua_v_0356_r06.mp4,13091522,0.105311,1,
write,write,,,video_medium,mongo_gridfs,6,tsinghua_v_0356_r06.mp4,13091522,0.120992,1,
write,write,,,video_medium,pg_bytea,6,tsinghua_v_0356_r06.mp4,13091522,0.367602,1,
write,write,,,video_medium,pg_bytea,6,tsinghua_v_0357_r06.mp4,13091522,0.372062,1,
write,write,,,video_medium,polyglot,6,tsinghua_v_0357_r06.mp4,13091522,0.104762,1,
write,write,,,video_medium,mongo_gridfs,6,tsinghua_v_0357_r06.mp4,13091522,0.117983,1,
write,write,,,video_medium,polyglot,6,tsinghua_v_0379_r06.mp4,13091522,0.102460,1,
write,write,,,video_medium,pg_bytea,6,tsinghua_v_0379_r06.mp4,13091522,0.351868,1,
write,write,,,video_medium,mongo_gridfs,6,tsinghua_v_0379_r06.mp4,13091522,0.101844,1,
write,write,,,video_medium,pg_bytea,6,tsinghua_v_0393_r06.mp4,13091522,0.351268,1,
write,write,,,video_medium,polyglot,6,tsinghua_v_0393_r06.mp4,13091522,0.101536,1,
write,write,,,video_medium,mongo_gridfs,6,tsinghua_v_0393_r06.mp4,13091522,0.103622,1,
write,write,,,video_medium,polyglot,6,tsinghua_v_0421_r06.mp4,13091522,0.098260,1,
write,write,,,video_medium,mongo_gridfs,6,tsinghua_v_0421_r06.mp4,13091522,0.120199,1,
write,write,,,video_medium,pg_bytea,6,tsinghua_v_0421_r06.mp4,13091522,0.382157,1,
write,write,,,video_medium,mongo_gridfs,6,tsinghua_v_0424_r06.mp4,13091522,0.097899,1,
write,write,,,video_medium,polyglot,6,tsinghua_v_0424_r06.mp4,13091522,0.105778,1,
write,write,,,video_medium,pg_bytea,6,tsinghua_v_0424_r06.mp4,13091522,0.538245,1,
write,write,,,video_medium,polyglot,6,tsinghua_v_0427_r06.mp4,13091522,0.095249,1,
write,write,,,video_medium,pg_bytea,6,tsinghua_v_0427_r06.mp4,13091522,0.456050,1,
write,write,,,video_medium,mongo_gridfs,6,tsinghua_v_0427_r06.mp4,13091522,0.118762,1,
write,write,,,video_medium,mongo_gridfs,6,tsinghua_v_0431_r06.mp4,13091522,0.093130,1,
write,write,,,video_medium,polyglot,6,tsinghua_v_0431_r06.mp4,13091522,0.103347,1,
write,write,,,video_medium,pg_bytea,6,tsinghua_v_0431_r06.mp4,13091522,0.958866,1,
write,write,,,video_medium,mongo_gridfs,6,tsinghua_v_0452_r06.mp4,13091522,0.090958,1,
write,write,,,video_medium,pg_bytea,6,tsinghua_v_0452_r06.mp4,13091522,0.339119,1,
write,write,,,video_medium,polyglot,6,tsinghua_v_0452_r06.mp4,13091522,0.100964,1,
write,write,,,video_medium,mongo_gridfs,6,tsinghua_v_0454_r06.mp4,13091522,0.105428,1,
write,write,,,video_medium,pg_bytea,6,tsinghua_v_0454_r06.mp4,13091522,3.930220,1,
write,write,,,video_medium,polyglot,6,tsinghua_v_0454_r06.mp4,13091522,0.118092,1,
write,write,,,video_medium,polyglot,6,tsinghua_v_0457_r06.mp4,13091522,0.105665,1,
write,write,,,video_medium,pg_bytea,6,tsinghua_v_0457_r06.mp4,13091522,0.642633,1,
write,write,,,video_medium,mongo_gridfs,6,tsinghua_v_0457_r06.mp4,13091522,0.124951,1,
write,write,,,video_medium,mongo_gridfs,6,tsinghua_v_0466_r06.mp4,13091522,0.093986,1,
write,write,,,video_medium,polyglot,6,tsinghua_v_0466_r06.mp4,13091522,0.119591,1,
write,write,,,video_medium,pg_bytea,6,tsinghua_v_0466_r06.mp4,13091522,0.410384,1,
write,write,,,video_medium,pg_bytea,6,tsinghua_v_0471_r06.mp4,13091522,0.395278,1,
write,write,,,video_medium,mongo_gridfs,6,tsinghua_v_0471_r06.mp4,13091522,0.105597,1,
write,write,,,video_medium,polyglot,6,tsinghua_v_0471_r06.mp4,13091522,0.100924,1,
write,write,,,video_medium,polyglot,6,tsinghua_v_0472_r06.mp4,13091522,0.122764,1,
write,write,,,video_medium,pg_bytea,6,tsinghua_v_0472_r06.mp4,13091522,0.371752,1,
write,write,,,video_medium,mongo_gridfs,6,tsinghua_v_0472_r06.mp4,13091522,0.102272,1,
write,write,,,video_medium,polyglot,6,tsinghua_v_0494_r06.mp4,13091522,0.098744,1,
write,write,,,video_medium,mongo_gridfs,6,tsinghua_v_0494_r06.mp4,13091522,0.117165,1,
write,write,,,video_medium,pg_bytea,6,tsinghua_v_0494_r06.mp4,13091522,0.376678,1,
write,write,,,video_medium,pg_bytea,6,tsinghua_v_0503_r06.mp4,13091522,0.470369,1,
write,write,,,video_medium,polyglot,6,tsinghua_v_0503_r06.mp4,13091522,0.112566,1,
write,write,,,video_medium,mongo_gridfs,6,tsinghua_v_0503_r06.mp4,13091522,0.137470,1,
write,write,,,video_medium,mongo_gridfs,6,tsinghua_v_0509_r06.mp4,13091522,0.145385,1,
write,write,,,video_medium,polyglot,6,tsinghua_v_0509_r06.mp4,13091522,1.025053,1,
write,write,,,video_medium,pg_bytea,6,tsinghua_v_0509_r06.mp4,13091522,0.356943,1,
write,write,,,video_medium,pg_bytea,6,tsinghua_v_0523_r06.mp4,13091522,0.381654,1,
write,write,,,video_medium,polyglot,6,tsinghua_v_0523_r06.mp4,13091522,0.104315,1,
write,write,,,video_medium,mongo_gridfs,6,tsinghua_v_0523_r06.mp4,13091522,0.101087,1,
write,write,,,video_medium,mongo_gridfs,6,tsinghua_v_0546_r06.mp4,13091522,0.117229,1,
write,write,,,video_medium,polyglot,6,tsinghua_v_0546_r06.mp4,13091522,0.109040,1,
write,write,,,video_medium,pg_bytea,6,tsinghua_v_0546_r06.mp4,13091522,0.487992,1,
write,write,,,video_medium,mongo_gridfs,6,tsinghua_v_0568_r06.mp4,13091522,0.100698,1,
write,write,,,video_medium,pg_bytea,6,tsinghua_v_0568_r06.mp4,13091522,0.471536,1,
write,write,,,video_medium,polyglot,6,tsinghua_v_0568_r06.mp4,13091522,0.102643,1,
write,write,,,video_medium,polyglot,6,tsinghua_v_0594_r06.mp4,13091522,0.100916,1,
write,write,,,video_medium,mongo_gridfs,6,tsinghua_v_0594_r06.mp4,13091522,0.104348,1,
write,write,,,video_medium,pg_bytea,6,tsinghua_v_0594_r06.mp4,13091522,1.256589,1,
write,write,,,video_medium,mongo_gridfs,6,tsinghua_v_0596_r06.mp4,13091522,0.119903,1,
write,write,,,video_medium,polyglot,6,tsinghua_v_0596_r06.mp4,13091522,0.101126,1,
write,write,,,video_medium,pg_bytea,6,tsinghua_v_0596_r06.mp4,13091522,0.409176,1,
write,write,,,video_medium,mongo_gridfs,6,tsinghua_v_0635_r06.mp4,13091522,0.111860,1,
write,write,,,video_medium,pg_bytea,6,tsinghua_v_0635_r06.mp4,13091522,0.654232,1,
write,write,,,video_medium,polyglot,6,tsinghua_v_0635_r06.mp4,13091522,0.103569,1,
write,write,,,video_medium,mongo_gridfs,6,tsinghua_v_0653_r06.mp4,13091522,0.097701,1,
write,write,,,video_medium,pg_bytea,6,tsinghua_v_0653_r06.mp4,13091522,0.421602,1,
write,write,,,video_medium,polyglot,6,tsinghua_v_0653_r06.mp4,13091522,0.111908,1,
write,write,,,video_medium,polyglot,6,tsinghua_v_0667_r06.mp4,13091522,0.106097,1,
write,write,,,video_medium,pg_bytea,6,tsinghua_v_0667_r06.mp4,13091522,0.377125,1,
write,write,,,video_medium,mongo_gridfs,6,tsinghua_v_0667_r06.mp4,13091522,0.111675,1,
write,write,,,video_medium,pg_bytea,6,tsinghua_v_0673_r06.mp4,13091522,0.415690,1,
write,write,,,video_medium,polyglot,6,tsinghua_v_0673_r06.mp4,13091522,0.112953,1,
write,write,,,video_medium,mongo_gridfs,6,tsinghua_v_0673_r06.mp4,13091522,0.131541,1,
write,write,,,video_medium,polyglot,6,tsinghua_v_0681_r06.mp4,13091522,1.543632,1,
write,write,,,video_medium,pg_bytea,6,tsinghua_v_0681_r06.mp4,13091522,0.446465,1,
write,write,,,video_medium,mongo_gridfs,6,tsinghua_v_0681_r06.mp4,13091522,0.102685,1,
write,write,,,video_medium,mongo_gridfs,6,tsinghua_v_0690_r06.mp4,13091522,0.100873,1,
write,write,,,video_medium,polyglot,6,tsinghua_v_0690_r06.mp4,13091522,0.106049,1,
write,write,,,video_medium,pg_bytea,6,tsinghua_v_0690_r06.mp4,13091522,2.671788,1,
write,write,,,video_medium,polyglot,6,tsinghua_v_0692_r06.mp4,13091522,0.986808,1,
write,write,,,video_medium,pg_bytea,6,tsinghua_v_0692_r06.mp4,13091522,1.492625,1,
write,write,,,video_medium,mongo_gridfs,6,tsinghua_v_0692_r06.mp4,13091522,0.105845,1,
write,write,,,video_medium,mongo_gridfs,6,tsinghua_v_0696_r06.mp4,13091522,0.571286,1,
write,write,,,video_medium,polyglot,6,tsinghua_v_0696_r06.mp4,13091522,0.827286,1,
write,write,,,video_medium,pg_bytea,6,tsinghua_v_0696_r06.mp4,13091522,0.413060,1,
write,write,,,video_medium,pg_bytea,6,tsinghua_v_0734_r06.mp4,13091522,0.721557,1,
write,write,,,video_medium,polyglot,6,tsinghua_v_0734_r06.mp4,13091522,0.107737,1,
write,write,,,video_medium,mongo_gridfs,6,tsinghua_v_0734_r06.mp4,13091522,0.116234,1,
write,write,,,video_medium,mongo_gridfs,6,tsinghua_v_0737_r06.mp4,13091522,0.394456,1,
write,write,,,video_medium,pg_bytea,6,tsinghua_v_0737_r06.mp4,13091522,0.413921,1,
write,write,,,video_medium,polyglot,6,tsinghua_v_0737_r06.mp4,13091522,0.111731,1,
write,write,,,video_medium,pg_bytea,6,tsinghua_v_0744_r06.mp4,13091522,0.467633,1,
write,write,,,video_medium,mongo_gridfs,6,tsinghua_v_0744_r06.mp4,13091522,0.104234,1,
write,write,,,video_medium,polyglot,6,tsinghua_v_0744_r06.mp4,13091522,0.113539,1,
write,write,,,video_medium,mongo_gridfs,6,tsinghua_v_0745_r06.mp4,13091522,0.149943,1,
write,write,,,video_medium,pg_bytea,6,tsinghua_v_0745_r06.mp4,13091522,0.372018,1,
write,write,,,video_medium,polyglot,6,tsinghua_v_0745_r06.mp4,13091522,0.112854,1,
write,write,,,video_medium,pg_bytea,6,tsinghua_v_0769_r06.mp4,13091522,1.163337,1,
write,write,,,video_medium,mongo_gridfs,6,tsinghua_v_0769_r06.mp4,13091522,0.098176,1,
write,write,,,video_medium,polyglot,6,tsinghua_v_0769_r06.mp4,13091522,0.101862,1,
write,write,,,video_medium,pg_bytea,6,tsinghua_v_0791_r06.mp4,13091522,0.405462,1,
write,write,,,video_medium,mongo_gridfs,6,tsinghua_v_0791_r06.mp4,13091522,0.102319,1,
write,write,,,video_medium,polyglot,6,tsinghua_v_0791_r06.mp4,13091522,0.102085,1,
write,write,,,video_medium,mongo_gridfs,6,tsinghua_v_0792_r06.mp4,13091522,0.105372,1,
write,write,,,video_medium,polyglot,6,tsinghua_v_0792_r06.mp4,13091522,0.143294,1,
write,write,,,video_medium,pg_bytea,6,tsinghua_v_0792_r06.mp4,13091522,0.457706,1,
write,write,,,video_medium,pg_bytea,6,tsinghua_v_0857_r06.mp4,13091522,0.605755,1,
write,write,,,video_medium,polyglot,6,tsinghua_v_0857_r06.mp4,13091522,0.105975,1,
write,write,,,video_medium,mongo_gridfs,6,tsinghua_v_0857_r06.mp4,13091522,0.104184,1,
write,write,,,video_medium,mongo_gridfs,6,tsinghua_v_0866_r06.mp4,13091522,0.108764,1,
write,write,,,video_medium,polyglot,6,tsinghua_v_0866_r06.mp4,13091522,0.116428,1,
write,write,,,video_medium,pg_bytea,6,tsinghua_v_0866_r06.mp4,13091522,0.387504,1,
write,write,,,video_medium,pg_bytea,6,tsinghua_v_0880_r06.mp4,13091522,0.703349,1,
write,write,,,video_medium,polyglot,6,tsinghua_v_0880_r06.mp4,13091522,0.101818,1,
write,write,,,video_medium,mongo_gridfs,6,tsinghua_v_0880_r06.mp4,13091522,0.092676,1,
write,write,,,video_medium,polyglot,6,tsinghua_v_0888_r06.mp4,13091522,0.103665,1,
write,write,,,video_medium,mongo_gridfs,6,tsinghua_v_0888_r06.mp4,13091522,0.105531,1,
write,write,,,video_medium,pg_bytea,6,tsinghua_v_0888_r06.mp4,13091522,0.517181,1,
write,write,,,video_medium,pg_bytea,6,tsinghua_v_0901_r06.mp4,13091522,0.471480,1,
write,write,,,video_medium,mongo_gridfs,6,tsinghua_v_0901_r06.mp4,13091522,0.096330,1,
write,write,,,video_medium,polyglot,6,tsinghua_v_0901_r06.mp4,13091522,0.107444,1,
write,write,,,video_medium,mongo_gridfs,6,tsinghua_v_0937_r06.mp4,13091522,0.121646,1,
write,write,,,video_medium,pg_bytea,6,tsinghua_v_0937_r06.mp4,13091522,0.455939,1,
write,write,,,video_medium,polyglot,6,tsinghua_v_0937_r06.mp4,13091522,0.118826,1,
write,write,,,video_medium,mongo_gridfs,6,tsinghua_v_0939_r06.mp4,13091522,0.751643,1,
write,write,,,video_medium,pg_bytea,6,tsinghua_v_0939_r06.mp4,13091522,1.404471,1,
write,write,,,video_medium,polyglot,6,tsinghua_v_0939_r06.mp4,13091522,0.098550,1,
write,write,,,video_medium,pg_bytea,6,tsinghua_v_0961_r06.mp4,13091522,0.363790,1,
write,write,,,video_medium,polyglot,6,tsinghua_v_0961_r06.mp4,13091522,0.103102,1,
write,write,,,video_medium,mongo_gridfs,6,tsinghua_v_0961_r06.mp4,13091522,0.100406,1,
write,write,,,video_medium,mongo_gridfs,6,tsinghua_v_0977_r06.mp4,13091522,0.102552,1,
write,write,,,video_medium,polyglot,6,tsinghua_v_0977_r06.mp4,13091522,0.153060,1,
write,write,,,video_medium,pg_bytea,6,tsinghua_v_0977_r06.mp4,13091522,0.379476,1,
write,write,,,audio_small,mongo_gridfs,7,03-01-01-01-01-02-19_r07.wav,375720,0.031636,1,
write,write,,,audio_small,pg_bytea,7,03-01-01-01-01-02-19_r07.wav,375720,0.014524,1,
write,write,,,audio_small,polyglot,7,03-01-01-01-01-02-19_r07.wav,375720,0.006465,1,
write,write,,,audio_small,pg_bytea,7,03-01-01-01-02-02-05_r07.wav,396294,0.017296,1,
write,write,,,audio_small,polyglot,7,03-01-01-01-02-02-05_r07.wav,396294,0.009263,1,
write,write,,,audio_small,mongo_gridfs,7,03-01-01-01-02-02-05_r07.wav,396294,0.008284,1,
write,write,,,audio_small,polyglot,7,03-01-01-01-02-02-06_r07.wav,363108,0.005296,1,
write,write,,,audio_small,pg_bytea,7,03-01-01-01-02-02-06_r07.wav,363108,0.009980,1,
write,write,,,audio_small,mongo_gridfs,7,03-01-01-01-02-02-06_r07.wav,363108,0.009048,1,
write,write,,,audio_small,pg_bytea,7,03-01-01-01-02-02-07_r07.wav,363108,0.009869,1,
write,write,,,audio_small,mongo_gridfs,7,03-01-01-01-02-02-07_r07.wav,363108,0.005162,1,
write,write,,,audio_small,polyglot,7,03-01-01-01-02-02-07_r07.wav,363108,0.004730,1,
write,write,,,audio_small,mongo_gridfs,7,03-01-01-01-02-02-11_r07.wav,375720,0.005384,1,
write,write,,,audio_small,pg_bytea,7,03-01-01-01-02-02-11_r07.wav,375720,0.020613,1,
write,write,,,audio_small,polyglot,7,03-01-01-01-02-02-11_r07.wav,375720,0.006758,1,
write,write,,,audio_small,pg_bytea,7,03-01-01-01-02-02-12_r07.wav,372698,0.010122,1,
write,write,,,audio_small,polyglot,7,03-01-01-01-02-02-12_r07.wav,372698,0.005055,1,
write,write,,,audio_small,mongo_gridfs,7,03-01-01-01-02-02-12_r07.wav,372698,0.005130,1,
write,write,,,audio_small,pg_bytea,7,03-01-01-01-02-02-13_r07.wav,363108,0.011007,1,
write,write,,,audio_small,mongo_gridfs,7,03-01-01-01-02-02-13_r07.wav,363108,0.005318,1,
write,write,,,audio_small,polyglot,7,03-01-01-01-02-02-13_r07.wav,363108,0.005201,1,
write,write,,,audio_small,mongo_gridfs,7,03-01-01-02-01-02-05_r07.wav,393086,0.014416,1,
write,write,,,audio_small,polyglot,7,03-01-01-02-01-02-05_r07.wav,393086,0.006196,1,
write,write,,,audio_small,pg_bytea,7,03-01-01-02-01-02-05_r07.wav,393086,0.012478,1,
write,write,,,audio_small,mongo_gridfs,7,03-01-01-02-01-02-06_r07.wav,363108,0.004541,1,
write,write,,,audio_small,pg_bytea,7,03-01-01-02-01-02-06_r07.wav,363108,0.011089,1,
write,write,,,audio_small,polyglot,7,03-01-01-02-01-02-06_r07.wav,363108,0.013720,1,
write,write,,,audio_small,mongo_gridfs,7,03-01-01-02-01-02-07_r07.wav,372698,0.007224,1,
write,write,,,audio_small,polyglot,7,03-01-01-02-01-02-07_r07.wav,372698,0.006030,1,
write,write,,,audio_small,pg_bytea,7,03-01-01-02-01-02-07_r07.wav,372698,0.013036,1,
write,write,,,audio_small,pg_bytea,7,03-01-01-02-01-02-13_r07.wav,399494,0.012517,1,
write,write,,,audio_small,mongo_gridfs,7,03-01-01-02-01-02-13_r07.wav,399494,0.010247,1,
write,write,,,audio_small,polyglot,7,03-01-01-02-01-02-13_r07.wav,399494,0.005660,1,
write,write,,,audio_small,pg_bytea,7,03-01-01-02-02-02-19_r07.wav,372698,0.011520,1,
write,write,,,audio_small,polyglot,7,03-01-01-02-02-02-19_r07.wav,372698,0.006037,1,
write,write,,,audio_small,mongo_gridfs,7,03-01-01-02-02-02-19_r07.wav,372698,0.005031,1,
write,write,,,audio_small,mongo_gridfs,7,03-01-02-01-01-01-19_r07.wav,372698,0.005056,1,
write,write,,,audio_small,polyglot,7,03-01-02-01-01-01-19_r07.wav,372698,0.008126,1,
write,write,,,audio_small,pg_bytea,7,03-01-02-01-01-01-19_r07.wav,372698,0.017648,1,
write,write,,,audio_small,polyglot,7,03-01-02-01-02-01-06_r07.wav,363108,0.006370,1,
write,write,,,audio_small,pg_bytea,7,03-01-02-01-02-01-06_r07.wav,363108,0.012283,1,
write,write,,,audio_small,mongo_gridfs,7,03-01-02-01-02-01-06_r07.wav,363108,0.005472,1,
write,write,,,audio_small,polyglot,7,03-01-02-01-02-01-07_r07.wav,399494,0.005826,1,
write,write,,,audio_small,mongo_gridfs,7,03-01-02-01-02-01-07_r07.wav,399494,0.005222,1,
write,write,,,audio_small,pg_bytea,7,03-01-02-01-02-01-07_r07.wav,399494,0.030033,1,
write,write,,,audio_small,pg_bytea,7,03-01-02-01-02-01-11_r07.wav,375720,0.012693,1,
write,write,,,audio_small,mongo_gridfs,7,03-01-02-01-02-01-11_r07.wav,375720,0.006023,1,
write,write,,,audio_small,polyglot,7,03-01-02-01-02-01-11_r07.wav,375720,0.004916,1,
write,write,,,audio_small,polyglot,7,03-01-02-01-02-01-12_r07.wav,372698,0.004957,1,
write,write,,,audio_small,mongo_gridfs,7,03-01-02-01-02-01-12_r07.wav,372698,0.004319,1,
write,write,,,audio_small,pg_bytea,7,03-01-02-01-02-01-12_r07.wav,372698,0.019535,1,
write,write,,,audio_small,mongo_gridfs,7,03-01-02-01-02-01-13_r07.wav,379106,0.005990,1,
write,write,,,audio_small,polyglot,7,03-01-02-01-02-01-13_r07.wav,379106,0.006603,1,
write,write,,,audio_small,pg_bytea,7,03-01-02-01-02-01-13_r07.wav,379106,0.013070,1,
write,write,,,audio_small,pg_bytea,7,03-01-02-02-01-01-05_r07.wav,363108,0.010900,1,
write,write,,,audio_small,mongo_gridfs,7,03-01-02-02-01-01-05_r07.wav,363108,0.005850,1,
write,write,,,audio_small,polyglot,7,03-01-02-02-01-01-05_r07.wav,363108,0.005403,1,
write,write,,,audio_small,polyglot,7,03-01-02-02-01-01-11_r07.wav,363108,0.005135,1,
write,write,,,audio_small,mongo_gridfs,7,03-01-02-02-01-01-11_r07.wav,363108,0.005143,1,
write,write,,,audio_small,pg_bytea,7,03-01-02-02-01-01-11_r07.wav,363108,0.016842,1,
write,write,,,audio_small,mongo_gridfs,7,03-01-02-02-01-01-12_r07.wav,399494,0.005243,1,
write,write,,,audio_small,polyglot,7,03-01-02-02-01-01-12_r07.wav,399494,0.004448,1,
write,write,,,audio_small,pg_bytea,7,03-01-02-02-01-01-12_r07.wav,399494,0.024053,1,
write,write,,,audio_small,mongo_gridfs,7,03-01-02-02-01-01-13_r07.wav,399494,0.006247,1,
write,write,,,audio_small,pg_bytea,7,03-01-02-02-01-01-13_r07.wav,399494,0.020915,1,
write,write,,,audio_small,polyglot,7,03-01-02-02-01-01-13_r07.wav,399494,0.005972,1,
write,write,,,audio_small,pg_bytea,7,03-01-02-02-02-01-19_r07.wav,379106,0.012086,1,
write,write,,,audio_small,mongo_gridfs,7,03-01-02-02-02-01-19_r07.wav,379106,0.005555,1,
write,write,,,audio_small,polyglot,7,03-01-02-02-02-01-19_r07.wav,379106,0.018272,1,
write,write,,,audio_small,pg_bytea,7,03-01-03-01-01-02-05_r07.wav,396294,0.027054,1,
write,write,,,audio_small,mongo_gridfs,7,03-01-03-01-01-02-05_r07.wav,396294,0.006316,1,
write,write,,,audio_small,polyglot,7,03-01-03-01-01-02-05_r07.wav,396294,0.005984,1,
write,write,,,audio_small,mongo_gridfs,7,03-01-03-01-01-02-07_r07.wav,393086,0.005049,1,
write,write,,,audio_small,pg_bytea,7,03-01-03-01-01-02-07_r07.wav,393086,0.019418,1,
write,write,,,audio_small,polyglot,7,03-01-03-01-01-02-07_r07.wav,393086,0.006910,1,
write,write,,,audio_small,mongo_gridfs,7,03-01-03-01-01-02-12_r07.wav,399494,0.007240,1,
write,write,,,audio_small,pg_bytea,7,03-01-03-01-01-02-12_r07.wav,399494,0.029991,1,
write,write,,,audio_small,polyglot,7,03-01-03-01-01-02-12_r07.wav,399494,0.011192,1,
write,write,,,audio_small,mongo_gridfs,7,03-01-03-01-01-02-13_r07.wav,399494,0.005347,1,
write,write,,,audio_small,pg_bytea,7,03-01-03-01-01-02-13_r07.wav,399494,0.014942,1,
write,write,,,audio_small,polyglot,7,03-01-03-01-01-02-13_r07.wav,399494,0.007066,1,
write,write,,,audio_small,polyglot,7,03-01-03-01-02-02-18_r07.wav,393086,0.006429,1,
write,write,,,audio_small,mongo_gridfs,7,03-01-03-01-02-02-18_r07.wav,393086,0.006209,1,
write,write,,,audio_small,pg_bytea,7,03-01-03-01-02-02-18_r07.wav,393086,0.018501,1,
write,write,,,audio_small,mongo_gridfs,7,03-01-03-01-02-02-19_r07.wav,399494,0.005238,1,
write,write,,,audio_small,polyglot,7,03-01-03-01-02-02-19_r07.wav,399494,0.007239,1,
write,write,,,audio_small,pg_bytea,7,03-01-03-01-02-02-19_r07.wav,399494,0.022368,1,
write,write,,,audio_small,pg_bytea,7,03-01-03-02-01-02-18_r07.wav,396294,0.011905,1,
write,write,,,audio_small,mongo_gridfs,7,03-01-03-02-01-02-18_r07.wav,396294,0.008038,1,
write,write,,,audio_small,polyglot,7,03-01-03-02-01-02-18_r07.wav,396294,0.006664,1,
write,write,,,audio_small,mongo_gridfs,7,03-01-03-02-01-02-19_r07.wav,372698,0.004451,1,
write,write,,,audio_small,pg_bytea,7,03-01-03-02-01-02-19_r07.wav,372698,0.009458,1,
write,write,,,audio_small,polyglot,7,03-01-03-02-01-02-19_r07.wav,372698,0.004481,1,
write,write,,,audio_small,polyglot,7,03-01-03-02-02-02-04_r07.wav,379106,0.003969,1,
write,write,,,audio_small,pg_bytea,7,03-01-03-02-02-02-04_r07.wav,379106,0.011191,1,
write,write,,,audio_small,mongo_gridfs,7,03-01-03-02-02-02-04_r07.wav,379106,0.004409,1,
write,write,,,audio_small,mongo_gridfs,7,03-01-03-02-02-02-06_r07.wav,399494,0.003716,1,
write,write,,,audio_small,polyglot,7,03-01-03-02-02-02-06_r07.wav,399494,0.004449,1,
write,write,,,audio_small,pg_bytea,7,03-01-03-02-02-02-06_r07.wav,399494,0.011465,1,
write,write,,,audio_small,pg_bytea,7,03-01-03-02-02-02-07_r07.wav,393086,0.013230,1,
write,write,,,audio_small,mongo_gridfs,7,03-01-03-02-02-02-07_r07.wav,393086,0.004847,1,
write,write,,,audio_small,polyglot,7,03-01-03-02-02-02-07_r07.wav,393086,0.005538,1,
write,write,,,audio_small,pg_bytea,7,03-01-03-02-02-02-10_r07.wav,375720,0.010973,1,
write,write,,,audio_small,mongo_gridfs,7,03-01-03-02-02-02-10_r07.wav,375720,0.006612,1,
write,write,,,audio_small,polyglot,7,03-01-03-02-02-02-10_r07.wav,375720,0.004646,1,
write,write,,,audio_small,polyglot,7,03-01-03-02-02-02-11_r07.wav,396294,0.006632,1,
write,write,,,audio_small,mongo_gridfs,7,03-01-03-02-02-02-11_r07.wav,396294,0.003999,1,
write,write,,,audio_small,pg_bytea,7,03-01-03-02-02-02-11_r07.wav,396294,0.012469,1,
write,write,,,audio_small,mongo_gridfs,7,03-01-03-02-02-02-13_r07.wav,399494,0.005885,1,
write,write,,,audio_small,polyglot,7,03-01-03-02-02-02-13_r07.wav,399494,0.020823,1,
write,write,,,audio_small,pg_bytea,7,03-01-03-02-02-02-13_r07.wav,399494,0.010208,1,
write,write,,,audio_small,polyglot,7,03-01-04-01-01-02-01_r07.wav,396294,0.006010,1,
write,write,,,audio_small,pg_bytea,7,03-01-04-01-01-02-01_r07.wav,396294,0.012324,1,
write,write,,,audio_small,mongo_gridfs,7,03-01-04-01-01-02-01_r07.wav,396294,0.005851,1,
write,write,,,audio_small,mongo_gridfs,7,03-01-04-01-01-02-02_r07.wav,379106,0.006181,1,
write,write,,,audio_small,polyglot,7,03-01-04-01-01-02-02_r07.wav,379106,0.005179,1,
write,write,,,audio_small,pg_bytea,7,03-01-04-01-01-02-02_r07.wav,379106,0.016386,1,
write,write,,,audio_small,mongo_gridfs,7,03-01-04-01-01-02-16_r07.wav,379106,0.005860,1,
write,write,,,audio_small,pg_bytea,7,03-01-04-01-01-02-16_r07.wav,379106,0.017280,1,
write,write,,,audio_small,polyglot,7,03-01-04-01-01-02-16_r07.wav,379106,0.005854,1,
write,write,,,audio_small,mongo_gridfs,7,03-01-04-01-02-02-08_r07.wav,372698,0.004672,1,
write,write,,,audio_small,pg_bytea,7,03-01-04-01-02-02-08_r07.wav,372698,0.009353,1,
write,write,,,audio_small,polyglot,7,03-01-04-01-02-02-08_r07.wav,372698,0.005184,1,
write,write,,,audio_small,mongo_gridfs,7,03-01-04-01-02-02-09_r07.wav,363108,0.006733,1,
write,write,,,audio_small,polyglot,7,03-01-04-01-02-02-09_r07.wav,363108,0.004382,1,
write,write,,,audio_small,pg_bytea,7,03-01-04-01-02-02-09_r07.wav,363108,0.010553,1,
write,write,,,audio_small,pg_bytea,7,03-01-04-01-02-02-20_r07.wav,396294,0.017256,1,
write,write,,,audio_small,polyglot,7,03-01-04-01-02-02-20_r07.wav,396294,0.007187,1,
write,write,,,audio_small,mongo_gridfs,7,03-01-04-01-02-02-20_r07.wav,396294,0.004396,1,
write,write,,,audio_small,polyglot,7,03-01-04-01-02-02-21_r07.wav,363108,0.004332,1,
write,write,,,audio_small,mongo_gridfs,7,03-01-04-01-02-02-21_r07.wav,363108,0.003541,1,
write,write,,,audio_small,pg_bytea,7,03-01-04-01-02-02-21_r07.wav,363108,0.020713,1,
write,write,,,audio_small,pg_bytea,7,03-01-04-01-02-02-22_r07.wav,372698,0.009351,1,
write,write,,,audio_small,polyglot,7,03-01-04-01-02-02-22_r07.wav,372698,0.005503,1,
write,write,,,audio_small,mongo_gridfs,7,03-01-04-01-02-02-22_r07.wav,372698,0.004050,1,
write,write,,,audio_small,polyglot,7,03-01-04-01-02-02-23_r07.wav,363108,0.003858,1,
write,write,,,audio_small,mongo_gridfs,7,03-01-04-01-02-02-23_r07.wav,363108,0.003766,1,
write,write,,,audio_small,pg_bytea,7,03-01-04-01-02-02-23_r07.wav,363108,0.014758,1,
write,write,,,audio_small,polyglot,7,03-01-04-02-01-02-09_r07.wav,379106,0.012493,1,
write,write,,,audio_small,mongo_gridfs,7,03-01-04-02-01-02-09_r07.wav,379106,0.003992,1,
write,write,,,audio_small,pg_bytea,7,03-01-04-02-01-02-09_r07.wav,379106,0.009551,1,
write,write,,,audio_small,mongo_gridfs,7,03-01-04-02-01-02-20_r07.wav,379106,0.006036,1,
write,write,,,audio_small,pg_bytea,7,03-01-04-02-01-02-20_r07.wav,379106,0.010523,1,
write,write,,,audio_small,polyglot,7,03-01-04-02-01-02-20_r07.wav,379106,0.010470,1,
write,write,,,audio_small,mongo_gridfs,7,03-01-04-02-01-02-21_r07.wav,393086,0.014236,1,
write,write,,,audio_small,polyglot,7,03-01-04-02-01-02-21_r07.wav,393086,0.012626,1,
write,write,,,audio_small,pg_bytea,7,03-01-04-02-01-02-21_r07.wav,393086,0.013007,1,
write,write,,,audio_small,pg_bytea,7,03-01-04-02-01-02-22_r07.wav,379106,0.015813,1,
write,write,,,audio_small,polyglot,7,03-01-04-02-01-02-22_r07.wav,379106,0.006372,1,
write,write,,,audio_small,mongo_gridfs,7,03-01-04-02-01-02-22_r07.wav,379106,0.005372,1,
write,write,,,audio_small,mongo_gridfs,7,03-01-04-02-02-02-14_r07.wav,375720,0.004812,1,
write,write,,,audio_small,pg_bytea,7,03-01-04-02-02-02-14_r07.wav,375720,0.015716,1,
write,write,,,audio_small,polyglot,7,03-01-04-02-02-02-14_r07.wav,375720,0.009209,1,
write,write,,,audio_small,polyglot,7,03-01-04-02-02-02-15_r07.wav,379106,0.005811,1,
write,write,,,audio_small,pg_bytea,7,03-01-04-02-02-02-15_r07.wav,379106,0.013217,1,
write,write,,,audio_small,mongo_gridfs,7,03-01-04-02-02-02-15_r07.wav,379106,0.005062,1,
write,write,,,audio_small,polyglot,7,03-01-04-02-02-02-16_r07.wav,375720,0.003952,1,
write,write,,,audio_small,mongo_gridfs,7,03-01-04-02-02-02-16_r07.wav,375720,0.003990,1,
write,write,,,audio_small,pg_bytea,7,03-01-04-02-02-02-16_r07.wav,375720,0.013365,1,
write,write,,,audio_small,polyglot,7,03-01-04-02-02-02-17_r07.wav,363108,0.003976,1,
write,write,,,audio_small,pg_bytea,7,03-01-04-02-02-02-17_r07.wav,363108,0.009145,1,
write,write,,,audio_small,mongo_gridfs,7,03-01-04-02-02-02-17_r07.wav,363108,0.003819,1,
write,write,,,audio_small,pg_bytea,7,03-01-05-01-01-01-09_r07.wav,393086,0.014392,1,
write,write,,,audio_small,polyglot,7,03-01-05-01-01-01-09_r07.wav,393086,0.005622,1,
write,write,,,audio_small,mongo_gridfs,7,03-01-05-01-01-01-09_r07.wav,393086,0.003981,1,
write,write,,,audio_small,polyglot,7,03-01-05-01-01-01-22_r07.wav,393086,0.004076,1,
write,write,,,audio_small,pg_bytea,7,03-01-05-01-01-01-22_r07.wav,393086,0.015376,1,
write,write,,,audio_small,mongo_gridfs,7,03-01-05-01-01-01-22_r07.wav,393086,0.004627,1,
write,write,,,audio_small,pg_bytea,7,03-01-05-01-02-01-02_r07.wav,372698,0.009429,1,
write,write,,,audio_small,polyglot,7,03-01-05-01-02-01-02_r07.wav,372698,0.004808,1,
write,write,,,audio_small,mongo_gridfs,7,03-01-05-01-02-01-02_r07.wav,372698,0.004269,1,
write,write,,,audio_small,pg_bytea,7,03-01-05-01-02-01-03_r07.wav,396294,0.012321,1,
write,write,,,audio_small,polyglot,7,03-01-05-01-02-01-03_r07.wav,396294,0.004290,1,
write,write,,,audio_small,mongo_gridfs,7,03-01-05-01-02-01-03_r07.wav,396294,0.003904,1,
write,write,,,audio_small,mongo_gridfs,7,03-01-05-01-02-01-15_r07.wav,363108,0.004063,1,
write,write,,,audio_small,polyglot,7,03-01-05-01-02-01-15_r07.wav,363108,0.003933,1,
write,write,,,audio_small,pg_bytea,7,03-01-05-01-02-01-15_r07.wav,363108,0.010155,1,
write,write,,,audio_small,polyglot,7,03-01-05-01-02-01-16_r07.wav,372698,0.003967,1,
write,write,,,audio_small,pg_bytea,7,03-01-05-01-02-01-16_r07.wav,372698,0.008617,1,
write,write,,,audio_small,mongo_gridfs,7,03-01-05-01-02-01-16_r07.wav,372698,0.003670,1,
write,write,,,audio_small,polyglot,7,03-01-05-01-02-01-17_r07.wav,393086,0.006445,1,
write,write,,,audio_small,pg_bytea,7,03-01-05-01-02-01-17_r07.wav,393086,0.025215,1,
write,write,,,audio_small,mongo_gridfs,7,03-01-05-01-02-01-17_r07.wav,393086,0.005965,1,
write,write,,,audio_small,pg_bytea,7,03-01-05-02-01-01-01_r07.wav,372698,0.012416,1,
write,write,,,audio_small,mongo_gridfs,7,03-01-05-02-01-01-01_r07.wav,372698,0.005719,1,
write,write,,,audio_small,polyglot,7,03-01-05-02-01-01-01_r07.wav,372698,0.005217,1,
write,write,,,audio_small,pg_bytea,7,03-01-05-02-01-01-02_r07.wav,375720,0.009234,1,
write,write,,,audio_small,mongo_gridfs,7,03-01-05-02-01-01-02_r07.wav,375720,0.005596,1,
write,write,,,audio_small,polyglot,7,03-01-05-02-01-01-02_r07.wav,375720,0.005752,1,
write,write,,,audio_small,pg_bytea,7,03-01-05-02-01-01-03_r07.wav,372698,0.009447,1,
write,write,,,audio_small,mongo_gridfs,7,03-01-05-02-01-01-03_r07.wav,372698,0.005158,1,
write,write,,,audio_small,polyglot,7,03-01-05-02-01-01-03_r07.wav,372698,0.004964,1,
write,write,,,audio_small,polyglot,7,03-01-05-02-01-01-15_r07.wav,396294,0.005057,1,
write,write,,,audio_small,mongo_gridfs,7,03-01-05-02-01-01-15_r07.wav,396294,0.004720,1,
write,write,,,audio_small,pg_bytea,7,03-01-05-02-01-01-15_r07.wav,396294,0.013302,1,
write,write,,,audio_small,polyglot,7,03-01-05-02-01-01-16_r07.wav,399494,0.676144,1,
write,write,,,audio_small,pg_bytea,7,03-01-05-02-01-01-16_r07.wav,399494,0.105888,1,
write,write,,,audio_small,mongo_gridfs,7,03-01-05-02-01-01-16_r07.wav,399494,0.013125,1,
write,write,,,audio_small,polyglot,7,03-01-05-02-01-01-17_r07.wav,363108,0.013579,1,
write,write,,,audio_small,pg_bytea,7,03-01-05-02-01-01-17_r07.wav,363108,0.017173,1,
write,write,,,audio_small,mongo_gridfs,7,03-01-05-02-01-01-17_r07.wav,363108,0.006916,1,
write,write,,,audio_small,pg_bytea,7,03-01-05-02-02-01-09_r07.wav,396294,0.010943,1,
write,write,,,audio_small,mongo_gridfs,7,03-01-05-02-02-01-09_r07.wav,396294,0.006726,1,
write,write,,,audio_small,polyglot,7,03-01-05-02-02-01-09_r07.wav,396294,0.006027,1,
write,write,,,audio_small,polyglot,7,03-01-05-02-02-01-21_r07.wav,375720,0.005131,1,
write,write,,,audio_small,pg_bytea,7,03-01-05-02-02-01-21_r07.wav,375720,0.024112,1,
write,write,,,audio_small,mongo_gridfs,7,03-01-05-02-02-01-21_r07.wav,375720,0.005753,1,
write,write,,,audio_small,pg_bytea,7,03-01-05-02-02-01-22_r07.wav,379106,0.010212,1,
write,write,,,audio_small,mongo_gridfs,7,03-01-05-02-02-01-22_r07.wav,379106,0.006408,1,
write,write,,,audio_small,polyglot,7,03-01-05-02-02-01-22_r07.wav,379106,0.005602,1,
write,write,,,audio_medium,pg_bytea,7,03-02-01-01-01-02-22_r07.wav,526650,0.018014,1,
write,write,,,audio_medium,mongo_gridfs,7,03-02-01-01-01-02-22_r07.wav,526650,0.007620,1,
write,write,,,audio_medium,polyglot,7,03-02-01-01-01-02-22_r07.wav,526650,0.007164,1,
write,write,,,audio_medium,mongo_gridfs,7,03-02-01-01-01-02-23_r07.wav,539464,0.008490,1,
write,write,,,audio_medium,pg_bytea,7,03-02-01-01-01-02-23_r07.wav,539464,0.027513,1,
write,write,,,audio_medium,polyglot,7,03-02-01-01-01-02-23_r07.wav,539464,0.007485,1,
write,write,,,audio_medium,mongo_gridfs,7,03-02-01-01-02-02-02_r07.wav,539464,0.007224,1,
write,write,,,audio_medium,pg_bytea,7,03-02-01-01-02-02-02_r07.wav,539464,0.014044,1,
write,write,,,audio_medium,polyglot,7,03-02-01-01-02-02-02_r07.wav,539464,0.007123,1,
write,write,,,audio_medium,polyglot,7,03-02-01-01-02-02-03_r07.wav,520242,0.005486,1,
write,write,,,audio_medium,mongo_gridfs,7,03-02-01-01-02-02-03_r07.wav,520242,0.005399,1,
write,write,,,audio_medium,pg_bytea,7,03-02-01-01-02-02-03_r07.wav,520242,0.013056,1,
write,write,,,audio_medium,pg_bytea,7,03-02-01-01-02-02-16_r07.wav,539464,0.015934,1,
write,write,,,audio_medium,mongo_gridfs,7,03-02-01-01-02-02-16_r07.wav,539464,0.005879,1,
write,write,,,audio_medium,polyglot,7,03-02-01-01-02-02-16_r07.wav,539464,0.007824,1,
write,write,,,audio_medium,polyglot,7,03-02-01-01-02-02-17_r07.wav,561888,0.005861,1,
write,write,,,audio_medium,mongo_gridfs,7,03-02-01-01-02-02-17_r07.wav,561888,0.005810,1,
write,write,,,audio_medium,pg_bytea,7,03-02-01-01-02-02-17_r07.wav,561888,0.012995,1,
write,write,,,audio_medium,mongo_gridfs,7,03-02-01-02-01-02-01_r07.wav,533056,0.005736,1,
write,write,,,audio_medium,pg_bytea,7,03-02-01-02-01-02-01_r07.wav,533056,0.013039,1,
write,write,,,audio_medium,polyglot,7,03-02-01-02-01-02-01_r07.wav,533056,0.005718,1,
write,write,,,audio_medium,pg_bytea,7,03-02-01-02-01-02-02_r07.wav,523448,0.015170,1,
write,write,,,audio_medium,polyglot,7,03-02-01-02-01-02-02_r07.wav,523448,0.005864,1,
write,write,,,audio_medium,mongo_gridfs,7,03-02-01-02-01-02-02_r07.wav,523448,0.005317,1,
write,write,,,audio_medium,mongo_gridfs,7,03-02-01-02-01-02-03_r07.wav,533056,0.006450,1,
write,write,,,audio_medium,polyglot,7,03-02-01-02-01-02-03_r07.wav,533056,0.005388,1,
write,write,,,audio_medium,pg_bytea,7,03-02-01-02-01-02-03_r07.wav,533056,0.038031,1,
write,write,,,audio_medium,mongo_gridfs,7,03-02-01-02-01-02-15_r07.wav,561882,0.006665,1,
write,write,,,audio_medium,polyglot,7,03-02-01-02-01-02-15_r07.wav,561882,0.008205,1,
write,write,,,audio_medium,pg_bytea,7,03-02-01-02-01-02-15_r07.wav,561882,0.016356,1,
write,write,,,audio_medium,mongo_gridfs,7,03-02-01-02-01-02-16_r07.wav,526650,0.008556,1,
write,write,,,audio_medium,polyglot,7,03-02-01-02-01-02-16_r07.wav,526650,0.006513,1,
write,write,,,audio_medium,pg_bytea,7,03-02-01-02-01-02-16_r07.wav,526650,0.014910,1,
write,write,,,audio_medium,mongo_gridfs,7,03-02-01-02-01-02-17_r07.wav,533056,0.007972,1,
write,write,,,audio_medium,pg_bytea,7,03-02-01-02-01-02-17_r07.wav,533056,0.016464,1,
write,write,,,audio_medium,polyglot,7,03-02-01-02-01-02-17_r07.wav,533056,0.007099,1,
write,write,,,audio_medium,polyglot,7,03-02-01-02-02-02-22_r07.wav,520242,0.013365,1,
write,write,,,audio_medium,mongo_gridfs,7,03-02-01-02-02-02-22_r07.wav,520242,0.006060,1,
write,write,,,audio_medium,pg_bytea,7,03-02-01-02-02-02-22_r07.wav,520242,0.019346,1,
write,write,,,audio_medium,mongo_gridfs,7,03-02-01-02-02-02-23_r07.wav,520242,0.007395,1,
write,write,,,audio_medium,pg_bytea,7,03-02-01-02-02-02-23_r07.wav,520242,0.018196,1,
write,write,,,audio_medium,polyglot,7,03-02-01-02-02-02-23_r07.wav,520242,0.007869,1,
write,write,,,audio_medium,polyglot,7,03-02-02-01-01-01-22_r07.wav,523448,0.006819,1,
write,write,,,audio_medium,pg_bytea,7,03-02-02-01-01-01-22_r07.wav,523448,0.016064,1,
write,write,,,audio_medium,mongo_gridfs,7,03-02-02-01-01-01-22_r07.wav,523448,0.006974,1,
write,write,,,audio_medium,polyglot,7,03-02-02-01-01-01-23_r07.wav,561888,0.020038,1,
write,write,,,audio_medium,pg_bytea,7,03-02-02-01-01-01-23_r07.wav,561888,0.017306,1,
write,write,,,audio_medium,mongo_gridfs,7,03-02-02-01-01-01-23_r07.wav,561888,0.008179,1,
write,write,,,audio_medium,pg_bytea,7,03-02-02-01-02-01-01_r07.wav,520242,0.021282,1,
write,write,,,audio_medium,mongo_gridfs,7,03-02-02-01-02-01-01_r07.wav,520242,0.009476,1,
write,write,,,audio_medium,polyglot,7,03-02-02-01-02-01-01_r07.wav,520242,0.011547,1,
write,write,,,audio_medium,polyglot,7,03-02-02-01-02-01-02_r07.wav,539464,0.011915,1,
write,write,,,audio_medium,pg_bytea,7,03-02-02-01-02-01-02_r07.wav,539464,0.025555,1,
write,write,,,audio_medium,mongo_gridfs,7,03-02-02-01-02-01-02_r07.wav,539464,0.019189,1,
write,write,,,audio_medium,pg_bytea,7,03-02-02-01-02-01-03_r07.wav,533056,0.015359,1,
write,write,,,audio_medium,polyglot,7,03-02-02-01-02-01-03_r07.wav,533056,0.007817,1,
write,write,,,audio_medium,mongo_gridfs,7,03-02-02-01-02-01-03_r07.wav,533056,0.006632,1,
write,write,,,audio_medium,polyglot,7,03-02-02-01-02-01-16_r07.wav,561882,0.007785,1,
write,write,,,audio_medium,mongo_gridfs,7,03-02-02-01-02-01-16_r07.wav,561882,0.011534,1,
write,write,,,audio_medium,pg_bytea,7,03-02-02-01-02-01-16_r07.wav,561882,0.017290,1,
write,write,,,audio_medium,mongo_gridfs,7,03-02-02-02-01-01-01_r07.wav,539464,0.007275,1,
write,write,,,audio_medium,pg_bytea,7,03-02-02-02-01-01-01_r07.wav,539464,0.013912,1,
write,write,,,audio_medium,polyglot,7,03-02-02-02-01-01-01_r07.wav,539464,0.007596,1,
write,write,,,audio_medium,pg_bytea,7,03-02-02-02-01-01-02_r07.wav,526650,0.017017,1,
write,write,,,audio_medium,mongo_gridfs,7,03-02-02-02-01-01-02_r07.wav,526650,0.008037,1,
write,write,,,audio_medium,polyglot,7,03-02-02-02-01-01-02_r07.wav,526650,0.007703,1,
write,write,,,audio_medium,pg_bytea,7,03-02-02-02-01-01-15_r07.wav,539464,0.017948,1,
write,write,,,audio_medium,polyglot,7,03-02-02-02-01-01-15_r07.wav,539464,0.007960,1,
write,write,,,audio_medium,mongo_gridfs,7,03-02-02-02-01-01-15_r07.wav,539464,0.006086,1,
write,write,,,audio_medium,polyglot,7,03-02-02-02-01-01-16_r07.wav,520242,0.005904,1,
write,write,,,audio_medium,pg_bytea,7,03-02-02-02-01-01-16_r07.wav,520242,0.013478,1,
write,write,,,audio_medium,mongo_gridfs,7,03-02-02-02-01-01-16_r07.wav,520242,0.006763,1,
write,write,,,audio_medium,pg_bytea,7,03-02-02-02-01-01-17_r07.wav,539464,0.018251,1,
write,write,,,audio_medium,polyglot,7,03-02-02-02-01-01-17_r07.wav,539464,0.007303,1,
write,write,,,audio_medium,mongo_gridfs,7,03-02-02-02-01-01-17_r07.wav,539464,0.006328,1,
write,write,,,audio_medium,mongo_gridfs,7,03-02-02-02-02-01-22_r07.wav,539464,0.008233,1,
write,write,,,audio_medium,pg_bytea,7,03-02-02-02-02-01-22_r07.wav,539464,0.014732,1,
write,write,,,audio_medium,polyglot,7,03-02-02-02-02-01-22_r07.wav,539464,0.008146,1,
write,write,,,audio_medium,mongo_gridfs,7,03-02-02-02-02-01-23_r07.wav,520242,0.007257,1,
write,write,,,audio_medium,polyglot,7,03-02-02-02-02-01-23_r07.wav,520242,0.006374,1,
write,write,,,audio_medium,pg_bytea,7,03-02-02-02-02-01-23_r07.wav,520242,0.025536,1,
write,write,,,audio_medium,pg_bytea,7,03-02-03-01-01-02-01_r07.wav,561882,0.015259,1,
write,write,,,audio_medium,mongo_gridfs,7,03-02-03-01-01-02-01_r07.wav,561882,0.007407,1,
write,write,,,audio_medium,polyglot,7,03-02-03-01-01-02-01_r07.wav,561882,0.007224,1,
write,write,,,audio_medium,pg_bytea,7,03-02-03-01-01-02-02_r07.wav,561882,0.015379,1,
write,write,,,audio_medium,polyglot,7,03-02-03-01-01-02-02_r07.wav,561882,0.007439,1,
write,write,,,audio_medium,mongo_gridfs,7,03-02-03-01-01-02-02_r07.wav,561882,0.006754,1,
write,write,,,audio_medium,pg_bytea,7,03-02-03-01-01-02-03_r07.wav,539464,0.015225,1,
write,write,,,audio_medium,mongo_gridfs,7,03-02-03-01-01-02-03_r07.wav,539464,0.007584,1,
write,write,,,audio_medium,polyglot,7,03-02-03-01-01-02-03_r07.wav,539464,0.009776,1,
write,write,,,audio_medium,polyglot,7,03-02-03-01-01-02-15_r07.wav,526650,0.007747,1,
write,write,,,audio_medium,mongo_gridfs,7,03-02-03-01-01-02-15_r07.wav,526650,0.007230,1,
write,write,,,audio_medium,pg_bytea,7,03-02-03-01-01-02-15_r07.wav,526650,0.016227,1,
write,write,,,audio_medium,polyglot,7,03-02-03-01-01-02-16_r07.wav,520242,0.007254,1,
write,write,,,audio_medium,mongo_gridfs,7,03-02-03-01-01-02-16_r07.wav,520242,0.006699,1,
write,write,,,audio_medium,pg_bytea,7,03-02-03-01-01-02-16_r07.wav,520242,0.013973,1,
write,write,,,audio_medium,polyglot,7,03-02-03-01-01-02-17_r07.wav,526650,0.008570,1,
write,write,,,audio_medium,mongo_gridfs,7,03-02-03-01-01-02-17_r07.wav,526650,0.006235,1,
write,write,,,audio_medium,pg_bytea,7,03-02-03-01-01-02-17_r07.wav,526650,0.015464,1,
write,write,,,audio_medium,pg_bytea,7,03-02-03-01-02-02-09_r07.wav,539464,0.015401,1,
write,write,,,audio_medium,polyglot,7,03-02-03-01-02-02-09_r07.wav,539464,0.009115,1,
write,write,,,audio_medium,mongo_gridfs,7,03-02-03-01-02-02-09_r07.wav,539464,0.008236,1,
write,write,,,audio_medium,mongo_gridfs,7,03-02-03-01-02-02-21_r07.wav,533056,0.007102,1,
write,write,,,audio_medium,polyglot,7,03-02-03-01-02-02-21_r07.wav,533056,0.006703,1,
write,write,,,audio_medium,pg_bytea,7,03-02-03-01-02-02-21_r07.wav,533056,0.014251,1,
write,write,,,audio_medium,pg_bytea,7,03-02-03-01-02-02-22_r07.wav,561888,0.024955,1,
write,write,,,audio_medium,polyglot,7,03-02-03-01-02-02-22_r07.wav,561888,0.008144,1,
write,write,,,audio_medium,mongo_gridfs,7,03-02-03-01-02-02-22_r07.wav,561888,0.010466,1,
write,write,,,audio_medium,pg_bytea,7,03-02-03-01-02-02-23_r07.wav,539464,0.015467,1,
write,write,,,audio_medium,mongo_gridfs,7,03-02-03-01-02-02-23_r07.wav,539464,0.007600,1,
write,write,,,audio_medium,polyglot,7,03-02-03-01-02-02-23_r07.wav,539464,0.008150,1,
write,write,,,audio_medium,mongo_gridfs,7,03-02-03-02-01-02-09_r07.wav,561882,0.006684,1,
write,write,,,audio_medium,pg_bytea,7,03-02-03-02-01-02-09_r07.wav,561882,0.019316,1,
write,write,,,audio_medium,polyglot,7,03-02-03-02-01-02-09_r07.wav,561882,0.007986,1,
write,write,,,audio_medium,polyglot,7,03-02-03-02-01-02-21_r07.wav,539464,0.006168,1,
write,write,,,audio_medium,pg_bytea,7,03-02-03-02-01-02-21_r07.wav,539464,0.025841,1,
write,write,,,audio_medium,mongo_gridfs,7,03-02-03-02-01-02-21_r07.wav,539464,0.007479,1,
write,write,,,audio_medium,polyglot,7,03-02-03-02-01-02-22_r07.wav,526650,0.006902,1,
write,write,,,audio_medium,mongo_gridfs,7,03-02-03-02-01-02-22_r07.wav,526650,0.006349,1,
write,write,,,audio_medium,pg_bytea,7,03-02-03-02-01-02-22_r07.wav,526650,0.015858,1,
write,write,,,audio_medium,polyglot,7,03-02-03-02-01-02-23_r07.wav,561888,0.008278,1,
write,write,,,audio_medium,pg_bytea,7,03-02-03-02-01-02-23_r07.wav,561888,0.017218,1,
write,write,,,audio_medium,mongo_gridfs,7,03-02-03-02-01-02-23_r07.wav,561888,0.008678,1,
write,write,,,audio_medium,polyglot,7,03-02-03-02-02-02-01_r07.wav,561882,0.007126,1,
write,write,,,audio_medium,mongo_gridfs,7,03-02-03-02-02-02-01_r07.wav,561882,0.007387,1,
write,write,,,audio_medium,pg_bytea,7,03-02-03-02-02-02-01_r07.wav,561882,0.030429,1,
write,write,,,audio_medium,mongo_gridfs,7,03-02-03-02-02-02-02_r07.wav,523448,0.006749,1,
write,write,,,audio_medium,polyglot,7,03-02-03-02-02-02-02_r07.wav,523448,0.005888,1,
write,write,,,audio_medium,pg_bytea,7,03-02-03-02-02-02-02_r07.wav,523448,0.015601,1,
write,write,,,audio_medium,polyglot,7,03-02-03-02-02-02-03_r07.wav,561888,0.006214,1,
write,write,,,audio_medium,mongo_gridfs,7,03-02-03-02-02-02-03_r07.wav,561888,0.011460,1,
write,write,,,audio_medium,pg_bytea,7,03-02-03-02-02-02-03_r07.wav,561888,0.014815,1,
write,write,,,audio_medium,pg_bytea,7,03-02-03-02-02-02-15_r07.wav,523448,0.013026,1,
write,write,,,audio_medium,polyglot,7,03-02-03-02-02-02-15_r07.wav,523448,0.005715,1,
write,write,,,audio_medium,mongo_gridfs,7,03-02-03-02-02-02-15_r07.wav,523448,0.005033,1,
write,write,,,audio_medium,polyglot,7,03-02-03-02-02-02-16_r07.wav,561882,0.007063,1,
write,write,,,audio_medium,mongo_gridfs,7,03-02-03-02-02-02-16_r07.wav,561882,0.004997,1,
write,write,,,audio_medium,pg_bytea,7,03-02-03-02-02-02-16_r07.wav,561882,0.015792,1,
write,write,,,audio_medium,pg_bytea,7,03-02-03-02-02-02-17_r07.wav,523448,0.015169,1,
write,write,,,audio_medium,mongo_gridfs,7,03-02-03-02-02-02-17_r07.wav,523448,0.007241,1,
write,write,,,audio_medium,polyglot,7,03-02-03-02-02-02-17_r07.wav,523448,0.006052,1,
write,write,,,audio_medium,polyglot,7,03-02-04-01-01-02-05_r07.wav,561882,0.005967,1,
write,write,,,audio_medium,mongo_gridfs,7,03-02-04-01-01-02-05_r07.wav,561882,0.005921,1,
write,write,,,audio_medium,pg_bytea,7,03-02-04-01-01-02-05_r07.wav,561882,0.014950,1,
write,write,,,audio_medium,pg_bytea,7,03-02-04-01-01-02-06_r07.wav,526650,0.016753,1,
write,write,,,audio_medium,mongo_gridfs,7,03-02-04-01-01-02-06_r07.wav,526650,0.006236,1,
write,write,,,audio_medium,polyglot,7,03-02-04-01-01-02-06_r07.wav,526650,0.005702,1,
write,write,,,audio_medium,polyglot,7,03-02-04-01-01-02-07_r07.wav,523448,0.006032,1,
write,write,,,audio_medium,mongo_gridfs,7,03-02-04-01-01-02-07_r07.wav,523448,0.005182,1,
write,write,,,audio_medium,pg_bytea,7,03-02-04-01-01-02-07_r07.wav,523448,0.013559,1,
write,write,,,audio_medium,mongo_gridfs,7,03-02-04-01-01-02-11_r07.wav,539464,0.005124,1,
write,write,,,audio_medium,pg_bytea,7,03-02-04-01-01-02-11_r07.wav,539464,0.018581,1,
write,write,,,audio_medium,polyglot,7,03-02-04-01-01-02-11_r07.wav,539464,0.005882,1,
write,write,,,audio_medium,mongo_gridfs,7,03-02-04-01-01-02-12_r07.wav,523448,0.005491,1,
write,write,,,audio_medium,polyglot,7,03-02-04-01-01-02-12_r07.wav,523448,0.005082,1,
write,write,,,audio_medium,pg_bytea,7,03-02-04-01-01-02-12_r07.wav,523448,0.017638,1,
write,write,,,audio_medium,mongo_gridfs,7,03-02-04-01-01-02-13_r07.wav,539464,0.005970,1,
write,write,,,audio_medium,pg_bytea,7,03-02-04-01-01-02-13_r07.wav,539464,0.023436,1,
write,write,,,audio_medium,polyglot,7,03-02-04-01-01-02-13_r07.wav,539464,0.005748,1,
write,write,,,audio_medium,polyglot,7,03-02-04-01-02-02-19_r07.wav,561888,0.005401,1,
write,write,,,audio_medium,pg_bytea,7,03-02-04-01-02-02-19_r07.wav,561888,0.015958,1,
write,write,,,audio_medium,mongo_gridfs,7,03-02-04-01-02-02-19_r07.wav,561888,0.005378,1,
write,write,,,audio_medium,mongo_gridfs,7,03-02-04-02-02-02-05_r07.wav,526650,0.005123,1,
write,write,,,audio_medium,pg_bytea,7,03-02-04-02-02-02-05_r07.wav,526650,0.019029,1,
write,write,,,audio_medium,polyglot,7,03-02-04-02-02-02-05_r07.wav,526650,0.007610,1,
write,write,,,audio_medium,mongo_gridfs,7,03-02-04-02-02-02-06_r07.wav,526650,0.005508,1,
write,write,,,audio_medium,pg_bytea,7,03-02-04-02-02-02-06_r07.wav,526650,0.032535,1,
write,write,,,audio_medium,polyglot,7,03-02-04-02-02-02-06_r07.wav,526650,0.005908,1,
write,write,,,audio_medium,polyglot,7,03-02-04-02-02-02-07_r07.wav,561888,0.005297,1,
write,write,,,audio_medium,mongo_gridfs,7,03-02-04-02-02-02-07_r07.wav,561888,0.005024,1,
write,write,,,audio_medium,pg_bytea,7,03-02-04-02-02-02-07_r07.wav,561888,0.017513,1,
write,write,,,audio_medium,polyglot,7,03-02-04-02-02-02-11_r07.wav,561888,0.006374,1,
write,write,,,audio_medium,mongo_gridfs,7,03-02-04-02-02-02-11_r07.wav,561888,0.005157,1,
write,write,,,audio_medium,pg_bytea,7,03-02-04-02-02-02-11_r07.wav,561888,0.015184,1,
write,write,,,audio_medium,polyglot,7,03-02-04-02-02-02-12_r07.wav,523448,0.005389,1,
write,write,,,audio_medium,pg_bytea,7,03-02-04-02-02-02-12_r07.wav,523448,0.012979,1,
write,write,,,audio_medium,mongo_gridfs,7,03-02-04-02-02-02-12_r07.wav,523448,0.005733,1,
write,write,,,audio_medium,pg_bytea,7,03-02-04-02-02-02-13_r07.wav,533056,0.026504,1,
write,write,,,audio_medium,mongo_gridfs,7,03-02-04-02-02-02-13_r07.wav,533056,0.005613,1,
write,write,,,audio_medium,polyglot,7,03-02-04-02-02-02-13_r07.wav,533056,0.010420,1,
write,write,,,audio_medium,pg_bytea,7,03-02-05-01-02-01-06_r07.wav,561882,0.015998,1,
write,write,,,audio_medium,polyglot,7,03-02-05-01-02-01-06_r07.wav,561882,0.006391,1,
write,write,,,audio_medium,mongo_gridfs,7,03-02-05-01-02-01-06_r07.wav,561882,0.006785,1,
write,write,,,audio_medium,pg_bytea,7,03-02-05-01-02-01-07_r07.wav,520242,0.014850,1,
write,write,,,audio_medium,mongo_gridfs,7,03-02-05-01-02-01-07_r07.wav,520242,0.006014,1,
write,write,,,audio_medium,polyglot,7,03-02-05-01-02-01-07_r07.wav,520242,0.005547,1,
write,write,,,audio_medium,mongo_gridfs,7,03-02-05-01-02-01-12_r07.wav,520242,0.006443,1,
write,write,,,audio_medium,pg_bytea,7,03-02-05-01-02-01-12_r07.wav,520242,0.028572,1,
write,write,,,audio_medium,polyglot,7,03-02-05-01-02-01-12_r07.wav,520242,0.006817,1,
write,write,,,audio_medium,polyglot,7,03-02-05-01-02-01-13_r07.wav,561888,0.008024,1,
write,write,,,audio_medium,mongo_gridfs,7,03-02-05-01-02-01-13_r07.wav,561888,0.005452,1,
write,write,,,audio_medium,pg_bytea,7,03-02-05-01-02-01-13_r07.wav,561888,0.014331,1,
write,write,,,audio_medium,polyglot,7,03-02-05-02-01-01-05_r07.wav,539464,0.006992,1,
write,write,,,audio_medium,pg_bytea,7,03-02-05-02-01-01-05_r07.wav,539464,0.015295,1,
write,write,,,audio_medium,mongo_gridfs,7,03-02-05-02-01-01-05_r07.wav,539464,0.006592,1,
write,write,,,audio_medium,mongo_gridfs,7,03-02-05-02-01-01-06_r07.wav,561888,0.006982,1,
write,write,,,audio_medium,pg_bytea,7,03-02-05-02-01-01-06_r07.wav,561888,0.015252,1,
write,write,,,audio_medium,polyglot,7,03-02-05-02-01-01-06_r07.wav,561888,0.023146,1,
write,write,,,audio_medium,pg_bytea,7,03-02-05-02-01-01-07_r07.wav,533056,0.016192,1,
write,write,,,audio_medium,mongo_gridfs,7,03-02-05-02-01-01-07_r07.wav,533056,0.008118,1,
write,write,,,audio_medium,polyglot,7,03-02-05-02-01-01-07_r07.wav,533056,0.007678,1,
write,write,,,audio_medium,pg_bytea,7,03-02-05-02-01-01-11_r07.wav,561888,0.015814,1,
write,write,,,audio_medium,polyglot,7,03-02-05-02-01-01-11_r07.wav,561888,0.007315,1,
write,write,,,audio_medium,mongo_gridfs,7,03-02-05-02-01-01-11_r07.wav,561888,0.009295,1,
write,write,,,audio_medium,polyglot,7,03-02-05-02-01-01-12_r07.wav,533056,0.007440,1,
write,write,,,audio_medium,pg_bytea,7,03-02-05-02-01-01-12_r07.wav,533056,0.014100,1,
write,write,,,audio_medium,mongo_gridfs,7,03-02-05-02-01-01-12_r07.wav,533056,0.007493,1,
write,write,,,audio_medium,pg_bytea,7,03-02-05-02-01-01-13_r07.wav,526650,0.017519,1,
write,write,,,audio_medium,mongo_gridfs,7,03-02-05-02-01-01-13_r07.wav,526650,0.007864,1,
write,write,,,audio_medium,polyglot,7,03-02-05-02-01-01-13_r07.wav,526650,0.007291,1,
write,write,,,video_small,mongo_gridfs,7,01-01-01-01-01-01-22_r07.mp4,5457041,0.044497,1,
write,write,,,video_small,polyglot,7,01-01-01-01-01-01-22_r07.mp4,5457041,0.058455,1,
write,write,,,video_small,pg_bytea,7,01-01-01-01-01-01-22_r07.mp4,5457041,0.191879,1,
write,write,,,video_small,pg_bytea,7,01-01-01-01-01-02-01_r07.mp4,5457041,0.378385,1,
write,write,,,video_small,mongo_gridfs,7,01-01-01-01-01-02-01_r07.mp4,5457041,0.053589,1,
write,write,,,video_small,polyglot,7,01-01-01-01-01-02-01_r07.mp4,5457041,0.040057,1,
write,write,,,video_small,polyglot,7,01-01-01-01-01-02-15_r07.mp4,5457041,0.040678,1,
write,write,,,video_small,pg_bytea,7,01-01-01-01-01-02-15_r07.mp4,5457041,0.150478,1,
write,write,,,video_small,mongo_gridfs,7,01-01-01-01-01-02-15_r07.mp4,5457041,0.051279,1,
write,write,,,video_small,mongo_gridfs,7,01-01-01-01-02-01-06_r07.mp4,5457041,0.047667,1,
write,write,,,video_small,pg_bytea,7,01-01-01-01-02-01-06_r07.mp4,5457041,0.167481,1,
write,write,,,video_small,polyglot,7,01-01-01-01-02-01-06_r07.mp4,5457041,0.055011,1,
write,write,,,video_small,pg_bytea,7,01-01-01-01-02-01-13_r07.mp4,5457041,0.166404,1,
write,write,,,video_small,mongo_gridfs,7,01-01-01-01-02-01-13_r07.mp4,5457041,0.053533,1,
write,write,,,video_small,polyglot,7,01-01-01-01-02-01-13_r07.mp4,5457041,0.045829,1,
write,write,,,video_small,pg_bytea,7,01-01-01-01-02-01-14_r07.mp4,5457041,0.155704,1,
write,write,,,video_small,mongo_gridfs,7,01-01-01-01-02-01-14_r07.mp4,5457041,0.043438,1,
write,write,,,video_small,polyglot,7,01-01-01-01-02-01-14_r07.mp4,5457041,0.042031,1,
write,write,,,video_small,mongo_gridfs,7,01-01-01-01-02-02-09_r07.mp4,5498397,0.057023,1,
write,write,,,video_small,polyglot,7,01-01-01-01-02-02-09_r07.mp4,5498397,0.067862,1,
write,write,,,video_small,pg_bytea,7,01-01-01-01-02-02-09_r07.mp4,5498397,0.213057,1,
write,write,,,video_small,pg_bytea,7,01-01-01-02-01-01-01_r07.mp4,5498397,0.153843,1,
write,write,,,video_small,polyglot,7,01-01-01-02-01-01-01_r07.mp4,5498397,0.051756,1,
write,write,,,video_small,mongo_gridfs,7,01-01-01-02-01-01-01_r07.mp4,5498397,0.060472,1,
write,write,,,video_small,mongo_gridfs,7,01-01-01-02-01-01-05_r07.mp4,5457041,0.047832,1,
write,write,,,video_small,pg_bytea,7,01-01-01-02-01-01-05_r07.mp4,5457041,0.642255,1,
write,write,,,video_small,polyglot,7,01-01-01-02-01-01-05_r07.mp4,5457041,0.049800,1,
write,write,,,video_small,mongo_gridfs,7,01-01-01-02-01-01-15_r07.mp4,5457041,0.045573,1,
write,write,,,video_small,pg_bytea,7,01-01-01-02-01-01-15_r07.mp4,5457041,1.918896,1,
write,write,,,video_small,polyglot,7,01-01-01-02-01-01-15_r07.mp4,5457041,0.051044,1,
write,write,,,video_small,pg_bytea,7,01-01-01-02-02-01-18_r07.mp4,5457041,0.298288,1,
write,write,,,video_small,mongo_gridfs,7,01-01-01-02-02-01-18_r07.mp4,5457041,0.050947,1,
write,write,,,video_small,polyglot,7,01-01-01-02-02-01-18_r07.mp4,5457041,0.044077,1,
write,write,,,video_small,mongo_gridfs,7,01-01-01-02-02-01-19_r07.mp4,5457041,0.059914,1,
write,write,,,video_small,polyglot,7,01-01-01-02-02-01-19_r07.mp4,5457041,0.053143,1,
write,write,,,video_small,pg_bytea,7,01-01-01-02-02-01-19_r07.mp4,5457041,0.285765,1,
write,write,,,video_small,polyglot,7,01-01-02-01-01-02-09_r07.mp4,5498397,0.056149,1,
write,write,,,video_small,pg_bytea,7,01-01-02-01-01-02-09_r07.mp4,5498397,0.160073,1,
write,write,,,video_small,mongo_gridfs,7,01-01-02-01-01-02-09_r07.mp4,5498397,0.059980,1,
write,write,,,video_small,pg_bytea,7,01-01-02-01-01-02-18_r07.mp4,5498397,0.163970,1,
write,write,,,video_small,polyglot,7,01-01-02-01-01-02-18_r07.mp4,5498397,0.054368,1,
write,write,,,video_small,mongo_gridfs,7,01-01-02-01-01-02-18_r07.mp4,5498397,0.051970,1,
write,write,,,video_small,polyglot,7,01-01-02-01-01-02-23_r07.mp4,5498397,0.052704,1,
write,write,,,video_small,pg_bytea,7,01-01-02-01-01-02-23_r07.mp4,5498397,0.172174,1,
write,write,,,video_small,mongo_gridfs,7,01-01-02-01-01-02-23_r07.mp4,5498397,0.046371,1,
write,write,,,video_small,pg_bytea,7,01-01-02-01-02-01-09_r07.mp4,5498397,0.163686,1,
write,write,,,video_small,polyglot,7,01-01-02-01-02-01-09_r07.mp4,5498397,0.048095,1,
write,write,,,video_small,mongo_gridfs,7,01-01-02-01-02-01-09_r07.mp4,5498397,0.040104,1,
write,write,,,video_small,polyglot,7,01-01-02-01-02-02-01_r07.mp4,5498397,0.043601,1,
write,write,,,video_small,pg_bytea,7,01-01-02-01-02-02-01_r07.mp4,5498397,0.171347,1,
write,write,,,video_small,mongo_gridfs,7,01-01-02-01-02-02-01_r07.mp4,5498397,0.046733,1,
write,write,,,video_small,pg_bytea,7,01-01-02-01-02-02-03_r07.mp4,5498397,0.316946,1,
write,write,,,video_small,mongo_gridfs,7,01-01-02-01-02-02-03_r07.mp4,5498397,0.045494,1,
write,write,,,video_small,polyglot,7,01-01-02-01-02-02-03_r07.mp4,5498397,0.048910,1,
write,write,,,video_small,pg_bytea,7,01-01-02-02-01-02-02_r07.mp4,5498397,0.164481,1,
write,write,,,video_small,mongo_gridfs,7,01-01-02-02-01-02-02_r07.mp4,5498397,0.053366,1,
write,write,,,video_small,polyglot,7,01-01-02-02-01-02-02_r07.mp4,5498397,0.048130,1,
write,write,,,video_small,pg_bytea,7,01-01-02-02-01-02-03_r07.mp4,5498397,0.145746,1,
write,write,,,video_small,mongo_gridfs,7,01-01-02-02-01-02-03_r07.mp4,5498397,0.047050,1,
write,write,,,video_small,polyglot,7,01-01-02-02-01-02-03_r07.mp4,5498397,0.046925,1,
write,write,,,video_small,polyglot,7,01-01-02-02-01-02-05_r07.mp4,5498397,0.090854,1,
write,write,,,video_small,pg_bytea,7,01-01-02-02-01-02-05_r07.mp4,5498397,0.656105,1,
write,write,,,video_small,mongo_gridfs,7,01-01-02-02-01-02-05_r07.mp4,5498397,0.055745,1,
write,write,,,video_small,mongo_gridfs,7,01-01-02-02-01-02-10_r07.mp4,5457041,0.053306,1,
write,write,,,video_small,polyglot,7,01-01-02-02-01-02-10_r07.mp4,5457041,0.053149,1,
write,write,,,video_small,pg_bytea,7,01-01-02-02-01-02-10_r07.mp4,5457041,0.509447,1,
write,write,,,video_small,polyglot,7,01-01-02-02-01-02-13_r07.mp4,5457041,0.091705,1,
write,write,,,video_small,pg_bytea,7,01-01-02-02-01-02-13_r07.mp4,5457041,0.344148,1,
write,write,,,video_small,mongo_gridfs,7,01-01-02-02-01-02-13_r07.mp4,5457041,0.057740,1,
write,write,,,video_small,polyglot,7,01-01-02-02-01-02-17_r07.mp4,5457041,0.041910,1,
write,write,,,video_small,mongo_gridfs,7,01-01-02-02-01-02-17_r07.mp4,5457041,0.041939,1,
write,write,,,video_small,pg_bytea,7,01-01-02-02-01-02-17_r07.mp4,5457041,0.138416,1,
write,write,,,video_small,pg_bytea,7,01-01-02-02-02-02-18_r07.mp4,5457041,0.151299,1,
write,write,,,video_small,mongo_gridfs,7,01-01-02-02-02-02-18_r07.mp4,5457041,0.042778,1,
write,write,,,video_small,polyglot,7,01-01-02-02-02-02-18_r07.mp4,5457041,0.040919,1,
write,write,,,video_small,mongo_gridfs,7,01-01-02-02-02-02-19_r07.mp4,5457041,0.042895,1,
write,write,,,video_small,polyglot,7,01-01-02-02-02-02-19_r07.mp4,5457041,0.042243,1,
write,write,,,video_small,pg_bytea,7,01-01-02-02-02-02-19_r07.mp4,5457041,0.155495,1,
write,write,,,video_small,polyglot,7,01-01-02-02-02-02-21_r07.mp4,5498397,0.042104,1,
write,write,,,video_small,mongo_gridfs,7,01-01-02-02-02-02-21_r07.mp4,5498397,0.042401,1,
write,write,,,video_small,pg_bytea,7,01-01-02-02-02-02-21_r07.mp4,5498397,0.140480,1,
write,write,,,video_small,mongo_gridfs,7,01-01-02-02-02-02-22_r07.mp4,5457041,0.073133,1,
write,write,,,video_small,polyglot,7,01-01-02-02-02-02-22_r07.mp4,5457041,0.042775,1,
write,write,,,video_small,pg_bytea,7,01-01-02-02-02-02-22_r07.mp4,5457041,0.148756,1,
write,write,,,video_small,polyglot,7,01-01-02-02-02-02-23_r07.mp4,5457041,0.045653,1,
write,write,,,video_small,pg_bytea,7,01-01-02-02-02-02-23_r07.mp4,5457041,0.152729,1,
write,write,,,video_small,mongo_gridfs,7,01-01-02-02-02-02-23_r07.mp4,5457041,0.215174,1,
write,write,,,video_small,polyglot,7,01-01-03-01-01-01-12_r07.mp4,5457041,0.225856,1,
write,write,,,video_small,mongo_gridfs,7,01-01-03-01-01-01-12_r07.mp4,5457041,0.167318,1,
write,write,,,video_small,pg_bytea,7,01-01-03-01-01-01-12_r07.mp4,5457041,0.139672,1,
write,write,,,video_small,pg_bytea,7,01-01-03-01-01-01-15_r07.mp4,5457041,0.142221,1,
write,write,,,video_small,mongo_gridfs,7,01-01-03-01-01-01-15_r07.mp4,5457041,0.072411,1,
write,write,,,video_small,polyglot,7,01-01-03-01-01-01-15_r07.mp4,5457041,0.417884,1,
write,write,,,video_small,pg_bytea,7,01-01-03-01-02-01-08_r07.mp4,5498397,0.404793,1,
write,write,,,video_small,polyglot,7,01-01-03-01-02-01-08_r07.mp4,5498397,0.070479,1,
write,write,,,video_small,mongo_gridfs,7,01-01-03-01-02-01-08_r07.mp4,5498397,0.045966,1,
write,write,,,video_small,polyglot,7,01-01-03-01-02-01-21_r07.mp4,5498397,0.041947,1,
write,write,,,video_small,mongo_gridfs,7,01-01-03-01-02-01-21_r07.mp4,5498397,0.042005,1,
write,write,,,video_small,pg_bytea,7,01-01-03-01-02-01-21_r07.mp4,5498397,0.141938,1,
write,write,,,video_small,mongo_gridfs,7,01-01-03-02-01-01-21_r07.mp4,5457041,0.040189,1,
write,write,,,video_small,polyglot,7,01-01-03-02-01-01-21_r07.mp4,5457041,0.105352,1,
write,write,,,video_small,pg_bytea,7,01-01-03-02-01-01-21_r07.mp4,5457041,0.135111,1,
write,write,,,video_small,pg_bytea,7,01-01-03-02-01-01-24_r07.mp4,5457041,0.193281,1,
write,write,,,video_small,polyglot,7,01-01-03-02-01-01-24_r07.mp4,5457041,0.043636,1,
write,write,,,video_small,mongo_gridfs,7,01-01-03-02-01-01-24_r07.mp4,5457041,0.041093,1,
write,write,,,video_small,pg_bytea,7,01-01-03-02-01-02-01_r07.mp4,5457041,0.145654,1,
write,write,,,video_small,mongo_gridfs,7,01-01-03-02-01-02-01_r07.mp4,5457041,0.040305,1,
write,write,,,video_small,polyglot,7,01-01-03-02-01-02-01_r07.mp4,5457041,0.040804,1,
write,write,,,video_small,pg_bytea,7,01-01-03-02-01-02-15_r07.mp4,5457041,0.142031,1,
write,write,,,video_small,polyglot,7,01-01-03-02-01-02-15_r07.mp4,5457041,0.038545,1,
write,write,,,video_small,mongo_gridfs,7,01-01-03-02-01-02-15_r07.mp4,5457041,0.042096,1,
write,write,,,video_small,mongo_gridfs,7,01-01-03-02-02-01-05_r07.mp4,5457041,0.047987,1,
write,write,,,video_small,polyglot,7,01-01-03-02-02-01-05_r07.mp4,5457041,0.041149,1,
write,write,,,video_small,pg_bytea,7,01-01-03-02-02-01-05_r07.mp4,5457041,0.347490,1,
write,write,,,video_small,mongo_gridfs,7,01-01-03-02-02-01-12_r07.mp4,5457041,0.040362,1,
write,write,,,video_small,pg_bytea,7,01-01-03-02-02-01-12_r07.mp4,5457041,0.299611,1,
write,write,,,video_small,polyglot,7,01-01-03-02-02-01-12_r07.mp4,5457041,0.040750,1,
write,write,,,video_small,pg_bytea,7,01-01-03-02-02-01-15_r07.mp4,5498397,0.234412,1,
write,write,,,video_small,polyglot,7,01-01-03-02-02-01-15_r07.mp4,5498397,0.042505,1,
write,write,,,video_small,mongo_gridfs,7,01-01-03-02-02-01-15_r07.mp4,5498397,0.044732,1,
write,write,,,video_small,mongo_gridfs,7,01-01-04-01-01-01-03_r07.mp4,5457041,0.042424,1,
write,write,,,video_small,pg_bytea,7,01-01-04-01-01-01-03_r07.mp4,5457041,0.195165,1,
write,write,,,video_small,polyglot,7,01-01-04-01-01-01-03_r07.mp4,5457041,0.125076,1,
write,write,,,video_small,pg_bytea,7,01-01-04-01-01-01-05_r07.mp4,5498397,0.208016,1,
write,write,,,video_small,polyglot,7,01-01-04-01-01-01-05_r07.mp4,5498397,0.048436,1,
write,write,,,video_small,mongo_gridfs,7,01-01-04-01-01-01-05_r07.mp4,5498397,0.042650,1,
write,write,,,video_small,pg_bytea,7,01-01-04-01-01-01-10_r07.mp4,5457041,0.138519,1,
write,write,,,video_small,mongo_gridfs,7,01-01-04-01-01-01-10_r07.mp4,5457041,0.041917,1,
write,write,,,video_small,polyglot,7,01-01-04-01-01-01-10_r07.mp4,5457041,0.039739,1,
write,write,,,video_small,pg_bytea,7,01-01-04-01-01-01-16_r07.mp4,5457041,0.142631,1,
write,write,,,video_small,mongo_gridfs,7,01-01-04-01-01-01-16_r07.mp4,5457041,0.065041,1,
write,write,,,video_small,polyglot,7,01-01-04-01-01-01-16_r07.mp4,5457041,0.058300,1,
write,write,,,video_small,polyglot,7,01-01-04-01-02-01-19_r07.mp4,5498397,0.060885,1,
write,write,,,video_small,mongo_gridfs,7,01-01-04-01-02-01-19_r07.mp4,5498397,0.111860,1,
write,write,,,video_small,pg_bytea,7,01-01-04-01-02-01-19_r07.mp4,5498397,0.333450,1,
write,write,,,video_small,mongo_gridfs,7,01-01-04-01-02-01-21_r07.mp4,5498397,0.039074,1,
write,write,,,video_small,polyglot,7,01-01-04-01-02-01-21_r07.mp4,5498397,0.046289,1,
write,write,,,video_small,pg_bytea,7,01-01-04-01-02-01-21_r07.mp4,5498397,0.136899,1,
write,write,,,video_small,mongo_gridfs,7,01-01-04-01-02-01-22_r07.mp4,5498397,0.042328,1,
write,write,,,video_small,polyglot,7,01-01-04-01-02-01-22_r07.mp4,5498397,0.041247,1,
write,write,,,video_small,pg_bytea,7,01-01-04-01-02-01-22_r07.mp4,5498397,0.144704,1,
write,write,,,video_small,pg_bytea,7,01-01-04-02-01-01-18_r07.mp4,5498397,0.138380,1,
write,write,,,video_small,polyglot,7,01-01-04-02-01-01-18_r07.mp4,5498397,0.053534,1,
write,write,,,video_small,mongo_gridfs,7,01-01-04-02-01-01-18_r07.mp4,5498397,0.047386,1,
write,write,,,video_small,polyglot,7,01-01-04-02-01-01-19_r07.mp4,5457041,0.047930,1,
write,write,,,video_small,pg_bytea,7,01-01-04-02-01-01-19_r07.mp4,5457041,0.161101,1,
write,write,,,video_small,mongo_gridfs,7,01-01-04-02-01-01-19_r07.mp4,5457041,0.040012,1,
write,write,,,video_small,polyglot,7,01-01-04-02-02-01-02_r07.mp4,5498397,0.045647,1,
write,write,,,video_small,pg_bytea,7,01-01-04-02-02-01-02_r07.mp4,5498397,0.139886,1,
write,write,,,video_small,mongo_gridfs,7,01-01-04-02-02-01-02_r07.mp4,5498397,0.050375,1,
write,write,,,video_small,mongo_gridfs,7,01-01-04-02-02-01-05_r07.mp4,5498397,0.046443,1,
write,write,,,video_small,pg_bytea,7,01-01-04-02-02-01-05_r07.mp4,5498397,0.297539,1,
write,write,,,video_small,polyglot,7,01-01-04-02-02-01-05_r07.mp4,5498397,0.042820,1,
write,write,,,video_small,polyglot,7,01-01-04-02-02-01-06_r07.mp4,5498397,0.043751,1,
write,write,,,video_small,pg_bytea,7,01-01-04-02-02-01-06_r07.mp4,5498397,0.226078,1,
write,write,,,video_small,mongo_gridfs,7,01-01-04-02-02-01-06_r07.mp4,5498397,0.038202,1,
write,write,,,video_small,polyglot,7,01-01-04-02-02-01-13_r07.mp4,5498397,0.043690,1,
write,write,,,video_small,mongo_gridfs,7,01-01-04-02-02-01-13_r07.mp4,5498397,0.038776,1,
write,write,,,video_small,pg_bytea,7,01-01-04-02-02-01-13_r07.mp4,5498397,0.327122,1,
write,write,,,video_small,polyglot,7,01-01-04-02-02-01-17_r07.mp4,5498397,0.088479,1,
write,write,,,video_small,pg_bytea,7,01-01-04-02-02-01-17_r07.mp4,5498397,0.162396,1,
write,write,,,video_small,mongo_gridfs,7,01-01-04-02-02-01-17_r07.mp4,5498397,0.041703,1,
write,write,,,video_small,polyglot,7,01-01-04-02-02-02-19_r07.mp4,5498397,0.046919,1,
write,write,,,video_small,pg_bytea,7,01-01-04-02-02-02-19_r07.mp4,5498397,0.152876,1,
write,write,,,video_small,mongo_gridfs,7,01-01-04-02-02-02-19_r07.mp4,5498397,0.041822,1,
write,write,,,video_small,pg_bytea,7,01-01-05-01-01-02-09_r07.mp4,5457041,0.140753,1,
write,write,,,video_small,mongo_gridfs,7,01-01-05-01-01-02-09_r07.mp4,5457041,0.045388,1,
write,write,,,video_small,polyglot,7,01-01-05-01-01-02-09_r07.mp4,5457041,0.042700,1,
write,write,,,video_small,polyglot,7,01-01-05-01-01-02-19_r07.mp4,5498397,0.043662,1,
write,write,,,video_small,mongo_gridfs,7,01-01-05-01-01-02-19_r07.mp4,5498397,0.039785,1,
write,write,,,video_small,pg_bytea,7,01-01-05-01-01-02-19_r07.mp4,5498397,0.138263,1,
write,write,,,video_small,polyglot,7,01-01-05-01-01-02-21_r07.mp4,5457041,0.046437,1,
write,write,,,video_small,mongo_gridfs,7,01-01-05-01-01-02-21_r07.mp4,5457041,0.045739,1,
write,write,,,video_small,pg_bytea,7,01-01-05-01-01-02-21_r07.mp4,5457041,0.137281,1,
write,write,,,video_small,polyglot,7,01-01-05-01-02-01-19_r07.mp4,5457041,0.074492,1,
write,write,,,video_small,pg_bytea,7,01-01-05-01-02-01-19_r07.mp4,5457041,0.151384,1,
write,write,,,video_small,mongo_gridfs,7,01-01-05-01-02-01-19_r07.mp4,5457041,0.047565,1,
write,write,,,video_small,pg_bytea,7,01-01-05-01-02-02-04_r07.mp4,5457041,0.135319,1,
write,write,,,video_small,mongo_gridfs,7,01-01-05-01-02-02-04_r07.mp4,5457041,0.041922,1,
write,write,,,video_small,polyglot,7,01-01-05-01-02-02-04_r07.mp4,5457041,0.041105,1,
write,write,,,video_small,mongo_gridfs,7,01-01-05-01-02-02-05_r07.mp4,5498397,0.042115,1,
write,write,,,video_small,pg_bytea,7,01-01-05-01-02-02-05_r07.mp4,5498397,0.155907,1,
write,write,,,video_small,polyglot,7,01-01-05-01-02-02-05_r07.mp4,5498397,0.040279,1,
write,write,,,video_small,mongo_gridfs,7,01-01-05-02-01-02-04_r07.mp4,5457041,0.044897,1,
write,write,,,video_small,pg_bytea,7,01-01-05-02-01-02-04_r07.mp4,5457041,0.144334,1,
write,write,,,video_small,polyglot,7,01-01-05-02-01-02-04_r07.mp4,5457041,0.038208,1,
write,write,,,video_small,mongo_gridfs,7,01-01-05-02-01-02-12_r07.mp4,5457041,0.044068,1,
write,write,,,video_small,polyglot,7,01-01-05-02-01-02-12_r07.mp4,5457041,0.040387,1,
write,write,,,video_small,pg_bytea,7,01-01-05-02-01-02-12_r07.mp4,5457041,0.178931,1,
write,write,,,video_small,polyglot,7,01-01-05-02-01-02-14_r07.mp4,5457041,0.046332,1,
write,write,,,video_small,mongo_gridfs,7,01-01-05-02-01-02-14_r07.mp4,5457041,0.042044,1,
write,write,,,video_small,pg_bytea,7,01-01-05-02-01-02-14_r07.mp4,5457041,0.146804,1,
write,write,,,video_small,polyglot,7,01-01-05-02-02-02-19_r07.mp4,5498397,0.045511,1,
write,write,,,video_small,pg_bytea,7,01-01-05-02-02-02-19_r07.mp4,5498397,0.224619,1,
write,write,,,video_small,mongo_gridfs,7,01-01-05-02-02-02-19_r07.mp4,5498397,0.043336,1,
write,write,,,video_small,polyglot,7,01-01-05-02-02-02-20_r07.mp4,5498397,0.040207,1,
write,write,,,video_small,mongo_gridfs,7,01-01-05-02-02-02-20_r07.mp4,5498397,0.045168,1,
write,write,,,video_small,pg_bytea,7,01-01-05-02-02-02-20_r07.mp4,5498397,0.225962,1,
write,write,,,video_small,mongo_gridfs,7,01-01-05-02-02-02-23_r07.mp4,5457041,0.056124,1,
write,write,,,video_small,polyglot,7,01-01-05-02-02-02-23_r07.mp4,5457041,0.217082,1,
write,write,,,video_small,pg_bytea,7,01-01-05-02-02-02-23_r07.mp4,5457041,0.136546,1,
write,write,,,video_small,mongo_gridfs,7,01-01-06-01-01-01-08_r07.mp4,5457041,0.041937,1,
write,write,,,video_small,polyglot,7,01-01-06-01-01-01-08_r07.mp4,5457041,0.042063,1,
write,write,,,video_small,pg_bytea,7,01-01-06-01-01-01-08_r07.mp4,5457041,0.138778,1,
write,write,,,video_small,polyglot,7,01-01-06-01-01-01-19_r07.mp4,5457041,0.044076,1,
write,write,,,video_small,pg_bytea,7,01-01-06-01-01-01-19_r07.mp4,5457041,0.142423,1,
write,write,,,video_small,mongo_gridfs,7,01-01-06-01-01-01-19_r07.mp4,5457041,0.040243,1,
write,write,,,video_small,pg_bytea,7,01-01-06-01-01-01-24_r07.mp4,5498397,0.138242,1,
write,write,,,video_small,polyglot,7,01-01-06-01-01-01-24_r07.mp4,5498397,0.042350,1,
write,write,,,video_small,mongo_gridfs,7,01-01-06-01-01-01-24_r07.mp4,5498397,0.053417,1,
write,write,,,video_medium,pg_bytea,7,tsinghua_v_0024_r07.mp4,13091522,0.416273,1,
write,write,,,video_medium,mongo_gridfs,7,tsinghua_v_0024_r07.mp4,13091522,0.101292,1,
write,write,,,video_medium,polyglot,7,tsinghua_v_0024_r07.mp4,13091522,0.104941,1,
write,write,,,video_medium,pg_bytea,7,tsinghua_v_0046_r07.mp4,13091522,0.617950,1,
write,write,,,video_medium,mongo_gridfs,7,tsinghua_v_0046_r07.mp4,13091522,0.096428,1,
write,write,,,video_medium,polyglot,7,tsinghua_v_0046_r07.mp4,13091522,0.102392,1,
write,write,,,video_medium,pg_bytea,7,tsinghua_v_0076_r07.mp4,13091522,0.351618,1,
write,write,,,video_medium,mongo_gridfs,7,tsinghua_v_0076_r07.mp4,13091522,0.104836,1,
write,write,,,video_medium,polyglot,7,tsinghua_v_0076_r07.mp4,13091522,0.118149,1,
write,write,,,video_medium,mongo_gridfs,7,tsinghua_v_0080_r07.mp4,13091522,0.104890,1,
write,write,,,video_medium,pg_bytea,7,tsinghua_v_0080_r07.mp4,13091522,0.371922,1,
write,write,,,video_medium,polyglot,7,tsinghua_v_0080_r07.mp4,13091522,0.139214,1,
write,write,,,video_medium,mongo_gridfs,7,tsinghua_v_0109_r07.mp4,13091522,0.104207,1,
write,write,,,video_medium,polyglot,7,tsinghua_v_0109_r07.mp4,13091522,0.124931,1,
write,write,,,video_medium,pg_bytea,7,tsinghua_v_0109_r07.mp4,13091522,0.330087,1,
write,write,,,video_medium,pg_bytea,7,tsinghua_v_0123_r07.mp4,13091522,0.699765,1,
write,write,,,video_medium,mongo_gridfs,7,tsinghua_v_0123_r07.mp4,13091522,0.094467,1,
write,write,,,video_medium,polyglot,7,tsinghua_v_0123_r07.mp4,13091522,0.095738,1,
write,write,,,video_medium,pg_bytea,7,tsinghua_v_0130_r07.mp4,13091522,0.531154,1,
write,write,,,video_medium,polyglot,7,tsinghua_v_0130_r07.mp4,13091522,0.098569,1,
write,write,,,video_medium,mongo_gridfs,7,tsinghua_v_0130_r07.mp4,13091522,0.104146,1,
write,write,,,video_medium,pg_bytea,7,tsinghua_v_0135_r07.mp4,13091522,0.394468,1,
write,write,,,video_medium,polyglot,7,tsinghua_v_0135_r07.mp4,13091522,0.095340,1,
write,write,,,video_medium,mongo_gridfs,7,tsinghua_v_0135_r07.mp4,13091522,0.095374,1,
write,write,,,video_medium,pg_bytea,7,tsinghua_v_0137_r07.mp4,13091522,0.606113,1,
write,write,,,video_medium,polyglot,7,tsinghua_v_0137_r07.mp4,13091522,0.090662,1,
write,write,,,video_medium,mongo_gridfs,7,tsinghua_v_0137_r07.mp4,13091522,0.095451,1,
write,write,,,video_medium,mongo_gridfs,7,tsinghua_v_0140_r07.mp4,13091522,0.121815,1,
write,write,,,video_medium,polyglot,7,tsinghua_v_0140_r07.mp4,13091522,0.101833,1,
write,write,,,video_medium,pg_bytea,7,tsinghua_v_0140_r07.mp4,13091522,0.323252,1,
write,write,,,video_medium,pg_bytea,7,tsinghua_v_0151_r07.mp4,13091522,0.336433,1,
write,write,,,video_medium,mongo_gridfs,7,tsinghua_v_0151_r07.mp4,13091522,0.100668,1,
write,write,,,video_medium,polyglot,7,tsinghua_v_0151_r07.mp4,13091522,0.839346,1,
write,write,,,video_medium,polyglot,7,tsinghua_v_0157_r07.mp4,13091522,0.092985,1,
write,write,,,video_medium,pg_bytea,7,tsinghua_v_0157_r07.mp4,13091522,2.027928,1,
write,write,,,video_medium,mongo_gridfs,7,tsinghua_v_0157_r07.mp4,13091522,0.096043,1,
write,write,,,video_medium,mongo_gridfs,7,tsinghua_v_0209_r07.mp4,13091522,0.486268,1,
write,write,,,video_medium,polyglot,7,tsinghua_v_0209_r07.mp4,13091522,0.147582,1,
write,write,,,video_medium,pg_bytea,7,tsinghua_v_0209_r07.mp4,13091522,0.558431,1,
write,write,,,video_medium,mongo_gridfs,7,tsinghua_v_0226_r07.mp4,13091522,0.115088,1,
write,write,,,video_medium,polyglot,7,tsinghua_v_0226_r07.mp4,13091522,0.097666,1,
write,write,,,video_medium,pg_bytea,7,tsinghua_v_0226_r07.mp4,13091522,0.368255,1,
write,write,,,video_medium,pg_bytea,7,tsinghua_v_0236_r07.mp4,13091522,0.304131,1,
write,write,,,video_medium,polyglot,7,tsinghua_v_0236_r07.mp4,13091522,0.093590,1,
write,write,,,video_medium,mongo_gridfs,7,tsinghua_v_0236_r07.mp4,13091522,0.094755,1,
write,write,,,video_medium,polyglot,7,tsinghua_v_0274_r07.mp4,13091522,0.092833,1,
write,write,,,video_medium,pg_bytea,7,tsinghua_v_0274_r07.mp4,13091522,0.298345,1,
write,write,,,video_medium,mongo_gridfs,7,tsinghua_v_0274_r07.mp4,13091522,0.092406,1,
write,write,,,video_medium,mongo_gridfs,7,tsinghua_v_0280_r07.mp4,13091522,0.098908,1,
write,write,,,video_medium,pg_bytea,7,tsinghua_v_0280_r07.mp4,13091522,0.310794,1,
write,write,,,video_medium,polyglot,7,tsinghua_v_0280_r07.mp4,13091522,0.094051,1,
write,write,,,video_medium,mongo_gridfs,7,tsinghua_v_0302_r07.mp4,13091522,0.139018,1,
write,write,,,video_medium,polyglot,7,tsinghua_v_0302_r07.mp4,13091522,0.094912,1,
write,write,,,video_medium,pg_bytea,7,tsinghua_v_0302_r07.mp4,13091522,0.306514,1,
write,write,,,video_medium,mongo_gridfs,7,tsinghua_v_0311_r07.mp4,13091522,0.097711,1,
write,write,,,video_medium,polyglot,7,tsinghua_v_0311_r07.mp4,13091522,0.096460,1,
write,write,,,video_medium,pg_bytea,7,tsinghua_v_0311_r07.mp4,13091522,0.342655,1,
write,write,,,video_medium,polyglot,7,tsinghua_v_0316_r07.mp4,13091522,0.090767,1,
write,write,,,video_medium,pg_bytea,7,tsinghua_v_0316_r07.mp4,13091522,0.311631,1,
write,write,,,video_medium,mongo_gridfs,7,tsinghua_v_0316_r07.mp4,13091522,0.098438,1,
write,write,,,video_medium,mongo_gridfs,7,tsinghua_v_0319_r07.mp4,13091522,0.102156,1,
write,write,,,video_medium,polyglot,7,tsinghua_v_0319_r07.mp4,13091522,0.133007,1,
write,write,,,video_medium,pg_bytea,7,tsinghua_v_0319_r07.mp4,13091522,0.301920,1,
write,write,,,video_medium,mongo_gridfs,7,tsinghua_v_0321_r07.mp4,13091522,0.116448,1,
write,write,,,video_medium,pg_bytea,7,tsinghua_v_0321_r07.mp4,13091522,0.302397,1,
write,write,,,video_medium,polyglot,7,tsinghua_v_0321_r07.mp4,13091522,0.118447,1,
write,write,,,video_medium,pg_bytea,7,tsinghua_v_0331_r07.mp4,13091522,0.293508,1,
write,write,,,video_medium,polyglot,7,tsinghua_v_0331_r07.mp4,13091522,0.094799,1,
write,write,,,video_medium,mongo_gridfs,7,tsinghua_v_0331_r07.mp4,13091522,0.111678,1,
write,write,,,video_medium,mongo_gridfs,7,tsinghua_v_0345_r07.mp4,13091522,0.096442,1,
write,write,,,video_medium,pg_bytea,7,tsinghua_v_0345_r07.mp4,13091522,0.347532,1,
write,write,,,video_medium,polyglot,7,tsinghua_v_0345_r07.mp4,13091522,0.094464,1,
write,write,,,video_medium,polyglot,7,tsinghua_v_0356_r07.mp4,13091522,0.094291,1,
write,write,,,video_medium,pg_bytea,7,tsinghua_v_0356_r07.mp4,13091522,0.314171,1,
write,write,,,video_medium,mongo_gridfs,7,tsinghua_v_0356_r07.mp4,13091522,0.097057,1,
write,write,,,video_medium,polyglot,7,tsinghua_v_0357_r07.mp4,13091522,0.093483,1,
write,write,,,video_medium,pg_bytea,7,tsinghua_v_0357_r07.mp4,13091522,0.671598,1,
write,write,,,video_medium,mongo_gridfs,7,tsinghua_v_0357_r07.mp4,13091522,0.096544,1,
write,write,,,video_medium,polyglot,7,tsinghua_v_0379_r07.mp4,13091522,0.272082,1,
write,write,,,video_medium,pg_bytea,7,tsinghua_v_0379_r07.mp4,13091522,0.303035,1,
write,write,,,video_medium,mongo_gridfs,7,tsinghua_v_0379_r07.mp4,13091522,0.094857,1,
write,write,,,video_medium,pg_bytea,7,tsinghua_v_0393_r07.mp4,13091522,0.298872,1,
write,write,,,video_medium,polyglot,7,tsinghua_v_0393_r07.mp4,13091522,0.129818,1,
write,write,,,video_medium,mongo_gridfs,7,tsinghua_v_0393_r07.mp4,13091522,0.099382,1,
write,write,,,video_medium,mongo_gridfs,7,tsinghua_v_0421_r07.mp4,13091522,0.119715,1,
write,write,,,video_medium,polyglot,7,tsinghua_v_0421_r07.mp4,13091522,0.102814,1,
write,write,,,video_medium,pg_bytea,7,tsinghua_v_0421_r07.mp4,13091522,0.322392,1,
write,write,,,video_medium,pg_bytea,7,tsinghua_v_0424_r07.mp4,13091522,0.315393,1,
write,write,,,video_medium,mongo_gridfs,7,tsinghua_v_0424_r07.mp4,13091522,0.097472,1,
write,write,,,video_medium,polyglot,7,tsinghua_v_0424_r07.mp4,13091522,0.100198,1,
write,write,,,video_medium,polyglot,7,tsinghua_v_0427_r07.mp4,13091522,0.093995,1,
write,write,,,video_medium,mongo_gridfs,7,tsinghua_v_0427_r07.mp4,13091522,0.136521,1,
write,write,,,video_medium,pg_bytea,7,tsinghua_v_0427_r07.mp4,13091522,0.311004,1,
write,write,,,video_medium,polyglot,7,tsinghua_v_0431_r07.mp4,13091522,0.096156,1,
write,write,,,video_medium,mongo_gridfs,7,tsinghua_v_0431_r07.mp4,13091522,0.098358,1,
write,write,,,video_medium,pg_bytea,7,tsinghua_v_0431_r07.mp4,13091522,0.323658,1,
write,write,,,video_medium,polyglot,7,tsinghua_v_0452_r07.mp4,13091522,0.095802,1,
write,write,,,video_medium,pg_bytea,7,tsinghua_v_0452_r07.mp4,13091522,0.317014,1,
write,write,,,video_medium,mongo_gridfs,7,tsinghua_v_0452_r07.mp4,13091522,0.125643,1,
write,write,,,video_medium,pg_bytea,7,tsinghua_v_0454_r07.mp4,13091522,0.318396,1,
write,write,,,video_medium,mongo_gridfs,7,tsinghua_v_0454_r07.mp4,13091522,0.097446,1,
write,write,,,video_medium,polyglot,7,tsinghua_v_0454_r07.mp4,13091522,0.099178,1,
write,write,,,video_medium,mongo_gridfs,7,tsinghua_v_0457_r07.mp4,13091522,0.124570,1,
write,write,,,video_medium,polyglot,7,tsinghua_v_0457_r07.mp4,13091522,0.116109,1,
write,write,,,video_medium,pg_bytea,7,tsinghua_v_0457_r07.mp4,13091522,0.308960,1,
write,write,,,video_medium,polyglot,7,tsinghua_v_0466_r07.mp4,13091522,0.091783,1,
write,write,,,video_medium,pg_bytea,7,tsinghua_v_0466_r07.mp4,13091522,0.309902,1,
write,write,,,video_medium,mongo_gridfs,7,tsinghua_v_0466_r07.mp4,13091522,0.097973,1,
write,write,,,video_medium,pg_bytea,7,tsinghua_v_0471_r07.mp4,13091522,0.316759,1,
write,write,,,video_medium,mongo_gridfs,7,tsinghua_v_0471_r07.mp4,13091522,0.095093,1,
write,write,,,video_medium,polyglot,7,tsinghua_v_0471_r07.mp4,13091522,0.097155,1,
write,write,,,video_medium,polyglot,7,tsinghua_v_0472_r07.mp4,13091522,0.092126,1,
write,write,,,video_medium,mongo_gridfs,7,tsinghua_v_0472_r07.mp4,13091522,0.099014,1,
write,write,,,video_medium,pg_bytea,7,tsinghua_v_0472_r07.mp4,13091522,0.377635,1,
write,write,,,video_medium,mongo_gridfs,7,tsinghua_v_0494_r07.mp4,13091522,0.094413,1,
write,write,,,video_medium,pg_bytea,7,tsinghua_v_0494_r07.mp4,13091522,0.305153,1,
write,write,,,video_medium,polyglot,7,tsinghua_v_0494_r07.mp4,13091522,0.097037,1,
write,write,,,video_medium,mongo_gridfs,7,tsinghua_v_0503_r07.mp4,13091522,0.103283,1,
write,write,,,video_medium,polyglot,7,tsinghua_v_0503_r07.mp4,13091522,0.113258,1,
write,write,,,video_medium,pg_bytea,7,tsinghua_v_0503_r07.mp4,13091522,0.780924,1,
write,write,,,video_medium,pg_bytea,7,tsinghua_v_0509_r07.mp4,13091522,0.301004,1,
write,write,,,video_medium,mongo_gridfs,7,tsinghua_v_0509_r07.mp4,13091522,0.094776,1,
write,write,,,video_medium,polyglot,7,tsinghua_v_0509_r07.mp4,13091522,0.100822,1,
write,write,,,video_medium,pg_bytea,7,tsinghua_v_0523_r07.mp4,13091522,0.300526,1,
write,write,,,video_medium,polyglot,7,tsinghua_v_0523_r07.mp4,13091522,0.099896,1,
write,write,,,video_medium,mongo_gridfs,7,tsinghua_v_0523_r07.mp4,13091522,0.100881,1,
write,write,,,video_medium,polyglot,7,tsinghua_v_0546_r07.mp4,13091522,0.099523,1,
write,write,,,video_medium,mongo_gridfs,7,tsinghua_v_0546_r07.mp4,13091522,0.097090,1,
write,write,,,video_medium,pg_bytea,7,tsinghua_v_0546_r07.mp4,13091522,0.341501,1,
write,write,,,video_medium,pg_bytea,7,tsinghua_v_0568_r07.mp4,13091522,0.299489,1,
write,write,,,video_medium,mongo_gridfs,7,tsinghua_v_0568_r07.mp4,13091522,0.097666,1,
write,write,,,video_medium,polyglot,7,tsinghua_v_0568_r07.mp4,13091522,0.101197,1,
write,write,,,video_medium,mongo_gridfs,7,tsinghua_v_0594_r07.mp4,13091522,0.097559,1,
write,write,,,video_medium,pg_bytea,7,tsinghua_v_0594_r07.mp4,13091522,1.222891,1,
write,write,,,video_medium,polyglot,7,tsinghua_v_0594_r07.mp4,13091522,0.097677,1,
write,write,,,video_medium,mongo_gridfs,7,tsinghua_v_0596_r07.mp4,13091522,0.097986,1,
write,write,,,video_medium,pg_bytea,7,tsinghua_v_0596_r07.mp4,13091522,0.308035,1,
write,write,,,video_medium,polyglot,7,tsinghua_v_0596_r07.mp4,13091522,0.102413,1,
write,write,,,video_medium,mongo_gridfs,7,tsinghua_v_0635_r07.mp4,13091522,0.091683,1,
write,write,,,video_medium,polyglot,7,tsinghua_v_0635_r07.mp4,13091522,0.112743,1,
write,write,,,video_medium,pg_bytea,7,tsinghua_v_0635_r07.mp4,13091522,0.302680,1,
write,write,,,video_medium,polyglot,7,tsinghua_v_0653_r07.mp4,13091522,0.096852,1,
write,write,,,video_medium,pg_bytea,7,tsinghua_v_0653_r07.mp4,13091522,0.320521,1,
write,write,,,video_medium,mongo_gridfs,7,tsinghua_v_0653_r07.mp4,13091522,0.103311,1,
write,write,,,video_medium,pg_bytea,7,tsinghua_v_0667_r07.mp4,13091522,0.309378,1,
write,write,,,video_medium,polyglot,7,tsinghua_v_0667_r07.mp4,13091522,0.101943,1,
write,write,,,video_medium,mongo_gridfs,7,tsinghua_v_0667_r07.mp4,13091522,0.102835,1,
write,write,,,video_medium,polyglot,7,tsinghua_v_0673_r07.mp4,13091522,0.098073,1,
write,write,,,video_medium,mongo_gridfs,7,tsinghua_v_0673_r07.mp4,13091522,0.119418,1,
write,write,,,video_medium,pg_bytea,7,tsinghua_v_0673_r07.mp4,13091522,0.308887,1,
write,write,,,video_medium,polyglot,7,tsinghua_v_0681_r07.mp4,13091522,0.109346,1,
write,write,,,video_medium,mongo_gridfs,7,tsinghua_v_0681_r07.mp4,13091522,0.091368,1,
write,write,,,video_medium,pg_bytea,7,tsinghua_v_0681_r07.mp4,13091522,0.332363,1,
write,write,,,video_medium,mongo_gridfs,7,tsinghua_v_0690_r07.mp4,13091522,0.093438,1,
write,write,,,video_medium,pg_bytea,7,tsinghua_v_0690_r07.mp4,13091522,0.296811,1,
write,write,,,video_medium,polyglot,7,tsinghua_v_0690_r07.mp4,13091522,0.103230,1,
write,write,,,video_medium,mongo_gridfs,7,tsinghua_v_0692_r07.mp4,13091522,0.095058,1,
write,write,,,video_medium,polyglot,7,tsinghua_v_0692_r07.mp4,13091522,0.117998,1,
write,write,,,video_medium,pg_bytea,7,tsinghua_v_0692_r07.mp4,13091522,0.314418,1,
write,write,,,video_medium,polyglot,7,tsinghua_v_0696_r07.mp4,13091522,0.094630,1,
write,write,,,video_medium,pg_bytea,7,tsinghua_v_0696_r07.mp4,13091522,0.321637,1,
write,write,,,video_medium,mongo_gridfs,7,tsinghua_v_0696_r07.mp4,13091522,0.098791,1,
write,write,,,video_medium,mongo_gridfs,7,tsinghua_v_0734_r07.mp4,13091522,0.095759,1,
write,write,,,video_medium,pg_bytea,7,tsinghua_v_0734_r07.mp4,13091522,0.301447,1,
write,write,,,video_medium,polyglot,7,tsinghua_v_0734_r07.mp4,13091522,0.099415,1,
write,write,,,video_medium,mongo_gridfs,7,tsinghua_v_0737_r07.mp4,13091522,0.107234,1,
write,write,,,video_medium,polyglot,7,tsinghua_v_0737_r07.mp4,13091522,0.760382,1,
write,write,,,video_medium,pg_bytea,7,tsinghua_v_0737_r07.mp4,13091522,0.313184,1,
write,write,,,video_medium,pg_bytea,7,tsinghua_v_0744_r07.mp4,13091522,0.303949,1,
write,write,,,video_medium,polyglot,7,tsinghua_v_0744_r07.mp4,13091522,0.101625,1,
write,write,,,video_medium,mongo_gridfs,7,tsinghua_v_0744_r07.mp4,13091522,0.096030,1,
write,write,,,video_medium,pg_bytea,7,tsinghua_v_0745_r07.mp4,13091522,0.290471,1,
write,write,,,video_medium,mongo_gridfs,7,tsinghua_v_0745_r07.mp4,13091522,0.097079,1,
write,write,,,video_medium,polyglot,7,tsinghua_v_0745_r07.mp4,13091522,0.097712,1,
write,write,,,video_medium,polyglot,7,tsinghua_v_0769_r07.mp4,13091522,0.099895,1,
write,write,,,video_medium,pg_bytea,7,tsinghua_v_0769_r07.mp4,13091522,0.313946,1,
write,write,,,video_medium,mongo_gridfs,7,tsinghua_v_0769_r07.mp4,13091522,0.108071,1,
write,write,,,video_medium,pg_bytea,7,tsinghua_v_0791_r07.mp4,13091522,1.190130,1,
write,write,,,video_medium,mongo_gridfs,7,tsinghua_v_0791_r07.mp4,13091522,0.099076,1,
write,write,,,video_medium,polyglot,7,tsinghua_v_0791_r07.mp4,13091522,0.102372,1,
write,write,,,video_medium,pg_bytea,7,tsinghua_v_0792_r07.mp4,13091522,0.332727,1,
write,write,,,video_medium,mongo_gridfs,7,tsinghua_v_0792_r07.mp4,13091522,0.106445,1,
write,write,,,video_medium,polyglot,7,tsinghua_v_0792_r07.mp4,13091522,0.099183,1,
write,write,,,video_medium,pg_bytea,7,tsinghua_v_0857_r07.mp4,13091522,0.313465,1,
write,write,,,video_medium,polyglot,7,tsinghua_v_0857_r07.mp4,13091522,0.102275,1,
write,write,,,video_medium,mongo_gridfs,7,tsinghua_v_0857_r07.mp4,13091522,0.102966,1,
write,write,,,video_medium,mongo_gridfs,7,tsinghua_v_0866_r07.mp4,13091522,0.106029,1,
write,write,,,video_medium,pg_bytea,7,tsinghua_v_0866_r07.mp4,13091522,0.754801,1,
write,write,,,video_medium,polyglot,7,tsinghua_v_0866_r07.mp4,13091522,0.097362,1,
write,write,,,video_medium,pg_bytea,7,tsinghua_v_0880_r07.mp4,13091522,0.305591,1,
write,write,,,video_medium,mongo_gridfs,7,tsinghua_v_0880_r07.mp4,13091522,0.094135,1,
write,write,,,video_medium,polyglot,7,tsinghua_v_0880_r07.mp4,13091522,0.099658,1,
write,write,,,video_medium,pg_bytea,7,tsinghua_v_0888_r07.mp4,13091522,0.310639,1,
write,write,,,video_medium,mongo_gridfs,7,tsinghua_v_0888_r07.mp4,13091522,0.095674,1,
write,write,,,video_medium,polyglot,7,tsinghua_v_0888_r07.mp4,13091522,0.100207,1,
write,write,,,video_medium,mongo_gridfs,7,tsinghua_v_0901_r07.mp4,13091522,0.098347,1,
write,write,,,video_medium,pg_bytea,7,tsinghua_v_0901_r07.mp4,13091522,1.002609,1,
write,write,,,video_medium,polyglot,7,tsinghua_v_0901_r07.mp4,13091522,0.099639,1,
write,write,,,video_medium,pg_bytea,7,tsinghua_v_0937_r07.mp4,13091522,0.469365,1,
write,write,,,video_medium,polyglot,7,tsinghua_v_0937_r07.mp4,13091522,0.100360,1,
write,write,,,video_medium,mongo_gridfs,7,tsinghua_v_0937_r07.mp4,13091522,0.094146,1,
write,write,,,video_medium,pg_bytea,7,tsinghua_v_0939_r07.mp4,13091522,0.315243,1,
write,write,,,video_medium,polyglot,7,tsinghua_v_0939_r07.mp4,13091522,0.098586,1,
write,write,,,video_medium,mongo_gridfs,7,tsinghua_v_0939_r07.mp4,13091522,0.113737,1,
write,write,,,video_medium,polyglot,7,tsinghua_v_0961_r07.mp4,13091522,0.101136,1,
write,write,,,video_medium,pg_bytea,7,tsinghua_v_0961_r07.mp4,13091522,0.307484,1,
write,write,,,video_medium,mongo_gridfs,7,tsinghua_v_0961_r07.mp4,13091522,0.096109,1,
write,write,,,video_medium,pg_bytea,7,tsinghua_v_0977_r07.mp4,13091522,0.304749,1,
write,write,,,video_medium,mongo_gridfs,7,tsinghua_v_0977_r07.mp4,13091522,0.094009,1,
write,write,,,video_medium,polyglot,7,tsinghua_v_0977_r07.mp4,13091522,0.100269,1,
write,write,,,audio_small,pg_bytea,8,03-01-01-01-01-02-19_r08.wav,375720,0.013029,1,
write,write,,,audio_small,polyglot,8,03-01-01-01-01-02-19_r08.wav,375720,0.010194,1,
write,write,,,audio_small,mongo_gridfs,8,03-01-01-01-01-02-19_r08.wav,375720,0.005424,1,
write,write,,,audio_small,mongo_gridfs,8,03-01-01-01-02-02-05_r08.wav,396294,0.005766,1,
write,write,,,audio_small,polyglot,8,03-01-01-01-02-02-05_r08.wav,396294,0.005913,1,
write,write,,,audio_small,pg_bytea,8,03-01-01-01-02-02-05_r08.wav,396294,0.010236,1,
write,write,,,audio_small,pg_bytea,8,03-01-01-01-02-02-06_r08.wav,363108,0.009587,1,
write,write,,,audio_small,polyglot,8,03-01-01-01-02-02-06_r08.wav,363108,0.070181,1,
write,write,,,audio_small,mongo_gridfs,8,03-01-01-01-02-02-06_r08.wav,363108,0.006807,1,
write,write,,,audio_small,pg_bytea,8,03-01-01-01-02-02-07_r08.wav,363108,0.009970,1,
write,write,,,audio_small,mongo_gridfs,8,03-01-01-01-02-02-07_r08.wav,363108,0.006731,1,
write,write,,,audio_small,polyglot,8,03-01-01-01-02-02-07_r08.wav,363108,0.004898,1,
write,write,,,audio_small,mongo_gridfs,8,03-01-01-01-02-02-11_r08.wav,375720,0.005017,1,
write,write,,,audio_small,pg_bytea,8,03-01-01-01-02-02-11_r08.wav,375720,0.010787,1,
write,write,,,audio_small,polyglot,8,03-01-01-01-02-02-11_r08.wav,375720,0.006009,1,
write,write,,,audio_small,polyglot,8,03-01-01-01-02-02-12_r08.wav,372698,0.005382,1,
write,write,,,audio_small,mongo_gridfs,8,03-01-01-01-02-02-12_r08.wav,372698,0.004446,1,
write,write,,,audio_small,pg_bytea,8,03-01-01-01-02-02-12_r08.wav,372698,0.011024,1,
write,write,,,audio_small,polyglot,8,03-01-01-01-02-02-13_r08.wav,363108,0.005574,1,
write,write,,,audio_small,pg_bytea,8,03-01-01-01-02-02-13_r08.wav,363108,0.010200,1,
write,write,,,audio_small,mongo_gridfs,8,03-01-01-01-02-02-13_r08.wav,363108,0.009346,1,
write,write,,,audio_small,polyglot,8,03-01-01-02-01-02-05_r08.wav,393086,0.006856,1,
write,write,,,audio_small,pg_bytea,8,03-01-01-02-01-02-05_r08.wav,393086,0.009850,1,
write,write,,,audio_small,mongo_gridfs,8,03-01-01-02-01-02-05_r08.wav,393086,0.005957,1,
write,write,,,audio_small,mongo_gridfs,8,03-01-01-02-01-02-06_r08.wav,363108,0.005271,1,
write,write,,,audio_small,pg_bytea,8,03-01-01-02-01-02-06_r08.wav,363108,0.008849,1,
write,write,,,audio_small,polyglot,8,03-01-01-02-01-02-06_r08.wav,363108,0.005108,1,
write,write,,,audio_small,polyglot,8,03-01-01-02-01-02-07_r08.wav,372698,0.004772,1,
write,write,,,audio_small,pg_bytea,8,03-01-01-02-01-02-07_r08.wav,372698,0.010335,1,
write,write,,,audio_small,mongo_gridfs,8,03-01-01-02-01-02-07_r08.wav,372698,0.004834,1,
write,write,,,audio_small,mongo_gridfs,8,03-01-01-02-01-02-13_r08.wav,399494,0.005078,1,
write,write,,,audio_small,pg_bytea,8,03-01-01-02-01-02-13_r08.wav,399494,0.010253,1,
write,write,,,audio_small,polyglot,8,03-01-01-02-01-02-13_r08.wav,399494,0.005061,1,
write,write,,,audio_small,pg_bytea,8,03-01-01-02-02-02-19_r08.wav,372698,0.008362,1,
write,write,,,audio_small,polyglot,8,03-01-01-02-02-02-19_r08.wav,372698,0.003925,1,
write,write,,,audio_small,mongo_gridfs,8,03-01-01-02-02-02-19_r08.wav,372698,0.003302,1,
write,write,,,audio_small,mongo_gridfs,8,03-01-02-01-01-01-19_r08.wav,372698,0.003897,1,
write,write,,,audio_small,polyglot,8,03-01-02-01-01-01-19_r08.wav,372698,0.003742,1,
write,write,,,audio_small,pg_bytea,8,03-01-02-01-01-01-19_r08.wav,372698,0.009604,1,
write,write,,,audio_small,polyglot,8,03-01-02-01-02-01-06_r08.wav,363108,0.004379,1,
write,write,,,audio_small,mongo_gridfs,8,03-01-02-01-02-01-06_r08.wav,363108,0.003773,1,
write,write,,,audio_small,pg_bytea,8,03-01-02-01-02-01-06_r08.wav,363108,0.008820,1,
write,write,,,audio_small,mongo_gridfs,8,03-01-02-01-02-01-07_r08.wav,399494,0.004299,1,
write,write,,,audio_small,polyglot,8,03-01-02-01-02-01-07_r08.wav,399494,0.004296,1,
write,write,,,audio_small,pg_bytea,8,03-01-02-01-02-01-07_r08.wav,399494,0.010409,1,
write,write,,,audio_small,mongo_gridfs,8,03-01-02-01-02-01-11_r08.wav,375720,0.004669,1,
write,write,,,audio_small,polyglot,8,03-01-02-01-02-01-11_r08.wav,375720,0.004102,1,
write,write,,,audio_small,pg_bytea,8,03-01-02-01-02-01-11_r08.wav,375720,0.008432,1,
write,write,,,audio_small,polyglot,8,03-01-02-01-02-01-12_r08.wav,372698,0.003928,1,
write,write,,,audio_small,mongo_gridfs,8,03-01-02-01-02-01-12_r08.wav,372698,0.003591,1,
write,write,,,audio_small,pg_bytea,8,03-01-02-01-02-01-12_r08.wav,372698,0.009808,1,
write,write,,,audio_small,polyglot,8,03-01-02-01-02-01-13_r08.wav,379106,0.007143,1,
write,write,,,audio_small,mongo_gridfs,8,03-01-02-01-02-01-13_r08.wav,379106,0.004371,1,
write,write,,,audio_small,pg_bytea,8,03-01-02-01-02-01-13_r08.wav,379106,0.009165,1,
write,write,,,audio_small,pg_bytea,8,03-01-02-02-01-01-05_r08.wav,363108,0.008246,1,
write,write,,,audio_small,mongo_gridfs,8,03-01-02-02-01-01-05_r08.wav,363108,0.005539,1,
write,write,,,audio_small,polyglot,8,03-01-02-02-01-01-05_r08.wav,363108,0.005003,1,
write,write,,,audio_small,polyglot,8,03-01-02-02-01-01-11_r08.wav,363108,0.003726,1,
write,write,,,audio_small,mongo_gridfs,8,03-01-02-02-01-01-11_r08.wav,363108,0.004120,1,
write,write,,,audio_small,pg_bytea,8,03-01-02-02-01-01-11_r08.wav,363108,0.008446,1,
write,write,,,audio_small,pg_bytea,8,03-01-02-02-01-01-12_r08.wav,399494,0.008896,1,
write,write,,,audio_small,polyglot,8,03-01-02-02-01-01-12_r08.wav,399494,0.004754,1,
write,write,,,audio_small,mongo_gridfs,8,03-01-02-02-01-01-12_r08.wav,399494,0.004332,1,
write,write,,,audio_small,pg_bytea,8,03-01-02-02-01-01-13_r08.wav,399494,0.008948,1,
write,write,,,audio_small,mongo_gridfs,8,03-01-02-02-01-01-13_r08.wav,399494,0.005080,1,
write,write,,,audio_small,polyglot,8,03-01-02-02-01-01-13_r08.wav,399494,0.004874,1,
write,write,,,audio_small,mongo_gridfs,8,03-01-02-02-02-01-19_r08.wav,379106,0.004322,1,
write,write,,,audio_small,pg_bytea,8,03-01-02-02-02-01-19_r08.wav,379106,0.023694,1,
write,write,,,audio_small,polyglot,8,03-01-02-02-02-01-19_r08.wav,379106,0.006634,1,
write,write,,,audio_small,mongo_gridfs,8,03-01-03-01-01-02-05_r08.wav,396294,0.005102,1,
write,write,,,audio_small,polyglot,8,03-01-03-01-01-02-05_r08.wav,396294,0.004739,1,
write,write,,,audio_small,pg_bytea,8,03-01-03-01-01-02-05_r08.wav,396294,0.009090,1,
write,write,,,audio_small,pg_bytea,8,03-01-03-01-01-02-07_r08.wav,393086,0.009845,1,
write,write,,,audio_small,mongo_gridfs,8,03-01-03-01-01-02-07_r08.wav,393086,0.005495,1,
write,write,,,audio_small,polyglot,8,03-01-03-01-01-02-07_r08.wav,393086,0.004979,1,
write,write,,,audio_small,polyglot,8,03-01-03-01-01-02-12_r08.wav,399494,0.005050,1,
write,write,,,audio_small,mongo_gridfs,8,03-01-03-01-01-02-12_r08.wav,399494,0.004753,1,
write,write,,,audio_small,pg_bytea,8,03-01-03-01-01-02-12_r08.wav,399494,0.011056,1,
write,write,,,audio_small,mongo_gridfs,8,03-01-03-01-01-02-13_r08.wav,399494,0.005147,1,
write,write,,,audio_small,pg_bytea,8,03-01-03-01-01-02-13_r08.wav,399494,0.010055,1,
write,write,,,audio_small,polyglot,8,03-01-03-01-01-02-13_r08.wav,399494,0.007325,1,
write,write,,,audio_small,polyglot,8,03-01-03-01-02-02-18_r08.wav,393086,0.007779,1,
write,write,,,audio_small,pg_bytea,8,03-01-03-01-02-02-18_r08.wav,393086,0.011788,1,
write,write,,,audio_small,mongo_gridfs,8,03-01-03-01-02-02-18_r08.wav,393086,0.006559,1,
write,write,,,audio_small,mongo_gridfs,8,03-01-03-01-02-02-19_r08.wav,399494,0.005500,1,
write,write,,,audio_small,pg_bytea,8,03-01-03-01-02-02-19_r08.wav,399494,1.157319,1,
write,write,,,audio_small,polyglot,8,03-01-03-01-02-02-19_r08.wav,399494,0.013026,1,
write,write,,,audio_small,mongo_gridfs,8,03-01-03-02-01-02-18_r08.wav,396294,0.005765,1,
write,write,,,audio_small,pg_bytea,8,03-01-03-02-01-02-18_r08.wav,396294,0.011033,1,
write,write,,,audio_small,polyglot,8,03-01-03-02-01-02-18_r08.wav,396294,0.009145,1,
write,write,,,audio_small,mongo_gridfs,8,03-01-03-02-01-02-19_r08.wav,372698,0.004962,1,
write,write,,,audio_small,polyglot,8,03-01-03-02-01-02-19_r08.wav,372698,0.011684,1,
write,write,,,audio_small,pg_bytea,8,03-01-03-02-01-02-19_r08.wav,372698,0.009456,1,
write,write,,,audio_small,pg_bytea,8,03-01-03-02-02-02-04_r08.wav,379106,0.009086,1,
write,write,,,audio_small,mongo_gridfs,8,03-01-03-02-02-02-04_r08.wav,379106,0.007176,1,
write,write,,,audio_small,polyglot,8,03-01-03-02-02-02-04_r08.wav,379106,0.007007,1,
write,write,,,audio_small,polyglot,8,03-01-03-02-02-02-06_r08.wav,399494,0.005156,1,
write,write,,,audio_small,pg_bytea,8,03-01-03-02-02-02-06_r08.wav,399494,0.009079,1,
write,write,,,audio_small,mongo_gridfs,8,03-01-03-02-02-02-06_r08.wav,399494,0.005341,1,
write,write,,,audio_small,mongo_gridfs,8,03-01-03-02-02-02-07_r08.wav,393086,0.004869,1,
write,write,,,audio_small,pg_bytea,8,03-01-03-02-02-02-07_r08.wav,393086,0.009830,1,
write,write,,,audio_small,polyglot,8,03-01-03-02-02-02-07_r08.wav,393086,0.006633,1,
write,write,,,audio_small,pg_bytea,8,03-01-03-02-02-02-10_r08.wav,375720,0.015466,1,
write,write,,,audio_small,mongo_gridfs,8,03-01-03-02-02-02-10_r08.wav,375720,0.006326,1,
write,write,,,audio_small,polyglot,8,03-01-03-02-02-02-10_r08.wav,375720,0.004983,1,
write,write,,,audio_small,pg_bytea,8,03-01-03-02-02-02-11_r08.wav,396294,0.009313,1,
write,write,,,audio_small,mongo_gridfs,8,03-01-03-02-02-02-11_r08.wav,396294,0.006126,1,
write,write,,,audio_small,polyglot,8,03-01-03-02-02-02-11_r08.wav,396294,0.005131,1,
write,write,,,audio_small,mongo_gridfs,8,03-01-03-02-02-02-13_r08.wav,399494,0.005530,1,
write,write,,,audio_small,pg_bytea,8,03-01-03-02-02-02-13_r08.wav,399494,0.016526,1,
write,write,,,audio_small,polyglot,8,03-01-03-02-02-02-13_r08.wav,399494,0.005099,1,
write,write,,,audio_small,pg_bytea,8,03-01-04-01-01-02-01_r08.wav,396294,0.009224,1,
write,write,,,audio_small,mongo_gridfs,8,03-01-04-01-01-02-01_r08.wav,396294,0.006071,1,
write,write,,,audio_small,polyglot,8,03-01-04-01-01-02-01_r08.wav,396294,0.005217,1,
write,write,,,audio_small,pg_bytea,8,03-01-04-01-01-02-02_r08.wav,379106,0.008875,1,
write,write,,,audio_small,polyglot,8,03-01-04-01-01-02-02_r08.wav,379106,0.005347,1,
write,write,,,audio_small,mongo_gridfs,8,03-01-04-01-01-02-02_r08.wav,379106,0.005439,1,
write,write,,,audio_small,polyglot,8,03-01-04-01-01-02-16_r08.wav,379106,0.005470,1,
write,write,,,audio_small,pg_bytea,8,03-01-04-01-01-02-16_r08.wav,379106,0.011181,1,
write,write,,,audio_small,mongo_gridfs,8,03-01-04-01-01-02-16_r08.wav,379106,0.005741,1,
write,write,,,audio_small,mongo_gridfs,8,03-01-04-01-02-02-08_r08.wav,372698,0.004730,1,
write,write,,,audio_small,pg_bytea,8,03-01-04-01-02-02-08_r08.wav,372698,0.008973,1,
write,write,,,audio_small,polyglot,8,03-01-04-01-02-02-08_r08.wav,372698,0.005907,1,
write,write,,,audio_small,pg_bytea,8,03-01-04-01-02-02-09_r08.wav,363108,0.008466,1,
write,write,,,audio_small,mongo_gridfs,8,03-01-04-01-02-02-09_r08.wav,363108,0.008602,1,
write,write,,,audio_small,polyglot,8,03-01-04-01-02-02-09_r08.wav,363108,0.006574,1,
write,write,,,audio_small,polyglot,8,03-01-04-01-02-02-20_r08.wav,396294,0.048226,1,
write,write,,,audio_small,mongo_gridfs,8,03-01-04-01-02-02-20_r08.wav,396294,0.038464,1,
write,write,,,audio_small,pg_bytea,8,03-01-04-01-02-02-20_r08.wav,396294,0.024284,1,
write,write,,,audio_small,pg_bytea,8,03-01-04-01-02-02-21_r08.wav,363108,0.009637,1,
write,write,,,audio_small,mongo_gridfs,8,03-01-04-01-02-02-21_r08.wav,363108,0.004665,1,
write,write,,,audio_small,polyglot,8,03-01-04-01-02-02-21_r08.wav,363108,0.004042,1,
write,write,,,audio_small,pg_bytea,8,03-01-04-01-02-02-22_r08.wav,372698,0.008069,1,
write,write,,,audio_small,polyglot,8,03-01-04-01-02-02-22_r08.wav,372698,0.003845,1,
write,write,,,audio_small,mongo_gridfs,8,03-01-04-01-02-02-22_r08.wav,372698,0.003501,1,
write,write,,,audio_small,polyglot,8,03-01-04-01-02-02-23_r08.wav,363108,0.003624,1,
write,write,,,audio_small,pg_bytea,8,03-01-04-01-02-02-23_r08.wav,363108,0.014429,1,
write,write,,,audio_small,mongo_gridfs,8,03-01-04-01-02-02-23_r08.wav,363108,0.003944,1,
write,write,,,audio_small,mongo_gridfs,8,03-01-04-02-01-02-09_r08.wav,379106,0.004098,1,
write,write,,,audio_small,polyglot,8,03-01-04-02-01-02-09_r08.wav,379106,0.004180,1,
write,write,,,audio_small,pg_bytea,8,03-01-04-02-01-02-09_r08.wav,379106,0.010439,1,
write,write,,,audio_small,polyglot,8,03-01-04-02-01-02-20_r08.wav,379106,0.004537,1,
write,write,,,audio_small,pg_bytea,8,03-01-04-02-01-02-20_r08.wav,379106,0.024629,1,
write,write,,,audio_small,mongo_gridfs,8,03-01-04-02-01-02-20_r08.wav,379106,0.004453,1,
write,write,,,audio_small,polyglot,8,03-01-04-02-01-02-21_r08.wav,393086,0.004368,1,
write,write,,,audio_small,pg_bytea,8,03-01-04-02-01-02-21_r08.wav,393086,0.008734,1,
write,write,,,audio_small,mongo_gridfs,8,03-01-04-02-01-02-21_r08.wav,393086,0.003952,1,
write,write,,,audio_small,mongo_gridfs,8,03-01-04-02-01-02-22_r08.wav,379106,0.004132,1,
write,write,,,audio_small,polyglot,8,03-01-04-02-01-02-22_r08.wav,379106,0.004408,1,
write,write,,,audio_small,pg_bytea,8,03-01-04-02-01-02-22_r08.wav,379106,0.010259,1,
write,write,,,audio_small,polyglot,8,03-01-04-02-02-02-14_r08.wav,375720,0.004334,1,
write,write,,,audio_small,mongo_gridfs,8,03-01-04-02-02-02-14_r08.wav,375720,0.003819,1,
write,write,,,audio_small,pg_bytea,8,03-01-04-02-02-02-14_r08.wav,375720,0.008563,1,
write,write,,,audio_small,mongo_gridfs,8,03-01-04-02-02-02-15_r08.wav,379106,0.004665,1,
write,write,,,audio_small,polyglot,8,03-01-04-02-02-02-15_r08.wav,379106,0.004367,1,
write,write,,,audio_small,pg_bytea,8,03-01-04-02-02-02-15_r08.wav,379106,0.008819,1,
write,write,,,audio_small,pg_bytea,8,03-01-04-02-02-02-16_r08.wav,375720,0.028641,1,
write,write,,,audio_small,polyglot,8,03-01-04-02-02-02-16_r08.wav,375720,0.004699,1,
write,write,,,audio_small,mongo_gridfs,8,03-01-04-02-02-02-16_r08.wav,375720,0.003639,1,
write,write,,,audio_small,mongo_gridfs,8,03-01-04-02-02-02-17_r08.wav,363108,0.003723,1,
write,write,,,audio_small,pg_bytea,8,03-01-04-02-02-02-17_r08.wav,363108,0.008854,1,
write,write,,,audio_small,polyglot,8,03-01-04-02-02-02-17_r08.wav,363108,0.006108,1,
write,write,,,audio_small,mongo_gridfs,8,03-01-05-01-01-01-09_r08.wav,393086,0.004597,1,
write,write,,,audio_small,pg_bytea,8,03-01-05-01-01-01-09_r08.wav,393086,0.009267,1,
write,write,,,audio_small,polyglot,8,03-01-05-01-01-01-09_r08.wav,393086,0.004429,1,
write,write,,,audio_small,pg_bytea,8,03-01-05-01-01-01-22_r08.wav,393086,0.010158,1,
write,write,,,audio_small,mongo_gridfs,8,03-01-05-01-01-01-22_r08.wav,393086,0.004716,1,
write,write,,,audio_small,polyglot,8,03-01-05-01-01-01-22_r08.wav,393086,0.004211,1,
write,write,,,audio_small,mongo_gridfs,8,03-01-05-01-02-01-02_r08.wav,372698,0.004116,1,
write,write,,,audio_small,polyglot,8,03-01-05-01-02-01-02_r08.wav,372698,0.030031,1,
write,write,,,audio_small,pg_bytea,8,03-01-05-01-02-01-02_r08.wav,372698,0.008279,1,
write,write,,,audio_small,pg_bytea,8,03-01-05-01-02-01-03_r08.wav,396294,0.008625,1,
write,write,,,audio_small,mongo_gridfs,8,03-01-05-01-02-01-03_r08.wav,396294,0.004182,1,
write,write,,,audio_small,polyglot,8,03-01-05-01-02-01-03_r08.wav,396294,0.004493,1,
write,write,,,audio_small,pg_bytea,8,03-01-05-01-02-01-15_r08.wav,363108,0.008178,1,
write,write,,,audio_small,polyglot,8,03-01-05-01-02-01-15_r08.wav,363108,0.003996,1,
write,write,,,audio_small,mongo_gridfs,8,03-01-05-01-02-01-15_r08.wav,363108,0.003612,1,
write,write,,,audio_small,mongo_gridfs,8,03-01-05-01-02-01-16_r08.wav,372698,0.004284,1,
write,write,,,audio_small,pg_bytea,8,03-01-05-01-02-01-16_r08.wav,372698,0.008829,1,
write,write,,,audio_small,polyglot,8,03-01-05-01-02-01-16_r08.wav,372698,0.004200,1,
write,write,,,audio_small,mongo_gridfs,8,03-01-05-01-02-01-17_r08.wav,393086,0.004168,1,
write,write,,,audio_small,polyglot,8,03-01-05-01-02-01-17_r08.wav,393086,0.005316,1,
write,write,,,audio_small,pg_bytea,8,03-01-05-01-02-01-17_r08.wav,393086,0.012120,1,
write,write,,,audio_small,mongo_gridfs,8,03-01-05-02-01-01-01_r08.wav,372698,0.004469,1,
write,write,,,audio_small,pg_bytea,8,03-01-05-02-01-01-01_r08.wav,372698,0.023615,1,
write,write,,,audio_small,polyglot,8,03-01-05-02-01-01-01_r08.wav,372698,0.006567,1,
write,write,,,audio_small,pg_bytea,8,03-01-05-02-01-01-02_r08.wav,375720,0.009917,1,
write,write,,,audio_small,mongo_gridfs,8,03-01-05-02-01-01-02_r08.wav,375720,0.005144,1,
write,write,,,audio_small,polyglot,8,03-01-05-02-01-01-02_r08.wav,375720,0.005026,1,
write,write,,,audio_small,pg_bytea,8,03-01-05-02-01-01-03_r08.wav,372698,0.009179,1,
write,write,,,audio_small,polyglot,8,03-01-05-02-01-01-03_r08.wav,372698,0.006179,1,
write,write,,,audio_small,mongo_gridfs,8,03-01-05-02-01-01-03_r08.wav,372698,0.004792,1,
write,write,,,audio_small,pg_bytea,8,03-01-05-02-01-01-15_r08.wav,396294,0.009622,1,
write,write,,,audio_small,polyglot,8,03-01-05-02-01-01-15_r08.wav,396294,0.005842,1,
write,write,,,audio_small,mongo_gridfs,8,03-01-05-02-01-01-15_r08.wav,396294,0.004459,1,
write,write,,,audio_small,mongo_gridfs,8,03-01-05-02-01-01-16_r08.wav,399494,0.004968,1,
write,write,,,audio_small,polyglot,8,03-01-05-02-01-01-16_r08.wav,399494,0.005307,1,
write,write,,,audio_small,pg_bytea,8,03-01-05-02-01-01-16_r08.wav,399494,0.022814,1,
write,write,,,audio_small,mongo_gridfs,8,03-01-05-02-01-01-17_r08.wav,363108,0.006423,1,
write,write,,,audio_small,polyglot,8,03-01-05-02-01-01-17_r08.wav,363108,0.005377,1,
write,write,,,audio_small,pg_bytea,8,03-01-05-02-01-01-17_r08.wav,363108,0.009595,1,
write,write,,,audio_small,pg_bytea,8,03-01-05-02-02-01-09_r08.wav,396294,0.011841,1,
write,write,,,audio_small,polyglot,8,03-01-05-02-02-01-09_r08.wav,396294,0.005744,1,
write,write,,,audio_small,mongo_gridfs,8,03-01-05-02-02-01-09_r08.wav,396294,0.004804,1,
write,write,,,audio_small,mongo_gridfs,8,03-01-05-02-02-01-21_r08.wav,375720,0.005363,1,
write,write,,,audio_small,polyglot,8,03-01-05-02-02-01-21_r08.wav,375720,0.004586,1,
write,write,,,audio_small,pg_bytea,8,03-01-05-02-02-01-21_r08.wav,375720,0.009876,1,
write,write,,,audio_small,pg_bytea,8,03-01-05-02-02-01-22_r08.wav,379106,0.009725,1,
write,write,,,audio_small,mongo_gridfs,8,03-01-05-02-02-01-22_r08.wav,379106,0.007927,1,
write,write,,,audio_small,polyglot,8,03-01-05-02-02-01-22_r08.wav,379106,0.008306,1,
write,write,,,audio_medium,pg_bytea,8,03-02-01-01-01-02-22_r08.wav,526650,0.015351,1,
write,write,,,audio_medium,polyglot,8,03-02-01-01-01-02-22_r08.wav,526650,0.007366,1,
write,write,,,audio_medium,mongo_gridfs,8,03-02-01-01-01-02-22_r08.wav,526650,0.006538,1,
write,write,,,audio_medium,pg_bytea,8,03-02-01-01-01-02-23_r08.wav,539464,0.014019,1,
write,write,,,audio_medium,mongo_gridfs,8,03-02-01-01-01-02-23_r08.wav,539464,0.006955,1,
write,write,,,audio_medium,polyglot,8,03-02-01-01-01-02-23_r08.wav,539464,0.007081,1,
write,write,,,audio_medium,polyglot,8,03-02-01-01-02-02-02_r08.wav,539464,0.005976,1,
write,write,,,audio_medium,pg_bytea,8,03-02-01-01-02-02-02_r08.wav,539464,0.014456,1,
write,write,,,audio_medium,mongo_gridfs,8,03-02-01-01-02-02-02_r08.wav,539464,0.006886,1,
write,write,,,audio_medium,pg_bytea,8,03-02-01-01-02-02-03_r08.wav,520242,0.013911,1,
write,write,,,audio_medium,mongo_gridfs,8,03-02-01-01-02-02-03_r08.wav,520242,0.008368,1,
write,write,,,audio_medium,polyglot,8,03-02-01-01-02-02-03_r08.wav,520242,0.006878,1,
write,write,,,audio_medium,mongo_gridfs,8,03-02-01-01-02-02-16_r08.wav,539464,0.007295,1,
write,write,,,audio_medium,polyglot,8,03-02-01-01-02-02-16_r08.wav,539464,0.006926,1,
write,write,,,audio_medium,pg_bytea,8,03-02-01-01-02-02-16_r08.wav,539464,0.015440,1,
write,write,,,audio_medium,polyglot,8,03-02-01-01-02-02-17_r08.wav,561888,0.008153,1,
write,write,,,audio_medium,mongo_gridfs,8,03-02-01-01-02-02-17_r08.wav,561888,0.006530,1,
write,write,,,audio_medium,pg_bytea,8,03-02-01-01-02-02-17_r08.wav,561888,0.018123,1,
write,write,,,audio_medium,pg_bytea,8,03-02-01-02-01-02-01_r08.wav,533056,0.035003,1,
write,write,,,audio_medium,mongo_gridfs,8,03-02-01-02-01-02-01_r08.wav,533056,0.009375,1,
write,write,,,audio_medium,polyglot,8,03-02-01-02-01-02-01_r08.wav,533056,0.007142,1,
write,write,,,audio_medium,mongo_gridfs,8,03-02-01-02-01-02-02_r08.wav,523448,0.005980,1,
write,write,,,audio_medium,polyglot,8,03-02-01-02-01-02-02_r08.wav,523448,0.006511,1,
write,write,,,audio_medium,pg_bytea,8,03-02-01-02-01-02-02_r08.wav,523448,0.012654,1,
write,write,,,audio_medium,mongo_gridfs,8,03-02-01-02-01-02-03_r08.wav,533056,0.006271,1,
write,write,,,audio_medium,polyglot,8,03-02-01-02-01-02-03_r08.wav,533056,0.005993,1,
write,write,,,audio_medium,pg_bytea,8,03-02-01-02-01-02-03_r08.wav,533056,0.013729,1,
write,write,,,audio_medium,mongo_gridfs,8,03-02-01-02-01-02-15_r08.wav,561882,0.007736,1,
write,write,,,audio_medium,pg_bytea,8,03-02-01-02-01-02-15_r08.wav,561882,0.037553,1,
write,write,,,audio_medium,polyglot,8,03-02-01-02-01-02-15_r08.wav,561882,0.007750,1,
write,write,,,audio_medium,pg_bytea,8,03-02-01-02-01-02-16_r08.wav,526650,0.012979,1,
write,write,,,audio_medium,mongo_gridfs,8,03-02-01-02-01-02-16_r08.wav,526650,0.007205,1,
write,write,,,audio_medium,polyglot,8,03-02-01-02-01-02-16_r08.wav,526650,0.006902,1,
write,write,,,audio_medium,mongo_gridfs,8,03-02-01-02-01-02-17_r08.wav,533056,0.007149,1,
write,write,,,audio_medium,pg_bytea,8,03-02-01-02-01-02-17_r08.wav,533056,0.014825,1,
write,write,,,audio_medium,polyglot,8,03-02-01-02-01-02-17_r08.wav,533056,0.007754,1,
write,write,,,audio_medium,pg_bytea,8,03-02-01-02-02-02-22_r08.wav,520242,0.012398,1,
write,write,,,audio_medium,polyglot,8,03-02-01-02-02-02-22_r08.wav,520242,0.006155,1,
write,write,,,audio_medium,mongo_gridfs,8,03-02-01-02-02-02-22_r08.wav,520242,0.006808,1,
write,write,,,audio_medium,polyglot,8,03-02-01-02-02-02-23_r08.wav,520242,0.018473,1,
write,write,,,audio_medium,pg_bytea,8,03-02-01-02-02-02-23_r08.wav,520242,0.012854,1,
write,write,,,audio_medium,mongo_gridfs,8,03-02-01-02-02-02-23_r08.wav,520242,0.006906,1,
write,write,,,audio_medium,polyglot,8,03-02-02-01-01-01-22_r08.wav,523448,0.009114,1,
write,write,,,audio_medium,pg_bytea,8,03-02-02-01-01-01-22_r08.wav,523448,0.016783,1,
write,write,,,audio_medium,mongo_gridfs,8,03-02-02-01-01-01-22_r08.wav,523448,0.006867,1,
write,write,,,audio_medium,polyglot,8,03-02-02-01-01-01-23_r08.wav,561888,0.006854,1,
write,write,,,audio_medium,mongo_gridfs,8,03-02-02-01-01-01-23_r08.wav,561888,0.006088,1,
write,write,,,audio_medium,pg_bytea,8,03-02-02-01-01-01-23_r08.wav,561888,0.013958,1,
write,write,,,audio_medium,polyglot,8,03-02-02-01-02-01-01_r08.wav,520242,0.039299,1,
write,write,,,audio_medium,mongo_gridfs,8,03-02-02-01-02-01-01_r08.wav,520242,0.008352,1,
write,write,,,audio_medium,pg_bytea,8,03-02-02-01-02-01-01_r08.wav,520242,0.015680,1,
write,write,,,audio_medium,pg_bytea,8,03-02-02-01-02-01-02_r08.wav,539464,0.013865,1,
write,write,,,audio_medium,mongo_gridfs,8,03-02-02-01-02-01-02_r08.wav,539464,0.007162,1,
write,write,,,audio_medium,polyglot,8,03-02-02-01-02-01-02_r08.wav,539464,0.006516,1,
write,write,,,audio_medium,polyglot,8,03-02-02-01-02-01-03_r08.wav,533056,0.006389,1,
write,write,,,audio_medium,pg_bytea,8,03-02-02-01-02-01-03_r08.wav,533056,0.012694,1,
write,write,,,audio_medium,mongo_gridfs,8,03-02-02-01-02-01-03_r08.wav,533056,0.007346,1,
write,write,,,audio_medium,pg_bytea,8,03-02-02-01-02-01-16_r08.wav,561882,0.014778,1,
write,write,,,audio_medium,polyglot,8,03-02-02-01-02-01-16_r08.wav,561882,0.028558,1,
write,write,,,audio_medium,mongo_gridfs,8,03-02-02-01-02-01-16_r08.wav,561882,0.007453,1,
write,write,,,audio_medium,polyglot,8,03-02-02-02-01-01-01_r08.wav,539464,0.006814,1,
write,write,,,audio_medium,mongo_gridfs,8,03-02-02-02-01-01-01_r08.wav,539464,0.007199,1,
write,write,,,audio_medium,pg_bytea,8,03-02-02-02-01-01-01_r08.wav,539464,0.016034,1,
write,write,,,audio_medium,polyglot,8,03-02-02-02-01-01-02_r08.wav,526650,0.007079,1,
write,write,,,audio_medium,mongo_gridfs,8,03-02-02-02-01-01-02_r08.wav,526650,0.005906,1,
write,write,,,audio_medium,pg_bytea,8,03-02-02-02-01-01-02_r08.wav,526650,0.012408,1,
write,write,,,audio_medium,mongo_gridfs,8,03-02-02-02-01-01-15_r08.wav,539464,0.006335,1,
write,write,,,audio_medium,pg_bytea,8,03-02-02-02-01-01-15_r08.wav,539464,0.017965,1,
write,write,,,audio_medium,polyglot,8,03-02-02-02-01-01-15_r08.wav,539464,0.008092,1,
write,write,,,audio_medium,pg_bytea,8,03-02-02-02-01-01-16_r08.wav,520242,0.020673,1,
write,write,,,audio_medium,polyglot,8,03-02-02-02-01-01-16_r08.wav,520242,0.007799,1,
write,write,,,audio_medium,mongo_gridfs,8,03-02-02-02-01-01-16_r08.wav,520242,0.006338,1,
write,write,,,audio_medium,polyglot,8,03-02-02-02-01-01-17_r08.wav,539464,0.006089,1,
write,write,,,audio_medium,pg_bytea,8,03-02-02-02-01-01-17_r08.wav,539464,0.013573,1,
write,write,,,audio_medium,mongo_gridfs,8,03-02-02-02-01-01-17_r08.wav,539464,0.006470,1,
write,write,,,audio_medium,polyglot,8,03-02-02-02-02-01-22_r08.wav,539464,0.006676,1,
write,write,,,audio_medium,mongo_gridfs,8,03-02-02-02-02-01-22_r08.wav,539464,0.006009,1,
write,write,,,audio_medium,pg_bytea,8,03-02-02-02-02-01-22_r08.wav,539464,0.015557,1,
write,write,,,audio_medium,mongo_gridfs,8,03-02-02-02-02-01-23_r08.wav,520242,0.006785,1,
write,write,,,audio_medium,pg_bytea,8,03-02-02-02-02-01-23_r08.wav,520242,0.018014,1,
write,write,,,audio_medium,polyglot,8,03-02-02-02-02-01-23_r08.wav,520242,0.016348,1,
write,write,,,audio_medium,mongo_gridfs,8,03-02-03-01-01-02-01_r08.wav,561882,0.007051,1,
write,write,,,audio_medium,polyglot,8,03-02-03-01-01-02-01_r08.wav,561882,0.006979,1,
write,write,,,audio_medium,pg_bytea,8,03-02-03-01-01-02-01_r08.wav,561882,0.013182,1,
write,write,,,audio_medium,pg_bytea,8,03-02-03-01-01-02-02_r08.wav,561882,0.013854,1,
write,write,,,audio_medium,polyglot,8,03-02-03-01-01-02-02_r08.wav,561882,0.008097,1,
write,write,,,audio_medium,mongo_gridfs,8,03-02-03-01-01-02-02_r08.wav,561882,0.008266,1,
write,write,,,audio_medium,polyglot,8,03-02-03-01-01-02-03_r08.wav,539464,0.009054,1,
write,write,,,audio_medium,pg_bytea,8,03-02-03-01-01-02-03_r08.wav,539464,0.013234,1,
write,write,,,audio_medium,mongo_gridfs,8,03-02-03-01-01-02-03_r08.wav,539464,0.007642,1,
write,write,,,audio_medium,mongo_gridfs,8,03-02-03-01-01-02-15_r08.wav,526650,0.006543,1,
write,write,,,audio_medium,polyglot,8,03-02-03-01-01-02-15_r08.wav,526650,0.006823,1,
write,write,,,audio_medium,pg_bytea,8,03-02-03-01-01-02-15_r08.wav,526650,0.015015,1,
write,write,,,audio_medium,pg_bytea,8,03-02-03-01-01-02-16_r08.wav,520242,0.017890,1,
write,write,,,audio_medium,mongo_gridfs,8,03-02-03-01-01-02-16_r08.wav,520242,0.007813,1,
write,write,,,audio_medium,polyglot,8,03-02-03-01-01-02-16_r08.wav,520242,0.006687,1,
write,write,,,audio_medium,pg_bytea,8,03-02-03-01-01-02-17_r08.wav,526650,0.013306,1,
write,write,,,audio_medium,mongo_gridfs,8,03-02-03-01-01-02-17_r08.wav,526650,0.008362,1,
write,write,,,audio_medium,polyglot,8,03-02-03-01-01-02-17_r08.wav,526650,0.007968,1,
write,write,,,audio_medium,polyglot,8,03-02-03-01-02-02-09_r08.wav,539464,0.005838,1,
write,write,,,audio_medium,mongo_gridfs,8,03-02-03-01-02-02-09_r08.wav,539464,0.005838,1,
write,write,,,audio_medium,pg_bytea,8,03-02-03-01-02-02-09_r08.wav,539464,0.029212,1,
write,write,,,audio_medium,mongo_gridfs,8,03-02-03-01-02-02-21_r08.wav,533056,0.006788,1,
write,write,,,audio_medium,pg_bytea,8,03-02-03-01-02-02-21_r08.wav,533056,0.013571,1,
write,write,,,audio_medium,polyglot,8,03-02-03-01-02-02-21_r08.wav,533056,0.008294,1,
write,write,,,audio_medium,pg_bytea,8,03-02-03-01-02-02-22_r08.wav,561888,0.016095,1,
write,write,,,audio_medium,polyglot,8,03-02-03-01-02-02-22_r08.wav,561888,0.007673,1,
write,write,,,audio_medium,mongo_gridfs,8,03-02-03-01-02-02-22_r08.wav,561888,0.005907,1,
write,write,,,audio_medium,polyglot,8,03-02-03-01-02-02-23_r08.wav,539464,0.006305,1,
write,write,,,audio_medium,mongo_gridfs,8,03-02-03-01-02-02-23_r08.wav,539464,0.005761,1,
write,write,,,audio_medium,pg_bytea,8,03-02-03-01-02-02-23_r08.wav,539464,0.013720,1,
write,write,,,audio_medium,polyglot,8,03-02-03-02-01-02-09_r08.wav,561882,0.025099,1,
write,write,,,audio_medium,mongo_gridfs,8,03-02-03-02-01-02-09_r08.wav,561882,0.007608,1,
write,write,,,audio_medium,pg_bytea,8,03-02-03-02-01-02-09_r08.wav,561882,0.016790,1,
write,write,,,audio_medium,pg_bytea,8,03-02-03-02-01-02-21_r08.wav,539464,0.016420,1,
write,write,,,audio_medium,polyglot,8,03-02-03-02-01-02-21_r08.wav,539464,0.007558,1,
write,write,,,audio_medium,mongo_gridfs,8,03-02-03-02-01-02-21_r08.wav,539464,0.008944,1,
write,write,,,audio_medium,polyglot,8,03-02-03-02-01-02-22_r08.wav,526650,0.007392,1,
write,write,,,audio_medium,pg_bytea,8,03-02-03-02-01-02-22_r08.wav,526650,0.013762,1,
write,write,,,audio_medium,mongo_gridfs,8,03-02-03-02-01-02-22_r08.wav,526650,0.007337,1,
write,write,,,audio_medium,pg_bytea,8,03-02-03-02-01-02-23_r08.wav,561888,0.033639,1,
write,write,,,audio_medium,polyglot,8,03-02-03-02-01-02-23_r08.wav,561888,0.007924,1,
write,write,,,audio_medium,mongo_gridfs,8,03-02-03-02-01-02-23_r08.wav,561888,0.006962,1,
write,write,,,audio_medium,pg_bytea,8,03-02-03-02-02-02-01_r08.wav,561882,0.014947,1,
write,write,,,audio_medium,mongo_gridfs,8,03-02-03-02-02-02-01_r08.wav,561882,0.008729,1,
write,write,,,audio_medium,polyglot,8,03-02-03-02-02-02-01_r08.wav,561882,0.007315,1,
write,write,,,audio_medium,pg_bytea,8,03-02-03-02-02-02-02_r08.wav,523448,0.015778,1,
write,write,,,audio_medium,polyglot,8,03-02-03-02-02-02-02_r08.wav,523448,0.007315,1,
write,write,,,audio_medium,mongo_gridfs,8,03-02-03-02-02-02-02_r08.wav,523448,0.007508,1,
write,write,,,audio_medium,pg_bytea,8,03-02-03-02-02-02-03_r08.wav,561888,0.037009,1,
write,write,,,audio_medium,mongo_gridfs,8,03-02-03-02-02-02-03_r08.wav,561888,0.008255,1,
write,write,,,audio_medium,polyglot,8,03-02-03-02-02-02-03_r08.wav,561888,0.007943,1,
write,write,,,audio_medium,pg_bytea,8,03-02-03-02-02-02-15_r08.wav,523448,0.015580,1,
write,write,,,audio_medium,polyglot,8,03-02-03-02-02-02-15_r08.wav,523448,0.007877,1,
write,write,,,audio_medium,mongo_gridfs,8,03-02-03-02-02-02-15_r08.wav,523448,0.008446,1,
write,write,,,audio_medium,pg_bytea,8,03-02-03-02-02-02-16_r08.wav,561882,0.014037,1,
write,write,,,audio_medium,polyglot,8,03-02-03-02-02-02-16_r08.wav,561882,0.008193,1,
write,write,,,audio_medium,mongo_gridfs,8,03-02-03-02-02-02-16_r08.wav,561882,0.007360,1,
write,write,,,audio_medium,polyglot,8,03-02-03-02-02-02-17_r08.wav,523448,0.006404,1,
write,write,,,audio_medium,pg_bytea,8,03-02-03-02-02-02-17_r08.wav,523448,0.032464,1,
write,write,,,audio_medium,mongo_gridfs,8,03-02-03-02-02-02-17_r08.wav,523448,0.008166,1,
write,write,,,audio_medium,mongo_gridfs,8,03-02-04-01-01-02-05_r08.wav,561882,0.010045,1,
write,write,,,audio_medium,polyglot,8,03-02-04-01-01-02-05_r08.wav,561882,0.007051,1,
write,write,,,audio_medium,pg_bytea,8,03-02-04-01-01-02-05_r08.wav,561882,0.014248,1,
write,write,,,audio_medium,pg_bytea,8,03-02-04-01-01-02-06_r08.wav,526650,0.018105,1,
write,write,,,audio_medium,mongo_gridfs,8,03-02-04-01-01-02-06_r08.wav,526650,0.008118,1,
write,write,,,audio_medium,polyglot,8,03-02-04-01-01-02-06_r08.wav,526650,0.006588,1,
write,write,,,audio_medium,polyglot,8,03-02-04-01-01-02-07_r08.wav,523448,0.007604,1,
write,write,,,audio_medium,mongo_gridfs,8,03-02-04-01-01-02-07_r08.wav,523448,0.007219,1,
write,write,,,audio_medium,pg_bytea,8,03-02-04-01-01-02-07_r08.wav,523448,0.043361,1,
write,write,,,audio_medium,polyglot,8,03-02-04-01-01-02-11_r08.wav,539464,0.007144,1,
write,write,,,audio_medium,mongo_gridfs,8,03-02-04-01-01-02-11_r08.wav,539464,0.005727,1,
write,write,,,audio_medium,pg_bytea,8,03-02-04-01-01-02-11_r08.wav,539464,0.014099,1,
write,write,,,audio_medium,pg_bytea,8,03-02-04-01-01-02-12_r08.wav,523448,0.013581,1,
write,write,,,audio_medium,polyglot,8,03-02-04-01-01-02-12_r08.wav,523448,0.006846,1,
write,write,,,audio_medium,mongo_gridfs,8,03-02-04-01-01-02-12_r08.wav,523448,0.005573,1,
write,write,,,audio_medium,polyglot,8,03-02-04-01-01-02-13_r08.wav,539464,0.006739,1,
write,write,,,audio_medium,mongo_gridfs,8,03-02-04-01-01-02-13_r08.wav,539464,0.007542,1,
write,write,,,audio_medium,pg_bytea,8,03-02-04-01-01-02-13_r08.wav,539464,0.014375,1,
write,write,,,audio_medium,pg_bytea,8,03-02-04-01-02-02-19_r08.wav,561888,0.016145,1,
write,write,,,audio_medium,mongo_gridfs,8,03-02-04-01-02-02-19_r08.wav,561888,0.006747,1,
write,write,,,audio_medium,polyglot,8,03-02-04-01-02-02-19_r08.wav,561888,0.012013,1,
write,write,,,audio_medium,pg_bytea,8,03-02-04-02-02-02-05_r08.wav,526650,0.012811,1,
write,write,,,audio_medium,polyglot,8,03-02-04-02-02-02-05_r08.wav,526650,0.006560,1,
write,write,,,audio_medium,mongo_gridfs,8,03-02-04-02-02-02-05_r08.wav,526650,0.005677,1,
write,write,,,audio_medium,mongo_gridfs,8,03-02-04-02-02-02-06_r08.wav,526650,0.006522,1,
write,write,,,audio_medium,pg_bytea,8,03-02-04-02-02-02-06_r08.wav,526650,0.018011,1,
write,write,,,audio_medium,polyglot,8,03-02-04-02-02-02-06_r08.wav,526650,0.007280,1,
write,write,,,audio_medium,polyglot,8,03-02-04-02-02-02-07_r08.wav,561888,0.006817,1,
write,write,,,audio_medium,mongo_gridfs,8,03-02-04-02-02-02-07_r08.wav,561888,0.006445,1,
write,write,,,audio_medium,pg_bytea,8,03-02-04-02-02-02-07_r08.wav,561888,0.021187,1,
write,write,,,audio_medium,mongo_gridfs,8,03-02-04-02-02-02-11_r08.wav,561888,0.006788,1,
write,write,,,audio_medium,polyglot,8,03-02-04-02-02-02-11_r08.wav,561888,0.006940,1,
write,write,,,audio_medium,pg_bytea,8,03-02-04-02-02-02-11_r08.wav,561888,0.015109,1,
write,write,,,audio_medium,pg_bytea,8,03-02-04-02-02-02-12_r08.wav,523448,0.015825,1,
write,write,,,audio_medium,polyglot,8,03-02-04-02-02-02-12_r08.wav,523448,0.007802,1,
write,write,,,audio_medium,mongo_gridfs,8,03-02-04-02-02-02-12_r08.wav,523448,0.007572,1,
write,write,,,audio_medium,polyglot,8,03-02-04-02-02-02-13_r08.wav,533056,0.010571,1,
write,write,,,audio_medium,mongo_gridfs,8,03-02-04-02-02-02-13_r08.wav,533056,0.006603,1,
write,write,,,audio_medium,pg_bytea,8,03-02-04-02-02-02-13_r08.wav,533056,0.028028,1,
write,write,,,audio_medium,pg_bytea,8,03-02-05-01-02-01-06_r08.wav,561882,0.013178,1,
write,write,,,audio_medium,polyglot,8,03-02-05-01-02-01-06_r08.wav,561882,0.006724,1,
write,write,,,audio_medium,mongo_gridfs,8,03-02-05-01-02-01-06_r08.wav,561882,0.004996,1,
write,write,,,audio_medium,polyglot,8,03-02-05-01-02-01-07_r08.wav,520242,0.004958,1,
write,write,,,audio_medium,pg_bytea,8,03-02-05-01-02-01-07_r08.wav,520242,0.011970,1,
write,write,,,audio_medium,mongo_gridfs,8,03-02-05-01-02-01-07_r08.wav,520242,0.005591,1,
write,write,,,audio_medium,polyglot,8,03-02-05-01-02-01-12_r08.wav,520242,0.005748,1,
write,write,,,audio_medium,pg_bytea,8,03-02-05-01-02-01-12_r08.wav,520242,0.012248,1,
write,write,,,audio_medium,mongo_gridfs,8,03-02-05-01-02-01-12_r08.wav,520242,0.005225,1,
write,write,,,audio_medium,mongo_gridfs,8,03-02-05-01-02-01-13_r08.wav,561888,0.005557,1,
write,write,,,audio_medium,pg_bytea,8,03-02-05-01-02-01-13_r08.wav,561888,0.023104,1,
write,write,,,audio_medium,polyglot,8,03-02-05-01-02-01-13_r08.wav,561888,0.008192,1,
write,write,,,audio_medium,mongo_gridfs,8,03-02-05-02-01-01-05_r08.wav,539464,0.005010,1,
write,write,,,audio_medium,pg_bytea,8,03-02-05-02-01-01-05_r08.wav,539464,0.013199,1,
write,write,,,audio_medium,polyglot,8,03-02-05-02-01-01-05_r08.wav,539464,0.005115,1,
write,write,,,audio_medium,polyglot,8,03-02-05-02-01-01-06_r08.wav,561888,0.005361,1,
write,write,,,audio_medium,pg_bytea,8,03-02-05-02-01-01-06_r08.wav,561888,0.014345,1,
write,write,,,audio_medium,mongo_gridfs,8,03-02-05-02-01-01-06_r08.wav,561888,0.005748,1,
write,write,,,audio_medium,mongo_gridfs,8,03-02-05-02-01-01-07_r08.wav,533056,0.005591,1,
write,write,,,audio_medium,polyglot,8,03-02-05-02-01-01-07_r08.wav,533056,0.005449,1,
write,write,,,audio_medium,pg_bytea,8,03-02-05-02-01-01-07_r08.wav,533056,0.013821,1,
write,write,,,audio_medium,polyglot,8,03-02-05-02-01-01-11_r08.wav,561888,0.005773,1,
write,write,,,audio_medium,pg_bytea,8,03-02-05-02-01-01-11_r08.wav,561888,0.024279,1,
write,write,,,audio_medium,mongo_gridfs,8,03-02-05-02-01-01-11_r08.wav,561888,0.006821,1,
write,write,,,audio_medium,pg_bytea,8,03-02-05-02-01-01-12_r08.wav,533056,0.015206,1,
write,write,,,audio_medium,polyglot,8,03-02-05-02-01-01-12_r08.wav,533056,0.006881,1,
write,write,,,audio_medium,mongo_gridfs,8,03-02-05-02-01-01-12_r08.wav,533056,0.005908,1,
write,write,,,audio_medium,mongo_gridfs,8,03-02-05-02-01-01-13_r08.wav,526650,0.005942,1,
write,write,,,audio_medium,pg_bytea,8,03-02-05-02-01-01-13_r08.wav,526650,0.012514,1,
write,write,,,audio_medium,polyglot,8,03-02-05-02-01-01-13_r08.wav,526650,0.007093,1,
write,write,,,video_small,pg_bytea,8,01-01-01-01-01-01-22_r08.mp4,5457041,0.153124,1,
write,write,,,video_small,mongo_gridfs,8,01-01-01-01-01-01-22_r08.mp4,5457041,0.050453,1,
write,write,,,video_small,polyglot,8,01-01-01-01-01-01-22_r08.mp4,5457041,0.053799,1,
write,write,,,video_small,polyglot,8,01-01-01-01-01-02-01_r08.mp4,5457041,0.048917,1,
write,write,,,video_small,mongo_gridfs,8,01-01-01-01-01-02-01_r08.mp4,5457041,0.044673,1,
write,write,,,video_small,pg_bytea,8,01-01-01-01-01-02-01_r08.mp4,5457041,0.143919,1,
write,write,,,video_small,pg_bytea,8,01-01-01-01-01-02-15_r08.mp4,5457041,0.144807,1,
write,write,,,video_small,mongo_gridfs,8,01-01-01-01-01-02-15_r08.mp4,5457041,0.042662,1,
write,write,,,video_small,polyglot,8,01-01-01-01-01-02-15_r08.mp4,5457041,0.046166,1,
write,write,,,video_small,mongo_gridfs,8,01-01-01-01-02-01-06_r08.mp4,5457041,0.039678,1,
write,write,,,video_small,polyglot,8,01-01-01-01-02-01-06_r08.mp4,5457041,0.043428,1,
write,write,,,video_small,pg_bytea,8,01-01-01-01-02-01-06_r08.mp4,5457041,0.145644,1,
write,write,,,video_small,polyglot,8,01-01-01-01-02-01-13_r08.mp4,5457041,0.109226,1,
write,write,,,video_small,pg_bytea,8,01-01-01-01-02-01-13_r08.mp4,5457041,0.161638,1,
write,write,,,video_small,mongo_gridfs,8,01-01-01-01-02-01-13_r08.mp4,5457041,0.044579,1,
write,write,,,video_small,polyglot,8,01-01-01-01-02-01-14_r08.mp4,5457041,0.047807,1,
write,write,,,video_small,mongo_gridfs,8,01-01-01-01-02-01-14_r08.mp4,5457041,0.045084,1,
write,write,,,video_small,pg_bytea,8,01-01-01-01-02-01-14_r08.mp4,5457041,0.310818,1,
write,write,,,video_small,polyglot,8,01-01-01-01-02-02-09_r08.mp4,5498397,0.047797,1,
write,write,,,video_small,pg_bytea,8,01-01-01-01-02-02-09_r08.mp4,5498397,0.604256,1,
write,write,,,video_small,mongo_gridfs,8,01-01-01-01-02-02-09_r08.mp4,5498397,0.042995,1,
write,write,,,video_small,polyglot,8,01-01-01-02-01-01-01_r08.mp4,5498397,0.722129,1,
write,write,,,video_small,pg_bytea,8,01-01-01-02-01-01-01_r08.mp4,5498397,0.152917,1,
write,write,,,video_small,mongo_gridfs,8,01-01-01-02-01-01-01_r08.mp4,5498397,0.040441,1,
write,write,,,video_small,polyglot,8,01-01-01-02-01-01-05_r08.mp4,5457041,0.041877,1,
write,write,,,video_small,pg_bytea,8,01-01-01-02-01-01-05_r08.mp4,5457041,0.127225,1,
write,write,,,video_small,mongo_gridfs,8,01-01-01-02-01-01-05_r08.mp4,5457041,0.043187,1,
write,write,,,video_small,mongo_gridfs,8,01-01-01-02-01-01-15_r08.mp4,5457041,0.045057,1,
write,write,,,video_small,pg_bytea,8,01-01-01-02-01-01-15_r08.mp4,5457041,0.129390,1,
write,write,,,video_small,polyglot,8,01-01-01-02-01-01-15_r08.mp4,5457041,0.042467,1,
write,write,,,video_small,pg_bytea,8,01-01-01-02-02-01-18_r08.mp4,5457041,0.126796,1,
write,write,,,video_small,polyglot,8,01-01-01-02-02-01-18_r08.mp4,5457041,0.049529,1,
write,write,,,video_small,mongo_gridfs,8,01-01-01-02-02-01-18_r08.mp4,5457041,0.047834,1,
write,write,,,video_small,polyglot,8,01-01-01-02-02-01-19_r08.mp4,5457041,0.044750,1,
write,write,,,video_small,mongo_gridfs,8,01-01-01-02-02-01-19_r08.mp4,5457041,0.048600,1,
write,write,,,video_small,pg_bytea,8,01-01-01-02-02-01-19_r08.mp4,5457041,0.210600,1,
write,write,,,video_small,polyglot,8,01-01-02-01-01-02-09_r08.mp4,5498397,0.047050,1,
write,write,,,video_small,mongo_gridfs,8,01-01-02-01-01-02-09_r08.mp4,5498397,0.045426,1,
write,write,,,video_small,pg_bytea,8,01-01-02-01-01-02-09_r08.mp4,5498397,0.175556,1,
write,write,,,video_small,mongo_gridfs,8,01-01-02-01-01-02-18_r08.mp4,5498397,0.048928,1,
write,write,,,video_small,pg_bytea,8,01-01-02-01-01-02-18_r08.mp4,5498397,0.131584,1,
write,write,,,video_small,polyglot,8,01-01-02-01-01-02-18_r08.mp4,5498397,0.047310,1,
write,write,,,video_small,polyglot,8,01-01-02-01-01-02-23_r08.mp4,5498397,0.046486,1,
write,write,,,video_small,pg_bytea,8,01-01-02-01-01-02-23_r08.mp4,5498397,0.128174,1,
write,write,,,video_small,mongo_gridfs,8,01-01-02-01-01-02-23_r08.mp4,5498397,0.046132,1,
write,write,,,video_small,mongo_gridfs,8,01-01-02-01-02-01-09_r08.mp4,5498397,0.044506,1,
write,write,,,video_small,polyglot,8,01-01-02-01-02-01-09_r08.mp4,5498397,0.041977,1,
write,write,,,video_small,pg_bytea,8,01-01-02-01-02-01-09_r08.mp4,5498397,0.177760,1,
write,write,,,video_small,polyglot,8,01-01-02-01-02-02-01_r08.mp4,5498397,0.044561,1,
write,write,,,video_small,mongo_gridfs,8,01-01-02-01-02-02-01_r08.mp4,5498397,0.063767,1,
write,write,,,video_small,pg_bytea,8,01-01-02-01-02-02-01_r08.mp4,5498397,1.205622,1,
write,write,,,video_small,mongo_gridfs,8,01-01-02-01-02-02-03_r08.mp4,5498397,0.045837,1,
write,write,,,video_small,pg_bytea,8,01-01-02-01-02-02-03_r08.mp4,5498397,0.127350,1,
write,write,,,video_small,polyglot,8,01-01-02-01-02-02-03_r08.mp4,5498397,0.043183,1,
write,write,,,video_small,pg_bytea,8,01-01-02-02-01-02-02_r08.mp4,5498397,0.135279,1,
write,write,,,video_small,polyglot,8,01-01-02-02-01-02-02_r08.mp4,5498397,0.045263,1,
write,write,,,video_small,mongo_gridfs,8,01-01-02-02-01-02-02_r08.mp4,5498397,0.046241,1,
write,write,,,video_small,polyglot,8,01-01-02-02-01-02-03_r08.mp4,5498397,0.040552,1,
write,write,,,video_small,mongo_gridfs,8,01-01-02-02-01-02-03_r08.mp4,5498397,0.042122,1,
write,write,,,video_small,pg_bytea,8,01-01-02-02-01-02-03_r08.mp4,5498397,0.350421,1,
write,write,,,video_small,polyglot,8,01-01-02-02-01-02-05_r08.mp4,5498397,0.044575,1,
write,write,,,video_small,mongo_gridfs,8,01-01-02-02-01-02-05_r08.mp4,5498397,0.047102,1,
write,write,,,video_small,pg_bytea,8,01-01-02-02-01-02-05_r08.mp4,5498397,0.137879,1,
write,write,,,video_small,pg_bytea,8,01-01-02-02-01-02-10_r08.mp4,5457041,0.136558,1,
write,write,,,video_small,polyglot,8,01-01-02-02-01-02-10_r08.mp4,5457041,0.044602,1,
write,write,,,video_small,mongo_gridfs,8,01-01-02-02-01-02-10_r08.mp4,5457041,0.045761,1,
write,write,,,video_small,polyglot,8,01-01-02-02-01-02-13_r08.mp4,5457041,0.042096,1,
write,write,,,video_small,mongo_gridfs,8,01-01-02-02-01-02-13_r08.mp4,5457041,0.043481,1,
write,write,,,video_small,pg_bytea,8,01-01-02-02-01-02-13_r08.mp4,5457041,0.134056,1,
write,write,,,video_small,pg_bytea,8,01-01-02-02-01-02-17_r08.mp4,5457041,0.127682,1,
write,write,,,video_small,mongo_gridfs,8,01-01-02-02-01-02-17_r08.mp4,5457041,0.044359,1,
write,write,,,video_small,polyglot,8,01-01-02-02-01-02-17_r08.mp4,5457041,0.048902,1,
write,write,,,video_small,pg_bytea,8,01-01-02-02-02-02-18_r08.mp4,5457041,0.126978,1,
write,write,,,video_small,polyglot,8,01-01-02-02-02-02-18_r08.mp4,5457041,0.046959,1,
write,write,,,video_small,mongo_gridfs,8,01-01-02-02-02-02-18_r08.mp4,5457041,0.040811,1,
write,write,,,video_small,mongo_gridfs,8,01-01-02-02-02-02-19_r08.mp4,5457041,0.046535,1,
write,write,,,video_small,polyglot,8,01-01-02-02-02-02-19_r08.mp4,5457041,0.041165,1,
write,write,,,video_small,pg_bytea,8,01-01-02-02-02-02-19_r08.mp4,5457041,0.166201,1,
write,write,,,video_small,mongo_gridfs,8,01-01-02-02-02-02-21_r08.mp4,5498397,0.045769,1,
write,write,,,video_small,polyglot,8,01-01-02-02-02-02-21_r08.mp4,5498397,0.047182,1,
write,write,,,video_small,pg_bytea,8,01-01-02-02-02-02-21_r08.mp4,5498397,0.149334,1,
write,write,,,video_small,mongo_gridfs,8,01-01-02-02-02-02-22_r08.mp4,5457041,0.054910,1,
write,write,,,video_small,pg_bytea,8,01-01-02-02-02-02-22_r08.mp4,5457041,0.135312,1,
write,write,,,video_small,polyglot,8,01-01-02-02-02-02-22_r08.mp4,5457041,0.048149,1,
write,write,,,video_small,mongo_gridfs,8,01-01-02-02-02-02-23_r08.mp4,5457041,0.039163,1,
write,write,,,video_small,pg_bytea,8,01-01-02-02-02-02-23_r08.mp4,5457041,0.120993,1,
write,write,,,video_small,polyglot,8,01-01-02-02-02-02-23_r08.mp4,5457041,0.044321,1,
write,write,,,video_small,mongo_gridfs,8,01-01-03-01-01-01-12_r08.mp4,5457041,0.038573,1,
write,write,,,video_small,pg_bytea,8,01-01-03-01-01-01-12_r08.mp4,5457041,0.124399,1,
write,write,,,video_small,polyglot,8,01-01-03-01-01-01-12_r08.mp4,5457041,0.044580,1,
write,write,,,video_small,polyglot,8,01-01-03-01-01-01-15_r08.mp4,5457041,0.042708,1,
write,write,,,video_small,pg_bytea,8,01-01-03-01-01-01-15_r08.mp4,5457041,0.124833,1,
write,write,,,video_small,mongo_gridfs,8,01-01-03-01-01-01-15_r08.mp4,5457041,0.041684,1,
write,write,,,video_small,polyglot,8,01-01-03-01-02-01-08_r08.mp4,5498397,0.047411,1,
write,write,,,video_small,mongo_gridfs,8,01-01-03-01-02-01-08_r08.mp4,5498397,0.111155,1,
write,write,,,video_small,pg_bytea,8,01-01-03-01-02-01-08_r08.mp4,5498397,0.290221,1,
write,write,,,video_small,mongo_gridfs,8,01-01-03-01-02-01-21_r08.mp4,5498397,0.046734,1,
write,write,,,video_small,polyglot,8,01-01-03-01-02-01-21_r08.mp4,5498397,0.041273,1,
write,write,,,video_small,pg_bytea,8,01-01-03-01-02-01-21_r08.mp4,5498397,0.157088,1,
write,write,,,video_small,mongo_gridfs,8,01-01-03-02-01-01-21_r08.mp4,5457041,0.041435,1,
write,write,,,video_small,polyglot,8,01-01-03-02-01-01-21_r08.mp4,5457041,0.042348,1,
write,write,,,video_small,pg_bytea,8,01-01-03-02-01-01-21_r08.mp4,5457041,0.128417,1,
write,write,,,video_small,pg_bytea,8,01-01-03-02-01-01-24_r08.mp4,5457041,1.406659,1,
write,write,,,video_small,polyglot,8,01-01-03-02-01-01-24_r08.mp4,5457041,0.045574,1,
write,write,,,video_small,mongo_gridfs,8,01-01-03-02-01-01-24_r08.mp4,5457041,0.039978,1,
write,write,,,video_small,polyglot,8,01-01-03-02-01-02-01_r08.mp4,5457041,0.044428,1,
write,write,,,video_small,pg_bytea,8,01-01-03-02-01-02-01_r08.mp4,5457041,0.143779,1,
write,write,,,video_small,mongo_gridfs,8,01-01-03-02-01-02-01_r08.mp4,5457041,0.041776,1,
write,write,,,video_small,mongo_gridfs,8,01-01-03-02-01-02-15_r08.mp4,5457041,0.048244,1,
write,write,,,video_small,pg_bytea,8,01-01-03-02-01-02-15_r08.mp4,5457041,0.126503,1,
write,write,,,video_small,polyglot,8,01-01-03-02-01-02-15_r08.mp4,5457041,0.048110,1,
write,write,,,video_small,polyglot,8,01-01-03-02-02-01-05_r08.mp4,5457041,0.040854,1,
write,write,,,video_small,mongo_gridfs,8,01-01-03-02-02-01-05_r08.mp4,5457041,0.041342,1,
write,write,,,video_small,pg_bytea,8,01-01-03-02-02-01-05_r08.mp4,5457041,0.203687,1,
write,write,,,video_small,pg_bytea,8,01-01-03-02-02-01-12_r08.mp4,5457041,0.125940,1,
write,write,,,video_small,polyglot,8,01-01-03-02-02-01-12_r08.mp4,5457041,0.049800,1,
write,write,,,video_small,mongo_gridfs,8,01-01-03-02-02-01-12_r08.mp4,5457041,0.040576,1,
write,write,,,video_small,mongo_gridfs,8,01-01-03-02-02-01-15_r08.mp4,5498397,0.041206,1,
write,write,,,video_small,polyglot,8,01-01-03-02-02-01-15_r08.mp4,5498397,0.047435,1,
write,write,,,video_small,pg_bytea,8,01-01-03-02-02-01-15_r08.mp4,5498397,0.141730,1,
write,write,,,video_small,pg_bytea,8,01-01-04-01-01-01-03_r08.mp4,5457041,0.128382,1,
write,write,,,video_small,polyglot,8,01-01-04-01-01-01-03_r08.mp4,5457041,0.046720,1,
write,write,,,video_small,mongo_gridfs,8,01-01-04-01-01-01-03_r08.mp4,5457041,0.044439,1,
write,write,,,video_small,polyglot,8,01-01-04-01-01-01-05_r08.mp4,5498397,0.043896,1,
write,write,,,video_small,mongo_gridfs,8,01-01-04-01-01-01-05_r08.mp4,5498397,0.050011,1,
write,write,,,video_small,pg_bytea,8,01-01-04-01-01-01-05_r08.mp4,5498397,0.149836,1,
write,write,,,video_small,pg_bytea,8,01-01-04-01-01-01-10_r08.mp4,5457041,0.134134,1,
write,write,,,video_small,mongo_gridfs,8,01-01-04-01-01-01-10_r08.mp4,5457041,0.044157,1,
write,write,,,video_small,polyglot,8,01-01-04-01-01-01-10_r08.mp4,5457041,0.046808,1,
write,write,,,video_small,polyglot,8,01-01-04-01-01-01-16_r08.mp4,5457041,0.041947,1,
write,write,,,video_small,mongo_gridfs,8,01-01-04-01-01-01-16_r08.mp4,5457041,0.042139,1,
write,write,,,video_small,pg_bytea,8,01-01-04-01-01-01-16_r08.mp4,5457041,0.125199,1,
write,write,,,video_small,pg_bytea,8,01-01-04-01-02-01-19_r08.mp4,5498397,0.123464,1,
write,write,,,video_small,polyglot,8,01-01-04-01-02-01-19_r08.mp4,5498397,0.046982,1,
write,write,,,video_small,mongo_gridfs,8,01-01-04-01-02-01-19_r08.mp4,5498397,0.049018,1,
write,write,,,video_small,pg_bytea,8,01-01-04-01-02-01-21_r08.mp4,5498397,1.222112,1,
write,write,,,video_small,polyglot,8,01-01-04-01-02-01-21_r08.mp4,5498397,0.046299,1,
write,write,,,video_small,mongo_gridfs,8,01-01-04-01-02-01-21_r08.mp4,5498397,0.043418,1,
write,write,,,video_small,mongo_gridfs,8,01-01-04-01-02-01-22_r08.mp4,5498397,0.045371,1,
write,write,,,video_small,pg_bytea,8,01-01-04-01-02-01-22_r08.mp4,5498397,0.138961,1,
write,write,,,video_small,polyglot,8,01-01-04-01-02-01-22_r08.mp4,5498397,0.133996,1,
write,write,,,video_small,polyglot,8,01-01-04-02-01-01-18_r08.mp4,5498397,0.043106,1,
write,write,,,video_small,mongo_gridfs,8,01-01-04-02-01-01-18_r08.mp4,5498397,0.038999,1,
write,write,,,video_small,pg_bytea,8,01-01-04-02-01-01-18_r08.mp4,5498397,0.367739,1,
write,write,,,video_small,polyglot,8,01-01-04-02-01-01-19_r08.mp4,5457041,1.831431,1,
write,write,,,video_small,pg_bytea,8,01-01-04-02-01-01-19_r08.mp4,5457041,1.088700,1,
write,write,,,video_small,mongo_gridfs,8,01-01-04-02-01-01-19_r08.mp4,5457041,0.051126,1,
write,write,,,video_small,mongo_gridfs,8,01-01-04-02-02-01-02_r08.mp4,5498397,0.047219,1,
write,write,,,video_small,pg_bytea,8,01-01-04-02-02-01-02_r08.mp4,5498397,1.359998,1,
write,write,,,video_small,polyglot,8,01-01-04-02-02-01-02_r08.mp4,5498397,0.995173,1,
write,write,,,video_small,pg_bytea,8,01-01-04-02-02-01-05_r08.mp4,5498397,0.726790,1,
write,write,,,video_small,mongo_gridfs,8,01-01-04-02-02-01-05_r08.mp4,5498397,0.042453,1,
write,write,,,video_small,polyglot,8,01-01-04-02-02-01-05_r08.mp4,5498397,0.132240,1,
write,write,,,video_small,polyglot,8,01-01-04-02-02-01-06_r08.mp4,5498397,0.502212,1,
write,write,,,video_small,pg_bytea,8,01-01-04-02-02-01-06_r08.mp4,5498397,0.142036,1,
write,write,,,video_small,mongo_gridfs,8,01-01-04-02-02-01-06_r08.mp4,5498397,0.044891,1,
write,write,,,video_small,polyglot,8,01-01-04-02-02-01-13_r08.mp4,5498397,0.052063,1,
write,write,,,video_small,mongo_gridfs,8,01-01-04-02-02-01-13_r08.mp4,5498397,0.048031,1,
write,write,,,video_small,pg_bytea,8,01-01-04-02-02-01-13_r08.mp4,5498397,0.134138,1,
write,write,,,video_small,pg_bytea,8,01-01-04-02-02-01-17_r08.mp4,5498397,0.141841,1,
write,write,,,video_small,mongo_gridfs,8,01-01-04-02-02-01-17_r08.mp4,5498397,0.045176,1,
write,write,,,video_small,polyglot,8,01-01-04-02-02-01-17_r08.mp4,5498397,0.043434,1,
write,write,,,video_small,pg_bytea,8,01-01-04-02-02-02-19_r08.mp4,5498397,0.136844,1,
write,write,,,video_small,polyglot,8,01-01-04-02-02-02-19_r08.mp4,5498397,0.053615,1,
write,write,,,video_small,mongo_gridfs,8,01-01-04-02-02-02-19_r08.mp4,5498397,0.050014,1,
write,write,,,video_small,pg_bytea,8,01-01-05-01-01-02-09_r08.mp4,5457041,0.133420,1,
write,write,,,video_small,mongo_gridfs,8,01-01-05-01-01-02-09_r08.mp4,5457041,0.046482,1,
write,write,,,video_small,polyglot,8,01-01-05-01-01-02-09_r08.mp4,5457041,0.046926,1,
write,write,,,video_small,mongo_gridfs,8,01-01-05-01-01-02-19_r08.mp4,5498397,0.044502,1,
write,write,,,video_small,polyglot,8,01-01-05-01-01-02-19_r08.mp4,5498397,0.046584,1,
write,write,,,video_small,pg_bytea,8,01-01-05-01-01-02-19_r08.mp4,5498397,0.141325,1,
write,write,,,video_small,polyglot,8,01-01-05-01-01-02-21_r08.mp4,5457041,0.044132,1,
write,write,,,video_small,pg_bytea,8,01-01-05-01-01-02-21_r08.mp4,5457041,0.132572,1,
write,write,,,video_small,mongo_gridfs,8,01-01-05-01-01-02-21_r08.mp4,5457041,0.043201,1,
write,write,,,video_small,mongo_gridfs,8,01-01-05-01-02-01-19_r08.mp4,5457041,0.042404,1,
write,write,,,video_small,pg_bytea,8,01-01-05-01-02-01-19_r08.mp4,5457041,0.138587,1,
write,write,,,video_small,polyglot,8,01-01-05-01-02-01-19_r08.mp4,5457041,0.043208,1,
write,write,,,video_small,polyglot,8,01-01-05-01-02-02-04_r08.mp4,5457041,0.063345,1,
write,write,,,video_small,mongo_gridfs,8,01-01-05-01-02-02-04_r08.mp4,5457041,0.046309,1,
write,write,,,video_small,pg_bytea,8,01-01-05-01-02-02-04_r08.mp4,5457041,0.144917,1,
write,write,,,video_small,polyglot,8,01-01-05-01-02-02-05_r08.mp4,5498397,0.046587,1,
write,write,,,video_small,pg_bytea,8,01-01-05-01-02-02-05_r08.mp4,5498397,0.134442,1,
write,write,,,video_small,mongo_gridfs,8,01-01-05-01-02-02-05_r08.mp4,5498397,0.048276,1,
write,write,,,video_small,mongo_gridfs,8,01-01-05-02-01-02-04_r08.mp4,5457041,0.043626,1,
write,write,,,video_small,pg_bytea,8,01-01-05-02-01-02-04_r08.mp4,5457041,0.151243,1,
write,write,,,video_small,polyglot,8,01-01-05-02-01-02-04_r08.mp4,5457041,0.048307,1,
write,write,,,video_small,mongo_gridfs,8,01-01-05-02-01-02-12_r08.mp4,5457041,0.045085,1,
write,write,,,video_small,polyglot,8,01-01-05-02-01-02-12_r08.mp4,5457041,0.047131,1,
write,write,,,video_small,pg_bytea,8,01-01-05-02-01-02-12_r08.mp4,5457041,0.148697,1,
write,write,,,video_small,pg_bytea,8,01-01-05-02-01-02-14_r08.mp4,5457041,0.333047,1,
write,write,,,video_small,mongo_gridfs,8,01-01-05-02-01-02-14_r08.mp4,5457041,0.054813,1,
write,write,,,video_small,polyglot,8,01-01-05-02-01-02-14_r08.mp4,5457041,0.157844,1,
write,write,,,video_small,pg_bytea,8,01-01-05-02-02-02-19_r08.mp4,5498397,0.483722,1,
write,write,,,video_small,mongo_gridfs,8,01-01-05-02-02-02-19_r08.mp4,5498397,0.046695,1,
write,write,,,video_small,polyglot,8,01-01-05-02-02-02-19_r08.mp4,5498397,0.052369,1,
write,write,,,video_small,pg_bytea,8,01-01-05-02-02-02-20_r08.mp4,5498397,0.141223,1,
write,write,,,video_small,polyglot,8,01-01-05-02-02-02-20_r08.mp4,5498397,0.043558,1,
write,write,,,video_small,mongo_gridfs,8,01-01-05-02-02-02-20_r08.mp4,5498397,0.048022,1,
write,write,,,video_small,mongo_gridfs,8,01-01-05-02-02-02-23_r08.mp4,5457041,0.047634,1,
write,write,,,video_small,polyglot,8,01-01-05-02-02-02-23_r08.mp4,5457041,0.046177,1,
write,write,,,video_small,pg_bytea,8,01-01-05-02-02-02-23_r08.mp4,5457041,0.139948,1,
write,write,,,video_small,mongo_gridfs,8,01-01-06-01-01-01-08_r08.mp4,5457041,0.041526,1,
write,write,,,video_small,pg_bytea,8,01-01-06-01-01-01-08_r08.mp4,5457041,0.136903,1,
write,write,,,video_small,polyglot,8,01-01-06-01-01-01-08_r08.mp4,5457041,0.044056,1,
write,write,,,video_small,pg_bytea,8,01-01-06-01-01-01-19_r08.mp4,5457041,0.133236,1,
write,write,,,video_small,mongo_gridfs,8,01-01-06-01-01-01-19_r08.mp4,5457041,0.052138,1,
write,write,,,video_small,polyglot,8,01-01-06-01-01-01-19_r08.mp4,5457041,0.049013,1,
write,write,,,video_small,pg_bytea,8,01-01-06-01-01-01-24_r08.mp4,5498397,0.139625,1,
write,write,,,video_small,polyglot,8,01-01-06-01-01-01-24_r08.mp4,5498397,0.049744,1,
write,write,,,video_small,mongo_gridfs,8,01-01-06-01-01-01-24_r08.mp4,5498397,0.045739,1,
write,write,,,video_medium,polyglot,8,tsinghua_v_0024_r08.mp4,13091522,0.111421,1,
write,write,,,video_medium,pg_bytea,8,tsinghua_v_0024_r08.mp4,13091522,0.374444,1,
write,write,,,video_medium,mongo_gridfs,8,tsinghua_v_0024_r08.mp4,13091522,0.099513,1,
write,write,,,video_medium,mongo_gridfs,8,tsinghua_v_0046_r08.mp4,13091522,0.141717,1,
write,write,,,video_medium,pg_bytea,8,tsinghua_v_0046_r08.mp4,13091522,0.459093,1,
write,write,,,video_medium,polyglot,8,tsinghua_v_0046_r08.mp4,13091522,0.103884,1,
write,write,,,video_medium,pg_bytea,8,tsinghua_v_0076_r08.mp4,13091522,0.307323,1,
write,write,,,video_medium,polyglot,8,tsinghua_v_0076_r08.mp4,13091522,0.092917,1,
write,write,,,video_medium,mongo_gridfs,8,tsinghua_v_0076_r08.mp4,13091522,0.096247,1,
write,write,,,video_medium,pg_bytea,8,tsinghua_v_0080_r08.mp4,13091522,0.321357,1,
write,write,,,video_medium,polyglot,8,tsinghua_v_0080_r08.mp4,13091522,0.087870,1,
write,write,,,video_medium,mongo_gridfs,8,tsinghua_v_0080_r08.mp4,13091522,0.098192,1,
write,write,,,video_medium,polyglot,8,tsinghua_v_0109_r08.mp4,13091522,0.102247,1,
write,write,,,video_medium,mongo_gridfs,8,tsinghua_v_0109_r08.mp4,13091522,0.123698,1,
write,write,,,video_medium,pg_bytea,8,tsinghua_v_0109_r08.mp4,13091522,0.309567,1,
write,write,,,video_medium,polyglot,8,tsinghua_v_0123_r08.mp4,13091522,0.100995,1,
write,write,,,video_medium,pg_bytea,8,tsinghua_v_0123_r08.mp4,13091522,0.453278,1,
write,write,,,video_medium,mongo_gridfs,8,tsinghua_v_0123_r08.mp4,13091522,0.090020,1,
write,write,,,video_medium,mongo_gridfs,8,tsinghua_v_0130_r08.mp4,13091522,0.092356,1,
write,write,,,video_medium,polyglot,8,tsinghua_v_0130_r08.mp4,13091522,0.101865,1,
write,write,,,video_medium,pg_bytea,8,tsinghua_v_0130_r08.mp4,13091522,0.390718,1,
write,write,,,video_medium,polyglot,8,tsinghua_v_0135_r08.mp4,13091522,0.099875,1,
write,write,,,video_medium,pg_bytea,8,tsinghua_v_0135_r08.mp4,13091522,0.306526,1,
write,write,,,video_medium,mongo_gridfs,8,tsinghua_v_0135_r08.mp4,13091522,0.093918,1,
write,write,,,video_medium,mongo_gridfs,8,tsinghua_v_0137_r08.mp4,13091522,0.097582,1,
write,write,,,video_medium,polyglot,8,tsinghua_v_0137_r08.mp4,13091522,0.120042,1,
write,write,,,video_medium,pg_bytea,8,tsinghua_v_0137_r08.mp4,13091522,0.301812,1,
write,write,,,video_medium,pg_bytea,8,tsinghua_v_0140_r08.mp4,13091522,0.293119,1,
write,write,,,video_medium,polyglot,8,tsinghua_v_0140_r08.mp4,13091522,0.095894,1,
write,write,,,video_medium,mongo_gridfs,8,tsinghua_v_0140_r08.mp4,13091522,0.095849,1,
write,write,,,video_medium,pg_bytea,8,tsinghua_v_0151_r08.mp4,13091522,0.296571,1,
write,write,,,video_medium,mongo_gridfs,8,tsinghua_v_0151_r08.mp4,13091522,0.094382,1,
write,write,,,video_medium,polyglot,8,tsinghua_v_0151_r08.mp4,13091522,0.096373,1,
write,write,,,video_medium,pg_bytea,8,tsinghua_v_0157_r08.mp4,13091522,0.294832,1,
write,write,,,video_medium,polyglot,8,tsinghua_v_0157_r08.mp4,13091522,0.093735,1,
write,write,,,video_medium,mongo_gridfs,8,tsinghua_v_0157_r08.mp4,13091522,0.092446,1,
write,write,,,video_medium,mongo_gridfs,8,tsinghua_v_0209_r08.mp4,13091522,0.098088,1,
write,write,,,video_medium,pg_bytea,8,tsinghua_v_0209_r08.mp4,13091522,0.756639,1,
write,write,,,video_medium,polyglot,8,tsinghua_v_0209_r08.mp4,13091522,0.090322,1,
write,write,,,video_medium,polyglot,8,tsinghua_v_0226_r08.mp4,13091522,0.091417,1,
write,write,,,video_medium,pg_bytea,8,tsinghua_v_0226_r08.mp4,13091522,0.585141,1,
write,write,,,video_medium,mongo_gridfs,8,tsinghua_v_0226_r08.mp4,13091522,0.091986,1,
write,write,,,video_medium,pg_bytea,8,tsinghua_v_0236_r08.mp4,13091522,0.299015,1,
write,write,,,video_medium,polyglot,8,tsinghua_v_0236_r08.mp4,13091522,0.097918,1,
write,write,,,video_medium,mongo_gridfs,8,tsinghua_v_0236_r08.mp4,13091522,0.099281,1,
write,write,,,video_medium,polyglot,8,tsinghua_v_0274_r08.mp4,13091522,0.346021,1,
write,write,,,video_medium,pg_bytea,8,tsinghua_v_0274_r08.mp4,13091522,1.221419,1,
write,write,,,video_medium,mongo_gridfs,8,tsinghua_v_0274_r08.mp4,13091522,0.094973,1,
write,write,,,video_medium,mongo_gridfs,8,tsinghua_v_0280_r08.mp4,13091522,0.090476,1,
write,write,,,video_medium,pg_bytea,8,tsinghua_v_0280_r08.mp4,13091522,0.379077,1,
write,write,,,video_medium,polyglot,8,tsinghua_v_0280_r08.mp4,13091522,0.096231,1,
write,write,,,video_medium,polyglot,8,tsinghua_v_0302_r08.mp4,13091522,0.091921,1,
write,write,,,video_medium,mongo_gridfs,8,tsinghua_v_0302_r08.mp4,13091522,0.094861,1,
write,write,,,video_medium,pg_bytea,8,tsinghua_v_0302_r08.mp4,13091522,0.416884,1,
write,write,,,video_medium,polyglot,8,tsinghua_v_0311_r08.mp4,13091522,0.100643,1,
write,write,,,video_medium,pg_bytea,8,tsinghua_v_0311_r08.mp4,13091522,0.305132,1,
write,write,,,video_medium,mongo_gridfs,8,tsinghua_v_0311_r08.mp4,13091522,0.093583,1,
write,write,,,video_medium,polyglot,8,tsinghua_v_0316_r08.mp4,13091522,0.086396,1,
write,write,,,video_medium,pg_bytea,8,tsinghua_v_0316_r08.mp4,13091522,0.303943,1,
write,write,,,video_medium,mongo_gridfs,8,tsinghua_v_0316_r08.mp4,13091522,0.090658,1,
write,write,,,video_medium,polyglot,8,tsinghua_v_0319_r08.mp4,13091522,0.090407,1,
write,write,,,video_medium,pg_bytea,8,tsinghua_v_0319_r08.mp4,13091522,0.308382,1,
write,write,,,video_medium,mongo_gridfs,8,tsinghua_v_0319_r08.mp4,13091522,0.097547,1,
write,write,,,video_medium,mongo_gridfs,8,tsinghua_v_0321_r08.mp4,13091522,0.099153,1,
write,write,,,video_medium,pg_bytea,8,tsinghua_v_0321_r08.mp4,13091522,0.455163,1,
write,write,,,video_medium,polyglot,8,tsinghua_v_0321_r08.mp4,13091522,0.096051,1,
write,write,,,video_medium,polyglot,8,tsinghua_v_0331_r08.mp4,13091522,0.092545,1,
write,write,,,video_medium,mongo_gridfs,8,tsinghua_v_0331_r08.mp4,13091522,0.121918,1,
write,write,,,video_medium,pg_bytea,8,tsinghua_v_0331_r08.mp4,13091522,1.948987,1,
write,write,,,video_medium,mongo_gridfs,8,tsinghua_v_0345_r08.mp4,13091522,0.101194,1,
write,write,,,video_medium,pg_bytea,8,tsinghua_v_0345_r08.mp4,13091522,0.307800,1,
write,write,,,video_medium,polyglot,8,tsinghua_v_0345_r08.mp4,13091522,0.089529,1,
write,write,,,video_medium,pg_bytea,8,tsinghua_v_0356_r08.mp4,13091522,0.301166,1,
write,write,,,video_medium,polyglot,8,tsinghua_v_0356_r08.mp4,13091522,0.105969,1,
write,write,,,video_medium,mongo_gridfs,8,tsinghua_v_0356_r08.mp4,13091522,0.091390,1,
write,write,,,video_medium,mongo_gridfs,8,tsinghua_v_0357_r08.mp4,13091522,0.097135,1,
write,write,,,video_medium,pg_bytea,8,tsinghua_v_0357_r08.mp4,13091522,1.007165,1,
write,write,,,video_medium,polyglot,8,tsinghua_v_0357_r08.mp4,13091522,0.090637,1,
write,write,,,video_medium,mongo_gridfs,8,tsinghua_v_0379_r08.mp4,13091522,0.097225,1,
write,write,,,video_medium,polyglot,8,tsinghua_v_0379_r08.mp4,13091522,0.108580,1,
write,write,,,video_medium,pg_bytea,8,tsinghua_v_0379_r08.mp4,13091522,0.335938,1,
write,write,,,video_medium,polyglot,8,tsinghua_v_0393_r08.mp4,13091522,0.094957,1,
write,write,,,video_medium,mongo_gridfs,8,tsinghua_v_0393_r08.mp4,13091522,0.098538,1,
write,write,,,video_medium,pg_bytea,8,tsinghua_v_0393_r08.mp4,13091522,0.347795,1,
write,write,,,video_medium,mongo_gridfs,8,tsinghua_v_0421_r08.mp4,13091522,0.094334,1,
write,write,,,video_medium,pg_bytea,8,tsinghua_v_0421_r08.mp4,13091522,0.314247,1,
write,write,,,video_medium,polyglot,8,tsinghua_v_0421_r08.mp4,13091522,0.096154,1,
write,write,,,video_medium,polyglot,8,tsinghua_v_0424_r08.mp4,13091522,0.100206,1,
write,write,,,video_medium,mongo_gridfs,8,tsinghua_v_0424_r08.mp4,13091522,0.093421,1,
write,write,,,video_medium,pg_bytea,8,tsinghua_v_0424_r08.mp4,13091522,0.298493,1,
write,write,,,video_medium,mongo_gridfs,8,tsinghua_v_0427_r08.mp4,13091522,0.112961,1,
write,write,,,video_medium,polyglot,8,tsinghua_v_0427_r08.mp4,13091522,0.106013,1,
write,write,,,video_medium,pg_bytea,8,tsinghua_v_0427_r08.mp4,13091522,1.564598,1,
write,write,,,video_medium,mongo_gridfs,8,tsinghua_v_0431_r08.mp4,13091522,0.095784,1,
write,write,,,video_medium,pg_bytea,8,tsinghua_v_0431_r08.mp4,13091522,0.413597,1,
write,write,,,video_medium,polyglot,8,tsinghua_v_0431_r08.mp4,13091522,0.096445,1,
write,write,,,video_medium,pg_bytea,8,tsinghua_v_0452_r08.mp4,13091522,0.296988,1,
write,write,,,video_medium,mongo_gridfs,8,tsinghua_v_0452_r08.mp4,13091522,0.100312,1,
write,write,,,video_medium,polyglot,8,tsinghua_v_0452_r08.mp4,13091522,0.110613,1,
write,write,,,video_medium,pg_bytea,8,tsinghua_v_0454_r08.mp4,13091522,0.302890,1,
write,write,,,video_medium,polyglot,8,tsinghua_v_0454_r08.mp4,13091522,0.100257,1,
write,write,,,video_medium,mongo_gridfs,8,tsinghua_v_0454_r08.mp4,13091522,0.105802,1,
write,write,,,video_medium,polyglot,8,tsinghua_v_0457_r08.mp4,13091522,0.098401,1,
write,write,,,video_medium,pg_bytea,8,tsinghua_v_0457_r08.mp4,13091522,0.354995,1,
write,write,,,video_medium,mongo_gridfs,8,tsinghua_v_0457_r08.mp4,13091522,0.127566,1,
write,write,,,video_medium,pg_bytea,8,tsinghua_v_0466_r08.mp4,13091522,0.300848,1,
write,write,,,video_medium,polyglot,8,tsinghua_v_0466_r08.mp4,13091522,0.104224,1,
write,write,,,video_medium,mongo_gridfs,8,tsinghua_v_0466_r08.mp4,13091522,0.097725,1,
write,write,,,video_medium,polyglot,8,tsinghua_v_0471_r08.mp4,13091522,0.105233,1,
write,write,,,video_medium,pg_bytea,8,tsinghua_v_0471_r08.mp4,13091522,0.306485,1,
write,write,,,video_medium,mongo_gridfs,8,tsinghua_v_0471_r08.mp4,13091522,0.098176,1,
write,write,,,video_medium,pg_bytea,8,tsinghua_v_0472_r08.mp4,13091522,1.836591,1,
write,write,,,video_medium,mongo_gridfs,8,tsinghua_v_0472_r08.mp4,13091522,0.097441,1,
write,write,,,video_medium,polyglot,8,tsinghua_v_0472_r08.mp4,13091522,0.105108,1,
write,write,,,video_medium,polyglot,8,tsinghua_v_0494_r08.mp4,13091522,0.682370,1,
write,write,,,video_medium,pg_bytea,8,tsinghua_v_0494_r08.mp4,13091522,0.333675,1,
write,write,,,video_medium,mongo_gridfs,8,tsinghua_v_0494_r08.mp4,13091522,0.095176,1,
write,write,,,video_medium,pg_bytea,8,tsinghua_v_0503_r08.mp4,13091522,0.306927,1,
write,write,,,video_medium,mongo_gridfs,8,tsinghua_v_0503_r08.mp4,13091522,0.095418,1,
write,write,,,video_medium,polyglot,8,tsinghua_v_0503_r08.mp4,13091522,0.094521,1,
write,write,,,video_medium,pg_bytea,8,tsinghua_v_0509_r08.mp4,13091522,0.344303,1,
write,write,,,video_medium,mongo_gridfs,8,tsinghua_v_0509_r08.mp4,13091522,0.095901,1,
write,write,,,video_medium,polyglot,8,tsinghua_v_0509_r08.mp4,13091522,0.100034,1,
write,write,,,video_medium,polyglot,8,tsinghua_v_0523_r08.mp4,13091522,0.136358,1,
write,write,,,video_medium,mongo_gridfs,8,tsinghua_v_0523_r08.mp4,13091522,0.099676,1,
write,write,,,video_medium,pg_bytea,8,tsinghua_v_0523_r08.mp4,13091522,0.320301,1,
write,write,,,video_medium,polyglot,8,tsinghua_v_0546_r08.mp4,13091522,0.095137,1,
write,write,,,video_medium,pg_bytea,8,tsinghua_v_0546_r08.mp4,13091522,0.364456,1,
write,write,,,video_medium,mongo_gridfs,8,tsinghua_v_0546_r08.mp4,13091522,0.100272,1,
write,write,,,video_medium,polyglot,8,tsinghua_v_0568_r08.mp4,13091522,0.094877,1,
write,write,,,video_medium,mongo_gridfs,8,tsinghua_v_0568_r08.mp4,13091522,0.121944,1,
write,write,,,video_medium,pg_bytea,8,tsinghua_v_0568_r08.mp4,13091522,1.846819,1,
write,write,,,video_medium,pg_bytea,8,tsinghua_v_0594_r08.mp4,13091522,0.317002,1,
write,write,,,video_medium,mongo_gridfs,8,tsinghua_v_0594_r08.mp4,13091522,0.092410,1,
write,write,,,video_medium,polyglot,8,tsinghua_v_0594_r08.mp4,13091522,0.100156,1,
write,write,,,video_medium,mongo_gridfs,8,tsinghua_v_0596_r08.mp4,13091522,0.091674,1,
write,write,,,video_medium,pg_bytea,8,tsinghua_v_0596_r08.mp4,13091522,0.312218,1,
write,write,,,video_medium,polyglot,8,tsinghua_v_0596_r08.mp4,13091522,0.103161,1,
write,write,,,video_medium,mongo_gridfs,8,tsinghua_v_0635_r08.mp4,13091522,0.118222,1,
write,write,,,video_medium,polyglot,8,tsinghua_v_0635_r08.mp4,13091522,0.105579,1,
write,write,,,video_medium,pg_bytea,8,tsinghua_v_0635_r08.mp4,13091522,0.341583,1,
write,write,,,video_medium,polyglot,8,tsinghua_v_0653_r08.mp4,13091522,0.103193,1,
write,write,,,video_medium,mongo_gridfs,8,tsinghua_v_0653_r08.mp4,13091522,0.107323,1,
write,write,,,video_medium,pg_bytea,8,tsinghua_v_0653_r08.mp4,13091522,0.350950,1,
write,write,,,video_medium,polyglot,8,tsinghua_v_0667_r08.mp4,13091522,0.098131,1,
write,write,,,video_medium,mongo_gridfs,8,tsinghua_v_0667_r08.mp4,13091522,0.106421,1,
write,write,,,video_medium,pg_bytea,8,tsinghua_v_0667_r08.mp4,13091522,0.645398,1,
write,write,,,video_medium,polyglot,8,tsinghua_v_0673_r08.mp4,13091522,0.094095,1,
write,write,,,video_medium,mongo_gridfs,8,tsinghua_v_0673_r08.mp4,13091522,0.187409,1,
write,write,,,video_medium,pg_bytea,8,tsinghua_v_0673_r08.mp4,13091522,0.328563,1,
write,write,,,video_medium,polyglot,8,tsinghua_v_0681_r08.mp4,13091522,0.098676,1,
write,write,,,video_medium,pg_bytea,8,tsinghua_v_0681_r08.mp4,13091522,0.324713,1,
write,write,,,video_medium,mongo_gridfs,8,tsinghua_v_0681_r08.mp4,13091522,0.099095,1,
write,write,,,video_medium,pg_bytea,8,tsinghua_v_0690_r08.mp4,13091522,0.322846,1,
write,write,,,video_medium,mongo_gridfs,8,tsinghua_v_0690_r08.mp4,13091522,0.095144,1,
write,write,,,video_medium,polyglot,8,tsinghua_v_0690_r08.mp4,13091522,0.104871,1,
write,write,,,video_medium,polyglot,8,tsinghua_v_0692_r08.mp4,13091522,0.118194,1,
write,write,,,video_medium,pg_bytea,8,tsinghua_v_0692_r08.mp4,13091522,0.312338,1,
write,write,,,video_medium,mongo_gridfs,8,tsinghua_v_0692_r08.mp4,13091522,0.122802,1,
write,write,,,video_medium,mongo_gridfs,8,tsinghua_v_0696_r08.mp4,13091522,0.093922,1,
write,write,,,video_medium,polyglot,8,tsinghua_v_0696_r08.mp4,13091522,0.105805,1,
write,write,,,video_medium,pg_bytea,8,tsinghua_v_0696_r08.mp4,13091522,0.341919,1,
write,write,,,video_medium,mongo_gridfs,8,tsinghua_v_0734_r08.mp4,13091522,0.090032,1,
write,write,,,video_medium,polyglot,8,tsinghua_v_0734_r08.mp4,13091522,0.097409,1,
write,write,,,video_medium,pg_bytea,8,tsinghua_v_0734_r08.mp4,13091522,0.355969,1,
write,write,,,video_medium,mongo_gridfs,8,tsinghua_v_0737_r08.mp4,13091522,0.092760,1,
write,write,,,video_medium,polyglot,8,tsinghua_v_0737_r08.mp4,13091522,0.380264,1,
write,write,,,video_medium,pg_bytea,8,tsinghua_v_0737_r08.mp4,13091522,0.334777,1,
write,write,,,video_medium,polyglot,8,tsinghua_v_0744_r08.mp4,13091522,0.091649,1,
write,write,,,video_medium,pg_bytea,8,tsinghua_v_0744_r08.mp4,13091522,0.316181,1,
write,write,,,video_medium,mongo_gridfs,8,tsinghua_v_0744_r08.mp4,13091522,0.114931,1,
write,write,,,video_medium,pg_bytea,8,tsinghua_v_0745_r08.mp4,13091522,0.325732,1,
write,write,,,video_medium,polyglot,8,tsinghua_v_0745_r08.mp4,13091522,0.104731,1,
write,write,,,video_medium,mongo_gridfs,8,tsinghua_v_0745_r08.mp4,13091522,0.106385,1,
write,write,,,video_medium,polyglot,8,tsinghua_v_0769_r08.mp4,13091522,0.105551,1,
write,write,,,video_medium,mongo_gridfs,8,tsinghua_v_0769_r08.mp4,13091522,0.125179,1,
write,write,,,video_medium,pg_bytea,8,tsinghua_v_0769_r08.mp4,13091522,0.319971,1,
write,write,,,video_medium,pg_bytea,8,tsinghua_v_0791_r08.mp4,13091522,0.342619,1,
write,write,,,video_medium,polyglot,8,tsinghua_v_0791_r08.mp4,13091522,0.100605,1,
write,write,,,video_medium,mongo_gridfs,8,tsinghua_v_0791_r08.mp4,13091522,0.104547,1,
write,write,,,video_medium,mongo_gridfs,8,tsinghua_v_0792_r08.mp4,13091522,0.098427,1,
write,write,,,video_medium,polyglot,8,tsinghua_v_0792_r08.mp4,13091522,0.098158,1,
write,write,,,video_medium,pg_bytea,8,tsinghua_v_0792_r08.mp4,13091522,0.342922,1,
write,write,,,video_medium,mongo_gridfs,8,tsinghua_v_0857_r08.mp4,13091522,0.100632,1,
write,write,,,video_medium,pg_bytea,8,tsinghua_v_0857_r08.mp4,13091522,0.328251,1,
write,write,,,video_medium,polyglot,8,tsinghua_v_0857_r08.mp4,13091522,0.103480,1,
write,write,,,video_medium,polyglot,8,tsinghua_v_0866_r08.mp4,13091522,0.104522,1,
write,write,,,video_medium,mongo_gridfs,8,tsinghua_v_0866_r08.mp4,13091522,0.105651,1,
write,write,,,video_medium,pg_bytea,8,tsinghua_v_0866_r08.mp4,13091522,0.315211,1,
write,write,,,video_medium,polyglot,8,tsinghua_v_0880_r08.mp4,13091522,0.104471,1,
write,write,,,video_medium,mongo_gridfs,8,tsinghua_v_0880_r08.mp4,13091522,0.104058,1,
write,write,,,video_medium,pg_bytea,8,tsinghua_v_0880_r08.mp4,13091522,1.046012,1,
write,write,,,video_medium,mongo_gridfs,8,tsinghua_v_0888_r08.mp4,13091522,0.108583,1,
write,write,,,video_medium,pg_bytea,8,tsinghua_v_0888_r08.mp4,13091522,1.295967,1,
write,write,,,video_medium,polyglot,8,tsinghua_v_0888_r08.mp4,13091522,0.096088,1,
write,write,,,video_medium,polyglot,8,tsinghua_v_0901_r08.mp4,13091522,0.096071,1,
write,write,,,video_medium,mongo_gridfs,8,tsinghua_v_0901_r08.mp4,13091522,0.103894,1,
write,write,,,video_medium,pg_bytea,8,tsinghua_v_0901_r08.mp4,13091522,0.337873,1,
write,write,,,video_medium,mongo_gridfs,8,tsinghua_v_0937_r08.mp4,13091522,0.100334,1,
write,write,,,video_medium,pg_bytea,8,tsinghua_v_0937_r08.mp4,13091522,1.165385,1,
write,write,,,video_medium,polyglot,8,tsinghua_v_0937_r08.mp4,13091522,0.102170,1,
write,write,,,video_medium,mongo_gridfs,8,tsinghua_v_0939_r08.mp4,13091522,0.515803,1,
write,write,,,video_medium,pg_bytea,8,tsinghua_v_0939_r08.mp4,13091522,1.295388,1,
write,write,,,video_medium,polyglot,8,tsinghua_v_0939_r08.mp4,13091522,0.123764,1,
write,write,,,video_medium,pg_bytea,8,tsinghua_v_0961_r08.mp4,13091522,2.622556,1,
write,write,,,video_medium,polyglot,8,tsinghua_v_0961_r08.mp4,13091522,0.509350,1,
write,write,,,video_medium,mongo_gridfs,8,tsinghua_v_0961_r08.mp4,13091522,0.107045,1,
write,write,,,video_medium,mongo_gridfs,8,tsinghua_v_0977_r08.mp4,13091522,0.103207,1,
write,write,,,video_medium,pg_bytea,8,tsinghua_v_0977_r08.mp4,13091522,1.187372,1,
write,write,,,video_medium,polyglot,8,tsinghua_v_0977_r08.mp4,13091522,0.099549,1,
write,write,,,audio_small,polyglot,9,03-01-01-01-01-02-19_r09.wav,375720,0.034060,1,
write,write,,,audio_small,mongo_gridfs,9,03-01-01-01-01-02-19_r09.wav,375720,0.004001,1,
write,write,,,audio_small,pg_bytea,9,03-01-01-01-01-02-19_r09.wav,375720,0.008215,1,
write,write,,,audio_small,mongo_gridfs,9,03-01-01-01-02-02-05_r09.wav,396294,0.005449,1,
write,write,,,audio_small,polyglot,9,03-01-01-01-02-02-05_r09.wav,396294,0.005199,1,
write,write,,,audio_small,pg_bytea,9,03-01-01-01-02-02-05_r09.wav,396294,0.009347,1,
write,write,,,audio_small,mongo_gridfs,9,03-01-01-01-02-02-06_r09.wav,363108,0.009311,1,
write,write,,,audio_small,polyglot,9,03-01-01-01-02-02-06_r09.wav,363108,0.006137,1,
write,write,,,audio_small,pg_bytea,9,03-01-01-01-02-02-06_r09.wav,363108,0.011383,1,
write,write,,,audio_small,polyglot,9,03-01-01-01-02-02-07_r09.wav,363108,0.005237,1,
write,write,,,audio_small,mongo_gridfs,9,03-01-01-01-02-02-07_r09.wav,363108,0.005439,1,
write,write,,,audio_small,pg_bytea,9,03-01-01-01-02-02-07_r09.wav,363108,0.011478,1,
write,write,,,audio_small,mongo_gridfs,9,03-01-01-01-02-02-11_r09.wav,375720,0.006396,1,
write,write,,,audio_small,polyglot,9,03-01-01-01-02-02-11_r09.wav,375720,0.005341,1,
write,write,,,audio_small,pg_bytea,9,03-01-01-01-02-02-11_r09.wav,375720,0.013003,1,
write,write,,,audio_small,polyglot,9,03-01-01-01-02-02-12_r09.wav,372698,0.005614,1,
write,write,,,audio_small,mongo_gridfs,9,03-01-01-01-02-02-12_r09.wav,372698,0.005028,1,
write,write,,,audio_small,pg_bytea,9,03-01-01-01-02-02-12_r09.wav,372698,0.011116,1,
write,write,,,audio_small,pg_bytea,9,03-01-01-01-02-02-13_r09.wav,363108,0.008766,1,
write,write,,,audio_small,polyglot,9,03-01-01-01-02-02-13_r09.wav,363108,0.005107,1,
write,write,,,audio_small,mongo_gridfs,9,03-01-01-01-02-02-13_r09.wav,363108,0.004669,1,
write,write,,,audio_small,polyglot,9,03-01-01-02-01-02-05_r09.wav,393086,0.005313,1,
write,write,,,audio_small,mongo_gridfs,9,03-01-01-02-01-02-05_r09.wav,393086,0.004445,1,
write,write,,,audio_small,pg_bytea,9,03-01-01-02-01-02-05_r09.wav,393086,0.008668,1,
write,write,,,audio_small,mongo_gridfs,9,03-01-01-02-01-02-06_r09.wav,363108,0.006260,1,
write,write,,,audio_small,polyglot,9,03-01-01-02-01-02-06_r09.wav,363108,0.004901,1,
write,write,,,audio_small,pg_bytea,9,03-01-01-02-01-02-06_r09.wav,363108,0.009764,1,
write,write,,,audio_small,pg_bytea,9,03-01-01-02-01-02-07_r09.wav,372698,0.010079,1,
write,write,,,audio_small,polyglot,9,03-01-01-02-01-02-07_r09.wav,372698,0.007013,1,
write,write,,,audio_small,mongo_gridfs,9,03-01-01-02-01-02-07_r09.wav,372698,0.004185,1,
write,write,,,audio_small,polyglot,9,03-01-01-02-01-02-13_r09.wav,399494,0.005139,1,
write,write,,,audio_small,mongo_gridfs,9,03-01-01-02-01-02-13_r09.wav,399494,0.004411,1,
write,write,,,audio_small,pg_bytea,9,03-01-01-02-01-02-13_r09.wav,399494,0.013304,1,
write,write,,,audio_small,pg_bytea,9,03-01-01-02-02-02-19_r09.wav,372698,0.011236,1,
write,write,,,audio_small,polyglot,9,03-01-01-02-02-02-19_r09.wav,372698,0.005260,1,
write,write,,,audio_small,mongo_gridfs,9,03-01-01-02-02-02-19_r09.wav,372698,0.004590,1,
write,write,,,audio_small,mongo_gridfs,9,03-01-02-01-01-01-19_r09.wav,372698,0.004639,1,
write,write,,,audio_small,polyglot,9,03-01-02-01-01-01-19_r09.wav,372698,0.005790,1,
write,write,,,audio_small,pg_bytea,9,03-01-02-01-01-01-19_r09.wav,372698,0.010320,1,
write,write,,,audio_small,pg_bytea,9,03-01-02-01-02-01-06_r09.wav,363108,0.011360,1,
write,write,,,audio_small,polyglot,9,03-01-02-01-02-01-06_r09.wav,363108,0.006450,1,
write,write,,,audio_small,mongo_gridfs,9,03-01-02-01-02-01-06_r09.wav,363108,0.004988,1,
write,write,,,audio_small,mongo_gridfs,9,03-01-02-01-02-01-07_r09.wav,399494,0.005659,1,
write,write,,,audio_small,polyglot,9,03-01-02-01-02-01-07_r09.wav,399494,0.006057,1,
write,write,,,audio_small,pg_bytea,9,03-01-02-01-02-01-07_r09.wav,399494,0.013620,1,
write,write,,,audio_small,mongo_gridfs,9,03-01-02-01-02-01-11_r09.wav,375720,0.006704,1,
write,write,,,audio_small,polyglot,9,03-01-02-01-02-01-11_r09.wav,375720,0.006718,1,
write,write,,,audio_small,pg_bytea,9,03-01-02-01-02-01-11_r09.wav,375720,0.008949,1,
write,write,,,audio_small,mongo_gridfs,9,03-01-02-01-02-01-12_r09.wav,372698,0.004862,1,
write,write,,,audio_small,polyglot,9,03-01-02-01-02-01-12_r09.wav,372698,0.006472,1,
write,write,,,audio_small,pg_bytea,9,03-01-02-01-02-01-12_r09.wav,372698,0.010423,1,
write,write,,,audio_small,polyglot,9,03-01-02-01-02-01-13_r09.wav,379106,0.005799,1,
write,write,,,audio_small,pg_bytea,9,03-01-02-01-02-01-13_r09.wav,379106,0.009915,1,
write,write,,,audio_small,mongo_gridfs,9,03-01-02-01-02-01-13_r09.wav,379106,0.007594,1,
write,write,,,audio_small,polyglot,9,03-01-02-02-01-01-05_r09.wav,363108,0.005814,1,
write,write,,,audio_small,pg_bytea,9,03-01-02-02-01-01-05_r09.wav,363108,0.008877,1,
write,write,,,audio_small,mongo_gridfs,9,03-01-02-02-01-01-05_r09.wav,363108,0.006358,1,
write,write,,,audio_small,pg_bytea,9,03-01-02-02-01-01-11_r09.wav,363108,0.008846,1,
write,write,,,audio_small,polyglot,9,03-01-02-02-01-01-11_r09.wav,363108,0.007191,1,
write,write,,,audio_small,mongo_gridfs,9,03-01-02-02-01-01-11_r09.wav,363108,0.004696,1,
write,write,,,audio_small,pg_bytea,9,03-01-02-02-01-01-12_r09.wav,399494,0.009575,1,
write,write,,,audio_small,polyglot,9,03-01-02-02-01-01-12_r09.wav,399494,0.006548,1,
write,write,,,audio_small,mongo_gridfs,9,03-01-02-02-01-01-12_r09.wav,399494,0.010061,1,
write,write,,,audio_small,pg_bytea,9,03-01-02-02-01-01-13_r09.wav,399494,0.009702,1,
write,write,,,audio_small,mongo_gridfs,9,03-01-02-02-01-01-13_r09.wav,399494,0.006123,1,
write,write,,,audio_small,polyglot,9,03-01-02-02-01-01-13_r09.wav,399494,0.006483,1,
write,write,,,audio_small,mongo_gridfs,9,03-01-02-02-02-01-19_r09.wav,379106,0.005203,1,
write,write,,,audio_small,polyglot,9,03-01-02-02-02-01-19_r09.wav,379106,0.006915,1,
write,write,,,audio_small,pg_bytea,9,03-01-02-02-02-01-19_r09.wav,379106,0.012711,1,
write,write,,,audio_small,pg_bytea,9,03-01-03-01-01-02-05_r09.wav,396294,0.011702,1,
write,write,,,audio_small,polyglot,9,03-01-03-01-01-02-05_r09.wav,396294,0.007187,1,
write,write,,,audio_small,mongo_gridfs,9,03-01-03-01-01-02-05_r09.wav,396294,0.007033,1,
write,write,,,audio_small,mongo_gridfs,9,03-01-03-01-01-02-07_r09.wav,393086,0.006173,1,
write,write,,,audio_small,pg_bytea,9,03-01-03-01-01-02-07_r09.wav,393086,0.009832,1,
write,write,,,audio_small,polyglot,9,03-01-03-01-01-02-07_r09.wav,393086,0.007294,1,
write,write,,,audio_small,polyglot,9,03-01-03-01-01-02-12_r09.wav,399494,0.005254,1,
write,write,,,audio_small,mongo_gridfs,9,03-01-03-01-01-02-12_r09.wav,399494,0.006632,1,
write,write,,,audio_small,pg_bytea,9,03-01-03-01-01-02-12_r09.wav,399494,0.009714,1,
write,write,,,audio_small,mongo_gridfs,9,03-01-03-01-01-02-13_r09.wav,399494,0.006016,1,
write,write,,,audio_small,pg_bytea,9,03-01-03-01-01-02-13_r09.wav,399494,0.009884,1,
write,write,,,audio_small,polyglot,9,03-01-03-01-01-02-13_r09.wav,399494,0.008815,1,
write,write,,,audio_small,mongo_gridfs,9,03-01-03-01-02-02-18_r09.wav,393086,0.007953,1,
write,write,,,audio_small,polyglot,9,03-01-03-01-02-02-18_r09.wav,393086,0.008557,1,
write,write,,,audio_small,pg_bytea,9,03-01-03-01-02-02-18_r09.wav,393086,0.013672,1,
write,write,,,audio_small,pg_bytea,9,03-01-03-01-02-02-19_r09.wav,399494,0.009315,1,
write,write,,,audio_small,polyglot,9,03-01-03-01-02-02-19_r09.wav,399494,0.007060,1,
write,write,,,audio_small,mongo_gridfs,9,03-01-03-01-02-02-19_r09.wav,399494,0.006280,1,
write,write,,,audio_small,polyglot,9,03-01-03-02-01-02-18_r09.wav,396294,0.005400,1,
write,write,,,audio_small,mongo_gridfs,9,03-01-03-02-01-02-18_r09.wav,396294,0.005603,1,
write,write,,,audio_small,pg_bytea,9,03-01-03-02-01-02-18_r09.wav,396294,0.010176,1,
write,write,,,audio_small,mongo_gridfs,9,03-01-03-02-01-02-19_r09.wav,372698,0.006361,1,
write,write,,,audio_small,polyglot,9,03-01-03-02-01-02-19_r09.wav,372698,0.005391,1,
write,write,,,audio_small,pg_bytea,9,03-01-03-02-01-02-19_r09.wav,372698,0.008893,1,
write,write,,,audio_small,pg_bytea,9,03-01-03-02-02-02-04_r09.wav,379106,0.009640,1,
write,write,,,audio_small,polyglot,9,03-01-03-02-02-02-04_r09.wav,379106,0.006490,1,
write,write,,,audio_small,mongo_gridfs,9,03-01-03-02-02-02-04_r09.wav,379106,0.004878,1,
write,write,,,audio_small,polyglot,9,03-01-03-02-02-02-06_r09.wav,399494,0.005453,1,
write,write,,,audio_small,pg_bytea,9,03-01-03-02-02-02-06_r09.wav,399494,0.009799,1,
write,write,,,audio_small,mongo_gridfs,9,03-01-03-02-02-02-06_r09.wav,399494,0.007262,1,
write,write,,,audio_small,polyglot,9,03-01-03-02-02-02-07_r09.wav,393086,0.005770,1,
write,write,,,audio_small,pg_bytea,9,03-01-03-02-02-02-07_r09.wav,393086,0.010964,1,
write,write,,,audio_small,mongo_gridfs,9,03-01-03-02-02-02-07_r09.wav,393086,0.006677,1,
write,write,,,audio_small,mongo_gridfs,9,03-01-03-02-02-02-10_r09.wav,375720,0.007607,1,
write,write,,,audio_small,pg_bytea,9,03-01-03-02-02-02-10_r09.wav,375720,0.009171,1,
write,write,,,audio_small,polyglot,9,03-01-03-02-02-02-10_r09.wav,375720,0.007457,1,
write,write,,,audio_small,polyglot,9,03-01-03-02-02-02-11_r09.wav,396294,0.005334,1,
write,write,,,audio_small,pg_bytea,9,03-01-03-02-02-02-11_r09.wav,396294,0.009108,1,
write,write,,,audio_small,mongo_gridfs,9,03-01-03-02-02-02-11_r09.wav,396294,0.005528,1,
write,write,,,audio_small,mongo_gridfs,9,03-01-03-02-02-02-13_r09.wav,399494,0.005593,1,
write,write,,,audio_small,polyglot,9,03-01-03-02-02-02-13_r09.wav,399494,0.006186,1,
write,write,,,audio_small,pg_bytea,9,03-01-03-02-02-02-13_r09.wav,399494,0.009754,1,
write,write,,,audio_small,pg_bytea,9,03-01-04-01-01-02-01_r09.wav,396294,0.010196,1,
write,write,,,audio_small,mongo_gridfs,9,03-01-04-01-01-02-01_r09.wav,396294,0.005654,1,
write,write,,,audio_small,polyglot,9,03-01-04-01-01-02-01_r09.wav,396294,0.005142,1,
write,write,,,audio_small,polyglot,9,03-01-04-01-01-02-02_r09.wav,379106,0.006206,1,
write,write,,,audio_small,pg_bytea,9,03-01-04-01-01-02-02_r09.wav,379106,0.009878,1,
write,write,,,audio_small,mongo_gridfs,9,03-01-04-01-01-02-02_r09.wav,379106,0.005666,1,
write,write,,,audio_small,mongo_gridfs,9,03-01-04-01-01-02-16_r09.wav,379106,0.011529,1,
write,write,,,audio_small,polyglot,9,03-01-04-01-01-02-16_r09.wav,379106,0.005784,1,
write,write,,,audio_small,pg_bytea,9,03-01-04-01-01-02-16_r09.wav,379106,0.010614,1,
write,write,,,audio_small,pg_bytea,9,03-01-04-01-02-02-08_r09.wav,372698,0.009540,1,
write,write,,,audio_small,polyglot,9,03-01-04-01-02-02-08_r09.wav,372698,0.006990,1,
write,write,,,audio_small,mongo_gridfs,9,03-01-04-01-02-02-08_r09.wav,372698,0.005753,1,
write,write,,,audio_small,polyglot,9,03-01-04-01-02-02-09_r09.wav,363108,0.005600,1,
write,write,,,audio_small,pg_bytea,9,03-01-04-01-02-02-09_r09.wav,363108,0.009607,1,
write,write,,,audio_small,mongo_gridfs,9,03-01-04-01-02-02-09_r09.wav,363108,0.005592,1,
write,write,,,audio_small,mongo_gridfs,9,03-01-04-01-02-02-20_r09.wav,396294,0.004679,1,
write,write,,,audio_small,polyglot,9,03-01-04-01-02-02-20_r09.wav,396294,0.006852,1,
write,write,,,audio_small,pg_bytea,9,03-01-04-01-02-02-20_r09.wav,396294,0.010564,1,
write,write,,,audio_small,mongo_gridfs,9,03-01-04-01-02-02-21_r09.wav,363108,0.005340,1,
write,write,,,audio_small,polyglot,9,03-01-04-01-02-02-21_r09.wav,363108,0.005623,1,
write,write,,,audio_small,pg_bytea,9,03-01-04-01-02-02-21_r09.wav,363108,0.009716,1,
write,write,,,audio_small,pg_bytea,9,03-01-04-01-02-02-22_r09.wav,372698,0.010050,1,
write,write,,,audio_small,mongo_gridfs,9,03-01-04-01-02-02-22_r09.wav,372698,0.008322,1,
write,write,,,audio_small,polyglot,9,03-01-04-01-02-02-22_r09.wav,372698,0.006215,1,
write,write,,,audio_small,mongo_gridfs,9,03-01-04-01-02-02-23_r09.wav,363108,0.004608,1,
write,write,,,audio_small,polyglot,9,03-01-04-01-02-02-23_r09.wav,363108,0.005934,1,
write,write,,,audio_small,pg_bytea,9,03-01-04-01-02-02-23_r09.wav,363108,0.010528,1,
write,write,,,audio_small,mongo_gridfs,9,03-01-04-02-01-02-09_r09.wav,379106,0.006913,1,
write,write,,,audio_small,pg_bytea,9,03-01-04-02-01-02-09_r09.wav,379106,0.009697,1,
write,write,,,audio_small,polyglot,9,03-01-04-02-01-02-09_r09.wav,379106,0.006320,1,
write,write,,,audio_small,mongo_gridfs,9,03-01-04-02-01-02-20_r09.wav,379106,0.004979,1,
write,write,,,audio_small,pg_bytea,9,03-01-04-02-01-02-20_r09.wav,379106,0.009990,1,
write,write,,,audio_small,polyglot,9,03-01-04-02-01-02-20_r09.wav,379106,0.006078,1,
write,write,,,audio_small,mongo_gridfs,9,03-01-04-02-01-02-21_r09.wav,393086,0.004762,1,
write,write,,,audio_small,pg_bytea,9,03-01-04-02-01-02-21_r09.wav,393086,0.011235,1,
write,write,,,audio_small,polyglot,9,03-01-04-02-01-02-21_r09.wav,393086,0.007002,1,
write,write,,,audio_small,pg_bytea,9,03-01-04-02-01-02-22_r09.wav,379106,0.010435,1,
write,write,,,audio_small,mongo_gridfs,9,03-01-04-02-01-02-22_r09.wav,379106,0.006412,1,
write,write,,,audio_small,polyglot,9,03-01-04-02-01-02-22_r09.wav,379106,0.008148,1,
write,write,,,audio_small,polyglot,9,03-01-04-02-02-02-14_r09.wav,375720,0.005633,1,
write,write,,,audio_small,pg_bytea,9,03-01-04-02-02-02-14_r09.wav,375720,0.009331,1,
write,write,,,audio_small,mongo_gridfs,9,03-01-04-02-02-02-14_r09.wav,375720,0.005536,1,
write,write,,,audio_small,pg_bytea,9,03-01-04-02-02-02-15_r09.wav,379106,0.009733,1,
write,write,,,audio_small,mongo_gridfs,9,03-01-04-02-02-02-15_r09.wav,379106,0.005089,1,
write,write,,,audio_small,polyglot,9,03-01-04-02-02-02-15_r09.wav,379106,0.005144,1,
write,write,,,audio_small,pg_bytea,9,03-01-04-02-02-02-16_r09.wav,375720,0.010738,1,
write,write,,,audio_small,mongo_gridfs,9,03-01-04-02-02-02-16_r09.wav,375720,0.008150,1,
write,write,,,audio_small,polyglot,9,03-01-04-02-02-02-16_r09.wav,375720,0.005851,1,
write,write,,,audio_small,mongo_gridfs,9,03-01-04-02-02-02-17_r09.wav,363108,0.004858,1,
write,write,,,audio_small,pg_bytea,9,03-01-04-02-02-02-17_r09.wav,363108,0.010753,1,
write,write,,,audio_small,polyglot,9,03-01-04-02-02-02-17_r09.wav,363108,0.005948,1,
write,write,,,audio_small,pg_bytea,9,03-01-05-01-01-01-09_r09.wav,393086,0.009608,1,
write,write,,,audio_small,polyglot,9,03-01-05-01-01-01-09_r09.wav,393086,0.006815,1,
write,write,,,audio_small,mongo_gridfs,9,03-01-05-01-01-01-09_r09.wav,393086,0.006964,1,
write,write,,,audio_small,pg_bytea,9,03-01-05-01-01-01-22_r09.wav,393086,0.010385,1,
write,write,,,audio_small,polyglot,9,03-01-05-01-01-01-22_r09.wav,393086,0.007903,1,
write,write,,,audio_small,mongo_gridfs,9,03-01-05-01-01-01-22_r09.wav,393086,0.005602,1,
write,write,,,audio_small,pg_bytea,9,03-01-05-01-02-01-02_r09.wav,372698,0.009833,1,
write,write,,,audio_small,polyglot,9,03-01-05-01-02-01-02_r09.wav,372698,0.005460,1,
write,write,,,audio_small,mongo_gridfs,9,03-01-05-01-02-01-02_r09.wav,372698,0.005273,1,
write,write,,,audio_small,polyglot,9,03-01-05-01-02-01-03_r09.wav,396294,0.005221,1,
write,write,,,audio_small,pg_bytea,9,03-01-05-01-02-01-03_r09.wav,396294,0.015731,1,
write,write,,,audio_small,mongo_gridfs,9,03-01-05-01-02-01-03_r09.wav,396294,0.005821,1,
write,write,,,audio_small,pg_bytea,9,03-01-05-01-02-01-15_r09.wav,363108,0.009833,1,
write,write,,,audio_small,mongo_gridfs,9,03-01-05-01-02-01-15_r09.wav,363108,0.006213,1,
write,write,,,audio_small,polyglot,9,03-01-05-01-02-01-15_r09.wav,363108,0.005459,1,
write,write,,,audio_small,mongo_gridfs,9,03-01-05-01-02-01-16_r09.wav,372698,0.005939,1,
write,write,,,audio_small,pg_bytea,9,03-01-05-01-02-01-16_r09.wav,372698,0.011760,1,
write,write,,,audio_small,polyglot,9,03-01-05-01-02-01-16_r09.wav,372698,0.006268,1,
write,write,,,audio_small,pg_bytea,9,03-01-05-01-02-01-17_r09.wav,393086,0.010775,1,
write,write,,,audio_small,polyglot,9,03-01-05-01-02-01-17_r09.wav,393086,0.007476,1,
write,write,,,audio_small,mongo_gridfs,9,03-01-05-01-02-01-17_r09.wav,393086,0.006032,1,
write,write,,,audio_small,pg_bytea,9,03-01-05-02-01-01-01_r09.wav,372698,0.010568,1,
write,write,,,audio_small,mongo_gridfs,9,03-01-05-02-01-01-01_r09.wav,372698,0.005177,1,
write,write,,,audio_small,polyglot,9,03-01-05-02-01-01-01_r09.wav,372698,0.006292,1,
write,write,,,audio_small,mongo_gridfs,9,03-01-05-02-01-01-02_r09.wav,375720,0.004723,1,
write,write,,,audio_small,polyglot,9,03-01-05-02-01-01-02_r09.wav,375720,0.004782,1,
write,write,,,audio_small,pg_bytea,9,03-01-05-02-01-01-02_r09.wav,375720,0.008746,1,
write,write,,,audio_small,pg_bytea,9,03-01-05-02-01-01-03_r09.wav,372698,0.009057,1,
write,write,,,audio_small,polyglot,9,03-01-05-02-01-01-03_r09.wav,372698,0.006876,1,
write,write,,,audio_small,mongo_gridfs,9,03-01-05-02-01-01-03_r09.wav,372698,0.004640,1,
write,write,,,audio_small,mongo_gridfs,9,03-01-05-02-01-01-15_r09.wav,396294,0.004984,1,
write,write,,,audio_small,polyglot,9,03-01-05-02-01-01-15_r09.wav,396294,0.005413,1,
write,write,,,audio_small,pg_bytea,9,03-01-05-02-01-01-15_r09.wav,396294,0.009904,1,
write,write,,,audio_small,mongo_gridfs,9,03-01-05-02-01-01-16_r09.wav,399494,0.005542,1,
write,write,,,audio_small,polyglot,9,03-01-05-02-01-01-16_r09.wav,399494,0.005368,1,
write,write,,,audio_small,pg_bytea,9,03-01-05-02-01-01-16_r09.wav,399494,0.009964,1,
write,write,,,audio_small,mongo_gridfs,9,03-01-05-02-01-01-17_r09.wav,363108,0.005672,1,
write,write,,,audio_small,polyglot,9,03-01-05-02-01-01-17_r09.wav,363108,0.006874,1,
write,write,,,audio_small,pg_bytea,9,03-01-05-02-01-01-17_r09.wav,363108,0.009063,1,
write,write,,,audio_small,pg_bytea,9,03-01-05-02-02-01-09_r09.wav,396294,0.010146,1,
write,write,,,audio_small,polyglot,9,03-01-05-02-02-01-09_r09.wav,396294,0.006408,1,
write,write,,,audio_small,mongo_gridfs,9,03-01-05-02-02-01-09_r09.wav,396294,0.005243,1,
write,write,,,audio_small,polyglot,9,03-01-05-02-02-01-21_r09.wav,375720,0.006714,1,
write,write,,,audio_small,pg_bytea,9,03-01-05-02-02-01-21_r09.wav,375720,0.010030,1,
write,write,,,audio_small,mongo_gridfs,9,03-01-05-02-02-01-21_r09.wav,375720,0.005855,1,
write,write,,,audio_small,polyglot,9,03-01-05-02-02-01-22_r09.wav,379106,0.006116,1,
write,write,,,audio_small,pg_bytea,9,03-01-05-02-02-01-22_r09.wav,379106,0.011461,1,
write,write,,,audio_small,mongo_gridfs,9,03-01-05-02-02-01-22_r09.wav,379106,0.005479,1,
write,write,,,audio_medium,mongo_gridfs,9,03-02-01-01-01-02-22_r09.wav,526650,0.006495,1,
write,write,,,audio_medium,polyglot,9,03-02-01-01-01-02-22_r09.wav,526650,0.006680,1,
write,write,,,audio_medium,pg_bytea,9,03-02-01-01-01-02-22_r09.wav,526650,0.015316,1,
write,write,,,audio_medium,pg_bytea,9,03-02-01-01-01-02-23_r09.wav,539464,0.013000,1,
write,write,,,audio_medium,mongo_gridfs,9,03-02-01-01-01-02-23_r09.wav,539464,0.008255,1,
write,write,,,audio_medium,polyglot,9,03-02-01-01-01-02-23_r09.wav,539464,0.007933,1,
write,write,,,audio_medium,pg_bytea,9,03-02-01-01-02-02-02_r09.wav,539464,0.017926,1,
write,write,,,audio_medium,mongo_gridfs,9,03-02-01-01-02-02-02_r09.wav,539464,0.007624,1,
write,write,,,audio_medium,polyglot,9,03-02-01-01-02-02-02_r09.wav,539464,0.068823,1,
write,write,,,audio_medium,polyglot,9,03-02-01-01-02-02-03_r09.wav,520242,0.008498,1,
write,write,,,audio_medium,mongo_gridfs,9,03-02-01-01-02-02-03_r09.wav,520242,0.007682,1,
write,write,,,audio_medium,pg_bytea,9,03-02-01-01-02-02-03_r09.wav,520242,0.014631,1,
write,write,,,audio_medium,pg_bytea,9,03-02-01-01-02-02-16_r09.wav,539464,0.023514,1,
write,write,,,audio_medium,polyglot,9,03-02-01-01-02-02-16_r09.wav,539464,0.007529,1,
write,write,,,audio_medium,mongo_gridfs,9,03-02-01-01-02-02-16_r09.wav,539464,0.007433,1,
write,write,,,audio_medium,mongo_gridfs,9,03-02-01-01-02-02-17_r09.wav,561888,0.006839,1,
write,write,,,audio_medium,pg_bytea,9,03-02-01-01-02-02-17_r09.wav,561888,0.014686,1,
write,write,,,audio_medium,polyglot,9,03-02-01-01-02-02-17_r09.wav,561888,0.007801,1,
write,write,,,audio_medium,mongo_gridfs,9,03-02-01-02-01-02-01_r09.wav,533056,0.006390,1,
write,write,,,audio_medium,pg_bytea,9,03-02-01-02-01-02-01_r09.wav,533056,0.013436,1,
write,write,,,audio_medium,polyglot,9,03-02-01-02-01-02-01_r09.wav,533056,0.007390,1,
write,write,,,audio_medium,mongo_gridfs,9,03-02-01-02-01-02-02_r09.wav,523448,0.006117,1,
write,write,,,audio_medium,pg_bytea,9,03-02-01-02-01-02-02_r09.wav,523448,0.012842,1,
write,write,,,audio_medium,polyglot,9,03-02-01-02-01-02-02_r09.wav,523448,0.008051,1,
write,write,,,audio_medium,polyglot,9,03-02-01-02-01-02-03_r09.wav,533056,0.008974,1,
write,write,,,audio_medium,mongo_gridfs,9,03-02-01-02-01-02-03_r09.wav,533056,0.006274,1,
write,write,,,audio_medium,pg_bytea,9,03-02-01-02-01-02-03_r09.wav,533056,0.015627,1,
write,write,,,audio_medium,mongo_gridfs,9,03-02-01-02-01-02-15_r09.wav,561882,0.007288,1,
write,write,,,audio_medium,pg_bytea,9,03-02-01-02-01-02-15_r09.wav,561882,0.016673,1,
write,write,,,audio_medium,polyglot,9,03-02-01-02-01-02-15_r09.wav,561882,0.008788,1,
write,write,,,audio_medium,polyglot,9,03-02-01-02-01-02-16_r09.wav,526650,0.008373,1,
write,write,,,audio_medium,mongo_gridfs,9,03-02-01-02-01-02-16_r09.wav,526650,0.006773,1,
write,write,,,audio_medium,pg_bytea,9,03-02-01-02-01-02-16_r09.wav,526650,0.013810,1,
write,write,,,audio_medium,pg_bytea,9,03-02-01-02-01-02-17_r09.wav,533056,0.013834,1,
write,write,,,audio_medium,polyglot,9,03-02-01-02-01-02-17_r09.wav,533056,0.008821,1,
write,write,,,audio_medium,mongo_gridfs,9,03-02-01-02-01-02-17_r09.wav,533056,0.006228,1,
write,write,,,audio_medium,pg_bytea,9,03-02-01-02-02-02-22_r09.wav,520242,0.014797,1,
write,write,,,audio_medium,mongo_gridfs,9,03-02-01-02-02-02-22_r09.wav,520242,0.007474,1,
write,write,,,audio_medium,polyglot,9,03-02-01-02-02-02-22_r09.wav,520242,0.007282,1,
write,write,,,audio_medium,polyglot,9,03-02-01-02-02-02-23_r09.wav,520242,0.006601,1,
write,write,,,audio_medium,pg_bytea,9,03-02-01-02-02-02-23_r09.wav,520242,0.014265,1,
write,write,,,audio_medium,mongo_gridfs,9,03-02-01-02-02-02-23_r09.wav,520242,0.007914,1,
write,write,,,audio_medium,mongo_gridfs,9,03-02-02-01-01-01-22_r09.wav,523448,0.006803,1,
write,write,,,audio_medium,pg_bytea,9,03-02-02-01-01-01-22_r09.wav,523448,0.015385,1,
write,write,,,audio_medium,polyglot,9,03-02-02-01-01-01-22_r09.wav,523448,0.007203,1,
write,write,,,audio_medium,polyglot,9,03-02-02-01-01-01-23_r09.wav,561888,0.006528,1,
write,write,,,audio_medium,mongo_gridfs,9,03-02-02-01-01-01-23_r09.wav,561888,0.007494,1,
write,write,,,audio_medium,pg_bytea,9,03-02-02-01-01-01-23_r09.wav,561888,0.014217,1,
write,write,,,audio_medium,polyglot,9,03-02-02-01-02-01-01_r09.wav,520242,0.007942,1,
write,write,,,audio_medium,pg_bytea,9,03-02-02-01-02-01-01_r09.wav,520242,0.013894,1,
write,write,,,audio_medium,mongo_gridfs,9,03-02-02-01-02-01-01_r09.wav,520242,0.008818,1,
write,write,,,audio_medium,pg_bytea,9,03-02-02-01-02-01-02_r09.wav,539464,0.019778,1,
write,write,,,audio_medium,polyglot,9,03-02-02-01-02-01-02_r09.wav,539464,0.009241,1,
write,write,,,audio_medium,mongo_gridfs,9,03-02-02-01-02-01-02_r09.wav,539464,0.006147,1,
write,write,,,audio_medium,polyglot,9,03-02-02-01-02-01-03_r09.wav,533056,0.006736,1,
write,write,,,audio_medium,mongo_gridfs,9,03-02-02-01-02-01-03_r09.wav,533056,0.006457,1,
write,write,,,audio_medium,pg_bytea,9,03-02-02-01-02-01-03_r09.wav,533056,0.013427,1,
write,write,,,audio_medium,pg_bytea,9,03-02-02-01-02-01-16_r09.wav,561882,0.015031,1,
write,write,,,audio_medium,polyglot,9,03-02-02-01-02-01-16_r09.wav,561882,0.009010,1,
write,write,,,audio_medium,mongo_gridfs,9,03-02-02-01-02-01-16_r09.wav,561882,0.006964,1,
write,write,,,audio_medium,pg_bytea,9,03-02-02-02-01-01-01_r09.wav,539464,0.013992,1,
write,write,,,audio_medium,polyglot,9,03-02-02-02-01-01-01_r09.wav,539464,0.009790,1,
write,write,,,audio_medium,mongo_gridfs,9,03-02-02-02-01-01-01_r09.wav,539464,0.007734,1,
write,write,,,audio_medium,mongo_gridfs,9,03-02-02-02-01-01-02_r09.wav,526650,0.006080,1,
write,write,,,audio_medium,pg_bytea,9,03-02-02-02-01-01-02_r09.wav,526650,0.013283,1,
write,write,,,audio_medium,polyglot,9,03-02-02-02-01-01-02_r09.wav,526650,0.009017,1,
write,write,,,audio_medium,pg_bytea,9,03-02-02-02-01-01-15_r09.wav,539464,0.014414,1,
write,write,,,audio_medium,polyglot,9,03-02-02-02-01-01-15_r09.wav,539464,0.008854,1,
write,write,,,audio_medium,mongo_gridfs,9,03-02-02-02-01-01-15_r09.wav,539464,0.008055,1,
write,write,,,audio_medium,mongo_gridfs,9,03-02-02-02-01-01-16_r09.wav,520242,0.006310,1,
write,write,,,audio_medium,polyglot,9,03-02-02-02-01-01-16_r09.wav,520242,0.007064,1,
write,write,,,audio_medium,pg_bytea,9,03-02-02-02-01-01-16_r09.wav,520242,0.012110,1,
write,write,,,audio_medium,mongo_gridfs,9,03-02-02-02-01-01-17_r09.wav,539464,0.006660,1,
write,write,,,audio_medium,polyglot,9,03-02-02-02-01-01-17_r09.wav,539464,0.005829,1,
write,write,,,audio_medium,pg_bytea,9,03-02-02-02-01-01-17_r09.wav,539464,0.012391,1,
write,write,,,audio_medium,pg_bytea,9,03-02-02-02-02-01-22_r09.wav,539464,0.013459,1,
write,write,,,audio_medium,polyglot,9,03-02-02-02-02-01-22_r09.wav,539464,0.009784,1,
write,write,,,audio_medium,mongo_gridfs,9,03-02-02-02-02-01-22_r09.wav,539464,0.007028,1,
write,write,,,audio_medium,polyglot,9,03-02-02-02-02-01-23_r09.wav,520242,0.006372,1,
write,write,,,audio_medium,mongo_gridfs,9,03-02-02-02-02-01-23_r09.wav,520242,0.005900,1,
write,write,,,audio_medium,pg_bytea,9,03-02-02-02-02-01-23_r09.wav,520242,0.016190,1,
write,write,,,audio_medium,polyglot,9,03-02-03-01-01-02-01_r09.wav,561882,0.007543,1,
write,write,,,audio_medium,pg_bytea,9,03-02-03-01-01-02-01_r09.wav,561882,0.014542,1,
write,write,,,audio_medium,mongo_gridfs,9,03-02-03-01-01-02-01_r09.wav,561882,0.007619,1,
write,write,,,audio_medium,polyglot,9,03-02-03-01-01-02-02_r09.wav,561882,0.007496,1,
write,write,,,audio_medium,mongo_gridfs,9,03-02-03-01-01-02-02_r09.wav,561882,0.006259,1,
write,write,,,audio_medium,pg_bytea,9,03-02-03-01-01-02-02_r09.wav,561882,0.015025,1,
write,write,,,audio_medium,polyglot,9,03-02-03-01-01-02-03_r09.wav,539464,0.008706,1,
write,write,,,audio_medium,mongo_gridfs,9,03-02-03-01-01-02-03_r09.wav,539464,0.007323,1,
write,write,,,audio_medium,pg_bytea,9,03-02-03-01-01-02-03_r09.wav,539464,0.014510,1,
write,write,,,audio_medium,polyglot,9,03-02-03-01-01-02-15_r09.wav,526650,0.007421,1,
write,write,,,audio_medium,pg_bytea,9,03-02-03-01-01-02-15_r09.wav,526650,0.013739,1,
write,write,,,audio_medium,mongo_gridfs,9,03-02-03-01-01-02-15_r09.wav,526650,0.008133,1,
write,write,,,audio_medium,pg_bytea,9,03-02-03-01-01-02-16_r09.wav,520242,0.013023,1,
write,write,,,audio_medium,mongo_gridfs,9,03-02-03-01-01-02-16_r09.wav,520242,0.007128,1,
write,write,,,audio_medium,polyglot,9,03-02-03-01-01-02-16_r09.wav,520242,0.007487,1,
write,write,,,audio_medium,mongo_gridfs,9,03-02-03-01-01-02-17_r09.wav,526650,0.007498,1,
write,write,,,audio_medium,pg_bytea,9,03-02-03-01-01-02-17_r09.wav,526650,0.014645,1,
write,write,,,audio_medium,polyglot,9,03-02-03-01-01-02-17_r09.wav,526650,0.008752,1,
write,write,,,audio_medium,mongo_gridfs,9,03-02-03-01-02-02-09_r09.wav,539464,0.006819,1,
write,write,,,audio_medium,polyglot,9,03-02-03-01-02-02-09_r09.wav,539464,0.007543,1,
write,write,,,audio_medium,pg_bytea,9,03-02-03-01-02-02-09_r09.wav,539464,0.014286,1,
write,write,,,audio_medium,polyglot,9,03-02-03-01-02-02-21_r09.wav,533056,0.007454,1,
write,write,,,audio_medium,mongo_gridfs,9,03-02-03-01-02-02-21_r09.wav,533056,0.010023,1,
write,write,,,audio_medium,pg_bytea,9,03-02-03-01-02-02-21_r09.wav,533056,0.014226,1,
write,write,,,audio_medium,polyglot,9,03-02-03-01-02-02-22_r09.wav,561888,0.008595,1,
write,write,,,audio_medium,pg_bytea,9,03-02-03-01-02-02-22_r09.wav,561888,0.014771,1,
write,write,,,audio_medium,mongo_gridfs,9,03-02-03-01-02-02-22_r09.wav,561888,0.007288,1,
write,write,,,audio_medium,mongo_gridfs,9,03-02-03-01-02-02-23_r09.wav,539464,0.007198,1,
write,write,,,audio_medium,pg_bytea,9,03-02-03-01-02-02-23_r09.wav,539464,0.013996,1,
write,write,,,audio_medium,polyglot,9,03-02-03-01-02-02-23_r09.wav,539464,0.007503,1,
write,write,,,audio_medium,mongo_gridfs,9,03-02-03-02-01-02-09_r09.wav,561882,0.006335,1,
write,write,,,audio_medium,polyglot,9,03-02-03-02-01-02-09_r09.wav,561882,0.006791,1,
write,write,,,audio_medium,pg_bytea,9,03-02-03-02-01-02-09_r09.wav,561882,0.014651,1,
write,write,,,audio_medium,polyglot,9,03-02-03-02-01-02-21_r09.wav,539464,0.008044,1,
write,write,,,audio_medium,mongo_gridfs,9,03-02-03-02-01-02-21_r09.wav,539464,0.006291,1,
write,write,,,audio_medium,pg_bytea,9,03-02-03-02-01-02-21_r09.wav,539464,0.013126,1,
write,write,,,audio_medium,mongo_gridfs,9,03-02-03-02-01-02-22_r09.wav,526650,0.008063,1,
write,write,,,audio_medium,polyglot,9,03-02-03-02-01-02-22_r09.wav,526650,0.007326,1,
write,write,,,audio_medium,pg_bytea,9,03-02-03-02-01-02-22_r09.wav,526650,0.014778,1,
write,write,,,audio_medium,pg_bytea,9,03-02-03-02-01-02-23_r09.wav,561888,0.015357,1,
write,write,,,audio_medium,mongo_gridfs,9,03-02-03-02-01-02-23_r09.wav,561888,0.009046,1,
write,write,,,audio_medium,polyglot,9,03-02-03-02-01-02-23_r09.wav,561888,0.007064,1,
write,write,,,audio_medium,pg_bytea,9,03-02-03-02-02-02-01_r09.wav,561882,0.013818,1,
write,write,,,audio_medium,polyglot,9,03-02-03-02-02-02-01_r09.wav,561882,0.008914,1,
write,write,,,audio_medium,mongo_gridfs,9,03-02-03-02-02-02-01_r09.wav,561882,0.008993,1,
write,write,,,audio_medium,pg_bytea,9,03-02-03-02-02-02-02_r09.wav,523448,0.032239,1,
write,write,,,audio_medium,polyglot,9,03-02-03-02-02-02-02_r09.wav,523448,0.008716,1,
write,write,,,audio_medium,mongo_gridfs,9,03-02-03-02-02-02-02_r09.wav,523448,0.011154,1,
write,write,,,audio_medium,pg_bytea,9,03-02-03-02-02-02-03_r09.wav,561888,0.015855,1,
write,write,,,audio_medium,polyglot,9,03-02-03-02-02-02-03_r09.wav,561888,0.007457,1,
write,write,,,audio_medium,mongo_gridfs,9,03-02-03-02-02-02-03_r09.wav,561888,0.006858,1,
write,write,,,audio_medium,mongo_gridfs,9,03-02-03-02-02-02-15_r09.wav,523448,0.006086,1,
write,write,,,audio_medium,pg_bytea,9,03-02-03-02-02-02-15_r09.wav,523448,0.013684,1,
write,write,,,audio_medium,polyglot,9,03-02-03-02-02-02-15_r09.wav,523448,0.008795,1,
write,write,,,audio_medium,pg_bytea,9,03-02-03-02-02-02-16_r09.wav,561882,0.015013,1,
write,write,,,audio_medium,mongo_gridfs,9,03-02-03-02-02-02-16_r09.wav,561882,0.010091,1,
write,write,,,audio_medium,polyglot,9,03-02-03-02-02-02-16_r09.wav,561882,0.006463,1,
write,write,,,audio_medium,pg_bytea,9,03-02-03-02-02-02-17_r09.wav,523448,0.013459,1,
write,write,,,audio_medium,mongo_gridfs,9,03-02-03-02-02-02-17_r09.wav,523448,0.008062,1,
write,write,,,audio_medium,polyglot,9,03-02-03-02-02-02-17_r09.wav,523448,0.007346,1,
write,write,,,audio_medium,polyglot,9,03-02-04-01-01-02-05_r09.wav,561882,0.006632,1,
write,write,,,audio_medium,mongo_gridfs,9,03-02-04-01-01-02-05_r09.wav,561882,0.007734,1,
write,write,,,audio_medium,pg_bytea,9,03-02-04-01-01-02-05_r09.wav,561882,0.013251,1,
write,write,,,audio_medium,pg_bytea,9,03-02-04-01-01-02-06_r09.wav,526650,0.013517,1,
write,write,,,audio_medium,mongo_gridfs,9,03-02-04-01-01-02-06_r09.wav,526650,0.007304,1,
write,write,,,audio_medium,polyglot,9,03-02-04-01-01-02-06_r09.wav,526650,0.006998,1,
write,write,,,audio_medium,mongo_gridfs,9,03-02-04-01-01-02-07_r09.wav,523448,0.006443,1,
write,write,,,audio_medium,pg_bytea,9,03-02-04-01-01-02-07_r09.wav,523448,0.012999,1,
write,write,,,audio_medium,polyglot,9,03-02-04-01-01-02-07_r09.wav,523448,0.007311,1,
write,write,,,audio_medium,mongo_gridfs,9,03-02-04-01-01-02-11_r09.wav,539464,0.006359,1,
write,write,,,audio_medium,pg_bytea,9,03-02-04-01-01-02-11_r09.wav,539464,0.014485,1,
write,write,,,audio_medium,polyglot,9,03-02-04-01-01-02-11_r09.wav,539464,0.007166,1,
write,write,,,audio_medium,pg_bytea,9,03-02-04-01-01-02-12_r09.wav,523448,0.060786,1,
write,write,,,audio_medium,mongo_gridfs,9,03-02-04-01-01-02-12_r09.wav,523448,0.010260,1,
write,write,,,audio_medium,polyglot,9,03-02-04-01-01-02-12_r09.wav,523448,0.006857,1,
write,write,,,audio_medium,polyglot,9,03-02-04-01-01-02-13_r09.wav,539464,0.006488,1,
write,write,,,audio_medium,pg_bytea,9,03-02-04-01-01-02-13_r09.wav,539464,0.014070,1,
write,write,,,audio_medium,mongo_gridfs,9,03-02-04-01-01-02-13_r09.wav,539464,0.009832,1,
write,write,,,audio_medium,pg_bytea,9,03-02-04-01-02-02-19_r09.wav,561888,0.014215,1,
write,write,,,audio_medium,mongo_gridfs,9,03-02-04-01-02-02-19_r09.wav,561888,0.009223,1,
write,write,,,audio_medium,polyglot,9,03-02-04-01-02-02-19_r09.wav,561888,0.007571,1,
write,write,,,audio_medium,mongo_gridfs,9,03-02-04-02-02-02-05_r09.wav,526650,0.006987,1,
write,write,,,audio_medium,pg_bytea,9,03-02-04-02-02-02-05_r09.wav,526650,0.014644,1,
write,write,,,audio_medium,polyglot,9,03-02-04-02-02-02-05_r09.wav,526650,0.007715,1,
write,write,,,audio_medium,polyglot,9,03-02-04-02-02-02-06_r09.wav,526650,0.008319,1,
write,write,,,audio_medium,mongo_gridfs,9,03-02-04-02-02-02-06_r09.wav,526650,0.007256,1,
write,write,,,audio_medium,pg_bytea,9,03-02-04-02-02-02-06_r09.wav,526650,0.013560,1,
write,write,,,audio_medium,mongo_gridfs,9,03-02-04-02-02-02-07_r09.wav,561888,0.007048,1,
write,write,,,audio_medium,pg_bytea,9,03-02-04-02-02-02-07_r09.wav,561888,0.015067,1,
write,write,,,audio_medium,polyglot,9,03-02-04-02-02-02-07_r09.wav,561888,0.007813,1,
write,write,,,audio_medium,pg_bytea,9,03-02-04-02-02-02-11_r09.wav,561888,0.014629,1,
write,write,,,audio_medium,polyglot,9,03-02-04-02-02-02-11_r09.wav,561888,0.008008,1,
write,write,,,audio_medium,mongo_gridfs,9,03-02-04-02-02-02-11_r09.wav,561888,0.006770,1,
write,write,,,audio_medium,polyglot,9,03-02-04-02-02-02-12_r09.wav,523448,0.006690,1,
write,write,,,audio_medium,mongo_gridfs,9,03-02-04-02-02-02-12_r09.wav,523448,0.006375,1,
write,write,,,audio_medium,pg_bytea,9,03-02-04-02-02-02-12_r09.wav,523448,0.014067,1,
write,write,,,audio_medium,pg_bytea,9,03-02-04-02-02-02-13_r09.wav,533056,0.013719,1,
write,write,,,audio_medium,polyglot,9,03-02-04-02-02-02-13_r09.wav,533056,0.007064,1,
write,write,,,audio_medium,mongo_gridfs,9,03-02-04-02-02-02-13_r09.wav,533056,0.008856,1,
write,write,,,audio_medium,polyglot,9,03-02-05-01-02-01-06_r09.wav,561882,0.006880,1,
write,write,,,audio_medium,pg_bytea,9,03-02-05-01-02-01-06_r09.wav,561882,0.015820,1,
write,write,,,audio_medium,mongo_gridfs,9,03-02-05-01-02-01-06_r09.wav,561882,0.008503,1,
write,write,,,audio_medium,mongo_gridfs,9,03-02-05-01-02-01-07_r09.wav,520242,0.006774,1,
write,write,,,audio_medium,pg_bytea,9,03-02-05-01-02-01-07_r09.wav,520242,0.014618,1,
write,write,,,audio_medium,polyglot,9,03-02-05-01-02-01-07_r09.wav,520242,0.008910,1,
write,write,,,audio_medium,mongo_gridfs,9,03-02-05-01-02-01-12_r09.wav,520242,0.006360,1,
write,write,,,audio_medium,polyglot,9,03-02-05-01-02-01-12_r09.wav,520242,0.007658,1,
write,write,,,audio_medium,pg_bytea,9,03-02-05-01-02-01-12_r09.wav,520242,0.012994,1,
write,write,,,audio_medium,mongo_gridfs,9,03-02-05-01-02-01-13_r09.wav,561888,0.008140,1,
write,write,,,audio_medium,polyglot,9,03-02-05-01-02-01-13_r09.wav,561888,0.006744,1,
write,write,,,audio_medium,pg_bytea,9,03-02-05-01-02-01-13_r09.wav,561888,0.013831,1,
write,write,,,audio_medium,polyglot,9,03-02-05-02-01-01-05_r09.wav,539464,0.006981,1,
write,write,,,audio_medium,pg_bytea,9,03-02-05-02-01-01-05_r09.wav,539464,0.013155,1,
write,write,,,audio_medium,mongo_gridfs,9,03-02-05-02-01-01-05_r09.wav,539464,0.007742,1,
write,write,,,audio_medium,mongo_gridfs,9,03-02-05-02-01-01-06_r09.wav,561888,0.008740,1,
write,write,,,audio_medium,pg_bytea,9,03-02-05-02-01-01-06_r09.wav,561888,0.015037,1,
write,write,,,audio_medium,polyglot,9,03-02-05-02-01-01-06_r09.wav,561888,0.007277,1,
write,write,,,audio_medium,pg_bytea,9,03-02-05-02-01-01-07_r09.wav,533056,0.015140,1,
write,write,,,audio_medium,polyglot,9,03-02-05-02-01-01-07_r09.wav,533056,0.007419,1,
write,write,,,audio_medium,mongo_gridfs,9,03-02-05-02-01-01-07_r09.wav,533056,0.007987,1,
write,write,,,audio_medium,pg_bytea,9,03-02-05-02-01-01-11_r09.wav,561888,0.014494,1,
write,write,,,audio_medium,polyglot,9,03-02-05-02-01-01-11_r09.wav,561888,0.008660,1,
write,write,,,audio_medium,mongo_gridfs,9,03-02-05-02-01-01-11_r09.wav,561888,0.006621,1,
write,write,,,audio_medium,mongo_gridfs,9,03-02-05-02-01-01-12_r09.wav,533056,0.005656,1,
write,write,,,audio_medium,polyglot,9,03-02-05-02-01-01-12_r09.wav,533056,0.008962,1,
write,write,,,audio_medium,pg_bytea,9,03-02-05-02-01-01-12_r09.wav,533056,0.016313,1,
write,write,,,audio_medium,polyglot,9,03-02-05-02-01-01-13_r09.wav,526650,0.006668,1,
write,write,,,audio_medium,pg_bytea,9,03-02-05-02-01-01-13_r09.wav,526650,0.015049,1,
write,write,,,audio_medium,mongo_gridfs,9,03-02-05-02-01-01-13_r09.wav,526650,0.005963,1,
write,write,,,video_small,polyglot,9,01-01-01-01-01-01-22_r09.mp4,5457041,0.044402,1,
write,write,,,video_small,mongo_gridfs,9,01-01-01-01-01-01-22_r09.mp4,5457041,0.050574,1,
write,write,,,video_small,pg_bytea,9,01-01-01-01-01-01-22_r09.mp4,5457041,0.153936,1,
write,write,,,video_small,pg_bytea,9,01-01-01-01-01-02-01_r09.mp4,5457041,0.130227,1,
write,write,,,video_small,mongo_gridfs,9,01-01-01-01-01-02-01_r09.mp4,5457041,0.050452,1,
write,write,,,video_small,polyglot,9,01-01-01-01-01-02-01_r09.mp4,5457041,0.043561,1,
write,write,,,video_small,mongo_gridfs,9,01-01-01-01-01-02-15_r09.mp4,5457041,0.043328,1,
write,write,,,video_small,polyglot,9,01-01-01-01-01-02-15_r09.mp4,5457041,0.057106,1,
write,write,,,video_small,pg_bytea,9,01-01-01-01-01-02-15_r09.mp4,5457041,0.130761,1,
write,write,,,video_small,mongo_gridfs,9,01-01-01-01-02-01-06_r09.mp4,5457041,0.049727,1,
write,write,,,video_small,polyglot,9,01-01-01-01-02-01-06_r09.mp4,5457041,0.048077,1,
write,write,,,video_small,pg_bytea,9,01-01-01-01-02-01-06_r09.mp4,5457041,0.179584,1,
write,write,,,video_small,pg_bytea,9,01-01-01-01-02-01-13_r09.mp4,5457041,0.134369,1,
write,write,,,video_small,polyglot,9,01-01-01-01-02-01-13_r09.mp4,5457041,0.046883,1,
write,write,,,video_small,mongo_gridfs,9,01-01-01-01-02-01-13_r09.mp4,5457041,0.044293,1,
write,write,,,video_small,pg_bytea,9,01-01-01-01-02-01-14_r09.mp4,5457041,0.133318,1,
write,write,,,video_small,polyglot,9,01-01-01-01-02-01-14_r09.mp4,5457041,0.042962,1,
write,write,,,video_small,mongo_gridfs,9,01-01-01-01-02-01-14_r09.mp4,5457041,0.043187,1,
write,write,,,video_small,pg_bytea,9,01-01-01-01-02-02-09_r09.mp4,5498397,0.134183,1,
write,write,,,video_small,polyglot,9,01-01-01-01-02-02-09_r09.mp4,5498397,0.043962,1,
write,write,,,video_small,mongo_gridfs,9,01-01-01-01-02-02-09_r09.mp4,5498397,0.046759,1,
write,write,,,video_small,polyglot,9,01-01-01-02-01-01-01_r09.mp4,5498397,0.044457,1,
write,write,,,video_small,mongo_gridfs,9,01-01-01-02-01-01-01_r09.mp4,5498397,0.042922,1,
write,write,,,video_small,pg_bytea,9,01-01-01-02-01-01-01_r09.mp4,5498397,0.154119,1,
write,write,,,video_small,mongo_gridfs,9,01-01-01-02-01-01-05_r09.mp4,5457041,0.045639,1,
write,write,,,video_small,polyglot,9,01-01-01-02-01-01-05_r09.mp4,5457041,0.075492,1,
write,write,,,video_small,pg_bytea,9,01-01-01-02-01-01-05_r09.mp4,5457041,0.239495,1,
write,write,,,video_small,mongo_gridfs,9,01-01-01-02-01-01-15_r09.mp4,5457041,0.044519,1,
write,write,,,video_small,polyglot,9,01-01-01-02-01-01-15_r09.mp4,5457041,0.041774,1,
write,write,,,video_small,pg_bytea,9,01-01-01-02-01-01-15_r09.mp4,5457041,0.131051,1,
write,write,,,video_small,pg_bytea,9,01-01-01-02-02-01-18_r09.mp4,5457041,0.133079,1,
write,write,,,video_small,polyglot,9,01-01-01-02-02-01-18_r09.mp4,5457041,0.056114,1,
write,write,,,video_small,mongo_gridfs,9,01-01-01-02-02-01-18_r09.mp4,5457041,0.049774,1,
write,write,,,video_small,polyglot,9,01-01-01-02-02-01-19_r09.mp4,5457041,0.052139,1,
write,write,,,video_small,pg_bytea,9,01-01-01-02-02-01-19_r09.mp4,5457041,0.151230,1,
write,write,,,video_small,mongo_gridfs,9,01-01-01-02-02-01-19_r09.mp4,5457041,0.049796,1,
write,write,,,video_small,pg_bytea,9,01-01-02-01-01-02-09_r09.mp4,5498397,0.151720,1,
write,write,,,video_small,polyglot,9,01-01-02-01-01-02-09_r09.mp4,5498397,0.055697,1,
write,write,,,video_small,mongo_gridfs,9,01-01-02-01-01-02-09_r09.mp4,5498397,0.057506,1,
write,write,,,video_small,pg_bytea,9,01-01-02-01-01-02-18_r09.mp4,5498397,0.137442,1,
write,write,,,video_small,polyglot,9,01-01-02-01-01-02-18_r09.mp4,5498397,0.049400,1,
write,write,,,video_small,mongo_gridfs,9,01-01-02-01-01-02-18_r09.mp4,5498397,0.054182,1,
write,write,,,video_small,mongo_gridfs,9,01-01-02-01-01-02-23_r09.mp4,5498397,0.048295,1,
write,write,,,video_small,polyglot,9,01-01-02-01-01-02-23_r09.mp4,5498397,0.048328,1,
write,write,,,video_small,pg_bytea,9,01-01-02-01-01-02-23_r09.mp4,5498397,0.139849,1,
write,write,,,video_small,mongo_gridfs,9,01-01-02-01-02-01-09_r09.mp4,5498397,0.046998,1,
write,write,,,video_small,pg_bytea,9,01-01-02-01-02-01-09_r09.mp4,5498397,0.135323,1,
write,write,,,video_small,polyglot,9,01-01-02-01-02-01-09_r09.mp4,5498397,0.045453,1,
write,write,,,video_small,polyglot,9,01-01-02-01-02-02-01_r09.mp4,5498397,0.052798,1,
write,write,,,video_small,pg_bytea,9,01-01-02-01-02-02-01_r09.mp4,5498397,0.143604,1,
write,write,,,video_small,mongo_gridfs,9,01-01-02-01-02-02-01_r09.mp4,5498397,0.078083,1,
write,write,,,video_small,polyglot,9,01-01-02-01-02-02-03_r09.mp4,5498397,0.061448,1,
write,write,,,video_small,mongo_gridfs,9,01-01-02-01-02-02-03_r09.mp4,5498397,0.229051,1,
write,write,,,video_small,pg_bytea,9,01-01-02-01-02-02-03_r09.mp4,5498397,0.147948,1,
write,write,,,video_small,pg_bytea,9,01-01-02-02-01-02-02_r09.mp4,5498397,0.127796,1,
write,write,,,video_small,polyglot,9,01-01-02-02-01-02-02_r09.mp4,5498397,0.061958,1,
write,write,,,video_small,mongo_gridfs,9,01-01-02-02-01-02-02_r09.mp4,5498397,0.039026,1,
write,write,,,video_small,mongo_gridfs,9,01-01-02-02-01-02-03_r09.mp4,5498397,0.046421,1,
write,write,,,video_small,pg_bytea,9,01-01-02-02-01-02-03_r09.mp4,5498397,0.130618,1,
write,write,,,video_small,polyglot,9,01-01-02-02-01-02-03_r09.mp4,5498397,0.045307,1,
write,write,,,video_small,polyglot,9,01-01-02-02-01-02-05_r09.mp4,5498397,0.046114,1,
write,write,,,video_small,mongo_gridfs,9,01-01-02-02-01-02-05_r09.mp4,5498397,0.050903,1,
write,write,,,video_small,pg_bytea,9,01-01-02-02-01-02-05_r09.mp4,5498397,0.136428,1,
write,write,,,video_small,pg_bytea,9,01-01-02-02-01-02-10_r09.mp4,5457041,0.134695,1,
write,write,,,video_small,polyglot,9,01-01-02-02-01-02-10_r09.mp4,5457041,0.046103,1,
write,write,,,video_small,mongo_gridfs,9,01-01-02-02-01-02-10_r09.mp4,5457041,0.043956,1,
write,write,,,video_small,pg_bytea,9,01-01-02-02-01-02-13_r09.mp4,5457041,0.131770,1,
write,write,,,video_small,polyglot,9,01-01-02-02-01-02-13_r09.mp4,5457041,0.047015,1,
write,write,,,video_small,mongo_gridfs,9,01-01-02-02-01-02-13_r09.mp4,5457041,0.047239,1,
write,write,,,video_small,pg_bytea,9,01-01-02-02-01-02-17_r09.mp4,5457041,0.145531,1,
write,write,,,video_small,polyglot,9,01-01-02-02-01-02-17_r09.mp4,5457041,0.045518,1,
write,write,,,video_small,mongo_gridfs,9,01-01-02-02-01-02-17_r09.mp4,5457041,0.050652,1,
write,write,,,video_small,mongo_gridfs,9,01-01-02-02-02-02-18_r09.mp4,5457041,0.047502,1,
write,write,,,video_small,pg_bytea,9,01-01-02-02-02-02-18_r09.mp4,5457041,0.144668,1,
write,write,,,video_small,polyglot,9,01-01-02-02-02-02-18_r09.mp4,5457041,0.045798,1,
write,write,,,video_small,mongo_gridfs,9,01-01-02-02-02-02-19_r09.mp4,5457041,0.046729,1,
write,write,,,video_small,pg_bytea,9,01-01-02-02-02-02-19_r09.mp4,5457041,0.139217,1,
write,write,,,video_small,polyglot,9,01-01-02-02-02-02-19_r09.mp4,5457041,0.047139,1,
write,write,,,video_small,pg_bytea,9,01-01-02-02-02-02-21_r09.mp4,5498397,0.148641,1,
write,write,,,video_small,polyglot,9,01-01-02-02-02-02-21_r09.mp4,5498397,0.046825,1,
write,write,,,video_small,mongo_gridfs,9,01-01-02-02-02-02-21_r09.mp4,5498397,0.043568,1,
write,write,,,video_small,mongo_gridfs,9,01-01-02-02-02-02-22_r09.mp4,5457041,0.044755,1,
write,write,,,video_small,polyglot,9,01-01-02-02-02-02-22_r09.mp4,5457041,0.052210,1,
write,write,,,video_small,pg_bytea,9,01-01-02-02-02-02-22_r09.mp4,5457041,0.131501,1,
write,write,,,video_small,mongo_gridfs,9,01-01-02-02-02-02-23_r09.mp4,5457041,0.049504,1,
write,write,,,video_small,polyglot,9,01-01-02-02-02-02-23_r09.mp4,5457041,0.048363,1,
write,write,,,video_small,pg_bytea,9,01-01-02-02-02-02-23_r09.mp4,5457041,0.288248,1,
write,write,,,video_small,polyglot,9,01-01-03-01-01-01-12_r09.mp4,5457041,0.047005,1,
write,write,,,video_small,pg_bytea,9,01-01-03-01-01-01-12_r09.mp4,5457041,0.140404,1,
write,write,,,video_small,mongo_gridfs,9,01-01-03-01-01-01-12_r09.mp4,5457041,0.046902,1,
write,write,,,video_small,polyglot,9,01-01-03-01-01-01-15_r09.mp4,5457041,0.046750,1,
write,write,,,video_small,mongo_gridfs,9,01-01-03-01-01-01-15_r09.mp4,5457041,0.040993,1,
write,write,,,video_small,pg_bytea,9,01-01-03-01-01-01-15_r09.mp4,5457041,0.141851,1,
write,write,,,video_small,polyglot,9,01-01-03-01-02-01-08_r09.mp4,5498397,0.041352,1,
write,write,,,video_small,mongo_gridfs,9,01-01-03-01-02-01-08_r09.mp4,5498397,0.045410,1,
write,write,,,video_small,pg_bytea,9,01-01-03-01-02-01-08_r09.mp4,5498397,0.138395,1,
write,write,,,video_small,mongo_gridfs,9,01-01-03-01-02-01-21_r09.mp4,5498397,0.047843,1,
write,write,,,video_small,pg_bytea,9,01-01-03-01-02-01-21_r09.mp4,5498397,0.143556,1,
write,write,,,video_small,polyglot,9,01-01-03-01-02-01-21_r09.mp4,5498397,0.059424,1,
write,write,,,video_small,pg_bytea,9,01-01-03-02-01-01-21_r09.mp4,5457041,0.128110,1,
write,write,,,video_small,polyglot,9,01-01-03-02-01-01-21_r09.mp4,5457041,0.049721,1,
write,write,,,video_small,mongo_gridfs,9,01-01-03-02-01-01-21_r09.mp4,5457041,0.048380,1,
write,write,,,video_small,polyglot,9,01-01-03-02-01-01-24_r09.mp4,5457041,0.041550,1,
write,write,,,video_small,mongo_gridfs,9,01-01-03-02-01-01-24_r09.mp4,5457041,0.043510,1,
write,write,,,video_small,pg_bytea,9,01-01-03-02-01-01-24_r09.mp4,5457041,0.138948,1,
write,write,,,video_small,mongo_gridfs,9,01-01-03-02-01-02-01_r09.mp4,5457041,0.045588,1,
write,write,,,video_small,pg_bytea,9,01-01-03-02-01-02-01_r09.mp4,5457041,0.130126,1,
write,write,,,video_small,polyglot,9,01-01-03-02-01-02-01_r09.mp4,5457041,0.043631,1,
write,write,,,video_small,mongo_gridfs,9,01-01-03-02-01-02-15_r09.mp4,5457041,0.045447,1,
write,write,,,video_small,polyglot,9,01-01-03-02-01-02-15_r09.mp4,5457041,0.565464,1,
write,write,,,video_small,pg_bytea,9,01-01-03-02-01-02-15_r09.mp4,5457041,0.129716,1,
write,write,,,video_small,mongo_gridfs,9,01-01-03-02-02-01-05_r09.mp4,5457041,0.044708,1,
write,write,,,video_small,polyglot,9,01-01-03-02-02-01-05_r09.mp4,5457041,0.038852,1,
write,write,,,video_small,pg_bytea,9,01-01-03-02-02-01-05_r09.mp4,5457041,0.147312,1,
write,write,,,video_small,pg_bytea,9,01-01-03-02-02-01-12_r09.mp4,5457041,0.131858,1,
write,write,,,video_small,polyglot,9,01-01-03-02-02-01-12_r09.mp4,5457041,0.043688,1,
write,write,,,video_small,mongo_gridfs,9,01-01-03-02-02-01-12_r09.mp4,5457041,0.044095,1,
write,write,,,video_small,mongo_gridfs,9,01-01-03-02-02-01-15_r09.mp4,5498397,0.044497,1,
write,write,,,video_small,pg_bytea,9,01-01-03-02-02-01-15_r09.mp4,5498397,0.134332,1,
write,write,,,video_small,polyglot,9,01-01-03-02-02-01-15_r09.mp4,5498397,0.043929,1,
write,write,,,video_small,polyglot,9,01-01-04-01-01-01-03_r09.mp4,5457041,0.044165,1,
write,write,,,video_small,pg_bytea,9,01-01-04-01-01-01-03_r09.mp4,5457041,0.131234,1,
write,write,,,video_small,mongo_gridfs,9,01-01-04-01-01-01-03_r09.mp4,5457041,0.044691,1,
write,write,,,video_small,pg_bytea,9,01-01-04-01-01-01-05_r09.mp4,5498397,0.137811,1,
write,write,,,video_small,mongo_gridfs,9,01-01-04-01-01-01-05_r09.mp4,5498397,0.044189,1,
write,write,,,video_small,polyglot,9,01-01-04-01-01-01-05_r09.mp4,5498397,0.043507,1,
write,write,,,video_small,polyglot,9,01-01-04-01-01-01-10_r09.mp4,5457041,0.052944,1,
write,write,,,video_small,mongo_gridfs,9,01-01-04-01-01-01-10_r09.mp4,5457041,0.043135,1,
write,write,,,video_small,pg_bytea,9,01-01-04-01-01-01-10_r09.mp4,5457041,0.136186,1,
write,write,,,video_small,mongo_gridfs,9,01-01-04-01-01-01-16_r09.mp4,5457041,0.049776,1,
write,write,,,video_small,pg_bytea,9,01-01-04-01-01-01-16_r09.mp4,5457041,0.130464,1,
write,write,,,video_small,polyglot,9,01-01-04-01-01-01-16_r09.mp4,5457041,0.048548,1,
write,write,,,video_small,pg_bytea,9,01-01-04-01-02-01-19_r09.mp4,5498397,0.131309,1,
write,write,,,video_small,polyglot,9,01-01-04-01-02-01-19_r09.mp4,5498397,0.047114,1,
write,write,,,video_small,mongo_gridfs,9,01-01-04-01-02-01-19_r09.mp4,5498397,0.042426,1,
write,write,,,video_small,polyglot,9,01-01-04-01-02-01-21_r09.mp4,5498397,0.042956,1,
write,write,,,video_small,pg_bytea,9,01-01-04-01-02-01-21_r09.mp4,5498397,0.134439,1,
write,write,,,video_small,mongo_gridfs,9,01-01-04-01-02-01-21_r09.mp4,5498397,0.044557,1,
write,write,,,video_small,mongo_gridfs,9,01-01-04-01-02-01-22_r09.mp4,5498397,0.045507,1,
write,write,,,video_small,polyglot,9,01-01-04-01-02-01-22_r09.mp4,5498397,0.046255,1,
write,write,,,video_small,pg_bytea,9,01-01-04-01-02-01-22_r09.mp4,5498397,0.134149,1,
write,write,,,video_small,mongo_gridfs,9,01-01-04-02-01-01-18_r09.mp4,5498397,0.045774,1,
write,write,,,video_small,polyglot,9,01-01-04-02-01-01-18_r09.mp4,5498397,0.042260,1,
write,write,,,video_small,pg_bytea,9,01-01-04-02-01-01-18_r09.mp4,5498397,0.134942,1,
write,write,,,video_small,pg_bytea,9,01-01-04-02-01-01-19_r09.mp4,5457041,0.672750,1,
write,write,,,video_small,mongo_gridfs,9,01-01-04-02-01-01-19_r09.mp4,5457041,0.046903,1,
write,write,,,video_small,polyglot,9,01-01-04-02-01-01-19_r09.mp4,5457041,0.043360,1,
write,write,,,video_small,pg_bytea,9,01-01-04-02-02-01-02_r09.mp4,5498397,0.127080,1,
write,write,,,video_small,polyglot,9,01-01-04-02-02-01-02_r09.mp4,5498397,0.048727,1,
write,write,,,video_small,mongo_gridfs,9,01-01-04-02-02-01-02_r09.mp4,5498397,0.043417,1,
write,write,,,video_small,pg_bytea,9,01-01-04-02-02-01-05_r09.mp4,5498397,0.129157,1,
write,write,,,video_small,mongo_gridfs,9,01-01-04-02-02-01-05_r09.mp4,5498397,0.051733,1,
write,write,,,video_small,polyglot,9,01-01-04-02-02-01-05_r09.mp4,5498397,0.049455,1,
write,write,,,video_small,mongo_gridfs,9,01-01-04-02-02-01-06_r09.mp4,5498397,0.047694,1,
write,write,,,video_small,polyglot,9,01-01-04-02-02-01-06_r09.mp4,5498397,0.046613,1,
write,write,,,video_small,pg_bytea,9,01-01-04-02-02-01-06_r09.mp4,5498397,0.130595,1,
write,write,,,video_small,mongo_gridfs,9,01-01-04-02-02-01-13_r09.mp4,5498397,0.046382,1,
write,write,,,video_small,polyglot,9,01-01-04-02-02-01-13_r09.mp4,5498397,0.047294,1,
write,write,,,video_small,pg_bytea,9,01-01-04-02-02-01-13_r09.mp4,5498397,0.128394,1,
write,write,,,video_small,polyglot,9,01-01-04-02-02-01-17_r09.mp4,5498397,0.047518,1,
write,write,,,video_small,mongo_gridfs,9,01-01-04-02-02-01-17_r09.mp4,5498397,0.047676,1,
write,write,,,video_small,pg_bytea,9,01-01-04-02-02-01-17_r09.mp4,5498397,0.134430,1,
write,write,,,video_small,mongo_gridfs,9,01-01-04-02-02-02-19_r09.mp4,5498397,0.049225,1,
write,write,,,video_small,pg_bytea,9,01-01-04-02-02-02-19_r09.mp4,5498397,0.135289,1,
write,write,,,video_small,polyglot,9,01-01-04-02-02-02-19_r09.mp4,5498397,0.076408,1,
write,write,,,video_small,pg_bytea,9,01-01-05-01-01-02-09_r09.mp4,5457041,0.136914,1,
write,write,,,video_small,mongo_gridfs,9,01-01-05-01-01-02-09_r09.mp4,5457041,0.043890,1,
write,write,,,video_small,polyglot,9,01-01-05-01-01-02-09_r09.mp4,5457041,0.039388,1,
write,write,,,video_small,polyglot,9,01-01-05-01-01-02-19_r09.mp4,5498397,0.048765,1,
write,write,,,video_small,mongo_gridfs,9,01-01-05-01-01-02-19_r09.mp4,5498397,0.042726,1,
write,write,,,video_small,pg_bytea,9,01-01-05-01-01-02-19_r09.mp4,5498397,0.135584,1,
write,write,,,video_small,mongo_gridfs,9,01-01-05-01-01-02-21_r09.mp4,5457041,0.046649,1,
write,write,,,video_small,polyglot,9,01-01-05-01-01-02-21_r09.mp4,5457041,0.045705,1,
write,write,,,video_small,pg_bytea,9,01-01-05-01-01-02-21_r09.mp4,5457041,0.138142,1,
write,write,,,video_small,mongo_gridfs,9,01-01-05-01-02-01-19_r09.mp4,5457041,0.048383,1,
write,write,,,video_small,pg_bytea,9,01-01-05-01-02-01-19_r09.mp4,5457041,0.136360,1,
write,write,,,video_small,polyglot,9,01-01-05-01-02-01-19_r09.mp4,5457041,0.051925,1,
write,write,,,video_small,mongo_gridfs,9,01-01-05-01-02-02-04_r09.mp4,5457041,0.074550,1,
write,write,,,video_small,pg_bytea,9,01-01-05-01-02-02-04_r09.mp4,5457041,0.140151,1,
write,write,,,video_small,polyglot,9,01-01-05-01-02-02-04_r09.mp4,5457041,0.129784,1,
write,write,,,video_small,pg_bytea,9,01-01-05-01-02-02-05_r09.mp4,5498397,0.205130,1,
write,write,,,video_small,polyglot,9,01-01-05-01-02-02-05_r09.mp4,5498397,0.047028,1,
write,write,,,video_small,mongo_gridfs,9,01-01-05-01-02-02-05_r09.mp4,5498397,0.046036,1,
write,write,,,video_small,mongo_gridfs,9,01-01-05-02-01-02-04_r09.mp4,5457041,0.051661,1,
write,write,,,video_small,polyglot,9,01-01-05-02-01-02-04_r09.mp4,5457041,0.048977,1,
write,write,,,video_small,pg_bytea,9,01-01-05-02-01-02-04_r09.mp4,5457041,0.137402,1,
write,write,,,video_small,pg_bytea,9,01-01-05-02-01-02-12_r09.mp4,5457041,0.133958,1,
write,write,,,video_small,polyglot,9,01-01-05-02-01-02-12_r09.mp4,5457041,0.054080,1,
write,write,,,video_small,mongo_gridfs,9,01-01-05-02-01-02-12_r09.mp4,5457041,0.049906,1,
write,write,,,video_small,mongo_gridfs,9,01-01-05-02-01-02-14_r09.mp4,5457041,0.045500,1,
write,write,,,video_small,polyglot,9,01-01-05-02-01-02-14_r09.mp4,5457041,0.044049,1,
write,write,,,video_small,pg_bytea,9,01-01-05-02-01-02-14_r09.mp4,5457041,0.246346,1,
write,write,,,video_small,pg_bytea,9,01-01-05-02-02-02-19_r09.mp4,5498397,0.147417,1,
write,write,,,video_small,polyglot,9,01-01-05-02-02-02-19_r09.mp4,5498397,0.049208,1,
write,write,,,video_small,mongo_gridfs,9,01-01-05-02-02-02-19_r09.mp4,5498397,0.044490,1,
write,write,,,video_small,mongo_gridfs,9,01-01-05-02-02-02-20_r09.mp4,5498397,0.047699,1,
write,write,,,video_small,polyglot,9,01-01-05-02-02-02-20_r09.mp4,5498397,0.052438,1,
write,write,,,video_small,pg_bytea,9,01-01-05-02-02-02-20_r09.mp4,5498397,0.142938,1,
write,write,,,video_small,polyglot,9,01-01-05-02-02-02-23_r09.mp4,5457041,0.054221,1,
write,write,,,video_small,mongo_gridfs,9,01-01-05-02-02-02-23_r09.mp4,5457041,0.047572,1,
write,write,,,video_small,pg_bytea,9,01-01-05-02-02-02-23_r09.mp4,5457041,0.146444,1,
write,write,,,video_small,polyglot,9,01-01-06-01-01-01-08_r09.mp4,5457041,0.051030,1,
write,write,,,video_small,pg_bytea,9,01-01-06-01-01-01-08_r09.mp4,5457041,0.150108,1,
write,write,,,video_small,mongo_gridfs,9,01-01-06-01-01-01-08_r09.mp4,5457041,0.051121,1,
write,write,,,video_small,pg_bytea,9,01-01-06-01-01-01-19_r09.mp4,5457041,0.801726,1,
write,write,,,video_small,polyglot,9,01-01-06-01-01-01-19_r09.mp4,5457041,0.047320,1,
write,write,,,video_small,mongo_gridfs,9,01-01-06-01-01-01-19_r09.mp4,5457041,0.046258,1,
write,write,,,video_small,mongo_gridfs,9,01-01-06-01-01-01-24_r09.mp4,5498397,0.068036,1,
write,write,,,video_small,pg_bytea,9,01-01-06-01-01-01-24_r09.mp4,5498397,0.137008,1,
write,write,,,video_small,polyglot,9,01-01-06-01-01-01-24_r09.mp4,5498397,0.043578,1,
write,write,,,video_medium,mongo_gridfs,9,tsinghua_v_0024_r09.mp4,13091522,0.108439,1,
write,write,,,video_medium,polyglot,9,tsinghua_v_0024_r09.mp4,13091522,0.135685,1,
write,write,,,video_medium,pg_bytea,9,tsinghua_v_0024_r09.mp4,13091522,0.390178,1,
write,write,,,video_medium,polyglot,9,tsinghua_v_0046_r09.mp4,13091522,0.102159,1,
write,write,,,video_medium,pg_bytea,9,tsinghua_v_0046_r09.mp4,13091522,0.342104,1,
write,write,,,video_medium,mongo_gridfs,9,tsinghua_v_0046_r09.mp4,13091522,0.114124,1,
write,write,,,video_medium,polyglot,9,tsinghua_v_0076_r09.mp4,13091522,0.099111,1,
write,write,,,video_medium,mongo_gridfs,9,tsinghua_v_0076_r09.mp4,13091522,0.109253,1,
write,write,,,video_medium,pg_bytea,9,tsinghua_v_0076_r09.mp4,13091522,0.332830,1,
write,write,,,video_medium,mongo_gridfs,9,tsinghua_v_0080_r09.mp4,13091522,0.097487,1,
write,write,,,video_medium,pg_bytea,9,tsinghua_v_0080_r09.mp4,13091522,0.325984,1,
write,write,,,video_medium,polyglot,9,tsinghua_v_0080_r09.mp4,13091522,0.106045,1,
write,write,,,video_medium,mongo_gridfs,9,tsinghua_v_0109_r09.mp4,13091522,0.102304,1,
write,write,,,video_medium,polyglot,9,tsinghua_v_0109_r09.mp4,13091522,0.110340,1,
write,write,,,video_medium,pg_bytea,9,tsinghua_v_0109_r09.mp4,13091522,0.321522,1,
write,write,,,video_medium,mongo_gridfs,9,tsinghua_v_0123_r09.mp4,13091522,0.090029,1,
write,write,,,video_medium,pg_bytea,9,tsinghua_v_0123_r09.mp4,13091522,0.479975,1,
write,write,,,video_medium,polyglot,9,tsinghua_v_0123_r09.mp4,13091522,0.103225,1,
write,write,,,video_medium,mongo_gridfs,9,tsinghua_v_0130_r09.mp4,13091522,0.100185,1,
write,write,,,video_medium,polyglot,9,tsinghua_v_0130_r09.mp4,13091522,0.121796,1,
write,write,,,video_medium,pg_bytea,9,tsinghua_v_0130_r09.mp4,13091522,0.341683,1,
write,write,,,video_medium,pg_bytea,9,tsinghua_v_0135_r09.mp4,13091522,0.980832,1,
write,write,,,video_medium,mongo_gridfs,9,tsinghua_v_0135_r09.mp4,13091522,0.125791,1,
write,write,,,video_medium,polyglot,9,tsinghua_v_0135_r09.mp4,13091522,0.118807,1,
write,write,,,video_medium,pg_bytea,9,tsinghua_v_0137_r09.mp4,13091522,1.989137,1,
write,write,,,video_medium,polyglot,9,tsinghua_v_0137_r09.mp4,13091522,0.104499,1,
write,write,,,video_medium,mongo_gridfs,9,tsinghua_v_0137_r09.mp4,13091522,0.117418,1,
write,write,,,video_medium,pg_bytea,9,tsinghua_v_0140_r09.mp4,13091522,3.741977,1,
write,write,,,video_medium,mongo_gridfs,9,tsinghua_v_0140_r09.mp4,13091522,0.106632,1,
write,write,,,video_medium,polyglot,9,tsinghua_v_0140_r09.mp4,13091522,0.193833,1,
write,write,,,video_medium,pg_bytea,9,tsinghua_v_0151_r09.mp4,13091522,0.344800,1,
write,write,,,video_medium,polyglot,9,tsinghua_v_0151_r09.mp4,13091522,0.111838,1,
write,write,,,video_medium,mongo_gridfs,9,tsinghua_v_0151_r09.mp4,13091522,0.110976,1,
write,write,,,video_medium,mongo_gridfs,9,tsinghua_v_0157_r09.mp4,13091522,0.107957,1,
write,write,,,video_medium,pg_bytea,9,tsinghua_v_0157_r09.mp4,13091522,0.372725,1,
write,write,,,video_medium,polyglot,9,tsinghua_v_0157_r09.mp4,13091522,0.103827,1,
write,write,,,video_medium,pg_bytea,9,tsinghua_v_0209_r09.mp4,13091522,0.341806,1,
write,write,,,video_medium,mongo_gridfs,9,tsinghua_v_0209_r09.mp4,13091522,0.102336,1,
write,write,,,video_medium,polyglot,9,tsinghua_v_0209_r09.mp4,13091522,0.145933,1,
write,write,,,video_medium,pg_bytea,9,tsinghua_v_0226_r09.mp4,13091522,1.410512,1,
write,write,,,video_medium,polyglot,9,tsinghua_v_0226_r09.mp4,13091522,0.102897,1,
write,write,,,video_medium,mongo_gridfs,9,tsinghua_v_0226_r09.mp4,13091522,0.101523,1,
write,write,,,video_medium,pg_bytea,9,tsinghua_v_0236_r09.mp4,13091522,0.402933,1,
write,write,,,video_medium,polyglot,9,tsinghua_v_0236_r09.mp4,13091522,0.112406,1,
write,write,,,video_medium,mongo_gridfs,9,tsinghua_v_0236_r09.mp4,13091522,0.111381,1,
write,write,,,video_medium,polyglot,9,tsinghua_v_0274_r09.mp4,13091522,0.099939,1,
write,write,,,video_medium,mongo_gridfs,9,tsinghua_v_0274_r09.mp4,13091522,0.132545,1,
write,write,,,video_medium,pg_bytea,9,tsinghua_v_0274_r09.mp4,13091522,0.380206,1,
write,write,,,video_medium,pg_bytea,9,tsinghua_v_0280_r09.mp4,13091522,0.361963,1,
write,write,,,video_medium,polyglot,9,tsinghua_v_0280_r09.mp4,13091522,0.098866,1,
write,write,,,video_medium,mongo_gridfs,9,tsinghua_v_0280_r09.mp4,13091522,0.097974,1,
write,write,,,video_medium,polyglot,9,tsinghua_v_0302_r09.mp4,13091522,0.156951,1,
write,write,,,video_medium,pg_bytea,9,tsinghua_v_0302_r09.mp4,13091522,0.478965,1,
write,write,,,video_medium,mongo_gridfs,9,tsinghua_v_0302_r09.mp4,13091522,0.104196,1,
write,write,,,video_medium,mongo_gridfs,9,tsinghua_v_0311_r09.mp4,13091522,0.105359,1,
write,write,,,video_medium,pg_bytea,9,tsinghua_v_0311_r09.mp4,13091522,3.354566,1,
write,write,,,video_medium,polyglot,9,tsinghua_v_0311_r09.mp4,13091522,0.107857,1,
write,write,,,video_medium,mongo_gridfs,9,tsinghua_v_0316_r09.mp4,13091522,0.118222,1,
write,write,,,video_medium,pg_bytea,9,tsinghua_v_0316_r09.mp4,13091522,0.366064,1,
write,write,,,video_medium,polyglot,9,tsinghua_v_0316_r09.mp4,13091522,0.123686,1,
write,write,,,video_medium,mongo_gridfs,9,tsinghua_v_0319_r09.mp4,13091522,0.100543,1,
write,write,,,video_medium,polyglot,9,tsinghua_v_0319_r09.mp4,13091522,0.188086,1,
write,write,,,video_medium,pg_bytea,9,tsinghua_v_0319_r09.mp4,13091522,0.496612,1,
write,write,,,video_medium,pg_bytea,9,tsinghua_v_0321_r09.mp4,13091522,0.337724,1,
write,write,,,video_medium,polyglot,9,tsinghua_v_0321_r09.mp4,13091522,0.098302,1,
write,write,,,video_medium,mongo_gridfs,9,tsinghua_v_0321_r09.mp4,13091522,0.103642,1,
write,write,,,video_medium,polyglot,9,tsinghua_v_0331_r09.mp4,13091522,0.107763,1,
write,write,,,video_medium,pg_bytea,9,tsinghua_v_0331_r09.mp4,13091522,0.354888,1,
write,write,,,video_medium,mongo_gridfs,9,tsinghua_v_0331_r09.mp4,13091522,0.098097,1,
write,write,,,video_medium,polyglot,9,tsinghua_v_0345_r09.mp4,13091522,0.124400,1,
write,write,,,video_medium,mongo_gridfs,9,tsinghua_v_0345_r09.mp4,13091522,0.102957,1,
write,write,,,video_medium,pg_bytea,9,tsinghua_v_0345_r09.mp4,13091522,2.635221,1,
write,write,,,video_medium,pg_bytea,9,tsinghua_v_0356_r09.mp4,13091522,0.321472,1,
write,write,,,video_medium,mongo_gridfs,9,tsinghua_v_0356_r09.mp4,13091522,0.106773,1,
write,write,,,video_medium,polyglot,9,tsinghua_v_0356_r09.mp4,13091522,0.100099,1,
write,write,,,video_medium,mongo_gridfs,9,tsinghua_v_0357_r09.mp4,13091522,0.099326,1,
write,write,,,video_medium,polyglot,9,tsinghua_v_0357_r09.mp4,13091522,0.138111,1,
write,write,,,video_medium,pg_bytea,9,tsinghua_v_0357_r09.mp4,13091522,0.656458,1,
write,write,,,video_medium,polyglot,9,tsinghua_v_0379_r09.mp4,13091522,0.092304,1,
write,write,,,video_medium,pg_bytea,9,tsinghua_v_0379_r09.mp4,13091522,0.328048,1,
write,write,,,video_medium,mongo_gridfs,9,tsinghua_v_0379_r09.mp4,13091522,0.100528,1,
write,write,,,video_medium,pg_bytea,9,tsinghua_v_0393_r09.mp4,13091522,0.349510,1,
write,write,,,video_medium,mongo_gridfs,9,tsinghua_v_0393_r09.mp4,13091522,0.107159,1,
write,write,,,video_medium,polyglot,9,tsinghua_v_0393_r09.mp4,13091522,0.093189,1,
write,write,,,video_medium,polyglot,9,tsinghua_v_0421_r09.mp4,13091522,0.145768,1,
write,write,,,video_medium,mongo_gridfs,9,tsinghua_v_0421_r09.mp4,13091522,0.136678,1,
write,write,,,video_medium,pg_bytea,9,tsinghua_v_0421_r09.mp4,13091522,4.339368,1,
write,write,,,video_medium,mongo_gridfs,9,tsinghua_v_0424_r09.mp4,13091522,0.107867,1,
write,write,,,video_medium,pg_bytea,9,tsinghua_v_0424_r09.mp4,13091522,0.440605,1,
write,write,,,video_medium,polyglot,9,tsinghua_v_0424_r09.mp4,13091522,0.121313,1,
write,write,,,video_medium,mongo_gridfs,9,tsinghua_v_0427_r09.mp4,13091522,0.099958,1,
write,write,,,video_medium,polyglot,9,tsinghua_v_0427_r09.mp4,13091522,0.162227,1,
write,write,,,video_medium,pg_bytea,9,tsinghua_v_0427_r09.mp4,13091522,6.255559,1,
write,write,,,video_medium,mongo_gridfs,9,tsinghua_v_0431_r09.mp4,13091522,0.536891,1,
write,write,,,video_medium,pg_bytea,9,tsinghua_v_0431_r09.mp4,13091522,2.645512,1,
write,write,,,video_medium,polyglot,9,tsinghua_v_0431_r09.mp4,13091522,0.620372,1,
write,write,,,video_medium,polyglot,9,tsinghua_v_0452_r09.mp4,13091522,0.106341,1,
write,write,,,video_medium,pg_bytea,9,tsinghua_v_0452_r09.mp4,13091522,0.367349,1,
write,write,,,video_medium,mongo_gridfs,9,tsinghua_v_0452_r09.mp4,13091522,0.115794,1,
write,write,,,video_medium,pg_bytea,9,tsinghua_v_0454_r09.mp4,13091522,0.353732,1,
write,write,,,video_medium,mongo_gridfs,9,tsinghua_v_0454_r09.mp4,13091522,0.112169,1,
write,write,,,video_medium,polyglot,9,tsinghua_v_0454_r09.mp4,13091522,0.123979,1,
write,write,,,video_medium,polyglot,9,tsinghua_v_0457_r09.mp4,13091522,0.115958,1,
write,write,,,video_medium,mongo_gridfs,9,tsinghua_v_0457_r09.mp4,13091522,0.180360,1,
write,write,,,video_medium,pg_bytea,9,tsinghua_v_0457_r09.mp4,13091522,0.365640,1,
write,write,,,video_medium,mongo_gridfs,9,tsinghua_v_0466_r09.mp4,13091522,0.114408,1,
write,write,,,video_medium,polyglot,9,tsinghua_v_0466_r09.mp4,13091522,0.112644,1,
write,write,,,video_medium,pg_bytea,9,tsinghua_v_0466_r09.mp4,13091522,0.365979,1,
write,write,,,video_medium,mongo_gridfs,9,tsinghua_v_0471_r09.mp4,13091522,0.102424,1,
write,write,,,video_medium,polyglot,9,tsinghua_v_0471_r09.mp4,13091522,0.104161,1,
write,write,,,video_medium,pg_bytea,9,tsinghua_v_0471_r09.mp4,13091522,0.361912,1,
write,write,,,video_medium,mongo_gridfs,9,tsinghua_v_0472_r09.mp4,13091522,0.096471,1,
write,write,,,video_medium,pg_bytea,9,tsinghua_v_0472_r09.mp4,13091522,0.667282,1,
write,write,,,video_medium,polyglot,9,tsinghua_v_0472_r09.mp4,13091522,0.106119,1,
write,write,,,video_medium,pg_bytea,9,tsinghua_v_0494_r09.mp4,13091522,0.327931,1,
write,write,,,video_medium,polyglot,9,tsinghua_v_0494_r09.mp4,13091522,0.106905,1,
write,write,,,video_medium,mongo_gridfs,9,tsinghua_v_0494_r09.mp4,13091522,0.106400,1,
write,write,,,video_medium,polyglot,9,tsinghua_v_0503_r09.mp4,13091522,0.749808,1,
write,write,,,video_medium,mongo_gridfs,9,tsinghua_v_0503_r09.mp4,13091522,0.102753,1,
write,write,,,video_medium,pg_bytea,9,tsinghua_v_0503_r09.mp4,13091522,0.376190,1,
write,write,,,video_medium,mongo_gridfs,9,tsinghua_v_0509_r09.mp4,13091522,0.094949,1,
write,write,,,video_medium,polyglot,9,tsinghua_v_0509_r09.mp4,13091522,0.103619,1,
write,write,,,video_medium,pg_bytea,9,tsinghua_v_0509_r09.mp4,13091522,0.343068,1,
write,write,,,video_medium,pg_bytea,9,tsinghua_v_0523_r09.mp4,13091522,0.335241,1,
write,write,,,video_medium,mongo_gridfs,9,tsinghua_v_0523_r09.mp4,13091522,0.102032,1,
write,write,,,video_medium,polyglot,9,tsinghua_v_0523_r09.mp4,13091522,0.108429,1,
write,write,,,video_medium,mongo_gridfs,9,tsinghua_v_0546_r09.mp4,13091522,0.106620,1,
write,write,,,video_medium,polyglot,9,tsinghua_v_0546_r09.mp4,13091522,0.139308,1,
write,write,,,video_medium,pg_bytea,9,tsinghua_v_0546_r09.mp4,13091522,0.353784,1,
write,write,,,video_medium,polyglot,9,tsinghua_v_0568_r09.mp4,13091522,0.097026,1,
write,write,,,video_medium,mongo_gridfs,9,tsinghua_v_0568_r09.mp4,13091522,0.093696,1,
write,write,,,video_medium,pg_bytea,9,tsinghua_v_0568_r09.mp4,13091522,0.332238,1,
write,write,,,video_medium,polyglot,9,tsinghua_v_0594_r09.mp4,13091522,0.095230,1,
write,write,,,video_medium,mongo_gridfs,9,tsinghua_v_0594_r09.mp4,13091522,0.100662,1,
write,write,,,video_medium,pg_bytea,9,tsinghua_v_0594_r09.mp4,13091522,2.084742,1,
write,write,,,video_medium,pg_bytea,9,tsinghua_v_0596_r09.mp4,13091522,0.351534,1,
write,write,,,video_medium,mongo_gridfs,9,tsinghua_v_0596_r09.mp4,13091522,0.093202,1,
write,write,,,video_medium,polyglot,9,tsinghua_v_0596_r09.mp4,13091522,0.103568,1,
write,write,,,video_medium,polyglot,9,tsinghua_v_0635_r09.mp4,13091522,0.109841,1,
write,write,,,video_medium,mongo_gridfs,9,tsinghua_v_0635_r09.mp4,13091522,0.112251,1,
write,write,,,video_medium,pg_bytea,9,tsinghua_v_0635_r09.mp4,13091522,0.375903,1,
write,write,,,video_medium,mongo_gridfs,9,tsinghua_v_0653_r09.mp4,13091522,0.090341,1,
write,write,,,video_medium,pg_bytea,9,tsinghua_v_0653_r09.mp4,13091522,0.334638,1,
write,write,,,video_medium,polyglot,9,tsinghua_v_0653_r09.mp4,13091522,0.095709,1,
write,write,,,video_medium,polyglot,9,tsinghua_v_0667_r09.mp4,13091522,0.098686,1,
write,write,,,video_medium,pg_bytea,9,tsinghua_v_0667_r09.mp4,13091522,1.472968,1,
write,write,,,video_medium,mongo_gridfs,9,tsinghua_v_0667_r09.mp4,13091522,0.112852,1,
write,write,,,video_medium,pg_bytea,9,tsinghua_v_0673_r09.mp4,13091522,0.353979,1,
write,write,,,video_medium,polyglot,9,tsinghua_v_0673_r09.mp4,13091522,0.096718,1,
write,write,,,video_medium,mongo_gridfs,9,tsinghua_v_0673_r09.mp4,13091522,0.095622,1,
write,write,,,video_medium,mongo_gridfs,9,tsinghua_v_0681_r09.mp4,13091522,0.123837,1,
write,write,,,video_medium,polyglot,9,tsinghua_v_0681_r09.mp4,13091522,0.326193,1,
write,write,,,video_medium,pg_bytea,9,tsinghua_v_0681_r09.mp4,13091522,0.337099,1,
write,write,,,video_medium,mongo_gridfs,9,tsinghua_v_0690_r09.mp4,13091522,0.100172,1,
write,write,,,video_medium,pg_bytea,9,tsinghua_v_0690_r09.mp4,13091522,0.315197,1,
write,write,,,video_medium,polyglot,9,tsinghua_v_0690_r09.mp4,13091522,0.108255,1,
write,write,,,video_medium,polyglot,9,tsinghua_v_0692_r09.mp4,13091522,0.107511,1,
write,write,,,video_medium,mongo_gridfs,9,tsinghua_v_0692_r09.mp4,13091522,0.111277,1,
write,write,,,video_medium,pg_bytea,9,tsinghua_v_0692_r09.mp4,13091522,0.381610,1,
write,write,,,video_medium,pg_bytea,9,tsinghua_v_0696_r09.mp4,13091522,0.318288,1,
write,write,,,video_medium,mongo_gridfs,9,tsinghua_v_0696_r09.mp4,13091522,0.102067,1,
write,write,,,video_medium,polyglot,9,tsinghua_v_0696_r09.mp4,13091522,0.099816,1,
write,write,,,video_medium,pg_bytea,9,tsinghua_v_0734_r09.mp4,13091522,0.365423,1,
write,write,,,video_medium,mongo_gridfs,9,tsinghua_v_0734_r09.mp4,13091522,0.099296,1,
write,write,,,video_medium,polyglot,9,tsinghua_v_0734_r09.mp4,13091522,0.283380,1,
write,write,,,video_medium,mongo_gridfs,9,tsinghua_v_0737_r09.mp4,13091522,0.205126,1,
write,write,,,video_medium,pg_bytea,9,tsinghua_v_0737_r09.mp4,13091522,2.199426,1,
write,write,,,video_medium,polyglot,9,tsinghua_v_0737_r09.mp4,13091522,0.108788,1,
write,write,,,video_medium,mongo_gridfs,9,tsinghua_v_0744_r09.mp4,13091522,0.100305,1,
write,write,,,video_medium,pg_bytea,9,tsinghua_v_0744_r09.mp4,13091522,0.342381,1,
write,write,,,video_medium,polyglot,9,tsinghua_v_0744_r09.mp4,13091522,0.099456,1,
write,write,,,video_medium,polyglot,9,tsinghua_v_0745_r09.mp4,13091522,0.114406,1,
write,write,,,video_medium,mongo_gridfs,9,tsinghua_v_0745_r09.mp4,13091522,0.112281,1,
write,write,,,video_medium,pg_bytea,9,tsinghua_v_0745_r09.mp4,13091522,0.338421,1,
write,write,,,video_medium,mongo_gridfs,9,tsinghua_v_0769_r09.mp4,13091522,0.157979,1,
write,write,,,video_medium,pg_bytea,9,tsinghua_v_0769_r09.mp4,13091522,0.353574,1,
write,write,,,video_medium,polyglot,9,tsinghua_v_0769_r09.mp4,13091522,0.103766,1,
write,write,,,video_medium,mongo_gridfs,9,tsinghua_v_0791_r09.mp4,13091522,0.096199,1,
write,write,,,video_medium,pg_bytea,9,tsinghua_v_0791_r09.mp4,13091522,0.463590,1,
write,write,,,video_medium,polyglot,9,tsinghua_v_0791_r09.mp4,13091522,0.100589,1,
write,write,,,video_medium,polyglot,9,tsinghua_v_0792_r09.mp4,13091522,0.126090,1,
write,write,,,video_medium,mongo_gridfs,9,tsinghua_v_0792_r09.mp4,13091522,0.109679,1,
write,write,,,video_medium,pg_bytea,9,tsinghua_v_0792_r09.mp4,13091522,1.709499,1,
write,write,,,video_medium,pg_bytea,9,tsinghua_v_0857_r09.mp4,13091522,0.333822,1,
write,write,,,video_medium,mongo_gridfs,9,tsinghua_v_0857_r09.mp4,13091522,0.118387,1,
write,write,,,video_medium,polyglot,9,tsinghua_v_0857_r09.mp4,13091522,0.109923,1,
write,write,,,video_medium,polyglot,9,tsinghua_v_0866_r09.mp4,13091522,0.105738,1,
write,write,,,video_medium,mongo_gridfs,9,tsinghua_v_0866_r09.mp4,13091522,0.104860,1,
write,write,,,video_medium,pg_bytea,9,tsinghua_v_0866_r09.mp4,13091522,0.350693,1,
write,write,,,video_medium,mongo_gridfs,9,tsinghua_v_0880_r09.mp4,13091522,0.113384,1,
write,write,,,video_medium,polyglot,9,tsinghua_v_0880_r09.mp4,13091522,0.110115,1,
write,write,,,video_medium,pg_bytea,9,tsinghua_v_0880_r09.mp4,13091522,0.345747,1,
write,write,,,video_medium,pg_bytea,9,tsinghua_v_0888_r09.mp4,13091522,0.993184,1,
write,write,,,video_medium,polyglot,9,tsinghua_v_0888_r09.mp4,13091522,0.099029,1,
write,write,,,video_medium,mongo_gridfs,9,tsinghua_v_0888_r09.mp4,13091522,0.097560,1,
write,write,,,video_medium,pg_bytea,9,tsinghua_v_0901_r09.mp4,13091522,0.328145,1,
write,write,,,video_medium,mongo_gridfs,9,tsinghua_v_0901_r09.mp4,13091522,0.110059,1,
write,write,,,video_medium,polyglot,9,tsinghua_v_0901_r09.mp4,13091522,0.102497,1,
write,write,,,video_medium,polyglot,9,tsinghua_v_0937_r09.mp4,13091522,0.123349,1,
write,write,,,video_medium,pg_bytea,9,tsinghua_v_0937_r09.mp4,13091522,0.337215,1,
write,write,,,video_medium,mongo_gridfs,9,tsinghua_v_0937_r09.mp4,13091522,0.099352,1,
write,write,,,video_medium,mongo_gridfs,9,tsinghua_v_0939_r09.mp4,13091522,0.103819,1,
write,write,,,video_medium,polyglot,9,tsinghua_v_0939_r09.mp4,13091522,0.113919,1,
write,write,,,video_medium,pg_bytea,9,tsinghua_v_0939_r09.mp4,13091522,0.401692,1,
write,write,,,video_medium,pg_bytea,9,tsinghua_v_0961_r09.mp4,13091522,0.315565,1,
write,write,,,video_medium,polyglot,9,tsinghua_v_0961_r09.mp4,13091522,0.098559,1,
write,write,,,video_medium,mongo_gridfs,9,tsinghua_v_0961_r09.mp4,13091522,0.113972,1,
write,write,,,video_medium,mongo_gridfs,9,tsinghua_v_0977_r09.mp4,13091522,0.108882,1,
write,write,,,video_medium,pg_bytea,9,tsinghua_v_0977_r09.mp4,13091522,0.355141,1,
write,write,,,video_medium,polyglot,9,tsinghua_v_0977_r09.mp4,13091522,0.099902,1,
query,metadata_only,2,1,,mongo_gridfs,0,,,0.007985,20,
query,metadata_only,2,1,,pg_bytea,0,,,0.000696,20,
query,metadata_only,2,1,,polyglot,0,,,0.006588,20,
query,metadata_only,1,4,,mongo_gridfs,0,,,0.002656,10,
query,metadata_only,1,4,,polyglot,0,,,0.000438,10,
query,metadata_only,1,4,,pg_bytea,0,,,0.000412,10,
query,metadata_only,2,2,,mongo_gridfs,0,,,0.002462,60,
query,metadata_only,2,2,,pg_bytea,0,,,0.000511,60,
query,metadata_only,2,2,,polyglot,0,,,0.000480,60,
query,metadata_only,1,1,,pg_bytea,0,,,0.000438,60,
query,metadata_only,1,1,,polyglot,0,,,0.000435,60,
query,metadata_only,1,1,,mongo_gridfs,0,,,0.002731,60,
query,metadata_only,2,3,,pg_bytea,0,,,0.000400,20,
query,metadata_only,2,3,,polyglot,0,,,0.000674,20,
query,metadata_only,2,3,,mongo_gridfs,0,,,0.003760,20,
query,metadata_only,1,5,,polyglot,0,,,0.000541,10,
query,metadata_only,1,5,,mongo_gridfs,0,,,0.003906,10,
query,metadata_only,1,5,,pg_bytea,0,,,0.000390,10,
query,metadata_only,2,4,,mongo_gridfs,0,,,0.002049,20,
query,metadata_only,2,4,,pg_bytea,0,,,0.000395,20,
query,metadata_only,2,4,,polyglot,0,,,0.000362,20,
query,metadata_only,2,5,,pg_bytea,0,,,0.000349,20,
query,metadata_only,2,5,,mongo_gridfs,0,,,0.001868,20,
query,metadata_only,2,5,,polyglot,0,,,0.000359,20,
query,metadata_only,1,3,,mongo_gridfs,0,,,0.001871,30,
query,metadata_only,1,3,,polyglot,0,,,0.000333,30,
query,metadata_only,1,3,,pg_bytea,0,,,0.000337,30,
query,metadata_only,1,2,,mongo_gridfs,0,,,0.001759,30,
query,metadata_only,1,2,,pg_bytea,0,,,0.000350,30,
query,metadata_only,1,2,,polyglot,0,,,0.000325,30,
query,metadata_only,2,3,,pg_bytea,1,,,0.000353,20,
query,metadata_only,2,3,,mongo_gridfs,1,,,0.001783,20,
query,metadata_only,2,3,,polyglot,1,,,0.000352,20,
query,metadata_only,1,2,,pg_bytea,1,,,0.000352,30,
query,metadata_only,1,2,,polyglot,1,,,0.000382,30,
query,metadata_only,1,2,,mongo_gridfs,1,,,0.001721,30,
query,metadata_only,1,3,,mongo_gridfs,1,,,0.001782,30,
query,metadata_only,1,3,,pg_bytea,1,,,0.000393,30,
query,metadata_only,1,3,,polyglot,1,,,0.000360,30,
query,metadata_only,1,1,,pg_bytea,1,,,0.000360,60,
query,metadata_only,1,1,,mongo_gridfs,1,,,0.001805,60,
query,metadata_only,1,1,,polyglot,1,,,0.000382,60,
query,metadata_only,2,1,,pg_bytea,1,,,0.000377,20,
query,metadata_only,2,1,,polyglot,1,,,0.000338,20,
query,metadata_only,2,1,,mongo_gridfs,1,,,0.001800,20,
query,metadata_only,2,5,,mongo_gridfs,1,,,0.001846,20,
query,metadata_only,2,5,,polyglot,1,,,0.000323,20,
query,metadata_only,2,5,,pg_bytea,1,,,0.000357,20,
query,metadata_only,1,5,,polyglot,1,,,0.000309,10,
query,metadata_only,1,5,,pg_bytea,1,,,0.000317,10,
query,metadata_only,1,5,,mongo_gridfs,1,,,0.001832,10,
query,metadata_only,2,4,,pg_bytea,1,,,0.000344,20,
query,metadata_only,2,4,,mongo_gridfs,1,,,0.001725,20,
query,metadata_only,2,4,,polyglot,1,,,0.000357,20,
query,metadata_only,2,2,,pg_bytea,1,,,0.000357,60,
query,metadata_only,2,2,,mongo_gridfs,1,,,0.001829,60,
query,metadata_only,2,2,,polyglot,1,,,0.000339,60,
query,metadata_only,1,4,,polyglot,1,,,0.000312,10,
query,metadata_only,1,4,,mongo_gridfs,1,,,0.001772,10,
query,metadata_only,1,4,,pg_bytea,1,,,0.000355,10,
query,metadata_only,2,5,,polyglot,2,,,0.000341,20,
query,metadata_only,2,5,,mongo_gridfs,2,,,0.001767,20,
query,metadata_only,2,5,,pg_bytea,2,,,0.000325,20,
query,metadata_only,1,5,,mongo_gridfs,2,,,0.001704,10,
query,metadata_only,1,5,,pg_bytea,2,,,0.000319,10,
query,metadata_only,1,5,,polyglot,2,,,0.000310,10,
query,metadata_only,2,1,,pg_bytea,2,,,0.000308,20,
query,metadata_only,2,1,,mongo_gridfs,2,,,0.001787,20,
query,metadata_only,2,1,,polyglot,2,,,0.000335,20,
query,metadata_only,2,4,,polyglot,2,,,0.000314,20,
query,metadata_only,2,4,,mongo_gridfs,2,,,0.001935,20,
query,metadata_only,2,4,,pg_bytea,2,,,0.000344,20,
query,metadata_only,2,3,,pg_bytea,2,,,0.000325,20,
query,metadata_only,2,3,,mongo_gridfs,2,,,0.002620,20,
query,metadata_only,2,3,,polyglot,2,,,0.000351,20,
query,metadata_only,2,2,,pg_bytea,2,,,0.000303,60,
query,metadata_only,2,2,,polyglot,2,,,0.000280,60,
query,metadata_only,2,2,,mongo_gridfs,2,,,0.001724,60,
query,metadata_only,1,3,,polyglot,2,,,0.000286,30,
query,metadata_only,1,3,,mongo_gridfs,2,,,0.001720,30,
query,metadata_only,1,3,,pg_bytea,2,,,0.000300,30,
query,metadata_only,1,2,,pg_bytea,2,,,0.000312,30,
query,metadata_only,1,2,,polyglot,2,,,0.000284,30,
query,metadata_only,1,2,,mongo_gridfs,2,,,0.001731,30,
query,metadata_only,1,1,,pg_bytea,2,,,0.000339,60,
query,metadata_only,1,1,,polyglot,2,,,0.000300,60,
query,metadata_only,1,1,,mongo_gridfs,2,,,0.001772,60,
query,metadata_only,1,4,,pg_bytea,2,,,0.000305,10,
query,metadata_only,1,4,,polyglot,2,,,0.000310,10,
query,metadata_only,1,4,,mongo_gridfs,2,,,0.001759,10,
query,metadata_only,2,3,,mongo_gridfs,3,,,0.001788,20,
query,metadata_only,2,3,,pg_bytea,3,,,0.000323,20,
query,metadata_only,2,3,,polyglot,3,,,0.000310,20,
query,metadata_only,1,4,,mongo_gridfs,3,,,0.001768,10,
query,metadata_only,1,4,,pg_bytea,3,,,0.000337,10,
query,metadata_only,1,4,,polyglot,3,,,0.000326,10,
query,metadata_only,1,1,,polyglot,3,,,0.000376,60,
query,metadata_only,1,1,,mongo_gridfs,3,,,0.001903,60,
query,metadata_only,1,1,,pg_bytea,3,,,0.000366,60,
query,metadata_only,1,3,,mongo_gridfs,3,,,0.001807,30,
query,metadata_only,1,3,,pg_bytea,3,,,0.000320,30,
query,metadata_only,1,3,,polyglot,3,,,0.000335,30,
query,metadata_only,1,2,,polyglot,3,,,0.000337,30,
query,metadata_only,1,2,,mongo_gridfs,3,,,0.001973,30,
query,metadata_only,1,2,,pg_bytea,3,,,0.000375,30,
query,metadata_only,2,1,,mongo_gridfs,3,,,0.001955,20,
query,metadata_only,2,1,,pg_bytea,3,,,0.000411,20,
query,metadata_only,2,1,,polyglot,3,,,0.000344,20,
query,metadata_only,2,4,,mongo_gridfs,3,,,0.001936,20,
query,metadata_only,2,4,,pg_bytea,3,,,0.000399,20,
query,metadata_only,2,4,,polyglot,3,,,0.000407,20,
query,metadata_only,2,2,,polyglot,3,,,0.000443,60,
query,metadata_only,2,2,,pg_bytea,3,,,0.000455,60,
query,metadata_only,2,2,,mongo_gridfs,3,,,0.004593,60,
query,metadata_only,1,5,,mongo_gridfs,3,,,0.003243,10,
query,metadata_only,1,5,,pg_bytea,3,,,0.000351,10,
query,metadata_only,1,5,,polyglot,3,,,0.000330,10,
query,metadata_only,2,5,,mongo_gridfs,3,,,0.001724,20,
query,metadata_only,2,5,,polyglot,3,,,0.000348,20,
query,metadata_only,2,5,,pg_bytea,3,,,0.000365,20,
query,metadata_only,1,5,,polyglot,4,,,0.000349,10,
query,metadata_only,1,5,,pg_bytea,4,,,0.000328,10,
query,metadata_only,1,5,,mongo_gridfs,4,,,0.001774,10,
query,metadata_only,1,1,,pg_bytea,4,,,0.000393,60,
query,metadata_only,1,1,,mongo_gridfs,4,,,0.001835,60,
query,metadata_only,1,1,,polyglot,4,,,0.000341,60,
query,metadata_only,1,4,,polyglot,4,,,0.000322,10,
query,metadata_only,1,4,,mongo_gridfs,4,,,0.001789,10,
query,metadata_only,1,4,,pg_bytea,4,,,0.000334,10,
query,metadata_only,2,4,,mongo_gridfs,4,,,0.001754,20,
query,metadata_only,2,4,,pg_bytea,4,,,0.000321,20,
query,metadata_only,2,4,,polyglot,4,,,0.000339,20,
query,metadata_only,2,1,,mongo_gridfs,4,,,0.001752,20,
query,metadata_only,2,1,,pg_bytea,4,,,0.000335,20,
query,metadata_only,2,1,,polyglot,4,,,0.000308,20,
query,metadata_only,2,2,,polyglot,4,,,0.000353,60,
query,metadata_only,2,2,,pg_bytea,4,,,0.000328,60,
query,metadata_only,2,2,,mongo_gridfs,4,,,0.001810,60,
query,metadata_only,2,5,,mongo_gridfs,4,,,0.001763,20,
query,metadata_only,2,5,,polyglot,4,,,0.000341,20,
query,metadata_only,2,5,,pg_bytea,4,,,0.000327,20,
query,metadata_only,2,3,,pg_bytea,4,,,0.000319,20,
query,metadata_only,2,3,,polyglot,4,,,0.000296,20,
query,metadata_only,2,3,,mongo_gridfs,4,,,0.001735,20,
query,metadata_only,1,2,,pg_bytea,4,,,0.000325,30,
query,metadata_only,1,2,,mongo_gridfs,4,,,0.001748,30,
query,metadata_only,1,2,,polyglot,4,,,0.000362,30,
query,metadata_only,1,3,,polyglot,4,,,0.000332,30,
query,metadata_only,1,3,,pg_bytea,4,,,0.000363,30,
query,metadata_only,1,3,,mongo_gridfs,4,,,0.001770,30,
query,metadata_only,1,4,,mongo_gridfs,5,,,0.001754,10,
query,metadata_only,1,4,,pg_bytea,5,,,0.000379,10,
query,metadata_only,1,4,,polyglot,5,,,0.000329,10,
query,metadata_only,2,3,,mongo_gridfs,5,,,0.001705,20,
query,metadata_only,2,3,,pg_bytea,5,,,0.000352,20,
query,metadata_only,2,3,,polyglot,5,,,0.000311,20,
query,metadata_only,1,2,,pg_bytea,5,,,0.000324,30,
query,metadata_only,1,2,,polyglot,5,,,0.000302,30,
query,metadata_only,1,2,,mongo_gridfs,5,,,0.001828,30,
query,metadata_only,1,3,,mongo_gridfs,5,,,0.001806,30,
query,metadata_only,1,3,,pg_bytea,5,,,0.000351,30,
query,metadata_only,1,3,,polyglot,5,,,0.000322,30,
query,metadata_only,2,5,,polyglot,5,,,0.000311,20,
query,metadata_only,2,5,,pg_bytea,5,,,0.000324,20,
query,metadata_only,2,5,,mongo_gridfs,5,,,0.002306,20,
query,metadata_only,2,1,,mongo_gridfs,5,,,0.002690,20,
query,metadata_only,2,1,,polyglot,5,,,0.000327,20,
query,metadata_only,2,1,,pg_bytea,5,,,0.000340,20,
query,metadata_only,1,5,,polyglot,5,,,0.000322,10,
query,metadata_only,1,5,,pg_bytea,5,,,0.000311,10,
query,metadata_only,1,5,,mongo_gridfs,5,,,0.001795,10,
query,metadata_only,2,4,,polyglot,5,,,0.000377,20,
query,metadata_only,2,4,,pg_bytea,5,,,0.000302,20,
query,metadata_only,2,4,,mongo_gridfs,5,,,0.001752,20,
query,metadata_only,1,1,,polyglot,5,,,0.000352,60,
query,metadata_only,1,1,,pg_bytea,5,,,0.000324,60,
query,metadata_only,1,1,,mongo_gridfs,5,,,0.001825,60,
query,metadata_only,2,2,,polyglot,5,,,0.000383,60,
query,metadata_only,2,2,,pg_bytea,5,,,0.000348,60,
query,metadata_only,2,2,,mongo_gridfs,5,,,0.001809,60,
query,metadata_only,1,3,,mongo_gridfs,6,,,0.002166,30,
query,metadata_only,1,3,,pg_bytea,6,,,0.000327,30,
query,metadata_only,1,3,,polyglot,6,,,0.000340,30,
query,metadata_only,1,4,,mongo_gridfs,6,,,0.001728,10,
query,metadata_only,1,4,,polyglot,6,,,0.000335,10,
query,metadata_only,1,4,,pg_bytea,6,,,0.000321,10,
query,metadata_only,2,5,,mongo_gridfs,6,,,0.001752,20,
query,metadata_only,2,5,,pg_bytea,6,,,0.000355,20,
query,metadata_only,2,5,,polyglot,6,,,0.000319,20,
query,metadata_only,2,3,,pg_bytea,6,,,0.000356,20,
query,metadata_only,2,3,,polyglot,6,,,0.000311,20,
query,metadata_only,2,3,,mongo_gridfs,6,,,0.001838,20,
query,metadata_only,1,5,,mongo_gridfs,6,,,0.001997,10,
query,metadata_only,1,5,,pg_bytea,6,,,0.000316,10,
query,metadata_only,1,5,,polyglot,6,,,0.000347,10,
query,metadata_only,2,4,,polyglot,6,,,0.000297,20,
query,metadata_only,2,4,,mongo_gridfs,6,,,0.001697,20,
query,metadata_only,2,4,,pg_bytea,6,,,0.000286,20,
query,metadata_only,1,2,,mongo_gridfs,6,,,0.001725,30,
query,metadata_only,1,2,,polyglot,6,,,0.000290,30,
query,metadata_only,1,2,,pg_bytea,6,,,0.000281,30,
query,metadata_only,2,1,,polyglot,6,,,0.000276,20,
query,metadata_only,2,1,,pg_bytea,6,,,0.000280,20,
query,metadata_only,2,1,,mongo_gridfs,6,,,0.001730,20,
query,metadata_only,1,1,,polyglot,6,,,0.000311,60,
query,metadata_only,1,1,,mongo_gridfs,6,,,0.002236,60,
query,metadata_only,1,1,,pg_bytea,6,,,0.000352,60,
query,metadata_only,2,2,,mongo_gridfs,6,,,0.001775,60,
query,metadata_only,2,2,,polyglot,6,,,0.000363,60,
query,metadata_only,2,2,,pg_bytea,6,,,0.000344,60,
query,metadata_only,2,4,,pg_bytea,7,,,0.000324,20,
query,metadata_only,2,4,,polyglot,7,,,0.000326,20,
query,metadata_only,2,4,,mongo_gridfs,7,,,0.001805,20,
query,metadata_only,1,4,,polyglot,7,,,0.000319,10,
query,metadata_only,1,4,,mongo_gridfs,7,,,0.001728,10,
query,metadata_only,1,4,,pg_bytea,7,,,0.000305,10,
query,metadata_only,2,2,,pg_bytea,7,,,0.000325,60,
query,metadata_only,2,2,,mongo_gridfs,7,,,0.001969,60,
query,metadata_only,2,2,,polyglot,7,,,0.000381,60,
query,metadata_only,1,5,,polyglot,7,,,0.000346,10,
query,metadata_only,1,5,,mongo_gridfs,7,,,0.002429,10,
query,metadata_only,1,5,,pg_bytea,7,,,0.000322,10,
query,metadata_only,2,1,,polyglot,7,,,0.000299,20,
query,metadata_only,2,1,,mongo_gridfs,7,,,0.001755,20,
query,metadata_only,2,1,,pg_bytea,7,,,0.000280,20,
query,metadata_only,2,3,,pg_bytea,7,,,0.000277,20,
query,metadata_only,2,3,,polyglot,7,,,0.000320,20,
query,metadata_only,2,3,,mongo_gridfs,7,,,0.001837,20,
query,metadata_only,1,2,,polyglot,7,,,0.000329,30,
query,metadata_only,1,2,,pg_bytea,7,,,0.000312,30,
query,metadata_only,1,2,,mongo_gridfs,7,,,0.001829,30,
query,metadata_only,1,1,,pg_bytea,7,,,0.000328,60,
query,metadata_only,1,1,,mongo_gridfs,7,,,0.001868,60,
query,metadata_only,1,1,,polyglot,7,,,0.000370,60,
query,metadata_only,1,3,,pg_bytea,7,,,0.000338,30,
query,metadata_only,1,3,,mongo_gridfs,7,,,0.001859,30,
query,metadata_only,1,3,,polyglot,7,,,0.000300,30,
query,metadata_only,2,5,,mongo_gridfs,7,,,0.001887,20,
query,metadata_only,2,5,,polyglot,7,,,0.000331,20,
query,metadata_only,2,5,,pg_bytea,7,,,0.000330,20,
query,metadata_only,2,3,,pg_bytea,8,,,0.000331,20,
query,metadata_only,2,3,,mongo_gridfs,8,,,0.001857,20,
query,metadata_only,2,3,,polyglot,8,,,0.000323,20,
query,metadata_only,2,5,,mongo_gridfs,8,,,0.001854,20,
query,metadata_only,2,5,,pg_bytea,8,,,0.000331,20,
query,metadata_only,2,5,,polyglot,8,,,0.000311,20,
query,metadata_only,1,1,,polyglot,8,,,0.000373,60,
query,metadata_only,1,1,,mongo_gridfs,8,,,0.002048,60,
query,metadata_only,1,1,,pg_bytea,8,,,0.000429,60,
query,metadata_only,2,4,,pg_bytea,8,,,0.000306,20,
query,metadata_only,2,4,,mongo_gridfs,8,,,0.001790,20,
query,metadata_only,2,4,,polyglot,8,,,0.000311,20,
query,metadata_only,1,3,,mongo_gridfs,8,,,0.001786,30,
query,metadata_only,1,3,,polyglot,8,,,0.000288,30,
query,metadata_only,1,3,,pg_bytea,8,,,0.000274,30,
query,metadata_only,1,5,,polyglot,8,,,0.000279,10,
query,metadata_only,1,5,,pg_bytea,8,,,0.000267,10,
query,metadata_only,1,5,,mongo_gridfs,8,,,0.001679,10,
query,metadata_only,1,4,,polyglot,8,,,0.000298,10,
query,metadata_only,1,4,,mongo_gridfs,8,,,0.001702,10,
query,metadata_only,1,4,,pg_bytea,8,,,0.000286,10,
query,metadata_only,2,2,,pg_bytea,8,,,0.000281,60,
query,metadata_only,2,2,,mongo_gridfs,8,,,0.001735,60,
query,metadata_only,2,2,,polyglot,8,,,0.000361,60,
query,metadata_only,1,2,,pg_bytea,8,,,0.000318,30,
query,metadata_only,1,2,,mongo_gridfs,8,,,0.001813,30,
query,metadata_only,1,2,,polyglot,8,,,0.000331,30,
query,metadata_only,2,1,,mongo_gridfs,8,,,0.001744,20,
query,metadata_only,2,1,,pg_bytea,8,,,0.000313,20,
query,metadata_only,2,1,,polyglot,8,,,0.000320,20,
query,metadata_only,1,3,,mongo_gridfs,9,,,0.001851,30,
query,metadata_only,1,3,,pg_bytea,9,,,0.000316,30,
query,metadata_only,1,3,,polyglot,9,,,0.000309,30,
query,metadata_only,1,2,,mongo_gridfs,9,,,0.001720,30,
query,metadata_only,1,2,,polyglot,9,,,0.000354,30,
query,metadata_only,1,2,,pg_bytea,9,,,0.000311,30,
query,metadata_only,2,4,,pg_bytea,9,,,0.000302,20,
query,metadata_only,2,4,,mongo_gridfs,9,,,0.001860,20,
query,metadata_only,2,4,,polyglot,9,,,0.000379,20,
query,metadata_only,1,4,,mongo_gridfs,9,,,0.001863,10,
query,metadata_only,1,4,,polyglot,9,,,0.000342,10,
query,metadata_only,1,4,,pg_bytea,9,,,0.000349,10,
query,metadata_only,2,5,,mongo_gridfs,9,,,0.001736,20,
query,metadata_only,2,5,,pg_bytea,9,,,0.000312,20,
query,metadata_only,2,5,,polyglot,9,,,0.000340,20,
query,metadata_only,2,2,,mongo_gridfs,9,,,0.001954,60,
query,metadata_only,2,2,,polyglot,9,,,0.000347,60,
query,metadata_only,2,2,,pg_bytea,9,,,0.000352,60,
query,metadata_only,1,5,,mongo_gridfs,9,,,0.001827,10,
query,metadata_only,1,5,,polyglot,9,,,0.000321,10,
query,metadata_only,1,5,,pg_bytea,9,,,0.000342,10,
query,metadata_only,1,1,,polyglot,9,,,0.000360,60,
query,metadata_only,1,1,,mongo_gridfs,9,,,0.001746,60,
query,metadata_only,1,1,,pg_bytea,9,,,0.000338,60,
query,metadata_only,2,3,,pg_bytea,9,,,0.000340,20,
query,metadata_only,2,3,,mongo_gridfs,9,,,0.001768,20,
query,metadata_only,2,3,,polyglot,9,,,0.000314,20,
query,metadata_only,2,1,,polyglot,9,,,0.000322,20,
query,metadata_only,2,1,,pg_bytea,9,,,0.000297,20,
query,metadata_only,2,1,,mongo_gridfs,9,,,0.001777,20,
read,end_to_end,2,5,,mongo_gridfs,0,,,0.076597,20,True
read,end_to_end,2,5,,polyglot,0,,,0.060935,20,True
read,end_to_end,2,5,,pg_bytea,0,,,0.086090,20,True
read,end_to_end,2,2,,mongo_gridfs,0,,,3.757570,60,True
read,end_to_end,2,2,,pg_bytea,0,,,7.371445,60,True
read,end_to_end,2,2,,polyglot,0,,,3.852019,60,True
read,end_to_end,1,2,,mongo_gridfs,0,,,0.485019,30,True
read,end_to_end,1,2,,pg_bytea,0,,,0.757880,30,True
read,end_to_end,1,2,,polyglot,0,,,0.439317,30,True
read,end_to_end,1,4,,mongo_gridfs,0,,,0.040498,10,True
read,end_to_end,1,4,,polyglot,0,,,0.031311,10,True
read,end_to_end,1,4,,pg_bytea,0,,,0.044535,10,True
read,end_to_end,1,1,,polyglot,0,,,3.437771,60,True
read,end_to_end,1,1,,pg_bytea,0,,,9.120584,60,True
read,end_to_end,1,1,,mongo_gridfs,0,,,3.584677,60,True
read,end_to_end,1,3,,pg_bytea,0,,,0.782972,30,True
read,end_to_end,1,3,,mongo_gridfs,0,,,0.490221,30,True
read,end_to_end,1,3,,polyglot,0,,,0.484304,30,True
read,end_to_end,2,4,,mongo_gridfs,0,,,0.437930,20,True
read,end_to_end,2,4,,pg_bytea,0,,,0.690821,20,True
read,end_to_end,2,4,,polyglot,0,,,0.427763,20,True
read,end_to_end,2,3,,mongo_gridfs,0,,,0.086070,20,True
read,end_to_end,2,3,,pg_bytea,0,,,0.107725,20,True
read,end_to_end,2,3,,polyglot,0,,,0.089409,20,True
read,end_to_end,2,1,,polyglot,0,,,0.085224,20,True
read,end_to_end,2,1,,mongo_gridfs,0,,,0.087505,20,True
read,end_to_end,2,1,,pg_bytea,0,,,0.111713,20,True
read,end_to_end,1,5,,pg_bytea,0,,,0.044799,10,True
read,end_to_end,1,5,,mongo_gridfs,0,,,0.040108,10,True
read,end_to_end,1,5,,polyglot,0,,,0.033886,10,True
read,end_to_end,2,4,,mongo_gridfs,1,,,0.315645,20,True
read,end_to_end,2,4,,pg_bytea,1,,,0.593554,20,True
read,end_to_end,2,4,,polyglot,1,,,0.318021,20,True
read,end_to_end,2,3,,polyglot,1,,,0.069388,20,True
read,end_to_end,2,3,,mongo_gridfs,1,,,0.071294,20,True
read,end_to_end,2,3,,pg_bytea,1,,,0.108703,20,True
read,end_to_end,2,5,,mongo_gridfs,1,,,0.069984,20,True
read,end_to_end,2,5,,pg_bytea,1,,,0.079107,20,True
read,end_to_end,2,5,,polyglot,1,,,0.064776,20,True
read,end_to_end,1,2,,mongo_gridfs,1,,,0.466159,30,True
read,end_to_end,1,2,,polyglot,1,,,0.437285,30,True
read,end_to_end,1,2,,pg_bytea,1,,,0.919734,30,True
read,end_to_end,2,1,,polyglot,1,,,0.076423,20,True
read,end_to_end,2,1,,mongo_gridfs,1,,,0.071901,20,True
read,end_to_end,2,1,,pg_bytea,1,,,0.109295,20,True
read,end_to_end,1,3,,mongo_gridfs,1,,,0.363748,30,True
read,end_to_end,1,3,,polyglot,1,,,0.386661,30,True
read,end_to_end,1,3,,pg_bytea,1,,,0.670243,30,True
read,end_to_end,1,4,,polyglot,1,,,0.036390,10,True
read,end_to_end,1,4,,pg_bytea,1,,,0.045131,10,True
read,end_to_end,1,4,,mongo_gridfs,1,,,0.035324,10,True
read,end_to_end,2,2,,mongo_gridfs,1,,,2.876468,60,True
read,end_to_end,2,2,,polyglot,1,,,2.807966,60,True
read,end_to_end,2,2,,pg_bytea,1,,,6.038129,60,True
read,end_to_end,1,1,,polyglot,1,,,3.256453,60,True
read,end_to_end,1,1,,mongo_gridfs,1,,,3.150563,60,True
read,end_to_end,1,1,,pg_bytea,1,,,6.700257,60,True
read,end_to_end,1,5,,pg_bytea,1,,,1.718082,10,True
read,end_to_end,1,5,,polyglot,1,,,0.077875,10,True
read,end_to_end,1,5,,mongo_gridfs,1,,,0.056710,10,True
read,end_to_end,1,5,,pg_bytea,2,,,0.036573,10,True
read,end_to_end,1,5,,mongo_gridfs,2,,,0.026995,10,True
read,end_to_end,1,5,,polyglot,2,,,0.024321,10,True
read,end_to_end,2,1,,pg_bytea,2,,,0.181010,20,True
read,end_to_end,2,1,,polyglot,2,,,0.093903,20,True
read,end_to_end,2,1,,mongo_gridfs,2,,,0.089032,20,True
read,end_to_end,1,1,,polyglot,2,,,3.370145,60,True
read,end_to_end,1,1,,pg_bytea,2,,,6.626273,60,True
read,end_to_end,1,1,,mongo_gridfs,2,,,3.528450,60,True
read,end_to_end,2,3,,mongo_gridfs,2,,,0.136201,20,True
read,end_to_end,2,3,,pg_bytea,2,,,0.141959,20,True
read,end_to_end,2,3,,polyglot,2,,,0.112431,20,True
read,end_to_end,1,4,,pg_bytea,2,,,0.050331,10,True
read,end_to_end,1,4,,polyglot,2,,,0.046214,10,True
read,end_to_end,1,4,,mongo_gridfs,2,,,0.049131,10,True
read,end_to_end,2,4,,pg_bytea,2,,,0.833215,20,True
read,end_to_end,2,4,,mongo_gridfs,2,,,0.562566,20,True
read,end_to_end,2,4,,polyglot,2,,,0.553653,20,True
read,end_to_end,2,5,,mongo_gridfs,2,,,0.089230,20,True
read,end_to_end,2,5,,polyglot,2,,,0.069943,20,True
read,end_to_end,2,5,,pg_bytea,2,,,0.091003,20,True
read,end_to_end,1,3,,pg_bytea,2,,,0.974066,30,True
read,end_to_end,1,3,,mongo_gridfs,2,,,0.632961,30,True
read,end_to_end,1,3,,polyglot,2,,,0.618537,30,True
read,end_to_end,1,2,,mongo_gridfs,2,,,0.721623,30,True
read,end_to_end,1,2,,pg_bytea,2,,,1.096705,30,True
read,end_to_end,1,2,,polyglot,2,,,0.750042,30,True
read,end_to_end,2,2,,pg_bytea,2,,,8.483881,60,True
read,end_to_end,2,2,,mongo_gridfs,2,,,5.884423,60,True
read,end_to_end,2,2,,polyglot,2,,,3.145520,60,True
read,end_to_end,2,5,,polyglot,3,,,0.076383,20,True
read,end_to_end,2,5,,pg_bytea,3,,,0.083031,20,True
read,end_to_end,2,5,,mongo_gridfs,3,,,0.069598,20,True
read,end_to_end,2,2,,pg_bytea,3,,,6.790010,60,True
read,end_to_end,2,2,,polyglot,3,,,5.477694,60,True
read,end_to_end,2,2,,mongo_gridfs,3,,,3.008930,60,True
read,end_to_end,1,5,,mongo_gridfs,3,,,0.048702,10,True
read,end_to_end,1,5,,polyglot,3,,,0.035804,10,True
read,end_to_end,1,5,,pg_bytea,3,,,0.046443,10,True
read,end_to_end,2,1,,pg_bytea,3,,,0.123095,20,True
read,end_to_end,2,1,,polyglot,3,,,0.106284,20,True
read,end_to_end,2,1,,mongo_gridfs,3,,,0.093376,20,True
read,end_to_end,2,3,,pg_bytea,3,,,0.128159,20,True
read,end_to_end,2,3,,mongo_gridfs,3,,,0.092471,20,True
read,end_to_end,2,3,,polyglot,3,,,0.095917,20,True
read,end_to_end,1,3,,polyglot,3,,,0.491663,30,True
read,end_to_end,1,3,,mongo_gridfs,3,,,0.473123,30,True
read,end_to_end,1,3,,pg_bytea,3,,,0.778571,30,True
read,end_to_end,1,4,,polyglot,3,,,0.042061,10,True
read,end_to_end,1,4,,pg_bytea,3,,,0.045799,10,True
read,end_to_end,1,4,,mongo_gridfs,3,,,0.034183,10,True
read,end_to_end,1,1,,mongo_gridfs,3,,,3.469436,60,True
read,end_to_end,1,1,,pg_bytea,3,,,7.389460,60,True
read,end_to_end,1,1,,polyglot,3,,,4.132040,60,True
read,end_to_end,2,4,,polyglot,3,,,0.420725,20,True
read,end_to_end,2,4,,pg_bytea,3,,,0.722462,20,True
read,end_to_end,2,4,,mongo_gridfs,3,,,0.407443,20,True
read,end_to_end,1,2,,mongo_gridfs,3,,,0.468446,30,True
read,end_to_end,1,2,,pg_bytea,3,,,0.921854,30,True
read,end_to_end,1,2,,polyglot,3,,,0.522634,30,True
read,end_to_end,1,5,,mongo_gridfs,4,,,0.051448,10,True
read,end_to_end,1,5,,pg_bytea,4,,,0.126977,10,True
read,end_to_end,1,5,,polyglot,4,,,0.050643,10,True
read,end_to_end,1,4,,pg_bytea,4,,,0.121900,10,True
read,end_to_end,1,4,,mongo_gridfs,4,,,0.066408,10,True
read,end_to_end,1,4,,polyglot,4,,,0.055862,10,True
read,end_to_end,2,5,,mongo_gridfs,4,,,0.105380,20,True
read,end_to_end,2,5,,pg_bytea,4,,,0.182055,20,True
read,end_to_end,2,5,,polyglot,4,,,0.068358,20,True
read,end_to_end,2,4,,pg_bytea,4,,,0.628336,20,True
read,end_to_end,2,4,,polyglot,4,,,0.309345,20,True
read,end_to_end,2,4,,mongo_gridfs,4,,,0.309465,20,True
read,end_to_end,2,3,,mongo_gridfs,4,,,0.092206,20,True
read,end_to_end,2,3,,polyglot,4,,,0.088541,20,True
read,end_to_end,2,3,,pg_bytea,4,,,0.112835,20,True
read,end_to_end,1,1,,polyglot,4,,,3.293926,60,True
read,end_to_end,1,1,,mongo_gridfs,4,,,3.350003,60,True
read,end_to_end,1,1,,pg_bytea,4,,,7.294033,60,True
read,end_to_end,2,1,,polyglot,4,,,0.568701,20,True
read,end_to_end,2,1,,mongo_gridfs,4,,,0.139519,20,True
read,end_to_end,2,1,,pg_bytea,4,,,0.292480,20,True
read,end_to_end,1,3,,mongo_gridfs,4,,,0.657241,30,True
read,end_to_end,1,3,,pg_bytea,4,,,0.874372,30,True
read,end_to_end,1,3,,polyglot,4,,,0.483184,30,True
read,end_to_end,1,2,,pg_bytea,4,,,0.896247,30,True
read,end_to_end,1,2,,polyglot,4,,,0.505237,30,True
read,end_to_end,1,2,,mongo_gridfs,4,,,0.484759,30,True
read,end_to_end,2,2,,mongo_gridfs,4,,,3.196823,60,True
read,end_to_end,2,2,,pg_bytea,4,,,6.680246,60,True
read,end_to_end,2,2,,polyglot,4,,,3.539814,60,True
read,end_to_end,1,5,,pg_bytea,5,,,0.047358,10,True
read,end_to_end,1,5,,mongo_gridfs,5,,,0.033780,10,True
read,end_to_end,1,5,,polyglot,5,,,0.028703,10,True
read,end_to_end,1,2,,polyglot,5,,,0.438218,30,True
read,end_to_end,1,2,,pg_bytea,5,,,0.797698,30,True
read,end_to_end,1,2,,mongo_gridfs,5,,,0.493624,30,True
read,end_to_end,2,2,,mongo_gridfs,5,,,4.270074,60,True
read,end_to_end,2,2,,polyglot,5,,,7.001564,60,True
read,end_to_end,2,2,,pg_bytea,5,,,23.219298,60,True
read,end_to_end,2,3,,pg_bytea,5,,,0.903428,20,True
read,end_to_end,2,3,,polyglot,5,,,0.875431,20,True
read,end_to_end,2,3,,mongo_gridfs,5,,,0.369776,20,True
read,end_to_end,1,3,,polyglot,5,,,0.711458,30,True
read,end_to_end,1,3,,pg_bytea,5,,,1.024743,30,True
read,end_to_end,1,3,,mongo_gridfs,5,,,0.806245,30,True
read,end_to_end,2,4,,pg_bytea,5,,,1.028784,20,True
read,end_to_end,2,4,,mongo_gridfs,5,,,1.403324,20,True
read,end_to_end,2,4,,polyglot,5,,,0.601625,20,True
read,end_to_end,2,5,,mongo_gridfs,5,,,0.084184,20,True
read,end_to_end,2,5,,polyglot,5,,,0.068688,20,True
read,end_to_end,2,5,,pg_bytea,5,,,0.089372,20,True
read,end_to_end,2,1,,polyglot,5,,,0.091652,20,True
read,end_to_end,2,1,,mongo_gridfs,5,,,0.110126,20,True
read,end_to_end,2,1,,pg_bytea,5,,,0.115210,20,True
read,end_to_end,1,1,,polyglot,5,,,6.233285,60,True
read,end_to_end,1,1,,pg_bytea,5,,,11.677694,60,True
read,end_to_end,1,1,,mongo_gridfs,5,,,4.980599,60,True
read,end_to_end,1,4,,pg_bytea,5,,,0.068457,10,True
read,end_to_end,1,4,,polyglot,5,,,0.052593,10,True
read,end_to_end,1,4,,mongo_gridfs,5,,,0.043446,10,True
read,end_to_end,1,4,,pg_bytea,6,,,0.041965,10,True
read,end_to_end,1,4,,polyglot,6,,,0.026514,10,True
read,end_to_end,1,4,,mongo_gridfs,6,,,0.028023,10,True
read,end_to_end,1,1,,mongo_gridfs,6,,,3.647494,60,True
read,end_to_end,1,1,,pg_bytea,6,,,6.700175,60,True
read,end_to_end,1,1,,polyglot,6,,,5.570496,60,True
read,end_to_end,1,3,,mongo_gridfs,6,,,0.577919,30,True
read,end_to_end,1,3,,pg_bytea,6,,,0.871562,30,True
read,end_to_end,1,3,,polyglot,6,,,0.544670,30,True
read,end_to_end,1,2,,polyglot,6,,,0.581723,30,True
read,end_to_end,1,2,,mongo_gridfs,6,,,0.538788,30,True
read,end_to_end,1,2,,pg_bytea,6,,,0.902190,30,True
read,end_to_end,2,1,,mongo_gridfs,6,,,0.119304,20,True
read,end_to_end,2,1,,pg_bytea,6,,,0.129831,20,True
read,end_to_end,2,1,,polyglot,6,,,0.101018,20,True
read,end_to_end,2,3,,mongo_gridfs,6,,,0.113544,20,True
read,end_to_end,2,3,,pg_bytea,6,,,0.113275,20,True
read,end_to_end,2,3,,polyglot,6,,,0.106132,20,True
read,end_to_end,2,2,,polyglot,6,,,3.425356,60,True
read,end_to_end,2,2,,mongo_gridfs,6,,,3.165935,60,True
read,end_to_end,2,2,,pg_bytea,6,,,6.488726,60,True
read,end_to_end,1,5,,pg_bytea,6,,,0.104197,10,True
read,end_to_end,1,5,,mongo_gridfs,6,,,0.086217,10,True
read,end_to_end,1,5,,polyglot,6,,,0.039715,10,True
read,end_to_end,2,4,,pg_bytea,6,,,0.852342,20,True
read,end_to_end,2,4,,polyglot,6,,,0.472082,20,True
read,end_to_end,2,4,,mongo_gridfs,6,,,0.509686,20,True
read,end_to_end,2,5,,pg_bytea,6,,,0.093017,20,True
read,end_to_end,2,5,,polyglot,6,,,0.078217,20,True
read,end_to_end,2,5,,mongo_gridfs,6,,,0.086198,20,True
read,end_to_end,2,5,,polyglot,7,,,0.058073,20,True
read,end_to_end,2,5,,mongo_gridfs,7,,,0.051709,20,True
read,end_to_end,2,5,,pg_bytea,7,,,0.075201,20,True
read,end_to_end,2,4,,pg_bytea,7,,,0.635403,20,True
read,end_to_end,2,4,,mongo_gridfs,7,,,0.321290,20,True
read,end_to_end,2,4,,polyglot,7,,,0.320522,20,True
read,end_to_end,1,4,,polyglot,7,,,0.042196,10,True
read,end_to_end,1,4,,pg_bytea,7,,,0.047543,10,True
read,end_to_end,1,4,,mongo_gridfs,7,,,0.042341,10,True
read,end_to_end,2,3,,polyglot,7,,,0.109401,20,True
read,end_to_end,2,3,,pg_bytea,7,,,0.156691,20,True
read,end_to_end,2,3,,mongo_gridfs,7,,,0.113667,20,True
read,end_to_end,1,3,,polyglot,7,,,0.604597,30,True
read,end_to_end,1,3,,pg_bytea,7,,,0.854809,30,True
read,end_to_end,1,3,,mongo_gridfs,7,,,0.500079,30,True
read,end_to_end,1,2,,mongo_gridfs,7,,,0.570473,30,True
read,end_to_end,1,2,,polyglot,7,,,0.467482,30,True
read,end_to_end,1,2,,pg_bytea,7,,,0.757840,30,True
read,end_to_end,1,5,,polyglot,7,,,0.035945,10,True
read,end_to_end,1,5,,pg_bytea,7,,,0.038478,10,True
read,end_to_end,1,5,,mongo_gridfs,7,,,0.030847,10,True
read,end_to_end,2,2,,mongo_gridfs,7,,,3.678158,60,True
read,end_to_end,2,2,,polyglot,7,,,3.646001,60,True
read,end_to_end,2,2,,pg_bytea,7,,,6.435559,60,True
read,end_to_end,1,1,,polyglot,7,,,3.664334,60,True
read,end_to_end,1,1,,mongo_gridfs,7,,,3.909063,60,True
read,end_to_end,1,1,,pg_bytea,7,,,8.505215,60,True
read,end_to_end,2,1,,polyglot,7,,,0.722191,20,True
read,end_to_end,2,1,,pg_bytea,7,,,0.301183,20,True
read,end_to_end,2,1,,mongo_gridfs,7,,,0.332284,20,True
read,end_to_end,1,3,,pg_bytea,8,,,1.663152,30,True
read,end_to_end,1,3,,mongo_gridfs,8,,,1.381170,30,True
read,end_to_end,1,3,,polyglot,8,,,0.763748,30,True
read,end_to_end,1,2,,mongo_gridfs,8,,,0.739269,30,True
read,end_to_end,1,2,,pg_bytea,8,,,0.868908,30,True
read,end_to_end,1,2,,polyglot,8,,,0.562006,30,True
read,end_to_end,2,5,,polyglot,8,,,0.092106,20,True
read,end_to_end,2,5,,pg_bytea,8,,,0.108439,20,True
read,end_to_end,2,5,,mongo_gridfs,8,,,0.078922,20,True
read,end_to_end,1,4,,pg_bytea,8,,,0.050652,10,True
read,end_to_end,1,4,,polyglot,8,,,0.042501,10,True
read,end_to_end,1,4,,mongo_gridfs,8,,,0.041444,10,True
read,end_to_end,2,3,,polyglot,8,,,0.106130,20,True
read,end_to_end,2,3,,mongo_gridfs,8,,,0.104192,20,True
read,end_to_end,2,3,,pg_bytea,8,,,0.118283,20,True
read,end_to_end,1,5,,mongo_gridfs,8,,,0.041207,10,True
read,end_to_end,1,5,,polyglot,8,,,0.033976,10,True
read,end_to_end,1,5,,pg_bytea,8,,,0.042793,10,True
read,end_to_end,2,4,,mongo_gridfs,8,,,0.562392,20,True
read,end_to_end,2,4,,pg_bytea,8,,,1.120943,20,True
read,end_to_end,2,4,,polyglot,8,,,0.583383,20,True
read,end_to_end,2,1,,polyglot,8,,,0.134315,20,True
read,end_to_end,2,1,,mongo_gridfs,8,,,0.149936,20,True
read,end_to_end,2,1,,pg_bytea,8,,,0.115180,20,True
read,end_to_end,2,2,,mongo_gridfs,8,,,3.719153,60,True
read,end_to_end,2,2,,pg_bytea,8,,,9.491366,60,True
read,end_to_end,2,2,,polyglot,8,,,3.851834,60,True
read,end_to_end,1,1,,mongo_gridfs,8,,,3.524372,60,True
read,end_to_end,1,1,,polyglot,8,,,3.601261,60,True
read,end_to_end,1,1,,pg_bytea,8,,,7.184939,60,True
read,end_to_end,1,2,,polyglot,9,,,0.587948,30,True
read,end_to_end,1,2,,pg_bytea,9,,,0.833232,30,True
read,end_to_end,1,2,,mongo_gridfs,9,,,0.509301,30,True
read,end_to_end,2,1,,pg_bytea,9,,,0.113718,20,True
read,end_to_end,2,1,,polyglot,9,,,0.091075,20,True
read,end_to_end,2,1,,mongo_gridfs,9,,,0.086866,20,True
read,end_to_end,1,1,,mongo_gridfs,9,,,3.624598,60,True
read,end_to_end,1,1,,pg_bytea,9,,,6.553871,60,True
read,end_to_end,1,1,,polyglot,9,,,3.370219,60,True
read,end_to_end,2,3,,pg_bytea,9,,,0.127652,20,True
read,end_to_end,2,3,,polyglot,9,,,0.103941,20,True
read,end_to_end,2,3,,mongo_gridfs,9,,,0.092108,20,True
read,end_to_end,1,5,,pg_bytea,9,,,0.045296,10,True
read,end_to_end,1,5,,mongo_gridfs,9,,,0.033320,10,True
read,end_to_end,1,5,,polyglot,9,,,0.029228,10,True
read,end_to_end,2,2,,pg_bytea,9,,,6.027345,60,True
read,end_to_end,2,2,,polyglot,9,,,3.113428,60,True
read,end_to_end,2,2,,mongo_gridfs,9,,,3.040173,60,True
read,end_to_end,1,3,,pg_bytea,9,,,0.771736,30,True
read,end_to_end,1,3,,mongo_gridfs,9,,,0.489635,30,True
read,end_to_end,1,3,,polyglot,9,,,0.490851,30,True
read,end_to_end,2,4,,mongo_gridfs,9,,,0.396846,20,True
read,end_to_end,2,4,,polyglot,9,,,0.415607,20,True
read,end_to_end,2,4,,pg_bytea,9,,,0.655942,20,True
read,end_to_end,1,4,,mongo_gridfs,9,,,0.042403,10,True
read,end_to_end,1,4,,polyglot,9,,,0.030917,10,True
read,end_to_end,1,4,,pg_bytea,9,,,0.044116,10,True
read,end_to_end,2,5,,mongo_gridfs,9,,,0.065385,20,True
read,end_to_end,2,5,,pg_bytea,9,,,0.082601,20,True
read,end_to_end,2,5,,polyglot,9,,,0.061618,20,True
