phase,query_type,actor,emotion,bucket,approach,rep,stored_name,filesize_bytes,elapsed_seconds,n_files,checksum_ok
write,write,,,audio_small,polyglot,0,03-01-01-01-01-02-19_r00.wav,375720,0.023232,1,
write,write,,,audio_small,pg_bytea,0,03-01-01-01-01-02-19_r00.wav,375720,0.028216,1,
write,write,,,audio_small,mongo_gridfs,0,03-01-01-01-01-02-19_r00.wav,375720,0.007585,1,
write,write,,,audio_small,mongo_gridfs,0,03-01-01-01-02-02-05_r00.wav,396294,0.006851,1,
write,write,,,audio_small,pg_bytea,0,03-01-01-01-02-02-05_r00.wav,396294,0.014009,1,
write,write,,,audio_small,polyglot,0,03-01-01-01-02-02-05_r00.wav,396294,0.007262,1,
write,write,,,audio_small,polyglot,0,03-01-01-01-02-02-06_r00.wav,363108,0.006820,1,
write,write,,,audio_small,mongo_gridfs,0,03-01-01-01-02-02-06_r00.wav,363108,0.005193,1,
write,write,,,audio_small,pg_bytea,0,03-01-01-01-02-02-06_r00.wav,363108,0.026066,1,
write,write,,,audio_small,mongo_gridfs,0,03-01-01-01-02-02-07_r00.wav,363108,0.008297,1,
write,write,,,audio_small,pg_bytea,0,03-01-01-01-02-02-07_r00.wav,363108,0.013799,1,
write,write,,,audio_small,polyglot,0,03-01-01-01-02-02-07_r00.wav,363108,0.006035,1,
write,write,,,audio_small,polyglot,0,03-01-01-01-02-02-11_r00.wav,375720,0.006881,1,
write,write,,,audio_small,mongo_gridfs,0,03-01-01-01-02-02-11_r00.wav,375720,0.004713,1,
write,write,,,audio_small,pg_bytea,0,03-01-01-01-02-02-11_r00.wav,375720,0.009038,1,
write,write,,,audio_small,mongo_gridfs,0,03-01-01-01-02-02-12_r00.wav,372698,0.005188,1,
write,write,,,audio_small,polyglot,0,03-01-01-01-02-02-12_r00.wav,372698,0.004953,1,
write,write,,,audio_small,pg_bytea,0,03-01-01-01-02-02-12_r00.wav,372698,0.008745,1,
write,write,,,audio_small,polyglot,0,03-01-01-01-02-02-13_r00.wav,363108,0.005465,1,
write,write,,,audio_small,mongo_gridfs,0,03-01-01-01-02-02-13_r00.wav,363108,0.004518,1,
write,write,,,audio_small,pg_bytea,0,03-01-01-01-02-02-13_r00.wav,363108,0.008834,1,
write,write,,,audio_small,pg_bytea,0,03-01-01-02-01-02-05_r00.wav,393086,0.009739,1,
write,write,,,audio_small,polyglot,0,03-01-01-02-01-02-05_r00.wav,393086,0.005497,1,
write,write,,,audio_small,mongo_gridfs,0,03-01-01-02-01-02-05_r00.wav,393086,0.004957,1,
write,write,,,audio_small,polyglot,0,03-01-01-02-01-02-06_r00.wav,363108,0.005471,1,
write,write,,,audio_small,pg_bytea,0,03-01-01-02-01-02-06_r00.wav,363108,0.008885,1,
write,write,,,audio_small,mongo_gridfs,0,03-01-01-02-01-02-06_r00.wav,363108,0.005206,1,
write,write,,,audio_small,polyglot,0,03-01-01-02-01-02-07_r00.wav,372698,0.004829,1,
write,write,,,audio_small,pg_bytea,0,03-01-01-02-01-02-07_r00.wav,372698,0.008637,1,
write,write,,,audio_small,mongo_gridfs,0,03-01-01-02-01-02-07_r00.wav,372698,0.004544,1,
write,write,,,audio_small,pg_bytea,0,03-01-01-02-01-02-13_r00.wav,399494,0.009689,1,
write,write,,,audio_small,polyglot,0,03-01-01-02-01-02-13_r00.wav,399494,0.006170,1,
write,write,,,audio_small,mongo_gridfs,0,03-01-01-02-01-02-13_r00.wav,399494,0.004906,1,
write,write,,,audio_small,mongo_gridfs,0,03-01-01-02-02-02-19_r00.wav,372698,0.004855,1,
write,write,,,audio_small,pg_bytea,0,03-01-01-02-02-02-19_r00.wav,372698,0.009483,1,
write,write,,,audio_small,polyglot,0,03-01-01-02-02-02-19_r00.wav,372698,0.005313,1,
write,write,,,audio_small,pg_bytea,0,03-01-02-01-01-01-19_r00.wav,372698,0.009882,1,
write,write,,,audio_small,polyglot,0,03-01-02-01-01-01-19_r00.wav,372698,0.005461,1,
write,write,,,audio_small,mongo_gridfs,0,03-01-02-01-01-01-19_r00.wav,372698,0.004861,1,
write,write,,,audio_small,polyglot,0,03-01-02-01-02-01-06_r00.wav,363108,0.004774,1,
write,write,,,audio_small,mongo_gridfs,0,03-01-02-01-02-01-06_r00.wav,363108,0.007048,1,
write,write,,,audio_small,pg_bytea,0,03-01-02-01-02-01-06_r00.wav,363108,0.009103,1,
write,write,,,audio_small,mongo_gridfs,0,03-01-02-01-02-01-07_r00.wav,399494,0.005684,1,
write,write,,,audio_small,pg_bytea,0,03-01-02-01-02-01-07_r00.wav,399494,0.009434,1,
write,write,,,audio_small,polyglot,0,03-01-02-01-02-01-07_r00.wav,399494,0.005536,1,
write,write,,,audio_small,polyglot,0,03-01-02-01-02-01-11_r00.wav,375720,0.004854,1,
write,write,,,audio_small,mongo_gridfs,0,03-01-02-01-02-01-11_r00.wav,375720,0.005027,1,
write,write,,,audio_small,pg_bytea,0,03-01-02-01-02-01-11_r00.wav,375720,0.009835,1,
write,write,,,audio_small,mongo_gridfs,0,03-01-02-01-02-01-12_r00.wav,372698,0.003957,1,
write,write,,,audio_small,polyglot,0,03-01-02-01-02-01-12_r00.wav,372698,0.004307,1,
write,write,,,audio_small,pg_bytea,0,03-01-02-01-02-01-12_r00.wav,372698,0.008762,1,
write,write,,,audio_small,mongo_gridfs,0,03-01-02-01-02-01-13_r00.wav,379106,0.005078,1,
write,write,,,audio_small,pg_bytea,0,03-01-02-01-02-01-13_r00.wav,379106,0.009021,1,
write,write,,,audio_small,polyglot,0,03-01-02-01-02-01-13_r00.wav,379106,0.006255,1,
write,write,,,audio_small,mongo_gridfs,0,03-01-02-02-01-01-05_r00.wav,363108,0.004354,1,
write,write,,,audio_small,pg_bytea,0,03-01-02-02-01-01-05_r00.wav,363108,0.009509,1,
write,write,,,audio_small,polyglot,0,03-01-02-02-01-01-05_r00.wav,363108,0.005177,1,
write,write,,,audio_small,mongo_gridfs,0,03-01-02-02-01-01-11_r00.wav,363108,0.004611,1,
write,write,,,audio_small,pg_bytea,0,03-01-02-02-01-01-11_r00.wav,363108,0.008879,1,
write,write,,,audio_small,polyglot,0,03-01-02-02-01-01-11_r00.wav,363108,0.004613,1,
write,write,,,audio_small,mongo_gridfs,0,03-01-02-02-01-01-12_r00.wav,399494,0.004759,1,
write,write,,,audio_small,pg_bytea,0,03-01-02-02-01-01-12_r00.wav,399494,0.009581,1,
write,write,,,audio_small,polyglot,0,03-01-02-02-01-01-12_r00.wav,399494,0.005781,1,
write,write,,,audio_small,polyglot,0,03-01-02-02-01-01-13_r00.wav,399494,0.005212,1,
write,write,,,audio_small,mongo_gridfs,0,03-01-02-02-01-01-13_r00.wav,399494,0.004367,1,
write,write,,,audio_small,pg_bytea,0,03-01-02-02-01-01-13_r00.wav,399494,0.009511,1,
write,write,,,audio_small,mongo_gridfs,0,03-01-02-02-02-01-19_r00.wav,379106,0.005421,1,
write,write,,,audio_small,pg_bytea,0,03-01-02-02-02-01-19_r00.wav,379106,0.009369,1,
write,write,,,audio_small,polyglot,0,03-01-02-02-02-01-19_r00.wav,379106,0.005535,1,
write,write,,,audio_small,pg_bytea,0,03-01-03-01-01-02-05_r00.wav,396294,0.009910,1,
write,write,,,audio_small,mongo_gridfs,0,03-01-03-01-01-02-05_r00.wav,396294,0.005369,1,
write,write,,,audio_small,polyglot,0,03-01-03-01-01-02-05_r00.wav,396294,0.005212,1,
write,write,,,audio_small,mongo_gridfs,0,03-01-03-01-01-02-07_r00.wav,393086,0.004590,1,
write,write,,,audio_small,pg_bytea,0,03-01-03-01-01-02-07_r00.wav,393086,0.009927,1,
write,write,,,audio_small,polyglot,0,03-01-03-01-01-02-07_r00.wav,393086,0.005703,1,
write,write,,,audio_small,pg_bytea,0,03-01-03-01-01-02-12_r00.wav,399494,0.010531,1,
write,write,,,audio_small,polyglot,0,03-01-03-01-01-02-12_r00.wav,399494,0.009940,1,
write,write,,,audio_small,mongo_gridfs,0,03-01-03-01-01-02-12_r00.wav,399494,0.004937,1,
write,write,,,audio_small,mongo_gridfs,0,03-01-03-01-01-02-13_r00.wav,399494,0.005164,1,
write,write,,,audio_small,polyglot,0,03-01-03-01-01-02-13_r00.wav,399494,0.004979,1,
write,write,,,audio_small,pg_bytea,0,03-01-03-01-01-02-13_r00.wav,399494,0.009857,1,
write,write,,,audio_small,mongo_gridfs,0,03-01-03-01-02-02-18_r00.wav,393086,0.005532,1,
write,write,,,audio_small,pg_bytea,0,03-01-03-01-02-02-18_r00.wav,393086,0.009290,1,
write,write,,,audio_small,polyglot,0,03-01-03-01-02-02-18_r00.wav,393086,0.005172,1,
write,write,,,audio_small,polyglot,0,03-01-03-01-02-02-19_r00.wav,399494,0.005383,1,
write,write,,,audio_small,mongo_gridfs,0,03-01-03-01-02-02-19_r00.wav,399494,0.004471,1,
write,write,,,audio_small,pg_bytea,0,03-01-03-01-02-02-19_r00.wav,399494,0.010291,1,
write,write,,,audio_small,pg_bytea,0,03-01-03-02-01-02-18_r00.wav,396294,0.009799,1,
write,write,,,audio_small,polyglot,0,03-01-03-02-01-02-18_r00.wav,396294,0.005436,1,
write,write,,,audio_small,mongo_gridfs,0,03-01-03-02-01-02-18_r00.wav,396294,0.004678,1,
write,write,,,audio_small,pg_bytea,0,03-01-03-02-01-02-19_r00.wav,372698,0.009106,1,
write,write,,,audio_small,mongo_gridfs,0,03-01-03-02-01-02-19_r00.wav,372698,0.004782,1,
write,write,,,audio_small,polyglot,0,03-01-03-02-01-02-19_r00.wav,372698,0.004091,1,
write,write,,,audio_small,mongo_gridfs,0,03-01-03-02-02-02-04_r00.wav,379106,0.005607,1,
write,write,,,audio_small,polyglot,0,03-01-03-02-02-02-04_r00.wav,379106,0.004498,1,
write,write,,,audio_small,pg_bytea,0,03-01-03-02-02-02-04_r00.wav,379106,0.008856,1,
write,write,,,audio_small,polyglot,0,03-01-03-02-02-02-06_r00.wav,399494,0.005520,1,
write,write,,,audio_small,pg_bytea,0,03-01-03-02-02-02-06_r00.wav,399494,0.009553,1,
write,write,,,audio_small,mongo_gridfs,0,03-01-03-02-02-02-06_r00.wav,399494,0.005009,1,
write,write,,,audio_small,mongo_gridfs,0,03-01-03-02-02-02-07_r00.wav,393086,0.004813,1,
write,write,,,audio_small,polyglot,0,03-01-03-02-02-02-07_r00.wav,393086,0.008360,1,
write,write,,,audio_small,pg_bytea,0,03-01-03-02-02-02-07_r00.wav,393086,0.016787,1,
write,write,,,audio_small,pg_bytea,0,03-01-03-02-02-02-10_r00.wav,375720,0.009503,1,
write,write,,,audio_small,polyglot,0,03-01-03-02-02-02-10_r00.wav,375720,0.005630,1,
write,write,,,audio_small,mongo_gridfs,0,03-01-03-02-02-02-10_r00.wav,375720,0.004436,1,
write,write,,,audio_small,mongo_gridfs,0,03-01-03-02-02-02-11_r00.wav,396294,0.004636,1,
write,write,,,audio_small,polyglot,0,03-01-03-02-02-02-11_r00.wav,396294,0.004690,1,
write,write,,,audio_small,pg_bytea,0,03-01-03-02-02-02-11_r00.wav,396294,0.044722,1,
write,write,,,audio_small,polyglot,0,03-01-03-02-02-02-13_r00.wav,399494,0.005818,1,
write,write,,,audio_small,pg_bytea,0,03-01-03-02-02-02-13_r00.wav,399494,0.009774,1,
write,write,,,audio_small,mongo_gridfs,0,03-01-03-02-02-02-13_r00.wav,399494,0.005114,1,
write,write,,,audio_small,mongo_gridfs,0,03-01-04-01-01-02-01_r00.wav,396294,0.005130,1,
write,write,,,audio_small,pg_bytea,0,03-01-04-01-01-02-01_r00.wav,396294,0.012996,1,
write,write,,,audio_small,polyglot,0,03-01-04-01-01-02-01_r00.wav,396294,0.006117,1,
write,write,,,audio_small,polyglot,0,03-01-04-01-01-02-02_r00.wav,379106,0.005267,1,
write,write,,,audio_small,pg_bytea,0,03-01-04-01-01-02-02_r00.wav,379106,0.010167,1,
write,write,,,audio_small,mongo_gridfs,0,03-01-04-01-01-02-02_r00.wav,379106,0.006775,1,
write,write,,,audio_small,mongo_gridfs,0,03-01-04-01-01-02-16_r00.wav,379106,0.005775,1,
write,write,,,audio_small,pg_bytea,0,03-01-04-01-01-02-16_r00.wav,379106,0.009663,1,
write,write,,,audio_small,polyglot,0,03-01-04-01-01-02-16_r00.wav,379106,0.005589,1,
write,write,,,audio_small,pg_bytea,0,03-01-04-01-02-02-08_r00.wav,372698,0.009334,1,
write,write,,,audio_small,mongo_gridfs,0,03-01-04-01-02-02-08_r00.wav,372698,0.004969,1,
write,write,,,audio_small,polyglot,0,03-01-04-01-02-02-08_r00.wav,372698,0.004976,1,
write,write,,,audio_small,polyglot,0,03-01-04-01-02-02-09_r00.wav,363108,0.004986,1,
write,write,,,audio_small,pg_bytea,0,03-01-04-01-02-02-09_r00.wav,363108,0.009131,1,
write,write,,,audio_small,mongo_gridfs,0,03-01-04-01-02-02-09_r00.wav,363108,0.004140,1,
write,write,,,audio_small,mongo_gridfs,0,03-01-04-01-02-02-20_r00.wav,396294,0.003900,1,
write,write,,,audio_small,polyglot,0,03-01-04-01-02-02-20_r00.wav,396294,0.004181,1,
write,write,,,audio_small,pg_bytea,0,03-01-04-01-02-02-20_r00.wav,396294,0.009976,1,
write,write,,,audio_small,polyglot,0,03-01-04-01-02-02-21_r00.wav,363108,0.005344,1,
write,write,,,audio_small,pg_bytea,0,03-01-04-01-02-02-21_r00.wav,363108,0.010012,1,
write,write,,,audio_small,mongo_gridfs,0,03-01-04-01-02-02-21_r00.wav,363108,0.004163,1,
write,write,,,audio_small,pg_bytea,0,03-01-04-01-02-02-22_r00.wav,372698,0.009325,1,
write,write,,,audio_small,mongo_gridfs,0,03-01-04-01-02-02-22_r00.wav,372698,0.004947,1,
write,write,,,audio_small,polyglot,0,03-01-04-01-02-02-22_r00.wav,372698,0.005513,1,
write,write,,,audio_small,polyglot,0,03-01-04-01-02-02-23_r00.wav,363108,0.004196,1,
write,write,,,audio_small,mongo_gridfs,0,03-01-04-01-02-02-23_r00.wav,363108,0.003753,1,
write,write,,,audio_small,pg_bytea,0,03-01-04-01-02-02-23_r00.wav,363108,0.008927,1,
write,write,,,audio_small,mongo_gridfs,0,03-01-04-02-01-02-09_r00.wav,379106,0.003941,1,
write,write,,,audio_small,pg_bytea,0,03-01-04-02-01-02-09_r00.wav,379106,0.008961,1,
write,write,,,audio_small,polyglot,0,03-01-04-02-01-02-09_r00.wav,379106,0.004324,1,
write,write,,,audio_small,pg_bytea,0,03-01-04-02-01-02-20_r00.wav,379106,0.008708,1,
write,write,,,audio_small,polyglot,0,03-01-04-02-01-02-20_r00.wav,379106,0.004257,1,
write,write,,,audio_small,mongo_gridfs,0,03-01-04-02-01-02-20_r00.wav,379106,0.003562,1,
write,write,,,audio_small,mongo_gridfs,0,03-01-04-02-01-02-21_r00.wav,393086,0.003532,1,
write,write,,,audio_small,polyglot,0,03-01-04-02-01-02-21_r00.wav,393086,0.004868,1,
write,write,,,audio_small,pg_bytea,0,03-01-04-02-01-02-21_r00.wav,393086,0.010435,1,
write,write,,,audio_small,mongo_gridfs,0,03-01-04-02-01-02-22_r00.wav,379106,0.005191,1,
write,write,,,audio_small,polyglot,0,03-01-04-02-01-02-22_r00.wav,379106,0.004318,1,
write,write,,,audio_small,pg_bytea,0,03-01-04-02-01-02-22_r00.wav,379106,0.012040,1,
write,write,,,audio_small,polyglot,0,03-01-04-02-02-02-14_r00.wav,375720,0.004234,1,
write,write,,,audio_small,pg_bytea,0,03-01-04-02-02-02-14_r00.wav,375720,0.014550,1,
write,write,,,audio_small,mongo_gridfs,0,03-01-04-02-02-02-14_r00.wav,375720,0.005579,1,
write,write,,,audio_small,mongo_gridfs,0,03-01-04-02-02-02-15_r00.wav,379106,0.004443,1,
write,write,,,audio_small,polyglot,0,03-01-04-02-02-02-15_r00.wav,379106,0.008834,1,
write,write,,,audio_small,pg_bytea,0,03-01-04-02-02-02-15_r00.wav,379106,0.017583,1,
write,write,,,audio_small,mongo_gridfs,0,03-01-04-02-02-02-16_r00.wav,375720,0.004218,1,
write,write,,,audio_small,polyglot,0,03-01-04-02-02-02-16_r00.wav,375720,0.003861,1,
write,write,,,audio_small,pg_bytea,0,03-01-04-02-02-02-16_r00.wav,375720,0.008368,1,
write,write,,,audio_small,pg_bytea,0,03-01-04-02-02-02-17_r00.wav,363108,0.008247,1,
write,write,,,audio_small,polyglot,0,03-01-04-02-02-02-17_r00.wav,363108,0.003659,1,
write,write,,,audio_small,mongo_gridfs,0,03-01-04-02-02-02-17_r00.wav,363108,0.003264,1,
write,write,,,audio_small,pg_bytea,0,03-01-05-01-01-01-09_r00.wav,393086,0.009251,1,
write,write,,,audio_small,mongo_gridfs,0,03-01-05-01-01-01-09_r00.wav,393086,0.003949,1,
write,write,,,audio_small,polyglot,0,03-01-05-01-01-01-09_r00.wav,393086,0.003691,1,
write,write,,,audio_small,pg_bytea,0,03-01-05-01-01-01-22_r00.wav,393086,0.009252,1,
write,write,,,audio_small,mongo_gridfs,0,03-01-05-01-01-01-22_r00.wav,393086,0.003852,1,
write,write,,,audio_small,polyglot,0,03-01-05-01-01-01-22_r00.wav,393086,0.004051,1,
write,write,,,audio_small,mongo_gridfs,0,03-01-05-01-02-01-02_r00.wav,372698,0.003390,1,
write,write,,,audio_small,polyglot,0,03-01-05-01-02-01-02_r00.wav,372698,0.003577,1,
write,write,,,audio_small,pg_bytea,0,03-01-05-01-02-01-02_r00.wav,372698,0.008083,1,
write,write,,,audio_small,polyglot,0,03-01-05-01-02-01-03_r00.wav,396294,0.003774,1,
write,write,,,audio_small,pg_bytea,0,03-01-05-01-02-01-03_r00.wav,396294,0.008974,1,
write,write,,,audio_small,mongo_gridfs,0,03-01-05-01-02-01-03_r00.wav,396294,0.004157,1,
write,write,,,audio_small,polyglot,0,03-01-05-01-02-01-15_r00.wav,363108,0.003602,1,
write,write,,,audio_small,mongo_gridfs,0,03-01-05-01-02-01-15_r00.wav,363108,0.003791,1,
write,write,,,audio_small,pg_bytea,0,03-01-05-01-02-01-15_r00.wav,363108,0.009302,1,
write,write,,,audio_small,pg_bytea,0,03-01-05-01-02-01-16_r00.wav,372698,0.008872,1,
write,write,,,audio_small,polyglot,0,03-01-05-01-02-01-16_r00.wav,372698,0.004134,1,
write,write,,,audio_small,mongo_gridfs,0,03-01-05-01-02-01-16_r00.wav,372698,0.003400,1,
write,write,,,audio_small,pg_bytea,0,03-01-05-01-02-01-17_r00.wav,393086,0.009579,1,
write,write,,,audio_small,mongo_gridfs,0,03-01-05-01-02-01-17_r00.wav,393086,0.003894,1,
write,write,,,audio_small,polyglot,0,03-01-05-01-02-01-17_r00.wav,393086,0.003913,1,
write,write,,,audio_small,polyglot,0,03-01-05-02-01-01-01_r00.wav,372698,0.003303,1,
write,write,,,audio_small,pg_bytea,0,03-01-05-02-01-01-01_r00.wav,372698,0.008505,1,
write,write,,,audio_small,mongo_gridfs,0,03-01-05-02-01-01-01_r00.wav,372698,0.003611,1,
write,write,,,audio_small,pg_bytea,0,03-01-05-02-01-01-02_r00.wav,375720,0.008810,1,
write,write,,,audio_small,polyglot,0,03-01-05-02-01-01-02_r00.wav,375720,0.003903,1,
write,write,,,audio_small,mongo_gridfs,0,03-01-05-02-01-01-02_r00.wav,375720,0.008470,1,
write,write,,,audio_small,pg_bytea,0,03-01-05-02-01-01-03_r00.wav,372698,0.009618,1,
write,write,,,audio_small,polyglot,0,03-01-05-02-01-01-03_r00.wav,372698,0.004017,1,
write,write,,,audio_small,mongo_gridfs,0,03-01-05-02-01-01-03_r00.wav,372698,0.003365,1,
write,write,,,audio_small,polyglot,0,03-01-05-02-01-01-15_r00.wav,396294,0.003989,1,
write,write,,,audio_small,mongo_gridfs,0,03-01-05-02-01-01-15_r00.wav,396294,0.003521,1,
write,write,,,audio_small,pg_bytea,0,03-01-05-02-01-01-15_r00.wav,396294,0.009263,1,
write,write,,,audio_small,mongo_gridfs,0,03-01-05-02-01-01-16_r00.wav,399494,0.003588,1,
write,write,,,audio_small,polyglot,0,03-01-05-02-01-01-16_r00.wav,399494,0.003691,1,
write,write,,,audio_small,pg_bytea,0,03-01-05-02-01-01-16_r00.wav,399494,0.013210,1,
write,write,,,audio_small,polyglot,0,03-01-05-02-01-01-17_r00.wav,363108,0.004893,1,
write,write,,,audio_small,mongo_gridfs,0,03-01-05-02-01-01-17_r00.wav,363108,0.005019,1,
write,write,,,audio_small,pg_bytea,0,03-01-05-02-01-01-17_r00.wav,363108,0.009413,1,
write,write,,,audio_small,mongo_gridfs,0,03-01-05-02-02-01-09_r00.wav,396294,0.005278,1,
write,write,,,audio_small,polyglot,0,03-01-05-02-02-01-09_r00.wav,396294,0.005585,1,
write,write,,,audio_small,pg_bytea,0,03-01-05-02-02-01-09_r00.wav,396294,0.010938,1,
write,write,,,audio_small,pg_bytea,0,03-01-05-02-02-01-21_r00.wav,375720,0.009994,1,
write,write,,,audio_small,polyglot,0,03-01-05-02-02-01-21_r00.wav,375720,0.005539,1,
write,write,,,audio_small,mongo_gridfs,0,03-01-05-02-02-01-21_r00.wav,375720,0.004625,1,
write,write,,,audio_small,pg_bytea,0,03-01-05-02-02-01-22_r00.wav,379106,0.010332,1,
write,write,,,audio_small,polyglot,0,03-01-05-02-02-01-22_r00.wav,379106,0.005308,1,
write,write,,,audio_small,mongo_gridfs,0,03-01-05-02-02-01-22_r00.wav,379106,0.005295,1,
write,write,,,audio_medium,pg_bytea,0,03-02-01-01-01-02-22_r00.wav,526650,0.015202,1,
write,write,,,audio_medium,polyglot,0,03-02-01-01-01-02-22_r00.wav,526650,0.007608,1,
write,write,,,audio_medium,mongo_gridfs,0,03-02-01-01-01-02-22_r00.wav,526650,0.006098,1,
write,write,,,audio_medium,pg_bytea,0,03-02-01-01-01-02-23_r00.wav,539464,0.014236,1,
write,write,,,audio_medium,mongo_gridfs,0,03-02-01-01-01-02-23_r00.wav,539464,0.007156,1,
write,write,,,audio_medium,polyglot,0,03-02-01-01-01-02-23_r00.wav,539464,0.007366,1,
write,write,,,audio_medium,mongo_gridfs,0,03-02-01-01-02-02-02_r00.wav,539464,0.010726,1,
write,write,,,audio_medium,pg_bytea,0,03-02-01-01-02-02-02_r00.wav,539464,0.013267,1,
write,write,,,audio_medium,polyglot,0,03-02-01-01-02-02-02_r00.wav,539464,0.006710,1,
write,write,,,audio_medium,pg_bytea,0,03-02-01-01-02-02-03_r00.wav,520242,0.013165,1,
write,write,,,audio_medium,polyglot,0,03-02-01-01-02-02-03_r00.wav,520242,0.009068,1,
write,write,,,audio_medium,mongo_gridfs,0,03-02-01-01-02-02-03_r00.wav,520242,0.006796,1,
write,write,,,audio_medium,pg_bytea,0,03-02-01-01-02-02-16_r00.wav,539464,0.036385,1,
write,write,,,audio_medium,mongo_gridfs,0,03-02-01-01-02-02-16_r00.wav,539464,0.008428,1,
write,write,,,audio_medium,polyglot,0,03-02-01-01-02-02-16_r00.wav,539464,0.007236,1,
write,write,,,audio_medium,polyglot,0,03-02-01-01-02-02-17_r00.wav,561888,0.007263,1,
write,write,,,audio_medium,pg_bytea,0,03-02-01-01-02-02-17_r00.wav,561888,0.013293,1,
write,write,,,audio_medium,mongo_gridfs,0,03-02-01-01-02-02-17_r00.wav,561888,0.007437,1,
write,write,,,audio_medium,pg_bytea,0,03-02-01-02-01-02-01_r00.wav,533056,0.013067,1,
write,write,,,audio_medium,mongo_gridfs,0,03-02-01-02-01-02-01_r00.wav,533056,0.006941,1,
write,write,,,audio_medium,polyglot,0,03-02-01-02-01-02-01_r00.wav,533056,0.011891,1,
write,write,,,audio_medium,polyglot,0,03-02-01-02-01-02-02_r00.wav,523448,0.006886,1,
write,write,,,audio_medium,mongo_gridfs,0,03-02-01-02-01-02-02_r00.wav,523448,0.006510,1,
write,write,,,audio_medium,pg_bytea,0,03-02-01-02-01-02-02_r00.wav,523448,0.013036,1,
write,write,,,audio_medium,polyglot,0,03-02-01-02-01-02-03_r00.wav,533056,0.006747,1,
write,write,,,audio_medium,pg_bytea,0,03-02-01-02-01-02-03_r00.wav,533056,0.012873,1,
write,write,,,audio_medium,mongo_gridfs,0,03-02-01-02-01-02-03_r00.wav,533056,0.008319,1,
write,write,,,audio_medium,polyglot,0,03-02-01-02-01-02-15_r00.wav,561882,0.008439,1,
write,write,,,audio_medium,mongo_gridfs,0,03-02-01-02-01-02-15_r00.wav,561882,0.007450,1,
write,write,,,audio_medium,pg_bytea,0,03-02-01-02-01-02-15_r00.wav,561882,0.015515,1,
write,write,,,audio_medium,pg_bytea,0,03-02-01-02-01-02-16_r00.wav,526650,0.012378,1,
write,write,,,audio_medium,polyglot,0,03-02-01-02-01-02-16_r00.wav,526650,0.007084,1,
write,write,,,audio_medium,mongo_gridfs,0,03-02-01-02-01-02-16_r00.wav,526650,0.006287,1,
write,write,,,audio_medium,pg_bytea,0,03-02-01-02-01-02-17_r00.wav,533056,0.014907,1,
write,write,,,audio_medium,polyglot,0,03-02-01-02-01-02-17_r00.wav,533056,0.008735,1,
write,write,,,audio_medium,mongo_gridfs,0,03-02-01-02-01-02-17_r00.wav,533056,0.008583,1,
write,write,,,audio_medium,pg_bytea,0,03-02-01-02-02-02-22_r00.wav,520242,0.018541,1,
write,write,,,audio_medium,polyglot,0,03-02-01-02-02-02-22_r00.wav,520242,0.013230,1,
write,write,,,audio_medium,mongo_gridfs,0,03-02-01-02-02-02-22_r00.wav,520242,0.010441,1,
write,write,,,audio_medium,pg_bytea,0,03-02-01-02-02-02-23_r00.wav,520242,0.013155,1,
write,write,,,audio_medium,polyglot,0,03-02-01-02-02-02-23_r00.wav,520242,0.007726,1,
write,write,,,audio_medium,mongo_gridfs,0,03-02-01-02-02-02-23_r00.wav,520242,0.015753,1,
write,write,,,audio_medium,polyglot,0,03-02-02-01-01-01-22_r00.wav,523448,0.008690,1,
write,write,,,audio_medium,mongo_gridfs,0,03-02-02-01-01-01-22_r00.wav,523448,0.006845,1,
write,write,,,audio_medium,pg_bytea,0,03-02-02-01-01-01-22_r00.wav,523448,0.013494,1,
write,write,,,audio_medium,mongo_gridfs,0,03-02-02-01-01-01-23_r00.wav,561888,0.007512,1,
write,write,,,audio_medium,pg_bytea,0,03-02-02-01-01-01-23_r00.wav,561888,0.014074,1,
write,write,,,audio_medium,polyglot,0,03-02-02-01-01-01-23_r00.wav,561888,0.009509,1,
write,write,,,audio_medium,mongo_gridfs,0,03-02-02-01-02-01-01_r00.wav,520242,0.005677,1,
write,write,,,audio_medium,polyglot,0,03-02-02-01-02-01-01_r00.wav,520242,0.006461,1,
write,write,,,audio_medium,pg_bytea,0,03-02-02-01-02-01-01_r00.wav,520242,0.012906,1,
write,write,,,audio_medium,pg_bytea,0,03-02-02-01-02-01-02_r00.wav,539464,0.014428,1,
write,write,,,audio_medium,mongo_gridfs,0,03-02-02-01-02-01-02_r00.wav,539464,0.006870,1,
write,write,,,audio_medium,polyglot,0,03-02-02-01-02-01-02_r00.wav,539464,0.006421,1,
write,write,,,audio_medium,polyglot,0,03-02-02-01-02-01-03_r00.wav,533056,0.006124,1,
write,write,,,audio_medium,mongo_gridfs,0,03-02-02-01-02-01-03_r00.wav,533056,0.005768,1,
write,write,,,audio_medium,pg_bytea,0,03-02-02-01-02-01-03_r00.wav,533056,0.013253,1,
write,write,,,audio_medium,polyglot,0,03-02-02-01-02-01-16_r00.wav,561882,0.007094,1,
write,write,,,audio_medium,pg_bytea,0,03-02-02-01-02-01-16_r00.wav,561882,0.014387,1,
write,write,,,audio_medium,mongo_gridfs,0,03-02-02-01-02-01-16_r00.wav,561882,0.008368,1,
write,write,,,audio_medium,polyglot,0,03-02-02-02-01-01-01_r00.wav,539464,0.007226,1,
write,write,,,audio_medium,pg_bytea,0,03-02-02-02-01-01-01_r00.wav,539464,0.015584,1,
write,write,,,audio_medium,mongo_gridfs,0,03-02-02-02-01-01-01_r00.wav,539464,0.009095,1,
write,write,,,audio_medium,mongo_gridfs,0,03-02-02-02-01-01-02_r00.wav,526650,0.006799,1,
write,write,,,audio_medium,pg_bytea,0,03-02-02-02-01-01-02_r00.wav,526650,0.015226,1,
write,write,,,audio_medium,polyglot,0,03-02-02-02-01-01-02_r00.wav,526650,0.016939,1,
write,write,,,audio_medium,pg_bytea,0,03-02-02-02-01-01-15_r00.wav,539464,0.017821,1,
write,write,,,audio_medium,mongo_gridfs,0,03-02-02-02-01-01-15_r00.wav,539464,0.007998,1,
write,write,,,audio_medium,polyglot,0,03-02-02-02-01-01-15_r00.wav,539464,0.008932,1,
write,write,,,audio_medium,polyglot,0,03-02-02-02-01-01-16_r00.wav,520242,0.006317,1,
write,write,,,audio_medium,mongo_gridfs,0,03-02-02-02-01-01-16_r00.wav,520242,0.009886,1,
write,write,,,audio_medium,pg_bytea,0,03-02-02-02-01-01-16_r00.wav,520242,0.015100,1,
write,write,,,audio_medium,mongo_gridfs,0,03-02-02-02-01-01-17_r00.wav,539464,0.007337,1,
write,write,,,audio_medium,pg_bytea,0,03-02-02-02-01-01-17_r00.wav,539464,0.019003,1,
write,write,,,audio_medium,polyglot,0,03-02-02-02-01-01-17_r00.wav,539464,0.006215,1,
write,write,,,audio_medium,polyglot,0,03-02-02-02-02-01-22_r00.wav,539464,0.005343,1,
write,write,,,audio_medium,mongo_gridfs,0,03-02-02-02-02-01-22_r00.wav,539464,0.004817,1,
write,write,,,audio_medium,pg_bytea,0,03-02-02-02-02-01-22_r00.wav,539464,0.013198,1,
write,write,,,audio_medium,polyglot,0,03-02-02-02-02-01-23_r00.wav,520242,0.005398,1,
write,write,,,audio_medium,mongo_gridfs,0,03-02-02-02-02-01-23_r00.wav,520242,0.005417,1,
write,write,,,audio_medium,pg_bytea,0,03-02-02-02-02-01-23_r00.wav,520242,0.012662,1,
write,write,,,audio_medium,pg_bytea,0,03-02-03-01-01-02-01_r00.wav,561882,0.014006,1,
write,write,,,audio_medium,polyglot,0,03-02-03-01-01-02-01_r00.wav,561882,0.006311,1,
write,write,,,audio_medium,mongo_gridfs,0,03-02-03-01-01-02-01_r00.wav,561882,0.005680,1,
write,write,,,audio_medium,pg_bytea,0,03-02-03-01-01-02-02_r00.wav,561882,0.015046,1,
write,write,,,audio_medium,mongo_gridfs,0,03-02-03-01-01-02-02_r00.wav,561882,0.005717,1,
write,write,,,audio_medium,polyglot,0,03-02-03-01-01-02-02_r00.wav,561882,0.007771,1,
write,write,,,audio_medium,pg_bytea,0,03-02-03-01-01-02-03_r00.wav,539464,0.012545,1,
write,write,,,audio_medium,mongo_gridfs,0,03-02-03-01-01-02-03_r00.wav,539464,0.009825,1,
write,write,,,audio_medium,polyglot,0,03-02-03-01-01-02-03_r00.wav,539464,0.006632,1,
write,write,,,audio_medium,polyglot,0,03-02-03-01-01-02-15_r00.wav,526650,0.006564,1,
write,write,,,audio_medium,pg_bytea,0,03-02-03-01-01-02-15_r00.wav,526650,0.015234,1,
write,write,,,audio_medium,mongo_gridfs,0,03-02-03-01-01-02-15_r00.wav,526650,0.007569,1,
write,write,,,audio_medium,pg_bytea,0,03-02-03-01-01-02-16_r00.wav,520242,0.013799,1,
write,write,,,audio_medium,polyglot,0,03-02-03-01-01-02-16_r00.wav,520242,0.006660,1,
write,write,,,audio_medium,mongo_gridfs,0,03-02-03-01-01-02-16_r00.wav,520242,0.005703,1,
write,write,,,audio_medium,polyglot,0,03-02-03-01-01-02-17_r00.wav,526650,0.007902,1,
write,write,,,audio_medium,mongo_gridfs,0,03-02-03-01-01-02-17_r00.wav,526650,0.006811,1,
write,write,,,audio_medium,pg_bytea,0,03-02-03-01-01-02-17_r00.wav,526650,0.014966,1,
write,write,,,audio_medium,pg_bytea,0,03-02-03-01-02-02-09_r00.wav,539464,0.050214,1,
write,write,,,audio_medium,mongo_gridfs,0,03-02-03-01-02-02-09_r00.wav,539464,0.006501,1,
write,write,,,audio_medium,polyglot,0,03-02-03-01-02-02-09_r00.wav,539464,0.006126,1,
write,write,,,audio_medium,mongo_gridfs,0,03-02-03-01-02-02-21_r00.wav,533056,0.007971,1,
write,write,,,audio_medium,polyglot,0,03-02-03-01-02-02-21_r00.wav,533056,0.023261,1,
write,write,,,audio_medium,pg_bytea,0,03-02-03-01-02-02-21_r00.wav,533056,0.018096,1,
write,write,,,audio_medium,pg_bytea,0,03-02-03-01-02-02-22_r00.wav,561888,0.015692,1,
write,write,,,audio_medium,mongo_gridfs,0,03-02-03-01-02-02-22_r00.wav,561888,0.010026,1,
write,write,,,audio_medium,polyglot,0,03-02-03-01-02-02-22_r00.wav,561888,0.011070,1,
write,write,,,audio_medium,pg_bytea,0,03-02-03-01-02-02-23_r00.wav,539464,0.016373,1,
write,write,,,audio_medium,polyglot,0,03-02-03-01-02-02-23_r00.wav,539464,0.009445,1,
write,write,,,audio_medium,mongo_gridfs,0,03-02-03-01-02-02-23_r00.wav,539464,0.007952,1,
write,write,,,audio_medium,polyglot,0,03-02-03-02-01-02-09_r00.wav,561882,0.012259,1,
write,write,,,audio_medium,mongo_gridfs,0,03-02-03-02-01-02-09_r00.wav,561882,0.010457,1,
write,write,,,audio_medium,pg_bytea,0,03-02-03-02-01-02-09_r00.wav,561882,0.018797,1,
write,write,,,audio_medium,pg_bytea,0,03-02-03-02-01-02-21_r00.wav,539464,0.018953,1,
write,write,,,audio_medium,mongo_gridfs,0,03-02-03-02-01-02-21_r00.wav,539464,0.008819,1,
write,write,,,audio_medium,polyglot,0,03-02-03-02-01-02-21_r00.wav,539464,0.006901,1,
write,write,,,audio_medium,polyglot,0,03-02-03-02-01-02-22_r00.wav,526650,0.009003,1,
write,write,,,audio_medium,mongo_gridfs,0,03-02-03-02-01-02-22_r00.wav,526650,0.006200,1,
write,write,,,audio_medium,pg_bytea,0,03-02-03-02-01-02-22_r00.wav,526650,0.013452,1,
write,write,,,audio_medium,mongo_gridfs,0,03-02-03-02-01-02-23_r00.wav,561888,0.007582,1,
write,write,,,audio_medium,pg_bytea,0,03-02-03-02-01-02-23_r00.wav,561888,0.016170,1,
write,write,,,audio_medium,polyglot,0,03-02-03-02-01-02-23_r00.wav,561888,0.008576,1,
write,write,,,audio_medium,pg_bytea,0,03-02-03-02-02-02-01_r00.wav,561882,0.014566,1,
write,write,,,audio_medium,polyglot,0,03-02-03-02-02-02-01_r00.wav,561882,0.010572,1,
write,write,,,audio_medium,mongo_gridfs,0,03-02-03-02-02-02-01_r00.wav,561882,0.008301,1,
write,write,,,audio_medium,mongo_gridfs,0,03-02-03-02-02-02-02_r00.wav,523448,0.013361,1,
write,write,,,audio_medium,polyglot,0,03-02-03-02-02-02-02_r00.wav,523448,0.009955,1,
write,write,,,audio_medium,pg_bytea,0,03-02-03-02-02-02-02_r00.wav,523448,0.014685,1,
write,write,,,audio_medium,mongo_gridfs,0,03-02-03-02-02-02-03_r00.wav,561888,0.007415,1,
write,write,,,audio_medium,pg_bytea,0,03-02-03-02-02-02-03_r00.wav,561888,0.014084,1,
write,write,,,audio_medium,polyglot,0,03-02-03-02-02-02-03_r00.wav,561888,0.008156,1,
write,write,,,audio_medium,polyglot,0,03-02-03-02-02-02-15_r00.wav,523448,0.006901,1,
write,write,,,audio_medium,mongo_gridfs,0,03-02-03-02-02-02-15_r00.wav,523448,0.005469,1,
write,write,,,audio_medium,pg_bytea,0,03-02-03-02-02-02-15_r00.wav,523448,0.013281,1,
write,write,,,audio_medium,pg_bytea,0,03-02-03-02-02-02-16_r00.wav,561882,0.013789,1,
write,write,,,audio_medium,mongo_gridfs,0,03-02-03-02-02-02-16_r00.wav,561882,0.008027,1,
write,write,,,audio_medium,polyglot,0,03-02-03-02-02-02-16_r00.wav,561882,0.012169,1,
write,write,,,audio_medium,polyglot,0,03-02-03-02-02-02-17_r00.wav,523448,0.006788,1,
write,write,,,audio_medium,pg_bytea,0,03-02-03-02-02-02-17_r00.wav,523448,0.013209,1,
write,write,,,audio_medium,mongo_gridfs,0,03-02-03-02-02-02-17_r00.wav,523448,0.010578,1,
write,write,,,audio_medium,pg_bytea,0,03-02-04-01-01-02-05_r00.wav,561882,0.018474,1,
write,write,,,audio_medium,mongo_gridfs,0,03-02-04-01-01-02-05_r00.wav,561882,0.007475,1,
write,write,,,audio_medium,polyglot,0,03-02-04-01-01-02-05_r00.wav,561882,0.007250,1,
write,write,,,audio_medium,mongo_gridfs,0,03-02-04-01-01-02-06_r00.wav,526650,0.006991,1,
write,write,,,audio_medium,pg_bytea,0,03-02-04-01-01-02-06_r00.wav,526650,0.013706,1,
write,write,,,audio_medium,polyglot,0,03-02-04-01-01-02-06_r00.wav,526650,0.015161,1,
write,write,,,audio_medium,polyglot,0,03-02-04-01-01-02-07_r00.wav,523448,0.005787,1,
write,write,,,audio_medium,pg_bytea,0,03-02-04-01-01-02-07_r00.wav,523448,0.013882,1,
write,write,,,audio_medium,mongo_gridfs,0,03-02-04-01-01-02-07_r00.wav,523448,0.007851,1,
write,write,,,audio_medium,pg_bytea,0,03-02-04-01-01-02-11_r00.wav,539464,0.014577,1,
write,write,,,audio_medium,mongo_gridfs,0,03-02-04-01-01-02-11_r00.wav,539464,0.007154,1,
write,write,,,audio_medium,polyglot,0,03-02-04-01-01-02-11_r00.wav,539464,0.006575,1,
write,write,,,audio_medium,mongo_gridfs,0,03-02-04-01-01-02-12_r00.wav,523448,0.005849,1,
write,write,,,audio_medium,polyglot,0,03-02-04-01-01-02-12_r00.wav,523448,0.006228,1,
write,write,,,audio_medium,pg_bytea,0,03-02-04-01-01-02-12_r00.wav,523448,0.014558,1,
write,write,,,audio_medium,mongo_gridfs,0,03-02-04-01-01-02-13_r00.wav,539464,0.007355,1,
write,write,,,audio_medium,pg_bytea,0,03-02-04-01-01-02-13_r00.wav,539464,0.020733,1,
write,write,,,audio_medium,polyglot,0,03-02-04-01-01-02-13_r00.wav,539464,0.005546,1,
write,write,,,audio_medium,mongo_gridfs,0,03-02-04-01-02-02-19_r00.wav,561888,0.005834,1,
write,write,,,audio_medium,polyglot,0,03-02-04-01-02-02-19_r00.wav,561888,0.005312,1,
write,write,,,audio_medium,pg_bytea,0,03-02-04-01-02-02-19_r00.wav,561888,0.012796,1,
write,write,,,audio_medium,pg_bytea,0,03-02-04-02-02-02-05_r00.wav,526650,0.013070,1,
write,write,,,audio_medium,mongo_gridfs,0,03-02-04-02-02-02-05_r00.wav,526650,0.006705,1,
write,write,,,audio_medium,polyglot,0,03-02-04-02-02-02-05_r00.wav,526650,0.005813,1,
write,write,,,audio_medium,polyglot,0,03-02-04-02-02-02-06_r00.wav,526650,0.005784,1,
write,write,,,audio_medium,pg_bytea,0,03-02-04-02-02-02-06_r00.wav,526650,0.012704,1,
write,write,,,audio_medium,mongo_gridfs,0,03-02-04-02-02-02-06_r00.wav,526650,0.006075,1,
write,write,,,audio_medium,polyglot,0,03-02-04-02-02-02-07_r00.wav,561888,0.007213,1,
write,write,,,audio_medium,pg_bytea,0,03-02-04-02-02-02-07_r00.wav,561888,0.016166,1,
write,write,,,audio_medium,mongo_gridfs,0,03-02-04-02-02-02-07_r00.wav,561888,0.006632,1,
write,write,,,audio_medium,polyglot,0,03-02-04-02-02-02-11_r00.wav,561888,0.006478,1,
write,write,,,audio_medium,pg_bytea,0,03-02-04-02-02-02-11_r00.wav,561888,0.013257,1,
write,write,,,audio_medium,mongo_gridfs,0,03-02-04-02-02-02-11_r00.wav,561888,0.006635,1,
write,write,,,audio_medium,pg_bytea,0,03-02-04-02-02-02-12_r00.wav,523448,0.012871,1,
write,write,,,audio_medium,polyglot,0,03-02-04-02-02-02-12_r00.wav,523448,0.006431,1,
write,write,,,audio_medium,mongo_gridfs,0,03-02-04-02-02-02-12_r00.wav,523448,0.005472,1,
write,write,,,audio_medium,polyglot,0,03-02-04-02-02-02-13_r00.wav,533056,0.005549,1,
write,write,,,audio_medium,pg_bytea,0,03-02-04-02-02-02-13_r00.wav,533056,0.012954,1,
write,write,,,audio_medium,mongo_gridfs,0,03-02-04-02-02-02-13_r00.wav,533056,0.008084,1,
write,write,,,audio_medium,mongo_gridfs,0,03-02-05-01-02-01-06_r00.wav,561882,0.008325,1,
write,write,,,audio_medium,pg_bytea,0,03-02-05-01-02-01-06_r00.wav,561882,0.013700,1,
write,write,,,audio_medium,polyglot,0,03-02-05-01-02-01-06_r00.wav,561882,0.012035,1,
write,write,,,audio_medium,polyglot,0,03-02-05-01-02-01-07_r00.wav,520242,0.005988,1,
write,write,,,audio_medium,pg_bytea,0,03-02-05-01-02-01-07_r00.wav,520242,0.012352,1,
write,write,,,audio_medium,mongo_gridfs,0,03-02-05-01-02-01-07_r00.wav,520242,0.005905,1,
write,write,,,audio_medium,polyglot,0,03-02-05-01-02-01-12_r00.wav,520242,0.005625,1,
write,write,,,audio_medium,pg_bytea,0,03-02-05-01-02-01-12_r00.wav,520242,0.032248,1,
write,write,,,audio_medium,mongo_gridfs,0,03-02-05-01-02-01-12_r00.wav,520242,0.006552,1,
write,write,,,audio_medium,polyglot,0,03-02-05-01-02-01-13_r00.wav,561888,0.010448,1,
write,write,,,audio_medium,pg_bytea,0,03-02-05-01-02-01-13_r00.wav,561888,0.014213,1,
write,write,,,audio_medium,mongo_gridfs,0,03-02-05-01-02-01-13_r00.wav,561888,0.011940,1,
write,write,,,audio_medium,polyglot,0,03-02-05-02-01-01-05_r00.wav,539464,0.012754,1,
write,write,,,audio_medium,pg_bytea,0,03-02-05-02-01-01-05_r00.wav,539464,0.013142,1,
write,write,,,audio_medium,mongo_gridfs,0,03-02-05-02-01-01-05_r00.wav,539464,0.008154,1,
write,write,,,audio_medium,pg_bytea,0,03-02-05-02-01-01-06_r00.wav,561888,0.015553,1,
write,write,,,audio_medium,polyglot,0,03-02-05-02-01-01-06_r00.wav,561888,0.008949,1,
write,write,,,audio_medium,mongo_gridfs,0,03-02-05-02-01-01-06_r00.wav,561888,0.006799,1,
write,write,,,audio_medium,polyglot,0,03-02-05-02-01-01-07_r00.wav,533056,0.006417,1,
write,write,,,audio_medium,mongo_gridfs,0,03-02-05-02-01-01-07_r00.wav,533056,0.007254,1,
write,write,,,audio_medium,pg_bytea,0,03-02-05-02-01-01-07_r00.wav,533056,0.012965,1,
write,write,,,audio_medium,pg_bytea,0,03-02-05-02-01-01-11_r00.wav,561888,0.014543,1,
write,write,,,audio_medium,mongo_gridfs,0,03-02-05-02-01-01-11_r00.wav,561888,0.006702,1,
write,write,,,audio_medium,polyglot,0,03-02-05-02-01-01-11_r00.wav,561888,0.006867,1,
write,write,,,audio_medium,mongo_gridfs,0,03-02-05-02-01-01-12_r00.wav,533056,0.007177,1,
write,write,,,audio_medium,polyglot,0,03-02-05-02-01-01-12_r00.wav,533056,0.007121,1,
write,write,,,audio_medium,pg_bytea,0,03-02-05-02-01-01-12_r00.wav,533056,0.013739,1,
write,write,,,audio_medium,polyglot,0,03-02-05-02-01-01-13_r00.wav,526650,0.006779,1,
write,write,,,audio_medium,mongo_gridfs,0,03-02-05-02-01-01-13_r00.wav,526650,0.005900,1,
write,write,,,audio_medium,pg_bytea,0,03-02-05-02-01-01-13_r00.wav,526650,0.013174,1,
write,write,,,video_small,pg_bytea,0,01-01-01-01-01-01-22_r00.mp4,5457041,0.160755,1,
write,write,,,video_small,polyglot,0,01-01-01-01-01-01-22_r00.mp4,5457041,0.051886,1,
write,write,,,video_small,mongo_gridfs,0,01-01-01-01-01-01-22_r00.mp4,5457041,0.049013,1,
write,write,,,video_small,polyglot,0,01-01-01-01-01-02-01_r00.mp4,5457041,0.048702,1,
write,write,,,video_small,pg_bytea,0,01-01-01-01-01-02-01_r00.mp4,5457041,0.162719,1,
write,write,,,video_small,mongo_gridfs,0,01-01-01-01-01-02-01_r00.mp4,5457041,0.040964,1,
write,write,,,video_small,pg_bytea,0,01-01-01-01-01-02-15_r00.mp4,5457041,0.255421,1,
write,write,,,video_small,mongo_gridfs,0,01-01-01-01-01-02-15_r00.mp4,5457041,0.043103,1,
write,write,,,video_small,polyglot,0,01-01-01-01-01-02-15_r00.mp4,5457041,0.046402,1,
write,write,,,video_small,mongo_gridfs,0,01-01-01-01-02-01-06_r00.mp4,5457041,0.041800,1,
write,write,,,video_small,pg_bytea,0,01-01-01-01-02-01-06_r00.mp4,5457041,0.133746,1,
write,write,,,video_small,polyglot,0,01-01-01-01-02-01-06_r00.mp4,5457041,0.044889,1,
write,write,,,video_small,polyglot,0,01-01-01-01-02-01-13_r00.mp4,5457041,0.045001,1,
write,write,,,video_small,mongo_gridfs,0,01-01-01-01-02-01-13_r00.mp4,5457041,0.080562,1,
write,write,,,video_small,pg_bytea,0,01-01-01-01-02-01-13_r00.mp4,5457041,0.166062,1,
write,write,,,video_small,mongo_gridfs,0,01-01-01-01-02-01-14_r00.mp4,5457041,0.059742,1,
write,write,,,video_small,pg_bytea,0,01-01-01-01-02-01-14_r00.mp4,5457041,0.158453,1,
write,write,,,video_small,polyglot,0,01-01-01-01-02-01-14_r00.mp4,5457041,0.046251,1,
write,write,,,video_small,mongo_gridfs,0,01-01-01-01-02-02-09_r00.mp4,5498397,0.044552,1,
write,write,,,video_small,pg_bytea,0,01-01-01-01-02-02-09_r00.mp4,5498397,0.218843,1,
write,write,,,video_small,polyglot,0,01-01-01-01-02-02-09_r00.mp4,5498397,0.045092,1,
write,write,,,video_small,mongo_gridfs,0,01-01-01-02-01-01-01_r00.mp4,5498397,0.043176,1,
write,write,,,video_small,polyglot,0,01-01-01-02-01-01-01_r00.mp4,5498397,0.047314,1,
write,write,,,video_small,pg_bytea,0,01-01-01-02-01-01-01_r00.mp4,5498397,0.158336,1,
write,write,,,video_small,mongo_gridfs,0,01-01-01-02-01-01-05_r00.mp4,5457041,0.061490,1,
write,write,,,video_small,pg_bytea,0,01-01-01-02-01-01-05_r00.mp4,5457041,0.191417,1,
write,write,,,video_small,polyglot,0,01-01-01-02-01-01-05_r00.mp4,5457041,0.075906,1,
write,write,,,video_small,pg_bytea,0,01-01-01-02-01-01-15_r00.mp4,5457041,0.165832,1,
write,write,,,video_small,mongo_gridfs,0,01-01-01-02-01-01-15_r00.mp4,5457041,0.056859,1,
write,write,,,video_small,polyglot,0,01-01-01-02-01-01-15_r00.mp4,5457041,0.070827,1,
write,write,,,video_small,mongo_gridfs,0,01-01-01-02-02-01-18_r00.mp4,5457041,0.068477,1,
write,write,,,video_small,pg_bytea,0,01-01-01-02-02-01-18_r00.mp4,5457041,0.241673,1,
write,write,,,video_small,polyglot,0,01-01-01-02-02-01-18_r00.mp4,5457041,0.047872,1,
write,write,,,video_small,pg_bytea,0,01-01-01-02-02-01-19_r00.mp4,5457041,0.292664,1,
write,write,,,video_small,polyglot,0,01-01-01-02-02-01-19_r00.mp4,5457041,0.079598,1,
write,write,,,video_small,mongo_gridfs,0,01-01-01-02-02-01-19_r00.mp4,5457041,0.087883,1,
write,write,,,video_small,pg_bytea,0,01-01-02-01-01-02-09_r00.mp4,5498397,0.235207,1,
write,write,,,video_small,polyglot,0,01-01-02-01-01-02-09_r00.mp4,5498397,0.064090,1,
write,write,,,video_small,mongo_gridfs,0,01-01-02-01-01-02-09_r00.mp4,5498397,0.074942,1,
write,write,,,video_small,mongo_gridfs,0,01-01-02-01-01-02-18_r00.mp4,5498397,0.080543,1,
write,write,,,video_small,polyglot,0,01-01-02-01-01-02-18_r00.mp4,5498397,0.047030,1,
write,write,,,video_small,pg_bytea,0,01-01-02-01-01-02-18_r00.mp4,5498397,0.756150,1,
write,write,,,video_small,mongo_gridfs,0,01-01-02-01-01-02-23_r00.mp4,5498397,0.106812,1,
write,write,,,video_small,pg_bytea,0,01-01-02-01-01-02-23_r00.mp4,5498397,0.680564,1,
write,write,,,video_small,polyglot,0,01-01-02-01-01-02-23_r00.mp4,5498397,0.126414,1,
write,write,,,video_small,pg_bytea,0,01-01-02-01-02-01-09_r00.mp4,5498397,0.248043,1,
write,write,,,video_small,mongo_gridfs,0,01-01-02-01-02-01-09_r00.mp4,5498397,0.048934,1,
write,write,,,video_small,polyglot,0,01-01-02-01-02-01-09_r00.mp4,5498397,0.091152,1,
write,write,,,video_small,mongo_gridfs,0,01-01-02-01-02-02-01_r00.mp4,5498397,0.083128,1,
write,write,,,video_small,pg_bytea,0,01-01-02-01-02-02-01_r00.mp4,5498397,0.375385,1,
write,write,,,video_small,polyglot,0,01-01-02-01-02-02-01_r00.mp4,5498397,0.081040,1,
write,write,,,video_small,pg_bytea,0,01-01-02-01-02-02-03_r00.mp4,5498397,0.389980,1,
write,write,,,video_small,mongo_gridfs,0,01-01-02-01-02-02-03_r00.mp4,5498397,0.067400,1,
write,write,,,video_small,polyglot,0,01-01-02-01-02-02-03_r00.mp4,5498397,0.078792,1,
write,write,,,video_small,polyglot,0,01-01-02-02-01-02-02_r00.mp4,5498397,0.100911,1,
write,write,,,video_small,pg_bytea,0,01-01-02-02-01-02-02_r00.mp4,5498397,0.216711,1,
write,write,,,video_small,mongo_gridfs,0,01-01-02-02-01-02-02_r00.mp4,5498397,0.121692,1,
write,write,,,video_small,polyglot,0,01-01-02-02-01-02-03_r00.mp4,5498397,0.115868,1,
write,write,,,video_small,pg_bytea,0,01-01-02-02-01-02-03_r00.mp4,5498397,0.380653,1,
write,write,,,video_small,mongo_gridfs,0,01-01-02-02-01-02-03_r00.mp4,5498397,0.166565,1,
write,write,,,video_small,mongo_gridfs,0,01-01-02-02-01-02-05_r00.mp4,5498397,0.070473,1,
write,write,,,video_small,polyglot,0,01-01-02-02-01-02-05_r00.mp4,5498397,0.068459,1,
write,write,,,video_small,pg_bytea,0,01-01-02-02-01-02-05_r00.mp4,5498397,0.237291,1,
write,write,,,video_small,pg_bytea,0,01-01-02-02-01-02-10_r00.mp4,5457041,0.245626,1,
write,write,,,video_small,polyglot,0,01-01-02-02-01-02-10_r00.mp4,5457041,0.085640,1,
write,write,,,video_small,mongo_gridfs,0,01-01-02-02-01-02-10_r00.mp4,5457041,0.081760,1,
write,write,,,video_small,polyglot,0,01-01-02-02-01-02-13_r00.mp4,5457041,0.071531,1,
write,write,,,video_small,mongo_gridfs,0,01-01-02-02-01-02-13_r00.mp4,5457041,0.060764,1,
write,write,,,video_small,pg_bytea,0,01-01-02-02-01-02-13_r00.mp4,5457041,0.403091,1,
write,write,,,video_small,pg_bytea,0,01-01-02-02-01-02-17_r00.mp4,5457041,0.452235,1,
write,write,,,video_small,polyglot,0,01-01-02-02-01-02-17_r00.mp4,5457041,0.089446,1,
write,write,,,video_small,mongo_gridfs,0,01-01-02-02-01-02-17_r00.mp4,5457041,0.103095,1,
write,write,,,video_small,pg_bytea,0,01-01-02-02-02-02-18_r00.mp4,5457041,0.376346,1,
write,write,,,video_small,polyglot,0,01-01-02-02-02-02-18_r00.mp4,5457041,0.105227,1,
write,write,,,video_small,mongo_gridfs,0,01-01-02-02-02-02-18_r00.mp4,5457041,0.096040,1,
write,write,,,video_small,pg_bytea,0,01-01-02-02-02-02-19_r00.mp4,5457041,0.269632,1,
write,write,,,video_small,polyglot,0,01-01-02-02-02-02-19_r00.mp4,5457041,0.064548,1,
write,write,,,video_small,mongo_gridfs,0,01-01-02-02-02-02-19_r00.mp4,5457041,0.088355,1,
write,write,,,video_small,pg_bytea,0,01-01-02-02-02-02-21_r00.mp4,5498397,0.348031,1,
write,write,,,video_small,mongo_gridfs,0,01-01-02-02-02-02-21_r00.mp4,5498397,0.182460,1,
write,write,,,video_small,polyglot,0,01-01-02-02-02-02-21_r00.mp4,5498397,0.100019,1,
write,write,,,video_small,mongo_gridfs,0,01-01-02-02-02-02-22_r00.mp4,5457041,0.063403,1,
write,write,,,video_small,polyglot,0,01-01-02-02-02-02-22_r00.mp4,5457041,0.075834,1,
write,write,,,video_small,pg_bytea,0,01-01-02-02-02-02-22_r00.mp4,5457041,0.513304,1,
write,write,,,video_small,mongo_gridfs,0,01-01-02-02-02-02-23_r00.mp4,5457041,0.056760,1,
write,write,,,video_small,pg_bytea,0,01-01-02-02-02-02-23_r00.mp4,5457041,0.239928,1,
write,write,,,video_small,polyglot,0,01-01-02-02-02-02-23_r00.mp4,5457041,0.136564,1,
write,write,,,video_small,pg_bytea,0,01-01-03-01-01-01-12_r00.mp4,5457041,0.230355,1,
write,write,,,video_small,polyglot,0,01-01-03-01-01-01-12_r00.mp4,5457041,0.100235,1,
write,write,,,video_small,mongo_gridfs,0,01-01-03-01-01-01-12_r00.mp4,5457041,0.116963,1,
write,write,,,video_small,mongo_gridfs,0,01-01-03-01-01-01-15_r00.mp4,5457041,0.054600,1,
write,write,,,video_small,pg_bytea,0,01-01-03-01-01-01-15_r00.mp4,5457041,0.440700,1,
write,write,,,video_small,polyglot,0,01-01-03-01-01-01-15_r00.mp4,5457041,0.316028,1,
write,write,,,video_small,pg_bytea,0,01-01-03-01-02-01-08_r00.mp4,5498397,0.342741,1,
write,write,,,video_small,polyglot,0,01-01-03-01-02-01-08_r00.mp4,5498397,0.045024,1,
write,write,,,video_small,mongo_gridfs,0,01-01-03-01-02-01-08_r00.mp4,5498397,0.044504,1,
write,write,,,video_small,polyglot,0,01-01-03-01-02-01-21_r00.mp4,5498397,0.075262,1,
write,write,,,video_small,mongo_gridfs,0,01-01-03-01-02-01-21_r00.mp4,5498397,0.085787,1,
write,write,,,video_small,pg_bytea,0,01-01-03-01-02-01-21_r00.mp4,5498397,0.254330,1,
write,write,,,video_small,mongo_gridfs,0,01-01-03-02-01-01-21_r00.mp4,5457041,0.091521,1,
write,write,,,video_small,pg_bytea,0,01-01-03-02-01-01-21_r00.mp4,5457041,0.645144,1,
write,write,,,video_small,polyglot,0,01-01-03-02-01-01-21_r00.mp4,5457041,0.064706,1,
write,write,,,video_small,mongo_gridfs,0,01-01-03-02-01-01-24_r00.mp4,5457041,0.062287,1,
write,write,,,video_small,polyglot,0,01-01-03-02-01-01-24_r00.mp4,5457041,0.102794,1,
write,write,,,video_small,pg_bytea,0,01-01-03-02-01-01-24_r00.mp4,5457041,0.315035,1,
write,write,,,video_small,pg_bytea,0,01-01-03-02-01-02-01_r00.mp4,5457041,0.292305,1,
write,write,,,video_small,polyglot,0,01-01-03-02-01-02-01_r00.mp4,5457041,0.073279,1,
write,write,,,video_small,mongo_gridfs,0,01-01-03-02-01-02-01_r00.mp4,5457041,0.043141,1,
write,write,,,video_small,mongo_gridfs,0,01-01-03-02-01-02-15_r00.mp4,5457041,0.074165,1,
write,write,,,video_small,pg_bytea,0,01-01-03-02-01-02-15_r00.mp4,5457041,0.347915,1,
write,write,,,video_small,polyglot,0,01-01-03-02-01-02-15_r00.mp4,5457041,0.041037,1,
write,write,,,video_small,pg_bytea,0,01-01-03-02-02-01-05_r00.mp4,5457041,0.296026,1,
write,write,,,video_small,polyglot,0,01-01-03-02-02-01-05_r00.mp4,5457041,0.080361,1,
write,write,,,video_small,mongo_gridfs,0,01-01-03-02-02-01-05_r00.mp4,5457041,0.055862,1,
write,write,,,video_small,mongo_gridfs,0,01-01-03-02-02-01-12_r00.mp4,5457041,0.072230,1,
write,write,,,video_small,polyglot,0,01-01-03-02-02-01-12_r00.mp4,5457041,0.077189,1,
write,write,,,video_small,pg_bytea,0,01-01-03-02-02-01-12_r00.mp4,5457041,0.215964,1,
write,write,,,video_small,polyglot,0,01-01-03-02-02-01-15_r00.mp4,5498397,0.055496,1,
write,write,,,video_small,mongo_gridfs,0,01-01-03-02-02-01-15_r00.mp4,5498397,0.070324,1,
write,write,,,video_small,pg_bytea,0,01-01-03-02-02-01-15_r00.mp4,5498397,0.296462,1,
write,write,,,video_small,mongo_gridfs,0,01-01-04-01-01-01-03_r00.mp4,5457041,0.080798,1,
write,write,,,video_small,polyglot,0,01-01-04-01-01-01-03_r00.mp4,5457041,0.207707,1,
write,write,,,video_small,pg_bytea,0,01-01-04-01-01-01-03_r00.mp4,5457041,0.377299,1,
write,write,,,video_small,mongo_gridfs,0,01-01-04-01-01-01-05_r00.mp4,5498397,0.049898,1,
write,write,,,video_small,polyglot,0,01-01-04-01-01-01-05_r00.mp4,5498397,0.044371,1,
write,write,,,video_small,pg_bytea,0,01-01-04-01-01-01-05_r00.mp4,5498397,0.362014,1,
write,write,,,video_small,polyglot,0,01-01-04-01-01-01-10_r00.mp4,5457041,0.050046,1,
write,write,,,video_small,pg_bytea,0,01-01-04-01-01-01-10_r00.mp4,5457041,0.261353,1,
write,write,,,video_small,mongo_gridfs,0,01-01-04-01-01-01-10_r00.mp4,5457041,0.092189,1,
write,write,,,video_small,pg_bytea,0,01-01-04-01-01-01-16_r00.mp4,5457041,0.586513,1,
write,write,,,video_small,mongo_gridfs,0,01-01-04-01-01-01-16_r00.mp4,5457041,0.082072,1,
write,write,,,video_small,polyglot,0,01-01-04-01-01-01-16_r00.mp4,5457041,0.042632,1,
write,write,,,video_small,mongo_gridfs,0,01-01-04-01-02-01-19_r00.mp4,5498397,0.079187,1,
write,write,,,video_small,polyglot,0,01-01-04-01-02-01-19_r00.mp4,5498397,0.091898,1,
write,write,,,video_small,pg_bytea,0,01-01-04-01-02-01-19_r00.mp4,5498397,0.303748,1,
write,write,,,video_small,pg_bytea,0,01-01-04-01-02-01-21_r00.mp4,5498397,0.372190,1,
write,write,,,video_small,polyglot,0,01-01-04-01-02-01-21_r00.mp4,5498397,0.110661,1,
write,write,,,video_small,mongo_gridfs,0,01-01-04-01-02-01-21_r00.mp4,5498397,0.059050,1,
write,write,,,video_small,mongo_gridfs,0,01-01-04-01-02-01-22_r00.mp4,5498397,0.043321,1,
write,write,,,video_small,pg_bytea,0,01-01-04-01-02-01-22_r00.mp4,5498397,0.225489,1,
write,write,,,video_small,polyglot,0,01-01-04-01-02-01-22_r00.mp4,5498397,0.044113,1,
write,write,,,video_small,polyglot,0,01-01-04-02-01-01-18_r00.mp4,5498397,0.069864,1,
write,write,,,video_small,mongo_gridfs,0,01-01-04-02-01-01-18_r00.mp4,5498397,0.099380,1,
write,write,,,video_small,pg_bytea,0,01-01-04-02-01-01-18_r00.mp4,5498397,0.238448,1,
write,write,,,video_small,mongo_gridfs,0,01-01-04-02-01-01-19_r00.mp4,5457041,0.173796,1,
write,write,,,video_small,pg_bytea,0,01-01-04-02-01-01-19_r00.mp4,5457041,0.272710,1,
write,write,,,video_small,polyglot,0,01-01-04-02-01-01-19_r00.mp4,5457041,0.049189,1,
write,write,,,video_small,polyglot,0,01-01-04-02-02-01-02_r00.mp4,5498397,0.068422,1,
write,write,,,video_small,mongo_gridfs,0,01-01-04-02-02-01-02_r00.mp4,5498397,0.055015,1,
write,write,,,video_small,pg_bytea,0,01-01-04-02-02-01-02_r00.mp4,5498397,0.161122,1,
write,write,,,video_small,mongo_gridfs,0,01-01-04-02-02-01-05_r00.mp4,5498397,0.048537,1,
write,write,,,video_small,pg_bytea,0,01-01-04-02-02-01-05_r00.mp4,5498397,0.213965,1,
write,write,,,video_small,polyglot,0,01-01-04-02-02-01-05_r00.mp4,5498397,0.044675,1,
write,write,,,video_small,polyglot,0,01-01-04-02-02-01-06_r00.mp4,5498397,0.051198,1,
write,write,,,video_small,mongo_gridfs,0,01-01-04-02-02-01-06_r00.mp4,5498397,0.074741,1,
write,write,,,video_small,pg_bytea,0,01-01-04-02-02-01-06_r00.mp4,5498397,0.357667,1,
write,write,,,video_small,polyglot,0,01-01-04-02-02-01-13_r00.mp4,5498397,0.051046,1,
write,write,,,video_small,pg_bytea,0,01-01-04-02-02-01-13_r00.mp4,5498397,0.170656,1,
write,write,,,video_small,mongo_gridfs,0,01-01-04-02-02-01-13_r00.mp4,5498397,0.049066,1,
write,write,,,video_small,pg_bytea,0,01-01-04-02-02-01-17_r00.mp4,5498397,0.217317,1,
write,write,,,video_small,mongo_gridfs,0,01-01-04-02-02-01-17_r00.mp4,5498397,0.040977,1,
write,write,,,video_small,polyglot,0,01-01-04-02-02-01-17_r00.mp4,5498397,0.043997,1,
write,write,,,video_small,pg_bytea,0,01-01-04-02-02-02-19_r00.mp4,5498397,0.232064,1,
write,write,,,video_small,mongo_gridfs,0,01-01-04-02-02-02-19_r00.mp4,5498397,0.051864,1,
write,write,,,video_small,polyglot,0,01-01-04-02-02-02-19_r00.mp4,5498397,0.047502,1,
write,write,,,video_small,mongo_gridfs,0,01-01-05-01-01-02-09_r00.mp4,5457041,0.075937,1,
write,write,,,video_small,polyglot,0,01-01-05-01-01-02-09_r00.mp4,5457041,0.112137,1,
write,write,,,video_small,pg_bytea,0,01-01-05-01-01-02-09_r00.mp4,5457041,0.204666,1,
write,write,,,video_small,pg_bytea,0,01-01-05-01-01-02-19_r00.mp4,5498397,0.211709,1,
write,write,,,video_small,mongo_gridfs,0,01-01-05-01-01-02-19_r00.mp4,5498397,0.072225,1,
write,write,,,video_small,polyglot,0,01-01-05-01-01-02-19_r00.mp4,5498397,0.041179,1,
write,write,,,video_small,pg_bytea,0,01-01-05-01-01-02-21_r00.mp4,5457041,0.288736,1,
write,write,,,video_small,mongo_gridfs,0,01-01-05-01-01-02-21_r00.mp4,5457041,0.057429,1,
write,write,,,video_small,polyglot,0,01-01-05-01-01-02-21_r00.mp4,5457041,0.061776,1,
write,write,,,video_small,pg_bytea,0,01-01-05-01-02-01-19_r00.mp4,5457041,0.204918,1,
write,write,,,video_small,mongo_gridfs,0,01-01-05-01-02-01-19_r00.mp4,5457041,0.074096,1,
write,write,,,video_small,polyglot,0,01-01-05-01-02-01-19_r00.mp4,5457041,0.263925,1,
write,write,,,video_small,polyglot,0,01-01-05-01-02-02-04_r00.mp4,5457041,0.113264,1,
write,write,,,video_small,mongo_gridfs,0,01-01-05-01-02-02-04_r00.mp4,5457041,0.071418,1,
write,write,,,video_small,pg_bytea,0,01-01-05-01-02-02-04_r00.mp4,5457041,0.446851,1,
write,write,,,video_small,mongo_gridfs,0,01-01-05-01-02-02-05_r00.mp4,5498397,0.074200,1,
write,write,,,video_small,pg_bytea,0,01-01-05-01-02-02-05_r00.mp4,5498397,0.227458,1,
write,write,,,video_small,polyglot,0,01-01-05-01-02-02-05_r00.mp4,5498397,0.075533,1,
write,write,,,video_small,polyglot,0,01-01-05-02-01-02-04_r00.mp4,5457041,0.049073,1,
write,write,,,video_small,mongo_gridfs,0,01-01-05-02-01-02-04_r00.mp4,5457041,0.052258,1,
write,write,,,video_small,pg_bytea,0,01-01-05-02-01-02-04_r00.mp4,5457041,0.211880,1,
write,write,,,video_small,polyglot,0,01-01-05-02-01-02-12_r00.mp4,5457041,0.055345,1,
write,write,,,video_small,mongo_gridfs,0,01-01-05-02-01-02-12_r00.mp4,5457041,0.055844,1,
write,write,,,video_small,pg_bytea,0,01-01-05-02-01-02-12_r00.mp4,5457041,0.189655,1,
write,write,,,video_small,polyglot,0,01-01-05-02-01-02-14_r00.mp4,5457041,0.074500,1,
write,write,,,video_small,mongo_gridfs,0,01-01-05-02-01-02-14_r00.mp4,5457041,0.122222,1,
write,write,,,video_small,pg_bytea,0,01-01-05-02-01-02-14_r00.mp4,5457041,0.175179,1,
write,write,,,video_small,mongo_gridfs,0,01-01-05-02-02-02-19_r00.mp4,5498397,0.047397,1,
write,write,,,video_small,polyglot,0,01-01-05-02-02-02-19_r00.mp4,5498397,0.048196,1,
write,write,,,video_small,pg_bytea,0,01-01-05-02-02-02-19_r00.mp4,5498397,0.201229,1,
write,write,,,video_small,polyglot,0,01-01-05-02-02-02-20_r00.mp4,5498397,0.052192,1,
write,write,,,video_small,mongo_gridfs,0,01-01-05-02-02-02-20_r00.mp4,5498397,0.060357,1,
write,write,,,video_small,pg_bytea,0,01-01-05-02-02-02-20_r00.mp4,5498397,0.189425,1,
write,write,,,video_small,mongo_gridfs,0,01-01-05-02-02-02-23_r00.mp4,5457041,0.064356,1,
write,write,,,video_small,pg_bytea,0,01-01-05-02-02-02-23_r00.mp4,5457041,0.247459,1,
write,write,,,video_small,polyglot,0,01-01-05-02-02-02-23_r00.mp4,5457041,0.122889,1,
write,write,,,video_small,pg_bytea,0,01-01-06-01-01-01-08_r00.mp4,5457041,0.400486,1,
write,write,,,video_small,mongo_gridfs,0,01-01-06-01-01-01-08_r00.mp4,5457041,0.086291,1,
write,write,,,video_small,polyglot,0,01-01-06-01-01-01-08_r00.mp4,5457041,0.060948,1,
write,write,,,video_small,pg_bytea,0,01-01-06-01-01-01-19_r00.mp4,5457041,0.167960,1,
write,write,,,video_small,polyglot,0,01-01-06-01-01-01-19_r00.mp4,5457041,0.046731,1,
write,write,,,video_small,mongo_gridfs,0,01-01-06-01-01-01-19_r00.mp4,5457041,0.051606,1,
write,write,,,video_small,polyglot,0,01-01-06-01-01-01-24_r00.mp4,5498397,0.051244,1,
write,write,,,video_small,pg_bytea,0,01-01-06-01-01-01-24_r00.mp4,5498397,0.209254,1,
write,write,,,video_small,mongo_gridfs,0,01-01-06-01-01-01-24_r00.mp4,5498397,0.064496,1,
write,write,,,video_medium,polyglot,0,tsinghua_v_0024_r00.mp4,13091522,0.169501,1,
write,write,,,video_medium,mongo_gridfs,0,tsinghua_v_0024_r00.mp4,13091522,0.225781,1,
write,write,,,video_medium,pg_bytea,0,tsinghua_v_0024_r00.mp4,13091522,0.927769,1,
write,write,,,video_medium,pg_bytea,0,tsinghua_v_0046_r00.mp4,13091522,0.441038,1,
write,write,,,video_medium,polyglot,0,tsinghua_v_0046_r00.mp4,13091522,0.152116,1,
write,write,,,video_medium,mongo_gridfs,0,tsinghua_v_0046_r00.mp4,13091522,0.164255,1,
write,write,,,video_medium,mongo_gridfs,0,tsinghua_v_0076_r00.mp4,13091522,0.104404,1,
write,write,,,video_medium,polyglot,0,tsinghua_v_0076_r00.mp4,13091522,0.121869,1,
write,write,,,video_medium,pg_bytea,0,tsinghua_v_0076_r00.mp4,13091522,0.637206,1,
write,write,,,video_medium,mongo_gridfs,0,tsinghua_v_0080_r00.mp4,13091522,0.130915,1,
write,write,,,video_medium,pg_bytea,0,tsinghua_v_0080_r00.mp4,13091522,0.754854,1,
write,write,,,video_medium,polyglot,0,tsinghua_v_0080_r00.mp4,13091522,0.123760,1,
write,write,,,video_medium,pg_bytea,0,tsinghua_v_0109_r00.mp4,13091522,1.055666,1,
write,write,,,video_medium,mongo_gridfs,0,tsinghua_v_0109_r00.mp4,13091522,0.159052,1,
write,write,,,video_medium,polyglot,0,tsinghua_v_0109_r00.mp4,13091522,0.114041,1,
write,write,,,video_medium,pg_bytea,0,tsinghua_v_0123_r00.mp4,13091522,0.821714,1,
write,write,,,video_medium,mongo_gridfs,0,tsinghua_v_0123_r00.mp4,13091522,0.307512,1,
write,write,,,video_medium,polyglot,0,tsinghua_v_0123_r00.mp4,13091522,0.610591,1,
write,write,,,video_medium,mongo_gridfs,0,tsinghua_v_0130_r00.mp4,13091522,0.157725,1,
write,write,,,video_medium,pg_bytea,0,tsinghua_v_0130_r00.mp4,13091522,0.878869,1,
write,write,,,video_medium,polyglot,0,tsinghua_v_0130_r00.mp4,13091522,0.097040,1,
write,write,,,video_medium,polyglot,0,tsinghua_v_0135_r00.mp4,13091522,0.104098,1,
write,write,,,video_medium,mongo_gridfs,0,tsinghua_v_0135_r00.mp4,13091522,0.198187,1,
write,write,,,video_medium,pg_bytea,0,tsinghua_v_0135_r00.mp4,13091522,0.470484,1,
write,write,,,video_medium,pg_bytea,0,tsinghua_v_0137_r00.mp4,13091522,0.424643,1,
write,write,,,video_medium,mongo_gridfs,0,tsinghua_v_0137_r00.mp4,13091522,0.115388,1,
write,write,,,video_medium,polyglot,0,tsinghua_v_0137_r00.mp4,13091522,0.092926,1,
write,write,,,video_medium,mongo_gridfs,0,tsinghua_v_0140_r00.mp4,13091522,0.112495,1,
write,write,,,video_medium,pg_bytea,0,tsinghua_v_0140_r00.mp4,13091522,0.510396,1,
write,write,,,video_medium,polyglot,0,tsinghua_v_0140_r00.mp4,13091522,0.101598,1,
write,write,,,video_medium,pg_bytea,0,tsinghua_v_0151_r00.mp4,13091522,0.800841,1,
write,write,,,video_medium,polyglot,0,tsinghua_v_0151_r00.mp4,13091522,0.168523,1,
write,write,,,video_medium,mongo_gridfs,0,tsinghua_v_0151_r00.mp4,13091522,0.188442,1,
write,write,,,video_medium,pg_bytea,0,tsinghua_v_0157_r00.mp4,13091522,0.413913,1,
write,write,,,video_medium,polyglot,0,tsinghua_v_0157_r00.mp4,13091522,0.127672,1,
write,write,,,video_medium,mongo_gridfs,0,tsinghua_v_0157_r00.mp4,13091522,0.108582,1,
write,write,,,video_medium,pg_bytea,0,tsinghua_v_0209_r00.mp4,13091522,0.441626,1,
write,write,,,video_medium,mongo_gridfs,0,tsinghua_v_0209_r00.mp4,13091522,0.209125,1,
write,write,,,video_medium,polyglot,0,tsinghua_v_0209_r00.mp4,13091522,0.131047,1,
write,write,,,video_medium,polyglot,0,tsinghua_v_0226_r00.mp4,13091522,0.185143,1,
write,write,,,video_medium,mongo_gridfs,0,tsinghua_v_0226_r00.mp4,13091522,0.214238,1,
write,write,,,video_medium,pg_bytea,0,tsinghua_v_0226_r00.mp4,13091522,1.069266,1,
write,write,,,video_medium,mongo_gridfs,0,tsinghua_v_0236_r00.mp4,13091522,0.108036,1,
write,write,,,video_medium,pg_bytea,0,tsinghua_v_0236_r00.mp4,13091522,0.444284,1,
write,write,,,video_medium,polyglot,0,tsinghua_v_0236_r00.mp4,13091522,0.102257,1,
write,write,,,video_medium,mongo_gridfs,0,tsinghua_v_0274_r00.mp4,13091522,0.111466,1,
write,write,,,video_medium,polyglot,0,tsinghua_v_0274_r00.mp4,13091522,0.214481,1,
write,write,,,video_medium,pg_bytea,0,tsinghua_v_0274_r00.mp4,13091522,0.492837,1,
write,write,,,video_medium,pg_bytea,0,tsinghua_v_0280_r00.mp4,13091522,0.478484,1,
write,write,,,video_medium,mongo_gridfs,0,tsinghua_v_0280_r00.mp4,13091522,0.114995,1,
write,write,,,video_medium,polyglot,0,tsinghua_v_0280_r00.mp4,13091522,0.125589,1,
write,write,,,video_medium,pg_bytea,0,tsinghua_v_0302_r00.mp4,13091522,0.351698,1,
write,write,,,video_medium,mongo_gridfs,0,tsinghua_v_0302_r00.mp4,13091522,0.111764,1,
write,write,,,video_medium,polyglot,0,tsinghua_v_0302_r00.mp4,13091522,0.100487,1,
write,write,,,video_medium,pg_bytea,0,tsinghua_v_0311_r00.mp4,13091522,0.903419,1,
write,write,,,video_medium,polyglot,0,tsinghua_v_0311_r00.mp4,13091522,0.406486,1,
write,write,,,video_medium,mongo_gridfs,0,tsinghua_v_0311_r00.mp4,13091522,0.152861,1,
write,write,,,video_medium,polyglot,0,tsinghua_v_0316_r00.mp4,13091522,0.128690,1,
write,write,,,video_medium,mongo_gridfs,0,tsinghua_v_0316_r00.mp4,13091522,0.276886,1,
write,write,,,video_medium,pg_bytea,0,tsinghua_v_0316_r00.mp4,13091522,0.543473,1,
write,write,,,video_medium,polyglot,0,tsinghua_v_0319_r00.mp4,13091522,0.125238,1,
write,write,,,video_medium,mongo_gridfs,0,tsinghua_v_0319_r00.mp4,13091522,0.105119,1,
write,write,,,video_medium,pg_bytea,0,tsinghua_v_0319_r00.mp4,13091522,0.835633,1,
write,write,,,video_medium,mongo_gridfs,0,tsinghua_v_0321_r00.mp4,13091522,0.099539,1,
write,write,,,video_medium,polyglot,0,tsinghua_v_0321_r00.mp4,13091522,0.116226,1,
write,write,,,video_medium,pg_bytea,0,tsinghua_v_0321_r00.mp4,13091522,0.896169,1,
write,write,,,video_medium,mongo_gridfs,0,tsinghua_v_0331_r00.mp4,13091522,0.176476,1,
write,write,,,video_medium,polyglot,0,tsinghua_v_0331_r00.mp4,13091522,0.124401,1,
write,write,,,video_medium,pg_bytea,0,tsinghua_v_0331_r00.mp4,13091522,0.412187,1,
write,write,,,video_medium,polyglot,0,tsinghua_v_0345_r00.mp4,13091522,0.102737,1,
write,write,,,video_medium,pg_bytea,0,tsinghua_v_0345_r00.mp4,13091522,0.559344,1,
write,write,,,video_medium,mongo_gridfs,0,tsinghua_v_0345_r00.mp4,13091522,0.120955,1,
write,write,,,video_medium,mongo_gridfs,0,tsinghua_v_0356_r00.mp4,13091522,0.197927,1,
write,write,,,video_medium,pg_bytea,0,tsinghua_v_0356_r00.mp4,13091522,0.386545,1,
write,write,,,video_medium,polyglot,0,tsinghua_v_0356_r00.mp4,13091522,0.123820,1,
write,write,,,video_medium,mongo_gridfs,0,tsinghua_v_0357_r00.mp4,13091522,0.287947,1,
write,write,,,video_medium,polyglot,0,tsinghua_v_0357_r00.mp4,13091522,0.187174,1,
write,write,,,video_medium,pg_bytea,0,tsinghua_v_0357_r00.mp4,13091522,0.709112,1,
write,write,,,video_medium,pg_bytea,0,tsinghua_v_0379_r00.mp4,13091522,0.440870,1,
write,write,,,video_medium,mongo_gridfs,0,tsinghua_v_0379_r00.mp4,13091522,0.132479,1,
write,write,,,video_medium,polyglot,0,tsinghua_v_0379_r00.mp4,13091522,0.209516,1,
write,write,,,video_medium,mongo_gridfs,0,tsinghua_v_0393_r00.mp4,13091522,0.288817,1,
write,write,,,video_medium,pg_bytea,0,tsinghua_v_0393_r00.mp4,13091522,0.445801,1,
write,write,,,video_medium,polyglot,0,tsinghua_v_0393_r00.mp4,13091522,0.153725,1,
write,write,,,video_medium,polyglot,0,tsinghua_v_0421_r00.mp4,13091522,0.091843,1,
write,write,,,video_medium,mongo_gridfs,0,tsinghua_v_0421_r00.mp4,13091522,0.097332,1,
write,write,,,video_medium,pg_bytea,0,tsinghua_v_0421_r00.mp4,13091522,0.499826,1,
write,write,,,video_medium,pg_bytea,0,tsinghua_v_0424_r00.mp4,13091522,0.399085,1,
write,write,,,video_medium,polyglot,0,tsinghua_v_0424_r00.mp4,13091522,0.139673,1,
write,write,,,video_medium,mongo_gridfs,0,tsinghua_v_0424_r00.mp4,13091522,0.109253,1,
write,write,,,video_medium,pg_bytea,0,tsinghua_v_0427_r00.mp4,13091522,0.430958,1,
write,write,,,video_medium,mongo_gridfs,0,tsinghua_v_0427_r00.mp4,13091522,0.106524,1,
write,write,,,video_medium,polyglot,0,tsinghua_v_0427_r00.mp4,13091522,0.115400,1,
write,write,,,video_medium,pg_bytea,0,tsinghua_v_0431_r00.mp4,13091522,0.452999,1,
write,write,,,video_medium,polyglot,0,tsinghua_v_0431_r00.mp4,13091522,0.172408,1,
write,write,,,video_medium,mongo_gridfs,0,tsinghua_v_0431_r00.mp4,13091522,0.269760,1,
write,write,,,video_medium,pg_bytea,0,tsinghua_v_0452_r00.mp4,13091522,0.828128,1,
write,write,,,video_medium,polyglot,0,tsinghua_v_0452_r00.mp4,13091522,0.133930,1,
write,write,,,video_medium,mongo_gridfs,0,tsinghua_v_0452_r00.mp4,13091522,0.122802,1,
write,write,,,video_medium,pg_bytea,0,tsinghua_v_0454_r00.mp4,13091522,0.552046,1,
write,write,,,video_medium,polyglot,0,tsinghua_v_0454_r00.mp4,13091522,0.105562,1,
write,write,,,video_medium,mongo_gridfs,0,tsinghua_v_0454_r00.mp4,13091522,0.125334,1,
write,write,,,video_medium,pg_bytea,0,tsinghua_v_0457_r00.mp4,13091522,0.382369,1,
write,write,,,video_medium,polyglot,0,tsinghua_v_0457_r00.mp4,13091522,0.111463,1,
write,write,,,video_medium,mongo_gridfs,0,tsinghua_v_0457_r00.mp4,13091522,0.096927,1,
write,write,,,video_medium,polyglot,0,tsinghua_v_0466_r00.mp4,13091522,0.105974,1,
write,write,,,video_medium,pg_bytea,0,tsinghua_v_0466_r00.mp4,13091522,0.359545,1,
write,write,,,video_medium,mongo_gridfs,0,tsinghua_v_0466_r00.mp4,13091522,0.124326,1,
write,write,,,video_medium,mongo_gridfs,0,tsinghua_v_0471_r00.mp4,13091522,0.089978,1,
write,write,,,video_medium,polyglot,0,tsinghua_v_0471_r00.mp4,13091522,0.113421,1,
write,write,,,video_medium,pg_bytea,0,tsinghua_v_0471_r00.mp4,13091522,0.377099,1,
write,write,,,video_medium,polyglot,0,tsinghua_v_0472_r00.mp4,13091522,0.118197,1,
write,write,,,video_medium,pg_bytea,0,tsinghua_v_0472_r00.mp4,13091522,0.408882,1,
write,write,,,video_medium,mongo_gridfs,0,tsinghua_v_0472_r00.mp4,13091522,0.098775,1,
write,write,,,video_medium,polyglot,0,tsinghua_v_0494_r00.mp4,13091522,0.096399,1,
write,write,,,video_medium,pg_bytea,0,tsinghua_v_0494_r00.mp4,13091522,0.463321,1,
write,write,,,video_medium,mongo_gridfs,0,tsinghua_v_0494_r00.mp4,13091522,0.103317,1,
write,write,,,video_medium,polyglot,0,tsinghua_v_0503_r00.mp4,13091522,0.121502,1,
write,write,,,video_medium,pg_bytea,0,tsinghua_v_0503_r00.mp4,13091522,0.449817,1,
write,write,,,video_medium,mongo_gridfs,0,tsinghua_v_0503_r00.mp4,13091522,0.100988,1,
write,write,,,video_medium,pg_bytea,0,tsinghua_v_0509_r00.mp4,13091522,0.461735,1,
write,write,,,video_medium,polyglot,0,tsinghua_v_0509_r00.mp4,13091522,0.102656,1,
write,write,,,video_medium,mongo_gridfs,0,tsinghua_v_0509_r00.mp4,13091522,0.104067,1,
write,write,,,video_medium,pg_bytea,0,tsinghua_v_0523_r00.mp4,13091522,0.880781,1,
write,write,,,video_medium,mongo_gridfs,0,tsinghua_v_0523_r00.mp4,13091522,0.119510,1,
write,write,,,video_medium,polyglot,0,tsinghua_v_0523_r00.mp4,13091522,0.096710,1,
write,write,,,video_medium,mongo_gridfs,0,tsinghua_v_0546_r00.mp4,13091522,0.099220,1,
write,write,,,video_medium,polyglot,0,tsinghua_v_0546_r00.mp4,13091522,0.110083,1,
write,write,,,video_medium,pg_bytea,0,tsinghua_v_0546_r00.mp4,13091522,0.363535,1,
write,write,,,video_medium,polyglot,0,tsinghua_v_0568_r00.mp4,13091522,0.111226,1,
write,write,,,video_medium,pg_bytea,0,tsinghua_v_0568_r00.mp4,13091522,0.376531,1,
write,write,,,video_medium,mongo_gridfs,0,tsinghua_v_0568_r00.mp4,13091522,0.104752,1,
write,write,,,video_medium,pg_bytea,0,tsinghua_v_0594_r00.mp4,13091522,0.361666,1,
write,write,,,video_medium,polyglot,0,tsinghua_v_0594_r00.mp4,13091522,0.097420,1,
write,write,,,video_medium,mongo_gridfs,0,tsinghua_v_0594_r00.mp4,13091522,0.093932,1,
write,write,,,video_medium,pg_bytea,0,tsinghua_v_0596_r00.mp4,13091522,0.437320,1,
write,write,,,video_medium,mongo_gridfs,0,tsinghua_v_0596_r00.mp4,13091522,0.109684,1,
write,write,,,video_medium,polyglot,0,tsinghua_v_0596_r00.mp4,13091522,0.104523,1,
write,write,,,video_medium,polyglot,0,tsinghua_v_0635_r00.mp4,13091522,0.093787,1,
write,write,,,video_medium,pg_bytea,0,tsinghua_v_0635_r00.mp4,13091522,0.397328,1,
write,write,,,video_medium,mongo_gridfs,0,tsinghua_v_0635_r00.mp4,13091522,0.146975,1,
write,write,,,video_medium,mongo_gridfs,0,tsinghua_v_0653_r00.mp4,13091522,0.139344,1,
write,write,,,video_medium,polyglot,0,tsinghua_v_0653_r00.mp4,13091522,0.208307,1,
write,write,,,video_medium,pg_bytea,0,tsinghua_v_0653_r00.mp4,13091522,1.189280,1,
write,write,,,video_medium,polyglot,0,tsinghua_v_0667_r00.mp4,13091522,0.106553,1,
write,write,,,video_medium,pg_bytea,0,tsinghua_v_0667_r00.mp4,13091522,0.532909,1,
write,write,,,video_medium,mongo_gridfs,0,tsinghua_v_0667_r00.mp4,13091522,0.096624,1,
write,write,,,video_medium,polyglot,0,tsinghua_v_0673_r00.mp4,13091522,0.106069,1,
write,write,,,video_medium,mongo_gridfs,0,tsinghua_v_0673_r00.mp4,13091522,0.102418,1,
write,write,,,video_medium,pg_bytea,0,tsinghua_v_0673_r00.mp4,13091522,0.440767,1,
write,write,,,video_medium,pg_bytea,0,tsinghua_v_0681_r00.mp4,13091522,0.376794,1,
write,write,,,video_medium,polyglot,0,tsinghua_v_0681_r00.mp4,13091522,0.096909,1,
write,write,,,video_medium,mongo_gridfs,0,tsinghua_v_0681_r00.mp4,13091522,0.097015,1,
write,write,,,video_medium,polyglot,0,tsinghua_v_0690_r00.mp4,13091522,0.130490,1,
write,write,,,video_medium,pg_bytea,0,tsinghua_v_0690_r00.mp4,13091522,0.375490,1,
write,write,,,video_medium,mongo_gridfs,0,tsinghua_v_0690_r00.mp4,13091522,0.203239,1,
write,write,,,video_medium,pg_bytea,0,tsinghua_v_0692_r00.mp4,13091522,0.380940,1,
write,write,,,video_medium,mongo_gridfs,0,tsinghua_v_0692_r00.mp4,13091522,0.098240,1,
write,write,,,video_medium,polyglot,0,tsinghua_v_0692_r00.mp4,13091522,0.094451,1,
write,write,,,video_medium,mongo_gridfs,0,tsinghua_v_0696_r00.mp4,13091522,0.095516,1,
write,write,,,video_medium,polyglot,0,tsinghua_v_0696_r00.mp4,13091522,0.181418,1,
write,write,,,video_medium,pg_bytea,0,tsinghua_v_0696_r00.mp4,13091522,0.646872,1,
write,write,,,video_medium,mongo_gridfs,0,tsinghua_v_0734_r00.mp4,13091522,0.095291,1,
write,write,,,video_medium,pg_bytea,0,tsinghua_v_0734_r00.mp4,13091522,0.322270,1,
write,write,,,video_medium,polyglot,0,tsinghua_v_0734_r00.mp4,13091522,0.098015,1,
write,write,,,video_medium,pg_bytea,0,tsinghua_v_0737_r00.mp4,13091522,0.390124,1,
write,write,,,video_medium,mongo_gridfs,0,tsinghua_v_0737_r00.mp4,13091522,0.112317,1,
write,write,,,video_medium,polyglot,0,tsinghua_v_0737_r00.mp4,13091522,0.104278,1,
write,write,,,video_medium,pg_bytea,0,tsinghua_v_0744_r00.mp4,13091522,0.369043,1,
write,write,,,video_medium,polyglot,0,tsinghua_v_0744_r00.mp4,13091522,0.104465,1,
write,write,,,video_medium,mongo_gridfs,0,tsinghua_v_0744_r00.mp4,13091522,0.103837,1,
write,write,,,video_medium,pg_bytea,0,tsinghua_v_0745_r00.mp4,13091522,0.403432,1,
write,write,,,video_medium,mongo_gridfs,0,tsinghua_v_0745_r00.mp4,13091522,0.096282,1,
write,write,,,video_medium,polyglot,0,tsinghua_v_0745_r00.mp4,13091522,0.109738,1,
write,write,,,video_medium,pg_bytea,0,tsinghua_v_0769_r00.mp4,13091522,0.382899,1,
write,write,,,video_medium,polyglot,0,tsinghua_v_0769_r00.mp4,13091522,0.103911,1,
write,write,,,video_medium,mongo_gridfs,0,tsinghua_v_0769_r00.mp4,13091522,0.106792,1,
write,write,,,video_medium,mongo_gridfs,0,tsinghua_v_0791_r00.mp4,13091522,0.112666,1,
write,write,,,video_medium,polyglot,0,tsinghua_v_0791_r00.mp4,13091522,0.125928,1,
write,write,,,video_medium,pg_bytea,0,tsinghua_v_0791_r00.mp4,13091522,0.449925,1,
write,write,,,video_medium,polyglot,0,tsinghua_v_0792_r00.mp4,13091522,0.104720,1,
write,write,,,video_medium,mongo_gridfs,0,tsinghua_v_0792_r00.mp4,13091522,0.132578,1,
write,write,,,video_medium,pg_bytea,0,tsinghua_v_0792_r00.mp4,13091522,0.349378,1,
write,write,,,video_medium,polyglot,0,tsinghua_v_0857_r00.mp4,13091522,0.487576,1,
write,write,,,video_medium,pg_bytea,0,tsinghua_v_0857_r00.mp4,13091522,0.543502,1,
write,write,,,video_medium,mongo_gridfs,0,tsinghua_v_0857_r00.mp4,13091522,0.103748,1,
write,write,,,video_medium,mongo_gridfs,0,tsinghua_v_0866_r00.mp4,13091522,0.142026,1,
write,write,,,video_medium,pg_bytea,0,tsinghua_v_0866_r00.mp4,13091522,0.424849,1,
write,write,,,video_medium,polyglot,0,tsinghua_v_0866_r00.mp4,13091522,0.098527,1,
write,write,,,video_medium,mongo_gridfs,0,tsinghua_v_0880_r00.mp4,13091522,0.111462,1,
write,write,,,video_medium,pg_bytea,0,tsinghua_v_0880_r00.mp4,13091522,0.367438,1,
write,write,,,video_medium,polyglot,0,tsinghua_v_0880_r00.mp4,13091522,0.098491,1,
write,write,,,video_medium,pg_bytea,0,tsinghua_v_0888_r00.mp4,13091522,0.447587,1,
write,write,,,video_medium,polyglot,0,tsinghua_v_0888_r00.mp4,13091522,0.098372,1,
write,write,,,video_medium,mongo_gridfs,0,tsinghua_v_0888_r00.mp4,13091522,0.092982,1,
write,write,,,video_medium,pg_bytea,0,tsinghua_v_0901_r00.mp4,13091522,0.471040,1,
write,write,,,video_medium,polyglot,0,tsinghua_v_0901_r00.mp4,13091522,0.133647,1,
write,write,,,video_medium,mongo_gridfs,0,tsinghua_v_0901_r00.mp4,13091522,0.108912,1,
write,write,,,video_medium,polyglot,0,tsinghua_v_0937_r00.mp4,13091522,0.114540,1,
write,write,,,video_medium,mongo_gridfs,0,tsinghua_v_0937_r00.mp4,13091522,0.397601,1,
write,write,,,video_medium,pg_bytea,0,tsinghua_v_0937_r00.mp4,13091522,0.826324,1,
write,write,,,video_medium,polyglot,0,tsinghua_v_0939_r00.mp4,13091522,0.101640,1,
write,write,,,video_medium,pg_bytea,0,tsinghua_v_0939_r00.mp4,13091522,0.400917,1,
write,write,,,video_medium,mongo_gridfs,0,tsinghua_v_0939_r00.mp4,13091522,0.108594,1,
write,write,,,video_medium,mongo_gridfs,0,tsinghua_v_0961_r00.mp4,13091522,0.093781,1,
write,write,,,video_medium,polyglot,0,tsinghua_v_0961_r00.mp4,13091522,0.094547,1,
write,write,,,video_medium,pg_bytea,0,tsinghua_v_0961_r00.mp4,13091522,0.398916,1,
write,write,,,video_medium,mongo_gridfs,0,tsinghua_v_0977_r00.mp4,13091522,0.122485,1,
write,write,,,video_medium,polyglot,0,tsinghua_v_0977_r00.mp4,13091522,0.113310,1,
write,write,,,video_medium,pg_bytea,0,tsinghua_v_0977_r00.mp4,13091522,0.358578,1,
write,write,,,audio_small,polyglot,1,03-01-01-01-01-02-19_r01.wav,375720,0.011753,1,
write,write,,,audio_small,pg_bytea,1,03-01-01-01-01-02-19_r01.wav,375720,0.010527,1,
write,write,,,audio_small,mongo_gridfs,1,03-01-01-01-01-02-19_r01.wav,375720,0.011584,1,
write,write,,,audio_small,mongo_gridfs,1,03-01-01-01-02-02-05_r01.wav,396294,0.005848,1,
write,write,,,audio_small,polyglot,1,03-01-01-01-02-02-05_r01.wav,396294,0.011412,1,
write,write,,,audio_small,pg_bytea,1,03-01-01-01-02-02-05_r01.wav,396294,0.011216,1,
write,write,,,audio_small,mongo_gridfs,1,03-01-01-01-02-02-06_r01.wav,363108,0.010495,1,
write,write,,,audio_small,pg_bytea,1,03-01-01-01-02-02-06_r01.wav,363108,0.009178,1,
write,write,,,audio_small,polyglot,1,03-01-01-01-02-02-06_r01.wav,363108,0.005691,1,
write,write,,,audio_small,mongo_gridfs,1,03-01-01-01-02-02-07_r01.wav,363108,0.005337,1,
write,write,,,audio_small,polyglot,1,03-01-01-01-02-02-07_r01.wav,363108,0.007565,1,
write,write,,,audio_small,pg_bytea,1,03-01-01-01-02-02-07_r01.wav,363108,0.012523,1,
write,write,,,audio_small,polyglot,1,03-01-01-01-02-02-11_r01.wav,375720,0.006825,1,
write,write,,,audio_small,pg_bytea,1,03-01-01-01-02-02-11_r01.wav,375720,0.011176,1,
write,write,,,audio_small,mongo_gridfs,1,03-01-01-01-02-02-11_r01.wav,375720,0.006629,1,
write,write,,,audio_small,pg_bytea,1,03-01-01-01-02-02-12_r01.wav,372698,0.009164,1,
write,write,,,audio_small,polyglot,1,03-01-01-01-02-02-12_r01.wav,372698,0.006117,1,
write,write,,,audio_small,mongo_gridfs,1,03-01-01-01-02-02-12_r01.wav,372698,0.006731,1,
write,write,,,audio_small,pg_bytea,1,03-01-01-01-02-02-13_r01.wav,363108,0.008743,1,
write,write,,,audio_small,polyglot,1,03-01-01-01-02-02-13_r01.wav,363108,0.005424,1,
write,write,,,audio_small,mongo_gridfs,1,03-01-01-01-02-02-13_r01.wav,363108,0.004362,1,
write,write,,,audio_small,polyglot,1,03-01-01-02-01-02-05_r01.wav,393086,0.006271,1,
write,write,,,audio_small,pg_bytea,1,03-01-01-02-01-02-05_r01.wav,393086,0.009783,1,
write,write,,,audio_small,mongo_gridfs,1,03-01-01-02-01-02-05_r01.wav,393086,0.007828,1,
write,write,,,audio_small,pg_bytea,1,03-01-01-02-01-02-06_r01.wav,363108,0.012622,1,
write,write,,,audio_small,mongo_gridfs,1,03-01-01-02-01-02-06_r01.wav,363108,0.006521,1,
write,write,,,audio_small,polyglot,1,03-01-01-02-01-02-06_r01.wav,363108,0.004942,1,
write,write,,,audio_small,polyglot,1,03-01-01-02-01-02-07_r01.wav,372698,0.004725,1,
write,write,,,audio_small,pg_bytea,1,03-01-01-02-01-02-07_r01.wav,372698,0.009170,1,
write,write,,,audio_small,mongo_gridfs,1,03-01-01-02-01-02-07_r01.wav,372698,0.006199,1,
write,write,,,audio_small,mongo_gridfs,1,03-01-01-02-01-02-13_r01.wav,399494,0.007712,1,
write,write,,,audio_small,pg_bytea,1,03-01-01-02-01-02-13_r01.wav,399494,0.010378,1,
write,write,,,audio_small,polyglot,1,03-01-01-02-01-02-13_r01.wav,399494,0.010005,1,
write,write,,,audio_small,mongo_gridfs,1,03-01-01-02-02-02-19_r01.wav,372698,0.005650,1,
write,write,,,audio_small,pg_bytea,1,03-01-01-02-02-02-19_r01.wav,372698,0.010444,1,
write,write,,,audio_small,polyglot,1,03-01-01-02-02-02-19_r01.wav,372698,0.006939,1,
write,write,,,audio_small,polyglot,1,03-01-02-01-01-01-19_r01.wav,372698,0.005225,1,
write,write,,,audio_small,pg_bytea,1,03-01-02-01-01-01-19_r01.wav,372698,0.009151,1,
write,write,,,audio_small,mongo_gridfs,1,03-01-02-01-01-01-19_r01.wav,372698,0.005423,1,
write,write,,,audio_small,pg_bytea,1,03-01-02-01-02-01-06_r01.wav,363108,0.009079,1,
write,write,,,audio_small,polyglot,1,03-01-02-01-02-01-06_r01.wav,363108,0.005966,1,
write,write,,,audio_small,mongo_gridfs,1,03-01-02-01-02-01-06_r01.wav,363108,0.004595,1,
write,write,,,audio_small,pg_bytea,1,03-01-02-01-02-01-07_r01.wav,399494,0.010342,1,
write,write,,,audio_small,mongo_gridfs,1,03-01-02-01-02-01-07_r01.wav,399494,0.005567,1,
write,write,,,audio_small,polyglot,1,03-01-02-01-02-01-07_r01.wav,399494,0.008241,1,
write,write,,,audio_small,pg_bytea,1,03-01-02-01-02-01-11_r01.wav,375720,0.013903,1,
write,write,,,audio_small,polyglot,1,03-01-02-01-02-01-11_r01.wav,375720,0.006055,1,
write,write,,,audio_small,mongo_gridfs,1,03-01-02-01-02-01-11_r01.wav,375720,0.005971,1,
write,write,,,audio_small,polyglot,1,03-01-02-01-02-01-12_r01.wav,372698,0.004475,1,
write,write,,,audio_small,mongo_gridfs,1,03-01-02-01-02-01-12_r01.wav,372698,0.006037,1,
write,write,,,audio_small,pg_bytea,1,03-01-02-01-02-01-12_r01.wav,372698,0.009411,1,
write,write,,,audio_small,polyglot,1,03-01-02-01-02-01-13_r01.wav,379106,0.005618,1,
write,write,,,audio_small,mongo_gridfs,1,03-01-02-01-02-01-13_r01.wav,379106,0.004515,1,
write,write,,,audio_small,pg_bytea,1,03-01-02-01-02-01-13_r01.wav,379106,0.009046,1,
write,write,,,audio_small,mongo_gridfs,1,03-01-02-02-01-01-05_r01.wav,363108,0.005299,1,
write,write,,,audio_small,pg_bytea,1,03-01-02-02-01-01-05_r01.wav,363108,0.010519,1,
write,write,,,audio_small,polyglot,1,03-01-02-02-01-01-05_r01.wav,363108,0.005491,1,
write,write,,,audio_small,mongo_gridfs,1,03-01-02-02-01-01-11_r01.wav,363108,0.004700,1,
write,write,,,audio_small,pg_bytea,1,03-01-02-02-01-01-11_r01.wav,363108,0.008631,1,
write,write,,,audio_small,polyglot,1,03-01-02-02-01-01-11_r01.wav,363108,0.005076,1,
write,write,,,audio_small,mongo_gridfs,1,03-01-02-02-01-01-12_r01.wav,399494,0.004916,1,
write,write,,,audio_small,pg_bytea,1,03-01-02-02-01-01-12_r01.wav,399494,0.009633,1,
write,write,,,audio_small,polyglot,1,03-01-02-02-01-01-12_r01.wav,399494,0.009354,1,
write,write,,,audio_small,mongo_gridfs,1,03-01-02-02-01-01-13_r01.wav,399494,0.020529,1,
write,write,,,audio_small,pg_bytea,1,03-01-02-02-01-01-13_r01.wav,399494,0.012958,1,
write,write,,,audio_small,polyglot,1,03-01-02-02-01-01-13_r01.wav,399494,0.006387,1,
write,write,,,audio_small,mongo_gridfs,1,03-01-02-02-02-01-19_r01.wav,379106,0.007166,1,
write,write,,,audio_small,polyglot,1,03-01-02-02-02-01-19_r01.wav,379106,0.006990,1,
write,write,,,audio_small,pg_bytea,1,03-01-02-02-02-01-19_r01.wav,379106,0.012296,1,
write,write,,,audio_small,polyglot,1,03-01-03-01-01-02-05_r01.wav,396294,0.006524,1,
write,write,,,audio_small,pg_bytea,1,03-01-03-01-01-02-05_r01.wav,396294,0.009801,1,
write,write,,,audio_small,mongo_gridfs,1,03-01-03-01-01-02-05_r01.wav,396294,0.005293,1,
write,write,,,audio_small,polyglot,1,03-01-03-01-01-02-07_r01.wav,393086,0.006006,1,
write,write,,,audio_small,mongo_gridfs,1,03-01-03-01-01-02-07_r01.wav,393086,0.007330,1,
write,write,,,audio_small,pg_bytea,1,03-01-03-01-01-02-07_r01.wav,393086,0.019153,1,
write,write,,,audio_small,pg_bytea,1,03-01-03-01-01-02-12_r01.wav,399494,0.011705,1,
write,write,,,audio_small,mongo_gridfs,1,03-01-03-01-01-02-12_r01.wav,399494,0.008413,1,
write,write,,,audio_small,polyglot,1,03-01-03-01-01-02-12_r01.wav,399494,0.009095,1,
write,write,,,audio_small,polyglot,1,03-01-03-01-01-02-13_r01.wav,399494,0.008771,1,
write,write,,,audio_small,mongo_gridfs,1,03-01-03-01-01-02-13_r01.wav,399494,0.005863,1,
write,write,,,audio_small,pg_bytea,1,03-01-03-01-01-02-13_r01.wav,399494,0.011052,1,
write,write,,,audio_small,polyglot,1,03-01-03-01-02-02-18_r01.wav,393086,0.006129,1,
write,write,,,audio_small,pg_bytea,1,03-01-03-01-02-02-18_r01.wav,393086,0.010754,1,
write,write,,,audio_small,mongo_gridfs,1,03-01-03-01-02-02-18_r01.wav,393086,0.005095,1,
write,write,,,audio_small,polyglot,1,03-01-03-01-02-02-19_r01.wav,399494,0.005230,1,
write,write,,,audio_small,pg_bytea,1,03-01-03-01-02-02-19_r01.wav,399494,0.011907,1,
write,write,,,audio_small,mongo_gridfs,1,03-01-03-01-02-02-19_r01.wav,399494,0.005345,1,
write,write,,,audio_small,pg_bytea,1,03-01-03-02-01-02-18_r01.wav,396294,0.011018,1,
write,write,,,audio_small,mongo_gridfs,1,03-01-03-02-01-02-18_r01.wav,396294,0.005523,1,
write,write,,,audio_small,polyglot,1,03-01-03-02-01-02-18_r01.wav,396294,0.005268,1,
write,write,,,audio_small,mongo_gridfs,1,03-01-03-02-01-02-19_r01.wav,372698,0.004338,1,
write,write,,,audio_small,polyglot,1,03-01-03-02-01-02-19_r01.wav,372698,0.005227,1,
write,write,,,audio_small,pg_bytea,1,03-01-03-02-01-02-19_r01.wav,372698,0.012481,1,
write,write,,,audio_small,pg_bytea,1,03-01-03-02-02-02-04_r01.wav,379106,0.011374,1,
write,write,,,audio_small,polyglot,1,03-01-03-02-02-02-04_r01.wav,379106,0.005686,1,
write,write,,,audio_small,mongo_gridfs,1,03-01-03-02-02-02-04_r01.wav,379106,0.004465,1,
write,write,,,audio_small,pg_bytea,1,03-01-03-02-02-02-06_r01.wav,399494,0.011240,1,
write,write,,,audio_small,polyglot,1,03-01-03-02-02-02-06_r01.wav,399494,0.006234,1,
write,write,,,audio_small,mongo_gridfs,1,03-01-03-02-02-02-06_r01.wav,399494,0.005552,1,
write,write,,,audio_small,mongo_gridfs,1,03-01-03-02-02-02-07_r01.wav,393086,0.004963,1,
write,write,,,audio_small,polyglot,1,03-01-03-02-02-02-07_r01.wav,393086,0.004938,1,
write,write,,,audio_small,pg_bytea,1,03-01-03-02-02-02-07_r01.wav,393086,0.017196,1,
write,write,,,audio_small,mongo_gridfs,1,03-01-03-02-02-02-10_r01.wav,375720,0.006708,1,
write,write,,,audio_small,polyglot,1,03-01-03-02-02-02-10_r01.wav,375720,0.005327,1,
write,write,,,audio_small,pg_bytea,1,03-01-03-02-02-02-10_r01.wav,375720,0.015762,1,
write,write,,,audio_small,mongo_gridfs,1,03-01-03-02-02-02-11_r01.wav,396294,0.009184,1,
write,write,,,audio_small,pg_bytea,1,03-01-03-02-02-02-11_r01.wav,396294,0.012882,1,
write,write,,,audio_small,polyglot,1,03-01-03-02-02-02-11_r01.wav,396294,0.006111,1,
write,write,,,audio_small,polyglot,1,03-01-03-02-02-02-13_r01.wav,399494,0.005484,1,
write,write,,,audio_small,mongo_gridfs,1,03-01-03-02-02-02-13_r01.wav,399494,0.005027,1,
write,write,,,audio_small,pg_bytea,1,03-01-03-02-02-02-13_r01.wav,399494,0.011012,1,
write,write,,,audio_small,pg_bytea,1,03-01-04-01-01-02-01_r01.wav,396294,0.012619,1,
write,write,,,audio_small,polyglot,1,03-01-04-01-01-02-01_r01.wav,396294,0.005657,1,
write,write,,,audio_small,mongo_gridfs,1,03-01-04-01-01-02-01_r01.wav,396294,0.004394,1,
write,write,,,audio_small,pg_bytea,1,03-01-04-01-01-02-02_r01.wav,379106,0.011476,1,
write,write,,,audio_small,mongo_gridfs,1,03-01-04-01-01-02-02_r01.wav,379106,0.005175,1,
write,write,,,audio_small,polyglot,1,03-01-04-01-01-02-02_r01.wav,379106,0.005071,1,
write,write,,,audio_small,polyglot,1,03-01-04-01-01-02-16_r01.wav,379106,0.005145,1,
write,write,,,audio_small,mongo_gridfs,1,03-01-04-01-01-02-16_r01.wav,379106,0.004303,1,
write,write,,,audio_small,pg_bytea,1,03-01-04-01-01-02-16_r01.wav,379106,0.011447,1,
write,write,,,audio_small,pg_bytea,1,03-01-04-01-02-02-08_r01.wav,372698,0.010258,1,
write,write,,,audio_small,polyglot,1,03-01-04-01-02-02-08_r01.wav,372698,0.005951,1,
write,write,,,audio_small,mongo_gridfs,1,03-01-04-01-02-02-08_r01.wav,372698,0.004391,1,
write,write,,,audio_small,pg_bytea,1,03-01-04-01-02-02-09_r01.wav,363108,0.010407,1,
write,write,,,audio_small,polyglot,1,03-01-04-01-02-02-09_r01.wav,363108,0.005910,1,
write,write,,,audio_small,mongo_gridfs,1,03-01-04-01-02-02-09_r01.wav,363108,0.004724,1,
write,write,,,audio_small,mongo_gridfs,1,03-01-04-01-02-02-20_r01.wav,396294,0.004895,1,
write,write,,,audio_small,pg_bytea,1,03-01-04-01-02-02-20_r01.wav,396294,0.011246,1,
write,write,,,audio_small,polyglot,1,03-01-04-01-02-02-20_r01.wav,396294,0.010860,1,
write,write,,,audio_small,polyglot,1,03-01-04-01-02-02-21_r01.wav,363108,0.005886,1,
write,write,,,audio_small,pg_bytea,1,03-01-04-01-02-02-21_r01.wav,363108,0.010487,1,
write,write,,,audio_small,mongo_gridfs,1,03-01-04-01-02-02-21_r01.wav,363108,0.005369,1,
write,write,,,audio_small,pg_bytea,1,03-01-04-01-02-02-22_r01.wav,372698,0.011010,1,
write,write,,,audio_small,mongo_gridfs,1,03-01-04-01-02-02-22_r01.wav,372698,0.005050,1,
write,write,,,audio_small,polyglot,1,03-01-04-01-02-02-22_r01.wav,372698,0.004233,1,
write,write,,,audio_small,pg_bytea,1,03-01-04-01-02-02-23_r01.wav,363108,0.013204,1,
write,write,,,audio_small,mongo_gridfs,1,03-01-04-01-02-02-23_r01.wav,363108,0.005814,1,
write,write,,,audio_small,polyglot,1,03-01-04-01-02-02-23_r01.wav,363108,0.004690,1,
write,write,,,audio_small,mongo_gridfs,1,03-01-04-02-01-02-09_r01.wav,379106,0.005265,1,
write,write,,,audio_small,pg_bytea,1,03-01-04-02-01-02-09_r01.wav,379106,0.010676,1,
write,write,,,audio_small,polyglot,1,03-01-04-02-01-02-09_r01.wav,379106,0.005825,1,
write,write,,,audio_small,mongo_gridfs,1,03-01-04-02-01-02-20_r01.wav,379106,0.004878,1,
write,write,,,audio_small,pg_bytea,1,03-01-04-02-01-02-20_r01.wav,379106,0.010611,1,
write,write,,,audio_small,polyglot,1,03-01-04-02-01-02-20_r01.wav,379106,0.007558,1,
write,write,,,audio_small,polyglot,1,03-01-04-02-01-02-21_r01.wav,393086,0.005594,1,
write,write,,,audio_small,mongo_gridfs,1,03-01-04-02-01-02-21_r01.wav,393086,0.005698,1,
write,write,,,audio_small,pg_bytea,1,03-01-04-02-01-02-21_r01.wav,393086,0.011749,1,
write,write,,,audio_small,polyglot,1,03-01-04-02-01-02-22_r01.wav,379106,0.006150,1,
write,write,,,audio_small,mongo_gridfs,1,03-01-04-02-01-02-22_r01.wav,379106,0.004674,1,
write,write,,,audio_small,pg_bytea,1,03-01-04-02-01-02-22_r01.wav,379106,0.010520,1,
write,write,,,audio_small,polyglot,1,03-01-04-02-02-02-14_r01.wav,375720,0.005555,1,
write,write,,,audio_small,mongo_gridfs,1,03-01-04-02-02-02-14_r01.wav,375720,0.004582,1,
write,write,,,audio_small,pg_bytea,1,03-01-04-02-02-02-14_r01.wav,375720,0.010275,1,
write,write,,,audio_small,pg_bytea,1,03-01-04-02-02-02-15_r01.wav,379106,0.010280,1,
write,write,,,audio_small,polyglot,1,03-01-04-02-02-02-15_r01.wav,379106,0.006314,1,
write,write,,,audio_small,mongo_gridfs,1,03-01-04-02-02-02-15_r01.wav,379106,0.004826,1,
write,write,,,audio_small,mongo_gridfs,1,03-01-04-02-02-02-16_r01.wav,375720,0.004248,1,
write,write,,,audio_small,pg_bytea,1,03-01-04-02-02-02-16_r01.wav,375720,0.011278,1,
write,write,,,audio_small,polyglot,1,03-01-04-02-02-02-16_r01.wav,375720,0.005453,1,
write,write,,,audio_small,polyglot,1,03-01-04-02-02-02-17_r01.wav,363108,0.004549,1,
write,write,,,audio_small,pg_bytea,1,03-01-04-02-02-02-17_r01.wav,363108,0.010048,1,
write,write,,,audio_small,mongo_gridfs,1,03-01-04-02-02-02-17_r01.wav,363108,0.004833,1,
write,write,,,audio_small,mongo_gridfs,1,03-01-05-01-01-01-09_r01.wav,393086,0.005088,1,
write,write,,,audio_small,polyglot,1,03-01-05-01-01-01-09_r01.wav,393086,0.004712,1,
write,write,,,audio_small,pg_bytea,1,03-01-05-01-01-01-09_r01.wav,393086,0.015168,1,
write,write,,,audio_small,mongo_gridfs,1,03-01-05-01-01-01-22_r01.wav,393086,0.006728,1,
write,write,,,audio_small,polyglot,1,03-01-05-01-01-01-22_r01.wav,393086,0.009225,1,
write,write,,,audio_small,pg_bytea,1,03-01-05-01-01-01-22_r01.wav,393086,0.236065,1,
write,write,,,audio_small,polyglot,1,03-01-05-01-02-01-02_r01.wav,372698,0.015081,1,
write,write,,,audio_small,pg_bytea,1,03-01-05-01-02-01-02_r01.wav,372698,0.024101,1,
write,write,,,audio_small,mongo_gridfs,1,03-01-05-01-02-01-02_r01.wav,372698,0.007568,1,
write,write,,,audio_small,polyglot,1,03-01-05-01-02-01-03_r01.wav,396294,0.004961,1,
write,write,,,audio_small,pg_bytea,1,03-01-05-01-02-01-03_r01.wav,396294,0.020136,1,
write,write,,,audio_small,mongo_gridfs,1,03-01-05-01-02-01-03_r01.wav,396294,0.006370,1,
write,write,,,audio_small,polyglot,1,03-01-05-01-02-01-15_r01.wav,363108,0.005821,1,
write,write,,,audio_small,mongo_gridfs,1,03-01-05-01-02-01-15_r01.wav,363108,0.004377,1,
write,write,,,audio_small,pg_bytea,1,03-01-05-01-02-01-15_r01.wav,363108,0.013326,1,
write,write,,,audio_small,polyglot,1,03-01-05-01-02-01-16_r01.wav,372698,0.005962,1,
write,write,,,audio_small,pg_bytea,1,03-01-05-01-02-01-16_r01.wav,372698,0.020363,1,
write,write,,,audio_small,mongo_gridfs,1,03-01-05-01-02-01-16_r01.wav,372698,0.005935,1,
write,write,,,audio_small,polyglot,1,03-01-05-01-02-01-17_r01.wav,393086,0.006650,1,
write,write,,,audio_small,pg_bytea,1,03-01-05-01-02-01-17_r01.wav,393086,0.017633,1,
write,write,,,audio_small,mongo_gridfs,1,03-01-05-01-02-01-17_r01.wav,393086,0.006938,1,
write,write,,,audio_small,pg_bytea,1,03-01-05-02-01-01-01_r01.wav,372698,0.019192,1,
write,write,,,audio_small,mongo_gridfs,1,03-01-05-02-01-01-01_r01.wav,372698,0.006676,1,
write,write,,,audio_small,polyglot,1,03-01-05-02-01-01-01_r01.wav,372698,0.005933,1,
write,write,,,audio_small,polyglot,1,03-01-05-02-01-01-02_r01.wav,375720,0.005389,1,
write,write,,,audio_small,mongo_gridfs,1,03-01-05-02-01-01-02_r01.wav,375720,0.005237,1,
write,write,,,audio_small,pg_bytea,1,03-01-05-02-01-01-02_r01.wav,375720,0.019346,1,
write,write,,,audio_small,pg_bytea,1,03-01-05-02-01-01-03_r01.wav,372698,0.023680,1,
write,write,,,audio_small,mongo_gridfs,1,03-01-05-02-01-01-03_r01.wav,372698,0.007218,1,
write,write,,,audio_small,polyglot,1,03-01-05-02-01-01-03_r01.wav,372698,0.005792,1,
write,write,,,audio_small,polyglot,1,03-01-05-02-01-01-15_r01.wav,396294,0.005580,1,
write,write,,,audio_small,mongo_gridfs,1,03-01-05-02-01-01-15_r01.wav,396294,0.006129,1,
write,write,,,audio_small,pg_bytea,1,03-01-05-02-01-01-15_r01.wav,396294,0.027200,1,
write,write,,,audio_small,mongo_gridfs,1,03-01-05-02-01-01-16_r01.wav,399494,0.006564,1,
write,write,,,audio_small,pg_bytea,1,03-01-05-02-01-01-16_r01.wav,399494,0.025110,1,
write,write,,,audio_small,polyglot,1,03-01-05-02-01-01-16_r01.wav,399494,0.008638,1,
write,write,,,audio_small,mongo_gridfs,1,03-01-05-02-01-01-17_r01.wav,363108,0.006097,1,
write,write,,,audio_small,polyglot,1,03-01-05-02-01-01-17_r01.wav,363108,0.005516,1,
write,write,,,audio_small,pg_bytea,1,03-01-05-02-01-01-17_r01.wav,363108,0.024077,1,
write,write,,,audio_small,polyglot,1,03-01-05-02-02-01-09_r01.wav,396294,0.006679,1,
write,write,,,audio_small,mongo_gridfs,1,03-01-05-02-02-01-09_r01.wav,396294,0.005237,1,
write,write,,,audio_small,pg_bytea,1,03-01-05-02-02-01-09_r01.wav,396294,0.016452,1,
write,write,,,audio_small,polyglot,1,03-01-05-02-02-01-21_r01.wav,375720,0.007472,1,
write,write,,,audio_small,mongo_gridfs,1,03-01-05-02-02-01-21_r01.wav,375720,0.006385,1,
write,write,,,audio_small,pg_bytea,1,03-01-05-02-02-01-21_r01.wav,375720,0.012075,1,
write,write,,,audio_small,pg_bytea,1,03-01-05-02-02-01-22_r01.wav,379106,0.015422,1,
write,write,,,audio_small,polyglot,1,03-01-05-02-02-01-22_r01.wav,379106,0.011532,1,
write,write,,,audio_small,mongo_gridfs,1,03-01-05-02-02-01-22_r01.wav,379106,0.007074,1,
write,write,,,audio_medium,mongo_gridfs,1,03-02-01-01-01-02-22_r01.wav,526650,0.010633,1,
write,write,,,audio_medium,pg_bytea,1,03-02-01-01-01-02-22_r01.wav,526650,0.020692,1,
write,write,,,audio_medium,polyglot,1,03-02-01-01-01-02-22_r01.wav,526650,0.009239,1,
write,write,,,audio_medium,pg_bytea,1,03-02-01-01-01-02-23_r01.wav,539464,0.022912,1,
write,write,,,audio_medium,polyglot,1,03-02-01-01-01-02-23_r01.wav,539464,0.013594,1,
write,write,,,audio_medium,mongo_gridfs,1,03-02-01-01-01-02-23_r01.wav,539464,0.005668,1,
write,write,,,audio_medium,polyglot,1,03-02-01-01-02-02-02_r01.wav,539464,0.006099,1,
write,write,,,audio_medium,mongo_gridfs,1,03-02-01-01-02-02-02_r01.wav,539464,0.007048,1,
write,write,,,audio_medium,pg_bytea,1,03-02-01-01-02-02-02_r01.wav,539464,0.019598,1,
write,write,,,audio_medium,pg_bytea,1,03-02-01-01-02-02-03_r01.wav,520242,0.013260,1,
write,write,,,audio_medium,mongo_gridfs,1,03-02-01-01-02-02-03_r01.wav,520242,0.007218,1,
write,write,,,audio_medium,polyglot,1,03-02-01-01-02-02-03_r01.wav,520242,0.007237,1,
write,write,,,audio_medium,polyglot,1,03-02-01-01-02-02-16_r01.wav,539464,0.009972,1,
write,write,,,audio_medium,mongo_gridfs,1,03-02-01-01-02-02-16_r01.wav,539464,0.008086,1,
write,write,,,audio_medium,pg_bytea,1,03-02-01-01-02-02-16_r01.wav,539464,0.023102,1,
write,write,,,audio_medium,polyglot,1,03-02-01-01-02-02-17_r01.wav,561888,0.008185,1,
write,write,,,audio_medium,mongo_gridfs,1,03-02-01-01-02-02-17_r01.wav,561888,0.006238,1,
write,write,,,audio_medium,pg_bytea,1,03-02-01-01-02-02-17_r01.wav,561888,0.036886,1,
write,write,,,audio_medium,mongo_gridfs,1,03-02-01-02-01-02-01_r01.wav,533056,0.006580,1,
write,write,,,audio_medium,pg_bytea,1,03-02-01-02-01-02-01_r01.wav,533056,0.031283,1,
write,write,,,audio_medium,polyglot,1,03-02-01-02-01-02-01_r01.wav,533056,0.009628,1,
write,write,,,audio_medium,mongo_gridfs,1,03-02-01-02-01-02-02_r01.wav,523448,0.005966,1,
write,write,,,audio_medium,polyglot,1,03-02-01-02-01-02-02_r01.wav,523448,0.005375,1,
write,write,,,audio_medium,pg_bytea,1,03-02-01-02-01-02-02_r01.wav,523448,0.026664,1,
write,write,,,audio_medium,pg_bytea,1,03-02-01-02-01-02-03_r01.wav,533056,0.014909,1,
write,write,,,audio_medium,polyglot,1,03-02-01-02-01-02-03_r01.wav,533056,0.006273,1,
write,write,,,audio_medium,mongo_gridfs,1,03-02-01-02-01-02-03_r01.wav,533056,0.005751,1,
write,write,,,audio_medium,mongo_gridfs,1,03-02-01-02-01-02-15_r01.wav,561882,0.005931,1,
write,write,,,audio_medium,pg_bytea,1,03-02-01-02-01-02-15_r01.wav,561882,0.015658,1,
write,write,,,audio_medium,polyglot,1,03-02-01-02-01-02-15_r01.wav,561882,0.007886,1,
write,write,,,audio_medium,pg_bytea,1,03-02-01-02-01-02-16_r01.wav,526650,0.015812,1,
write,write,,,audio_medium,polyglot,1,03-02-01-02-01-02-16_r01.wav,526650,0.008992,1,
write,write,,,audio_medium,mongo_gridfs,1,03-02-01-02-01-02-16_r01.wav,526650,0.005748,1,
write,write,,,audio_medium,mongo_gridfs,1,03-02-01-02-01-02-17_r01.wav,533056,0.005530,1,
write,write,,,audio_medium,polyglot,1,03-02-01-02-01-02-17_r01.wav,533056,0.005672,1,
write,write,,,audio_medium,pg_bytea,1,03-02-01-02-01-02-17_r01.wav,533056,0.029692,1,
write,write,,,audio_medium,polyglot,1,03-02-01-02-02-02-22_r01.wav,520242,0.006745,1,
write,write,,,audio_medium,mongo_gridfs,1,03-02-01-02-02-02-22_r01.wav,520242,0.005506,1,
write,write,,,audio_medium,pg_bytea,1,03-02-01-02-02-02-22_r01.wav,520242,0.015054,1,
write,write,,,audio_medium,mongo_gridfs,1,03-02-01-02-02-02-23_r01.wav,520242,0.005767,1,
write,write,,,audio_medium,pg_bytea,1,03-02-01-02-02-02-23_r01.wav,520242,0.022236,1,
write,write,,,audio_medium,polyglot,1,03-02-01-02-02-02-23_r01.wav,520242,0.012005,1,
write,write,,,audio_medium,mongo_gridfs,1,03-02-02-01-01-01-22_r01.wav,523448,0.015424,1,
write,write,,,audio_medium,pg_bytea,1,03-02-02-01-01-01-22_r01.wav,523448,0.015336,1,
write,write,,,audio_medium,polyglot,1,03-02-02-01-01-01-22_r01.wav,523448,0.005747,1,
write,write,,,audio_medium,mongo_gridfs,1,03-02-02-01-01-01-23_r01.wav,561888,0.006054,1,
write,write,,,audio_medium,polyglot,1,03-02-02-01-01-01-23_r01.wav,561888,0.006342,1,
write,write,,,audio_medium,pg_bytea,1,03-02-02-01-01-01-23_r01.wav,561888,0.015545,1,
write,write,,,audio_medium,mongo_gridfs,1,03-02-02-01-02-01-01_r01.wav,520242,0.006489,1,
write,write,,,audio_medium,polyglot,1,03-02-02-01-02-01-01_r01.wav,520242,0.007015,1,
write,write,,,audio_medium,pg_bytea,1,03-02-02-01-02-01-01_r01.wav,520242,0.017895,1,
write,write,,,audio_medium,polyglot,1,03-02-02-01-02-01-02_r01.wav,539464,0.009039,1,
write,write,,,audio_medium,mongo_gridfs,1,03-02-02-01-02-01-02_r01.wav,539464,0.007647,1,
write,write,,,audio_medium,pg_bytea,1,03-02-02-01-02-01-02_r01.wav,539464,0.017160,1,
write,write,,,audio_medium,mongo_gridfs,1,03-02-02-01-02-01-03_r01.wav,533056,0.007347,1,
write,write,,,audio_medium,pg_bytea,1,03-02-02-01-02-01-03_r01.wav,533056,0.016244,1,
write,write,,,audio_medium,polyglot,1,03-02-02-01-02-01-03_r01.wav,533056,0.007838,1,
write,write,,,audio_medium,mongo_gridfs,1,03-02-02-01-02-01-16_r01.wav,561882,0.006759,1,
write,write,,,audio_medium,pg_bytea,1,03-02-02-01-02-01-16_r01.wav,561882,0.023618,1,
write,write,,,audio_medium,polyglot,1,03-02-02-01-02-01-16_r01.wav,561882,0.007614,1,
write,write,,,audio_medium,polyglot,1,03-02-02-02-01-01-01_r01.wav,539464,0.006548,1,
write,write,,,audio_medium,pg_bytea,1,03-02-02-02-01-01-01_r01.wav,539464,0.015423,1,
write,write,,,audio_medium,mongo_gridfs,1,03-02-02-02-01-01-01_r01.wav,539464,0.009908,1,
write,write,,,audio_medium,polyglot,1,03-02-02-02-01-01-02_r01.wav,526650,0.006661,1,
write,write,,,audio_medium,pg_bytea,1,03-02-02-02-01-01-02_r01.wav,526650,0.014191,1,
write,write,,,audio_medium,mongo_gridfs,1,03-02-02-02-01-01-02_r01.wav,526650,0.006418,1,
write,write,,,audio_medium,polyglot,1,03-02-02-02-01-01-15_r01.wav,539464,0.006901,1,
write,write,,,audio_medium,mongo_gridfs,1,03-02-02-02-01-01-15_r01.wav,539464,0.006198,1,
write,write,,,audio_medium,pg_bytea,1,03-02-02-02-01-01-15_r01.wav,539464,0.034386,1,
write,write,,,audio_medium,pg_bytea,1,03-02-02-02-01-01-16_r01.wav,520242,0.026978,1,
write,write,,,audio_medium,mongo_gridfs,1,03-02-02-02-01-01-16_r01.wav,520242,0.010080,1,
write,write,,,audio_medium,polyglot,1,03-02-02-02-01-01-16_r01.wav,520242,0.006341,1,
write,write,,,audio_medium,pg_bytea,1,03-02-02-02-01-01-17_r01.wav,539464,0.025552,1,
write,write,,,audio_medium,polyglot,1,03-02-02-02-01-01-17_r01.wav,539464,0.008245,1,
write,write,,,audio_medium,mongo_gridfs,1,03-02-02-02-01-01-17_r01.wav,539464,0.006129,1,
write,write,,,audio_medium,pg_bytea,1,03-02-02-02-02-01-22_r01.wav,539464,0.013939,1,
write,write,,,audio_medium,mongo_gridfs,1,03-02-02-02-02-01-22_r01.wav,539464,0.006989,1,
write,write,,,audio_medium,polyglot,1,03-02-02-02-02-01-22_r01.wav,539464,0.006692,1,
write,write,,,audio_medium,pg_bytea,1,03-02-02-02-02-01-23_r01.wav,520242,0.012792,1,
write,write,,,audio_medium,polyglot,1,03-02-02-02-02-01-23_r01.wav,520242,0.007663,1,
write,write,,,audio_medium,mongo_gridfs,1,03-02-02-02-02-01-23_r01.wav,520242,0.005409,1,
write,write,,,audio_medium,polyglot,1,03-02-03-01-01-02-01_r01.wav,561882,0.006781,1,
write,write,,,audio_medium,mongo_gridfs,1,03-02-03-01-01-02-01_r01.wav,561882,0.006201,1,
write,write,,,audio_medium,pg_bytea,1,03-02-03-01-01-02-01_r01.wav,561882,0.014362,1,
write,write,,,audio_medium,mongo_gridfs,1,03-02-03-01-01-02-02_r01.wav,561882,0.009076,1,
write,write,,,audio_medium,polyglot,1,03-02-03-01-01-02-02_r01.wav,561882,0.006804,1,
write,write,,,audio_medium,pg_bytea,1,03-02-03-01-01-02-02_r01.wav,561882,0.013759,1,
write,write,,,audio_medium,pg_bytea,1,03-02-03-01-01-02-03_r01.wav,539464,0.014083,1,
write,write,,,audio_medium,mongo_gridfs,1,03-02-03-01-01-02-03_r01.wav,539464,0.007716,1,
write,write,,,audio_medium,polyglot,1,03-02-03-01-01-02-03_r01.wav,539464,0.011048,1,
write,write,,,audio_medium,pg_bytea,1,03-02-03-01-01-02-15_r01.wav,526650,0.014005,1,
write,write,,,audio_medium,mongo_gridfs,1,03-02-03-01-01-02-15_r01.wav,526650,0.006993,1,
write,write,,,audio_medium,polyglot,1,03-02-03-01-01-02-15_r01.wav,526650,0.006312,1,
write,write,,,audio_medium,polyglot,1,03-02-03-01-01-02-16_r01.wav,520242,0.006513,1,
write,write,,,audio_medium,pg_bytea,1,03-02-03-01-01-02-16_r01.wav,520242,0.014234,1,
write,write,,,audio_medium,mongo_gridfs,1,03-02-03-01-01-02-16_r01.wav,520242,0.007104,1,
write,write,,,audio_medium,pg_bytea,1,03-02-03-01-01-02-17_r01.wav,526650,0.014170,1,
write,write,,,audio_medium,polyglot,1,03-02-03-01-01-02-17_r01.wav,526650,0.009872,1,
write,write,,,audio_medium,mongo_gridfs,1,03-02-03-01-01-02-17_r01.wav,526650,0.005434,1,
write,write,,,audio_medium,polyglot,1,03-02-03-01-02-02-09_r01.wav,539464,0.006765,1,
write,write,,,audio_medium,mongo_gridfs,1,03-02-03-01-02-02-09_r01.wav,539464,0.007145,1,
write,write,,,audio_medium,pg_bytea,1,03-02-03-01-02-02-09_r01.wav,539464,0.013691,1,
write,write,,,audio_medium,pg_bytea,1,03-02-03-01-02-02-21_r01.wav,533056,0.015987,1,
write,write,,,audio_medium,polyglot,1,03-02-03-01-02-02-21_r01.wav,533056,0.007344,1,
write,write,,,audio_medium,mongo_gridfs,1,03-02-03-01-02-02-21_r01.wav,533056,0.006508,1,
write,write,,,audio_medium,pg_bytea,1,03-02-03-01-02-02-22_r01.wav,561888,0.014317,1,
write,write,,,audio_medium,mongo_gridfs,1,03-02-03-01-02-02-22_r01.wav,561888,0.007519,1,
write,write,,,audio_medium,polyglot,1,03-02-03-01-02-02-22_r01.wav,561888,0.006712,1,
write,write,,,audio_medium,mongo_gridfs,1,03-02-03-01-02-02-23_r01.wav,539464,0.006375,1,
write,write,,,audio_medium,polyglot,1,03-02-03-01-02-02-23_r01.wav,539464,0.005915,1,
write,write,,,audio_medium,pg_bytea,1,03-02-03-01-02-02-23_r01.wav,539464,0.012828,1,
write,write,,,audio_medium,mongo_gridfs,1,03-02-03-02-01-02-09_r01.wav,561882,0.006928,1,
write,write,,,audio_medium,polyglot,1,03-02-03-02-01-02-09_r01.wav,561882,0.006715,1,
write,write,,,audio_medium,pg_bytea,1,03-02-03-02-01-02-09_r01.wav,561882,0.014913,1,
write,write,,,audio_medium,polyglot,1,03-02-03-02-01-02-21_r01.wav,539464,0.051082,1,
write,write,,,audio_medium,pg_bytea,1,03-02-03-02-01-02-21_r01.wav,539464,0.014276,1,
write,write,,,audio_medium,mongo_gridfs,1,03-02-03-02-01-02-21_r01.wav,539464,0.006972,1,
write,write,,,audio_medium,pg_bytea,1,03-02-03-02-01-02-22_r01.wav,526650,0.014072,1,
write,write,,,audio_medium,polyglot,1,03-02-03-02-01-02-22_r01.wav,526650,0.006152,1,
write,write,,,audio_medium,mongo_gridfs,1,03-02-03-02-01-02-22_r01.wav,526650,0.005690,1,
write,write,,,audio_medium,mongo_gridfs,1,03-02-03-02-01-02-23_r01.wav,561888,0.006932,1,
write,write,,,audio_medium,pg_bytea,1,03-02-03-02-01-02-23_r01.wav,561888,0.014272,1,
write,write,,,audio_medium,polyglot,1,03-02-03-02-01-02-23_r01.wav,561888,0.007214,1,
write,write,,,audio_medium,pg_bytea,1,03-02-03-02-02-02-01_r01.wav,561882,0.017200,1,
write,write,,,audio_medium,polyglot,1,03-02-03-02-02-02-01_r01.wav,561882,0.009832,1,
write,write,,,audio_medium,mongo_gridfs,1,03-02-03-02-02-02-01_r01.wav,561882,0.006944,1,
write,write,,,audio_medium,pg_bytea,1,03-02-03-02-02-02-02_r01.wav,523448,0.013332,1,
write,write,,,audio_medium,mongo_gridfs,1,03-02-03-02-02-02-02_r01.wav,523448,0.006956,1,
write,write,,,audio_medium,polyglot,1,03-02-03-02-02-02-02_r01.wav,523448,0.006141,1,
write,write,,,audio_medium,polyglot,1,03-02-03-02-02-02-03_r01.wav,561888,0.006737,1,
write,write,,,audio_medium,mongo_gridfs,1,03-02-03-02-02-02-03_r01.wav,561888,0.005956,1,
write,write,,,audio_medium,pg_bytea,1,03-02-03-02-02-02-03_r01.wav,561888,0.014058,1,
write,write,,,audio_medium,mongo_gridfs,1,03-02-03-02-02-02-15_r01.wav,523448,0.009188,1,
write,write,,,audio_medium,pg_bytea,1,03-02-03-02-02-02-15_r01.wav,523448,0.014774,1,
write,write,,,audio_medium,polyglot,1,03-02-03-02-02-02-15_r01.wav,523448,0.007779,1,
write,write,,,audio_medium,mongo_gridfs,1,03-02-03-02-02-02-16_r01.wav,561882,0.007880,1,
write,write,,,audio_medium,polyglot,1,03-02-03-02-02-02-16_r01.wav,561882,0.008186,1,
write,write,,,audio_medium,pg_bytea,1,03-02-03-02-02-02-16_r01.wav,561882,0.014989,1,
write,write,,,audio_medium,polyglot,1,03-02-03-02-02-02-17_r01.wav,523448,0.007186,1,
write,write,,,audio_medium,pg_bytea,1,03-02-03-02-02-02-17_r01.wav,523448,0.013558,1,
write,write,,,audio_medium,mongo_gridfs,1,03-02-03-02-02-02-17_r01.wav,523448,0.006757,1,
write,write,,,audio_medium,pg_bytea,1,03-02-04-01-01-02-05_r01.wav,561882,0.014411,1,
write,write,,,audio_medium,polyglot,1,03-02-04-01-01-02-05_r01.wav,561882,0.007212,1,
write,write,,,audio_medium,mongo_gridfs,1,03-02-04-01-01-02-05_r01.wav,561882,0.005618,1,
write,write,,,audio_medium,polyglot,1,03-02-04-01-01-02-06_r01.wav,526650,0.006616,1,
write,write,,,audio_medium,mongo_gridfs,1,03-02-04-01-01-02-06_r01.wav,526650,0.005318,1,
write,write,,,audio_medium,pg_bytea,1,03-02-04-01-01-02-06_r01.wav,526650,0.012853,1,
write,write,,,audio_medium,polyglot,1,03-02-04-01-01-02-07_r01.wav,523448,0.006660,1,
write,write,,,audio_medium,pg_bytea,1,03-02-04-01-01-02-07_r01.wav,523448,0.016867,1,
write,write,,,audio_medium,mongo_gridfs,1,03-02-04-01-01-02-07_r01.wav,523448,0.006579,1,
write,write,,,audio_medium,mongo_gridfs,1,03-02-04-01-01-02-11_r01.wav,539464,0.009360,1,
write,write,,,audio_medium,pg_bytea,1,03-02-04-01-01-02-11_r01.wav,539464,0.015844,1,
write,write,,,audio_medium,polyglot,1,03-02-04-01-01-02-11_r01.wav,539464,0.007267,1,
write,write,,,audio_medium,pg_bytea,1,03-02-04-01-01-02-12_r01.wav,523448,0.013344,1,
write,write,,,audio_medium,mongo_gridfs,1,03-02-04-01-01-02-12_r01.wav,523448,0.006487,1,
write,write,,,audio_medium,polyglot,1,03-02-04-01-01-02-12_r01.wav,523448,0.005456,1,
write,write,,,audio_medium,polyglot,1,03-02-04-01-01-02-13_r01.wav,539464,0.006340,1,
write,write,,,audio_medium,pg_bytea,1,03-02-04-01-01-02-13_r01.wav,539464,0.013186,1,
write,write,,,audio_medium,mongo_gridfs,1,03-02-04-01-01-02-13_r01.wav,539464,0.006003,1,
write,write,,,audio_medium,mongo_gridfs,1,03-02-04-01-02-02-19_r01.wav,561888,0.005820,1,
write,write,,,audio_medium,polyglot,1,03-02-04-01-02-02-19_r01.wav,561888,0.008495,1,
write,write,,,audio_medium,pg_bytea,1,03-02-04-01-02-02-19_r01.wav,561888,0.017479,1,
write,write,,,audio_medium,pg_bytea,1,03-02-04-02-02-02-05_r01.wav,526650,0.014343,1,
write,write,,,audio_medium,mongo_gridfs,1,03-02-04-02-02-02-05_r01.wav,526650,0.006538,1,
write,write,,,audio_medium,polyglot,1,03-02-04-02-02-02-05_r01.wav,526650,0.006068,1,
write,write,,,audio_medium,polyglot,1,03-02-04-02-02-02-06_r01.wav,526650,0.006263,1,
write,write,,,audio_medium,mongo_gridfs,1,03-02-04-02-02-02-06_r01.wav,526650,0.005425,1,
write,write,,,audio_medium,pg_bytea,1,03-02-04-02-02-02-06_r01.wav,526650,0.018584,1,
write,write,,,audio_medium,polyglot,1,03-02-04-02-02-02-07_r01.wav,561888,0.007628,1,
write,write,,,audio_medium,mongo_gridfs,1,03-02-04-02-02-02-07_r01.wav,561888,0.007018,1,
write,write,,,audio_medium,pg_bytea,1,03-02-04-02-02-02-07_r01.wav,561888,0.018201,1,
write,write,,,audio_medium,mongo_gridfs,1,03-02-04-02-02-02-11_r01.wav,561888,0.009836,1,
write,write,,,audio_medium,pg_bytea,1,03-02-04-02-02-02-11_r01.wav,561888,0.014586,1,
write,write,,,audio_medium,polyglot,1,03-02-04-02-02-02-11_r01.wav,561888,0.008430,1,
write,write,,,audio_medium,pg_bytea,1,03-02-04-02-02-02-12_r01.wav,523448,0.014683,1,
write,write,,,audio_medium,polyglot,1,03-02-04-02-02-02-12_r01.wav,523448,0.007131,1,
write,write,,,audio_medium,mongo_gridfs,1,03-02-04-02-02-02-12_r01.wav,523448,0.008667,1,
write,write,,,audio_medium,polyglot,1,03-02-04-02-02-02-13_r01.wav,533056,0.006058,1,
write,write,,,audio_medium,pg_bytea,1,03-02-04-02-02-02-13_r01.wav,533056,0.013476,1,
write,write,,,audio_medium,mongo_gridfs,1,03-02-04-02-02-02-13_r01.wav,533056,0.006600,1,
write,write,,,audio_medium,mongo_gridfs,1,03-02-05-01-02-01-06_r01.wav,561882,0.006414,1,
write,write,,,audio_medium,pg_bytea,1,03-02-05-01-02-01-06_r01.wav,561882,0.017831,1,
write,write,,,audio_medium,polyglot,1,03-02-05-01-02-01-06_r01.wav,561882,0.007666,1,
write,write,,,audio_medium,pg_bytea,1,03-02-05-01-02-01-07_r01.wav,520242,0.013510,1,
write,write,,,audio_medium,mongo_gridfs,1,03-02-05-01-02-01-07_r01.wav,520242,0.005931,1,
write,write,,,audio_medium,polyglot,1,03-02-05-01-02-01-07_r01.wav,520242,0.006429,1,
write,write,,,audio_medium,mongo_gridfs,1,03-02-05-01-02-01-12_r01.wav,520242,0.008366,1,
write,write,,,audio_medium,polyglot,1,03-02-05-01-02-01-12_r01.wav,520242,0.006494,1,
write,write,,,audio_medium,pg_bytea,1,03-02-05-01-02-01-12_r01.wav,520242,0.014834,1,
write,write,,,audio_medium,polyglot,1,03-02-05-01-02-01-13_r01.wav,561888,0.006828,1,
write,write,,,audio_medium,mongo_gridfs,1,03-02-05-01-02-01-13_r01.wav,561888,0.005816,1,
write,write,,,audio_medium,pg_bytea,1,03-02-05-01-02-01-13_r01.wav,561888,0.013556,1,
write,write,,,audio_medium,polyglot,1,03-02-05-02-01-01-05_r01.wav,539464,0.006645,1,
write,write,,,audio_medium,pg_bytea,1,03-02-05-02-01-01-05_r01.wav,539464,0.014149,1,
write,write,,,audio_medium,mongo_gridfs,1,03-02-05-02-01-01-05_r01.wav,539464,0.007046,1,
write,write,,,audio_medium,mongo_gridfs,1,03-02-05-02-01-01-06_r01.wav,561888,0.008385,1,
write,write,,,audio_medium,polyglot,1,03-02-05-02-01-01-06_r01.wav,561888,0.007870,1,
write,write,,,audio_medium,pg_bytea,1,03-02-05-02-01-01-06_r01.wav,561888,0.014796,1,
write,write,,,audio_medium,mongo_gridfs,1,03-02-05-02-01-01-07_r01.wav,533056,0.008971,1,
write,write,,,audio_medium,pg_bytea,1,03-02-05-02-01-01-07_r01.wav,533056,0.013565,1,
write,write,,,audio_medium,polyglot,1,03-02-05-02-01-01-07_r01.wav,533056,0.007879,1,
write,write,,,audio_medium,pg_bytea,1,03-02-05-02-01-01-11_r01.wav,561888,0.013863,1,
write,write,,,audio_medium,polyglot,1,03-02-05-02-01-01-11_r01.wav,561888,0.008835,1,
write,write,,,audio_medium,mongo_gridfs,1,03-02-05-02-01-01-11_r01.wav,561888,0.005716,1,
write,write,,,audio_medium,polyglot,1,03-02-05-02-01-01-12_r01.wav,533056,0.006641,1,
write,write,,,audio_medium,pg_bytea,1,03-02-05-02-01-01-12_r01.wav,533056,0.012626,1,
write,write,,,audio_medium,mongo_gridfs,1,03-02-05-02-01-01-12_r01.wav,533056,0.007012,1,
write,write,,,audio_medium,mongo_gridfs,1,03-02-05-02-01-01-13_r01.wav,526650,0.006655,1,
write,write,,,audio_medium,pg_bytea,1,03-02-05-02-01-01-13_r01.wav,526650,0.013564,1,
write,write,,,audio_medium,polyglot,1,03-02-05-02-01-01-13_r01.wav,526650,0.008707,1,
write,write,,,video_small,mongo_gridfs,1,01-01-01-01-01-01-22_r01.mp4,5457041,0.046831,1,
write,write,,,video_small,pg_bytea,1,01-01-01-01-01-01-22_r01.mp4,5457041,0.161954,1,
write,write,,,video_small,polyglot,1,01-01-01-01-01-01-22_r01.mp4,5457041,0.045290,1,
write,write,,,video_small,pg_bytea,1,01-01-01-01-01-02-01_r01.mp4,5457041,0.154573,1,
write,write,,,video_small,mongo_gridfs,1,01-01-01-01-01-02-01_r01.mp4,5457041,0.045338,1,
write,write,,,video_small,polyglot,1,01-01-01-01-01-02-01_r01.mp4,5457041,0.044395,1,
write,write,,,video_small,polyglot,1,01-01-01-01-01-02-15_r01.mp4,5457041,0.043670,1,
write,write,,,video_small,pg_bytea,1,01-01-01-01-01-02-15_r01.mp4,5457041,0.155807,1,
write,write,,,video_small,mongo_gridfs,1,01-01-01-01-01-02-15_r01.mp4,5457041,0.043918,1,
write,write,,,video_small,mongo_gridfs,1,01-01-01-01-02-01-06_r01.mp4,5457041,0.043957,1,
write,write,,,video_small,polyglot,1,01-01-01-01-02-01-06_r01.mp4,5457041,0.048757,1,
write,write,,,video_small,pg_bytea,1,01-01-01-01-02-01-06_r01.mp4,5457041,0.166523,1,
write,write,,,video_small,mongo_gridfs,1,01-01-01-01-02-01-13_r01.mp4,5457041,0.041904,1,
write,write,,,video_small,polyglot,1,01-01-01-01-02-01-13_r01.mp4,5457041,0.048497,1,
write,write,,,video_small,pg_bytea,1,01-01-01-01-02-01-13_r01.mp4,5457041,0.148396,1,
write,write,,,video_small,mongo_gridfs,1,01-01-01-01-02-01-14_r01.mp4,5457041,0.045944,1,
write,write,,,video_small,polyglot,1,01-01-01-01-02-01-14_r01.mp4,5457041,0.040504,1,
write,write,,,video_small,pg_bytea,1,01-01-01-01-02-01-14_r01.mp4,5457041,0.152561,1,
write,write,,,video_small,pg_bytea,1,01-01-01-01-02-02-09_r01.mp4,5498397,0.158232,1,
write,write,,,video_small,polyglot,1,01-01-01-01-02-02-09_r01.mp4,5498397,0.037575,1,
write,write,,,video_small,mongo_gridfs,1,01-01-01-01-02-02-09_r01.mp4,5498397,0.043297,1,
write,write,,,video_small,mongo_gridfs,1,01-01-01-02-01-01-01_r01.mp4,5498397,0.040874,1,
write,write,,,video_small,polyglot,1,01-01-01-02-01-01-01_r01.mp4,5498397,0.071298,1,
write,write,,,video_small,pg_bytea,1,01-01-01-02-01-01-01_r01.mp4,5498397,0.478534,1,
write,write,,,video_small,mongo_gridfs,1,01-01-01-02-01-01-05_r01.mp4,5457041,0.042452,1,
write,write,,,video_small,pg_bytea,1,01-01-01-02-01-01-05_r01.mp4,5457041,0.141724,1,
write,write,,,video_small,polyglot,1,01-01-01-02-01-01-05_r01.mp4,5457041,0.056691,1,
write,write,,,video_small,polyglot,1,01-01-01-02-01-01-15_r01.mp4,5457041,0.045165,1,
write,write,,,video_small,pg_bytea,1,01-01-01-02-01-01-15_r01.mp4,5457041,0.159945,1,
write,write,,,video_small,mongo_gridfs,1,01-01-01-02-01-01-15_r01.mp4,5457041,0.042160,1,
write,write,,,video_small,polyglot,1,01-01-01-02-02-01-18_r01.mp4,5457041,0.045553,1,
write,write,,,video_small,pg_bytea,1,01-01-01-02-02-01-18_r01.mp4,5457041,0.172582,1,
write,write,,,video_small,mongo_gridfs,1,01-01-01-02-02-01-18_r01.mp4,5457041,0.041702,1,
write,write,,,video_small,pg_bytea,1,01-01-01-02-02-01-19_r01.mp4,5457041,0.125505,1,
write,write,,,video_small,polyglot,1,01-01-01-02-02-01-19_r01.mp4,5457041,0.046913,1,
write,write,,,video_small,mongo_gridfs,1,01-01-01-02-02-01-19_r01.mp4,5457041,0.041876,1,
write,write,,,video_small,polyglot,1,01-01-02-01-01-02-09_r01.mp4,5498397,0.046166,1,
write,write,,,video_small,mongo_gridfs,1,01-01-02-01-01-02-09_r01.mp4,5498397,0.046612,1,
write,write,,,video_small,pg_bytea,1,01-01-02-01-01-02-09_r01.mp4,5498397,0.145272,1,
write,write,,,video_small,polyglot,1,01-01-02-01-01-02-18_r01.mp4,5498397,0.061017,1,
write,write,,,video_small,mongo_gridfs,1,01-01-02-01-01-02-18_r01.mp4,5498397,0.051058,1,
write,write,,,video_small,pg_bytea,1,01-01-02-01-01-02-18_r01.mp4,5498397,0.146432,1,
write,write,,,video_small,mongo_gridfs,1,01-01-02-01-01-02-23_r01.mp4,5498397,0.045188,1,
write,write,,,video_small,polyglot,1,01-01-02-01-01-02-23_r01.mp4,5498397,0.044017,1,
write,write,,,video_small,pg_bytea,1,01-01-02-01-01-02-23_r01.mp4,5498397,0.156504,1,
write,write,,,video_small,pg_bytea,1,01-01-02-01-02-01-09_r01.mp4,5498397,0.152962,1,
write,write,,,video_small,polyglot,1,01-01-02-01-02-01-09_r01.mp4,5498397,0.050387,1,
write,write,,,video_small,mongo_gridfs,1,01-01-02-01-02-01-09_r01.mp4,5498397,0.043472,1,
write,write,,,video_small,pg_bytea,1,01-01-02-01-02-02-01_r01.mp4,5498397,0.160086,1,
write,write,,,video_small,mongo_gridfs,1,01-01-02-01-02-02-01_r01.mp4,5498397,0.050874,1,
write,write,,,video_small,polyglot,1,01-01-02-01-02-02-01_r01.mp4,5498397,0.045087,1,
write,write,,,video_small,mongo_gridfs,1,01-01-02-01-02-02-03_r01.mp4,5498397,0.050671,1,
write,write,,,video_small,polyglot,1,01-01-02-01-02-02-03_r01.mp4,5498397,0.050086,1,
write,write,,,video_small,pg_bytea,1,01-01-02-01-02-02-03_r01.mp4,5498397,0.151297,1,
write,write,,,video_small,pg_bytea,1,01-01-02-02-01-02-02_r01.mp4,5498397,0.157154,1,
write,write,,,video_small,mongo_gridfs,1,01-01-02-02-01-02-02_r01.mp4,5498397,0.039941,1,
write,write,,,video_small,polyglot,1,01-01-02-02-01-02-02_r01.mp4,5498397,0.046556,1,
write,write,,,video_small,polyglot,1,01-01-02-02-01-02-03_r01.mp4,5498397,0.043836,1,
write,write,,,video_small,pg_bytea,1,01-01-02-02-01-02-03_r01.mp4,5498397,0.163136,1,
write,write,,,video_small,mongo_gridfs,1,01-01-02-02-01-02-03_r01.mp4,5498397,0.046600,1,
write,write,,,video_small,polyglot,1,01-01-02-02-01-02-05_r01.mp4,5498397,0.045625,1,
write,write,,,video_small,pg_bytea,1,01-01-02-02-01-02-05_r01.mp4,5498397,0.156213,1,
write,write,,,video_small,mongo_gridfs,1,01-01-02-02-01-02-05_r01.mp4,5498397,0.043949,1,
write,write,,,video_small,mongo_gridfs,1,01-01-02-02-01-02-10_r01.mp4,5457041,0.047041,1,
write,write,,,video_small,polyglot,1,01-01-02-02-01-02-10_r01.mp4,5457041,0.053305,1,
write,write,,,video_small,pg_bytea,1,01-01-02-02-01-02-10_r01.mp4,5457041,0.165119,1,
write,write,,,video_small,mongo_gridfs,1,01-01-02-02-01-02-13_r01.mp4,5457041,0.114638,1,
write,write,,,video_small,polyglot,1,01-01-02-02-01-02-13_r01.mp4,5457041,0.597260,1,
write,write,,,video_small,pg_bytea,1,01-01-02-02-01-02-13_r01.mp4,5457041,0.200118,1,
write,write,,,video_small,pg_bytea,1,01-01-02-02-01-02-17_r01.mp4,5457041,0.140630,1,
write,write,,,video_small,mongo_gridfs,1,01-01-02-02-01-02-17_r01.mp4,5457041,0.058604,1,
write,write,,,video_small,polyglot,1,01-01-02-02-01-02-17_r01.mp4,5457041,0.040676,1,
write,write,,,video_small,mongo_gridfs,1,01-01-02-02-02-02-18_r01.mp4,5457041,0.045879,1,
write,write,,,video_small,pg_bytea,1,01-01-02-02-02-02-18_r01.mp4,5457041,0.230372,1,
write,write,,,video_small,polyglot,1,01-01-02-02-02-02-18_r01.mp4,5457041,0.037690,1,
write,write,,,video_small,polyglot,1,01-01-02-02-02-02-19_r01.mp4,5457041,0.040508,1,
write,write,,,video_small,mongo_gridfs,1,01-01-02-02-02-02-19_r01.mp4,5457041,0.042922,1,
write,write,,,video_small,pg_bytea,1,01-01-02-02-02-02-19_r01.mp4,5457041,0.157066,1,
write,write,,,video_small,polyglot,1,01-01-02-02-02-02-21_r01.mp4,5498397,0.045926,1,
write,write,,,video_small,pg_bytea,1,01-01-02-02-02-02-21_r01.mp4,5498397,0.140361,1,
write,write,,,video_small,mongo_gridfs,1,01-01-02-02-02-02-21_r01.mp4,5498397,0.049682,1,
write,write,,,video_small,mongo_gridfs,1,01-01-02-02-02-02-22_r01.mp4,5457041,0.045524,1,
write,write,,,video_small,pg_bytea,1,01-01-02-02-02-02-22_r01.mp4,5457041,0.143523,1,
write,write,,,video_small,polyglot,1,01-01-02-02-02-02-22_r01.mp4,5457041,0.047646,1,
write,write,,,video_small,pg_bytea,1,01-01-02-02-02-02-23_r01.mp4,5457041,0.150670,1,
write,write,,,video_small,mongo_gridfs,1,01-01-02-02-02-02-23_r01.mp4,5457041,0.043861,1,
write,write,,,video_small,polyglot,1,01-01-02-02-02-02-23_r01.mp4,5457041,0.045490,1,
write,write,,,video_small,pg_bytea,1,01-01-03-01-01-01-12_r01.mp4,5457041,0.143083,1,
write,write,,,video_small,mongo_gridfs,1,01-01-03-01-01-01-12_r01.mp4,5457041,0.040278,1,
write,write,,,video_small,polyglot,1,01-01-03-01-01-01-12_r01.mp4,5457041,0.046939,1,
write,write,,,video_small,mongo_gridfs,1,01-01-03-01-01-01-15_r01.mp4,5457041,0.044044,1,
write,write,,,video_small,polyglot,1,01-01-03-01-01-01-15_r01.mp4,5457041,0.044168,1,
write,write,,,video_small,pg_bytea,1,01-01-03-01-01-01-15_r01.mp4,5457041,0.138440,1,
write,write,,,video_small,polyglot,1,01-01-03-01-02-01-08_r01.mp4,5498397,0.046626,1,
write,write,,,video_small,pg_bytea,1,01-01-03-01-02-01-08_r01.mp4,5498397,0.156385,1,
write,write,,,video_small,mongo_gridfs,1,01-01-03-01-02-01-08_r01.mp4,5498397,0.045083,1,
write,write,,,video_small,pg_bytea,1,01-01-03-01-02-01-21_r01.mp4,5498397,0.150928,1,
write,write,,,video_small,mongo_gridfs,1,01-01-03-01-02-01-21_r01.mp4,5498397,0.040597,1,
write,write,,,video_small,polyglot,1,01-01-03-01-02-01-21_r01.mp4,5498397,0.308168,1,
write,write,,,video_small,mongo_gridfs,1,01-01-03-02-01-01-21_r01.mp4,5457041,0.047521,1,
write,write,,,video_small,pg_bytea,1,01-01-03-02-01-01-21_r01.mp4,5457041,0.172107,1,
write,write,,,video_small,polyglot,1,01-01-03-02-01-01-21_r01.mp4,5457041,0.045270,1,
write,write,,,video_small,mongo_gridfs,1,01-01-03-02-01-01-24_r01.mp4,5457041,0.042418,1,
write,write,,,video_small,pg_bytea,1,01-01-03-02-01-01-24_r01.mp4,5457041,0.371190,1,
write,write,,,video_small,polyglot,1,01-01-03-02-01-01-24_r01.mp4,5457041,0.036258,1,
write,write,,,video_small,mongo_gridfs,1,01-01-03-02-01-02-01_r01.mp4,5457041,0.041818,1,
write,write,,,video_small,pg_bytea,1,01-01-03-02-01-02-01_r01.mp4,5457041,0.158558,1,
write,write,,,video_small,polyglot,1,01-01-03-02-01-02-01_r01.mp4,5457041,0.043049,1,
write,write,,,video_small,polyglot,1,01-01-03-02-01-02-15_r01.mp4,5457041,0.056771,1,
write,write,,,video_small,pg_bytea,1,01-01-03-02-01-02-15_r01.mp4,5457041,0.177692,1,
write,write,,,video_small,mongo_gridfs,1,01-01-03-02-01-02-15_r01.mp4,5457041,0.058270,1,
write,write,,,video_small,polyglot,1,01-01-03-02-02-01-05_r01.mp4,5457041,0.056491,1,
write,write,,,video_small,mongo_gridfs,1,01-01-03-02-02-01-05_r01.mp4,5457041,0.049653,1,
write,write,,,video_small,pg_bytea,1,01-01-03-02-02-01-05_r01.mp4,5457041,0.134799,1,
write,write,,,video_small,pg_bytea,1,01-01-03-02-02-01-12_r01.mp4,5457041,0.172557,1,
write,write,,,video_small,mongo_gridfs,1,01-01-03-02-02-01-12_r01.mp4,5457041,0.043948,1,
write,write,,,video_small,polyglot,1,01-01-03-02-02-01-12_r01.mp4,5457041,0.046858,1,
write,write,,,video_small,pg_bytea,1,01-01-03-02-02-01-15_r01.mp4,5498397,0.137924,1,
write,write,,,video_small,polyglot,1,01-01-03-02-02-01-15_r01.mp4,5498397,0.045699,1,
write,write,,,video_small,mongo_gridfs,1,01-01-03-02-02-01-15_r01.mp4,5498397,0.040455,1,
write,write,,,video_small,pg_bytea,1,01-01-04-01-01-01-03_r01.mp4,5457041,0.166007,1,
write,write,,,video_small,polyglot,1,01-01-04-01-01-01-03_r01.mp4,5457041,0.047353,1,
write,write,,,video_small,mongo_gridfs,1,01-01-04-01-01-01-03_r01.mp4,5457041,0.051687,1,
write,write,,,video_small,pg_bytea,1,01-01-04-01-01-01-05_r01.mp4,5498397,0.151971,1,
write,write,,,video_small,mongo_gridfs,1,01-01-04-01-01-01-05_r01.mp4,5498397,0.051985,1,
write,write,,,video_small,polyglot,1,01-01-04-01-01-01-05_r01.mp4,5498397,0.051415,1,
write,write,,,video_small,pg_bytea,1,01-01-04-01-01-01-10_r01.mp4,5457041,0.178655,1,
write,write,,,video_small,polyglot,1,01-01-04-01-01-01-10_r01.mp4,5457041,0.047326,1,
write,write,,,video_small,mongo_gridfs,1,01-01-04-01-01-01-10_r01.mp4,5457041,0.043089,1,
write,write,,,video_small,mongo_gridfs,1,01-01-04-01-01-01-16_r01.mp4,5457041,0.040314,1,
write,write,,,video_small,pg_bytea,1,01-01-04-01-01-01-16_r01.mp4,5457041,0.163037,1,
write,write,,,video_small,polyglot,1,01-01-04-01-01-01-16_r01.mp4,5457041,0.046146,1,
write,write,,,video_small,pg_bytea,1,01-01-04-01-02-01-19_r01.mp4,5498397,0.432149,1,
write,write,,,video_small,polyglot,1,01-01-04-01-02-01-19_r01.mp4,5498397,0.078688,1,
write,write,,,video_small,mongo_gridfs,1,01-01-04-01-02-01-19_r01.mp4,5498397,0.043048,1,
write,write,,,video_small,polyglot,1,01-01-04-01-02-01-21_r01.mp4,5498397,0.045906,1,
write,write,,,video_small,mongo_gridfs,1,01-01-04-01-02-01-21_r01.mp4,5498397,0.046772,1,
write,write,,,video_small,pg_bytea,1,01-01-04-01-02-01-21_r01.mp4,5498397,0.166412,1,
write,write,,,video_small,polyglot,1,01-01-04-01-02-01-22_r01.mp4,5498397,0.058356,1,
write,write,,,video_small,mongo_gridfs,1,01-01-04-01-02-01-22_r01.mp4,5498397,0.049177,1,
write,write,,,video_small,pg_bytea,1,01-01-04-01-02-01-22_r01.mp4,5498397,0.146853,1,
write,write,,,video_small,mongo_gridfs,1,01-01-04-02-01-01-18_r01.mp4,5498397,0.049646,1,
write,write,,,video_small,pg_bytea,1,01-01-04-02-01-01-18_r01.mp4,5498397,0.137128,1,
write,write,,,video_small,polyglot,1,01-01-04-02-01-01-18_r01.mp4,5498397,0.044451,1,
write,write,,,video_small,mongo_gridfs,1,01-01-04-02-01-01-19_r01.mp4,5457041,0.044090,1,
write,write,,,video_small,polyglot,1,01-01-04-02-01-01-19_r01.mp4,5457041,0.045792,1,
write,write,,,video_small,pg_bytea,1,01-01-04-02-01-01-19_r01.mp4,5457041,0.176750,1,
write,write,,,video_small,polyglot,1,01-01-04-02-02-01-02_r01.mp4,5498397,0.045807,1,
write,write,,,video_small,pg_bytea,1,01-01-04-02-02-01-02_r01.mp4,5498397,0.157573,1,
write,write,,,video_small,mongo_gridfs,1,01-01-04-02-02-01-02_r01.mp4,5498397,0.047929,1,
write,write,,,video_small,pg_bytea,1,01-01-04-02-02-01-05_r01.mp4,5498397,0.131985,1,
write,write,,,video_small,mongo_gridfs,1,01-01-04-02-02-01-05_r01.mp4,5498397,0.054660,1,
write,write,,,video_small,polyglot,1,01-01-04-02-02-01-05_r01.mp4,5498397,0.044869,1,
write,write,,,video_small,polyglot,1,01-01-04-02-02-01-06_r01.mp4,5498397,0.045701,1,
write,write,,,video_small,mongo_gridfs,1,01-01-04-02-02-01-06_r01.mp4,5498397,0.058081,1,
write,write,,,video_small,pg_bytea,1,01-01-04-02-02-01-06_r01.mp4,5498397,0.151766,1,
write,write,,,video_small,polyglot,1,01-01-04-02-02-01-13_r01.mp4,5498397,0.060356,1,
write,write,,,video_small,mongo_gridfs,1,01-01-04-02-02-01-13_r01.mp4,5498397,0.049155,1,
write,write,,,video_small,pg_bytea,1,01-01-04-02-02-01-13_r01.mp4,5498397,0.199377,1,
write,write,,,video_small,polyglot,1,01-01-04-02-02-01-17_r01.mp4,5498397,0.061554,1,
write,write,,,video_small,mongo_gridfs,1,01-01-04-02-02-01-17_r01.mp4,5498397,0.050152,1,
write,write,,,video_small,pg_bytea,1,01-01-04-02-02-01-17_r01.mp4,5498397,0.163254,1,
write,write,,,video_small,polyglot,1,01-01-04-02-02-02-19_r01.mp4,5498397,0.045271,1,
write,write,,,video_small,pg_bytea,1,01-01-04-02-02-02-19_r01.mp4,5498397,0.172594,1,
write,write,,,video_small,mongo_gridfs,1,01-01-04-02-02-02-19_r01.mp4,5498397,0.059880,1,
write,write,,,video_small,polyglot,1,01-01-05-01-01-02-09_r01.mp4,5457041,0.054328,1,
write,write,,,video_small,pg_bytea,1,01-01-05-01-01-02-09_r01.mp4,5457041,0.341009,1,
write,write,,,video_small,mongo_gridfs,1,01-01-05-01-01-02-09_r01.mp4,5457041,0.049978,1,
write,write,,,video_small,mongo_gridfs,1,01-01-05-01-01-02-19_r01.mp4,5498397,0.052136,1,
write,write,,,video_small,polyglot,1,01-01-05-01-01-02-19_r01.mp4,5498397,0.050609,1,
write,write,,,video_small,pg_bytea,1,01-01-05-01-01-02-19_r01.mp4,5498397,0.150531,1,
write,write,,,video_small,mongo_gridfs,1,01-01-05-01-01-02-21_r01.mp4,5457041,0.052034,1,
write,write,,,video_small,pg_bytea,1,01-01-05-01-01-02-21_r01.mp4,5457041,0.148745,1,
write,write,,,video_small,polyglot,1,01-01-05-01-01-02-21_r01.mp4,5457041,0.046865,1,
write,write,,,video_small,pg_bytea,1,01-01-05-01-02-01-19_r01.mp4,5457041,0.166444,1,
write,write,,,video_small,mongo_gridfs,1,01-01-05-01-02-01-19_r01.mp4,5457041,0.048966,1,
write,write,,,video_small,polyglot,1,01-01-05-01-02-01-19_r01.mp4,5457041,0.742059,1,
write,write,,,video_small,pg_bytea,1,01-01-05-01-02-02-04_r01.mp4,5457041,0.159783,1,
write,write,,,video_small,mongo_gridfs,1,01-01-05-01-02-02-04_r01.mp4,5457041,0.049290,1,
write,write,,,video_small,polyglot,1,01-01-05-01-02-02-04_r01.mp4,5457041,0.041513,1,
write,write,,,video_small,pg_bytea,1,01-01-05-01-02-02-05_r01.mp4,5498397,0.388562,1,
write,write,,,video_small,polyglot,1,01-01-05-01-02-02-05_r01.mp4,5498397,0.328586,1,
write,write,,,video_small,mongo_gridfs,1,01-01-05-01-02-02-05_r01.mp4,5498397,0.047339,1,
write,write,,,video_small,polyglot,1,01-01-05-02-01-02-04_r01.mp4,5457041,0.043727,1,
write,write,,,video_small,mongo_gridfs,1,01-01-05-02-01-02-04_r01.mp4,5457041,0.041732,1,
write,write,,,video_small,pg_bytea,1,01-01-05-02-01-02-04_r01.mp4,5457041,0.292861,1,
write,write,,,video_small,pg_bytea,1,01-01-05-02-01-02-12_r01.mp4,5457041,0.159787,1,
write,write,,,video_small,polyglot,1,01-01-05-02-01-02-12_r01.mp4,5457041,0.066234,1,
write,write,,,video_small,mongo_gridfs,1,01-01-05-02-01-02-12_r01.mp4,5457041,0.084161,1,
write,write,,,video_small,mongo_gridfs,1,01-01-05-02-01-02-14_r01.mp4,5457041,0.066763,1,
write,write,,,video_small,polyglot,1,01-01-05-02-01-02-14_r01.mp4,5457041,0.058068,1,
write,write,,,video_small,pg_bytea,1,01-01-05-02-01-02-14_r01.mp4,5457041,0.153398,1,
write,write,,,video_small,mongo_gridfs,1,01-01-05-02-02-02-19_r01.mp4,5498397,0.057304,1,
write,write,,,video_small,polyglot,1,01-01-05-02-02-02-19_r01.mp4,5498397,0.049722,1,
write,write,,,video_small,pg_bytea,1,01-01-05-02-02-02-19_r01.mp4,5498397,0.163849,1,
write,write,,,video_small,polyglot,1,01-01-05-02-02-02-20_r01.mp4,5498397,0.047542,1,
write,write,,,video_small,pg_bytea,1,01-01-05-02-02-02-20_r01.mp4,5498397,0.158702,1,
write,write,,,video_small,mongo_gridfs,1,01-01-05-02-02-02-20_r01.mp4,5498397,0.052164,1,
write,write,,,video_small,pg_bytea,1,01-01-05-02-02-02-23_r01.mp4,5457041,0.151976,1,
write,write,,,video_small,polyglot,1,01-01-05-02-02-02-23_r01.mp4,5457041,0.050888,1,
write,write,,,video_small,mongo_gridfs,1,01-01-05-02-02-02-23_r01.mp4,5457041,0.041139,1,
write,write,,,video_small,polyglot,1,01-01-06-01-01-01-08_r01.mp4,5457041,0.043851,1,
write,write,,,video_small,mongo_gridfs,1,01-01-06-01-01-01-08_r01.mp4,5457041,0.047768,1,
write,write,,,video_small,pg_bytea,1,01-01-06-01-01-01-08_r01.mp4,5457041,0.145153,1,
write,write,,,video_small,pg_bytea,1,01-01-06-01-01-01-19_r01.mp4,5457041,0.178273,1,
write,write,,,video_small,polyglot,1,01-01-06-01-01-01-19_r01.mp4,5457041,0.050598,1,
write,write,,,video_small,mongo_gridfs,1,01-01-06-01-01-01-19_r01.mp4,5457041,0.044150,1,
write,write,,,video_small,mongo_gridfs,1,01-01-06-01-01-01-24_r01.mp4,5498397,0.048797,1,
write,write,,,video_small,pg_bytea,1,01-01-06-01-01-01-24_r01.mp4,5498397,0.162332,1,
write,write,,,video_small,polyglot,1,01-01-06-01-01-01-24_r01.mp4,5498397,0.055159,1,
write,write,,,video_medium,pg_bytea,1,tsinghua_v_0024_r01.mp4,13091522,0.365333,1,
write,write,,,video_medium,mongo_gridfs,1,tsinghua_v_0024_r01.mp4,13091522,0.114943,1,
write,write,,,video_medium,polyglot,1,tsinghua_v_0024_r01.mp4,13091522,0.171220,1,
write,write,,,video_medium,pg_bytea,1,tsinghua_v_0046_r01.mp4,13091522,0.537069,1,
write,write,,,video_medium,mongo_gridfs,1,tsinghua_v_0046_r01.mp4,13091522,0.113631,1,
write,write,,,video_medium,polyglot,1,tsinghua_v_0046_r01.mp4,13091522,0.116528,1,
write,write,,,video_medium,polyglot,1,tsinghua_v_0076_r01.mp4,13091522,0.110523,1,
write,write,,,video_medium,pg_bytea,1,tsinghua_v_0076_r01.mp4,13091522,0.659505,1,
write,write,,,video_medium,mongo_gridfs,1,tsinghua_v_0076_r01.mp4,13091522,0.186631,1,
write,write,,,video_medium,pg_bytea,1,tsinghua_v_0080_r01.mp4,13091522,0.556982,1,
write,write,,,video_medium,polyglot,1,tsinghua_v_0080_r01.mp4,13091522,0.116276,1,
write,write,,,video_medium,mongo_gridfs,1,tsinghua_v_0080_r01.mp4,13091522,0.114433,1,
write,write,,,video_medium,polyglot,1,tsinghua_v_0109_r01.mp4,13091522,0.107556,1,
write,write,,,video_medium,pg_bytea,1,tsinghua_v_0109_r01.mp4,13091522,0.376813,1,
write,write,,,video_medium,mongo_gridfs,1,tsinghua_v_0109_r01.mp4,13091522,0.152343,1,
write,write,,,video_medium,polyglot,1,tsinghua_v_0123_r01.mp4,13091522,0.153653,1,
write,write,,,video_medium,mongo_gridfs,1,tsinghua_v_0123_r01.mp4,13091522,0.167498,1,
write,write,,,video_medium,pg_bytea,1,tsinghua_v_0123_r01.mp4,13091522,0.533073,1,
write,write,,,video_medium,mongo_gridfs,1,tsinghua_v_0130_r01.mp4,13091522,0.147272,1,
write,write,,,video_medium,pg_bytea,1,tsinghua_v_0130_r01.mp4,13091522,0.430624,1,
write,write,,,video_medium,polyglot,1,tsinghua_v_0130_r01.mp4,13091522,0.113771,1,
write,write,,,video_medium,mongo_gridfs,1,tsinghua_v_0135_r01.mp4,13091522,0.163074,1,
write,write,,,video_medium,pg_bytea,1,tsinghua_v_0135_r01.mp4,13091522,0.377297,1,
write,write,,,video_medium,polyglot,1,tsinghua_v_0135_r01.mp4,13091522,0.113809,1,
write,write,,,video_medium,pg_bytea,1,tsinghua_v_0137_r01.mp4,13091522,0.407508,1,
write,write,,,video_medium,polyglot,1,tsinghua_v_0137_r01.mp4,13091522,0.157278,1,
write,write,,,video_medium,mongo_gridfs,1,tsinghua_v_0137_r01.mp4,13091522,0.114131,1,
write,write,,,video_medium,pg_bytea,1,tsinghua_v_0140_r01.mp4,13091522,0.387321,1,
write,write,,,video_medium,polyglot,1,tsinghua_v_0140_r01.mp4,13091522,0.104140,1,
write,write,,,video_medium,mongo_gridfs,1,tsinghua_v_0140_r01.mp4,13091522,0.118436,1,
write,write,,,video_medium,polyglot,1,tsinghua_v_0151_r01.mp4,13091522,0.132924,1,
write,write,,,video_medium,mongo_gridfs,1,tsinghua_v_0151_r01.mp4,13091522,0.159912,1,
write,write,,,video_medium,pg_bytea,1,tsinghua_v_0151_r01.mp4,13091522,0.423726,1,
write,write,,,video_medium,mongo_gridfs,1,tsinghua_v_0157_r01.mp4,13091522,0.094361,1,
write,write,,,video_medium,pg_bytea,1,tsinghua_v_0157_r01.mp4,13091522,0.437547,1,
write,write,,,video_medium,polyglot,1,tsinghua_v_0157_r01.mp4,13091522,0.105697,1,
write,write,,,video_medium,mongo_gridfs,1,tsinghua_v_0209_r01.mp4,13091522,0.121065,1,
write,write,,,video_medium,pg_bytea,1,tsinghua_v_0209_r01.mp4,13091522,0.477578,1,
write,write,,,video_medium,polyglot,1,tsinghua_v_0209_r01.mp4,13091522,0.105405,1,
write,write,,,video_medium,polyglot,1,tsinghua_v_0226_r01.mp4,13091522,0.104743,1,
write,write,,,video_medium,pg_bytea,1,tsinghua_v_0226_r01.mp4,13091522,0.475137,1,
write,write,,,video_medium,mongo_gridfs,1,tsinghua_v_0226_r01.mp4,13091522,0.114085,1,
write,write,,,video_medium,pg_bytea,1,tsinghua_v_0236_r01.mp4,13091522,0.444536,1,
write,write,,,video_medium,mongo_gridfs,1,tsinghua_v_0236_r01.mp4,13091522,0.105439,1,
write,write,,,video_medium,polyglot,1,tsinghua_v_0236_r01.mp4,13091522,0.099511,1,
write,write,,,video_medium,polyglot,1,tsinghua_v_0274_r01.mp4,13091522,0.106518,1,
write,write,,,video_medium,mongo_gridfs,1,tsinghua_v_0274_r01.mp4,13091522,0.144462,1,
write,write,,,video_medium,pg_bytea,1,tsinghua_v_0274_r01.mp4,13091522,0.606901,1,
write,write,,,video_medium,polyglot,1,tsinghua_v_0280_r01.mp4,13091522,0.086716,1,
write,write,,,video_medium,mongo_gridfs,1,tsinghua_v_0280_r01.mp4,13091522,0.095930,1,
write,write,,,video_medium,pg_bytea,1,tsinghua_v_0280_r01.mp4,13091522,0.567219,1,
write,write,,,video_medium,mongo_gridfs,1,tsinghua_v_0302_r01.mp4,13091522,0.103268,1,
write,write,,,video_medium,polyglot,1,tsinghua_v_0302_r01.mp4,13091522,0.111275,1,
write,write,,,video_medium,pg_bytea,1,tsinghua_v_0302_r01.mp4,13091522,0.364731,1,
write,write,,,video_medium,pg_bytea,1,tsinghua_v_0311_r01.mp4,13091522,0.401017,1,
write,write,,,video_medium,mongo_gridfs,1,tsinghua_v_0311_r01.mp4,13091522,0.125111,1,
write,write,,,video_medium,polyglot,1,tsinghua_v_0311_r01.mp4,13091522,0.099498,1,
write,write,,,video_medium,pg_bytea,1,tsinghua_v_0316_r01.mp4,13091522,0.428381,1,
write,write,,,video_medium,polyglot,1,tsinghua_v_0316_r01.mp4,13091522,0.107632,1,
write,write,,,video_medium,mongo_gridfs,1,tsinghua_v_0316_r01.mp4,13091522,0.120279,1,
write,write,,,video_medium,pg_bytea,1,tsinghua_v_0319_r01.mp4,13091522,0.386344,1,
write,write,,,video_medium,polyglot,1,tsinghua_v_0319_r01.mp4,13091522,0.114049,1,
write,write,,,video_medium,mongo_gridfs,1,tsinghua_v_0319_r01.mp4,13091522,0.108083,1,
write,write,,,video_medium,mongo_gridfs,1,tsinghua_v_0321_r01.mp4,13091522,0.181494,1,
write,write,,,video_medium,pg_bytea,1,tsinghua_v_0321_r01.mp4,13091522,0.430595,1,
write,write,,,video_medium,polyglot,1,tsinghua_v_0321_r01.mp4,13091522,0.108470,1,
write,write,,,video_medium,pg_bytea,1,tsinghua_v_0331_r01.mp4,13091522,0.428429,1,
write,write,,,video_medium,mongo_gridfs,1,tsinghua_v_0331_r01.mp4,13091522,0.112538,1,
write,write,,,video_medium,polyglot,1,tsinghua_v_0331_r01.mp4,13091522,0.105617,1,
write,write,,,video_medium,mongo_gridfs,1,tsinghua_v_0345_r01.mp4,13091522,0.119466,1,
write,write,,,video_medium,polyglot,1,tsinghua_v_0345_r01.mp4,13091522,0.139901,1,
write,write,,,video_medium,pg_bytea,1,tsinghua_v_0345_r01.mp4,13091522,0.395895,1,
write,write,,,video_medium,pg_bytea,1,tsinghua_v_0356_r01.mp4,13091522,0.320362,1,
write,write,,,video_medium,polyglot,1,tsinghua_v_0356_r01.mp4,13091522,0.094709,1,
write,write,,,video_medium,mongo_gridfs,1,tsinghua_v_0356_r01.mp4,13091522,0.107840,1,
write,write,,,video_medium,pg_bytea,1,tsinghua_v_0357_r01.mp4,13091522,0.488332,1,
write,write,,,video_medium,mongo_gridfs,1,tsinghua_v_0357_r01.mp4,13091522,0.123080,1,
write,write,,,video_medium,polyglot,1,tsinghua_v_0357_r01.mp4,13091522,0.118803,1,
write,write,,,video_medium,pg_bytea,1,tsinghua_v_0379_r01.mp4,13091522,0.360338,1,
write,write,,,video_medium,polyglot,1,tsinghua_v_0379_r01.mp4,13091522,0.105925,1,
write,write,,,video_medium,mongo_gridfs,1,tsinghua_v_0379_r01.mp4,13091522,0.133478,1,
write,write,,,video_medium,pg_bytea,1,tsinghua_v_0393_r01.mp4,13091522,0.694878,1,
write,write,,,video_medium,polyglot,1,tsinghua_v_0393_r01.mp4,13091522,0.099226,1,
write,write,,,video_medium,mongo_gridfs,1,tsinghua_v_0393_r01.mp4,13091522,0.099779,1,
write,write,,,video_medium,polyglot,1,tsinghua_v_0421_r01.mp4,13091522,0.109296,1,
write,write,,,video_medium,mongo_gridfs,1,tsinghua_v_0421_r01.mp4,13091522,0.111252,1,
write,write,,,video_medium,pg_bytea,1,tsinghua_v_0421_r01.mp4,13091522,0.393861,1,
write,write,,,video_medium,mongo_gridfs,1,tsinghua_v_0424_r01.mp4,13091522,0.097938,1,
write,write,,,video_medium,polyglot,1,tsinghua_v_0424_r01.mp4,13091522,0.107643,1,
write,write,,,video_medium,pg_bytea,1,tsinghua_v_0424_r01.mp4,13091522,0.422371,1,
write,write,,,video_medium,mongo_gridfs,1,tsinghua_v_0427_r01.mp4,13091522,0.108552,1,
write,write,,,video_medium,pg_bytea,1,tsinghua_v_0427_r01.mp4,13091522,0.406078,1,
write,write,,,video_medium,polyglot,1,tsinghua_v_0427_r01.mp4,13091522,0.109558,1,
write,write,,,video_medium,mongo_gridfs,1,tsinghua_v_0431_r01.mp4,13091522,0.135084,1,
write,write,,,video_medium,pg_bytea,1,tsinghua_v_0431_r01.mp4,13091522,0.375694,1,
write,write,,,video_medium,polyglot,1,tsinghua_v_0431_r01.mp4,13091522,0.101378,1,
write,write,,,video_medium,pg_bytea,1,tsinghua_v_0452_r01.mp4,13091522,0.589387,1,
write,write,,,video_medium,polyglot,1,tsinghua_v_0452_r01.mp4,13091522,0.123779,1,
write,write,,,video_medium,mongo_gridfs,1,tsinghua_v_0452_r01.mp4,13091522,0.110572,1,
write,write,,,video_medium,mongo_gridfs,1,tsinghua_v_0454_r01.mp4,13091522,0.151317,1,
write,write,,,video_medium,pg_bytea,1,tsinghua_v_0454_r01.mp4,13091522,0.385959,1,
write,write,,,video_medium,polyglot,1,tsinghua_v_0454_r01.mp4,13091522,0.110668,1,
write,write,,,video_medium,polyglot,1,tsinghua_v_0457_r01.mp4,13091522,0.094025,1,
write,write,,,video_medium,mongo_gridfs,1,tsinghua_v_0457_r01.mp4,13091522,0.143957,1,
write,write,,,video_medium,pg_bytea,1,tsinghua_v_0457_r01.mp4,13091522,0.430476,1,
write,write,,,video_medium,pg_bytea,1,tsinghua_v_0466_r01.mp4,13091522,0.413320,1,
write,write,,,video_medium,polyglot,1,tsinghua_v_0466_r01.mp4,13091522,0.112610,1,
write,write,,,video_medium,mongo_gridfs,1,tsinghua_v_0466_r01.mp4,13091522,0.178989,1,
write,write,,,video_medium,polyglot,1,tsinghua_v_0471_r01.mp4,13091522,0.530539,1,
write,write,,,video_medium,mongo_gridfs,1,tsinghua_v_0471_r01.mp4,13091522,0.105686,1,
write,write,,,video_medium,pg_bytea,1,tsinghua_v_0471_r01.mp4,13091522,0.386321,1,
write,write,,,video_medium,mongo_gridfs,1,tsinghua_v_0472_r01.mp4,13091522,0.107668,1,
write,write,,,video_medium,pg_bytea,1,tsinghua_v_0472_r01.mp4,13091522,0.392404,1,
write,write,,,video_medium,polyglot,1,tsinghua_v_0472_r01.mp4,13091522,0.103580,1,
write,write,,,video_medium,mongo_gridfs,1,tsinghua_v_0494_r01.mp4,13091522,0.095061,1,
write,write,,,video_medium,polyglot,1,tsinghua_v_0494_r01.mp4,13091522,0.101595,1,
write,write,,,video_medium,pg_bytea,1,tsinghua_v_0494_r01.mp4,13091522,0.373015,1,
write,write,,,video_medium,pg_bytea,1,tsinghua_v_0503_r01.mp4,13091522,1.143553,1,
write,write,,,video_medium,mongo_gridfs,1,tsinghua_v_0503_r01.mp4,13091522,0.129568,1,
write,write,,,video_medium,polyglot,1,tsinghua_v_0503_r01.mp4,13091522,0.112198,1,
write,write,,,video_medium,pg_bytea,1,tsinghua_v_0509_r01.mp4,13091522,0.462735,1,
write,write,,,video_medium,polyglot,1,tsinghua_v_0509_r01.mp4,13091522,0.110316,1,
write,write,,,video_medium,mongo_gridfs,1,tsinghua_v_0509_r01.mp4,13091522,0.147194,1,
write,write,,,video_medium,pg_bytea,1,tsinghua_v_0523_r01.mp4,13091522,0.461012,1,
write,write,,,video_medium,mongo_gridfs,1,tsinghua_v_0523_r01.mp4,13091522,0.158063,1,
write,write,,,video_medium,polyglot,1,tsinghua_v_0523_r01.mp4,13091522,0.111308,1,
write,write,,,video_medium,pg_bytea,1,tsinghua_v_0546_r01.mp4,13091522,0.388249,1,
write,write,,,video_medium,polyglot,1,tsinghua_v_0546_r01.mp4,13091522,0.101479,1,
write,write,,,video_medium,mongo_gridfs,1,tsinghua_v_0546_r01.mp4,13091522,0.110961,1,
write,write,,,video_medium,polyglot,1,tsinghua_v_0568_r01.mp4,13091522,0.117294,1,
write,write,,,video_medium,pg_bytea,1,tsinghua_v_0568_r01.mp4,13091522,0.499213,1,
write,write,,,video_medium,mongo_gridfs,1,tsinghua_v_0568_r01.mp4,13091522,0.161786,1,
write,write,,,video_medium,polyglot,1,tsinghua_v_0594_r01.mp4,13091522,0.658224,1,
write,write,,,video_medium,mongo_gridfs,1,tsinghua_v_0594_r01.mp4,13091522,0.113516,1,
write,write,,,video_medium,pg_bytea,1,tsinghua_v_0594_r01.mp4,13091522,0.470697,1,
write,write,,,video_medium,pg_bytea,1,tsinghua_v_0596_r01.mp4,13091522,0.388969,1,
write,write,,,video_medium,polyglot,1,tsinghua_v_0596_r01.mp4,13091522,0.151028,1,
write,write,,,video_medium,mongo_gridfs,1,tsinghua_v_0596_r01.mp4,13091522,0.132838,1,
write,write,,,video_medium,mongo_gridfs,1,tsinghua_v_0635_r01.mp4,13091522,0.140470,1,
write,write,,,video_medium,pg_bytea,1,tsinghua_v_0635_r01.mp4,13091522,0.425627,1,
write,write,,,video_medium,polyglot,1,tsinghua_v_0635_r01.mp4,13091522,0.102250,1,
write,write,,,video_medium,pg_bytea,1,tsinghua_v_0653_r01.mp4,13091522,0.376838,1,
write,write,,,video_medium,mongo_gridfs,1,tsinghua_v_0653_r01.mp4,13091522,0.121798,1,
write,write,,,video_medium,polyglot,1,tsinghua_v_0653_r01.mp4,13091522,0.124525,1,
write,write,,,video_medium,polyglot,1,tsinghua_v_0667_r01.mp4,13091522,0.110604,1,
write,write,,,video_medium,pg_bytea,1,tsinghua_v_0667_r01.mp4,13091522,0.407238,1,
write,write,,,video_medium,mongo_gridfs,1,tsinghua_v_0667_r01.mp4,13091522,0.094322,1,
write,write,,,video_medium,pg_bytea,1,tsinghua_v_0673_r01.mp4,13091522,0.355311,1,
write,write,,,video_medium,mongo_gridfs,1,tsinghua_v_0673_r01.mp4,13091522,0.089697,1,
write,write,,,video_medium,polyglot,1,tsinghua_v_0673_r01.mp4,13091522,0.100941,1,
write,write,,,video_medium,mongo_gridfs,1,tsinghua_v_0681_r01.mp4,13091522,0.114767,1,
write,write,,,video_medium,pg_bytea,1,tsinghua_v_0681_r01.mp4,13091522,0.366713,1,
write,write,,,video_medium,polyglot,1,tsinghua_v_0681_r01.mp4,13091522,0.144265,1,
write,write,,,video_medium,mongo_gridfs,1,tsinghua_v_0690_r01.mp4,13091522,0.091660,1,
write,write,,,video_medium,polyglot,1,tsinghua_v_0690_r01.mp4,13091522,0.103900,1,
write,write,,,video_medium,pg_bytea,1,tsinghua_v_0690_r01.mp4,13091522,0.369638,1,
write,write,,,video_medium,pg_bytea,1,tsinghua_v_0692_r01.mp4,13091522,0.512603,1,
write,write,,,video_medium,mongo_gridfs,1,tsinghua_v_0692_r01.mp4,13091522,0.122504,1,
write,write,,,video_medium,polyglot,1,tsinghua_v_0692_r01.mp4,13091522,0.330907,1,
write,write,,,video_medium,pg_bytea,1,tsinghua_v_0696_r01.mp4,13091522,0.389732,1,
write,write,,,video_medium,mongo_gridfs,1,tsinghua_v_0696_r01.mp4,13091522,0.095983,1,
write,write,,,video_medium,polyglot,1,tsinghua_v_0696_r01.mp4,13091522,0.112498,1,
write,write,,,video_medium,mongo_gridfs,1,tsinghua_v_0734_r01.mp4,13091522,0.113537,1,
write,write,,,video_medium,pg_bytea,1,tsinghua_v_0734_r01.mp4,13091522,0.368318,1,
write,write,,,video_medium,polyglot,1,tsinghua_v_0734_r01.mp4,13091522,0.129817,1,
write,write,,,video_medium,mongo_gridfs,1,tsinghua_v_0737_r01.mp4,13091522,0.101453,1,
write,write,,,video_medium,pg_bytea,1,tsinghua_v_0737_r01.mp4,13091522,0.430767,1,
write,write,,,video_medium,polyglot,1,tsinghua_v_0737_r01.mp4,13091522,0.093802,1,
write,write,,,video_medium,polyglot,1,tsinghua_v_0744_r01.mp4,13091522,0.097397,1,
write,write,,,video_medium,mongo_gridfs,1,tsinghua_v_0744_r01.mp4,13091522,0.100027,1,
write,write,,,video_medium,pg_bytea,1,tsinghua_v_0744_r01.mp4,13091522,0.373152,1,
write,write,,,video_medium,polyglot,1,tsinghua_v_0745_r01.mp4,13091522,0.103612,1,
write,write,,,video_medium,pg_bytea,1,tsinghua_v_0745_r01.mp4,13091522,0.348250,1,
write,write,,,video_medium,mongo_gridfs,1,tsinghua_v_0745_r01.mp4,13091522,0.108331,1,
write,write,,,video_medium,polyglot,1,tsinghua_v_0769_r01.mp4,13091522,0.101508,1,
write,write,,,video_medium,pg_bytea,1,tsinghua_v_0769_r01.mp4,13091522,0.363649,1,
write,write,,,video_medium,mongo_gridfs,1,tsinghua_v_0769_r01.mp4,13091522,0.107847,1,
write,write,,,video_medium,polyglot,1,tsinghua_v_0791_r01.mp4,13091522,0.098245,1,
write,write,,,video_medium,mongo_gridfs,1,tsinghua_v_0791_r01.mp4,13091522,0.107809,1,
write,write,,,video_medium,pg_bytea,1,tsinghua_v_0791_r01.mp4,13091522,0.385853,1,
write,write,,,video_medium,pg_bytea,1,tsinghua_v_0792_r01.mp4,13091522,0.401895,1,
write,write,,,video_medium,polyglot,1,tsinghua_v_0792_r01.mp4,13091522,0.105103,1,
write,write,,,video_medium,mongo_gridfs,1,tsinghua_v_0792_r01.mp4,13091522,0.106907,1,
write,write,,,video_medium,polyglot,1,tsinghua_v_0857_r01.mp4,13091522,0.117562,1,
write,write,,,video_medium,pg_bytea,1,tsinghua_v_0857_r01.mp4,13091522,0.472869,1,
write,write,,,video_medium,mongo_gridfs,1,tsinghua_v_0857_r01.mp4,13091522,0.106533,1,
write,write,,,video_medium,pg_bytea,1,tsinghua_v_0866_r01.mp4,13091522,0.391976,1,
write,write,,,video_medium,polyglot,1,tsinghua_v_0866_r01.mp4,13091522,0.101647,1,
write,write,,,video_medium,mongo_gridfs,1,tsinghua_v_0866_r01.mp4,13091522,0.098306,1,
write,write,,,video_medium,mongo_gridfs,1,tsinghua_v_0880_r01.mp4,13091522,0.110202,1,
write,write,,,video_medium,pg_bytea,1,tsinghua_v_0880_r01.mp4,13091522,0.427152,1,
write,write,,,video_medium,polyglot,1,tsinghua_v_0880_r01.mp4,13091522,0.096577,1,
write,write,,,video_medium,pg_bytea,1,tsinghua_v_0888_r01.mp4,13091522,0.311429,1,
write,write,,,video_medium,polyglot,1,tsinghua_v_0888_r01.mp4,13091522,0.118312,1,
write,write,,,video_medium,mongo_gridfs,1,tsinghua_v_0888_r01.mp4,13091522,0.099465,1,
write,write,,,video_medium,polyglot,1,tsinghua_v_0901_r01.mp4,13091522,0.111238,1,
write,write,,,video_medium,pg_bytea,1,tsinghua_v_0901_r01.mp4,13091522,0.408742,1,
write,write,,,video_medium,mongo_gridfs,1,tsinghua_v_0901_r01.mp4,13091522,0.101824,1,
write,write,,,video_medium,pg_bytea,1,tsinghua_v_0937_r01.mp4,13091522,0.397565,1,
write,write,,,video_medium,polyglot,1,tsinghua_v_0937_r01.mp4,13091522,0.092435,1,
write,write,,,video_medium,mongo_gridfs,1,tsinghua_v_0937_r01.mp4,13091522,0.106198,1,
write,write,,,video_medium,mongo_gridfs,1,tsinghua_v_0939_r01.mp4,13091522,0.098975,1,
write,write,,,video_medium,pg_bytea,1,tsinghua_v_0939_r01.mp4,13091522,0.339170,1,
write,write,,,video_medium,polyglot,1,tsinghua_v_0939_r01.mp4,13091522,0.116240,1,
write,write,,,video_medium,mongo_gridfs,1,tsinghua_v_0961_r01.mp4,13091522,0.094499,1,
write,write,,,video_medium,polyglot,1,tsinghua_v_0961_r01.mp4,13091522,0.105084,1,
write,write,,,video_medium,pg_bytea,1,tsinghua_v_0961_r01.mp4,13091522,0.392211,1,
write,write,,,video_medium,pg_bytea,1,tsinghua_v_0977_r01.mp4,13091522,0.814223,1,
write,write,,,video_medium,mongo_gridfs,1,tsinghua_v_0977_r01.mp4,13091522,0.117219,1,
write,write,,,video_medium,polyglot,1,tsinghua_v_0977_r01.mp4,13091522,0.115799,1,
write,write,,,audio_small,polyglot,2,03-01-01-01-01-02-19_r02.wav,375720,0.008004,1,
write,write,,,audio_small,mongo_gridfs,2,03-01-01-01-01-02-19_r02.wav,375720,0.006265,1,
write,write,,,audio_small,pg_bytea,2,03-01-01-01-01-02-19_r02.wav,375720,0.016201,1,
write,write,,,audio_small,pg_bytea,2,03-01-01-01-02-02-05_r02.wav,396294,0.015519,1,
write,write,,,audio_small,mongo_gridfs,2,03-01-01-01-02-02-05_r02.wav,396294,0.014057,1,
write,write,,,audio_small,polyglot,2,03-01-01-01-02-02-05_r02.wav,396294,0.013704,1,
write,write,,,audio_small,mongo_gridfs,2,03-01-01-01-02-02-06_r02.wav,363108,0.005362,1,
write,write,,,audio_small,polyglot,2,03-01-01-01-02-02-06_r02.wav,363108,0.005583,1,
write,write,,,audio_small,pg_bytea,2,03-01-01-01-02-02-06_r02.wav,363108,0.476347,1,
write,write,,,audio_small,mongo_gridfs,2,03-01-01-01-02-02-07_r02.wav,363108,0.009598,1,
write,write,,,audio_small,pg_bytea,2,03-01-01-01-02-02-07_r02.wav,363108,0.013885,1,
write,write,,,audio_small,polyglot,2,03-01-01-01-02-02-07_r02.wav,363108,0.005767,1,
write,write,,,audio_small,mongo_gridfs,2,03-01-01-01-02-02-11_r02.wav,375720,0.005506,1,
write,write,,,audio_small,pg_bytea,2,03-01-01-01-02-02-11_r02.wav,375720,0.012276,1,
write,write,,,audio_small,polyglot,2,03-01-01-01-02-02-11_r02.wav,375720,0.005228,1,
write,write,,,audio_small,mongo_gridfs,2,03-01-01-01-02-02-12_r02.wav,372698,0.005093,1,
write,write,,,audio_small,polyglot,2,03-01-01-01-02-02-12_r02.wav,372698,0.004513,1,
write,write,,,audio_small,pg_bytea,2,03-01-01-01-02-02-12_r02.wav,372698,0.009705,1,
write,write,,,audio_small,pg_bytea,2,03-01-01-01-02-02-13_r02.wav,363108,0.009904,1,
write,write,,,audio_small,mongo_gridfs,2,03-01-01-01-02-02-13_r02.wav,363108,0.006091,1,
write,write,,,audio_small,polyglot,2,03-01-01-01-02-02-13_r02.wav,363108,0.005022,1,
write,write,,,audio_small,polyglot,2,03-01-01-02-01-02-05_r02.wav,393086,0.005819,1,
write,write,,,audio_small,pg_bytea,2,03-01-01-02-01-02-05_r02.wav,393086,0.009574,1,
write,write,,,audio_small,mongo_gridfs,2,03-01-01-02-01-02-05_r02.wav,393086,0.004999,1,
write,write,,,audio_small,pg_bytea,2,03-01-01-02-01-02-06_r02.wav,363108,0.009372,1,
write,write,,,audio_small,mongo_gridfs,2,03-01-01-02-01-02-06_r02.wav,363108,0.005609,1,
write,write,,,audio_small,polyglot,2,03-01-01-02-01-02-06_r02.wav,363108,0.005146,1,
write,write,,,audio_small,pg_bytea,2,03-01-01-02-01-02-07_r02.wav,372698,0.009195,1,
write,write,,,audio_small,mongo_gridfs,2,03-01-01-02-01-02-07_r02.wav,372698,0.005910,1,
write,write,,,audio_small,polyglot,2,03-01-01-02-01-02-07_r02.wav,372698,0.005148,1,
write,write,,,audio_small,polyglot,2,03-01-01-02-01-02-13_r02.wav,399494,0.006620,1,
write,write,,,audio_small,mongo_gridfs,2,03-01-01-02-01-02-13_r02.wav,399494,0.005163,1,
write,write,,,audio_small,pg_bytea,2,03-01-01-02-01-02-13_r02.wav,399494,0.009755,1,
write,write,,,audio_small,pg_bytea,2,03-01-01-02-02-02-19_r02.wav,372698,0.009245,1,
write,write,,,audio_small,polyglot,2,03-01-01-02-02-02-19_r02.wav,372698,0.005907,1,
write,write,,,audio_small,mongo_gridfs,2,03-01-01-02-02-02-19_r02.wav,372698,0.004545,1,
write,write,,,audio_small,polyglot,2,03-01-02-01-01-01-19_r02.wav,372698,0.010065,1,
write,write,,,audio_small,pg_bytea,2,03-01-02-01-01-01-19_r02.wav,372698,0.009497,1,
write,write,,,audio_small,mongo_gridfs,2,03-01-02-01-01-01-19_r02.wav,372698,0.005289,1,
write,write,,,audio_small,pg_bytea,2,03-01-02-01-02-01-06_r02.wav,363108,0.009307,1,
write,write,,,audio_small,polyglot,2,03-01-02-01-02-01-06_r02.wav,363108,0.006349,1,
write,write,,,audio_small,mongo_gridfs,2,03-01-02-01-02-01-06_r02.wav,363108,0.004646,1,
write,write,,,audio_small,polyglot,2,03-01-02-01-02-01-07_r02.wav,399494,0.005322,1,
write,write,,,audio_small,mongo_gridfs,2,03-01-02-01-02-01-07_r02.wav,399494,0.007857,1,
write,write,,,audio_small,pg_bytea,2,03-01-02-01-02-01-07_r02.wav,399494,0.010409,1,
write,write,,,audio_small,mongo_gridfs,2,03-01-02-01-02-01-11_r02.wav,375720,0.007933,1,
write,write,,,audio_small,polyglot,2,03-01-02-01-02-01-11_r02.wav,375720,0.004595,1,
write,write,,,audio_small,pg_bytea,2,03-01-02-01-02-01-11_r02.wav,375720,0.009187,1,
write,write,,,audio_small,mongo_gridfs,2,03-01-02-01-02-01-12_r02.wav,372698,0.004715,1,
write,write,,,audio_small,pg_bytea,2,03-01-02-01-02-01-12_r02.wav,372698,0.009207,1,
write,write,,,audio_small,polyglot,2,03-01-02-01-02-01-12_r02.wav,372698,0.004560,1,
write,write,,,audio_small,polyglot,2,03-01-02-01-02-01-13_r02.wav,379106,0.005358,1,
write,write,,,audio_small,mongo_gridfs,2,03-01-02-01-02-01-13_r02.wav,379106,0.005794,1,
write,write,,,audio_small,pg_bytea,2,03-01-02-01-02-01-13_r02.wav,379106,0.009406,1,
write,write,,,audio_small,pg_bytea,2,03-01-02-02-01-01-05_r02.wav,363108,0.009246,1,
write,write,,,audio_small,polyglot,2,03-01-02-02-01-01-05_r02.wav,363108,0.005847,1,
write,write,,,audio_small,mongo_gridfs,2,03-01-02-02-01-01-05_r02.wav,363108,0.005145,1,
write,write,,,audio_small,polyglot,2,03-01-02-02-01-01-11_r02.wav,363108,0.005493,1,
write,write,,,audio_small,mongo_gridfs,2,03-01-02-02-01-01-11_r02.wav,363108,0.005552,1,
write,write,,,audio_small,pg_bytea,2,03-01-02-02-01-01-11_r02.wav,363108,0.009583,1,
write,write,,,audio_small,mongo_gridfs,2,03-01-02-02-01-01-12_r02.wav,399494,0.007440,1,
write,write,,,audio_small,pg_bytea,2,03-01-02-02-01-01-12_r02.wav,399494,0.014305,1,
write,write,,,audio_small,polyglot,2,03-01-02-02-01-01-12_r02.wav,399494,0.005906,1,
write,write,,,audio_small,mongo_gridfs,2,03-01-02-02-01-01-13_r02.wav,399494,0.004959,1,
write,write,,,audio_small,polyglot,2,03-01-02-02-01-01-13_r02.wav,399494,0.004725,1,
write,write,,,audio_small,pg_bytea,2,03-01-02-02-01-01-13_r02.wav,399494,0.012735,1,
write,write,,,audio_small,polyglot,2,03-01-02-02-02-01-19_r02.wav,379106,0.008014,1,
write,write,,,audio_small,mongo_gridfs,2,03-01-02-02-02-01-19_r02.wav,379106,0.004518,1,
write,write,,,audio_small,pg_bytea,2,03-01-02-02-02-01-19_r02.wav,379106,0.009894,1,
write,write,,,audio_small,pg_bytea,2,03-01-03-01-01-02-05_r02.wav,396294,0.010338,1,
write,write,,,audio_small,mongo_gridfs,2,03-01-03-01-01-02-05_r02.wav,396294,0.004894,1,
write,write,,,audio_small,polyglot,2,03-01-03-01-01-02-05_r02.wav,396294,0.004544,1,
write,write,,,audio_small,polyglot,2,03-01-03-01-01-02-07_r02.wav,393086,0.004262,1,
write,write,,,audio_small,pg_bytea,2,03-01-03-01-01-02-07_r02.wav,393086,0.013849,1,
write,write,,,audio_small,mongo_gridfs,2,03-01-03-01-01-02-07_r02.wav,393086,0.004729,1,
write,write,,,audio_small,mongo_gridfs,2,03-01-03-01-01-02-12_r02.wav,399494,0.004308,1,
write,write,,,audio_small,pg_bytea,2,03-01-03-01-01-02-12_r02.wav,399494,0.009679,1,
write,write,,,audio_small,polyglot,2,03-01-03-01-01-02-12_r02.wav,399494,0.004554,1,
write,write,,,audio_small,polyglot,2,03-01-03-01-01-02-13_r02.wav,399494,0.003911,1,
write,write,,,audio_small,mongo_gridfs,2,03-01-03-01-01-02-13_r02.wav,399494,0.003742,1,
write,write,,,audio_small,pg_bytea,2,03-01-03-01-01-02-13_r02.wav,399494,0.011647,1,
write,write,,,audio_small,mongo_gridfs,2,03-01-03-01-02-02-18_r02.wav,393086,0.005295,1,
write,write,,,audio_small,polyglot,2,03-01-03-01-02-02-18_r02.wav,393086,0.004165,1,
write,write,,,audio_small,pg_bytea,2,03-01-03-01-02-02-18_r02.wav,393086,0.009589,1,
write,write,,,audio_small,mongo_gridfs,2,03-01-03-01-02-02-19_r02.wav,399494,0.004461,1,
write,write,,,audio_small,pg_bytea,2,03-01-03-01-02-02-19_r02.wav,399494,0.010606,1,
write,write,,,audio_small,polyglot,2,03-01-03-01-02-02-19_r02.wav,399494,0.004715,1,
write,write,,,audio_small,polyglot,2,03-01-03-02-01-02-18_r02.wav,396294,0.003817,1,
write,write,,,audio_small,mongo_gridfs,2,03-01-03-02-01-02-18_r02.wav,396294,0.003776,1,
write,write,,,audio_small,pg_bytea,2,03-01-03-02-01-02-18_r02.wav,396294,0.009035,1,
write,write,,,audio_small,pg_bytea,2,03-01-03-02-01-02-19_r02.wav,372698,0.008302,1,
write,write,,,audio_small,polyglot,2,03-01-03-02-01-02-19_r02.wav,372698,0.003951,1,
write,write,,,audio_small,mongo_gridfs,2,03-01-03-02-01-02-19_r02.wav,372698,0.003563,1,
write,write,,,audio_small,pg_bytea,2,03-01-03-02-02-02-04_r02.wav,379106,0.009230,1,
write,write,,,audio_small,polyglot,2,03-01-03-02-02-02-04_r02.wav,379106,0.004453,1,
write,write,,,audio_small,mongo_gridfs,2,03-01-03-02-02-02-04_r02.wav,379106,0.003764,1,
write,write,,,audio_small,pg_bytea,2,03-01-03-02-02-02-06_r02.wav,399494,0.009884,1,
write,write,,,audio_small,polyglot,2,03-01-03-02-02-02-06_r02.wav,399494,0.005633,1,
write,write,,,audio_small,mongo_gridfs,2,03-01-03-02-02-02-06_r02.wav,399494,0.004810,1,
write,write,,,audio_small,polyglot,2,03-01-03-02-02-02-07_r02.wav,393086,0.008291,1,
write,write,,,audio_small,pg_bytea,2,03-01-03-02-02-02-07_r02.wav,393086,0.009709,1,
write,write,,,audio_small,mongo_gridfs,2,03-01-03-02-02-02-07_r02.wav,393086,0.004704,1,
write,write,,,audio_small,polyglot,2,03-01-03-02-02-02-10_r02.wav,375720,0.005290,1,
write,write,,,audio_small,mongo_gridfs,2,03-01-03-02-02-02-10_r02.wav,375720,0.004504,1,
write,write,,,audio_small,pg_bytea,2,03-01-03-02-02-02-10_r02.wav,375720,0.008982,1,
write,write,,,audio_small,pg_bytea,2,03-01-03-02-02-02-11_r02.wav,396294,0.008504,1,
write,write,,,audio_small,mongo_gridfs,2,03-01-03-02-02-02-11_r02.wav,396294,0.005077,1,
write,write,,,audio_small,polyglot,2,03-01-03-02-02-02-11_r02.wav,396294,0.004588,1,
write,write,,,audio_small,mongo_gridfs,2,03-01-03-02-02-02-13_r02.wav,399494,0.005498,1,
write,write,,,audio_small,polyglot,2,03-01-03-02-02-02-13_r02.wav,399494,0.004553,1,
write,write,,,audio_small,pg_bytea,2,03-01-03-02-02-02-13_r02.wav,399494,0.013063,1,
write,write,,,audio_small,polyglot,2,03-01-04-01-01-02-01_r02.wav,396294,0.005651,1,
write,write,,,audio_small,pg_bytea,2,03-01-04-01-01-02-01_r02.wav,396294,0.009787,1,
write,write,,,audio_small,mongo_gridfs,2,03-01-04-01-01-02-01_r02.wav,396294,0.005086,1,
write,write,,,audio_small,polyglot,2,03-01-04-01-01-02-02_r02.wav,379106,0.004795,1,
write,write,,,audio_small,mongo_gridfs,2,03-01-04-01-01-02-02_r02.wav,379106,0.004483,1,
write,write,,,audio_small,pg_bytea,2,03-01-04-01-01-02-02_r02.wav,379106,0.008943,1,
write,write,,,audio_small,polyglot,2,03-01-04-01-01-02-16_r02.wav,379106,0.004778,1,
write,write,,,audio_small,mongo_gridfs,2,03-01-04-01-01-02-16_r02.wav,379106,0.004829,1,
write,write,,,audio_small,pg_bytea,2,03-01-04-01-01-02-16_r02.wav,379106,0.009047,1,
write,write,,,audio_small,mongo_gridfs,2,03-01-04-01-02-02-08_r02.wav,372698,0.005278,1,
write,write,,,audio_small,pg_bytea,2,03-01-04-01-02-02-08_r02.wav,372698,0.008778,1,
write,write,,,audio_small,polyglot,2,03-01-04-01-02-02-08_r02.wav,372698,0.006239,1,
write,write,,,audio_small,mongo_gridfs,2,03-01-04-01-02-02-09_r02.wav,363108,0.004291,1,
write,write,,,audio_small,polyglot,2,03-01-04-01-02-02-09_r02.wav,363108,0.004514,1,
write,write,,,audio_small,pg_bytea,2,03-01-04-01-02-02-09_r02.wav,363108,0.008788,1,
write,write,,,audio_small,polyglot,2,03-01-04-01-02-02-20_r02.wav,396294,0.005207,1,
write,write,,,audio_small,pg_bytea,2,03-01-04-01-02-02-20_r02.wav,396294,0.013832,1,
write,write,,,audio_small,mongo_gridfs,2,03-01-04-01-02-02-20_r02.wav,396294,0.005296,1,
write,write,,,audio_small,mongo_gridfs,2,03-01-04-01-02-02-21_r02.wav,363108,0.004839,1,
write,write,,,audio_small,pg_bytea,2,03-01-04-01-02-02-21_r02.wav,363108,0.009471,1,
write,write,,,audio_small,polyglot,2,03-01-04-01-02-02-21_r02.wav,363108,0.006617,1,
write,write,,,audio_small,polyglot,2,03-01-04-01-02-02-22_r02.wav,372698,0.004760,1,
write,write,,,audio_small,mongo_gridfs,2,03-01-04-01-02-02-22_r02.wav,372698,0.004329,1,
write,write,,,audio_small,pg_bytea,2,03-01-04-01-02-02-22_r02.wav,372698,0.009750,1,
write,write,,,audio_small,pg_bytea,2,03-01-04-01-02-02-23_r02.wav,363108,0.008822,1,
write,write,,,audio_small,mongo_gridfs,2,03-01-04-01-02-02-23_r02.wav,363108,0.004671,1,
write,write,,,audio_small,polyglot,2,03-01-04-01-02-02-23_r02.wav,363108,0.004513,1,
write,write,,,audio_small,mongo_gridfs,2,03-01-04-02-01-02-09_r02.wav,379106,0.004276,1,
write,write,,,audio_small,pg_bytea,2,03-01-04-02-01-02-09_r02.wav,379106,0.013837,1,
write,write,,,audio_small,polyglot,2,03-01-04-02-01-02-09_r02.wav,379106,0.006259,1,
write,write,,,audio_small,mongo_gridfs,2,03-01-04-02-01-02-20_r02.wav,379106,0.004948,1,
write,write,,,audio_small,polyglot,2,03-01-04-02-01-02-20_r02.wav,379106,0.004653,1,
write,write,,,audio_small,pg_bytea,2,03-01-04-02-01-02-20_r02.wav,379106,0.009465,1,
write,write,,,audio_small,polyglot,2,03-01-04-02-01-02-21_r02.wav,393086,0.005505,1,
write,write,,,audio_small,mongo_gridfs,2,03-01-04-02-01-02-21_r02.wav,393086,0.004931,1,
write,write,,,audio_small,pg_bytea,2,03-01-04-02-01-02-21_r02.wav,393086,0.011971,1,
write,write,,,audio_small,mongo_gridfs,2,03-01-04-02-01-02-22_r02.wav,379106,0.009047,1,
write,write,,,audio_small,polyglot,2,03-01-04-02-01-02-22_r02.wav,379106,0.005172,1,
write,write,,,audio_small,pg_bytea,2,03-01-04-02-01-02-22_r02.wav,379106,0.009157,1,
write,write,,,audio_small,polyglot,2,03-01-04-02-02-02-14_r02.wav,375720,0.005565,1,
write,write,,,audio_small,pg_bytea,2,03-01-04-02-02-02-14_r02.wav,375720,0.008966,1,
write,write,,,audio_small,mongo_gridfs,2,03-01-04-02-02-02-14_r02.wav,375720,0.004931,1,
write,write,,,audio_small,pg_bytea,2,03-01-04-02-02-02-15_r02.wav,379106,0.010760,1,
write,write,,,audio_small,mongo_gridfs,2,03-01-04-02-02-02-15_r02.wav,379106,0.005207,1,
write,write,,,audio_small,polyglot,2,03-01-04-02-02-02-15_r02.wav,379106,0.004959,1,
write,write,,,audio_small,mongo_gridfs,2,03-01-04-02-02-02-16_r02.wav,375720,0.004141,1,
write,write,,,audio_small,polyglot,2,03-01-04-02-02-02-16_r02.wav,375720,0.004334,1,
write,write,,,audio_small,pg_bytea,2,03-01-04-02-02-02-16_r02.wav,375720,0.009158,1,
write,write,,,audio_small,pg_bytea,2,03-01-04-02-02-02-17_r02.wav,363108,0.008790,1,
write,write,,,audio_small,polyglot,2,03-01-04-02-02-02-17_r02.wav,363108,0.009444,1,
write,write,,,audio_small,mongo_gridfs,2,03-01-04-02-02-02-17_r02.wav,363108,0.005059,1,
write,write,,,audio_small,polyglot,2,03-01-05-01-01-01-09_r02.wav,393086,0.004958,1,
write,write,,,audio_small,pg_bytea,2,03-01-05-01-01-01-09_r02.wav,393086,0.010051,1,
write,write,,,audio_small,mongo_gridfs,2,03-01-05-01-01-01-09_r02.wav,393086,0.006063,1,
write,write,,,audio_small,polyglot,2,03-01-05-01-01-01-22_r02.wav,393086,0.006015,1,
write,write,,,audio_small,pg_bytea,2,03-01-05-01-01-01-22_r02.wav,393086,0.012180,1,
write,write,,,audio_small,mongo_gridfs,2,03-01-05-01-01-01-22_r02.wav,393086,0.005942,1,
write,write,,,audio_small,pg_bytea,2,03-01-05-01-02-01-02_r02.wav,372698,0.011120,1,
write,write,,,audio_small,polyglot,2,03-01-05-01-02-01-02_r02.wav,372698,0.005245,1,
write,write,,,audio_small,mongo_gridfs,2,03-01-05-01-02-01-02_r02.wav,372698,0.004246,1,
write,write,,,audio_small,mongo_gridfs,2,03-01-05-01-02-01-03_r02.wav,396294,0.007217,1,
write,write,,,audio_small,pg_bytea,2,03-01-05-01-02-01-03_r02.wav,396294,0.011867,1,
write,write,,,audio_small,polyglot,2,03-01-05-01-02-01-03_r02.wav,396294,0.005712,1,
write,write,,,audio_small,polyglot,2,03-01-05-01-02-01-15_r02.wav,363108,0.004510,1,
write,write,,,audio_small,pg_bytea,2,03-01-05-01-02-01-15_r02.wav,363108,0.010464,1,
write,write,,,audio_small,mongo_gridfs,2,03-01-05-01-02-01-15_r02.wav,363108,0.005249,1,
write,write,,,audio_small,polyglot,2,03-01-05-01-02-01-16_r02.wav,372698,0.004791,1,
write,write,,,audio_small,mongo_gridfs,2,03-01-05-01-02-01-16_r02.wav,372698,0.004446,1,
write,write,,,audio_small,pg_bytea,2,03-01-05-01-02-01-16_r02.wav,372698,0.010024,1,
write,write,,,audio_small,mongo_gridfs,2,03-01-05-01-02-01-17_r02.wav,393086,0.005670,1,
write,write,,,audio_small,pg_bytea,2,03-01-05-01-02-01-17_r02.wav,393086,0.013162,1,
write,write,,,audio_small,polyglot,2,03-01-05-01-02-01-17_r02.wav,393086,0.006822,1,
write,write,,,audio_small,pg_bytea,2,03-01-05-02-01-01-01_r02.wav,372698,0.009813,1,
write,write,,,audio_small,polyglot,2,03-01-05-02-01-01-01_r02.wav,372698,0.009072,1,
write,write,,,audio_small,mongo_gridfs,2,03-01-05-02-01-01-01_r02.wav,372698,0.004986,1,
write,write,,,audio_small,polyglot,2,03-01-05-02-01-01-02_r02.wav,375720,0.004576,1,
write,write,,,audio_small,pg_bytea,2,03-01-05-02-01-01-02_r02.wav,375720,0.009876,1,
write,write,,,audio_small,mongo_gridfs,2,03-01-05-02-01-01-02_r02.wav,375720,0.005198,1,
write,write,,,audio_small,pg_bytea,2,03-01-05-02-01-01-03_r02.wav,372698,0.009278,1,
write,write,,,audio_small,mongo_gridfs,2,03-01-05-02-01-01-03_r02.wav,372698,0.005079,1,
write,write,,,audio_small,polyglot,2,03-01-05-02-01-01-03_r02.wav,372698,0.004214,1,
write,write,,,audio_small,pg_bytea,2,03-01-05-02-01-01-15_r02.wav,396294,0.009139,1,
write,write,,,audio_small,polyglot,2,03-01-05-02-01-01-15_r02.wav,396294,0.005945,1,
write,write,,,audio_small,mongo_gridfs,2,03-01-05-02-01-01-15_r02.wav,396294,0.004905,1,
write,write,,,audio_small,pg_bytea,2,03-01-05-02-01-01-16_r02.wav,399494,0.010756,1,
write,write,,,audio_small,polyglot,2,03-01-05-02-01-01-16_r02.wav,399494,0.006515,1,
write,write,,,audio_small,mongo_gridfs,2,03-01-05-02-01-01-16_r02.wav,399494,0.004990,1,
write,write,,,audio_small,mongo_gridfs,2,03-01-05-02-01-01-17_r02.wav,363108,0.004925,1,
write,write,,,audio_small,polyglot,2,03-01-05-02-01-01-17_r02.wav,363108,0.004738,1,
write,write,,,audio_small,pg_bytea,2,03-01-05-02-01-01-17_r02.wav,363108,0.009673,1,
write,write,,,audio_small,polyglot,2,03-01-05-02-02-01-09_r02.wav,396294,0.005220,1,
write,write,,,audio_small,pg_bytea,2,03-01-05-02-02-01-09_r02.wav,396294,0.009971,1,
write,write,,,audio_small,mongo_gridfs,2,03-01-05-02-02-01-09_r02.wav,396294,0.007495,1,
write,write,,,audio_small,mongo_gridfs,2,03-01-05-02-02-01-21_r02.wav,375720,0.004678,1,
write,write,,,audio_small,polyglot,2,03-01-05-02-02-01-21_r02.wav,375720,0.005048,1,
write,write,,,audio_small,pg_bytea,2,03-01-05-02-02-01-21_r02.wav,375720,0.009304,1,
write,write,,,audio_small,mongo_gridfs,2,03-01-05-02-02-01-22_r02.wav,379106,0.006109,1,
write,write,,,audio_small,polyglot,2,03-01-05-02-02-01-22_r02.wav,379106,0.006807,1,
write,write,,,audio_small,pg_bytea,2,03-01-05-02-02-01-22_r02.wav,379106,0.010388,1,
write,write,,,audio_medium,pg_bytea,2,03-02-01-01-01-02-22_r02.wav,526650,0.015878,1,
write,write,,,audio_medium,polyglot,2,03-02-01-01-01-02-22_r02.wav,526650,0.006763,1,
write,write,,,audio_medium,mongo_gridfs,2,03-02-01-01-01-02-22_r02.wav,526650,0.005859,1,
write,write,,,audio_medium,mongo_gridfs,2,03-02-01-01-01-02-23_r02.wav,539464,0.005337,1,
write,write,,,audio_medium,pg_bytea,2,03-02-01-01-01-02-23_r02.wav,539464,0.013241,1,
write,write,,,audio_medium,polyglot,2,03-02-01-01-01-02-23_r02.wav,539464,0.006646,1,
write,write,,,audio_medium,pg_bytea,2,03-02-01-01-02-02-02_r02.wav,539464,0.014043,1,
write,write,,,audio_medium,mongo_gridfs,2,03-02-01-01-02-02-02_r02.wav,539464,0.007449,1,
write,write,,,audio_medium,polyglot,2,03-02-01-01-02-02-02_r02.wav,539464,0.011744,1,
write,write,,,audio_medium,pg_bytea,2,03-02-01-01-02-02-03_r02.wav,520242,0.013754,1,
write,write,,,audio_medium,mongo_gridfs,2,03-02-01-01-02-02-03_r02.wav,520242,0.007197,1,
write,write,,,audio_medium,polyglot,2,03-02-01-01-02-02-03_r02.wav,520242,0.005945,1,
write,write,,,audio_medium,polyglot,2,03-02-01-01-02-02-16_r02.wav,539464,0.006987,1,
write,write,,,audio_medium,pg_bytea,2,03-02-01-01-02-02-16_r02.wav,539464,0.013787,1,
write,write,,,audio_medium,mongo_gridfs,2,03-02-01-01-02-02-16_r02.wav,539464,0.007143,1,
write,write,,,audio_medium,pg_bytea,2,03-02-01-01-02-02-17_r02.wav,561888,0.014251,1,
write,write,,,audio_medium,mongo_gridfs,2,03-02-01-01-02-02-17_r02.wav,561888,0.006969,1,
write,write,,,audio_medium,polyglot,2,03-02-01-01-02-02-17_r02.wav,561888,0.006938,1,
write,write,,,audio_medium,pg_bytea,2,03-02-01-02-01-02-01_r02.wav,533056,0.014453,1,
write,write,,,audio_medium,mongo_gridfs,2,03-02-01-02-01-02-01_r02.wav,533056,0.006484,1,
write,write,,,audio_medium,polyglot,2,03-02-01-02-01-02-01_r02.wav,533056,0.006112,1,
write,write,,,audio_medium,polyglot,2,03-02-01-02-01-02-02_r02.wav,523448,0.006235,1,
write,write,,,audio_medium,mongo_gridfs,2,03-02-01-02-01-02-02_r02.wav,523448,0.005819,1,
write,write,,,audio_medium,pg_bytea,2,03-02-01-02-01-02-02_r02.wav,523448,0.016924,1,
write,write,,,audio_medium,mongo_gridfs,2,03-02-01-02-01-02-03_r02.wav,533056,0.006692,1,
write,write,,,audio_medium,polyglot,2,03-02-01-02-01-02-03_r02.wav,533056,0.006266,1,
write,write,,,audio_medium,pg_bytea,2,03-02-01-02-01-02-03_r02.wav,533056,0.013275,1,
write,write,,,audio_medium,mongo_gridfs,2,03-02-01-02-01-02-15_r02.wav,561882,0.007530,1,
write,write,,,audio_medium,pg_bytea,2,03-02-01-02-01-02-15_r02.wav,561882,0.014681,1,
write,write,,,audio_medium,polyglot,2,03-02-01-02-01-02-15_r02.wav,561882,0.006482,1,
write,write,,,audio_medium,polyglot,2,03-02-01-02-01-02-16_r02.wav,526650,0.005942,1,
write,write,,,audio_medium,pg_bytea,2,03-02-01-02-01-02-16_r02.wav,526650,0.012208,1,
write,write,,,audio_medium,mongo_gridfs,2,03-02-01-02-01-02-16_r02.wav,526650,0.006285,1,
write,write,,,audio_medium,pg_bytea,2,03-02-01-02-01-02-17_r02.wav,533056,0.013690,1,
write,write,,,audio_medium,polyglot,2,03-02-01-02-01-02-17_r02.wav,533056,0.007302,1,
write,write,,,audio_medium,mongo_gridfs,2,03-02-01-02-01-02-17_r02.wav,533056,0.009615,1,
write,write,,,audio_medium,polyglot,2,03-02-01-02-02-02-22_r02.wav,520242,0.006076,1,
write,write,,,audio_medium,mongo_gridfs,2,03-02-01-02-02-02-22_r02.wav,520242,0.005252,1,
write,write,,,audio_medium,pg_bytea,2,03-02-01-02-02-02-22_r02.wav,520242,0.012442,1,
write,write,,,audio_medium,pg_bytea,2,03-02-01-02-02-02-23_r02.wav,520242,0.013440,1,
write,write,,,audio_medium,mongo_gridfs,2,03-02-01-02-02-02-23_r02.wav,520242,0.007282,1,
write,write,,,audio_medium,polyglot,2,03-02-01-02-02-02-23_r02.wav,520242,0.006757,1,
write,write,,,audio_medium,mongo_gridfs,2,03-02-02-01-01-01-22_r02.wav,523448,0.005810,1,
write,write,,,audio_medium,polyglot,2,03-02-02-01-01-01-22_r02.wav,523448,0.005647,1,
write,write,,,audio_medium,pg_bytea,2,03-02-02-01-01-01-22_r02.wav,523448,0.013769,1,
write,write,,,audio_medium,pg_bytea,2,03-02-02-01-01-01-23_r02.wav,561888,0.013826,1,
write,write,,,audio_medium,polyglot,2,03-02-02-01-01-01-23_r02.wav,561888,0.006824,1,
write,write,,,audio_medium,mongo_gridfs,2,03-02-02-01-01-01-23_r02.wav,561888,0.005987,1,
write,write,,,audio_medium,pg_bytea,2,03-02-02-01-02-01-01_r02.wav,520242,0.014877,1,
write,write,,,audio_medium,mongo_gridfs,2,03-02-02-01-02-01-01_r02.wav,520242,0.005934,1,
write,write,,,audio_medium,polyglot,2,03-02-02-01-02-01-01_r02.wav,520242,0.005895,1,
write,write,,,audio_medium,pg_bytea,2,03-02-02-01-02-01-02_r02.wav,539464,0.013211,1,
write,write,,,audio_medium,mongo_gridfs,2,03-02-02-01-02-01-02_r02.wav,539464,0.007891,1,
write,write,,,audio_medium,polyglot,2,03-02-02-01-02-01-02_r02.wav,539464,0.006854,1,
write,write,,,audio_medium,polyglot,2,03-02-02-01-02-01-03_r02.wav,533056,0.005445,1,
write,write,,,audio_medium,pg_bytea,2,03-02-02-01-02-01-03_r02.wav,533056,0.012917,1,
write,write,,,audio_medium,mongo_gridfs,2,03-02-02-01-02-01-03_r02.wav,533056,0.006756,1,
write,write,,,audio_medium,polyglot,2,03-02-02-01-02-01-16_r02.wav,561882,0.006732,1,
write,write,,,audio_medium,pg_bytea,2,03-02-02-01-02-01-16_r02.wav,561882,0.013318,1,
write,write,,,audio_medium,mongo_gridfs,2,03-02-02-01-02-01-16_r02.wav,561882,0.007522,1,
write,write,,,audio_medium,polyglot,2,03-02-02-02-01-01-01_r02.wav,539464,0.006310,1,
write,write,,,audio_medium,pg_bytea,2,03-02-02-02-01-01-01_r02.wav,539464,0.012496,1,
write,write,,,audio_medium,mongo_gridfs,2,03-02-02-02-01-01-01_r02.wav,539464,0.012037,1,
write,write,,,audio_medium,mongo_gridfs,2,03-02-02-02-01-01-02_r02.wav,526650,0.007482,1,
write,write,,,audio_medium,pg_bytea,2,03-02-02-02-01-01-02_r02.wav,526650,0.014042,1,
write,write,,,audio_medium,polyglot,2,03-02-02-02-01-01-02_r02.wav,526650,0.006320,1,
write,write,,,audio_medium,polyglot,2,03-02-02-02-01-01-15_r02.wav,539464,0.007216,1,
write,write,,,audio_medium,pg_bytea,2,03-02-02-02-01-01-15_r02.wav,539464,0.013100,1,
write,write,,,audio_medium,mongo_gridfs,2,03-02-02-02-01-01-15_r02.wav,539464,0.006193,1,
write,write,,,audio_medium,polyglot,2,03-02-02-02-01-01-16_r02.wav,520242,0.006221,1,
write,write,,,audio_medium,pg_bytea,2,03-02-02-02-01-01-16_r02.wav,520242,0.013525,1,
write,write,,,audio_medium,mongo_gridfs,2,03-02-02-02-01-01-16_r02.wav,520242,0.006206,1,
write,write,,,audio_medium,polyglot,2,03-02-02-02-01-01-17_r02.wav,539464,0.006774,1,
write,write,,,audio_medium,mongo_gridfs,2,03-02-02-02-01-01-17_r02.wav,539464,0.007539,1,
write,write,,,audio_medium,pg_bytea,2,03-02-02-02-01-01-17_r02.wav,539464,0.014917,1,
write,write,,,audio_medium,polyglot,2,03-02-02-02-02-01-22_r02.wav,539464,0.012516,1,
write,write,,,audio_medium,mongo_gridfs,2,03-02-02-02-02-01-22_r02.wav,539464,0.006703,1,
write,write,,,audio_medium,pg_bytea,2,03-02-02-02-02-01-22_r02.wav,539464,0.014316,1,
write,write,,,audio_medium,polyglot,2,03-02-02-02-02-01-23_r02.wav,520242,0.006407,1,
write,write,,,audio_medium,pg_bytea,2,03-02-02-02-02-01-23_r02.wav,520242,0.012762,1,
write,write,,,audio_medium,mongo_gridfs,2,03-02-02-02-02-01-23_r02.wav,520242,0.006404,1,
write,write,,,audio_medium,mongo_gridfs,2,03-02-03-01-01-02-01_r02.wav,561882,0.006737,1,
write,write,,,audio_medium,polyglot,2,03-02-03-01-01-02-01_r02.wav,561882,0.006191,1,
write,write,,,audio_medium,pg_bytea,2,03-02-03-01-01-02-01_r02.wav,561882,0.014483,1,
write,write,,,audio_medium,polyglot,2,03-02-03-01-01-02-02_r02.wav,561882,0.007162,1,
write,write,,,audio_medium,mongo_gridfs,2,03-02-03-01-01-02-02_r02.wav,561882,0.006039,1,
write,write,,,audio_medium,pg_bytea,2,03-02-03-01-01-02-02_r02.wav,561882,0.013086,1,
write,write,,,audio_medium,mongo_gridfs,2,03-02-03-01-01-02-03_r02.wav,539464,0.007534,1,
write,write,,,audio_medium,polyglot,2,03-02-03-01-01-02-03_r02.wav,539464,0.006526,1,
write,write,,,audio_medium,pg_bytea,2,03-02-03-01-01-02-03_r02.wav,539464,0.015722,1,
write,write,,,audio_medium,pg_bytea,2,03-02-03-01-01-02-15_r02.wav,526650,0.013369,1,
write,write,,,audio_medium,polyglot,2,03-02-03-01-01-02-15_r02.wav,526650,0.007188,1,
write,write,,,audio_medium,mongo_gridfs,2,03-02-03-01-01-02-15_r02.wav,526650,0.005884,1,
write,write,,,audio_medium,pg_bytea,2,03-02-03-01-01-02-16_r02.wav,520242,0.015402,1,
write,write,,,audio_medium,mongo_gridfs,2,03-02-03-01-01-02-16_r02.wav,520242,0.008038,1,
write,write,,,audio_medium,polyglot,2,03-02-03-01-01-02-16_r02.wav,520242,0.006135,1,
write,write,,,audio_medium,polyglot,2,03-02-03-01-01-02-17_r02.wav,526650,0.006856,1,
write,write,,,audio_medium,pg_bytea,2,03-02-03-01-01-02-17_r02.wav,526650,0.013310,1,
write,write,,,audio_medium,mongo_gridfs,2,03-02-03-01-01-02-17_r02.wav,526650,0.006184,1,
write,write,,,audio_medium,mongo_gridfs,2,03-02-03-01-02-02-09_r02.wav,539464,0.005569,1,
write,write,,,audio_medium,pg_bytea,2,03-02-03-01-02-02-09_r02.wav,539464,0.013490,1,
write,write,,,audio_medium,polyglot,2,03-02-03-01-02-02-09_r02.wav,539464,0.006836,1,
write,write,,,audio_medium,pg_bytea,2,03-02-03-01-02-02-21_r02.wav,533056,0.013508,1,
write,write,,,audio_medium,polyglot,2,03-02-03-01-02-02-21_r02.wav,533056,0.006224,1,
write,write,,,audio_medium,mongo_gridfs,2,03-02-03-01-02-02-21_r02.wav,533056,0.008104,1,
write,write,,,audio_medium,pg_bytea,2,03-02-03-01-02-02-22_r02.wav,561888,0.016490,1,
write,write,,,audio_medium,polyglot,2,03-02-03-01-02-02-22_r02.wav,561888,0.007426,1,
write,write,,,audio_medium,mongo_gridfs,2,03-02-03-01-02-02-22_r02.wav,561888,0.006658,1,
write,write,,,audio_medium,pg_bytea,2,03-02-03-01-02-02-23_r02.wav,539464,0.013774,1,
write,write,,,audio_medium,polyglot,2,03-02-03-01-02-02-23_r02.wav,539464,0.007453,1,
write,write,,,audio_medium,mongo_gridfs,2,03-02-03-01-02-02-23_r02.wav,539464,0.005533,1,
write,write,,,audio_medium,polyglot,2,03-02-03-02-01-02-09_r02.wav,561882,0.007378,1,
write,write,,,audio_medium,mongo_gridfs,2,03-02-03-02-01-02-09_r02.wav,561882,0.006460,1,
write,write,,,audio_medium,pg_bytea,2,03-02-03-02-01-02-09_r02.wav,561882,0.013843,1,
write,write,,,audio_medium,pg_bytea,2,03-02-03-02-01-02-21_r02.wav,539464,0.020161,1,
write,write,,,audio_medium,mongo_gridfs,2,03-02-03-02-01-02-21_r02.wav,539464,0.009243,1,
write,write,,,audio_medium,polyglot,2,03-02-03-02-01-02-21_r02.wav,539464,0.007880,1,
write,write,,,audio_medium,mongo_gridfs,2,03-02-03-02-01-02-22_r02.wav,526650,0.005861,1,
write,write,,,audio_medium,polyglot,2,03-02-03-02-01-02-22_r02.wav,526650,0.006124,1,
write,write,,,audio_medium,pg_bytea,2,03-02-03-02-01-02-22_r02.wav,526650,0.016082,1,
write,write,,,audio_medium,pg_bytea,2,03-02-03-02-01-02-23_r02.wav,561888,0.015192,1,
write,write,,,audio_medium,polyglot,2,03-02-03-02-01-02-23_r02.wav,561888,0.016903,1,
write,write,,,audio_medium,mongo_gridfs,2,03-02-03-02-01-02-23_r02.wav,561888,0.006099,1,
write,write,,,audio_medium,mongo_gridfs,2,03-02-03-02-02-02-01_r02.wav,561882,0.008658,1,
write,write,,,audio_medium,polyglot,2,03-02-03-02-02-02-01_r02.wav,561882,0.007616,1,
write,write,,,audio_medium,pg_bytea,2,03-02-03-02-02-02-01_r02.wav,561882,0.015478,1,
write,write,,,audio_medium,pg_bytea,2,03-02-03-02-02-02-02_r02.wav,523448,0.013053,1,
write,write,,,audio_medium,polyglot,2,03-02-03-02-02-02-02_r02.wav,523448,0.009235,1,
write,write,,,audio_medium,mongo_gridfs,2,03-02-03-02-02-02-02_r02.wav,523448,0.006164,1,
write,write,,,audio_medium,polyglot,2,03-02-03-02-02-02-03_r02.wav,561888,0.006410,1,
write,write,,,audio_medium,pg_bytea,2,03-02-03-02-02-02-03_r02.wav,561888,0.014200,1,
write,write,,,audio_medium,mongo_gridfs,2,03-02-03-02-02-02-03_r02.wav,561888,0.007148,1,
write,write,,,audio_medium,polyglot,2,03-02-03-02-02-02-15_r02.wav,523448,0.006565,1,
write,write,,,audio_medium,mongo_gridfs,2,03-02-03-02-02-02-15_r02.wav,523448,0.005796,1,
write,write,,,audio_medium,pg_bytea,2,03-02-03-02-02-02-15_r02.wav,523448,0.014238,1,
write,write,,,audio_medium,mongo_gridfs,2,03-02-03-02-02-02-16_r02.wav,561882,0.007309,1,
write,write,,,audio_medium,polyglot,2,03-02-03-02-02-02-16_r02.wav,561882,0.007710,1,
write,write,,,audio_medium,pg_bytea,2,03-02-03-02-02-02-16_r02.wav,561882,0.014304,1,
write,write,,,audio_medium,mongo_gridfs,2,03-02-03-02-02-02-17_r02.wav,523448,0.006986,1,
write,write,,,audio_medium,pg_bytea,2,03-02-03-02-02-02-17_r02.wav,523448,0.013222,1,
write,write,,,audio_medium,polyglot,2,03-02-03-02-02-02-17_r02.wav,523448,0.006804,1,
write,write,,,audio_medium,mongo_gridfs,2,03-02-04-01-01-02-05_r02.wav,561882,0.006085,1,
write,write,,,audio_medium,polyglot,2,03-02-04-01-01-02-05_r02.wav,561882,0.005958,1,
write,write,,,audio_medium,pg_bytea,2,03-02-04-01-01-02-05_r02.wav,561882,0.020930,1,
write,write,,,audio_medium,pg_bytea,2,03-02-04-01-01-02-06_r02.wav,526650,0.021860,1,
write,write,,,audio_medium,polyglot,2,03-02-04-01-01-02-06_r02.wav,526650,0.007415,1,
write,write,,,audio_medium,mongo_gridfs,2,03-02-04-01-01-02-06_r02.wav,526650,0.005692,1,
write,write,,,audio_medium,mongo_gridfs,2,03-02-04-01-01-02-07_r02.wav,523448,0.013188,1,
write,write,,,audio_medium,pg_bytea,2,03-02-04-01-01-02-07_r02.wav,523448,0.013942,1,
write,write,,,audio_medium,polyglot,2,03-02-04-01-01-02-07_r02.wav,523448,0.006860,1,
write,write,,,audio_medium,pg_bytea,2,03-02-04-01-01-02-11_r02.wav,539464,0.014187,1,
write,write,,,audio_medium,polyglot,2,03-02-04-01-01-02-11_r02.wav,539464,0.006838,1,
write,write,,,audio_medium,mongo_gridfs,2,03-02-04-01-01-02-11_r02.wav,539464,0.005287,1,
write,write,,,audio_medium,pg_bytea,2,03-02-04-01-01-02-12_r02.wav,523448,0.013270,1,
write,write,,,audio_medium,mongo_gridfs,2,03-02-04-01-01-02-12_r02.wav,523448,0.008366,1,
write,write,,,audio_medium,polyglot,2,03-02-04-01-01-02-12_r02.wav,523448,0.007704,1,
write,write,,,audio_medium,polyglot,2,03-02-04-01-01-02-13_r02.wav,539464,0.005475,1,
write,write,,,audio_medium,pg_bytea,2,03-02-04-01-01-02-13_r02.wav,539464,0.012414,1,
write,write,,,audio_medium,mongo_gridfs,2,03-02-04-01-01-02-13_r02.wav,539464,0.006888,1,
write,write,,,audio_medium,polyglot,2,03-02-04-01-02-02-19_r02.wav,561888,0.007474,1,
write,write,,,audio_medium,pg_bytea,2,03-02-04-01-02-02-19_r02.wav,561888,0.012791,1,
write,write,,,audio_medium,mongo_gridfs,2,03-02-04-01-02-02-19_r02.wav,561888,0.006600,1,
write,write,,,audio_medium,pg_bytea,2,03-02-04-02-02-02-05_r02.wav,526650,0.012631,1,
write,write,,,audio_medium,polyglot,2,03-02-04-02-02-02-05_r02.wav,526650,0.006154,1,
write,write,,,audio_medium,mongo_gridfs,2,03-02-04-02-02-02-05_r02.wav,526650,0.005694,1,
write,write,,,audio_medium,polyglot,2,03-02-04-02-02-02-06_r02.wav,526650,0.005641,1,
write,write,,,audio_medium,mongo_gridfs,2,03-02-04-02-02-02-06_r02.wav,526650,0.006090,1,
write,write,,,audio_medium,pg_bytea,2,03-02-04-02-02-02-06_r02.wav,526650,0.014688,1,
write,write,,,audio_medium,pg_bytea,2,03-02-04-02-02-02-07_r02.wav,561888,0.013624,1,
write,write,,,audio_medium,mongo_gridfs,2,03-02-04-02-02-02-07_r02.wav,561888,0.010372,1,
write,write,,,audio_medium,polyglot,2,03-02-04-02-02-02-07_r02.wav,561888,0.006030,1,
write,write,,,audio_medium,mongo_gridfs,2,03-02-04-02-02-02-11_r02.wav,561888,0.009511,1,
write,write,,,audio_medium,pg_bytea,2,03-02-04-02-02-02-11_r02.wav,561888,0.013432,1,
write,write,,,audio_medium,polyglot,2,03-02-04-02-02-02-11_r02.wav,561888,0.006657,1,
write,write,,,audio_medium,polyglot,2,03-02-04-02-02-02-12_r02.wav,523448,0.007120,1,
write,write,,,audio_medium,pg_bytea,2,03-02-04-02-02-02-12_r02.wav,523448,0.013922,1,
write,write,,,audio_medium,mongo_gridfs,2,03-02-04-02-02-02-12_r02.wav,523448,0.006628,1,
write,write,,,audio_medium,polyglot,2,03-02-04-02-02-02-13_r02.wav,533056,0.006823,1,
write,write,,,audio_medium,pg_bytea,2,03-02-04-02-02-02-13_r02.wav,533056,0.013621,1,
write,write,,,audio_medium,mongo_gridfs,2,03-02-04-02-02-02-13_r02.wav,533056,0.006664,1,
write,write,,,audio_medium,pg_bytea,2,03-02-05-01-02-01-06_r02.wav,561882,0.013869,1,
write,write,,,audio_medium,polyglot,2,03-02-05-01-02-01-06_r02.wav,561882,0.007654,1,
write,write,,,audio_medium,mongo_gridfs,2,03-02-05-01-02-01-06_r02.wav,561882,0.006629,1,
write,write,,,audio_medium,mongo_gridfs,2,03-02-05-01-02-01-07_r02.wav,520242,0.006129,1,
write,write,,,audio_medium,pg_bytea,2,03-02-05-01-02-01-07_r02.wav,520242,0.014160,1,
write,write,,,audio_medium,polyglot,2,03-02-05-01-02-01-07_r02.wav,520242,0.006742,1,
write,write,,,audio_medium,pg_bytea,2,03-02-05-01-02-01-12_r02.wav,520242,0.014918,1,
write,write,,,audio_medium,mongo_gridfs,2,03-02-05-01-02-01-12_r02.wav,520242,0.006375,1,
write,write,,,audio_medium,polyglot,2,03-02-05-01-02-01-12_r02.wav,520242,0.006044,1,
write,write,,,audio_medium,mongo_gridfs,2,03-02-05-01-02-01-13_r02.wav,561888,0.006192,1,
write,write,,,audio_medium,polyglot,2,03-02-05-01-02-01-13_r02.wav,561888,0.006423,1,
write,write,,,audio_medium,pg_bytea,2,03-02-05-01-02-01-13_r02.wav,561888,0.012865,1,
write,write,,,audio_medium,polyglot,2,03-02-05-02-01-01-05_r02.wav,539464,0.007587,1,
write,write,,,audio_medium,mongo_gridfs,2,03-02-05-02-01-01-05_r02.wav,539464,0.005993,1,
write,write,,,audio_medium,pg_bytea,2,03-02-05-02-01-01-05_r02.wav,539464,0.011965,1,
write,write,,,audio_medium,mongo_gridfs,2,03-02-05-02-01-01-06_r02.wav,561888,0.008527,1,
write,write,,,audio_medium,polyglot,2,03-02-05-02-01-01-06_r02.wav,561888,0.009987,1,
write,write,,,audio_medium,pg_bytea,2,03-02-05-02-01-01-06_r02.wav,561888,0.015138,1,
write,write,,,audio_medium,polyglot,2,03-02-05-02-01-01-07_r02.wav,533056,0.009207,1,
write,write,,,audio_medium,mongo_gridfs,2,03-02-05-02-01-01-07_r02.wav,533056,0.007811,1,
write,write,,,audio_medium,pg_bytea,2,03-02-05-02-01-01-07_r02.wav,533056,0.023351,1,
write,write,,,audio_medium,polyglot,2,03-02-05-02-01-01-11_r02.wav,561888,0.008564,1,
write,write,,,audio_medium,pg_bytea,2,03-02-05-02-01-01-11_r02.wav,561888,0.016736,1,
write,write,,,audio_medium,mongo_gridfs,2,03-02-05-02-01-01-11_r02.wav,561888,0.006786,1,
write,write,,,audio_medium,mongo_gridfs,2,03-02-05-02-01-01-12_r02.wav,533056,0.006246,1,
write,write,,,audio_medium,pg_bytea,2,03-02-05-02-01-01-12_r02.wav,533056,0.016135,1,
write,write,,,audio_medium,polyglot,2,03-02-05-02-01-01-12_r02.wav,533056,0.006495,1,
write,write,,,audio_medium,polyglot,2,03-02-05-02-01-01-13_r02.wav,526650,0.006321,1,
write,write,,,audio_medium,pg_bytea,2,03-02-05-02-01-01-13_r02.wav,526650,0.012767,1,
write,write,,,audio_medium,mongo_gridfs,2,03-02-05-02-01-01-13_r02.wav,526650,0.006995,1,
write,write,,,video_small,mongo_gridfs,2,01-01-01-01-01-01-22_r02.mp4,5457041,0.040973,1,
write,write,,,video_small,pg_bytea,2,01-01-01-01-01-01-22_r02.mp4,5457041,0.171921,1,
write,write,,,video_small,polyglot,2,01-01-01-01-01-01-22_r02.mp4,5457041,0.049052,1,
write,write,,,video_small,polyglot,2,01-01-01-01-01-02-01_r02.mp4,5457041,0.051159,1,
write,write,,,video_small,pg_bytea,2,01-01-01-01-01-02-01_r02.mp4,5457041,0.152258,1,
write,write,,,video_small,mongo_gridfs,2,01-01-01-01-01-02-01_r02.mp4,5457041,0.042195,1,
write,write,,,video_small,polyglot,2,01-01-01-01-01-02-15_r02.mp4,5457041,0.049576,1,
write,write,,,video_small,pg_bytea,2,01-01-01-01-01-02-15_r02.mp4,5457041,0.141718,1,
write,write,,,video_small,mongo_gridfs,2,01-01-01-01-01-02-15_r02.mp4,5457041,0.054141,1,
write,write,,,video_small,pg_bytea,2,01-01-01-01-02-01-06_r02.mp4,5457041,0.351702,1,
write,write,,,video_small,mongo_gridfs,2,01-01-01-01-02-01-06_r02.mp4,5457041,0.054633,1,
write,write,,,video_small,polyglot,2,01-01-01-01-02-01-06_r02.mp4,5457041,0.046617,1,
write,write,,,video_small,polyglot,2,01-01-01-01-02-01-13_r02.mp4,5457041,0.039420,1,
write,write,,,video_small,mongo_gridfs,2,01-01-01-01-02-01-13_r02.mp4,5457041,0.042463,1,
write,write,,,video_small,pg_bytea,2,01-01-01-01-02-01-13_r02.mp4,5457041,0.150897,1,
write,write,,,video_small,mongo_gridfs,2,01-01-01-01-02-01-14_r02.mp4,5457041,0.048125,1,
write,write,,,video_small,polyglot,2,01-01-01-01-02-01-14_r02.mp4,5457041,0.047242,1,
write,write,,,video_small,pg_bytea,2,01-01-01-01-02-01-14_r02.mp4,5457041,0.146793,1,
write,write,,,video_small,pg_bytea,2,01-01-01-01-02-02-09_r02.mp4,5498397,0.138931,1,
write,write,,,video_small,mongo_gridfs,2,01-01-01-01-02-02-09_r02.mp4,5498397,0.042270,1,
write,write,,,video_small,polyglot,2,01-01-01-01-02-02-09_r02.mp4,5498397,0.047569,1,
write,write,,,video_small,pg_bytea,2,01-01-01-02-01-01-01_r02.mp4,5498397,0.133314,1,
write,write,,,video_small,polyglot,2,01-01-01-02-01-01-01_r02.mp4,5498397,0.058290,1,
write,write,,,video_small,mongo_gridfs,2,01-01-01-02-01-01-01_r02.mp4,5498397,0.064602,1,
write,write,,,video_small,polyglot,2,01-01-01-02-01-01-05_r02.mp4,5457041,0.046398,1,
write,write,,,video_small,mongo_gridfs,2,01-01-01-02-01-01-05_r02.mp4,5457041,0.058152,1,
write,write,,,video_small,pg_bytea,2,01-01-01-02-01-01-05_r02.mp4,5457041,0.156683,1,
write,write,,,video_small,polyglot,2,01-01-01-02-01-01-15_r02.mp4,5457041,0.044354,1,
write,write,,,video_small,mongo_gridfs,2,01-01-01-02-01-01-15_r02.mp4,5457041,0.048071,1,
write,write,,,video_small,pg_bytea,2,01-01-01-02-01-01-15_r02.mp4,5457041,0.328287,1,
write,write,,,video_small,pg_bytea,2,01-01-01-02-02-01-18_r02.mp4,5457041,0.167465,1,
write,write,,,video_small,mongo_gridfs,2,01-01-01-02-02-01-18_r02.mp4,5457041,0.043326,1,
write,write,,,video_small,polyglot,2,01-01-01-02-02-01-18_r02.mp4,5457041,0.089447,1,
write,write,,,video_small,polyglot,2,01-01-01-02-02-01-19_r02.mp4,5457041,0.077845,1,
write,write,,,video_small,pg_bytea,2,01-01-01-02-02-01-19_r02.mp4,5457041,0.156712,1,
write,write,,,video_small,mongo_gridfs,2,01-01-01-02-02-01-19_r02.mp4,5457041,0.047527,1,
write,write,,,video_small,polyglot,2,01-01-02-01-01-02-09_r02.mp4,5498397,0.045792,1,
write,write,,,video_small,pg_bytea,2,01-01-02-01-01-02-09_r02.mp4,5498397,0.166404,1,
write,write,,,video_small,mongo_gridfs,2,01-01-02-01-01-02-09_r02.mp4,5498397,0.048031,1,
write,write,,,video_small,pg_bytea,2,01-01-02-01-01-02-18_r02.mp4,5498397,0.142621,1,
write,write,,,video_small,mongo_gridfs,2,01-01-02-01-01-02-18_r02.mp4,5498397,0.052157,1,
write,write,,,video_small,polyglot,2,01-01-02-01-01-02-18_r02.mp4,5498397,0.046104,1,
write,write,,,video_small,mongo_gridfs,2,01-01-02-01-01-02-23_r02.mp4,5498397,0.043175,1,
write,write,,,video_small,pg_bytea,2,01-01-02-01-01-02-23_r02.mp4,5498397,0.155613,1,
write,write,,,video_small,polyglot,2,01-01-02-01-01-02-23_r02.mp4,5498397,0.052195,1,
write,write,,,video_small,polyglot,2,01-01-02-01-02-01-09_r02.mp4,5498397,0.042603,1,
write,write,,,video_small,mongo_gridfs,2,01-01-02-01-02-01-09_r02.mp4,5498397,0.054722,1,
write,write,,,video_small,pg_bytea,2,01-01-02-01-02-01-09_r02.mp4,5498397,0.136024,1,
write,write,,,video_small,mongo_gridfs,2,01-01-02-01-02-02-01_r02.mp4,5498397,0.051893,1,
write,write,,,video_small,pg_bytea,2,01-01-02-01-02-02-01_r02.mp4,5498397,0.149482,1,
write,write,,,video_small,polyglot,2,01-01-02-01-02-02-01_r02.mp4,5498397,0.042270,1,
write,write,,,video_small,polyglot,2,01-01-02-01-02-02-03_r02.mp4,5498397,0.048574,1,
write,write,,,video_small,pg_bytea,2,01-01-02-01-02-02-03_r02.mp4,5498397,0.144617,1,
write,write,,,video_small,mongo_gridfs,2,01-01-02-01-02-02-03_r02.mp4,5498397,0.043628,1,
write,write,,,video_small,pg_bytea,2,01-01-02-02-01-02-02_r02.mp4,5498397,0.128708,1,
write,write,,,video_small,mongo_gridfs,2,01-01-02-02-01-02-02_r02.mp4,5498397,0.047020,1,
write,write,,,video_small,polyglot,2,01-01-02-02-01-02-02_r02.mp4,5498397,0.040682,1,
write,write,,,video_small,pg_bytea,2,01-01-02-02-01-02-03_r02.mp4,5498397,0.141212,1,
write,write,,,video_small,mongo_gridfs,2,01-01-02-02-01-02-03_r02.mp4,5498397,0.047136,1,
write,write,,,video_small,polyglot,2,01-01-02-02-01-02-03_r02.mp4,5498397,0.045080,1,
write,write,,,video_small,polyglot,2,01-01-02-02-01-02-05_r02.mp4,5498397,0.081103,1,
write,write,,,video_small,pg_bytea,2,01-01-02-02-01-02-05_r02.mp4,5498397,0.229203,1,
write,write,,,video_small,mongo_gridfs,2,01-01-02-02-01-02-05_r02.mp4,5498397,0.062165,1,
write,write,,,video_small,pg_bytea,2,01-01-02-02-01-02-10_r02.mp4,5457041,0.157265,1,
write,write,,,video_small,polyglot,2,01-01-02-02-01-02-10_r02.mp4,5457041,0.040530,1,
write,write,,,video_small,mongo_gridfs,2,01-01-02-02-01-02-10_r02.mp4,5457041,0.062337,1,
write,write,,,video_small,polyglot,2,01-01-02-02-01-02-13_r02.mp4,5457041,0.063171,1,
write,write,,,video_small,pg_bytea,2,01-01-02-02-01-02-13_r02.mp4,5457041,0.149345,1,
write,write,,,video_small,mongo_gridfs,2,01-01-02-02-01-02-13_r02.mp4,5457041,0.053265,1,
write,write,,,video_small,mongo_gridfs,2,01-01-02-02-01-02-17_r02.mp4,5457041,0.055889,1,
write,write,,,video_small,pg_bytea,2,01-01-02-02-01-02-17_r02.mp4,5457041,0.157817,1,
write,write,,,video_small,polyglot,2,01-01-02-02-01-02-17_r02.mp4,5457041,0.128705,1,
write,write,,,video_small,pg_bytea,2,01-01-02-02-02-02-18_r02.mp4,5457041,0.181698,1,
write,write,,,video_small,mongo_gridfs,2,01-01-02-02-02-02-18_r02.mp4,5457041,0.047239,1,
write,write,,,video_small,polyglot,2,01-01-02-02-02-02-18_r02.mp4,5457041,0.043896,1,
write,write,,,video_small,pg_bytea,2,01-01-02-02-02-02-19_r02.mp4,5457041,0.145403,1,
write,write,,,video_small,mongo_gridfs,2,01-01-02-02-02-02-19_r02.mp4,5457041,0.144783,1,
write,write,,,video_small,polyglot,2,01-01-02-02-02-02-19_r02.mp4,5457041,0.186164,1,
write,write,,,video_small,polyglot,2,01-01-02-02-02-02-21_r02.mp4,5498397,0.057450,1,
write,write,,,video_small,pg_bytea,2,01-01-02-02-02-02-21_r02.mp4,5498397,0.154153,1,
write,write,,,video_small,mongo_gridfs,2,01-01-02-02-02-02-21_r02.mp4,5498397,0.041062,1,
write,write,,,video_small,mongo_gridfs,2,01-01-02-02-02-02-22_r02.mp4,5457041,0.041177,1,
write,write,,,video_small,polyglot,2,01-01-02-02-02-02-22_r02.mp4,5457041,0.044335,1,
write,write,,,video_small,pg_bytea,2,01-01-02-02-02-02-22_r02.mp4,5457041,0.140645,1,
write,write,,,video_small,polyglot,2,01-01-02-02-02-02-23_r02.mp4,5457041,0.044534,1,
write,write,,,video_small,mongo_gridfs,2,01-01-02-02-02-02-23_r02.mp4,5457041,0.045323,1,
write,write,,,video_small,pg_bytea,2,01-01-02-02-02-02-23_r02.mp4,5457041,0.143828,1,
write,write,,,video_small,polyglot,2,01-01-03-01-01-01-12_r02.mp4,5457041,0.043432,1,
write,write,,,video_small,pg_bytea,2,01-01-03-01-01-01-12_r02.mp4,5457041,0.137411,1,
write,write,,,video_small,mongo_gridfs,2,01-01-03-01-01-01-12_r02.mp4,5457041,0.040179,1,
write,write,,,video_small,pg_bytea,2,01-01-03-01-01-01-15_r02.mp4,5457041,0.150551,1,
write,write,,,video_small,mongo_gridfs,2,01-01-03-01-01-01-15_r02.mp4,5457041,0.042107,1,
write,write,,,video_small,polyglot,2,01-01-03-01-01-01-15_r02.mp4,5457041,0.045907,1,
write,write,,,video_small,polyglot,2,01-01-03-01-02-01-08_r02.mp4,5498397,0.043531,1,
write,write,,,video_small,mongo_gridfs,2,01-01-03-01-02-01-08_r02.mp4,5498397,0.040086,1,
write,write,,,video_small,pg_bytea,2,01-01-03-01-02-01-08_r02.mp4,5498397,0.157524,1,
write,write,,,video_small,polyglot,2,01-01-03-01-02-01-21_r02.mp4,5498397,0.045107,1,
write,write,,,video_small,pg_bytea,2,01-01-03-01-02-01-21_r02.mp4,5498397,0.132547,1,
write,write,,,video_small,mongo_gridfs,2,01-01-03-01-02-01-21_r02.mp4,5498397,0.040238,1,
write,write,,,video_small,pg_bytea,2,01-01-03-02-01-01-21_r02.mp4,5457041,0.135014,1,
write,write,,,video_small,mongo_gridfs,2,01-01-03-02-01-01-21_r02.mp4,5457041,0.048009,1,
write,write,,,video_small,polyglot,2,01-01-03-02-01-01-21_r02.mp4,5457041,0.047776,1,
write,write,,,video_small,mongo_gridfs,2,01-01-03-02-01-01-24_r02.mp4,5457041,0.045892,1,
write,write,,,video_small,polyglot,2,01-01-03-02-01-01-24_r02.mp4,5457041,0.044992,1,
write,write,,,video_small,pg_bytea,2,01-01-03-02-01-01-24_r02.mp4,5457041,0.150838,1,
write,write,,,video_small,pg_bytea,2,01-01-03-02-01-02-01_r02.mp4,5457041,0.161488,1,
write,write,,,video_small,mongo_gridfs,2,01-01-03-02-01-02-01_r02.mp4,5457041,0.040016,1,
write,write,,,video_small,polyglot,2,01-01-03-02-01-02-01_r02.mp4,5457041,0.040103,1,
write,write,,,video_small,polyglot,2,01-01-03-02-01-02-15_r02.mp4,5457041,0.046084,1,
write,write,,,video_small,mongo_gridfs,2,01-01-03-02-01-02-15_r02.mp4,5457041,0.039621,1,
write,write,,,video_small,pg_bytea,2,01-01-03-02-01-02-15_r02.mp4,5457041,0.151911,1,
write,write,,,video_small,pg_bytea,2,01-01-03-02-02-01-05_r02.mp4,5457041,0.151819,1,
write,write,,,video_small,mongo_gridfs,2,01-01-03-02-02-01-05_r02.mp4,5457041,0.042759,1,
write,write,,,video_small,polyglot,2,01-01-03-02-02-01-05_r02.mp4,5457041,0.045746,1,
write,write,,,video_small,pg_bytea,2,01-01-03-02-02-01-12_r02.mp4,5457041,0.479693,1,
write,write,,,video_small,mongo_gridfs,2,01-01-03-02-02-01-12_r02.mp4,5457041,0.047554,1,
write,write,,,video_small,polyglot,2,01-01-03-02-02-01-12_r02.mp4,5457041,0.043178,1,
write,write,,,video_small,polyglot,2,01-01-03-02-02-01-15_r02.mp4,5498397,0.041308,1,
write,write,,,video_small,pg_bytea,2,01-01-03-02-02-01-15_r02.mp4,5498397,0.159520,1,
write,write,,,video_small,mongo_gridfs,2,01-01-03-02-02-01-15_r02.mp4,5498397,0.042807,1,
write,write,,,video_small,mongo_gridfs,2,01-01-04-01-01-01-03_r02.mp4,5457041,0.043056,1,
write,write,,,video_small,pg_bytea,2,01-01-04-01-01-01-03_r02.mp4,5457041,0.137313,1,
write,write,,,video_small,polyglot,2,01-01-04-01-01-01-03_r02.mp4,5457041,0.042324,1,
write,write,,,video_small,polyglot,2,01-01-04-01-01-01-05_r02.mp4,5498397,0.044625,1,
write,write,,,video_small,pg_bytea,2,01-01-04-01-01-01-05_r02.mp4,5498397,0.149061,1,
write,write,,,video_small,mongo_gridfs,2,01-01-04-01-01-01-05_r02.mp4,5498397,0.039481,1,
write,write,,,video_small,mongo_gridfs,2,01-01-04-01-01-01-10_r02.mp4,5457041,0.052193,1,
write,write,,,video_small,polyglot,2,01-01-04-01-01-01-10_r02.mp4,5457041,0.054209,1,
write,write,,,video_small,pg_bytea,2,01-01-04-01-01-01-10_r02.mp4,5457041,0.153135,1,
write,write,,,video_small,polyglot,2,01-01-04-01-01-01-16_r02.mp4,5457041,0.042319,1,
write,write,,,video_small,pg_bytea,2,01-01-04-01-01-01-16_r02.mp4,5457041,0.149431,1,
write,write,,,video_small,mongo_gridfs,2,01-01-04-01-01-01-16_r02.mp4,5457041,0.042992,1,
write,write,,,video_small,pg_bytea,2,01-01-04-01-02-01-19_r02.mp4,5498397,0.142856,1,
write,write,,,video_small,mongo_gridfs,2,01-01-04-01-02-01-19_r02.mp4,5498397,0.044422,1,
write,write,,,video_small,polyglot,2,01-01-04-01-02-01-19_r02.mp4,5498397,0.042514,1,
write,write,,,video_small,polyglot,2,01-01-04-01-02-01-21_r02.mp4,5498397,0.041961,1,
write,write,,,video_small,mongo_gridfs,2,01-01-04-01-02-01-21_r02.mp4,5498397,0.042036,1,
write,write,,,video_small,pg_bytea,2,01-01-04-01-02-01-21_r02.mp4,5498397,0.153383,1,
write,write,,,video_small,mongo_gridfs,2,01-01-04-01-02-01-22_r02.mp4,5498397,0.040492,1,
write,write,,,video_small,polyglot,2,01-01-04-01-02-01-22_r02.mp4,5498397,0.043509,1,
write,write,,,video_small,pg_bytea,2,01-01-04-01-02-01-22_r02.mp4,5498397,0.149679,1,
write,write,,,video_small,polyglot,2,01-01-04-02-01-01-18_r02.mp4,5498397,0.046492,1,
write,write,,,video_small,pg_bytea,2,01-01-04-02-01-01-18_r02.mp4,5498397,0.146270,1,
write,write,,,video_small,mongo_gridfs,2,01-01-04-02-01-01-18_r02.mp4,5498397,0.042056,1,
write,write,,,video_small,polyglot,2,01-01-04-02-01-01-19_r02.mp4,5457041,0.051103,1,
write,write,,,video_small,pg_bytea,2,01-01-04-02-01-01-19_r02.mp4,5457041,0.138661,1,
write,write,,,video_small,mongo_gridfs,2,01-01-04-02-01-01-19_r02.mp4,5457041,0.048891,1,
write,write,,,video_small,polyglot,2,01-01-04-02-02-01-02_r02.mp4,5498397,0.043854,1,
write,write,,,video_small,mongo_gridfs,2,01-01-04-02-02-01-02_r02.mp4,5498397,0.043438,1,
write,write,,,video_small,pg_bytea,2,01-01-04-02-02-01-02_r02.mp4,5498397,0.144184,1,
write,write,,,video_small,mongo_gridfs,2,01-01-04-02-02-01-05_r02.mp4,5498397,0.045713,1,
write,write,,,video_small,pg_bytea,2,01-01-04-02-02-01-05_r02.mp4,5498397,0.128401,1,
write,write,,,video_small,polyglot,2,01-01-04-02-02-01-05_r02.mp4,5498397,0.047235,1,
write,write,,,video_small,polyglot,2,01-01-04-02-02-01-06_r02.mp4,5498397,0.045610,1,
write,write,,,video_small,mongo_gridfs,2,01-01-04-02-02-01-06_r02.mp4,5498397,0.039522,1,
write,write,,,video_small,pg_bytea,2,01-01-04-02-02-01-06_r02.mp4,5498397,0.140031,1,
write,write,,,video_small,polyglot,2,01-01-04-02-02-01-13_r02.mp4,5498397,0.047640,1,
write,write,,,video_small,pg_bytea,2,01-01-04-02-02-01-13_r02.mp4,5498397,0.154236,1,
write,write,,,video_small,mongo_gridfs,2,01-01-04-02-02-01-13_r02.mp4,5498397,0.045576,1,
write,write,,,video_small,polyglot,2,01-01-04-02-02-01-17_r02.mp4,5498397,0.044921,1,
write,write,,,video_small,pg_bytea,2,01-01-04-02-02-01-17_r02.mp4,5498397,0.231499,1,
write,write,,,video_small,mongo_gridfs,2,01-01-04-02-02-01-17_r02.mp4,5498397,0.038867,1,
write,write,,,video_small,mongo_gridfs,2,01-01-04-02-02-02-19_r02.mp4,5498397,0.041323,1,
write,write,,,video_small,pg_bytea,2,01-01-04-02-02-02-19_r02.mp4,5498397,0.201935,1,
write,write,,,video_small,polyglot,2,01-01-04-02-02-02-19_r02.mp4,5498397,0.071676,1,
write,write,,,video_small,polyglot,2,01-01-05-01-01-02-09_r02.mp4,5457041,0.064346,1,
write,write,,,video_small,mongo_gridfs,2,01-01-05-01-01-02-09_r02.mp4,5457041,0.043406,1,
write,write,,,video_small,pg_bytea,2,01-01-05-01-01-02-09_r02.mp4,5457041,0.175778,1,
write,write,,,video_small,pg_bytea,2,01-01-05-01-01-02-19_r02.mp4,5498397,0.225940,1,
write,write,,,video_small,polyglot,2,01-01-05-01-01-02-19_r02.mp4,5498397,0.054446,1,
write,write,,,video_small,mongo_gridfs,2,01-01-05-01-01-02-19_r02.mp4,5498397,0.044101,1,
write,write,,,video_small,mongo_gridfs,2,01-01-05-01-01-02-21_r02.mp4,5457041,0.038706,1,
write,write,,,video_small,pg_bytea,2,01-01-05-01-01-02-21_r02.mp4,5457041,0.487389,1,
write,write,,,video_small,polyglot,2,01-01-05-01-01-02-21_r02.mp4,5457041,0.109766,1,
write,write,,,video_small,mongo_gridfs,2,01-01-05-01-02-01-19_r02.mp4,5457041,0.055960,1,
write,write,,,video_small,polyglot,2,01-01-05-01-02-01-19_r02.mp4,5457041,0.088435,1,
write,write,,,video_small,pg_bytea,2,01-01-05-01-02-01-19_r02.mp4,5457041,0.224009,1,
write,write,,,video_small,polyglot,2,01-01-05-01-02-02-04_r02.mp4,5457041,0.055851,1,
write,write,,,video_small,mongo_gridfs,2,01-01-05-01-02-02-04_r02.mp4,5457041,0.045477,1,
write,write,,,video_small,pg_bytea,2,01-01-05-01-02-02-04_r02.mp4,5457041,0.192755,1,
write,write,,,video_small,polyglot,2,01-01-05-01-02-02-05_r02.mp4,5498397,0.050908,1,
write,write,,,video_small,mongo_gridfs,2,01-01-05-01-02-02-05_r02.mp4,5498397,0.051437,1,
write,write,,,video_small,pg_bytea,2,01-01-05-01-02-02-05_r02.mp4,5498397,0.173163,1,
write,write,,,video_small,mongo_gridfs,2,01-01-05-02-01-02-04_r02.mp4,5457041,0.076713,1,
write,write,,,video_small,pg_bytea,2,01-01-05-02-01-02-04_r02.mp4,5457041,0.149629,1,
write,write,,,video_small,polyglot,2,01-01-05-02-01-02-04_r02.mp4,5457041,0.058413,1,
write,write,,,video_small,polyglot,2,01-01-05-02-01-02-12_r02.mp4,5457041,0.042835,1,
write,write,,,video_small,mongo_gridfs,2,01-01-05-02-01-02-12_r02.mp4,5457041,0.047152,1,
write,write,,,video_small,pg_bytea,2,01-01-05-02-01-02-12_r02.mp4,5457041,0.160603,1,
write,write,,,video_small,mongo_gridfs,2,01-01-05-02-01-02-14_r02.mp4,5457041,0.058058,1,
write,write,,,video_small,pg_bytea,2,01-01-05-02-01-02-14_r02.mp4,5457041,0.184480,1,
write,write,,,video_small,polyglot,2,01-01-05-02-01-02-14_r02.mp4,5457041,0.041304,1,
write,write,,,video_small,pg_bytea,2,01-01-05-02-02-02-19_r02.mp4,5498397,0.156416,1,
write,write,,,video_small,mongo_gridfs,2,01-01-05-02-02-02-19_r02.mp4,5498397,0.048163,1,
write,write,,,video_small,polyglot,2,01-01-05-02-02-02-19_r02.mp4,5498397,0.041742,1,
write,write,,,video_small,mongo_gridfs,2,01-01-05-02-02-02-20_r02.mp4,5498397,0.105383,1,
write,write,,,video_small,polyglot,2,01-01-05-02-02-02-20_r02.mp4,5498397,0.057607,1,
write,write,,,video_small,pg_bytea,2,01-01-05-02-02-02-20_r02.mp4,5498397,0.308992,1,
write,write,,,video_small,pg_bytea,2,01-01-05-02-02-02-23_r02.mp4,5457041,0.173623,1,
write,write,,,video_small,mongo_gridfs,2,01-01-05-02-02-02-23_r02.mp4,5457041,0.047574,1,
write,write,,,video_small,polyglot,2,01-01-05-02-02-02-23_r02.mp4,5457041,0.079766,1,
write,write,,,video_small,polyglot,2,01-01-06-01-01-01-08_r02.mp4,5457041,0.675109,1,
write,write,,,video_small,pg_bytea,2,01-01-06-01-01-01-08_r02.mp4,5457041,0.249003,1,
write,write,,,video_small,mongo_gridfs,2,01-01-06-01-01-01-08_r02.mp4,5457041,0.049234,1,
write,write,,,video_small,pg_bytea,2,01-01-06-01-01-01-19_r02.mp4,5457041,0.161342,1,
write,write,,,video_small,mongo_gridfs,2,01-01-06-01-01-01-19_r02.mp4,5457041,0.042238,1,
write,write,,,video_small,polyglot,2,01-01-06-01-01-01-19_r02.mp4,5457041,0.048656,1,
write,write,,,video_small,mongo_gridfs,2,01-01-06-01-01-01-24_r02.mp4,5498397,0.045956,1,
write,write,,,video_small,polyglot,2,01-01-06-01-01-01-24_r02.mp4,5498397,0.043685,1,
write,write,,,video_small,pg_bytea,2,01-01-06-01-01-01-24_r02.mp4,5498397,0.167827,1,
write,write,,,video_medium,polyglot,2,tsinghua_v_0024_r02.mp4,13091522,0.104486,1,
write,write,,,video_medium,pg_bytea,2,tsinghua_v_0024_r02.mp4,13091522,0.403880,1,
write,write,,,video_medium,mongo_gridfs,2,tsinghua_v_0024_r02.mp4,13091522,0.096118,1,
write,write,,,video_medium,pg_bytea,2,tsinghua_v_0046_r02.mp4,13091522,0.373863,1,
write,write,,,video_medium,polyglot,2,tsinghua_v_0046_r02.mp4,13091522,0.099013,1,
write,write,,,video_medium,mongo_gridfs,2,tsinghua_v_0046_r02.mp4,13091522,0.098549,1,
write,write,,,video_medium,mongo_gridfs,2,tsinghua_v_0076_r02.mp4,13091522,0.096327,1,
write,write,,,video_medium,polyglot,2,tsinghua_v_0076_r02.mp4,13091522,0.092045,1,
write,write,,,video_medium,pg_bytea,2,tsinghua_v_0076_r02.mp4,13091522,0.378369,1,
write,write,,,video_medium,pg_bytea,2,tsinghua_v_0080_r02.mp4,13091522,0.378280,1,
write,write,,,video_medium,polyglot,2,tsinghua_v_0080_r02.mp4,13091522,0.128764,1,
write,write,,,video_medium,mongo_gridfs,2,tsinghua_v_0080_r02.mp4,13091522,0.099813,1,
write,write,,,video_medium,pg_bytea,2,tsinghua_v_0109_r02.mp4,13091522,0.349623,1,
write,write,,,video_medium,polyglot,2,tsinghua_v_0109_r02.mp4,13091522,0.118575,1,
write,write,,,video_medium,mongo_gridfs,2,tsinghua_v_0109_r02.mp4,13091522,0.148088,1,
write,write,,,video_medium,mongo_gridfs,2,tsinghua_v_0123_r02.mp4,13091522,0.091121,1,
write,write,,,video_medium,polyglot,2,tsinghua_v_0123_r02.mp4,13091522,0.095308,1,
write,write,,,video_medium,pg_bytea,2,tsinghua_v_0123_r02.mp4,13091522,0.397553,1,
write,write,,,video_medium,mongo_gridfs,2,tsinghua_v_0130_r02.mp4,13091522,0.094129,1,
write,write,,,video_medium,polyglot,2,tsinghua_v_0130_r02.mp4,13091522,0.094460,1,
write,write,,,video_medium,pg_bytea,2,tsinghua_v_0130_r02.mp4,13091522,0.384780,1,
write,write,,,video_medium,pg_bytea,2,tsinghua_v_0135_r02.mp4,13091522,0.759187,1,
write,write,,,video_medium,polyglot,2,tsinghua_v_0135_r02.mp4,13091522,0.102790,1,
write,write,,,video_medium,mongo_gridfs,2,tsinghua_v_0135_r02.mp4,13091522,0.096244,1,
write,write,,,video_medium,pg_bytea,2,tsinghua_v_0137_r02.mp4,13091522,0.356623,1,
write,write,,,video_medium,mongo_gridfs,2,tsinghua_v_0137_r02.mp4,13091522,0.109766,1,
write,write,,,video_medium,polyglot,2,tsinghua_v_0137_r02.mp4,13091522,0.128396,1,
write,write,,,video_medium,pg_bytea,2,tsinghua_v_0140_r02.mp4,13091522,0.329768,1,
write,write,,,video_medium,mongo_gridfs,2,tsinghua_v_0140_r02.mp4,13091522,0.136095,1,
write,write,,,video_medium,polyglot,2,tsinghua_v_0140_r02.mp4,13091522,0.122163,1,
write,write,,,video_medium,mongo_gridfs,2,tsinghua_v_0151_r02.mp4,13091522,0.134963,1,
write,write,,,video_medium,pg_bytea,2,tsinghua_v_0151_r02.mp4,13091522,0.395966,1,
write,write,,,video_medium,polyglot,2,tsinghua_v_0151_r02.mp4,13091522,0.101440,1,
write,write,,,video_medium,polyglot,2,tsinghua_v_0157_r02.mp4,13091522,0.092810,1,
write,write,,,video_medium,pg_bytea,2,tsinghua_v_0157_r02.mp4,13091522,0.366401,1,
write,write,,,video_medium,mongo_gridfs,2,tsinghua_v_0157_r02.mp4,13091522,0.102353,1,
write,write,,,video_medium,polyglot,2,tsinghua_v_0209_r02.mp4,13091522,0.162552,1,
write,write,,,video_medium,mongo_gridfs,2,tsinghua_v_0209_r02.mp4,13091522,0.147532,1,
write,write,,,video_medium,pg_bytea,2,tsinghua_v_0209_r02.mp4,13091522,0.367286,1,
write,write,,,video_medium,polyglot,2,tsinghua_v_0226_r02.mp4,13091522,0.115083,1,
write,write,,,video_medium,mongo_gridfs,2,tsinghua_v_0226_r02.mp4,13091522,0.125878,1,
write,write,,,video_medium,pg_bytea,2,tsinghua_v_0226_r02.mp4,13091522,0.411257,1,
write,write,,,video_medium,polyglot,2,tsinghua_v_0236_r02.mp4,13091522,0.099208,1,
write,write,,,video_medium,mongo_gridfs,2,tsinghua_v_0236_r02.mp4,13091522,0.108943,1,
write,write,,,video_medium,pg_bytea,2,tsinghua_v_0236_r02.mp4,13091522,0.396463,1,
write,write,,,video_medium,polyglot,2,tsinghua_v_0274_r02.mp4,13091522,0.117822,1,
write,write,,,video_medium,pg_bytea,2,tsinghua_v_0274_r02.mp4,13091522,0.372270,1,
write,write,,,video_medium,mongo_gridfs,2,tsinghua_v_0274_r02.mp4,13091522,0.100807,1,
write,write,,,video_medium,polyglot,2,tsinghua_v_0280_r02.mp4,13091522,0.096642,1,
write,write,,,video_medium,mongo_gridfs,2,tsinghua_v_0280_r02.mp4,13091522,0.088674,1,
write,write,,,video_medium,pg_bytea,2,tsinghua_v_0280_r02.mp4,13091522,0.356998,1,
write,write,,,video_medium,pg_bytea,2,tsinghua_v_0302_r02.mp4,13091522,0.349865,1,
write,write,,,video_medium,polyglot,2,tsinghua_v_0302_r02.mp4,13091522,0.094747,1,
write,write,,,video_medium,mongo_gridfs,2,tsinghua_v_0302_r02.mp4,13091522,0.097134,1,
write,write,,,video_medium,mongo_gridfs,2,tsinghua_v_0311_r02.mp4,13091522,0.096741,1,
write,write,,,video_medium,pg_bytea,2,tsinghua_v_0311_r02.mp4,13091522,0.377116,1,
write,write,,,video_medium,polyglot,2,tsinghua_v_0311_r02.mp4,13091522,0.118271,1,
write,write,,,video_medium,pg_bytea,2,tsinghua_v_0316_r02.mp4,13091522,0.367590,1,
write,write,,,video_medium,polyglot,2,tsinghua_v_0316_r02.mp4,13091522,0.089824,1,
write,write,,,video_medium,mongo_gridfs,2,tsinghua_v_0316_r02.mp4,13091522,0.096935,1,
write,write,,,video_medium,pg_bytea,2,tsinghua_v_0319_r02.mp4,13091522,0.322522,1,
write,write,,,video_medium,mongo_gridfs,2,tsinghua_v_0319_r02.mp4,13091522,0.143440,1,
write,write,,,video_medium,polyglot,2,tsinghua_v_0319_r02.mp4,13091522,0.092531,1,
write,write,,,video_medium,pg_bytea,2,tsinghua_v_0321_r02.mp4,13091522,0.319922,1,
write,write,,,video_medium,mongo_gridfs,2,tsinghua_v_0321_r02.mp4,13091522,0.098515,1,
write,write,,,video_medium,polyglot,2,tsinghua_v_0321_r02.mp4,13091522,0.120926,1,
write,write,,,video_medium,pg_bytea,2,tsinghua_v_0331_r02.mp4,13091522,0.352109,1,
write,write,,,video_medium,mongo_gridfs,2,tsinghua_v_0331_r02.mp4,13091522,0.103591,1,
write,write,,,video_medium,polyglot,2,tsinghua_v_0331_r02.mp4,13091522,0.101623,1,
write,write,,,video_medium,mongo_gridfs,2,tsinghua_v_0345_r02.mp4,13091522,0.096456,1,
write,write,,,video_medium,pg_bytea,2,tsinghua_v_0345_r02.mp4,13091522,0.419121,1,
write,write,,,video_medium,polyglot,2,tsinghua_v_0345_r02.mp4,13091522,0.140890,1,
write,write,,,video_medium,polyglot,2,tsinghua_v_0356_r02.mp4,13091522,0.387629,1,
write,write,,,video_medium,pg_bytea,2,tsinghua_v_0356_r02.mp4,13091522,0.346232,1,
write,write,,,video_medium,mongo_gridfs,2,tsinghua_v_0356_r02.mp4,13091522,0.096741,1,
write,write,,,video_medium,pg_bytea,2,tsinghua_v_0357_r02.mp4,13091522,0.611001,1,
write,write,,,video_medium,mongo_gridfs,2,tsinghua_v_0357_r02.mp4,13091522,0.106584,1,
write,write,,,video_medium,polyglot,2,tsinghua_v_0357_r02.mp4,13091522,0.114466,1,
write,write,,,video_medium,pg_bytea,2,tsinghua_v_0379_r02.mp4,13091522,0.375629,1,
write,write,,,video_medium,mongo_gridfs,2,tsinghua_v_0379_r02.mp4,13091522,0.104151,1,
write,write,,,video_medium,polyglot,2,tsinghua_v_0379_r02.mp4,13091522,0.090679,1,
write,write,,,video_medium,pg_bytea,2,tsinghua_v_0393_r02.mp4,13091522,0.359523,1,
write,write,,,video_medium,polyglot,2,tsinghua_v_0393_r02.mp4,13091522,0.099854,1,
write,write,,,video_medium,mongo_gridfs,2,tsinghua_v_0393_r02.mp4,13091522,0.100730,1,
write,write,,,video_medium,pg_bytea,2,tsinghua_v_0421_r02.mp4,13091522,0.348304,1,
write,write,,,video_medium,polyglot,2,tsinghua_v_0421_r02.mp4,13091522,0.101726,1,
write,write,,,video_medium,mongo_gridfs,2,tsinghua_v_0421_r02.mp4,13091522,0.094323,1,
write,write,,,video_medium,polyglot,2,tsinghua_v_0424_r02.mp4,13091522,0.103805,1,
write,write,,,video_medium,mongo_gridfs,2,tsinghua_v_0424_r02.mp4,13091522,0.167246,1,
write,write,,,video_medium,pg_bytea,2,tsinghua_v_0424_r02.mp4,13091522,0.385149,1,
write,write,,,video_medium,polyglot,2,tsinghua_v_0427_r02.mp4,13091522,0.111392,1,
write,write,,,video_medium,pg_bytea,2,tsinghua_v_0427_r02.mp4,13091522,0.399159,1,
write,write,,,video_medium,mongo_gridfs,2,tsinghua_v_0427_r02.mp4,13091522,0.125925,1,
write,write,,,video_medium,pg_bytea,2,tsinghua_v_0431_r02.mp4,13091522,0.354299,1,
write,write,,,video_medium,polyglot,2,tsinghua_v_0431_r02.mp4,13091522,0.097947,1,
write,write,,,video_medium,mongo_gridfs,2,tsinghua_v_0431_r02.mp4,13091522,0.115477,1,
write,write,,,video_medium,polyglot,2,tsinghua_v_0452_r02.mp4,13091522,0.100876,1,
write,write,,,video_medium,pg_bytea,2,tsinghua_v_0452_r02.mp4,13091522,0.425080,1,
write,write,,,video_medium,mongo_gridfs,2,tsinghua_v_0452_r02.mp4,13091522,0.089115,1,
write,write,,,video_medium,mongo_gridfs,2,tsinghua_v_0454_r02.mp4,13091522,0.085282,1,
write,write,,,video_medium,pg_bytea,2,tsinghua_v_0454_r02.mp4,13091522,0.384656,1,
write,write,,,video_medium,polyglot,2,tsinghua_v_0454_r02.mp4,13091522,0.107236,1,
write,write,,,video_medium,pg_bytea,2,tsinghua_v_0457_r02.mp4,13091522,0.401420,1,
write,write,,,video_medium,polyglot,2,tsinghua_v_0457_r02.mp4,13091522,0.107641,1,
write,write,,,video_medium,mongo_gridfs,2,tsinghua_v_0457_r02.mp4,13091522,0.093904,1,
write,write,,,video_medium,polyglot,2,tsinghua_v_0466_r02.mp4,13091522,0.100479,1,
write,write,,,video_medium,mongo_gridfs,2,tsinghua_v_0466_r02.mp4,13091522,0.139557,1,
write,write,,,video_medium,pg_bytea,2,tsinghua_v_0466_r02.mp4,13091522,0.343212,1,
write,write,,,video_medium,pg_bytea,2,tsinghua_v_0471_r02.mp4,13091522,0.323336,1,
write,write,,,video_medium,mongo_gridfs,2,tsinghua_v_0471_r02.mp4,13091522,0.101273,1,
write,write,,,video_medium,polyglot,2,tsinghua_v_0471_r02.mp4,13091522,0.114153,1,
write,write,,,video_medium,pg_bytea,2,tsinghua_v_0472_r02.mp4,13091522,0.334559,1,
write,write,,,video_medium,polyglot,2,tsinghua_v_0472_r02.mp4,13091522,0.095411,1,
write,write,,,video_medium,mongo_gridfs,2,tsinghua_v_0472_r02.mp4,13091522,0.110014,1,
write,write,,,video_medium,polyglot,2,tsinghua_v_0494_r02.mp4,13091522,0.094408,1,
write,write,,,video_medium,pg_bytea,2,tsinghua_v_0494_r02.mp4,13091522,0.325659,1,
write,write,,,video_medium,mongo_gridfs,2,tsinghua_v_0494_r02.mp4,13091522,0.122910,1,
write,write,,,video_medium,mongo_gridfs,2,tsinghua_v_0503_r02.mp4,13091522,0.098220,1,
write,write,,,video_medium,polyglot,2,tsinghua_v_0503_r02.mp4,13091522,0.099084,1,
write,write,,,video_medium,pg_bytea,2,tsinghua_v_0503_r02.mp4,13091522,0.379340,1,
write,write,,,video_medium,polyglot,2,tsinghua_v_0509_r02.mp4,13091522,0.099887,1,
write,write,,,video_medium,pg_bytea,2,tsinghua_v_0509_r02.mp4,13091522,0.342588,1,
write,write,,,video_medium,mongo_gridfs,2,tsinghua_v_0509_r02.mp4,13091522,0.100059,1,
write,write,,,video_medium,mongo_gridfs,2,tsinghua_v_0523_r02.mp4,13091522,0.109229,1,
write,write,,,video_medium,polyglot,2,tsinghua_v_0523_r02.mp4,13091522,0.114161,1,
write,write,,,video_medium,pg_bytea,2,tsinghua_v_0523_r02.mp4,13091522,0.335849,1,
write,write,,,video_medium,mongo_gridfs,2,tsinghua_v_0546_r02.mp4,13091522,0.103648,1,
write,write,,,video_medium,pg_bytea,2,tsinghua_v_0546_r02.mp4,13091522,0.317240,1,
write,write,,,video_medium,polyglot,2,tsinghua_v_0546_r02.mp4,13091522,0.099968,1,
write,write,,,video_medium,mongo_gridfs,2,tsinghua_v_0568_r02.mp4,13091522,0.106033,1,
write,write,,,video_medium,polyglot,2,tsinghua_v_0568_r02.mp4,13091522,0.097309,1,
write,write,,,video_medium,pg_bytea,2,tsinghua_v_0568_r02.mp4,13091522,0.492693,1,
write,write,,,video_medium,mongo_gridfs,2,tsinghua_v_0594_r02.mp4,13091522,0.096142,1,
write,write,,,video_medium,pg_bytea,2,tsinghua_v_0594_r02.mp4,13091522,0.633787,1,
write,write,,,video_medium,polyglot,2,tsinghua_v_0594_r02.mp4,13091522,0.099841,1,
write,write,,,video_medium,mongo_gridfs,2,tsinghua_v_0596_r02.mp4,13091522,0.122486,1,
write,write,,,video_medium,polyglot,2,tsinghua_v_0596_r02.mp4,13091522,0.101393,1,
write,write,,,video_medium,pg_bytea,2,tsinghua_v_0596_r02.mp4,13091522,0.401469,1,
write,write,,,video_medium,mongo_gridfs,2,tsinghua_v_0635_r02.mp4,13091522,0.111098,1,
write,write,,,video_medium,polyglot,2,tsinghua_v_0635_r02.mp4,13091522,0.135272,1,
write,write,,,video_medium,pg_bytea,2,tsinghua_v_0635_r02.mp4,13091522,0.370938,1,
write,write,,,video_medium,polyglot,2,tsinghua_v_0653_r02.mp4,13091522,0.104470,1,
write,write,,,video_medium,mongo_gridfs,2,tsinghua_v_0653_r02.mp4,13091522,0.106515,1,
write,write,,,video_medium,pg_bytea,2,tsinghua_v_0653_r02.mp4,13091522,0.409122,1,
write,write,,,video_medium,pg_bytea,2,tsinghua_v_0667_r02.mp4,13091522,0.360420,1,
write,write,,,video_medium,mongo_gridfs,2,tsinghua_v_0667_r02.mp4,13091522,0.108982,1,
write,write,,,video_medium,polyglot,2,tsinghua_v_0667_r02.mp4,13091522,0.092415,1,
write,write,,,video_medium,mongo_gridfs,2,tsinghua_v_0673_r02.mp4,13091522,0.137232,1,
write,write,,,video_medium,polyglot,2,tsinghua_v_0673_r02.mp4,13091522,0.132872,1,
write,write,,,video_medium,pg_bytea,2,tsinghua_v_0673_r02.mp4,13091522,0.496189,1,
write,write,,,video_medium,pg_bytea,2,tsinghua_v_0681_r02.mp4,13091522,0.341102,1,
write,write,,,video_medium,polyglot,2,tsinghua_v_0681_r02.mp4,13091522,0.111140,1,
write,write,,,video_medium,mongo_gridfs,2,tsinghua_v_0681_r02.mp4,13091522,0.094073,1,
write,write,,,video_medium,polyglot,2,tsinghua_v_0690_r02.mp4,13091522,0.104279,1,
write,write,,,video_medium,pg_bytea,2,tsinghua_v_0690_r02.mp4,13091522,0.390912,1,
write,write,,,video_medium,mongo_gridfs,2,tsinghua_v_0690_r02.mp4,13091522,0.121624,1,
write,write,,,video_medium,polyglot,2,tsinghua_v_0692_r02.mp4,13091522,0.091036,1,
write,write,,,video_medium,pg_bytea,2,tsinghua_v_0692_r02.mp4,13091522,0.392371,1,
write,write,,,video_medium,mongo_gridfs,2,tsinghua_v_0692_r02.mp4,13091522,0.327083,1,
write,write,,,video_medium,pg_bytea,2,tsinghua_v_0696_r02.mp4,13091522,0.421385,1,
write,write,,,video_medium,mongo_gridfs,2,tsinghua_v_0696_r02.mp4,13091522,0.101429,1,
write,write,,,video_medium,polyglot,2,tsinghua_v_0696_r02.mp4,13091522,0.120167,1,
write,write,,,video_medium,polyglot,2,tsinghua_v_0734_r02.mp4,13091522,0.125100,1,
write,write,,,video_medium,mongo_gridfs,2,tsinghua_v_0734_r02.mp4,13091522,0.093333,1,
write,write,,,video_medium,pg_bytea,2,tsinghua_v_0734_r02.mp4,13091522,0.386450,1,
write,write,,,video_medium,mongo_gridfs,2,tsinghua_v_0737_r02.mp4,13091522,0.107423,1,
write,write,,,video_medium,polyglot,2,tsinghua_v_0737_r02.mp4,13091522,0.111514,1,
write,write,,,video_medium,pg_bytea,2,tsinghua_v_0737_r02.mp4,13091522,0.387712,1,
write,write,,,video_medium,polyglot,2,tsinghua_v_0744_r02.mp4,13091522,0.108595,1,
write,write,,,video_medium,pg_bytea,2,tsinghua_v_0744_r02.mp4,13091522,0.326195,1,
write,write,,,video_medium,mongo_gridfs,2,tsinghua_v_0744_r02.mp4,13091522,0.111060,1,
write,write,,,video_medium,pg_bytea,2,tsinghua_v_0745_r02.mp4,13091522,0.478803,1,
write,write,,,video_medium,polyglot,2,tsinghua_v_0745_r02.mp4,13091522,0.110335,1,
write,write,,,video_medium,mongo_gridfs,2,tsinghua_v_0745_r02.mp4,13091522,0.107909,1,
write,write,,,video_medium,pg_bytea,2,tsinghua_v_0769_r02.mp4,13091522,0.419226,1,
write,write,,,video_medium,polyglot,2,tsinghua_v_0769_r02.mp4,13091522,0.123129,1,
write,write,,,video_medium,mongo_gridfs,2,tsinghua_v_0769_r02.mp4,13091522,0.113350,1,
write,write,,,video_medium,mongo_gridfs,2,tsinghua_v_0791_r02.mp4,13091522,0.131593,1,
write,write,,,video_medium,pg_bytea,2,tsinghua_v_0791_r02.mp4,13091522,0.579639,1,
write,write,,,video_medium,polyglot,2,tsinghua_v_0791_r02.mp4,13091522,0.106447,1,
write,write,,,video_medium,mongo_gridfs,2,tsinghua_v_0792_r02.mp4,13091522,0.101396,1,
write,write,,,video_medium,polyglot,2,tsinghua_v_0792_r02.mp4,13091522,0.103532,1,
write,write,,,video_medium,pg_bytea,2,tsinghua_v_0792_r02.mp4,13091522,0.397489,1,
write,write,,,video_medium,pg_bytea,2,tsinghua_v_0857_r02.mp4,13091522,0.367541,1,
write,write,,,video_medium,polyglot,2,tsinghua_v_0857_r02.mp4,13091522,0.134692,1,
write,write,,,video_medium,mongo_gridfs,2,tsinghua_v_0857_r02.mp4,13091522,0.102846,1,
write,write,,,video_medium,mongo_gridfs,2,tsinghua_v_0866_r02.mp4,13091522,0.093194,1,
write,write,,,video_medium,polyglot,2,tsinghua_v_0866_r02.mp4,13091522,0.100025,1,
write,write,,,video_medium,pg_bytea,2,tsinghua_v_0866_r02.mp4,13091522,0.386069,1,
write,write,,,video_medium,polyglot,2,tsinghua_v_0880_r02.mp4,13091522,0.150625,1,
write,write,,,video_medium,pg_bytea,2,tsinghua_v_0880_r02.mp4,13091522,0.401456,1,
write,write,,,video_medium,mongo_gridfs,2,tsinghua_v_0880_r02.mp4,13091522,0.101878,1,
write,write,,,video_medium,polyglot,2,tsinghua_v_0888_r02.mp4,13091522,0.114206,1,
write,write,,,video_medium,mongo_gridfs,2,tsinghua_v_0888_r02.mp4,13091522,0.099287,1,
write,write,,,video_medium,pg_bytea,2,tsinghua_v_0888_r02.mp4,13091522,0.626843,1,
write,write,,,video_medium,polyglot,2,tsinghua_v_0901_r02.mp4,13091522,0.099156,1,
write,write,,,video_medium,pg_bytea,2,tsinghua_v_0901_r02.mp4,13091522,0.702945,1,
write,write,,,video_medium,mongo_gridfs,2,tsinghua_v_0901_r02.mp4,13091522,0.103405,1,
write,write,,,video_medium,polyglot,2,tsinghua_v_0937_r02.mp4,13091522,0.184656,1,
write,write,,,video_medium,mongo_gridfs,2,tsinghua_v_0937_r02.mp4,13091522,0.095232,1,
write,write,,,video_medium,pg_bytea,2,tsinghua_v_0937_r02.mp4,13091522,0.524995,1,
write,write,,,video_medium,mongo_gridfs,2,tsinghua_v_0939_r02.mp4,13091522,0.093228,1,
write,write,,,video_medium,pg_bytea,2,tsinghua_v_0939_r02.mp4,13091522,0.361627,1,
write,write,,,video_medium,polyglot,2,tsinghua_v_0939_r02.mp4,13091522,0.097703,1,
write,write,,,video_medium,mongo_gridfs,2,tsinghua_v_0961_r02.mp4,13091522,0.102712,1,
write,write,,,video_medium,polyglot,2,tsinghua_v_0961_r02.mp4,13091522,0.105439,1,
write,write,,,video_medium,pg_bytea,2,tsinghua_v_0961_r02.mp4,13091522,0.368926,1,
write,write,,,video_medium,pg_bytea,2,tsinghua_v_0977_r02.mp4,13091522,0.321879,1,
write,write,,,video_medium,polyglot,2,tsinghua_v_0977_r02.mp4,13091522,0.094480,1,
write,write,,,video_medium,mongo_gridfs,2,tsinghua_v_0977_r02.mp4,13091522,0.121713,1,
write,write,,,audio_small,pg_bytea,3,03-01-01-01-01-02-19_r03.wav,375720,0.010912,1,
write,write,,,audio_small,polyglot,3,03-01-01-01-01-02-19_r03.wav,375720,0.011073,1,
write,write,,,audio_small,mongo_gridfs,3,03-01-01-01-01-02-19_r03.wav,375720,0.006370,1,
write,write,,,audio_small,mongo_gridfs,3,03-01-01-01-02-02-05_r03.wav,396294,0.005188,1,
write,write,,,audio_small,pg_bytea,3,03-01-01-01-02-02-05_r03.wav,396294,0.053070,1,
write,write,,,audio_small,polyglot,3,03-01-01-01-02-02-05_r03.wav,396294,0.005472,1,
write,write,,,audio_small,pg_bytea,3,03-01-01-01-02-02-06_r03.wav,363108,0.011840,1,
write,write,,,audio_small,polyglot,3,03-01-01-01-02-02-06_r03.wav,363108,0.004806,1,
write,write,,,audio_small,mongo_gridfs,3,03-01-01-01-02-02-06_r03.wav,363108,0.004142,1,
write,write,,,audio_small,mongo_gridfs,3,03-01-01-01-02-02-07_r03.wav,363108,0.006710,1,
write,write,,,audio_small,polyglot,3,03-01-01-01-02-02-07_r03.wav,363108,0.004076,1,
write,write,,,audio_small,pg_bytea,3,03-01-01-01-02-02-07_r03.wav,363108,0.008089,1,
write,write,,,audio_small,mongo_gridfs,3,03-01-01-01-02-02-11_r03.wav,375720,0.003665,1,
write,write,,,audio_small,pg_bytea,3,03-01-01-01-02-02-11_r03.wav,375720,0.009758,1,
write,write,,,audio_small,polyglot,3,03-01-01-01-02-02-11_r03.wav,375720,0.004196,1,
write,write,,,audio_small,polyglot,3,03-01-01-01-02-02-12_r03.wav,372698,0.004227,1,
write,write,,,audio_small,pg_bytea,3,03-01-01-01-02-02-12_r03.wav,372698,0.012218,1,
write,write,,,audio_small,mongo_gridfs,3,03-01-01-01-02-02-12_r03.wav,372698,0.005694,1,
write,write,,,audio_small,pg_bytea,3,03-01-01-01-02-02-13_r03.wav,363108,0.009214,1,
write,write,,,audio_small,mongo_gridfs,3,03-01-01-01-02-02-13_r03.wav,363108,0.005248,1,
write,write,,,audio_small,polyglot,3,03-01-01-01-02-02-13_r03.wav,363108,0.004906,1,
write,write,,,audio_small,mongo_gridfs,3,03-01-01-02-01-02-05_r03.wav,393086,0.004133,1,
write,write,,,audio_small,polyglot,3,03-01-01-02-01-02-05_r03.wav,393086,0.005740,1,
write,write,,,audio_small,pg_bytea,3,03-01-01-02-01-02-05_r03.wav,393086,0.012360,1,
write,write,,,audio_small,mongo_gridfs,3,03-01-01-02-01-02-06_r03.wav,363108,0.004897,1,
write,write,,,audio_small,polyglot,3,03-01-01-02-01-02-06_r03.wav,363108,0.006368,1,
write,write,,,audio_small,pg_bytea,3,03-01-01-02-01-02-06_r03.wav,363108,0.012716,1,
write,write,,,audio_small,mongo_gridfs,3,03-01-01-02-01-02-07_r03.wav,372698,0.005347,1,
write,write,,,audio_small,pg_bytea,3,03-01-01-02-01-02-07_r03.wav,372698,0.009418,1,
write,write,,,audio_small,polyglot,3,03-01-01-02-01-02-07_r03.wav,372698,0.005820,1,
write,write,,,audio_small,polyglot,3,03-01-01-02-01-02-13_r03.wav,399494,0.005075,1,
write,write,,,audio_small,mongo_gridfs,3,03-01-01-02-01-02-13_r03.wav,399494,0.006299,1,
write,write,,,audio_small,pg_bytea,3,03-01-01-02-01-02-13_r03.wav,399494,0.010233,1,
write,write,,,audio_small,pg_bytea,3,03-01-01-02-02-02-19_r03.wav,372698,0.008944,1,
write,write,,,audio_small,mongo_gridfs,3,03-01-01-02-02-02-19_r03.wav,372698,0.005099,1,
write,write,,,audio_small,polyglot,3,03-01-01-02-02-02-19_r03.wav,372698,0.010311,1,
write,write,,,audio_small,mongo_gridfs,3,03-01-02-01-01-01-19_r03.wav,372698,0.004968,1,
write,write,,,audio_small,polyglot,3,03-01-02-01-01-01-19_r03.wav,372698,0.005676,1,
write,write,,,audio_small,pg_bytea,3,03-01-02-01-01-01-19_r03.wav,372698,0.009228,1,
write,write,,,audio_small,pg_bytea,3,03-01-02-01-02-01-06_r03.wav,363108,0.009639,1,
write,write,,,audio_small,polyglot,3,03-01-02-01-02-01-06_r03.wav,363108,0.005230,1,
write,write,,,audio_small,mongo_gridfs,3,03-01-02-01-02-01-06_r03.wav,363108,0.003473,1,
write,write,,,audio_small,mongo_gridfs,3,03-01-02-01-02-01-07_r03.wav,399494,0.004194,1,
write,write,,,audio_small,polyglot,3,03-01-02-01-02-01-07_r03.wav,399494,0.008619,1,
write,write,,,audio_small,pg_bytea,3,03-01-02-01-02-01-07_r03.wav,399494,0.014164,1,
write,write,,,audio_small,pg_bytea,3,03-01-02-01-02-01-11_r03.wav,375720,0.009429,1,
write,write,,,audio_small,polyglot,3,03-01-02-01-02-01-11_r03.wav,375720,0.005212,1,
write,write,,,audio_small,mongo_gridfs,3,03-01-02-01-02-01-11_r03.wav,375720,0.004347,1,
write,write,,,audio_small,mongo_gridfs,3,03-01-02-01-02-01-12_r03.wav,372698,0.003430,1,
write,write,,,audio_small,polyglot,3,03-01-02-01-02-01-12_r03.wav,372698,0.003590,1,
write,write,,,audio_small,pg_bytea,3,03-01-02-01-02-01-12_r03.wav,372698,0.009265,1,
write,write,,,audio_small,polyglot,3,03-01-02-01-02-01-13_r03.wav,379106,0.004836,1,
write,write,,,audio_small,mongo_gridfs,3,03-01-02-01-02-01-13_r03.wav,379106,0.004060,1,
write,write,,,audio_small,pg_bytea,3,03-01-02-01-02-01-13_r03.wav,379106,0.009690,1,
write,write,,,audio_small,polyglot,3,03-01-02-02-01-01-05_r03.wav,363108,0.007030,1,
write,write,,,audio_small,pg_bytea,3,03-01-02-02-01-01-05_r03.wav,363108,0.236927,1,
write,write,,,audio_small,mongo_gridfs,3,03-01-02-02-01-01-05_r03.wav,363108,0.008685,1,
write,write,,,audio_small,polyglot,3,03-01-02-02-01-01-11_r03.wav,363108,0.099534,1,
write,write,,,audio_small,pg_bytea,3,03-01-02-02-01-01-11_r03.wav,363108,0.013212,1,
write,write,,,audio_small,mongo_gridfs,3,03-01-02-02-01-01-11_r03.wav,363108,0.006665,1,
write,write,,,audio_small,polyglot,3,03-01-02-02-01-01-12_r03.wav,399494,0.005240,1,
write,write,,,audio_small,mongo_gridfs,3,03-01-02-02-01-01-12_r03.wav,399494,0.004656,1,
write,write,,,audio_small,pg_bytea,3,03-01-02-02-01-01-12_r03.wav,399494,0.014198,1,
write,write,,,audio_small,mongo_gridfs,3,03-01-02-02-01-01-13_r03.wav,399494,0.006135,1,
write,write,,,audio_small,polyglot,3,03-01-02-02-01-01-13_r03.wav,399494,0.005740,1,
write,write,,,audio_small,pg_bytea,3,03-01-02-02-01-01-13_r03.wav,399494,0.011293,1,
write,write,,,audio_small,polyglot,3,03-01-02-02-02-01-19_r03.wav,379106,0.005508,1,
write,write,,,audio_small,mongo_gridfs,3,03-01-02-02-02-01-19_r03.wav,379106,0.005233,1,
write,write,,,audio_small,pg_bytea,3,03-01-02-02-02-01-19_r03.wav,379106,0.019197,1,
write,write,,,audio_small,polyglot,3,03-01-03-01-01-02-05_r03.wav,396294,0.005849,1,
write,write,,,audio_small,mongo_gridfs,3,03-01-03-01-01-02-05_r03.wav,396294,0.004535,1,
write,write,,,audio_small,pg_bytea,3,03-01-03-01-01-02-05_r03.wav,396294,0.010759,1,
write,write,,,audio_small,polyglot,3,03-01-03-01-01-02-07_r03.wav,393086,0.006138,1,
write,write,,,audio_small,pg_bytea,3,03-01-03-01-01-02-07_r03.wav,393086,0.009912,1,
write,write,,,audio_small,mongo_gridfs,3,03-01-03-01-01-02-07_r03.wav,393086,0.008305,1,
write,write,,,audio_small,pg_bytea,3,03-01-03-01-01-02-12_r03.wav,399494,0.014368,1,
write,write,,,audio_small,polyglot,3,03-01-03-01-01-02-12_r03.wav,399494,0.006506,1,
write,write,,,audio_small,mongo_gridfs,3,03-01-03-01-01-02-12_r03.wav,399494,0.005210,1,
write,write,,,audio_small,polyglot,3,03-01-03-01-01-02-13_r03.wav,399494,0.005648,1,
write,write,,,audio_small,mongo_gridfs,3,03-01-03-01-01-02-13_r03.wav,399494,0.004863,1,
write,write,,,audio_small,pg_bytea,3,03-01-03-01-01-02-13_r03.wav,399494,0.011396,1,
write,write,,,audio_small,polyglot,3,03-01-03-01-02-02-18_r03.wav,393086,0.006842,1,
write,write,,,audio_small,mongo_gridfs,3,03-01-03-01-02-02-18_r03.wav,393086,0.005714,1,
write,write,,,audio_small,pg_bytea,3,03-01-03-01-02-02-18_r03.wav,393086,0.013065,1,
write,write,,,audio_small,polyglot,3,03-01-03-01-02-02-19_r03.wav,399494,0.006484,1,
write,write,,,audio_small,pg_bytea,3,03-01-03-01-02-02-19_r03.wav,399494,0.016588,1,
write,write,,,audio_small,mongo_gridfs,3,03-01-03-01-02-02-19_r03.wav,399494,0.006857,1,
write,write,,,audio_small,pg_bytea,3,03-01-03-02-01-02-18_r03.wav,396294,0.009736,1,
write,write,,,audio_small,mongo_gridfs,3,03-01-03-02-01-02-18_r03.wav,396294,0.005459,1,
write,write,,,audio_small,polyglot,3,03-01-03-02-01-02-18_r03.wav,396294,0.005595,1,
write,write,,,audio_small,polyglot,3,03-01-03-02-01-02-19_r03.wav,372698,0.005173,1,
write,write,,,audio_small,pg_bytea,3,03-01-03-02-01-02-19_r03.wav,372698,0.008846,1,
write,write,,,audio_small,mongo_gridfs,3,03-01-03-02-01-02-19_r03.wav,372698,0.004620,1,
write,write,,,audio_small,pg_bytea,3,03-01-03-02-02-02-04_r03.wav,379106,0.009370,1,
write,write,,,audio_small,mongo_gridfs,3,03-01-03-02-02-02-04_r03.wav,379106,0.005095,1,
write,write,,,audio_small,polyglot,3,03-01-03-02-02-02-04_r03.wav,379106,0.005441,1,
write,write,,,audio_small,pg_bytea,3,03-01-03-02-02-02-06_r03.wav,399494,0.009118,1,
write,write,,,audio_small,mongo_gridfs,3,03-01-03-02-02-02-06_r03.wav,399494,0.005194,1,
write,write,,,audio_small,polyglot,3,03-01-03-02-02-02-06_r03.wav,399494,0.005347,1,
write,write,,,audio_small,polyglot,3,03-01-03-02-02-02-07_r03.wav,393086,0.004217,1,
write,write,,,audio_small,pg_bytea,3,03-01-03-02-02-02-07_r03.wav,393086,0.011243,1,
write,write,,,audio_small,mongo_gridfs,3,03-01-03-02-02-02-07_r03.wav,393086,0.005364,1,
write,write,,,audio_small,polyglot,3,03-01-03-02-02-02-10_r03.wav,375720,0.004588,1,
write,write,,,audio_small,pg_bytea,3,03-01-03-02-02-02-10_r03.wav,375720,0.009751,1,
write,write,,,audio_small,mongo_gridfs,3,03-01-03-02-02-02-10_r03.wav,375720,0.013583,1,
write,write,,,audio_small,mongo_gridfs,3,03-01-03-02-02-02-11_r03.wav,396294,0.005974,1,
write,write,,,audio_small,pg_bytea,3,03-01-03-02-02-02-11_r03.wav,396294,0.010733,1,
write,write,,,audio_small,polyglot,3,03-01-03-02-02-02-11_r03.wav,396294,0.007294,1,
write,write,,,audio_small,mongo_gridfs,3,03-01-03-02-02-02-13_r03.wav,399494,0.005135,1,
write,write,,,audio_small,pg_bytea,3,03-01-03-02-02-02-13_r03.wav,399494,0.012017,1,
write,write,,,audio_small,polyglot,3,03-01-03-02-02-02-13_r03.wav,399494,0.005964,1,
write,write,,,audio_small,pg_bytea,3,03-01-04-01-01-02-01_r03.wav,396294,0.012489,1,
write,write,,,audio_small,polyglot,3,03-01-04-01-01-02-01_r03.wav,396294,0.005456,1,
write,write,,,audio_small,mongo_gridfs,3,03-01-04-01-01-02-01_r03.wav,396294,0.004147,1,
write,write,,,audio_small,mongo_gridfs,3,03-01-04-01-01-02-02_r03.wav,379106,0.004347,1,
write,write,,,audio_small,pg_bytea,3,03-01-04-01-01-02-02_r03.wav,379106,0.017500,1,
write,write,,,audio_small,polyglot,3,03-01-04-01-01-02-02_r03.wav,379106,0.006049,1,
write,write,,,audio_small,polyglot,3,03-01-04-01-01-02-16_r03.wav,379106,0.004811,1,
write,write,,,audio_small,mongo_gridfs,3,03-01-04-01-01-02-16_r03.wav,379106,0.004593,1,
write,write,,,audio_small,pg_bytea,3,03-01-04-01-01-02-16_r03.wav,379106,0.012459,1,
write,write,,,audio_small,pg_bytea,3,03-01-04-01-02-02-08_r03.wav,372698,0.009770,1,
write,write,,,audio_small,mongo_gridfs,3,03-01-04-01-02-02-08_r03.wav,372698,0.006066,1,
write,write,,,audio_small,polyglot,3,03-01-04-01-02-02-08_r03.wav,372698,0.005074,1,
write,write,,,audio_small,pg_bytea,3,03-01-04-01-02-02-09_r03.wav,363108,0.012125,1,
write,write,,,audio_small,polyglot,3,03-01-04-01-02-02-09_r03.wav,363108,0.005946,1,
write,write,,,audio_small,mongo_gridfs,3,03-01-04-01-02-02-09_r03.wav,363108,0.006069,1,
write,write,,,audio_small,mongo_gridfs,3,03-01-04-01-02-02-20_r03.wav,396294,0.005779,1,
write,write,,,audio_small,polyglot,3,03-01-04-01-02-02-20_r03.wav,396294,0.005302,1,
write,write,,,audio_small,pg_bytea,3,03-01-04-01-02-02-20_r03.wav,396294,0.011837,1,
write,write,,,audio_small,mongo_gridfs,3,03-01-04-01-02-02-21_r03.wav,363108,0.005497,1,
write,write,,,audio_small,pg_bytea,3,03-01-04-01-02-02-21_r03.wav,363108,0.009684,1,
write,write,,,audio_small,polyglot,3,03-01-04-01-02-02-21_r03.wav,363108,0.005482,1,
write,write,,,audio_small,polyglot,3,03-01-04-01-02-02-22_r03.wav,372698,0.005082,1,
write,write,,,audio_small,pg_bytea,3,03-01-04-01-02-02-22_r03.wav,372698,0.009452,1,
write,write,,,audio_small,mongo_gridfs,3,03-01-04-01-02-02-22_r03.wav,372698,0.005769,1,
write,write,,,audio_small,mongo_gridfs,3,03-01-04-01-02-02-23_r03.wav,363108,0.005195,1,
write,write,,,audio_small,pg_bytea,3,03-01-04-01-02-02-23_r03.wav,363108,0.009710,1,
write,write,,,audio_small,polyglot,3,03-01-04-01-02-02-23_r03.wav,363108,0.008022,1,
write,write,,,audio_small,mongo_gridfs,3,03-01-04-02-01-02-09_r03.wav,379106,0.006140,1,
write,write,,,audio_small,pg_bytea,3,03-01-04-02-01-02-09_r03.wav,379106,0.010805,1,
write,write,,,audio_small,polyglot,3,03-01-04-02-01-02-09_r03.wav,379106,0.006444,1,
write,write,,,audio_small,polyglot,3,03-01-04-02-01-02-20_r03.wav,379106,0.005240,1,
write,write,,,audio_small,mongo_gridfs,3,03-01-04-02-01-02-20_r03.wav,379106,0.005255,1,
write,write,,,audio_small,pg_bytea,3,03-01-04-02-01-02-20_r03.wav,379106,0.011268,1,
write,write,,,audio_small,pg_bytea,3,03-01-04-02-01-02-21_r03.wav,393086,0.056177,1,
write,write,,,audio_small,mongo_gridfs,3,03-01-04-02-01-02-21_r03.wav,393086,0.004840,1,
write,write,,,audio_small,polyglot,3,03-01-04-02-01-02-21_r03.wav,393086,0.004069,1,
write,write,,,audio_small,pg_bytea,3,03-01-04-02-01-02-22_r03.wav,379106,0.010565,1,
write,write,,,audio_small,polyglot,3,03-01-04-02-01-02-22_r03.wav,379106,0.004102,1,
write,write,,,audio_small,mongo_gridfs,3,03-01-04-02-01-02-22_r03.wav,379106,0.003618,1,
write,write,,,audio_small,mongo_gridfs,3,03-01-04-02-02-02-14_r03.wav,375720,0.003664,1,
write,write,,,audio_small,polyglot,3,03-01-04-02-02-02-14_r03.wav,375720,0.004308,1,
write,write,,,audio_small,pg_bytea,3,03-01-04-02-02-02-14_r03.wav,375720,0.008624,1,
write,write,,,audio_small,pg_bytea,3,03-01-04-02-02-02-15_r03.wav,379106,0.014210,1,
write,write,,,audio_small,mongo_gridfs,3,03-01-04-02-02-02-15_r03.wav,379106,0.005237,1,
write,write,,,audio_small,polyglot,3,03-01-04-02-02-02-15_r03.wav,379106,0.003977,1,
write,write,,,audio_small,mongo_gridfs,3,03-01-04-02-02-02-16_r03.wav,375720,0.003741,1,
write,write,,,audio_small,polyglot,3,03-01-04-02-02-02-16_r03.wav,375720,0.004295,1,
write,write,,,audio_small,pg_bytea,3,03-01-04-02-02-02-16_r03.wav,375720,0.009451,1,
write,write,,,audio_small,mongo_gridfs,3,03-01-04-02-02-02-17_r03.wav,363108,0.003981,1,
write,write,,,audio_small,pg_bytea,3,03-01-04-02-02-02-17_r03.wav,363108,0.008603,1,
write,write,,,audio_small,polyglot,3,03-01-04-02-02-02-17_r03.wav,363108,0.003843,1,
write,write,,,audio_small,mongo_gridfs,3,03-01-05-01-01-01-09_r03.wav,393086,0.003747,1,
write,write,,,audio_small,polyglot,3,03-01-05-01-01-01-09_r03.wav,393086,0.003942,1,
write,write,,,audio_small,pg_bytea,3,03-01-05-01-01-01-09_r03.wav,393086,0.008628,1,
write,write,,,audio_small,polyglot,3,03-01-05-01-01-01-22_r03.wav,393086,0.006443,1,
write,write,,,audio_small,pg_bytea,3,03-01-05-01-01-01-22_r03.wav,393086,0.013968,1,
write,write,,,audio_small,mongo_gridfs,3,03-01-05-01-01-01-22_r03.wav,393086,0.004668,1,
write,write,,,audio_small,pg_bytea,3,03-01-05-01-02-01-02_r03.wav,372698,0.009515,1,
write,write,,,audio_small,mongo_gridfs,3,03-01-05-01-02-01-02_r03.wav,372698,0.004572,1,
write,write,,,audio_small,polyglot,3,03-01-05-01-02-01-02_r03.wav,372698,0.004632,1,
write,write,,,audio_small,polyglot,3,03-01-05-01-02-01-03_r03.wav,396294,0.004030,1,
write,write,,,audio_small,pg_bytea,3,03-01-05-01-02-01-03_r03.wav,396294,0.013609,1,
write,write,,,audio_small,mongo_gridfs,3,03-01-05-01-02-01-03_r03.wav,396294,0.005138,1,
write,write,,,audio_small,mongo_gridfs,3,03-01-05-01-02-01-15_r03.wav,363108,0.003884,1,
write,write,,,audio_small,polyglot,3,03-01-05-01-02-01-15_r03.wav,363108,0.003983,1,
write,write,,,audio_small,pg_bytea,3,03-01-05-01-02-01-15_r03.wav,363108,0.008517,1,
write,write,,,audio_small,polyglot,3,03-01-05-01-02-01-16_r03.wav,372698,0.003840,1,
write,write,,,audio_small,mongo_gridfs,3,03-01-05-01-02-01-16_r03.wav,372698,0.003320,1,
write,write,,,audio_small,pg_bytea,3,03-01-05-01-02-01-16_r03.wav,372698,0.008883,1,
write,write,,,audio_small,mongo_gridfs,3,03-01-05-01-02-01-17_r03.wav,393086,0.004353,1,
write,write,,,audio_small,polyglot,3,03-01-05-01-02-01-17_r03.wav,393086,0.004351,1,
write,write,,,audio_small,pg_bytea,3,03-01-05-01-02-01-17_r03.wav,393086,0.010132,1,
write,write,,,audio_small,mongo_gridfs,3,03-01-05-02-01-01-01_r03.wav,372698,0.003901,1,
write,write,,,audio_small,pg_bytea,3,03-01-05-02-01-01-01_r03.wav,372698,0.009446,1,
write,write,,,audio_small,polyglot,3,03-01-05-02-01-01-01_r03.wav,372698,0.003913,1,
write,write,,,audio_small,mongo_gridfs,3,03-01-05-02-01-01-02_r03.wav,375720,0.006028,1,
write,write,,,audio_small,polyglot,3,03-01-05-02-01-01-02_r03.wav,375720,0.004331,1,
write,write,,,audio_small,pg_bytea,3,03-01-05-02-01-01-02_r03.wav,375720,0.008534,1,
write,write,,,audio_small,polyglot,3,03-01-05-02-01-01-03_r03.wav,372698,0.004003,1,
write,write,,,audio_small,mongo_gridfs,3,03-01-05-02-01-01-03_r03.wav,372698,0.003516,1,
write,write,,,audio_small,pg_bytea,3,03-01-05-02-01-01-03_r03.wav,372698,0.008594,1,
write,write,,,audio_small,polyglot,3,03-01-05-02-01-01-15_r03.wav,396294,0.004011,1,
write,write,,,audio_small,pg_bytea,3,03-01-05-02-01-01-15_r03.wav,396294,0.009266,1,
write,write,,,audio_small,mongo_gridfs,3,03-01-05-02-01-01-15_r03.wav,396294,0.004055,1,
write,write,,,audio_small,pg_bytea,3,03-01-05-02-01-01-16_r03.wav,399494,0.009431,1,
write,write,,,audio_small,polyglot,3,03-01-05-02-01-01-16_r03.wav,399494,0.004581,1,
write,write,,,audio_small,mongo_gridfs,3,03-01-05-02-01-01-16_r03.wav,399494,0.003844,1,
write,write,,,audio_small,pg_bytea,3,03-01-05-02-01-01-17_r03.wav,363108,0.008342,1,
write,write,,,audio_small,polyglot,3,03-01-05-02-01-01-17_r03.wav,363108,0.003920,1,
write,write,,,audio_small,mongo_gridfs,3,03-01-05-02-01-01-17_r03.wav,363108,0.003591,1,
write,write,,,audio_small,polyglot,3,03-01-05-02-02-01-09_r03.wav,396294,0.004104,1,
write,write,,,audio_small,pg_bytea,3,03-01-05-02-02-01-09_r03.wav,396294,0.012391,1,
write,write,,,audio_small,mongo_gridfs,3,03-01-05-02-02-01-09_r03.wav,396294,0.005022,1,
write,write,,,audio_small,mongo_gridfs,3,03-01-05-02-02-01-21_r03.wav,375720,0.003563,1,
write,write,,,audio_small,polyglot,3,03-01-05-02-02-01-21_r03.wav,375720,0.004031,1,
write,write,,,audio_small,pg_bytea,3,03-01-05-02-02-01-21_r03.wav,375720,0.007990,1,
write,write,,,audio_small,polyglot,3,03-01-05-02-02-01-22_r03.wav,379106,0.006274,1,
write,write,,,audio_small,pg_bytea,3,03-01-05-02-02-01-22_r03.wav,379106,0.008269,1,
write,write,,,audio_small,mongo_gridfs,3,03-01-05-02-02-01-22_r03.wav,379106,0.006249,1,
write,write,,,audio_medium,polyglot,3,03-02-01-01-01-02-22_r03.wav,526650,0.012981,1,
write,write,,,audio_medium,mongo_gridfs,3,03-02-01-01-01-02-22_r03.wav,526650,0.005208,1,
write,write,,,audio_medium,pg_bytea,3,03-02-01-01-01-02-22_r03.wav,526650,0.049543,1,
write,write,,,audio_medium,polyglot,3,03-02-01-01-01-02-23_r03.wav,539464,0.008190,1,
write,write,,,audio_medium,pg_bytea,3,03-02-01-01-01-02-23_r03.wav,539464,0.017561,1,
write,write,,,audio_medium,mongo_gridfs,3,03-02-01-01-01-02-23_r03.wav,539464,0.011593,1,
write,write,,,audio_medium,pg_bytea,3,03-02-01-01-02-02-02_r03.wav,539464,0.016438,1,
write,write,,,audio_medium,polyglot,3,03-02-01-01-02-02-02_r03.wav,539464,0.008262,1,
write,write,,,audio_medium,mongo_gridfs,3,03-02-01-01-02-02-02_r03.wav,539464,0.007193,1,
write,write,,,audio_medium,polyglot,3,03-02-01-01-02-02-03_r03.wav,520242,0.006705,1,
write,write,,,audio_medium,pg_bytea,3,03-02-01-01-02-02-03_r03.wav,520242,0.013496,1,
write,write,,,audio_medium,mongo_gridfs,3,03-02-01-01-02-02-03_r03.wav,520242,0.006900,1,
write,write,,,audio_medium,polyglot,3,03-02-01-01-02-02-16_r03.wav,539464,0.006360,1,
write,write,,,audio_medium,mongo_gridfs,3,03-02-01-01-02-02-16_r03.wav,539464,0.006033,1,
write,write,,,audio_medium,pg_bytea,3,03-02-01-01-02-02-16_r03.wav,539464,0.015297,1,
write,write,,,audio_medium,pg_bytea,3,03-02-01-01-02-02-17_r03.wav,561888,0.014770,1,
write,write,,,audio_medium,mongo_gridfs,3,03-02-01-01-02-02-17_r03.wav,561888,0.011272,1,
write,write,,,audio_medium,polyglot,3,03-02-01-01-02-02-17_r03.wav,561888,0.007630,1,
write,write,,,audio_medium,mongo_gridfs,3,03-02-01-02-01-02-01_r03.wav,533056,0.006781,1,
write,write,,,audio_medium,polyglot,3,03-02-01-02-01-02-01_r03.wav,533056,0.006562,1,
write,write,,,audio_medium,pg_bytea,3,03-02-01-02-01-02-01_r03.wav,533056,0.018561,1,
write,write,,,audio_medium,pg_bytea,3,03-02-01-02-01-02-02_r03.wav,523448,0.013159,1,
write,write,,,audio_medium,polyglot,3,03-02-01-02-01-02-02_r03.wav,523448,0.009589,1,
write,write,,,audio_medium,mongo_gridfs,3,03-02-01-02-01-02-02_r03.wav,523448,0.006514,1,
write,write,,,audio_medium,polyglot,3,03-02-01-02-01-02-03_r03.wav,533056,0.006257,1,
write,write,,,audio_medium,mongo_gridfs,3,03-02-01-02-01-02-03_r03.wav,533056,0.005671,1,
write,write,,,audio_medium,pg_bytea,3,03-02-01-02-01-02-03_r03.wav,533056,0.017209,1,
write,write,,,audio_medium,polyglot,3,03-02-01-02-01-02-15_r03.wav,561882,0.007532,1,
write,write,,,audio_medium,pg_bytea,3,03-02-01-02-01-02-15_r03.wav,561882,0.013273,1,
write,write,,,audio_medium,mongo_gridfs,3,03-02-01-02-01-02-15_r03.wav,561882,0.007658,1,
write,write,,,audio_medium,polyglot,3,03-02-01-02-01-02-16_r03.wav,526650,0.006449,1,
write,write,,,audio_medium,pg_bytea,3,03-02-01-02-01-02-16_r03.wav,526650,0.013454,1,
write,write,,,audio_medium,mongo_gridfs,3,03-02-01-02-01-02-16_r03.wav,526650,0.007052,1,
write,write,,,audio_medium,mongo_gridfs,3,03-02-01-02-01-02-17_r03.wav,533056,0.006206,1,
write,write,,,audio_medium,pg_bytea,3,03-02-01-02-01-02-17_r03.wav,533056,0.012814,1,
write,write,,,audio_medium,polyglot,3,03-02-01-02-01-02-17_r03.wav,533056,0.006159,1,
write,write,,,audio_medium,mongo_gridfs,3,03-02-01-02-02-02-22_r03.wav,520242,0.005434,1,
write,write,,,audio_medium,polyglot,3,03-02-01-02-02-02-22_r03.wav,520242,0.005518,1,
write,write,,,audio_medium,pg_bytea,3,03-02-01-02-02-02-22_r03.wav,520242,0.017024,1,
write,write,,,audio_medium,mongo_gridfs,3,03-02-01-02-02-02-23_r03.wav,520242,0.006303,1,
write,write,,,audio_medium,pg_bytea,3,03-02-01-02-02-02-23_r03.wav,520242,0.013876,1,
write,write,,,audio_medium,polyglot,3,03-02-01-02-02-02-23_r03.wav,520242,0.006851,1,
write,write,,,audio_medium,polyglot,3,03-02-02-01-01-01-22_r03.wav,523448,0.006030,1,
write,write,,,audio_medium,mongo_gridfs,3,03-02-02-01-01-01-22_r03.wav,523448,0.006640,1,
write,write,,,audio_medium,pg_bytea,3,03-02-02-01-01-01-22_r03.wav,523448,0.013286,1,
write,write,,,audio_medium,pg_bytea,3,03-02-02-01-01-01-23_r03.wav,561888,0.014738,1,
write,write,,,audio_medium,mongo_gridfs,3,03-02-02-01-01-01-23_r03.wav,561888,0.007203,1,
write,write,,,audio_medium,polyglot,3,03-02-02-01-01-01-23_r03.wav,561888,0.010570,1,
write,write,,,audio_medium,mongo_gridfs,3,03-02-02-01-02-01-01_r03.wav,520242,0.006243,1,
write,write,,,audio_medium,pg_bytea,3,03-02-02-01-02-01-01_r03.wav,520242,0.013638,1,
write,write,,,audio_medium,polyglot,3,03-02-02-01-02-01-01_r03.wav,520242,0.008092,1,
write,write,,,audio_medium,pg_bytea,3,03-02-02-01-02-01-02_r03.wav,539464,0.025389,1,
write,write,,,audio_medium,mongo_gridfs,3,03-02-02-01-02-01-02_r03.wav,539464,0.006820,1,
write,write,,,audio_medium,polyglot,3,03-02-02-01-02-01-02_r03.wav,539464,0.006400,1,
write,write,,,audio_medium,polyglot,3,03-02-02-01-02-01-03_r03.wav,533056,0.007098,1,
write,write,,,audio_medium,mongo_gridfs,3,03-02-02-01-02-01-03_r03.wav,533056,0.006806,1,
write,write,,,audio_medium,pg_bytea,3,03-02-02-01-02-01-03_r03.wav,533056,0.014012,1,
write,write,,,audio_medium,pg_bytea,3,03-02-02-01-02-01-16_r03.wav,561882,0.023496,1,
write,write,,,audio_medium,polyglot,3,03-02-02-01-02-01-16_r03.wav,561882,0.008228,1,
write,write,,,audio_medium,mongo_gridfs,3,03-02-02-01-02-01-16_r03.wav,561882,0.005636,1,
write,write,,,audio_medium,mongo_gridfs,3,03-02-02-02-01-01-01_r03.wav,539464,0.005852,1,
write,write,,,audio_medium,pg_bytea,3,03-02-02-02-01-01-01_r03.wav,539464,0.014853,1,
write,write,,,audio_medium,polyglot,3,03-02-02-02-01-01-01_r03.wav,539464,0.006274,1,
write,write,,,audio_medium,mongo_gridfs,3,03-02-02-02-01-01-02_r03.wav,526650,0.006121,1,
write,write,,,audio_medium,polyglot,3,03-02-02-02-01-01-02_r03.wav,526650,0.005594,1,
write,write,,,audio_medium,pg_bytea,3,03-02-02-02-01-01-02_r03.wav,526650,0.012936,1,
write,write,,,audio_medium,polyglot,3,03-02-02-02-01-01-15_r03.wav,539464,0.007054,1,
write,write,,,audio_medium,pg_bytea,3,03-02-02-02-01-01-15_r03.wav,539464,0.016743,1,
write,write,,,audio_medium,mongo_gridfs,3,03-02-02-02-01-01-15_r03.wav,539464,0.007435,1,
write,write,,,audio_medium,pg_bytea,3,03-02-02-02-01-01-16_r03.wav,520242,0.014093,1,
write,write,,,audio_medium,mongo_gridfs,3,03-02-02-02-01-01-16_r03.wav,520242,0.006499,1,
write,write,,,audio_medium,polyglot,3,03-02-02-02-01-01-16_r03.wav,520242,0.007585,1,
write,write,,,audio_medium,mongo_gridfs,3,03-02-02-02-01-01-17_r03.wav,539464,0.006578,1,
write,write,,,audio_medium,polyglot,3,03-02-02-02-01-01-17_r03.wav,539464,0.007080,1,
write,write,,,audio_medium,pg_bytea,3,03-02-02-02-01-01-17_r03.wav,539464,0.012255,1,
write,write,,,audio_medium,mongo_gridfs,3,03-02-02-02-02-01-22_r03.wav,539464,0.008962,1,
write,write,,,audio_medium,pg_bytea,3,03-02-02-02-02-01-22_r03.wav,539464,0.013275,1,
write,write,,,audio_medium,polyglot,3,03-02-02-02-02-01-22_r03.wav,539464,0.009211,1,
write,write,,,audio_medium,polyglot,3,03-02-02-02-02-01-23_r03.wav,520242,0.005296,1,
write,write,,,audio_medium,pg_bytea,3,03-02-02-02-02-01-23_r03.wav,520242,0.012484,1,
write,write,,,audio_medium,mongo_gridfs,3,03-02-02-02-02-01-23_r03.wav,520242,0.005785,1,
write,write,,,audio_medium,mongo_gridfs,3,03-02-03-01-01-02-01_r03.wav,561882,0.007279,1,
write,write,,,audio_medium,polyglot,3,03-02-03-01-01-02-01_r03.wav,561882,0.005832,1,
write,write,,,audio_medium,pg_bytea,3,03-02-03-01-01-02-01_r03.wav,561882,0.014142,1,
write,write,,,audio_medium,pg_bytea,3,03-02-03-01-01-02-02_r03.wav,561882,0.014432,1,
write,write,,,audio_medium,mongo_gridfs,3,03-02-03-01-01-02-02_r03.wav,561882,0.007486,1,
write,write,,,audio_medium,polyglot,3,03-02-03-01-01-02-02_r03.wav,561882,0.006645,1,
write,write,,,audio_medium,pg_bytea,3,03-02-03-01-01-02-03_r03.wav,539464,0.012948,1,
write,write,,,audio_medium,mongo_gridfs,3,03-02-03-01-01-02-03_r03.wav,539464,0.006389,1,
write,write,,,audio_medium,polyglot,3,03-02-03-01-01-02-03_r03.wav,539464,0.008851,1,
write,write,,,audio_medium,mongo_gridfs,3,03-02-03-01-01-02-15_r03.wav,526650,0.006502,1,
write,write,,,audio_medium,polyglot,3,03-02-03-01-01-02-15_r03.wav,526650,0.006355,1,
write,write,,,audio_medium,pg_bytea,3,03-02-03-01-01-02-15_r03.wav,526650,0.018955,1,
write,write,,,audio_medium,pg_bytea,3,03-02-03-01-01-02-16_r03.wav,520242,0.017205,1,
write,write,,,audio_medium,polyglot,3,03-02-03-01-01-02-16_r03.wav,520242,0.012437,1,
write,write,,,audio_medium,mongo_gridfs,3,03-02-03-01-01-02-16_r03.wav,520242,0.006563,1,
write,write,,,audio_medium,pg_bytea,3,03-02-03-01-01-02-17_r03.wav,526650,0.013739,1,
write,write,,,audio_medium,mongo_gridfs,3,03-02-03-01-01-02-17_r03.wav,526650,0.008517,1,
write,write,,,audio_medium,polyglot,3,03-02-03-01-01-02-17_r03.wav,526650,0.006618,1,
write,write,,,audio_medium,mongo_gridfs,3,03-02-03-01-02-02-09_r03.wav,539464,0.005899,1,
write,write,,,audio_medium,polyglot,3,03-02-03-01-02-02-09_r03.wav,539464,0.005621,1,
write,write,,,audio_medium,pg_bytea,3,03-02-03-01-02-02-09_r03.wav,539464,0.014678,1,
write,write,,,audio_medium,polyglot,3,03-02-03-01-02-02-21_r03.wav,533056,0.007822,1,
write,write,,,audio_medium,pg_bytea,3,03-02-03-01-02-02-21_r03.wav,533056,0.017070,1,
write,write,,,audio_medium,mongo_gridfs,3,03-02-03-01-02-02-21_r03.wav,533056,0.006481,1,
write,write,,,audio_medium,pg_bytea,3,03-02-03-01-02-02-22_r03.wav,561888,0.014301,1,
write,write,,,audio_medium,mongo_gridfs,3,03-02-03-01-02-02-22_r03.wav,561888,0.007580,1,
write,write,,,audio_medium,polyglot,3,03-02-03-01-02-02-22_r03.wav,561888,0.008310,1,
write,write,,,audio_medium,pg_bytea,3,03-02-03-01-02-02-23_r03.wav,539464,0.014402,1,
write,write,,,audio_medium,mongo_gridfs,3,03-02-03-01-02-02-23_r03.wav,539464,0.007213,1,
write,write,,,audio_medium,polyglot,3,03-02-03-01-02-02-23_r03.wav,539464,0.007390,1,
write,write,,,audio_medium,pg_bytea,3,03-02-03-02-01-02-09_r03.wav,561882,0.016820,1,
write,write,,,audio_medium,polyglot,3,03-02-03-02-01-02-09_r03.wav,561882,0.009628,1,
write,write,,,audio_medium,mongo_gridfs,3,03-02-03-02-01-02-09_r03.wav,561882,0.008815,1,
write,write,,,audio_medium,polyglot,3,03-02-03-02-01-02-21_r03.wav,539464,0.006806,1,
write,write,,,audio_medium,mongo_gridfs,3,03-02-03-02-01-02-21_r03.wav,539464,0.007654,1,
write,write,,,audio_medium,pg_bytea,3,03-02-03-02-01-02-21_r03.wav,539464,0.018008,1,
write,write,,,audio_medium,mongo_gridfs,3,03-02-03-02-01-02-22_r03.wav,526650,0.007950,1,
write,write,,,audio_medium,pg_bytea,3,03-02-03-02-01-02-22_r03.wav,526650,0.013914,1,
write,write,,,audio_medium,polyglot,3,03-02-03-02-01-02-22_r03.wav,526650,0.007968,1,
write,write,,,audio_medium,pg_bytea,3,03-02-03-02-01-02-23_r03.wav,561888,0.014192,1,
write,write,,,audio_medium,mongo_gridfs,3,03-02-03-02-01-02-23_r03.wav,561888,0.007696,1,
write,write,,,audio_medium,polyglot,3,03-02-03-02-01-02-23_r03.wav,561888,0.007637,1,
write,write,,,audio_medium,mongo_gridfs,3,03-02-03-02-02-02-01_r03.wav,561882,0.006613,1,
write,write,,,audio_medium,polyglot,3,03-02-03-02-02-02-01_r03.wav,561882,0.006756,1,
write,write,,,audio_medium,pg_bytea,3,03-02-03-02-02-02-01_r03.wav,561882,0.014376,1,
write,write,,,audio_medium,polyglot,3,03-02-03-02-02-02-02_r03.wav,523448,0.010034,1,
write,write,,,audio_medium,mongo_gridfs,3,03-02-03-02-02-02-02_r03.wav,523448,0.007226,1,
write,write,,,audio_medium,pg_bytea,3,03-02-03-02-02-02-02_r03.wav,523448,0.025973,1,
write,write,,,audio_medium,mongo_gridfs,3,03-02-03-02-02-02-03_r03.wav,561888,0.008254,1,
write,write,,,audio_medium,polyglot,3,03-02-03-02-02-02-03_r03.wav,561888,0.007083,1,
write,write,,,audio_medium,pg_bytea,3,03-02-03-02-02-02-03_r03.wav,561888,0.018049,1,
write,write,,,audio_medium,polyglot,3,03-02-03-02-02-02-15_r03.wav,523448,0.008304,1,
write,write,,,audio_medium,mongo_gridfs,3,03-02-03-02-02-02-15_r03.wav,523448,0.005777,1,
write,write,,,audio_medium,pg_bytea,3,03-02-03-02-02-02-15_r03.wav,523448,0.014061,1,
write,write,,,audio_medium,polyglot,3,03-02-03-02-02-02-16_r03.wav,561882,0.006927,1,
write,write,,,audio_medium,mongo_gridfs,3,03-02-03-02-02-02-16_r03.wav,561882,0.006034,1,
write,write,,,audio_medium,pg_bytea,3,03-02-03-02-02-02-16_r03.wav,561882,0.020047,1,
write,write,,,audio_medium,pg_bytea,3,03-02-03-02-02-02-17_r03.wav,523448,0.014718,1,
write,write,,,audio_medium,polyglot,3,03-02-03-02-02-02-17_r03.wav,523448,0.008163,1,
write,write,,,audio_medium,mongo_gridfs,3,03-02-03-02-02-02-17_r03.wav,523448,0.007087,1,
write,write,,,audio_medium,polyglot,3,03-02-04-01-01-02-05_r03.wav,561882,0.008524,1,
write,write,,,audio_medium,mongo_gridfs,3,03-02-04-01-01-02-05_r03.wav,561882,0.006892,1,
write,write,,,audio_medium,pg_bytea,3,03-02-04-01-01-02-05_r03.wav,561882,0.013959,1,
write,write,,,audio_medium,pg_bytea,3,03-02-04-01-01-02-06_r03.wav,526650,0.014373,1,
write,write,,,audio_medium,polyglot,3,03-02-04-01-01-02-06_r03.wav,526650,0.009137,1,
write,write,,,audio_medium,mongo_gridfs,3,03-02-04-01-01-02-06_r03.wav,526650,0.006415,1,
write,write,,,audio_medium,pg_bytea,3,03-02-04-01-01-02-07_r03.wav,523448,0.013625,1,
write,write,,,audio_medium,mongo_gridfs,3,03-02-04-01-01-02-07_r03.wav,523448,0.007205,1,
write,write,,,audio_medium,polyglot,3,03-02-04-01-01-02-07_r03.wav,523448,0.007972,1,
write,write,,,audio_medium,pg_bytea,3,03-02-04-01-01-02-11_r03.wav,539464,0.016647,1,
write,write,,,audio_medium,polyglot,3,03-02-04-01-01-02-11_r03.wav,539464,0.008531,1,
write,write,,,audio_medium,mongo_gridfs,3,03-02-04-01-01-02-11_r03.wav,539464,0.006455,1,
write,write,,,audio_medium,pg_bytea,3,03-02-04-01-01-02-12_r03.wav,523448,0.016185,1,
write,write,,,audio_medium,mongo_gridfs,3,03-02-04-01-01-02-12_r03.wav,523448,0.007112,1,
write,write,,,audio_medium,polyglot,3,03-02-04-01-01-02-12_r03.wav,523448,0.008010,1,
write,write,,,audio_medium,polyglot,3,03-02-04-01-01-02-13_r03.wav,539464,0.007706,1,
write,write,,,audio_medium,mongo_gridfs,3,03-02-04-01-01-02-13_r03.wav,539464,0.008265,1,
write,write,,,audio_medium,pg_bytea,3,03-02-04-01-01-02-13_r03.wav,539464,0.014670,1,
write,write,,,audio_medium,mongo_gridfs,3,03-02-04-01-02-02-19_r03.wav,561888,0.008026,1,
write,write,,,audio_medium,pg_bytea,3,03-02-04-01-02-02-19_r03.wav,561888,0.015666,1,
write,write,,,audio_medium,polyglot,3,03-02-04-01-02-02-19_r03.wav,561888,0.008273,1,
write,write,,,audio_medium,pg_bytea,3,03-02-04-02-02-02-05_r03.wav,526650,0.013756,1,
write,write,,,audio_medium,mongo_gridfs,3,03-02-04-02-02-02-05_r03.wav,526650,0.007427,1,
write,write,,,audio_medium,polyglot,3,03-02-04-02-02-02-05_r03.wav,526650,0.007186,1,
write,write,,,audio_medium,polyglot,3,03-02-04-02-02-02-06_r03.wav,526650,0.006184,1,
write,write,,,audio_medium,pg_bytea,3,03-02-04-02-02-02-06_r03.wav,526650,0.014192,1,
write,write,,,audio_medium,mongo_gridfs,3,03-02-04-02-02-02-06_r03.wav,526650,0.007967,1,
write,write,,,audio_medium,polyglot,3,03-02-04-02-02-02-07_r03.wav,561888,0.007026,1,
write,write,,,audio_medium,pg_bytea,3,03-02-04-02-02-02-07_r03.wav,561888,0.015140,1,
write,write,,,audio_medium,mongo_gridfs,3,03-02-04-02-02-02-07_r03.wav,561888,0.009427,1,
write,write,,,audio_medium,pg_bytea,3,03-02-04-02-02-02-11_r03.wav,561888,0.016910,1,
write,write,,,audio_medium,mongo_gridfs,3,03-02-04-02-02-02-11_r03.wav,561888,0.007489,1,
write,write,,,audio_medium,polyglot,3,03-02-04-02-02-02-11_r03.wav,561888,0.006215,1,
write,write,,,audio_medium,mongo_gridfs,3,03-02-04-02-02-02-12_r03.wav,523448,0.006855,1,
write,write,,,audio_medium,pg_bytea,3,03-02-04-02-02-02-12_r03.wav,523448,0.015785,1,
write,write,,,audio_medium,polyglot,3,03-02-04-02-02-02-12_r03.wav,523448,0.007487,1,
write,write,,,audio_medium,polyglot,3,03-02-04-02-02-02-13_r03.wav,533056,0.006845,1,
write,write,,,audio_medium,mongo_gridfs,3,03-02-04-02-02-02-13_r03.wav,533056,0.007183,1,
write,write,,,audio_medium,pg_bytea,3,03-02-04-02-02-02-13_r03.wav,533056,0.018956,1,
write,write,,,audio_medium,pg_bytea,3,03-02-05-01-02-01-06_r03.wav,561882,0.017847,1,
write,write,,,audio_medium,mongo_gridfs,3,03-02-05-01-02-01-06_r03.wav,561882,0.007906,1,
write,write,,,audio_medium,polyglot,3,03-02-05-01-02-01-06_r03.wav,561882,0.007083,1,
write,write,,,audio_medium,mongo_gridfs,3,03-02-05-01-02-01-07_r03.wav,520242,0.006001,1,
write,write,,,audio_medium,polyglot,3,03-02-05-01-02-01-07_r03.wav,520242,0.006933,1,
write,write,,,audio_medium,pg_bytea,3,03-02-05-01-02-01-07_r03.wav,520242,0.014883,1,
write,write,,,audio_medium,pg_bytea,3,03-02-05-01-02-01-12_r03.wav,520242,0.017746,1,
write,write,,,audio_medium,polyglot,3,03-02-05-01-02-01-12_r03.wav,520242,0.007921,1,
write,write,,,audio_medium,mongo_gridfs,3,03-02-05-01-02-01-12_r03.wav,520242,0.005872,1,
write,write,,,audio_medium,pg_bytea,3,03-02-05-01-02-01-13_r03.wav,561888,0.017450,1,
write,write,,,audio_medium,polyglot,3,03-02-05-01-02-01-13_r03.wav,561888,0.008409,1,
write,write,,,audio_medium,mongo_gridfs,3,03-02-05-01-02-01-13_r03.wav,561888,0.007980,1,
write,write,,,audio_medium,mongo_gridfs,3,03-02-05-02-01-01-05_r03.wav,539464,0.006337,1,
write,write,,,audio_medium,polyglot,3,03-02-05-02-01-01-05_r03.wav,539464,0.006108,1,
write,write,,,audio_medium,pg_bytea,3,03-02-05-02-01-01-05_r03.wav,539464,0.014146,1,
write,write,,,audio_medium,polyglot,3,03-02-05-02-01-01-06_r03.wav,561888,0.007295,1,
write,write,,,audio_medium,mongo_gridfs,3,03-02-05-02-01-01-06_r03.wav,561888,0.006001,1,
write,write,,,audio_medium,pg_bytea,3,03-02-05-02-01-01-06_r03.wav,561888,0.014634,1,
write,write,,,audio_medium,polyglot,3,03-02-05-02-01-01-07_r03.wav,533056,0.007772,1,
write,write,,,audio_medium,pg_bytea,3,03-02-05-02-01-01-07_r03.wav,533056,0.012971,1,
write,write,,,audio_medium,mongo_gridfs,3,03-02-05-02-01-01-07_r03.wav,533056,0.007069,1,
write,write,,,audio_medium,pg_bytea,3,03-02-05-02-01-01-11_r03.wav,561888,0.014234,1,
write,write,,,audio_medium,mongo_gridfs,3,03-02-05-02-01-01-11_r03.wav,561888,0.007564,1,
write,write,,,audio_medium,polyglot,3,03-02-05-02-01-01-11_r03.wav,561888,0.006493,1,
write,write,,,audio_medium,pg_bytea,3,03-02-05-02-01-01-12_r03.wav,533056,0.015548,1,
write,write,,,audio_medium,polyglot,3,03-02-05-02-01-01-12_r03.wav,533056,0.007045,1,
write,write,,,audio_medium,mongo_gridfs,3,03-02-05-02-01-01-12_r03.wav,533056,0.009749,1,
write,write,,,audio_medium,polyglot,3,03-02-05-02-01-01-13_r03.wav,526650,0.007211,1,
write,write,,,audio_medium,pg_bytea,3,03-02-05-02-01-01-13_r03.wav,526650,0.013840,1,
write,write,,,audio_medium,mongo_gridfs,3,03-02-05-02-01-01-13_r03.wav,526650,0.006446,1,
write,write,,,video_small,pg_bytea,3,01-01-01-01-01-01-22_r03.mp4,5457041,0.163094,1,
write,write,,,video_small,mongo_gridfs,3,01-01-01-01-01-01-22_r03.mp4,5457041,0.045870,1,
write,write,,,video_small,polyglot,3,01-01-01-01-01-01-22_r03.mp4,5457041,0.044725,1,
write,write,,,video_small,polyglot,3,01-01-01-01-01-02-01_r03.mp4,5457041,0.044178,1,
write,write,,,video_small,mongo_gridfs,3,01-01-01-01-01-02-01_r03.mp4,5457041,0.042955,1,
write,write,,,video_small,pg_bytea,3,01-01-01-01-01-02-01_r03.mp4,5457041,0.175948,1,
write,write,,,video_small,polyglot,3,01-01-01-01-01-02-15_r03.mp4,5457041,0.042540,1,
write,write,,,video_small,pg_bytea,3,01-01-01-01-01-02-15_r03.mp4,5457041,0.140480,1,
write,write,,,video_small,mongo_gridfs,3,01-01-01-01-01-02-15_r03.mp4,5457041,0.042450,1,
write,write,,,video_small,polyglot,3,01-01-01-01-02-01-06_r03.mp4,5457041,0.061109,1,
write,write,,,video_small,mongo_gridfs,3,01-01-01-01-02-01-06_r03.mp4,5457041,0.062456,1,
write,write,,,video_small,pg_bytea,3,01-01-01-01-02-01-06_r03.mp4,5457041,0.268765,1,
write,write,,,video_small,pg_bytea,3,01-01-01-01-02-01-13_r03.mp4,5457041,0.134533,1,
write,write,,,video_small,mongo_gridfs,3,01-01-01-01-02-01-13_r03.mp4,5457041,0.042944,1,
write,write,,,video_small,polyglot,3,01-01-01-01-02-01-13_r03.mp4,5457041,0.039762,1,
write,write,,,video_small,mongo_gridfs,3,01-01-01-01-02-01-14_r03.mp4,5457041,0.043018,1,
write,write,,,video_small,pg_bytea,3,01-01-01-01-02-01-14_r03.mp4,5457041,0.147397,1,
write,write,,,video_small,polyglot,3,01-01-01-01-02-01-14_r03.mp4,5457041,0.042359,1,
write,write,,,video_small,pg_bytea,3,01-01-01-01-02-02-09_r03.mp4,5498397,0.150182,1,
write,write,,,video_small,mongo_gridfs,3,01-01-01-01-02-02-09_r03.mp4,5498397,0.042989,1,
write,write,,,video_small,polyglot,3,01-01-01-01-02-02-09_r03.mp4,5498397,0.049173,1,
write,write,,,video_small,polyglot,3,01-01-01-02-01-01-01_r03.mp4,5498397,0.041214,1,
write,write,,,video_small,pg_bytea,3,01-01-01-02-01-01-01_r03.mp4,5498397,0.163805,1,
write,write,,,video_small,mongo_gridfs,3,01-01-01-02-01-01-01_r03.mp4,5498397,0.044093,1,
write,write,,,video_small,pg_bytea,3,01-01-01-02-01-01-05_r03.mp4,5457041,0.135968,1,
write,write,,,video_small,mongo_gridfs,3,01-01-01-02-01-01-05_r03.mp4,5457041,0.043782,1,
write,write,,,video_small,polyglot,3,01-01-01-02-01-01-05_r03.mp4,5457041,0.039118,1,
write,write,,,video_small,polyglot,3,01-01-01-02-01-01-15_r03.mp4,5457041,0.047293,1,
write,write,,,video_small,pg_bytea,3,01-01-01-02-01-01-15_r03.mp4,5457041,0.137163,1,
write,write,,,video_small,mongo_gridfs,3,01-01-01-02-01-01-15_r03.mp4,5457041,0.040928,1,
write,write,,,video_small,pg_bytea,3,01-01-01-02-02-01-18_r03.mp4,5457041,0.139612,1,
write,write,,,video_small,polyglot,3,01-01-01-02-02-01-18_r03.mp4,5457041,0.044329,1,
write,write,,,video_small,mongo_gridfs,3,01-01-01-02-02-01-18_r03.mp4,5457041,0.065022,1,
write,write,,,video_small,pg_bytea,3,01-01-01-02-02-01-19_r03.mp4,5457041,0.191577,1,
write,write,,,video_small,polyglot,3,01-01-01-02-02-01-19_r03.mp4,5457041,0.344337,1,
write,write,,,video_small,mongo_gridfs,3,01-01-01-02-02-01-19_r03.mp4,5457041,0.041321,1,
write,write,,,video_small,mongo_gridfs,3,01-01-02-01-01-02-09_r03.mp4,5498397,0.041271,1,
write,write,,,video_small,polyglot,3,01-01-02-01-01-02-09_r03.mp4,5498397,0.042577,1,
write,write,,,video_small,pg_bytea,3,01-01-02-01-01-02-09_r03.mp4,5498397,0.155340,1,
write,write,,,video_small,pg_bytea,3,01-01-02-01-01-02-18_r03.mp4,5498397,0.154268,1,
write,write,,,video_small,polyglot,3,01-01-02-01-01-02-18_r03.mp4,5498397,0.044646,1,
write,write,,,video_small,mongo_gridfs,3,01-01-02-01-01-02-18_r03.mp4,5498397,0.047722,1,
write,write,,,video_small,polyglot,3,01-01-02-01-01-02-23_r03.mp4,5498397,0.043837,1,
write,write,,,video_small,mongo_gridfs,3,01-01-02-01-01-02-23_r03.mp4,5498397,0.046983,1,
write,write,,,video_small,pg_bytea,3,01-01-02-01-01-02-23_r03.mp4,5498397,0.159916,1,
write,write,,,video_small,pg_bytea,3,01-01-02-01-02-01-09_r03.mp4,5498397,0.139225,1,
write,write,,,video_small,polyglot,3,01-01-02-01-02-01-09_r03.mp4,5498397,0.047608,1,
write,write,,,video_small,mongo_gridfs,3,01-01-02-01-02-01-09_r03.mp4,5498397,0.047621,1,
write,write,,,video_small,polyglot,3,01-01-02-01-02-02-01_r03.mp4,5498397,0.045698,1,
write,write,,,video_small,mongo_gridfs,3,01-01-02-01-02-02-01_r03.mp4,5498397,0.049290,1,
write,write,,,video_small,pg_bytea,3,01-01-02-01-02-02-01_r03.mp4,5498397,0.161221,1,
write,write,,,video_small,pg_bytea,3,01-01-02-01-02-02-03_r03.mp4,5498397,0.148460,1,
write,write,,,video_small,polyglot,3,01-01-02-01-02-02-03_r03.mp4,5498397,0.055120,1,
write,write,,,video_small,mongo_gridfs,3,01-01-02-01-02-02-03_r03.mp4,5498397,0.045031,1,
write,write,,,video_small,mongo_gridfs,3,01-01-02-02-01-02-02_r03.mp4,5498397,0.048241,1,
write,write,,,video_small,polyglot,3,01-01-02-02-01-02-02_r03.mp4,5498397,0.040092,1,
write,write,,,video_small,pg_bytea,3,01-01-02-02-01-02-02_r03.mp4,5498397,0.157395,1,
write,write,,,video_small,polyglot,3,01-01-02-02-01-02-03_r03.mp4,5498397,0.054950,1,
write,write,,,video_small,pg_bytea,3,01-01-02-02-01-02-03_r03.mp4,5498397,0.161248,1,
write,write,,,video_small,mongo_gridfs,3,01-01-02-02-01-02-03_r03.mp4,5498397,0.045905,1,
write,write,,,video_small,pg_bytea,3,01-01-02-02-01-02-05_r03.mp4,5498397,0.161251,1,
write,write,,,video_small,polyglot,3,01-01-02-02-01-02-05_r03.mp4,5498397,0.045437,1,
write,write,,,video_small,mongo_gridfs,3,01-01-02-02-01-02-05_r03.mp4,5498397,0.043864,1,
write,write,,,video_small,mongo_gridfs,3,01-01-02-02-01-02-10_r03.mp4,5457041,0.040944,1,
write,write,,,video_small,pg_bytea,3,01-01-02-02-01-02-10_r03.mp4,5457041,0.195494,1,
write,write,,,video_small,polyglot,3,01-01-02-02-01-02-10_r03.mp4,5457041,0.341656,1,
write,write,,,video_small,mongo_gridfs,3,01-01-02-02-01-02-13_r03.mp4,5457041,0.051974,1,
write,write,,,video_small,pg_bytea,3,01-01-02-02-01-02-13_r03.mp4,5457041,0.183437,1,
write,write,,,video_small,polyglot,3,01-01-02-02-01-02-13_r03.mp4,5457041,0.042504,1,
write,write,,,video_small,mongo_gridfs,3,01-01-02-02-01-02-17_r03.mp4,5457041,0.040263,1,
write,write,,,video_small,polyglot,3,01-01-02-02-01-02-17_r03.mp4,5457041,0.043398,1,
write,write,,,video_small,pg_bytea,3,01-01-02-02-01-02-17_r03.mp4,5457041,0.146077,1,
write,write,,,video_small,polyglot,3,01-01-02-02-02-02-18_r03.mp4,5457041,0.041609,1,
write,write,,,video_small,mongo_gridfs,3,01-01-02-02-02-02-18_r03.mp4,5457041,0.047207,1,
write,write,,,video_small,pg_bytea,3,01-01-02-02-02-02-18_r03.mp4,5457041,0.162621,1,
write,write,,,video_small,mongo_gridfs,3,01-01-02-02-02-02-19_r03.mp4,5457041,0.067644,1,
write,write,,,video_small,pg_bytea,3,01-01-02-02-02-02-19_r03.mp4,5457041,0.148880,1,
write,write,,,video_small,polyglot,3,01-01-02-02-02-02-19_r03.mp4,5457041,0.058358,1,
write,write,,,video_small,mongo_gridfs,3,01-01-02-02-02-02-21_r03.mp4,5498397,0.077158,1,
write,write,,,video_small,polyglot,3,01-01-02-02-02-02-21_r03.mp4,5498397,0.042380,1,
write,write,,,video_small,pg_bytea,3,01-01-02-02-02-02-21_r03.mp4,5498397,0.159922,1,
write,write,,,video_small,mongo_gridfs,3,01-01-02-02-02-02-22_r03.mp4,5457041,0.054523,1,
write,write,,,video_small,polyglot,3,01-01-02-02-02-02-22_r03.mp4,5457041,0.047435,1,
write,write,,,video_small,pg_bytea,3,01-01-02-02-02-02-22_r03.mp4,5457041,0.165886,1,
write,write,,,video_small,mongo_gridfs,3,01-01-02-02-02-02-23_r03.mp4,5457041,0.049217,1,
write,write,,,video_small,polyglot,3,01-01-02-02-02-02-23_r03.mp4,5457041,0.052632,1,
write,write,,,video_small,pg_bytea,3,01-01-02-02-02-02-23_r03.mp4,5457041,0.161023,1,
write,write,,,video_small,pg_bytea,3,01-01-03-01-01-01-12_r03.mp4,5457041,0.142926,1,
write,write,,,video_small,polyglot,3,01-01-03-01-01-01-12_r03.mp4,5457041,0.041003,1,
write,write,,,video_small,mongo_gridfs,3,01-01-03-01-01-01-12_r03.mp4,5457041,0.043063,1,
write,write,,,video_small,mongo_gridfs,3,01-01-03-01-01-01-15_r03.mp4,5457041,0.045998,1,
write,write,,,video_small,pg_bytea,3,01-01-03-01-01-01-15_r03.mp4,5457041,0.144263,1,
write,write,,,video_small,polyglot,3,01-01-03-01-01-01-15_r03.mp4,5457041,0.044532,1,
write,write,,,video_small,mongo_gridfs,3,01-01-03-01-02-01-08_r03.mp4,5498397,0.047932,1,
write,write,,,video_small,polyglot,3,01-01-03-01-02-01-08_r03.mp4,5498397,0.041062,1,
write,write,,,video_small,pg_bytea,3,01-01-03-01-02-01-08_r03.mp4,5498397,0.159580,1,
write,write,,,video_small,polyglot,3,01-01-03-01-02-01-21_r03.mp4,5498397,0.056443,1,
write,write,,,video_small,pg_bytea,3,01-01-03-01-02-01-21_r03.mp4,5498397,0.240841,1,
write,write,,,video_small,mongo_gridfs,3,01-01-03-01-02-01-21_r03.mp4,5498397,0.042400,1,
write,write,,,video_small,mongo_gridfs,3,01-01-03-02-01-01-21_r03.mp4,5457041,0.040736,1,
write,write,,,video_small,polyglot,3,01-01-03-02-01-01-21_r03.mp4,5457041,0.040622,1,
write,write,,,video_small,pg_bytea,3,01-01-03-02-01-01-21_r03.mp4,5457041,0.158690,1,
write,write,,,video_small,polyglot,3,01-01-03-02-01-01-24_r03.mp4,5457041,0.043438,1,
write,write,,,video_small,mongo_gridfs,3,01-01-03-02-01-01-24_r03.mp4,5457041,0.046454,1,
write,write,,,video_small,pg_bytea,3,01-01-03-02-01-01-24_r03.mp4,5457041,0.154795,1,
write,write,,,video_small,pg_bytea,3,01-01-03-02-01-02-01_r03.mp4,5457041,0.159643,1,
write,write,,,video_small,polyglot,3,01-01-03-02-01-02-01_r03.mp4,5457041,0.103039,1,
write,write,,,video_small,mongo_gridfs,3,01-01-03-02-01-02-01_r03.mp4,5457041,0.047784,1,
write,write,,,video_small,mongo_gridfs,3,01-01-03-02-01-02-15_r03.mp4,5457041,0.279135,1,
write,write,,,video_small,pg_bytea,3,01-01-03-02-01-02-15_r03.mp4,5457041,0.194196,1,
write,write,,,video_small,polyglot,3,01-01-03-02-01-02-15_r03.mp4,5457041,0.054725,1,
write,write,,,video_small,mongo_gridfs,3,01-01-03-02-02-01-05_r03.mp4,5457041,0.049958,1,
write,write,,,video_small,pg_bytea,3,01-01-03-02-02-01-05_r03.mp4,5457041,0.171716,1,
write,write,,,video_small,polyglot,3,01-01-03-02-02-01-05_r03.mp4,5457041,0.044073,1,
write,write,,,video_small,polyglot,3,01-01-03-02-02-01-12_r03.mp4,5457041,0.044998,1,
write,write,,,video_small,mongo_gridfs,3,01-01-03-02-02-01-12_r03.mp4,5457041,0.044100,1,
write,write,,,video_small,pg_bytea,3,01-01-03-02-02-01-12_r03.mp4,5457041,0.144873,1,
write,write,,,video_small,pg_bytea,3,01-01-03-02-02-01-15_r03.mp4,5498397,0.163252,1,
write,write,,,video_small,polyglot,3,01-01-03-02-02-01-15_r03.mp4,5498397,0.048753,1,
write,write,,,video_small,mongo_gridfs,3,01-01-03-02-02-01-15_r03.mp4,5498397,0.052350,1,
write,write,,,video_small,pg_bytea,3,01-01-04-01-01-01-03_r03.mp4,5457041,0.159586,1,
write,write,,,video_small,polyglot,3,01-01-04-01-01-01-03_r03.mp4,5457041,0.047567,1,
write,write,,,video_small,mongo_gridfs,3,01-01-04-01-01-01-03_r03.mp4,5457041,0.042821,1,
write,write,,,video_small,polyglot,3,01-01-04-01-01-01-05_r03.mp4,5498397,0.043091,1,
write,write,,,video_small,mongo_gridfs,3,01-01-04-01-01-01-05_r03.mp4,5498397,0.041096,1,
write,write,,,video_small,pg_bytea,3,01-01-04-01-01-01-05_r03.mp4,5498397,0.173140,1,
write,write,,,video_small,mongo_gridfs,3,01-01-04-01-01-01-10_r03.mp4,5457041,0.044674,1,
write,write,,,video_small,pg_bytea,3,01-01-04-01-01-01-10_r03.mp4,5457041,0.143962,1,
write,write,,,video_small,polyglot,3,01-01-04-01-01-01-10_r03.mp4,5457041,0.043032,1,
write,write,,,video_small,mongo_gridfs,3,01-01-04-01-01-01-16_r03.mp4,5457041,0.054169,1,
write,write,,,video_small,polyglot,3,01-01-04-01-01-01-16_r03.mp4,5457041,0.055229,1,
write,write,,,video_small,pg_bytea,3,01-01-04-01-01-01-16_r03.mp4,5457041,0.173081,1,
write,write,,,video_small,polyglot,3,01-01-04-01-02-01-19_r03.mp4,5498397,0.045024,1,
write,write,,,video_small,mongo_gridfs,3,01-01-04-01-02-01-19_r03.mp4,5498397,0.040450,1,
write,write,,,video_small,pg_bytea,3,01-01-04-01-02-01-19_r03.mp4,5498397,0.158390,1,
write,write,,,video_small,mongo_gridfs,3,01-01-04-01-02-01-21_r03.mp4,5498397,0.041142,1,
write,write,,,video_small,pg_bytea,3,01-01-04-01-02-01-21_r03.mp4,5498397,0.151143,1,
write,write,,,video_small,polyglot,3,01-01-04-01-02-01-21_r03.mp4,5498397,0.054023,1,
write,write,,,video_small,pg_bytea,3,01-01-04-01-02-01-22_r03.mp4,5498397,0.150182,1,
write,write,,,video_small,polyglot,3,01-01-04-01-02-01-22_r03.mp4,5498397,0.046147,1,
write,write,,,video_small,mongo_gridfs,3,01-01-04-01-02-01-22_r03.mp4,5498397,0.042889,1,
write,write,,,video_small,mongo_gridfs,3,01-01-04-02-01-01-18_r03.mp4,5498397,0.039822,1,
write,write,,,video_small,polyglot,3,01-01-04-02-01-01-18_r03.mp4,5498397,0.055683,1,
write,write,,,video_small,pg_bytea,3,01-01-04-02-01-01-18_r03.mp4,5498397,0.154319,1,
write,write,,,video_small,mongo_gridfs,3,01-01-04-02-01-01-19_r03.mp4,5457041,0.055432,1,
write,write,,,video_small,polyglot,3,01-01-04-02-01-01-19_r03.mp4,5457041,0.182160,1,
write,write,,,video_small,pg_bytea,3,01-01-04-02-01-01-19_r03.mp4,5457041,0.179685,1,
write,write,,,video_small,polyglot,3,01-01-04-02-02-01-02_r03.mp4,5498397,0.050926,1,
write,write,,,video_small,pg_bytea,3,01-01-04-02-02-01-02_r03.mp4,5498397,0.135278,1,
write,write,,,video_small,mongo_gridfs,3,01-01-04-02-02-01-02_r03.mp4,5498397,0.046021,1,
write,write,,,video_small,mongo_gridfs,3,01-01-04-02-02-01-05_r03.mp4,5498397,0.040772,1,
write,write,,,video_small,polyglot,3,01-01-04-02-02-01-05_r03.mp4,5498397,0.043747,1,
write,write,,,video_small,pg_bytea,3,01-01-04-02-02-01-05_r03.mp4,5498397,0.275937,1,
write,write,,,video_small,mongo_gridfs,3,01-01-04-02-02-01-06_r03.mp4,5498397,0.044597,1,
write,write,,,video_small,polyglot,3,01-01-04-02-02-01-06_r03.mp4,5498397,0.050951,1,
write,write,,,video_small,pg_bytea,3,01-01-04-02-02-01-06_r03.mp4,5498397,0.153612,1,
write,write,,,video_small,pg_bytea,3,01-01-04-02-02-01-13_r03.mp4,5498397,0.329827,1,
write,write,,,video_small,polyglot,3,01-01-04-02-02-01-13_r03.mp4,5498397,0.051069,1,
write,write,,,video_small,mongo_gridfs,3,01-01-04-02-02-01-13_r03.mp4,5498397,0.051892,1,
write,write,,,video_small,mongo_gridfs,3,01-01-04-02-02-01-17_r03.mp4,5498397,0.051385,1,
write,write,,,video_small,pg_bytea,3,01-01-04-02-02-01-17_r03.mp4,5498397,0.146157,1,
write,write,,,video_small,polyglot,3,01-01-04-02-02-01-17_r03.mp4,5498397,0.062523,1,
write,write,,,video_small,pg_bytea,3,01-01-04-02-02-02-19_r03.mp4,5498397,0.139786,1,
write,write,,,video_small,mongo_gridfs,3,01-01-04-02-02-02-19_r03.mp4,5498397,0.042474,1,
write,write,,,video_small,polyglot,3,01-01-04-02-02-02-19_r03.mp4,5498397,0.041229,1,
write,write,,,video_small,pg_bytea,3,01-01-05-01-01-02-09_r03.mp4,5457041,0.191624,1,
write,write,,,video_small,mongo_gridfs,3,01-01-05-01-01-02-09_r03.mp4,5457041,0.047000,1,
write,write,,,video_small,polyglot,3,01-01-05-01-01-02-09_r03.mp4,5457041,0.056407,1,
write,write,,,video_small,mongo_gridfs,3,01-01-05-01-01-02-19_r03.mp4,5498397,0.049813,1,
write,write,,,video_small,polyglot,3,01-01-05-01-01-02-19_r03.mp4,5498397,0.074736,1,
write,write,,,video_small,pg_bytea,3,01-01-05-01-01-02-19_r03.mp4,5498397,0.159611,1,
write,write,,,video_small,pg_bytea,3,01-01-05-01-01-02-21_r03.mp4,5457041,0.161001,1,
write,write,,,video_small,mongo_gridfs,3,01-01-05-01-01-02-21_r03.mp4,5457041,0.048163,1,
write,write,,,video_small,polyglot,3,01-01-05-01-01-02-21_r03.mp4,5457041,0.049633,1,
write,write,,,video_small,pg_bytea,3,01-01-05-01-02-01-19_r03.mp4,5457041,0.143618,1,
write,write,,,video_small,polyglot,3,01-01-05-01-02-01-19_r03.mp4,5457041,0.073113,1,
write,write,,,video_small,mongo_gridfs,3,01-01-05-01-02-01-19_r03.mp4,5457041,0.046587,1,
write,write,,,video_small,mongo_gridfs,3,01-01-05-01-02-02-04_r03.mp4,5457041,0.046881,1,
write,write,,,video_small,polyglot,3,01-01-05-01-02-02-04_r03.mp4,5457041,0.047035,1,
write,write,,,video_small,pg_bytea,3,01-01-05-01-02-02-04_r03.mp4,5457041,0.163288,1,
write,write,,,video_small,pg_bytea,3,01-01-05-01-02-02-05_r03.mp4,5498397,0.143482,1,
write,write,,,video_small,mongo_gridfs,3,01-01-05-01-02-02-05_r03.mp4,5498397,0.046044,1,
write,write,,,video_small,polyglot,3,01-01-05-01-02-02-05_r03.mp4,5498397,0.042786,1,
write,write,,,video_small,mongo_gridfs,3,01-01-05-02-01-02-04_r03.mp4,5457041,0.046057,1,
write,write,,,video_small,pg_bytea,3,01-01-05-02-01-02-04_r03.mp4,5457041,0.147372,1,
write,write,,,video_small,polyglot,3,01-01-05-02-01-02-04_r03.mp4,5457041,0.050643,1,
write,write,,,video_small,polyglot,3,01-01-05-02-01-02-12_r03.mp4,5457041,0.162736,1,
write,write,,,video_small,mongo_gridfs,3,01-01-05-02-01-02-12_r03.mp4,5457041,0.106070,1,
write,write,,,video_small,pg_bytea,3,01-01-05-02-01-02-12_r03.mp4,5457041,0.190108,1,
write,write,,,video_small,polyglot,3,01-01-05-02-01-02-14_r03.mp4,5457041,0.044884,1,
write,write,,,video_small,mongo_gridfs,3,01-01-05-02-01-02-14_r03.mp4,5457041,0.090320,1,
write,write,,,video_small,pg_bytea,3,01-01-05-02-01-02-14_r03.mp4,5457041,0.714609,1,
write,write,,,video_small,mongo_gridfs,3,01-01-05-02-02-02-19_r03.mp4,5498397,0.050850,1,
write,write,,,video_small,pg_bytea,3,01-01-05-02-02-02-19_r03.mp4,5498397,0.152718,1,
write,write,,,video_small,polyglot,3,01-01-05-02-02-02-19_r03.mp4,5498397,0.055128,1,
write,write,,,video_small,mongo_gridfs,3,01-01-05-02-02-02-20_r03.mp4,5498397,0.046943,1,
write,write,,,video_small,pg_bytea,3,01-01-05-02-02-02-20_r03.mp4,5498397,0.163289,1,
write,write,,,video_small,polyglot,3,01-01-05-02-02-02-20_r03.mp4,5498397,0.050360,1,
write,write,,,video_small,mongo_gridfs,3,01-01-05-02-02-02-23_r03.mp4,5457041,0.044051,1,
write,write,,,video_small,pg_bytea,3,01-01-05-02-02-02-23_r03.mp4,5457041,0.164709,1,
write,write,,,video_small,polyglot,3,01-01-05-02-02-02-23_r03.mp4,5457041,0.044154,1,
write,write,,,video_small,pg_bytea,3,01-01-06-01-01-01-08_r03.mp4,5457041,0.163190,1,
write,write,,,video_small,polyglot,3,01-01-06-01-01-01-08_r03.mp4,5457041,0.047630,1,
write,write,,,video_small,mongo_gridfs,3,01-01-06-01-01-01-08_r03.mp4,5457041,0.049294,1,
write,write,,,video_small,polyglot,3,01-01-06-01-01-01-19_r03.mp4,5457041,0.043330,1,
write,write,,,video_small,mongo_gridfs,3,01-01-06-01-01-01-19_r03.mp4,5457041,0.041556,1,
write,write,,,video_small,pg_bytea,3,01-01-06-01-01-01-19_r03.mp4,5457041,0.160507,1,
write,write,,,video_small,polyglot,3,01-01-06-01-01-01-24_r03.mp4,5498397,0.046993,1,
write,write,,,video_small,pg_bytea,3,01-01-06-01-01-01-24_r03.mp4,5498397,0.150299,1,
write,write,,,video_small,mongo_gridfs,3,01-01-06-01-01-01-24_r03.mp4,5498397,0.043850,1,
write,write,,,video_medium,polyglot,3,tsinghua_v_0024_r03.mp4,13091522,0.109459,1,
write,write,,,video_medium,mongo_gridfs,3,tsinghua_v_0024_r03.mp4,13091522,0.117134,1,
write,write,,,video_medium,pg_bytea,3,tsinghua_v_0024_r03.mp4,13091522,0.396045,1,
write,write,,,video_medium,mongo_gridfs,3,tsinghua_v_0046_r03.mp4,13091522,0.116197,1,
write,write,,,video_medium,pg_bytea,3,tsinghua_v_0046_r03.mp4,13091522,0.366580,1,
write,write,,,video_medium,polyglot,3,tsinghua_v_0046_r03.mp4,13091522,0.108135,1,
write,write,,,video_medium,pg_bytea,3,tsinghua_v_0076_r03.mp4,13091522,0.757923,1,
write,write,,,video_medium,mongo_gridfs,3,tsinghua_v_0076_r03.mp4,13091522,0.099121,1,
write,write,,,video_medium,polyglot,3,tsinghua_v_0076_r03.mp4,13091522,0.119667,1,
write,write,,,video_medium,mongo_gridfs,3,tsinghua_v_0080_r03.mp4,13091522,0.119381,1,
write,write,,,video_medium,pg_bytea,3,tsinghua_v_0080_r03.mp4,13091522,0.485681,1,
write,write,,,video_medium,polyglot,3,tsinghua_v_0080_r03.mp4,13091522,0.122248,1,
write,write,,,video_medium,pg_bytea,3,tsinghua_v_0109_r03.mp4,13091522,0.422015,1,
write,write,,,video_medium,mongo_gridfs,3,tsinghua_v_0109_r03.mp4,13091522,0.108690,1,
write,write,,,video_medium,polyglot,3,tsinghua_v_0109_r03.mp4,13091522,0.101992,1,
write,write,,,video_medium,mongo_gridfs,3,tsinghua_v_0123_r03.mp4,13091522,0.099582,1,
write,write,,,video_medium,pg_bytea,3,tsinghua_v_0123_r03.mp4,13091522,0.372113,1,
write,write,,,video_medium,polyglot,3,tsinghua_v_0123_r03.mp4,13091522,0.095780,1,
write,write,,,video_medium,mongo_gridfs,3,tsinghua_v_0130_r03.mp4,13091522,0.094347,1,
write,write,,,video_medium,pg_bytea,3,tsinghua_v_0130_r03.mp4,13091522,0.371974,1,
write,write,,,video_medium,polyglot,3,tsinghua_v_0130_r03.mp4,13091522,0.110230,1,
write,write,,,video_medium,pg_bytea,3,tsinghua_v_0135_r03.mp4,13091522,0.397374,1,
write,write,,,video_medium,polyglot,3,tsinghua_v_0135_r03.mp4,13091522,0.093246,1,
write,write,,,video_medium,mongo_gridfs,3,tsinghua_v_0135_r03.mp4,13091522,0.113804,1,
write,write,,,video_medium,pg_bytea,3,tsinghua_v_0137_r03.mp4,13091522,0.773456,1,
write,write,,,video_medium,mongo_gridfs,3,tsinghua_v_0137_r03.mp4,13091522,0.090386,1,
write,write,,,video_medium,polyglot,3,tsinghua_v_0137_r03.mp4,13091522,0.263936,1,
write,write,,,video_medium,polyglot,3,tsinghua_v_0140_r03.mp4,13091522,0.099264,1,
write,write,,,video_medium,mongo_gridfs,3,tsinghua_v_0140_r03.mp4,13091522,0.094041,1,
write,write,,,video_medium,pg_bytea,3,tsinghua_v_0140_r03.mp4,13091522,0.381943,1,
write,write,,,video_medium,pg_bytea,3,tsinghua_v_0151_r03.mp4,13091522,0.322398,1,
write,write,,,video_medium,mongo_gridfs,3,tsinghua_v_0151_r03.mp4,13091522,0.106133,1,
write,write,,,video_medium,polyglot,3,tsinghua_v_0151_r03.mp4,13091522,0.097770,1,
write,write,,,video_medium,pg_bytea,3,tsinghua_v_0157_r03.mp4,13091522,0.606295,1,
write,write,,,video_medium,mongo_gridfs,3,tsinghua_v_0157_r03.mp4,13091522,0.109843,1,
write,write,,,video_medium,polyglot,3,tsinghua_v_0157_r03.mp4,13091522,0.096896,1,
write,write,,,video_medium,polyglot,3,tsinghua_v_0209_r03.mp4,13091522,0.109835,1,
write,write,,,video_medium,pg_bytea,3,tsinghua_v_0209_r03.mp4,13091522,0.358898,1,
write,write,,,video_medium,mongo_gridfs,3,tsinghua_v_0209_r03.mp4,13091522,0.117230,1,
write,write,,,video_medium,pg_bytea,3,tsinghua_v_0226_r03.mp4,13091522,0.361708,1,
write,write,,,video_medium,mongo_gridfs,3,tsinghua_v_0226_r03.mp4,13091522,0.117516,1,
write,write,,,video_medium,polyglot,3,tsinghua_v_0226_r03.mp4,13091522,0.095818,1,
write,write,,,video_medium,pg_bytea,3,tsinghua_v_0236_r03.mp4,13091522,0.408808,1,
write,write,,,video_medium,polyglot,3,tsinghua_v_0236_r03.mp4,13091522,0.276475,1,
write,write,,,video_medium,mongo_gridfs,3,tsinghua_v_0236_r03.mp4,13091522,0.157250,1,
write,write,,,video_medium,mongo_gridfs,3,tsinghua_v_0274_r03.mp4,13091522,0.119345,1,
write,write,,,video_medium,pg_bytea,3,tsinghua_v_0274_r03.mp4,13091522,0.381469,1,
write,write,,,video_medium,polyglot,3,tsinghua_v_0274_r03.mp4,13091522,0.111273,1,
write,write,,,video_medium,polyglot,3,tsinghua_v_0280_r03.mp4,13091522,0.902317,1,
write,write,,,video_medium,mongo_gridfs,3,tsinghua_v_0280_r03.mp4,13091522,0.112905,1,
write,write,,,video_medium,pg_bytea,3,tsinghua_v_0280_r03.mp4,13091522,0.356846,1,
write,write,,,video_medium,polyglot,3,tsinghua_v_0302_r03.mp4,13091522,0.089760,1,
write,write,,,video_medium,mongo_gridfs,3,tsinghua_v_0302_r03.mp4,13091522,0.096345,1,
write,write,,,video_medium,pg_bytea,3,tsinghua_v_0302_r03.mp4,13091522,0.340639,1,
write,write,,,video_medium,polyglot,3,tsinghua_v_0311_r03.mp4,13091522,0.098728,1,
write,write,,,video_medium,pg_bytea,3,tsinghua_v_0311_r03.mp4,13091522,0.352261,1,
write,write,,,video_medium,mongo_gridfs,3,tsinghua_v_0311_r03.mp4,13091522,0.097676,1,
write,write,,,video_medium,pg_bytea,3,tsinghua_v_0316_r03.mp4,13091522,0.333129,1,
write,write,,,video_medium,polyglot,3,tsinghua_v_0316_r03.mp4,13091522,0.094537,1,
write,write,,,video_medium,mongo_gridfs,3,tsinghua_v_0316_r03.mp4,13091522,0.102385,1,
write,write,,,video_medium,polyglot,3,tsinghua_v_0319_r03.mp4,13091522,0.111041,1,
write,write,,,video_medium,mongo_gridfs,3,tsinghua_v_0319_r03.mp4,13091522,0.110190,1,
write,write,,,video_medium,pg_bytea,3,tsinghua_v_0319_r03.mp4,13091522,0.406001,1,
write,write,,,video_medium,polyglot,3,tsinghua_v_0321_r03.mp4,13091522,0.155528,1,
write,write,,,video_medium,mongo_gridfs,3,tsinghua_v_0321_r03.mp4,13091522,0.109862,1,
write,write,,,video_medium,pg_bytea,3,tsinghua_v_0321_r03.mp4,13091522,0.488808,1,
write,write,,,video_medium,mongo_gridfs,3,tsinghua_v_0331_r03.mp4,13091522,0.118042,1,
write,write,,,video_medium,pg_bytea,3,tsinghua_v_0331_r03.mp4,13091522,0.347765,1,
write,write,,,video_medium,polyglot,3,tsinghua_v_0331_r03.mp4,13091522,0.106765,1,
write,write,,,video_medium,pg_bytea,3,tsinghua_v_0345_r03.mp4,13091522,0.433626,1,
write,write,,,video_medium,polyglot,3,tsinghua_v_0345_r03.mp4,13091522,0.108940,1,
write,write,,,video_medium,mongo_gridfs,3,tsinghua_v_0345_r03.mp4,13091522,0.105393,1,
write,write,,,video_medium,polyglot,3,tsinghua_v_0356_r03.mp4,13091522,0.108771,1,
write,write,,,video_medium,pg_bytea,3,tsinghua_v_0356_r03.mp4,13091522,0.380981,1,
write,write,,,video_medium,mongo_gridfs,3,tsinghua_v_0356_r03.mp4,13091522,0.106310,1,
write,write,,,video_medium,pg_bytea,3,tsinghua_v_0357_r03.mp4,13091522,0.332820,1,
write,write,,,video_medium,mongo_gridfs,3,tsinghua_v_0357_r03.mp4,13091522,0.121953,1,
write,write,,,video_medium,polyglot,3,tsinghua_v_0357_r03.mp4,13091522,0.143851,1,
write,write,,,video_medium,pg_bytea,3,tsinghua_v_0379_r03.mp4,13091522,0.594921,1,
write,write,,,video_medium,mongo_gridfs,3,tsinghua_v_0379_r03.mp4,13091522,0.108016,1,
write,write,,,video_medium,polyglot,3,tsinghua_v_0379_r03.mp4,13091522,0.115284,1,
write,write,,,video_medium,mongo_gridfs,3,tsinghua_v_0393_r03.mp4,13091522,0.101762,1,
write,write,,,video_medium,pg_bytea,3,tsinghua_v_0393_r03.mp4,13091522,0.348844,1,
write,write,,,video_medium,polyglot,3,tsinghua_v_0393_r03.mp4,13091522,0.097559,1,
write,write,,,video_medium,mongo_gridfs,3,tsinghua_v_0421_r03.mp4,13091522,0.097910,1,
write,write,,,video_medium,polyglot,3,tsinghua_v_0421_r03.mp4,13091522,0.102822,1,
write,write,,,video_medium,pg_bytea,3,tsinghua_v_0421_r03.mp4,13091522,0.412354,1,
write,write,,,video_medium,pg_bytea,3,tsinghua_v_0424_r03.mp4,13091522,0.328594,1,
write,write,,,video_medium,mongo_gridfs,3,tsinghua_v_0424_r03.mp4,13091522,0.141770,1,
write,write,,,video_medium,polyglot,3,tsinghua_v_0424_r03.mp4,13091522,0.113138,1,
write,write,,,video_medium,polyglot,3,tsinghua_v_0427_r03.mp4,13091522,0.177017,1,
write,write,,,video_medium,mongo_gridfs,3,tsinghua_v_0427_r03.mp4,13091522,0.156009,1,
write,write,,,video_medium,pg_bytea,3,tsinghua_v_0427_r03.mp4,13091522,0.385678,1,
write,write,,,video_medium,pg_bytea,3,tsinghua_v_0431_r03.mp4,13091522,0.366750,1,
write,write,,,video_medium,mongo_gridfs,3,tsinghua_v_0431_r03.mp4,13091522,0.116429,1,
write,write,,,video_medium,polyglot,3,tsinghua_v_0431_r03.mp4,13091522,0.107547,1,
write,write,,,video_medium,polyglot,3,tsinghua_v_0452_r03.mp4,13091522,0.204563,1,
write,write,,,video_medium,pg_bytea,3,tsinghua_v_0452_r03.mp4,13091522,0.969886,1,
write,write,,,video_medium,mongo_gridfs,3,tsinghua_v_0452_r03.mp4,13091522,0.104659,1,
write,write,,,video_medium,mongo_gridfs,3,tsinghua_v_0454_r03.mp4,13091522,0.101519,1,
write,write,,,video_medium,pg_bytea,3,tsinghua_v_0454_r03.mp4,13091522,0.343046,1,
write,write,,,video_medium,polyglot,3,tsinghua_v_0454_r03.mp4,13091522,0.099216,1,
write,write,,,video_medium,pg_bytea,3,tsinghua_v_0457_r03.mp4,13091522,0.367522,1,
write,write,,,video_medium,mongo_gridfs,3,tsinghua_v_0457_r03.mp4,13091522,0.120706,1,
write,write,,,video_medium,polyglot,3,tsinghua_v_0457_r03.mp4,13091522,0.114923,1,
write,write,,,video_medium,mongo_gridfs,3,tsinghua_v_0466_r03.mp4,13091522,0.105237,1,
write,write,,,video_medium,pg_bytea,3,tsinghua_v_0466_r03.mp4,13091522,0.353986,1,
write,write,,,video_medium,polyglot,3,tsinghua_v_0466_r03.mp4,13091522,0.098040,1,
write,write,,,video_medium,mongo_gridfs,3,tsinghua_v_0471_r03.mp4,13091522,0.095308,1,
write,write,,,video_medium,pg_bytea,3,tsinghua_v_0471_r03.mp4,13091522,0.360518,1,
write,write,,,video_medium,polyglot,3,tsinghua_v_0471_r03.mp4,13091522,0.099977,1,
write,write,,,video_medium,polyglot,3,tsinghua_v_0472_r03.mp4,13091522,0.101195,1,
write,write,,,video_medium,mongo_gridfs,3,tsinghua_v_0472_r03.mp4,13091522,0.111989,1,
write,write,,,video_medium,pg_bytea,3,tsinghua_v_0472_r03.mp4,13091522,0.417624,1,
write,write,,,video_medium,polyglot,3,tsinghua_v_0494_r03.mp4,13091522,0.100395,1,
write,write,,,video_medium,mongo_gridfs,3,tsinghua_v_0494_r03.mp4,13091522,0.096618,1,
write,write,,,video_medium,pg_bytea,3,tsinghua_v_0494_r03.mp4,13091522,0.348989,1,
write,write,,,video_medium,pg_bytea,3,tsinghua_v_0503_r03.mp4,13091522,0.359695,1,
write,write,,,video_medium,mongo_gridfs,3,tsinghua_v_0503_r03.mp4,13091522,0.117957,1,
write,write,,,video_medium,polyglot,3,tsinghua_v_0503_r03.mp4,13091522,0.107792,1,
write,write,,,video_medium,mongo_gridfs,3,tsinghua_v_0509_r03.mp4,13091522,0.101822,1,
write,write,,,video_medium,polyglot,3,tsinghua_v_0509_r03.mp4,13091522,0.101871,1,
write,write,,,video_medium,pg_bytea,3,tsinghua_v_0509_r03.mp4,13091522,0.379665,1,
write,write,,,video_medium,pg_bytea,3,tsinghua_v_0523_r03.mp4,13091522,0.359735,1,
write,write,,,video_medium,mongo_gridfs,3,tsinghua_v_0523_r03.mp4,13091522,0.105786,1,
write,write,,,video_medium,polyglot,3,tsinghua_v_0523_r03.mp4,13091522,0.106629,1,
write,write,,,video_medium,polyglot,3,tsinghua_v_0546_r03.mp4,13091522,0.096961,1,
write,write,,,video_medium,mongo_gridfs,3,tsinghua_v_0546_r03.mp4,13091522,0.120161,1,
write,write,,,video_medium,pg_bytea,3,tsinghua_v_0546_r03.mp4,13091522,0.673299,1,
write,write,,,video_medium,polyglot,3,tsinghua_v_0568_r03.mp4,13091522,0.105477,1,
write,write,,,video_medium,mongo_gridfs,3,tsinghua_v_0568_r03.mp4,13091522,0.207166,1,
write,write,,,video_medium,pg_bytea,3,tsinghua_v_0568_r03.mp4,13091522,0.375060,1,
write,write,,,video_medium,polyglot,3,tsinghua_v_0594_r03.mp4,13091522,0.094726,1,
write,write,,,video_medium,pg_bytea,3,tsinghua_v_0594_r03.mp4,13091522,0.319569,1,
write,write,,,video_medium,mongo_gridfs,3,tsinghua_v_0594_r03.mp4,13091522,0.100791,1,
write,write,,,video_medium,mongo_gridfs,3,tsinghua_v_0596_r03.mp4,13091522,0.097393,1,
write,write,,,video_medium,pg_bytea,3,tsinghua_v_0596_r03.mp4,13091522,1.063296,1,
write,write,,,video_medium,polyglot,3,tsinghua_v_0596_r03.mp4,13091522,0.095466,1,
write,write,,,video_medium,pg_bytea,3,tsinghua_v_0635_r03.mp4,13091522,0.979985,1,
write,write,,,video_medium,polyglot,3,tsinghua_v_0635_r03.mp4,13091522,0.532163,1,
write,write,,,video_medium,mongo_gridfs,3,tsinghua_v_0635_r03.mp4,13091522,0.115315,1,
write,write,,,video_medium,pg_bytea,3,tsinghua_v_0653_r03.mp4,13091522,1.239686,1,
write,write,,,video_medium,mongo_gridfs,3,tsinghua_v_0653_r03.mp4,13091522,0.104954,1,
write,write,,,video_medium,polyglot,3,tsinghua_v_0653_r03.mp4,13091522,0.302900,1,
write,write,,,video_medium,pg_bytea,3,tsinghua_v_0667_r03.mp4,13091522,0.399816,1,
write,write,,,video_medium,mongo_gridfs,3,tsinghua_v_0667_r03.mp4,13091522,0.105923,1,
write,write,,,video_medium,polyglot,3,tsinghua_v_0667_r03.mp4,13091522,0.109579,1,
write,write,,,video_medium,mongo_gridfs,3,tsinghua_v_0673_r03.mp4,13091522,0.110703,1,
write,write,,,video_medium,polyglot,3,tsinghua_v_0673_r03.mp4,13091522,0.107382,1,
write,write,,,video_medium,pg_bytea,3,tsinghua_v_0673_r03.mp4,13091522,0.366380,1,
write,write,,,video_medium,polyglot,3,tsinghua_v_0681_r03.mp4,13091522,0.113241,1,
write,write,,,video_medium,pg_bytea,3,tsinghua_v_0681_r03.mp4,13091522,0.425757,1,
write,write,,,video_medium,mongo_gridfs,3,tsinghua_v_0681_r03.mp4,13091522,0.102960,1,
write,write,,,video_medium,pg_bytea,3,tsinghua_v_0690_r03.mp4,13091522,0.352516,1,
write,write,,,video_medium,mongo_gridfs,3,tsinghua_v_0690_r03.mp4,13091522,0.107061,1,
write,write,,,video_medium,polyglot,3,tsinghua_v_0690_r03.mp4,13091522,0.112172,1,
write,write,,,video_medium,pg_bytea,3,tsinghua_v_0692_r03.mp4,13091522,0.472047,1,
write,write,,,video_medium,polyglot,3,tsinghua_v_0692_r03.mp4,13091522,0.112670,1,
write,write,,,video_medium,mongo_gridfs,3,tsinghua_v_0692_r03.mp4,13091522,0.112908,1,
write,write,,,video_medium,mongo_gridfs,3,tsinghua_v_0696_r03.mp4,13091522,0.097169,1,
write,write,,,video_medium,pg_bytea,3,tsinghua_v_0696_r03.mp4,13091522,0.367407,1,
write,write,,,video_medium,polyglot,3,tsinghua_v_0696_r03.mp4,13091522,0.103880,1,
write,write,,,video_medium,polyglot,3,tsinghua_v_0734_r03.mp4,13091522,0.148515,1,
write,write,,,video_medium,pg_bytea,3,tsinghua_v_0734_r03.mp4,13091522,0.357584,1,
write,write,,,video_medium,mongo_gridfs,3,tsinghua_v_0734_r03.mp4,13091522,0.101049,1,
write,write,,,video_medium,mongo_gridfs,3,tsinghua_v_0737_r03.mp4,13091522,0.098919,1,
write,write,,,video_medium,pg_bytea,3,tsinghua_v_0737_r03.mp4,13091522,0.351221,1,
write,write,,,video_medium,polyglot,3,tsinghua_v_0737_r03.mp4,13091522,0.119705,1,
write,write,,,video_medium,mongo_gridfs,3,tsinghua_v_0744_r03.mp4,13091522,0.109581,1,
write,write,,,video_medium,polyglot,3,tsinghua_v_0744_r03.mp4,13091522,0.098233,1,
write,write,,,video_medium,pg_bytea,3,tsinghua_v_0744_r03.mp4,13091522,0.416368,1,
write,write,,,video_medium,pg_bytea,3,tsinghua_v_0745_r03.mp4,13091522,0.348163,1,
write,write,,,video_medium,mongo_gridfs,3,tsinghua_v_0745_r03.mp4,13091522,0.188066,1,
write,write,,,video_medium,polyglot,3,tsinghua_v_0745_r03.mp4,13091522,0.185780,1,
write,write,,,video_medium,polyglot,3,tsinghua_v_0769_r03.mp4,13091522,0.101373,1,
write,write,,,video_medium,pg_bytea,3,tsinghua_v_0769_r03.mp4,13091522,0.402190,1,
write,write,,,video_medium,mongo_gridfs,3,tsinghua_v_0769_r03.mp4,13091522,0.137977,1,
write,write,,,video_medium,mongo_gridfs,3,tsinghua_v_0791_r03.mp4,13091522,0.092034,1,
write,write,,,video_medium,pg_bytea,3,tsinghua_v_0791_r03.mp4,13091522,0.395377,1,
write,write,,,video_medium,polyglot,3,tsinghua_v_0791_r03.mp4,13091522,0.098196,1,
write,write,,,video_medium,polyglot,3,tsinghua_v_0792_r03.mp4,13091522,0.105066,1,
write,write,,,video_medium,mongo_gridfs,3,tsinghua_v_0792_r03.mp4,13091522,0.102087,1,
write,write,,,video_medium,pg_bytea,3,tsinghua_v_0792_r03.mp4,13091522,0.367095,1,
write,write,,,video_medium,polyglot,3,tsinghua_v_0857_r03.mp4,13091522,0.104877,1,
write,write,,,video_medium,pg_bytea,3,tsinghua_v_0857_r03.mp4,13091522,0.374103,1,
write,write,,,video_medium,mongo_gridfs,3,tsinghua_v_0857_r03.mp4,13091522,0.100451,1,
write,write,,,video_medium,pg_bytea,3,tsinghua_v_0866_r03.mp4,13091522,0.905487,1,
write,write,,,video_medium,mongo_gridfs,3,tsinghua_v_0866_r03.mp4,13091522,0.109540,1,
write,write,,,video_medium,polyglot,3,tsinghua_v_0866_r03.mp4,13091522,0.101781,1,
write,write,,,video_medium,polyglot,3,tsinghua_v_0880_r03.mp4,13091522,0.117980,1,
write,write,,,video_medium,mongo_gridfs,3,tsinghua_v_0880_r03.mp4,13091522,0.121292,1,
write,write,,,video_medium,pg_bytea,3,tsinghua_v_0880_r03.mp4,13091522,0.365773,1,
write,write,,,video_medium,polyglot,3,tsinghua_v_0888_r03.mp4,13091522,0.090911,1,
write,write,,,video_medium,pg_bytea,3,tsinghua_v_0888_r03.mp4,13091522,0.352844,1,
write,write,,,video_medium,mongo_gridfs,3,tsinghua_v_0888_r03.mp4,13091522,0.108446,1,
write,write,,,video_medium,polyglot,3,tsinghua_v_0901_r03.mp4,13091522,0.100567,1,
write,write,,,video_medium,mongo_gridfs,3,tsinghua_v_0901_r03.mp4,13091522,0.099582,1,
write,write,,,video_medium,pg_bytea,3,tsinghua_v_0901_r03.mp4,13091522,0.376246,1,
write,write,,,video_medium,polyglot,3,tsinghua_v_0937_r03.mp4,13091522,0.094086,1,
write,write,,,video_medium,mongo_gridfs,3,tsinghua_v_0937_r03.mp4,13091522,0.118584,1,
write,write,,,video_medium,pg_bytea,3,tsinghua_v_0937_r03.mp4,13091522,0.779425,1,
write,write,,,video_medium,mongo_gridfs,3,tsinghua_v_0939_r03.mp4,13091522,0.171083,1,
write,write,,,video_medium,pg_bytea,3,tsinghua_v_0939_r03.mp4,13091522,0.339499,1,
write,write,,,video_medium,polyglot,3,tsinghua_v_0939_r03.mp4,13091522,0.103626,1,
write,write,,,video_medium,pg_bytea,3,tsinghua_v_0961_r03.mp4,13091522,0.329663,1,
write,write,,,video_medium,polyglot,3,tsinghua_v_0961_r03.mp4,13091522,0.104128,1,
write,write,,,video_medium,mongo_gridfs,3,tsinghua_v_0961_r03.mp4,13091522,0.101442,1,
write,write,,,video_medium,polyglot,3,tsinghua_v_0977_r03.mp4,13091522,0.111716,1,
write,write,,,video_medium,pg_bytea,3,tsinghua_v_0977_r03.mp4,13091522,0.404351,1,
write,write,,,video_medium,mongo_gridfs,3,tsinghua_v_0977_r03.mp4,13091522,0.107744,1,
write,write,,,audio_small,mongo_gridfs,4,03-01-01-01-01-02-19_r04.wav,375720,0.006892,1,
write,write,,,audio_small,pg_bytea,4,03-01-01-01-01-02-19_r04.wav,375720,0.013575,1,
write,write,,,audio_small,polyglot,4,03-01-01-01-01-02-19_r04.wav,375720,0.006206,1,
write,write,,,audio_small,polyglot,4,03-01-01-01-02-02-05_r04.wav,396294,0.025528,1,
write,write,,,audio_small,pg_bytea,4,03-01-01-01-02-02-05_r04.wav,396294,0.010658,1,
write,write,,,audio_small,mongo_gridfs,4,03-01-01-01-02-02-05_r04.wav,396294,0.005437,1,
write,write,,,audio_small,pg_bytea,4,03-01-01-01-02-02-06_r04.wav,363108,0.009440,1,
write,write,,,audio_small,mongo_gridfs,4,03-01-01-01-02-02-06_r04.wav,363108,0.005124,1,
write,write,,,audio_small,polyglot,4,03-01-01-01-02-02-06_r04.wav,363108,0.005728,1,
write,write,,,audio_small,pg_bytea,4,03-01-01-01-02-02-07_r04.wav,363108,0.018076,1,
write,write,,,audio_small,polyglot,4,03-01-01-01-02-02-07_r04.wav,363108,0.005916,1,
write,write,,,audio_small,mongo_gridfs,4,03-01-01-01-02-02-07_r04.wav,363108,0.004609,1,
write,write,,,audio_small,pg_bytea,4,03-01-01-01-02-02-11_r04.wav,375720,0.018035,1,
write,write,,,audio_small,polyglot,4,03-01-01-01-02-02-11_r04.wav,375720,0.006088,1,
write,write,,,audio_small,mongo_gridfs,4,03-01-01-01-02-02-11_r04.wav,375720,0.005209,1,
write,write,,,audio_small,pg_bytea,4,03-01-01-01-02-02-12_r04.wav,372698,0.013065,1,
write,write,,,audio_small,mongo_gridfs,4,03-01-01-01-02-02-12_r04.wav,372698,0.006898,1,
write,write,,,audio_small,polyglot,4,03-01-01-01-02-02-12_r04.wav,372698,0.004732,1,
write,write,,,audio_small,polyglot,4,03-01-01-01-02-02-13_r04.wav,363108,0.005265,1,
write,write,,,audio_small,pg_bytea,4,03-01-01-01-02-02-13_r04.wav,363108,0.014252,1,
write,write,,,audio_small,mongo_gridfs,4,03-01-01-01-02-02-13_r04.wav,363108,0.011872,1,
write,write,,,audio_small,pg_bytea,4,03-01-01-02-01-02-05_r04.wav,393086,0.010508,1,
write,write,,,audio_small,polyglot,4,03-01-01-02-01-02-05_r04.wav,393086,0.006424,1,
write,write,,,audio_small,mongo_gridfs,4,03-01-01-02-01-02-05_r04.wav,393086,0.005288,1,
write,write,,,audio_small,mongo_gridfs,4,03-01-01-02-01-02-06_r04.wav,363108,0.004370,1,
write,write,,,audio_small,polyglot,4,03-01-01-02-01-02-06_r04.wav,363108,0.004405,1,
write,write,,,audio_small,pg_bytea,4,03-01-01-02-01-02-06_r04.wav,363108,0.021679,1,
write,write,,,audio_small,polyglot,4,03-01-01-02-01-02-07_r04.wav,372698,0.004630,1,
write,write,,,audio_small,pg_bytea,4,03-01-01-02-01-02-07_r04.wav,372698,0.010596,1,
write,write,,,audio_small,mongo_gridfs,4,03-01-01-02-01-02-07_r04.wav,372698,0.003821,1,
write,write,,,audio_small,polyglot,4,03-01-01-02-01-02-13_r04.wav,399494,0.004486,1,
write,write,,,audio_small,pg_bytea,4,03-01-01-02-01-02-13_r04.wav,399494,0.012606,1,
write,write,,,audio_small,mongo_gridfs,4,03-01-01-02-01-02-13_r04.wav,399494,0.007539,1,
write,write,,,audio_small,pg_bytea,4,03-01-01-02-02-02-19_r04.wav,372698,0.010542,1,
write,write,,,audio_small,mongo_gridfs,4,03-01-01-02-02-02-19_r04.wav,372698,0.011314,1,
write,write,,,audio_small,polyglot,4,03-01-01-02-02-02-19_r04.wav,372698,0.006154,1,
write,write,,,audio_small,mongo_gridfs,4,03-01-02-01-01-01-19_r04.wav,372698,0.006219,1,
write,write,,,audio_small,pg_bytea,4,03-01-02-01-01-01-19_r04.wav,372698,0.011225,1,
write,write,,,audio_small,polyglot,4,03-01-02-01-01-01-19_r04.wav,372698,0.005043,1,
write,write,,,audio_small,pg_bytea,4,03-01-02-01-02-01-06_r04.wav,363108,0.009408,1,
write,write,,,audio_small,polyglot,4,03-01-02-01-02-01-06_r04.wav,363108,0.004704,1,
write,write,,,audio_small,mongo_gridfs,4,03-01-02-01-02-01-06_r04.wav,363108,0.004181,1,
write,write,,,audio_small,mongo_gridfs,4,03-01-02-01-02-01-07_r04.wav,399494,0.004460,1,
write,write,,,audio_small,polyglot,4,03-01-02-01-02-01-07_r04.wav,399494,0.004984,1,
write,write,,,audio_small,pg_bytea,4,03-01-02-01-02-01-07_r04.wav,399494,0.008959,1,
write,write,,,audio_small,mongo_gridfs,4,03-01-02-01-02-01-11_r04.wav,375720,0.004111,1,
write,write,,,audio_small,pg_bytea,4,03-01-02-01-02-01-11_r04.wav,375720,0.016071,1,
write,write,,,audio_small,polyglot,4,03-01-02-01-02-01-11_r04.wav,375720,0.007208,1,
write,write,,,audio_small,polyglot,4,03-01-02-01-02-01-12_r04.wav,372698,0.005711,1,
write,write,,,audio_small,mongo_gridfs,4,03-01-02-01-02-01-12_r04.wav,372698,0.005094,1,
write,write,,,audio_small,pg_bytea,4,03-01-02-01-02-01-12_r04.wav,372698,0.012550,1,
write,write,,,audio_small,mongo_gridfs,4,03-01-02-01-02-01-13_r04.wav,379106,0.005991,1,
write,write,,,audio_small,pg_bytea,4,03-01-02-01-02-01-13_r04.wav,379106,0.009924,1,
write,write,,,audio_small,polyglot,4,03-01-02-01-02-01-13_r04.wav,379106,0.006130,1,
write,write,,,audio_small,polyglot,4,03-01-02-02-01-01-05_r04.wav,363108,0.008396,1,
write,write,,,audio_small,pg_bytea,4,03-01-02-02-01-01-05_r04.wav,363108,0.011173,1,
write,write,,,audio_small,mongo_gridfs,4,03-01-02-02-01-01-05_r04.wav,363108,0.005251,1,
write,write,,,audio_small,mongo_gridfs,4,03-01-02-02-01-01-11_r04.wav,363108,0.005535,1,
write,write,,,audio_small,pg_bytea,4,03-01-02-02-01-01-11_r04.wav,363108,0.009810,1,
write,write,,,audio_small,polyglot,4,03-01-02-02-01-01-11_r04.wav,363108,0.004181,1,
write,write,,,audio_small,pg_bytea,4,03-01-02-02-01-01-12_r04.wav,399494,0.009072,1,
write,write,,,audio_small,mongo_gridfs,4,03-01-02-02-01-01-12_r04.wav,399494,0.004771,1,
write,write,,,audio_small,polyglot,4,03-01-02-02-01-01-12_r04.wav,399494,0.005635,1,
write,write,,,audio_small,pg_bytea,4,03-01-02-02-01-01-13_r04.wav,399494,0.015384,1,
write,write,,,audio_small,polyglot,4,03-01-02-02-01-01-13_r04.wav,399494,0.005399,1,
write,write,,,audio_small,mongo_gridfs,4,03-01-02-02-01-01-13_r04.wav,399494,0.004607,1,
write,write,,,audio_small,polyglot,4,03-01-02-02-02-01-19_r04.wav,379106,0.004522,1,
write,write,,,audio_small,pg_bytea,4,03-01-02-02-02-01-19_r04.wav,379106,0.009269,1,
write,write,,,audio_small,mongo_gridfs,4,03-01-02-02-02-01-19_r04.wav,379106,0.004146,1,
write,write,,,audio_small,polyglot,4,03-01-03-01-01-02-05_r04.wav,396294,0.006691,1,
write,write,,,audio_small,pg_bytea,4,03-01-03-01-01-02-05_r04.wav,396294,0.013564,1,
write,write,,,audio_small,mongo_gridfs,4,03-01-03-01-01-02-05_r04.wav,396294,0.004777,1,
write,write,,,audio_small,mongo_gridfs,4,03-01-03-01-01-02-07_r04.wav,393086,0.004547,1,
write,write,,,audio_small,pg_bytea,4,03-01-03-01-01-02-07_r04.wav,393086,0.011856,1,
write,write,,,audio_small,polyglot,4,03-01-03-01-01-02-07_r04.wav,393086,0.007343,1,
write,write,,,audio_small,polyglot,4,03-01-03-01-01-02-12_r04.wav,399494,0.009815,1,
write,write,,,audio_small,pg_bytea,4,03-01-03-01-01-02-12_r04.wav,399494,0.010256,1,
write,write,,,audio_small,mongo_gridfs,4,03-01-03-01-01-02-12_r04.wav,399494,0.005212,1,
write,write,,,audio_small,pg_bytea,4,03-01-03-01-01-02-13_r04.wav,399494,0.011934,1,
write,write,,,audio_small,polyglot,4,03-01-03-01-01-02-13_r04.wav,399494,0.006222,1,
write,write,,,audio_small,mongo_gridfs,4,03-01-03-01-01-02-13_r04.wav,399494,0.005162,1,
write,write,,,audio_small,mongo_gridfs,4,03-01-03-01-02-02-18_r04.wav,393086,0.005419,1,
write,write,,,audio_small,polyglot,4,03-01-03-01-02-02-18_r04.wav,393086,0.006251,1,
write,write,,,audio_small,pg_bytea,4,03-01-03-01-02-02-18_r04.wav,393086,0.010192,1,
write,write,,,audio_small,polyglot,4,03-01-03-01-02-02-19_r04.wav,399494,0.006213,1,
write,write,,,audio_small,pg_bytea,4,03-01-03-01-02-02-19_r04.wav,399494,0.009533,1,
write,write,,,audio_small,mongo_gridfs,4,03-01-03-01-02-02-19_r04.wav,399494,0.005174,1,
write,write,,,audio_small,mongo_gridfs,4,03-01-03-02-01-02-18_r04.wav,396294,0.004476,1,
write,write,,,audio_small,polyglot,4,03-01-03-02-01-02-18_r04.wav,396294,0.004559,1,
write,write,,,audio_small,pg_bytea,4,03-01-03-02-01-02-18_r04.wav,396294,0.009310,1,
write,write,,,audio_small,mongo_gridfs,4,03-01-03-02-01-02-19_r04.wav,372698,0.004570,1,
write,write,,,audio_small,pg_bytea,4,03-01-03-02-01-02-19_r04.wav,372698,0.016057,1,
write,write,,,audio_small,polyglot,4,03-01-03-02-01-02-19_r04.wav,372698,0.005620,1,
write,write,,,audio_small,polyglot,4,03-01-03-02-02-02-04_r04.wav,379106,0.004381,1,
write,write,,,audio_small,mongo_gridfs,4,03-01-03-02-02-02-04_r04.wav,379106,0.004032,1,
write,write,,,audio_small,pg_bytea,4,03-01-03-02-02-02-04_r04.wav,379106,0.009051,1,
write,write,,,audio_small,mongo_gridfs,4,03-01-03-02-02-02-06_r04.wav,399494,0.004483,1,
write,write,,,audio_small,polyglot,4,03-01-03-02-02-02-06_r04.wav,399494,0.004534,1,
write,write,,,audio_small,pg_bytea,4,03-01-03-02-02-02-06_r04.wav,399494,0.012025,1,
write,write,,,audio_small,mongo_gridfs,4,03-01-03-02-02-02-07_r04.wav,393086,0.005415,1,
write,write,,,audio_small,pg_bytea,4,03-01-03-02-02-02-07_r04.wav,393086,0.018432,1,
write,write,,,audio_small,polyglot,4,03-01-03-02-02-02-07_r04.wav,393086,0.005493,1,
write,write,,,audio_small,polyglot,4,03-01-03-02-02-02-10_r04.wav,375720,0.004304,1,
write,write,,,audio_small,pg_bytea,4,03-01-03-02-02-02-10_r04.wav,375720,0.013035,1,
write,write,,,audio_small,mongo_gridfs,4,03-01-03-02-02-02-10_r04.wav,375720,0.004803,1,
write,write,,,audio_small,pg_bytea,4,03-01-03-02-02-02-11_r04.wav,396294,0.012411,1,
write,write,,,audio_small,polyglot,4,03-01-03-02-02-02-11_r04.wav,396294,0.004627,1,
write,write,,,audio_small,mongo_gridfs,4,03-01-03-02-02-02-11_r04.wav,396294,0.004466,1,
write,write,,,audio_small,mongo_gridfs,4,03-01-03-02-02-02-13_r04.wav,399494,0.004155,1,
write,write,,,audio_small,polyglot,4,03-01-03-02-02-02-13_r04.wav,399494,0.004282,1,
write,write,,,audio_small,pg_bytea,4,03-01-03-02-02-02-13_r04.wav,399494,0.014251,1,
write,write,,,audio_small,mongo_gridfs,4,03-01-04-01-01-02-01_r04.wav,396294,0.005848,1,
write,write,,,audio_small,polyglot,4,03-01-04-01-01-02-01_r04.wav,396294,0.004914,1,
write,write,,,audio_small,pg_bytea,4,03-01-04-01-01-02-01_r04.wav,396294,0.011278,1,
write,write,,,audio_small,mongo_gridfs,4,03-01-04-01-01-02-02_r04.wav,379106,0.005229,1,
write,write,,,audio_small,pg_bytea,4,03-01-04-01-01-02-02_r04.wav,379106,0.011349,1,
write,write,,,audio_small,polyglot,4,03-01-04-01-01-02-02_r04.wav,379106,0.005559,1,
write,write,,,audio_small,polyglot,4,03-01-04-01-01-02-16_r04.wav,379106,0.005423,1,
write,write,,,audio_small,mongo_gridfs,4,03-01-04-01-01-02-16_r04.wav,379106,0.005761,1,
write,write,,,audio_small,pg_bytea,4,03-01-04-01-01-02-16_r04.wav,379106,0.009382,1,
write,write,,,audio_small,mongo_gridfs,4,03-01-04-01-02-02-08_r04.wav,372698,0.005065,1,
write,write,,,audio_small,pg_bytea,4,03-01-04-01-02-02-08_r04.wav,372698,0.009852,1,
write,write,,,audio_small,polyglot,4,03-01-04-01-02-02-08_r04.wav,372698,0.004769,1,
write,write,,,audio_small,polyglot,4,03-01-04-01-02-02-09_r04.wav,363108,0.004142,1,
write,write,,,audio_small,pg_bytea,4,03-01-04-01-02-02-09_r04.wav,363108,0.142534,1,
write,write,,,audio_small,mongo_gridfs,4,03-01-04-01-02-02-09_r04.wav,363108,0.007668,1,
write,write,,,audio_small,pg_bytea,4,03-01-04-01-02-02-20_r04.wav,396294,0.020504,1,
write,write,,,audio_small,polyglot,4,03-01-04-01-02-02-20_r04.wav,396294,0.006360,1,
write,write,,,audio_small,mongo_gridfs,4,03-01-04-01-02-02-20_r04.wav,396294,0.004909,1,
write,write,,,audio_small,pg_bytea,4,03-01-04-01-02-02-21_r04.wav,363108,0.016026,1,
write,write,,,audio_small,mongo_gridfs,4,03-01-04-01-02-02-21_r04.wav,363108,0.005774,1,
write,write,,,audio_small,polyglot,4,03-01-04-01-02-02-21_r04.wav,363108,0.004966,1,
write,write,,,audio_small,mongo_gridfs,4,03-01-04-01-02-02-22_r04.wav,372698,0.004340,1,
write,write,,,audio_small,pg_bytea,4,03-01-04-01-02-02-22_r04.wav,372698,0.010997,1,
write,write,,,audio_small,polyglot,4,03-01-04-01-02-02-22_r04.wav,372698,0.005908,1,
write,write,,,audio_small,pg_bytea,4,03-01-04-01-02-02-23_r04.wav,363108,0.009066,1,
write,write,,,audio_small,polyglot,4,03-01-04-01-02-02-23_r04.wav,363108,0.005084,1,
write,write,,,audio_small,mongo_gridfs,4,03-01-04-01-02-02-23_r04.wav,363108,0.004152,1,
write,write,,,audio_small,polyglot,4,03-01-04-02-01-02-09_r04.wav,379106,0.005265,1,
write,write,,,audio_small,mongo_gridfs,4,03-01-04-02-01-02-09_r04.wav,379106,0.006480,1,
write,write,,,audio_small,pg_bytea,4,03-01-04-02-01-02-09_r04.wav,379106,0.009101,1,
write,write,,,audio_small,polyglot,4,03-01-04-02-01-02-20_r04.wav,379106,0.005877,1,
write,write,,,audio_small,mongo_gridfs,4,03-01-04-02-01-02-20_r04.wav,379106,0.004453,1,
write,write,,,audio_small,pg_bytea,4,03-01-04-02-01-02-20_r04.wav,379106,0.010317,1,
write,write,,,audio_small,mongo_gridfs,4,03-01-04-02-01-02-21_r04.wav,393086,0.006141,1,
write,write,,,audio_small,polyglot,4,03-01-04-02-01-02-21_r04.wav,393086,0.006002,1,
write,write,,,audio_small,pg_bytea,4,03-01-04-02-01-02-21_r04.wav,393086,0.009883,1,
write,write,,,audio_small,pg_bytea,4,03-01-04-02-01-02-22_r04.wav,379106,0.010051,1,
write,write,,,audio_small,polyglot,4,03-01-04-02-01-02-22_r04.wav,379106,0.006130,1,
write,write,,,audio_small,mongo_gridfs,4,03-01-04-02-01-02-22_r04.wav,379106,0.004796,1,
write,write,,,audio_small,mongo_gridfs,4,03-01-04-02-02-02-14_r04.wav,375720,0.004466,1,
write,write,,,audio_small,polyglot,4,03-01-04-02-02-02-14_r04.wav,375720,0.004970,1,
write,write,,,audio_small,pg_bytea,4,03-01-04-02-02-02-14_r04.wav,375720,0.010866,1,
write,write,,,audio_small,pg_bytea,4,03-01-04-02-02-02-15_r04.wav,379106,0.011795,1,
write,write,,,audio_small,polyglot,4,03-01-04-02-02-02-15_r04.wav,379106,0.006050,1,
write,write,,,audio_small,mongo_gridfs,4,03-01-04-02-02-02-15_r04.wav,379106,0.006055,1,
write,write,,,audio_small,pg_bytea,4,03-01-04-02-02-02-16_r04.wav,375720,0.012766,1,
write,write,,,audio_small,polyglot,4,03-01-04-02-02-02-16_r04.wav,375720,0.005637,1,
write,write,,,audio_small,mongo_gridfs,4,03-01-04-02-02-02-16_r04.wav,375720,0.006861,1,
write,write,,,audio_small,pg_bytea,4,03-01-04-02-02-02-17_r04.wav,363108,0.012293,1,
write,write,,,audio_small,mongo_gridfs,4,03-01-04-02-02-02-17_r04.wav,363108,0.005820,1,
write,write,,,audio_small,polyglot,4,03-01-04-02-02-02-17_r04.wav,363108,0.005491,1,
write,write,,,audio_small,polyglot,4,03-01-05-01-01-01-09_r04.wav,393086,0.005636,1,
write,write,,,audio_small,pg_bytea,4,03-01-05-01-01-01-09_r04.wav,393086,0.010669,1,
write,write,,,audio_small,mongo_gridfs,4,03-01-05-01-01-01-09_r04.wav,393086,0.007518,1,
write,write,,,audio_small,polyglot,4,03-01-05-01-01-01-22_r04.wav,393086,0.005643,1,
write,write,,,audio_small,mongo_gridfs,4,03-01-05-01-01-01-22_r04.wav,393086,0.004720,1,
write,write,,,audio_small,pg_bytea,4,03-01-05-01-01-01-22_r04.wav,393086,0.010597,1,
write,write,,,audio_small,mongo_gridfs,4,03-01-05-01-02-01-02_r04.wav,372698,0.005157,1,
write,write,,,audio_small,polyglot,4,03-01-05-01-02-01-02_r04.wav,372698,0.004853,1,
write,write,,,audio_small,pg_bytea,4,03-01-05-01-02-01-02_r04.wav,372698,0.011213,1,
write,write,,,audio_small,pg_bytea,4,03-01-05-01-02-01-03_r04.wav,396294,0.010824,1,
write,write,,,audio_small,mongo_gridfs,4,03-01-05-01-02-01-03_r04.wav,396294,0.006092,1,
write,write,,,audio_small,polyglot,4,03-01-05-01-02-01-03_r04.wav,396294,0.005215,1,
write,write,,,audio_small,pg_bytea,4,03-01-05-01-02-01-15_r04.wav,363108,0.010306,1,
write,write,,,audio_small,mongo_gridfs,4,03-01-05-01-02-01-15_r04.wav,363108,0.005039,1,
write,write,,,audio_small,polyglot,4,03-01-05-01-02-01-15_r04.wav,363108,0.005281,1,
write,write,,,audio_small,polyglot,4,03-01-05-01-02-01-16_r04.wav,372698,0.005389,1,
write,write,,,audio_small,mongo_gridfs,4,03-01-05-01-02-01-16_r04.wav,372698,0.005490,1,
write,write,,,audio_small,pg_bytea,4,03-01-05-01-02-01-16_r04.wav,372698,0.015817,1,
write,write,,,audio_small,polyglot,4,03-01-05-01-02-01-17_r04.wav,393086,0.006064,1,
write,write,,,audio_small,mongo_gridfs,4,03-01-05-01-02-01-17_r04.wav,393086,0.005567,1,
write,write,,,audio_small,pg_bytea,4,03-01-05-01-02-01-17_r04.wav,393086,0.010431,1,
write,write,,,audio_small,mongo_gridfs,4,03-01-05-02-01-01-01_r04.wav,372698,0.006734,1,
write,write,,,audio_small,pg_bytea,4,03-01-05-02-01-01-01_r04.wav,372698,0.011063,1,
write,write,,,audio_small,polyglot,4,03-01-05-02-01-01-01_r04.wav,372698,0.005919,1,
write,write,,,audio_small,pg_bytea,4,03-01-05-02-01-01-02_r04.wav,375720,0.009998,1,
write,write,,,audio_small,polyglot,4,03-01-05-02-01-01-02_r04.wav,375720,0.005371,1,
write,write,,,audio_small,mongo_gridfs,4,03-01-05-02-01-01-02_r04.wav,375720,0.004742,1,
write,write,,,audio_small,mongo_gridfs,4,03-01-05-02-01-01-03_r04.wav,372698,0.004907,1,
write,write,,,audio_small,pg_bytea,4,03-01-05-02-01-01-03_r04.wav,372698,0.009659,1,
write,write,,,audio_small,polyglot,4,03-01-05-02-01-01-03_r04.wav,372698,0.005037,1,
write,write,,,audio_small,mongo_gridfs,4,03-01-05-02-01-01-15_r04.wav,396294,0.004639,1,
write,write,,,audio_small,polyglot,4,03-01-05-02-01-01-15_r04.wav,396294,0.004884,1,
write,write,,,audio_small,pg_bytea,4,03-01-05-02-01-01-15_r04.wav,396294,0.009917,1,
write,write,,,audio_small,mongo_gridfs,4,03-01-05-02-01-01-16_r04.wav,399494,0.005489,1,
write,write,,,audio_small,pg_bytea,4,03-01-05-02-01-01-16_r04.wav,399494,0.011130,1,
write,write,,,audio_small,polyglot,4,03-01-05-02-01-01-16_r04.wav,399494,0.007148,1,
write,write,,,audio_small,pg_bytea,4,03-01-05-02-01-01-17_r04.wav,363108,0.011508,1,
write,write,,,audio_small,polyglot,4,03-01-05-02-01-01-17_r04.wav,363108,0.005801,1,
write,write,,,audio_small,mongo_gridfs,4,03-01-05-02-01-01-17_r04.wav,363108,0.004902,1,
write,write,,,audio_small,mongo_gridfs,4,03-01-05-02-02-01-09_r04.wav,396294,0.005264,1,
write,write,,,audio_small,polyglot,4,03-01-05-02-02-01-09_r04.wav,396294,0.008649,1,
write,write,,,audio_small,pg_bytea,4,03-01-05-02-02-01-09_r04.wav,396294,0.010204,1,
write,write,,,audio_small,mongo_gridfs,4,03-01-05-02-02-01-21_r04.wav,375720,0.005219,1,
write,write,,,audio_small,polyglot,4,03-01-05-02-02-01-21_r04.wav,375720,0.004715,1,
write,write,,,audio_small,pg_bytea,4,03-01-05-02-02-01-21_r04.wav,375720,0.009479,1,
write,write,,,audio_small,polyglot,4,03-01-05-02-02-01-22_r04.wav,379106,0.005341,1,
write,write,,,audio_small,pg_bytea,4,03-01-05-02-02-01-22_r04.wav,379106,0.008665,1,
write,write,,,audio_small,mongo_gridfs,4,03-01-05-02-02-01-22_r04.wav,379106,0.007579,1,
write,write,,,audio_medium,pg_bytea,4,03-02-01-01-01-02-22_r04.wav,526650,0.015722,1,
write,write,,,audio_medium,polyglot,4,03-02-01-01-01-02-22_r04.wav,526650,0.007790,1,
write,write,,,audio_medium,mongo_gridfs,4,03-02-01-01-01-02-22_r04.wav,526650,0.006642,1,
write,write,,,audio_medium,polyglot,4,03-02-01-01-01-02-23_r04.wav,539464,0.012443,1,
write,write,,,audio_medium,mongo_gridfs,4,03-02-01-01-01-02-23_r04.wav,539464,0.006732,1,
write,write,,,audio_medium,pg_bytea,4,03-02-01-01-01-02-23_r04.wav,539464,0.016902,1,
write,write,,,audio_medium,pg_bytea,4,03-02-01-01-02-02-02_r04.wav,539464,0.015962,1,
write,write,,,audio_medium,polyglot,4,03-02-01-01-02-02-02_r04.wav,539464,0.008187,1,
write,write,,,audio_medium,mongo_gridfs,4,03-02-01-01-02-02-02_r04.wav,539464,0.006938,1,
write,write,,,audio_medium,polyglot,4,03-02-01-01-02-02-03_r04.wav,520242,0.007718,1,
write,write,,,audio_medium,pg_bytea,4,03-02-01-01-02-02-03_r04.wav,520242,0.013614,1,
write,write,,,audio_medium,mongo_gridfs,4,03-02-01-01-02-02-03_r04.wav,520242,0.008277,1,
write,write,,,audio_medium,polyglot,4,03-02-01-01-02-02-16_r04.wav,539464,0.016638,1,
write,write,,,audio_medium,pg_bytea,4,03-02-01-01-02-02-16_r04.wav,539464,0.012462,1,
write,write,,,audio_medium,mongo_gridfs,4,03-02-01-01-02-02-16_r04.wav,539464,0.006851,1,
write,write,,,audio_medium,polyglot,4,03-02-01-01-02-02-17_r04.wav,561888,0.005825,1,
write,write,,,audio_medium,pg_bytea,4,03-02-01-01-02-02-17_r04.wav,561888,0.013584,1,
write,write,,,audio_medium,mongo_gridfs,4,03-02-01-01-02-02-17_r04.wav,561888,0.011163,1,
write,write,,,audio_medium,polyglot,4,03-02-01-02-01-02-01_r04.wav,533056,0.010089,1,
write,write,,,audio_medium,mongo_gridfs,4,03-02-01-02-01-02-01_r04.wav,533056,0.006647,1,
write,write,,,audio_medium,pg_bytea,4,03-02-01-02-01-02-01_r04.wav,533056,0.021738,1,
write,write,,,audio_medium,polyglot,4,03-02-01-02-01-02-02_r04.wav,523448,0.010182,1,
write,write,,,audio_medium,pg_bytea,4,03-02-01-02-01-02-02_r04.wav,523448,0.015925,1,
write,write,,,audio_medium,mongo_gridfs,4,03-02-01-02-01-02-02_r04.wav,523448,0.008534,1,
write,write,,,audio_medium,mongo_gridfs,4,03-02-01-02-01-02-03_r04.wav,533056,0.012119,1,
write,write,,,audio_medium,polyglot,4,03-02-01-02-01-02-03_r04.wav,533056,0.007510,1,
write,write,,,audio_medium,pg_bytea,4,03-02-01-02-01-02-03_r04.wav,533056,0.020430,1,
write,write,,,audio_medium,polyglot,4,03-02-01-02-01-02-15_r04.wav,561882,0.008788,1,
write,write,,,audio_medium,mongo_gridfs,4,03-02-01-02-01-02-15_r04.wav,561882,0.008164,1,
write,write,,,audio_medium,pg_bytea,4,03-02-01-02-01-02-15_r04.wav,561882,0.015354,1,
write,write,,,audio_medium,polyglot,4,03-02-01-02-01-02-16_r04.wav,526650,0.007882,1,
write,write,,,audio_medium,mongo_gridfs,4,03-02-01-02-01-02-16_r04.wav,526650,0.006853,1,
write,write,,,audio_medium,pg_bytea,4,03-02-01-02-01-02-16_r04.wav,526650,0.014526,1,
write,write,,,audio_medium,polyglot,4,03-02-01-02-01-02-17_r04.wav,533056,0.007084,1,
write,write,,,audio_medium,mongo_gridfs,4,03-02-01-02-01-02-17_r04.wav,533056,0.008832,1,
write,write,,,audio_medium,pg_bytea,4,03-02-01-02-01-02-17_r04.wav,533056,0.014708,1,
write,write,,,audio_medium,mongo_gridfs,4,03-02-01-02-02-02-22_r04.wav,520242,0.007790,1,
write,write,,,audio_medium,polyglot,4,03-02-01-02-02-02-22_r04.wav,520242,0.006397,1,
write,write,,,audio_medium,pg_bytea,4,03-02-01-02-02-02-22_r04.wav,520242,0.022977,1,
write,write,,,audio_medium,mongo_gridfs,4,03-02-01-02-02-02-23_r04.wav,520242,0.006693,1,
write,write,,,audio_medium,polyglot,4,03-02-01-02-02-02-23_r04.wav,520242,0.006487,1,
write,write,,,audio_medium,pg_bytea,4,03-02-01-02-02-02-23_r04.wav,520242,0.014259,1,
write,write,,,audio_medium,pg_bytea,4,03-02-02-01-01-01-22_r04.wav,523448,0.015056,1,
write,write,,,audio_medium,polyglot,4,03-02-02-01-01-01-22_r04.wav,523448,0.007570,1,
write,write,,,audio_medium,mongo_gridfs,4,03-02-02-01-01-01-22_r04.wav,523448,0.006665,1,
write,write,,,audio_medium,polyglot,4,03-02-02-01-01-01-23_r04.wav,561888,0.007638,1,
write,write,,,audio_medium,mongo_gridfs,4,03-02-02-01-01-01-23_r04.wav,561888,0.007623,1,
write,write,,,audio_medium,pg_bytea,4,03-02-02-01-01-01-23_r04.wav,561888,0.015685,1,
write,write,,,audio_medium,mongo_gridfs,4,03-02-02-01-02-01-01_r04.wav,520242,0.010007,1,
write,write,,,audio_medium,pg_bytea,4,03-02-02-01-02-01-01_r04.wav,520242,0.017935,1,
write,write,,,audio_medium,polyglot,4,03-02-02-01-02-01-01_r04.wav,520242,0.007448,1,
write,write,,,audio_medium,polyglot,4,03-02-02-01-02-01-02_r04.wav,539464,0.006092,1,
write,write,,,audio_medium,mongo_gridfs,4,03-02-02-01-02-01-02_r04.wav,539464,0.007067,1,
write,write,,,audio_medium,pg_bytea,4,03-02-02-01-02-01-02_r04.wav,539464,0.077167,1,
write,write,,,audio_medium,mongo_gridfs,4,03-02-02-01-02-01-03_r04.wav,533056,0.011920,1,
write,write,,,audio_medium,polyglot,4,03-02-02-01-02-01-03_r04.wav,533056,0.007363,1,
write,write,,,audio_medium,pg_bytea,4,03-02-02-01-02-01-03_r04.wav,533056,0.022058,1,
write,write,,,audio_medium,polyglot,4,03-02-02-01-02-01-16_r04.wav,561882,0.008598,1,
write,write,,,audio_medium,pg_bytea,4,03-02-02-01-02-01-16_r04.wav,561882,0.114875,1,
write,write,,,audio_medium,mongo_gridfs,4,03-02-02-01-02-01-16_r04.wav,561882,0.008120,1,
write,write,,,audio_medium,pg_bytea,4,03-02-02-02-01-01-01_r04.wav,539464,0.501209,1,
write,write,,,audio_medium,polyglot,4,03-02-02-02-01-01-01_r04.wav,539464,0.009080,1,
write,write,,,audio_medium,mongo_gridfs,4,03-02-02-02-01-01-01_r04.wav,539464,0.007938,1,
write,write,,,audio_medium,pg_bytea,4,03-02-02-02-01-01-02_r04.wav,526650,0.017033,1,
write,write,,,audio_medium,mongo_gridfs,4,03-02-02-02-01-01-02_r04.wav,526650,0.007854,1,
write,write,,,audio_medium,polyglot,4,03-02-02-02-01-01-02_r04.wav,526650,0.006804,1,
write,write,,,audio_medium,pg_bytea,4,03-02-02-02-01-01-15_r04.wav,539464,0.019720,1,
write,write,,,audio_medium,polyglot,4,03-02-02-02-01-01-15_r04.wav,539464,0.007580,1,
write,write,,,audio_medium,mongo_gridfs,4,03-02-02-02-01-01-15_r04.wav,539464,0.006589,1,
write,write,,,audio_medium,polyglot,4,03-02-02-02-01-01-16_r04.wav,520242,0.007245,1,
write,write,,,audio_medium,pg_bytea,4,03-02-02-02-01-01-16_r04.wav,520242,0.013485,1,
write,write,,,audio_medium,mongo_gridfs,4,03-02-02-02-01-01-16_r04.wav,520242,0.007600,1,
write,write,,,audio_medium,pg_bytea,4,03-02-02-02-01-01-17_r04.wav,539464,0.014848,1,
write,write,,,audio_medium,polyglot,4,03-02-02-02-01-01-17_r04.wav,539464,0.007908,1,
write,write,,,audio_medium,mongo_gridfs,4,03-02-02-02-01-01-17_r04.wav,539464,0.013752,1,
write,write,,,audio_medium,polyglot,4,03-02-02-02-02-01-22_r04.wav,539464,0.008298,1,
write,write,,,audio_medium,mongo_gridfs,4,03-02-02-02-02-01-22_r04.wav,539464,0.007004,1,
write,write,,,audio_medium,pg_bytea,4,03-02-02-02-02-01-22_r04.wav,539464,0.017762,1,
write,write,,,audio_medium,polyglot,4,03-02-02-02-02-01-23_r04.wav,520242,0.008761,1,
write,write,,,audio_medium,pg_bytea,4,03-02-02-02-02-01-23_r04.wav,520242,0.013531,1,
write,write,,,audio_medium,mongo_gridfs,4,03-02-02-02-02-01-23_r04.wav,520242,0.006279,1,
write,write,,,audio_medium,polyglot,4,03-02-03-01-01-02-01_r04.wav,561882,0.006266,1,
write,write,,,audio_medium,mongo_gridfs,4,03-02-03-01-01-02-01_r04.wav,561882,0.005681,1,
write,write,,,audio_medium,pg_bytea,4,03-02-03-01-01-02-01_r04.wav,561882,0.019363,1,
write,write,,,audio_medium,mongo_gridfs,4,03-02-03-01-01-02-02_r04.wav,561882,0.006838,1,
write,write,,,audio_medium,pg_bytea,4,03-02-03-01-01-02-02_r04.wav,561882,0.014257,1,
write,write,,,audio_medium,polyglot,4,03-02-03-01-01-02-02_r04.wav,561882,0.007143,1,
write,write,,,audio_medium,polyglot,4,03-02-03-01-01-02-03_r04.wav,539464,0.010990,1,
write,write,,,audio_medium,pg_bytea,4,03-02-03-01-01-02-03_r04.wav,539464,0.022281,1,
write,write,,,audio_medium,mongo_gridfs,4,03-02-03-01-01-02-03_r04.wav,539464,0.007222,1,
write,write,,,audio_medium,polyglot,4,03-02-03-01-01-02-15_r04.wav,526650,0.008456,1,
write,write,,,audio_medium,mongo_gridfs,4,03-02-03-01-01-02-15_r04.wav,526650,0.006576,1,
write,write,,,audio_medium,pg_bytea,4,03-02-03-01-01-02-15_r04.wav,526650,0.057212,1,
write,write,,,audio_medium,pg_bytea,4,03-02-03-01-01-02-16_r04.wav,520242,0.052415,1,
write,write,,,audio_medium,mongo_gridfs,4,03-02-03-01-01-02-16_r04.wav,520242,0.030199,1,
write,write,,,audio_medium,polyglot,4,03-02-03-01-01-02-16_r04.wav,520242,0.011769,1,
write,write,,,audio_medium,pg_bytea,4,03-02-03-01-01-02-17_r04.wav,526650,0.039184,1,
write,write,,,audio_medium,polyglot,4,03-02-03-01-01-02-17_r04.wav,526650,0.008535,1,
write,write,,,audio_medium,mongo_gridfs,4,03-02-03-01-01-02-17_r04.wav,526650,0.007087,1,
write,write,,,audio_medium,mongo_gridfs,4,03-02-03-01-02-02-09_r04.wav,539464,0.008714,1,
write,write,,,audio_medium,polyglot,4,03-02-03-01-02-02-09_r04.wav,539464,0.008139,1,
write,write,,,audio_medium,pg_bytea,4,03-02-03-01-02-02-09_r04.wav,539464,0.019461,1,
write,write,,,audio_medium,pg_bytea,4,03-02-03-01-02-02-21_r04.wav,533056,0.017368,1,
write,write,,,audio_medium,mongo_gridfs,4,03-02-03-01-02-02-21_r04.wav,533056,0.009871,1,
write,write,,,audio_medium,polyglot,4,03-02-03-01-02-02-21_r04.wav,533056,0.006177,1,
write,write,,,audio_medium,pg_bytea,4,03-02-03-01-02-02-22_r04.wav,561888,0.030018,1,
write,write,,,audio_medium,polyglot,4,03-02-03-01-02-02-22_r04.wav,561888,0.008629,1,
write,write,,,audio_medium,mongo_gridfs,4,03-02-03-01-02-02-22_r04.wav,561888,0.006757,1,
write,write,,,audio_medium,pg_bytea,4,03-02-03-01-02-02-23_r04.wav,539464,0.018014,1,
write,write,,,audio_medium,polyglot,4,03-02-03-01-02-02-23_r04.wav,539464,0.009233,1,
write,write,,,audio_medium,mongo_gridfs,4,03-02-03-01-02-02-23_r04.wav,539464,0.007371,1,
write,write,,,audio_medium,pg_bytea,4,03-02-03-02-01-02-09_r04.wav,561882,0.019840,1,
write,write,,,audio_medium,polyglot,4,03-02-03-02-01-02-09_r04.wav,561882,0.009224,1,
write,write,,,audio_medium,mongo_gridfs,4,03-02-03-02-01-02-09_r04.wav,561882,0.011278,1,
write,write,,,audio_medium,mongo_gridfs,4,03-02-03-02-01-02-21_r04.wav,539464,0.006078,1,
write,write,,,audio_medium,polyglot,4,03-02-03-02-01-02-21_r04.wav,539464,0.005813,1,
write,write,,,audio_medium,pg_bytea,4,03-02-03-02-01-02-21_r04.wav,539464,0.014325,1,
write,write,,,audio_medium,mongo_gridfs,4,03-02-03-02-01-02-22_r04.wav,526650,0.008483,1,
write,write,,,audio_medium,polyglot,4,03-02-03-02-01-02-22_r04.wav,526650,0.007070,1,
write,write,,,audio_medium,pg_bytea,4,03-02-03-02-01-02-22_r04.wav,526650,0.020254,1,
write,write,,,audio_medium,mongo_gridfs,4,03-02-03-02-01-02-23_r04.wav,561888,0.007108,1,
write,write,,,audio_medium,polyglot,4,03-02-03-02-01-02-23_r04.wav,561888,0.011056,1,
write,write,,,audio_medium,pg_bytea,4,03-02-03-02-01-02-23_r04.wav,561888,0.032529,1,
write,write,,,audio_medium,polyglot,4,03-02-03-02-02-02-01_r04.wav,561882,0.007117,1,
write,write,,,audio_medium,mongo_gridfs,4,03-02-03-02-02-02-01_r04.wav,561882,0.006302,1,
write,write,,,audio_medium,pg_bytea,4,03-02-03-02-02-02-01_r04.wav,561882,0.016724,1,
write,write,,,audio_medium,pg_bytea,4,03-02-03-02-02-02-02_r04.wav,523448,0.219294,1,
write,write,,,audio_medium,polyglot,4,03-02-03-02-02-02-02_r04.wav,523448,0.012112,1,
write,write,,,audio_medium,mongo_gridfs,4,03-02-03-02-02-02-02_r04.wav,523448,0.026005,1,
write,write,,,audio_medium,pg_bytea,4,03-02-03-02-02-02-03_r04.wav,561888,0.017538,1,
write,write,,,audio_medium,polyglot,4,03-02-03-02-02-02-03_r04.wav,561888,0.011508,1,
write,write,,,audio_medium,mongo_gridfs,4,03-02-03-02-02-02-03_r04.wav,561888,0.007270,1,
write,write,,,audio_medium,pg_bytea,4,03-02-03-02-02-02-15_r04.wav,523448,0.025325,1,
write,write,,,audio_medium,mongo_gridfs,4,03-02-03-02-02-02-15_r04.wav,523448,0.021001,1,
write,write,,,audio_medium,polyglot,4,03-02-03-02-02-02-15_r04.wav,523448,0.007483,1,
write,write,,,audio_medium,pg_bytea,4,03-02-03-02-02-02-16_r04.wav,561882,0.016203,1,
write,write,,,audio_medium,polyglot,4,03-02-03-02-02-02-16_r04.wav,561882,0.008756,1,
write,write,,,audio_medium,mongo_gridfs,4,03-02-03-02-02-02-16_r04.wav,561882,0.006509,1,
write,write,,,audio_medium,polyglot,4,03-02-03-02-02-02-17_r04.wav,523448,0.013152,1,
write,write,,,audio_medium,mongo_gridfs,4,03-02-03-02-02-02-17_r04.wav,523448,0.009393,1,
write,write,,,audio_medium,pg_bytea,4,03-02-03-02-02-02-17_r04.wav,523448,0.023055,1,
write,write,,,audio_medium,pg_bytea,4,03-02-04-01-01-02-05_r04.wav,561882,0.025234,1,
write,write,,,audio_medium,mongo_gridfs,4,03-02-04-01-01-02-05_r04.wav,561882,0.009053,1,
write,write,,,audio_medium,polyglot,4,03-02-04-01-01-02-05_r04.wav,561882,0.011438,1,
write,write,,,audio_medium,mongo_gridfs,4,03-02-04-01-01-02-06_r04.wav,526650,0.006352,1,
write,write,,,audio_medium,pg_bytea,4,03-02-04-01-01-02-06_r04.wav,526650,0.021925,1,
write,write,,,audio_medium,polyglot,4,03-02-04-01-01-02-06_r04.wav,526650,0.015815,1,
write,write,,,audio_medium,mongo_gridfs,4,03-02-04-01-01-02-07_r04.wav,523448,0.005755,1,
write,write,,,audio_medium,polyglot,4,03-02-04-01-01-02-07_r04.wav,523448,0.022504,1,
write,write,,,audio_medium,pg_bytea,4,03-02-04-01-01-02-07_r04.wav,523448,0.021299,1,
write,write,,,audio_medium,pg_bytea,4,03-02-04-01-01-02-11_r04.wav,539464,0.016317,1,
write,write,,,audio_medium,mongo_gridfs,4,03-02-04-01-01-02-11_r04.wav,539464,0.018177,1,
write,write,,,audio_medium,polyglot,4,03-02-04-01-01-02-11_r04.wav,539464,0.013741,1,
write,write,,,audio_medium,polyglot,4,03-02-04-01-01-02-12_r04.wav,523448,0.009573,1,
write,write,,,audio_medium,mongo_gridfs,4,03-02-04-01-01-02-12_r04.wav,523448,0.017011,1,
write,write,,,audio_medium,pg_bytea,4,03-02-04-01-01-02-12_r04.wav,523448,0.017422,1,
write,write,,,audio_medium,pg_bytea,4,03-02-04-01-01-02-13_r04.wav,539464,0.037603,1,
write,write,,,audio_medium,polyglot,4,03-02-04-01-01-02-13_r04.wav,539464,0.022333,1,
write,write,,,audio_medium,mongo_gridfs,4,03-02-04-01-01-02-13_r04.wav,539464,0.011579,1,
write,write,,,audio_medium,mongo_gridfs,4,03-02-04-01-02-02-19_r04.wav,561888,0.009000,1,
write,write,,,audio_medium,pg_bytea,4,03-02-04-01-02-02-19_r04.wav,561888,0.017229,1,
write,write,,,audio_medium,polyglot,4,03-02-04-01-02-02-19_r04.wav,561888,0.006940,1,
write,write,,,audio_medium,mongo_gridfs,4,03-02-04-02-02-02-05_r04.wav,526650,0.009126,1,
write,write,,,audio_medium,polyglot,4,03-02-04-02-02-02-05_r04.wav,526650,0.011461,1,
write,write,,,audio_medium,pg_bytea,4,03-02-04-02-02-02-05_r04.wav,526650,0.021742,1,
write,write,,,audio_medium,pg_bytea,4,03-02-04-02-02-02-06_r04.wav,526650,0.037841,1,
write,write,,,audio_medium,polyglot,4,03-02-04-02-02-02-06_r04.wav,526650,0.286215,1,
write,write,,,audio_medium,mongo_gridfs,4,03-02-04-02-02-02-06_r04.wav,526650,0.026397,1,
write,write,,,audio_medium,mongo_gridfs,4,03-02-04-02-02-02-07_r04.wav,561888,0.009483,1,
write,write,,,audio_medium,polyglot,4,03-02-04-02-02-02-07_r04.wav,561888,0.017875,1,
write,write,,,audio_medium,pg_bytea,4,03-02-04-02-02-02-07_r04.wav,561888,0.059245,1,
write,write,,,audio_medium,pg_bytea,4,03-02-04-02-02-02-11_r04.wav,561888,0.021893,1,
write,write,,,audio_medium,polyglot,4,03-02-04-02-02-02-11_r04.wav,561888,0.010523,1,
write,write,,,audio_medium,mongo_gridfs,4,03-02-04-02-02-02-11_r04.wav,561888,0.010378,1,
write,write,,,audio_medium,mongo_gridfs,4,03-02-04-02-02-02-12_r04.wav,523448,0.010844,1,
write,write,,,audio_medium,polyglot,4,03-02-04-02-02-02-12_r04.wav,523448,0.007978,1,
write,write,,,audio_medium,pg_bytea,4,03-02-04-02-02-02-12_r04.wav,523448,0.014845,1,
write,write,,,audio_medium,mongo_gridfs,4,03-02-04-02-02-02-13_r04.wav,533056,0.008249,1,
write,write,,,audio_medium,polyglot,4,03-02-04-02-02-02-13_r04.wav,533056,0.007538,1,
write,write,,,audio_medium,pg_bytea,4,03-02-04-02-02-02-13_r04.wav,533056,0.015990,1,
write,write,,,audio_medium,polyglot,4,03-02-05-01-02-01-06_r04.wav,561882,0.008786,1,
write,write,,,audio_medium,pg_bytea,4,03-02-05-01-02-01-06_r04.wav,561882,0.026162,1,
write,write,,,audio_medium,mongo_gridfs,4,03-02-05-01-02-01-06_r04.wav,561882,0.010278,1,
write,write,,,audio_medium,mongo_gridfs,4,03-02-05-01-02-01-07_r04.wav,520242,0.007146,1,
write,write,,,audio_medium,polyglot,4,03-02-05-01-02-01-07_r04.wav,520242,0.010063,1,
write,write,,,audio_medium,pg_bytea,4,03-02-05-01-02-01-07_r04.wav,520242,0.013947,1,
write,write,,,audio_medium,mongo_gridfs,4,03-02-05-01-02-01-12_r04.wav,520242,0.007141,1,
write,write,,,audio_medium,pg_bytea,4,03-02-05-01-02-01-12_r04.wav,520242,0.014768,1,
write,write,,,audio_medium,polyglot,4,03-02-05-01-02-01-12_r04.wav,520242,0.007434,1,
write,write,,,audio_medium,polyglot,4,03-02-05-01-02-01-13_r04.wav,561888,0.007278,1,
write,write,,,audio_medium,mongo_gridfs,4,03-02-05-01-02-01-13_r04.wav,561888,0.006981,1,
write,write,,,audio_medium,pg_bytea,4,03-02-05-01-02-01-13_r04.wav,561888,0.017768,1,
write,write,,,audio_medium,pg_bytea,4,03-02-05-02-01-01-05_r04.wav,539464,0.020649,1,
write,write,,,audio_medium,mongo_gridfs,4,03-02-05-02-01-01-05_r04.wav,539464,0.008705,1,
write,write,,,audio_medium,polyglot,4,03-02-05-02-01-01-05_r04.wav,539464,0.011839,1,
write,write,,,audio_medium,polyglot,4,03-02-05-02-01-01-06_r04.wav,561888,0.023938,1,
write,write,,,audio_medium,pg_bytea,4,03-02-05-02-01-01-06_r04.wav,561888,0.019706,1,
write,write,,,audio_medium,mongo_gridfs,4,03-02-05-02-01-01-06_r04.wav,561888,0.011112,1,
write,write,,,audio_medium,polyglot,4,03-02-05-02-01-01-07_r04.wav,533056,0.012302,1,
write,write,,,audio_medium,pg_bytea,4,03-02-05-02-01-01-07_r04.wav,533056,0.019671,1,
write,write,,,audio_medium,mongo_gridfs,4,03-02-05-02-01-01-07_r04.wav,533056,0.008356,1,
write,write,,,audio_medium,mongo_gridfs,4,03-02-05-02-01-01-11_r04.wav,561888,0.010520,1,
write,write,,,audio_medium,pg_bytea,4,03-02-05-02-01-01-11_r04.wav,561888,0.033206,1,
write,write,,,audio_medium,polyglot,4,03-02-05-02-01-01-11_r04.wav,561888,0.009153,1,
write,write,,,audio_medium,pg_bytea,4,03-02-05-02-01-01-12_r04.wav,533056,0.019632,1,
write,write,,,audio_medium,polyglot,4,03-02-05-02-01-01-12_r04.wav,533056,0.008906,1,
write,write,,,audio_medium,mongo_gridfs,4,03-02-05-02-01-01-12_r04.wav,533056,0.006208,1,
write,write,,,audio_medium,mongo_gridfs,4,03-02-05-02-01-01-13_r04.wav,526650,0.007399,1,
write,write,,,audio_medium,polyglot,4,03-02-05-02-01-01-13_r04.wav,526650,0.007155,1,
write,write,,,audio_medium,pg_bytea,4,03-02-05-02-01-01-13_r04.wav,526650,0.018507,1,
write,write,,,video_small,polyglot,4,01-01-01-01-01-01-22_r04.mp4,5457041,0.051562,1,
write,write,,,video_small,mongo_gridfs,4,01-01-01-01-01-01-22_r04.mp4,5457041,0.054944,1,
write,write,,,video_small,pg_bytea,4,01-01-01-01-01-01-22_r04.mp4,5457041,0.229745,1,
write,write,,,video_small,mongo_gridfs,4,01-01-01-01-01-02-01_r04.mp4,5457041,0.062006,1,
write,write,,,video_small,polyglot,4,01-01-01-01-01-02-01_r04.mp4,5457041,0.045076,1,
write,write,,,video_small,pg_bytea,4,01-01-01-01-01-02-01_r04.mp4,5457041,0.299192,1,
write,write,,,video_small,pg_bytea,4,01-01-01-01-01-02-15_r04.mp4,5457041,0.199298,1,
write,write,,,video_small,mongo_gridfs,4,01-01-01-01-01-02-15_r04.mp4,5457041,0.254533,1,
write,write,,,video_small,polyglot,4,01-01-01-01-01-02-15_r04.mp4,5457041,0.104034,1,
write,write,,,video_small,polyglot,4,01-01-01-01-02-01-06_r04.mp4,5457041,0.166299,1,
write,write,,,video_small,mongo_gridfs,4,01-01-01-01-02-01-06_r04.mp4,5457041,0.090611,1,
write,write,,,video_small,pg_bytea,4,01-01-01-01-02-01-06_r04.mp4,5457041,0.389912,1,
write,write,,,video_small,mongo_gridfs,4,01-01-01-01-02-01-13_r04.mp4,5457041,0.054769,1,
write,write,,,video_small,polyglot,4,01-01-01-01-02-01-13_r04.mp4,5457041,0.048303,1,
write,write,,,video_small,pg_bytea,4,01-01-01-01-02-01-13_r04.mp4,5457041,0.333636,1,
write,write,,,video_small,mongo_gridfs,4,01-01-01-01-02-01-14_r04.mp4,5457041,0.120371,1,
write,write,,,video_small,polyglot,4,01-01-01-01-02-01-14_r04.mp4,5457041,0.069002,1,
write,write,,,video_small,pg_bytea,4,01-01-01-01-02-01-14_r04.mp4,5457041,0.141941,1,
write,write,,,video_small,pg_bytea,4,01-01-01-01-02-02-09_r04.mp4,5498397,0.258814,1,
write,write,,,video_small,mongo_gridfs,4,01-01-01-01-02-02-09_r04.mp4,5498397,0.063815,1,
write,write,,,video_small,polyglot,4,01-01-01-01-02-02-09_r04.mp4,5498397,0.076881,1,
write,write,,,video_small,pg_bytea,4,01-01-01-02-01-01-01_r04.mp4,5498397,0.149150,1,
write,write,,,video_small,mongo_gridfs,4,01-01-01-02-01-01-01_r04.mp4,5498397,0.112268,1,
write,write,,,video_small,polyglot,4,01-01-01-02-01-01-01_r04.mp4,5498397,0.208687,1,
write,write,,,video_small,pg_bytea,4,01-01-01-02-01-01-05_r04.mp4,5457041,0.181778,1,
write,write,,,video_small,polyglot,4,01-01-01-02-01-01-05_r04.mp4,5457041,0.047017,1,
write,write,,,video_small,mongo_gridfs,4,01-01-01-02-01-01-05_r04.mp4,5457041,0.041007,1,
write,write,,,video_small,mongo_gridfs,4,01-01-01-02-01-01-15_r04.mp4,5457041,0.040525,1,
write,write,,,video_small,polyglot,4,01-01-01-02-01-01-15_r04.mp4,5457041,0.045931,1,
write,write,,,video_small,pg_bytea,4,01-01-01-02-01-01-15_r04.mp4,5457041,0.169749,1,
write,write,,,video_small,polyglot,4,01-01-01-02-02-01-18_r04.mp4,5457041,0.045617,1,
write,write,,,video_small,pg_bytea,4,01-01-01-02-02-01-18_r04.mp4,5457041,0.272845,1,
write,write,,,video_small,mongo_gridfs,4,01-01-01-02-02-01-18_r04.mp4,5457041,0.099318,1,
write,write,,,video_small,pg_bytea,4,01-01-01-02-02-01-19_r04.mp4,5457041,0.173649,1,
write,write,,,video_small,mongo_gridfs,4,01-01-01-02-02-01-19_r04.mp4,5457041,0.041544,1,
write,write,,,video_small,polyglot,4,01-01-01-02-02-01-19_r04.mp4,5457041,0.043318,1,
write,write,,,video_small,polyglot,4,01-01-02-01-01-02-09_r04.mp4,5498397,0.041350,1,
write,write,,,video_small,pg_bytea,4,01-01-02-01-01-02-09_r04.mp4,5498397,0.156904,1,
write,write,,,video_small,mongo_gridfs,4,01-01-02-01-01-02-09_r04.mp4,5498397,0.073001,1,
write,write,,,video_small,pg_bytea,4,01-01-02-01-01-02-18_r04.mp4,5498397,0.134459,1,
write,write,,,video_small,polyglot,4,01-01-02-01-01-02-18_r04.mp4,5498397,0.046029,1,
write,write,,,video_small,mongo_gridfs,4,01-01-02-01-01-02-18_r04.mp4,5498397,0.042854,1,
write,write,,,video_small,pg_bytea,4,01-01-02-01-01-02-23_r04.mp4,5498397,0.139680,1,
write,write,,,video_small,polyglot,4,01-01-02-01-01-02-23_r04.mp4,5498397,0.044275,1,
write,write,,,video_small,mongo_gridfs,4,01-01-02-01-01-02-23_r04.mp4,5498397,0.049866,1,
write,write,,,video_small,polyglot,4,01-01-02-01-02-01-09_r04.mp4,5498397,0.092081,1,
write,write,,,video_small,mongo_gridfs,4,01-01-02-01-02-01-09_r04.mp4,5498397,0.081876,1,
write,write,,,video_small,pg_bytea,4,01-01-02-01-02-01-09_r04.mp4,5498397,0.163275,1,
write,write,,,video_small,mongo_gridfs,4,01-01-02-01-02-02-01_r04.mp4,5498397,0.051228,1,
write,write,,,video_small,pg_bytea,4,01-01-02-01-02-02-01_r04.mp4,5498397,0.145952,1,
write,write,,,video_small,polyglot,4,01-01-02-01-02-02-01_r04.mp4,5498397,0.046612,1,
write,write,,,video_small,pg_bytea,4,01-01-02-01-02-02-03_r04.mp4,5498397,0.162272,1,
write,write,,,video_small,polyglot,4,01-01-02-01-02-02-03_r04.mp4,5498397,0.043175,1,
write,write,,,video_small,mongo_gridfs,4,01-01-02-01-02-02-03_r04.mp4,5498397,0.042071,1,
write,write,,,video_small,polyglot,4,01-01-02-02-01-02-02_r04.mp4,5498397,0.045159,1,
write,write,,,video_small,pg_bytea,4,01-01-02-02-01-02-02_r04.mp4,5498397,0.180245,1,
write,write,,,video_small,mongo_gridfs,4,01-01-02-02-01-02-02_r04.mp4,5498397,0.061618,1,
write,write,,,video_small,mongo_gridfs,4,01-01-02-02-01-02-03_r04.mp4,5498397,0.572340,1,
write,write,,,video_small,polyglot,4,01-01-02-02-01-02-03_r04.mp4,5498397,0.324886,1,
write,write,,,video_small,pg_bytea,4,01-01-02-02-01-02-03_r04.mp4,5498397,0.269751,1,
write,write,,,video_small,pg_bytea,4,01-01-02-02-01-02-05_r04.mp4,5498397,0.173249,1,
write,write,,,video_small,mongo_gridfs,4,01-01-02-02-01-02-05_r04.mp4,5498397,0.060170,1,
write,write,,,video_small,polyglot,4,01-01-02-02-01-02-05_r04.mp4,5498397,0.058609,1,
write,write,,,video_small,polyglot,4,01-01-02-02-01-02-10_r04.mp4,5457041,0.065134,1,
write,write,,,video_small,mongo_gridfs,4,01-01-02-02-01-02-10_r04.mp4,5457041,0.045534,1,
write,write,,,video_small,pg_bytea,4,01-01-02-02-01-02-10_r04.mp4,5457041,0.169981,1,
write,write,,,video_small,mongo_gridfs,4,01-01-02-02-01-02-13_r04.mp4,5457041,0.047386,1,
write,write,,,video_small,pg_bytea,4,01-01-02-02-01-02-13_r04.mp4,5457041,0.147655,1,
write,write,,,video_small,polyglot,4,01-01-02-02-01-02-13_r04.mp4,5457041,0.063994,1,
write,write,,,video_small,polyglot,4,01-01-02-02-01-02-17_r04.mp4,5457041,0.053148,1,
write,write,,,video_small,mongo_gridfs,4,01-01-02-02-01-02-17_r04.mp4,5457041,0.044951,1,
write,write,,,video_small,pg_bytea,4,01-01-02-02-01-02-17_r04.mp4,5457041,0.183773,1,
write,write,,,video_small,polyglot,4,01-01-02-02-02-02-18_r04.mp4,5457041,0.059158,1,
write,write,,,video_small,pg_bytea,4,01-01-02-02-02-02-18_r04.mp4,5457041,0.203072,1,
write,write,,,video_small,mongo_gridfs,4,01-01-02-02-02-02-18_r04.mp4,5457041,0.048591,1,
write,write,,,video_small,mongo_gridfs,4,01-01-02-02-02-02-19_r04.mp4,5457041,0.048442,1,
write,write,,,video_small,polyglot,4,01-01-02-02-02-02-19_r04.mp4,5457041,0.046149,1,
write,write,,,video_small,pg_bytea,4,01-01-02-02-02-02-19_r04.mp4,5457041,0.187852,1,
write,write,,,video_small,pg_bytea,4,01-01-02-02-02-02-21_r04.mp4,5498397,0.155331,1,
write,write,,,video_small,polyglot,4,01-01-02-02-02-02-21_r04.mp4,5498397,0.060087,1,
write,write,,,video_small,mongo_gridfs,4,01-01-02-02-02-02-21_r04.mp4,5498397,0.042357,1,
write,write,,,video_small,mongo_gridfs,4,01-01-02-02-02-02-22_r04.mp4,5457041,0.046992,1,
write,write,,,video_small,pg_bytea,4,01-01-02-02-02-02-22_r04.mp4,5457041,0.150383,1,
write,write,,,video_small,polyglot,4,01-01-02-02-02-02-22_r04.mp4,5457041,0.052960,1,
write,write,,,video_small,polyglot,4,01-01-02-02-02-02-23_r04.mp4,5457041,0.042935,1,
write,write,,,video_small,mongo_gridfs,4,01-01-02-02-02-02-23_r04.mp4,5457041,0.046769,1,
write,write,,,video_small,pg_bytea,4,01-01-02-02-02-02-23_r04.mp4,5457041,0.149781,1,
write,write,,,video_small,pg_bytea,4,01-01-03-01-01-01-12_r04.mp4,5457041,0.211255,1,
write,write,,,video_small,mongo_gridfs,4,01-01-03-01-01-01-12_r04.mp4,5457041,0.042461,1,
write,write,,,video_small,polyglot,4,01-01-03-01-01-01-12_r04.mp4,5457041,0.048408,1,
write,write,,,video_small,mongo_gridfs,4,01-01-03-01-01-01-15_r04.mp4,5457041,0.040114,1,
write,write,,,video_small,pg_bytea,4,01-01-03-01-01-01-15_r04.mp4,5457041,0.413132,1,
write,write,,,video_small,polyglot,4,01-01-03-01-01-01-15_r04.mp4,5457041,0.077466,1,
write,write,,,video_small,polyglot,4,01-01-03-01-02-01-08_r04.mp4,5498397,0.044359,1,
write,write,,,video_small,mongo_gridfs,4,01-01-03-01-02-01-08_r04.mp4,5498397,0.047273,1,
write,write,,,video_small,pg_bytea,4,01-01-03-01-02-01-08_r04.mp4,5498397,0.468785,1,
write,write,,,video_small,mongo_gridfs,4,01-01-03-01-02-01-21_r04.mp4,5498397,0.253289,1,
write,write,,,video_small,pg_bytea,4,01-01-03-01-02-01-21_r04.mp4,5498397,0.333747,1,
write,write,,,video_small,polyglot,4,01-01-03-01-02-01-21_r04.mp4,5498397,0.267971,1,
write,write,,,video_small,polyglot,4,01-01-03-02-01-01-21_r04.mp4,5457041,0.313458,1,
write,write,,,video_small,pg_bytea,4,01-01-03-02-01-01-21_r04.mp4,5457041,0.545296,1,
write,write,,,video_small,mongo_gridfs,4,01-01-03-02-01-01-21_r04.mp4,5457041,0.073617,1,
write,write,,,video_small,mongo_gridfs,4,01-01-03-02-01-01-24_r04.mp4,5457041,0.075834,1,
write,write,,,video_small,pg_bytea,4,01-01-03-02-01-01-24_r04.mp4,5457041,0.248732,1,
write,write,,,video_small,polyglot,4,01-01-03-02-01-01-24_r04.mp4,5457041,0.073091,1,
write,write,,,video_small,pg_bytea,4,01-01-03-02-01-02-01_r04.mp4,5457041,0.205538,1,
write,write,,,video_small,polyglot,4,01-01-03-02-01-02-01_r04.mp4,5457041,0.059009,1,
write,write,,,video_small,mongo_gridfs,4,01-01-03-02-01-02-01_r04.mp4,5457041,0.042529,1,
write,write,,,video_small,polyglot,4,01-01-03-02-01-02-15_r04.mp4,5457041,0.083672,1,
write,write,,,video_small,pg_bytea,4,01-01-03-02-01-02-15_r04.mp4,5457041,0.178514,1,
write,write,,,video_small,mongo_gridfs,4,01-01-03-02-01-02-15_r04.mp4,5457041,0.053067,1,
write,write,,,video_small,mongo_gridfs,4,01-01-03-02-02-01-05_r04.mp4,5457041,0.058344,1,
write,write,,,video_small,polyglot,4,01-01-03-02-02-01-05_r04.mp4,5457041,0.045440,1,
write,write,,,video_small,pg_bytea,4,01-01-03-02-02-01-05_r04.mp4,5457041,0.145652,1,
write,write,,,video_small,polyglot,4,01-01-03-02-02-01-12_r04.mp4,5457041,0.063831,1,
write,write,,,video_small,mongo_gridfs,4,01-01-03-02-02-01-12_r04.mp4,5457041,0.046243,1,
write,write,,,video_small,pg_bytea,4,01-01-03-02-02-01-12_r04.mp4,5457041,0.177973,1,
write,write,,,video_small,pg_bytea,4,01-01-03-02-02-01-15_r04.mp4,5498397,0.227794,1,
write,write,,,video_small,polyglot,4,01-01-03-02-02-01-15_r04.mp4,5498397,0.083700,1,
write,write,,,video_small,mongo_gridfs,4,01-01-03-02-02-01-15_r04.mp4,5498397,0.058944,1,
write,write,,,video_small,pg_bytea,4,01-01-04-01-01-01-03_r04.mp4,5457041,0.184255,1,
write,write,,,video_small,polyglot,4,01-01-04-01-01-01-03_r04.mp4,5457041,0.045166,1,
write,write,,,video_small,mongo_gridfs,4,01-01-04-01-01-01-03_r04.mp4,5457041,0.042823,1,
write,write,,,video_small,polyglot,4,01-01-04-01-01-01-05_r04.mp4,5498397,0.055658,1,
write,write,,,video_small,pg_bytea,4,01-01-04-01-01-01-05_r04.mp4,5498397,0.161760,1,
write,write,,,video_small,mongo_gridfs,4,01-01-04-01-01-01-05_r04.mp4,5498397,0.039312,1,
write,write,,,video_small,polyglot,4,01-01-04-01-01-01-10_r04.mp4,5457041,0.045782,1,
write,write,,,video_small,mongo_gridfs,4,01-01-04-01-01-01-10_r04.mp4,5457041,0.043586,1,
write,write,,,video_small,pg_bytea,4,01-01-04-01-01-01-10_r04.mp4,5457041,0.228636,1,
write,write,,,video_small,polyglot,4,01-01-04-01-01-01-16_r04.mp4,5457041,0.150593,1,
write,write,,,video_small,mongo_gridfs,4,01-01-04-01-01-01-16_r04.mp4,5457041,0.043332,1,
write,write,,,video_small,pg_bytea,4,01-01-04-01-01-01-16_r04.mp4,5457041,0.142439,1,
write,write,,,video_small,mongo_gridfs,4,01-01-04-01-02-01-19_r04.mp4,5498397,0.049574,1,
write,write,,,video_small,polyglot,4,01-01-04-01-02-01-19_r04.mp4,5498397,0.041721,1,
write,write,,,video_small,pg_bytea,4,01-01-04-01-02-01-19_r04.mp4,5498397,0.147898,1,
write,write,,,video_small,pg_bytea,4,01-01-04-01-02-01-21_r04.mp4,5498397,0.136771,1,
write,write,,,video_small,polyglot,4,01-01-04-01-02-01-21_r04.mp4,5498397,0.046487,1,
write,write,,,video_small,mongo_gridfs,4,01-01-04-01-02-01-21_r04.mp4,5498397,0.047225,1,
write,write,,,video_small,polyglot,4,01-01-04-01-02-01-22_r04.mp4,5498397,0.041893,1,
write,write,,,video_small,mongo_gridfs,4,01-01-04-01-02-01-22_r04.mp4,5498397,0.044466,1,
write,write,,,video_small,pg_bytea,4,01-01-04-01-02-01-22_r04.mp4,5498397,0.162207,1,
write,write,,,video_small,mongo_gridfs,4,01-01-04-02-01-01-18_r04.mp4,5498397,0.057567,1,
write,write,,,video_small,pg_bytea,4,01-01-04-02-01-01-18_r04.mp4,5498397,0.149325,1,
write,write,,,video_small,polyglot,4,01-01-04-02-01-01-18_r04.mp4,5498397,0.044652,1,
write,write,,,video_small,pg_bytea,4,01-01-04-02-01-01-19_r04.mp4,5457041,0.159120,1,
write,write,,,video_small,mongo_gridfs,4,01-01-04-02-01-01-19_r04.mp4,5457041,0.047468,1,
write,write,,,video_small,polyglot,4,01-01-04-02-01-01-19_r04.mp4,5457041,0.042296,1,
write,write,,,video_small,polyglot,4,01-01-04-02-02-01-02_r04.mp4,5498397,0.052287,1,
write,write,,,video_small,pg_bytea,4,01-01-04-02-02-01-02_r04.mp4,5498397,0.145783,1,
write,write,,,video_small,mongo_gridfs,4,01-01-04-02-02-01-02_r04.mp4,5498397,0.038585,1,
write,write,,,video_small,polyglot,4,01-01-04-02-02-01-05_r04.mp4,5498397,0.042649,1,
write,write,,,video_small,pg_bytea,4,01-01-04-02-02-01-05_r04.mp4,5498397,0.134241,1,
write,write,,,video_small,mongo_gridfs,4,01-01-04-02-02-01-05_r04.mp4,5498397,0.074500,1,
write,write,,,video_small,polyglot,4,01-01-04-02-02-01-06_r04.mp4,5498397,0.046341,1,
write,write,,,video_small,mongo_gridfs,4,01-01-04-02-02-01-06_r04.mp4,5498397,0.048574,1,
write,write,,,video_small,pg_bytea,4,01-01-04-02-02-01-06_r04.mp4,5498397,0.174013,1,
write,write,,,video_small,pg_bytea,4,01-01-04-02-02-01-13_r04.mp4,5498397,0.142786,1,
write,write,,,video_small,polyglot,4,01-01-04-02-02-01-13_r04.mp4,5498397,0.047297,1,
write,write,,,video_small,mongo_gridfs,4,01-01-04-02-02-01-13_r04.mp4,5498397,0.047312,1,
write,write,,,video_small,polyglot,4,01-01-04-02-02-01-17_r04.mp4,5498397,0.051012,1,
write,write,,,video_small,pg_bytea,4,01-01-04-02-02-01-17_r04.mp4,5498397,0.291425,1,
write,write,,,video_small,mongo_gridfs,4,01-01-04-02-02-01-17_r04.mp4,5498397,0.043188,1,
write,write,,,video_small,mongo_gridfs,4,01-01-04-02-02-02-19_r04.mp4,5498397,0.053863,1,
write,write,,,video_small,pg_bytea,4,01-01-04-02-02-02-19_r04.mp4,5498397,0.181371,1,
write,write,,,video_small,polyglot,4,01-01-04-02-02-02-19_r04.mp4,5498397,0.063043,1,
write,write,,,video_small,polyglot,4,01-01-05-01-01-02-09_r04.mp4,5457041,0.045998,1,
write,write,,,video_small,pg_bytea,4,01-01-05-01-01-02-09_r04.mp4,5457041,0.151911,1,
write,write,,,video_small,mongo_gridfs,4,01-01-05-01-01-02-09_r04.mp4,5457041,0.053398,1,
write,write,,,video_small,mongo_gridfs,4,01-01-05-01-01-02-19_r04.mp4,5498397,0.044186,1,
write,write,,,video_small,polyglot,4,01-01-05-01-01-02-19_r04.mp4,5498397,0.047122,1,
write,write,,,video_small,pg_bytea,4,01-01-05-01-01-02-19_r04.mp4,5498397,0.150665,1,
write,write,,,video_small,polyglot,4,01-01-05-01-01-02-21_r04.mp4,5457041,0.055601,1,
write,write,,,video_small,mongo_gridfs,4,01-01-05-01-01-02-21_r04.mp4,5457041,0.051768,1,
write,write,,,video_small,pg_bytea,4,01-01-05-01-01-02-21_r04.mp4,5457041,0.167753,1,
write,write,,,video_small,mongo_gridfs,4,01-01-05-01-02-01-19_r04.mp4,5457041,0.052475,1,
write,write,,,video_small,pg_bytea,4,01-01-05-01-02-01-19_r04.mp4,5457041,0.170761,1,
write,write,,,video_small,polyglot,4,01-01-05-01-02-01-19_r04.mp4,5457041,0.050157,1,
write,write,,,video_small,mongo_gridfs,4,01-01-05-01-02-02-04_r04.mp4,5457041,0.046256,1,
write,write,,,video_small,pg_bytea,4,01-01-05-01-02-02-04_r04.mp4,5457041,0.141057,1,
write,write,,,video_small,polyglot,4,01-01-05-01-02-02-04_r04.mp4,5457041,0.048121,1,
write,write,,,video_small,pg_bytea,4,01-01-05-01-02-02-05_r04.mp4,5498397,0.138212,1,
write,write,,,video_small,mongo_gridfs,4,01-01-05-01-02-02-05_r04.mp4,5498397,0.062371,1,
write,write,,,video_small,polyglot,4,01-01-05-01-02-02-05_r04.mp4,5498397,0.047715,1,
write,write,,,video_small,pg_bytea,4,01-01-05-02-01-02-04_r04.mp4,5457041,0.179674,1,
write,write,,,video_small,polyglot,4,01-01-05-02-01-02-04_r04.mp4,5457041,0.051947,1,
write,write,,,video_small,mongo_gridfs,4,01-01-05-02-01-02-04_r04.mp4,5457041,0.046560,1,
write,write,,,video_small,mongo_gridfs,4,01-01-05-02-01-02-12_r04.mp4,5457041,0.110878,1,
write,write,,,video_small,pg_bytea,4,01-01-05-02-01-02-12_r04.mp4,5457041,0.186869,1,
write,write,,,video_small,polyglot,4,01-01-05-02-01-02-12_r04.mp4,5457041,0.047294,1,
write,write,,,video_small,polyglot,4,01-01-05-02-01-02-14_r04.mp4,5457041,0.043400,1,
write,write,,,video_small,pg_bytea,4,01-01-05-02-01-02-14_r04.mp4,5457041,0.159524,1,
write,write,,,video_small,mongo_gridfs,4,01-01-05-02-01-02-14_r04.mp4,5457041,0.039129,1,
write,write,,,video_small,pg_bytea,4,01-01-05-02-02-02-19_r04.mp4,5498397,0.153305,1,
write,write,,,video_small,polyglot,4,01-01-05-02-02-02-19_r04.mp4,5498397,0.040427,1,
write,write,,,video_small,mongo_gridfs,4,01-01-05-02-02-02-19_r04.mp4,5498397,0.052084,1,
write,write,,,video_small,mongo_gridfs,4,01-01-05-02-02-02-20_r04.mp4,5498397,0.049348,1,
write,write,,,video_small,polyglot,4,01-01-05-02-02-02-20_r04.mp4,5498397,0.044579,1,
write,write,,,video_small,pg_bytea,4,01-01-05-02-02-02-20_r04.mp4,5498397,0.154324,1,
write,write,,,video_small,polyglot,4,01-01-05-02-02-02-23_r04.mp4,5457041,0.042182,1,
write,write,,,video_small,mongo_gridfs,4,01-01-05-02-02-02-23_r04.mp4,5457041,0.046480,1,
write,write,,,video_small,pg_bytea,4,01-01-05-02-02-02-23_r04.mp4,5457041,0.165872,1,
write,write,,,video_small,mongo_gridfs,4,01-01-06-01-01-01-08_r04.mp4,5457041,0.041258,1,
write,write,,,video_small,pg_bytea,4,01-01-06-01-01-01-08_r04.mp4,5457041,0.164970,1,
write,write,,,video_small,polyglot,4,01-01-06-01-01-01-08_r04.mp4,5457041,0.039541,1,
write,write,,,video_small,pg_bytea,4,01-01-06-01-01-01-19_r04.mp4,5457041,0.136033,1,
write,write,,,video_small,mongo_gridfs,4,01-01-06-01-01-01-19_r04.mp4,5457041,0.046741,1,
write,write,,,video_small,polyglot,4,01-01-06-01-01-01-19_r04.mp4,5457041,0.057143,1,
write,write,,,video_small,mongo_gridfs,4,01-01-06-01-01-01-24_r04.mp4,5498397,0.042540,1,
write,write,,,video_small,pg_bytea,4,01-01-06-01-01-01-24_r04.mp4,5498397,0.145186,1,
write,write,,,video_small,polyglot,4,01-01-06-01-01-01-24_r04.mp4,5498397,0.042442,1,
write,write,,,video_medium,pg_bytea,4,tsinghua_v_0024_r04.mp4,13091522,0.404845,1,
write,write,,,video_medium,mongo_gridfs,4,tsinghua_v_0024_r04.mp4,13091522,0.100833,1,
write,write,,,video_medium,polyglot,4,tsinghua_v_0024_r04.mp4,13091522,0.109727,1,
write,write,,,video_medium,pg_bytea,4,tsinghua_v_0046_r04.mp4,13091522,0.348391,1,
write,write,,,video_medium,polyglot,4,tsinghua_v_0046_r04.mp4,13091522,0.106058,1,
write,write,,,video_medium,mongo_gridfs,4,tsinghua_v_0046_r04.mp4,13091522,0.120692,1,
write,write,,,video_medium,pg_bytea,4,tsinghua_v_0076_r04.mp4,13091522,0.674971,1,
write,write,,,video_medium,polyglot,4,tsinghua_v_0076_r04.mp4,13091522,0.106583,1,
write,write,,,video_medium,mongo_gridfs,4,tsinghua_v_0076_r04.mp4,13091522,0.097994,1,
write,write,,,video_medium,pg_bytea,4,tsinghua_v_0080_r04.mp4,13091522,0.374970,1,
write,write,,,video_medium,mongo_gridfs,4,tsinghua_v_0080_r04.mp4,13091522,0.100442,1,
write,write,,,video_medium,polyglot,4,tsinghua_v_0080_r04.mp4,13091522,0.094627,1,
write,write,,,video_medium,pg_bytea,4,tsinghua_v_0109_r04.mp4,13091522,0.351498,1,
write,write,,,video_medium,mongo_gridfs,4,tsinghua_v_0109_r04.mp4,13091522,0.115200,1,
write,write,,,video_medium,polyglot,4,tsinghua_v_0109_r04.mp4,13091522,0.132670,1,
write,write,,,video_medium,pg_bytea,4,tsinghua_v_0123_r04.mp4,13091522,0.354140,1,
write,write,,,video_medium,polyglot,4,tsinghua_v_0123_r04.mp4,13091522,0.104892,1,
write,write,,,video_medium,mongo_gridfs,4,tsinghua_v_0123_r04.mp4,13091522,0.095210,1,
write,write,,,video_medium,polyglot,4,tsinghua_v_0130_r04.mp4,13091522,0.094532,1,
write,write,,,video_medium,pg_bytea,4,tsinghua_v_0130_r04.mp4,13091522,0.394223,1,
write,write,,,video_medium,mongo_gridfs,4,tsinghua_v_0130_r04.mp4,13091522,0.108881,1,
write,write,,,video_medium,polyglot,4,tsinghua_v_0135_r04.mp4,13091522,0.099131,1,
write,write,,,video_medium,mongo_gridfs,4,tsinghua_v_0135_r04.mp4,13091522,0.109046,1,
write,write,,,video_medium,pg_bytea,4,tsinghua_v_0135_r04.mp4,13091522,0.438604,1,
write,write,,,video_medium,pg_bytea,4,tsinghua_v_0137_r04.mp4,13091522,0.650389,1,
write,write,,,video_medium,mongo_gridfs,4,tsinghua_v_0137_r04.mp4,13091522,0.112249,1,
write,write,,,video_medium,polyglot,4,tsinghua_v_0137_r04.mp4,13091522,0.104067,1,
write,write,,,video_medium,pg_bytea,4,tsinghua_v_0140_r04.mp4,13091522,0.356561,1,
write,write,,,video_medium,mongo_gridfs,4,tsinghua_v_0140_r04.mp4,13091522,0.100675,1,
write,write,,,video_medium,polyglot,4,tsinghua_v_0140_r04.mp4,13091522,0.104177,1,
write,write,,,video_medium,polyglot,4,tsinghua_v_0151_r04.mp4,13091522,0.112611,1,
write,write,,,video_medium,pg_bytea,4,tsinghua_v_0151_r04.mp4,13091522,0.387214,1,
write,write,,,video_medium,mongo_gridfs,4,tsinghua_v_0151_r04.mp4,13091522,0.099282,1,
write,write,,,video_medium,mongo_gridfs,4,tsinghua_v_0157_r04.mp4,13091522,0.149352,1,
write,write,,,video_medium,polyglot,4,tsinghua_v_0157_r04.mp4,13091522,0.113648,1,
write,write,,,video_medium,pg_bytea,4,tsinghua_v_0157_r04.mp4,13091522,0.427493,1,
write,write,,,video_medium,polyglot,4,tsinghua_v_0209_r04.mp4,13091522,0.142239,1,
write,write,,,video_medium,pg_bytea,4,tsinghua_v_0209_r04.mp4,13091522,0.407726,1,
write,write,,,video_medium,mongo_gridfs,4,tsinghua_v_0209_r04.mp4,13091522,0.102449,1,
write,write,,,video_medium,pg_bytea,4,tsinghua_v_0226_r04.mp4,13091522,0.365022,1,
write,write,,,video_medium,mongo_gridfs,4,tsinghua_v_0226_r04.mp4,13091522,0.101810,1,
write,write,,,video_medium,polyglot,4,tsinghua_v_0226_r04.mp4,13091522,0.102757,1,
write,write,,,video_medium,polyglot,4,tsinghua_v_0236_r04.mp4,13091522,0.114080,1,
write,write,,,video_medium,mongo_gridfs,4,tsinghua_v_0236_r04.mp4,13091522,0.121621,1,
write,write,,,video_medium,pg_bytea,4,tsinghua_v_0236_r04.mp4,13091522,0.389252,1,
write,write,,,video_medium,mongo_gridfs,4,tsinghua_v_0274_r04.mp4,13091522,0.101563,1,
write,write,,,video_medium,polyglot,4,tsinghua_v_0274_r04.mp4,13091522,0.097839,1,
write,write,,,video_medium,pg_bytea,4,tsinghua_v_0274_r04.mp4,13091522,0.427589,1,
write,write,,,video_medium,mongo_gridfs,4,tsinghua_v_0280_r04.mp4,13091522,0.101767,1,
write,write,,,video_medium,polyglot,4,tsinghua_v_0280_r04.mp4,13091522,0.101230,1,
write,write,,,video_medium,pg_bytea,4,tsinghua_v_0280_r04.mp4,13091522,0.341138,1,
write,write,,,video_medium,polyglot,4,tsinghua_v_0302_r04.mp4,13091522,0.098239,1,
write,write,,,video_medium,pg_bytea,4,tsinghua_v_0302_r04.mp4,13091522,0.588431,1,
write,write,,,video_medium,mongo_gridfs,4,tsinghua_v_0302_r04.mp4,13091522,0.138248,1,
write,write,,,video_medium,polyglot,4,tsinghua_v_0311_r04.mp4,13091522,0.115682,1,
write,write,,,video_medium,pg_bytea,4,tsinghua_v_0311_r04.mp4,13091522,0.609936,1,
write,write,,,video_medium,mongo_gridfs,4,tsinghua_v_0311_r04.mp4,13091522,0.095870,1,
write,write,,,video_medium,mongo_gridfs,4,tsinghua_v_0316_r04.mp4,13091522,0.115914,1,
write,write,,,video_medium,polyglot,4,tsinghua_v_0316_r04.mp4,13091522,0.105843,1,
write,write,,,video_medium,pg_bytea,4,tsinghua_v_0316_r04.mp4,13091522,0.415411,1,
write,write,,,video_medium,pg_bytea,4,tsinghua_v_0319_r04.mp4,13091522,0.314180,1,
write,write,,,video_medium,polyglot,4,tsinghua_v_0319_r04.mp4,13091522,0.105033,1,
write,write,,,video_medium,mongo_gridfs,4,tsinghua_v_0319_r04.mp4,13091522,0.093644,1,
write,write,,,video_medium,polyglot,4,tsinghua_v_0321_r04.mp4,13091522,0.131347,1,
write,write,,,video_medium,pg_bytea,4,tsinghua_v_0321_r04.mp4,13091522,0.359356,1,
write,write,,,video_medium,mongo_gridfs,4,tsinghua_v_0321_r04.mp4,13091522,0.092128,1,
write,write,,,video_medium,mongo_gridfs,4,tsinghua_v_0331_r04.mp4,13091522,0.096083,1,
write,write,,,video_medium,polyglot,4,tsinghua_v_0331_r04.mp4,13091522,0.109970,1,
write,write,,,video_medium,pg_bytea,4,tsinghua_v_0331_r04.mp4,13091522,0.584286,1,
write,write,,,video_medium,pg_bytea,4,tsinghua_v_0345_r04.mp4,13091522,0.887993,1,
write,write,,,video_medium,polyglot,4,tsinghua_v_0345_r04.mp4,13091522,0.110080,1,
write,write,,,video_medium,mongo_gridfs,4,tsinghua_v_0345_r04.mp4,13091522,0.100229,1,
write,write,,,video_medium,polyglot,4,tsinghua_v_0356_r04.mp4,13091522,0.094432,1,
write,write,,,video_medium,mongo_gridfs,4,tsinghua_v_0356_r04.mp4,13091522,0.139444,1,
write,write,,,video_medium,pg_bytea,4,tsinghua_v_0356_r04.mp4,13091522,0.350907,1,
write,write,,,video_medium,pg_bytea,4,tsinghua_v_0357_r04.mp4,13091522,0.327258,1,
write,write,,,video_medium,polyglot,4,tsinghua_v_0357_r04.mp4,13091522,0.111662,1,
write,write,,,video_medium,mongo_gridfs,4,tsinghua_v_0357_r04.mp4,13091522,0.143423,1,
write,write,,,video_medium,polyglot,4,tsinghua_v_0379_r04.mp4,13091522,0.135463,1,
write,write,,,video_medium,mongo_gridfs,4,tsinghua_v_0379_r04.mp4,13091522,0.104503,1,
write,write,,,video_medium,pg_bytea,4,tsinghua_v_0379_r04.mp4,13091522,0.372033,1,
write,write,,,video_medium,polyglot,4,tsinghua_v_0393_r04.mp4,13091522,0.104215,1,
write,write,,,video_medium,pg_bytea,4,tsinghua_v_0393_r04.mp4,13091522,1.144390,1,
write,write,,,video_medium,mongo_gridfs,4,tsinghua_v_0393_r04.mp4,13091522,0.103706,1,
write,write,,,video_medium,mongo_gridfs,4,tsinghua_v_0421_r04.mp4,13091522,0.102514,1,
write,write,,,video_medium,polyglot,4,tsinghua_v_0421_r04.mp4,13091522,0.155157,1,
write,write,,,video_medium,pg_bytea,4,tsinghua_v_0421_r04.mp4,13091522,0.378699,1,
write,write,,,video_medium,mongo_gridfs,4,tsinghua_v_0424_r04.mp4,13091522,0.104659,1,
write,write,,,video_medium,polyglot,4,tsinghua_v_0424_r04.mp4,13091522,0.109946,1,
write,write,,,video_medium,pg_bytea,4,tsinghua_v_0424_r04.mp4,13091522,0.389147,1,
write,write,,,video_medium,mongo_gridfs,4,tsinghua_v_0427_r04.mp4,13091522,0.092041,1,
write,write,,,video_medium,polyglot,4,tsinghua_v_0427_r04.mp4,13091522,0.099287,1,
write,write,,,video_medium,pg_bytea,4,tsinghua_v_0427_r04.mp4,13091522,0.379261,1,
write,write,,,video_medium,pg_bytea,4,tsinghua_v_0431_r04.mp4,13091522,0.379287,1,
write,write,,,video_medium,mongo_gridfs,4,tsinghua_v_0431_r04.mp4,13091522,0.093969,1,
write,write,,,video_medium,polyglot,4,tsinghua_v_0431_r04.mp4,13091522,0.093789,1,
write,write,,,video_medium,polyglot,4,tsinghua_v_0452_r04.mp4,13091522,0.097938,1,
write,write,,,video_medium,mongo_gridfs,4,tsinghua_v_0452_r04.mp4,13091522,0.097626,1,
write,write,,,video_medium,pg_bytea,4,tsinghua_v_0452_r04.mp4,13091522,0.457432,1,
write,write,,,video_medium,pg_bytea,4,tsinghua_v_0454_r04.mp4,13091522,0.384821,1,
write,write,,,video_medium,mongo_gridfs,4,tsinghua_v_0454_r04.mp4,13091522,0.101180,1,
write,write,,,video_medium,polyglot,4,tsinghua_v_0454_r04.mp4,13091522,0.101428,1,
write,write,,,video_medium,pg_bytea,4,tsinghua_v_0457_r04.mp4,13091522,0.359601,1,
write,write,,,video_medium,polyglot,4,tsinghua_v_0457_r04.mp4,13091522,0.109354,1,
write,write,,,video_medium,mongo_gridfs,4,tsinghua_v_0457_r04.mp4,13091522,0.140293,1,
write,write,,,video_medium,mongo_gridfs,4,tsinghua_v_0466_r04.mp4,13091522,0.099347,1,
write,write,,,video_medium,pg_bytea,4,tsinghua_v_0466_r04.mp4,13091522,0.426717,1,
write,write,,,video_medium,polyglot,4,tsinghua_v_0466_r04.mp4,13091522,0.089166,1,
write,write,,,video_medium,polyglot,4,tsinghua_v_0471_r04.mp4,13091522,0.322639,1,
write,write,,,video_medium,mongo_gridfs,4,tsinghua_v_0471_r04.mp4,13091522,0.102309,1,
write,write,,,video_medium,pg_bytea,4,tsinghua_v_0471_r04.mp4,13091522,0.351355,1,
write,write,,,video_medium,polyglot,4,tsinghua_v_0472_r04.mp4,13091522,0.094105,1,
write,write,,,video_medium,mongo_gridfs,4,tsinghua_v_0472_r04.mp4,13091522,0.094807,1,
write,write,,,video_medium,pg_bytea,4,tsinghua_v_0472_r04.mp4,13091522,0.345385,1,
write,write,,,video_medium,polyglot,4,tsinghua_v_0494_r04.mp4,13091522,0.095715,1,
write,write,,,video_medium,pg_bytea,4,tsinghua_v_0494_r04.mp4,13091522,0.342012,1,
write,write,,,video_medium,mongo_gridfs,4,tsinghua_v_0494_r04.mp4,13091522,0.103890,1,
write,write,,,video_medium,polyglot,4,tsinghua_v_0503_r04.mp4,13091522,0.092115,1,
write,write,,,video_medium,mongo_gridfs,4,tsinghua_v_0503_r04.mp4,13091522,0.112561,1,
write,write,,,video_medium,pg_bytea,4,tsinghua_v_0503_r04.mp4,13091522,1.066831,1,
write,write,,,video_medium,pg_bytea,4,tsinghua_v_0509_r04.mp4,13091522,0.359568,1,
write,write,,,video_medium,polyglot,4,tsinghua_v_0509_r04.mp4,13091522,0.108999,1,
write,write,,,video_medium,mongo_gridfs,4,tsinghua_v_0509_r04.mp4,13091522,0.098897,1,
write,write,,,video_medium,polyglot,4,tsinghua_v_0523_r04.mp4,13091522,0.110326,1,
write,write,,,video_medium,pg_bytea,4,tsinghua_v_0523_r04.mp4,13091522,0.370979,1,
write,write,,,video_medium,mongo_gridfs,4,tsinghua_v_0523_r04.mp4,13091522,0.108900,1,
write,write,,,video_medium,polyglot,4,tsinghua_v_0546_r04.mp4,13091522,0.091019,1,
write,write,,,video_medium,pg_bytea,4,tsinghua_v_0546_r04.mp4,13091522,0.354734,1,
write,write,,,video_medium,mongo_gridfs,4,tsinghua_v_0546_r04.mp4,13091522,0.103257,1,
write,write,,,video_medium,mongo_gridfs,4,tsinghua_v_0568_r04.mp4,13091522,0.106409,1,
write,write,,,video_medium,pg_bytea,4,tsinghua_v_0568_r04.mp4,13091522,0.368263,1,
write,write,,,video_medium,polyglot,4,tsinghua_v_0568_r04.mp4,13091522,0.100025,1,
write,write,,,video_medium,pg_bytea,4,tsinghua_v_0594_r04.mp4,13091522,0.357489,1,
write,write,,,video_medium,polyglot,4,tsinghua_v_0594_r04.mp4,13091522,0.102480,1,
write,write,,,video_medium,mongo_gridfs,4,tsinghua_v_0594_r04.mp4,13091522,0.093319,1,
write,write,,,video_medium,pg_bytea,4,tsinghua_v_0596_r04.mp4,13091522,0.403996,1,
write,write,,,video_medium,mongo_gridfs,4,tsinghua_v_0596_r04.mp4,13091522,0.116587,1,
write,write,,,video_medium,polyglot,4,tsinghua_v_0596_r04.mp4,13091522,0.807313,1,
write,write,,,video_medium,polyglot,4,tsinghua_v_0635_r04.mp4,13091522,0.096546,1,
write,write,,,video_medium,mongo_gridfs,4,tsinghua_v_0635_r04.mp4,13091522,0.099186,1,
write,write,,,video_medium,pg_bytea,4,tsinghua_v_0635_r04.mp4,13091522,0.344105,1,
write,write,,,video_medium,polyglot,4,tsinghua_v_0653_r04.mp4,13091522,0.110872,1,
write,write,,,video_medium,mongo_gridfs,4,tsinghua_v_0653_r04.mp4,13091522,0.119438,1,
write,write,,,video_medium,pg_bytea,4,tsinghua_v_0653_r04.mp4,13091522,0.434222,1,
write,write,,,video_medium,polyglot,4,tsinghua_v_0667_r04.mp4,13091522,0.096619,1,
write,write,,,video_medium,mongo_gridfs,4,tsinghua_v_0667_r04.mp4,13091522,0.095311,1,
write,write,,,video_medium,pg_bytea,4,tsinghua_v_0667_r04.mp4,13091522,0.446348,1,
write,write,,,video_medium,polyglot,4,tsinghua_v_0673_r04.mp4,13091522,0.109741,1,
write,write,,,video_medium,mongo_gridfs,4,tsinghua_v_0673_r04.mp4,13091522,0.109170,1,
write,write,,,video_medium,pg_bytea,4,tsinghua_v_0673_r04.mp4,13091522,0.538739,1,
write,write,,,video_medium,pg_bytea,4,tsinghua_v_0681_r04.mp4,13091522,0.332884,1,
write,write,,,video_medium,polyglot,4,tsinghua_v_0681_r04.mp4,13091522,0.099031,1,
write,write,,,video_medium,mongo_gridfs,4,tsinghua_v_0681_r04.mp4,13091522,0.104878,1,
write,write,,,video_medium,mongo_gridfs,4,tsinghua_v_0690_r04.mp4,13091522,0.091939,1,
write,write,,,video_medium,pg_bytea,4,tsinghua_v_0690_r04.mp4,13091522,0.389406,1,
write,write,,,video_medium,polyglot,4,tsinghua_v_0690_r04.mp4,13091522,0.103810,1,
write,write,,,video_medium,mongo_gridfs,4,tsinghua_v_0692_r04.mp4,13091522,0.103617,1,
write,write,,,video_medium,polyglot,4,tsinghua_v_0692_r04.mp4,13091522,0.098499,1,
write,write,,,video_medium,pg_bytea,4,tsinghua_v_0692_r04.mp4,13091522,0.351333,1,
write,write,,,video_medium,polyglot,4,tsinghua_v_0696_r04.mp4,13091522,0.111792,1,
write,write,,,video_medium,mongo_gridfs,4,tsinghua_v_0696_r04.mp4,13091522,0.103959,1,
write,write,,,video_medium,pg_bytea,4,tsinghua_v_0696_r04.mp4,13091522,0.383171,1,
write,write,,,video_medium,pg_bytea,4,tsinghua_v_0734_r04.mp4,13091522,0.361671,1,
write,write,,,video_medium,polyglot,4,tsinghua_v_0734_r04.mp4,13091522,0.112339,1,
write,write,,,video_medium,mongo_gridfs,4,tsinghua_v_0734_r04.mp4,13091522,0.122468,1,
write,write,,,video_medium,pg_bytea,4,tsinghua_v_0737_r04.mp4,13091522,0.373868,1,
write,write,,,video_medium,mongo_gridfs,4,tsinghua_v_0737_r04.mp4,13091522,0.106163,1,
write,write,,,video_medium,polyglot,4,tsinghua_v_0737_r04.mp4,13091522,0.104385,1,
write,write,,,video_medium,pg_bytea,4,tsinghua_v_0744_r04.mp4,13091522,0.407064,1,
write,write,,,video_medium,mongo_gridfs,4,tsinghua_v_0744_r04.mp4,13091522,0.095522,1,
write,write,,,video_medium,polyglot,4,tsinghua_v_0744_r04.mp4,13091522,0.097962,1,
write,write,,,video_medium,polyglot,4,tsinghua_v_0745_r04.mp4,13091522,0.118655,1,
write,write,,,video_medium,pg_bytea,4,tsinghua_v_0745_r04.mp4,13091522,0.398401,1,
write,write,,,video_medium,mongo_gridfs,4,tsinghua_v_0745_r04.mp4,13091522,0.138928,1,
write,write,,,video_medium,pg_bytea,4,tsinghua_v_0769_r04.mp4,13091522,0.590885,1,
write,write,,,video_medium,mongo_gridfs,4,tsinghua_v_0769_r04.mp4,13091522,0.101021,1,
write,write,,,video_medium,polyglot,4,tsinghua_v_0769_r04.mp4,13091522,0.100248,1,
write,write,,,video_medium,polyglot,4,tsinghua_v_0791_r04.mp4,13091522,0.097509,1,
write,write,,,video_medium,mongo_gridfs,4,tsinghua_v_0791_r04.mp4,13091522,0.100694,1,
write,write,,,video_medium,pg_bytea,4,tsinghua_v_0791_r04.mp4,13091522,0.406054,1,
write,write,,,video_medium,mongo_gridfs,4,tsinghua_v_0792_r04.mp4,13091522,0.103981,1,
write,write,,,video_medium,polyglot,4,tsinghua_v_0792_r04.mp4,13091522,0.094329,1,
write,write,,,video_medium,pg_bytea,4,tsinghua_v_0792_r04.mp4,13091522,0.346538,1,
write,write,,,video_medium,polyglot,4,tsinghua_v_0857_r04.mp4,13091522,0.098110,1,
write,write,,,video_medium,pg_bytea,4,tsinghua_v_0857_r04.mp4,13091522,0.332991,1,
write,write,,,video_medium,mongo_gridfs,4,tsinghua_v_0857_r04.mp4,13091522,0.096901,1,
write,write,,,video_medium,polyglot,4,tsinghua_v_0866_r04.mp4,13091522,0.092099,1,
write,write,,,video_medium,pg_bytea,4,tsinghua_v_0866_r04.mp4,13091522,0.358350,1,
write,write,,,video_medium,mongo_gridfs,4,tsinghua_v_0866_r04.mp4,13091522,0.091946,1,
write,write,,,video_medium,pg_bytea,4,tsinghua_v_0880_r04.mp4,13091522,0.366766,1,
write,write,,,video_medium,mongo_gridfs,4,tsinghua_v_0880_r04.mp4,13091522,0.107666,1,
write,write,,,video_medium,polyglot,4,tsinghua_v_0880_r04.mp4,13091522,0.111320,1,
write,write,,,video_medium,pg_bytea,4,tsinghua_v_0888_r04.mp4,13091522,0.317498,1,
write,write,,,video_medium,mongo_gridfs,4,tsinghua_v_0888_r04.mp4,13091522,0.103531,1,
write,write,,,video_medium,polyglot,4,tsinghua_v_0888_r04.mp4,13091522,0.110624,1,
write,write,,,video_medium,pg_bytea,4,tsinghua_v_0901_r04.mp4,13091522,0.331793,1,
write,write,,,video_medium,polyglot,4,tsinghua_v_0901_r04.mp4,13091522,0.099032,1,
write,write,,,video_medium,mongo_gridfs,4,tsinghua_v_0901_r04.mp4,13091522,0.099526,1,
write,write,,,video_medium,polyglot,4,tsinghua_v_0937_r04.mp4,13091522,0.098535,1,
write,write,,,video_medium,pg_bytea,4,tsinghua_v_0937_r04.mp4,13091522,0.593516,1,
write,write,,,video_medium,mongo_gridfs,4,tsinghua_v_0937_r04.mp4,13091522,0.100029,1,
write,write,,,video_medium,mongo_gridfs,4,tsinghua_v_0939_r04.mp4,13091522,0.111982,1,
write,write,,,video_medium,pg_bytea,4,tsinghua_v_0939_r04.mp4,13091522,0.326434,1,
write,write,,,video_medium,polyglot,4,tsinghua_v_0939_r04.mp4,13091522,0.095869,1,
write,write,,,video_medium,mongo_gridfs,4,tsinghua_v_0961_r04.mp4,13091522,0.098184,1,
write,write,,,video_medium,polyglot,4,tsinghua_v_0961_r04.mp4,13091522,0.097903,1,
write,write,,,video_medium,pg_bytea,4,tsinghua_v_0961_r04.mp4,13091522,0.399126,1,
write,write,,,video_medium,polyglot,4,tsinghua_v_0977_r04.mp4,13091522,0.099042,1,
write,write,,,video_medium,mongo_gridfs,4,tsinghua_v_0977_r04.mp4,13091522,0.104770,1,
write,write,,,video_medium,pg_bytea,4,tsinghua_v_0977_r04.mp4,13091522,0.450739,1,
write,write,,,audio_small,mongo_gridfs,5,03-01-01-01-01-02-19_r05.wav,375720,0.009366,1,
write,write,,,audio_small,pg_bytea,5,03-01-01-01-01-02-19_r05.wav,375720,0.021001,1,
write,write,,,audio_small,polyglot,5,03-01-01-01-01-02-19_r05.wav,375720,0.007533,1,
write,write,,,audio_small,polyglot,5,03-01-01-01-02-02-05_r05.wav,396294,0.006378,1,
write,write,,,audio_small,pg_bytea,5,03-01-01-01-02-02-05_r05.wav,396294,0.010337,1,
write,write,,,audio_small,mongo_gridfs,5,03-01-01-01-02-02-05_r05.wav,396294,0.006520,1,
write,write,,,audio_small,polyglot,5,03-01-01-01-02-02-06_r05.wav,363108,0.006201,1,
write,write,,,audio_small,mongo_gridfs,5,03-01-01-01-02-02-06_r05.wav,363108,0.004476,1,
write,write,,,audio_small,pg_bytea,5,03-01-01-01-02-02-06_r05.wav,363108,0.013685,1,
write,write,,,audio_small,pg_bytea,5,03-01-01-01-02-02-07_r05.wav,363108,0.009846,1,
write,write,,,audio_small,mongo_gridfs,5,03-01-01-01-02-02-07_r05.wav,363108,0.006484,1,
write,write,,,audio_small,polyglot,5,03-01-01-01-02-02-07_r05.wav,363108,0.005536,1,
write,write,,,audio_small,pg_bytea,5,03-01-01-01-02-02-11_r05.wav,375720,0.009812,1,
write,write,,,audio_small,polyglot,5,03-01-01-01-02-02-11_r05.wav,375720,0.005615,1,
write,write,,,audio_small,mongo_gridfs,5,03-01-01-01-02-02-11_r05.wav,375720,0.004844,1,
write,write,,,audio_small,polyglot,5,03-01-01-01-02-02-12_r05.wav,372698,0.004547,1,
write,write,,,audio_small,pg_bytea,5,03-01-01-01-02-02-12_r05.wav,372698,0.009808,1,
write,write,,,audio_small,mongo_gridfs,5,03-01-01-01-02-02-12_r05.wav,372698,0.006625,1,
write,write,,,audio_small,mongo_gridfs,5,03-01-01-01-02-02-13_r05.wav,363108,0.016073,1,
write,write,,,audio_small,polyglot,5,03-01-01-01-02-02-13_r05.wav,363108,0.005274,1,
write,write,,,audio_small,pg_bytea,5,03-01-01-01-02-02-13_r05.wav,363108,0.011837,1,
write,write,,,audio_small,polyglot,5,03-01-01-02-01-02-05_r05.wav,393086,0.006375,1,
write,write,,,audio_small,mongo_gridfs,5,03-01-01-02-01-02-05_r05.wav,393086,0.005307,1,
write,write,,,audio_small,pg_bytea,5,03-01-01-02-01-02-05_r05.wav,393086,0.010105,1,
write,write,,,audio_small,pg_bytea,5,03-01-01-02-01-02-06_r05.wav,363108,0.008418,1,
write,write,,,audio_small,mongo_gridfs,5,03-01-01-02-01-02-06_r05.wav,363108,0.005459,1,
write,write,,,audio_small,polyglot,5,03-01-01-02-01-02-06_r05.wav,363108,0.004573,1,
write,write,,,audio_small,polyglot,5,03-01-01-02-01-02-07_r05.wav,372698,0.009628,1,
write,write,,,audio_small,pg_bytea,5,03-01-01-02-01-02-07_r05.wav,372698,0.010416,1,
write,write,,,audio_small,mongo_gridfs,5,03-01-01-02-01-02-07_r05.wav,372698,0.005266,1,
write,write,,,audio_small,pg_bytea,5,03-01-01-02-01-02-13_r05.wav,399494,0.011268,1,
write,write,,,audio_small,mongo_gridfs,5,03-01-01-02-01-02-13_r05.wav,399494,0.005858,1,
write,write,,,audio_small,polyglot,5,03-01-01-02-01-02-13_r05.wav,399494,0.006319,1,
write,write,,,audio_small,mongo_gridfs,5,03-01-01-02-02-02-19_r05.wav,372698,0.004573,1,
write,write,,,audio_small,polyglot,5,03-01-01-02-02-02-19_r05.wav,372698,0.006681,1,
write,write,,,audio_small,pg_bytea,5,03-01-01-02-02-02-19_r05.wav,372698,0.013696,1,
write,write,,,audio_small,pg_bytea,5,03-01-02-01-01-01-19_r05.wav,372698,0.009720,1,
write,write,,,audio_small,polyglot,5,03-01-02-01-01-01-19_r05.wav,372698,0.006081,1,
write,write,,,audio_small,mongo_gridfs,5,03-01-02-01-01-01-19_r05.wav,372698,0.004328,1,
write,write,,,audio_small,polyglot,5,03-01-02-01-02-01-06_r05.wav,363108,0.007810,1,
write,write,,,audio_small,pg_bytea,5,03-01-02-01-02-01-06_r05.wav,363108,0.008402,1,
write,write,,,audio_small,mongo_gridfs,5,03-01-02-01-02-01-06_r05.wav,363108,0.004519,1,
write,write,,,audio_small,polyglot,5,03-01-02-01-02-01-07_r05.wav,399494,0.005314,1,
write,write,,,audio_small,mongo_gridfs,5,03-01-02-01-02-01-07_r05.wav,399494,0.004270,1,
write,write,,,audio_small,pg_bytea,5,03-01-02-01-02-01-07_r05.wav,399494,0.009636,1,
write,write,,,audio_small,polyglot,5,03-01-02-01-02-01-11_r05.wav,375720,0.004907,1,
write,write,,,audio_small,pg_bytea,5,03-01-02-01-02-01-11_r05.wav,375720,0.011659,1,
write,write,,,audio_small,mongo_gridfs,5,03-01-02-01-02-01-11_r05.wav,375720,0.004991,1,
write,write,,,audio_small,polyglot,5,03-01-02-01-02-01-12_r05.wav,372698,0.004661,1,
write,write,,,audio_small,mongo_gridfs,5,03-01-02-01-02-01-12_r05.wav,372698,0.004849,1,
write,write,,,audio_small,pg_bytea,5,03-01-02-01-02-01-12_r05.wav,372698,0.009714,1,
write,write,,,audio_small,mongo_gridfs,5,03-01-02-01-02-01-13_r05.wav,379106,0.004675,1,
write,write,,,audio_small,polyglot,5,03-01-02-01-02-01-13_r05.wav,379106,0.004117,1,
write,write,,,audio_small,pg_bytea,5,03-01-02-01-02-01-13_r05.wav,379106,0.010555,1,
write,write,,,audio_small,mongo_gridfs,5,03-01-02-02-01-01-05_r05.wav,363108,0.004330,1,
write,write,,,audio_small,pg_bytea,5,03-01-02-02-01-01-05_r05.wav,363108,0.008158,1,
write,write,,,audio_small,polyglot,5,03-01-02-02-01-01-05_r05.wav,363108,0.004878,1,
write,write,,,audio_small,pg_bytea,5,03-01-02-02-01-01-11_r05.wav,363108,0.012738,1,
write,write,,,audio_small,polyglot,5,03-01-02-02-01-01-11_r05.wav,363108,0.005339,1,
write,write,,,audio_small,mongo_gridfs,5,03-01-02-02-01-01-11_r05.wav,363108,0.005218,1,
write,write,,,audio_small,mongo_gridfs,5,03-01-02-02-01-01-12_r05.wav,399494,0.005215,1,
write,write,,,audio_small,pg_bytea,5,03-01-02-02-01-01-12_r05.wav,399494,0.012474,1,
write,write,,,audio_small,polyglot,5,03-01-02-02-01-01-12_r05.wav,399494,0.006437,1,
write,write,,,audio_small,polyglot,5,03-01-02-02-01-01-13_r05.wav,399494,0.008672,1,
write,write,,,audio_small,mongo_gridfs,5,03-01-02-02-01-01-13_r05.wav,399494,0.005688,1,
write,write,,,audio_small,pg_bytea,5,03-01-02-02-01-01-13_r05.wav,399494,0.015196,1,
write,write,,,audio_small,pg_bytea,5,03-01-02-02-02-01-19_r05.wav,379106,0.012577,1,
write,write,,,audio_small,polyglot,5,03-01-02-02-02-01-19_r05.wav,379106,0.008746,1,
write,write,,,audio_small,mongo_gridfs,5,03-01-02-02-02-01-19_r05.wav,379106,0.006518,1,
write,write,,,audio_small,polyglot,5,03-01-03-01-01-02-05_r05.wav,396294,0.005555,1,
write,write,,,audio_small,mongo_gridfs,5,03-01-03-01-01-02-05_r05.wav,396294,0.005372,1,
write,write,,,audio_small,pg_bytea,5,03-01-03-01-01-02-05_r05.wav,396294,0.015328,1,
write,write,,,audio_small,polyglot,5,03-01-03-01-01-02-07_r05.wav,393086,0.005732,1,
write,write,,,audio_small,mongo_gridfs,5,03-01-03-01-01-02-07_r05.wav,393086,0.005272,1,
write,write,,,audio_small,pg_bytea,5,03-01-03-01-01-02-07_r05.wav,393086,0.009369,1,
write,write,,,audio_small,polyglot,5,03-01-03-01-01-02-12_r05.wav,399494,0.006530,1,
write,write,,,audio_small,pg_bytea,5,03-01-03-01-01-02-12_r05.wav,399494,0.010114,1,
write,write,,,audio_small,mongo_gridfs,5,03-01-03-01-01-02-12_r05.wav,399494,0.005746,1,
write,write,,,audio_small,pg_bytea,5,03-01-03-01-01-02-13_r05.wav,399494,0.011961,1,
write,write,,,audio_small,mongo_gridfs,5,03-01-03-01-01-02-13_r05.wav,399494,0.006232,1,
write,write,,,audio_small,polyglot,5,03-01-03-01-01-02-13_r05.wav,399494,0.006341,1,
write,write,,,audio_small,mongo_gridfs,5,03-01-03-01-02-02-18_r05.wav,393086,0.005452,1,
write,write,,,audio_small,pg_bytea,5,03-01-03-01-02-02-18_r05.wav,393086,0.011461,1,
write,write,,,audio_small,polyglot,5,03-01-03-01-02-02-18_r05.wav,393086,0.006383,1,
write,write,,,audio_small,mongo_gridfs,5,03-01-03-01-02-02-19_r05.wav,399494,0.005463,1,
write,write,,,audio_small,polyglot,5,03-01-03-01-02-02-19_r05.wav,399494,0.005076,1,
write,write,,,audio_small,pg_bytea,5,03-01-03-01-02-02-19_r05.wav,399494,0.009442,1,
write,write,,,audio_small,polyglot,5,03-01-03-02-01-02-18_r05.wav,396294,0.005536,1,
write,write,,,audio_small,pg_bytea,5,03-01-03-02-01-02-18_r05.wav,396294,0.009793,1,
write,write,,,audio_small,mongo_gridfs,5,03-01-03-02-01-02-18_r05.wav,396294,0.005817,1,
write,write,,,audio_small,polyglot,5,03-01-03-02-01-02-19_r05.wav,372698,0.005218,1,
write,write,,,audio_small,mongo_gridfs,5,03-01-03-02-01-02-19_r05.wav,372698,0.004784,1,
write,write,,,audio_small,pg_bytea,5,03-01-03-02-01-02-19_r05.wav,372698,0.010152,1,
write,write,,,audio_small,mongo_gridfs,5,03-01-03-02-02-02-04_r05.wav,379106,0.005893,1,
write,write,,,audio_small,pg_bytea,5,03-01-03-02-02-02-04_r05.wav,379106,0.012055,1,
write,write,,,audio_small,polyglot,5,03-01-03-02-02-02-04_r05.wav,379106,0.007019,1,
write,write,,,audio_small,polyglot,5,03-01-03-02-02-02-06_r05.wav,399494,0.005590,1,
write,write,,,audio_small,pg_bytea,5,03-01-03-02-02-02-06_r05.wav,399494,0.010698,1,
write,write,,,audio_small,mongo_gridfs,5,03-01-03-02-02-02-06_r05.wav,399494,0.006386,1,
write,write,,,audio_small,pg_bytea,5,03-01-03-02-02-02-07_r05.wav,393086,0.010524,1,
write,write,,,audio_small,polyglot,5,03-01-03-02-02-02-07_r05.wav,393086,0.006115,1,
write,write,,,audio_small,mongo_gridfs,5,03-01-03-02-02-02-07_r05.wav,393086,0.005105,1,
write,write,,,audio_small,pg_bytea,5,03-01-03-02-02-02-10_r05.wav,375720,0.010110,1,
write,write,,,audio_small,polyglot,5,03-01-03-02-02-02-10_r05.wav,375720,0.006368,1,
write,write,,,audio_small,mongo_gridfs,5,03-01-03-02-02-02-10_r05.wav,375720,0.007498,1,
write,write,,,audio_small,mongo_gridfs,5,03-01-03-02-02-02-11_r05.wav,396294,0.005672,1,
write,write,,,audio_small,pg_bytea,5,03-01-03-02-02-02-11_r05.wav,396294,0.009907,1,
write,write,,,audio_small,polyglot,5,03-01-03-02-02-02-11_r05.wav,396294,0.005838,1,
write,write,,,audio_small,polyglot,5,03-01-03-02-02-02-13_r05.wav,399494,0.005688,1,
write,write,,,audio_small,pg_bytea,5,03-01-03-02-02-02-13_r05.wav,399494,0.010074,1,
write,write,,,audio_small,mongo_gridfs,5,03-01-03-02-02-02-13_r05.wav,399494,0.005332,1,
write,write,,,audio_small,polyglot,5,03-01-04-01-01-02-01_r05.wav,396294,0.005553,1,
write,write,,,audio_small,pg_bytea,5,03-01-04-01-01-02-01_r05.wav,396294,0.009836,1,
write,write,,,audio_small,mongo_gridfs,5,03-01-04-01-01-02-01_r05.wav,396294,0.006062,1,
write,write,,,audio_small,polyglot,5,03-01-04-01-01-02-02_r05.wav,379106,0.006043,1,
write,write,,,audio_small,mongo_gridfs,5,03-01-04-01-01-02-02_r05.wav,379106,0.005520,1,
write,write,,,audio_small,pg_bytea,5,03-01-04-01-01-02-02_r05.wav,379106,0.011137,1,
write,write,,,audio_small,polyglot,5,03-01-04-01-01-02-16_r05.wav,379106,0.006357,1,
write,write,,,audio_small,mongo_gridfs,5,03-01-04-01-01-02-16_r05.wav,379106,0.005713,1,
write,write,,,audio_small,pg_bytea,5,03-01-04-01-01-02-16_r05.wav,379106,0.015485,1,
write,write,,,audio_small,polyglot,5,03-01-04-01-02-02-08_r05.wav,372698,0.005212,1,
write,write,,,audio_small,mongo_gridfs,5,03-01-04-01-02-02-08_r05.wav,372698,0.004883,1,
write,write,,,audio_small,pg_bytea,5,03-01-04-01-02-02-08_r05.wav,372698,0.009293,1,
write,write,,,audio_small,polyglot,5,03-01-04-01-02-02-09_r05.wav,363108,0.004972,1,
write,write,,,audio_small,pg_bytea,5,03-01-04-01-02-02-09_r05.wav,363108,0.011829,1,
write,write,,,audio_small,mongo_gridfs,5,03-01-04-01-02-02-09_r05.wav,363108,0.005577,1,
write,write,,,audio_small,pg_bytea,5,03-01-04-01-02-02-20_r05.wav,396294,0.012331,1,
write,write,,,audio_small,mongo_gridfs,5,03-01-04-01-02-02-20_r05.wav,396294,0.006210,1,
write,write,,,audio_small,polyglot,5,03-01-04-01-02-02-20_r05.wav,396294,0.005536,1,
write,write,,,audio_small,mongo_gridfs,5,03-01-04-01-02-02-21_r05.wav,363108,0.004684,1,
write,write,,,audio_small,pg_bytea,5,03-01-04-01-02-02-21_r05.wav,363108,0.011076,1,
write,write,,,audio_small,polyglot,5,03-01-04-01-02-02-21_r05.wav,363108,0.006226,1,
write,write,,,audio_small,polyglot,5,03-01-04-01-02-02-22_r05.wav,372698,0.004957,1,
write,write,,,audio_small,pg_bytea,5,03-01-04-01-02-02-22_r05.wav,372698,0.009668,1,
write,write,,,audio_small,mongo_gridfs,5,03-01-04-01-02-02-22_r05.wav,372698,0.006376,1,
write,write,,,audio_small,pg_bytea,5,03-01-04-01-02-02-23_r05.wav,363108,0.009970,1,
write,write,,,audio_small,mongo_gridfs,5,03-01-04-01-02-02-23_r05.wav,363108,0.008796,1,
write,write,,,audio_small,polyglot,5,03-01-04-01-02-02-23_r05.wav,363108,0.005562,1,
write,write,,,audio_small,pg_bytea,5,03-01-04-02-01-02-09_r05.wav,379106,0.009941,1,
write,write,,,audio_small,mongo_gridfs,5,03-01-04-02-01-02-09_r05.wav,379106,0.005905,1,
write,write,,,audio_small,polyglot,5,03-01-04-02-01-02-09_r05.wav,379106,0.005369,1,
write,write,,,audio_small,mongo_gridfs,5,03-01-04-02-01-02-20_r05.wav,379106,0.005163,1,
write,write,,,audio_small,pg_bytea,5,03-01-04-02-01-02-20_r05.wav,379106,0.010411,1,
write,write,,,audio_small,polyglot,5,03-01-04-02-01-02-20_r05.wav,379106,0.007195,1,
write,write,,,audio_small,mongo_gridfs,5,03-01-04-02-01-02-21_r05.wav,393086,0.006199,1,
write,write,,,audio_small,pg_bytea,5,03-01-04-02-01-02-21_r05.wav,393086,0.013796,1,
write,write,,,audio_small,polyglot,5,03-01-04-02-01-02-21_r05.wav,393086,0.007190,1,
write,write,,,audio_small,polyglot,5,03-01-04-02-01-02-22_r05.wav,379106,0.005164,1,
write,write,,,audio_small,mongo_gridfs,5,03-01-04-02-01-02-22_r05.wav,379106,0.005516,1,
write,write,,,audio_small,pg_bytea,5,03-01-04-02-01-02-22_r05.wav,379106,0.009576,1,
write,write,,,audio_small,pg_bytea,5,03-01-04-02-02-02-14_r05.wav,375720,0.008989,1,
write,write,,,audio_small,mongo_gridfs,5,03-01-04-02-02-02-14_r05.wav,375720,0.006010,1,
write,write,,,audio_small,polyglot,5,03-01-04-02-02-02-14_r05.wav,375720,0.007903,1,
write,write,,,audio_small,pg_bytea,5,03-01-04-02-02-02-15_r05.wav,379106,0.008958,1,
write,write,,,audio_small,polyglot,5,03-01-04-02-02-02-15_r05.wav,379106,0.005833,1,
write,write,,,audio_small,mongo_gridfs,5,03-01-04-02-02-02-15_r05.wav,379106,0.004775,1,
write,write,,,audio_small,pg_bytea,5,03-01-04-02-02-02-16_r05.wav,375720,0.009612,1,
write,write,,,audio_small,mongo_gridfs,5,03-01-04-02-02-02-16_r05.wav,375720,0.011119,1,
write,write,,,audio_small,polyglot,5,03-01-04-02-02-02-16_r05.wav,375720,0.054658,1,
write,write,,,audio_small,mongo_gridfs,5,03-01-04-02-02-02-17_r05.wav,363108,0.005637,1,
write,write,,,audio_small,pg_bytea,5,03-01-04-02-02-02-17_r05.wav,363108,0.010975,1,
write,write,,,audio_small,polyglot,5,03-01-04-02-02-02-17_r05.wav,363108,0.004882,1,
write,write,,,audio_small,mongo_gridfs,5,03-01-05-01-01-01-09_r05.wav,393086,0.004296,1,
write,write,,,audio_small,pg_bytea,5,03-01-05-01-01-01-09_r05.wav,393086,0.008961,1,
write,write,,,audio_small,polyglot,5,03-01-05-01-01-01-09_r05.wav,393086,0.004654,1,
write,write,,,audio_small,mongo_gridfs,5,03-01-05-01-01-01-22_r05.wav,393086,0.004528,1,
write,write,,,audio_small,polyglot,5,03-01-05-01-01-01-22_r05.wav,393086,0.004495,1,
write,write,,,audio_small,pg_bytea,5,03-01-05-01-01-01-22_r05.wav,393086,0.010088,1,
write,write,,,audio_small,polyglot,5,03-01-05-01-02-01-02_r05.wav,372698,0.004424,1,
write,write,,,audio_small,mongo_gridfs,5,03-01-05-01-02-01-02_r05.wav,372698,0.003453,1,
write,write,,,audio_small,pg_bytea,5,03-01-05-01-02-01-02_r05.wav,372698,0.008160,1,
write,write,,,audio_small,pg_bytea,5,03-01-05-01-02-01-03_r05.wav,396294,0.008758,1,
write,write,,,audio_small,polyglot,5,03-01-05-01-02-01-03_r05.wav,396294,0.004495,1,
write,write,,,audio_small,mongo_gridfs,5,03-01-05-01-02-01-03_r05.wav,396294,0.003889,1,
write,write,,,audio_small,mongo_gridfs,5,03-01-05-01-02-01-15_r05.wav,363108,0.003812,1,
write,write,,,audio_small,polyglot,5,03-01-05-01-02-01-15_r05.wav,363108,0.003989,1,
write,write,,,audio_small,pg_bytea,5,03-01-05-01-02-01-15_r05.wav,363108,0.009355,1,
write,write,,,audio_small,polyglot,5,03-01-05-01-02-01-16_r05.wav,372698,0.005139,1,
write,write,,,audio_small,mongo_gridfs,5,03-01-05-01-02-01-16_r05.wav,372698,0.003843,1,
write,write,,,audio_small,pg_bytea,5,03-01-05-01-02-01-16_r05.wav,372698,0.009467,1,
write,write,,,audio_small,polyglot,5,03-01-05-01-02-01-17_r05.wav,393086,0.004478,1,
write,write,,,audio_small,mongo_gridfs,5,03-01-05-01-02-01-17_r05.wav,393086,0.003997,1,
write,write,,,audio_small,pg_bytea,5,03-01-05-01-02-01-17_r05.wav,393086,0.009507,1,
write,write,,,audio_small,polyglot,5,03-01-05-02-01-01-01_r05.wav,372698,0.004067,1,
write,write,,,audio_small,pg_bytea,5,03-01-05-02-01-01-01_r05.wav,372698,0.014706,1,
write,write,,,audio_small,mongo_gridfs,5,03-01-05-02-01-01-01_r05.wav,372698,0.004238,1,
write,write,,,audio_small,polyglot,5,03-01-05-02-01-01-02_r05.wav,375720,0.006328,1,
write,write,,,audio_small,pg_bytea,5,03-01-05-02-01-01-02_r05.wav,375720,0.009856,1,
write,write,,,audio_small,mongo_gridfs,5,03-01-05-02-01-01-02_r05.wav,375720,0.005878,1,
write,write,,,audio_small,mongo_gridfs,5,03-01-05-02-01-01-03_r05.wav,372698,0.004187,1,
write,write,,,audio_small,polyglot,5,03-01-05-02-01-01-03_r05.wav,372698,0.004250,1,
write,write,,,audio_small,pg_bytea,5,03-01-05-02-01-01-03_r05.wav,372698,0.010835,1,
write,write,,,audio_small,mongo_gridfs,5,03-01-05-02-01-01-15_r05.wav,396294,0.008816,1,
write,write,,,audio_small,polyglot,5,03-01-05-02-01-01-15_r05.wav,396294,0.004149,1,
write,write,,,audio_small,pg_bytea,5,03-01-05-02-01-01-15_r05.wav,396294,0.013094,1,
write,write,,,audio_small,mongo_gridfs,5,03-01-05-02-01-01-16_r05.wav,399494,0.004704,1,
write,write,,,audio_small,pg_bytea,5,03-01-05-02-01-01-16_r05.wav,399494,0.014663,1,
write,write,,,audio_small,polyglot,5,03-01-05-02-01-01-16_r05.wav,399494,0.004407,1,
write,write,,,audio_small,pg_bytea,5,03-01-05-02-01-01-17_r05.wav,363108,0.009780,1,
write,write,,,audio_small,polyglot,5,03-01-05-02-01-01-17_r05.wav,363108,0.004387,1,
write,write,,,audio_small,mongo_gridfs,5,03-01-05-02-01-01-17_r05.wav,363108,0.003920,1,
write,write,,,audio_small,polyglot,5,03-01-05-02-02-01-09_r05.wav,396294,0.004088,1,
write,write,,,audio_small,mongo_gridfs,5,03-01-05-02-02-01-09_r05.wav,396294,0.004162,1,
write,write,,,audio_small,pg_bytea,5,03-01-05-02-02-01-09_r05.wav,396294,0.009666,1,
write,write,,,audio_small,pg_bytea,5,03-01-05-02-02-01-21_r05.wav,375720,0.008457,1,
write,write,,,audio_small,polyglot,5,03-01-05-02-02-01-21_r05.wav,375720,0.004318,1,
write,write,,,audio_small,mongo_gridfs,5,03-01-05-02-02-01-21_r05.wav,375720,0.004075,1,
write,write,,,audio_small,pg_bytea,5,03-01-05-02-02-01-22_r05.wav,379106,0.010484,1,
write,write,,,audio_small,mongo_gridfs,5,03-01-05-02-02-01-22_r05.wav,379106,0.003998,1,
write,write,,,audio_small,polyglot,5,03-01-05-02-02-01-22_r05.wav,379106,0.004001,1,
write,write,,,audio_medium,pg_bytea,5,03-02-01-01-01-02-22_r05.wav,526650,0.020219,1,
write,write,,,audio_medium,polyglot,5,03-02-01-01-01-02-22_r05.wav,526650,0.005747,1,
write,write,,,audio_medium,mongo_gridfs,5,03-02-01-01-01-02-22_r05.wav,526650,0.005534,1,
write,write,,,audio_medium,mongo_gridfs,5,03-02-01-01-01-02-23_r05.wav,539464,0.005590,1,
write,write,,,audio_medium,polyglot,5,03-02-01-01-01-02-23_r05.wav,539464,0.006225,1,
write,write,,,audio_medium,pg_bytea,5,03-02-01-01-01-02-23_r05.wav,539464,0.014329,1,
write,write,,,audio_medium,polyglot,5,03-02-01-01-02-02-02_r05.wav,539464,0.005956,1,
write,write,,,audio_medium,mongo_gridfs,5,03-02-01-01-02-02-02_r05.wav,539464,0.005488,1,
write,write,,,audio_medium,pg_bytea,5,03-02-01-01-02-02-02_r05.wav,539464,0.014727,1,
write,write,,,audio_medium,polyglot,5,03-02-01-01-02-02-03_r05.wav,520242,0.005424,1,
write,write,,,audio_medium,mongo_gridfs,5,03-02-01-01-02-02-03_r05.wav,520242,0.004727,1,
write,write,,,audio_medium,pg_bytea,5,03-02-01-01-02-02-03_r05.wav,520242,0.015142,1,
write,write,,,audio_medium,polyglot,5,03-02-01-01-02-02-16_r05.wav,539464,0.008411,1,
write,write,,,audio_medium,pg_bytea,5,03-02-01-01-02-02-16_r05.wav,539464,0.016646,1,
write,write,,,audio_medium,mongo_gridfs,5,03-02-01-01-02-02-16_r05.wav,539464,0.006123,1,
write,write,,,audio_medium,polyglot,5,03-02-01-01-02-02-17_r05.wav,561888,0.005994,1,
write,write,,,audio_medium,pg_bytea,5,03-02-01-01-02-02-17_r05.wav,561888,0.015511,1,
write,write,,,audio_medium,mongo_gridfs,5,03-02-01-01-02-02-17_r05.wav,561888,0.007831,1,
write,write,,,audio_medium,polyglot,5,03-02-01-02-01-02-01_r05.wav,533056,0.006388,1,
write,write,,,audio_medium,mongo_gridfs,5,03-02-01-02-01-02-01_r05.wav,533056,0.006464,1,
write,write,,,audio_medium,pg_bytea,5,03-02-01-02-01-02-01_r05.wav,533056,0.015896,1,
write,write,,,audio_medium,polyglot,5,03-02-01-02-01-02-02_r05.wav,523448,0.006769,1,
write,write,,,audio_medium,pg_bytea,5,03-02-01-02-01-02-02_r05.wav,523448,0.028668,1,
write,write,,,audio_medium,mongo_gridfs,5,03-02-01-02-01-02-02_r05.wav,523448,0.008125,1,
write,write,,,audio_medium,mongo_gridfs,5,03-02-01-02-01-02-03_r05.wav,533056,0.008219,1,
write,write,,,audio_medium,pg_bytea,5,03-02-01-02-01-02-03_r05.wav,533056,0.017186,1,
write,write,,,audio_medium,polyglot,5,03-02-01-02-01-02-03_r05.wav,533056,0.008647,1,
write,write,,,audio_medium,mongo_gridfs,5,03-02-01-02-01-02-15_r05.wav,561882,0.007422,1,
write,write,,,audio_medium,polyglot,5,03-02-01-02-01-02-15_r05.wav,561882,0.007695,1,
write,write,,,audio_medium,pg_bytea,5,03-02-01-02-01-02-15_r05.wav,561882,0.015417,1,
write,write,,,audio_medium,pg_bytea,5,03-02-01-02-01-02-16_r05.wav,526650,0.014832,1,
write,write,,,audio_medium,polyglot,5,03-02-01-02-01-02-16_r05.wav,526650,0.008422,1,
write,write,,,audio_medium,mongo_gridfs,5,03-02-01-02-01-02-16_r05.wav,526650,0.006297,1,
write,write,,,audio_medium,polyglot,5,03-02-01-02-01-02-17_r05.wav,533056,0.007729,1,
write,write,,,audio_medium,pg_bytea,5,03-02-01-02-01-02-17_r05.wav,533056,0.021065,1,
write,write,,,audio_medium,mongo_gridfs,5,03-02-01-02-01-02-17_r05.wav,533056,0.008379,1,
write,write,,,audio_medium,polyglot,5,03-02-01-02-02-02-22_r05.wav,520242,0.006260,1,
write,write,,,audio_medium,pg_bytea,5,03-02-01-02-02-02-22_r05.wav,520242,0.013496,1,
write,write,,,audio_medium,mongo_gridfs,5,03-02-01-02-02-02-22_r05.wav,520242,0.008633,1,
write,write,,,audio_medium,mongo_gridfs,5,03-02-01-02-02-02-23_r05.wav,520242,0.006387,1,
write,write,,,audio_medium,pg_bytea,5,03-02-01-02-02-02-23_r05.wav,520242,0.030152,1,
write,write,,,audio_medium,polyglot,5,03-02-01-02-02-02-23_r05.wav,520242,0.009062,1,
write,write,,,audio_medium,mongo_gridfs,5,03-02-02-01-01-01-22_r05.wav,523448,0.006717,1,
write,write,,,audio_medium,pg_bytea,5,03-02-02-01-01-01-22_r05.wav,523448,0.013660,1,
write,write,,,audio_medium,polyglot,5,03-02-02-01-01-01-22_r05.wav,523448,0.007598,1,
write,write,,,audio_medium,polyglot,5,03-02-02-01-01-01-23_r05.wav,561888,0.009158,1,
write,write,,,audio_medium,mongo_gridfs,5,03-02-02-01-01-01-23_r05.wav,561888,0.011538,1,
write,write,,,audio_medium,pg_bytea,5,03-02-02-01-01-01-23_r05.wav,561888,0.018228,1,
write,write,,,audio_medium,mongo_gridfs,5,03-02-02-01-02-01-01_r05.wav,520242,0.007518,1,
write,write,,,audio_medium,pg_bytea,5,03-02-02-01-02-01-01_r05.wav,520242,0.017526,1,
write,write,,,audio_medium,polyglot,5,03-02-02-01-02-01-01_r05.wav,520242,0.007131,1,
write,write,,,audio_medium,pg_bytea,5,03-02-02-01-02-01-02_r05.wav,539464,0.013283,1,
write,write,,,audio_medium,mongo_gridfs,5,03-02-02-01-02-01-02_r05.wav,539464,0.008082,1,
write,write,,,audio_medium,polyglot,5,03-02-02-01-02-01-02_r05.wav,539464,0.006761,1,
write,write,,,audio_medium,polyglot,5,03-02-02-01-02-01-03_r05.wav,533056,0.007186,1,
write,write,,,audio_medium,pg_bytea,5,03-02-02-01-02-01-03_r05.wav,533056,0.014494,1,
write,write,,,audio_medium,mongo_gridfs,5,03-02-02-01-02-01-03_r05.wav,533056,0.007566,1,
write,write,,,audio_medium,mongo_gridfs,5,03-02-02-01-02-01-16_r05.wav,561882,0.006653,1,
write,write,,,audio_medium,polyglot,5,03-02-02-01-02-01-16_r05.wav,561882,0.006981,1,
write,write,,,audio_medium,pg_bytea,5,03-02-02-01-02-01-16_r05.wav,561882,0.014892,1,
write,write,,,audio_medium,polyglot,5,03-02-02-02-01-01-01_r05.wav,539464,0.007240,1,
write,write,,,audio_medium,pg_bytea,5,03-02-02-02-01-01-01_r05.wav,539464,0.013582,1,
write,write,,,audio_medium,mongo_gridfs,5,03-02-02-02-01-01-01_r05.wav,539464,0.008581,1,
write,write,,,audio_medium,pg_bytea,5,03-02-02-02-01-01-02_r05.wav,526650,0.016284,1,
write,write,,,audio_medium,polyglot,5,03-02-02-02-01-01-02_r05.wav,526650,0.007752,1,
write,write,,,audio_medium,mongo_gridfs,5,03-02-02-02-01-01-02_r05.wav,526650,0.006391,1,
write,write,,,audio_medium,mongo_gridfs,5,03-02-02-02-01-01-15_r05.wav,539464,0.007038,1,
write,write,,,audio_medium,pg_bytea,5,03-02-02-02-01-01-15_r05.wav,539464,0.078780,1,
write,write,,,audio_medium,polyglot,5,03-02-02-02-01-01-15_r05.wav,539464,0.009748,1,
write,write,,,audio_medium,mongo_gridfs,5,03-02-02-02-01-01-16_r05.wav,520242,0.008125,1,
write,write,,,audio_medium,polyglot,5,03-02-02-02-01-01-16_r05.wav,520242,0.007169,1,
write,write,,,audio_medium,pg_bytea,5,03-02-02-02-01-01-16_r05.wav,520242,0.014478,1,
write,write,,,audio_medium,polyglot,5,03-02-02-02-01-01-17_r05.wav,539464,0.007312,1,
write,write,,,audio_medium,pg_bytea,5,03-02-02-02-01-01-17_r05.wav,539464,0.016372,1,
write,write,,,audio_medium,mongo_gridfs,5,03-02-02-02-01-01-17_r05.wav,539464,0.010655,1,
write,write,,,audio_medium,polyglot,5,03-02-02-02-02-01-22_r05.wav,539464,0.008226,1,
write,write,,,audio_medium,pg_bytea,5,03-02-02-02-02-01-22_r05.wav,539464,0.020334,1,
write,write,,,audio_medium,mongo_gridfs,5,03-02-02-02-02-01-22_r05.wav,539464,0.008599,1,
write,write,,,audio_medium,mongo_gridfs,5,03-02-02-02-02-01-23_r05.wav,520242,0.008728,1,
write,write,,,audio_medium,pg_bytea,5,03-02-02-02-02-01-23_r05.wav,520242,0.014563,1,
write,write,,,audio_medium,polyglot,5,03-02-02-02-02-01-23_r05.wav,520242,0.008861,1,
write,write,,,audio_medium,polyglot,5,03-02-03-01-01-02-01_r05.wav,561882,0.007238,1,
write,write,,,audio_medium,mongo_gridfs,5,03-02-03-01-01-02-01_r05.wav,561882,0.006350,1,
write,write,,,audio_medium,pg_bytea,5,03-02-03-01-01-02-01_r05.wav,561882,0.016412,1,
write,write,,,audio_medium,polyglot,5,03-02-03-01-01-02-02_r05.wav,561882,0.007775,1,
write,write,,,audio_medium,mongo_gridfs,5,03-02-03-01-01-02-02_r05.wav,561882,0.007114,1,
write,write,,,audio_medium,pg_bytea,5,03-02-03-01-01-02-02_r05.wav,561882,0.018209,1,
write,write,,,audio_medium,mongo_gridfs,5,03-02-03-01-01-02-03_r05.wav,539464,0.007503,1,
write,write,,,audio_medium,pg_bytea,5,03-02-03-01-01-02-03_r05.wav,539464,0.015345,1,
write,write,,,audio_medium,polyglot,5,03-02-03-01-01-02-03_r05.wav,539464,0.007680,1,
write,write,,,audio_medium,pg_bytea,5,03-02-03-01-01-02-15_r05.wav,526650,0.012766,1,
write,write,,,audio_medium,polyglot,5,03-02-03-01-01-02-15_r05.wav,526650,0.008423,1,
write,write,,,audio_medium,mongo_gridfs,5,03-02-03-01-01-02-15_r05.wav,526650,0.006713,1,
write,write,,,audio_medium,pg_bytea,5,03-02-03-01-01-02-16_r05.wav,520242,0.018683,1,
write,write,,,audio_medium,polyglot,5,03-02-03-01-01-02-16_r05.wav,520242,0.007197,1,
write,write,,,audio_medium,mongo_gridfs,5,03-02-03-01-01-02-16_r05.wav,520242,0.007764,1,
write,write,,,audio_medium,polyglot,5,03-02-03-01-01-02-17_r05.wav,526650,0.007039,1,
write,write,,,audio_medium,mongo_gridfs,5,03-02-03-01-01-02-17_r05.wav,526650,0.005668,1,
write,write,,,audio_medium,pg_bytea,5,03-02-03-01-01-02-17_r05.wav,526650,0.015476,1,
write,write,,,audio_medium,polyglot,5,03-02-03-01-02-02-09_r05.wav,539464,0.007229,1,
write,write,,,audio_medium,pg_bytea,5,03-02-03-01-02-02-09_r05.wav,539464,0.014720,1,
write,write,,,audio_medium,mongo_gridfs,5,03-02-03-01-02-02-09_r05.wav,539464,0.008279,1,
write,write,,,audio_medium,mongo_gridfs,5,03-02-03-01-02-02-21_r05.wav,533056,0.007117,1,
write,write,,,audio_medium,polyglot,5,03-02-03-01-02-02-21_r05.wav,533056,0.007143,1,
write,write,,,audio_medium,pg_bytea,5,03-02-03-01-02-02-21_r05.wav,533056,0.021259,1,
write,write,,,audio_medium,pg_bytea,5,03-02-03-01-02-02-22_r05.wav,561888,0.016189,1,
write,write,,,audio_medium,polyglot,5,03-02-03-01-02-02-22_r05.wav,561888,0.009048,1,
write,write,,,audio_medium,mongo_gridfs,5,03-02-03-01-02-02-22_r05.wav,561888,0.007008,1,
write,write,,,audio_medium,mongo_gridfs,5,03-02-03-01-02-02-23_r05.wav,539464,0.006819,1,
write,write,,,audio_medium,polyglot,5,03-02-03-01-02-02-23_r05.wav,539464,0.006617,1,
write,write,,,audio_medium,pg_bytea,5,03-02-03-01-02-02-23_r05.wav,539464,0.013635,1,
write,write,,,audio_medium,mongo_gridfs,5,03-02-03-02-01-02-09_r05.wav,561882,0.008059,1,
write,write,,,audio_medium,polyglot,5,03-02-03-02-01-02-09_r05.wav,561882,0.006405,1,
write,write,,,audio_medium,pg_bytea,5,03-02-03-02-01-02-09_r05.wav,561882,0.014358,1,
write,write,,,audio_medium,mongo_gridfs,5,03-02-03-02-01-02-21_r05.wav,539464,0.008486,1,
write,write,,,audio_medium,pg_bytea,5,03-02-03-02-01-02-21_r05.wav,539464,0.013813,1,
write,write,,,audio_medium,polyglot,5,03-02-03-02-01-02-21_r05.wav,539464,0.007795,1,
write,write,,,audio_medium,pg_bytea,5,03-02-03-02-01-02-22_r05.wav,526650,0.012981,1,
write,write,,,audio_medium,polyglot,5,03-02-03-02-01-02-22_r05.wav,526650,0.008568,1,
write,write,,,audio_medium,mongo_gridfs,5,03-02-03-02-01-02-22_r05.wav,526650,0.010469,1,
write,write,,,audio_medium,polyglot,5,03-02-03-02-01-02-23_r05.wav,561888,0.009011,1,
write,write,,,audio_medium,pg_bytea,5,03-02-03-02-01-02-23_r05.wav,561888,0.014327,1,
write,write,,,audio_medium,mongo_gridfs,5,03-02-03-02-01-02-23_r05.wav,561888,0.009575,1,
write,write,,,audio_medium,polyglot,5,03-02-03-02-02-02-01_r05.wav,561882,0.007260,1,
write,write,,,audio_medium,pg_bytea,5,03-02-03-02-02-02-01_r05.wav,561882,0.014343,1,
write,write,,,audio_medium,mongo_gridfs,5,03-02-03-02-02-02-01_r05.wav,561882,0.007232,1,
write,write,,,audio_medium,pg_bytea,5,03-02-03-02-02-02-02_r05.wav,523448,0.013184,1,
write,write,,,audio_medium,polyglot,5,03-02-03-02-02-02-02_r05.wav,523448,0.006465,1,
write,write,,,audio_medium,mongo_gridfs,5,03-02-03-02-02-02-02_r05.wav,523448,0.006782,1,
write,write,,,audio_medium,polyglot,5,03-02-03-02-02-02-03_r05.wav,561888,0.007257,1,
write,write,,,audio_medium,pg_bytea,5,03-02-03-02-02-02-03_r05.wav,561888,0.014169,1,
write,write,,,audio_medium,mongo_gridfs,5,03-02-03-02-02-02-03_r05.wav,561888,0.007962,1,
write,write,,,audio_medium,polyglot,5,03-02-03-02-02-02-15_r05.wav,523448,0.007054,1,
write,write,,,audio_medium,mongo_gridfs,5,03-02-03-02-02-02-15_r05.wav,523448,0.008913,1,
write,write,,,audio_medium,pg_bytea,5,03-02-03-02-02-02-15_r05.wav,523448,0.012854,1,
write,write,,,audio_medium,polyglot,5,03-02-03-02-02-02-16_r05.wav,561882,0.007631,1,
write,write,,,audio_medium,pg_bytea,5,03-02-03-02-02-02-16_r05.wav,561882,0.019537,1,
write,write,,,audio_medium,mongo_gridfs,5,03-02-03-02-02-02-16_r05.wav,561882,0.009120,1,
write,write,,,audio_medium,mongo_gridfs,5,03-02-03-02-02-02-17_r05.wav,523448,0.007531,1,
write,write,,,audio_medium,polyglot,5,03-02-03-02-02-02-17_r05.wav,523448,0.006776,1,
write,write,,,audio_medium,pg_bytea,5,03-02-03-02-02-02-17_r05.wav,523448,0.013612,1,
write,write,,,audio_medium,mongo_gridfs,5,03-02-04-01-01-02-05_r05.wav,561882,0.010950,1,
write,write,,,audio_medium,polyglot,5,03-02-04-01-01-02-05_r05.wav,561882,0.007880,1,
write,write,,,audio_medium,pg_bytea,5,03-02-04-01-01-02-05_r05.wav,561882,0.016294,1,
write,write,,,audio_medium,pg_bytea,5,03-02-04-01-01-02-06_r05.wav,526650,0.016021,1,
write,write,,,audio_medium,polyglot,5,03-02-04-01-01-02-06_r05.wav,526650,0.007294,1,
write,write,,,audio_medium,mongo_gridfs,5,03-02-04-01-01-02-06_r05.wav,526650,0.006718,1,
write,write,,,audio_medium,polyglot,5,03-02-04-01-01-02-07_r05.wav,523448,0.009490,1,
write,write,,,audio_medium,mongo_gridfs,5,03-02-04-01-01-02-07_r05.wav,523448,0.006628,1,
write,write,,,audio_medium,pg_bytea,5,03-02-04-01-01-02-07_r05.wav,523448,0.014551,1,
write,write,,,audio_medium,pg_bytea,5,03-02-04-01-01-02-11_r05.wav,539464,0.016710,1,
write,write,,,audio_medium,polyglot,5,03-02-04-01-01-02-11_r05.wav,539464,0.009701,1,
write,write,,,audio_medium,mongo_gridfs,5,03-02-04-01-01-02-11_r05.wav,539464,0.007101,1,
write,write,,,audio_medium,mongo_gridfs,5,03-02-04-01-01-02-12_r05.wav,523448,0.006176,1,
write,write,,,audio_medium,polyglot,5,03-02-04-01-01-02-12_r05.wav,523448,0.006542,1,
write,write,,,audio_medium,pg_bytea,5,03-02-04-01-01-02-12_r05.wav,523448,0.012658,1,
write,write,,,audio_medium,mongo_gridfs,5,03-02-04-01-01-02-13_r05.wav,539464,0.009632,1,
write,write,,,audio_medium,polyglot,5,03-02-04-01-01-02-13_r05.wav,539464,0.007594,1,
write,write,,,audio_medium,pg_bytea,5,03-02-04-01-01-02-13_r05.wav,539464,0.018040,1,
write,write,,,audio_medium,polyglot,5,03-02-04-01-02-02-19_r05.wav,561888,0.059492,1,
write,write,,,audio_medium,pg_bytea,5,03-02-04-01-02-02-19_r05.wav,561888,0.015189,1,
write,write,,,audio_medium,mongo_gridfs,5,03-02-04-01-02-02-19_r05.wav,561888,0.011378,1,
write,write,,,audio_medium,polyglot,5,03-02-04-02-02-02-05_r05.wav,526650,0.007101,1,
write,write,,,audio_medium,mongo_gridfs,5,03-02-04-02-02-02-05_r05.wav,526650,0.006153,1,
write,write,,,audio_medium,pg_bytea,5,03-02-04-02-02-02-05_r05.wav,526650,0.014691,1,
write,write,,,audio_medium,mongo_gridfs,5,03-02-04-02-02-02-06_r05.wav,526650,0.007095,1,
write,write,,,audio_medium,polyglot,5,03-02-04-02-02-02-06_r05.wav,526650,0.007160,1,
write,write,,,audio_medium,pg_bytea,5,03-02-04-02-02-02-06_r05.wav,526650,0.013445,1,
write,write,,,audio_medium,pg_bytea,5,03-02-04-02-02-02-07_r05.wav,561888,0.013955,1,
write,write,,,audio_medium,mongo_gridfs,5,03-02-04-02-02-02-07_r05.wav,561888,0.009358,1,
write,write,,,audio_medium,polyglot,5,03-02-04-02-02-02-07_r05.wav,561888,0.010648,1,
write,write,,,audio_medium,pg_bytea,5,03-02-04-02-02-02-11_r05.wav,561888,0.018460,1,
write,write,,,audio_medium,polyglot,5,03-02-04-02-02-02-11_r05.wav,561888,0.010008,1,
write,write,,,audio_medium,mongo_gridfs,5,03-02-04-02-02-02-11_r05.wav,561888,0.007167,1,
write,write,,,audio_medium,polyglot,5,03-02-04-02-02-02-12_r05.wav,523448,0.008039,1,
write,write,,,audio_medium,pg_bytea,5,03-02-04-02-02-02-12_r05.wav,523448,0.016507,1,
write,write,,,audio_medium,mongo_gridfs,5,03-02-04-02-02-02-12_r05.wav,523448,0.008733,1,
write,write,,,audio_medium,pg_bytea,5,03-02-04-02-02-02-13_r05.wav,533056,0.015667,1,
write,write,,,audio_medium,mongo_gridfs,5,03-02-04-02-02-02-13_r05.wav,533056,0.007155,1,
write,write,,,audio_medium,polyglot,5,03-02-04-02-02-02-13_r05.wav,533056,0.007020,1,
write,write,,,audio_medium,polyglot,5,03-02-05-01-02-01-06_r05.wav,561882,0.006997,1,
write,write,,,audio_medium,pg_bytea,5,03-02-05-01-02-01-06_r05.wav,561882,0.015515,1,
write,write,,,audio_medium,mongo_gridfs,5,03-02-05-01-02-01-06_r05.wav,561882,0.008024,1,
write,write,,,audio_medium,pg_bytea,5,03-02-05-01-02-01-07_r05.wav,520242,0.015295,1,
write,write,,,audio_medium,polyglot,5,03-02-05-01-02-01-07_r05.wav,520242,0.022392,1,
write,write,,,audio_medium,mongo_gridfs,5,03-02-05-01-02-01-07_r05.wav,520242,0.026468,1,
write,write,,,audio_medium,pg_bytea,5,03-02-05-01-02-01-12_r05.wav,520242,0.019076,1,
write,write,,,audio_medium,polyglot,5,03-02-05-01-02-01-12_r05.wav,520242,0.009486,1,
write,write,,,audio_medium,mongo_gridfs,5,03-02-05-01-02-01-12_r05.wav,520242,0.008736,1,
write,write,,,audio_medium,mongo_gridfs,5,03-02-05-01-02-01-13_r05.wav,561888,0.010404,1,
write,write,,,audio_medium,pg_bytea,5,03-02-05-01-02-01-13_r05.wav,561888,0.013608,1,
write,write,,,audio_medium,polyglot,5,03-02-05-01-02-01-13_r05.wav,561888,0.006175,1,
write,write,,,audio_medium,pg_bytea,5,03-02-05-02-01-01-05_r05.wav,539464,0.017984,1,
write,write,,,audio_medium,mongo_gridfs,5,03-02-05-02-01-01-05_r05.wav,539464,0.007271,1,
write,write,,,audio_medium,polyglot,5,03-02-05-02-01-01-05_r05.wav,539464,0.006991,1,
write,write,,,audio_medium,polyglot,5,03-02-05-02-01-01-06_r05.wav,561888,0.006871,1,
write,write,,,audio_medium,pg_bytea,5,03-02-05-02-01-01-06_r05.wav,561888,0.018387,1,
write,write,,,audio_medium,mongo_gridfs,5,03-02-05-02-01-01-06_r05.wav,561888,0.007436,1,
write,write,,,audio_medium,mongo_gridfs,5,03-02-05-02-01-01-07_r05.wav,533056,0.005948,1,
write,write,,,audio_medium,pg_bytea,5,03-02-05-02-01-01-07_r05.wav,533056,0.013234,1,
write,write,,,audio_medium,polyglot,5,03-02-05-02-01-01-07_r05.wav,533056,0.006804,1,
write,write,,,audio_medium,mongo_gridfs,5,03-02-05-02-01-01-11_r05.wav,561888,0.008367,1,
write,write,,,audio_medium,pg_bytea,5,03-02-05-02-01-01-11_r05.wav,561888,0.324802,1,
write,write,,,audio_medium,polyglot,5,03-02-05-02-01-01-11_r05.wav,561888,0.273677,1,
write,write,,,audio_medium,pg_bytea,5,03-02-05-02-01-01-12_r05.wav,533056,0.028093,1,
write,write,,,audio_medium,polyglot,5,03-02-05-02-01-01-12_r05.wav,533056,0.007909,1,
write,write,,,audio_medium,mongo_gridfs,5,03-02-05-02-01-01-12_r05.wav,533056,0.006366,1,
write,write,,,audio_medium,pg_bytea,5,03-02-05-02-01-01-13_r05.wav,526650,0.017581,1,
write,write,,,audio_medium,mongo_gridfs,5,03-02-05-02-01-01-13_r05.wav,526650,0.006702,1,
write,write,,,audio_medium,polyglot,5,03-02-05-02-01-01-13_r05.wav,526650,0.006472,1,
write,write,,,video_small,polyglot,5,01-01-01-01-01-01-22_r05.mp4,5457041,0.039315,1,
write,write,,,video_small,mongo_gridfs,5,01-01-01-01-01-01-22_r05.mp4,5457041,0.050066,1,
write,write,,,video_small,pg_bytea,5,01-01-01-01-01-01-22_r05.mp4,5457041,0.164375,1,
write,write,,,video_small,polyglot,5,01-01-01-01-01-02-01_r05.mp4,5457041,0.052881,1,
write,write,,,video_small,mongo_gridfs,5,01-01-01-01-01-02-01_r05.mp4,5457041,0.046379,1,
write,write,,,video_small,pg_bytea,5,01-01-01-01-01-02-01_r05.mp4,5457041,0.177645,1,
write,write,,,video_small,polyglot,5,01-01-01-01-01-02-15_r05.mp4,5457041,0.048873,1,
write,write,,,video_small,pg_bytea,5,01-01-01-01-01-02-15_r05.mp4,5457041,0.135965,1,
write,write,,,video_small,mongo_gridfs,5,01-01-01-01-01-02-15_r05.mp4,5457041,0.043513,1,
write,write,,,video_small,mongo_gridfs,5,01-01-01-01-02-01-06_r05.mp4,5457041,0.053122,1,
write,write,,,video_small,pg_bytea,5,01-01-01-01-02-01-06_r05.mp4,5457041,0.149037,1,
write,write,,,video_small,polyglot,5,01-01-01-01-02-01-06_r05.mp4,5457041,0.049128,1,
write,write,,,video_small,mongo_gridfs,5,01-01-01-01-02-01-13_r05.mp4,5457041,0.039705,1,
write,write,,,video_small,polyglot,5,01-01-01-01-02-01-13_r05.mp4,5457041,0.040261,1,
write,write,,,video_small,pg_bytea,5,01-01-01-01-02-01-13_r05.mp4,5457041,0.142650,1,
write,write,,,video_small,pg_bytea,5,01-01-01-01-02-01-14_r05.mp4,5457041,0.135913,1,
write,write,,,video_small,polyglot,5,01-01-01-01-02-01-14_r05.mp4,5457041,0.048358,1,
write,write,,,video_small,mongo_gridfs,5,01-01-01-01-02-01-14_r05.mp4,5457041,0.041862,1,
write,write,,,video_small,mongo_gridfs,5,01-01-01-01-02-02-09_r05.mp4,5498397,0.043275,1,
write,write,,,video_small,polyglot,5,01-01-01-01-02-02-09_r05.mp4,5498397,0.040688,1,
write,write,,,video_small,pg_bytea,5,01-01-01-01-02-02-09_r05.mp4,5498397,0.135595,1,
write,write,,,video_small,pg_bytea,5,01-01-01-02-01-01-01_r05.mp4,5498397,0.144746,1,
write,write,,,video_small,mongo_gridfs,5,01-01-01-02-01-01-01_r05.mp4,5498397,0.039126,1,
write,write,,,video_small,polyglot,5,01-01-01-02-01-01-01_r05.mp4,5498397,0.045981,1,
write,write,,,video_small,pg_bytea,5,01-01-01-02-01-01-05_r05.mp4,5457041,0.142259,1,
write,write,,,video_small,polyglot,5,01-01-01-02-01-01-05_r05.mp4,5457041,0.040007,1,
write,write,,,video_small,mongo_gridfs,5,01-01-01-02-01-01-05_r05.mp4,5457041,0.041240,1,
write,write,,,video_small,polyglot,5,01-01-01-02-01-01-15_r05.mp4,5457041,0.048183,1,
write,write,,,video_small,mongo_gridfs,5,01-01-01-02-01-01-15_r05.mp4,5457041,0.040778,1,
write,write,,,video_small,pg_bytea,5,01-01-01-02-01-01-15_r05.mp4,5457041,0.168363,1,
write,write,,,video_small,mongo_gridfs,5,01-01-01-02-02-01-18_r05.mp4,5457041,0.045737,1,
write,write,,,video_small,pg_bytea,5,01-01-01-02-02-01-18_r05.mp4,5457041,0.144369,1,
write,write,,,video_small,polyglot,5,01-01-01-02-02-01-18_r05.mp4,5457041,0.046206,1,
write,write,,,video_small,polyglot,5,01-01-01-02-02-01-19_r05.mp4,5457041,0.044389,1,
write,write,,,video_small,pg_bytea,5,01-01-01-02-02-01-19_r05.mp4,5457041,0.169519,1,
write,write,,,video_small,mongo_gridfs,5,01-01-01-02-02-01-19_r05.mp4,5457041,0.052099,1,
write,write,,,video_small,mongo_gridfs,5,01-01-02-01-01-02-09_r05.mp4,5498397,0.053649,1,
write,write,,,video_small,pg_bytea,5,01-01-02-01-01-02-09_r05.mp4,5498397,0.161385,1,
write,write,,,video_small,polyglot,5,01-01-02-01-01-02-09_r05.mp4,5498397,0.042603,1,
write,write,,,video_small,polyglot,5,01-01-02-01-01-02-18_r05.mp4,5498397,0.046527,1,
write,write,,,video_small,pg_bytea,5,01-01-02-01-01-02-18_r05.mp4,5498397,0.169256,1,
write,write,,,video_small,mongo_gridfs,5,01-01-02-01-01-02-18_r05.mp4,5498397,0.050233,1,
write,write,,,video_small,pg_bytea,5,01-01-02-01-01-02-23_r05.mp4,5498397,0.141530,1,
write,write,,,video_small,mongo_gridfs,5,01-01-02-01-01-02-23_r05.mp4,5498397,0.047217,1,
write,write,,,video_small,polyglot,5,01-01-02-01-01-02-23_r05.mp4,5498397,0.051079,1,
write,write,,,video_small,mongo_gridfs,5,01-01-02-01-02-01-09_r05.mp4,5498397,0.044270,1,
write,write,,,video_small,polyglot,5,01-01-02-01-02-01-09_r05.mp4,5498397,0.052272,1,
write,write,,,video_small,pg_bytea,5,01-01-02-01-02-01-09_r05.mp4,5498397,0.248043,1,
write,write,,,video_small,polyglot,5,01-01-02-01-02-02-01_r05.mp4,5498397,0.048686,1,
write,write,,,video_small,mongo_gridfs,5,01-01-02-01-02-02-01_r05.mp4,5498397,0.041994,1,
write,write,,,video_small,pg_bytea,5,01-01-02-01-02-02-01_r05.mp4,5498397,0.152616,1,
write,write,,,video_small,polyglot,5,01-01-02-01-02-02-03_r05.mp4,5498397,0.051981,1,
write,write,,,video_small,pg_bytea,5,01-01-02-01-02-02-03_r05.mp4,5498397,0.720953,1,
write,write,,,video_small,mongo_gridfs,5,01-01-02-01-02-02-03_r05.mp4,5498397,0.061298,1,
write,write,,,video_small,pg_bytea,5,01-01-02-02-01-02-02_r05.mp4,5498397,0.184013,1,
write,write,,,video_small,mongo_gridfs,5,01-01-02-02-01-02-02_r05.mp4,5498397,0.057473,1,
write,write,,,video_small,polyglot,5,01-01-02-02-01-02-02_r05.mp4,5498397,0.049385,1,
write,write,,,video_small,mongo_gridfs,5,01-01-02-02-01-02-03_r05.mp4,5498397,0.043362,1,
write,write,,,video_small,polyglot,5,01-01-02-02-01-02-03_r05.mp4,5498397,0.051492,1,
write,write,,,video_small,pg_bytea,5,01-01-02-02-01-02-03_r05.mp4,5498397,0.170725,1,
write,write,,,video_small,polyglot,5,01-01-02-02-01-02-05_r05.mp4,5498397,0.046672,1,
write,write,,,video_small,mongo_gridfs,5,01-01-02-02-01-02-05_r05.mp4,5498397,0.053394,1,
write,write,,,video_small,pg_bytea,5,01-01-02-02-01-02-05_r05.mp4,5498397,0.154467,1,
write,write,,,video_small,mongo_gridfs,5,01-01-02-02-01-02-10_r05.mp4,5457041,0.045370,1,
write,write,,,video_small,pg_bytea,5,01-01-02-02-01-02-10_r05.mp4,5457041,0.165524,1,
write,write,,,video_small,polyglot,5,01-01-02-02-01-02-10_r05.mp4,5457041,0.047434,1,
write,write,,,video_small,polyglot,5,01-01-02-02-01-02-13_r05.mp4,5457041,0.043699,1,
write,write,,,video_small,mongo_gridfs,5,01-01-02-02-01-02-13_r05.mp4,5457041,0.042840,1,
write,write,,,video_small,pg_bytea,5,01-01-02-02-01-02-13_r05.mp4,5457041,0.167438,1,
write,write,,,video_small,polyglot,5,01-01-02-02-01-02-17_r05.mp4,5457041,0.045325,1,
write,write,,,video_small,pg_bytea,5,01-01-02-02-01-02-17_r05.mp4,5457041,0.156205,1,
write,write,,,video_small,mongo_gridfs,5,01-01-02-02-01-02-17_r05.mp4,5457041,0.050109,1,
write,write,,,video_small,pg_bytea,5,01-01-02-02-02-02-18_r05.mp4,5457041,0.249476,1,
write,write,,,video_small,polyglot,5,01-01-02-02-02-02-18_r05.mp4,5457041,0.042508,1,
write,write,,,video_small,mongo_gridfs,5,01-01-02-02-02-02-18_r05.mp4,5457041,0.038559,1,
write,write,,,video_small,polyglot,5,01-01-02-02-02-02-19_r05.mp4,5457041,0.038312,1,
write,write,,,video_small,pg_bytea,5,01-01-02-02-02-02-19_r05.mp4,5457041,0.166062,1,
write,write,,,video_small,mongo_gridfs,5,01-01-02-02-02-02-19_r05.mp4,5457041,0.044494,1,
write,write,,,video_small,pg_bytea,5,01-01-02-02-02-02-21_r05.mp4,5498397,0.149392,1,
write,write,,,video_small,mongo_gridfs,5,01-01-02-02-02-02-21_r05.mp4,5498397,0.045452,1,
write,write,,,video_small,polyglot,5,01-01-02-02-02-02-21_r05.mp4,5498397,0.045319,1,
write,write,,,video_small,polyglot,5,01-01-02-02-02-02-22_r05.mp4,5457041,0.044253,1,
write,write,,,video_small,mongo_gridfs,5,01-01-02-02-02-02-22_r05.mp4,5457041,0.046425,1,
write,write,,,video_small,pg_bytea,5,01-01-02-02-02-02-22_r05.mp4,5457041,0.166559,1,
write,write,,,video_small,polyglot,5,01-01-02-02-02-02-23_r05.mp4,5457041,0.047010,1,
write,write,,,video_small,pg_bytea,5,01-01-02-02-02-02-23_r05.mp4,5457041,0.726497,1,
write,write,,,video_small,mongo_gridfs,5,01-01-02-02-02-02-23_r05.mp4,5457041,0.045024,1,
write,write,,,video_small,pg_bytea,5,01-01-03-01-01-01-12_r05.mp4,5457041,0.182483,1,
write,write,,,video_small,mongo_gridfs,5,01-01-03-01-01-01-12_r05.mp4,5457041,0.043738,1,
write,write,,,video_small,polyglot,5,01-01-03-01-01-01-12_r05.mp4,5457041,0.045109,1,
write,write,,,video_small,polyglot,5,01-01-03-01-01-01-15_r05.mp4,5457041,0.037578,1,
write,write,,,video_small,pg_bytea,5,01-01-03-01-01-01-15_r05.mp4,5457041,0.177987,1,
write,write,,,video_small,mongo_gridfs,5,01-01-03-01-01-01-15_r05.mp4,5457041,0.056968,1,
write,write,,,video_small,pg_bytea,5,01-01-03-01-02-01-08_r05.mp4,5498397,0.229528,1,
write,write,,,video_small,mongo_gridfs,5,01-01-03-01-02-01-08_r05.mp4,5498397,0.039758,1,
write,write,,,video_small,polyglot,5,01-01-03-01-02-01-08_r05.mp4,5498397,0.042949,1,
write,write,,,video_small,polyglot,5,01-01-03-01-02-01-21_r05.mp4,5498397,0.042044,1,
write,write,,,video_small,mongo_gridfs,5,01-01-03-01-02-01-21_r05.mp4,5498397,0.039711,1,
write,write,,,video_small,pg_bytea,5,01-01-03-01-02-01-21_r05.mp4,5498397,0.147744,1,
write,write,,,video_small,polyglot,5,01-01-03-02-01-01-21_r05.mp4,5457041,0.041996,1,
write,write,,,video_small,mongo_gridfs,5,01-01-03-02-01-01-21_r05.mp4,5457041,0.042444,1,
write,write,,,video_small,pg_bytea,5,01-01-03-02-01-01-21_r05.mp4,5457041,0.140749,1,
write,write,,,video_small,pg_bytea,5,01-01-03-02-01-01-24_r05.mp4,5457041,0.138169,1,
write,write,,,video_small,polyglot,5,01-01-03-02-01-01-24_r05.mp4,5457041,0.049408,1,
write,write,,,video_small,mongo_gridfs,5,01-01-03-02-01-01-24_r05.mp4,5457041,0.043105,1,
write,write,,,video_small,mongo_gridfs,5,01-01-03-02-01-02-01_r05.mp4,5457041,0.041461,1,
write,write,,,video_small,pg_bytea,5,01-01-03-02-01-02-01_r05.mp4,5457041,0.129378,1,
write,write,,,video_small,polyglot,5,01-01-03-02-01-02-01_r05.mp4,5457041,0.040813,1,
write,write,,,video_small,pg_bytea,5,01-01-03-02-01-02-15_r05.mp4,5457041,0.135986,1,
write,write,,,video_small,polyglot,5,01-01-03-02-01-02-15_r05.mp4,5457041,0.042975,1,
write,write,,,video_small,mongo_gridfs,5,01-01-03-02-01-02-15_r05.mp4,5457041,0.054805,1,
write,write,,,video_small,polyglot,5,01-01-03-02-02-01-05_r05.mp4,5457041,0.063381,1,
write,write,,,video_small,mongo_gridfs,5,01-01-03-02-02-01-05_r05.mp4,5457041,0.055706,1,
write,write,,,video_small,pg_bytea,5,01-01-03-02-02-01-05_r05.mp4,5457041,0.155567,1,
write,write,,,video_small,pg_bytea,5,01-01-03-02-02-01-12_r05.mp4,5457041,0.144409,1,
write,write,,,video_small,polyglot,5,01-01-03-02-02-01-12_r05.mp4,5457041,0.053691,1,
write,write,,,video_small,mongo_gridfs,5,01-01-03-02-02-01-12_r05.mp4,5457041,0.046980,1,
write,write,,,video_small,mongo_gridfs,5,01-01-03-02-02-01-15_r05.mp4,5498397,0.043464,1,
write,write,,,video_small,polyglot,5,01-01-03-02-02-01-15_r05.mp4,5498397,0.040249,1,
write,write,,,video_small,pg_bytea,5,01-01-03-02-02-01-15_r05.mp4,5498397,0.147864,1,
write,write,,,video_small,pg_bytea,5,01-01-04-01-01-01-03_r05.mp4,5457041,0.133829,1,
write,write,,,video_small,mongo_gridfs,5,01-01-04-01-01-01-03_r05.mp4,5457041,0.046657,1,
write,write,,,video_small,polyglot,5,01-01-04-01-01-01-03_r05.mp4,5457041,0.048408,1,
write,write,,,video_small,pg_bytea,5,01-01-04-01-01-01-05_r05.mp4,5498397,0.146659,1,
write,write,,,video_small,polyglot,5,01-01-04-01-01-01-05_r05.mp4,5498397,0.043862,1,
write,write,,,video_small,mongo_gridfs,5,01-01-04-01-01-01-05_r05.mp4,5498397,0.043192,1,
write,write,,,video_small,polyglot,5,01-01-04-01-01-01-10_r05.mp4,5457041,0.042599,1,
write,write,,,video_small,pg_bytea,5,01-01-04-01-01-01-10_r05.mp4,5457041,0.286612,1,
write,write,,,video_small,mongo_gridfs,5,01-01-04-01-01-01-10_r05.mp4,5457041,0.044113,1,
write,write,,,video_small,mongo_gridfs,5,01-01-04-01-01-01-16_r05.mp4,5457041,0.048427,1,
write,write,,,video_small,pg_bytea,5,01-01-04-01-01-01-16_r05.mp4,5457041,0.148882,1,
write,write,,,video_small,polyglot,5,01-01-04-01-01-01-16_r05.mp4,5457041,0.043701,1,
write,write,,,video_small,pg_bytea,5,01-01-04-01-02-01-19_r05.mp4,5498397,0.171625,1,
write,write,,,video_small,polyglot,5,01-01-04-01-02-01-19_r05.mp4,5498397,0.045098,1,
write,write,,,video_small,mongo_gridfs,5,01-01-04-01-02-01-19_r05.mp4,5498397,0.046216,1,
write,write,,,video_small,pg_bytea,5,01-01-04-01-02-01-21_r05.mp4,5498397,0.162328,1,
write,write,,,video_small,polyglot,5,01-01-04-01-02-01-21_r05.mp4,5498397,0.047338,1,
write,write,,,video_small,mongo_gridfs,5,01-01-04-01-02-01-21_r05.mp4,5498397,0.046123,1,
write,write,,,video_small,mongo_gridfs,5,01-01-04-01-02-01-22_r05.mp4,5498397,0.048398,1,
write,write,,,video_small,polyglot,5,01-01-04-01-02-01-22_r05.mp4,5498397,0.086594,1,
write,write,,,video_small,pg_bytea,5,01-01-04-01-02-01-22_r05.mp4,5498397,0.379490,1,
write,write,,,video_small,polyglot,5,01-01-04-02-01-01-18_r05.mp4,5498397,0.047239,1,
write,write,,,video_small,mongo_gridfs,5,01-01-04-02-01-01-18_r05.mp4,5498397,0.049787,1,
write,write,,,video_small,pg_bytea,5,01-01-04-02-01-01-18_r05.mp4,5498397,0.159561,1,
write,write,,,video_small,pg_bytea,5,01-01-04-02-01-01-19_r05.mp4,5457041,0.140743,1,
write,write,,,video_small,polyglot,5,01-01-04-02-01-01-19_r05.mp4,5457041,0.048958,1,
write,write,,,video_small,mongo_gridfs,5,01-01-04-02-01-01-19_r05.mp4,5457041,0.044746,1,
write,write,,,video_small,pg_bytea,5,01-01-04-02-02-01-02_r05.mp4,5498397,0.151952,1,
write,write,,,video_small,polyglot,5,01-01-04-02-02-01-02_r05.mp4,5498397,0.048497,1,
write,write,,,video_small,mongo_gridfs,5,01-01-04-02-02-01-02_r05.mp4,5498397,0.046738,1,
write,write,,,video_small,polyglot,5,01-01-04-02-02-01-05_r05.mp4,5498397,0.041832,1,
write,write,,,video_small,pg_bytea,5,01-01-04-02-02-01-05_r05.mp4,5498397,0.196678,1,
write,write,,,video_small,mongo_gridfs,5,01-01-04-02-02-01-05_r05.mp4,5498397,0.049109,1,
write,write,,,video_small,polyglot,5,01-01-04-02-02-01-06_r05.mp4,5498397,0.044601,1,
write,write,,,video_small,pg_bytea,5,01-01-04-02-02-01-06_r05.mp4,5498397,0.167390,1,
write,write,,,video_small,mongo_gridfs,5,01-01-04-02-02-01-06_r05.mp4,5498397,0.046795,1,
write,write,,,video_small,pg_bytea,5,01-01-04-02-02-01-13_r05.mp4,5498397,0.151813,1,
write,write,,,video_small,polyglot,5,01-01-04-02-02-01-13_r05.mp4,5498397,0.044206,1,
write,write,,,video_small,mongo_gridfs,5,01-01-04-02-02-01-13_r05.mp4,5498397,0.046974,1,
write,write,,,video_small,mongo_gridfs,5,01-01-04-02-02-01-17_r05.mp4,5498397,0.054826,1,
write,write,,,video_small,pg_bytea,5,01-01-04-02-02-01-17_r05.mp4,5498397,0.156853,1,
write,write,,,video_small,polyglot,5,01-01-04-02-02-01-17_r05.mp4,5498397,0.042890,1,
write,write,,,video_small,polyglot,5,01-01-04-02-02-02-19_r05.mp4,5498397,0.046751,1,
write,write,,,video_small,pg_bytea,5,01-01-04-02-02-02-19_r05.mp4,5498397,0.155883,1,
write,write,,,video_small,mongo_gridfs,5,01-01-04-02-02-02-19_r05.mp4,5498397,0.054718,1,
write,write,,,video_small,mongo_gridfs,5,01-01-05-01-01-02-09_r05.mp4,5457041,0.046340,1,
write,write,,,video_small,polyglot,5,01-01-05-01-01-02-09_r05.mp4,5457041,0.039963,1,
write,write,,,video_small,pg_bytea,5,01-01-05-01-01-02-09_r05.mp4,5457041,0.137469,1,
write,write,,,video_small,polyglot,5,01-01-05-01-01-02-19_r05.mp4,5498397,0.044008,1,
write,write,,,video_small,mongo_gridfs,5,01-01-05-01-01-02-19_r05.mp4,5498397,0.042226,1,
write,write,,,video_small,pg_bytea,5,01-01-05-01-01-02-19_r05.mp4,5498397,0.143557,1,
write,write,,,video_small,pg_bytea,5,01-01-05-01-01-02-21_r05.mp4,5457041,0.219388,1,
write,write,,,video_small,polyglot,5,01-01-05-01-01-02-21_r05.mp4,5457041,0.042994,1,
write,write,,,video_small,mongo_gridfs,5,01-01-05-01-01-02-21_r05.mp4,5457041,0.039587,1,
write,write,,,video_small,polyglot,5,01-01-05-01-02-01-19_r05.mp4,5457041,0.049612,1,
write,write,,,video_small,pg_bytea,5,01-01-05-01-02-01-19_r05.mp4,5457041,0.296329,1,
write,write,,,video_small,mongo_gridfs,5,01-01-05-01-02-01-19_r05.mp4,5457041,0.040733,1,
write,write,,,video_small,pg_bytea,5,01-01-05-01-02-02-04_r05.mp4,5457041,0.149817,1,
write,write,,,video_small,mongo_gridfs,5,01-01-05-01-02-02-04_r05.mp4,5457041,0.042879,1,
write,write,,,video_small,polyglot,5,01-01-05-01-02-02-04_r05.mp4,5457041,0.042599,1,
write,write,,,video_small,pg_bytea,5,01-01-05-01-02-02-05_r05.mp4,5498397,0.152986,1,
write,write,,,video_small,polyglot,5,01-01-05-01-02-02-05_r05.mp4,5498397,0.050654,1,
write,write,,,video_small,mongo_gridfs,5,01-01-05-01-02-02-05_r05.mp4,5498397,0.044193,1,
write,write,,,video_small,polyglot,5,01-01-05-02-01-02-04_r05.mp4,5457041,0.050073,1,
write,write,,,video_small,pg_bytea,5,01-01-05-02-01-02-04_r05.mp4,5457041,0.141399,1,
write,write,,,video_small,mongo_gridfs,5,01-01-05-02-01-02-04_r05.mp4,5457041,0.046451,1,
write,write,,,video_small,pg_bytea,5,01-01-05-02-01-02-12_r05.mp4,5457041,0.137786,1,
write,write,,,video_small,mongo_gridfs,5,01-01-05-02-01-02-12_r05.mp4,5457041,0.048923,1,
write,write,,,video_small,polyglot,5,01-01-05-02-01-02-12_r05.mp4,5457041,0.043583,1,
write,write,,,video_small,polyglot,5,01-01-05-02-01-02-14_r05.mp4,5457041,0.053159,1,
write,write,,,video_small,pg_bytea,5,01-01-05-02-01-02-14_r05.mp4,5457041,0.152807,1,
write,write,,,video_small,mongo_gridfs,5,01-01-05-02-01-02-14_r05.mp4,5457041,0.045957,1,
write,write,,,video_small,pg_bytea,5,01-01-05-02-02-02-19_r05.mp4,5498397,0.145826,1,
write,write,,,video_small,mongo_gridfs,5,01-01-05-02-02-02-19_r05.mp4,5498397,0.045552,1,
write,write,,,video_small,polyglot,5,01-01-05-02-02-02-19_r05.mp4,5498397,0.043883,1,
write,write,,,video_small,mongo_gridfs,5,01-01-05-02-02-02-20_r05.mp4,5498397,0.050027,1,
write,write,,,video_small,pg_bytea,5,01-01-05-02-02-02-20_r05.mp4,5498397,0.160997,1,
write,write,,,video_small,polyglot,5,01-01-05-02-02-02-20_r05.mp4,5498397,0.049685,1,
write,write,,,video_small,mongo_gridfs,5,01-01-05-02-02-02-23_r05.mp4,5457041,0.046231,1,
write,write,,,video_small,pg_bytea,5,01-01-05-02-02-02-23_r05.mp4,5457041,0.244457,1,
write,write,,,video_small,polyglot,5,01-01-05-02-02-02-23_r05.mp4,5457041,0.043343,1,
write,write,,,video_small,polyglot,5,01-01-06-01-01-01-08_r05.mp4,5457041,0.089329,1,
write,write,,,video_small,mongo_gridfs,5,01-01-06-01-01-01-08_r05.mp4,5457041,0.043911,1,
write,write,,,video_small,pg_bytea,5,01-01-06-01-01-01-08_r05.mp4,5457041,0.443861,1,
write,write,,,video_small,pg_bytea,5,01-01-06-01-01-01-19_r05.mp4,5457041,0.245772,1,
write,write,,,video_small,mongo_gridfs,5,01-01-06-01-01-01-19_r05.mp4,5457041,0.043936,1,
write,write,,,video_small,polyglot,5,01-01-06-01-01-01-19_r05.mp4,5457041,0.056466,1,
write,write,,,video_small,polyglot,5,01-01-06-01-01-01-24_r05.mp4,5498397,0.129600,1,
write,write,,,video_small,mongo_gridfs,5,01-01-06-01-01-01-24_r05.mp4,5498397,0.046438,1,
write,write,,,video_small,pg_bytea,5,01-01-06-01-01-01-24_r05.mp4,5498397,0.166226,1,
write,write,,,video_medium,polyglot,5,tsinghua_v_0024_r05.mp4,13091522,0.110882,1,
write,write,,,video_medium,pg_bytea,5,tsinghua_v_0024_r05.mp4,13091522,0.385820,1,
write,write,,,video_medium,mongo_gridfs,5,tsinghua_v_0024_r05.mp4,13091522,0.102397,1,
write,write,,,video_medium,mongo_gridfs,5,tsinghua_v_0046_r05.mp4,13091522,0.114766,1,
write,write,,,video_medium,pg_bytea,5,tsinghua_v_0046_r05.mp4,13091522,0.392505,1,
write,write,,,video_medium,polyglot,5,tsinghua_v_0046_r05.mp4,13091522,0.092478,1,
write,write,,,video_medium,polyglot,5,tsinghua_v_0076_r05.mp4,13091522,0.104228,1,
write,write,,,video_medium,mongo_gridfs,5,tsinghua_v_0076_r05.mp4,13091522,0.102206,1,
write,write,,,video_medium,pg_bytea,5,tsinghua_v_0076_r05.mp4,13091522,0.391131,1,
write,write,,,video_medium,polyglot,5,tsinghua_v_0080_r05.mp4,13091522,0.104484,1,
write,write,,,video_medium,pg_bytea,5,tsinghua_v_0080_r05.mp4,13091522,0.608329,1,
write,write,,,video_medium,mongo_gridfs,5,tsinghua_v_0080_r05.mp4,13091522,0.113543,1,
write,write,,,video_medium,polyglot,5,tsinghua_v_0109_r05.mp4,13091522,0.123251,1,
write,write,,,video_medium,mongo_gridfs,5,tsinghua_v_0109_r05.mp4,13091522,0.102093,1,
write,write,,,video_medium,pg_bytea,5,tsinghua_v_0109_r05.mp4,13091522,0.371452,1,
write,write,,,video_medium,polyglot,5,tsinghua_v_0123_r05.mp4,13091522,0.104841,1,
write,write,,,video_medium,pg_bytea,5,tsinghua_v_0123_r05.mp4,13091522,0.390148,1,
write,write,,,video_medium,mongo_gridfs,5,tsinghua_v_0123_r05.mp4,13091522,0.140382,1,
write,write,,,video_medium,pg_bytea,5,tsinghua_v_0130_r05.mp4,13091522,0.566089,1,
write,write,,,video_medium,polyglot,5,tsinghua_v_0130_r05.mp4,13091522,0.104959,1,
write,write,,,video_medium,mongo_gridfs,5,tsinghua_v_0130_r05.mp4,13091522,0.122030,1,
write,write,,,video_medium,polyglot,5,tsinghua_v_0135_r05.mp4,13091522,0.106062,1,
write,write,,,video_medium,mongo_gridfs,5,tsinghua_v_0135_r05.mp4,13091522,0.105860,1,
write,write,,,video_medium,pg_bytea,5,tsinghua_v_0135_r05.mp4,13091522,0.412272,1,
write,write,,,video_medium,pg_bytea,5,tsinghua_v_0137_r05.mp4,13091522,0.424946,1,
write,write,,,video_medium,polyglot,5,tsinghua_v_0137_r05.mp4,13091522,0.092250,1,
write,write,,,video_medium,mongo_gridfs,5,tsinghua_v_0137_r05.mp4,13091522,0.090334,1,
write,write,,,video_medium,polyglot,5,tsinghua_v_0140_r05.mp4,13091522,0.102440,1,
write,write,,,video_medium,mongo_gridfs,5,tsinghua_v_0140_r05.mp4,13091522,0.135834,1,
write,write,,,video_medium,pg_bytea,5,tsinghua_v_0140_r05.mp4,13091522,0.328856,1,
write,write,,,video_medium,mongo_gridfs,5,tsinghua_v_0151_r05.mp4,13091522,0.106616,1,
write,write,,,video_medium,pg_bytea,5,tsinghua_v_0151_r05.mp4,13091522,0.323984,1,
write,write,,,video_medium,polyglot,5,tsinghua_v_0151_r05.mp4,13091522,0.101574,1,
write,write,,,video_medium,polyglot,5,tsinghua_v_0157_r05.mp4,13091522,0.093322,1,
write,write,,,video_medium,mongo_gridfs,5,tsinghua_v_0157_r05.mp4,13091522,0.095514,1,
write,write,,,video_medium,pg_bytea,5,tsinghua_v_0157_r05.mp4,13091522,0.397442,1,
write,write,,,video_medium,mongo_gridfs,5,tsinghua_v_0209_r05.mp4,13091522,0.099785,1,
write,write,,,video_medium,polyglot,5,tsinghua_v_0209_r05.mp4,13091522,0.100035,1,
write,write,,,video_medium,pg_bytea,5,tsinghua_v_0209_r05.mp4,13091522,0.385804,1,
write,write,,,video_medium,polyglot,5,tsinghua_v_0226_r05.mp4,13091522,0.099359,1,
write,write,,,video_medium,mongo_gridfs,5,tsinghua_v_0226_r05.mp4,13091522,0.100120,1,
write,write,,,video_medium,pg_bytea,5,tsinghua_v_0226_r05.mp4,13091522,0.393183,1,
write,write,,,video_medium,pg_bytea,5,tsinghua_v_0236_r05.mp4,13091522,0.420029,1,
write,write,,,video_medium,mongo_gridfs,5,tsinghua_v_0236_r05.mp4,13091522,0.106270,1,
write,write,,,video_medium,polyglot,5,tsinghua_v_0236_r05.mp4,13091522,0.110304,1,
write,write,,,video_medium,pg_bytea,5,tsinghua_v_0274_r05.mp4,13091522,0.355563,1,
write,write,,,video_medium,polyglot,5,tsinghua_v_0274_r05.mp4,13091522,0.101289,1,
write,write,,,video_medium,mongo_gridfs,5,tsinghua_v_0274_r05.mp4,13091522,0.095661,1,
write,write,,,video_medium,polyglot,5,tsinghua_v_0280_r05.mp4,13091522,0.111558,1,
write,write,,,video_medium,pg_bytea,5,tsinghua_v_0280_r05.mp4,13091522,0.453608,1,
write,write,,,video_medium,mongo_gridfs,5,tsinghua_v_0280_r05.mp4,13091522,0.097112,1,
write,write,,,video_medium,mongo_gridfs,5,tsinghua_v_0302_r05.mp4,13091522,0.088448,1,
write,write,,,video_medium,polyglot,5,tsinghua_v_0302_r05.mp4,13091522,0.094622,1,
write,write,,,video_medium,pg_bytea,5,tsinghua_v_0302_r05.mp4,13091522,0.430489,1,
write,write,,,video_medium,polyglot,5,tsinghua_v_0311_r05.mp4,13091522,0.097185,1,
write,write,,,video_medium,mongo_gridfs,5,tsinghua_v_0311_r05.mp4,13091522,0.110002,1,
write,write,,,video_medium,pg_bytea,5,tsinghua_v_0311_r05.mp4,13091522,0.367896,1,
write,write,,,video_medium,polyglot,5,tsinghua_v_0316_r05.mp4,13091522,0.098156,1,
write,write,,,video_medium,mongo_gridfs,5,tsinghua_v_0316_r05.mp4,13091522,0.096023,1,
write,write,,,video_medium,pg_bytea,5,tsinghua_v_0316_r05.mp4,13091522,0.442886,1,
write,write,,,video_medium,polyglot,5,tsinghua_v_0319_r05.mp4,13091522,0.115162,1,
write,write,,,video_medium,mongo_gridfs,5,tsinghua_v_0319_r05.mp4,13091522,0.103217,1,
write,write,,,video_medium,pg_bytea,5,tsinghua_v_0319_r05.mp4,13091522,1.273060,1,
write,write,,,video_medium,pg_bytea,5,tsinghua_v_0321_r05.mp4,13091522,0.411489,1,
write,write,,,video_medium,mongo_gridfs,5,tsinghua_v_0321_r05.mp4,13091522,0.115663,1,
write,write,,,video_medium,polyglot,5,tsinghua_v_0321_r05.mp4,13091522,0.109581,1,
write,write,,,video_medium,pg_bytea,5,tsinghua_v_0331_r05.mp4,13091522,0.442611,1,
write,write,,,video_medium,polyglot,5,tsinghua_v_0331_r05.mp4,13091522,0.118923,1,
write,write,,,video_medium,mongo_gridfs,5,tsinghua_v_0331_r05.mp4,13091522,0.104179,1,
write,write,,,video_medium,polyglot,5,tsinghua_v_0345_r05.mp4,13091522,0.114282,1,
write,write,,,video_medium,mongo_gridfs,5,tsinghua_v_0345_r05.mp4,13091522,0.173509,1,
write,write,,,video_medium,pg_bytea,5,tsinghua_v_0345_r05.mp4,13091522,0.394438,1,
write,write,,,video_medium,polyglot,5,tsinghua_v_0356_r05.mp4,13091522,0.100590,1,
write,write,,,video_medium,mongo_gridfs,5,tsinghua_v_0356_r05.mp4,13091522,0.094206,1,
write,write,,,video_medium,pg_bytea,5,tsinghua_v_0356_r05.mp4,13091522,0.387180,1,
write,write,,,video_medium,polyglot,5,tsinghua_v_0357_r05.mp4,13091522,0.098757,1,
write,write,,,video_medium,pg_bytea,5,tsinghua_v_0357_r05.mp4,13091522,0.411555,1,
write,write,,,video_medium,mongo_gridfs,5,tsinghua_v_0357_r05.mp4,13091522,0.123701,1,
write,write,,,video_medium,mongo_gridfs,5,tsinghua_v_0379_r05.mp4,13091522,0.101941,1,
write,write,,,video_medium,pg_bytea,5,tsinghua_v_0379_r05.mp4,13091522,0.466569,1,
write,write,,,video_medium,polyglot,5,tsinghua_v_0379_r05.mp4,13091522,0.132428,1,
write,write,,,video_medium,mongo_gridfs,5,tsinghua_v_0393_r05.mp4,13091522,0.161854,1,
write,write,,,video_medium,pg_bytea,5,tsinghua_v_0393_r05.mp4,13091522,1.105866,1,
write,write,,,video_medium,polyglot,5,tsinghua_v_0393_r05.mp4,13091522,0.143179,1,
write,write,,,video_medium,mongo_gridfs,5,tsinghua_v_0421_r05.mp4,13091522,0.250565,1,
write,write,,,video_medium,polyglot,5,tsinghua_v_0421_r05.mp4,13091522,0.876011,1,
write,write,,,video_medium,pg_bytea,5,tsinghua_v_0421_r05.mp4,13091522,0.875024,1,
write,write,,,video_medium,polyglot,5,tsinghua_v_0424_r05.mp4,13091522,0.135788,1,
write,write,,,video_medium,mongo_gridfs,5,tsinghua_v_0424_r05.mp4,13091522,0.212848,1,
write,write,,,video_medium,pg_bytea,5,tsinghua_v_0424_r05.mp4,13091522,1.602645,1,
write,write,,,video_medium,polyglot,5,tsinghua_v_0427_r05.mp4,13091522,0.105412,1,
write,write,,,video_medium,mongo_gridfs,5,tsinghua_v_0427_r05.mp4,13091522,0.145665,1,
write,write,,,video_medium,pg_bytea,5,tsinghua_v_0427_r05.mp4,13091522,0.505922,1,
write,write,,,video_medium,polyglot,5,tsinghua_v_0431_r05.mp4,13091522,0.215257,1,
write,write,,,video_medium,pg_bytea,5,tsinghua_v_0431_r05.mp4,13091522,0.459662,1,
write,write,,,video_medium,mongo_gridfs,5,tsinghua_v_0431_r05.mp4,13091522,0.253957,1,
write,write,,,video_medium,mongo_gridfs,5,tsinghua_v_0452_r05.mp4,13091522,0.176692,1,
write,write,,,video_medium,polyglot,5,tsinghua_v_0452_r05.mp4,13091522,0.123623,1,
write,write,,,video_medium,pg_bytea,5,tsinghua_v_0452_r05.mp4,13091522,0.924082,1,
write,write,,,video_medium,pg_bytea,5,tsinghua_v_0454_r05.mp4,13091522,0.353793,1,
write,write,,,video_medium,mongo_gridfs,5,tsinghua_v_0454_r05.mp4,13091522,0.115790,1,
write,write,,,video_medium,polyglot,5,tsinghua_v_0454_r05.mp4,13091522,0.110534,1,
write,write,,,video_medium,polyglot,5,tsinghua_v_0457_r05.mp4,13091522,0.103347,1,
write,write,,,video_medium,pg_bytea,5,tsinghua_v_0457_r05.mp4,13091522,0.356383,1,
write,write,,,video_medium,mongo_gridfs,5,tsinghua_v_0457_r05.mp4,13091522,0.105054,1,
write,write,,,video_medium,mongo_gridfs,5,tsinghua_v_0466_r05.mp4,13091522,0.099586,1,
write,write,,,video_medium,pg_bytea,5,tsinghua_v_0466_r05.mp4,13091522,0.436979,1,
write,write,,,video_medium,polyglot,5,tsinghua_v_0466_r05.mp4,13091522,0.148396,1,
write,write,,,video_medium,pg_bytea,5,tsinghua_v_0471_r05.mp4,13091522,0.382998,1,
write,write,,,video_medium,mongo_gridfs,5,tsinghua_v_0471_r05.mp4,13091522,0.142129,1,
write,write,,,video_medium,polyglot,5,tsinghua_v_0471_r05.mp4,13091522,0.100077,1,
write,write,,,video_medium,mongo_gridfs,5,tsinghua_v_0472_r05.mp4,13091522,0.096967,1,
write,write,,,video_medium,pg_bytea,5,tsinghua_v_0472_r05.mp4,13091522,0.402866,1,
write,write,,,video_medium,polyglot,5,tsinghua_v_0472_r05.mp4,13091522,0.147137,1,
write,write,,,video_medium,mongo_gridfs,5,tsinghua_v_0494_r05.mp4,13091522,0.120689,1,
write,write,,,video_medium,polyglot,5,tsinghua_v_0494_r05.mp4,13091522,0.482094,1,
write,write,,,video_medium,pg_bytea,5,tsinghua_v_0494_r05.mp4,13091522,0.343014,1,
write,write,,,video_medium,pg_bytea,5,tsinghua_v_0503_r05.mp4,13091522,0.330595,1,
write,write,,,video_medium,polyglot,5,tsinghua_v_0503_r05.mp4,13091522,0.099163,1,
write,write,,,video_medium,mongo_gridfs,5,tsinghua_v_0503_r05.mp4,13091522,0.103671,1,
write,write,,,video_medium,pg_bytea,5,tsinghua_v_0509_r05.mp4,13091522,0.391436,1,
write,write,,,video_medium,mongo_gridfs,5,tsinghua_v_0509_r05.mp4,13091522,0.101057,1,
write,write,,,video_medium,polyglot,5,tsinghua_v_0509_r05.mp4,13091522,0.097894,1,
write,write,,,video_medium,pg_bytea,5,tsinghua_v_0523_r05.mp4,13091522,0.388597,1,
write,write,,,video_medium,polyglot,5,tsinghua_v_0523_r05.mp4,13091522,0.103175,1,
write,write,,,video_medium,mongo_gridfs,5,tsinghua_v_0523_r05.mp4,13091522,0.213727,1,
write,write,,,video_medium,mongo_gridfs,5,tsinghua_v_0546_r05.mp4,13091522,0.119571,1,
write,write,,,video_medium,pg_bytea,5,tsinghua_v_0546_r05.mp4,13091522,0.497504,1,
write,write,,,video_medium,polyglot,5,tsinghua_v_0546_r05.mp4,13091522,0.097809,1,
write,write,,,video_medium,pg_bytea,5,tsinghua_v_0568_r05.mp4,13091522,0.432032,1,
write,write,,,video_medium,polyglot,5,tsinghua_v_0568_r05.mp4,13091522,0.111406,1,
write,write,,,video_medium,mongo_gridfs,5,tsinghua_v_0568_r05.mp4,13091522,0.117366,1,
write,write,,,video_medium,polyglot,5,tsinghua_v_0594_r05.mp4,13091522,0.104176,1,
write,write,,,video_medium,mongo_gridfs,5,tsinghua_v_0594_r05.mp4,13091522,0.158065,1,
write,write,,,video_medium,pg_bytea,5,tsinghua_v_0594_r05.mp4,13091522,0.503215,1,
write,write,,,video_medium,mongo_gridfs,5,tsinghua_v_0596_r05.mp4,13091522,0.125190,1,
write,write,,,video_medium,polyglot,5,tsinghua_v_0596_r05.mp4,13091522,0.106904,1,
write,write,,,video_medium,pg_bytea,5,tsinghua_v_0596_r05.mp4,13091522,0.449999,1,
write,write,,,video_medium,polyglot,5,tsinghua_v_0635_r05.mp4,13091522,0.149037,1,
write,write,,,video_medium,mongo_gridfs,5,tsinghua_v_0635_r05.mp4,13091522,0.143702,1,
write,write,,,video_medium,pg_bytea,5,tsinghua_v_0635_r05.mp4,13091522,0.828230,1,
write,write,,,video_medium,polyglot,5,tsinghua_v_0653_r05.mp4,13091522,0.088517,1,
write,write,,,video_medium,mongo_gridfs,5,tsinghua_v_0653_r05.mp4,13091522,0.093465,1,
write,write,,,video_medium,pg_bytea,5,tsinghua_v_0653_r05.mp4,13091522,0.385805,1,
write,write,,,video_medium,pg_bytea,5,tsinghua_v_0667_r05.mp4,13091522,0.401967,1,
write,write,,,video_medium,mongo_gridfs,5,tsinghua_v_0667_r05.mp4,13091522,0.140995,1,
write,write,,,video_medium,polyglot,5,tsinghua_v_0667_r05.mp4,13091522,0.128252,1,
write,write,,,video_medium,pg_bytea,5,tsinghua_v_0673_r05.mp4,13091522,0.490182,1,
write,write,,,video_medium,mongo_gridfs,5,tsinghua_v_0673_r05.mp4,13091522,0.101698,1,
write,write,,,video_medium,polyglot,5,tsinghua_v_0673_r05.mp4,13091522,0.118034,1,
write,write,,,video_medium,mongo_gridfs,5,tsinghua_v_0681_r05.mp4,13091522,0.173581,1,
write,write,,,video_medium,pg_bytea,5,tsinghua_v_0681_r05.mp4,13091522,1.765616,1,
write,write,,,video_medium,polyglot,5,tsinghua_v_0681_r05.mp4,13091522,0.139150,1,
write,write,,,video_medium,polyglot,5,tsinghua_v_0690_r05.mp4,13091522,0.168990,1,
write,write,,,video_medium,pg_bytea,5,tsinghua_v_0690_r05.mp4,13091522,0.407765,1,
write,write,,,video_medium,mongo_gridfs,5,tsinghua_v_0690_r05.mp4,13091522,0.115078,1,
write,write,,,video_medium,polyglot,5,tsinghua_v_0692_r05.mp4,13091522,0.098929,1,
write,write,,,video_medium,mongo_gridfs,5,tsinghua_v_0692_r05.mp4,13091522,0.106421,1,
write,write,,,video_medium,pg_bytea,5,tsinghua_v_0692_r05.mp4,13091522,0.606114,1,
write,write,,,video_medium,polyglot,5,tsinghua_v_0696_r05.mp4,13091522,0.365889,1,
write,write,,,video_medium,pg_bytea,5,tsinghua_v_0696_r05.mp4,13091522,0.622518,1,
write,write,,,video_medium,mongo_gridfs,5,tsinghua_v_0696_r05.mp4,13091522,0.572984,1,
write,write,,,video_medium,mongo_gridfs,5,tsinghua_v_0734_r05.mp4,13091522,0.295550,1,
write,write,,,video_medium,pg_bytea,5,tsinghua_v_0734_r05.mp4,13091522,0.883383,1,
write,write,,,video_medium,polyglot,5,tsinghua_v_0734_r05.mp4,13091522,0.172156,1,
write,write,,,video_medium,polyglot,5,tsinghua_v_0737_r05.mp4,13091522,0.178707,1,
write,write,,,video_medium,pg_bytea,5,tsinghua_v_0737_r05.mp4,13091522,0.841649,1,
write,write,,,video_medium,mongo_gridfs,5,tsinghua_v_0737_r05.mp4,13091522,0.225632,1,
write,write,,,video_medium,pg_bytea,5,tsinghua_v_0744_r05.mp4,13091522,2.516671,1,
write,write,,,video_medium,polyglot,5,tsinghua_v_0744_r05.mp4,13091522,0.259092,1,
write,write,,,video_medium,mongo_gridfs,5,tsinghua_v_0744_r05.mp4,13091522,0.175310,1,
write,write,,,video_medium,polyglot,5,tsinghua_v_0745_r05.mp4,13091522,0.235423,1,
write,write,,,video_medium,mongo_gridfs,5,tsinghua_v_0745_r05.mp4,13091522,0.288419,1,
write,write,,,video_medium,pg_bytea,5,tsinghua_v_0745_r05.mp4,13091522,0.659064,1,
write,write,,,video_medium,polyglot,5,tsinghua_v_0769_r05.mp4,13091522,0.185941,1,
write,write,,,video_medium,pg_bytea,5,tsinghua_v_0769_r05.mp4,13091522,0.415315,1,
write,write,,,video_medium,mongo_gridfs,5,tsinghua_v_0769_r05.mp4,13091522,0.111941,1,
write,write,,,video_medium,pg_bytea,5,tsinghua_v_0791_r05.mp4,13091522,0.357595,1,
write,write,,,video_medium,mongo_gridfs,5,tsinghua_v_0791_r05.mp4,13091522,0.144350,1,
write,write,,,video_medium,polyglot,5,tsinghua_v_0791_r05.mp4,13091522,0.114828,1,
write,write,,,video_medium,pg_bytea,5,tsinghua_v_0792_r05.mp4,13091522,0.403199,1,
write,write,,,video_medium,polyglot,5,tsinghua_v_0792_r05.mp4,13091522,0.102933,1,
write,write,,,video_medium,mongo_gridfs,5,tsinghua_v_0792_r05.mp4,13091522,0.123638,1,
write,write,,,video_medium,polyglot,5,tsinghua_v_0857_r05.mp4,13091522,0.109741,1,
write,write,,,video_medium,pg_bytea,5,tsinghua_v_0857_r05.mp4,13091522,0.467991,1,
write,write,,,video_medium,mongo_gridfs,5,tsinghua_v_0857_r05.mp4,13091522,0.129119,1,
write,write,,,video_medium,pg_bytea,5,tsinghua_v_0866_r05.mp4,13091522,0.379148,1,
write,write,,,video_medium,polyglot,5,tsinghua_v_0866_r05.mp4,13091522,0.163023,1,
write,write,,,video_medium,mongo_gridfs,5,tsinghua_v_0866_r05.mp4,13091522,0.109861,1,
write,write,,,video_medium,pg_bytea,5,tsinghua_v_0880_r05.mp4,13091522,0.379677,1,
write,write,,,video_medium,polyglot,5,tsinghua_v_0880_r05.mp4,13091522,0.102884,1,
write,write,,,video_medium,mongo_gridfs,5,tsinghua_v_0880_r05.mp4,13091522,0.107617,1,
write,write,,,video_medium,polyglot,5,tsinghua_v_0888_r05.mp4,13091522,0.096785,1,
write,write,,,video_medium,mongo_gridfs,5,tsinghua_v_0888_r05.mp4,13091522,0.181406,1,
write,write,,,video_medium,pg_bytea,5,tsinghua_v_0888_r05.mp4,13091522,0.729550,1,
write,write,,,video_medium,pg_bytea,5,tsinghua_v_0901_r05.mp4,13091522,0.342565,1,
write,write,,,video_medium,polyglot,5,tsinghua_v_0901_r05.mp4,13091522,0.102841,1,
write,write,,,video_medium,mongo_gridfs,5,tsinghua_v_0901_r05.mp4,13091522,0.114677,1,
write,write,,,video_medium,pg_bytea,5,tsinghua_v_0937_r05.mp4,13091522,0.388073,1,
write,write,,,video_medium,mongo_gridfs,5,tsinghua_v_0937_r05.mp4,13091522,0.102548,1,
write,write,,,video_medium,polyglot,5,tsinghua_v_0937_r05.mp4,13091522,0.107072,1,
write,write,,,video_medium,polyglot,5,tsinghua_v_0939_r05.mp4,13091522,0.103143,1,
write,write,,,video_medium,pg_bytea,5,tsinghua_v_0939_r05.mp4,13091522,0.372608,1,
write,write,,,video_medium,mongo_gridfs,5,tsinghua_v_0939_r05.mp4,13091522,0.116240,1,
write,write,,,video_medium,polyglot,5,tsinghua_v_0961_r05.mp4,13091522,0.113263,1,
write,write,,,video_medium,pg_bytea,5,tsinghua_v_0961_r05.mp4,13091522,0.774249,1,
write,write,,,video_medium,mongo_gridfs,5,tsinghua_v_0961_r05.mp4,13091522,0.161268,1,
write,write,,,video_medium,mongo_gridfs,5,tsinghua_v_0977_r05.mp4,13091522,0.118524,1,
write,write,,,video_medium,pg_bytea,5,tsinghua_v_0977_r05.mp4,13091522,0.895354,1,
write,write,,,video_medium,polyglot,5,tsinghua_v_0977_r05.mp4,13091522,0.615953,1,
write,write,,,audio_small,polyglot,6,03-01-01-01-01-02-19_r06.wav,375720,2.630401,1,
write,write,,,audio_small,mongo_gridfs,6,03-01-01-01-01-02-19_r06.wav,375720,0.028983,1,
write,write,,,audio_small,pg_bytea,6,03-01-01-01-01-02-19_r06.wav,375720,0.435906,1,
write,write,,,audio_small,pg_bytea,6,03-01-01-01-02-02-05_r06.wav,396294,0.366427,1,
write,write,,,audio_small,mongo_gridfs,6,03-01-01-01-02-02-05_r06.wav,396294,0.010549,1,
write,write,,,audio_small,polyglot,6,03-01-01-01-02-02-05_r06.wav,396294,0.132936,1,
write,write,,,audio_small,polyglot,6,03-01-01-01-02-02-06_r06.wav,363108,0.377476,1,
write,write,,,audio_small,mongo_gridfs,6,03-01-01-01-02-02-06_r06.wav,363108,0.019771,1,
write,write,,,audio_small,pg_bytea,6,03-01-01-01-02-02-06_r06.wav,363108,0.405291,1,
write,write,,,audio_small,polyglot,6,03-01-01-01-02-02-07_r06.wav,363108,0.008697,1,
write,write,,,audio_small,mongo_gridfs,6,03-01-01-01-02-02-07_r06.wav,363108,0.006231,1,
write,write,,,audio_small,pg_bytea,6,03-01-01-01-02-02-07_r06.wav,363108,0.013054,1,
write,write,,,audio_small,polyglot,6,03-01-01-01-02-02-11_r06.wav,375720,0.015840,1,
write,write,,,audio_small,mongo_gridfs,6,03-01-01-01-02-02-11_r06.wav,375720,0.010941,1,
write,write,,,audio_small,pg_bytea,6,03-01-01-01-02-02-11_r06.wav,375720,0.088727,1,
write,write,,,audio_small,mongo_gridfs,6,03-01-01-01-02-02-12_r06.wav,372698,0.014935,1,
write,write,,,audio_small,polyglot,6,03-01-01-01-02-02-12_r06.wav,372698,0.009080,1,
write,write,,,audio_small,pg_bytea,6,03-01-01-01-02-02-12_r06.wav,372698,0.061772,1,
write,write,,,audio_small,pg_bytea,6,03-01-01-01-02-02-13_r06.wav,363108,0.020943,1,
write,write,,,audio_small,mongo_gridfs,6,03-01-01-01-02-02-13_r06.wav,363108,0.007202,1,
write,write,,,audio_small,polyglot,6,03-01-01-01-02-02-13_r06.wav,363108,0.014560,1,
write,write,,,audio_small,mongo_gridfs,6,03-01-01-02-01-02-05_r06.wav,393086,0.013915,1,
write,write,,,audio_small,pg_bytea,6,03-01-01-02-01-02-05_r06.wav,393086,0.016448,1,
write,write,,,audio_small,polyglot,6,03-01-01-02-01-02-05_r06.wav,393086,0.011639,1,
write,write,,,audio_small,polyglot,6,03-01-01-02-01-02-06_r06.wav,363108,0.009376,1,
write,write,,,audio_small,pg_bytea,6,03-01-01-02-01-02-06_r06.wav,363108,0.012445,1,
write,write,,,audio_small,mongo_gridfs,6,03-01-01-02-01-02-06_r06.wav,363108,0.012167,1,
write,write,,,audio_small,mongo_gridfs,6,03-01-01-02-01-02-07_r06.wav,372698,0.020168,1,
write,write,,,audio_small,pg_bytea,6,03-01-01-02-01-02-07_r06.wav,372698,0.013171,1,
write,write,,,audio_small,polyglot,6,03-01-01-02-01-02-07_r06.wav,372698,0.015219,1,
write,write,,,audio_small,mongo_gridfs,6,03-01-01-02-01-02-13_r06.wav,399494,0.013120,1,
write,write,,,audio_small,pg_bytea,6,03-01-01-02-01-02-13_r06.wav,399494,0.013874,1,
write,write,,,audio_small,polyglot,6,03-01-01-02-01-02-13_r06.wav,399494,0.013495,1,
write,write,,,audio_small,mongo_gridfs,6,03-01-01-02-02-02-19_r06.wav,372698,0.013595,1,
write,write,,,audio_small,pg_bytea,6,03-01-01-02-02-02-19_r06.wav,372698,0.017589,1,
write,write,,,audio_small,polyglot,6,03-01-01-02-02-02-19_r06.wav,372698,0.013200,1,
write,write,,,audio_small,mongo_gridfs,6,03-01-02-01-01-01-19_r06.wav,372698,0.017758,1,
write,write,,,audio_small,polyglot,6,03-01-02-01-01-01-19_r06.wav,372698,0.004094,1,
write,write,,,audio_small,pg_bytea,6,03-01-02-01-01-01-19_r06.wav,372698,0.011209,1,
write,write,,,audio_small,mongo_gridfs,6,03-01-02-01-02-01-06_r06.wav,363108,0.004583,1,
write,write,,,audio_small,polyglot,6,03-01-02-01-02-01-06_r06.wav,363108,0.004061,1,
write,write,,,audio_small,pg_bytea,6,03-01-02-01-02-01-06_r06.wav,363108,0.010893,1,
write,write,,,audio_small,pg_bytea,6,03-01-02-01-02-01-07_r06.wav,399494,0.015171,1,
write,write,,,audio_small,mongo_gridfs,6,03-01-02-01-02-01-07_r06.wav,399494,0.004505,1,
write,write,,,audio_small,polyglot,6,03-01-02-01-02-01-07_r06.wav,399494,0.004777,1,
write,write,,,audio_small,pg_bytea,6,03-01-02-01-02-01-11_r06.wav,375720,0.012384,1,
write,write,,,audio_small,polyglot,6,03-01-02-01-02-01-11_r06.wav,375720,0.005131,1,
write,write,,,audio_small,mongo_gridfs,6,03-01-02-01-02-01-11_r06.wav,375720,0.004094,1,
write,write,,,audio_small,polyglot,6,03-01-02-01-02-01-12_r06.wav,372698,0.003809,1,
write,write,,,audio_small,mongo_gridfs,6,03-01-02-01-02-01-12_r06.wav,372698,0.003792,1,
write,write,,,audio_small,pg_bytea,6,03-01-02-01-02-01-12_r06.wav,372698,0.011254,1,
write,write,,,audio_small,polyglot,6,03-01-02-01-02-01-13_r06.wav,379106,0.004352,1,
write,write,,,audio_small,mongo_gridfs,6,03-01-02-01-02-01-13_r06.wav,379106,0.003917,1,
write,write,,,audio_small,pg_bytea,6,03-01-02-01-02-01-13_r06.wav,379106,0.013044,1,
write,write,,,audio_small,mongo_gridfs,6,03-01-02-02-01-01-05_r06.wav,363108,0.004375,1,
write,write,,,audio_small,polyglot,6,03-01-02-02-01-01-05_r06.wav,363108,0.004935,1,
write,write,,,audio_small,pg_bytea,6,03-01-02-02-01-01-05_r06.wav,363108,0.011524,1,
write,write,,,audio_small,polyglot,6,03-01-02-02-01-01-11_r06.wav,363108,0.005061,1,
write,write,,,audio_small,mongo_gridfs,6,03-01-02-02-01-01-11_r06.wav,363108,0.003896,1,
write,write,,,audio_small,pg_bytea,6,03-01-02-02-01-01-11_r06.wav,363108,0.011353,1,
write,write,,,audio_small,mongo_gridfs,6,03-01-02-02-01-01-12_r06.wav,399494,0.005368,1,
write,write,,,audio_small,polyglot,6,03-01-02-02-01-01-12_r06.wav,399494,0.007501,1,
write,write,,,audio_small,pg_bytea,6,03-01-02-02-01-01-12_r06.wav,399494,0.011005,1,
write,write,,,audio_small,polyglot,6,03-01-02-02-01-01-13_r06.wav,399494,0.006562,1,
write,write,,,audio_small,mongo_gridfs,6,03-01-02-02-01-01-13_r06.wav,399494,0.004777,1,
write,write,,,audio_small,pg_bytea,6,03-01-02-02-01-01-13_r06.wav,399494,0.014606,1,
write,write,,,audio_small,pg_bytea,6,03-01-02-02-02-01-19_r06.wav,379106,0.016278,1,
write,write,,,audio_small,mongo_gridfs,6,03-01-02-02-02-01-19_r06.wav,379106,0.008027,1,
write,write,,,audio_small,polyglot,6,03-01-02-02-02-01-19_r06.wav,379106,0.006685,1,
write,write,,,audio_small,pg_bytea,6,03-01-03-01-01-02-05_r06.wav,396294,0.016132,1,
write,write,,,audio_small,polyglot,6,03-01-03-01-01-02-05_r06.wav,396294,0.008702,1,
write,write,,,audio_small,mongo_gridfs,6,03-01-03-01-01-02-05_r06.wav,396294,0.006046,1,
write,write,,,audio_small,pg_bytea,6,03-01-03-01-01-02-07_r06.wav,393086,0.011057,1,
write,write,,,audio_small,mongo_gridfs,6,03-01-03-01-01-02-07_r06.wav,393086,0.006863,1,
write,write,,,audio_small,polyglot,6,03-01-03-01-01-02-07_r06.wav,393086,0.007221,1,
write,write,,,audio_small,pg_bytea,6,03-01-03-01-01-02-12_r06.wav,399494,0.016466,1,
write,write,,,audio_small,polyglot,6,03-01-03-01-01-02-12_r06.wav,399494,0.007625,1,
write,write,,,audio_small,mongo_gridfs,6,03-01-03-01-01-02-12_r06.wav,399494,0.006906,1,
write,write,,,audio_small,polyglot,6,03-01-03-01-01-02-13_r06.wav,399494,0.007617,1,
write,write,,,audio_small,pg_bytea,6,03-01-03-01-01-02-13_r06.wav,399494,0.011725,1,
write,write,,,audio_small,mongo_gridfs,6,03-01-03-01-01-02-13_r06.wav,399494,0.012717,1,
write,write,,,audio_small,pg_bytea,6,03-01-03-01-02-02-18_r06.wav,393086,0.088763,1,
write,write,,,audio_small,mongo_gridfs,6,03-01-03-01-02-02-18_r06.wav,393086,0.029329,1,
write,write,,,audio_small,polyglot,6,03-01-03-01-02-02-18_r06.wav,393086,0.008276,1,
write,write,,,audio_small,mongo_gridfs,6,03-01-03-01-02-02-19_r06.wav,399494,0.011072,1,
write,write,,,audio_small,pg_bytea,6,03-01-03-01-02-02-19_r06.wav,399494,0.012084,1,
write,write,,,audio_small,polyglot,6,03-01-03-01-02-02-19_r06.wav,399494,0.008980,1,
write,write,,,audio_small,pg_bytea,6,03-01-03-02-01-02-18_r06.wav,396294,0.013871,1,
write,write,,,audio_small,polyglot,6,03-01-03-02-01-02-18_r06.wav,396294,0.008782,1,
write,write,,,audio_small,mongo_gridfs,6,03-01-03-02-01-02-18_r06.wav,396294,0.011398,1,
write,write,,,audio_small,mongo_gridfs,6,03-01-03-02-01-02-19_r06.wav,372698,0.006578,1,
write,write,,,audio_small,pg_bytea,6,03-01-03-02-01-02-19_r06.wav,372698,0.012473,1,
write,write,,,audio_small,polyglot,6,03-01-03-02-01-02-19_r06.wav,372698,0.007323,1,
write,write,,,audio_small,pg_bytea,6,03-01-03-02-02-02-04_r06.wav,379106,0.011818,1,
write,write,,,audio_small,mongo_gridfs,6,03-01-03-02-02-02-04_r06.wav,379106,0.007495,1,
write,write,,,audio_small,polyglot,6,03-01-03-02-02-02-04_r06.wav,379106,0.006058,1,
write,write,,,audio_small,pg_bytea,6,03-01-03-02-02-02-06_r06.wav,399494,0.012784,1,
write,write,,,audio_small,mongo_gridfs,6,03-01-03-02-02-02-06_r06.wav,399494,0.016006,1,
write,write,,,audio_small,polyglot,6,03-01-03-02-02-02-06_r06.wav,399494,0.007838,1,
write,write,,,audio_small,mongo_gridfs,6,03-01-03-02-02-02-07_r06.wav,393086,0.006671,1,
write,write,,,audio_small,pg_bytea,6,03-01-03-02-02-02-07_r06.wav,393086,0.015452,1,
write,write,,,audio_small,polyglot,6,03-01-03-02-02-02-07_r06.wav,393086,0.008296,1,
write,write,,,audio_small,mongo_gridfs,6,03-01-03-02-02-02-10_r06.wav,375720,0.005600,1,
write,write,,,audio_small,pg_bytea,6,03-01-03-02-02-02-10_r06.wav,375720,0.011106,1,
write,write,,,audio_small,polyglot,6,03-01-03-02-02-02-10_r06.wav,375720,0.006844,1,
write,write,,,audio_small,polyglot,6,03-01-03-02-02-02-11_r06.wav,396294,0.005992,1,
write,write,,,audio_small,pg_bytea,6,03-01-03-02-02-02-11_r06.wav,396294,0.016819,1,
write,write,,,audio_small,mongo_gridfs,6,03-01-03-02-02-02-11_r06.wav,396294,0.012120,1,
write,write,,,audio_small,pg_bytea,6,03-01-03-02-02-02-13_r06.wav,399494,0.015357,1,
write,write,,,audio_small,polyglot,6,03-01-03-02-02-02-13_r06.wav,399494,0.008617,1,
write,write,,,audio_small,mongo_gridfs,6,03-01-03-02-02-02-13_r06.wav,399494,0.014778,1,
write,write,,,audio_small,pg_bytea,6,03-01-04-01-01-02-01_r06.wav,396294,0.023104,1,
write,write,,,audio_small,polyglot,6,03-01-04-01-01-02-01_r06.wav,396294,0.010345,1,
write,write,,,audio_small,mongo_gridfs,6,03-01-04-01-01-02-01_r06.wav,396294,0.005911,1,
write,write,,,audio_small,mongo_gridfs,6,03-01-04-01-01-02-02_r06.wav,379106,0.019729,1,
write,write,,,audio_small,polyglot,6,03-01-04-01-01-02-02_r06.wav,379106,0.008722,1,
write,write,,,audio_small,pg_bytea,6,03-01-04-01-01-02-02_r06.wav,379106,0.034479,1,
write,write,,,audio_small,polyglot,6,03-01-04-01-01-02-16_r06.wav,379106,0.108585,1,
write,write,,,audio_small,pg_bytea,6,03-01-04-01-01-02-16_r06.wav,379106,0.015516,1,
write,write,,,audio_small,mongo_gridfs,6,03-01-04-01-01-02-16_r06.wav,379106,0.006604,1,
write,write,,,audio_small,pg_bytea,6,03-01-04-01-02-02-08_r06.wav,372698,0.011960,1,
write,write,,,audio_small,polyglot,6,03-01-04-01-02-02-08_r06.wav,372698,0.009925,1,
write,write,,,audio_small,mongo_gridfs,6,03-01-04-01-02-02-08_r06.wav,372698,0.007424,1,
write,write,,,audio_small,mongo_gridfs,6,03-01-04-01-02-02-09_r06.wav,363108,0.006381,1,
write,write,,,audio_small,pg_bytea,6,03-01-04-01-02-02-09_r06.wav,363108,0.010827,1,
write,write,,,audio_small,polyglot,6,03-01-04-01-02-02-09_r06.wav,363108,0.008226,1,
write,write,,,audio_small,polyglot,6,03-01-04-01-02-02-20_r06.wav,396294,0.005308,1,
write,write,,,audio_small,mongo_gridfs,6,03-01-04-01-02-02-20_r06.wav,396294,0.007270,1,
write,write,,,audio_small,pg_bytea,6,03-01-04-01-02-02-20_r06.wav,396294,0.010123,1,
write,write,,,audio_small,polyglot,6,03-01-04-01-02-02-21_r06.wav,363108,0.006298,1,
write,write,,,audio_small,mongo_gridfs,6,03-01-04-01-02-02-21_r06.wav,363108,0.004808,1,
write,write,,,audio_small,pg_bytea,6,03-01-04-01-02-02-21_r06.wav,363108,0.013456,1,
write,write,,,audio_small,polyglot,6,03-01-04-01-02-02-22_r06.wav,372698,0.005719,1,
write,write,,,audio_small,mongo_gridfs,6,03-01-04-01-02-02-22_r06.wav,372698,0.005746,1,
write,write,,,audio_small,pg_bytea,6,03-01-04-01-02-02-22_r06.wav,372698,0.014781,1,
write,write,,,audio_small,polyglot,6,03-01-04-01-02-02-23_r06.wav,363108,0.005998,1,
write,write,,,audio_small,mongo_gridfs,6,03-01-04-01-02-02-23_r06.wav,363108,0.005584,1,
write,write,,,audio_small,pg_bytea,6,03-01-04-01-02-02-23_r06.wav,363108,0.010845,1,
write,write,,,audio_small,mongo_gridfs,6,03-01-04-02-01-02-09_r06.wav,379106,0.006055,1,
write,write,,,audio_small,pg_bytea,6,03-01-04-02-01-02-09_r06.wav,379106,0.011171,1,
write,write,,,audio_small,polyglot,6,03-01-04-02-01-02-09_r06.wav,379106,0.006973,1,
write,write,,,audio_small,mongo_gridfs,6,03-01-04-02-01-02-20_r06.wav,379106,0.005720,1,
write,write,,,audio_small,polyglot,6,03-01-04-02-01-02-20_r06.wav,379106,0.005638,1,
write,write,,,audio_small,pg_bytea,6,03-01-04-02-01-02-20_r06.wav,379106,0.009906,1,
write,write,,,audio_small,mongo_gridfs,6,03-01-04-02-01-02-21_r06.wav,393086,0.010795,1,
write,write,,,audio_small,pg_bytea,6,03-01-04-02-01-02-21_r06.wav,393086,0.014228,1,
write,write,,,audio_small,polyglot,6,03-01-04-02-01-02-21_r06.wav,393086,0.007780,1,
write,write,,,audio_small,pg_bytea,6,03-01-04-02-01-02-22_r06.wav,379106,0.012786,1,
write,write,,,audio_small,mongo_gridfs,6,03-01-04-02-01-02-22_r06.wav,379106,0.007338,1,
write,write,,,audio_small,polyglot,6,03-01-04-02-01-02-22_r06.wav,379106,0.006198,1,
write,write,,,audio_small,polyglot,6,03-01-04-02-02-02-14_r06.wav,375720,0.006285,1,
write,write,,,audio_small,mongo_gridfs,6,03-01-04-02-02-02-14_r06.wav,375720,0.005204,1,
write,write,,,audio_small,pg_bytea,6,03-01-04-02-02-02-14_r06.wav,375720,0.009933,1,
write,write,,,audio_small,polyglot,6,03-01-04-02-02-02-15_r06.wav,379106,0.005541,1,
write,write,,,audio_small,pg_bytea,6,03-01-04-02-02-02-15_r06.wav,379106,0.010213,1,
write,write,,,audio_small,mongo_gridfs,6,03-01-04-02-02-02-15_r06.wav,379106,0.005914,1,
write,write,,,audio_small,mongo_gridfs,6,03-01-04-02-02-02-16_r06.wav,375720,0.005181,1,
write,write,,,audio_small,polyglot,6,03-01-04-02-02-02-16_r06.wav,375720,0.005500,1,
write,write,,,audio_small,pg_bytea,6,03-01-04-02-02-02-16_r06.wav,375720,0.010113,1,
write,write,,,audio_small,pg_bytea,6,03-01-04-02-02-02-17_r06.wav,363108,0.011230,1,
write,write,,,audio_small,polyglot,6,03-01-04-02-02-02-17_r06.wav,363108,0.006736,1,
write,write,,,audio_small,mongo_gridfs,6,03-01-04-02-02-02-17_r06.wav,363108,0.006403,1,
write,write,,,audio_small,pg_bytea,6,03-01-05-01-01-01-09_r06.wav,393086,0.011199,1,
write,write,,,audio_small,polyglot,6,03-01-05-01-01-01-09_r06.wav,393086,0.006495,1,
write,write,,,audio_small,mongo_gridfs,6,03-01-05-01-01-01-09_r06.wav,393086,0.005363,1,
write,write,,,audio_small,polyglot,6,03-01-05-01-01-01-22_r06.wav,393086,0.005322,1,
write,write,,,audio_small,mongo_gridfs,6,03-01-05-01-01-01-22_r06.wav,393086,0.007552,1,
write,write,,,audio_small,pg_bytea,6,03-01-05-01-01-01-22_r06.wav,393086,0.010376,1,
write,write,,,audio_small,polyglot,6,03-01-05-01-02-01-02_r06.wav,372698,0.005681,1,
write,write,,,audio_small,mongo_gridfs,6,03-01-05-01-02-01-02_r06.wav,372698,0.004713,1,
write,write,,,audio_small,pg_bytea,6,03-01-05-01-02-01-02_r06.wav,372698,0.009892,1,
write,write,,,audio_small,polyglot,6,03-01-05-01-02-01-03_r06.wav,396294,0.005598,1,
write,write,,,audio_small,mongo_gridfs,6,03-01-05-01-02-01-03_r06.wav,396294,0.005293,1,
write,write,,,audio_small,pg_bytea,6,03-01-05-01-02-01-03_r06.wav,396294,0.013559,1,
write,write,,,audio_small,polyglot,6,03-01-05-01-02-01-15_r06.wav,363108,0.005747,1,
write,write,,,audio_small,mongo_gridfs,6,03-01-05-01-02-01-15_r06.wav,363108,0.004797,1,
write,write,,,audio_small,pg_bytea,6,03-01-05-01-02-01-15_r06.wav,363108,0.012342,1,
write,write,,,audio_small,mongo_gridfs,6,03-01-05-01-02-01-16_r06.wav,372698,0.006215,1,
write,write,,,audio_small,pg_bytea,6,03-01-05-01-02-01-16_r06.wav,372698,0.010784,1,
write,write,,,audio_small,polyglot,6,03-01-05-01-02-01-16_r06.wav,372698,0.006883,1,
write,write,,,audio_small,mongo_gridfs,6,03-01-05-01-02-01-17_r06.wav,393086,0.005778,1,
write,write,,,audio_small,pg_bytea,6,03-01-05-01-02-01-17_r06.wav,393086,0.010634,1,
write,write,,,audio_small,polyglot,6,03-01-05-01-02-01-17_r06.wav,393086,0.006928,1,
write,write,,,audio_small,mongo_gridfs,6,03-01-05-02-01-01-01_r06.wav,372698,0.004517,1,
write,write,,,audio_small,pg_bytea,6,03-01-05-02-01-01-01_r06.wav,372698,0.012536,1,
write,write,,,audio_small,polyglot,6,03-01-05-02-01-01-01_r06.wav,372698,0.007457,1,
write,write,,,audio_small,pg_bytea,6,03-01-05-02-01-01-02_r06.wav,375720,0.011314,1,
write,write,,,audio_small,mongo_gridfs,6,03-01-05-02-01-01-02_r06.wav,375720,0.006537,1,
write,write,,,audio_small,polyglot,6,03-01-05-02-01-01-02_r06.wav,375720,0.005747,1,
write,write,,,audio_small,polyglot,6,03-01-05-02-01-01-03_r06.wav,372698,0.004754,1,
write,write,,,audio_small,pg_bytea,6,03-01-05-02-01-01-03_r06.wav,372698,0.011229,1,
write,write,,,audio_small,mongo_gridfs,6,03-01-05-02-01-01-03_r06.wav,372698,0.006189,1,
write,write,,,audio_small,pg_bytea,6,03-01-05-02-01-01-15_r06.wav,396294,0.012756,1,
write,write,,,audio_small,polyglot,6,03-01-05-02-01-01-15_r06.wav,396294,0.009339,1,
write,write,,,audio_small,mongo_gridfs,6,03-01-05-02-01-01-15_r06.wav,396294,0.008478,1,
write,write,,,audio_small,pg_bytea,6,03-01-05-02-01-01-16_r06.wav,399494,0.012571,1,
write,write,,,audio_small,polyglot,6,03-01-05-02-01-01-16_r06.wav,399494,0.007710,1,
write,write,,,audio_small,mongo_gridfs,6,03-01-05-02-01-01-16_r06.wav,399494,0.008527,1,
write,write,,,audio_small,pg_bytea,6,03-01-05-02-01-01-17_r06.wav,363108,0.009826,1,
write,write,,,audio_small,mongo_gridfs,6,03-01-05-02-01-01-17_r06.wav,363108,0.006987,1,
write,write,,,audio_small,polyglot,6,03-01-05-02-01-01-17_r06.wav,363108,0.004020,1,
write,write,,,audio_small,pg_bytea,6,03-01-05-02-02-01-09_r06.wav,396294,0.009499,1,
write,write,,,audio_small,mongo_gridfs,6,03-01-05-02-02-01-09_r06.wav,396294,0.004097,1,
write,write,,,audio_small,polyglot,6,03-01-05-02-02-01-09_r06.wav,396294,0.013203,1,
write,write,,,audio_small,mongo_gridfs,6,03-01-05-02-02-01-21_r06.wav,375720,0.004178,1,
write,write,,,audio_small,pg_bytea,6,03-01-05-02-02-01-21_r06.wav,375720,0.009674,1,
write,write,,,audio_small,polyglot,6,03-01-05-02-02-01-21_r06.wav,375720,0.007347,1,
write,write,,,audio_small,pg_bytea,6,03-01-05-02-02-01-22_r06.wav,379106,0.014008,1,
write,write,,,audio_small,mongo_gridfs,6,03-01-05-02-02-01-22_r06.wav,379106,0.006916,1,
write,write,,,audio_small,polyglot,6,03-01-05-02-02-01-22_r06.wav,379106,0.015709,1,
write,write,,,audio_medium,pg_bytea,6,03-02-01-01-01-02-22_r06.wav,526650,0.021230,1,
write,write,,,audio_medium,polyglot,6,03-02-01-01-01-02-22_r06.wav,526650,0.025294,1,
write,write,,,audio_medium,mongo_gridfs,6,03-02-01-01-01-02-22_r06.wav,526650,0.005644,1,
write,write,,,audio_medium,pg_bytea,6,03-02-01-01-01-02-23_r06.wav,539464,0.013718,1,
write,write,,,audio_medium,mongo_gridfs,6,03-02-01-01-01-02-23_r06.wav,539464,0.010233,1,
write,write,,,audio_medium,polyglot,6,03-02-01-01-01-02-23_r06.wav,539464,0.006189,1,
write,write,,,audio_medium,pg_bytea,6,03-02-01-01-02-02-02_r06.wav,539464,0.013495,1,
write,write,,,audio_medium,mongo_gridfs,6,03-02-01-01-02-02-02_r06.wav,539464,0.010035,1,
write,write,,,audio_medium,polyglot,6,03-02-01-01-02-02-02_r06.wav,539464,0.005541,1,
write,write,,,audio_medium,polyglot,6,03-02-01-01-02-02-03_r06.wav,520242,0.005109,1,
write,write,,,audio_medium,pg_bytea,6,03-02-01-01-02-02-03_r06.wav,520242,0.019191,1,
write,write,,,audio_medium,mongo_gridfs,6,03-02-01-01-02-02-03_r06.wav,520242,0.006485,1,
write,write,,,audio_medium,mongo_gridfs,6,03-02-01-01-02-02-16_r06.wav,539464,0.005442,1,
write,write,,,audio_medium,pg_bytea,6,03-02-01-01-02-02-16_r06.wav,539464,0.015385,1,
write,write,,,audio_medium,polyglot,6,03-02-01-01-02-02-16_r06.wav,539464,0.006151,1,
write,write,,,audio_medium,mongo_gridfs,6,03-02-01-01-02-02-17_r06.wav,561888,0.015169,1,
write,write,,,audio_medium,polyglot,6,03-02-01-01-02-02-17_r06.wav,561888,0.006402,1,
write,write,,,audio_medium,pg_bytea,6,03-02-01-01-02-02-17_r06.wav,561888,0.015652,1,
write,write,,,audio_medium,pg_bytea,6,03-02-01-02-01-02-01_r06.wav,533056,0.014792,1,
write,write,,,audio_medium,polyglot,6,03-02-01-02-01-02-01_r06.wav,533056,0.008565,1,
write,write,,,audio_medium,mongo_gridfs,6,03-02-01-02-01-02-01_r06.wav,533056,0.005084,1,
write,write,,,audio_medium,mongo_gridfs,6,03-02-01-02-01-02-02_r06.wav,523448,0.005422,1,
write,write,,,audio_medium,polyglot,6,03-02-01-02-01-02-02_r06.wav,523448,0.005366,1,
write,write,,,audio_medium,pg_bytea,6,03-02-01-02-01-02-02_r06.wav,523448,0.014150,1,
write,write,,,audio_medium,polyglot,6,03-02-01-02-01-02-03_r06.wav,533056,0.008523,1,
write,write,,,audio_medium,pg_bytea,6,03-02-01-02-01-02-03_r06.wav,533056,0.012453,1,
write,write,,,audio_medium,mongo_gridfs,6,03-02-01-02-01-02-03_r06.wav,533056,0.005634,1,
write,write,,,audio_medium,pg_bytea,6,03-02-01-02-01-02-15_r06.wav,561882,0.016143,1,
write,write,,,audio_medium,polyglot,6,03-02-01-02-01-02-15_r06.wav,561882,0.006952,1,
write,write,,,audio_medium,mongo_gridfs,6,03-02-01-02-01-02-15_r06.wav,561882,0.006001,1,
write,write,,,audio_medium,mongo_gridfs,6,03-02-01-02-01-02-16_r06.wav,526650,0.007390,1,
write,write,,,audio_medium,polyglot,6,03-02-01-02-01-02-16_r06.wav,526650,0.006373,1,
write,write,,,audio_medium,pg_bytea,6,03-02-01-02-01-02-16_r06.wav,526650,0.013294,1,
write,write,,,audio_medium,polyglot,6,03-02-01-02-01-02-17_r06.wav,533056,0.010989,1,
write,write,,,audio_medium,mongo_gridfs,6,03-02-01-02-01-02-17_r06.wav,533056,0.010367,1,
write,write,,,audio_medium,pg_bytea,6,03-02-01-02-01-02-17_r06.wav,533056,0.013986,1,
write,write,,,audio_medium,pg_bytea,6,03-02-01-02-02-02-22_r06.wav,520242,0.013548,1,
write,write,,,audio_medium,mongo_gridfs,6,03-02-01-02-02-02-22_r06.wav,520242,0.006769,1,
write,write,,,audio_medium,polyglot,6,03-02-01-02-02-02-22_r06.wav,520242,0.007276,1,
write,write,,,audio_medium,pg_bytea,6,03-02-01-02-02-02-23_r06.wav,520242,0.029348,1,
write,write,,,audio_medium,mongo_gridfs,6,03-02-01-02-02-02-23_r06.wav,520242,0.009142,1,
write,write,,,audio_medium,polyglot,6,03-02-01-02-02-02-23_r06.wav,520242,0.007463,1,
write,write,,,audio_medium,polyglot,6,03-02-02-01-01-01-22_r06.wav,523448,0.007502,1,
write,write,,,audio_medium,pg_bytea,6,03-02-02-01-01-01-22_r06.wav,523448,0.013821,1,
write,write,,,audio_medium,mongo_gridfs,6,03-02-02-01-01-01-22_r06.wav,523448,0.007205,1,
write,write,,,audio_medium,mongo_gridfs,6,03-02-02-01-01-01-23_r06.wav,561888,0.008067,1,
write,write,,,audio_medium,pg_bytea,6,03-02-02-01-01-01-23_r06.wav,561888,0.018036,1,
write,write,,,audio_medium,polyglot,6,03-02-02-01-01-01-23_r06.wav,561888,0.011480,1,
write,write,,,audio_medium,pg_bytea,6,03-02-02-01-02-01-01_r06.wav,520242,0.014556,1,
write,write,,,audio_medium,mongo_gridfs,6,03-02-02-01-02-01-01_r06.wav,520242,0.007118,1,
write,write,,,audio_medium,polyglot,6,03-02-02-01-02-01-01_r06.wav,520242,0.009797,1,
write,write,,,audio_medium,mongo_gridfs,6,03-02-02-01-02-01-02_r06.wav,539464,0.007120,1,
write,write,,,audio_medium,pg_bytea,6,03-02-02-01-02-01-02_r06.wav,539464,0.019797,1,
write,write,,,audio_medium,polyglot,6,03-02-02-01-02-01-02_r06.wav,539464,0.010686,1,
write,write,,,audio_medium,mongo_gridfs,6,03-02-02-01-02-01-03_r06.wav,533056,0.006779,1,
write,write,,,audio_medium,pg_bytea,6,03-02-02-01-02-01-03_r06.wav,533056,0.015348,1,
write,write,,,audio_medium,polyglot,6,03-02-02-01-02-01-03_r06.wav,533056,0.008543,1,
write,write,,,audio_medium,polyglot,6,03-02-02-01-02-01-16_r06.wav,561882,0.007565,1,
write,write,,,audio_medium,pg_bytea,6,03-02-02-01-02-01-16_r06.wav,561882,0.016978,1,
write,write,,,audio_medium,mongo_gridfs,6,03-02-02-01-02-01-16_r06.wav,561882,0.009315,1,
write,write,,,audio_medium,mongo_gridfs,6,03-02-02-02-01-01-01_r06.wav,539464,0.006835,1,
write,write,,,audio_medium,pg_bytea,6,03-02-02-02-01-01-01_r06.wav,539464,0.018002,1,
write,write,,,audio_medium,polyglot,6,03-02-02-02-01-01-01_r06.wav,539464,0.008906,1,
write,write,,,audio_medium,mongo_gridfs,6,03-02-02-02-01-01-02_r06.wav,526650,0.006766,1,
write,write,,,audio_medium,pg_bytea,6,03-02-02-02-01-01-02_r06.wav,526650,0.018805,1,
write,write,,,audio_medium,polyglot,6,03-02-02-02-01-01-02_r06.wav,526650,0.008186,1,
write,write,,,audio_medium,mongo_gridfs,6,03-02-02-02-01-01-15_r06.wav,539464,0.008139,1,
write,write,,,audio_medium,pg_bytea,6,03-02-02-02-01-01-15_r06.wav,539464,0.018144,1,
write,write,,,audio_medium,polyglot,6,03-02-02-02-01-01-15_r06.wav,539464,0.008648,1,
write,write,,,audio_medium,pg_bytea,6,03-02-02-02-01-01-16_r06.wav,520242,0.013455,1,
write,write,,,audio_medium,mongo_gridfs,6,03-02-02-02-01-01-16_r06.wav,520242,0.007301,1,
write,write,,,audio_medium,polyglot,6,03-02-02-02-01-01-16_r06.wav,520242,0.007060,1,
write,write,,,audio_medium,mongo_gridfs,6,03-02-02-02-01-01-17_r06.wav,539464,0.008718,1,
write,write,,,audio_medium,pg_bytea,6,03-02-02-02-01-01-17_r06.wav,539464,0.015489,1,
write,write,,,audio_medium,polyglot,6,03-02-02-02-01-01-17_r06.wav,539464,0.007511,1,
write,write,,,audio_medium,polyglot,6,03-02-02-02-02-01-22_r06.wav,539464,0.008143,1,
write,write,,,audio_medium,pg_bytea,6,03-02-02-02-02-01-22_r06.wav,539464,0.013761,1,
write,write,,,audio_medium,mongo_gridfs,6,03-02-02-02-02-01-22_r06.wav,539464,0.007115,1,
write,write,,,audio_medium,pg_bytea,6,03-02-02-02-02-01-23_r06.wav,520242,0.019911,1,
write,write,,,audio_medium,mongo_gridfs,6,03-02-02-02-02-01-23_r06.wav,520242,0.006154,1,
write,write,,,audio_medium,polyglot,6,03-02-02-02-02-01-23_r06.wav,520242,0.005675,1,
write,write,,,audio_medium,pg_bytea,6,03-02-03-01-01-02-01_r06.wav,561882,0.016248,1,
write,write,,,audio_medium,polyglot,6,03-02-03-01-01-02-01_r06.wav,561882,0.008289,1,
write,write,,,audio_medium,mongo_gridfs,6,03-02-03-01-01-02-01_r06.wav,561882,0.007219,1,
write,write,,,audio_medium,polyglot,6,03-02-03-01-01-02-02_r06.wav,561882,0.008716,1,
write,write,,,audio_medium,mongo_gridfs,6,03-02-03-01-01-02-02_r06.wav,561882,0.006884,1,
write,write,,,audio_medium,pg_bytea,6,03-02-03-01-01-02-02_r06.wav,561882,0.014354,1,
write,write,,,audio_medium,mongo_gridfs,6,03-02-03-01-01-02-03_r06.wav,539464,0.010692,1,
write,write,,,audio_medium,pg_bytea,6,03-02-03-01-01-02-03_r06.wav,539464,0.015479,1,
write,write,,,audio_medium,polyglot,6,03-02-03-01-01-02-03_r06.wav,539464,0.014729,1,
write,write,,,audio_medium,mongo_gridfs,6,03-02-03-01-01-02-15_r06.wav,526650,0.023278,1,
write,write,,,audio_medium,polyglot,6,03-02-03-01-01-02-15_r06.wav,526650,0.008172,1,
write,write,,,audio_medium,pg_bytea,6,03-02-03-01-01-02-15_r06.wav,526650,0.021772,1,
write,write,,,audio_medium,mongo_gridfs,6,03-02-03-01-01-02-16_r06.wav,520242,0.008232,1,
write,write,,,audio_medium,polyglot,6,03-02-03-01-01-02-16_r06.wav,520242,0.007224,1,
write,write,,,audio_medium,pg_bytea,6,03-02-03-01-01-02-16_r06.wav,520242,0.016248,1,
write,write,,,audio_medium,pg_bytea,6,03-02-03-01-01-02-17_r06.wav,526650,0.014766,1,
write,write,,,audio_medium,polyglot,6,03-02-03-01-01-02-17_r06.wav,526650,0.007066,1,
write,write,,,audio_medium,mongo_gridfs,6,03-02-03-01-01-02-17_r06.wav,526650,0.006612,1,
write,write,,,audio_medium,polyglot,6,03-02-03-01-02-02-09_r06.wav,539464,0.007058,1,
write,write,,,audio_medium,mongo_gridfs,6,03-02-03-01-02-02-09_r06.wav,539464,0.006792,1,
write,write,,,audio_medium,pg_bytea,6,03-02-03-01-02-02-09_r06.wav,539464,0.027161,1,
write,write,,,audio_medium,mongo_gridfs,6,03-02-03-01-02-02-21_r06.wav,533056,0.007657,1,
write,write,,,audio_medium,polyglot,6,03-02-03-01-02-02-21_r06.wav,533056,0.005500,1,
write,write,,,audio_medium,pg_bytea,6,03-02-03-01-02-02-21_r06.wav,533056,0.012500,1,
write,write,,,audio_medium,mongo_gridfs,6,03-02-03-01-02-02-22_r06.wav,561888,0.006006,1,
write,write,,,audio_medium,pg_bytea,6,03-02-03-01-02-02-22_r06.wav,561888,0.019978,1,
write,write,,,audio_medium,polyglot,6,03-02-03-01-02-02-22_r06.wav,561888,0.006608,1,
write,write,,,audio_medium,mongo_gridfs,6,03-02-03-01-02-02-23_r06.wav,539464,0.006264,1,
write,write,,,audio_medium,polyglot,6,03-02-03-01-02-02-23_r06.wav,539464,0.005456,1,
write,write,,,audio_medium,pg_bytea,6,03-02-03-01-02-02-23_r06.wav,539464,0.012980,1,
write,write,,,audio_medium,mongo_gridfs,6,03-02-03-02-01-02-09_r06.wav,561882,0.006058,1,
write,write,,,audio_medium,pg_bytea,6,03-02-03-02-01-02-09_r06.wav,561882,0.014780,1,
write,write,,,audio_medium,polyglot,6,03-02-03-02-01-02-09_r06.wav,561882,0.006223,1,
write,write,,,audio_medium,pg_bytea,6,03-02-03-02-01-02-21_r06.wav,539464,0.013209,1,
write,write,,,audio_medium,mongo_gridfs,6,03-02-03-02-01-02-21_r06.wav,539464,0.005955,1,
write,write,,,audio_medium,polyglot,6,03-02-03-02-01-02-21_r06.wav,539464,0.009921,1,
write,write,,,audio_medium,polyglot,6,03-02-03-02-01-02-22_r06.wav,526650,0.005499,1,
write,write,,,audio_medium,mongo_gridfs,6,03-02-03-02-01-02-22_r06.wav,526650,0.004805,1,
write,write,,,audio_medium,pg_bytea,6,03-02-03-02-01-02-22_r06.wav,526650,0.014351,1,
write,write,,,audio_medium,mongo_gridfs,6,03-02-03-02-01-02-23_r06.wav,561888,0.006926,1,
write,write,,,audio_medium,polyglot,6,03-02-03-02-01-02-23_r06.wav,561888,0.008302,1,
write,write,,,audio_medium,pg_bytea,6,03-02-03-02-01-02-23_r06.wav,561888,0.039626,1,
write,write,,,audio_medium,pg_bytea,6,03-02-03-02-02-02-01_r06.wav,561882,0.017267,1,
write,write,,,audio_medium,polyglot,6,03-02-03-02-02-02-01_r06.wav,561882,0.008382,1,
write,write,,,audio_medium,mongo_gridfs,6,03-02-03-02-02-02-01_r06.wav,561882,0.007485,1,
write,write,,,audio_medium,polyglot,6,03-02-03-02-02-02-02_r06.wav,523448,0.007541,1,
write,write,,,audio_medium,pg_bytea,6,03-02-03-02-02-02-02_r06.wav,523448,0.018305,1,
write,write,,,audio_medium,mongo_gridfs,6,03-02-03-02-02-02-02_r06.wav,523448,0.008824,1,
write,write,,,audio_medium,mongo_gridfs,6,03-02-03-02-02-02-03_r06.wav,561888,0.008188,1,
write,write,,,audio_medium,pg_bytea,6,03-02-03-02-02-02-03_r06.wav,561888,0.022327,1,
write,write,,,audio_medium,polyglot,6,03-02-03-02-02-02-03_r06.wav,561888,0.009446,1,
write,write,,,audio_medium,polyglot,6,03-02-03-02-02-02-15_r06.wav,523448,0.007141,1,
write,write,,,audio_medium,pg_bytea,6,03-02-03-02-02-02-15_r06.wav,523448,0.014081,1,
write,write,,,audio_medium,mongo_gridfs,6,03-02-03-02-02-02-15_r06.wav,523448,0.008818,1,
write,write,,,audio_medium,pg_bytea,6,03-02-03-02-02-02-16_r06.wav,561882,0.015848,1,
write,write,,,audio_medium,polyglot,6,03-02-03-02-02-02-16_r06.wav,561882,0.008905,1,
write,write,,,audio_medium,mongo_gridfs,6,03-02-03-02-02-02-16_r06.wav,561882,0.007760,1,
write,write,,,audio_medium,pg_bytea,6,03-02-03-02-02-02-17_r06.wav,523448,0.014927,1,
write,write,,,audio_medium,mongo_gridfs,6,03-02-03-02-02-02-17_r06.wav,523448,0.011036,1,
write,write,,,audio_medium,polyglot,6,03-02-03-02-02-02-17_r06.wav,523448,0.006982,1,
write,write,,,audio_medium,mongo_gridfs,6,03-02-04-01-01-02-05_r06.wav,561882,0.007403,1,
write,write,,,audio_medium,pg_bytea,6,03-02-04-01-01-02-05_r06.wav,561882,0.014768,1,
write,write,,,audio_medium,polyglot,6,03-02-04-01-01-02-05_r06.wav,561882,0.008596,1,
write,write,,,audio_medium,polyglot,6,03-02-04-01-01-02-06_r06.wav,526650,0.008209,1,
write,write,,,audio_medium,pg_bytea,6,03-02-04-01-01-02-06_r06.wav,526650,0.014359,1,
write,write,,,audio_medium,mongo_gridfs,6,03-02-04-01-01-02-06_r06.wav,526650,0.007289,1,
write,write,,,audio_medium,polyglot,6,03-02-04-01-01-02-07_r06.wav,523448,0.006983,1,
write,write,,,audio_medium,mongo_gridfs,6,03-02-04-01-01-02-07_r06.wav,523448,0.007004,1,
write,write,,,audio_medium,pg_bytea,6,03-02-04-01-01-02-07_r06.wav,523448,0.031133,1,
write,write,,,audio_medium,pg_bytea,6,03-02-04-01-01-02-11_r06.wav,539464,0.015237,1,
write,write,,,audio_medium,mongo_gridfs,6,03-02-04-01-01-02-11_r06.wav,539464,0.008516,1,
write,write,,,audio_medium,polyglot,6,03-02-04-01-01-02-11_r06.wav,539464,0.012945,1,
write,write,,,audio_medium,polyglot,6,03-02-04-01-01-02-12_r06.wav,523448,0.009011,1,
write,write,,,audio_medium,mongo_gridfs,6,03-02-04-01-01-02-12_r06.wav,523448,0.004719,1,
write,write,,,audio_medium,pg_bytea,6,03-02-04-01-01-02-12_r06.wav,523448,0.012551,1,
write,write,,,audio_medium,polyglot,6,03-02-04-01-01-02-13_r06.wav,539464,0.005490,1,
write,write,,,audio_medium,mongo_gridfs,6,03-02-04-01-01-02-13_r06.wav,539464,0.004707,1,
write,write,,,audio_medium,pg_bytea,6,03-02-04-01-01-02-13_r06.wav,539464,0.011889,1,
write,write,,,audio_medium,pg_bytea,6,03-02-04-01-02-02-19_r06.wav,561888,0.018454,1,
write,write,,,audio_medium,polyglot,6,03-02-04-01-02-02-19_r06.wav,561888,0.006372,1,
write,write,,,audio_medium,mongo_gridfs,6,03-02-04-01-02-02-19_r06.wav,561888,0.005146,1,
write,write,,,audio_medium,mongo_gridfs,6,03-02-04-02-02-02-05_r06.wav,526650,0.005476,1,
write,write,,,audio_medium,pg_bytea,6,03-02-04-02-02-02-05_r06.wav,526650,0.013242,1,
write,write,,,audio_medium,polyglot,6,03-02-04-02-02-02-05_r06.wav,526650,0.005398,1,
write,write,,,audio_medium,polyglot,6,03-02-04-02-02-02-06_r06.wav,526650,0.004831,1,
write,write,,,audio_medium,mongo_gridfs,6,03-02-04-02-02-02-06_r06.wav,526650,0.004688,1,
write,write,,,audio_medium,pg_bytea,6,03-02-04-02-02-02-06_r06.wav,526650,0.018558,1,
write,write,,,audio_medium,mongo_gridfs,6,03-02-04-02-02-02-07_r06.wav,561888,0.005349,1,
write,write,,,audio_medium,pg_bytea,6,03-02-04-02-02-02-07_r06.wav,561888,0.015637,1,
write,write,,,audio_medium,polyglot,6,03-02-04-02-02-02-07_r06.wav,561888,0.008992,1,
write,write,,,audio_medium,polyglot,6,03-02-04-02-02-02-11_r06.wav,561888,0.017207,1,
write,write,,,audio_medium,mongo_gridfs,6,03-02-04-02-02-02-11_r06.wav,561888,0.006811,1,
write,write,,,audio_medium,pg_bytea,6,03-02-04-02-02-02-11_r06.wav,561888,0.016248,1,
write,write,,,audio_medium,pg_bytea,6,03-02-04-02-02-02-12_r06.wav,523448,0.013309,1,
write,write,,,audio_medium,polyglot,6,03-02-04-02-02-02-12_r06.wav,523448,0.009176,1,
write,write,,,audio_medium,mongo_gridfs,6,03-02-04-02-02-02-12_r06.wav,523448,0.013811,1,
write,write,,,audio_medium,pg_bytea,6,03-02-04-02-02-02-13_r06.wav,533056,0.015971,1,
write,write,,,audio_medium,mongo_gridfs,6,03-02-04-02-02-02-13_r06.wav,533056,0.007340,1,
write,write,,,audio_medium,polyglot,6,03-02-04-02-02-02-13_r06.wav,533056,0.011858,1,
write,write,,,audio_medium,mongo_gridfs,6,03-02-05-01-02-01-06_r06.wav,561882,0.008257,1,
write,write,,,audio_medium,polyglot,6,03-02-05-01-02-01-06_r06.wav,561882,0.007047,1,
write,write,,,audio_medium,pg_bytea,6,03-02-05-01-02-01-06_r06.wav,561882,0.016072,1,
write,write,,,audio_medium,polyglot,6,03-02-05-01-02-01-07_r06.wav,520242,0.006697,1,
write,write,,,audio_medium,mongo_gridfs,6,03-02-05-01-02-01-07_r06.wav,520242,0.005788,1,
write,write,,,audio_medium,pg_bytea,6,03-02-05-01-02-01-07_r06.wav,520242,0.012896,1,
write,write,,,audio_medium,polyglot,6,03-02-05-01-02-01-12_r06.wav,520242,0.006245,1,
write,write,,,audio_medium,pg_bytea,6,03-02-05-01-02-01-12_r06.wav,520242,0.013397,1,
write,write,,,audio_medium,mongo_gridfs,6,03-02-05-01-02-01-12_r06.wav,520242,0.007372,1,
write,write,,,audio_medium,polyglot,6,03-02-05-01-02-01-13_r06.wav,561888,0.006601,1,
write,write,,,audio_medium,mongo_gridfs,6,03-02-05-01-02-01-13_r06.wav,561888,0.006345,1,
write,write,,,audio_medium,pg_bytea,6,03-02-05-01-02-01-13_r06.wav,561888,0.018255,1,
write,write,,,audio_medium,mongo_gridfs,6,03-02-05-02-01-01-05_r06.wav,539464,0.007056,1,
write,write,,,audio_medium,pg_bytea,6,03-02-05-02-01-01-05_r06.wav,539464,0.012751,1,
write,write,,,audio_medium,polyglot,6,03-02-05-02-01-01-05_r06.wav,539464,0.007174,1,
write,write,,,audio_medium,pg_bytea,6,03-02-05-02-01-01-06_r06.wav,561888,0.013838,1,
write,write,,,audio_medium,mongo_gridfs,6,03-02-05-02-01-01-06_r06.wav,561888,0.007303,1,
write,write,,,audio_medium,polyglot,6,03-02-05-02-01-01-06_r06.wav,561888,0.010478,1,
write,write,,,audio_medium,mongo_gridfs,6,03-02-05-02-01-01-07_r06.wav,533056,0.007065,1,
write,write,,,audio_medium,pg_bytea,6,03-02-05-02-01-01-07_r06.wav,533056,0.017527,1,
write,write,,,audio_medium,polyglot,6,03-02-05-02-01-01-07_r06.wav,533056,0.007490,1,
write,write,,,audio_medium,pg_bytea,6,03-02-05-02-01-01-11_r06.wav,561888,0.015170,1,
write,write,,,audio_medium,mongo_gridfs,6,03-02-05-02-01-01-11_r06.wav,561888,0.009243,1,
write,write,,,audio_medium,polyglot,6,03-02-05-02-01-01-11_r06.wav,561888,0.008477,1,
write,write,,,audio_medium,pg_bytea,6,03-02-05-02-01-01-12_r06.wav,533056,0.015654,1,
write,write,,,audio_medium,polyglot,6,03-02-05-02-01-01-12_r06.wav,533056,0.006991,1,
write,write,,,audio_medium,mongo_gridfs,6,03-02-05-02-01-01-12_r06.wav,533056,0.007387,1,
write,write,,,audio_medium,polyglot,6,03-02-05-02-01-01-13_r06.wav,526650,0.006653,1,
write,write,,,audio_medium,mongo_gridfs,6,03-02-05-02-01-01-13_r06.wav,526650,0.007029,1,
write,write,,,audio_medium,pg_bytea,6,03-02-05-02-01-01-13_r06.wav,526650,0.013179,1,
write,write,,,video_small,mongo_gridfs,6,01-01-01-01-01-01-22_r06.mp4,5457041,0.041671,1,
write,write,,,video_small,polyglot,6,01-01-01-01-01-01-22_r06.mp4,5457041,0.047762,1,
write,write,,,video_small,pg_bytea,6,01-01-01-01-01-01-22_r06.mp4,5457041,0.185887,1,
write,write,,,video_small,mongo_gridfs,6,01-01-01-01-01-02-01_r06.mp4,5457041,0.062503,1,
write,write,,,video_small,polyglot,6,01-01-01-01-01-02-01_r06.mp4,5457041,0.048240,1,
write,write,,,video_small,pg_bytea,6,01-01-01-01-01-02-01_r06.mp4,5457041,0.148735,1,
write,write,,,video_small,mongo_gridfs,6,01-01-01-01-01-02-15_r06.mp4,5457041,0.048426,1,
write,write,,,video_small,pg_bytea,6,01-01-01-01-01-02-15_r06.mp4,5457041,0.209820,1,
write,write,,,video_small,polyglot,6,01-01-01-01-01-02-15_r06.mp4,5457041,0.046993,1,
write,write,,,video_small,polyglot,6,01-01-01-01-02-01-06_r06.mp4,5457041,0.045185,1,
write,write,,,video_small,mongo_gridfs,6,01-01-01-01-02-01-06_r06.mp4,5457041,0.044314,1,
write,write,,,video_small,pg_bytea,6,01-01-01-01-02-01-06_r06.mp4,5457041,0.204823,1,
write,write,,,video_small,mongo_gridfs,6,01-01-01-01-02-01-13_r06.mp4,5457041,0.039208,1,
write,write,,,video_small,pg_bytea,6,01-01-01-01-02-01-13_r06.mp4,5457041,0.193514,1,
write,write,,,video_small,polyglot,6,01-01-01-01-02-01-13_r06.mp4,5457041,0.057841,1,
write,write,,,video_small,polyglot,6,01-01-01-01-02-01-14_r06.mp4,5457041,0.050453,1,
write,write,,,video_small,pg_bytea,6,01-01-01-01-02-01-14_r06.mp4,5457041,0.166418,1,
write,write,,,video_small,mongo_gridfs,6,01-01-01-01-02-01-14_r06.mp4,5457041,0.045012,1,
write,write,,,video_small,mongo_gridfs,6,01-01-01-01-02-02-09_r06.mp4,5498397,0.050639,1,
write,write,,,video_small,pg_bytea,6,01-01-01-01-02-02-09_r06.mp4,5498397,0.157253,1,
write,write,,,video_small,polyglot,6,01-01-01-01-02-02-09_r06.mp4,5498397,0.044180,1,
write,write,,,video_small,polyglot,6,01-01-01-02-01-01-01_r06.mp4,5498397,0.051186,1,
write,write,,,video_small,pg_bytea,6,01-01-01-02-01-01-01_r06.mp4,5498397,0.134926,1,
write,write,,,video_small,mongo_gridfs,6,01-01-01-02-01-01-01_r06.mp4,5498397,0.049267,1,
write,write,,,video_small,mongo_gridfs,6,01-01-01-02-01-01-05_r06.mp4,5457041,0.042843,1,
write,write,,,video_small,polyglot,6,01-01-01-02-01-01-05_r06.mp4,5457041,0.049135,1,
write,write,,,video_small,pg_bytea,6,01-01-01-02-01-01-05_r06.mp4,5457041,0.345578,1,
write,write,,,video_small,pg_bytea,6,01-01-01-02-01-01-15_r06.mp4,5457041,0.239455,1,
write,write,,,video_small,mongo_gridfs,6,01-01-01-02-01-01-15_r06.mp4,5457041,0.050138,1,
write,write,,,video_small,polyglot,6,01-01-01-02-01-01-15_r06.mp4,5457041,0.091083,1,
write,write,,,video_small,polyglot,6,01-01-01-02-02-01-18_r06.mp4,5457041,0.042548,1,
write,write,,,video_small,mongo_gridfs,6,01-01-01-02-02-01-18_r06.mp4,5457041,0.043038,1,
write,write,,,video_small,pg_bytea,6,01-01-01-02-02-01-18_r06.mp4,5457041,0.167739,1,
write,write,,,video_small,mongo_gridfs,6,01-01-01-02-02-01-19_r06.mp4,5457041,0.048819,1,
write,write,,,video_small,polyglot,6,01-01-01-02-02-01-19_r06.mp4,5457041,0.049578,1,
write,write,,,video_small,pg_bytea,6,01-01-01-02-02-01-19_r06.mp4,5457041,0.199965,1,
write,write,,,video_small,mongo_gridfs,6,01-01-02-01-01-02-09_r06.mp4,5498397,0.160372,1,
write,write,,,video_small,polyglot,6,01-01-02-01-01-02-09_r06.mp4,5498397,0.045484,1,
write,write,,,video_small,pg_bytea,6,01-01-02-01-01-02-09_r06.mp4,5498397,0.275583,1,
write,write,,,video_small,polyglot,6,01-01-02-01-01-02-18_r06.mp4,5498397,0.046196,1,
write,write,,,video_small,mongo_gridfs,6,01-01-02-01-01-02-18_r06.mp4,5498397,0.053019,1,
write,write,,,video_small,pg_bytea,6,01-01-02-01-01-02-18_r06.mp4,5498397,0.297366,1,
write,write,,,video_small,polyglot,6,01-01-02-01-01-02-23_r06.mp4,5498397,0.050461,1,
write,write,,,video_small,pg_bytea,6,01-01-02-01-01-02-23_r06.mp4,5498397,1.121448,1,
write,write,,,video_small,mongo_gridfs,6,01-01-02-01-01-02-23_r06.mp4,5498397,0.048032,1,
write,write,,,video_small,mongo_gridfs,6,01-01-02-01-02-01-09_r06.mp4,5498397,0.050397,1,
write,write,,,video_small,polyglot,6,01-01-02-01-02-01-09_r06.mp4,5498397,0.112432,1,
write,write,,,video_small,pg_bytea,6,01-01-02-01-02-01-09_r06.mp4,5498397,0.201397,1,
write,write,,,video_small,polyglot,6,01-01-02-01-02-02-01_r06.mp4,5498397,0.055459,1,
write,write,,,video_small,mongo_gridfs,6,01-01-02-01-02-02-01_r06.mp4,5498397,0.040323,1,
write,write,,,video_small,pg_bytea,6,01-01-02-01-02-02-01_r06.mp4,5498397,0.197048,1,
write,write,,,video_small,pg_bytea,6,01-01-02-01-02-02-03_r06.mp4,5498397,0.175863,1,
write,write,,,video_small,polyglot,6,01-01-02-01-02-02-03_r06.mp4,5498397,0.040711,1,
write,write,,,video_small,mongo_gridfs,6,01-01-02-01-02-02-03_r06.mp4,5498397,0.043620,1,
write,write,,,video_small,mongo_gridfs,6,01-01-02-02-01-02-02_r06.mp4,5498397,0.048022,1,
write,write,,,video_small,polyglot,6,01-01-02-02-01-02-02_r06.mp4,5498397,0.047781,1,
write,write,,,video_small,pg_bytea,6,01-01-02-02-01-02-02_r06.mp4,5498397,0.176130,1,
write,write,,,video_small,pg_bytea,6,01-01-02-02-01-02-03_r06.mp4,5498397,0.186113,1,
write,write,,,video_small,mongo_gridfs,6,01-01-02-02-01-02-03_r06.mp4,5498397,0.049358,1,
write,write,,,video_small,polyglot,6,01-01-02-02-01-02-03_r06.mp4,5498397,0.046349,1,
write,write,,,video_small,polyglot,6,01-01-02-02-01-02-05_r06.mp4,5498397,0.040297,1,
write,write,,,video_small,pg_bytea,6,01-01-02-02-01-02-05_r06.mp4,5498397,0.161466,1,
write,write,,,video_small,mongo_gridfs,6,01-01-02-02-01-02-05_r06.mp4,5498397,0.049340,1,
write,write,,,video_small,pg_bytea,6,01-01-02-02-01-02-10_r06.mp4,5457041,0.182158,1,
write,write,,,video_small,mongo_gridfs,6,01-01-02-02-01-02-10_r06.mp4,5457041,0.049277,1,
write,write,,,video_small,polyglot,6,01-01-02-02-01-02-10_r06.mp4,5457041,0.060737,1,
write,write,,,video_small,polyglot,6,01-01-02-02-01-02-13_r06.mp4,5457041,0.050870,1,
write,write,,,video_small,mongo_gridfs,6,01-01-02-02-01-02-13_r06.mp4,5457041,0.070172,1,
write,write,,,video_small,pg_bytea,6,01-01-02-02-01-02-13_r06.mp4,5457041,0.167220,1,
write,write,,,video_small,pg_bytea,6,01-01-02-02-01-02-17_r06.mp4,5457041,0.151150,1,
write,write,,,video_small,mongo_gridfs,6,01-01-02-02-01-02-17_r06.mp4,5457041,0.090488,1,
write,write,,,video_small,polyglot,6,01-01-02-02-01-02-17_r06.mp4,5457041,0.068533,1,
write,write,,,video_small,mongo_gridfs,6,01-01-02-02-02-02-18_r06.mp4,5457041,0.073178,1,
write,write,,,video_small,polyglot,6,01-01-02-02-02-02-18_r06.mp4,5457041,0.082678,1,
write,write,,,video_small,pg_bytea,6,01-01-02-02-02-02-18_r06.mp4,5457041,0.152637,1,
write,write,,,video_small,pg_bytea,6,01-01-02-02-02-02-19_r06.mp4,5457041,0.162385,1,
write,write,,,video_small,polyglot,6,01-01-02-02-02-02-19_r06.mp4,5457041,0.071737,1,
write,write,,,video_small,mongo_gridfs,6,01-01-02-02-02-02-19_r06.mp4,5457041,0.042489,1,
write,write,,,video_small,mongo_gridfs,6,01-01-02-02-02-02-21_r06.mp4,5498397,0.049016,1,
write,write,,,video_small,polyglot,6,01-01-02-02-02-02-21_r06.mp4,5498397,0.043114,1,
write,write,,,video_small,pg_bytea,6,01-01-02-02-02-02-21_r06.mp4,5498397,0.214036,1,
write,write,,,video_small,polyglot,6,01-01-02-02-02-02-22_r06.mp4,5457041,0.047503,1,
write,write,,,video_small,pg_bytea,6,01-01-02-02-02-02-22_r06.mp4,5457041,0.744631,1,
write,write,,,video_small,mongo_gridfs,6,01-01-02-02-02-02-22_r06.mp4,5457041,0.045153,1,
write,write,,,video_small,mongo_gridfs,6,01-01-02-02-02-02-23_r06.mp4,5457041,0.040019,1,
write,write,,,video_small,polyglot,6,01-01-02-02-02-02-23_r06.mp4,5457041,0.041985,1,
write,write,,,video_small,pg_bytea,6,01-01-02-02-02-02-23_r06.mp4,5457041,0.151020,1,
write,write,,,video_small,mongo_gridfs,6,01-01-03-01-01-01-12_r06.mp4,5457041,0.046102,1,
write,write,,,video_small,pg_bytea,6,01-01-03-01-01-01-12_r06.mp4,5457041,0.167554,1,
write,write,,,video_small,polyglot,6,01-01-03-01-01-01-12_r06.mp4,5457041,0.044252,1,
write,write,,,video_small,pg_bytea,6,01-01-03-01-01-01-15_r06.mp4,5457041,0.171165,1,
write,write,,,video_small,polyglot,6,01-01-03-01-01-01-15_r06.mp4,5457041,0.043478,1,
write,write,,,video_small,mongo_gridfs,6,01-01-03-01-01-01-15_r06.mp4,5457041,0.073076,1,
write,write,,,video_small,mongo_gridfs,6,01-01-03-01-02-01-08_r06.mp4,5498397,0.047958,1,
write,write,,,video_small,polyglot,6,01-01-03-01-02-01-08_r06.mp4,5498397,0.041289,1,
write,write,,,video_small,pg_bytea,6,01-01-03-01-02-01-08_r06.mp4,5498397,0.258144,1,
write,write,,,video_small,mongo_gridfs,6,01-01-03-01-02-01-21_r06.mp4,5498397,0.040546,1,
write,write,,,video_small,polyglot,6,01-01-03-01-02-01-21_r06.mp4,5498397,0.044744,1,
write,write,,,video_small,pg_bytea,6,01-01-03-01-02-01-21_r06.mp4,5498397,0.246291,1,
write,write,,,video_small,polyglot,6,01-01-03-02-01-01-21_r06.mp4,5457041,0.039617,1,
write,write,,,video_small,mongo_gridfs,6,01-01-03-02-01-01-21_r06.mp4,5457041,0.047040,1,
write,write,,,video_small,pg_bytea,6,01-01-03-02-01-01-21_r06.mp4,5457041,0.253675,1,
write,write,,,video_small,polyglot,6,01-01-03-02-01-01-24_r06.mp4,5457041,0.040259,1,
write,write,,,video_small,pg_bytea,6,01-01-03-02-01-01-24_r06.mp4,5457041,0.299767,1,
write,write,,,video_small,mongo_gridfs,6,01-01-03-02-01-01-24_r06.mp4,5457041,0.040382,1,
write,write,,,video_small,polyglot,6,01-01-03-02-01-02-01_r06.mp4,5457041,0.051318,1,
write,write,,,video_small,mongo_gridfs,6,01-01-03-02-01-02-01_r06.mp4,5457041,0.054066,1,
write,write,,,video_small,pg_bytea,6,01-01-03-02-01-02-01_r06.mp4,5457041,0.246814,1,
write,write,,,video_small,polyglot,6,01-01-03-02-01-02-15_r06.mp4,5457041,0.045816,1,
write,write,,,video_small,pg_bytea,6,01-01-03-02-01-02-15_r06.mp4,5457041,1.365138,1,
write,write,,,video_small,mongo_gridfs,6,01-01-03-02-01-02-15_r06.mp4,5457041,0.047904,1,
write,write,,,video_small,mongo_gridfs,6,01-01-03-02-02-01-05_r06.mp4,5457041,0.047716,1,
write,write,,,video_small,pg_bytea,6,01-01-03-02-02-01-05_r06.mp4,5457041,0.186905,1,
write,write,,,video_small,polyglot,6,01-01-03-02-02-01-05_r06.mp4,5457041,0.049572,1,
write,write,,,video_small,mongo_gridfs,6,01-01-03-02-02-01-12_r06.mp4,5457041,0.064076,1,
write,write,,,video_small,pg_bytea,6,01-01-03-02-02-01-12_r06.mp4,5457041,0.170795,1,
write,write,,,video_small,polyglot,6,01-01-03-02-02-01-12_r06.mp4,5457041,0.045078,1,
write,write,,,video_small,mongo_gridfs,6,01-01-03-02-02-01-15_r06.mp4,5498397,0.046034,1,
write,write,,,video_small,pg_bytea,6,01-01-03-02-02-01-15_r06.mp4,5498397,0.161824,1,
write,write,,,video_small,polyglot,6,01-01-03-02-02-01-15_r06.mp4,5498397,0.047918,1,
write,write,,,video_small,mongo_gridfs,6,01-01-04-01-01-01-03_r06.mp4,5457041,0.043085,1,
write,write,,,video_small,pg_bytea,6,01-01-04-01-01-01-03_r06.mp4,5457041,0.158490,1,
write,write,,,video_small,polyglot,6,01-01-04-01-01-01-03_r06.mp4,5457041,0.042464,1,
write,write,,,video_small,pg_bytea,6,01-01-04-01-01-01-05_r06.mp4,5498397,0.161950,1,
write,write,,,video_small,polyglot,6,01-01-04-01-01-01-05_r06.mp4,5498397,0.051359,1,
write,write,,,video_small,mongo_gridfs,6,01-01-04-01-01-01-05_r06.mp4,5498397,0.041529,1,
write,write,,,video_small,mongo_gridfs,6,01-01-04-01-01-01-10_r06.mp4,5457041,0.042840,1,
write,write,,,video_small,pg_bytea,6,01-01-04-01-01-01-10_r06.mp4,5457041,0.183176,1,
write,write,,,video_small,polyglot,6,01-01-04-01-01-01-10_r06.mp4,5457041,0.042580,1,
write,write,,,video_small,pg_bytea,6,01-01-04-01-01-01-16_r06.mp4,5457041,0.186845,1,
write,write,,,video_small,polyglot,6,01-01-04-01-01-01-16_r06.mp4,5457041,0.048507,1,
write,write,,,video_small,mongo_gridfs,6,01-01-04-01-01-01-16_r06.mp4,5457041,0.044471,1,
write,write,,,video_small,pg_bytea,6,01-01-04-01-02-01-19_r06.mp4,5498397,0.185285,1,
write,write,,,video_small,mongo_gridfs,6,01-01-04-01-02-01-19_r06.mp4,5498397,0.040802,1,
write,write,,,video_small,polyglot,6,01-01-04-01-02-01-19_r06.mp4,5498397,0.049689,1,
write,write,,,video_small,polyglot,6,01-01-04-01-02-01-21_r06.mp4,5498397,0.040135,1,
write,write,,,video_small,mongo_gridfs,6,01-01-04-01-02-01-21_r06.mp4,5498397,0.049556,1,
write,write,,,video_small,pg_bytea,6,01-01-04-01-02-01-21_r06.mp4,5498397,0.166824,1,
write,write,,,video_small,pg_bytea,6,01-01-04-01-02-01-22_r06.mp4,5498397,0.138587,1,
write,write,,,video_small,polyglot,6,01-01-04-01-02-01-22_r06.mp4,5498397,0.046388,1,
write,write,,,video_small,mongo_gridfs,6,01-01-04-01-02-01-22_r06.mp4,5498397,0.048446,1,
write,write,,,video_small,pg_bytea,6,01-01-04-02-01-01-18_r06.mp4,5498397,0.141880,1,
write,write,,,video_small,mongo_gridfs,6,01-01-04-02-01-01-18_r06.mp4,5498397,0.056946,1,
write,write,,,video_small,polyglot,6,01-01-04-02-01-01-18_r06.mp4,5498397,0.041246,1,
write,write,,,video_small,mongo_gridfs,6,01-01-04-02-01-01-19_r06.mp4,5457041,0.042011,1,
write,write,,,video_small,polyglot,6,01-01-04-02-01-01-19_r06.mp4,5457041,0.043485,1,
write,write,,,video_small,pg_bytea,6,01-01-04-02-01-01-19_r06.mp4,5457041,0.152411,1,
write,write,,,video_small,polyglot,6,01-01-04-02-02-01-02_r06.mp4,5498397,0.050845,1,
write,write,,,video_small,pg_bytea,6,01-01-04-02-02-01-02_r06.mp4,5498397,0.138939,1,
write,write,,,video_small,mongo_gridfs,6,01-01-04-02-02-01-02_r06.mp4,5498397,0.040597,1,
write,write,,,video_small,pg_bytea,6,01-01-04-02-02-01-05_r06.mp4,5498397,0.770467,1,
write,write,,,video_small,polyglot,6,01-01-04-02-02-01-05_r06.mp4,5498397,0.041674,1,
write,write,,,video_small,mongo_gridfs,6,01-01-04-02-02-01-05_r06.mp4,5498397,0.040926,1,
write,write,,,video_small,mongo_gridfs,6,01-01-04-02-02-01-06_r06.mp4,5498397,0.037163,1,
write,write,,,video_small,polyglot,6,01-01-04-02-02-01-06_r06.mp4,5498397,0.041171,1,
write,write,,,video_small,pg_bytea,6,01-01-04-02-02-01-06_r06.mp4,5498397,0.236577,1,
write,write,,,video_small,mongo_gridfs,6,01-01-04-02-02-01-13_r06.mp4,5498397,0.042659,1,
write,write,,,video_small,polyglot,6,01-01-04-02-02-01-13_r06.mp4,5498397,0.042171,1,
write,write,,,video_small,pg_bytea,6,01-01-04-02-02-01-13_r06.mp4,5498397,0.626815,1,
write,write,,,video_small,mongo_gridfs,6,01-01-04-02-02-01-17_r06.mp4,5498397,0.047934,1,
write,write,,,video_small,polyglot,6,01-01-04-02-02-01-17_r06.mp4,5498397,0.046427,1,
write,write,,,video_small,pg_bytea,6,01-01-04-02-02-01-17_r06.mp4,5498397,0.179256,1,
write,write,,,video_small,mongo_gridfs,6,01-01-04-02-02-02-19_r06.mp4,5498397,0.043684,1,
write,write,,,video_small,polyglot,6,01-01-04-02-02-02-19_r06.mp4,5498397,0.039829,1,
write,write,,,video_small,pg_bytea,6,01-01-04-02-02-02-19_r06.mp4,5498397,0.150925,1,
write,write,,,video_small,pg_bytea,6,01-01-05-01-01-02-09_r06.mp4,5457041,0.148282,1,
write,write,,,video_small,polyglot,6,01-01-05-01-01-02-09_r06.mp4,5457041,0.044050,1,
write,write,,,video_small,mongo_gridfs,6,01-01-05-01-01-02-09_r06.mp4,5457041,0.040633,1,
write,write,,,video_small,pg_bytea,6,01-01-05-01-01-02-19_r06.mp4,5498397,0.157305,1,
write,write,,,video_small,polyglot,6,01-01-05-01-01-02-19_r06.mp4,5498397,0.042467,1,
write,write,,,video_small,mongo_gridfs,6,01-01-05-01-01-02-19_r06.mp4,5498397,0.038891,1,
write,write,,,video_small,mongo_gridfs,6,01-01-05-01-01-02-21_r06.mp4,5457041,0.046637,1,
write,write,,,video_small,polyglot,6,01-01-05-01-01-02-21_r06.mp4,5457041,0.054157,1,
write,write,,,video_small,pg_bytea,6,01-01-05-01-01-02-21_r06.mp4,5457041,0.207691,1,
write,write,,,video_small,pg_bytea,6,01-01-05-01-02-01-19_r06.mp4,5457041,0.153803,1,
write,write,,,video_small,mongo_gridfs,6,01-01-05-01-02-01-19_r06.mp4,5457041,0.058841,1,
write,write,,,video_small,polyglot,6,01-01-05-01-02-01-19_r06.mp4,5457041,0.054545,1,
write,write,,,video_small,pg_bytea,6,01-01-05-01-02-02-04_r06.mp4,5457041,0.509319,1,
write,write,,,video_small,mongo_gridfs,6,01-01-05-01-02-02-04_r06.mp4,5457041,0.048906,1,
write,write,,,video_small,polyglot,6,01-01-05-01-02-02-04_r06.mp4,5457041,0.051900,1,
write,write,,,video_small,pg_bytea,6,01-01-05-01-02-02-05_r06.mp4,5498397,0.178767,1,
write,write,,,video_small,mongo_gridfs,6,01-01-05-01-02-02-05_r06.mp4,5498397,0.052910,1,
write,write,,,video_small,polyglot,6,01-01-05-01-02-02-05_r06.mp4,5498397,0.101582,1,
write,write,,,video_small,pg_bytea,6,01-01-05-02-01-02-04_r06.mp4,5457041,0.363987,1,
write,write,,,video_small,mongo_gridfs,6,01-01-05-02-01-02-04_r06.mp4,5457041,0.083847,1,
write,write,,,video_small,polyglot,6,01-01-05-02-01-02-04_r06.mp4,5457041,0.046350,1,
write,write,,,video_small,pg_bytea,6,01-01-05-02-01-02-12_r06.mp4,5457041,0.184686,1,
write,write,,,video_small,mongo_gridfs,6,01-01-05-02-01-02-12_r06.mp4,5457041,0.044154,1,
write,write,,,video_small,polyglot,6,01-01-05-02-01-02-12_r06.mp4,5457041,0.108352,1,
write,write,,,video_small,mongo_gridfs,6,01-01-05-02-01-02-14_r06.mp4,5457041,0.050681,1,
write,write,,,video_small,polyglot,6,01-01-05-02-01-02-14_r06.mp4,5457041,0.070928,1,
write,write,,,video_small,pg_bytea,6,01-01-05-02-01-02-14_r06.mp4,5457041,0.244213,1,
write,write,,,video_small,polyglot,6,01-01-05-02-02-02-19_r06.mp4,5498397,0.073382,1,
write,write,,,video_small,mongo_gridfs,6,01-01-05-02-02-02-19_r06.mp4,5498397,0.050680,1,
write,write,,,video_small,pg_bytea,6,01-01-05-02-02-02-19_r06.mp4,5498397,0.207549,1,
write,write,,,video_small,pg_bytea,6,01-01-05-02-02-02-20_r06.mp4,5498397,0.253251,1,
write,write,,,video_small,polyglot,6,01-01-05-02-02-02-20_r06.mp4,5498397,0.068908,1,
write,write,,,video_small,mongo_gridfs,6,01-01-05-02-02-02-20_r06.mp4,5498397,0.061686,1,
write,write,,,video_small,pg_bytea,6,01-01-05-02-02-02-23_r06.mp4,5457041,0.158021,1,
write,write,,,video_small,polyglot,6,01-01-05-02-02-02-23_r06.mp4,5457041,0.042681,1,
write,write,,,video_small,mongo_gridfs,6,01-01-05-02-02-02-23_r06.mp4,5457041,0.049761,1,
write,write,,,video_small,polyglot,6,01-01-06-01-01-01-08_r06.mp4,5457041,0.045114,1,
write,write,,,video_small,pg_bytea,6,01-01-06-01-01-01-08_r06.mp4,5457041,0.282662,1,
write,write,,,video_small,mongo_gridfs,6,01-01-06-01-01-01-08_r06.mp4,5457041,0.061334,1,
write,write,,,video_small,mongo_gridfs,6,01-01-06-01-01-01-19_r06.mp4,5457041,0.064696,1,
write,write,,,video_small,polyglot,6,01-01-06-01-01-01-19_r06.mp4,5457041,0.053737,1,
write,write,,,video_small,pg_bytea,6,01-01-06-01-01-01-19_r06.mp4,5457041,0.161340,1,
write,write,,,video_small,mongo_gridfs,6,01-01-06-01-01-01-24_r06.mp4,5498397,0.048175,1,
write,write,,,video_small,polyglot,6,01-01-06-01-01-01-24_r06.mp4,5498397,0.050280,1,
write,write,,,video_small,pg_bytea,6,01-01-06-01-01-01-24_r06.mp4,5498397,0.160471,1,
write,write,,,video_medium,pg_bytea,6,tsinghua_v_0024_r06.mp4,13091522,0.379029,1,
write,write,,,video_medium,polyglot,6,tsinghua_v_0024_r06.mp4,13091522,0.113046,1,
write,write,,,video_medium,mongo_gridfs,6,tsinghua_v_0024_r06.mp4,13091522,0.101314,1,
write,write,,,video_medium,pg_bytea,6,tsinghua_v_0046_r06.mp4,13091522,0.385380,1,
write,write,,,video_medium,polyglot,6,tsinghua_v_0046_r06.mp4,13091522,0.119691,1,
write,write,,,video_medium,mongo_gridfs,6,tsinghua_v_0046_r06.mp4,13091522,0.140050,1,
write,write,,,video_medium,pg_bytea,6,tsinghua_v_0076_r06.mp4,13091522,0.421875,1,
write,write,,,video_medium,polyglot,6,tsinghua_v_0076_r06.mp4,13091522,0.097967,1,
write,write,,,video_medium,mongo_gridfs,6,tsinghua_v_0076_r06.mp4,13091522,0.094778,1,
write,write,,,video_medium,pg_bytea,6,tsinghua_v_0080_r06.mp4,13091522,0.418828,1,
write,write,,,video_medium,mongo_gridfs,6,tsinghua_v_0080_r06.mp4,13091522,0.095799,1,
write,write,,,video_medium,polyglot,6,tsinghua_v_0080_r06.mp4,13091522,0.102541,1,
write,write,,,video_medium,polyglot,6,tsinghua_v_0109_r06.mp4,13091522,0.104700,1,
write,write,,,video_medium,mongo_gridfs,6,tsinghua_v_0109_r06.mp4,13091522,0.117154,1,
write,write,,,video_medium,pg_bytea,6,tsinghua_v_0109_r06.mp4,13091522,0.578574,1,
write,write,,,video_medium,pg_bytea,6,tsinghua_v_0123_r06.mp4,13091522,0.329360,1,
write,write,,,video_medium,mongo_gridfs,6,tsinghua_v_0123_r06.mp4,13091522,0.097550,1,
write,write,,,video_medium,polyglot,6,tsinghua_v_0123_r06.mp4,13091522,0.100627,1,
write,write,,,video_medium,polyglot,6,tsinghua_v_0130_r06.mp4,13091522,0.093206,1,
write,write,,,video_medium,mongo_gridfs,6,tsinghua_v_0130_r06.mp4,13091522,0.100452,1,
write,write,,,video_medium,pg_bytea,6,tsinghua_v_0130_r06.mp4,13091522,0.424536,1,
write,write,,,video_medium,mongo_gridfs,6,tsinghua_v_0135_r06.mp4,13091522,0.122018,1,
write,write,,,video_medium,pg_bytea,6,tsinghua_v_0135_r06.mp4,13091522,0.504993,1,
write,write,,,video_medium,polyglot,6,tsinghua_v_0135_r06.mp4,13091522,0.117077,1,
write,write,,,video_medium,polyglot,6,tsinghua_v_0137_r06.mp4,13091522,0.105800,1,
write,write,,,video_medium,pg_bytea,6,tsinghua_v_0137_r06.mp4,13091522,0.629722,1,
write,write,,,video_medium,mongo_gridfs,6,tsinghua_v_0137_r06.mp4,13091522,0.099574,1,
write,write,,,video_medium,polyglot,6,tsinghua_v_0140_r06.mp4,13091522,0.112054,1,
write,write,,,video_medium,mongo_gridfs,6,tsinghua_v_0140_r06.mp4,13091522,0.106848,1,
write,write,,,video_medium,pg_bytea,6,tsinghua_v_0140_r06.mp4,13091522,0.402657,1,
write,write,,,video_medium,pg_bytea,6,tsinghua_v_0151_r06.mp4,13091522,0.378688,1,
write,write,,,video_medium,mongo_gridfs,6,tsinghua_v_0151_r06.mp4,13091522,0.104666,1,
write,write,,,video_medium,polyglot,6,tsinghua_v_0151_r06.mp4,13091522,0.101616,1,
write,write,,,video_medium,pg_bytea,6,tsinghua_v_0157_r06.mp4,13091522,0.376104,1,
write,write,,,video_medium,polyglot,6,tsinghua_v_0157_r06.mp4,13091522,0.192937,1,
write,write,,,video_medium,mongo_gridfs,6,tsinghua_v_0157_r06.mp4,13091522,0.099290,1,
write,write,,,video_medium,polyglot,6,tsinghua_v_0209_r06.mp4,13091522,0.128158,1,
write,write,,,video_medium,pg_bytea,6,tsinghua_v_0209_r06.mp4,13091522,0.549871,1,
write,write,,,video_medium,mongo_gridfs,6,tsinghua_v_0209_r06.mp4,13091522,0.124375,1,
write,write,,,video_medium,polyglot,6,tsinghua_v_0226_r06.mp4,13091522,0.169837,1,
write,write,,,video_medium,pg_bytea,6,tsinghua_v_0226_r06.mp4,13091522,0.401701,1,
write,write,,,video_medium,mongo_gridfs,6,tsinghua_v_0226_r06.mp4,13091522,0.106455,1,
write,write,,,video_medium,pg_bytea,6,tsinghua_v_0236_r06.mp4,13091522,0.361432,1,
write,write,,,video_medium,mongo_gridfs,6,tsinghua_v_0236_r06.mp4,13091522,0.122876,1,
write,write,,,video_medium,polyglot,6,tsinghua_v_0236_r06.mp4,13091522,0.119686,1,
write,write,,,video_medium,mongo_gridfs,6,tsinghua_v_0274_r06.mp4,13091522,0.098849,1,
write,write,,,video_medium,polyglot,6,tsinghua_v_0274_r06.mp4,13091522,0.119536,1,
write,write,,,video_medium,pg_bytea,6,tsinghua_v_0274_r06.mp4,13091522,0.429517,1,
write,write,,,video_medium,pg_bytea,6,tsinghua_v_0280_r06.mp4,13091522,0.364963,1,
write,write,,,video_medium,mongo_gridfs,6,tsinghua_v_0280_r06.mp4,13091522,0.132678,1,
write,write,,,video_medium,polyglot,6,tsinghua_v_0280_r06.mp4,13091522,0.107886,1,
write,write,,,video_medium,pg_bytea,6,tsinghua_v_0302_r06.mp4,13091522,0.363348,1,
write,write,,,video_medium,polyglot,6,tsinghua_v_0302_r06.mp4,13091522,0.106276,1,
write,write,,,video_medium,mongo_gridfs,6,tsinghua_v_0302_r06.mp4,13091522,0.102687,1,
write,write,,,video_medium,mongo_gridfs,6,tsinghua_v_0311_r06.mp4,13091522,0.094222,1,
write,write,,,video_medium,polyglot,6,tsinghua_v_0311_r06.mp4,13091522,0.153253,1,
write,write,,,video_medium,pg_bytea,6,tsinghua_v_0311_r06.mp4,13091522,0.563408,1,
write,write,,,video_medium,pg_bytea,6,tsinghua_v_0316_r06.mp4,13091522,0.355138,1,
write,write,,,video_medium,mongo_gridfs,6,tsinghua_v_0316_r06.mp4,13091522,0.120769,1,
write,write,,,video_medium,polyglot,6,tsinghua_v_0316_r06.mp4,13091522,0.098145,1,
write,write,,,video_medium,polyglot,6,tsinghua_v_0319_r06.mp4,13091522,0.099527,1,
write,write,,,video_medium,pg_bytea,6,tsinghua_v_0319_r06.mp4,13091522,0.393725,1,
write,write,,,video_medium,mongo_gridfs,6,tsinghua_v_0319_r06.mp4,13091522,0.099162,1,
write,write,,,video_medium,polyglot,6,tsinghua_v_0321_r06.mp4,13091522,0.090195,1,
write,write,,,video_medium,pg_bytea,6,tsinghua_v_0321_r06.mp4,13091522,0.410872,1,
write,write,,,video_medium,mongo_gridfs,6,tsinghua_v_0321_r06.mp4,13091522,0.097084,1,
write,write,,,video_medium,pg_bytea,6,tsinghua_v_0331_r06.mp4,13091522,0.348641,1,
write,write,,,video_medium,polyglot,6,tsinghua_v_0331_r06.mp4,13091522,0.092412,1,
write,write,,,video_medium,mongo_gridfs,6,tsinghua_v_0331_r06.mp4,13091522,0.105666,1,
write,write,,,video_medium,mongo_gridfs,6,tsinghua_v_0345_r06.mp4,13091522,0.106871,1,
write,write,,,video_medium,polyglot,6,tsinghua_v_0345_r06.mp4,13091522,0.124047,1,
write,write,,,video_medium,pg_bytea,6,tsinghua_v_0345_r06.mp4,13091522,0.363568,1,
write,write,,,video_medium,pg_bytea,6,tsinghua_v_0356_r06.mp4,13091522,0.586946,1,
write,write,,,video_medium,mongo_gridfs,6,tsinghua_v_0356_r06.mp4,13091522,0.114710,1,
write,write,,,video_medium,polyglot,6,tsinghua_v_0356_r06.mp4,13091522,0.102495,1,
write,write,,,video_medium,pg_bytea,6,tsinghua_v_0357_r06.mp4,13091522,0.355855,1,
write,write,,,video_medium,mongo_gridfs,6,tsinghua_v_0357_r06.mp4,13091522,0.097946,1,
write,write,,,video_medium,polyglot,6,tsinghua_v_0357_r06.mp4,13091522,0.096279,1,
write,write,,,video_medium,mongo_gridfs,6,tsinghua_v_0379_r06.mp4,13091522,0.095944,1,
write,write,,,video_medium,polyglot,6,tsinghua_v_0379_r06.mp4,13091522,0.567937,1,
write,write,,,video_medium,pg_bytea,6,tsinghua_v_0379_r06.mp4,13091522,0.373207,1,
write,write,,,video_medium,pg_bytea,6,tsinghua_v_0393_r06.mp4,13091522,0.374472,1,
write,write,,,video_medium,mongo_gridfs,6,tsinghua_v_0393_r06.mp4,13091522,0.101954,1,
write,write,,,video_medium,polyglot,6,tsinghua_v_0393_r06.mp4,13091522,0.096375,1,
write,write,,,video_medium,pg_bytea,6,tsinghua_v_0421_r06.mp4,13091522,0.357214,1,
write,write,,,video_medium,mongo_gridfs,6,tsinghua_v_0421_r06.mp4,13091522,0.103047,1,
write,write,,,video_medium,polyglot,6,tsinghua_v_0421_r06.mp4,13091522,0.106208,1,
write,write,,,video_medium,polyglot,6,tsinghua_v_0424_r06.mp4,13091522,0.128704,1,
write,write,,,video_medium,mongo_gridfs,6,tsinghua_v_0424_r06.mp4,13091522,0.095649,1,
write,write,,,video_medium,pg_bytea,6,tsinghua_v_0424_r06.mp4,13091522,0.659588,1,
write,write,,,video_medium,pg_bytea,6,tsinghua_v_0427_r06.mp4,13091522,0.346650,1,
write,write,,,video_medium,mongo_gridfs,6,tsinghua_v_0427_r06.mp4,13091522,0.100005,1,
write,write,,,video_medium,polyglot,6,tsinghua_v_0427_r06.mp4,13091522,0.105613,1,
write,write,,,video_medium,pg_bytea,6,tsinghua_v_0431_r06.mp4,13091522,0.337444,1,
write,write,,,video_medium,polyglot,6,tsinghua_v_0431_r06.mp4,13091522,0.107467,1,
write,write,,,video_medium,mongo_gridfs,6,tsinghua_v_0431_r06.mp4,13091522,0.111389,1,
write,write,,,video_medium,pg_bytea,6,tsinghua_v_0452_r06.mp4,13091522,0.380184,1,
write,write,,,video_medium,mongo_gridfs,6,tsinghua_v_0452_r06.mp4,13091522,0.099323,1,
write,write,,,video_medium,polyglot,6,tsinghua_v_0452_r06.mp4,13091522,0.127591,1,
write,write,,,video_medium,polyglot,6,tsinghua_v_0454_r06.mp4,13091522,0.101224,1,
write,write,,,video_medium,mongo_gridfs,6,tsinghua_v_0454_r06.mp4,13091522,0.096144,1,
write,write,,,video_medium,pg_bytea,6,tsinghua_v_0454_r06.mp4,13091522,0.447931,1,
write,write,,,video_medium,mongo_gridfs,6,tsinghua_v_0457_r06.mp4,13091522,0.094793,1,
write,write,,,video_medium,polyglot,6,tsinghua_v_0457_r06.mp4,13091522,0.103059,1,
write,write,,,video_medium,pg_bytea,6,tsinghua_v_0457_r06.mp4,13091522,3.034176,1,
write,write,,,video_medium,mongo_gridfs,6,tsinghua_v_0466_r06.mp4,13091522,0.102875,1,
write,write,,,video_medium,polyglot,6,tsinghua_v_0466_r06.mp4,13091522,0.351376,1,
write,write,,,video_medium,pg_bytea,6,tsinghua_v_0466_r06.mp4,13091522,0.396759,1,
write,write,,,video_medium,polyglot,6,tsinghua_v_0471_r06.mp4,13091522,0.097990,1,
write,write,,,video_medium,mongo_gridfs,6,tsinghua_v_0471_r06.mp4,13091522,0.090513,1,
write,write,,,video_medium,pg_bytea,6,tsinghua_v_0471_r06.mp4,13091522,1.386441,1,
write,write,,,video_medium,polyglot,6,tsinghua_v_0472_r06.mp4,13091522,0.910985,1,
write,write,,,video_medium,mongo_gridfs,6,tsinghua_v_0472_r06.mp4,13091522,0.116642,1,
write,write,,,video_medium,pg_bytea,6,tsinghua_v_0472_r06.mp4,13091522,2.526005,1,
write,write,,,video_medium,polyglot,6,tsinghua_v_0494_r06.mp4,13091522,0.136956,1,
write,write,,,video_medium,pg_bytea,6,tsinghua_v_0494_r06.mp4,13091522,0.348527,1,
write,write,,,video_medium,mongo_gridfs,6,tsinghua_v_0494_r06.mp4,13091522,0.097062,1,
write,write,,,video_medium,mongo_gridfs,6,tsinghua_v_0503_r06.mp4,13091522,0.098368,1,
write,write,,,video_medium,polyglot,6,tsinghua_v_0503_r06.mp4,13091522,0.120977,1,
write,write,,,video_medium,pg_bytea,6,tsinghua_v_0503_r06.mp4,13091522,0.338363,1,
write,write,,,video_medium,polyglot,6,tsinghua_v_0509_r06.mp4,13091522,0.134889,1,
write,write,,,video_medium,mongo_gridfs,6,tsinghua_v_0509_r06.mp4,13091522,0.094240,1,
write,write,,,video_medium,pg_bytea,6,tsinghua_v_0509_r06.mp4,13091522,0.383602,1,
write,write,,,video_medium,polyglot,6,tsinghua_v_0523_r06.mp4,13091522,0.094532,1,
write,write,,,video_medium,mongo_gridfs,6,tsinghua_v_0523_r06.mp4,13091522,0.095367,1,
write,write,,,video_medium,pg_bytea,6,tsinghua_v_0523_r06.mp4,13091522,0.353834,1,
write,write,,,video_medium,mongo_gridfs,6,tsinghua_v_0546_r06.mp4,13091522,0.090796,1,
write,write,,,video_medium,polyglot,6,tsinghua_v_0546_r06.mp4,13091522,0.101580,1,
write,write,,,video_medium,pg_bytea,6,tsinghua_v_0546_r06.mp4,13091522,0.558460,1,
write,write,,,video_medium,pg_bytea,6,tsinghua_v_0568_r06.mp4,13091522,0.468459,1,
write,write,,,video_medium,mongo_gridfs,6,tsinghua_v_0568_r06.mp4,13091522,0.096529,1,
write,write,,,video_medium,polyglot,6,tsinghua_v_0568_r06.mp4,13091522,0.095713,1,
write,write,,,video_medium,mongo_gridfs,6,tsinghua_v_0594_r06.mp4,13091522,0.098010,1,
write,write,,,video_medium,polyglot,6,tsinghua_v_0594_r06.mp4,13091522,0.337816,1,
write,write,,,video_medium,pg_bytea,6,tsinghua_v_0594_r06.mp4,13091522,0.861341,1,
write,write,,,video_medium,pg_bytea,6,tsinghua_v_0596_r06.mp4,13091522,0.327087,1,
write,write,,,video_medium,mongo_gridfs,6,tsinghua_v_0596_r06.mp4,13091522,0.100652,1,
write,write,,,video_medium,polyglot,6,tsinghua_v_0596_r06.mp4,13091522,0.244055,1,
write,write,,,video_medium,mongo_gridfs,6,tsinghua_v_0635_r06.mp4,13091522,0.168778,1,
write,write,,,video_medium,pg_bytea,6,tsinghua_v_0635_r06.mp4,13091522,0.368512,1,
write,write,,,video_medium,polyglot,6,tsinghua_v_0635_r06.mp4,13091522,0.095077,1,
write,write,,,video_medium,pg_bytea,6,tsinghua_v_0653_r06.mp4,13091522,0.344178,1,
write,write,,,video_medium,polyglot,6,tsinghua_v_0653_r06.mp4,13091522,0.117742,1,
write,write,,,video_medium,mongo_gridfs,6,tsinghua_v_0653_r06.mp4,13091522,0.107811,1,
write,write,,,video_medium,mongo_gridfs,6,tsinghua_v_0667_r06.mp4,13091522,0.099231,1,
write,write,,,video_medium,polyglot,6,tsinghua_v_0667_r06.mp4,13091522,0.143337,1,
write,write,,,video_medium,pg_bytea,6,tsinghua_v_0667_r06.mp4,13091522,0.347219,1,
write,write,,,video_medium,mongo_gridfs,6,tsinghua_v_0673_r06.mp4,13091522,0.110693,1,
write,write,,,video_medium,pg_bytea,6,tsinghua_v_0673_r06.mp4,13091522,1.291469,1,
write,write,,,video_medium,polyglot,6,tsinghua_v_0673_r06.mp4,13091522,0.096446,1,
write,write,,,video_medium,pg_bytea,6,tsinghua_v_0681_r06.mp4,13091522,0.328238,1,
write,write,,,video_medium,mongo_gridfs,6,tsinghua_v_0681_r06.mp4,13091522,0.089251,1,
write,write,,,video_medium,polyglot,6,tsinghua_v_0681_r06.mp4,13091522,0.106397,1,
write,write,,,video_medium,polyglot,6,tsinghua_v_0690_r06.mp4,13091522,0.162039,1,
write,write,,,video_medium,mongo_gridfs,6,tsinghua_v_0690_r06.mp4,13091522,0.095292,1,
write,write,,,video_medium,pg_bytea,6,tsinghua_v_0690_r06.mp4,13091522,0.370554,1,
write,write,,,video_medium,polyglot,6,tsinghua_v_0692_r06.mp4,13091522,0.091546,1,
write,write,,,video_medium,mongo_gridfs,6,tsinghua_v_0692_r06.mp4,13091522,0.089381,1,
write,write,,,video_medium,pg_bytea,6,tsinghua_v_0692_r06.mp4,13091522,0.350509,1,
write,write,,,video_medium,polyglot,6,tsinghua_v_0696_r06.mp4,13091522,0.101381,1,
write,write,,,video_medium,mongo_gridfs,6,tsinghua_v_0696_r06.mp4,13091522,0.192510,1,
write,write,,,video_medium,pg_bytea,6,tsinghua_v_0696_r06.mp4,13091522,1.144738,1,
write,write,,,video_medium,mongo_gridfs,6,tsinghua_v_0734_r06.mp4,13091522,0.146664,1,
write,write,,,video_medium,pg_bytea,6,tsinghua_v_0734_r06.mp4,13091522,0.449725,1,
write,write,,,video_medium,polyglot,6,tsinghua_v_0734_r06.mp4,13091522,0.107652,1,
write,write,,,video_medium,pg_bytea,6,tsinghua_v_0737_r06.mp4,13091522,0.429832,1,
write,write,,,video_medium,polyglot,6,tsinghua_v_0737_r06.mp4,13091522,0.126879,1,
write,write,,,video_medium,mongo_gridfs,6,tsinghua_v_0737_r06.mp4,13091522,0.158028,1,
write,write,,,video_medium,pg_bytea,6,tsinghua_v_0744_r06.mp4,13091522,0.466337,1,
write,write,,,video_medium,mongo_gridfs,6,tsinghua_v_0744_r06.mp4,13091522,0.130935,1,
write,write,,,video_medium,polyglot,6,tsinghua_v_0744_r06.mp4,13091522,0.092897,1,
write,write,,,video_medium,mongo_gridfs,6,tsinghua_v_0745_r06.mp4,13091522,0.125790,1,
write,write,,,video_medium,polyglot,6,tsinghua_v_0745_r06.mp4,13091522,0.311654,1,
write,write,,,video_medium,pg_bytea,6,tsinghua_v_0745_r06.mp4,13091522,0.758547,1,
write,write,,,video_medium,pg_bytea,6,tsinghua_v_0769_r06.mp4,13091522,0.480701,1,
write,write,,,video_medium,polyglot,6,tsinghua_v_0769_r06.mp4,13091522,0.109804,1,
write,write,,,video_medium,mongo_gridfs,6,tsinghua_v_0769_r06.mp4,13091522,0.106854,1,
write,write,,,video_medium,mongo_gridfs,6,tsinghua_v_0791_r06.mp4,13091522,0.095519,1,
write,write,,,video_medium,pg_bytea,6,tsinghua_v_0791_r06.mp4,13091522,0.424493,1,
write,write,,,video_medium,polyglot,6,tsinghua_v_0791_r06.mp4,13091522,0.136049,1,
write,write,,,video_medium,polyglot,6,tsinghua_v_0792_r06.mp4,13091522,0.112423,1,
write,write,,,video_medium,pg_bytea,6,tsinghua_v_0792_r06.mp4,13091522,0.410509,1,
write,write,,,video_medium,mongo_gridfs,6,tsinghua_v_0792_r06.mp4,13091522,0.107306,1,
write,write,,,video_medium,pg_bytea,6,tsinghua_v_0857_r06.mp4,13091522,0.539476,1,
write,write,,,video_medium,mongo_gridfs,6,tsinghua_v_0857_r06.mp4,13091522,0.198506,1,
write,write,,,video_medium,polyglot,6,tsinghua_v_0857_r06.mp4,13091522,0.600021,1,
write,write,,,video_medium,polyglot,6,tsinghua_v_0866_r06.mp4,13091522,0.293224,1,
write,write,,,video_medium,mongo_gridfs,6,tsinghua_v_0866_r06.mp4,13091522,0.105772,1,
write,write,,,video_medium,pg_bytea,6,tsinghua_v_0866_r06.mp4,13091522,0.466578,1,
write,write,,,video_medium,mongo_gridfs,6,tsinghua_v_0880_r06.mp4,13091522,0.136711,1,
write,write,,,video_medium,pg_bytea,6,tsinghua_v_0880_r06.mp4,13091522,0.360968,1,
write,write,,,video_medium,polyglot,6,tsinghua_v_0880_r06.mp4,13091522,0.125116,1,
write,write,,,video_medium,polyglot,6,tsinghua_v_0888_r06.mp4,13091522,0.108345,1,
write,write,,,video_medium,pg_bytea,6,tsinghua_v_0888_r06.mp4,13091522,0.392194,1,
write,write,,,video_medium,mongo_gridfs,6,tsinghua_v_0888_r06.mp4,13091522,0.145218,1,
write,write,,,video_medium,polyglot,6,tsinghua_v_0901_r06.mp4,13091522,0.102597,1,
write,write,,,video_medium,pg_bytea,6,tsinghua_v_0901_r06.mp4,13091522,0.414465,1,
write,write,,,video_medium,mongo_gridfs,6,tsinghua_v_0901_r06.mp4,13091522,0.136534,1,
write,write,,,video_medium,mongo_gridfs,6,tsinghua_v_0937_r06.mp4,13091522,0.180241,1,
write,write,,,video_medium,pg_bytea,6,tsinghua_v_0937_r06.mp4,13091522,0.783444,1,
write,write,,,video_medium,polyglot,6,tsinghua_v_0937_r06.mp4,13091522,0.108916,1,
write,write,,,video_medium,pg_bytea,6,tsinghua_v_0939_r06.mp4,13091522,0.418576,1,
write,write,,,video_medium,polyglot,6,tsinghua_v_0939_r06.mp4,13091522,0.105178,1,
write,write,,,video_medium,mongo_gridfs,6,tsinghua_v_0939_r06.mp4,13091522,0.106285,1,
write,write,,,video_medium,mongo_gridfs,6,tsinghua_v_0961_r06.mp4,13091522,0.115187,1,
write,write,,,video_medium,polyglot,6,tsinghua_v_0961_r06.mp4,13091522,0.120095,1,
write,write,,,video_medium,pg_bytea,6,tsinghua_v_0961_r06.mp4,13091522,0.392901,1,
write,write,,,video_medium,polyglot,6,tsinghua_v_0977_r06.mp4,13091522,0.101289,1,
write,write,,,video_medium,mongo_gridfs,6,tsinghua_v_0977_r06.mp4,13091522,0.109272,1,
write,write,,,video_medium,pg_bytea,6,tsinghua_v_0977_r06.mp4,13091522,0.464647,1,
write,write,,,audio_small,polyglot,7,03-01-01-01-01-02-19_r07.wav,375720,0.015187,1,
write,write,,,audio_small,pg_bytea,7,03-01-01-01-01-02-19_r07.wav,375720,0.014412,1,
write,write,,,audio_small,mongo_gridfs,7,03-01-01-01-01-02-19_r07.wav,375720,0.007790,1,
write,write,,,audio_small,pg_bytea,7,03-01-01-01-02-02-05_r07.wav,396294,0.009533,1,
write,write,,,audio_small,polyglot,7,03-01-01-01-02-02-05_r07.wav,396294,0.005285,1,
write,write,,,audio_small,mongo_gridfs,7,03-01-01-01-02-02-05_r07.wav,396294,0.004166,1,
write,write,,,audio_small,polyglot,7,03-01-01-01-02-02-06_r07.wav,363108,0.004020,1,
write,write,,,audio_small,mongo_gridfs,7,03-01-01-01-02-02-06_r07.wav,363108,0.009670,1,
write,write,,,audio_small,pg_bytea,7,03-01-01-01-02-02-06_r07.wav,363108,0.011326,1,
write,write,,,audio_small,mongo_gridfs,7,03-01-01-01-02-02-07_r07.wav,363108,0.014736,1,
write,write,,,audio_small,polyglot,7,03-01-01-01-02-02-07_r07.wav,363108,0.006385,1,
write,write,,,audio_small,pg_bytea,7,03-01-01-01-02-02-07_r07.wav,363108,0.011578,1,
write,write,,,audio_small,polyglot,7,03-01-01-01-02-02-11_r07.wav,375720,0.004910,1,
write,write,,,audio_small,pg_bytea,7,03-01-01-01-02-02-11_r07.wav,375720,0.034345,1,
write,write,,,audio_small,mongo_gridfs,7,03-01-01-01-02-02-11_r07.wav,375720,0.010751,1,
write,write,,,audio_small,pg_bytea,7,03-01-01-01-02-02-12_r07.wav,372698,0.012735,1,
write,write,,,audio_small,mongo_gridfs,7,03-01-01-01-02-02-12_r07.wav,372698,0.027542,1,
write,write,,,audio_small,polyglot,7,03-01-01-01-02-02-12_r07.wav,372698,0.020331,1,
write,write,,,audio_small,mongo_gridfs,7,03-01-01-01-02-02-13_r07.wav,363108,0.021331,1,
write,write,,,audio_small,pg_bytea,7,03-01-01-01-02-02-13_r07.wav,363108,0.013525,1,
write,write,,,audio_small,polyglot,7,03-01-01-01-02-02-13_r07.wav,363108,0.009907,1,
write,write,,,audio_small,mongo_gridfs,7,03-01-01-02-01-02-05_r07.wav,393086,0.024223,1,
write,write,,,audio_small,pg_bytea,7,03-01-01-02-01-02-05_r07.wav,393086,0.010847,1,
write,write,,,audio_small,polyglot,7,03-01-01-02-01-02-05_r07.wav,393086,0.006658,1,
write,write,,,audio_small,mongo_gridfs,7,03-01-01-02-01-02-06_r07.wav,363108,0.006378,1,
write,write,,,audio_small,pg_bytea,7,03-01-01-02-01-02-06_r07.wav,363108,0.011947,1,
write,write,,,audio_small,polyglot,7,03-01-01-02-01-02-06_r07.wav,363108,0.020163,1,
write,write,,,audio_small,polyglot,7,03-01-01-02-01-02-07_r07.wav,372698,0.009719,1,
write,write,,,audio_small,mongo_gridfs,7,03-01-01-02-01-02-07_r07.wav,372698,0.006246,1,
write,write,,,audio_small,pg_bytea,7,03-01-01-02-01-02-07_r07.wav,372698,0.010205,1,
write,write,,,audio_small,mongo_gridfs,7,03-01-01-02-01-02-13_r07.wav,399494,0.008221,1,
write,write,,,audio_small,polyglot,7,03-01-01-02-01-02-13_r07.wav,399494,0.010082,1,
write,write,,,audio_small,pg_bytea,7,03-01-01-02-01-02-13_r07.wav,399494,0.014428,1,
write,write,,,audio_small,mongo_gridfs,7,03-01-01-02-02-02-19_r07.wav,372698,0.004578,1,
write,write,,,audio_small,pg_bytea,7,03-01-01-02-02-02-19_r07.wav,372698,0.009655,1,
write,write,,,audio_small,polyglot,7,03-01-01-02-02-02-19_r07.wav,372698,0.005559,1,
write,write,,,audio_small,mongo_gridfs,7,03-01-02-01-01-01-19_r07.wav,372698,0.007218,1,
write,write,,,audio_small,polyglot,7,03-01-02-01-01-01-19_r07.wav,372698,0.013239,1,
write,write,,,audio_small,pg_bytea,7,03-01-02-01-01-01-19_r07.wav,372698,0.014398,1,
write,write,,,audio_small,mongo_gridfs,7,03-01-02-01-02-01-06_r07.wav,363108,0.009331,1,
write,write,,,audio_small,pg_bytea,7,03-01-02-01-02-01-06_r07.wav,363108,0.018977,1,
write,write,,,audio_small,polyglot,7,03-01-02-01-02-01-06_r07.wav,363108,0.005371,1,
write,write,,,audio_small,pg_bytea,7,03-01-02-01-02-01-07_r07.wav,399494,0.015819,1,
write,write,,,audio_small,mongo_gridfs,7,03-01-02-01-02-01-07_r07.wav,399494,0.006131,1,
write,write,,,audio_small,polyglot,7,03-01-02-01-02-01-07_r07.wav,399494,0.005033,1,
write,write,,,audio_small,polyglot,7,03-01-02-01-02-01-11_r07.wav,375720,0.018869,1,
write,write,,,audio_small,mongo_gridfs,7,03-01-02-01-02-01-11_r07.wav,375720,0.005124,1,
write,write,,,audio_small,pg_bytea,7,03-01-02-01-02-01-11_r07.wav,375720,0.012195,1,
write,write,,,audio_small,mongo_gridfs,7,03-01-02-01-02-01-12_r07.wav,372698,0.017612,1,
write,write,,,audio_small,polyglot,7,03-01-02-01-02-01-12_r07.wav,372698,0.020283,1,
write,write,,,audio_small,pg_bytea,7,03-01-02-01-02-01-12_r07.wav,372698,0.016324,1,
write,write,,,audio_small,mongo_gridfs,7,03-01-02-01-02-01-13_r07.wav,379106,0.017113,1,
write,write,,,audio_small,pg_bytea,7,03-01-02-01-02-01-13_r07.wav,379106,0.014270,1,
write,write,,,audio_small,polyglot,7,03-01-02-01-02-01-13_r07.wav,379106,0.004760,1,
write,write,,,audio_small,mongo_gridfs,7,03-01-02-02-01-01-05_r07.wav,363108,0.003765,1,
write,write,,,audio_small,polyglot,7,03-01-02-02-01-01-05_r07.wav,363108,0.004514,1,
write,write,,,audio_small,pg_bytea,7,03-01-02-02-01-01-05_r07.wav,363108,0.009372,1,
write,write,,,audio_small,polyglot,7,03-01-02-02-01-01-11_r07.wav,363108,0.004459,1,
write,write,,,audio_small,mongo_gridfs,7,03-01-02-02-01-01-11_r07.wav,363108,0.004345,1,
write,write,,,audio_small,pg_bytea,7,03-01-02-02-01-01-11_r07.wav,363108,0.009375,1,
write,write,,,audio_small,polyglot,7,03-01-02-02-01-01-12_r07.wav,399494,0.005149,1,
write,write,,,audio_small,pg_bytea,7,03-01-02-02-01-01-12_r07.wav,399494,0.011320,1,
write,write,,,audio_small,mongo_gridfs,7,03-01-02-02-01-01-12_r07.wav,399494,0.007227,1,
write,write,,,audio_small,pg_bytea,7,03-01-02-02-01-01-13_r07.wav,399494,0.010849,1,
write,write,,,audio_small,polyglot,7,03-01-02-02-01-01-13_r07.wav,399494,0.004726,1,
write,write,,,audio_small,mongo_gridfs,7,03-01-02-02-01-01-13_r07.wav,399494,0.003961,1,
write,write,,,audio_small,mongo_gridfs,7,03-01-02-02-02-01-19_r07.wav,379106,0.004547,1,
write,write,,,audio_small,pg_bytea,7,03-01-02-02-02-01-19_r07.wav,379106,0.008947,1,
write,write,,,audio_small,polyglot,7,03-01-02-02-02-01-19_r07.wav,379106,0.004331,1,
write,write,,,audio_small,polyglot,7,03-01-03-01-01-02-05_r07.wav,396294,0.003781,1,
write,write,,,audio_small,mongo_gridfs,7,03-01-03-01-01-02-05_r07.wav,396294,0.003695,1,
write,write,,,audio_small,pg_bytea,7,03-01-03-01-01-02-05_r07.wav,396294,0.010126,1,
write,write,,,audio_small,pg_bytea,7,03-01-03-01-01-02-07_r07.wav,393086,0.012372,1,
write,write,,,audio_small,mongo_gridfs,7,03-01-03-01-01-02-07_r07.wav,393086,0.006253,1,
write,write,,,audio_small,polyglot,7,03-01-03-01-01-02-07_r07.wav,393086,0.004715,1,
write,write,,,audio_small,polyglot,7,03-01-03-01-01-02-12_r07.wav,399494,0.004621,1,
write,write,,,audio_small,pg_bytea,7,03-01-03-01-01-02-12_r07.wav,399494,0.011439,1,
write,write,,,audio_small,mongo_gridfs,7,03-01-03-01-01-02-12_r07.wav,399494,0.007338,1,
write,write,,,audio_small,pg_bytea,7,03-01-03-01-01-02-13_r07.wav,399494,0.014095,1,
write,write,,,audio_small,mongo_gridfs,7,03-01-03-01-01-02-13_r07.wav,399494,0.004984,1,
write,write,,,audio_small,polyglot,7,03-01-03-01-01-02-13_r07.wav,399494,0.023538,1,
write,write,,,audio_small,pg_bytea,7,03-01-03-01-02-02-18_r07.wav,393086,0.009883,1,
write,write,,,audio_small,polyglot,7,03-01-03-01-02-02-18_r07.wav,393086,0.004847,1,
write,write,,,audio_small,mongo_gridfs,7,03-01-03-01-02-02-18_r07.wav,393086,0.016365,1,
write,write,,,audio_small,pg_bytea,7,03-01-03-01-02-02-19_r07.wav,399494,0.013178,1,
write,write,,,audio_small,polyglot,7,03-01-03-01-02-02-19_r07.wav,399494,0.033342,1,
write,write,,,audio_small,mongo_gridfs,7,03-01-03-01-02-02-19_r07.wav,399494,0.015879,1,
write,write,,,audio_small,polyglot,7,03-01-03-02-01-02-18_r07.wav,396294,0.004676,1,
write,write,,,audio_small,pg_bytea,7,03-01-03-02-01-02-18_r07.wav,396294,0.011212,1,
write,write,,,audio_small,mongo_gridfs,7,03-01-03-02-01-02-18_r07.wav,396294,0.005699,1,
write,write,,,audio_small,pg_bytea,7,03-01-03-02-01-02-19_r07.wav,372698,0.014192,1,
write,write,,,audio_small,polyglot,7,03-01-03-02-01-02-19_r07.wav,372698,0.005813,1,
write,write,,,audio_small,mongo_gridfs,7,03-01-03-02-01-02-19_r07.wav,372698,0.005849,1,
write,write,,,audio_small,polyglot,7,03-01-03-02-02-02-04_r07.wav,379106,0.005604,1,
write,write,,,audio_small,pg_bytea,7,03-01-03-02-02-02-04_r07.wav,379106,0.009676,1,
write,write,,,audio_small,mongo_gridfs,7,03-01-03-02-02-02-04_r07.wav,379106,0.016055,1,
write,write,,,audio_small,pg_bytea,7,03-01-03-02-02-02-06_r07.wav,399494,0.018329,1,
write,write,,,audio_small,mongo_gridfs,7,03-01-03-02-02-02-06_r07.wav,399494,0.005365,1,
write,write,,,audio_small,polyglot,7,03-01-03-02-02-02-06_r07.wav,399494,0.007000,1,
write,write,,,audio_small,pg_bytea,7,03-01-03-02-02-02-07_r07.wav,393086,0.012512,1,
write,write,,,audio_small,mongo_gridfs,7,03-01-03-02-02-02-07_r07.wav,393086,0.005136,1,
write,write,,,audio_small,polyglot,7,03-01-03-02-02-02-07_r07.wav,393086,0.004673,1,
write,write,,,audio_small,polyglot,7,03-01-03-02-02-02-10_r07.wav,375720,0.004951,1,
write,write,,,audio_small,pg_bytea,7,03-01-03-02-02-02-10_r07.wav,375720,0.010255,1,
write,write,,,audio_small,mongo_gridfs,7,03-01-03-02-02-02-10_r07.wav,375720,0.004997,1,
write,write,,,audio_small,mongo_gridfs,7,03-01-03-02-02-02-11_r07.wav,396294,0.003990,1,
write,write,,,audio_small,pg_bytea,7,03-01-03-02-02-02-11_r07.wav,396294,0.010229,1,
write,write,,,audio_small,polyglot,7,03-01-03-02-02-02-11_r07.wav,396294,0.004218,1,
write,write,,,audio_small,pg_bytea,7,03-01-03-02-02-02-13_r07.wav,399494,0.010015,1,
write,write,,,audio_small,polyglot,7,03-01-03-02-02-02-13_r07.wav,399494,0.008542,1,
write,write,,,audio_small,mongo_gridfs,7,03-01-03-02-02-02-13_r07.wav,399494,0.004769,1,
write,write,,,audio_small,polyglot,7,03-01-04-01-01-02-01_r07.wav,396294,0.008230,1,
write,write,,,audio_small,mongo_gridfs,7,03-01-04-01-01-02-01_r07.wav,396294,0.004565,1,
write,write,,,audio_small,pg_bytea,7,03-01-04-01-01-02-01_r07.wav,396294,0.012727,1,
write,write,,,audio_small,mongo_gridfs,7,03-01-04-01-01-02-02_r07.wav,379106,0.004401,1,
write,write,,,audio_small,polyglot,7,03-01-04-01-01-02-02_r07.wav,379106,0.007100,1,
write,write,,,audio_small,pg_bytea,7,03-01-04-01-01-02-02_r07.wav,379106,0.010419,1,
write,write,,,audio_small,mongo_gridfs,7,03-01-04-01-01-02-16_r07.wav,379106,0.005456,1,
write,write,,,audio_small,pg_bytea,7,03-01-04-01-01-02-16_r07.wav,379106,0.017918,1,
write,write,,,audio_small,polyglot,7,03-01-04-01-01-02-16_r07.wav,379106,0.005361,1,
write,write,,,audio_small,mongo_gridfs,7,03-01-04-01-02-02-08_r07.wav,372698,0.004262,1,
write,write,,,audio_small,pg_bytea,7,03-01-04-01-02-02-08_r07.wav,372698,0.009534,1,
write,write,,,audio_small,polyglot,7,03-01-04-01-02-02-08_r07.wav,372698,0.004935,1,
write,write,,,audio_small,pg_bytea,7,03-01-04-01-02-02-09_r07.wav,363108,0.019032,1,
write,write,,,audio_small,polyglot,7,03-01-04-01-02-02-09_r07.wav,363108,0.004483,1,
write,write,,,audio_small,mongo_gridfs,7,03-01-04-01-02-02-09_r07.wav,363108,0.003764,1,
write,write,,,audio_small,mongo_gridfs,7,03-01-04-01-02-02-20_r07.wav,396294,0.004542,1,
write,write,,,audio_small,pg_bytea,7,03-01-04-01-02-02-20_r07.wav,396294,0.010279,1,
write,write,,,audio_small,polyglot,7,03-01-04-01-02-02-20_r07.wav,396294,0.005158,1,
write,write,,,audio_small,polyglot,7,03-01-04-01-02-02-21_r07.wav,363108,0.004385,1,
write,write,,,audio_small,mongo_gridfs,7,03-01-04-01-02-02-21_r07.wav,363108,0.004396,1,
write,write,,,audio_small,pg_bytea,7,03-01-04-01-02-02-21_r07.wav,363108,0.010560,1,
write,write,,,audio_small,polyglot,7,03-01-04-01-02-02-22_r07.wav,372698,0.005520,1,
write,write,,,audio_small,pg_bytea,7,03-01-04-01-02-02-22_r07.wav,372698,0.011581,1,
write,write,,,audio_small,mongo_gridfs,7,03-01-04-01-02-02-22_r07.wav,372698,0.004769,1,
write,write,,,audio_small,polyglot,7,03-01-04-01-02-02-23_r07.wav,363108,0.006188,1,
write,write,,,audio_small,pg_bytea,7,03-01-04-01-02-02-23_r07.wav,363108,0.021137,1,
write,write,,,audio_small,mongo_gridfs,7,03-01-04-01-02-02-23_r07.wav,363108,0.004901,1,
write,write,,,audio_small,polyglot,7,03-01-04-02-01-02-09_r07.wav,379106,0.004730,1,
write,write,,,audio_small,pg_bytea,7,03-01-04-02-01-02-09_r07.wav,379106,0.013324,1,
write,write,,,audio_small,mongo_gridfs,7,03-01-04-02-01-02-09_r07.wav,379106,0.005487,1,
write,write,,,audio_small,pg_bytea,7,03-01-04-02-01-02-20_r07.wav,379106,0.012089,1,
write,write,,,audio_small,polyglot,7,03-01-04-02-01-02-20_r07.wav,379106,0.004847,1,
write,write,,,audio_small,mongo_gridfs,7,03-01-04-02-01-02-20_r07.wav,379106,0.003901,1,
write,write,,,audio_small,pg_bytea,7,03-01-04-02-01-02-21_r07.wav,393086,0.012951,1,
write,write,,,audio_small,mongo_gridfs,7,03-01-04-02-01-02-21_r07.wav,393086,0.007060,1,
write,write,,,audio_small,polyglot,7,03-01-04-02-01-02-21_r07.wav,393086,0.004773,1,
write,write,,,audio_small,polyglot,7,03-01-04-02-01-02-22_r07.wav,379106,0.004545,1,
write,write,,,audio_small,pg_bytea,7,03-01-04-02-01-02-22_r07.wav,379106,0.009711,1,
write,write,,,audio_small,mongo_gridfs,7,03-01-04-02-01-02-22_r07.wav,379106,0.004470,1,
write,write,,,audio_small,pg_bytea,7,03-01-04-02-02-02-14_r07.wav,375720,0.010831,1,
write,write,,,audio_small,polyglot,7,03-01-04-02-02-02-14_r07.wav,375720,0.004894,1,
write,write,,,audio_small,mongo_gridfs,7,03-01-04-02-02-02-14_r07.wav,375720,0.005599,1,
write,write,,,audio_small,polyglot,7,03-01-04-02-02-02-15_r07.wav,379106,0.004371,1,
write,write,,,audio_small,mongo_gridfs,7,03-01-04-02-02-02-15_r07.wav,379106,0.004268,1,
write,write,,,audio_small,pg_bytea,7,03-01-04-02-02-02-15_r07.wav,379106,0.009466,1,
write,write,,,audio_small,pg_bytea,7,03-01-04-02-02-02-16_r07.wav,375720,0.009138,1,
write,write,,,audio_small,polyglot,7,03-01-04-02-02-02-16_r07.wav,375720,0.004432,1,
write,write,,,audio_small,mongo_gridfs,7,03-01-04-02-02-02-16_r07.wav,375720,0.004180,1,
write,write,,,audio_small,mongo_gridfs,7,03-01-04-02-02-02-17_r07.wav,363108,0.003339,1,
write,write,,,audio_small,pg_bytea,7,03-01-04-02-02-02-17_r07.wav,363108,0.009374,1,
write,write,,,audio_small,polyglot,7,03-01-04-02-02-02-17_r07.wav,363108,0.004058,1,
write,write,,,audio_small,pg_bytea,7,03-01-05-01-01-01-09_r07.wav,393086,0.011758,1,
write,write,,,audio_small,mongo_gridfs,7,03-01-05-01-01-01-09_r07.wav,393086,0.005743,1,
write,write,,,audio_small,polyglot,7,03-01-05-01-01-01-09_r07.wav,393086,0.004693,1,
write,write,,,audio_small,mongo_gridfs,7,03-01-05-01-01-01-22_r07.wav,393086,0.004379,1,
write,write,,,audio_small,polyglot,7,03-01-05-01-01-01-22_r07.wav,393086,0.004137,1,
write,write,,,audio_small,pg_bytea,7,03-01-05-01-01-01-22_r07.wav,393086,0.010713,1,
write,write,,,audio_small,mongo_gridfs,7,03-01-05-01-02-01-02_r07.wav,372698,0.003905,1,
write,write,,,audio_small,polyglot,7,03-01-05-01-02-01-02_r07.wav,372698,0.003586,1,
write,write,,,audio_small,pg_bytea,7,03-01-05-01-02-01-02_r07.wav,372698,0.014240,1,
write,write,,,audio_small,pg_bytea,7,03-01-05-01-02-01-03_r07.wav,396294,0.010348,1,
write,write,,,audio_small,mongo_gridfs,7,03-01-05-01-02-01-03_r07.wav,396294,0.005779,1,
write,write,,,audio_small,polyglot,7,03-01-05-01-02-01-03_r07.wav,396294,0.005881,1,
write,write,,,audio_small,mongo_gridfs,7,03-01-05-01-02-01-15_r07.wav,363108,0.003867,1,
write,write,,,audio_small,polyglot,7,03-01-05-01-02-01-15_r07.wav,363108,0.004711,1,
write,write,,,audio_small,pg_bytea,7,03-01-05-01-02-01-15_r07.wav,363108,0.011474,1,
write,write,,,audio_small,mongo_gridfs,7,03-01-05-01-02-01-16_r07.wav,372698,0.010276,1,
write,write,,,audio_small,pg_bytea,7,03-01-05-01-02-01-16_r07.wav,372698,0.015283,1,
write,write,,,audio_small,polyglot,7,03-01-05-01-02-01-16_r07.wav,372698,0.011589,1,
write,write,,,audio_small,mongo_gridfs,7,03-01-05-01-02-01-17_r07.wav,393086,0.014425,1,
write,write,,,audio_small,polyglot,7,03-01-05-01-02-01-17_r07.wav,393086,0.610323,1,
write,write,,,audio_small,pg_bytea,7,03-01-05-01-02-01-17_r07.wav,393086,0.673740,1,
write,write,,,audio_small,pg_bytea,7,03-01-05-02-01-01-01_r07.wav,372698,0.012907,1,
write,write,,,audio_small,mongo_gridfs,7,03-01-05-02-01-01-01_r07.wav,372698,0.006433,1,
write,write,,,audio_small,polyglot,7,03-01-05-02-01-01-01_r07.wav,372698,0.005329,1,
write,write,,,audio_small,polyglot,7,03-01-05-02-01-01-02_r07.wav,375720,0.005506,1,
write,write,,,audio_small,pg_bytea,7,03-01-05-02-01-01-02_r07.wav,375720,0.010042,1,
write,write,,,audio_small,mongo_gridfs,7,03-01-05-02-01-01-02_r07.wav,375720,0.005977,1,
write,write,,,audio_small,polyglot,7,03-01-05-02-01-01-03_r07.wav,372698,0.005530,1,
write,write,,,audio_small,mongo_gridfs,7,03-01-05-02-01-01-03_r07.wav,372698,0.004735,1,
write,write,,,audio_small,pg_bytea,7,03-01-05-02-01-01-03_r07.wav,372698,0.013108,1,
write,write,,,audio_small,pg_bytea,7,03-01-05-02-01-01-15_r07.wav,396294,0.012357,1,
write,write,,,audio_small,mongo_gridfs,7,03-01-05-02-01-01-15_r07.wav,396294,0.006380,1,
write,write,,,audio_small,polyglot,7,03-01-05-02-01-01-15_r07.wav,396294,0.052463,1,
write,write,,,audio_small,polyglot,7,03-01-05-02-01-01-16_r07.wav,399494,0.005937,1,
write,write,,,audio_small,mongo_gridfs,7,03-01-05-02-01-01-16_r07.wav,399494,0.004949,1,
write,write,,,audio_small,pg_bytea,7,03-01-05-02-01-01-16_r07.wav,399494,0.010982,1,
write,write,,,audio_small,mongo_gridfs,7,03-01-05-02-01-01-17_r07.wav,363108,0.006184,1,
write,write,,,audio_small,polyglot,7,03-01-05-02-01-01-17_r07.wav,363108,0.004634,1,
write,write,,,audio_small,pg_bytea,7,03-01-05-02-01-01-17_r07.wav,363108,0.013769,1,
write,write,,,audio_small,mongo_gridfs,7,03-01-05-02-02-01-09_r07.wav,396294,0.005775,1,
write,write,,,audio_small,pg_bytea,7,03-01-05-02-02-01-09_r07.wav,396294,0.011831,1,
write,write,,,audio_small,polyglot,7,03-01-05-02-02-01-09_r07.wav,396294,0.006063,1,
write,write,,,audio_small,mongo_gridfs,7,03-01-05-02-02-01-21_r07.wav,375720,0.005135,1,
write,write,,,audio_small,pg_bytea,7,03-01-05-02-02-01-21_r07.wav,375720,0.020850,1,
write,write,,,audio_small,polyglot,7,03-01-05-02-02-01-21_r07.wav,375720,0.004849,1,
write,write,,,audio_small,mongo_gridfs,7,03-01-05-02-02-01-22_r07.wav,379106,0.004178,1,
write,write,,,audio_small,pg_bytea,7,03-01-05-02-02-01-22_r07.wav,379106,0.015208,1,
write,write,,,audio_small,polyglot,7,03-01-05-02-02-01-22_r07.wav,379106,0.006573,1,
write,write,,,audio_medium,pg_bytea,7,03-02-01-01-01-02-22_r07.wav,526650,0.018579,1,
write,write,,,audio_medium,polyglot,7,03-02-01-01-01-02-22_r07.wav,526650,0.007393,1,
write,write,,,audio_medium,mongo_gridfs,7,03-02-01-01-01-02-22_r07.wav,526650,0.005185,1,
write,write,,,audio_medium,polyglot,7,03-02-01-01-01-02-23_r07.wav,539464,0.005439,1,
write,write,,,audio_medium,mongo_gridfs,7,03-02-01-01-01-02-23_r07.wav,539464,0.005446,1,
write,write,,,audio_medium,pg_bytea,7,03-02-01-01-01-02-23_r07.wav,539464,0.014315,1,
write,write,,,audio_medium,mongo_gridfs,7,03-02-01-01-02-02-02_r07.wav,539464,0.006070,1,
write,write,,,audio_medium,pg_bytea,7,03-02-01-01-02-02-02_r07.wav,539464,0.018731,1,
write,write,,,audio_medium,polyglot,7,03-02-01-01-02-02-02_r07.wav,539464,0.006560,1,
write,write,,,audio_medium,polyglot,7,03-02-01-01-02-02-03_r07.wav,520242,0.005925,1,
write,write,,,audio_medium,mongo_gridfs,7,03-02-01-01-02-02-03_r07.wav,520242,0.005666,1,
write,write,,,audio_medium,pg_bytea,7,03-02-01-01-02-02-03_r07.wav,520242,0.015040,1,
write,write,,,audio_medium,pg_bytea,7,03-02-01-01-02-02-16_r07.wav,539464,0.013428,1,
write,write,,,audio_medium,polyglot,7,03-02-01-01-02-02-16_r07.wav,539464,0.005851,1,
write,write,,,audio_medium,mongo_gridfs,7,03-02-01-01-02-02-16_r07.wav,539464,0.005499,1,
write,write,,,audio_medium,mongo_gridfs,7,03-02-01-01-02-02-17_r07.wav,561888,0.006270,1,
write,write,,,audio_medium,pg_bytea,7,03-02-01-01-02-02-17_r07.wav,561888,0.015119,1,
write,write,,,audio_medium,polyglot,7,03-02-01-01-02-02-17_r07.wav,561888,0.006968,1,
write,write,,,audio_medium,pg_bytea,7,03-02-01-02-01-02-01_r07.wav,533056,0.017684,1,
write,write,,,audio_medium,polyglot,7,03-02-01-02-01-02-01_r07.wav,533056,0.005729,1,
write,write,,,audio_medium,mongo_gridfs,7,03-02-01-02-01-02-01_r07.wav,533056,0.005964,1,
write,write,,,audio_medium,mongo_gridfs,7,03-02-01-02-01-02-02_r07.wav,523448,0.005512,1,
write,write,,,audio_medium,pg_bytea,7,03-02-01-02-01-02-02_r07.wav,523448,0.015779,1,
write,write,,,audio_medium,polyglot,7,03-02-01-02-01-02-02_r07.wav,523448,0.005786,1,
write,write,,,audio_medium,mongo_gridfs,7,03-02-01-02-01-02-03_r07.wav,533056,0.006318,1,
write,write,,,audio_medium,polyglot,7,03-02-01-02-01-02-03_r07.wav,533056,0.005676,1,
write,write,,,audio_medium,pg_bytea,7,03-02-01-02-01-02-03_r07.wav,533056,0.012548,1,
write,write,,,audio_medium,pg_bytea,7,03-02-01-02-01-02-15_r07.wav,561882,0.041996,1,
write,write,,,audio_medium,polyglot,7,03-02-01-02-01-02-15_r07.wav,561882,0.006550,1,
write,write,,,audio_medium,mongo_gridfs,7,03-02-01-02-01-02-15_r07.wav,561882,0.006251,1,
write,write,,,audio_medium,pg_bytea,7,03-02-01-02-01-02-16_r07.wav,526650,0.030063,1,
write,write,,,audio_medium,mongo_gridfs,7,03-02-01-02-01-02-16_r07.wav,526650,0.007514,1,
write,write,,,audio_medium,polyglot,7,03-02-01-02-01-02-16_r07.wav,526650,0.005467,1,
write,write,,,audio_medium,mongo_gridfs,7,03-02-01-02-01-02-17_r07.wav,533056,0.007055,1,
write,write,,,audio_medium,pg_bytea,7,03-02-01-02-01-02-17_r07.wav,533056,0.012860,1,
write,write,,,audio_medium,polyglot,7,03-02-01-02-01-02-17_r07.wav,533056,0.011494,1,
write,write,,,audio_medium,mongo_gridfs,7,03-02-01-02-02-02-22_r07.wav,520242,0.007292,1,
write,write,,,audio_medium,polyglot,7,03-02-01-02-02-02-22_r07.wav,520242,0.011005,1,
write,write,,,audio_medium,pg_bytea,7,03-02-01-02-02-02-22_r07.wav,520242,0.014785,1,
write,write,,,audio_medium,polyglot,7,03-02-01-02-02-02-23_r07.wav,520242,0.006819,1,
write,write,,,audio_medium,mongo_gridfs,7,03-02-01-02-02-02-23_r07.wav,520242,0.005893,1,
write,write,,,audio_medium,pg_bytea,7,03-02-01-02-02-02-23_r07.wav,520242,0.021564,1,
write,write,,,audio_medium,polyglot,7,03-02-02-01-01-01-22_r07.wav,523448,0.005782,1,
write,write,,,audio_medium,mongo_gridfs,7,03-02-02-01-01-01-22_r07.wav,523448,0.005175,1,
write,write,,,audio_medium,pg_bytea,7,03-02-02-01-01-01-22_r07.wav,523448,0.012870,1,
write,write,,,audio_medium,mongo_gridfs,7,03-02-02-01-01-01-23_r07.wav,561888,0.007031,1,
write,write,,,audio_medium,pg_bytea,7,03-02-02-01-01-01-23_r07.wav,561888,0.020913,1,
write,write,,,audio_medium,polyglot,7,03-02-02-01-01-01-23_r07.wav,561888,0.007199,1,
write,write,,,audio_medium,mongo_gridfs,7,03-02-02-01-02-01-01_r07.wav,520242,0.005307,1,
write,write,,,audio_medium,pg_bytea,7,03-02-02-01-02-01-01_r07.wav,520242,0.104643,1,
write,write,,,audio_medium,polyglot,7,03-02-02-01-02-01-01_r07.wav,520242,0.028583,1,
write,write,,,audio_medium,polyglot,7,03-02-02-01-02-01-02_r07.wav,539464,0.006696,1,
write,write,,,audio_medium,pg_bytea,7,03-02-02-01-02-01-02_r07.wav,539464,0.014716,1,
write,write,,,audio_medium,mongo_gridfs,7,03-02-02-01-02-01-02_r07.wav,539464,0.005945,1,
write,write,,,audio_medium,pg_bytea,7,03-02-02-01-02-01-03_r07.wav,533056,0.014451,1,
write,write,,,audio_medium,mongo_gridfs,7,03-02-02-01-02-01-03_r07.wav,533056,0.006778,1,
write,write,,,audio_medium,polyglot,7,03-02-02-01-02-01-03_r07.wav,533056,0.005662,1,
write,write,,,audio_medium,mongo_gridfs,7,03-02-02-01-02-01-16_r07.wav,561882,0.005630,1,
write,write,,,audio_medium,pg_bytea,7,03-02-02-01-02-01-16_r07.wav,561882,0.044920,1,
write,write,,,audio_medium,polyglot,7,03-02-02-01-02-01-16_r07.wav,561882,0.008004,1,
write,write,,,audio_medium,mongo_gridfs,7,03-02-02-02-01-01-01_r07.wav,539464,0.006503,1,
write,write,,,audio_medium,pg_bytea,7,03-02-02-02-01-01-01_r07.wav,539464,0.013973,1,
write,write,,,audio_medium,polyglot,7,03-02-02-02-01-01-01_r07.wav,539464,0.005852,1,
write,write,,,audio_medium,pg_bytea,7,03-02-02-02-01-01-02_r07.wav,526650,0.024031,1,
write,write,,,audio_medium,polyglot,7,03-02-02-02-01-01-02_r07.wav,526650,0.006843,1,
write,write,,,audio_medium,mongo_gridfs,7,03-02-02-02-01-01-02_r07.wav,526650,0.005718,1,
write,write,,,audio_medium,pg_bytea,7,03-02-02-02-01-01-15_r07.wav,539464,0.060116,1,
write,write,,,audio_medium,polyglot,7,03-02-02-02-01-01-15_r07.wav,539464,0.006605,1,
write,write,,,audio_medium,mongo_gridfs,7,03-02-02-02-01-01-15_r07.wav,539464,0.005479,1,
write,write,,,audio_medium,mongo_gridfs,7,03-02-02-02-01-01-16_r07.wav,520242,0.005747,1,
write,write,,,audio_medium,pg_bytea,7,03-02-02-02-01-01-16_r07.wav,520242,0.012955,1,
write,write,,,audio_medium,polyglot,7,03-02-02-02-01-01-16_r07.wav,520242,0.008345,1,
write,write,,,audio_medium,polyglot,7,03-02-02-02-01-01-17_r07.wav,539464,0.008557,1,
write,write,,,audio_medium,pg_bytea,7,03-02-02-02-01-01-17_r07.wav,539464,0.013099,1,
write,write,,,audio_medium,mongo_gridfs,7,03-02-02-02-01-01-17_r07.wav,539464,0.005451,1,
write,write,,,audio_medium,polyglot,7,03-02-02-02-02-01-22_r07.wav,539464,0.005843,1,
write,write,,,audio_medium,mongo_gridfs,7,03-02-02-02-02-01-22_r07.wav,539464,0.006069,1,
write,write,,,audio_medium,pg_bytea,7,03-02-02-02-02-01-22_r07.wav,539464,0.013198,1,
write,write,,,audio_medium,pg_bytea,7,03-02-02-02-02-01-23_r07.wav,520242,0.018183,1,
write,write,,,audio_medium,polyglot,7,03-02-02-02-02-01-23_r07.wav,520242,0.006934,1,
write,write,,,audio_medium,mongo_gridfs,7,03-02-02-02-02-01-23_r07.wav,520242,0.006724,1,
write,write,,,audio_medium,mongo_gridfs,7,03-02-03-01-01-02-01_r07.wav,561882,0.007440,1,
write,write,,,audio_medium,polyglot,7,03-02-03-01-01-02-01_r07.wav,561882,0.006960,1,
write,write,,,audio_medium,pg_bytea,7,03-02-03-01-01-02-01_r07.wav,561882,0.015298,1,
write,write,,,audio_medium,pg_bytea,7,03-02-03-01-01-02-02_r07.wav,561882,0.013183,1,
write,write,,,audio_medium,polyglot,7,03-02-03-01-01-02-02_r07.wav,561882,0.007242,1,
write,write,,,audio_medium,mongo_gridfs,7,03-02-03-01-01-02-02_r07.wav,561882,0.005898,1,
write,write,,,audio_medium,polyglot,7,03-02-03-01-01-02-03_r07.wav,539464,0.005640,1,
write,write,,,audio_medium,mongo_gridfs,7,03-02-03-01-01-02-03_r07.wav,539464,0.007459,1,
write,write,,,audio_medium,pg_bytea,7,03-02-03-01-01-02-03_r07.wav,539464,0.062549,1,
write,write,,,audio_medium,mongo_gridfs,7,03-02-03-01-01-02-15_r07.wav,526650,0.006072,1,
write,write,,,audio_medium,polyglot,7,03-02-03-01-01-02-15_r07.wav,526650,0.005566,1,
write,write,,,audio_medium,pg_bytea,7,03-02-03-01-01-02-15_r07.wav,526650,0.016020,1,
write,write,,,audio_medium,pg_bytea,7,03-02-03-01-01-02-16_r07.wav,520242,0.015187,1,
write,write,,,audio_medium,mongo_gridfs,7,03-02-03-01-01-02-16_r07.wav,520242,0.006263,1,
write,write,,,audio_medium,polyglot,7,03-02-03-01-01-02-16_r07.wav,520242,0.010026,1,
write,write,,,audio_medium,polyglot,7,03-02-03-01-01-02-17_r07.wav,526650,0.013156,1,
write,write,,,audio_medium,mongo_gridfs,7,03-02-03-01-01-02-17_r07.wav,526650,0.008507,1,
write,write,,,audio_medium,pg_bytea,7,03-02-03-01-01-02-17_r07.wav,526650,0.039124,1,
write,write,,,audio_medium,pg_bytea,7,03-02-03-01-02-02-09_r07.wav,539464,0.014637,1,
write,write,,,audio_medium,mongo_gridfs,7,03-02-03-01-02-02-09_r07.wav,539464,0.006529,1,
write,write,,,audio_medium,polyglot,7,03-02-03-01-02-02-09_r07.wav,539464,0.005960,1,
write,write,,,audio_medium,pg_bytea,7,03-02-03-01-02-02-21_r07.wav,533056,0.018340,1,
write,write,,,audio_medium,mongo_gridfs,7,03-02-03-01-02-02-21_r07.wav,533056,0.006439,1,
write,write,,,audio_medium,polyglot,7,03-02-03-01-02-02-21_r07.wav,533056,0.006626,1,
write,write,,,audio_medium,polyglot,7,03-02-03-01-02-02-22_r07.wav,561888,0.007548,1,
write,write,,,audio_medium,pg_bytea,7,03-02-03-01-02-02-22_r07.wav,561888,0.014969,1,
write,write,,,audio_medium,mongo_gridfs,7,03-02-03-01-02-02-22_r07.wav,561888,0.007563,1,
write,write,,,audio_medium,polyglot,7,03-02-03-01-02-02-23_r07.wav,539464,0.037762,1,
write,write,,,audio_medium,mongo_gridfs,7,03-02-03-01-02-02-23_r07.wav,539464,0.009202,1,
write,write,,,audio_medium,pg_bytea,7,03-02-03-01-02-02-23_r07.wav,539464,0.018629,1,
write,write,,,audio_medium,mongo_gridfs,7,03-02-03-02-01-02-09_r07.wav,561882,0.008569,1,
write,write,,,audio_medium,pg_bytea,7,03-02-03-02-01-02-09_r07.wav,561882,0.019256,1,
write,write,,,audio_medium,polyglot,7,03-02-03-02-01-02-09_r07.wav,561882,0.010449,1,
write,write,,,audio_medium,pg_bytea,7,03-02-03-02-01-02-21_r07.wav,539464,0.026759,1,
write,write,,,audio_medium,polyglot,7,03-02-03-02-01-02-21_r07.wav,539464,0.024454,1,
write,write,,,audio_medium,mongo_gridfs,7,03-02-03-02-01-02-21_r07.wav,539464,0.007563,1,
write,write,,,audio_medium,mongo_gridfs,7,03-02-03-02-01-02-22_r07.wav,526650,0.005657,1,
write,write,,,audio_medium,polyglot,7,03-02-03-02-01-02-22_r07.wav,526650,0.006040,1,
write,write,,,audio_medium,pg_bytea,7,03-02-03-02-01-02-22_r07.wav,526650,0.014698,1,
write,write,,,audio_medium,mongo_gridfs,7,03-02-03-02-01-02-23_r07.wav,561888,0.005827,1,
write,write,,,audio_medium,polyglot,7,03-02-03-02-01-02-23_r07.wav,561888,0.006349,1,
write,write,,,audio_medium,pg_bytea,7,03-02-03-02-01-02-23_r07.wav,561888,0.015527,1,
write,write,,,audio_medium,mongo_gridfs,7,03-02-03-02-02-02-01_r07.wav,561882,0.008906,1,
write,write,,,audio_medium,pg_bytea,7,03-02-03-02-02-02-01_r07.wav,561882,0.018890,1,
write,write,,,audio_medium,polyglot,7,03-02-03-02-02-02-01_r07.wav,561882,0.037824,1,
write,write,,,audio_medium,polyglot,7,03-02-03-02-02-02-02_r07.wav,523448,0.008498,1,
write,write,,,audio_medium,pg_bytea,7,03-02-03-02-02-02-02_r07.wav,523448,0.015502,1,
write,write,,,audio_medium,mongo_gridfs,7,03-02-03-02-02-02-02_r07.wav,523448,0.005566,1,
write,write,,,audio_medium,mongo_gridfs,7,03-02-03-02-02-02-03_r07.wav,561888,0.005512,1,
write,write,,,audio_medium,polyglot,7,03-02-03-02-02-02-03_r07.wav,561888,0.005559,1,
write,write,,,audio_medium,pg_bytea,7,03-02-03-02-02-02-03_r07.wav,561888,0.018896,1,
write,write,,,audio_medium,mongo_gridfs,7,03-02-03-02-02-02-15_r07.wav,523448,0.006096,1,
write,write,,,audio_medium,polyglot,7,03-02-03-02-02-02-15_r07.wav,523448,0.005499,1,
write,write,,,audio_medium,pg_bytea,7,03-02-03-02-02-02-15_r07.wav,523448,0.012133,1,
write,write,,,audio_medium,polyglot,7,03-02-03-02-02-02-16_r07.wav,561882,0.005575,1,
write,write,,,audio_medium,mongo_gridfs,7,03-02-03-02-02-02-16_r07.wav,561882,0.005547,1,
write,write,,,audio_medium,pg_bytea,7,03-02-03-02-02-02-16_r07.wav,561882,0.022596,1,
write,write,,,audio_medium,mongo_gridfs,7,03-02-03-02-02-02-17_r07.wav,523448,0.007087,1,
write,write,,,audio_medium,pg_bytea,7,03-02-03-02-02-02-17_r07.wav,523448,0.013493,1,
write,write,,,audio_medium,polyglot,7,03-02-03-02-02-02-17_r07.wav,523448,0.010477,1,
write,write,,,audio_medium,mongo_gridfs,7,03-02-04-01-01-02-05_r07.wav,561882,0.007104,1,
write,write,,,audio_medium,polyglot,7,03-02-04-01-01-02-05_r07.wav,561882,0.007907,1,
write,write,,,audio_medium,pg_bytea,7,03-02-04-01-01-02-05_r07.wav,561882,0.014388,1,
write,write,,,audio_medium,pg_bytea,7,03-02-04-01-01-02-06_r07.wav,526650,0.014159,1,
write,write,,,audio_medium,mongo_gridfs,7,03-02-04-01-01-02-06_r07.wav,526650,0.007547,1,
write,write,,,audio_medium,polyglot,7,03-02-04-01-01-02-06_r07.wav,526650,0.011739,1,
write,write,,,audio_medium,pg_bytea,7,03-02-04-01-01-02-07_r07.wav,523448,0.012358,1,
write,write,,,audio_medium,mongo_gridfs,7,03-02-04-01-01-02-07_r07.wav,523448,0.005682,1,
write,write,,,audio_medium,polyglot,7,03-02-04-01-01-02-07_r07.wav,523448,0.006011,1,
write,write,,,audio_medium,pg_bytea,7,03-02-04-01-01-02-11_r07.wav,539464,0.014525,1,
write,write,,,audio_medium,polyglot,7,03-02-04-01-01-02-11_r07.wav,539464,0.007518,1,
write,write,,,audio_medium,mongo_gridfs,7,03-02-04-01-01-02-11_r07.wav,539464,0.008095,1,
write,write,,,audio_medium,mongo_gridfs,7,03-02-04-01-01-02-12_r07.wav,523448,0.007494,1,
write,write,,,audio_medium,pg_bytea,7,03-02-04-01-01-02-12_r07.wav,523448,0.013859,1,
write,write,,,audio_medium,polyglot,7,03-02-04-01-01-02-12_r07.wav,523448,0.007387,1,
write,write,,,audio_medium,pg_bytea,7,03-02-04-01-01-02-13_r07.wav,539464,0.013393,1,
write,write,,,audio_medium,mongo_gridfs,7,03-02-04-01-01-02-13_r07.wav,539464,0.010896,1,
write,write,,,audio_medium,polyglot,7,03-02-04-01-01-02-13_r07.wav,539464,0.011177,1,
write,write,,,audio_medium,pg_bytea,7,03-02-04-01-02-02-19_r07.wav,561888,0.017506,1,
write,write,,,audio_medium,mongo_gridfs,7,03-02-04-01-02-02-19_r07.wav,561888,0.007646,1,
write,write,,,audio_medium,polyglot,7,03-02-04-01-02-02-19_r07.wav,561888,0.006613,1,
write,write,,,audio_medium,mongo_gridfs,7,03-02-04-02-02-02-05_r07.wav,526650,0.005611,1,
write,write,,,audio_medium,polyglot,7,03-02-04-02-02-02-05_r07.wav,526650,0.006269,1,
write,write,,,audio_medium,pg_bytea,7,03-02-04-02-02-02-05_r07.wav,526650,0.015186,1,
write,write,,,audio_medium,pg_bytea,7,03-02-04-02-02-02-06_r07.wav,526650,0.015223,1,
write,write,,,audio_medium,polyglot,7,03-02-04-02-02-02-06_r07.wav,526650,0.006805,1,
write,write,,,audio_medium,mongo_gridfs,7,03-02-04-02-02-02-06_r07.wav,526650,0.011227,1,
write,write,,,audio_medium,pg_bytea,7,03-02-04-02-02-02-07_r07.wav,561888,0.015037,1,
write,write,,,audio_medium,mongo_gridfs,7,03-02-04-02-02-02-07_r07.wav,561888,0.007547,1,
write,write,,,audio_medium,polyglot,7,03-02-04-02-02-02-07_r07.wav,561888,0.011511,1,
write,write,,,audio_medium,pg_bytea,7,03-02-04-02-02-02-11_r07.wav,561888,0.017318,1,
write,write,,,audio_medium,mongo_gridfs,7,03-02-04-02-02-02-11_r07.wav,561888,0.008473,1,
write,write,,,audio_medium,polyglot,7,03-02-04-02-02-02-11_r07.wav,561888,0.007846,1,
write,write,,,audio_medium,pg_bytea,7,03-02-04-02-02-02-12_r07.wav,523448,0.013637,1,
write,write,,,audio_medium,polyglot,7,03-02-04-02-02-02-12_r07.wav,523448,0.007380,1,
write,write,,,audio_medium,mongo_gridfs,7,03-02-04-02-02-02-12_r07.wav,523448,0.007471,1,
write,write,,,audio_medium,pg_bytea,7,03-02-04-02-02-02-13_r07.wav,533056,0.031255,1,
write,write,,,audio_medium,polyglot,7,03-02-04-02-02-02-13_r07.wav,533056,0.015602,1,
write,write,,,audio_medium,mongo_gridfs,7,03-02-04-02-02-02-13_r07.wav,533056,0.009703,1,
write,write,,,audio_medium,pg_bytea,7,03-02-05-01-02-01-06_r07.wav,561882,0.420015,1,
write,write,,,audio_medium,polyglot,7,03-02-05-01-02-01-06_r07.wav,561882,0.335537,1,
write,write,,,audio_medium,mongo_gridfs,7,03-02-05-01-02-01-06_r07.wav,561882,0.010578,1,
write,write,,,audio_medium,pg_bytea,7,03-02-05-01-02-01-07_r07.wav,520242,0.028779,1,
write,write,,,audio_medium,polyglot,7,03-02-05-01-02-01-07_r07.wav,520242,0.008227,1,
write,write,,,audio_medium,mongo_gridfs,7,03-02-05-01-02-01-07_r07.wav,520242,0.006961,1,
write,write,,,audio_medium,mongo_gridfs,7,03-02-05-01-02-01-12_r07.wav,520242,0.006299,1,
write,write,,,audio_medium,polyglot,7,03-02-05-01-02-01-12_r07.wav,520242,0.006268,1,
write,write,,,audio_medium,pg_bytea,7,03-02-05-01-02-01-12_r07.wav,520242,0.015873,1,
write,write,,,audio_medium,mongo_gridfs,7,03-02-05-01-02-01-13_r07.wav,561888,0.006050,1,
write,write,,,audio_medium,polyglot,7,03-02-05-01-02-01-13_r07.wav,561888,0.017391,1,
write,write,,,audio_medium,pg_bytea,7,03-02-05-01-02-01-13_r07.wav,561888,0.019409,1,
write,write,,,audio_medium,mongo_gridfs,7,03-02-05-02-01-01-05_r07.wav,539464,0.006194,1,
write,write,,,audio_medium,pg_bytea,7,03-02-05-02-01-01-05_r07.wav,539464,0.028142,1,
write,write,,,audio_medium,polyglot,7,03-02-05-02-01-01-05_r07.wav,539464,0.006105,1,
write,write,,,audio_medium,pg_bytea,7,03-02-05-02-01-01-06_r07.wav,561888,0.013206,1,
write,write,,,audio_medium,polyglot,7,03-02-05-02-01-01-06_r07.wav,561888,0.005447,1,
write,write,,,audio_medium,mongo_gridfs,7,03-02-05-02-01-01-06_r07.wav,561888,0.005271,1,
write,write,,,audio_medium,mongo_gridfs,7,03-02-05-02-01-01-07_r07.wav,533056,0.005365,1,
write,write,,,audio_medium,polyglot,7,03-02-05-02-01-01-07_r07.wav,533056,0.005555,1,
write,write,,,audio_medium,pg_bytea,7,03-02-05-02-01-01-07_r07.wav,533056,0.037397,1,
write,write,,,audio_medium,pg_bytea,7,03-02-05-02-01-01-11_r07.wav,561888,0.019131,1,
write,write,,,audio_medium,mongo_gridfs,7,03-02-05-02-01-01-11_r07.wav,561888,0.006228,1,
write,write,,,audio_medium,polyglot,7,03-02-05-02-01-01-11_r07.wav,561888,0.006212,1,
write,write,,,audio_medium,pg_bytea,7,03-02-05-02-01-01-12_r07.wav,533056,0.015687,1,
write,write,,,audio_medium,polyglot,7,03-02-05-02-01-01-12_r07.wav,533056,0.005989,1,
write,write,,,audio_medium,mongo_gridfs,7,03-02-05-02-01-01-12_r07.wav,533056,0.005399,1,
write,write,,,audio_medium,polyglot,7,03-02-05-02-01-01-13_r07.wav,526650,0.005786,1,
write,write,,,audio_medium,pg_bytea,7,03-02-05-02-01-01-13_r07.wav,526650,0.025434,1,
write,write,,,audio_medium,mongo_gridfs,7,03-02-05-02-01-01-13_r07.wav,526650,0.007140,1,
write,write,,,video_small,mongo_gridfs,7,01-01-01-01-01-01-22_r07.mp4,5457041,0.043456,1,
write,write,,,video_small,pg_bytea,7,01-01-01-01-01-01-22_r07.mp4,5457041,0.215486,1,
write,write,,,video_small,polyglot,7,01-01-01-01-01-01-22_r07.mp4,5457041,0.039775,1,
write,write,,,video_small,pg_bytea,7,01-01-01-01-01-02-01_r07.mp4,5457041,0.193812,1,
write,write,,,video_small,polyglot,7,01-01-01-01-01-02-01_r07.mp4,5457041,0.040127,1,
write,write,,,video_small,mongo_gridfs,7,01-01-01-01-01-02-01_r07.mp4,5457041,0.040819,1,
write,write,,,video_small,pg_bytea,7,01-01-01-01-01-02-15_r07.mp4,5457041,0.169888,1,
write,write,,,video_small,mongo_gridfs,7,01-01-01-01-01-02-15_r07.mp4,5457041,0.054642,1,
write,write,,,video_small,polyglot,7,01-01-01-01-01-02-15_r07.mp4,5457041,0.070679,1,
write,write,,,video_small,pg_bytea,7,01-01-01-01-02-01-06_r07.mp4,5457041,0.165178,1,
write,write,,,video_small,mongo_gridfs,7,01-01-01-01-02-01-06_r07.mp4,5457041,0.068027,1,
write,write,,,video_small,polyglot,7,01-01-01-01-02-01-06_r07.mp4,5457041,0.043269,1,
write,write,,,video_small,mongo_gridfs,7,01-01-01-01-02-01-13_r07.mp4,5457041,0.039508,1,
write,write,,,video_small,pg_bytea,7,01-01-01-01-02-01-13_r07.mp4,5457041,0.148406,1,
write,write,,,video_small,polyglot,7,01-01-01-01-02-01-13_r07.mp4,5457041,0.048524,1,
write,write,,,video_small,pg_bytea,7,01-01-01-01-02-01-14_r07.mp4,5457041,0.144807,1,
write,write,,,video_small,polyglot,7,01-01-01-01-02-01-14_r07.mp4,5457041,0.074263,1,
write,write,,,video_small,mongo_gridfs,7,01-01-01-01-02-01-14_r07.mp4,5457041,0.073254,1,
write,write,,,video_small,polyglot,7,01-01-01-01-02-02-09_r07.mp4,5498397,0.046629,1,
write,write,,,video_small,mongo_gridfs,7,01-01-01-01-02-02-09_r07.mp4,5498397,0.041584,1,
write,write,,,video_small,pg_bytea,7,01-01-01-01-02-02-09_r07.mp4,5498397,0.171787,1,
write,write,,,video_small,pg_bytea,7,01-01-01-02-01-01-01_r07.mp4,5498397,0.174634,1,
write,write,,,video_small,polyglot,7,01-01-01-02-01-01-01_r07.mp4,5498397,0.049419,1,
write,write,,,video_small,mongo_gridfs,7,01-01-01-02-01-01-01_r07.mp4,5498397,0.042599,1,
write,write,,,video_small,polyglot,7,01-01-01-02-01-01-05_r07.mp4,5457041,0.041934,1,
write,write,,,video_small,pg_bytea,7,01-01-01-02-01-01-05_r07.mp4,5457041,0.144802,1,
write,write,,,video_small,mongo_gridfs,7,01-01-01-02-01-01-05_r07.mp4,5457041,0.038265,1,
write,write,,,video_small,polyglot,7,01-01-01-02-01-01-15_r07.mp4,5457041,0.041704,1,
write,write,,,video_small,pg_bytea,7,01-01-01-02-01-01-15_r07.mp4,5457041,0.161397,1,
write,write,,,video_small,mongo_gridfs,7,01-01-01-02-01-01-15_r07.mp4,5457041,0.046142,1,
write,write,,,video_small,mongo_gridfs,7,01-01-01-02-02-01-18_r07.mp4,5457041,0.065708,1,
write,write,,,video_small,pg_bytea,7,01-01-01-02-02-01-18_r07.mp4,5457041,0.141818,1,
write,write,,,video_small,polyglot,7,01-01-01-02-02-01-18_r07.mp4,5457041,0.054473,1,
write,write,,,video_small,pg_bytea,7,01-01-01-02-02-01-19_r07.mp4,5457041,0.158751,1,
write,write,,,video_small,polyglot,7,01-01-01-02-02-01-19_r07.mp4,5457041,0.068722,1,
write,write,,,video_small,mongo_gridfs,7,01-01-01-02-02-01-19_r07.mp4,5457041,0.064585,1,
write,write,,,video_small,polyglot,7,01-01-02-01-01-02-09_r07.mp4,5498397,0.078133,1,
write,write,,,video_small,mongo_gridfs,7,01-01-02-01-01-02-09_r07.mp4,5498397,0.039307,1,
write,write,,,video_small,pg_bytea,7,01-01-02-01-01-02-09_r07.mp4,5498397,0.185741,1,
write,write,,,video_small,polyglot,7,01-01-02-01-01-02-18_r07.mp4,5498397,0.040787,1,
write,write,,,video_small,mongo_gridfs,7,01-01-02-01-01-02-18_r07.mp4,5498397,0.058007,1,
write,write,,,video_small,pg_bytea,7,01-01-02-01-01-02-18_r07.mp4,5498397,0.150963,1,
write,write,,,video_small,polyglot,7,01-01-02-01-01-02-23_r07.mp4,5498397,0.062914,1,
write,write,,,video_small,mongo_gridfs,7,01-01-02-01-01-02-23_r07.mp4,5498397,0.071793,1,
write,write,,,video_small,pg_bytea,7,01-01-02-01-01-02-23_r07.mp4,5498397,1.023842,1,
write,write,,,video_small,pg_bytea,7,01-01-02-01-02-01-09_r07.mp4,5498397,0.168721,1,
write,write,,,video_small,mongo_gridfs,7,01-01-02-01-02-01-09_r07.mp4,5498397,0.077536,1,
write,write,,,video_small,polyglot,7,01-01-02-01-02-01-09_r07.mp4,5498397,0.041237,1,
write,write,,,video_small,pg_bytea,7,01-01-02-01-02-02-01_r07.mp4,5498397,0.175423,1,
write,write,,,video_small,polyglot,7,01-01-02-01-02-02-01_r07.mp4,5498397,0.048425,1,
write,write,,,video_small,mongo_gridfs,7,01-01-02-01-02-02-01_r07.mp4,5498397,0.043422,1,
write,write,,,video_small,pg_bytea,7,01-01-02-01-02-02-03_r07.mp4,5498397,0.167218,1,
write,write,,,video_small,polyglot,7,01-01-02-01-02-02-03_r07.mp4,5498397,0.046171,1,
write,write,,,video_small,mongo_gridfs,7,01-01-02-01-02-02-03_r07.mp4,5498397,0.046661,1,
write,write,,,video_small,pg_bytea,7,01-01-02-02-01-02-02_r07.mp4,5498397,0.147591,1,
write,write,,,video_small,polyglot,7,01-01-02-02-01-02-02_r07.mp4,5498397,0.042357,1,
write,write,,,video_small,mongo_gridfs,7,01-01-02-02-01-02-02_r07.mp4,5498397,0.047369,1,
write,write,,,video_small,pg_bytea,7,01-01-02-02-01-02-03_r07.mp4,5498397,0.159481,1,
write,write,,,video_small,polyglot,7,01-01-02-02-01-02-03_r07.mp4,5498397,0.055255,1,
write,write,,,video_small,mongo_gridfs,7,01-01-02-02-01-02-03_r07.mp4,5498397,0.053908,1,
write,write,,,video_small,polyglot,7,01-01-02-02-01-02-05_r07.mp4,5498397,0.058891,1,
write,write,,,video_small,mongo_gridfs,7,01-01-02-02-01-02-05_r07.mp4,5498397,0.042850,1,
write,write,,,video_small,pg_bytea,7,01-01-02-02-01-02-05_r07.mp4,5498397,0.152504,1,
write,write,,,video_small,mongo_gridfs,7,01-01-02-02-01-02-10_r07.mp4,5457041,0.048559,1,
write,write,,,video_small,polyglot,7,01-01-02-02-01-02-10_r07.mp4,5457041,0.049675,1,
write,write,,,video_small,pg_bytea,7,01-01-02-02-01-02-10_r07.mp4,5457041,0.145297,1,
write,write,,,video_small,mongo_gridfs,7,01-01-02-02-01-02-13_r07.mp4,5457041,0.062326,1,
write,write,,,video_small,polyglot,7,01-01-02-02-01-02-13_r07.mp4,5457041,0.039828,1,
write,write,,,video_small,pg_bytea,7,01-01-02-02-01-02-13_r07.mp4,5457041,0.161051,1,
write,write,,,video_small,polyglot,7,01-01-02-02-01-02-17_r07.mp4,5457041,0.043726,1,
write,write,,,video_small,pg_bytea,7,01-01-02-02-01-02-17_r07.mp4,5457041,0.139313,1,
write,write,,,video_small,mongo_gridfs,7,01-01-02-02-01-02-17_r07.mp4,5457041,0.046669,1,
write,write,,,video_small,mongo_gridfs,7,01-01-02-02-02-02-18_r07.mp4,5457041,0.040424,1,
write,write,,,video_small,pg_bytea,7,01-01-02-02-02-02-18_r07.mp4,5457041,0.158232,1,
write,write,,,video_small,polyglot,7,01-01-02-02-02-02-18_r07.mp4,5457041,0.045919,1,
write,write,,,video_small,polyglot,7,01-01-02-02-02-02-19_r07.mp4,5457041,0.041971,1,
write,write,,,video_small,pg_bytea,7,01-01-02-02-02-02-19_r07.mp4,5457041,0.153906,1,
write,write,,,video_small,mongo_gridfs,7,01-01-02-02-02-02-19_r07.mp4,5457041,0.039585,1,
write,write,,,video_small,mongo_gridfs,7,01-01-02-02-02-02-21_r07.mp4,5498397,0.048826,1,
write,write,,,video_small,polyglot,7,01-01-02-02-02-02-21_r07.mp4,5498397,0.038438,1,
write,write,,,video_small,pg_bytea,7,01-01-02-02-02-02-21_r07.mp4,5498397,0.135720,1,
write,write,,,video_small,polyglot,7,01-01-02-02-02-02-22_r07.mp4,5457041,0.048590,1,
write,write,,,video_small,pg_bytea,7,01-01-02-02-02-02-22_r07.mp4,5457041,0.592345,1,
write,write,,,video_small,mongo_gridfs,7,01-01-02-02-02-02-22_r07.mp4,5457041,0.050433,1,
write,write,,,video_small,polyglot,7,01-01-02-02-02-02-23_r07.mp4,5457041,0.080390,1,
write,write,,,video_small,pg_bytea,7,01-01-02-02-02-02-23_r07.mp4,5457041,0.167000,1,
write,write,,,video_small,mongo_gridfs,7,01-01-02-02-02-02-23_r07.mp4,5457041,0.048042,1,
write,write,,,video_small,pg_bytea,7,01-01-03-01-01-01-12_r07.mp4,5457041,0.141635,1,
write,write,,,video_small,polyglot,7,01-01-03-01-01-01-12_r07.mp4,5457041,0.046842,1,
write,write,,,video_small,mongo_gridfs,7,01-01-03-01-01-01-12_r07.mp4,5457041,0.048346,1,
write,write,,,video_small,polyglot,7,01-01-03-01-01-01-15_r07.mp4,5457041,0.046493,1,
write,write,,,video_small,pg_bytea,7,01-01-03-01-01-01-15_r07.mp4,5457041,0.296283,1,
write,write,,,video_small,mongo_gridfs,7,01-01-03-01-01-01-15_r07.mp4,5457041,0.042163,1,
write,write,,,video_small,pg_bytea,7,01-01-03-01-02-01-08_r07.mp4,5498397,0.157080,1,
write,write,,,video_small,polyglot,7,01-01-03-01-02-01-08_r07.mp4,5498397,0.054412,1,
write,write,,,video_small,mongo_gridfs,7,01-01-03-01-02-01-08_r07.mp4,5498397,0.046391,1,
write,write,,,video_small,pg_bytea,7,01-01-03-01-02-01-21_r07.mp4,5498397,0.150058,1,
write,write,,,video_small,mongo_gridfs,7,01-01-03-01-02-01-21_r07.mp4,5498397,0.047499,1,
write,write,,,video_small,polyglot,7,01-01-03-01-02-01-21_r07.mp4,5498397,0.042814,1,
write,write,,,video_small,pg_bytea,7,01-01-03-02-01-01-21_r07.mp4,5457041,0.129754,1,
write,write,,,video_small,polyglot,7,01-01-03-02-01-01-21_r07.mp4,5457041,0.047715,1,
write,write,,,video_small,mongo_gridfs,7,01-01-03-02-01-01-21_r07.mp4,5457041,0.050809,1,
write,write,,,video_small,pg_bytea,7,01-01-03-02-01-01-24_r07.mp4,5457041,0.188363,1,
write,write,,,video_small,polyglot,7,01-01-03-02-01-01-24_r07.mp4,5457041,0.047941,1,
write,write,,,video_small,mongo_gridfs,7,01-01-03-02-01-01-24_r07.mp4,5457041,0.046662,1,
write,write,,,video_small,pg_bytea,7,01-01-03-02-01-02-01_r07.mp4,5457041,0.148467,1,
write,write,,,video_small,polyglot,7,01-01-03-02-01-02-01_r07.mp4,5457041,0.048120,1,
write,write,,,video_small,mongo_gridfs,7,01-01-03-02-01-02-01_r07.mp4,5457041,0.047637,1,
write,write,,,video_small,mongo_gridfs,7,01-01-03-02-01-02-15_r07.mp4,5457041,0.069817,1,
write,write,,,video_small,polyglot,7,01-01-03-02-01-02-15_r07.mp4,5457041,2.044403,1,
write,write,,,video_small,pg_bytea,7,01-01-03-02-01-02-15_r07.mp4,5457041,0.190350,1,
write,write,,,video_small,pg_bytea,7,01-01-03-02-02-01-05_r07.mp4,5457041,0.176059,1,
write,write,,,video_small,mongo_gridfs,7,01-01-03-02-02-01-05_r07.mp4,5457041,0.053883,1,
write,write,,,video_small,polyglot,7,01-01-03-02-02-01-05_r07.mp4,5457041,0.046330,1,
write,write,,,video_small,polyglot,7,01-01-03-02-02-01-12_r07.mp4,5457041,0.054312,1,
write,write,,,video_small,pg_bytea,7,01-01-03-02-02-01-12_r07.mp4,5457041,0.179513,1,
write,write,,,video_small,mongo_gridfs,7,01-01-03-02-02-01-12_r07.mp4,5457041,0.048654,1,
write,write,,,video_small,polyglot,7,01-01-03-02-02-01-15_r07.mp4,5498397,0.044697,1,
write,write,,,video_small,mongo_gridfs,7,01-01-03-02-02-01-15_r07.mp4,5498397,0.038892,1,
write,write,,,video_small,pg_bytea,7,01-01-03-02-02-01-15_r07.mp4,5498397,0.168392,1,
write,write,,,video_small,pg_bytea,7,01-01-04-01-01-01-03_r07.mp4,5457041,0.158240,1,
write,write,,,video_small,mongo_gridfs,7,01-01-04-01-01-01-03_r07.mp4,5457041,0.091878,1,
write,write,,,video_small,polyglot,7,01-01-04-01-01-01-03_r07.mp4,5457041,0.050084,1,
write,write,,,video_small,polyglot,7,01-01-04-01-01-01-05_r07.mp4,5498397,0.044596,1,
write,write,,,video_small,pg_bytea,7,01-01-04-01-01-01-05_r07.mp4,5498397,0.140124,1,
write,write,,,video_small,mongo_gridfs,7,01-01-04-01-01-01-05_r07.mp4,5498397,0.045424,1,
write,write,,,video_small,mongo_gridfs,7,01-01-04-01-01-01-10_r07.mp4,5457041,0.047667,1,
write,write,,,video_small,pg_bytea,7,01-01-04-01-01-01-10_r07.mp4,5457041,0.151804,1,
write,write,,,video_small,polyglot,7,01-01-04-01-01-01-10_r07.mp4,5457041,0.061774,1,
write,write,,,video_small,mongo_gridfs,7,01-01-04-01-01-01-16_r07.mp4,5457041,0.063251,1,
write,write,,,video_small,polyglot,7,01-01-04-01-01-01-16_r07.mp4,5457041,0.047608,1,
write,write,,,video_small,pg_bytea,7,01-01-04-01-01-01-16_r07.mp4,5457041,0.200237,1,
write,write,,,video_small,mongo_gridfs,7,01-01-04-01-02-01-19_r07.mp4,5498397,0.040994,1,
write,write,,,video_small,polyglot,7,01-01-04-01-02-01-19_r07.mp4,5498397,0.045259,1,
write,write,,,video_small,pg_bytea,7,01-01-04-01-02-01-19_r07.mp4,5498397,0.143321,1,
write,write,,,video_small,mongo_gridfs,7,01-01-04-01-02-01-21_r07.mp4,5498397,0.042168,1,
write,write,,,video_small,polyglot,7,01-01-04-01-02-01-21_r07.mp4,5498397,0.040616,1,
write,write,,,video_small,pg_bytea,7,01-01-04-01-02-01-21_r07.mp4,5498397,0.137995,1,
write,write,,,video_small,mongo_gridfs,7,01-01-04-01-02-01-22_r07.mp4,5498397,0.042704,1,
write,write,,,video_small,polyglot,7,01-01-04-01-02-01-22_r07.mp4,5498397,0.045719,1,
write,write,,,video_small,pg_bytea,7,01-01-04-01-02-01-22_r07.mp4,5498397,0.157822,1,
write,write,,,video_small,polyglot,7,01-01-04-02-01-01-18_r07.mp4,5498397,0.258454,1,
write,write,,,video_small,mongo_gridfs,7,01-01-04-02-01-01-18_r07.mp4,5498397,0.045996,1,
write,write,,,video_small,pg_bytea,7,01-01-04-02-01-01-18_r07.mp4,5498397,0.794013,1,
write,write,,,video_small,mongo_gridfs,7,01-01-04-02-01-01-19_r07.mp4,5457041,0.045912,1,
write,write,,,video_small,polyglot,7,01-01-04-02-01-01-19_r07.mp4,5457041,0.039295,1,
write,write,,,video_small,pg_bytea,7,01-01-04-02-01-01-19_r07.mp4,5457041,0.134716,1,
write,write,,,video_small,polyglot,7,01-01-04-02-02-01-02_r07.mp4,5498397,0.041034,1,
write,write,,,video_small,mongo_gridfs,7,01-01-04-02-02-01-02_r07.mp4,5498397,0.038151,1,
write,write,,,video_small,pg_bytea,7,01-01-04-02-02-01-02_r07.mp4,5498397,0.126259,1,
write,write,,,video_small,pg_bytea,7,01-01-04-02-02-01-05_r07.mp4,5498397,0.144202,1,
write,write,,,video_small,polyglot,7,01-01-04-02-02-01-05_r07.mp4,5498397,0.036921,1,
write,write,,,video_small,mongo_gridfs,7,01-01-04-02-02-01-05_r07.mp4,5498397,0.052997,1,
write,write,,,video_small,mongo_gridfs,7,01-01-04-02-02-01-06_r07.mp4,5498397,0.041096,1,
write,write,,,video_small,pg_bytea,7,01-01-04-02-02-01-06_r07.mp4,5498397,0.138229,1,
write,write,,,video_small,polyglot,7,01-01-04-02-02-01-06_r07.mp4,5498397,0.068624,1,
write,write,,,video_small,pg_bytea,7,01-01-04-02-02-01-13_r07.mp4,5498397,0.156819,1,
write,write,,,video_small,polyglot,7,01-01-04-02-02-01-13_r07.mp4,5498397,0.045690,1,
write,write,,,video_small,mongo_gridfs,7,01-01-04-02-02-01-13_r07.mp4,5498397,0.042561,1,
write,write,,,video_small,pg_bytea,7,01-01-04-02-02-01-17_r07.mp4,5498397,0.149861,1,
write,write,,,video_small,polyglot,7,01-01-04-02-02-01-17_r07.mp4,5498397,0.045558,1,
write,write,,,video_small,mongo_gridfs,7,01-01-04-02-02-01-17_r07.mp4,5498397,0.043736,1,
write,write,,,video_small,mongo_gridfs,7,01-01-04-02-02-02-19_r07.mp4,5498397,0.048059,1,
write,write,,,video_small,polyglot,7,01-01-04-02-02-02-19_r07.mp4,5498397,0.039640,1,
write,write,,,video_small,pg_bytea,7,01-01-04-02-02-02-19_r07.mp4,5498397,0.148886,1,
write,write,,,video_small,pg_bytea,7,01-01-05-01-01-02-09_r07.mp4,5457041,0.153225,1,
write,write,,,video_small,mongo_gridfs,7,01-01-05-01-01-02-09_r07.mp4,5457041,0.048806,1,
write,write,,,video_small,polyglot,7,01-01-05-01-01-02-09_r07.mp4,5457041,0.045474,1,
write,write,,,video_small,pg_bytea,7,01-01-05-01-01-02-19_r07.mp4,5498397,0.157741,1,
write,write,,,video_small,polyglot,7,01-01-05-01-01-02-19_r07.mp4,5498397,0.044553,1,
write,write,,,video_small,mongo_gridfs,7,01-01-05-01-01-02-19_r07.mp4,5498397,0.044736,1,
write,write,,,video_small,polyglot,7,01-01-05-01-01-02-21_r07.mp4,5457041,0.048143,1,
write,write,,,video_small,pg_bytea,7,01-01-05-01-01-02-21_r07.mp4,5457041,0.153098,1,
write,write,,,video_small,mongo_gridfs,7,01-01-05-01-01-02-21_r07.mp4,5457041,0.051355,1,
write,write,,,video_small,pg_bytea,7,01-01-05-01-02-01-19_r07.mp4,5457041,0.137476,1,
write,write,,,video_small,mongo_gridfs,7,01-01-05-01-02-01-19_r07.mp4,5457041,0.046120,1,
write,write,,,video_small,polyglot,7,01-01-05-01-02-01-19_r07.mp4,5457041,0.042899,1,
write,write,,,video_small,pg_bytea,7,01-01-05-01-02-02-04_r07.mp4,5457041,0.408250,1,
write,write,,,video_small,mongo_gridfs,7,01-01-05-01-02-02-04_r07.mp4,5457041,0.037845,1,
write,write,,,video_small,polyglot,7,01-01-05-01-02-02-04_r07.mp4,5457041,0.037674,1,
write,write,,,video_small,mongo_gridfs,7,01-01-05-01-02-02-05_r07.mp4,5498397,0.043106,1,
write,write,,,video_small,pg_bytea,7,01-01-05-01-02-02-05_r07.mp4,5498397,0.133563,1,
write,write,,,video_small,polyglot,7,01-01-05-01-02-02-05_r07.mp4,5498397,0.041074,1,
write,write,,,video_small,mongo_gridfs,7,01-01-05-02-01-02-04_r07.mp4,5457041,0.053177,1,
write,write,,,video_small,pg_bytea,7,01-01-05-02-01-02-04_r07.mp4,5457041,0.139965,1,
write,write,,,video_small,polyglot,7,01-01-05-02-01-02-04_r07.mp4,5457041,0.050615,1,
write,write,,,video_small,pg_bytea,7,01-01-05-02-01-02-12_r07.mp4,5457041,0.149753,1,
write,write,,,video_small,polyglot,7,01-01-05-02-01-02-12_r07.mp4,5457041,0.042657,1,
write,write,,,video_small,mongo_gridfs,7,01-01-05-02-01-02-12_r07.mp4,5457041,0.041033,1,
write,write,,,video_small,polyglot,7,01-01-05-02-01-02-14_r07.mp4,5457041,0.038309,1,
write,write,,,video_small,mongo_gridfs,7,01-01-05-02-01-02-14_r07.mp4,5457041,0.043442,1,
write,write,,,video_small,pg_bytea,7,01-01-05-02-01-02-14_r07.mp4,5457041,0.176432,1,
write,write,,,video_small,mongo_gridfs,7,01-01-05-02-02-02-19_r07.mp4,5498397,0.042140,1,
write,write,,,video_small,polyglot,7,01-01-05-02-02-02-19_r07.mp4,5498397,0.051117,1,
write,write,,,video_small,pg_bytea,7,01-01-05-02-02-02-19_r07.mp4,5498397,0.149398,1,
write,write,,,video_small,polyglot,7,01-01-05-02-02-02-20_r07.mp4,5498397,0.045779,1,
write,write,,,video_small,pg_bytea,7,01-01-05-02-02-02-20_r07.mp4,5498397,0.150221,1,
write,write,,,video_small,mongo_gridfs,7,01-01-05-02-02-02-20_r07.mp4,5498397,0.038626,1,
write,write,,,video_small,pg_bytea,7,01-01-05-02-02-02-23_r07.mp4,5457041,0.147605,1,
write,write,,,video_small,polyglot,7,01-01-05-02-02-02-23_r07.mp4,5457041,0.042981,1,
write,write,,,video_small,mongo_gridfs,7,01-01-05-02-02-02-23_r07.mp4,5457041,0.046743,1,
write,write,,,video_small,polyglot,7,01-01-06-01-01-01-08_r07.mp4,5457041,0.048194,1,
write,write,,,video_small,mongo_gridfs,7,01-01-06-01-01-01-08_r07.mp4,5457041,0.051131,1,
write,write,,,video_small,pg_bytea,7,01-01-06-01-01-01-08_r07.mp4,5457041,0.148492,1,
write,write,,,video_small,pg_bytea,7,01-01-06-01-01-01-19_r07.mp4,5457041,0.138883,1,
write,write,,,video_small,polyglot,7,01-01-06-01-01-01-19_r07.mp4,5457041,0.047066,1,
write,write,,,video_small,mongo_gridfs,7,01-01-06-01-01-01-19_r07.mp4,5457041,0.037371,1,
write,write,,,video_small,mongo_gridfs,7,01-01-06-01-01-01-24_r07.mp4,5498397,0.042474,1,
write,write,,,video_small,polyglot,7,01-01-06-01-01-01-24_r07.mp4,5498397,0.052251,1,
write,write,,,video_small,pg_bytea,7,01-01-06-01-01-01-24_r07.mp4,5498397,0.201181,1,
write,write,,,video_medium,polyglot,7,tsinghua_v_0024_r07.mp4,13091522,0.109450,1,
write,write,,,video_medium,mongo_gridfs,7,tsinghua_v_0024_r07.mp4,13091522,0.168126,1,
write,write,,,video_medium,pg_bytea,7,tsinghua_v_0024_r07.mp4,13091522,1.417781,1,
write,write,,,video_medium,mongo_gridfs,7,tsinghua_v_0046_r07.mp4,13091522,0.112281,1,
write,write,,,video_medium,pg_bytea,7,tsinghua_v_0046_r07.mp4,13091522,0.355303,1,
write,write,,,video_medium,polyglot,7,tsinghua_v_0046_r07.mp4,13091522,0.104966,1,
write,write,,,video_medium,polyglot,7,tsinghua_v_0076_r07.mp4,13091522,0.095005,1,
write,write,,,video_medium,pg_bytea,7,tsinghua_v_0076_r07.mp4,13091522,0.370805,1,
write,write,,,video_medium,mongo_gridfs,7,tsinghua_v_0076_r07.mp4,13091522,0.102314,1,
write,write,,,video_medium,polyglot,7,tsinghua_v_0080_r07.mp4,13091522,0.098251,1,
write,write,,,video_medium,mongo_gridfs,7,tsinghua_v_0080_r07.mp4,13091522,0.090212,1,
write,write,,,video_medium,pg_bytea,7,tsinghua_v_0080_r07.mp4,13091522,0.358060,1,
write,write,,,video_medium,polyglot,7,tsinghua_v_0109_r07.mp4,13091522,0.101018,1,
write,write,,,video_medium,mongo_gridfs,7,tsinghua_v_0109_r07.mp4,13091522,0.111916,1,
write,write,,,video_medium,pg_bytea,7,tsinghua_v_0109_r07.mp4,13091522,0.367663,1,
write,write,,,video_medium,polyglot,7,tsinghua_v_0123_r07.mp4,13091522,0.093180,1,
write,write,,,video_medium,pg_bytea,7,tsinghua_v_0123_r07.mp4,13091522,0.401991,1,
write,write,,,video_medium,mongo_gridfs,7,tsinghua_v_0123_r07.mp4,13091522,0.094007,1,
write,write,,,video_medium,polyglot,7,tsinghua_v_0130_r07.mp4,13091522,0.105019,1,
write,write,,,video_medium,mongo_gridfs,7,tsinghua_v_0130_r07.mp4,13091522,0.101014,1,
write,write,,,video_medium,pg_bytea,7,tsinghua_v_0130_r07.mp4,13091522,0.396806,1,
write,write,,,video_medium,pg_bytea,7,tsinghua_v_0135_r07.mp4,13091522,0.376699,1,
write,write,,,video_medium,mongo_gridfs,7,tsinghua_v_0135_r07.mp4,13091522,0.127939,1,
write,write,,,video_medium,polyglot,7,tsinghua_v_0135_r07.mp4,13091522,0.092512,1,
write,write,,,video_medium,pg_bytea,7,tsinghua_v_0137_r07.mp4,13091522,0.501328,1,
write,write,,,video_medium,mongo_gridfs,7,tsinghua_v_0137_r07.mp4,13091522,0.127888,1,
write,write,,,video_medium,polyglot,7,tsinghua_v_0137_r07.mp4,13091522,0.130141,1,
write,write,,,video_medium,mongo_gridfs,7,tsinghua_v_0140_r07.mp4,13091522,0.173513,1,
write,write,,,video_medium,pg_bytea,7,tsinghua_v_0140_r07.mp4,13091522,0.593220,1,
write,write,,,video_medium,polyglot,7,tsinghua_v_0140_r07.mp4,13091522,0.100084,1,
write,write,,,video_medium,mongo_gridfs,7,tsinghua_v_0151_r07.mp4,13091522,0.097078,1,
write,write,,,video_medium,pg_bytea,7,tsinghua_v_0151_r07.mp4,13091522,0.332619,1,
write,write,,,video_medium,polyglot,7,tsinghua_v_0151_r07.mp4,13091522,0.105486,1,
write,write,,,video_medium,polyglot,7,tsinghua_v_0157_r07.mp4,13091522,0.100373,1,
write,write,,,video_medium,mongo_gridfs,7,tsinghua_v_0157_r07.mp4,13091522,0.088935,1,
write,write,,,video_medium,pg_bytea,7,tsinghua_v_0157_r07.mp4,13091522,0.364177,1,
write,write,,,video_medium,pg_bytea,7,tsinghua_v_0209_r07.mp4,13091522,0.355136,1,
write,write,,,video_medium,mongo_gridfs,7,tsinghua_v_0209_r07.mp4,13091522,0.100765,1,
write,write,,,video_medium,polyglot,7,tsinghua_v_0209_r07.mp4,13091522,0.091295,1,
write,write,,,video_medium,mongo_gridfs,7,tsinghua_v_0226_r07.mp4,13091522,0.104026,1,
write,write,,,video_medium,pg_bytea,7,tsinghua_v_0226_r07.mp4,13091522,0.399383,1,
write,write,,,video_medium,polyglot,7,tsinghua_v_0226_r07.mp4,13091522,0.117953,1,
write,write,,,video_medium,polyglot,7,tsinghua_v_0236_r07.mp4,13091522,0.100960,1,
write,write,,,video_medium,mongo_gridfs,7,tsinghua_v_0236_r07.mp4,13091522,0.106341,1,
write,write,,,video_medium,pg_bytea,7,tsinghua_v_0236_r07.mp4,13091522,0.417011,1,
write,write,,,video_medium,mongo_gridfs,7,tsinghua_v_0274_r07.mp4,13091522,0.103013,1,
write,write,,,video_medium,pg_bytea,7,tsinghua_v_0274_r07.mp4,13091522,0.386447,1,
write,write,,,video_medium,polyglot,7,tsinghua_v_0274_r07.mp4,13091522,0.107415,1,
write,write,,,video_medium,mongo_gridfs,7,tsinghua_v_0280_r07.mp4,13091522,0.109872,1,
write,write,,,video_medium,polyglot,7,tsinghua_v_0280_r07.mp4,13091522,0.100898,1,
write,write,,,video_medium,pg_bytea,7,tsinghua_v_0280_r07.mp4,13091522,0.360442,1,
write,write,,,video_medium,polyglot,7,tsinghua_v_0302_r07.mp4,13091522,0.116567,1,
write,write,,,video_medium,pg_bytea,7,tsinghua_v_0302_r07.mp4,13091522,0.350762,1,
write,write,,,video_medium,mongo_gridfs,7,tsinghua_v_0302_r07.mp4,13091522,0.095207,1,
write,write,,,video_medium,pg_bytea,7,tsinghua_v_0311_r07.mp4,13091522,0.345615,1,
write,write,,,video_medium,mongo_gridfs,7,tsinghua_v_0311_r07.mp4,13091522,0.101387,1,
write,write,,,video_medium,polyglot,7,tsinghua_v_0311_r07.mp4,13091522,0.095285,1,
write,write,,,video_medium,pg_bytea,7,tsinghua_v_0316_r07.mp4,13091522,0.534030,1,
write,write,,,video_medium,polyglot,7,tsinghua_v_0316_r07.mp4,13091522,0.088122,1,
write,write,,,video_medium,mongo_gridfs,7,tsinghua_v_0316_r07.mp4,13091522,0.097923,1,
write,write,,,video_medium,polyglot,7,tsinghua_v_0319_r07.mp4,13091522,0.093349,1,
write,write,,,video_medium,mongo_gridfs,7,tsinghua_v_0319_r07.mp4,13091522,0.113208,1,
write,write,,,video_medium,pg_bytea,7,tsinghua_v_0319_r07.mp4,13091522,0.309930,1,
write,write,,,video_medium,polyglot,7,tsinghua_v_0321_r07.mp4,13091522,0.098282,1,
write,write,,,video_medium,pg_bytea,7,tsinghua_v_0321_r07.mp4,13091522,0.307183,1,
write,write,,,video_medium,mongo_gridfs,7,tsinghua_v_0321_r07.mp4,13091522,0.095527,1,
write,write,,,video_medium,polyglot,7,tsinghua_v_0331_r07.mp4,13091522,0.102503,1,
write,write,,,video_medium,pg_bytea,7,tsinghua_v_0331_r07.mp4,13091522,0.322475,1,
write,write,,,video_medium,mongo_gridfs,7,tsinghua_v_0331_r07.mp4,13091522,0.101316,1,
write,write,,,video_medium,pg_bytea,7,tsinghua_v_0345_r07.mp4,13091522,0.878948,1,
write,write,,,video_medium,polyglot,7,tsinghua_v_0345_r07.mp4,13091522,0.115491,1,
write,write,,,video_medium,mongo_gridfs,7,tsinghua_v_0345_r07.mp4,13091522,0.098795,1,
write,write,,,video_medium,mongo_gridfs,7,tsinghua_v_0356_r07.mp4,13091522,0.099955,1,
write,write,,,video_medium,polyglot,7,tsinghua_v_0356_r07.mp4,13091522,0.101670,1,
write,write,,,video_medium,pg_bytea,7,tsinghua_v_0356_r07.mp4,13091522,0.351095,1,
write,write,,,video_medium,pg_bytea,7,tsinghua_v_0357_r07.mp4,13091522,0.365072,1,
write,write,,,video_medium,mongo_gridfs,7,tsinghua_v_0357_r07.mp4,13091522,0.101716,1,
write,write,,,video_medium,polyglot,7,tsinghua_v_0357_r07.mp4,13091522,0.097199,1,
write,write,,,video_medium,mongo_gridfs,7,tsinghua_v_0379_r07.mp4,13091522,0.095053,1,
write,write,,,video_medium,polyglot,7,tsinghua_v_0379_r07.mp4,13091522,0.098027,1,
write,write,,,video_medium,pg_bytea,7,tsinghua_v_0379_r07.mp4,13091522,0.365203,1,
write,write,,,video_medium,mongo_gridfs,7,tsinghua_v_0393_r07.mp4,13091522,0.097217,1,
write,write,,,video_medium,polyglot,7,tsinghua_v_0393_r07.mp4,13091522,0.098636,1,
write,write,,,video_medium,pg_bytea,7,tsinghua_v_0393_r07.mp4,13091522,0.407140,1,
write,write,,,video_medium,pg_bytea,7,tsinghua_v_0421_r07.mp4,13091522,0.330993,1,
write,write,,,video_medium,polyglot,7,tsinghua_v_0421_r07.mp4,13091522,0.115581,1,
write,write,,,video_medium,mongo_gridfs,7,tsinghua_v_0421_r07.mp4,13091522,0.205867,1,
write,write,,,video_medium,mongo_gridfs,7,tsinghua_v_0424_r07.mp4,13091522,0.103787,1,
write,write,,,video_medium,pg_bytea,7,tsinghua_v_0424_r07.mp4,13091522,1.369912,1,
write,write,,,video_medium,polyglot,7,tsinghua_v_0424_r07.mp4,13091522,0.131914,1,
write,write,,,video_medium,mongo_gridfs,7,tsinghua_v_0427_r07.mp4,13091522,0.115923,1,
write,write,,,video_medium,pg_bytea,7,tsinghua_v_0427_r07.mp4,13091522,0.571301,1,
write,write,,,video_medium,polyglot,7,tsinghua_v_0427_r07.mp4,13091522,0.189361,1,
write,write,,,video_medium,pg_bytea,7,tsinghua_v_0431_r07.mp4,13091522,0.578654,1,
write,write,,,video_medium,mongo_gridfs,7,tsinghua_v_0431_r07.mp4,13091522,0.137179,1,
write,write,,,video_medium,polyglot,7,tsinghua_v_0431_r07.mp4,13091522,0.407023,1,
write,write,,,video_medium,polyglot,7,tsinghua_v_0452_r07.mp4,13091522,0.186084,1,
write,write,,,video_medium,mongo_gridfs,7,tsinghua_v_0452_r07.mp4,13091522,0.094866,1,
write,write,,,video_medium,pg_bytea,7,tsinghua_v_0452_r07.mp4,13091522,0.478591,1,
write,write,,,video_medium,polyglot,7,tsinghua_v_0454_r07.mp4,13091522,0.127383,1,
write,write,,,video_medium,pg_bytea,7,tsinghua_v_0454_r07.mp4,13091522,0.380866,1,
write,write,,,video_medium,mongo_gridfs,7,tsinghua_v_0454_r07.mp4,13091522,0.125205,1,
write,write,,,video_medium,pg_bytea,7,tsinghua_v_0457_r07.mp4,13091522,0.364043,1,
write,write,,,video_medium,mongo_gridfs,7,tsinghua_v_0457_r07.mp4,13091522,0.135823,1,
write,write,,,video_medium,polyglot,7,tsinghua_v_0457_r07.mp4,13091522,0.223732,1,
write,write,,,video_medium,mongo_gridfs,7,tsinghua_v_0466_r07.mp4,13091522,0.134129,1,
write,write,,,video_medium,pg_bytea,7,tsinghua_v_0466_r07.mp4,13091522,0.539129,1,
write,write,,,video_medium,polyglot,7,tsinghua_v_0466_r07.mp4,13091522,0.090670,1,
write,write,,,video_medium,pg_bytea,7,tsinghua_v_0471_r07.mp4,13091522,1.093278,1,
write,write,,,video_medium,polyglot,7,tsinghua_v_0471_r07.mp4,13091522,0.110753,1,
write,write,,,video_medium,mongo_gridfs,7,tsinghua_v_0471_r07.mp4,13091522,0.173350,1,
write,write,,,video_medium,polyglot,7,tsinghua_v_0472_r07.mp4,13091522,0.161157,1,
write,write,,,video_medium,pg_bytea,7,tsinghua_v_0472_r07.mp4,13091522,0.546216,1,
write,write,,,video_medium,mongo_gridfs,7,tsinghua_v_0472_r07.mp4,13091522,0.099272,1,
write,write,,,video_medium,mongo_gridfs,7,tsinghua_v_0494_r07.mp4,13091522,0.101505,1,
write,write,,,video_medium,pg_bytea,7,tsinghua_v_0494_r07.mp4,13091522,0.441169,1,
write,write,,,video_medium,polyglot,7,tsinghua_v_0494_r07.mp4,13091522,0.125090,1,
write,write,,,video_medium,pg_bytea,7,tsinghua_v_0503_r07.mp4,13091522,1.629784,1,
write,write,,,video_medium,polyglot,7,tsinghua_v_0503_r07.mp4,13091522,0.106970,1,
write,write,,,video_medium,mongo_gridfs,7,tsinghua_v_0503_r07.mp4,13091522,0.113563,1,
write,write,,,video_medium,mongo_gridfs,7,tsinghua_v_0509_r07.mp4,13091522,0.093796,1,
write,write,,,video_medium,polyglot,7,tsinghua_v_0509_r07.mp4,13091522,0.099033,1,
write,write,,,video_medium,pg_bytea,7,tsinghua_v_0509_r07.mp4,13091522,0.494256,1,
write,write,,,video_medium,polyglot,7,tsinghua_v_0523_r07.mp4,13091522,0.141208,1,
write,write,,,video_medium,pg_bytea,7,tsinghua_v_0523_r07.mp4,13091522,0.367679,1,
write,write,,,video_medium,mongo_gridfs,7,tsinghua_v_0523_r07.mp4,13091522,0.105351,1,
write,write,,,video_medium,mongo_gridfs,7,tsinghua_v_0546_r07.mp4,13091522,0.114828,1,
write,write,,,video_medium,pg_bytea,7,tsinghua_v_0546_r07.mp4,13091522,0.503300,1,
write,write,,,video_medium,polyglot,7,tsinghua_v_0546_r07.mp4,13091522,0.147590,1,
write,write,,,video_medium,pg_bytea,7,tsinghua_v_0568_r07.mp4,13091522,0.444969,1,
write,write,,,video_medium,mongo_gridfs,7,tsinghua_v_0568_r07.mp4,13091522,0.103752,1,
write,write,,,video_medium,polyglot,7,tsinghua_v_0568_r07.mp4,13091522,0.675559,1,
write,write,,,video_medium,pg_bytea,7,tsinghua_v_0594_r07.mp4,13091522,0.578723,1,
write,write,,,video_medium,polyglot,7,tsinghua_v_0594_r07.mp4,13091522,0.113718,1,
write,write,,,video_medium,mongo_gridfs,7,tsinghua_v_0594_r07.mp4,13091522,0.113015,1,
write,write,,,video_medium,pg_bytea,7,tsinghua_v_0596_r07.mp4,13091522,0.381045,1,
write,write,,,video_medium,mongo_gridfs,7,tsinghua_v_0596_r07.mp4,13091522,0.114134,1,
write,write,,,video_medium,polyglot,7,tsinghua_v_0596_r07.mp4,13091522,0.113480,1,
write,write,,,video_medium,mongo_gridfs,7,tsinghua_v_0635_r07.mp4,13091522,0.108817,1,
write,write,,,video_medium,pg_bytea,7,tsinghua_v_0635_r07.mp4,13091522,0.375666,1,
write,write,,,video_medium,polyglot,7,tsinghua_v_0635_r07.mp4,13091522,0.152617,1,
write,write,,,video_medium,polyglot,7,tsinghua_v_0653_r07.mp4,13091522,0.116708,1,
write,write,,,video_medium,mongo_gridfs,7,tsinghua_v_0653_r07.mp4,13091522,0.102564,1,
write,write,,,video_medium,pg_bytea,7,tsinghua_v_0653_r07.mp4,13091522,0.390315,1,
write,write,,,video_medium,polyglot,7,tsinghua_v_0667_r07.mp4,13091522,0.155198,1,
write,write,,,video_medium,pg_bytea,7,tsinghua_v_0667_r07.mp4,13091522,0.459697,1,
write,write,,,video_medium,mongo_gridfs,7,tsinghua_v_0667_r07.mp4,13091522,0.191250,1,
write,write,,,video_medium,polyglot,7,tsinghua_v_0673_r07.mp4,13091522,0.096131,1,
write,write,,,video_medium,mongo_gridfs,7,tsinghua_v_0673_r07.mp4,13091522,0.113952,1,
write,write,,,video_medium,pg_bytea,7,tsinghua_v_0673_r07.mp4,13091522,0.378228,1,
write,write,,,video_medium,polyglot,7,tsinghua_v_0681_r07.mp4,13091522,0.105063,1,
write,write,,,video_medium,mongo_gridfs,7,tsinghua_v_0681_r07.mp4,13091522,0.176334,1,
write,write,,,video_medium,pg_bytea,7,tsinghua_v_0681_r07.mp4,13091522,0.367149,1,
write,write,,,video_medium,mongo_gridfs,7,tsinghua_v_0690_r07.mp4,13091522,0.102724,1,
write,write,,,video_medium,pg_bytea,7,tsinghua_v_0690_r07.mp4,13091522,0.498467,1,
write,write,,,video_medium,polyglot,7,tsinghua_v_0690_r07.mp4,13091522,0.114300,1,
write,write,,,video_medium,pg_bytea,7,tsinghua_v_0692_r07.mp4,13091522,0.464115,1,
write,write,,,video_medium,mongo_gridfs,7,tsinghua_v_0692_r07.mp4,13091522,0.261878,1,
write,write,,,video_medium,polyglot,7,tsinghua_v_0692_r07.mp4,13091522,0.153471,1,
write,write,,,video_medium,mongo_gridfs,7,tsinghua_v_0696_r07.mp4,13091522,0.199536,1,
write,write,,,video_medium,polyglot,7,tsinghua_v_0696_r07.mp4,13091522,0.134213,1,
write,write,,,video_medium,pg_bytea,7,tsinghua_v_0696_r07.mp4,13091522,0.433184,1,
write,write,,,video_medium,mongo_gridfs,7,tsinghua_v_0734_r07.mp4,13091522,0.126683,1,
write,write,,,video_medium,pg_bytea,7,tsinghua_v_0734_r07.mp4,13091522,0.965327,1,
write,write,,,video_medium,polyglot,7,tsinghua_v_0734_r07.mp4,13091522,0.104425,1,
write,write,,,video_medium,polyglot,7,tsinghua_v_0737_r07.mp4,13091522,0.104378,1,
write,write,,,video_medium,pg_bytea,7,tsinghua_v_0737_r07.mp4,13091522,0.396008,1,
write,write,,,video_medium,mongo_gridfs,7,tsinghua_v_0737_r07.mp4,13091522,0.092061,1,
write,write,,,video_medium,polyglot,7,tsinghua_v_0744_r07.mp4,13091522,0.108585,1,
write,write,,,video_medium,mongo_gridfs,7,tsinghua_v_0744_r07.mp4,13091522,0.121523,1,
write,write,,,video_medium,pg_bytea,7,tsinghua_v_0744_r07.mp4,13091522,0.670076,1,
write,write,,,video_medium,mongo_gridfs,7,tsinghua_v_0745_r07.mp4,13091522,0.133426,1,
write,write,,,video_medium,polyglot,7,tsinghua_v_0745_r07.mp4,13091522,0.108280,1,
write,write,,,video_medium,pg_bytea,7,tsinghua_v_0745_r07.mp4,13091522,0.749189,1,
write,write,,,video_medium,mongo_gridfs,7,tsinghua_v_0769_r07.mp4,13091522,0.107184,1,
write,write,,,video_medium,polyglot,7,tsinghua_v_0769_r07.mp4,13091522,0.095621,1,
write,write,,,video_medium,pg_bytea,7,tsinghua_v_0769_r07.mp4,13091522,0.367698,1,
write,write,,,video_medium,pg_bytea,7,tsinghua_v_0791_r07.mp4,13091522,0.448571,1,
write,write,,,video_medium,mongo_gridfs,7,tsinghua_v_0791_r07.mp4,13091522,0.127904,1,
write,write,,,video_medium,polyglot,7,tsinghua_v_0791_r07.mp4,13091522,0.111649,1,
write,write,,,video_medium,pg_bytea,7,tsinghua_v_0792_r07.mp4,13091522,0.406882,1,
write,write,,,video_medium,mongo_gridfs,7,tsinghua_v_0792_r07.mp4,13091522,0.132601,1,
write,write,,,video_medium,polyglot,7,tsinghua_v_0792_r07.mp4,13091522,0.132587,1,
write,write,,,video_medium,mongo_gridfs,7,tsinghua_v_0857_r07.mp4,13091522,0.103379,1,
write,write,,,video_medium,polyglot,7,tsinghua_v_0857_r07.mp4,13091522,0.207252,1,
write,write,,,video_medium,pg_bytea,7,tsinghua_v_0857_r07.mp4,13091522,0.888618,1,
write,write,,,video_medium,pg_bytea,7,tsinghua_v_0866_r07.mp4,13091522,0.884845,1,
write,write,,,video_medium,mongo_gridfs,7,tsinghua_v_0866_r07.mp4,13091522,0.118626,1,
write,write,,,video_medium,polyglot,7,tsinghua_v_0866_r07.mp4,13091522,0.100327,1,
write,write,,,video_medium,polyglot,7,tsinghua_v_0880_r07.mp4,13091522,0.138980,1,
write,write,,,video_medium,mongo_gridfs,7,tsinghua_v_0880_r07.mp4,13091522,0.115803,1,
write,write,,,video_medium,pg_bytea,7,tsinghua_v_0880_r07.mp4,13091522,0.864474,1,
write,write,,,video_medium,mongo_gridfs,7,tsinghua_v_0888_r07.mp4,13091522,0.099927,1,
write,write,,,video_medium,pg_bytea,7,tsinghua_v_0888_r07.mp4,13091522,0.373121,1,
write,write,,,video_medium,polyglot,7,tsinghua_v_0888_r07.mp4,13091522,0.131069,1,
write,write,,,video_medium,mongo_gridfs,7,tsinghua_v_0901_r07.mp4,13091522,0.096002,1,
write,write,,,video_medium,pg_bytea,7,tsinghua_v_0901_r07.mp4,13091522,0.337960,1,
write,write,,,video_medium,polyglot,7,tsinghua_v_0901_r07.mp4,13091522,0.107824,1,
write,write,,,video_medium,pg_bytea,7,tsinghua_v_0937_r07.mp4,13091522,0.513385,1,
write,write,,,video_medium,polyglot,7,tsinghua_v_0937_r07.mp4,13091522,0.107364,1,
write,write,,,video_medium,mongo_gridfs,7,tsinghua_v_0937_r07.mp4,13091522,0.112643,1,
write,write,,,video_medium,pg_bytea,7,tsinghua_v_0939_r07.mp4,13091522,1.183653,1,
write,write,,,video_medium,mongo_gridfs,7,tsinghua_v_0939_r07.mp4,13091522,0.113208,1,
write,write,,,video_medium,polyglot,7,tsinghua_v_0939_r07.mp4,13091522,0.105932,1,
write,write,,,video_medium,mongo_gridfs,7,tsinghua_v_0961_r07.mp4,13091522,0.100823,1,
write,write,,,video_medium,polyglot,7,tsinghua_v_0961_r07.mp4,13091522,0.148395,1,
write,write,,,video_medium,pg_bytea,7,tsinghua_v_0961_r07.mp4,13091522,0.367154,1,
write,write,,,video_medium,mongo_gridfs,7,tsinghua_v_0977_r07.mp4,13091522,0.097135,1,
write,write,,,video_medium,pg_bytea,7,tsinghua_v_0977_r07.mp4,13091522,0.369356,1,
write,write,,,video_medium,polyglot,7,tsinghua_v_0977_r07.mp4,13091522,0.105998,1,
write,write,,,audio_small,mongo_gridfs,8,03-01-01-01-01-02-19_r08.wav,375720,0.014419,1,
write,write,,,audio_small,polyglot,8,03-01-01-01-01-02-19_r08.wav,375720,0.011313,1,
write,write,,,audio_small,pg_bytea,8,03-01-01-01-01-02-19_r08.wav,375720,0.047458,1,
write,write,,,audio_small,mongo_gridfs,8,03-01-01-01-02-02-05_r08.wav,396294,0.011375,1,
write,write,,,audio_small,pg_bytea,8,03-01-01-01-02-02-05_r08.wav,396294,0.012596,1,
write,write,,,audio_small,polyglot,8,03-01-01-01-02-02-05_r08.wav,396294,0.007216,1,
write,write,,,audio_small,polyglot,8,03-01-01-01-02-02-06_r08.wav,363108,0.010308,1,
write,write,,,audio_small,mongo_gridfs,8,03-01-01-01-02-02-06_r08.wav,363108,0.005007,1,
write,write,,,audio_small,pg_bytea,8,03-01-01-01-02-02-06_r08.wav,363108,0.009269,1,
write,write,,,audio_small,polyglot,8,03-01-01-01-02-02-07_r08.wav,363108,0.006498,1,
write,write,,,audio_small,mongo_gridfs,8,03-01-01-01-02-02-07_r08.wav,363108,0.004921,1,
write,write,,,audio_small,pg_bytea,8,03-01-01-01-02-02-07_r08.wav,363108,0.009023,1,
write,write,,,audio_small,pg_bytea,8,03-01-01-01-02-02-11_r08.wav,375720,0.016242,1,
write,write,,,audio_small,mongo_gridfs,8,03-01-01-01-02-02-11_r08.wav,375720,0.005042,1,
write,write,,,audio_small,polyglot,8,03-01-01-01-02-02-11_r08.wav,375720,0.013636,1,
write,write,,,audio_small,pg_bytea,8,03-01-01-01-02-02-12_r08.wav,372698,0.012504,1,
write,write,,,audio_small,polyglot,8,03-01-01-01-02-02-12_r08.wav,372698,0.005565,1,
write,write,,,audio_small,mongo_gridfs,8,03-01-01-01-02-02-12_r08.wav,372698,0.007000,1,
write,write,,,audio_small,pg_bytea,8,03-01-01-01-02-02-13_r08.wav,363108,0.012560,1,
write,write,,,audio_small,polyglot,8,03-01-01-01-02-02-13_r08.wav,363108,0.006365,1,
write,write,,,audio_small,mongo_gridfs,8,03-01-01-01-02-02-13_r08.wav,363108,0.005334,1,
write,write,,,audio_small,mongo_gridfs,8,03-01-01-02-01-02-05_r08.wav,393086,0.013844,1,
write,write,,,audio_small,polyglot,8,03-01-01-02-01-02-05_r08.wav,393086,0.050929,1,
write,write,,,audio_small,pg_bytea,8,03-01-01-02-01-02-05_r08.wav,393086,1.521060,1,
write,write,,,audio_small,pg_bytea,8,03-01-01-02-01-02-06_r08.wav,363108,0.014058,1,
write,write,,,audio_small,mongo_gridfs,8,03-01-01-02-01-02-06_r08.wav,363108,0.007241,1,
write,write,,,audio_small,polyglot,8,03-01-01-02-01-02-06_r08.wav,363108,0.004443,1,
write,write,,,audio_small,mongo_gridfs,8,03-01-01-02-01-02-07_r08.wav,372698,0.003846,1,
write,write,,,audio_small,pg_bytea,8,03-01-01-02-01-02-07_r08.wav,372698,0.012943,1,
write,write,,,audio_small,polyglot,8,03-01-01-02-01-02-07_r08.wav,372698,0.004923,1,
write,write,,,audio_small,polyglot,8,03-01-01-02-01-02-13_r08.wav,399494,0.005524,1,
write,write,,,audio_small,pg_bytea,8,03-01-01-02-01-02-13_r08.wav,399494,0.012298,1,
write,write,,,audio_small,mongo_gridfs,8,03-01-01-02-01-02-13_r08.wav,399494,0.006611,1,
write,write,,,audio_small,polyglot,8,03-01-01-02-02-02-19_r08.wav,372698,0.006160,1,
write,write,,,audio_small,pg_bytea,8,03-01-01-02-02-02-19_r08.wav,372698,0.016221,1,
write,write,,,audio_small,mongo_gridfs,8,03-01-01-02-02-02-19_r08.wav,372698,0.004556,1,
write,write,,,audio_small,polyglot,8,03-01-02-01-01-01-19_r08.wav,372698,0.004131,1,
write,write,,,audio_small,pg_bytea,8,03-01-02-01-01-01-19_r08.wav,372698,0.011768,1,
write,write,,,audio_small,mongo_gridfs,8,03-01-02-01-01-01-19_r08.wav,372698,0.004240,1,
write,write,,,audio_small,polyglot,8,03-01-02-01-02-01-06_r08.wav,363108,0.003948,1,
write,write,,,audio_small,pg_bytea,8,03-01-02-01-02-01-06_r08.wav,363108,0.009103,1,
write,write,,,audio_small,mongo_gridfs,8,03-01-02-01-02-01-06_r08.wav,363108,0.003880,1,
write,write,,,audio_small,pg_bytea,8,03-01-02-01-02-01-07_r08.wav,399494,0.012713,1,
write,write,,,audio_small,mongo_gridfs,8,03-01-02-01-02-01-07_r08.wav,399494,0.005448,1,
write,write,,,audio_small,polyglot,8,03-01-02-01-02-01-07_r08.wav,399494,0.010055,1,
write,write,,,audio_small,pg_bytea,8,03-01-02-01-02-01-11_r08.wav,375720,0.008545,1,
write,write,,,audio_small,polyglot,8,03-01-02-01-02-01-11_r08.wav,375720,0.004214,1,
write,write,,,audio_small,mongo_gridfs,8,03-01-02-01-02-01-11_r08.wav,375720,0.004243,1,
write,write,,,audio_small,pg_bytea,8,03-01-02-01-02-01-12_r08.wav,372698,0.012604,1,
write,write,,,audio_small,polyglot,8,03-01-02-01-02-01-12_r08.wav,372698,0.005327,1,
write,write,,,audio_small,mongo_gridfs,8,03-01-02-01-02-01-12_r08.wav,372698,0.003783,1,
write,write,,,audio_small,mongo_gridfs,8,03-01-02-01-02-01-13_r08.wav,379106,0.004633,1,
write,write,,,audio_small,pg_bytea,8,03-01-02-01-02-01-13_r08.wav,379106,0.009299,1,
write,write,,,audio_small,polyglot,8,03-01-02-01-02-01-13_r08.wav,379106,0.005869,1,
write,write,,,audio_small,mongo_gridfs,8,03-01-02-02-01-01-05_r08.wav,363108,0.003839,1,
write,write,,,audio_small,pg_bytea,8,03-01-02-02-01-01-05_r08.wav,363108,0.008917,1,
write,write,,,audio_small,polyglot,8,03-01-02-02-01-01-05_r08.wav,363108,0.004104,1,
write,write,,,audio_small,mongo_gridfs,8,03-01-02-02-01-01-11_r08.wav,363108,0.004448,1,
write,write,,,audio_small,polyglot,8,03-01-02-02-01-01-11_r08.wav,363108,0.005061,1,
write,write,,,audio_small,pg_bytea,8,03-01-02-02-01-01-11_r08.wav,363108,0.015721,1,
write,write,,,audio_small,polyglot,8,03-01-02-02-01-01-12_r08.wav,399494,0.006453,1,
write,write,,,audio_small,pg_bytea,8,03-01-02-02-01-01-12_r08.wav,399494,0.009331,1,
write,write,,,audio_small,mongo_gridfs,8,03-01-02-02-01-01-12_r08.wav,399494,0.004345,1,
write,write,,,audio_small,mongo_gridfs,8,03-01-02-02-01-01-13_r08.wav,399494,0.008019,1,
write,write,,,audio_small,polyglot,8,03-01-02-02-01-01-13_r08.wav,399494,0.004442,1,
write,write,,,audio_small,pg_bytea,8,03-01-02-02-01-01-13_r08.wav,399494,0.009450,1,
write,write,,,audio_small,polyglot,8,03-01-02-02-02-01-19_r08.wav,379106,0.008686,1,
write,write,,,audio_small,pg_bytea,8,03-01-02-02-02-01-19_r08.wav,379106,0.008816,1,
write,write,,,audio_small,mongo_gridfs,8,03-01-02-02-02-01-19_r08.wav,379106,0.004450,1,
write,write,,,audio_small,mongo_gridfs,8,03-01-03-01-01-02-05_r08.wav,396294,0.013576,1,
write,write,,,audio_small,pg_bytea,8,03-01-03-01-01-02-05_r08.wav,396294,0.009509,1,
write,write,,,audio_small,polyglot,8,03-01-03-01-01-02-05_r08.wav,396294,0.004890,1,
write,write,,,audio_small,pg_bytea,8,03-01-03-01-01-02-07_r08.wav,393086,0.012633,1,
write,write,,,audio_small,mongo_gridfs,8,03-01-03-01-01-02-07_r08.wav,393086,0.004526,1,
write,write,,,audio_small,polyglot,8,03-01-03-01-01-02-07_r08.wav,393086,0.004358,1,
write,write,,,audio_small,mongo_gridfs,8,03-01-03-01-01-02-12_r08.wav,399494,0.003950,1,
write,write,,,audio_small,pg_bytea,8,03-01-03-01-01-02-12_r08.wav,399494,0.020554,1,
write,write,,,audio_small,polyglot,8,03-01-03-01-01-02-12_r08.wav,399494,0.010962,1,
write,write,,,audio_small,polyglot,8,03-01-03-01-01-02-13_r08.wav,399494,0.005811,1,
write,write,,,audio_small,pg_bytea,8,03-01-03-01-01-02-13_r08.wav,399494,0.009781,1,
write,write,,,audio_small,mongo_gridfs,8,03-01-03-01-01-02-13_r08.wav,399494,0.006305,1,
write,write,,,audio_small,polyglot,8,03-01-03-01-02-02-18_r08.wav,393086,0.021523,1,
write,write,,,audio_small,mongo_gridfs,8,03-01-03-01-02-02-18_r08.wav,393086,0.004742,1,
write,write,,,audio_small,pg_bytea,8,03-01-03-01-02-02-18_r08.wav,393086,0.015715,1,
write,write,,,audio_small,pg_bytea,8,03-01-03-01-02-02-19_r08.wav,399494,0.022885,1,
write,write,,,audio_small,mongo_gridfs,8,03-01-03-01-02-02-19_r08.wav,399494,0.006065,1,
write,write,,,audio_small,polyglot,8,03-01-03-01-02-02-19_r08.wav,399494,0.005100,1,
write,write,,,audio_small,pg_bytea,8,03-01-03-02-01-02-18_r08.wav,396294,0.010334,1,
write,write,,,audio_small,mongo_gridfs,8,03-01-03-02-01-02-18_r08.wav,396294,0.005153,1,
write,write,,,audio_small,polyglot,8,03-01-03-02-01-02-18_r08.wav,396294,0.005320,1,
write,write,,,audio_small,polyglot,8,03-01-03-02-01-02-19_r08.wav,372698,0.005569,1,
write,write,,,audio_small,pg_bytea,8,03-01-03-02-01-02-19_r08.wav,372698,0.012247,1,
write,write,,,audio_small,mongo_gridfs,8,03-01-03-02-01-02-19_r08.wav,372698,0.005545,1,
write,write,,,audio_small,mongo_gridfs,8,03-01-03-02-02-02-04_r08.wav,379106,0.006560,1,
write,write,,,audio_small,polyglot,8,03-01-03-02-02-02-04_r08.wav,379106,0.004575,1,
write,write,,,audio_small,pg_bytea,8,03-01-03-02-02-02-04_r08.wav,379106,0.010184,1,
write,write,,,audio_small,polyglot,8,03-01-03-02-02-02-06_r08.wav,399494,0.005951,1,
write,write,,,audio_small,pg_bytea,8,03-01-03-02-02-02-06_r08.wav,399494,0.023849,1,
write,write,,,audio_small,mongo_gridfs,8,03-01-03-02-02-02-06_r08.wav,399494,0.004639,1,
write,write,,,audio_small,pg_bytea,8,03-01-03-02-02-02-07_r08.wav,393086,0.008963,1,
write,write,,,audio_small,polyglot,8,03-01-03-02-02-02-07_r08.wav,393086,0.004431,1,
write,write,,,audio_small,mongo_gridfs,8,03-01-03-02-02-02-07_r08.wav,393086,0.003827,1,
write,write,,,audio_small,pg_bytea,8,03-01-03-02-02-02-10_r08.wav,375720,0.010689,1,
write,write,,,audio_small,mongo_gridfs,8,03-01-03-02-02-02-10_r08.wav,375720,0.004855,1,
write,write,,,audio_small,polyglot,8,03-01-03-02-02-02-10_r08.wav,375720,0.004621,1,
write,write,,,audio_small,pg_bytea,8,03-01-03-02-02-02-11_r08.wav,396294,0.009430,1,
write,write,,,audio_small,mongo_gridfs,8,03-01-03-02-02-02-11_r08.wav,396294,0.004563,1,
write,write,,,audio_small,polyglot,8,03-01-03-02-02-02-11_r08.wav,396294,0.004603,1,
write,write,,,audio_small,mongo_gridfs,8,03-01-03-02-02-02-13_r08.wav,399494,0.004350,1,
write,write,,,audio_small,pg_bytea,8,03-01-03-02-02-02-13_r08.wav,399494,0.009902,1,
write,write,,,audio_small,polyglot,8,03-01-03-02-02-02-13_r08.wav,399494,0.005688,1,
write,write,,,audio_small,pg_bytea,8,03-01-04-01-01-02-01_r08.wav,396294,0.009980,1,
write,write,,,audio_small,polyglot,8,03-01-04-01-01-02-01_r08.wav,396294,0.006837,1,
write,write,,,audio_small,mongo_gridfs,8,03-01-04-01-01-02-01_r08.wav,396294,0.003965,1,
write,write,,,audio_small,mongo_gridfs,8,03-01-04-01-01-02-02_r08.wav,379106,0.004343,1,
write,write,,,audio_small,polyglot,8,03-01-04-01-01-02-02_r08.wav,379106,0.004298,1,
write,write,,,audio_small,pg_bytea,8,03-01-04-01-01-02-02_r08.wav,379106,0.008782,1,
write,write,,,audio_small,pg_bytea,8,03-01-04-01-01-02-16_r08.wav,379106,0.008861,1,
write,write,,,audio_small,polyglot,8,03-01-04-01-01-02-16_r08.wav,379106,0.005767,1,
write,write,,,audio_small,mongo_gridfs,8,03-01-04-01-01-02-16_r08.wav,379106,0.004999,1,
write,write,,,audio_small,mongo_gridfs,8,03-01-04-01-02-02-08_r08.wav,372698,0.004464,1,
write,write,,,audio_small,pg_bytea,8,03-01-04-01-02-02-08_r08.wav,372698,0.010291,1,
write,write,,,audio_small,polyglot,8,03-01-04-01-02-02-08_r08.wav,372698,0.005484,1,
write,write,,,audio_small,mongo_gridfs,8,03-01-04-01-02-02-09_r08.wav,363108,0.003998,1,
write,write,,,audio_small,pg_bytea,8,03-01-04-01-02-02-09_r08.wav,363108,0.009123,1,
write,write,,,audio_small,polyglot,8,03-01-04-01-02-02-09_r08.wav,363108,0.005024,1,
write,write,,,audio_small,polyglot,8,03-01-04-01-02-02-20_r08.wav,396294,0.006534,1,
write,write,,,audio_small,pg_bytea,8,03-01-04-01-02-02-20_r08.wav,396294,0.035185,1,
write,write,,,audio_small,mongo_gridfs,8,03-01-04-01-02-02-20_r08.wav,396294,0.009466,1,
write,write,,,audio_small,pg_bytea,8,03-01-04-01-02-02-21_r08.wav,363108,0.016068,1,
write,write,,,audio_small,polyglot,8,03-01-04-01-02-02-21_r08.wav,363108,0.005962,1,
write,write,,,audio_small,mongo_gridfs,8,03-01-04-01-02-02-21_r08.wav,363108,0.004471,1,
write,write,,,audio_small,pg_bytea,8,03-01-04-01-02-02-22_r08.wav,372698,0.009623,1,
write,write,,,audio_small,polyglot,8,03-01-04-01-02-02-22_r08.wav,372698,0.005879,1,
write,write,,,audio_small,mongo_gridfs,8,03-01-04-01-02-02-22_r08.wav,372698,0.004372,1,
write,write,,,audio_small,polyglot,8,03-01-04-01-02-02-23_r08.wav,363108,0.007519,1,
write,write,,,audio_small,mongo_gridfs,8,03-01-04-01-02-02-23_r08.wav,363108,0.004241,1,
write,write,,,audio_small,pg_bytea,8,03-01-04-01-02-02-23_r08.wav,363108,0.010086,1,
write,write,,,audio_small,pg_bytea,8,03-01-04-02-01-02-09_r08.wav,379106,0.027250,1,
write,write,,,audio_small,mongo_gridfs,8,03-01-04-02-01-02-09_r08.wav,379106,0.031597,1,
write,write,,,audio_small,polyglot,8,03-01-04-02-01-02-09_r08.wav,379106,0.006676,1,
write,write,,,audio_small,pg_bytea,8,03-01-04-02-01-02-20_r08.wav,379106,0.012314,1,
write,write,,,audio_small,polyglot,8,03-01-04-02-01-02-20_r08.wav,379106,0.006522,1,
write,write,,,audio_small,mongo_gridfs,8,03-01-04-02-01-02-20_r08.wav,379106,0.004954,1,
write,write,,,audio_small,pg_bytea,8,03-01-04-02-01-02-21_r08.wav,393086,0.012587,1,
write,write,,,audio_small,mongo_gridfs,8,03-01-04-02-01-02-21_r08.wav,393086,0.005755,1,
write,write,,,audio_small,polyglot,8,03-01-04-02-01-02-21_r08.wav,393086,0.006521,1,
write,write,,,audio_small,polyglot,8,03-01-04-02-01-02-22_r08.wav,379106,0.016750,1,
write,write,,,audio_small,mongo_gridfs,8,03-01-04-02-01-02-22_r08.wav,379106,0.004270,1,
write,write,,,audio_small,pg_bytea,8,03-01-04-02-01-02-22_r08.wav,379106,0.011332,1,
write,write,,,audio_small,polyglot,8,03-01-04-02-02-02-14_r08.wav,375720,0.004610,1,
write,write,,,audio_small,pg_bytea,8,03-01-04-02-02-02-14_r08.wav,375720,0.008922,1,
write,write,,,audio_small,mongo_gridfs,8,03-01-04-02-02-02-14_r08.wav,375720,0.003941,1,
write,write,,,audio_small,polyglot,8,03-01-04-02-02-02-15_r08.wav,379106,0.004000,1,
write,write,,,audio_small,pg_bytea,8,03-01-04-02-02-02-15_r08.wav,379106,0.009123,1,
write,write,,,audio_small,mongo_gridfs,8,03-01-04-02-02-02-15_r08.wav,379106,0.004038,1,
write,write,,,audio_small,pg_bytea,8,03-01-04-02-02-02-16_r08.wav,375720,0.013506,1,
write,write,,,audio_small,mongo_gridfs,8,03-01-04-02-02-02-16_r08.wav,375720,0.004415,1,
write,write,,,audio_small,polyglot,8,03-01-04-02-02-02-16_r08.wav,375720,0.004572,1,
write,write,,,audio_small,polyglot,8,03-01-04-02-02-02-17_r08.wav,363108,0.004523,1,
write,write,,,audio_small,mongo_gridfs,8,03-01-04-02-02-02-17_r08.wav,363108,0.003694,1,
write,write,,,audio_small,pg_bytea,8,03-01-04-02-02-02-17_r08.wav,363108,0.022606,1,
write,write,,,audio_small,polyglot,8,03-01-05-01-01-01-09_r08.wav,393086,0.004997,1,
write,write,,,audio_small,mongo_gridfs,8,03-01-05-01-01-01-09_r08.wav,393086,0.003833,1,
write,write,,,audio_small,pg_bytea,8,03-01-05-01-01-01-09_r08.wav,393086,0.009692,1,
write,write,,,audio_small,pg_bytea,8,03-01-05-01-01-01-22_r08.wav,393086,0.011533,1,
write,write,,,audio_small,mongo_gridfs,8,03-01-05-01-01-01-22_r08.wav,393086,0.007698,1,
write,write,,,audio_small,polyglot,8,03-01-05-01-01-01-22_r08.wav,393086,0.004314,1,
write,write,,,audio_small,pg_bytea,8,03-01-05-01-02-01-02_r08.wav,372698,0.015701,1,
write,write,,,audio_small,polyglot,8,03-01-05-01-02-01-02_r08.wav,372698,0.004267,1,
write,write,,,audio_small,mongo_gridfs,8,03-01-05-01-02-01-02_r08.wav,372698,0.003666,1,
write,write,,,audio_small,mongo_gridfs,8,03-01-05-01-02-01-03_r08.wav,396294,0.003593,1,
write,write,,,audio_small,polyglot,8,03-01-05-01-02-01-03_r08.wav,396294,0.004145,1,
write,write,,,audio_small,pg_bytea,8,03-01-05-01-02-01-03_r08.wav,396294,0.032183,1,
write,write,,,audio_small,polyglot,8,03-01-05-01-02-01-15_r08.wav,363108,0.004700,1,
write,write,,,audio_small,mongo_gridfs,8,03-01-05-01-02-01-15_r08.wav,363108,0.003548,1,
write,write,,,audio_small,pg_bytea,8,03-01-05-01-02-01-15_r08.wav,363108,0.008478,1,
write,write,,,audio_small,polyglot,8,03-01-05-01-02-01-16_r08.wav,372698,0.004011,1,
write,write,,,audio_small,mongo_gridfs,8,03-01-05-01-02-01-16_r08.wav,372698,0.003735,1,
write,write,,,audio_small,pg_bytea,8,03-01-05-01-02-01-16_r08.wav,372698,0.010851,1,
write,write,,,audio_small,polyglot,8,03-01-05-01-02-01-17_r08.wav,393086,0.004508,1,
write,write,,,audio_small,mongo_gridfs,8,03-01-05-01-02-01-17_r08.wav,393086,0.004039,1,
write,write,,,audio_small,pg_bytea,8,03-01-05-01-02-01-17_r08.wav,393086,0.013219,1,
write,write,,,audio_small,pg_bytea,8,03-01-05-02-01-01-01_r08.wav,372698,0.008911,1,
write,write,,,audio_small,polyglot,8,03-01-05-02-01-01-01_r08.wav,372698,0.003933,1,
write,write,,,audio_small,mongo_gridfs,8,03-01-05-02-01-01-01_r08.wav,372698,0.003457,1,
write,write,,,audio_small,polyglot,8,03-01-05-02-01-01-02_r08.wav,375720,0.004144,1,
write,write,,,audio_small,pg_bytea,8,03-01-05-02-01-01-02_r08.wav,375720,0.020218,1,
write,write,,,audio_small,mongo_gridfs,8,03-01-05-02-01-01-02_r08.wav,375720,0.004502,1,
write,write,,,audio_small,polyglot,8,03-01-05-02-01-01-03_r08.wav,372698,0.003922,1,
write,write,,,audio_small,pg_bytea,8,03-01-05-02-01-01-03_r08.wav,372698,0.008926,1,
write,write,,,audio_small,mongo_gridfs,8,03-01-05-02-01-01-03_r08.wav,372698,0.003791,1,
write,write,,,audio_small,pg_bytea,8,03-01-05-02-01-01-15_r08.wav,396294,0.009721,1,
write,write,,,audio_small,polyglot,8,03-01-05-02-01-01-15_r08.wav,396294,0.005702,1,
write,write,,,audio_small,mongo_gridfs,8,03-01-05-02-01-01-15_r08.wav,396294,0.007613,1,
write,write,,,audio_small,polyglot,8,03-01-05-02-01-01-16_r08.wav,399494,0.004941,1,
write,write,,,audio_small,mongo_gridfs,8,03-01-05-02-01-01-16_r08.wav,399494,0.004589,1,
write,write,,,audio_small,pg_bytea,8,03-01-05-02-01-01-16_r08.wav,399494,0.009307,1,
write,write,,,audio_small,mongo_gridfs,8,03-01-05-02-01-01-17_r08.wav,363108,0.010808,1,
write,write,,,audio_small,polyglot,8,03-01-05-02-01-01-17_r08.wav,363108,0.004664,1,
write,write,,,audio_small,pg_bytea,8,03-01-05-02-01-01-17_r08.wav,363108,0.016730,1,
write,write,,,audio_small,polyglot,8,03-01-05-02-02-01-09_r08.wav,396294,0.004616,1,
write,write,,,audio_small,mongo_gridfs,8,03-01-05-02-02-01-09_r08.wav,396294,0.003858,1,
write,write,,,audio_small,pg_bytea,8,03-01-05-02-02-01-09_r08.wav,396294,0.009869,1,
write,write,,,audio_small,mongo_gridfs,8,03-01-05-02-02-01-21_r08.wav,375720,0.009321,1,
write,write,,,audio_small,pg_bytea,8,03-01-05-02-02-01-21_r08.wav,375720,0.009462,1,
write,write,,,audio_small,polyglot,8,03-01-05-02-02-01-21_r08.wav,375720,0.004364,1,
write,write,,,audio_small,pg_bytea,8,03-01-05-02-02-01-22_r08.wav,379106,0.008510,1,
write,write,,,audio_small,mongo_gridfs,8,03-01-05-02-02-01-22_r08.wav,379106,0.004435,1,
write,write,,,audio_small,polyglot,8,03-01-05-02-02-01-22_r08.wav,379106,0.005030,1,
write,write,,,audio_medium,polyglot,8,03-02-01-01-01-02-22_r08.wav,526650,0.005286,1,
write,write,,,audio_medium,pg_bytea,8,03-02-01-01-01-02-22_r08.wav,526650,0.013758,1,
write,write,,,audio_medium,mongo_gridfs,8,03-02-01-01-01-02-22_r08.wav,526650,0.014903,1,
write,write,,,audio_medium,polyglot,8,03-02-01-01-01-02-23_r08.wav,539464,0.008808,1,
write,write,,,audio_medium,pg_bytea,8,03-02-01-01-01-02-23_r08.wav,539464,0.013542,1,
write,write,,,audio_medium,mongo_gridfs,8,03-02-01-01-01-02-23_r08.wav,539464,0.006855,1,
write,write,,,audio_medium,polyglot,8,03-02-01-01-02-02-02_r08.wav,539464,0.006622,1,
write,write,,,audio_medium,mongo_gridfs,8,03-02-01-01-02-02-02_r08.wav,539464,0.006374,1,
write,write,,,audio_medium,pg_bytea,8,03-02-01-01-02-02-02_r08.wav,539464,0.015387,1,
write,write,,,audio_medium,polyglot,8,03-02-01-01-02-02-03_r08.wav,520242,0.009770,1,
write,write,,,audio_medium,pg_bytea,8,03-02-01-01-02-02-03_r08.wav,520242,0.013607,1,
write,write,,,audio_medium,mongo_gridfs,8,03-02-01-01-02-02-03_r08.wav,520242,0.006089,1,
write,write,,,audio_medium,polyglot,8,03-02-01-01-02-02-16_r08.wav,539464,0.006103,1,
write,write,,,audio_medium,mongo_gridfs,8,03-02-01-01-02-02-16_r08.wav,539464,0.005470,1,
write,write,,,audio_medium,pg_bytea,8,03-02-01-01-02-02-16_r08.wav,539464,0.042114,1,
write,write,,,audio_medium,mongo_gridfs,8,03-02-01-01-02-02-17_r08.wav,561888,0.008382,1,
write,write,,,audio_medium,polyglot,8,03-02-01-01-02-02-17_r08.wav,561888,0.007480,1,
write,write,,,audio_medium,pg_bytea,8,03-02-01-01-02-02-17_r08.wav,561888,0.015026,1,
write,write,,,audio_medium,polyglot,8,03-02-01-02-01-02-01_r08.wav,533056,0.006862,1,
write,write,,,audio_medium,pg_bytea,8,03-02-01-02-01-02-01_r08.wav,533056,0.016372,1,
write,write,,,audio_medium,mongo_gridfs,8,03-02-01-02-01-02-01_r08.wav,533056,0.007889,1,
write,write,,,audio_medium,mongo_gridfs,8,03-02-01-02-01-02-02_r08.wav,523448,0.006462,1,
write,write,,,audio_medium,pg_bytea,8,03-02-01-02-01-02-02_r08.wav,523448,0.034217,1,
write,write,,,audio_medium,polyglot,8,03-02-01-02-01-02-02_r08.wav,523448,0.008170,1,
write,write,,,audio_medium,polyglot,8,03-02-01-02-01-02-03_r08.wav,533056,0.006713,1,
write,write,,,audio_medium,mongo_gridfs,8,03-02-01-02-01-02-03_r08.wav,533056,0.006423,1,
write,write,,,audio_medium,pg_bytea,8,03-02-01-02-01-02-03_r08.wav,533056,0.014262,1,
write,write,,,audio_medium,mongo_gridfs,8,03-02-01-02-01-02-15_r08.wav,561882,0.007748,1,
write,write,,,audio_medium,polyglot,8,03-02-01-02-01-02-15_r08.wav,561882,0.007856,1,
write,write,,,audio_medium,pg_bytea,8,03-02-01-02-01-02-15_r08.wav,561882,0.017522,1,
write,write,,,audio_medium,pg_bytea,8,03-02-01-02-01-02-16_r08.wav,526650,0.013467,1,
write,write,,,audio_medium,mongo_gridfs,8,03-02-01-02-01-02-16_r08.wav,526650,0.007436,1,
write,write,,,audio_medium,polyglot,8,03-02-01-02-01-02-16_r08.wav,526650,0.019884,1,
write,write,,,audio_medium,polyglot,8,03-02-01-02-01-02-17_r08.wav,533056,0.010015,1,
write,write,,,audio_medium,mongo_gridfs,8,03-02-01-02-01-02-17_r08.wav,533056,0.008882,1,
write,write,,,audio_medium,pg_bytea,8,03-02-01-02-01-02-17_r08.wav,533056,0.020344,1,
write,write,,,audio_medium,mongo_gridfs,8,03-02-01-02-02-02-22_r08.wav,520242,0.030687,1,
write,write,,,audio_medium,pg_bytea,8,03-02-01-02-02-02-22_r08.wav,520242,0.014764,1,
write,write,,,audio_medium,polyglot,8,03-02-01-02-02-02-22_r08.wav,520242,0.006980,1,
write,write,,,audio_medium,pg_bytea,8,03-02-01-02-02-02-23_r08.wav,520242,0.017786,1,
write,write,,,audio_medium,mongo_gridfs,8,03-02-01-02-02-02-23_r08.wav,520242,0.007969,1,
write,write,,,audio_medium,polyglot,8,03-02-01-02-02-02-23_r08.wav,520242,0.007305,1,
write,write,,,audio_medium,polyglot,8,03-02-02-01-01-01-22_r08.wav,523448,0.006662,1,
write,write,,,audio_medium,pg_bytea,8,03-02-02-01-01-01-22_r08.wav,523448,0.020825,1,
write,write,,,audio_medium,mongo_gridfs,8,03-02-02-01-01-01-22_r08.wav,523448,0.008092,1,
write,write,,,audio_medium,pg_bytea,8,03-02-02-01-01-01-23_r08.wav,561888,0.018585,1,
write,write,,,audio_medium,mongo_gridfs,8,03-02-02-01-01-01-23_r08.wav,561888,0.015370,1,
write,write,,,audio_medium,polyglot,8,03-02-02-01-01-01-23_r08.wav,561888,0.011356,1,
write,write,,,audio_medium,polyglot,8,03-02-02-01-02-01-01_r08.wav,520242,0.008119,1,
write,write,,,audio_medium,mongo_gridfs,8,03-02-02-01-02-01-01_r08.wav,520242,0.008520,1,
write,write,,,audio_medium,pg_bytea,8,03-02-02-01-02-01-01_r08.wav,520242,0.027222,1,
write,write,,,audio_medium,mongo_gridfs,8,03-02-02-01-02-01-02_r08.wav,539464,0.007026,1,
write,write,,,audio_medium,pg_bytea,8,03-02-02-01-02-01-02_r08.wav,539464,0.020508,1,
write,write,,,audio_medium,polyglot,8,03-02-02-01-02-01-02_r08.wav,539464,0.010372,1,
write,write,,,audio_medium,mongo_gridfs,8,03-02-02-01-02-01-03_r08.wav,533056,0.008150,1,
write,write,,,audio_medium,pg_bytea,8,03-02-02-01-02-01-03_r08.wav,533056,0.030515,1,
write,write,,,audio_medium,polyglot,8,03-02-02-01-02-01-03_r08.wav,533056,0.010876,1,
write,write,,,audio_medium,pg_bytea,8,03-02-02-01-02-01-16_r08.wav,561882,0.240111,1,
write,write,,,audio_medium,polyglot,8,03-02-02-01-02-01-16_r08.wav,561882,0.006867,1,
write,write,,,audio_medium,mongo_gridfs,8,03-02-02-01-02-01-16_r08.wav,561882,0.005826,1,
write,write,,,audio_medium,mongo_gridfs,8,03-02-02-02-01-01-01_r08.wav,539464,0.005097,1,
write,write,,,audio_medium,polyglot,8,03-02-02-02-01-01-01_r08.wav,539464,0.005197,1,
write,write,,,audio_medium,pg_bytea,8,03-02-02-02-01-01-01_r08.wav,539464,0.032246,1,
write,write,,,audio_medium,polyglot,8,03-02-02-02-01-01-02_r08.wav,526650,0.006968,1,
write,write,,,audio_medium,pg_bytea,8,03-02-02-02-01-01-02_r08.wav,526650,0.012536,1,
write,write,,,audio_medium,mongo_gridfs,8,03-02-02-02-01-01-02_r08.wav,526650,0.007173,1,
write,write,,,audio_medium,mongo_gridfs,8,03-02-02-02-01-01-15_r08.wav,539464,0.005887,1,
write,write,,,audio_medium,pg_bytea,8,03-02-02-02-01-01-15_r08.wav,539464,0.785901,1,
write,write,,,audio_medium,polyglot,8,03-02-02-02-01-01-15_r08.wav,539464,0.154229,1,
write,write,,,audio_medium,pg_bytea,8,03-02-02-02-01-01-16_r08.wav,520242,1.293992,1,
write,write,,,audio_medium,polyglot,8,03-02-02-02-01-01-16_r08.wav,520242,0.557006,1,
write,write,,,audio_medium,mongo_gridfs,8,03-02-02-02-01-01-16_r08.wav,520242,0.006444,1,
write,write,,,audio_medium,mongo_gridfs,8,03-02-02-02-01-01-17_r08.wav,539464,0.012370,1,
write,write,,,audio_medium,polyglot,8,03-02-02-02-01-01-17_r08.wav,539464,0.446434,1,
write,write,,,audio_medium,pg_bytea,8,03-02-02-02-01-01-17_r08.wav,539464,0.274603,1,
write,write,,,audio_medium,pg_bytea,8,03-02-02-02-02-01-22_r08.wav,539464,0.814826,1,
write,write,,,audio_medium,mongo_gridfs,8,03-02-02-02-02-01-22_r08.wav,539464,0.006961,1,
write,write,,,audio_medium,polyglot,8,03-02-02-02-02-01-22_r08.wav,539464,0.941526,1,
write,write,,,audio_medium,mongo_gridfs,8,03-02-02-02-02-01-23_r08.wav,520242,0.434257,1,
write,write,,,audio_medium,pg_bytea,8,03-02-02-02-02-01-23_r08.wav,520242,0.394416,1,
write,write,,,audio_medium,polyglot,8,03-02-02-02-02-01-23_r08.wav,520242,0.480857,1,
write,write,,,audio_medium,pg_bytea,8,03-02-03-01-01-02-01_r08.wav,561882,0.159668,1,
write,write,,,audio_medium,mongo_gridfs,8,03-02-03-01-01-02-01_r08.wav,561882,0.007026,1,
write,write,,,audio_medium,polyglot,8,03-02-03-01-01-02-01_r08.wav,561882,0.006162,1,
write,write,,,audio_medium,polyglot,8,03-02-03-01-01-02-02_r08.wav,561882,0.009119,1,
write,write,,,audio_medium,pg_bytea,8,03-02-03-01-01-02-02_r08.wav,561882,0.020958,1,
write,write,,,audio_medium,mongo_gridfs,8,03-02-03-01-01-02-02_r08.wav,561882,0.006532,1,
write,write,,,audio_medium,mongo_gridfs,8,03-02-03-01-01-02-03_r08.wav,539464,0.005458,1,
write,write,,,audio_medium,pg_bytea,8,03-02-03-01-01-02-03_r08.wav,539464,0.014527,1,
write,write,,,audio_medium,polyglot,8,03-02-03-01-01-02-03_r08.wav,539464,0.006078,1,
write,write,,,audio_medium,polyglot,8,03-02-03-01-01-02-15_r08.wav,526650,0.007443,1,
write,write,,,audio_medium,pg_bytea,8,03-02-03-01-01-02-15_r08.wav,526650,0.061898,1,
write,write,,,audio_medium,mongo_gridfs,8,03-02-03-01-01-02-15_r08.wav,526650,0.007773,1,
write,write,,,audio_medium,mongo_gridfs,8,03-02-03-01-01-02-16_r08.wav,520242,0.005374,1,
write,write,,,audio_medium,polyglot,8,03-02-03-01-01-02-16_r08.wav,520242,0.005490,1,
write,write,,,audio_medium,pg_bytea,8,03-02-03-01-01-02-16_r08.wav,520242,0.017709,1,
write,write,,,audio_medium,mongo_gridfs,8,03-02-03-01-01-02-17_r08.wav,526650,0.006672,1,
write,write,,,audio_medium,polyglot,8,03-02-03-01-01-02-17_r08.wav,526650,0.005871,1,
write,write,,,audio_medium,pg_bytea,8,03-02-03-01-01-02-17_r08.wav,526650,0.016124,1,
write,write,,,audio_medium,pg_bytea,8,03-02-03-01-02-02-09_r08.wav,539464,0.021859,1,
write,write,,,audio_medium,mongo_gridfs,8,03-02-03-01-02-02-09_r08.wav,539464,0.006221,1,
write,write,,,audio_medium,polyglot,8,03-02-03-01-02-02-09_r08.wav,539464,0.008995,1,
write,write,,,audio_medium,polyglot,8,03-02-03-01-02-02-21_r08.wav,533056,0.005664,1,
write,write,,,audio_medium,mongo_gridfs,8,03-02-03-01-02-02-21_r08.wav,533056,0.005315,1,
write,write,,,audio_medium,pg_bytea,8,03-02-03-01-02-02-21_r08.wav,533056,0.017176,1,
write,write,,,audio_medium,pg_bytea,8,03-02-03-01-02-02-22_r08.wav,561888,0.023045,1,
write,write,,,audio_medium,polyglot,8,03-02-03-01-02-02-22_r08.wav,561888,0.008644,1,
write,write,,,audio_medium,mongo_gridfs,8,03-02-03-01-02-02-22_r08.wav,561888,0.013231,1,
write,write,,,audio_medium,polyglot,8,03-02-03-01-02-02-23_r08.wav,539464,0.005394,1,
write,write,,,audio_medium,mongo_gridfs,8,03-02-03-01-02-02-23_r08.wav,539464,0.005325,1,
write,write,,,audio_medium,pg_bytea,8,03-02-03-01-02-02-23_r08.wav,539464,0.018051,1,
write,write,,,audio_medium,mongo_gridfs,8,03-02-03-02-01-02-09_r08.wav,561882,0.006340,1,
write,write,,,audio_medium,polyglot,8,03-02-03-02-01-02-09_r08.wav,561882,0.006119,1,
write,write,,,audio_medium,pg_bytea,8,03-02-03-02-01-02-09_r08.wav,561882,0.014553,1,
write,write,,,audio_medium,pg_bytea,8,03-02-03-02-01-02-21_r08.wav,539464,0.024194,1,
write,write,,,audio_medium,mongo_gridfs,8,03-02-03-02-01-02-21_r08.wav,539464,0.006441,1,
write,write,,,audio_medium,polyglot,8,03-02-03-02-01-02-21_r08.wav,539464,0.006213,1,
write,write,,,audio_medium,polyglot,8,03-02-03-02-01-02-22_r08.wav,526650,0.006093,1,
write,write,,,audio_medium,mongo_gridfs,8,03-02-03-02-01-02-22_r08.wav,526650,0.008055,1,
write,write,,,audio_medium,pg_bytea,8,03-02-03-02-01-02-22_r08.wav,526650,0.017333,1,
write,write,,,audio_medium,mongo_gridfs,8,03-02-03-02-01-02-23_r08.wav,561888,0.009143,1,
write,write,,,audio_medium,polyglot,8,03-02-03-02-01-02-23_r08.wav,561888,0.008332,1,
write,write,,,audio_medium,pg_bytea,8,03-02-03-02-01-02-23_r08.wav,561888,0.032756,1,
write,write,,,audio_medium,pg_bytea,8,03-02-03-02-02-02-01_r08.wav,561882,0.111556,1,
write,write,,,audio_medium,mongo_gridfs,8,03-02-03-02-02-02-01_r08.wav,561882,0.007032,1,
write,write,,,audio_medium,polyglot,8,03-02-03-02-02-02-01_r08.wav,561882,0.044055,1,
write,write,,,audio_medium,mongo_gridfs,8,03-02-03-02-02-02-02_r08.wav,523448,0.005721,1,
write,write,,,audio_medium,polyglot,8,03-02-03-02-02-02-02_r08.wav,523448,0.008902,1,
write,write,,,audio_medium,pg_bytea,8,03-02-03-02-02-02-02_r08.wav,523448,0.013918,1,
write,write,,,audio_medium,polyglot,8,03-02-03-02-02-02-03_r08.wav,561888,0.007056,1,
write,write,,,audio_medium,mongo_gridfs,8,03-02-03-02-02-02-03_r08.wav,561888,0.005320,1,
write,write,,,audio_medium,pg_bytea,8,03-02-03-02-02-02-03_r08.wav,561888,0.018254,1,
write,write,,,audio_medium,mongo_gridfs,8,03-02-03-02-02-02-15_r08.wav,523448,0.006060,1,
write,write,,,audio_medium,polyglot,8,03-02-03-02-02-02-15_r08.wav,523448,0.013241,1,
write,write,,,audio_medium,pg_bytea,8,03-02-03-02-02-02-15_r08.wav,523448,0.016208,1,
write,write,,,audio_medium,polyglot,8,03-02-03-02-02-02-16_r08.wav,561882,0.008230,1,
write,write,,,audio_medium,pg_bytea,8,03-02-03-02-02-02-16_r08.wav,561882,0.018734,1,
write,write,,,audio_medium,mongo_gridfs,8,03-02-03-02-02-02-16_r08.wav,561882,0.014954,1,
write,write,,,audio_medium,mongo_gridfs,8,03-02-03-02-02-02-17_r08.wav,523448,0.007132,1,
write,write,,,audio_medium,polyglot,8,03-02-03-02-02-02-17_r08.wav,523448,0.007140,1,
write,write,,,audio_medium,pg_bytea,8,03-02-03-02-02-02-17_r08.wav,523448,0.016272,1,
write,write,,,audio_medium,polyglot,8,03-02-04-01-01-02-05_r08.wav,561882,0.007661,1,
write,write,,,audio_medium,pg_bytea,8,03-02-04-01-01-02-05_r08.wav,561882,0.018691,1,
write,write,,,audio_medium,mongo_gridfs,8,03-02-04-01-01-02-05_r08.wav,561882,0.006520,1,
write,write,,,audio_medium,pg_bytea,8,03-02-04-01-01-02-06_r08.wav,526650,0.014616,1,
write,write,,,audio_medium,mongo_gridfs,8,03-02-04-01-01-02-06_r08.wav,526650,0.006044,1,
write,write,,,audio_medium,polyglot,8,03-02-04-01-01-02-06_r08.wav,526650,0.005874,1,
write,write,,,audio_medium,pg_bytea,8,03-02-04-01-01-02-07_r08.wav,523448,0.016168,1,
write,write,,,audio_medium,mongo_gridfs,8,03-02-04-01-01-02-07_r08.wav,523448,0.008110,1,
write,write,,,audio_medium,polyglot,8,03-02-04-01-01-02-07_r08.wav,523448,0.007442,1,
write,write,,,audio_medium,mongo_gridfs,8,03-02-04-01-01-02-11_r08.wav,539464,0.008676,1,
write,write,,,audio_medium,polyglot,8,03-02-04-01-01-02-11_r08.wav,539464,0.005873,1,
write,write,,,audio_medium,pg_bytea,8,03-02-04-01-01-02-11_r08.wav,539464,0.014530,1,
write,write,,,audio_medium,pg_bytea,8,03-02-04-01-01-02-12_r08.wav,523448,0.017950,1,
write,write,,,audio_medium,mongo_gridfs,8,03-02-04-01-01-02-12_r08.wav,523448,0.007038,1,
write,write,,,audio_medium,polyglot,8,03-02-04-01-01-02-12_r08.wav,523448,0.006367,1,
write,write,,,audio_medium,polyglot,8,03-02-04-01-01-02-13_r08.wav,539464,0.005612,1,
write,write,,,audio_medium,pg_bytea,8,03-02-04-01-01-02-13_r08.wav,539464,0.013009,1,
write,write,,,audio_medium,mongo_gridfs,8,03-02-04-01-01-02-13_r08.wav,539464,0.006158,1,
write,write,,,audio_medium,mongo_gridfs,8,03-02-04-01-02-02-19_r08.wav,561888,0.006095,1,
write,write,,,audio_medium,pg_bytea,8,03-02-04-01-02-02-19_r08.wav,561888,0.016602,1,
write,write,,,audio_medium,polyglot,8,03-02-04-01-02-02-19_r08.wav,561888,0.006723,1,
write,write,,,audio_medium,mongo_gridfs,8,03-02-04-02-02-02-05_r08.wav,526650,0.006617,1,
write,write,,,audio_medium,pg_bytea,8,03-02-04-02-02-02-05_r08.wav,526650,0.015512,1,
write,write,,,audio_medium,polyglot,8,03-02-04-02-02-02-05_r08.wav,526650,0.006390,1,
write,write,,,audio_medium,mongo_gridfs,8,03-02-04-02-02-02-06_r08.wav,526650,0.005694,1,
write,write,,,audio_medium,pg_bytea,8,03-02-04-02-02-02-06_r08.wav,526650,0.016298,1,
write,write,,,audio_medium,polyglot,8,03-02-04-02-02-02-06_r08.wav,526650,0.009520,1,
write,write,,,audio_medium,polyglot,8,03-02-04-02-02-02-07_r08.wav,561888,0.007450,1,
write,write,,,audio_medium,pg_bytea,8,03-02-04-02-02-02-07_r08.wav,561888,0.018052,1,
write,write,,,audio_medium,mongo_gridfs,8,03-02-04-02-02-02-07_r08.wav,561888,0.009846,1,
write,write,,,audio_medium,mongo_gridfs,8,03-02-04-02-02-02-11_r08.wav,561888,0.006286,1,
write,write,,,audio_medium,pg_bytea,8,03-02-04-02-02-02-11_r08.wav,561888,0.014066,1,
write,write,,,audio_medium,polyglot,8,03-02-04-02-02-02-11_r08.wav,561888,0.006598,1,
write,write,,,audio_medium,polyglot,8,03-02-04-02-02-02-12_r08.wav,523448,0.006762,1,
write,write,,,audio_medium,mongo_gridfs,8,03-02-04-02-02-02-12_r08.wav,523448,0.005927,1,
write,write,,,audio_medium,pg_bytea,8,03-02-04-02-02-02-12_r08.wav,523448,0.012897,1,
write,write,,,audio_medium,mongo_gridfs,8,03-02-04-02-02-02-13_r08.wav,533056,0.007421,1,
write,write,,,audio_medium,pg_bytea,8,03-02-04-02-02-02-13_r08.wav,533056,0.015055,1,
write,write,,,audio_medium,polyglot,8,03-02-04-02-02-02-13_r08.wav,533056,0.008565,1,
write,write,,,audio_medium,mongo_gridfs,8,03-02-05-01-02-01-06_r08.wav,561882,0.006091,1,
write,write,,,audio_medium,pg_bytea,8,03-02-05-01-02-01-06_r08.wav,561882,0.018787,1,
write,write,,,audio_medium,polyglot,8,03-02-05-01-02-01-06_r08.wav,561882,0.007305,1,
write,write,,,audio_medium,pg_bytea,8,03-02-05-01-02-01-07_r08.wav,520242,0.015399,1,
write,write,,,audio_medium,mongo_gridfs,8,03-02-05-01-02-01-07_r08.wav,520242,0.006004,1,
write,write,,,audio_medium,polyglot,8,03-02-05-01-02-01-07_r08.wav,520242,0.006230,1,
write,write,,,audio_medium,mongo_gridfs,8,03-02-05-01-02-01-12_r08.wav,520242,0.005162,1,
write,write,,,audio_medium,polyglot,8,03-02-05-01-02-01-12_r08.wav,520242,0.006459,1,
write,write,,,audio_medium,pg_bytea,8,03-02-05-01-02-01-12_r08.wav,520242,0.016779,1,
write,write,,,audio_medium,polyglot,8,03-02-05-01-02-01-13_r08.wav,561888,0.009824,1,
write,write,,,audio_medium,mongo_gridfs,8,03-02-05-01-02-01-13_r08.wav,561888,0.005915,1,
write,write,,,audio_medium,pg_bytea,8,03-02-05-01-02-01-13_r08.wav,561888,0.020307,1,
write,write,,,audio_medium,polyglot,8,03-02-05-02-01-01-05_r08.wav,539464,0.008447,1,
write,write,,,audio_medium,mongo_gridfs,8,03-02-05-02-01-01-05_r08.wav,539464,0.005498,1,
write,write,,,audio_medium,pg_bytea,8,03-02-05-02-01-01-05_r08.wav,539464,0.013291,1,
write,write,,,audio_medium,mongo_gridfs,8,03-02-05-02-01-01-06_r08.wav,561888,0.006228,1,
write,write,,,audio_medium,pg_bytea,8,03-02-05-02-01-01-06_r08.wav,561888,0.017870,1,
write,write,,,audio_medium,polyglot,8,03-02-05-02-01-01-06_r08.wav,561888,0.012953,1,
write,write,,,audio_medium,mongo_gridfs,8,03-02-05-02-01-01-07_r08.wav,533056,0.006126,1,
write,write,,,audio_medium,polyglot,8,03-02-05-02-01-01-07_r08.wav,533056,0.005862,1,
write,write,,,audio_medium,pg_bytea,8,03-02-05-02-01-01-07_r08.wav,533056,0.017462,1,
write,write,,,audio_medium,mongo_gridfs,8,03-02-05-02-01-01-11_r08.wav,561888,0.009262,1,
write,write,,,audio_medium,polyglot,8,03-02-05-02-01-01-11_r08.wav,561888,0.013273,1,
write,write,,,audio_medium,pg_bytea,8,03-02-05-02-01-01-11_r08.wav,561888,0.021253,1,
write,write,,,audio_medium,mongo_gridfs,8,03-02-05-02-01-01-12_r08.wav,533056,0.007477,1,
write,write,,,audio_medium,polyglot,8,03-02-05-02-01-01-12_r08.wav,533056,0.006332,1,
write,write,,,audio_medium,pg_bytea,8,03-02-05-02-01-01-12_r08.wav,533056,0.015207,1,
write,write,,,audio_medium,pg_bytea,8,03-02-05-02-01-01-13_r08.wav,526650,0.015885,1,
write,write,,,audio_medium,polyglot,8,03-02-05-02-01-01-13_r08.wav,526650,0.009725,1,
write,write,,,audio_medium,mongo_gridfs,8,03-02-05-02-01-01-13_r08.wav,526650,0.006147,1,
write,write,,,video_small,mongo_gridfs,8,01-01-01-01-01-01-22_r08.mp4,5457041,0.041758,1,
write,write,,,video_small,pg_bytea,8,01-01-01-01-01-01-22_r08.mp4,5457041,0.170390,1,
write,write,,,video_small,polyglot,8,01-01-01-01-01-01-22_r08.mp4,5457041,0.042516,1,
write,write,,,video_small,pg_bytea,8,01-01-01-01-01-02-01_r08.mp4,5457041,0.151799,1,
write,write,,,video_small,polyglot,8,01-01-01-01-01-02-01_r08.mp4,5457041,0.050884,1,
write,write,,,video_small,mongo_gridfs,8,01-01-01-01-01-02-01_r08.mp4,5457041,0.047013,1,
write,write,,,video_small,mongo_gridfs,8,01-01-01-01-01-02-15_r08.mp4,5457041,0.044620,1,
write,write,,,video_small,pg_bytea,8,01-01-01-01-01-02-15_r08.mp4,5457041,0.173231,1,
write,write,,,video_small,polyglot,8,01-01-01-01-01-02-15_r08.mp4,5457041,0.042858,1,
write,write,,,video_small,mongo_gridfs,8,01-01-01-01-02-01-06_r08.mp4,5457041,0.048231,1,
write,write,,,video_small,polyglot,8,01-01-01-01-02-01-06_r08.mp4,5457041,0.047968,1,
write,write,,,video_small,pg_bytea,8,01-01-01-01-02-01-06_r08.mp4,5457041,0.163068,1,
write,write,,,video_small,polyglot,8,01-01-01-01-02-01-13_r08.mp4,5457041,0.048658,1,
write,write,,,video_small,pg_bytea,8,01-01-01-01-02-01-13_r08.mp4,5457041,0.166080,1,
write,write,,,video_small,mongo_gridfs,8,01-01-01-01-02-01-13_r08.mp4,5457041,0.041614,1,
write,write,,,video_small,mongo_gridfs,8,01-01-01-01-02-01-14_r08.mp4,5457041,0.049835,1,
write,write,,,video_small,polyglot,8,01-01-01-01-02-01-14_r08.mp4,5457041,0.049885,1,
write,write,,,video_small,pg_bytea,8,01-01-01-01-02-01-14_r08.mp4,5457041,0.160424,1,
write,write,,,video_small,pg_bytea,8,01-01-01-01-02-02-09_r08.mp4,5498397,0.195337,1,
write,write,,,video_small,polyglot,8,01-01-01-01-02-02-09_r08.mp4,5498397,0.047410,1,
write,write,,,video_small,mongo_gridfs,8,01-01-01-01-02-02-09_r08.mp4,5498397,0.042590,1,
write,write,,,video_small,polyglot,8,01-01-01-02-01-01-01_r08.mp4,5498397,0.043421,1,
write,write,,,video_small,mongo_gridfs,8,01-01-01-02-01-01-01_r08.mp4,5498397,0.051849,1,
write,write,,,video_small,pg_bytea,8,01-01-01-02-01-01-01_r08.mp4,5498397,0.187161,1,
write,write,,,video_small,mongo_gridfs,8,01-01-01-02-01-01-05_r08.mp4,5457041,0.056888,1,
write,write,,,video_small,pg_bytea,8,01-01-01-02-01-01-05_r08.mp4,5457041,0.168123,1,
write,write,,,video_small,polyglot,8,01-01-01-02-01-01-05_r08.mp4,5457041,0.057699,1,
write,write,,,video_small,polyglot,8,01-01-01-02-01-01-15_r08.mp4,5457041,0.043735,1,
write,write,,,video_small,pg_bytea,8,01-01-01-02-01-01-15_r08.mp4,5457041,0.146142,1,
write,write,,,video_small,mongo_gridfs,8,01-01-01-02-01-01-15_r08.mp4,5457041,0.042168,1,
write,write,,,video_small,mongo_gridfs,8,01-01-01-02-02-01-18_r08.mp4,5457041,0.042839,1,
write,write,,,video_small,polyglot,8,01-01-01-02-02-01-18_r08.mp4,5457041,0.047161,1,
write,write,,,video_small,pg_bytea,8,01-01-01-02-02-01-18_r08.mp4,5457041,0.172078,1,
write,write,,,video_small,polyglot,8,01-01-01-02-02-01-19_r08.mp4,5457041,0.058657,1,
write,write,,,video_small,pg_bytea,8,01-01-01-02-02-01-19_r08.mp4,5457041,0.257369,1,
write,write,,,video_small,mongo_gridfs,8,01-01-01-02-02-01-19_r08.mp4,5457041,0.039432,1,
write,write,,,video_small,pg_bytea,8,01-01-02-01-01-02-09_r08.mp4,5498397,0.165371,1,
write,write,,,video_small,polyglot,8,01-01-02-01-01-02-09_r08.mp4,5498397,0.043753,1,
write,write,,,video_small,mongo_gridfs,8,01-01-02-01-01-02-09_r08.mp4,5498397,0.046844,1,
write,write,,,video_small,mongo_gridfs,8,01-01-02-01-01-02-18_r08.mp4,5498397,0.040064,1,
write,write,,,video_small,pg_bytea,8,01-01-02-01-01-02-18_r08.mp4,5498397,1.210083,1,
write,write,,,video_small,polyglot,8,01-01-02-01-01-02-18_r08.mp4,5498397,0.054766,1,
write,write,,,video_small,polyglot,8,01-01-02-01-01-02-23_r08.mp4,5498397,0.058301,1,
write,write,,,video_small,mongo_gridfs,8,01-01-02-01-01-02-23_r08.mp4,5498397,0.050619,1,
write,write,,,video_small,pg_bytea,8,01-01-02-01-01-02-23_r08.mp4,5498397,0.192189,1,
write,write,,,video_small,polyglot,8,01-01-02-01-02-01-09_r08.mp4,5498397,0.045476,1,
write,write,,,video_small,mongo_gridfs,8,01-01-02-01-02-01-09_r08.mp4,5498397,0.040201,1,
write,write,,,video_small,pg_bytea,8,01-01-02-01-02-01-09_r08.mp4,5498397,0.204514,1,
write,write,,,video_small,mongo_gridfs,8,01-01-02-01-02-02-01_r08.mp4,5498397,0.048870,1,
write,write,,,video_small,pg_bytea,8,01-01-02-01-02-02-01_r08.mp4,5498397,0.145301,1,
write,write,,,video_small,polyglot,8,01-01-02-01-02-02-01_r08.mp4,5498397,0.043951,1,
write,write,,,video_small,polyglot,8,01-01-02-01-02-02-03_r08.mp4,5498397,0.039957,1,
write,write,,,video_small,pg_bytea,8,01-01-02-01-02-02-03_r08.mp4,5498397,0.141103,1,
write,write,,,video_small,mongo_gridfs,8,01-01-02-01-02-02-03_r08.mp4,5498397,0.052764,1,
write,write,,,video_small,pg_bytea,8,01-01-02-02-01-02-02_r08.mp4,5498397,0.150947,1,
write,write,,,video_small,mongo_gridfs,8,01-01-02-02-01-02-02_r08.mp4,5498397,0.052519,1,
write,write,,,video_small,polyglot,8,01-01-02-02-01-02-02_r08.mp4,5498397,0.041237,1,
write,write,,,video_small,pg_bytea,8,01-01-02-02-01-02-03_r08.mp4,5498397,0.159922,1,
write,write,,,video_small,mongo_gridfs,8,01-01-02-02-01-02-03_r08.mp4,5498397,0.057863,1,
write,write,,,video_small,polyglot,8,01-01-02-02-01-02-03_r08.mp4,5498397,0.047162,1,
write,write,,,video_small,polyglot,8,01-01-02-02-01-02-05_r08.mp4,5498397,0.060664,1,
write,write,,,video_small,pg_bytea,8,01-01-02-02-01-02-05_r08.mp4,5498397,0.291583,1,
write,write,,,video_small,mongo_gridfs,8,01-01-02-02-01-02-05_r08.mp4,5498397,0.090577,1,
write,write,,,video_small,polyglot,8,01-01-02-02-01-02-10_r08.mp4,5457041,0.088294,1,
write,write,,,video_small,pg_bytea,8,01-01-02-02-01-02-10_r08.mp4,5457041,0.256505,1,
write,write,,,video_small,mongo_gridfs,8,01-01-02-02-01-02-10_r08.mp4,5457041,0.043352,1,
write,write,,,video_small,polyglot,8,01-01-02-02-01-02-13_r08.mp4,5457041,0.045490,1,
write,write,,,video_small,pg_bytea,8,01-01-02-02-01-02-13_r08.mp4,5457041,0.192532,1,
write,write,,,video_small,mongo_gridfs,8,01-01-02-02-01-02-13_r08.mp4,5457041,0.048075,1,
write,write,,,video_small,pg_bytea,8,01-01-02-02-01-02-17_r08.mp4,5457041,0.171330,1,
write,write,,,video_small,polyglot,8,01-01-02-02-01-02-17_r08.mp4,5457041,0.042380,1,
write,write,,,video_small,mongo_gridfs,8,01-01-02-02-01-02-17_r08.mp4,5457041,0.080956,1,
write,write,,,video_small,pg_bytea,8,01-01-02-02-02-02-18_r08.mp4,5457041,1.769578,1,
write,write,,,video_small,polyglot,8,01-01-02-02-02-02-18_r08.mp4,5457041,0.050993,1,
write,write,,,video_small,mongo_gridfs,8,01-01-02-02-02-02-18_r08.mp4,5457041,0.070236,1,
write,write,,,video_small,mongo_gridfs,8,01-01-02-02-02-02-19_r08.mp4,5457041,0.044711,1,
write,write,,,video_small,polyglot,8,01-01-02-02-02-02-19_r08.mp4,5457041,0.039653,1,
write,write,,,video_small,pg_bytea,8,01-01-02-02-02-02-19_r08.mp4,5457041,0.141081,1,
write,write,,,video_small,pg_bytea,8,01-01-02-02-02-02-21_r08.mp4,5498397,0.144980,1,
write,write,,,video_small,mongo_gridfs,8,01-01-02-02-02-02-21_r08.mp4,5498397,0.044739,1,
write,write,,,video_small,polyglot,8,01-01-02-02-02-02-21_r08.mp4,5498397,0.056306,1,
write,write,,,video_small,mongo_gridfs,8,01-01-02-02-02-02-22_r08.mp4,5457041,0.047549,1,
write,write,,,video_small,polyglot,8,01-01-02-02-02-02-22_r08.mp4,5457041,0.050310,1,
write,write,,,video_small,pg_bytea,8,01-01-02-02-02-02-22_r08.mp4,5457041,0.183386,1,
write,write,,,video_small,pg_bytea,8,01-01-02-02-02-02-23_r08.mp4,5457041,0.211037,1,
write,write,,,video_small,polyglot,8,01-01-02-02-02-02-23_r08.mp4,5457041,0.045586,1,
write,write,,,video_small,mongo_gridfs,8,01-01-02-02-02-02-23_r08.mp4,5457041,0.042275,1,
write,write,,,video_small,polyglot,8,01-01-03-01-01-01-12_r08.mp4,5457041,0.086877,1,
write,write,,,video_small,pg_bytea,8,01-01-03-01-01-01-12_r08.mp4,5457041,0.320879,1,
write,write,,,video_small,mongo_gridfs,8,01-01-03-01-01-01-12_r08.mp4,5457041,0.057073,1,
write,write,,,video_small,mongo_gridfs,8,01-01-03-01-01-01-15_r08.mp4,5457041,0.052424,1,
write,write,,,video_small,pg_bytea,8,01-01-03-01-01-01-15_r08.mp4,5457041,0.218612,1,
write,write,,,video_small,polyglot,8,01-01-03-01-01-01-15_r08.mp4,5457041,0.045708,1,
write,write,,,video_small,mongo_gridfs,8,01-01-03-01-02-01-08_r08.mp4,5498397,0.047436,1,
write,write,,,video_small,pg_bytea,8,01-01-03-01-02-01-08_r08.mp4,5498397,0.257058,1,
write,write,,,video_small,polyglot,8,01-01-03-01-02-01-08_r08.mp4,5498397,0.066808,1,
write,write,,,video_small,pg_bytea,8,01-01-03-01-02-01-21_r08.mp4,5498397,0.157817,1,
write,write,,,video_small,polyglot,8,01-01-03-01-02-01-21_r08.mp4,5498397,0.053325,1,
write,write,,,video_small,mongo_gridfs,8,01-01-03-01-02-01-21_r08.mp4,5498397,0.050464,1,
write,write,,,video_small,pg_bytea,8,01-01-03-02-01-01-21_r08.mp4,5457041,0.166530,1,
write,write,,,video_small,mongo_gridfs,8,01-01-03-02-01-01-21_r08.mp4,5457041,0.044816,1,
write,write,,,video_small,polyglot,8,01-01-03-02-01-01-21_r08.mp4,5457041,0.040261,1,
write,write,,,video_small,mongo_gridfs,8,01-01-03-02-01-01-24_r08.mp4,5457041,0.042785,1,
write,write,,,video_small,polyglot,8,01-01-03-02-01-01-24_r08.mp4,5457041,0.042924,1,
write,write,,,video_small,pg_bytea,8,01-01-03-02-01-01-24_r08.mp4,5457041,0.146007,1,
write,write,,,video_small,pg_bytea,8,01-01-03-02-01-02-01_r08.mp4,5457041,0.575562,1,
write,write,,,video_small,mongo_gridfs,8,01-01-03-02-01-02-01_r08.mp4,5457041,0.120404,1,
write,write,,,video_small,polyglot,8,01-01-03-02-01-02-01_r08.mp4,5457041,0.049632,1,
write,write,,,video_small,pg_bytea,8,01-01-03-02-01-02-15_r08.mp4,5457041,0.146813,1,
write,write,,,video_small,mongo_gridfs,8,01-01-03-02-01-02-15_r08.mp4,5457041,0.052489,1,
write,write,,,video_small,polyglot,8,01-01-03-02-01-02-15_r08.mp4,5457041,0.042444,1,
write,write,,,video_small,polyglot,8,01-01-03-02-02-01-05_r08.mp4,5457041,0.059397,1,
write,write,,,video_small,mongo_gridfs,8,01-01-03-02-02-01-05_r08.mp4,5457041,0.037941,1,
write,write,,,video_small,pg_bytea,8,01-01-03-02-02-01-05_r08.mp4,5457041,0.194284,1,
write,write,,,video_small,pg_bytea,8,01-01-03-02-02-01-12_r08.mp4,5457041,0.140480,1,
write,write,,,video_small,polyglot,8,01-01-03-02-02-01-12_r08.mp4,5457041,0.049577,1,
write,write,,,video_small,mongo_gridfs,8,01-01-03-02-02-01-12_r08.mp4,5457041,0.043404,1,
write,write,,,video_small,polyglot,8,01-01-03-02-02-01-15_r08.mp4,5498397,0.058916,1,
write,write,,,video_small,pg_bytea,8,01-01-03-02-02-01-15_r08.mp4,5498397,0.144982,1,
write,write,,,video_small,mongo_gridfs,8,01-01-03-02-02-01-15_r08.mp4,5498397,0.041825,1,
write,write,,,video_small,pg_bytea,8,01-01-04-01-01-01-03_r08.mp4,5457041,0.139077,1,
write,write,,,video_small,mongo_gridfs,8,01-01-04-01-01-01-03_r08.mp4,5457041,0.049827,1,
write,write,,,video_small,polyglot,8,01-01-04-01-01-01-03_r08.mp4,5457041,0.103824,1,
write,write,,,video_small,mongo_gridfs,8,01-01-04-01-01-01-05_r08.mp4,5498397,0.047826,1,
write,write,,,video_small,polyglot,8,01-01-04-01-01-01-05_r08.mp4,5498397,0.052640,1,
write,write,,,video_small,pg_bytea,8,01-01-04-01-01-01-05_r08.mp4,5498397,0.167706,1,
write,write,,,video_small,polyglot,8,01-01-04-01-01-01-10_r08.mp4,5457041,0.056525,1,
write,write,,,video_small,pg_bytea,8,01-01-04-01-01-01-10_r08.mp4,5457041,0.150240,1,
write,write,,,video_small,mongo_gridfs,8,01-01-04-01-01-01-10_r08.mp4,5457041,0.038472,1,
write,write,,,video_small,pg_bytea,8,01-01-04-01-01-01-16_r08.mp4,5457041,0.145990,1,
write,write,,,video_small,polyglot,8,01-01-04-01-01-01-16_r08.mp4,5457041,0.043073,1,
write,write,,,video_small,mongo_gridfs,8,01-01-04-01-01-01-16_r08.mp4,5457041,0.046965,1,
write,write,,,video_small,pg_bytea,8,01-01-04-01-02-01-19_r08.mp4,5498397,0.156791,1,
write,write,,,video_small,polyglot,8,01-01-04-01-02-01-19_r08.mp4,5498397,0.041785,1,
write,write,,,video_small,mongo_gridfs,8,01-01-04-01-02-01-19_r08.mp4,5498397,0.040762,1,
write,write,,,video_small,mongo_gridfs,8,01-01-04-01-02-01-21_r08.mp4,5498397,0.045822,1,
write,write,,,video_small,pg_bytea,8,01-01-04-01-02-01-21_r08.mp4,5498397,0.153410,1,
write,write,,,video_small,polyglot,8,01-01-04-01-02-01-21_r08.mp4,5498397,0.055408,1,
write,write,,,video_small,pg_bytea,8,01-01-04-01-02-01-22_r08.mp4,5498397,0.154130,1,
write,write,,,video_small,mongo_gridfs,8,01-01-04-01-02-01-22_r08.mp4,5498397,0.043320,1,
write,write,,,video_small,polyglot,8,01-01-04-01-02-01-22_r08.mp4,5498397,0.044848,1,
write,write,,,video_small,mongo_gridfs,8,01-01-04-02-01-01-18_r08.mp4,5498397,0.045617,1,
write,write,,,video_small,polyglot,8,01-01-04-02-01-01-18_r08.mp4,5498397,0.040823,1,
write,write,,,video_small,pg_bytea,8,01-01-04-02-01-01-18_r08.mp4,5498397,0.444774,1,
write,write,,,video_small,polyglot,8,01-01-04-02-01-01-19_r08.mp4,5457041,0.046963,1,
write,write,,,video_small,pg_bytea,8,01-01-04-02-01-01-19_r08.mp4,5457041,0.147254,1,
write,write,,,video_small,mongo_gridfs,8,01-01-04-02-01-01-19_r08.mp4,5457041,0.057787,1,
write,write,,,video_small,pg_bytea,8,01-01-04-02-02-01-02_r08.mp4,5498397,1.724636,1,
write,write,,,video_small,polyglot,8,01-01-04-02-02-01-02_r08.mp4,5498397,0.049929,1,
write,write,,,video_small,mongo_gridfs,8,01-01-04-02-02-01-02_r08.mp4,5498397,0.043252,1,
write,write,,,video_small,pg_bytea,8,01-01-04-02-02-01-05_r08.mp4,5498397,0.221855,1,
write,write,,,video_small,polyglot,8,01-01-04-02-02-01-05_r08.mp4,5498397,0.044103,1,
write,write,,,video_small,mongo_gridfs,8,01-01-04-02-02-01-05_r08.mp4,5498397,0.041669,1,
write,write,,,video_small,polyglot,8,01-01-04-02-02-01-06_r08.mp4,5498397,0.052762,1,
write,write,,,video_small,mongo_gridfs,8,01-01-04-02-02-01-06_r08.mp4,5498397,0.059503,1,
write,write,,,video_small,pg_bytea,8,01-01-04-02-02-01-06_r08.mp4,5498397,0.151624,1,
write,write,,,video_small,pg_bytea,8,01-01-04-02-02-01-13_r08.mp4,5498397,0.152357,1,
write,write,,,video_small,polyglot,8,01-01-04-02-02-01-13_r08.mp4,5498397,0.104070,1,
write,write,,,video_small,mongo_gridfs,8,01-01-04-02-02-01-13_r08.mp4,5498397,0.073797,1,
write,write,,,video_small,polyglot,8,01-01-04-02-02-01-17_r08.mp4,5498397,0.102007,1,
write,write,,,video_small,pg_bytea,8,01-01-04-02-02-01-17_r08.mp4,5498397,0.145843,1,
write,write,,,video_small,mongo_gridfs,8,01-01-04-02-02-01-17_r08.mp4,5498397,0.053567,1,
write,write,,,video_small,polyglot,8,01-01-04-02-02-02-19_r08.mp4,5498397,0.043075,1,
write,write,,,video_small,mongo_gridfs,8,01-01-04-02-02-02-19_r08.mp4,5498397,0.039474,1,
write,write,,,video_small,pg_bytea,8,01-01-04-02-02-02-19_r08.mp4,5498397,0.159575,1,
write,write,,,video_small,mongo_gridfs,8,01-01-05-01-01-02-09_r08.mp4,5457041,0.046675,1,
write,write,,,video_small,polyglot,8,01-01-05-01-01-02-09_r08.mp4,5457041,0.043690,1,
write,write,,,video_small,pg_bytea,8,01-01-05-01-01-02-09_r08.mp4,5457041,0.177847,1,
write,write,,,video_small,mongo_gridfs,8,01-01-05-01-01-02-19_r08.mp4,5498397,0.047272,1,
write,write,,,video_small,polyglot,8,01-01-05-01-01-02-19_r08.mp4,5498397,0.050995,1,
write,write,,,video_small,pg_bytea,8,01-01-05-01-01-02-19_r08.mp4,5498397,0.135163,1,
write,write,,,video_small,pg_bytea,8,01-01-05-01-01-02-21_r08.mp4,5457041,0.144498,1,
write,write,,,video_small,polyglot,8,01-01-05-01-01-02-21_r08.mp4,5457041,0.044942,1,
write,write,,,video_small,mongo_gridfs,8,01-01-05-01-01-02-21_r08.mp4,5457041,0.039151,1,
write,write,,,video_small,pg_bytea,8,01-01-05-01-02-01-19_r08.mp4,5457041,0.169988,1,
write,write,,,video_small,mongo_gridfs,8,01-01-05-01-02-01-19_r08.mp4,5457041,0.045081,1,
write,write,,,video_small,polyglot,8,01-01-05-01-02-01-19_r08.mp4,5457041,0.042082,1,
write,write,,,video_small,mongo_gridfs,8,01-01-05-01-02-02-04_r08.mp4,5457041,0.044931,1,
write,write,,,video_small,pg_bytea,8,01-01-05-01-02-02-04_r08.mp4,5457041,0.230316,1,
write,write,,,video_small,polyglot,8,01-01-05-01-02-02-04_r08.mp4,5457041,0.045635,1,
write,write,,,video_small,polyglot,8,01-01-05-01-02-02-05_r08.mp4,5498397,0.058680,1,
write,write,,,video_small,mongo_gridfs,8,01-01-05-01-02-02-05_r08.mp4,5498397,0.069319,1,
write,write,,,video_small,pg_bytea,8,01-01-05-01-02-02-05_r08.mp4,5498397,0.165451,1,
write,write,,,video_small,mongo_gridfs,8,01-01-05-02-01-02-04_r08.mp4,5457041,0.143564,1,
write,write,,,video_small,polyglot,8,01-01-05-02-01-02-04_r08.mp4,5457041,0.052344,1,
write,write,,,video_small,pg_bytea,8,01-01-05-02-01-02-04_r08.mp4,5457041,0.263507,1,
write,write,,,video_small,pg_bytea,8,01-01-05-02-01-02-12_r08.mp4,5457041,0.173149,1,
write,write,,,video_small,polyglot,8,01-01-05-02-01-02-12_r08.mp4,5457041,0.055933,1,
write,write,,,video_small,mongo_gridfs,8,01-01-05-02-01-02-12_r08.mp4,5457041,0.050241,1,
write,write,,,video_small,polyglot,8,01-01-05-02-01-02-14_r08.mp4,5457041,0.227724,1,
write,write,,,video_small,mongo_gridfs,8,01-01-05-02-01-02-14_r08.mp4,5457041,0.047833,1,
write,write,,,video_small,pg_bytea,8,01-01-05-02-01-02-14_r08.mp4,5457041,0.188829,1,
write,write,,,video_small,pg_bytea,8,01-01-05-02-02-02-19_r08.mp4,5498397,0.192398,1,
write,write,,,video_small,mongo_gridfs,8,01-01-05-02-02-02-19_r08.mp4,5498397,0.091521,1,
write,write,,,video_small,polyglot,8,01-01-05-02-02-02-19_r08.mp4,5498397,0.159171,1,
write,write,,,video_small,mongo_gridfs,8,01-01-05-02-02-02-20_r08.mp4,5498397,0.076032,1,
write,write,,,video_small,polyglot,8,01-01-05-02-02-02-20_r08.mp4,5498397,0.045421,1,
write,write,,,video_small,pg_bytea,8,01-01-05-02-02-02-20_r08.mp4,5498397,0.247815,1,
write,write,,,video_small,polyglot,8,01-01-05-02-02-02-23_r08.mp4,5457041,0.120915,1,
write,write,,,video_small,mongo_gridfs,8,01-01-05-02-02-02-23_r08.mp4,5457041,0.060914,1,
write,write,,,video_small,pg_bytea,8,01-01-05-02-02-02-23_r08.mp4,5457041,1.546798,1,
write,write,,,video_small,polyglot,8,01-01-06-01-01-01-08_r08.mp4,5457041,0.045009,1,
write,write,,,video_small,mongo_gridfs,8,01-01-06-01-01-01-08_r08.mp4,5457041,0.042351,1,
write,write,,,video_small,pg_bytea,8,01-01-06-01-01-01-08_r08.mp4,5457041,0.150888,1,
write,write,,,video_small,pg_bytea,8,01-01-06-01-01-01-19_r08.mp4,5457041,0.164653,1,
write,write,,,video_small,mongo_gridfs,8,01-01-06-01-01-01-19_r08.mp4,5457041,0.054747,1,
write,write,,,video_small,polyglot,8,01-01-06-01-01-01-19_r08.mp4,5457041,0.046939,1,
write,write,,,video_small,pg_bytea,8,01-01-06-01-01-01-24_r08.mp4,5498397,0.145233,1,
write,write,,,video_small,polyglot,8,01-01-06-01-01-01-24_r08.mp4,5498397,0.041965,1,
write,write,,,video_small,mongo_gridfs,8,01-01-06-01-01-01-24_r08.mp4,5498397,0.040999,1,
write,write,,,video_medium,pg_bytea,8,tsinghua_v_0024_r08.mp4,13091522,0.364624,1,
write,write,,,video_medium,mongo_gridfs,8,tsinghua_v_0024_r08.mp4,13091522,0.104265,1,
write,write,,,video_medium,polyglot,8,tsinghua_v_0024_r08.mp4,13091522,0.123645,1,
write,write,,,video_medium,polyglot,8,tsinghua_v_0046_r08.mp4,13091522,0.136724,1,
write,write,,,video_medium,pg_bytea,8,tsinghua_v_0046_r08.mp4,13091522,0.351695,1,
write,write,,,video_medium,mongo_gridfs,8,tsinghua_v_0046_r08.mp4,13091522,0.100671,1,
write,write,,,video_medium,mongo_gridfs,8,tsinghua_v_0076_r08.mp4,13091522,0.098542,1,
write,write,,,video_medium,pg_bytea,8,tsinghua_v_0076_r08.mp4,13091522,0.336362,1,
write,write,,,video_medium,polyglot,8,tsinghua_v_0076_r08.mp4,13091522,0.095539,1,
write,write,,,video_medium,mongo_gridfs,8,tsinghua_v_0080_r08.mp4,13091522,0.096155,1,
write,write,,,video_medium,pg_bytea,8,tsinghua_v_0080_r08.mp4,13091522,0.330883,1,
write,write,,,video_medium,polyglot,8,tsinghua_v_0080_r08.mp4,13091522,0.114123,1,
write,write,,,video_medium,pg_bytea,8,tsinghua_v_0109_r08.mp4,13091522,1.448531,1,
write,write,,,video_medium,mongo_gridfs,8,tsinghua_v_0109_r08.mp4,13091522,0.115242,1,
write,write,,,video_medium,polyglot,8,tsinghua_v_0109_r08.mp4,13091522,0.099710,1,
write,write,,,video_medium,pg_bytea,8,tsinghua_v_0123_r08.mp4,13091522,0.373682,1,
write,write,,,video_medium,mongo_gridfs,8,tsinghua_v_0123_r08.mp4,13091522,0.112336,1,
write,write,,,video_medium,polyglot,8,tsinghua_v_0123_r08.mp4,13091522,0.121887,1,
write,write,,,video_medium,polyglot,8,tsinghua_v_0130_r08.mp4,13091522,0.103756,1,
write,write,,,video_medium,pg_bytea,8,tsinghua_v_0130_r08.mp4,13091522,0.359459,1,
write,write,,,video_medium,mongo_gridfs,8,tsinghua_v_0130_r08.mp4,13091522,0.110426,1,
write,write,,,video_medium,pg_bytea,8,tsinghua_v_0135_r08.mp4,13091522,0.362175,1,
write,write,,,video_medium,polyglot,8,tsinghua_v_0135_r08.mp4,13091522,0.104705,1,
write,write,,,video_medium,mongo_gridfs,8,tsinghua_v_0135_r08.mp4,13091522,0.095888,1,
write,write,,,video_medium,pg_bytea,8,tsinghua_v_0137_r08.mp4,13091522,0.352685,1,
write,write,,,video_medium,mongo_gridfs,8,tsinghua_v_0137_r08.mp4,13091522,0.098371,1,
write,write,,,video_medium,polyglot,8,tsinghua_v_0137_r08.mp4,13091522,0.126752,1,
write,write,,,video_medium,polyglot,8,tsinghua_v_0140_r08.mp4,13091522,0.377056,1,
write,write,,,video_medium,mongo_gridfs,8,tsinghua_v_0140_r08.mp4,13091522,0.107668,1,
write,write,,,video_medium,pg_bytea,8,tsinghua_v_0140_r08.mp4,13091522,0.393301,1,
write,write,,,video_medium,mongo_gridfs,8,tsinghua_v_0151_r08.mp4,13091522,0.099577,1,
write,write,,,video_medium,polyglot,8,tsinghua_v_0151_r08.mp4,13091522,0.089568,1,
write,write,,,video_medium,pg_bytea,8,tsinghua_v_0151_r08.mp4,13091522,0.339215,1,
write,write,,,video_medium,polyglot,8,tsinghua_v_0157_r08.mp4,13091522,0.095851,1,
write,write,,,video_medium,pg_bytea,8,tsinghua_v_0157_r08.mp4,13091522,0.364391,1,
write,write,,,video_medium,mongo_gridfs,8,tsinghua_v_0157_r08.mp4,13091522,0.103143,1,
write,write,,,video_medium,polyglot,8,tsinghua_v_0209_r08.mp4,13091522,0.098035,1,
write,write,,,video_medium,pg_bytea,8,tsinghua_v_0209_r08.mp4,13091522,0.359718,1,
write,write,,,video_medium,mongo_gridfs,8,tsinghua_v_0209_r08.mp4,13091522,0.103568,1,
write,write,,,video_medium,polyglot,8,tsinghua_v_0226_r08.mp4,13091522,0.108537,1,
write,write,,,video_medium,mongo_gridfs,8,tsinghua_v_0226_r08.mp4,13091522,0.108263,1,
write,write,,,video_medium,pg_bytea,8,tsinghua_v_0226_r08.mp4,13091522,0.355523,1,
write,write,,,video_medium,mongo_gridfs,8,tsinghua_v_0236_r08.mp4,13091522,0.101523,1,
write,write,,,video_medium,pg_bytea,8,tsinghua_v_0236_r08.mp4,13091522,0.322534,1,
write,write,,,video_medium,polyglot,8,tsinghua_v_0236_r08.mp4,13091522,0.105681,1,
write,write,,,video_medium,mongo_gridfs,8,tsinghua_v_0274_r08.mp4,13091522,0.103327,1,
write,write,,,video_medium,pg_bytea,8,tsinghua_v_0274_r08.mp4,13091522,0.419844,1,
write,write,,,video_medium,polyglot,8,tsinghua_v_0274_r08.mp4,13091522,0.091407,1,
write,write,,,video_medium,pg_bytea,8,tsinghua_v_0280_r08.mp4,13091522,0.340621,1,
write,write,,,video_medium,mongo_gridfs,8,tsinghua_v_0280_r08.mp4,13091522,0.101068,1,
write,write,,,video_medium,polyglot,8,tsinghua_v_0280_r08.mp4,13091522,0.095205,1,
write,write,,,video_medium,polyglot,8,tsinghua_v_0302_r08.mp4,13091522,0.115510,1,
write,write,,,video_medium,mongo_gridfs,8,tsinghua_v_0302_r08.mp4,13091522,0.128253,1,
write,write,,,video_medium,pg_bytea,8,tsinghua_v_0302_r08.mp4,13091522,0.419659,1,
write,write,,,video_medium,mongo_gridfs,8,tsinghua_v_0311_r08.mp4,13091522,0.095430,1,
write,write,,,video_medium,pg_bytea,8,tsinghua_v_0311_r08.mp4,13091522,0.302812,1,
write,write,,,video_medium,polyglot,8,tsinghua_v_0311_r08.mp4,13091522,0.094364,1,
write,write,,,video_medium,polyglot,8,tsinghua_v_0316_r08.mp4,13091522,0.091651,1,
write,write,,,video_medium,pg_bytea,8,tsinghua_v_0316_r08.mp4,13091522,0.325241,1,
write,write,,,video_medium,mongo_gridfs,8,tsinghua_v_0316_r08.mp4,13091522,0.101498,1,
write,write,,,video_medium,mongo_gridfs,8,tsinghua_v_0319_r08.mp4,13091522,0.101275,1,
write,write,,,video_medium,polyglot,8,tsinghua_v_0319_r08.mp4,13091522,0.123804,1,
write,write,,,video_medium,pg_bytea,8,tsinghua_v_0319_r08.mp4,13091522,0.339856,1,
write,write,,,video_medium,pg_bytea,8,tsinghua_v_0321_r08.mp4,13091522,0.359463,1,
write,write,,,video_medium,mongo_gridfs,8,tsinghua_v_0321_r08.mp4,13091522,0.105257,1,
write,write,,,video_medium,polyglot,8,tsinghua_v_0321_r08.mp4,13091522,0.095140,1,
write,write,,,video_medium,mongo_gridfs,8,tsinghua_v_0331_r08.mp4,13091522,0.097509,1,
write,write,,,video_medium,pg_bytea,8,tsinghua_v_0331_r08.mp4,13091522,0.817189,1,
write,write,,,video_medium,polyglot,8,tsinghua_v_0331_r08.mp4,13091522,0.108723,1,
write,write,,,video_medium,mongo_gridfs,8,tsinghua_v_0345_r08.mp4,13091522,0.116682,1,
write,write,,,video_medium,polyglot,8,tsinghua_v_0345_r08.mp4,13091522,0.103877,1,
write,write,,,video_medium,pg_bytea,8,tsinghua_v_0345_r08.mp4,13091522,0.377123,1,
write,write,,,video_medium,mongo_gridfs,8,tsinghua_v_0356_r08.mp4,13091522,0.102865,1,
write,write,,,video_medium,pg_bytea,8,tsinghua_v_0356_r08.mp4,13091522,0.465928,1,
write,write,,,video_medium,polyglot,8,tsinghua_v_0356_r08.mp4,13091522,0.092302,1,
write,write,,,video_medium,polyglot,8,tsinghua_v_0357_r08.mp4,13091522,0.111674,1,
write,write,,,video_medium,pg_bytea,8,tsinghua_v_0357_r08.mp4,13091522,0.369395,1,
write,write,,,video_medium,mongo_gridfs,8,tsinghua_v_0357_r08.mp4,13091522,0.126824,1,
write,write,,,video_medium,polyglot,8,tsinghua_v_0379_r08.mp4,13091522,0.112683,1,
write,write,,,video_medium,pg_bytea,8,tsinghua_v_0379_r08.mp4,13091522,0.354132,1,
write,write,,,video_medium,mongo_gridfs,8,tsinghua_v_0379_r08.mp4,13091522,0.107105,1,
write,write,,,video_medium,mongo_gridfs,8,tsinghua_v_0393_r08.mp4,13091522,0.147723,1,
write,write,,,video_medium,pg_bytea,8,tsinghua_v_0393_r08.mp4,13091522,0.683580,1,
write,write,,,video_medium,polyglot,8,tsinghua_v_0393_r08.mp4,13091522,0.111543,1,
write,write,,,video_medium,polyglot,8,tsinghua_v_0421_r08.mp4,13091522,0.091788,1,
write,write,,,video_medium,mongo_gridfs,8,tsinghua_v_0421_r08.mp4,13091522,0.108561,1,
write,write,,,video_medium,pg_bytea,8,tsinghua_v_0421_r08.mp4,13091522,0.348837,1,
write,write,,,video_medium,pg_bytea,8,tsinghua_v_0424_r08.mp4,13091522,0.343674,1,
write,write,,,video_medium,polyglot,8,tsinghua_v_0424_r08.mp4,13091522,0.092129,1,
write,write,,,video_medium,mongo_gridfs,8,tsinghua_v_0424_r08.mp4,13091522,0.099601,1,
write,write,,,video_medium,polyglot,8,tsinghua_v_0427_r08.mp4,13091522,0.117229,1,
write,write,,,video_medium,mongo_gridfs,8,tsinghua_v_0427_r08.mp4,13091522,0.096135,1,
write,write,,,video_medium,pg_bytea,8,tsinghua_v_0427_r08.mp4,13091522,0.408579,1,
write,write,,,video_medium,pg_bytea,8,tsinghua_v_0431_r08.mp4,13091522,0.320877,1,
write,write,,,video_medium,mongo_gridfs,8,tsinghua_v_0431_r08.mp4,13091522,0.098794,1,
write,write,,,video_medium,polyglot,8,tsinghua_v_0431_r08.mp4,13091522,0.097271,1,
write,write,,,video_medium,pg_bytea,8,tsinghua_v_0452_r08.mp4,13091522,0.335430,1,
write,write,,,video_medium,mongo_gridfs,8,tsinghua_v_0452_r08.mp4,13091522,0.108463,1,
write,write,,,video_medium,polyglot,8,tsinghua_v_0452_r08.mp4,13091522,0.092550,1,
write,write,,,video_medium,mongo_gridfs,8,tsinghua_v_0454_r08.mp4,13091522,0.135424,1,
write,write,,,video_medium,pg_bytea,8,tsinghua_v_0454_r08.mp4,13091522,0.396796,1,
write,write,,,video_medium,polyglot,8,tsinghua_v_0454_r08.mp4,13091522,0.143684,1,
write,write,,,video_medium,polyglot,8,tsinghua_v_0457_r08.mp4,13091522,0.117880,1,
write,write,,,video_medium,pg_bytea,8,tsinghua_v_0457_r08.mp4,13091522,0.380298,1,
write,write,,,video_medium,mongo_gridfs,8,tsinghua_v_0457_r08.mp4,13091522,0.103139,1,
write,write,,,video_medium,pg_bytea,8,tsinghua_v_0466_r08.mp4,13091522,0.355026,1,
write,write,,,video_medium,mongo_gridfs,8,tsinghua_v_0466_r08.mp4,13091522,0.110614,1,
write,write,,,video_medium,polyglot,8,tsinghua_v_0466_r08.mp4,13091522,0.105158,1,
write,write,,,video_medium,pg_bytea,8,tsinghua_v_0471_r08.mp4,13091522,0.846642,1,
write,write,,,video_medium,mongo_gridfs,8,tsinghua_v_0471_r08.mp4,13091522,0.102533,1,
write,write,,,video_medium,polyglot,8,tsinghua_v_0471_r08.mp4,13091522,0.159631,1,
write,write,,,video_medium,mongo_gridfs,8,tsinghua_v_0472_r08.mp4,13091522,0.130587,1,
write,write,,,video_medium,polyglot,8,tsinghua_v_0472_r08.mp4,13091522,0.129539,1,
write,write,,,video_medium,pg_bytea,8,tsinghua_v_0472_r08.mp4,13091522,0.772288,1,
write,write,,,video_medium,polyglot,8,tsinghua_v_0494_r08.mp4,13091522,0.125371,1,
write,write,,,video_medium,pg_bytea,8,tsinghua_v_0494_r08.mp4,13091522,0.839754,1,
write,write,,,video_medium,mongo_gridfs,8,tsinghua_v_0494_r08.mp4,13091522,0.103480,1,
write,write,,,video_medium,polyglot,8,tsinghua_v_0503_r08.mp4,13091522,0.256285,1,
write,write,,,video_medium,pg_bytea,8,tsinghua_v_0503_r08.mp4,13091522,0.466244,1,
write,write,,,video_medium,mongo_gridfs,8,tsinghua_v_0503_r08.mp4,13091522,0.141215,1,
write,write,,,video_medium,polyglot,8,tsinghua_v_0509_r08.mp4,13091522,0.117983,1,
write,write,,,video_medium,pg_bytea,8,tsinghua_v_0509_r08.mp4,13091522,0.368380,1,
write,write,,,video_medium,mongo_gridfs,8,tsinghua_v_0509_r08.mp4,13091522,0.110736,1,
write,write,,,video_medium,mongo_gridfs,8,tsinghua_v_0523_r08.mp4,13091522,0.095161,1,
write,write,,,video_medium,pg_bytea,8,tsinghua_v_0523_r08.mp4,13091522,0.377604,1,
write,write,,,video_medium,polyglot,8,tsinghua_v_0523_r08.mp4,13091522,0.096079,1,
write,write,,,video_medium,polyglot,8,tsinghua_v_0546_r08.mp4,13091522,0.101967,1,
write,write,,,video_medium,pg_bytea,8,tsinghua_v_0546_r08.mp4,13091522,0.483997,1,
write,write,,,video_medium,mongo_gridfs,8,tsinghua_v_0546_r08.mp4,13091522,0.109142,1,
write,write,,,video_medium,polyglot,8,tsinghua_v_0568_r08.mp4,13091522,0.091491,1,
write,write,,,video_medium,mongo_gridfs,8,tsinghua_v_0568_r08.mp4,13091522,0.104027,1,
write,write,,,video_medium,pg_bytea,8,tsinghua_v_0568_r08.mp4,13091522,0.538814,1,
write,write,,,video_medium,mongo_gridfs,8,tsinghua_v_0594_r08.mp4,13091522,0.120970,1,
write,write,,,video_medium,polyglot,8,tsinghua_v_0594_r08.mp4,13091522,0.527876,1,
write,write,,,video_medium,pg_bytea,8,tsinghua_v_0594_r08.mp4,13091522,0.635245,1,
write,write,,,video_medium,mongo_gridfs,8,tsinghua_v_0596_r08.mp4,13091522,0.105965,1,
write,write,,,video_medium,polyglot,8,tsinghua_v_0596_r08.mp4,13091522,0.104756,1,
write,write,,,video_medium,pg_bytea,8,tsinghua_v_0596_r08.mp4,13091522,0.350107,1,
write,write,,,video_medium,pg_bytea,8,tsinghua_v_0635_r08.mp4,13091522,0.315929,1,
write,write,,,video_medium,polyglot,8,tsinghua_v_0635_r08.mp4,13091522,0.102417,1,
write,write,,,video_medium,mongo_gridfs,8,tsinghua_v_0635_r08.mp4,13091522,0.104507,1,
write,write,,,video_medium,polyglot,8,tsinghua_v_0653_r08.mp4,13091522,0.106807,1,
write,write,,,video_medium,pg_bytea,8,tsinghua_v_0653_r08.mp4,13091522,0.372527,1,
write,write,,,video_medium,mongo_gridfs,8,tsinghua_v_0653_r08.mp4,13091522,0.131005,1,
write,write,,,video_medium,pg_bytea,8,tsinghua_v_0667_r08.mp4,13091522,0.426066,1,
write,write,,,video_medium,mongo_gridfs,8,tsinghua_v_0667_r08.mp4,13091522,0.134689,1,
write,write,,,video_medium,polyglot,8,tsinghua_v_0667_r08.mp4,13091522,0.099355,1,
write,write,,,video_medium,polyglot,8,tsinghua_v_0673_r08.mp4,13091522,0.104621,1,
write,write,,,video_medium,pg_bytea,8,tsinghua_v_0673_r08.mp4,13091522,0.437602,1,
write,write,,,video_medium,mongo_gridfs,8,tsinghua_v_0673_r08.mp4,13091522,0.110808,1,
write,write,,,video_medium,polyglot,8,tsinghua_v_0681_r08.mp4,13091522,0.106620,1,
write,write,,,video_medium,mongo_gridfs,8,tsinghua_v_0681_r08.mp4,13091522,0.105114,1,
write,write,,,video_medium,pg_bytea,8,tsinghua_v_0681_r08.mp4,13091522,1.887297,1,
write,write,,,video_medium,polyglot,8,tsinghua_v_0690_r08.mp4,13091522,0.122335,1,
write,write,,,video_medium,mongo_gridfs,8,tsinghua_v_0690_r08.mp4,13091522,0.107943,1,
write,write,,,video_medium,pg_bytea,8,tsinghua_v_0690_r08.mp4,13091522,0.531637,1,
write,write,,,video_medium,polyglot,8,tsinghua_v_0692_r08.mp4,13091522,0.090938,1,
write,write,,,video_medium,pg_bytea,8,tsinghua_v_0692_r08.mp4,13091522,0.407316,1,
write,write,,,video_medium,mongo_gridfs,8,tsinghua_v_0692_r08.mp4,13091522,0.098730,1,
write,write,,,video_medium,pg_bytea,8,tsinghua_v_0696_r08.mp4,13091522,0.349199,1,
write,write,,,video_medium,polyglot,8,tsinghua_v_0696_r08.mp4,13091522,0.097830,1,
write,write,,,video_medium,mongo_gridfs,8,tsinghua_v_0696_r08.mp4,13091522,0.097695,1,
write,write,,,video_medium,polyglot,8,tsinghua_v_0734_r08.mp4,13091522,0.109411,1,
write,write,,,video_medium,pg_bytea,8,tsinghua_v_0734_r08.mp4,13091522,0.367413,1,
write,write,,,video_medium,mongo_gridfs,8,tsinghua_v_0734_r08.mp4,13091522,0.116107,1,
write,write,,,video_medium,polyglot,8,tsinghua_v_0737_r08.mp4,13091522,0.118729,1,
write,write,,,video_medium,mongo_gridfs,8,tsinghua_v_0737_r08.mp4,13091522,0.127391,1,
write,write,,,video_medium,pg_bytea,8,tsinghua_v_0737_r08.mp4,13091522,1.601372,1,
write,write,,,video_medium,mongo_gridfs,8,tsinghua_v_0744_r08.mp4,13091522,0.219686,1,
write,write,,,video_medium,pg_bytea,8,tsinghua_v_0744_r08.mp4,13091522,1.871352,1,
write,write,,,video_medium,polyglot,8,tsinghua_v_0744_r08.mp4,13091522,0.120553,1,
write,write,,,video_medium,polyglot,8,tsinghua_v_0745_r08.mp4,13091522,0.098340,1,
write,write,,,video_medium,pg_bytea,8,tsinghua_v_0745_r08.mp4,13091522,0.313821,1,
write,write,,,video_medium,mongo_gridfs,8,tsinghua_v_0745_r08.mp4,13091522,0.101814,1,
write,write,,,video_medium,pg_bytea,8,tsinghua_v_0769_r08.mp4,13091522,0.398831,1,
write,write,,,video_medium,mongo_gridfs,8,tsinghua_v_0769_r08.mp4,13091522,0.099443,1,
write,write,,,video_medium,polyglot,8,tsinghua_v_0769_r08.mp4,13091522,0.099579,1,
write,write,,,video_medium,polyglot,8,tsinghua_v_0791_r08.mp4,13091522,0.107328,1,
write,write,,,video_medium,pg_bytea,8,tsinghua_v_0791_r08.mp4,13091522,0.433098,1,
write,write,,,video_medium,mongo_gridfs,8,tsinghua_v_0791_r08.mp4,13091522,0.130932,1,
write,write,,,video_medium,polyglot,8,tsinghua_v_0792_r08.mp4,13091522,0.115021,1,
write,write,,,video_medium,pg_bytea,8,tsinghua_v_0792_r08.mp4,13091522,0.388003,1,
write,write,,,video_medium,mongo_gridfs,8,tsinghua_v_0792_r08.mp4,13091522,0.103212,1,
write,write,,,video_medium,mongo_gridfs,8,tsinghua_v_0857_r08.mp4,13091522,0.093866,1,
write,write,,,video_medium,pg_bytea,8,tsinghua_v_0857_r08.mp4,13091522,0.535741,1,
write,write,,,video_medium,polyglot,8,tsinghua_v_0857_r08.mp4,13091522,0.117741,1,
write,write,,,video_medium,pg_bytea,8,tsinghua_v_0866_r08.mp4,13091522,0.414974,1,
write,write,,,video_medium,mongo_gridfs,8,tsinghua_v_0866_r08.mp4,13091522,0.100447,1,
write,write,,,video_medium,polyglot,8,tsinghua_v_0866_r08.mp4,13091522,0.111641,1,
write,write,,,video_medium,polyglot,8,tsinghua_v_0880_r08.mp4,13091522,0.103757,1,
write,write,,,video_medium,pg_bytea,8,tsinghua_v_0880_r08.mp4,13091522,0.814502,1,
write,write,,,video_medium,mongo_gridfs,8,tsinghua_v_0880_r08.mp4,13091522,0.108829,1,
write,write,,,video_medium,mongo_gridfs,8,tsinghua_v_0888_r08.mp4,13091522,0.105589,1,
write,write,,,video_medium,polyglot,8,tsinghua_v_0888_r08.mp4,13091522,0.129683,1,
write,write,,,video_medium,pg_bytea,8,tsinghua_v_0888_r08.mp4,13091522,0.741744,1,
write,write,,,video_medium,mongo_gridfs,8,tsinghua_v_0901_r08.mp4,13091522,0.110440,1,
write,write,,,video_medium,pg_bytea,8,tsinghua_v_0901_r08.mp4,13091522,1.053622,1,
write,write,,,video_medium,polyglot,8,tsinghua_v_0901_r08.mp4,13091522,0.104805,1,
write,write,,,video_medium,pg_bytea,8,tsinghua_v_0937_r08.mp4,13091522,0.366244,1,
write,write,,,video_medium,mongo_gridfs,8,tsinghua_v_0937_r08.mp4,13091522,0.106032,1,
write,write,,,video_medium,polyglot,8,tsinghua_v_0937_r08.mp4,13091522,0.106226,1,
write,write,,,video_medium,pg_bytea,8,tsinghua_v_0939_r08.mp4,13091522,1.500338,1,
write,write,,,video_medium,polyglot,8,tsinghua_v_0939_r08.mp4,13091522,0.107601,1,
write,write,,,video_medium,mongo_gridfs,8,tsinghua_v_0939_r08.mp4,13091522,0.094440,1,
write,write,,,video_medium,mongo_gridfs,8,tsinghua_v_0961_r08.mp4,13091522,0.094923,1,
write,write,,,video_medium,pg_bytea,8,tsinghua_v_0961_r08.mp4,13091522,0.398351,1,
write,write,,,video_medium,polyglot,8,tsinghua_v_0961_r08.mp4,13091522,0.107942,1,
write,write,,,video_medium,mongo_gridfs,8,tsinghua_v_0977_r08.mp4,13091522,0.097145,1,
write,write,,,video_medium,polyglot,8,tsinghua_v_0977_r08.mp4,13091522,0.099495,1,
write,write,,,video_medium,pg_bytea,8,tsinghua_v_0977_r08.mp4,13091522,0.435885,1,
write,write,,,audio_small,pg_bytea,9,03-01-01-01-01-02-19_r09.wav,375720,0.016250,1,
write,write,,,audio_small,mongo_gridfs,9,03-01-01-01-01-02-19_r09.wav,375720,0.006874,1,
write,write,,,audio_small,polyglot,9,03-01-01-01-01-02-19_r09.wav,375720,0.005966,1,
write,write,,,audio_small,mongo_gridfs,9,03-01-01-01-02-02-05_r09.wav,396294,0.008891,1,
write,write,,,audio_small,pg_bytea,9,03-01-01-01-02-02-05_r09.wav,396294,0.017333,1,
write,write,,,audio_small,polyglot,9,03-01-01-01-02-02-05_r09.wav,396294,0.006576,1,
write,write,,,audio_small,mongo_gridfs,9,03-01-01-01-02-02-06_r09.wav,363108,0.006457,1,
write,write,,,audio_small,polyglot,9,03-01-01-01-02-02-06_r09.wav,363108,0.005887,1,
write,write,,,audio_small,pg_bytea,9,03-01-01-01-02-02-06_r09.wav,363108,0.009161,1,
write,write,,,audio_small,polyglot,9,03-01-01-01-02-02-07_r09.wav,363108,0.005996,1,
write,write,,,audio_small,pg_bytea,9,03-01-01-01-02-02-07_r09.wav,363108,0.010138,1,
write,write,,,audio_small,mongo_gridfs,9,03-01-01-01-02-02-07_r09.wav,363108,0.005868,1,
write,write,,,audio_small,mongo_gridfs,9,03-01-01-01-02-02-11_r09.wav,375720,0.013739,1,
write,write,,,audio_small,pg_bytea,9,03-01-01-01-02-02-11_r09.wav,375720,0.010930,1,
write,write,,,audio_small,polyglot,9,03-01-01-01-02-02-11_r09.wav,375720,0.025267,1,
write,write,,,audio_small,polyglot,9,03-01-01-01-02-02-12_r09.wav,372698,0.019901,1,
write,write,,,audio_small,pg_bytea,9,03-01-01-01-02-02-12_r09.wav,372698,0.019373,1,
write,write,,,audio_small,mongo_gridfs,9,03-01-01-01-02-02-12_r09.wav,372698,0.006178,1,
write,write,,,audio_small,polyglot,9,03-01-01-01-02-02-13_r09.wav,363108,0.011137,1,
write,write,,,audio_small,pg_bytea,9,03-01-01-01-02-02-13_r09.wav,363108,0.010775,1,
write,write,,,audio_small,mongo_gridfs,9,03-01-01-01-02-02-13_r09.wav,363108,0.005824,1,
write,write,,,audio_small,pg_bytea,9,03-01-01-02-01-02-05_r09.wav,393086,0.012771,1,
write,write,,,audio_small,polyglot,9,03-01-01-02-01-02-05_r09.wav,393086,0.006379,1,
write,write,,,audio_small,mongo_gridfs,9,03-01-01-02-01-02-05_r09.wav,393086,0.007016,1,
write,write,,,audio_small,polyglot,9,03-01-01-02-01-02-06_r09.wav,363108,0.005402,1,
write,write,,,audio_small,pg_bytea,9,03-01-01-02-01-02-06_r09.wav,363108,0.014316,1,
write,write,,,audio_small,mongo_gridfs,9,03-01-01-02-01-02-06_r09.wav,363108,0.005689,1,
write,write,,,audio_small,pg_bytea,9,03-01-01-02-01-02-07_r09.wav,372698,0.010753,1,
write,write,,,audio_small,mongo_gridfs,9,03-01-01-02-01-02-07_r09.wav,372698,0.005489,1,
write,write,,,audio_small,polyglot,9,03-01-01-02-01-02-07_r09.wav,372698,0.004780,1,
write,write,,,audio_small,polyglot,9,03-01-01-02-01-02-13_r09.wav,399494,0.005457,1,
write,write,,,audio_small,pg_bytea,9,03-01-01-02-01-02-13_r09.wav,399494,0.010786,1,
write,write,,,audio_small,mongo_gridfs,9,03-01-01-02-01-02-13_r09.wav,399494,0.006716,1,
write,write,,,audio_small,mongo_gridfs,9,03-01-01-02-02-02-19_r09.wav,372698,0.007297,1,
write,write,,,audio_small,polyglot,9,03-01-01-02-02-02-19_r09.wav,372698,0.007130,1,
write,write,,,audio_small,pg_bytea,9,03-01-01-02-02-02-19_r09.wav,372698,0.011635,1,
write,write,,,audio_small,pg_bytea,9,03-01-02-01-01-01-19_r09.wav,372698,0.011646,1,
write,write,,,audio_small,polyglot,9,03-01-02-01-01-01-19_r09.wav,372698,0.006782,1,
write,write,,,audio_small,mongo_gridfs,9,03-01-02-01-01-01-19_r09.wav,372698,0.007008,1,
write,write,,,audio_small,mongo_gridfs,9,03-01-02-01-02-01-06_r09.wav,363108,0.006356,1,
write,write,,,audio_small,pg_bytea,9,03-01-02-01-02-01-06_r09.wav,363108,0.010582,1,
write,write,,,audio_small,polyglot,9,03-01-02-01-02-01-06_r09.wav,363108,0.007976,1,
write,write,,,audio_small,mongo_gridfs,9,03-01-02-01-02-01-07_r09.wav,399494,0.007534,1,
write,write,,,audio_small,pg_bytea,9,03-01-02-01-02-01-07_r09.wav,399494,0.010931,1,
write,write,,,audio_small,polyglot,9,03-01-02-01-02-01-07_r09.wav,399494,0.008048,1,
write,write,,,audio_small,pg_bytea,9,03-01-02-01-02-01-11_r09.wav,375720,0.016325,1,
write,write,,,audio_small,polyglot,9,03-01-02-01-02-01-11_r09.wav,375720,0.006613,1,
write,write,,,audio_small,mongo_gridfs,9,03-01-02-01-02-01-11_r09.wav,375720,0.005906,1,
write,write,,,audio_small,mongo_gridfs,9,03-01-02-01-02-01-12_r09.wav,372698,0.004691,1,
write,write,,,audio_small,pg_bytea,9,03-01-02-01-02-01-12_r09.wav,372698,0.013279,1,
write,write,,,audio_small,polyglot,9,03-01-02-01-02-01-12_r09.wav,372698,0.005854,1,
write,write,,,audio_small,mongo_gridfs,9,03-01-02-01-02-01-13_r09.wav,379106,0.004826,1,
write,write,,,audio_small,pg_bytea,9,03-01-02-01-02-01-13_r09.wav,379106,0.009838,1,
write,write,,,audio_small,polyglot,9,03-01-02-01-02-01-13_r09.wav,379106,0.006037,1,
write,write,,,audio_small,pg_bytea,9,03-01-02-02-01-01-05_r09.wav,363108,0.016100,1,
write,write,,,audio_small,polyglot,9,03-01-02-02-01-01-05_r09.wav,363108,0.004988,1,
write,write,,,audio_small,mongo_gridfs,9,03-01-02-02-01-01-05_r09.wav,363108,0.004298,1,
write,write,,,audio_small,mongo_gridfs,9,03-01-02-02-01-01-11_r09.wav,363108,0.004299,1,
write,write,,,audio_small,pg_bytea,9,03-01-02-02-01-01-11_r09.wav,363108,0.014958,1,
write,write,,,audio_small,polyglot,9,03-01-02-02-01-01-11_r09.wav,363108,0.005256,1,
write,write,,,audio_small,pg_bytea,9,03-01-02-02-01-01-12_r09.wav,399494,0.037418,1,
write,write,,,audio_small,mongo_gridfs,9,03-01-02-02-01-01-12_r09.wav,399494,0.005839,1,
write,write,,,audio_small,polyglot,9,03-01-02-02-01-01-12_r09.wav,399494,0.005533,1,
write,write,,,audio_small,mongo_gridfs,9,03-01-02-02-01-01-13_r09.wav,399494,0.004795,1,
write,write,,,audio_small,pg_bytea,9,03-01-02-02-01-01-13_r09.wav,399494,0.014055,1,
write,write,,,audio_small,polyglot,9,03-01-02-02-01-01-13_r09.wav,399494,0.008171,1,
write,write,,,audio_small,mongo_gridfs,9,03-01-02-02-02-01-19_r09.wav,379106,0.004861,1,
write,write,,,audio_small,polyglot,9,03-01-02-02-02-01-19_r09.wav,379106,0.004399,1,
write,write,,,audio_small,pg_bytea,9,03-01-02-02-02-01-19_r09.wav,379106,0.011202,1,
write,write,,,audio_small,mongo_gridfs,9,03-01-03-01-01-02-05_r09.wav,396294,0.005286,1,
write,write,,,audio_small,pg_bytea,9,03-01-03-01-01-02-05_r09.wav,396294,0.014459,1,
write,write,,,audio_small,polyglot,9,03-01-03-01-01-02-05_r09.wav,396294,0.007031,1,
write,write,,,audio_small,mongo_gridfs,9,03-01-03-01-01-02-07_r09.wav,393086,0.005548,1,
write,write,,,audio_small,polyglot,9,03-01-03-01-01-02-07_r09.wav,393086,0.011983,1,
write,write,,,audio_small,pg_bytea,9,03-01-03-01-01-02-07_r09.wav,393086,0.009801,1,
write,write,,,audio_small,mongo_gridfs,9,03-01-03-01-01-02-12_r09.wav,399494,0.006071,1,
write,write,,,audio_small,polyglot,9,03-01-03-01-01-02-12_r09.wav,399494,0.005162,1,
write,write,,,audio_small,pg_bytea,9,03-01-03-01-01-02-12_r09.wav,399494,0.009041,1,
write,write,,,audio_small,polyglot,9,03-01-03-01-01-02-13_r09.wav,399494,0.004715,1,
write,write,,,audio_small,pg_bytea,9,03-01-03-01-01-02-13_r09.wav,399494,0.009332,1,
write,write,,,audio_small,mongo_gridfs,9,03-01-03-01-01-02-13_r09.wav,399494,0.006287,1,
write,write,,,audio_small,pg_bytea,9,03-01-03-01-02-02-18_r09.wav,393086,0.010621,1,
write,write,,,audio_small,mongo_gridfs,9,03-01-03-01-02-02-18_r09.wav,393086,0.006837,1,
write,write,,,audio_small,polyglot,9,03-01-03-01-02-02-18_r09.wav,393086,0.005802,1,
write,write,,,audio_small,polyglot,9,03-01-03-01-02-02-19_r09.wav,399494,0.005148,1,
write,write,,,audio_small,mongo_gridfs,9,03-01-03-01-02-02-19_r09.wav,399494,0.004701,1,
write,write,,,audio_small,pg_bytea,9,03-01-03-01-02-02-19_r09.wav,399494,0.045636,1,
write,write,,,audio_small,pg_bytea,9,03-01-03-02-01-02-18_r09.wav,396294,0.011080,1,
write,write,,,audio_small,polyglot,9,03-01-03-02-01-02-18_r09.wav,396294,0.007279,1,
write,write,,,audio_small,mongo_gridfs,9,03-01-03-02-01-02-18_r09.wav,396294,0.006134,1,
write,write,,,audio_small,pg_bytea,9,03-01-03-02-01-02-19_r09.wav,372698,0.012406,1,
write,write,,,audio_small,polyglot,9,03-01-03-02-01-02-19_r09.wav,372698,0.006627,1,
write,write,,,audio_small,mongo_gridfs,9,03-01-03-02-01-02-19_r09.wav,372698,0.005626,1,
write,write,,,audio_small,pg_bytea,9,03-01-03-02-02-02-04_r09.wav,379106,0.011207,1,
write,write,,,audio_small,mongo_gridfs,9,03-01-03-02-02-02-04_r09.wav,379106,0.006460,1,
write,write,,,audio_small,polyglot,9,03-01-03-02-02-02-04_r09.wav,379106,0.005616,1,
write,write,,,audio_small,polyglot,9,03-01-03-02-02-02-06_r09.wav,399494,0.005609,1,
write,write,,,audio_small,mongo_gridfs,9,03-01-03-02-02-02-06_r09.wav,399494,0.007373,1,
write,write,,,audio_small,pg_bytea,9,03-01-03-02-02-02-06_r09.wav,399494,0.028779,1,
write,write,,,audio_small,mongo_gridfs,9,03-01-03-02-02-02-07_r09.wav,393086,0.008982,1,
write,write,,,audio_small,polyglot,9,03-01-03-02-02-02-07_r09.wav,393086,0.010491,1,
write,write,,,audio_small,pg_bytea,9,03-01-03-02-02-02-07_r09.wav,393086,0.013421,1,
write,write,,,audio_small,mongo_gridfs,9,03-01-03-02-02-02-10_r09.wav,375720,0.006558,1,
write,write,,,audio_small,polyglot,9,03-01-03-02-02-02-10_r09.wav,375720,0.005571,1,
write,write,,,audio_small,pg_bytea,9,03-01-03-02-02-02-10_r09.wav,375720,0.012933,1,
write,write,,,audio_small,mongo_gridfs,9,03-01-03-02-02-02-11_r09.wav,396294,0.005470,1,
write,write,,,audio_small,polyglot,9,03-01-03-02-02-02-11_r09.wav,396294,0.030913,1,
write,write,,,audio_small,pg_bytea,9,03-01-03-02-02-02-11_r09.wav,396294,0.010556,1,
write,write,,,audio_small,mongo_gridfs,9,03-01-03-02-02-02-13_r09.wav,399494,0.006769,1,
write,write,,,audio_small,pg_bytea,9,03-01-03-02-02-02-13_r09.wav,399494,0.010527,1,
write,write,,,audio_small,polyglot,9,03-01-03-02-02-02-13_r09.wav,399494,0.007879,1,
write,write,,,audio_small,mongo_gridfs,9,03-01-04-01-01-02-01_r09.wav,396294,0.006541,1,
write,write,,,audio_small,pg_bytea,9,03-01-04-01-01-02-01_r09.wav,396294,0.016830,1,
write,write,,,audio_small,polyglot,9,03-01-04-01-01-02-01_r09.wav,396294,0.012259,1,
write,write,,,audio_small,pg_bytea,9,03-01-04-01-01-02-02_r09.wav,379106,0.009756,1,
write,write,,,audio_small,mongo_gridfs,9,03-01-04-01-01-02-02_r09.wav,379106,0.005294,1,
write,write,,,audio_small,polyglot,9,03-01-04-01-01-02-02_r09.wav,379106,0.005656,1,
write,write,,,audio_small,mongo_gridfs,9,03-01-04-01-01-02-16_r09.wav,379106,0.004755,1,
write,write,,,audio_small,polyglot,9,03-01-04-01-01-02-16_r09.wav,379106,0.005216,1,
write,write,,,audio_small,pg_bytea,9,03-01-04-01-01-02-16_r09.wav,379106,0.010904,1,
write,write,,,audio_small,mongo_gridfs,9,03-01-04-01-02-02-08_r09.wav,372698,0.005403,1,
write,write,,,audio_small,pg_bytea,9,03-01-04-01-02-02-08_r09.wav,372698,0.010024,1,
write,write,,,audio_small,polyglot,9,03-01-04-01-02-02-08_r09.wav,372698,0.005487,1,
write,write,,,audio_small,polyglot,9,03-01-04-01-02-02-09_r09.wav,363108,0.008559,1,
write,write,,,audio_small,pg_bytea,9,03-01-04-01-02-02-09_r09.wav,363108,0.008766,1,
write,write,,,audio_small,mongo_gridfs,9,03-01-04-01-02-02-09_r09.wav,363108,0.004924,1,
write,write,,,audio_small,pg_bytea,9,03-01-04-01-02-02-20_r09.wav,396294,0.009548,1,
write,write,,,audio_small,polyglot,9,03-01-04-01-02-02-20_r09.wav,396294,0.008081,1,
write,write,,,audio_small,mongo_gridfs,9,03-01-04-01-02-02-20_r09.wav,396294,0.005274,1,
write,write,,,audio_small,polyglot,9,03-01-04-01-02-02-21_r09.wav,363108,0.007264,1,
write,write,,,audio_small,mongo_gridfs,9,03-01-04-01-02-02-21_r09.wav,363108,0.004495,1,
write,write,,,audio_small,pg_bytea,9,03-01-04-01-02-02-21_r09.wav,363108,0.009724,1,
write,write,,,audio_small,polyglot,9,03-01-04-01-02-02-22_r09.wav,372698,0.005217,1,
write,write,,,audio_small,pg_bytea,9,03-01-04-01-02-02-22_r09.wav,372698,0.009459,1,
write,write,,,audio_small,mongo_gridfs,9,03-01-04-01-02-02-22_r09.wav,372698,0.005088,1,
write,write,,,audio_small,mongo_gridfs,9,03-01-04-01-02-02-23_r09.wav,363108,0.004343,1,
write,write,,,audio_small,pg_bytea,9,03-01-04-01-02-02-23_r09.wav,363108,0.010264,1,
write,write,,,audio_small,polyglot,9,03-01-04-01-02-02-23_r09.wav,363108,0.004621,1,
write,write,,,audio_small,pg_bytea,9,03-01-04-02-01-02-09_r09.wav,379106,0.010755,1,
write,write,,,audio_small,polyglot,9,03-01-04-02-01-02-09_r09.wav,379106,0.004432,1,
write,write,,,audio_small,mongo_gridfs,9,03-01-04-02-01-02-09_r09.wav,379106,0.006206,1,
write,write,,,audio_small,mongo_gridfs,9,03-01-04-02-01-02-20_r09.wav,379106,0.006342,1,
write,write,,,audio_small,pg_bytea,9,03-01-04-02-01-02-20_r09.wav,379106,0.010872,1,
write,write,,,audio_small,polyglot,9,03-01-04-02-01-02-20_r09.wav,379106,0.008948,1,
write,write,,,audio_small,pg_bytea,9,03-01-04-02-01-02-21_r09.wav,393086,0.010563,1,
write,write,,,audio_small,mongo_gridfs,9,03-01-04-02-01-02-21_r09.wav,393086,0.004995,1,
write,write,,,audio_small,polyglot,9,03-01-04-02-01-02-21_r09.wav,393086,0.004678,1,
write,write,,,audio_small,mongo_gridfs,9,03-01-04-02-01-02-22_r09.wav,379106,0.003713,1,
write,write,,,audio_small,polyglot,9,03-01-04-02-01-02-22_r09.wav,379106,0.003860,1,
write,write,,,audio_small,pg_bytea,9,03-01-04-02-01-02-22_r09.wav,379106,0.008983,1,
write,write,,,audio_small,polyglot,9,03-01-04-02-02-02-14_r09.wav,375720,0.004029,1,
write,write,,,audio_small,pg_bytea,9,03-01-04-02-02-02-14_r09.wav,375720,0.012439,1,
write,write,,,audio_small,mongo_gridfs,9,03-01-04-02-02-02-14_r09.wav,375720,0.004843,1,
write,write,,,audio_small,mongo_gridfs,9,03-01-04-02-02-02-15_r09.wav,379106,0.004546,1,
write,write,,,audio_small,pg_bytea,9,03-01-04-02-02-02-15_r09.wav,379106,0.009599,1,
write,write,,,audio_small,polyglot,9,03-01-04-02-02-02-15_r09.wav,379106,0.004516,1,
write,write,,,audio_small,mongo_gridfs,9,03-01-04-02-02-02-16_r09.wav,375720,0.003799,1,
write,write,,,audio_small,pg_bytea,9,03-01-04-02-02-02-16_r09.wav,375720,0.009388,1,
write,write,,,audio_small,polyglot,9,03-01-04-02-02-02-16_r09.wav,375720,0.004325,1,
write,write,,,audio_small,mongo_gridfs,9,03-01-04-02-02-02-17_r09.wav,363108,0.003467,1,
write,write,,,audio_small,polyglot,9,03-01-04-02-02-02-17_r09.wav,363108,0.003833,1,
write,write,,,audio_small,pg_bytea,9,03-01-04-02-02-02-17_r09.wav,363108,0.028340,1,
write,write,,,audio_small,polyglot,9,03-01-05-01-01-01-09_r09.wav,393086,0.005256,1,
write,write,,,audio_small,mongo_gridfs,9,03-01-05-01-01-01-09_r09.wav,393086,0.004191,1,
write,write,,,audio_small,pg_bytea,9,03-01-05-01-01-01-09_r09.wav,393086,0.010855,1,
write,write,,,audio_small,polyglot,9,03-01-05-01-01-01-22_r09.wav,393086,0.004321,1,
write,write,,,audio_small,pg_bytea,9,03-01-05-01-01-01-22_r09.wav,393086,0.010870,1,
write,write,,,audio_small,mongo_gridfs,9,03-01-05-01-01-01-22_r09.wav,393086,0.006702,1,
write,write,,,audio_small,mongo_gridfs,9,03-01-05-01-02-01-02_r09.wav,372698,0.004294,1,
write,write,,,audio_small,polyglot,9,03-01-05-01-02-01-02_r09.wav,372698,0.003905,1,
write,write,,,audio_small,pg_bytea,9,03-01-05-01-02-01-02_r09.wav,372698,0.011273,1,
write,write,,,audio_small,polyglot,9,03-01-05-01-02-01-03_r09.wav,396294,0.004643,1,
write,write,,,audio_small,pg_bytea,9,03-01-05-01-02-01-03_r09.wav,396294,0.009362,1,
write,write,,,audio_small,mongo_gridfs,9,03-01-05-01-02-01-03_r09.wav,396294,0.004332,1,
write,write,,,audio_small,pg_bytea,9,03-01-05-01-02-01-15_r09.wav,363108,0.025354,1,
write,write,,,audio_small,polyglot,9,03-01-05-01-02-01-15_r09.wav,363108,0.006141,1,
write,write,,,audio_small,mongo_gridfs,9,03-01-05-01-02-01-15_r09.wav,363108,0.003609,1,
write,write,,,audio_small,polyglot,9,03-01-05-01-02-01-16_r09.wav,372698,0.003710,1,
write,write,,,audio_small,mongo_gridfs,9,03-01-05-01-02-01-16_r09.wav,372698,0.003815,1,
write,write,,,audio_small,pg_bytea,9,03-01-05-01-02-01-16_r09.wav,372698,0.010133,1,
write,write,,,audio_small,pg_bytea,9,03-01-05-01-02-01-17_r09.wav,393086,0.013271,1,
write,write,,,audio_small,polyglot,9,03-01-05-01-02-01-17_r09.wav,393086,0.004717,1,
write,write,,,audio_small,mongo_gridfs,9,03-01-05-01-02-01-17_r09.wav,393086,0.004197,1,
write,write,,,audio_small,polyglot,9,03-01-05-02-01-01-01_r09.wav,372698,0.003608,1,
write,write,,,audio_small,pg_bytea,9,03-01-05-02-01-01-01_r09.wav,372698,0.011033,1,
write,write,,,audio_small,mongo_gridfs,9,03-01-05-02-01-01-01_r09.wav,372698,0.005519,1,
write,write,,,audio_small,mongo_gridfs,9,03-01-05-02-01-01-02_r09.wav,375720,0.004838,1,
write,write,,,audio_small,polyglot,9,03-01-05-02-01-01-02_r09.wav,375720,0.004344,1,
write,write,,,audio_small,pg_bytea,9,03-01-05-02-01-01-02_r09.wav,375720,0.008957,1,
write,write,,,audio_small,pg_bytea,9,03-01-05-02-01-01-03_r09.wav,372698,0.017796,1,
write,write,,,audio_small,mongo_gridfs,9,03-01-05-02-01-01-03_r09.wav,372698,0.003762,1,
write,write,,,audio_small,polyglot,9,03-01-05-02-01-01-03_r09.wav,372698,0.003530,1,
write,write,,,audio_small,pg_bytea,9,03-01-05-02-01-01-15_r09.wav,396294,0.011919,1,
write,write,,,audio_small,polyglot,9,03-01-05-02-01-01-15_r09.wav,396294,0.004703,1,
write,write,,,audio_small,mongo_gridfs,9,03-01-05-02-01-01-15_r09.wav,396294,0.004863,1,
write,write,,,audio_small,polyglot,9,03-01-05-02-01-01-16_r09.wav,399494,0.004543,1,
write,write,,,audio_small,pg_bytea,9,03-01-05-02-01-01-16_r09.wav,399494,0.010512,1,
write,write,,,audio_small,mongo_gridfs,9,03-01-05-02-01-01-16_r09.wav,399494,0.005172,1,
write,write,,,audio_small,polyglot,9,03-01-05-02-01-01-17_r09.wav,363108,0.004203,1,
write,write,,,audio_small,pg_bytea,9,03-01-05-02-01-01-17_r09.wav,363108,0.010976,1,
write,write,,,audio_small,mongo_gridfs,9,03-01-05-02-01-01-17_r09.wav,363108,0.004509,1,
write,write,,,audio_small,pg_bytea,9,03-01-05-02-02-01-09_r09.wav,396294,0.013082,1,
write,write,,,audio_small,polyglot,9,03-01-05-02-02-01-09_r09.wav,396294,0.005290,1,
write,write,,,audio_small,mongo_gridfs,9,03-01-05-02-02-01-09_r09.wav,396294,0.004797,1,
write,write,,,audio_small,mongo_gridfs,9,03-01-05-02-02-01-21_r09.wav,375720,0.003569,1,
write,write,,,audio_small,pg_bytea,9,03-01-05-02-02-01-21_r09.wav,375720,0.009134,1,
write,write,,,audio_small,polyglot,9,03-01-05-02-02-01-21_r09.wav,375720,0.004422,1,
write,write,,,audio_small,mongo_gridfs,9,03-01-05-02-02-01-22_r09.wav,379106,0.007164,1,
write,write,,,audio_small,polyglot,9,03-01-05-02-02-01-22_r09.wav,379106,0.004977,1,
write,write,,,audio_small,pg_bytea,9,03-01-05-02-02-01-22_r09.wav,379106,0.009794,1,
write,write,,,audio_medium,mongo_gridfs,9,03-02-01-01-01-02-22_r09.wav,526650,0.006815,1,
write,write,,,audio_medium,pg_bytea,9,03-02-01-01-01-02-22_r09.wav,526650,0.021008,1,
write,write,,,audio_medium,polyglot,9,03-02-01-01-01-02-22_r09.wav,526650,0.007201,1,
write,write,,,audio_medium,pg_bytea,9,03-02-01-01-01-02-23_r09.wav,539464,0.014036,1,
write,write,,,audio_medium,polyglot,9,03-02-01-01-01-02-23_r09.wav,539464,0.005834,1,
write,write,,,audio_medium,mongo_gridfs,9,03-02-01-01-01-02-23_r09.wav,539464,0.006275,1,
write,write,,,audio_medium,pg_bytea,9,03-02-01-01-02-02-02_r09.wav,539464,0.013951,1,
write,write,,,audio_medium,mongo_gridfs,9,03-02-01-01-02-02-02_r09.wav,539464,0.006325,1,
write,write,,,audio_medium,polyglot,9,03-02-01-01-02-02-02_r09.wav,539464,0.005706,1,
write,write,,,audio_medium,pg_bytea,9,03-02-01-01-02-02-03_r09.wav,520242,0.012636,1,
write,write,,,audio_medium,mongo_gridfs,9,03-02-01-01-02-02-03_r09.wav,520242,0.005892,1,
write,write,,,audio_medium,polyglot,9,03-02-01-01-02-02-03_r09.wav,520242,0.005297,1,
write,write,,,audio_medium,mongo_gridfs,9,03-02-01-01-02-02-16_r09.wav,539464,0.005341,1,
write,write,,,audio_medium,pg_bytea,9,03-02-01-01-02-02-16_r09.wav,539464,0.013310,1,
write,write,,,audio_medium,polyglot,9,03-02-01-01-02-02-16_r09.wav,539464,0.004974,1,
write,write,,,audio_medium,polyglot,9,03-02-01-01-02-02-17_r09.wav,561888,0.005064,1,
write,write,,,audio_medium,pg_bytea,9,03-02-01-01-02-02-17_r09.wav,561888,0.013187,1,
write,write,,,audio_medium,mongo_gridfs,9,03-02-01-01-02-02-17_r09.wav,561888,0.005566,1,
write,write,,,audio_medium,pg_bytea,9,03-02-01-02-01-02-01_r09.wav,533056,0.024101,1,
write,write,,,audio_medium,polyglot,9,03-02-01-02-01-02-01_r09.wav,533056,0.006030,1,
write,write,,,audio_medium,mongo_gridfs,9,03-02-01-02-01-02-01_r09.wav,533056,0.005466,1,
write,write,,,audio_medium,polyglot,9,03-02-01-02-01-02-02_r09.wav,523448,0.005325,1,
write,write,,,audio_medium,pg_bytea,9,03-02-01-02-01-02-02_r09.wav,523448,0.014588,1,
write,write,,,audio_medium,mongo_gridfs,9,03-02-01-02-01-02-02_r09.wav,523448,0.005220,1,
write,write,,,audio_medium,mongo_gridfs,9,03-02-01-02-01-02-03_r09.wav,533056,0.004977,1,
write,write,,,audio_medium,pg_bytea,9,03-02-01-02-01-02-03_r09.wav,533056,0.016267,1,
write,write,,,audio_medium,polyglot,9,03-02-01-02-01-02-03_r09.wav,533056,0.006638,1,
write,write,,,audio_medium,mongo_gridfs,9,03-02-01-02-01-02-15_r09.wav,561882,0.005292,1,
write,write,,,audio_medium,pg_bytea,9,03-02-01-02-01-02-15_r09.wav,561882,0.013337,1,
write,write,,,audio_medium,polyglot,9,03-02-01-02-01-02-15_r09.wav,561882,0.006260,1,
write,write,,,audio_medium,mongo_gridfs,9,03-02-01-02-01-02-16_r09.wav,526650,0.005866,1,
write,write,,,audio_medium,polyglot,9,03-02-01-02-01-02-16_r09.wav,526650,0.030318,1,
write,write,,,audio_medium,pg_bytea,9,03-02-01-02-01-02-16_r09.wav,526650,0.014005,1,
write,write,,,audio_medium,mongo_gridfs,9,03-02-01-02-01-02-17_r09.wav,533056,0.013684,1,
write,write,,,audio_medium,polyglot,9,03-02-01-02-01-02-17_r09.wav,533056,0.021249,1,
write,write,,,audio_medium,pg_bytea,9,03-02-01-02-01-02-17_r09.wav,533056,0.077696,1,
write,write,,,audio_medium,mongo_gridfs,9,03-02-01-02-02-02-22_r09.wav,520242,0.008414,1,
write,write,,,audio_medium,pg_bytea,9,03-02-01-02-02-02-22_r09.wav,520242,0.017204,1,
write,write,,,audio_medium,polyglot,9,03-02-01-02-02-02-22_r09.wav,520242,0.007399,1,
write,write,,,audio_medium,pg_bytea,9,03-02-01-02-02-02-23_r09.wav,520242,0.014511,1,
write,write,,,audio_medium,polyglot,9,03-02-01-02-02-02-23_r09.wav,520242,0.008373,1,
write,write,,,audio_medium,mongo_gridfs,9,03-02-01-02-02-02-23_r09.wav,520242,0.005523,1,
write,write,,,audio_medium,polyglot,9,03-02-02-01-01-01-22_r09.wav,523448,0.005763,1,
write,write,,,audio_medium,pg_bytea,9,03-02-02-01-01-01-22_r09.wav,523448,0.012985,1,
write,write,,,audio_medium,mongo_gridfs,9,03-02-02-01-01-01-22_r09.wav,523448,0.005527,1,
write,write,,,audio_medium,pg_bytea,9,03-02-02-01-01-01-23_r09.wav,561888,0.036101,1,
write,write,,,audio_medium,mongo_gridfs,9,03-02-02-01-01-01-23_r09.wav,561888,0.008259,1,
write,write,,,audio_medium,polyglot,9,03-02-02-01-01-01-23_r09.wav,561888,0.006539,1,
write,write,,,audio_medium,polyglot,9,03-02-02-01-02-01-01_r09.wav,520242,0.006351,1,
write,write,,,audio_medium,mongo_gridfs,9,03-02-02-01-02-01-01_r09.wav,520242,0.005765,1,
write,write,,,audio_medium,pg_bytea,9,03-02-02-01-02-01-01_r09.wav,520242,0.032064,1,
write,write,,,audio_medium,pg_bytea,9,03-02-02-01-02-01-02_r09.wav,539464,0.015235,1,
write,write,,,audio_medium,mongo_gridfs,9,03-02-02-01-02-01-02_r09.wav,539464,0.005890,1,
write,write,,,audio_medium,polyglot,9,03-02-02-01-02-01-02_r09.wav,539464,0.005642,1,
write,write,,,audio_medium,pg_bytea,9,03-02-02-01-02-01-03_r09.wav,533056,0.021181,1,
write,write,,,audio_medium,polyglot,9,03-02-02-01-02-01-03_r09.wav,533056,0.006006,1,
write,write,,,audio_medium,mongo_gridfs,9,03-02-02-01-02-01-03_r09.wav,533056,0.004989,1,
write,write,,,audio_medium,pg_bytea,9,03-02-02-01-02-01-16_r09.wav,561882,0.016359,1,
write,write,,,audio_medium,mongo_gridfs,9,03-02-02-01-02-01-16_r09.wav,561882,0.006340,1,
write,write,,,audio_medium,polyglot,9,03-02-02-01-02-01-16_r09.wav,561882,0.005508,1,
write,write,,,audio_medium,mongo_gridfs,9,03-02-02-02-01-01-01_r09.wav,539464,0.005628,1,
write,write,,,audio_medium,polyglot,9,03-02-02-02-01-01-01_r09.wav,539464,0.006108,1,
write,write,,,audio_medium,pg_bytea,9,03-02-02-02-01-01-01_r09.wav,539464,0.015395,1,
write,write,,,audio_medium,polyglot,9,03-02-02-02-01-01-02_r09.wav,526650,0.005614,1,
write,write,,,audio_medium,mongo_gridfs,9,03-02-02-02-01-01-02_r09.wav,526650,0.005206,1,
write,write,,,audio_medium,pg_bytea,9,03-02-02-02-01-01-02_r09.wav,526650,0.011725,1,
write,write,,,audio_medium,mongo_gridfs,9,03-02-02-02-01-01-15_r09.wav,539464,0.008187,1,
write,write,,,audio_medium,polyglot,9,03-02-02-02-01-01-15_r09.wav,539464,0.016789,1,
write,write,,,audio_medium,pg_bytea,9,03-02-02-02-01-01-15_r09.wav,539464,0.012611,1,
write,write,,,audio_medium,mongo_gridfs,9,03-02-02-02-01-01-16_r09.wav,520242,0.005319,1,
write,write,,,audio_medium,polyglot,9,03-02-02-02-01-01-16_r09.wav,520242,0.005162,1,
write,write,,,audio_medium,pg_bytea,9,03-02-02-02-01-01-16_r09.wav,520242,0.011780,1,
write,write,,,audio_medium,pg_bytea,9,03-02-02-02-01-01-17_r09.wav,539464,0.013090,1,
write,write,,,audio_medium,mongo_gridfs,9,03-02-02-02-01-01-17_r09.wav,539464,0.008767,1,
write,write,,,audio_medium,polyglot,9,03-02-02-02-01-01-17_r09.wav,539464,0.005626,1,
write,write,,,audio_medium,pg_bytea,9,03-02-02-02-02-01-22_r09.wav,539464,0.015763,1,
write,write,,,audio_medium,mongo_gridfs,9,03-02-02-02-02-01-22_r09.wav,539464,0.006002,1,
write,write,,,audio_medium,polyglot,9,03-02-02-02-02-01-22_r09.wav,539464,0.005946,1,
write,write,,,audio_medium,mongo_gridfs,9,03-02-02-02-02-01-23_r09.wav,520242,0.004887,1,
write,write,,,audio_medium,pg_bytea,9,03-02-02-02-02-01-23_r09.wav,520242,0.017738,1,
write,write,,,audio_medium,polyglot,9,03-02-02-02-02-01-23_r09.wav,520242,0.006259,1,
write,write,,,audio_medium,mongo_gridfs,9,03-02-03-01-01-02-01_r09.wav,561882,0.005906,1,
write,write,,,audio_medium,pg_bytea,9,03-02-03-01-01-02-01_r09.wav,561882,0.015219,1,
write,write,,,audio_medium,polyglot,9,03-02-03-01-01-02-01_r09.wav,561882,0.007115,1,
write,write,,,audio_medium,pg_bytea,9,03-02-03-01-01-02-02_r09.wav,561882,0.015672,1,
write,write,,,audio_medium,polyglot,9,03-02-03-01-01-02-02_r09.wav,561882,0.007693,1,
write,write,,,audio_medium,mongo_gridfs,9,03-02-03-01-01-02-02_r09.wav,561882,0.006566,1,
write,write,,,audio_medium,polyglot,9,03-02-03-01-01-02-03_r09.wav,539464,0.007244,1,
write,write,,,audio_medium,pg_bytea,9,03-02-03-01-01-02-03_r09.wav,539464,0.013160,1,
write,write,,,audio_medium,mongo_gridfs,9,03-02-03-01-01-02-03_r09.wav,539464,0.007288,1,
write,write,,,audio_medium,polyglot,9,03-02-03-01-01-02-15_r09.wav,526650,0.010891,1,
write,write,,,audio_medium,mongo_gridfs,9,03-02-03-01-01-02-15_r09.wav,526650,0.006289,1,
write,write,,,audio_medium,pg_bytea,9,03-02-03-01-01-02-15_r09.wav,526650,0.014332,1,
write,write,,,audio_medium,pg_bytea,9,03-02-03-01-01-02-16_r09.wav,520242,0.013636,1,
write,write,,,audio_medium,mongo_gridfs,9,03-02-03-01-01-02-16_r09.wav,520242,0.007017,1,
write,write,,,audio_medium,polyglot,9,03-02-03-01-01-02-16_r09.wav,520242,0.009930,1,
write,write,,,audio_medium,mongo_gridfs,9,03-02-03-01-01-02-17_r09.wav,526650,0.007298,1,
write,write,,,audio_medium,polyglot,9,03-02-03-01-01-02-17_r09.wav,526650,0.012708,1,
write,write,,,audio_medium,pg_bytea,9,03-02-03-01-01-02-17_r09.wav,526650,0.017761,1,
write,write,,,audio_medium,mongo_gridfs,9,03-02-03-01-02-02-09_r09.wav,539464,0.010884,1,
write,write,,,audio_medium,polyglot,9,03-02-03-01-02-02-09_r09.wav,539464,0.015830,1,
write,write,,,audio_medium,pg_bytea,9,03-02-03-01-02-02-09_r09.wav,539464,0.014522,1,
write,write,,,audio_medium,polyglot,9,03-02-03-01-02-02-21_r09.wav,533056,0.006942,1,
write,write,,,audio_medium,mongo_gridfs,9,03-02-03-01-02-02-21_r09.wav,533056,0.005921,1,
write,write,,,audio_medium,pg_bytea,9,03-02-03-01-02-02-21_r09.wav,533056,0.014479,1,
write,write,,,audio_medium,polyglot,9,03-02-03-01-02-02-22_r09.wav,561888,0.008292,1,
write,write,,,audio_medium,mongo_gridfs,9,03-02-03-01-02-02-22_r09.wav,561888,0.012151,1,
write,write,,,audio_medium,pg_bytea,9,03-02-03-01-02-02-22_r09.wav,561888,0.018292,1,
write,write,,,audio_medium,mongo_gridfs,9,03-02-03-01-02-02-23_r09.wav,539464,0.007778,1,
write,write,,,audio_medium,pg_bytea,9,03-02-03-01-02-02-23_r09.wav,539464,0.048755,1,
write,write,,,audio_medium,polyglot,9,03-02-03-01-02-02-23_r09.wav,539464,0.008024,1,
write,write,,,audio_medium,pg_bytea,9,03-02-03-02-01-02-09_r09.wav,561882,0.014606,1,
write,write,,,audio_medium,polyglot,9,03-02-03-02-01-02-09_r09.wav,561882,0.007936,1,
write,write,,,audio_medium,mongo_gridfs,9,03-02-03-02-01-02-09_r09.wav,561882,0.006584,1,
write,write,,,audio_medium,mongo_gridfs,9,03-02-03-02-01-02-21_r09.wav,539464,0.006202,1,
write,write,,,audio_medium,pg_bytea,9,03-02-03-02-01-02-21_r09.wav,539464,0.014937,1,
write,write,,,audio_medium,polyglot,9,03-02-03-02-01-02-21_r09.wav,539464,0.007640,1,
write,write,,,audio_medium,pg_bytea,9,03-02-03-02-01-02-22_r09.wav,526650,0.013348,1,
write,write,,,audio_medium,polyglot,9,03-02-03-02-01-02-22_r09.wav,526650,0.008722,1,
write,write,,,audio_medium,mongo_gridfs,9,03-02-03-02-01-02-22_r09.wav,526650,0.005930,1,
write,write,,,audio_medium,pg_bytea,9,03-02-03-02-01-02-23_r09.wav,561888,0.046150,1,
write,write,,,audio_medium,polyglot,9,03-02-03-02-01-02-23_r09.wav,561888,0.008793,1,
write,write,,,audio_medium,mongo_gridfs,9,03-02-03-02-01-02-23_r09.wav,561888,0.010272,1,
write,write,,,audio_medium,polyglot,9,03-02-03-02-02-02-01_r09.wav,561882,0.006907,1,
write,write,,,audio_medium,mongo_gridfs,9,03-02-03-02-02-02-01_r09.wav,561882,0.006705,1,
write,write,,,audio_medium,pg_bytea,9,03-02-03-02-02-02-01_r09.wav,561882,0.016060,1,
write,write,,,audio_medium,pg_bytea,9,03-02-03-02-02-02-02_r09.wav,523448,0.015618,1,
write,write,,,audio_medium,mongo_gridfs,9,03-02-03-02-02-02-02_r09.wav,523448,0.007226,1,
write,write,,,audio_medium,polyglot,9,03-02-03-02-02-02-02_r09.wav,523448,0.010109,1,
write,write,,,audio_medium,polyglot,9,03-02-03-02-02-02-03_r09.wav,561888,0.007148,1,
write,write,,,audio_medium,mongo_gridfs,9,03-02-03-02-02-02-03_r09.wav,561888,0.006796,1,
write,write,,,audio_medium,pg_bytea,9,03-02-03-02-02-02-03_r09.wav,561888,0.043662,1,
write,write,,,audio_medium,mongo_gridfs,9,03-02-03-02-02-02-15_r09.wav,523448,0.006872,1,
write,write,,,audio_medium,polyglot,9,03-02-03-02-02-02-15_r09.wav,523448,0.013619,1,
write,write,,,audio_medium,pg_bytea,9,03-02-03-02-02-02-15_r09.wav,523448,0.016054,1,
write,write,,,audio_medium,mongo_gridfs,9,03-02-03-02-02-02-16_r09.wav,561882,0.007808,1,
write,write,,,audio_medium,polyglot,9,03-02-03-02-02-02-16_r09.wav,561882,0.007747,1,
write,write,,,audio_medium,pg_bytea,9,03-02-03-02-02-02-16_r09.wav,561882,0.017469,1,
write,write,,,audio_medium,polyglot,9,03-02-03-02-02-02-17_r09.wav,523448,0.006773,1,
write,write,,,audio_medium,mongo_gridfs,9,03-02-03-02-02-02-17_r09.wav,523448,0.005582,1,
write,write,,,audio_medium,pg_bytea,9,03-02-03-02-02-02-17_r09.wav,523448,0.066861,1,
write,write,,,audio_medium,pg_bytea,9,03-02-04-01-01-02-05_r09.wav,561882,0.014521,1,
write,write,,,audio_medium,mongo_gridfs,9,03-02-04-01-01-02-05_r09.wav,561882,0.009324,1,
write,write,,,audio_medium,polyglot,9,03-02-04-01-01-02-05_r09.wav,561882,0.007781,1,
write,write,,,audio_medium,mongo_gridfs,9,03-02-04-01-01-02-06_r09.wav,526650,0.008337,1,
write,write,,,audio_medium,polyglot,9,03-02-04-01-01-02-06_r09.wav,526650,0.007239,1,
write,write,,,audio_medium,pg_bytea,9,03-02-04-01-01-02-06_r09.wav,526650,0.019555,1,
write,write,,,audio_medium,pg_bytea,9,03-02-04-01-01-02-07_r09.wav,523448,0.013420,1,
write,write,,,audio_medium,mongo_gridfs,9,03-02-04-01-01-02-07_r09.wav,523448,0.008615,1,
write,write,,,audio_medium,polyglot,9,03-02-04-01-01-02-07_r09.wav,523448,0.012822,1,
write,write,,,audio_medium,mongo_gridfs,9,03-02-04-01-01-02-11_r09.wav,539464,0.006535,1,
write,write,,,audio_medium,pg_bytea,9,03-02-04-01-01-02-11_r09.wav,539464,0.013680,1,
write,write,,,audio_medium,polyglot,9,03-02-04-01-01-02-11_r09.wav,539464,0.007221,1,
write,write,,,audio_medium,polyglot,9,03-02-04-01-01-02-12_r09.wav,523448,0.007019,1,
write,write,,,audio_medium,mongo_gridfs,9,03-02-04-01-01-02-12_r09.wav,523448,0.006377,1,
write,write,,,audio_medium,pg_bytea,9,03-02-04-01-01-02-12_r09.wav,523448,0.013117,1,
write,write,,,audio_medium,mongo_gridfs,9,03-02-04-01-01-02-13_r09.wav,539464,0.007499,1,
write,write,,,audio_medium,pg_bytea,9,03-02-04-01-01-02-13_r09.wav,539464,0.014258,1,
write,write,,,audio_medium,polyglot,9,03-02-04-01-01-02-13_r09.wav,539464,0.009404,1,
write,write,,,audio_medium,mongo_gridfs,9,03-02-04-01-02-02-19_r09.wav,561888,0.008287,1,
write,write,,,audio_medium,pg_bytea,9,03-02-04-01-02-02-19_r09.wav,561888,0.032008,1,
write,write,,,audio_medium,polyglot,9,03-02-04-01-02-02-19_r09.wav,561888,0.008812,1,
write,write,,,audio_medium,mongo_gridfs,9,03-02-04-02-02-02-05_r09.wav,526650,0.007320,1,
write,write,,,audio_medium,polyglot,9,03-02-04-02-02-02-05_r09.wav,526650,0.006994,1,
write,write,,,audio_medium,pg_bytea,9,03-02-04-02-02-02-05_r09.wav,526650,0.013235,1,
write,write,,,audio_medium,mongo_gridfs,9,03-02-04-02-02-02-06_r09.wav,526650,0.007255,1,
write,write,,,audio_medium,pg_bytea,9,03-02-04-02-02-02-06_r09.wav,526650,0.012728,1,
write,write,,,audio_medium,polyglot,9,03-02-04-02-02-02-06_r09.wav,526650,0.007229,1,
write,write,,,audio_medium,mongo_gridfs,9,03-02-04-02-02-02-07_r09.wav,561888,0.006539,1,
write,write,,,audio_medium,polyglot,9,03-02-04-02-02-02-07_r09.wav,561888,0.007084,1,
write,write,,,audio_medium,pg_bytea,9,03-02-04-02-02-02-07_r09.wav,561888,0.013779,1,
write,write,,,audio_medium,pg_bytea,9,03-02-04-02-02-02-11_r09.wav,561888,0.038236,1,
write,write,,,audio_medium,mongo_gridfs,9,03-02-04-02-02-02-11_r09.wav,561888,0.012682,1,
write,write,,,audio_medium,polyglot,9,03-02-04-02-02-02-11_r09.wav,561888,0.013208,1,
write,write,,,audio_medium,pg_bytea,9,03-02-04-02-02-02-12_r09.wav,523448,0.018883,1,
write,write,,,audio_medium,mongo_gridfs,9,03-02-04-02-02-02-12_r09.wav,523448,0.008919,1,
write,write,,,audio_medium,polyglot,9,03-02-04-02-02-02-12_r09.wav,523448,0.006968,1,
write,write,,,audio_medium,polyglot,9,03-02-04-02-02-02-13_r09.wav,533056,0.006343,1,
write,write,,,audio_medium,pg_bytea,9,03-02-04-02-02-02-13_r09.wav,533056,0.018393,1,
write,write,,,audio_medium,mongo_gridfs,9,03-02-04-02-02-02-13_r09.wav,533056,0.007192,1,
write,write,,,audio_medium,polyglot,9,03-02-05-01-02-01-06_r09.wav,561882,0.019021,1,
write,write,,,audio_medium,pg_bytea,9,03-02-05-01-02-01-06_r09.wav,561882,0.018770,1,
write,write,,,audio_medium,mongo_gridfs,9,03-02-05-01-02-01-06_r09.wav,561882,0.007508,1,
write,write,,,audio_medium,polyglot,9,03-02-05-01-02-01-07_r09.wav,520242,0.007294,1,
write,write,,,audio_medium,mongo_gridfs,9,03-02-05-01-02-01-07_r09.wav,520242,0.006331,1,
write,write,,,audio_medium,pg_bytea,9,03-02-05-01-02-01-07_r09.wav,520242,0.013279,1,
write,write,,,audio_medium,pg_bytea,9,03-02-05-01-02-01-12_r09.wav,520242,0.015426,1,
write,write,,,audio_medium,mongo_gridfs,9,03-02-05-01-02-01-12_r09.wav,520242,0.007980,1,
write,write,,,audio_medium,polyglot,9,03-02-05-01-02-01-12_r09.wav,520242,0.006661,1,
write,write,,,audio_medium,polyglot,9,03-02-05-01-02-01-13_r09.wav,561888,0.007505,1,
write,write,,,audio_medium,mongo_gridfs,9,03-02-05-01-02-01-13_r09.wav,561888,0.007251,1,
write,write,,,audio_medium,pg_bytea,9,03-02-05-01-02-01-13_r09.wav,561888,0.019918,1,
write,write,,,audio_medium,polyglot,9,03-02-05-02-01-01-05_r09.wav,539464,0.007960,1,
write,write,,,audio_medium,pg_bytea,9,03-02-05-02-01-01-05_r09.wav,539464,0.014927,1,
write,write,,,audio_medium,mongo_gridfs,9,03-02-05-02-01-01-05_r09.wav,539464,0.008066,1,
write,write,,,audio_medium,pg_bytea,9,03-02-05-02-01-01-06_r09.wav,561888,0.014792,1,
write,write,,,audio_medium,mongo_gridfs,9,03-02-05-02-01-01-06_r09.wav,561888,0.008063,1,
write,write,,,audio_medium,polyglot,9,03-02-05-02-01-01-06_r09.wav,561888,0.006648,1,
write,write,,,audio_medium,polyglot,9,03-02-05-02-01-01-07_r09.wav,533056,0.006450,1,
write,write,,,audio_medium,mongo_gridfs,9,03-02-05-02-01-01-07_r09.wav,533056,0.005944,1,
write,write,,,audio_medium,pg_bytea,9,03-02-05-02-01-01-07_r09.wav,533056,0.057506,1,
write,write,,,audio_medium,pg_bytea,9,03-02-05-02-01-01-11_r09.wav,561888,0.015641,1,
write,write,,,audio_medium,mongo_gridfs,9,03-02-05-02-01-01-11_r09.wav,561888,0.011216,1,
write,write,,,audio_medium,polyglot,9,03-02-05-02-01-01-11_r09.wav,561888,0.007551,1,
write,write,,,audio_medium,pg_bytea,9,03-02-05-02-01-01-12_r09.wav,533056,0.015065,1,
write,write,,,audio_medium,mongo_gridfs,9,03-02-05-02-01-01-12_r09.wav,533056,0.006946,1,
write,write,,,audio_medium,polyglot,9,03-02-05-02-01-01-12_r09.wav,533056,0.008419,1,
write,write,,,audio_medium,polyglot,9,03-02-05-02-01-01-13_r09.wav,526650,0.006314,1,
write,write,,,audio_medium,pg_bytea,9,03-02-05-02-01-01-13_r09.wav,526650,0.015414,1,
write,write,,,audio_medium,mongo_gridfs,9,03-02-05-02-01-01-13_r09.wav,526650,0.007460,1,
write,write,,,video_small,polyglot,9,01-01-01-01-01-01-22_r09.mp4,5457041,0.051593,1,
write,write,,,video_small,pg_bytea,9,01-01-01-01-01-01-22_r09.mp4,5457041,0.184191,1,
write,write,,,video_small,mongo_gridfs,9,01-01-01-01-01-01-22_r09.mp4,5457041,0.045443,1,
write,write,,,video_small,mongo_gridfs,9,01-01-01-01-01-02-01_r09.mp4,5457041,0.049460,1,
write,write,,,video_small,pg_bytea,9,01-01-01-01-01-02-01_r09.mp4,5457041,0.170695,1,
write,write,,,video_small,polyglot,9,01-01-01-01-01-02-01_r09.mp4,5457041,0.051930,1,
write,write,,,video_small,polyglot,9,01-01-01-01-01-02-15_r09.mp4,5457041,1.722686,1,
write,write,,,video_small,mongo_gridfs,9,01-01-01-01-01-02-15_r09.mp4,5457041,0.056206,1,
write,write,,,video_small,pg_bytea,9,01-01-01-01-01-02-15_r09.mp4,5457041,0.171642,1,
write,write,,,video_small,mongo_gridfs,9,01-01-01-01-02-01-06_r09.mp4,5457041,0.051952,1,
write,write,,,video_small,polyglot,9,01-01-01-01-02-01-06_r09.mp4,5457041,0.044106,1,
write,write,,,video_small,pg_bytea,9,01-01-01-01-02-01-06_r09.mp4,5457041,0.208067,1,
write,write,,,video_small,pg_bytea,9,01-01-01-01-02-01-13_r09.mp4,5457041,0.138124,1,
write,write,,,video_small,polyglot,9,01-01-01-01-02-01-13_r09.mp4,5457041,0.039120,1,
write,write,,,video_small,mongo_gridfs,9,01-01-01-01-02-01-13_r09.mp4,5457041,0.049648,1,
write,write,,,video_small,mongo_gridfs,9,01-01-01-01-02-01-14_r09.mp4,5457041,0.041096,1,
write,write,,,video_small,polyglot,9,01-01-01-01-02-01-14_r09.mp4,5457041,0.040930,1,
write,write,,,video_small,pg_bytea,9,01-01-01-01-02-01-14_r09.mp4,5457041,0.338272,1,
write,write,,,video_small,polyglot,9,01-01-01-01-02-02-09_r09.mp4,5498397,0.042451,1,
write,write,,,video_small,pg_bytea,9,01-01-01-01-02-02-09_r09.mp4,5498397,0.198472,1,
write,write,,,video_small,mongo_gridfs,9,01-01-01-01-02-02-09_r09.mp4,5498397,0.045855,1,
write,write,,,video_small,mongo_gridfs,9,01-01-01-02-01-01-01_r09.mp4,5498397,0.043583,1,
write,write,,,video_small,polyglot,9,01-01-01-02-01-01-01_r09.mp4,5498397,0.204709,1,
write,write,,,video_small,pg_bytea,9,01-01-01-02-01-01-01_r09.mp4,5498397,0.171329,1,
write,write,,,video_small,polyglot,9,01-01-01-02-01-01-05_r09.mp4,5457041,0.046267,1,
write,write,,,video_small,pg_bytea,9,01-01-01-02-01-01-05_r09.mp4,5457041,0.151455,1,
write,write,,,video_small,mongo_gridfs,9,01-01-01-02-01-01-05_r09.mp4,5457041,0.047291,1,
write,write,,,video_small,mongo_gridfs,9,01-01-01-02-01-01-15_r09.mp4,5457041,0.053062,1,
write,write,,,video_small,pg_bytea,9,01-01-01-02-01-01-15_r09.mp4,5457041,0.157192,1,
write,write,,,video_small,polyglot,9,01-01-01-02-01-01-15_r09.mp4,5457041,0.049006,1,
write,write,,,video_small,mongo_gridfs,9,01-01-01-02-02-01-18_r09.mp4,5457041,0.041456,1,
write,write,,,video_small,pg_bytea,9,01-01-01-02-02-01-18_r09.mp4,5457041,2.476248,1,
write,write,,,video_small,polyglot,9,01-01-01-02-02-01-18_r09.mp4,5457041,0.053682,1,
write,write,,,video_small,polyglot,9,01-01-01-02-02-01-19_r09.mp4,5457041,0.057275,1,
write,write,,,video_small,pg_bytea,9,01-01-01-02-02-01-19_r09.mp4,5457041,0.163861,1,
write,write,,,video_small,mongo_gridfs,9,01-01-01-02-02-01-19_r09.mp4,5457041,0.044759,1,
write,write,,,video_small,mongo_gridfs,9,01-01-02-01-01-02-09_r09.mp4,5498397,0.067531,1,
write,write,,,video_small,polyglot,9,01-01-02-01-01-02-09_r09.mp4,5498397,0.049164,1,
write,write,,,video_small,pg_bytea,9,01-01-02-01-01-02-09_r09.mp4,5498397,0.191687,1,
write,write,,,video_small,mongo_gridfs,9,01-01-02-01-01-02-18_r09.mp4,5498397,0.047288,1,
write,write,,,video_small,pg_bytea,9,01-01-02-01-01-02-18_r09.mp4,5498397,0.152371,1,
write,write,,,video_small,polyglot,9,01-01-02-01-01-02-18_r09.mp4,5498397,0.042581,1,
write,write,,,video_small,pg_bytea,9,01-01-02-01-01-02-23_r09.mp4,5498397,0.138923,1,
write,write,,,video_small,polyglot,9,01-01-02-01-01-02-23_r09.mp4,5498397,0.046667,1,
write,write,,,video_small,mongo_gridfs,9,01-01-02-01-01-02-23_r09.mp4,5498397,0.039602,1,
write,write,,,video_small,pg_bytea,9,01-01-02-01-02-01-09_r09.mp4,5498397,0.170703,1,
write,write,,,video_small,mongo_gridfs,9,01-01-02-01-02-01-09_r09.mp4,5498397,0.041774,1,
write,write,,,video_small,polyglot,9,01-01-02-01-02-01-09_r09.mp4,5498397,0.042398,1,
write,write,,,video_small,mongo_gridfs,9,01-01-02-01-02-02-01_r09.mp4,5498397,0.049482,1,
write,write,,,video_small,pg_bytea,9,01-01-02-01-02-02-01_r09.mp4,5498397,0.215967,1,
write,write,,,video_small,polyglot,9,01-01-02-01-02-02-01_r09.mp4,5498397,0.041246,1,
write,write,,,video_small,mongo_gridfs,9,01-01-02-01-02-02-03_r09.mp4,5498397,0.051067,1,
write,write,,,video_small,pg_bytea,9,01-01-02-01-02-02-03_r09.mp4,5498397,0.221873,1,
write,write,,,video_small,polyglot,9,01-01-02-01-02-02-03_r09.mp4,5498397,0.041789,1,
write,write,,,video_small,pg_bytea,9,01-01-02-02-01-02-02_r09.mp4,5498397,0.146224,1,
write,write,,,video_small,mongo_gridfs,9,01-01-02-02-01-02-02_r09.mp4,5498397,0.046363,1,
write,write,,,video_small,polyglot,9,01-01-02-02-01-02-02_r09.mp4,5498397,0.040414,1,
write,write,,,video_small,pg_bytea,9,01-01-02-02-01-02-03_r09.mp4,5498397,0.145900,1,
write,write,,,video_small,polyglot,9,01-01-02-02-01-02-03_r09.mp4,5498397,0.059234,1,
write,write,,,video_small,mongo_gridfs,9,01-01-02-02-01-02-03_r09.mp4,5498397,0.043644,1,
write,write,,,video_small,mongo_gridfs,9,01-01-02-02-01-02-05_r09.mp4,5498397,0.042854,1,
write,write,,,video_small,polyglot,9,01-01-02-02-01-02-05_r09.mp4,5498397,0.108481,1,
write,write,,,video_small,pg_bytea,9,01-01-02-02-01-02-05_r09.mp4,5498397,0.220753,1,
write,write,,,video_small,polyglot,9,01-01-02-02-01-02-10_r09.mp4,5457041,0.041987,1,
write,write,,,video_small,mongo_gridfs,9,01-01-02-02-01-02-10_r09.mp4,5457041,0.038804,1,
write,write,,,video_small,pg_bytea,9,01-01-02-02-01-02-10_r09.mp4,5457041,0.179167,1,
write,write,,,video_small,mongo_gridfs,9,01-01-02-02-01-02-13_r09.mp4,5457041,0.046323,1,
write,write,,,video_small,polyglot,9,01-01-02-02-01-02-13_r09.mp4,5457041,0.046098,1,
write,write,,,video_small,pg_bytea,9,01-01-02-02-01-02-13_r09.mp4,5457041,0.346837,1,
write,write,,,video_small,pg_bytea,9,01-01-02-02-01-02-17_r09.mp4,5457041,0.338585,1,
write,write,,,video_small,mongo_gridfs,9,01-01-02-02-01-02-17_r09.mp4,5457041,0.058911,1,
write,write,,,video_small,polyglot,9,01-01-02-02-01-02-17_r09.mp4,5457041,0.045379,1,
write,write,,,video_small,polyglot,9,01-01-02-02-02-02-18_r09.mp4,5457041,0.049350,1,
write,write,,,video_small,pg_bytea,9,01-01-02-02-02-02-18_r09.mp4,5457041,0.142037,1,
write,write,,,video_small,mongo_gridfs,9,01-01-02-02-02-02-18_r09.mp4,5457041,0.040572,1,
write,write,,,video_small,mongo_gridfs,9,01-01-02-02-02-02-19_r09.mp4,5457041,0.043324,1,
write,write,,,video_small,pg_bytea,9,01-01-02-02-02-02-19_r09.mp4,5457041,0.316752,1,
write,write,,,video_small,polyglot,9,01-01-02-02-02-02-19_r09.mp4,5457041,0.049155,1,
write,write,,,video_small,polyglot,9,01-01-02-02-02-02-21_r09.mp4,5498397,0.045992,1,
write,write,,,video_small,mongo_gridfs,9,01-01-02-02-02-02-21_r09.mp4,5498397,0.038566,1,
write,write,,,video_small,pg_bytea,9,01-01-02-02-02-02-21_r09.mp4,5498397,0.243165,1,
write,write,,,video_small,polyglot,9,01-01-02-02-02-02-22_r09.mp4,5457041,0.079998,1,
write,write,,,video_small,mongo_gridfs,9,01-01-02-02-02-02-22_r09.mp4,5457041,0.054935,1,
write,write,,,video_small,pg_bytea,9,01-01-02-02-02-02-22_r09.mp4,5457041,3.025939,1,
write,write,,,video_small,polyglot,9,01-01-02-02-02-02-23_r09.mp4,5457041,0.085344,1,
write,write,,,video_small,pg_bytea,9,01-01-02-02-02-02-23_r09.mp4,5457041,0.180077,1,
write,write,,,video_small,mongo_gridfs,9,01-01-02-02-02-02-23_r09.mp4,5457041,0.048545,1,
write,write,,,video_small,pg_bytea,9,01-01-03-01-01-01-12_r09.mp4,5457041,0.231344,1,
write,write,,,video_small,polyglot,9,01-01-03-01-01-01-12_r09.mp4,5457041,0.049274,1,
write,write,,,video_small,mongo_gridfs,9,01-01-03-01-01-01-12_r09.mp4,5457041,0.057766,1,
write,write,,,video_small,mongo_gridfs,9,01-01-03-01-01-01-15_r09.mp4,5457041,0.049649,1,
write,write,,,video_small,polyglot,9,01-01-03-01-01-01-15_r09.mp4,5457041,0.055603,1,
write,write,,,video_small,pg_bytea,9,01-01-03-01-01-01-15_r09.mp4,5457041,0.172048,1,
write,write,,,video_small,mongo_gridfs,9,01-01-03-01-02-01-08_r09.mp4,5498397,0.053534,1,
write,write,,,video_small,polyglot,9,01-01-03-01-02-01-08_r09.mp4,5498397,0.058808,1,
write,write,,,video_small,pg_bytea,9,01-01-03-01-02-01-08_r09.mp4,5498397,0.194371,1,
write,write,,,video_small,mongo_gridfs,9,01-01-03-01-02-01-21_r09.mp4,5498397,0.052755,1,
write,write,,,video_small,polyglot,9,01-01-03-01-02-01-21_r09.mp4,5498397,0.136912,1,
write,write,,,video_small,pg_bytea,9,01-01-03-01-02-01-21_r09.mp4,5498397,0.168614,1,
write,write,,,video_small,polyglot,9,01-01-03-02-01-01-21_r09.mp4,5457041,0.046467,1,
write,write,,,video_small,mongo_gridfs,9,01-01-03-02-01-01-21_r09.mp4,5457041,0.042876,1,
write,write,,,video_small,pg_bytea,9,01-01-03-02-01-01-21_r09.mp4,5457041,0.161317,1,
write,write,,,video_small,pg_bytea,9,01-01-03-02-01-01-24_r09.mp4,5457041,0.146562,1,
write,write,,,video_small,mongo_gridfs,9,01-01-03-02-01-01-24_r09.mp4,5457041,0.047415,1,
write,write,,,video_small,polyglot,9,01-01-03-02-01-01-24_r09.mp4,5457041,0.046127,1,
write,write,,,video_small,mongo_gridfs,9,01-01-03-02-01-02-01_r09.mp4,5457041,0.041815,1,
write,write,,,video_small,pg_bytea,9,01-01-03-02-01-02-01_r09.mp4,5457041,0.248799,1,
write,write,,,video_small,polyglot,9,01-01-03-02-01-02-01_r09.mp4,5457041,0.048055,1,
write,write,,,video_small,mongo_gridfs,9,01-01-03-02-01-02-15_r09.mp4,5457041,0.047228,1,
write,write,,,video_small,polyglot,9,01-01-03-02-01-02-15_r09.mp4,5457041,0.041265,1,
write,write,,,video_small,pg_bytea,9,01-01-03-02-01-02-15_r09.mp4,5457041,0.181171,1,
write,write,,,video_small,pg_bytea,9,01-01-03-02-02-01-05_r09.mp4,5457041,0.150082,1,
write,write,,,video_small,mongo_gridfs,9,01-01-03-02-02-01-05_r09.mp4,5457041,0.055309,1,
write,write,,,video_small,polyglot,9,01-01-03-02-02-01-05_r09.mp4,5457041,0.044982,1,
write,write,,,video_small,mongo_gridfs,9,01-01-03-02-02-01-12_r09.mp4,5457041,0.045516,1,
write,write,,,video_small,pg_bytea,9,01-01-03-02-02-01-12_r09.mp4,5457041,0.188782,1,
write,write,,,video_small,polyglot,9,01-01-03-02-02-01-12_r09.mp4,5457041,0.098675,1,
write,write,,,video_small,pg_bytea,9,01-01-03-02-02-01-15_r09.mp4,5498397,0.168403,1,
write,write,,,video_small,mongo_gridfs,9,01-01-03-02-02-01-15_r09.mp4,5498397,0.046616,1,
write,write,,,video_small,polyglot,9,01-01-03-02-02-01-15_r09.mp4,5498397,0.044228,1,
write,write,,,video_small,mongo_gridfs,9,01-01-04-01-01-01-03_r09.mp4,5457041,0.052314,1,
write,write,,,video_small,pg_bytea,9,01-01-04-01-01-01-03_r09.mp4,5457041,0.168051,1,
write,write,,,video_small,polyglot,9,01-01-04-01-01-01-03_r09.mp4,5457041,0.059631,1,
write,write,,,video_small,mongo_gridfs,9,01-01-04-01-01-01-05_r09.mp4,5498397,0.046077,1,
write,write,,,video_small,polyglot,9,01-01-04-01-01-01-05_r09.mp4,5498397,0.486864,1,
write,write,,,video_small,pg_bytea,9,01-01-04-01-01-01-05_r09.mp4,5498397,0.159207,1,
write,write,,,video_small,mongo_gridfs,9,01-01-04-01-01-01-10_r09.mp4,5457041,0.054295,1,
write,write,,,video_small,pg_bytea,9,01-01-04-01-01-01-10_r09.mp4,5457041,0.745186,1,
write,write,,,video_small,polyglot,9,01-01-04-01-01-01-10_r09.mp4,5457041,0.043364,1,
write,write,,,video_small,pg_bytea,9,01-01-04-01-01-01-16_r09.mp4,5457041,0.155788,1,
write,write,,,video_small,mongo_gridfs,9,01-01-04-01-01-01-16_r09.mp4,5457041,0.052067,1,
write,write,,,video_small,polyglot,9,01-01-04-01-01-01-16_r09.mp4,5457041,0.047362,1,
write,write,,,video_small,polyglot,9,01-01-04-01-02-01-19_r09.mp4,5498397,0.056794,1,
write,write,,,video_small,mongo_gridfs,9,01-01-04-01-02-01-19_r09.mp4,5498397,0.047014,1,
write,write,,,video_small,pg_bytea,9,01-01-04-01-02-01-19_r09.mp4,5498397,0.180388,1,
write,write,,,video_small,polyglot,9,01-01-04-01-02-01-21_r09.mp4,5498397,0.052548,1,
write,write,,,video_small,mongo_gridfs,9,01-01-04-01-02-01-21_r09.mp4,5498397,0.053087,1,
write,write,,,video_small,pg_bytea,9,01-01-04-01-02-01-21_r09.mp4,5498397,0.233309,1,
write,write,,,video_small,mongo_gridfs,9,01-01-04-01-02-01-22_r09.mp4,5498397,0.049456,1,
write,write,,,video_small,pg_bytea,9,01-01-04-01-02-01-22_r09.mp4,5498397,0.605205,1,
write,write,,,video_small,polyglot,9,01-01-04-01-02-01-22_r09.mp4,5498397,0.066227,1,
write,write,,,video_small,polyglot,9,01-01-04-02-01-01-18_r09.mp4,5498397,0.053207,1,
write,write,,,video_small,mongo_gridfs,9,01-01-04-02-01-01-18_r09.mp4,5498397,0.045743,1,
write,write,,,video_small,pg_bytea,9,01-01-04-02-01-01-18_r09.mp4,5498397,0.239001,1,
write,write,,,video_small,polyglot,9,01-01-04-02-01-01-19_r09.mp4,5457041,0.043696,1,
write,write,,,video_small,pg_bytea,9,01-01-04-02-01-01-19_r09.mp4,5457041,0.143308,1,
write,write,,,video_small,mongo_gridfs,9,01-01-04-02-01-01-19_r09.mp4,5457041,0.043756,1,
write,write,,,video_small,mongo_gridfs,9,01-01-04-02-02-01-02_r09.mp4,5498397,0.049642,1,
write,write,,,video_small,polyglot,9,01-01-04-02-02-01-02_r09.mp4,5498397,0.047213,1,
write,write,,,video_small,pg_bytea,9,01-01-04-02-02-01-02_r09.mp4,5498397,0.233799,1,
write,write,,,video_small,pg_bytea,9,01-01-04-02-02-01-05_r09.mp4,5498397,1.769007,1,
write,write,,,video_small,polyglot,9,01-01-04-02-02-01-05_r09.mp4,5498397,0.049213,1,
write,write,,,video_small,mongo_gridfs,9,01-01-04-02-02-01-05_r09.mp4,5498397,0.045571,1,
write,write,,,video_small,polyglot,9,01-01-04-02-02-01-06_r09.mp4,5498397,0.060616,1,
write,write,,,video_small,mongo_gridfs,9,01-01-04-02-02-01-06_r09.mp4,5498397,0.047402,1,
write,write,,,video_small,pg_bytea,9,01-01-04-02-02-01-06_r09.mp4,5498397,2.298664,1,
write,write,,,video_small,pg_bytea,9,01-01-04-02-02-01-13_r09.mp4,5498397,2.740471,1,
write,write,,,video_small,polyglot,9,01-01-04-02-02-01-13_r09.mp4,5498397,0.704140,1,
write,write,,,video_small,mongo_gridfs,9,01-01-04-02-02-01-13_r09.mp4,5498397,0.038697,1,
write,write,,,video_small,pg_bytea,9,01-01-04-02-02-01-17_r09.mp4,5498397,0.931350,1,
write,write,,,video_small,polyglot,9,01-01-04-02-02-01-17_r09.mp4,5498397,0.138501,1,
write,write,,,video_small,mongo_gridfs,9,01-01-04-02-02-01-17_r09.mp4,5498397,0.052167,1,
write,write,,,video_small,polyglot,9,01-01-04-02-02-02-19_r09.mp4,5498397,0.048546,1,
write,write,,,video_small,mongo_gridfs,9,01-01-04-02-02-02-19_r09.mp4,5498397,0.046528,1,
write,write,,,video_small,pg_bytea,9,01-01-04-02-02-02-19_r09.mp4,5498397,0.200386,1,
write,write,,,video_small,mongo_gridfs,9,01-01-05-01-01-02-09_r09.mp4,5457041,0.052770,1,
write,write,,,video_small,polyglot,9,01-01-05-01-01-02-09_r09.mp4,5457041,0.040615,1,
write,write,,,video_small,pg_bytea,9,01-01-05-01-01-02-09_r09.mp4,5457041,0.160757,1,
write,write,,,video_small,polyglot,9,01-01-05-01-01-02-19_r09.mp4,5498397,0.051408,1,
write,write,,,video_small,pg_bytea,9,01-01-05-01-01-02-19_r09.mp4,5498397,0.145116,1,
write,write,,,video_small,mongo_gridfs,9,01-01-05-01-01-02-19_r09.mp4,5498397,0.041450,1,
write,write,,,video_small,mongo_gridfs,9,01-01-05-01-01-02-21_r09.mp4,5457041,0.041329,1,
write,write,,,video_small,pg_bytea,9,01-01-05-01-01-02-21_r09.mp4,5457041,0.168192,1,
write,write,,,video_small,polyglot,9,01-01-05-01-01-02-21_r09.mp4,5457041,0.044730,1,
write,write,,,video_small,mongo_gridfs,9,01-01-05-01-02-01-19_r09.mp4,5457041,0.047588,1,
write,write,,,video_small,polyglot,9,01-01-05-01-02-01-19_r09.mp4,5457041,0.052509,1,
write,write,,,video_small,pg_bytea,9,01-01-05-01-02-01-19_r09.mp4,5457041,0.163335,1,
write,write,,,video_small,mongo_gridfs,9,01-01-05-01-02-02-04_r09.mp4,5457041,0.047508,1,
write,write,,,video_small,pg_bytea,9,01-01-05-01-02-02-04_r09.mp4,5457041,0.361566,1,
write,write,,,video_small,polyglot,9,01-01-05-01-02-02-04_r09.mp4,5457041,0.045557,1,
write,write,,,video_small,pg_bytea,9,01-01-05-01-02-02-05_r09.mp4,5498397,0.157264,1,
write,write,,,video_small,mongo_gridfs,9,01-01-05-01-02-02-05_r09.mp4,5498397,0.041750,1,
write,write,,,video_small,polyglot,9,01-01-05-01-02-02-05_r09.mp4,5498397,0.044289,1,
write,write,,,video_small,mongo_gridfs,9,01-01-05-02-01-02-04_r09.mp4,5457041,0.042362,1,
write,write,,,video_small,polyglot,9,01-01-05-02-01-02-04_r09.mp4,5457041,0.043852,1,
write,write,,,video_small,pg_bytea,9,01-01-05-02-01-02-04_r09.mp4,5457041,0.163401,1,
write,write,,,video_small,pg_bytea,9,01-01-05-02-01-02-12_r09.mp4,5457041,0.140948,1,
write,write,,,video_small,mongo_gridfs,9,01-01-05-02-01-02-12_r09.mp4,5457041,0.081638,1,
write,write,,,video_small,polyglot,9,01-01-05-02-01-02-12_r09.mp4,5457041,0.041640,1,
write,write,,,video_small,pg_bytea,9,01-01-05-02-01-02-14_r09.mp4,5457041,0.146895,1,
write,write,,,video_small,polyglot,9,01-01-05-02-01-02-14_r09.mp4,5457041,0.038952,1,
write,write,,,video_small,mongo_gridfs,9,01-01-05-02-01-02-14_r09.mp4,5457041,0.044583,1,
write,write,,,video_small,pg_bytea,9,01-01-05-02-02-02-19_r09.mp4,5498397,0.147207,1,
write,write,,,video_small,mongo_gridfs,9,01-01-05-02-02-02-19_r09.mp4,5498397,0.054250,1,
write,write,,,video_small,polyglot,9,01-01-05-02-02-02-19_r09.mp4,5498397,0.038870,1,
write,write,,,video_small,pg_bytea,9,01-01-05-02-02-02-20_r09.mp4,5498397,0.160474,1,
write,write,,,video_small,polyglot,9,01-01-05-02-02-02-20_r09.mp4,5498397,0.041361,1,
write,write,,,video_small,mongo_gridfs,9,01-01-05-02-02-02-20_r09.mp4,5498397,0.040562,1,
write,write,,,video_small,pg_bytea,9,01-01-05-02-02-02-23_r09.mp4,5457041,0.161166,1,
write,write,,,video_small,polyglot,9,01-01-05-02-02-02-23_r09.mp4,5457041,0.043905,1,
write,write,,,video_small,mongo_gridfs,9,01-01-05-02-02-02-23_r09.mp4,5457041,0.055768,1,
write,write,,,video_small,pg_bytea,9,01-01-06-01-01-01-08_r09.mp4,5457041,0.156381,1,
write,write,,,video_small,polyglot,9,01-01-06-01-01-01-08_r09.mp4,5457041,0.044357,1,
write,write,,,video_small,mongo_gridfs,9,01-01-06-01-01-01-08_r09.mp4,5457041,0.048452,1,
write,write,,,video_small,polyglot,9,01-01-06-01-01-01-19_r09.mp4,5457041,0.099174,1,
write,write,,,video_small,mongo_gridfs,9,01-01-06-01-01-01-19_r09.mp4,5457041,0.051702,1,
write,write,,,video_small,pg_bytea,9,01-01-06-01-01-01-19_r09.mp4,5457041,0.156195,1,
write,write,,,video_small,polyglot,9,01-01-06-01-01-01-24_r09.mp4,5498397,0.048696,1,
write,write,,,video_small,mongo_gridfs,9,01-01-06-01-01-01-24_r09.mp4,5498397,0.053028,1,
write,write,,,video_small,pg_bytea,9,01-01-06-01-01-01-24_r09.mp4,5498397,0.142976,1,
write,write,,,video_medium,polyglot,9,tsinghua_v_0024_r09.mp4,13091522,0.148396,1,
write,write,,,video_medium,mongo_gridfs,9,tsinghua_v_0024_r09.mp4,13091522,0.108145,1,
write,write,,,video_medium,pg_bytea,9,tsinghua_v_0024_r09.mp4,13091522,0.380525,1,
write,write,,,video_medium,polyglot,9,tsinghua_v_0046_r09.mp4,13091522,0.116355,1,
write,write,,,video_medium,mongo_gridfs,9,tsinghua_v_0046_r09.mp4,13091522,0.102060,1,
write,write,,,video_medium,pg_bytea,9,tsinghua_v_0046_r09.mp4,13091522,1.223714,1,
write,write,,,video_medium,polyglot,9,tsinghua_v_0076_r09.mp4,13091522,0.116061,1,
write,write,,,video_medium,pg_bytea,9,tsinghua_v_0076_r09.mp4,13091522,0.352441,1,
write,write,,,video_medium,mongo_gridfs,9,tsinghua_v_0076_r09.mp4,13091522,0.099968,1,
write,write,,,video_medium,polyglot,9,tsinghua_v_0080_r09.mp4,13091522,0.097364,1,
write,write,,,video_medium,pg_bytea,9,tsinghua_v_0080_r09.mp4,13091522,0.352900,1,
write,write,,,video_medium,mongo_gridfs,9,tsinghua_v_0080_r09.mp4,13091522,0.112909,1,
write,write,,,video_medium,pg_bytea,9,tsinghua_v_0109_r09.mp4,13091522,0.358487,1,
write,write,,,video_medium,polyglot,9,tsinghua_v_0109_r09.mp4,13091522,0.100729,1,
write,write,,,video_medium,mongo_gridfs,9,tsinghua_v_0109_r09.mp4,13091522,0.107006,1,
write,write,,,video_medium,polyglot,9,tsinghua_v_0123_r09.mp4,13091522,0.152618,1,
write,write,,,video_medium,pg_bytea,9,tsinghua_v_0123_r09.mp4,13091522,0.390024,1,
write,write,,,video_medium,mongo_gridfs,9,tsinghua_v_0123_r09.mp4,13091522,0.097573,1,
write,write,,,video_medium,mongo_gridfs,9,tsinghua_v_0130_r09.mp4,13091522,0.107656,1,
write,write,,,video_medium,pg_bytea,9,tsinghua_v_0130_r09.mp4,13091522,0.397675,1,
write,write,,,video_medium,polyglot,9,tsinghua_v_0130_r09.mp4,13091522,0.098729,1,
write,write,,,video_medium,polyglot,9,tsinghua_v_0135_r09.mp4,13091522,0.093501,1,
write,write,,,video_medium,pg_bytea,9,tsinghua_v_0135_r09.mp4,13091522,0.342064,1,
write,write,,,video_medium,mongo_gridfs,9,tsinghua_v_0135_r09.mp4,13091522,0.115446,1,
write,write,,,video_medium,mongo_gridfs,9,tsinghua_v_0137_r09.mp4,13091522,0.120197,1,
write,write,,,video_medium,pg_bytea,9,tsinghua_v_0137_r09.mp4,13091522,0.370906,1,
write,write,,,video_medium,polyglot,9,tsinghua_v_0137_r09.mp4,13091522,0.102339,1,
write,write,,,video_medium,pg_bytea,9,tsinghua_v_0140_r09.mp4,13091522,0.749437,1,
write,write,,,video_medium,mongo_gridfs,9,tsinghua_v_0140_r09.mp4,13091522,0.103842,1,
write,write,,,video_medium,polyglot,9,tsinghua_v_0140_r09.mp4,13091522,0.112123,1,
write,write,,,video_medium,mongo_gridfs,9,tsinghua_v_0151_r09.mp4,13091522,0.144297,1,
write,write,,,video_medium,pg_bytea,9,tsinghua_v_0151_r09.mp4,13091522,0.342779,1,
write,write,,,video_medium,polyglot,9,tsinghua_v_0151_r09.mp4,13091522,0.104288,1,
write,write,,,video_medium,pg_bytea,9,tsinghua_v_0157_r09.mp4,13091522,0.368022,1,
write,write,,,video_medium,mongo_gridfs,9,tsinghua_v_0157_r09.mp4,13091522,0.137253,1,
write,write,,,video_medium,polyglot,9,tsinghua_v_0157_r09.mp4,13091522,0.105913,1,
write,write,,,video_medium,polyglot,9,tsinghua_v_0209_r09.mp4,13091522,0.101007,1,
write,write,,,video_medium,pg_bytea,9,tsinghua_v_0209_r09.mp4,13091522,0.415912,1,
write,write,,,video_medium,mongo_gridfs,9,tsinghua_v_0209_r09.mp4,13091522,0.101388,1,
write,write,,,video_medium,mongo_gridfs,9,tsinghua_v_0226_r09.mp4,13091522,0.098192,1,
write,write,,,video_medium,polyglot,9,tsinghua_v_0226_r09.mp4,13091522,0.099092,1,
write,write,,,video_medium,pg_bytea,9,tsinghua_v_0226_r09.mp4,13091522,0.529988,1,
write,write,,,video_medium,mongo_gridfs,9,tsinghua_v_0236_r09.mp4,13091522,0.117815,1,
write,write,,,video_medium,pg_bytea,9,tsinghua_v_0236_r09.mp4,13091522,0.444193,1,
write,write,,,video_medium,polyglot,9,tsinghua_v_0236_r09.mp4,13091522,0.093952,1,
write,write,,,video_medium,mongo_gridfs,9,tsinghua_v_0274_r09.mp4,13091522,0.096915,1,
write,write,,,video_medium,pg_bytea,9,tsinghua_v_0274_r09.mp4,13091522,0.903245,1,
write,write,,,video_medium,polyglot,9,tsinghua_v_0274_r09.mp4,13091522,0.097664,1,
write,write,,,video_medium,polyglot,9,tsinghua_v_0280_r09.mp4,13091522,0.089663,1,
write,write,,,video_medium,pg_bytea,9,tsinghua_v_0280_r09.mp4,13091522,0.337740,1,
write,write,,,video_medium,mongo_gridfs,9,tsinghua_v_0280_r09.mp4,13091522,0.102381,1,
write,write,,,video_medium,pg_bytea,9,tsinghua_v_0302_r09.mp4,13091522,0.360076,1,
write,write,,,video_medium,mongo_gridfs,9,tsinghua_v_0302_r09.mp4,13091522,0.104762,1,
write,write,,,video_medium,polyglot,9,tsinghua_v_0302_r09.mp4,13091522,0.098798,1,
write,write,,,video_medium,pg_bytea,9,tsinghua_v_0311_r09.mp4,13091522,0.334158,1,
write,write,,,video_medium,polyglot,9,tsinghua_v_0311_r09.mp4,13091522,0.096747,1,
write,write,,,video_medium,mongo_gridfs,9,tsinghua_v_0311_r09.mp4,13091522,0.145267,1,
write,write,,,video_medium,polyglot,9,tsinghua_v_0316_r09.mp4,13091522,0.113451,1,
write,write,,,video_medium,mongo_gridfs,9,tsinghua_v_0316_r09.mp4,13091522,0.118910,1,
write,write,,,video_medium,pg_bytea,9,tsinghua_v_0316_r09.mp4,13091522,0.460176,1,
write,write,,,video_medium,mongo_gridfs,9,tsinghua_v_0319_r09.mp4,13091522,0.114658,1,
write,write,,,video_medium,pg_bytea,9,tsinghua_v_0319_r09.mp4,13091522,0.426173,1,
write,write,,,video_medium,polyglot,9,tsinghua_v_0319_r09.mp4,13091522,0.127211,1,
write,write,,,video_medium,polyglot,9,tsinghua_v_0321_r09.mp4,13091522,0.123230,1,
write,write,,,video_medium,mongo_gridfs,9,tsinghua_v_0321_r09.mp4,13091522,0.101371,1,
write,write,,,video_medium,pg_bytea,9,tsinghua_v_0321_r09.mp4,13091522,0.478459,1,
write,write,,,video_medium,polyglot,9,tsinghua_v_0331_r09.mp4,13091522,0.108652,1,
write,write,,,video_medium,mongo_gridfs,9,tsinghua_v_0331_r09.mp4,13091522,0.098711,1,
write,write,,,video_medium,pg_bytea,9,tsinghua_v_0331_r09.mp4,13091522,0.457894,1,
write,write,,,video_medium,mongo_gridfs,9,tsinghua_v_0345_r09.mp4,13091522,0.100424,1,
write,write,,,video_medium,pg_bytea,9,tsinghua_v_0345_r09.mp4,13091522,0.397311,1,
write,write,,,video_medium,polyglot,9,tsinghua_v_0345_r09.mp4,13091522,0.213756,1,
write,write,,,video_medium,mongo_gridfs,9,tsinghua_v_0356_r09.mp4,13091522,0.087958,1,
write,write,,,video_medium,polyglot,9,tsinghua_v_0356_r09.mp4,13091522,0.098434,1,
write,write,,,video_medium,pg_bytea,9,tsinghua_v_0356_r09.mp4,13091522,0.348068,1,
write,write,,,video_medium,pg_bytea,9,tsinghua_v_0357_r09.mp4,13091522,0.449486,1,
write,write,,,video_medium,polyglot,9,tsinghua_v_0357_r09.mp4,13091522,0.106077,1,
write,write,,,video_medium,mongo_gridfs,9,tsinghua_v_0357_r09.mp4,13091522,0.104765,1,
write,write,,,video_medium,pg_bytea,9,tsinghua_v_0379_r09.mp4,13091522,1.358460,1,
write,write,,,video_medium,polyglot,9,tsinghua_v_0379_r09.mp4,13091522,0.103045,1,
write,write,,,video_medium,mongo_gridfs,9,tsinghua_v_0379_r09.mp4,13091522,0.257463,1,
write,write,,,video_medium,polyglot,9,tsinghua_v_0393_r09.mp4,13091522,0.106141,1,
write,write,,,video_medium,pg_bytea,9,tsinghua_v_0393_r09.mp4,13091522,0.516260,1,
write,write,,,video_medium,mongo_gridfs,9,tsinghua_v_0393_r09.mp4,13091522,0.153187,1,
write,write,,,video_medium,polyglot,9,tsinghua_v_0421_r09.mp4,13091522,0.166638,1,
write,write,,,video_medium,mongo_gridfs,9,tsinghua_v_0421_r09.mp4,13091522,0.099684,1,
write,write,,,video_medium,pg_bytea,9,tsinghua_v_0421_r09.mp4,13091522,0.398827,1,
write,write,,,video_medium,pg_bytea,9,tsinghua_v_0424_r09.mp4,13091522,0.344720,1,
write,write,,,video_medium,mongo_gridfs,9,tsinghua_v_0424_r09.mp4,13091522,0.103864,1,
write,write,,,video_medium,polyglot,9,tsinghua_v_0424_r09.mp4,13091522,0.096832,1,
write,write,,,video_medium,polyglot,9,tsinghua_v_0427_r09.mp4,13091522,0.100288,1,
write,write,,,video_medium,mongo_gridfs,9,tsinghua_v_0427_r09.mp4,13091522,0.150757,1,
write,write,,,video_medium,pg_bytea,9,tsinghua_v_0427_r09.mp4,13091522,0.347868,1,
write,write,,,video_medium,polyglot,9,tsinghua_v_0431_r09.mp4,13091522,0.101474,1,
write,write,,,video_medium,mongo_gridfs,9,tsinghua_v_0431_r09.mp4,13091522,0.088533,1,
write,write,,,video_medium,pg_bytea,9,tsinghua_v_0431_r09.mp4,13091522,0.462249,1,
write,write,,,video_medium,mongo_gridfs,9,tsinghua_v_0452_r09.mp4,13091522,0.099330,1,
write,write,,,video_medium,pg_bytea,9,tsinghua_v_0452_r09.mp4,13091522,0.318813,1,
write,write,,,video_medium,polyglot,9,tsinghua_v_0452_r09.mp4,13091522,0.105680,1,
write,write,,,video_medium,mongo_gridfs,9,tsinghua_v_0454_r09.mp4,13091522,0.094005,1,
write,write,,,video_medium,pg_bytea,9,tsinghua_v_0454_r09.mp4,13091522,0.637255,1,
write,write,,,video_medium,polyglot,9,tsinghua_v_0454_r09.mp4,13091522,0.093299,1,
write,write,,,video_medium,mongo_gridfs,9,tsinghua_v_0457_r09.mp4,13091522,0.120563,1,
write,write,,,video_medium,pg_bytea,9,tsinghua_v_0457_r09.mp4,13091522,0.531303,1,
write,write,,,video_medium,polyglot,9,tsinghua_v_0457_r09.mp4,13091522,0.109071,1,
write,write,,,video_medium,polyglot,9,tsinghua_v_0466_r09.mp4,13091522,0.901180,1,
write,write,,,video_medium,mongo_gridfs,9,tsinghua_v_0466_r09.mp4,13091522,0.115670,1,
write,write,,,video_medium,pg_bytea,9,tsinghua_v_0466_r09.mp4,13091522,0.723791,1,
write,write,,,video_medium,mongo_gridfs,9,tsinghua_v_0471_r09.mp4,13091522,0.114849,1,
write,write,,,video_medium,pg_bytea,9,tsinghua_v_0471_r09.mp4,13091522,3.145519,1,
write,write,,,video_medium,polyglot,9,tsinghua_v_0471_r09.mp4,13091522,0.110806,1,
write,write,,,video_medium,polyglot,9,tsinghua_v_0472_r09.mp4,13091522,0.274390,1,
write,write,,,video_medium,mongo_gridfs,9,tsinghua_v_0472_r09.mp4,13091522,0.109212,1,
write,write,,,video_medium,pg_bytea,9,tsinghua_v_0472_r09.mp4,13091522,0.556472,1,
write,write,,,video_medium,mongo_gridfs,9,tsinghua_v_0494_r09.mp4,13091522,0.097899,1,
write,write,,,video_medium,polyglot,9,tsinghua_v_0494_r09.mp4,13091522,0.098218,1,
write,write,,,video_medium,pg_bytea,9,tsinghua_v_0494_r09.mp4,13091522,0.394884,1,
write,write,,,video_medium,mongo_gridfs,9,tsinghua_v_0503_r09.mp4,13091522,0.109998,1,
write,write,,,video_medium,polyglot,9,tsinghua_v_0503_r09.mp4,13091522,0.987855,1,
write,write,,,video_medium,pg_bytea,9,tsinghua_v_0503_r09.mp4,13091522,0.694569,1,
write,write,,,video_medium,mongo_gridfs,9,tsinghua_v_0509_r09.mp4,13091522,0.112154,1,
write,write,,,video_medium,polyglot,9,tsinghua_v_0509_r09.mp4,13091522,0.101962,1,
write,write,,,video_medium,pg_bytea,9,tsinghua_v_0509_r09.mp4,13091522,0.383664,1,
write,write,,,video_medium,pg_bytea,9,tsinghua_v_0523_r09.mp4,13091522,0.356093,1,
write,write,,,video_medium,polyglot,9,tsinghua_v_0523_r09.mp4,13091522,0.101033,1,
write,write,,,video_medium,mongo_gridfs,9,tsinghua_v_0523_r09.mp4,13091522,0.109702,1,
write,write,,,video_medium,pg_bytea,9,tsinghua_v_0546_r09.mp4,13091522,0.352223,1,
write,write,,,video_medium,polyglot,9,tsinghua_v_0546_r09.mp4,13091522,0.103647,1,
write,write,,,video_medium,mongo_gridfs,9,tsinghua_v_0546_r09.mp4,13091522,0.095002,1,
write,write,,,video_medium,pg_bytea,9,tsinghua_v_0568_r09.mp4,13091522,0.369527,1,
write,write,,,video_medium,polyglot,9,tsinghua_v_0568_r09.mp4,13091522,0.129489,1,
write,write,,,video_medium,mongo_gridfs,9,tsinghua_v_0568_r09.mp4,13091522,0.131607,1,
write,write,,,video_medium,mongo_gridfs,9,tsinghua_v_0594_r09.mp4,13091522,0.094594,1,
write,write,,,video_medium,polyglot,9,tsinghua_v_0594_r09.mp4,13091522,1.325174,1,
write,write,,,video_medium,pg_bytea,9,tsinghua_v_0594_r09.mp4,13091522,0.388204,1,
write,write,,,video_medium,pg_bytea,9,tsinghua_v_0596_r09.mp4,13091522,0.359398,1,
write,write,,,video_medium,mongo_gridfs,9,tsinghua_v_0596_r09.mp4,13091522,0.108167,1,
write,write,,,video_medium,polyglot,9,tsinghua_v_0596_r09.mp4,13091522,1.971487,1,
write,write,,,video_medium,polyglot,9,tsinghua_v_0635_r09.mp4,13091522,1.431182,1,
write,write,,,video_medium,pg_bytea,9,tsinghua_v_0635_r09.mp4,13091522,0.414470,1,
write,write,,,video_medium,mongo_gridfs,9,tsinghua_v_0635_r09.mp4,13091522,0.098288,1,
write,write,,,video_medium,mongo_gridfs,9,tsinghua_v_0653_r09.mp4,13091522,0.096680,1,
write,write,,,video_medium,polyglot,9,tsinghua_v_0653_r09.mp4,13091522,0.150836,1,
write,write,,,video_medium,pg_bytea,9,tsinghua_v_0653_r09.mp4,13091522,0.368669,1,
write,write,,,video_medium,mongo_gridfs,9,tsinghua_v_0667_r09.mp4,13091522,0.113109,1,
write,write,,,video_medium,pg_bytea,9,tsinghua_v_0667_r09.mp4,13091522,0.350144,1,
write,write,,,video_medium,polyglot,9,tsinghua_v_0667_r09.mp4,13091522,0.102568,1,
write,write,,,video_medium,polyglot,9,tsinghua_v_0673_r09.mp4,13091522,0.109882,1,
write,write,,,video_medium,mongo_gridfs,9,tsinghua_v_0673_r09.mp4,13091522,0.137918,1,
write,write,,,video_medium,pg_bytea,9,tsinghua_v_0673_r09.mp4,13091522,0.374756,1,
write,write,,,video_medium,mongo_gridfs,9,tsinghua_v_0681_r09.mp4,13091522,0.102219,1,
write,write,,,video_medium,pg_bytea,9,tsinghua_v_0681_r09.mp4,13091522,0.373936,1,
write,write,,,video_medium,polyglot,9,tsinghua_v_0681_r09.mp4,13091522,0.100630,1,
write,write,,,video_medium,pg_bytea,9,tsinghua_v_0690_r09.mp4,13091522,0.394433,1,
write,write,,,video_medium,mongo_gridfs,9,tsinghua_v_0690_r09.mp4,13091522,0.111990,1,
write,write,,,video_medium,polyglot,9,tsinghua_v_0690_r09.mp4,13091522,0.104168,1,
write,write,,,video_medium,pg_bytea,9,tsinghua_v_0692_r09.mp4,13091522,1.197902,1,
write,write,,,video_medium,polyglot,9,tsinghua_v_0692_r09.mp4,13091522,0.100445,1,
write,write,,,video_medium,mongo_gridfs,9,tsinghua_v_0692_r09.mp4,13091522,0.183191,1,
write,write,,,video_medium,mongo_gridfs,9,tsinghua_v_0696_r09.mp4,13091522,0.101297,1,
write,write,,,video_medium,polyglot,9,tsinghua_v_0696_r09.mp4,13091522,0.639155,1,
write,write,,,video_medium,pg_bytea,9,tsinghua_v_0696_r09.mp4,13091522,1.145631,1,
write,write,,,video_medium,mongo_gridfs,9,tsinghua_v_0734_r09.mp4,13091522,0.117867,1,
write,write,,,video_medium,pg_bytea,9,tsinghua_v_0734_r09.mp4,13091522,0.572006,1,
write,write,,,video_medium,polyglot,9,tsinghua_v_0734_r09.mp4,13091522,0.101714,1,
write,write,,,video_medium,polyglot,9,tsinghua_v_0737_r09.mp4,13091522,0.124047,1,
write,write,,,video_medium,pg_bytea,9,tsinghua_v_0737_r09.mp4,13091522,5.487118,1,
write,write,,,video_medium,mongo_gridfs,9,tsinghua_v_0737_r09.mp4,13091522,0.116750,1,
write,write,,,video_medium,polyglot,9,tsinghua_v_0744_r09.mp4,13091522,3.202170,1,
write,write,,,video_medium,pg_bytea,9,tsinghua_v_0744_r09.mp4,13091522,5.475918,1,
write,write,,,video_medium,mongo_gridfs,9,tsinghua_v_0744_r09.mp4,13091522,1.883434,1,
write,write,,,video_medium,polyglot,9,tsinghua_v_0745_r09.mp4,13091522,0.140272,1,
write,write,,,video_medium,mongo_gridfs,9,tsinghua_v_0745_r09.mp4,13091522,0.124120,1,
write,write,,,video_medium,pg_bytea,9,tsinghua_v_0745_r09.mp4,13091522,0.402738,1,
write,write,,,video_medium,polyglot,9,tsinghua_v_0769_r09.mp4,13091522,0.090273,1,
write,write,,,video_medium,mongo_gridfs,9,tsinghua_v_0769_r09.mp4,13091522,0.090801,1,
write,write,,,video_medium,pg_bytea,9,tsinghua_v_0769_r09.mp4,13091522,0.377335,1,
write,write,,,video_medium,pg_bytea,9,tsinghua_v_0791_r09.mp4,13091522,0.373866,1,
write,write,,,video_medium,polyglot,9,tsinghua_v_0791_r09.mp4,13091522,0.128316,1,
write,write,,,video_medium,mongo_gridfs,9,tsinghua_v_0791_r09.mp4,13091522,0.097592,1,
write,write,,,video_medium,polyglot,9,tsinghua_v_0792_r09.mp4,13091522,0.115254,1,
write,write,,,video_medium,mongo_gridfs,9,tsinghua_v_0792_r09.mp4,13091522,0.208539,1,
write,write,,,video_medium,pg_bytea,9,tsinghua_v_0792_r09.mp4,13091522,0.599640,1,
write,write,,,video_medium,polyglot,9,tsinghua_v_0857_r09.mp4,13091522,0.132411,1,
write,write,,,video_medium,pg_bytea,9,tsinghua_v_0857_r09.mp4,13091522,0.468320,1,
write,write,,,video_medium,mongo_gridfs,9,tsinghua_v_0857_r09.mp4,13091522,0.106782,1,
write,write,,,video_medium,mongo_gridfs,9,tsinghua_v_0866_r09.mp4,13091522,0.110887,1,
write,write,,,video_medium,pg_bytea,9,tsinghua_v_0866_r09.mp4,13091522,0.429367,1,
write,write,,,video_medium,polyglot,9,tsinghua_v_0866_r09.mp4,13091522,0.101202,1,
write,write,,,video_medium,mongo_gridfs,9,tsinghua_v_0880_r09.mp4,13091522,0.122630,1,
write,write,,,video_medium,polyglot,9,tsinghua_v_0880_r09.mp4,13091522,2.775350,1,
write,write,,,video_medium,pg_bytea,9,tsinghua_v_0880_r09.mp4,13091522,0.380026,1,
write,write,,,video_medium,mongo_gridfs,9,tsinghua_v_0888_r09.mp4,13091522,0.103175,1,
write,write,,,video_medium,polyglot,9,tsinghua_v_0888_r09.mp4,13091522,0.154931,1,
write,write,,,video_medium,pg_bytea,9,tsinghua_v_0888_r09.mp4,13091522,0.375178,1,
write,write,,,video_medium,polyglot,9,tsinghua_v_0901_r09.mp4,13091522,0.100394,1,
write,write,,,video_medium,mongo_gridfs,9,tsinghua_v_0901_r09.mp4,13091522,0.115677,1,
write,write,,,video_medium,pg_bytea,9,tsinghua_v_0901_r09.mp4,13091522,0.370898,1,
write,write,,,video_medium,mongo_gridfs,9,tsinghua_v_0937_r09.mp4,13091522,0.103483,1,
write,write,,,video_medium,pg_bytea,9,tsinghua_v_0937_r09.mp4,13091522,0.363803,1,
write,write,,,video_medium,polyglot,9,tsinghua_v_0937_r09.mp4,13091522,0.099667,1,
write,write,,,video_medium,mongo_gridfs,9,tsinghua_v_0939_r09.mp4,13091522,0.108421,1,
write,write,,,video_medium,pg_bytea,9,tsinghua_v_0939_r09.mp4,13091522,2.308214,1,
write,write,,,video_medium,polyglot,9,tsinghua_v_0939_r09.mp4,13091522,0.117379,1,
write,write,,,video_medium,polyglot,9,tsinghua_v_0961_r09.mp4,13091522,0.116593,1,
write,write,,,video_medium,mongo_gridfs,9,tsinghua_v_0961_r09.mp4,13091522,0.097387,1,
write,write,,,video_medium,pg_bytea,9,tsinghua_v_0961_r09.mp4,13091522,0.502041,1,
write,write,,,video_medium,polyglot,9,tsinghua_v_0977_r09.mp4,13091522,0.096498,1,
write,write,,,video_medium,mongo_gridfs,9,tsinghua_v_0977_r09.mp4,13091522,0.095099,1,
write,write,,,video_medium,pg_bytea,9,tsinghua_v_0977_r09.mp4,13091522,0.456721,1,
query,metadata_only,2,1,,pg_bytea,0,,,0.007155,20,
query,metadata_only,2,1,,polyglot,0,,,0.024276,20,
query,metadata_only,2,1,,mongo_gridfs,0,,,0.031580,20,
query,metadata_only,2,4,,pg_bytea,0,,,0.000944,20,
query,metadata_only,2,4,,mongo_gridfs,0,,,0.002195,20,
query,metadata_only,2,4,,polyglot,0,,,0.000527,20,
query,metadata_only,1,4,,polyglot,0,,,0.000410,10,
query,metadata_only,1,4,,mongo_gridfs,0,,,0.002001,10,
query,metadata_only,1,4,,pg_bytea,0,,,0.000390,10,
query,metadata_only,1,3,,pg_bytea,0,,,0.000367,30,
query,metadata_only,1,3,,polyglot,0,,,0.000356,30,
query,metadata_only,1,3,,mongo_gridfs,0,,,0.002004,30,
query,metadata_only,1,1,,mongo_gridfs,0,,,0.004341,60,
query,metadata_only,1,1,,polyglot,0,,,0.000402,60,
query,metadata_only,1,1,,pg_bytea,0,,,0.000371,60,
query,metadata_only,2,2,,mongo_gridfs,0,,,0.001857,60,
query,metadata_only,2,2,,pg_bytea,0,,,0.000393,60,
query,metadata_only,2,2,,polyglot,0,,,0.000354,60,
query,metadata_only,1,2,,polyglot,0,,,0.000336,30,
query,metadata_only,1,2,,mongo_gridfs,0,,,0.001838,30,
query,metadata_only,1,2,,pg_bytea,0,,,0.000353,30,
query,metadata_only,2,3,,polyglot,0,,,0.000354,20,
query,metadata_only,2,3,,pg_bytea,0,,,0.000335,20,
query,metadata_only,2,3,,mongo_gridfs,0,,,0.001838,20,
query,metadata_only,1,5,,pg_bytea,0,,,0.000372,10,
query,metadata_only,1,5,,polyglot,0,,,0.000331,10,
query,metadata_only,1,5,,mongo_gridfs,0,,,0.001848,10,
query,metadata_only,2,5,,pg_bytea,0,,,0.000367,20,
query,metadata_only,2,5,,mongo_gridfs,0,,,0.001854,20,
query,metadata_only,2,5,,polyglot,0,,,0.000336,20,
query,metadata_only,1,1,,polyglot,1,,,0.000372,60,
query,metadata_only,1,1,,pg_bytea,1,,,0.000408,60,
query,metadata_only,1,1,,mongo_gridfs,1,,,0.003293,60,
query,metadata_only,2,4,,mongo_gridfs,1,,,0.002014,20,
query,metadata_only,2,4,,polyglot,1,,,0.000426,20,
query,metadata_only,2,4,,pg_bytea,1,,,0.000372,20,
query,metadata_only,2,1,,pg_bytea,1,,,0.000340,20,
query,metadata_only,2,1,,mongo_gridfs,1,,,0.001798,20,
query,metadata_only,2,1,,polyglot,1,,,0.001118,20,
query,metadata_only,2,2,,pg_bytea,1,,,0.000398,60,
query,metadata_only,2,2,,polyglot,1,,,0.000415,60,
query,metadata_only,2,2,,mongo_gridfs,1,,,0.001850,60,
query,metadata_only,1,4,,pg_bytea,1,,,0.000353,10,
query,metadata_only,1,4,,polyglot,1,,,0.000357,10,
query,metadata_only,1,4,,mongo_gridfs,1,,,0.001802,10,
query,metadata_only,1,2,,mongo_gridfs,1,,,0.001957,30,
query,metadata_only,1,2,,pg_bytea,1,,,0.000363,30,
query,metadata_only,1,2,,polyglot,1,,,0.000349,30,
query,metadata_only,2,3,,polyglot,1,,,0.000326,20,
query,metadata_only,2,3,,pg_bytea,1,,,0.000337,20,
query,metadata_only,2,3,,mongo_gridfs,1,,,0.001870,20,
query,metadata_only,2,5,,polyglot,1,,,0.000363,20,
query,metadata_only,2,5,,mongo_gridfs,1,,,0.001939,20,
query,metadata_only,2,5,,pg_bytea,1,,,0.000388,20,
query,metadata_only,1,5,,pg_bytea,1,,,0.000353,10,
query,metadata_only,1,5,,mongo_gridfs,1,,,0.001809,10,
query,metadata_only,1,5,,polyglot,1,,,0.000376,10,
query,metadata_only,1,3,,pg_bytea,1,,,0.000392,30,
query,metadata_only,1,3,,polyglot,1,,,0.000364,30,
query,metadata_only,1,3,,mongo_gridfs,1,,,0.001845,30,
query,metadata_only,2,2,,polyglot,2,,,0.000394,60,
query,metadata_only,2,2,,pg_bytea,2,,,0.000348,60,
query,metadata_only,2,2,,mongo_gridfs,2,,,0.001862,60,
query,metadata_only,2,4,,polyglot,2,,,0.000331,20,
query,metadata_only,2,4,,mongo_gridfs,2,,,0.001861,20,
query,metadata_only,2,4,,pg_bytea,2,,,0.000412,20,
query,metadata_only,1,2,,mongo_gridfs,2,,,0.001874,30,
query,metadata_only,1,2,,pg_bytea,2,,,0.000348,30,
query,metadata_only,1,2,,polyglot,2,,,0.000325,30,
query,metadata_only,2,5,,polyglot,2,,,0.000326,20,
query,metadata_only,2,5,,mongo_gridfs,2,,,0.001921,20,
query,metadata_only,2,5,,pg_bytea,2,,,0.000354,20,
query,metadata_only,1,1,,mongo_gridfs,2,,,0.002015,60,
query,metadata_only,1,1,,pg_bytea,2,,,0.000374,60,
query,metadata_only,1,1,,polyglot,2,,,0.000342,60,
query,metadata_only,1,4,,polyglot,2,,,0.000318,10,
query,metadata_only,1,4,,mongo_gridfs,2,,,0.001920,10,
query,metadata_only,1,4,,pg_bytea,2,,,0.000343,10,
query,metadata_only,1,5,,pg_bytea,2,,,0.000330,10,
query,metadata_only,1,5,,mongo_gridfs,2,,,0.001932,10,
query,metadata_only,1,5,,polyglot,2,,,0.000353,10,
query,metadata_only,1,3,,mongo_gridfs,2,,,0.001856,30,
query,metadata_only,1,3,,polyglot,2,,,0.000430,30,
query,metadata_only,1,3,,pg_bytea,2,,,0.000322,30,
query,metadata_only,2,1,,pg_bytea,2,,,0.000348,20,
query,metadata_only,2,1,,mongo_gridfs,2,,,0.001831,20,
query,metadata_only,2,1,,polyglot,2,,,0.000356,20,
query,metadata_only,2,3,,pg_bytea,2,,,0.000377,20,
query,metadata_only,2,3,,mongo_gridfs,2,,,0.001894,20,
query,metadata_only,2,3,,polyglot,2,,,0.000374,20,
query,metadata_only,1,2,,polyglot,3,,,0.000355,30,
query,metadata_only,1,2,,mongo_gridfs,3,,,0.001955,30,
query,metadata_only,1,2,,pg_bytea,3,,,0.000398,30,
query,metadata_only,2,5,,mongo_gridfs,3,,,0.001965,20,
query,metadata_only,2,5,,pg_bytea,3,,,0.000347,20,
query,metadata_only,2,5,,polyglot,3,,,0.000353,20,
query,metadata_only,2,2,,polyglot,3,,,0.000351,60,
query,metadata_only,2,2,,pg_bytea,3,,,0.000339,60,
query,metadata_only,2,2,,mongo_gridfs,3,,,0.001994,60,
query,metadata_only,2,3,,polyglot,3,,,0.000327,20,
query,metadata_only,2,3,,pg_bytea,3,,,0.000330,20,
query,metadata_only,2,3,,mongo_gridfs,3,,,0.001909,20,
query,metadata_only,2,1,,mongo_gridfs,3,,,0.001752,20,
query,metadata_only,2,1,,polyglot,3,,,0.000339,20,
query,metadata_only,2,1,,pg_bytea,3,,,0.000325,20,
query,metadata_only,2,4,,polyglot,3,,,0.000336,20,
query,metadata_only,2,4,,mongo_gridfs,3,,,0.001841,20,
query,metadata_only,2,4,,pg_bytea,3,,,0.000347,20,
query,metadata_only,1,5,,polyglot,3,,,0.000328,10,
query,metadata_only,1,5,,pg_bytea,3,,,0.000345,10,
query,metadata_only,1,5,,mongo_gridfs,3,,,0.001840,10,
query,metadata_only,1,4,,pg_bytea,3,,,0.000332,10,
query,metadata_only,1,4,,mongo_gridfs,3,,,0.001847,10,
query,metadata_only,1,4,,polyglot,3,,,0.000345,10,
query,metadata_only,1,1,,pg_bytea,3,,,0.000357,60,
query,metadata_only,1,1,,polyglot,3,,,0.000340,60,
query,metadata_only,1,1,,mongo_gridfs,3,,,0.001867,60,
query,metadata_only,1,3,,pg_bytea,3,,,0.000353,30,
query,metadata_only,1,3,,mongo_gridfs,3,,,0.001860,30,
query,metadata_only,1,3,,polyglot,3,,,0.000362,30,
query,metadata_only,2,4,,pg_bytea,4,,,0.000339,20,
query,metadata_only,2,4,,polyglot,4,,,0.000331,20,
query,metadata_only,2,4,,mongo_gridfs,4,,,0.001852,20,
query,metadata_only,1,1,,pg_bytea,4,,,0.000383,60,
query,metadata_only,1,1,,mongo_gridfs,4,,,0.001852,60,
query,metadata_only,1,1,,polyglot,4,,,0.000351,60,
query,metadata_only,2,2,,pg_bytea,4,,,0.000364,60,
query,metadata_only,2,2,,mongo_gridfs,4,,,0.001827,60,
query,metadata_only,2,2,,polyglot,4,,,0.000359,60,
query,metadata_only,2,5,,pg_bytea,4,,,0.000346,20,
query,metadata_only,2,5,,mongo_gridfs,4,,,0.001859,20,
query,metadata_only,2,5,,polyglot,4,,,0.000376,20,
query,metadata_only,2,1,,polyglot,4,,,0.000313,20,
query,metadata_only,2,1,,mongo_gridfs,4,,,0.001821,20,
query,metadata_only,2,1,,pg_bytea,4,,,0.000360,20,
query,metadata_only,2,3,,pg_bytea,4,,,0.000323,20,
query,metadata_only,2,3,,polyglot,4,,,0.000336,20,
query,metadata_only,2,3,,mongo_gridfs,4,,,0.001834,20,
query,metadata_only,1,4,,polyglot,4,,,0.000352,10,
query,metadata_only,1,4,,mongo_gridfs,4,,,0.001849,10,
query,metadata_only,1,4,,pg_bytea,4,,,0.000347,10,
query,metadata_only,1,2,,pg_bytea,4,,,0.000330,30,
query,metadata_only,1,2,,mongo_gridfs,4,,,0.001842,30,
query,metadata_only,1,2,,polyglot,4,,,0.000349,30,
query,metadata_only,1,5,,pg_bytea,4,,,0.000315,10,
query,metadata_only,1,5,,mongo_gridfs,4,,,0.001828,10,
query,metadata_only,1,5,,polyglot,4,,,0.000367,10,
query,metadata_only,1,3,,polyglot,4,,,0.000309,30,
query,metadata_only,1,3,,mongo_gridfs,4,,,0.001852,30,
query,metadata_only,1,3,,pg_bytea,4,,,0.000394,30,
query,metadata_only,2,1,,polyglot,5,,,0.000339,20,
query,metadata_only,2,1,,mongo_gridfs,5,,,0.001770,20,
query,metadata_only,2,1,,pg_bytea,5,,,0.000359,20,
query,metadata_only,1,4,,pg_bytea,5,,,0.000348,10,
query,metadata_only,1,4,,polyglot,5,,,0.000341,10,
query,metadata_only,1,4,,mongo_gridfs,5,,,0.001784,10,
query,metadata_only,2,2,,mongo_gridfs,5,,,0.001828,60,
query,metadata_only,2,2,,pg_bytea,5,,,0.000368,60,
query,metadata_only,2,2,,polyglot,5,,,0.000351,60,
query,metadata_only,2,5,,polyglot,5,,,0.000351,20,
query,metadata_only,2,5,,pg_bytea,5,,,0.000336,20,
query,metadata_only,2,5,,mongo_gridfs,5,,,0.001897,20,
query,metadata_only,1,1,,polyglot,5,,,0.000360,60,
query,metadata_only,1,1,,pg_bytea,5,,,0.000399,60,
query,metadata_only,1,1,,mongo_gridfs,5,,,0.002121,60,
query,metadata_only,2,4,,pg_bytea,5,,,0.000328,20,
query,metadata_only,2,4,,polyglot,5,,,0.000329,20,
query,metadata_only,2,4,,mongo_gridfs,5,,,0.001847,20,
query,metadata_only,1,3,,pg_bytea,5,,,0.000441,30,
query,metadata_only,1,3,,polyglot,5,,,0.000360,30,
query,metadata_only,1,3,,mongo_gridfs,5,,,0.002589,30,
query,metadata_only,1,2,,pg_bytea,5,,,0.000361,30,
query,metadata_only,1,2,,polyglot,5,,,0.000328,30,
query,metadata_only,1,2,,mongo_gridfs,5,,,0.001882,30,
query,metadata_only,2,3,,pg_bytea,5,,,0.000350,20,
query,metadata_only,2,3,,polyglot,5,,,0.000333,20,
query,metadata_only,2,3,,mongo_gridfs,5,,,0.001912,20,
query,metadata_only,1,5,,polyglot,5,,,0.000348,10,
query,metadata_only,1,5,,mongo_gridfs,5,,,0.001768,10,
query,metadata_only,1,5,,pg_bytea,5,,,0.000365,10,
query,metadata_only,1,5,,polyglot,6,,,0.000343,10,
query,metadata_only,1,5,,mongo_gridfs,6,,,0.001754,10,
query,metadata_only,1,5,,pg_bytea,6,,,0.000374,10,
query,metadata_only,1,2,,polyglot,6,,,0.000322,30,
query,metadata_only,1,2,,mongo_gridfs,6,,,0.001772,30,
query,metadata_only,1,2,,pg_bytea,6,,,0.000321,30,
query,metadata_only,2,2,,polyglot,6,,,0.000329,60,
query,metadata_only,2,2,,pg_bytea,6,,,0.000358,60,
query,metadata_only,2,2,,mongo_gridfs,6,,,0.001882,60,
query,metadata_only,1,1,,pg_bytea,6,,,0.000340,60,
query,metadata_only,1,1,,mongo_gridfs,6,,,0.001879,60,
query,metadata_only,1,1,,polyglot,6,,,0.000349,60,
query,metadata_only,1,4,,pg_bytea,6,,,0.000301,10,
query,metadata_only,1,4,,polyglot,6,,,0.000316,10,
query,metadata_only,1,4,,mongo_gridfs,6,,,0.001826,10,
query,metadata_only,1,3,,polyglot,6,,,0.000348,30,
query,metadata_only,1,3,,pg_bytea,6,,,0.000309,30,
query,metadata_only,1,3,,mongo_gridfs,6,,,0.001762,30,
query,metadata_only,2,4,,pg_bytea,6,,,0.000332,20,
query,metadata_only,2,4,,polyglot,6,,,0.000350,20,
query,metadata_only,2,4,,mongo_gridfs,6,,,0.001853,20,
query,metadata_only,2,3,,polyglot,6,,,0.000328,20,
query,metadata_only,2,3,,pg_bytea,6,,,0.000335,20,
query,metadata_only,2,3,,mongo_gridfs,6,,,0.002339,20,
query,metadata_only,2,1,,mongo_gridfs,6,,,0.001935,20,
query,metadata_only,2,1,,polyglot,6,,,0.000398,20,
query,metadata_only,2,1,,pg_bytea,6,,,0.000343,20,
query,metadata_only,2,5,,polyglot,6,,,0.000316,20,
query,metadata_only,2,5,,pg_bytea,6,,,0.000350,20,
query,metadata_only,2,5,,mongo_gridfs,6,,,0.001902,20,
query,metadata_only,2,3,,pg_bytea,7,,,0.000377,20,
query,metadata_only,2,3,,polyglot,7,,,0.000342,20,
query,metadata_only,2,3,,mongo_gridfs,7,,,0.001842,20,
query,metadata_only,2,1,,mongo_gridfs,7,,,0.001961,20,
query,metadata_only,2,1,,pg_bytea,7,,,0.000376,20,
query,metadata_only,2,1,,polyglot,7,,,0.000341,20,
query,metadata_only,1,3,,polyglot,7,,,0.000341,30,
query,metadata_only,1,3,,mongo_gridfs,7,,,0.001848,30,
query,metadata_only,1,3,,pg_bytea,7,,,0.000358,30,
query,metadata_only,1,2,,mongo_gridfs,7,,,0.001846,30,
query,metadata_only,1,2,,pg_bytea,7,,,0.000378,30,
query,metadata_only,1,2,,polyglot,7,,,0.000305,30,
query,metadata_only,2,2,,pg_bytea,7,,,0.000334,60,
query,metadata_only,2,2,,polyglot,7,,,0.000337,60,
query,metadata_only,2,2,,mongo_gridfs,7,,,0.001813,60,
query,metadata_only,1,4,,polyglot,7,,,0.000340,10,
query,metadata_only,1,4,,pg_bytea,7,,,0.000340,10,
query,metadata_only,1,4,,mongo_gridfs,7,,,0.001910,10,
query,metadata_only,2,5,,pg_bytea,7,,,0.000374,20,
query,metadata_only,2,5,,polyglot,7,,,0.000371,20,
query,metadata_only,2,5,,mongo_gridfs,7,,,0.001748,20,
query,metadata_only,2,4,,polyglot,7,,,0.000320,20,
query,metadata_only,2,4,,pg_bytea,7,,,0.000292,20,
query,metadata_only,2,4,,mongo_gridfs,7,,,0.001890,20,
query,metadata_only,1,1,,mongo_gridfs,7,,,0.001835,60,
query,metadata_only,1,1,,pg_bytea,7,,,0.000383,60,
query,metadata_only,1,1,,polyglot,7,,,0.000341,60,
query,metadata_only,1,5,,polyglot,7,,,0.000341,10,
query,metadata_only,1,5,,mongo_gridfs,7,,,0.001806,10,
query,metadata_only,1,5,,pg_bytea,7,,,0.000328,10,
query,metadata_only,2,3,,mongo_gridfs,8,,,0.001838,20,
query,metadata_only,2,3,,polyglot,8,,,0.000330,20,
query,metadata_only,2,3,,pg_bytea,8,,,0.000311,20,
query,metadata_only,1,2,,pg_bytea,8,,,0.000348,30,
query,metadata_only,1,2,,mongo_gridfs,8,,,0.001813,30,
query,metadata_only,1,2,,polyglot,8,,,0.000330,30,
query,metadata_only,1,3,,pg_bytea,8,,,0.000356,30,
query,metadata_only,1,3,,mongo_gridfs,8,,,0.001866,30,
query,metadata_only,1,3,,polyglot,8,,,0.000378,30,
query,metadata_only,2,2,,pg_bytea,8,,,0.000348,60,
query,metadata_only,2,2,,mongo_gridfs,8,,,0.001934,60,
query,metadata_only,2,2,,polyglot,8,,,0.000377,60,
query,metadata_only,1,4,,polyglot,8,,,0.000334,10,
query,metadata_only,1,4,,pg_bytea,8,,,0.000316,10,
query,metadata_only,1,4,,mongo_gridfs,8,,,0.001854,10,
query,metadata_only,2,1,,pg_bytea,8,,,0.000342,20,
query,metadata_only,2,1,,mongo_gridfs,8,,,0.001752,20,
query,metadata_only,2,1,,polyglot,8,,,0.000333,20,
query,metadata_only,2,5,,mongo_gridfs,8,,,0.001807,20,
query,metadata_only,2,5,,pg_bytea,8,,,0.000339,20,
query,metadata_only,2,5,,polyglot,8,,,0.000325,20,
query,metadata_only,2,4,,mongo_gridfs,8,,,0.001868,20,
query,metadata_only,2,4,,polyglot,8,,,0.000349,20,
query,metadata_only,2,4,,pg_bytea,8,,,0.000324,20,
query,metadata_only,1,5,,polyglot,8,,,0.000338,10,
query,metadata_only,1,5,,mongo_gridfs,8,,,0.001893,10,
query,metadata_only,1,5,,pg_bytea,8,,,0.000344,10,
query,metadata_only,1,1,,mongo_gridfs,8,,,0.001885,60,
query,metadata_only,1,1,,polyglot,8,,,0.000355,60,
query,metadata_only,1,1,,pg_bytea,8,,,0.000346,60,
query,metadata_only,2,5,,pg_bytea,9,,,0.000378,20,
query,metadata_only,2,5,,mongo_gridfs,9,,,0.001812,20,
query,metadata_only,2,5,,polyglot,9,,,0.000347,20,
query,metadata_only,2,3,,polyglot,9,,,0.000363,20,
query,metadata_only,2,3,,pg_bytea,9,,,0.000370,20,
query,metadata_only,2,3,,mongo_gridfs,9,,,0.001885,20,
query,metadata_only,1,2,,mongo_gridfs,9,,,0.001903,30,
query,metadata_only,1,2,,pg_bytea,9,,,0.000363,30,
query,metadata_only,1,2,,polyglot,9,,,0.000345,30,
query,metadata_only,2,4,,pg_bytea,9,,,0.000364,20,
query,metadata_only,2,4,,polyglot,9,,,0.000304,20,
query,metadata_only,2,4,,mongo_gridfs,9,,,0.001980,20,
query,metadata_only,1,3,,polyglot,9,,,0.000367,30,
query,metadata_only,1,3,,mongo_gridfs,9,,,0.001852,30,
query,metadata_only,1,3,,pg_bytea,9,,,0.000407,30,
query,metadata_only,2,1,,pg_bytea,9,,,0.000510,20,
query,metadata_only,2,1,,mongo_gridfs,9,,,0.001831,20,
query,metadata_only,2,1,,polyglot,9,,,0.000370,20,
query,metadata_only,1,5,,polyglot,9,,,0.000323,10,
query,metadata_only,1,5,,pg_bytea,9,,,0.000336,10,
query,metadata_only,1,5,,mongo_gridfs,9,,,0.001769,10,
query,metadata_only,1,4,,mongo_gridfs,9,,,0.001900,10,
query,metadata_only,1,4,,pg_bytea,9,,,0.000348,10,
query,metadata_only,1,4,,polyglot,9,,,0.000326,10,
query,metadata_only,2,2,,pg_bytea,9,,,0.000364,60,
query,metadata_only,2,2,,mongo_gridfs,9,,,0.001945,60,
query,metadata_only,2,2,,polyglot,9,,,0.000365,60,
query,metadata_only,1,1,,pg_bytea,9,,,0.000356,60,
query,metadata_only,1,1,,mongo_gridfs,9,,,0.001997,60,
query,metadata_only,1,1,,polyglot,9,,,0.000360,60,
read,end_to_end,1,4,,pg_bytea,0,,,0.196943,10,True
read,end_to_end,1,4,,mongo_gridfs,0,,,0.148602,10,True
read,end_to_end,1,4,,polyglot,0,,,0.100229,10,True
read,end_to_end,2,5,,mongo_gridfs,0,,,0.140543,20,True
read,end_to_end,2,5,,pg_bytea,0,,,0.307671,20,True
read,end_to_end,2,5,,polyglot,0,,,0.105969,20,True
read,end_to_end,2,3,,mongo_gridfs,0,,,0.161302,20,True
read,end_to_end,2,3,,polyglot,0,,,0.223227,20,True
read,end_to_end,2,3,,pg_bytea,0,,,0.406990,20,True
read,end_to_end,2,2,,polyglot,0,,,4.940687,60,True
read,end_to_end,2,2,,pg_bytea,0,,,15.908114,60,True
read,end_to_end,2,2,,mongo_gridfs,0,,,11.258939,60,True
read,end_to_end,2,1,,polyglot,0,,,0.222457,20,True
read,end_to_end,2,1,,pg_bytea,0,,,0.237103,20,True
read,end_to_end,2,1,,mongo_gridfs,0,,,0.131539,20,True
read,end_to_end,2,4,,pg_bytea,0,,,0.992749,20,True
read,end_to_end,2,4,,mongo_gridfs,0,,,1.265831,20,True
read,end_to_end,2,4,,polyglot,0,,,0.558233,20,True
read,end_to_end,1,5,,polyglot,0,,,0.057822,10,True
read,end_to_end,1,5,,mongo_gridfs,0,,,0.051830,10,True
read,end_to_end,1,5,,pg_bytea,0,,,0.061275,10,True
read,end_to_end,1,2,,pg_bytea,0,,,1.009566,30,True
read,end_to_end,1,2,,polyglot,0,,,0.576418,30,True
read,end_to_end,1,2,,mongo_gridfs,0,,,0.611806,30,True
read,end_to_end,1,1,,mongo_gridfs,0,,,8.661483,60,True
read,end_to_end,1,1,,pg_bytea,0,,,37.404239,60,True
read,end_to_end,1,1,,polyglot,0,,,10.000373,60,True
read,end_to_end,1,3,,pg_bytea,0,,,1.249049,30,True
read,end_to_end,1,3,,polyglot,0,,,0.626940,30,True
read,end_to_end,1,3,,mongo_gridfs,0,,,0.639231,30,True
read,end_to_end,1,1,,polyglot,1,,,4.215992,60,True
read,end_to_end,1,1,,mongo_gridfs,1,,,4.516384,60,True
read,end_to_end,1,1,,pg_bytea,1,,,20.048693,60,True
read,end_to_end,2,2,,mongo_gridfs,1,,,10.148798,60,True
read,end_to_end,2,2,,pg_bytea,1,,,12.605975,60,True
read,end_to_end,2,2,,polyglot,1,,,8.072933,60,True
read,end_to_end,2,1,,mongo_gridfs,1,,,0.124919,20,True
read,end_to_end,2,1,,pg_bytea,1,,,0.209488,20,True
read,end_to_end,2,1,,polyglot,1,,,0.272120,20,True
read,end_to_end,1,2,,mongo_gridfs,1,,,0.578971,30,True
read,end_to_end,1,2,,pg_bytea,1,,,0.981850,30,True
read,end_to_end,1,2,,polyglot,1,,,0.550716,30,True
read,end_to_end,1,5,,mongo_gridfs,1,,,0.048463,10,True
read,end_to_end,1,5,,pg_bytea,1,,,0.067502,10,True
read,end_to_end,1,5,,polyglot,1,,,0.040666,10,True
read,end_to_end,1,4,,pg_bytea,1,,,0.075070,10,True
read,end_to_end,1,4,,polyglot,1,,,0.045240,10,True
read,end_to_end,1,4,,mongo_gridfs,1,,,0.053021,10,True
read,end_to_end,2,4,,pg_bytea,1,,,0.822747,20,True
read,end_to_end,2,4,,polyglot,1,,,0.502362,20,True
read,end_to_end,2,4,,mongo_gridfs,1,,,0.438791,20,True
read,end_to_end,2,5,,mongo_gridfs,1,,,0.084897,20,True
read,end_to_end,2,5,,pg_bytea,1,,,0.095374,20,True
read,end_to_end,2,5,,polyglot,1,,,0.069318,20,True
read,end_to_end,2,3,,polyglot,1,,,0.102713,20,True
read,end_to_end,2,3,,pg_bytea,1,,,0.131266,20,True
read,end_to_end,2,3,,mongo_gridfs,1,,,0.103240,20,True
read,end_to_end,1,3,,mongo_gridfs,1,,,0.523045,30,True
read,end_to_end,1,3,,polyglot,1,,,0.488092,30,True
read,end_to_end,1,3,,pg_bytea,1,,,0.894720,30,True
read,end_to_end,1,3,,polyglot,2,,,0.440596,30,True
read,end_to_end,1,3,,mongo_gridfs,2,,,0.381916,30,True
read,end_to_end,1,3,,pg_bytea,2,,,0.659669,30,True
read,end_to_end,1,5,,pg_bytea,2,,,0.046170,10,True
read,end_to_end,1,5,,polyglot,2,,,0.042746,10,True
read,end_to_end,1,5,,mongo_gridfs,2,,,0.034600,10,True
read,end_to_end,2,2,,polyglot,2,,,3.375539,60,True
read,end_to_end,2,2,,mongo_gridfs,2,,,4.266362,60,True
read,end_to_end,2,2,,pg_bytea,2,,,8.087374,60,True
read,end_to_end,2,3,,polyglot,2,,,0.364589,20,True
read,end_to_end,2,3,,mongo_gridfs,2,,,0.183382,20,True
read,end_to_end,2,3,,pg_bytea,2,,,0.227880,20,True
read,end_to_end,2,1,,mongo_gridfs,2,,,0.230841,20,True
read,end_to_end,2,1,,polyglot,2,,,0.219700,20,True
read,end_to_end,2,1,,pg_bytea,2,,,0.237448,20,True
read,end_to_end,1,1,,polyglot,2,,,5.112228,60,True
read,end_to_end,1,1,,mongo_gridfs,2,,,3.472641,60,True
read,end_to_end,1,1,,pg_bytea,2,,,9.147218,60,True
read,end_to_end,1,2,,polyglot,2,,,0.981590,30,True
read,end_to_end,1,2,,pg_bytea,2,,,1.284190,30,True
read,end_to_end,1,2,,mongo_gridfs,2,,,1.187306,30,True
read,end_to_end,1,4,,polyglot,2,,,0.150134,10,True
read,end_to_end,1,4,,mongo_gridfs,2,,,0.118975,10,True
read,end_to_end,1,4,,pg_bytea,2,,,0.170362,10,True
read,end_to_end,2,4,,polyglot,2,,,0.493387,20,True
read,end_to_end,2,4,,mongo_gridfs,2,,,0.455748,20,True
read,end_to_end,2,4,,pg_bytea,2,,,0.747588,20,True
read,end_to_end,2,5,,mongo_gridfs,2,,,0.081505,20,True
read,end_to_end,2,5,,polyglot,2,,,0.062482,20,True
read,end_to_end,2,5,,pg_bytea,2,,,0.085808,20,True
read,end_to_end,1,4,,pg_bytea,3,,,0.044695,10,True
read,end_to_end,1,4,,mongo_gridfs,3,,,0.028721,10,True
read,end_to_end,1,4,,polyglot,3,,,0.023927,10,True
read,end_to_end,1,2,,mongo_gridfs,3,,,0.404137,30,True
read,end_to_end,1,2,,pg_bytea,3,,,0.722718,30,True
read,end_to_end,1,2,,polyglot,3,,,0.467923,30,True
read,end_to_end,1,1,,pg_bytea,3,,,7.550274,60,True
read,end_to_end,1,1,,mongo_gridfs,3,,,5.279101,60,True
read,end_to_end,1,1,,polyglot,3,,,3.493714,60,True
read,end_to_end,1,3,,polyglot,3,,,0.585398,30,True
read,end_to_end,1,3,,pg_bytea,3,,,0.948554,30,True
read,end_to_end,1,3,,mongo_gridfs,3,,,0.526489,30,True
read,end_to_end,2,2,,polyglot,3,,,3.379858,60,True
read,end_to_end,2,2,,mongo_gridfs,3,,,3.897699,60,True
read,end_to_end,2,2,,pg_bytea,3,,,7.752919,60,True
read,end_to_end,2,5,,polyglot,3,,,0.152980,20,True
read,end_to_end,2,5,,mongo_gridfs,3,,,0.105426,20,True
read,end_to_end,2,5,,pg_bytea,3,,,0.112637,20,True
read,end_to_end,2,3,,pg_bytea,3,,,0.141140,20,True
read,end_to_end,2,3,,mongo_gridfs,3,,,0.133390,20,True
read,end_to_end,2,3,,polyglot,3,,,0.155522,20,True
read,end_to_end,1,5,,polyglot,3,,,0.046910,10,True
read,end_to_end,1,5,,mongo_gridfs,3,,,0.052497,10,True
read,end_to_end,1,5,,pg_bytea,3,,,0.059557,10,True
read,end_to_end,2,4,,mongo_gridfs,3,,,0.566092,20,True
read,end_to_end,2,4,,polyglot,3,,,0.487580,20,True
read,end_to_end,2,4,,pg_bytea,3,,,0.728967,20,True
read,end_to_end,2,1,,mongo_gridfs,3,,,0.101760,20,True
read,end_to_end,2,1,,pg_bytea,3,,,0.118176,20,True
read,end_to_end,2,1,,polyglot,3,,,0.100054,20,True
read,end_to_end,1,2,,mongo_gridfs,4,,,0.631058,30,True
read,end_to_end,1,2,,polyglot,4,,,0.531048,30,True
read,end_to_end,1,2,,pg_bytea,4,,,0.770654,30,True
read,end_to_end,2,2,,polyglot,4,,,3.732608,60,True
read,end_to_end,2,2,,pg_bytea,4,,,14.192857,60,True
read,end_to_end,2,2,,mongo_gridfs,4,,,9.436785,60,True
read,end_to_end,1,4,,polyglot,4,,,0.061272,10,True
read,end_to_end,1,4,,pg_bytea,4,,,0.059765,10,True
read,end_to_end,1,4,,mongo_gridfs,4,,,0.045239,10,True
read,end_to_end,1,1,,mongo_gridfs,4,,,4.299272,60,True
read,end_to_end,1,1,,polyglot,4,,,8.280065,60,True
read,end_to_end,1,1,,pg_bytea,4,,,16.057148,60,True
read,end_to_end,1,3,,polyglot,4,,,2.266176,30,True
read,end_to_end,1,3,,pg_bytea,4,,,1.049797,30,True
read,end_to_end,1,3,,mongo_gridfs,4,,,0.954464,30,True
read,end_to_end,2,1,,pg_bytea,4,,,0.142958,20,True
read,end_to_end,2,1,,mongo_gridfs,4,,,0.160433,20,True
read,end_to_end,2,1,,polyglot,4,,,0.140430,20,True
read,end_to_end,1,5,,pg_bytea,4,,,0.062535,10,True
read,end_to_end,1,5,,mongo_gridfs,4,,,0.070290,10,True
read,end_to_end,1,5,,polyglot,4,,,0.068630,10,True
read,end_to_end,2,5,,polyglot,4,,,0.108095,20,True
read,end_to_end,2,5,,pg_bytea,4,,,0.096376,20,True
read,end_to_end,2,5,,mongo_gridfs,4,,,0.092553,20,True
read,end_to_end,2,4,,polyglot,4,,,0.673388,20,True
read,end_to_end,2,4,,pg_bytea,4,,,0.895375,20,True
read,end_to_end,2,4,,mongo_gridfs,4,,,0.591938,20,True
read,end_to_end,2,3,,polyglot,4,,,0.118303,20,True
read,end_to_end,2,3,,pg_bytea,4,,,0.112421,20,True
read,end_to_end,2,3,,mongo_gridfs,4,,,0.106787,20,True
read,end_to_end,1,3,,pg_bytea,5,,,0.672968,30,True
read,end_to_end,1,3,,polyglot,5,,,0.518224,30,True
read,end_to_end,1,3,,mongo_gridfs,5,,,0.408439,30,True
read,end_to_end,2,2,,polyglot,5,,,3.750591,60,True
read,end_to_end,2,2,,pg_bytea,5,,,7.212573,60,True
read,end_to_end,2,2,,mongo_gridfs,5,,,4.737763,60,True
read,end_to_end,2,4,,pg_bytea,5,,,0.710894,20,True
read,end_to_end,2,4,,polyglot,5,,,0.543113,20,True
read,end_to_end,2,4,,mongo_gridfs,5,,,0.445621,20,True
read,end_to_end,2,1,,pg_bytea,5,,,0.148695,20,True
read,end_to_end,2,1,,polyglot,5,,,0.100583,20,True
read,end_to_end,2,1,,mongo_gridfs,5,,,0.177610,20,True
read,end_to_end,1,5,,pg_bytea,5,,,0.108757,10,True
read,end_to_end,1,5,,mongo_gridfs,5,,,0.084753,10,True
read,end_to_end,1,5,,polyglot,5,,,0.082611,10,True
read,end_to_end,2,5,,polyglot,5,,,0.112610,20,True
read,end_to_end,2,5,,mongo_gridfs,5,,,0.098904,20,True
read,end_to_end,2,5,,pg_bytea,5,,,0.094787,20,True
read,end_to_end,1,1,,mongo_gridfs,5,,,4.811381,60,True
read,end_to_end,1,1,,pg_bytea,5,,,8.941268,60,True
read,end_to_end,1,1,,polyglot,5,,,8.706291,60,True
read,end_to_end,1,4,,pg_bytea,5,,,0.258955,10,True
read,end_to_end,1,4,,polyglot,5,,,0.144431,10,True
read,end_to_end,1,4,,mongo_gridfs,5,,,0.132313,10,True
read,end_to_end,2,3,,polyglot,5,,,0.185595,20,True
read,end_to_end,2,3,,pg_bytea,5,,,0.298985,20,True
read,end_to_end,2,3,,mongo_gridfs,5,,,0.182179,20,True
read,end_to_end,1,2,,pg_bytea,5,,,1.355631,30,True
read,end_to_end,1,2,,polyglot,5,,,0.578636,30,True
read,end_to_end,1,2,,mongo_gridfs,5,,,0.526837,30,True
read,end_to_end,1,1,,polyglot,6,,,3.334660,60,True
read,end_to_end,1,1,,pg_bytea,6,,,7.620064,60,True
read,end_to_end,1,1,,mongo_gridfs,6,,,7.827703,60,True
read,end_to_end,2,3,,pg_bytea,6,,,0.135377,20,True
read,end_to_end,2,3,,mongo_gridfs,6,,,0.096295,20,True
read,end_to_end,2,3,,polyglot,6,,,0.093488,20,True
read,end_to_end,1,2,,mongo_gridfs,6,,,0.512643,30,True
read,end_to_end,1,2,,pg_bytea,6,,,0.837505,30,True
read,end_to_end,1,2,,polyglot,6,,,0.487833,30,True
read,end_to_end,1,3,,polyglot,6,,,0.662474,30,True
read,end_to_end,1,3,,mongo_gridfs,6,,,0.639512,30,True
read,end_to_end,1,3,,pg_bytea,6,,,0.932846,30,True
read,end_to_end,1,4,,polyglot,6,,,0.047388,10,True
read,end_to_end,1,4,,pg_bytea,6,,,0.043157,10,True
read,end_to_end,1,4,,mongo_gridfs,6,,,0.044075,10,True
read,end_to_end,2,4,,pg_bytea,6,,,0.733566,20,True
read,end_to_end,2,4,,mongo_gridfs,6,,,0.525616,20,True
read,end_to_end,2,4,,polyglot,6,,,0.498600,20,True
read,end_to_end,2,2,,pg_bytea,6,,,7.689816,60,True
read,end_to_end,2,2,,polyglot,6,,,6.223723,60,True
read,end_to_end,2,2,,mongo_gridfs,6,,,5.639461,60,True
read,end_to_end,1,5,,polyglot,6,,,0.059394,10,True
read,end_to_end,1,5,,mongo_gridfs,6,,,0.041194,10,True
read,end_to_end,1,5,,pg_bytea,6,,,0.045518,10,True
read,end_to_end,2,1,,pg_bytea,6,,,0.125457,20,True
read,end_to_end,2,1,,polyglot,6,,,0.090391,20,True
read,end_to_end,2,1,,mongo_gridfs,6,,,0.103841,20,True
read,end_to_end,2,5,,pg_bytea,6,,,0.080516,20,True
read,end_to_end,2,5,,mongo_gridfs,6,,,0.073719,20,True
read,end_to_end,2,5,,polyglot,6,,,0.069198,20,True
read,end_to_end,2,4,,polyglot,7,,,0.438045,20,True
read,end_to_end,2,4,,mongo_gridfs,7,,,0.411097,20,True
read,end_to_end,2,4,,pg_bytea,7,,,0.757159,20,True
read,end_to_end,1,1,,polyglot,7,,,3.585077,60,True
read,end_to_end,1,1,,mongo_gridfs,7,,,3.466397,60,True
read,end_to_end,1,1,,pg_bytea,7,,,7.561912,60,True
read,end_to_end,1,5,,pg_bytea,7,,,0.100027,10,True
read,end_to_end,1,5,,mongo_gridfs,7,,,0.080190,10,True
read,end_to_end,1,5,,polyglot,7,,,0.052402,10,True
read,end_to_end,2,1,,pg_bytea,7,,,0.117671,20,True
read,end_to_end,2,1,,polyglot,7,,,0.090138,20,True
read,end_to_end,2,1,,mongo_gridfs,7,,,0.087919,20,True
read,end_to_end,1,2,,pg_bytea,7,,,0.747013,30,True
read,end_to_end,1,2,,mongo_gridfs,7,,,0.523234,30,True
read,end_to_end,1,2,,polyglot,7,,,0.462489,30,True
read,end_to_end,1,3,,mongo_gridfs,7,,,0.496515,30,True
read,end_to_end,1,3,,pg_bytea,7,,,0.730348,30,True
read,end_to_end,1,3,,polyglot,7,,,0.518726,30,True
read,end_to_end,2,2,,pg_bytea,7,,,6.301694,60,True
read,end_to_end,2,2,,mongo_gridfs,7,,,3.521293,60,True
read,end_to_end,2,2,,polyglot,7,,,3.042623,60,True
read,end_to_end,2,3,,pg_bytea,7,,,0.125879,20,True
read,end_to_end,2,3,,polyglot,7,,,0.097016,20,True
read,end_to_end,2,3,,mongo_gridfs,7,,,0.107708,20,True
read,end_to_end,1,4,,polyglot,7,,,0.036230,10,True
read,end_to_end,1,4,,pg_bytea,7,,,0.044983,10,True
read,end_to_end,1,4,,mongo_gridfs,7,,,0.035489,10,True
read,end_to_end,2,5,,polyglot,7,,,0.065306,20,True
read,end_to_end,2,5,,pg_bytea,7,,,0.086613,20,True
read,end_to_end,2,5,,mongo_gridfs,7,,,0.064284,20,True
read,end_to_end,1,2,,pg_bytea,8,,,0.812429,30,True
read,end_to_end,1,2,,mongo_gridfs,8,,,0.472368,30,True
read,end_to_end,1,2,,polyglot,8,,,0.494021,30,True
read,end_to_end,1,3,,pg_bytea,8,,,0.773162,30,True
read,end_to_end,1,3,,polyglot,8,,,0.478711,30,True
read,end_to_end,1,3,,mongo_gridfs,8,,,0.469377,30,True
read,end_to_end,2,5,,pg_bytea,8,,,0.077335,20,True
read,end_to_end,2,5,,mongo_gridfs,8,,,0.054291,20,True
read,end_to_end,2,5,,polyglot,8,,,0.050755,20,True
read,end_to_end,1,4,,pg_bytea,8,,,0.040916,10,True
read,end_to_end,1,4,,mongo_gridfs,8,,,0.029273,10,True
read,end_to_end,1,4,,polyglot,8,,,0.026870,10,True
read,end_to_end,1,1,,mongo_gridfs,8,,,3.438571,60,True
read,end_to_end,1,1,,polyglot,8,,,3.600148,60,True
read,end_to_end,1,1,,pg_bytea,8,,,6.943852,60,True
read,end_to_end,2,3,,pg_bytea,8,,,0.449121,20,True
read,end_to_end,2,3,,polyglot,8,,,0.215917,20,True
read,end_to_end,2,3,,mongo_gridfs,8,,,0.116572,20,True
read,end_to_end,2,4,,polyglot,8,,,1.138430,20,True
read,end_to_end,2,4,,pg_bytea,8,,,1.122133,20,True
read,end_to_end,2,4,,mongo_gridfs,8,,,1.006594,20,True
read,end_to_end,2,2,,pg_bytea,8,,,14.375911,60,True
read,end_to_end,2,2,,mongo_gridfs,8,,,5.194539,60,True
read,end_to_end,2,2,,polyglot,8,,,4.230853,60,True
read,end_to_end,2,1,,pg_bytea,8,,,0.132679,20,True
read,end_to_end,2,1,,mongo_gridfs,8,,,0.216089,20,True
read,end_to_end,2,1,,polyglot,8,,,0.164394,20,True
read,end_to_end,1,5,,polyglot,8,,,0.064477,10,True
read,end_to_end,1,5,,pg_bytea,8,,,0.050749,10,True
read,end_to_end,1,5,,mongo_gridfs,8,,,0.038867,10,True
read,end_to_end,2,3,,mongo_gridfs,9,,,0.119243,20,True
read,end_to_end,2,3,,polyglot,9,,,0.131328,20,True
read,end_to_end,2,3,,pg_bytea,9,,,0.202361,20,True
read,end_to_end,2,2,,pg_bytea,9,,,6.788166,60,True
read,end_to_end,2,2,,mongo_gridfs,9,,,4.048489,60,True
read,end_to_end,2,2,,polyglot,9,,,2.941771,60,True
read,end_to_end,1,5,,mongo_gridfs,9,,,0.044135,10,True
read,end_to_end,1,5,,pg_bytea,9,,,0.036692,10,True
read,end_to_end,1,5,,polyglot,9,,,0.031903,10,True
read,end_to_end,2,5,,mongo_gridfs,9,,,0.073122,20,True
read,end_to_end,2,5,,polyglot,9,,,0.066096,20,True
read,end_to_end,2,5,,pg_bytea,9,,,0.078607,20,True
read,end_to_end,2,1,,pg_bytea,9,,,0.108182,20,True
read,end_to_end,2,1,,mongo_gridfs,9,,,0.087719,20,True
read,end_to_end,2,1,,polyglot,9,,,0.080820,20,True
read,end_to_end,2,4,,mongo_gridfs,9,,,0.460455,20,True
read,end_to_end,2,4,,pg_bytea,9,,,0.733629,20,True
read,end_to_end,2,4,,polyglot,9,,,0.455013,20,True
read,end_to_end,1,2,,polyglot,9,,,0.483209,30,True
read,end_to_end,1,2,,mongo_gridfs,9,,,0.510655,30,True
read,end_to_end,1,2,,pg_bytea,9,,,0.750538,30,True
read,end_to_end,1,3,,polyglot,9,,,0.528616,30,True
read,end_to_end,1,3,,mongo_gridfs,9,,,0.472814,30,True
read,end_to_end,1,3,,pg_bytea,9,,,0.802967,30,True
read,end_to_end,1,4,,pg_bytea,9,,,0.047437,10,True
read,end_to_end,1,4,,mongo_gridfs,9,,,0.042637,10,True
read,end_to_end,1,4,,polyglot,9,,,0.033021,10,True
read,end_to_end,1,1,,polyglot,9,,,3.623944,60,True
read,end_to_end,1,1,,pg_bytea,9,,,7.343634,60,True
read,end_to_end,1,1,,mongo_gridfs,9,,,4.174478,60,True
