phase,query_type,actor,emotion,bucket,approach,rep,stored_name,filesize_bytes,elapsed_seconds,n_files,checksum_ok
write,write,,,audio_small,polyglot,0,03-01-01-01-01-02-19_r00.wav,375720,0.058257,1,
write,write,,,audio_small,mongo_gridfs,0,03-01-01-01-01-02-19_r00.wav,375720,0.009713,1,
write,write,,,audio_small,pg_bytea,0,03-01-01-01-01-02-19_r00.wav,375720,0.014907,1,
write,write,,,audio_small,polyglot,0,03-01-01-01-02-02-05_r00.wav,396294,0.006816,1,
write,write,,,audio_small,mongo_gridfs,0,03-01-01-01-02-02-05_r00.wav,396294,0.005131,1,
write,write,,,audio_small,pg_bytea,0,03-01-01-01-02-02-05_r00.wav,396294,0.012079,1,
write,write,,,audio_small,mongo_gridfs,0,03-01-01-01-02-02-06_r00.wav,363108,0.004892,1,
write,write,,,audio_small,polyglot,0,03-01-01-01-02-02-06_r00.wav,363108,0.007382,1,
write,write,,,audio_small,pg_bytea,0,03-01-01-01-02-02-06_r00.wav,363108,0.010043,1,
write,write,,,audio_small,mongo_gridfs,0,03-01-01-01-02-02-07_r00.wav,363108,0.004667,1,
write,write,,,audio_small,pg_bytea,0,03-01-01-01-02-02-07_r00.wav,363108,0.009292,1,
write,write,,,audio_small,polyglot,0,03-01-01-01-02-02-07_r00.wav,363108,0.004767,1,
write,write,,,audio_small,polyglot,0,03-01-01-01-02-02-11_r00.wav,375720,0.004572,1,
write,write,,,audio_small,pg_bytea,0,03-01-01-01-02-02-11_r00.wav,375720,0.009396,1,
write,write,,,audio_small,mongo_gridfs,0,03-01-01-01-02-02-11_r00.wav,375720,0.004214,1,
write,write,,,audio_small,polyglot,0,03-01-01-01-02-02-12_r00.wav,372698,0.004572,1,
write,write,,,audio_small,mongo_gridfs,0,03-01-01-01-02-02-12_r00.wav,372698,0.004082,1,
write,write,,,audio_small,pg_bytea,0,03-01-01-01-02-02-12_r00.wav,372698,0.009124,1,
write,write,,,audio_small,pg_bytea,0,03-01-01-01-02-02-13_r00.wav,363108,0.011303,1,
write,write,,,audio_small,polyglot,0,03-01-01-01-02-02-13_r00.wav,363108,0.006366,1,
write,write,,,audio_small,mongo_gridfs,0,03-01-01-01-02-02-13_r00.wav,363108,0.004672,1,
write,write,,,audio_small,polyglot,0,03-01-01-02-01-02-05_r00.wav,393086,0.005588,1,
write,write,,,audio_small,mongo_gridfs,0,03-01-01-02-01-02-05_r00.wav,393086,0.005318,1,
write,write,,,audio_small,pg_bytea,0,03-01-01-02-01-02-05_r00.wav,393086,0.010604,1,
write,write,,,audio_small,mongo_gridfs,0,03-01-01-02-01-02-06_r00.wav,363108,0.005501,1,
write,write,,,audio_small,pg_bytea,0,03-01-01-02-01-02-06_r00.wav,363108,0.021375,1,
write,write,,,audio_small,polyglot,0,03-01-01-02-01-02-06_r00.wav,363108,0.009765,1,
write,write,,,audio_small,mongo_gridfs,0,03-01-01-02-01-02-07_r00.wav,372698,0.006041,1,
write,write,,,audio_small,polyglot,0,03-01-01-02-01-02-07_r00.wav,372698,0.011658,1,
write,write,,,audio_small,pg_bytea,0,03-01-01-02-01-02-07_r00.wav,372698,0.009326,1,
write,write,,,audio_small,pg_bytea,0,03-01-01-02-01-02-13_r00.wav,399494,0.012074,1,
write,write,,,audio_small,polyglot,0,03-01-01-02-01-02-13_r00.wav,399494,0.006620,1,
write,write,,,audio_small,mongo_gridfs,0,03-01-01-02-01-02-13_r00.wav,399494,0.006809,1,
write,write,,,audio_small,pg_bytea,0,03-01-01-02-02-02-19_r00.wav,372698,0.010058,1,
write,write,,,audio_small,mongo_gridfs,0,03-01-01-02-02-02-19_r00.wav,372698,0.005446,1,
write,write,,,audio_small,polyglot,0,03-01-01-02-02-02-19_r00.wav,372698,0.007928,1,
write,write,,,audio_small,polyglot,0,03-01-02-01-01-01-19_r00.wav,372698,0.005304,1,
write,write,,,audio_small,mongo_gridfs,0,03-01-02-01-01-01-19_r00.wav,372698,0.004775,1,
write,write,,,audio_small,pg_bytea,0,03-01-02-01-01-01-19_r00.wav,372698,0.010541,1,
write,write,,,audio_small,pg_bytea,0,03-01-02-01-02-01-06_r00.wav,363108,0.009585,1,
write,write,,,audio_small,polyglot,0,03-01-02-01-02-01-06_r00.wav,363108,0.005975,1,
write,write,,,audio_small,mongo_gridfs,0,03-01-02-01-02-01-06_r00.wav,363108,0.004534,1,
write,write,,,audio_small,pg_bytea,0,03-01-02-01-02-01-07_r00.wav,399494,0.010442,1,
write,write,,,audio_small,mongo_gridfs,0,03-01-02-01-02-01-07_r00.wav,399494,0.006013,1,
write,write,,,audio_small,polyglot,0,03-01-02-01-02-01-07_r00.wav,399494,0.006544,1,
write,write,,,audio_small,pg_bytea,0,03-01-02-01-02-01-11_r00.wav,375720,0.010088,1,
write,write,,,audio_small,mongo_gridfs,0,03-01-02-01-02-01-11_r00.wav,375720,0.007078,1,
write,write,,,audio_small,polyglot,0,03-01-02-01-02-01-11_r00.wav,375720,0.007294,1,
write,write,,,audio_small,polyglot,0,03-01-02-01-02-01-12_r00.wav,372698,0.005615,1,
write,write,,,audio_small,pg_bytea,0,03-01-02-01-02-01-12_r00.wav,372698,0.009423,1,
write,write,,,audio_small,mongo_gridfs,0,03-01-02-01-02-01-12_r00.wav,372698,0.004641,1,
write,write,,,audio_small,mongo_gridfs,0,03-01-02-01-02-01-13_r00.wav,379106,0.004806,1,
write,write,,,audio_small,polyglot,0,03-01-02-01-02-01-13_r00.wav,379106,0.004917,1,
write,write,,,audio_small,pg_bytea,0,03-01-02-01-02-01-13_r00.wav,379106,0.009156,1,
write,write,,,audio_small,polyglot,0,03-01-02-02-01-01-05_r00.wav,363108,0.005327,1,
write,write,,,audio_small,mongo_gridfs,0,03-01-02-02-01-01-05_r00.wav,363108,0.004739,1,
write,write,,,audio_small,pg_bytea,0,03-01-02-02-01-01-05_r00.wav,363108,0.011451,1,
write,write,,,audio_small,polyglot,0,03-01-02-02-01-01-11_r00.wav,363108,0.010820,1,
write,write,,,audio_small,pg_bytea,0,03-01-02-02-01-01-11_r00.wav,363108,0.008815,1,
write,write,,,audio_small,mongo_gridfs,0,03-01-02-02-01-01-11_r00.wav,363108,0.004833,1,
write,write,,,audio_small,pg_bytea,0,03-01-02-02-01-01-12_r00.wav,399494,0.010816,1,
write,write,,,audio_small,polyglot,0,03-01-02-02-01-01-12_r00.wav,399494,0.005934,1,
write,write,,,audio_small,mongo_gridfs,0,03-01-02-02-01-01-12_r00.wav,399494,0.004737,1,
write,write,,,audio_small,mongo_gridfs,0,03-01-02-02-01-01-13_r00.wav,399494,0.004776,1,
write,write,,,audio_small,polyglot,0,03-01-02-02-01-01-13_r00.wav,399494,0.006179,1,
write,write,,,audio_small,pg_bytea,0,03-01-02-02-01-01-13_r00.wav,399494,0.010963,1,
write,write,,,audio_small,polyglot,0,03-01-02-02-02-01-19_r00.wav,379106,0.008636,1,
write,write,,,audio_small,mongo_gridfs,0,03-01-02-02-02-01-19_r00.wav,379106,0.006536,1,
write,write,,,audio_small,pg_bytea,0,03-01-02-02-02-01-19_r00.wav,379106,0.011102,1,
write,write,,,audio_small,mongo_gridfs,0,03-01-03-01-01-02-05_r00.wav,396294,0.004667,1,
write,write,,,audio_small,pg_bytea,0,03-01-03-01-01-02-05_r00.wav,396294,0.009593,1,
write,write,,,audio_small,polyglot,0,03-01-03-01-01-02-05_r00.wav,396294,0.004869,1,
write,write,,,audio_small,mongo_gridfs,0,03-01-03-01-01-02-07_r00.wav,393086,0.003845,1,
write,write,,,audio_small,polyglot,0,03-01-03-01-01-02-07_r00.wav,393086,0.004590,1,
write,write,,,audio_small,pg_bytea,0,03-01-03-01-01-02-07_r00.wav,393086,0.009071,1,
write,write,,,audio_small,polyglot,0,03-01-03-01-01-02-12_r00.wav,399494,0.005066,1,
write,write,,,audio_small,mongo_gridfs,0,03-01-03-01-01-02-12_r00.wav,399494,0.004111,1,
write,write,,,audio_small,pg_bytea,0,03-01-03-01-01-02-12_r00.wav,399494,0.009208,1,
write,write,,,audio_small,mongo_gridfs,0,03-01-03-01-01-02-13_r00.wav,399494,0.004119,1,
write,write,,,audio_small,pg_bytea,0,03-01-03-01-01-02-13_r00.wav,399494,0.010181,1,
write,write,,,audio_small,polyglot,0,03-01-03-01-01-02-13_r00.wav,399494,0.005495,1,
write,write,,,audio_small,mongo_gridfs,0,03-01-03-01-02-02-18_r00.wav,393086,0.003828,1,
write,write,,,audio_small,polyglot,0,03-01-03-01-02-02-18_r00.wav,393086,0.005351,1,
write,write,,,audio_small,pg_bytea,0,03-01-03-01-02-02-18_r00.wav,393086,0.009352,1,
write,write,,,audio_small,mongo_gridfs,0,03-01-03-01-02-02-19_r00.wav,399494,0.006165,1,
write,write,,,audio_small,polyglot,0,03-01-03-01-02-02-19_r00.wav,399494,0.005970,1,
write,write,,,audio_small,pg_bytea,0,03-01-03-01-02-02-19_r00.wav,399494,0.010162,1,
write,write,,,audio_small,pg_bytea,0,03-01-03-02-01-02-18_r00.wav,396294,0.014302,1,
write,write,,,audio_small,polyglot,0,03-01-03-02-01-02-18_r00.wav,396294,0.006471,1,
write,write,,,audio_small,mongo_gridfs,0,03-01-03-02-01-02-18_r00.wav,396294,0.005350,1,
write,write,,,audio_small,polyglot,0,03-01-03-02-01-02-19_r00.wav,372698,0.007416,1,
write,write,,,audio_small,mongo_gridfs,0,03-01-03-02-01-02-19_r00.wav,372698,0.007341,1,
write,write,,,audio_small,pg_bytea,0,03-01-03-02-01-02-19_r00.wav,372698,0.014601,1,
write,write,,,audio_small,pg_bytea,0,03-01-03-02-02-02-04_r00.wav,379106,0.023552,1,
write,write,,,audio_small,polyglot,0,03-01-03-02-02-02-04_r00.wav,379106,0.005887,1,
write,write,,,audio_small,mongo_gridfs,0,03-01-03-02-02-02-04_r00.wav,379106,0.004716,1,
write,write,,,audio_small,mongo_gridfs,0,03-01-03-02-02-02-06_r00.wav,399494,0.004672,1,
write,write,,,audio_small,polyglot,0,03-01-03-02-02-02-06_r00.wav,399494,0.005418,1,
write,write,,,audio_small,pg_bytea,0,03-01-03-02-02-02-06_r00.wav,399494,0.013839,1,
write,write,,,audio_small,mongo_gridfs,0,03-01-03-02-02-02-07_r00.wav,393086,0.020694,1,
write,write,,,audio_small,pg_bytea,0,03-01-03-02-02-02-07_r00.wav,393086,0.011496,1,
write,write,,,audio_small,polyglot,0,03-01-03-02-02-02-07_r00.wav,393086,0.006320,1,
write,write,,,audio_small,pg_bytea,0,03-01-03-02-02-02-10_r00.wav,375720,0.010428,1,
write,write,,,audio_small,mongo_gridfs,0,03-01-03-02-02-02-10_r00.wav,375720,0.005121,1,
write,write,,,audio_small,polyglot,0,03-01-03-02-02-02-10_r00.wav,375720,0.009451,1,
write,write,,,audio_small,polyglot,0,03-01-03-02-02-02-11_r00.wav,396294,0.005446,1,
write,write,,,audio_small,mongo_gridfs,0,03-01-03-02-02-02-11_r00.wav,396294,0.004541,1,
write,write,,,audio_small,pg_bytea,0,03-01-03-02-02-02-11_r00.wav,396294,0.030415,1,
write,write,,,audio_small,polyglot,0,03-01-03-02-02-02-13_r00.wav,399494,0.007460,1,
write,write,,,audio_small,mongo_gridfs,0,03-01-03-02-02-02-13_r00.wav,399494,0.006228,1,
write,write,,,audio_small,pg_bytea,0,03-01-03-02-02-02-13_r00.wav,399494,0.010865,1,
write,write,,,audio_small,polyglot,0,03-01-04-01-01-02-01_r00.wav,396294,0.007992,1,
write,write,,,audio_small,pg_bytea,0,03-01-04-01-01-02-01_r00.wav,396294,0.010087,1,
write,write,,,audio_small,mongo_gridfs,0,03-01-04-01-01-02-01_r00.wav,396294,0.005573,1,
write,write,,,audio_small,polyglot,0,03-01-04-01-01-02-02_r00.wav,379106,0.005139,1,
write,write,,,audio_small,mongo_gridfs,0,03-01-04-01-01-02-02_r00.wav,379106,0.004150,1,
write,write,,,audio_small,pg_bytea,0,03-01-04-01-01-02-02_r00.wav,379106,0.016877,1,
write,write,,,audio_small,pg_bytea,0,03-01-04-01-01-02-16_r00.wav,379106,0.009278,1,
write,write,,,audio_small,mongo_gridfs,0,03-01-04-01-01-02-16_r00.wav,379106,0.004695,1,
write,write,,,audio_small,polyglot,0,03-01-04-01-01-02-16_r00.wav,379106,0.004983,1,
write,write,,,audio_small,pg_bytea,0,03-01-04-01-02-02-08_r00.wav,372698,0.008426,1,
write,write,,,audio_small,mongo_gridfs,0,03-01-04-01-02-02-08_r00.wav,372698,0.003444,1,
write,write,,,audio_small,polyglot,0,03-01-04-01-02-02-08_r00.wav,372698,0.003976,1,
write,write,,,audio_small,mongo_gridfs,0,03-01-04-01-02-02-09_r00.wav,363108,0.003593,1,
write,write,,,audio_small,pg_bytea,0,03-01-04-01-02-02-09_r00.wav,363108,0.010390,1,
write,write,,,audio_small,polyglot,0,03-01-04-01-02-02-09_r00.wav,363108,0.006120,1,
write,write,,,audio_small,mongo_gridfs,0,03-01-04-01-02-02-20_r00.wav,396294,0.005323,1,
write,write,,,audio_small,polyglot,0,03-01-04-01-02-02-20_r00.wav,396294,0.004809,1,
write,write,,,audio_small,pg_bytea,0,03-01-04-01-02-02-20_r00.wav,396294,0.009827,1,
write,write,,,audio_small,mongo_gridfs,0,03-01-04-01-02-02-21_r00.wav,363108,0.005118,1,
write,write,,,audio_small,polyglot,0,03-01-04-01-02-02-21_r00.wav,363108,0.004660,1,
write,write,,,audio_small,pg_bytea,0,03-01-04-01-02-02-21_r00.wav,363108,0.009990,1,
write,write,,,audio_small,mongo_gridfs,0,03-01-04-01-02-02-22_r00.wav,372698,0.004004,1,
write,write,,,audio_small,polyglot,0,03-01-04-01-02-02-22_r00.wav,372698,0.004298,1,
write,write,,,audio_small,pg_bytea,0,03-01-04-01-02-02-22_r00.wav,372698,0.010731,1,
write,write,,,audio_small,mongo_gridfs,0,03-01-04-01-02-02-23_r00.wav,363108,0.004939,1,
write,write,,,audio_small,polyglot,0,03-01-04-01-02-02-23_r00.wav,363108,0.004259,1,
write,write,,,audio_small,pg_bytea,0,03-01-04-01-02-02-23_r00.wav,363108,0.008492,1,
write,write,,,audio_small,mongo_gridfs,0,03-01-04-02-01-02-09_r00.wav,379106,0.005088,1,
write,write,,,audio_small,pg_bytea,0,03-01-04-02-01-02-09_r00.wav,379106,0.009349,1,
write,write,,,audio_small,polyglot,0,03-01-04-02-01-02-09_r00.wav,379106,0.005111,1,
write,write,,,audio_small,mongo_gridfs,0,03-01-04-02-01-02-20_r00.wav,379106,0.004776,1,
write,write,,,audio_small,pg_bytea,0,03-01-04-02-01-02-20_r00.wav,379106,0.009835,1,
write,write,,,audio_small,polyglot,0,03-01-04-02-01-02-20_r00.wav,379106,0.004890,1,
write,write,,,audio_small,mongo_gridfs,0,03-01-04-02-01-02-21_r00.wav,393086,0.007243,1,
write,write,,,audio_small,pg_bytea,0,03-01-04-02-01-02-21_r00.wav,393086,0.015461,1,
write,write,,,audio_small,polyglot,0,03-01-04-02-01-02-21_r00.wav,393086,0.005624,1,
write,write,,,audio_small,polyglot,0,03-01-04-02-01-02-22_r00.wav,379106,0.004719,1,
write,write,,,audio_small,mongo_gridfs,0,03-01-04-02-01-02-22_r00.wav,379106,0.003797,1,
write,write,,,audio_small,pg_bytea,0,03-01-04-02-01-02-22_r00.wav,379106,0.009394,1,
write,write,,,audio_small,pg_bytea,0,03-01-04-02-02-02-14_r00.wav,375720,0.008709,1,
write,write,,,audio_small,polyglot,0,03-01-04-02-02-02-14_r00.wav,375720,0.004919,1,
write,write,,,audio_small,mongo_gridfs,0,03-01-04-02-02-02-14_r00.wav,375720,0.004391,1,
write,write,,,audio_small,mongo_gridfs,0,03-01-04-02-02-02-15_r00.wav,379106,0.004816,1,
write,write,,,audio_small,polyglot,0,03-01-04-02-02-02-15_r00.wav,379106,0.007638,1,
write,write,,,audio_small,pg_bytea,0,03-01-04-02-02-02-15_r00.wav,379106,0.009412,1,
write,write,,,audio_small,mongo_gridfs,0,03-01-04-02-02-02-16_r00.wav,375720,0.006459,1,
write,write,,,audio_small,polyglot,0,03-01-04-02-02-02-16_r00.wav,375720,0.005081,1,
write,write,,,audio_small,pg_bytea,0,03-01-04-02-02-02-16_r00.wav,375720,0.009156,1,
write,write,,,audio_small,pg_bytea,0,03-01-04-02-02-02-17_r00.wav,363108,0.008954,1,
write,write,,,audio_small,polyglot,0,03-01-04-02-02-02-17_r00.wav,363108,0.005347,1,
write,write,,,audio_small,mongo_gridfs,0,03-01-04-02-02-02-17_r00.wav,363108,0.003835,1,
write,write,,,audio_small,mongo_gridfs,0,03-01-05-01-01-01-09_r00.wav,393086,0.003857,1,
write,write,,,audio_small,pg_bytea,0,03-01-05-01-01-01-09_r00.wav,393086,0.009844,1,
write,write,,,audio_small,polyglot,0,03-01-05-01-01-01-09_r00.wav,393086,0.004545,1,
write,write,,,audio_small,pg_bytea,0,03-01-05-01-01-01-22_r00.wav,393086,0.012340,1,
write,write,,,audio_small,mongo_gridfs,0,03-01-05-01-01-01-22_r00.wav,393086,0.006100,1,
write,write,,,audio_small,polyglot,0,03-01-05-01-01-01-22_r00.wav,393086,0.005145,1,
write,write,,,audio_small,pg_bytea,0,03-01-05-01-02-01-02_r00.wav,372698,0.011000,1,
write,write,,,audio_small,mongo_gridfs,0,03-01-05-01-02-01-02_r00.wav,372698,0.005338,1,
write,write,,,audio_small,polyglot,0,03-01-05-01-02-01-02_r00.wav,372698,0.004688,1,
write,write,,,audio_small,polyglot,0,03-01-05-01-02-01-03_r00.wav,396294,0.004855,1,
write,write,,,audio_small,mongo_gridfs,0,03-01-05-01-02-01-03_r00.wav,396294,0.003985,1,
write,write,,,audio_small,pg_bytea,0,03-01-05-01-02-01-03_r00.wav,396294,0.010493,1,
write,write,,,audio_small,pg_bytea,0,03-01-05-01-02-01-15_r00.wav,363108,0.012053,1,
write,write,,,audio_small,polyglot,0,03-01-05-01-02-01-15_r00.wav,363108,0.005552,1,
write,write,,,audio_small,mongo_gridfs,0,03-01-05-01-02-01-15_r00.wav,363108,0.003648,1,
write,write,,,audio_small,mongo_gridfs,0,03-01-05-01-02-01-16_r00.wav,372698,0.003859,1,
write,write,,,audio_small,polyglot,0,03-01-05-01-02-01-16_r00.wav,372698,0.006112,1,
write,write,,,audio_small,pg_bytea,0,03-01-05-01-02-01-16_r00.wav,372698,0.009519,1,
write,write,,,audio_small,pg_bytea,0,03-01-05-01-02-01-17_r00.wav,393086,0.009229,1,
write,write,,,audio_small,polyglot,0,03-01-05-01-02-01-17_r00.wav,393086,0.005047,1,
write,write,,,audio_small,mongo_gridfs,0,03-01-05-01-02-01-17_r00.wav,393086,0.003723,1,
write,write,,,audio_small,mongo_gridfs,0,03-01-05-02-01-01-01_r00.wav,372698,0.003620,1,
write,write,,,audio_small,polyglot,0,03-01-05-02-01-01-01_r00.wav,372698,0.005158,1,
write,write,,,audio_small,pg_bytea,0,03-01-05-02-01-01-01_r00.wav,372698,0.012924,1,
write,write,,,audio_small,mongo_gridfs,0,03-01-05-02-01-01-02_r00.wav,375720,0.004651,1,
write,write,,,audio_small,pg_bytea,0,03-01-05-02-01-01-02_r00.wav,375720,0.009142,1,
write,write,,,audio_small,polyglot,0,03-01-05-02-01-01-02_r00.wav,375720,0.004863,1,
write,write,,,audio_small,mongo_gridfs,0,03-01-05-02-01-01-03_r00.wav,372698,0.003619,1,
write,write,,,audio_small,pg_bytea,0,03-01-05-02-01-01-03_r00.wav,372698,0.009401,1,
write,write,,,audio_small,polyglot,0,03-01-05-02-01-01-03_r00.wav,372698,0.004561,1,
write,write,,,audio_small,mongo_gridfs,0,03-01-05-02-01-01-15_r00.wav,396294,0.003949,1,
write,write,,,audio_small,pg_bytea,0,03-01-05-02-01-01-15_r00.wav,396294,0.009248,1,
write,write,,,audio_small,polyglot,0,03-01-05-02-01-01-15_r00.wav,396294,0.004590,1,
write,write,,,audio_small,pg_bytea,0,03-01-05-02-01-01-16_r00.wav,399494,0.009412,1,
write,write,,,audio_small,mongo_gridfs,0,03-01-05-02-01-01-16_r00.wav,399494,0.003976,1,
write,write,,,audio_small,polyglot,0,03-01-05-02-01-01-16_r00.wav,399494,0.004285,1,
write,write,,,audio_small,mongo_gridfs,0,03-01-05-02-01-01-17_r00.wav,363108,0.003554,1,
write,write,,,audio_small,pg_bytea,0,03-01-05-02-01-01-17_r00.wav,363108,0.008857,1,
write,write,,,audio_small,polyglot,0,03-01-05-02-01-01-17_r00.wav,363108,0.004706,1,
write,write,,,audio_small,polyglot,0,03-01-05-02-02-01-09_r00.wav,396294,0.004449,1,
write,write,,,audio_small,pg_bytea,0,03-01-05-02-02-01-09_r00.wav,396294,0.008881,1,
write,write,,,audio_small,mongo_gridfs,0,03-01-05-02-02-01-09_r00.wav,396294,0.004315,1,
write,write,,,audio_small,polyglot,0,03-01-05-02-02-01-21_r00.wav,375720,0.004554,1,
write,write,,,audio_small,mongo_gridfs,0,03-01-05-02-02-01-21_r00.wav,375720,0.003875,1,
write,write,,,audio_small,pg_bytea,0,03-01-05-02-02-01-21_r00.wav,375720,0.010498,1,
write,write,,,audio_small,pg_bytea,0,03-01-05-02-02-01-22_r00.wav,379106,0.009293,1,
write,write,,,audio_small,mongo_gridfs,0,03-01-05-02-02-01-22_r00.wav,379106,0.006191,1,
write,write,,,audio_small,polyglot,0,03-01-05-02-02-01-22_r00.wav,379106,0.006354,1,
write,write,,,audio_medium,pg_bytea,0,03-02-01-01-01-02-22_r00.wav,526650,0.013736,1,
write,write,,,audio_medium,mongo_gridfs,0,03-02-01-01-01-02-22_r00.wav,526650,0.005929,1,
write,write,,,audio_medium,polyglot,0,03-02-01-01-01-02-22_r00.wav,526650,0.006392,1,
write,write,,,audio_medium,pg_bytea,0,03-02-01-01-01-02-23_r00.wav,539464,0.014252,1,
write,write,,,audio_medium,mongo_gridfs,0,03-02-01-01-01-02-23_r00.wav,539464,0.007560,1,
write,write,,,audio_medium,polyglot,0,03-02-01-01-01-02-23_r00.wav,539464,0.007431,1,
write,write,,,audio_medium,mongo_gridfs,0,03-02-01-01-02-02-02_r00.wav,539464,0.005910,1,
write,write,,,audio_medium,pg_bytea,0,03-02-01-01-02-02-02_r00.wav,539464,0.013313,1,
write,write,,,audio_medium,polyglot,0,03-02-01-01-02-02-02_r00.wav,539464,0.007170,1,
write,write,,,audio_medium,mongo_gridfs,0,03-02-01-01-02-02-03_r00.wav,520242,0.006974,1,
write,write,,,audio_medium,pg_bytea,0,03-02-01-01-02-02-03_r00.wav,520242,0.015032,1,
write,write,,,audio_medium,polyglot,0,03-02-01-01-02-02-03_r00.wav,520242,0.008504,1,
write,write,,,audio_medium,pg_bytea,0,03-02-01-01-02-02-16_r00.wav,539464,0.037322,1,
write,write,,,audio_medium,polyglot,0,03-02-01-01-02-02-16_r00.wav,539464,0.007856,1,
write,write,,,audio_medium,mongo_gridfs,0,03-02-01-01-02-02-16_r00.wav,539464,0.005932,1,
write,write,,,audio_medium,mongo_gridfs,0,03-02-01-01-02-02-17_r00.wav,561888,0.007635,1,
write,write,,,audio_medium,polyglot,0,03-02-01-01-02-02-17_r00.wav,561888,0.007225,1,
write,write,,,audio_medium,pg_bytea,0,03-02-01-01-02-02-17_r00.wav,561888,0.014237,1,
write,write,,,audio_medium,polyglot,0,03-02-01-02-01-02-01_r00.wav,533056,0.014008,1,
write,write,,,audio_medium,pg_bytea,0,03-02-01-02-01-02-01_r00.wav,533056,0.013873,1,
write,write,,,audio_medium,mongo_gridfs,0,03-02-01-02-01-02-01_r00.wav,533056,0.012857,1,
write,write,,,audio_medium,pg_bytea,0,03-02-01-02-01-02-02_r00.wav,523448,0.019686,1,
write,write,,,audio_medium,polyglot,0,03-02-01-02-01-02-02_r00.wav,523448,0.007052,1,
write,write,,,audio_medium,mongo_gridfs,0,03-02-01-02-01-02-02_r00.wav,523448,0.005978,1,
write,write,,,audio_medium,polyglot,0,03-02-01-02-01-02-03_r00.wav,533056,0.008099,1,
write,write,,,audio_medium,pg_bytea,0,03-02-01-02-01-02-03_r00.wav,533056,0.013276,1,
write,write,,,audio_medium,mongo_gridfs,0,03-02-01-02-01-02-03_r00.wav,533056,0.012171,1,
write,write,,,audio_medium,polyglot,0,03-02-01-02-01-02-15_r00.wav,561882,0.007928,1,
write,write,,,audio_medium,mongo_gridfs,0,03-02-01-02-01-02-15_r00.wav,561882,0.006815,1,
write,write,,,audio_medium,pg_bytea,0,03-02-01-02-01-02-15_r00.wav,561882,0.015746,1,
write,write,,,audio_medium,pg_bytea,0,03-02-01-02-01-02-16_r00.wav,526650,0.014564,1,
write,write,,,audio_medium,mongo_gridfs,0,03-02-01-02-01-02-16_r00.wav,526650,0.007103,1,
write,write,,,audio_medium,polyglot,0,03-02-01-02-01-02-16_r00.wav,526650,0.010265,1,
write,write,,,audio_medium,pg_bytea,0,03-02-01-02-01-02-17_r00.wav,533056,0.013652,1,
write,write,,,audio_medium,polyglot,0,03-02-01-02-01-02-17_r00.wav,533056,0.007836,1,
write,write,,,audio_medium,mongo_gridfs,0,03-02-01-02-01-02-17_r00.wav,533056,0.005822,1,
write,write,,,audio_medium,pg_bytea,0,03-02-01-02-02-02-22_r00.wav,520242,0.013177,1,
write,write,,,audio_medium,mongo_gridfs,0,03-02-01-02-02-02-22_r00.wav,520242,0.006058,1,
write,write,,,audio_medium,polyglot,0,03-02-01-02-02-02-22_r00.wav,520242,0.006416,1,
write,write,,,audio_medium,mongo_gridfs,0,03-02-01-02-02-02-23_r00.wav,520242,0.005964,1,
write,write,,,audio_medium,pg_bytea,0,03-02-01-02-02-02-23_r00.wav,520242,0.013316,1,
write,write,,,audio_medium,polyglot,0,03-02-01-02-02-02-23_r00.wav,520242,0.006726,1,
write,write,,,audio_medium,pg_bytea,0,03-02-02-01-01-01-22_r00.wav,523448,0.013290,1,
write,write,,,audio_medium,polyglot,0,03-02-02-01-01-01-22_r00.wav,523448,0.006698,1,
write,write,,,audio_medium,mongo_gridfs,0,03-02-02-01-01-01-22_r00.wav,523448,0.005563,1,
write,write,,,audio_medium,pg_bytea,0,03-02-02-01-01-01-23_r00.wav,561888,0.015984,1,
write,write,,,audio_medium,mongo_gridfs,0,03-02-02-01-01-01-23_r00.wav,561888,0.006708,1,
write,write,,,audio_medium,polyglot,0,03-02-02-01-01-01-23_r00.wav,561888,0.007029,1,
write,write,,,audio_medium,mongo_gridfs,0,03-02-02-01-02-01-01_r00.wav,520242,0.005767,1,
write,write,,,audio_medium,pg_bytea,0,03-02-02-01-02-01-01_r00.wav,520242,0.013077,1,
write,write,,,audio_medium,polyglot,0,03-02-02-01-02-01-01_r00.wav,520242,0.006710,1,
write,write,,,audio_medium,pg_bytea,0,03-02-02-01-02-01-02_r00.wav,539464,0.013086,1,
write,write,,,audio_medium,mongo_gridfs,0,03-02-02-01-02-01-02_r00.wav,539464,0.006044,1,
write,write,,,audio_medium,polyglot,0,03-02-02-01-02-01-02_r00.wav,539464,0.006432,1,
write,write,,,audio_medium,pg_bytea,0,03-02-02-01-02-01-03_r00.wav,533056,0.013037,1,
write,write,,,audio_medium,polyglot,0,03-02-02-01-02-01-03_r00.wav,533056,0.006815,1,
write,write,,,audio_medium,mongo_gridfs,0,03-02-02-01-02-01-03_r00.wav,533056,0.005795,1,
write,write,,,audio_medium,mongo_gridfs,0,03-02-02-01-02-01-16_r00.wav,561882,0.006141,1,
write,write,,,audio_medium,pg_bytea,0,03-02-02-01-02-01-16_r00.wav,561882,0.014578,1,
write,write,,,audio_medium,polyglot,0,03-02-02-01-02-01-16_r00.wav,561882,0.008091,1,
write,write,,,audio_medium,polyglot,0,03-02-02-02-01-01-01_r00.wav,539464,0.009716,1,
write,write,,,audio_medium,pg_bytea,0,03-02-02-02-01-01-01_r00.wav,539464,0.013045,1,
write,write,,,audio_medium,mongo_gridfs,0,03-02-02-02-01-01-01_r00.wav,539464,0.006602,1,
write,write,,,audio_medium,polyglot,0,03-02-02-02-01-01-02_r00.wav,526650,0.006968,1,
write,write,,,audio_medium,mongo_gridfs,0,03-02-02-02-01-01-02_r00.wav,526650,0.005785,1,
write,write,,,audio_medium,pg_bytea,0,03-02-02-02-01-01-02_r00.wav,526650,0.013049,1,
write,write,,,audio_medium,pg_bytea,0,03-02-02-02-01-01-15_r00.wav,539464,0.013271,1,
write,write,,,audio_medium,mongo_gridfs,0,03-02-02-02-01-01-15_r00.wav,539464,0.006446,1,
write,write,,,audio_medium,polyglot,0,03-02-02-02-01-01-15_r00.wav,539464,0.006726,1,
write,write,,,audio_medium,mongo_gridfs,0,03-02-02-02-01-01-16_r00.wav,520242,0.005753,1,
write,write,,,audio_medium,polyglot,0,03-02-02-02-01-01-16_r00.wav,520242,0.007695,1,
write,write,,,audio_medium,pg_bytea,0,03-02-02-02-01-01-16_r00.wav,520242,0.012656,1,
write,write,,,audio_medium,polyglot,0,03-02-02-02-01-01-17_r00.wav,539464,0.007650,1,
write,write,,,audio_medium,pg_bytea,0,03-02-02-02-01-01-17_r00.wav,539464,0.013469,1,
write,write,,,audio_medium,mongo_gridfs,0,03-02-02-02-01-01-17_r00.wav,539464,0.007459,1,
write,write,,,audio_medium,polyglot,0,03-02-02-02-02-01-22_r00.wav,539464,0.007360,1,
write,write,,,audio_medium,mongo_gridfs,0,03-02-02-02-02-01-22_r00.wav,539464,0.005593,1,
write,write,,,audio_medium,pg_bytea,0,03-02-02-02-02-01-22_r00.wav,539464,0.013531,1,
write,write,,,audio_medium,mongo_gridfs,0,03-02-02-02-02-01-23_r00.wav,520242,0.006247,1,
write,write,,,audio_medium,pg_bytea,0,03-02-02-02-02-01-23_r00.wav,520242,0.012745,1,
write,write,,,audio_medium,polyglot,0,03-02-02-02-02-01-23_r00.wav,520242,0.006533,1,
write,write,,,audio_medium,pg_bytea,0,03-02-03-01-01-02-01_r00.wav,561882,0.014378,1,
write,write,,,audio_medium,polyglot,0,03-02-03-01-01-02-01_r00.wav,561882,0.007660,1,
write,write,,,audio_medium,mongo_gridfs,0,03-02-03-01-01-02-01_r00.wav,561882,0.006333,1,
write,write,,,audio_medium,polyglot,0,03-02-03-01-01-02-02_r00.wav,561882,0.008715,1,
write,write,,,audio_medium,mongo_gridfs,0,03-02-03-01-01-02-02_r00.wav,561882,0.006439,1,
write,write,,,audio_medium,pg_bytea,0,03-02-03-01-01-02-02_r00.wav,561882,0.013824,1,
write,write,,,audio_medium,pg_bytea,0,03-02-03-01-01-02-03_r00.wav,539464,0.016767,1,
write,write,,,audio_medium,polyglot,0,03-02-03-01-01-02-03_r00.wav,539464,0.007703,1,
write,write,,,audio_medium,mongo_gridfs,0,03-02-03-01-01-02-03_r00.wav,539464,0.006329,1,
write,write,,,audio_medium,pg_bytea,0,03-02-03-01-01-02-15_r00.wav,526650,0.013309,1,
write,write,,,audio_medium,mongo_gridfs,0,03-02-03-01-01-02-15_r00.wav,526650,0.006696,1,
write,write,,,audio_medium,polyglot,0,03-02-03-01-01-02-15_r00.wav,526650,0.006577,1,
write,write,,,audio_medium,polyglot,0,03-02-03-01-01-02-16_r00.wav,520242,0.008809,1,
write,write,,,audio_medium,pg_bytea,0,03-02-03-01-01-02-16_r00.wav,520242,0.012370,1,
write,write,,,audio_medium,mongo_gridfs,0,03-02-03-01-01-02-16_r00.wav,520242,0.008537,1,
write,write,,,audio_medium,mongo_gridfs,0,03-02-03-01-01-02-17_r00.wav,526650,0.005949,1,
write,write,,,audio_medium,pg_bytea,0,03-02-03-01-01-02-17_r00.wav,526650,0.012792,1,
write,write,,,audio_medium,polyglot,0,03-02-03-01-01-02-17_r00.wav,526650,0.009481,1,
write,write,,,audio_medium,polyglot,0,03-02-03-01-02-02-09_r00.wav,539464,0.007580,1,
write,write,,,audio_medium,mongo_gridfs,0,03-02-03-01-02-02-09_r00.wav,539464,0.006805,1,
write,write,,,audio_medium,pg_bytea,0,03-02-03-01-02-02-09_r00.wav,539464,0.013186,1,
write,write,,,audio_medium,pg_bytea,0,03-02-03-01-02-02-21_r00.wav,533056,0.031157,1,
write,write,,,audio_medium,polyglot,0,03-02-03-01-02-02-21_r00.wav,533056,0.007965,1,
write,write,,,audio_medium,mongo_gridfs,0,03-02-03-01-02-02-21_r00.wav,533056,0.006206,1,
write,write,,,audio_medium,pg_bytea,0,03-02-03-01-02-02-22_r00.wav,561888,0.013556,1,
write,write,,,audio_medium,mongo_gridfs,0,03-02-03-01-02-02-22_r00.wav,561888,0.007345,1,
write,write,,,audio_medium,polyglot,0,03-02-03-01-02-02-22_r00.wav,561888,0.007464,1,
write,write,,,audio_medium,pg_bytea,0,03-02-03-01-02-02-23_r00.wav,539464,0.012908,1,
write,write,,,audio_medium,mongo_gridfs,0,03-02-03-01-02-02-23_r00.wav,539464,0.006890,1,
write,write,,,audio_medium,polyglot,0,03-02-03-01-02-02-23_r00.wav,539464,0.006918,1,
write,write,,,audio_medium,pg_bytea,0,03-02-03-02-01-02-09_r00.wav,561882,0.013593,1,
write,write,,,audio_medium,polyglot,0,03-02-03-02-01-02-09_r00.wav,561882,0.008310,1,
write,write,,,audio_medium,mongo_gridfs,0,03-02-03-02-01-02-09_r00.wav,561882,0.006577,1,
write,write,,,audio_medium,mongo_gridfs,0,03-02-03-02-01-02-21_r00.wav,539464,0.006776,1,
write,write,,,audio_medium,polyglot,0,03-02-03-02-01-02-21_r00.wav,539464,0.006863,1,
write,write,,,audio_medium,pg_bytea,0,03-02-03-02-01-02-21_r00.wav,539464,0.016613,1,
write,write,,,audio_medium,polyglot,0,03-02-03-02-01-02-22_r00.wav,526650,0.007711,1,
write,write,,,audio_medium,pg_bytea,0,03-02-03-02-01-02-22_r00.wav,526650,0.012259,1,
write,write,,,audio_medium,mongo_gridfs,0,03-02-03-02-01-02-22_r00.wav,526650,0.007089,1,
write,write,,,audio_medium,polyglot,0,03-02-03-02-01-02-23_r00.wav,561888,0.007194,1,
write,write,,,audio_medium,mongo_gridfs,0,03-02-03-02-01-02-23_r00.wav,561888,0.006534,1,
write,write,,,audio_medium,pg_bytea,0,03-02-03-02-01-02-23_r00.wav,561888,0.013663,1,
write,write,,,audio_medium,pg_bytea,0,03-02-03-02-02-02-01_r00.wav,561882,0.013405,1,
write,write,,,audio_medium,mongo_gridfs,0,03-02-03-02-02-02-01_r00.wav,561882,0.008238,1,
write,write,,,audio_medium,polyglot,0,03-02-03-02-02-02-01_r00.wav,561882,0.007059,1,
write,write,,,audio_medium,mongo_gridfs,0,03-02-03-02-02-02-02_r00.wav,523448,0.006045,1,
write,write,,,audio_medium,pg_bytea,0,03-02-03-02-02-02-02_r00.wav,523448,0.012856,1,
write,write,,,audio_medium,polyglot,0,03-02-03-02-02-02-02_r00.wav,523448,0.007001,1,
write,write,,,audio_medium,mongo_gridfs,0,03-02-03-02-02-02-03_r00.wav,561888,0.006326,1,
write,write,,,audio_medium,polyglot,0,03-02-03-02-02-02-03_r00.wav,561888,0.007390,1,
write,write,,,audio_medium,pg_bytea,0,03-02-03-02-02-02-03_r00.wav,561888,0.013794,1,
write,write,,,audio_medium,mongo_gridfs,0,03-02-03-02-02-02-15_r00.wav,523448,0.006676,1,
write,write,,,audio_medium,pg_bytea,0,03-02-03-02-02-02-15_r00.wav,523448,0.012774,1,
write,write,,,audio_medium,polyglot,0,03-02-03-02-02-02-15_r00.wav,523448,0.007179,1,
write,write,,,audio_medium,pg_bytea,0,03-02-03-02-02-02-16_r00.wav,561882,0.013143,1,
write,write,,,audio_medium,mongo_gridfs,0,03-02-03-02-02-02-16_r00.wav,561882,0.006927,1,
write,write,,,audio_medium,polyglot,0,03-02-03-02-02-02-16_r00.wav,561882,0.007220,1,
write,write,,,audio_medium,pg_bytea,0,03-02-03-02-02-02-17_r00.wav,523448,0.012166,1,
write,write,,,audio_medium,polyglot,0,03-02-03-02-02-02-17_r00.wav,523448,0.009717,1,
write,write,,,audio_medium,mongo_gridfs,0,03-02-03-02-02-02-17_r00.wav,523448,0.007083,1,
write,write,,,audio_medium,pg_bytea,0,03-02-04-01-01-02-05_r00.wav,561882,0.014443,1,
write,write,,,audio_medium,polyglot,0,03-02-04-01-01-02-05_r00.wav,561882,0.009318,1,
write,write,,,audio_medium,mongo_gridfs,0,03-02-04-01-01-02-05_r00.wav,561882,0.016177,1,
write,write,,,audio_medium,mongo_gridfs,0,03-02-04-01-01-02-06_r00.wav,526650,0.008736,1,
write,write,,,audio_medium,pg_bytea,0,03-02-04-01-01-02-06_r00.wav,526650,0.015115,1,
write,write,,,audio_medium,polyglot,0,03-02-04-01-01-02-06_r00.wav,526650,0.010045,1,
write,write,,,audio_medium,mongo_gridfs,0,03-02-04-01-01-02-07_r00.wav,523448,0.007205,1,
write,write,,,audio_medium,polyglot,0,03-02-04-01-01-02-07_r00.wav,523448,0.008539,1,
write,write,,,audio_medium,pg_bytea,0,03-02-04-01-01-02-07_r00.wav,523448,0.013481,1,
write,write,,,audio_medium,pg_bytea,0,03-02-04-01-01-02-11_r00.wav,539464,0.014102,1,
write,write,,,audio_medium,polyglot,0,03-02-04-01-01-02-11_r00.wav,539464,0.009285,1,
write,write,,,audio_medium,mongo_gridfs,0,03-02-04-01-01-02-11_r00.wav,539464,0.007725,1,
write,write,,,audio_medium,pg_bytea,0,03-02-04-01-01-02-12_r00.wav,523448,0.014495,1,
write,write,,,audio_medium,polyglot,0,03-02-04-01-01-02-12_r00.wav,523448,0.007765,1,
write,write,,,audio_medium,mongo_gridfs,0,03-02-04-01-01-02-12_r00.wav,523448,0.005879,1,
write,write,,,audio_medium,polyglot,0,03-02-04-01-01-02-13_r00.wav,539464,0.007359,1,
write,write,,,audio_medium,mongo_gridfs,0,03-02-04-01-01-02-13_r00.wav,539464,0.006452,1,
write,write,,,audio_medium,pg_bytea,0,03-02-04-01-01-02-13_r00.wav,539464,0.013646,1,
write,write,,,audio_medium,pg_bytea,0,03-02-04-01-02-02-19_r00.wav,561888,0.014307,1,
write,write,,,audio_medium,mongo_gridfs,0,03-02-04-01-02-02-19_r00.wav,561888,0.009262,1,
write,write,,,audio_medium,polyglot,0,03-02-04-01-02-02-19_r00.wav,561888,0.009527,1,
write,write,,,audio_medium,pg_bytea,0,03-02-04-02-02-02-05_r00.wav,526650,0.016641,1,
write,write,,,audio_medium,polyglot,0,03-02-04-02-02-02-05_r00.wav,526650,0.009080,1,
write,write,,,audio_medium,mongo_gridfs,0,03-02-04-02-02-02-05_r00.wav,526650,0.007373,1,
write,write,,,audio_medium,polyglot,0,03-02-04-02-02-02-06_r00.wav,526650,0.008349,1,
write,write,,,audio_medium,pg_bytea,0,03-02-04-02-02-02-06_r00.wav,526650,0.013194,1,
write,write,,,audio_medium,mongo_gridfs,0,03-02-04-02-02-02-06_r00.wav,526650,0.007114,1,
write,write,,,audio_medium,polyglot,0,03-02-04-02-02-02-07_r00.wav,561888,0.007606,1,
write,write,,,audio_medium,mongo_gridfs,0,03-02-04-02-02-02-07_r00.wav,561888,0.006973,1,
write,write,,,audio_medium,pg_bytea,0,03-02-04-02-02-02-07_r00.wav,561888,0.013762,1,
write,write,,,audio_medium,polyglot,0,03-02-04-02-02-02-11_r00.wav,561888,0.008562,1,
write,write,,,audio_medium,mongo_gridfs,0,03-02-04-02-02-02-11_r00.wav,561888,0.006959,1,
write,write,,,audio_medium,pg_bytea,0,03-02-04-02-02-02-11_r00.wav,561888,0.019535,1,
write,write,,,audio_medium,polyglot,0,03-02-04-02-02-02-12_r00.wav,523448,0.008471,1,
write,write,,,audio_medium,pg_bytea,0,03-02-04-02-02-02-12_r00.wav,523448,0.013422,1,
write,write,,,audio_medium,mongo_gridfs,0,03-02-04-02-02-02-12_r00.wav,523448,0.008609,1,
write,write,,,audio_medium,pg_bytea,0,03-02-04-02-02-02-13_r00.wav,533056,0.013283,1,
write,write,,,audio_medium,polyglot,0,03-02-04-02-02-02-13_r00.wav,533056,0.007681,1,
write,write,,,audio_medium,mongo_gridfs,0,03-02-04-02-02-02-13_r00.wav,533056,0.007822,1,
write,write,,,audio_medium,pg_bytea,0,03-02-05-01-02-01-06_r00.wav,561882,0.014049,1,
write,write,,,audio_medium,polyglot,0,03-02-05-01-02-01-06_r00.wav,561882,0.010078,1,
write,write,,,audio_medium,mongo_gridfs,0,03-02-05-01-02-01-06_r00.wav,561882,0.007357,1,
write,write,,,audio_medium,pg_bytea,0,03-02-05-01-02-01-07_r00.wav,520242,0.012526,1,
write,write,,,audio_medium,polyglot,0,03-02-05-01-02-01-07_r00.wav,520242,0.008448,1,
write,write,,,audio_medium,mongo_gridfs,0,03-02-05-01-02-01-07_r00.wav,520242,0.007423,1,
write,write,,,audio_medium,polyglot,0,03-02-05-01-02-01-12_r00.wav,520242,0.007788,1,
write,write,,,audio_medium,mongo_gridfs,0,03-02-05-01-02-01-12_r00.wav,520242,0.009906,1,
write,write,,,audio_medium,pg_bytea,0,03-02-05-01-02-01-12_r00.wav,520242,0.014200,1,
write,write,,,audio_medium,pg_bytea,0,03-02-05-01-02-01-13_r00.wav,561888,0.034172,1,
write,write,,,audio_medium,mongo_gridfs,0,03-02-05-01-02-01-13_r00.wav,561888,0.009472,1,
write,write,,,audio_medium,polyglot,0,03-02-05-01-02-01-13_r00.wav,561888,0.008494,1,
write,write,,,audio_medium,mongo_gridfs,0,03-02-05-02-01-01-05_r00.wav,539464,0.006887,1,
write,write,,,audio_medium,polyglot,0,03-02-05-02-01-01-05_r00.wav,539464,0.006874,1,
write,write,,,audio_medium,pg_bytea,0,03-02-05-02-01-01-05_r00.wav,539464,0.013124,1,
write,write,,,audio_medium,mongo_gridfs,0,03-02-05-02-01-01-06_r00.wav,561888,0.007355,1,
write,write,,,audio_medium,pg_bytea,0,03-02-05-02-01-01-06_r00.wav,561888,0.015632,1,
write,write,,,audio_medium,polyglot,0,03-02-05-02-01-01-06_r00.wav,561888,0.010265,1,
write,write,,,audio_medium,polyglot,0,03-02-05-02-01-01-07_r00.wav,533056,0.008502,1,
write,write,,,audio_medium,mongo_gridfs,0,03-02-05-02-01-01-07_r00.wav,533056,0.007445,1,
write,write,,,audio_medium,pg_bytea,0,03-02-05-02-01-01-07_r00.wav,533056,0.013904,1,
write,write,,,audio_medium,mongo_gridfs,0,03-02-05-02-01-01-11_r00.wav,561888,0.008317,1,
write,write,,,audio_medium,pg_bytea,0,03-02-05-02-01-01-11_r00.wav,561888,0.016966,1,
write,write,,,audio_medium,polyglot,0,03-02-05-02-01-01-11_r00.wav,561888,0.009501,1,
write,write,,,audio_medium,polyglot,0,03-02-05-02-01-01-12_r00.wav,533056,0.007449,1,
write,write,,,audio_medium,pg_bytea,0,03-02-05-02-01-01-12_r00.wav,533056,0.013677,1,
write,write,,,audio_medium,mongo_gridfs,0,03-02-05-02-01-01-12_r00.wav,533056,0.008375,1,
write,write,,,audio_medium,mongo_gridfs,0,03-02-05-02-01-01-13_r00.wav,526650,0.006431,1,
write,write,,,audio_medium,pg_bytea,0,03-02-05-02-01-01-13_r00.wav,526650,0.014556,1,
write,write,,,audio_medium,polyglot,0,03-02-05-02-01-01-13_r00.wav,526650,0.008834,1,
write,write,,,video_small,pg_bytea,0,01-01-01-01-01-01-22_r00.mp4,5457041,0.156197,1,
write,write,,,video_small,mongo_gridfs,0,01-01-01-01-01-01-22_r00.mp4,5457041,0.046550,1,
write,write,,,video_small,polyglot,0,01-01-01-01-01-01-22_r00.mp4,5457041,0.043710,1,
write,write,,,video_small,mongo_gridfs,0,01-01-01-01-01-02-01_r00.mp4,5457041,0.045065,1,
write,write,,,video_small,polyglot,0,01-01-01-01-01-02-01_r00.mp4,5457041,0.046032,1,
write,write,,,video_small,pg_bytea,0,01-01-01-01-01-02-01_r00.mp4,5457041,0.138783,1,
write,write,,,video_small,pg_bytea,0,01-01-01-01-01-02-15_r00.mp4,5457041,0.143278,1,
write,write,,,video_small,polyglot,0,01-01-01-01-01-02-15_r00.mp4,5457041,0.048772,1,
write,write,,,video_small,mongo_gridfs,0,01-01-01-01-01-02-15_r00.mp4,5457041,0.043339,1,
write,write,,,video_small,mongo_gridfs,0,01-01-01-01-02-01-06_r00.mp4,5457041,0.046048,1,
write,write,,,video_small,pg_bytea,0,01-01-01-01-02-01-06_r00.mp4,5457041,0.130752,1,
write,write,,,video_small,polyglot,0,01-01-01-01-02-01-06_r00.mp4,5457041,0.044610,1,
write,write,,,video_small,polyglot,0,01-01-01-01-02-01-13_r00.mp4,5457041,0.044920,1,
write,write,,,video_small,pg_bytea,0,01-01-01-01-02-01-13_r00.mp4,5457041,0.139059,1,
write,write,,,video_small,mongo_gridfs,0,01-01-01-01-02-01-13_r00.mp4,5457041,0.040450,1,
write,write,,,video_small,pg_bytea,0,01-01-01-01-02-01-14_r00.mp4,5457041,0.155868,1,
write,write,,,video_small,polyglot,0,01-01-01-01-02-01-14_r00.mp4,5457041,0.047748,1,
write,write,,,video_small,mongo_gridfs,0,01-01-01-01-02-01-14_r00.mp4,5457041,0.045594,1,
write,write,,,video_small,pg_bytea,0,01-01-01-01-02-02-09_r00.mp4,5498397,0.136730,1,
write,write,,,video_small,mongo_gridfs,0,01-01-01-01-02-02-09_r00.mp4,5498397,0.042904,1,
write,write,,,video_small,polyglot,0,01-01-01-01-02-02-09_r00.mp4,5498397,0.052397,1,
write,write,,,video_small,polyglot,0,01-01-01-02-01-01-01_r00.mp4,5498397,0.047148,1,
write,write,,,video_small,pg_bytea,0,01-01-01-02-01-01-01_r00.mp4,5498397,0.145741,1,
write,write,,,video_small,mongo_gridfs,0,01-01-01-02-01-01-01_r00.mp4,5498397,0.043764,1,
write,write,,,video_small,mongo_gridfs,0,01-01-01-02-01-01-05_r00.mp4,5457041,0.056112,1,
write,write,,,video_small,polyglot,0,01-01-01-02-01-01-05_r00.mp4,5457041,0.043959,1,
write,write,,,video_small,pg_bytea,0,01-01-01-02-01-01-05_r00.mp4,5457041,0.135650,1,
write,write,,,video_small,polyglot,0,01-01-01-02-01-01-15_r00.mp4,5457041,0.044503,1,
write,write,,,video_small,pg_bytea,0,01-01-01-02-01-01-15_r00.mp4,5457041,0.132323,1,
write,write,,,video_small,mongo_gridfs,0,01-01-01-02-01-01-15_r00.mp4,5457041,0.046756,1,
write,write,,,video_small,polyglot,0,01-01-01-02-02-01-18_r00.mp4,5457041,0.046446,1,
write,write,,,video_small,mongo_gridfs,0,01-01-01-02-02-01-18_r00.mp4,5457041,0.042656,1,
write,write,,,video_small,pg_bytea,0,01-01-01-02-02-01-18_r00.mp4,5457041,0.148481,1,
write,write,,,video_small,polyglot,0,01-01-01-02-02-01-19_r00.mp4,5457041,0.045181,1,
write,write,,,video_small,mongo_gridfs,0,01-01-01-02-02-01-19_r00.mp4,5457041,0.044806,1,
write,write,,,video_small,pg_bytea,0,01-01-01-02-02-01-19_r00.mp4,5457041,0.135559,1,
write,write,,,video_small,mongo_gridfs,0,01-01-02-01-01-02-09_r00.mp4,5498397,0.045959,1,
write,write,,,video_small,pg_bytea,0,01-01-02-01-01-02-09_r00.mp4,5498397,0.133579,1,
write,write,,,video_small,polyglot,0,01-01-02-01-01-02-09_r00.mp4,5498397,0.046489,1,
write,write,,,video_small,polyglot,0,01-01-02-01-01-02-18_r00.mp4,5498397,0.047847,1,
write,write,,,video_small,pg_bytea,0,01-01-02-01-01-02-18_r00.mp4,5498397,0.150666,1,
write,write,,,video_small,mongo_gridfs,0,01-01-02-01-01-02-18_r00.mp4,5498397,0.045034,1,
write,write,,,video_small,mongo_gridfs,0,01-01-02-01-01-02-23_r00.mp4,5498397,0.045540,1,
write,write,,,video_small,pg_bytea,0,01-01-02-01-01-02-23_r00.mp4,5498397,0.135714,1,
write,write,,,video_small,polyglot,0,01-01-02-01-01-02-23_r00.mp4,5498397,0.046523,1,
write,write,,,video_small,mongo_gridfs,0,01-01-02-01-02-01-09_r00.mp4,5498397,0.051351,1,
write,write,,,video_small,polyglot,0,01-01-02-01-02-01-09_r00.mp4,5498397,0.047640,1,
write,write,,,video_small,pg_bytea,0,01-01-02-01-02-01-09_r00.mp4,5498397,0.137058,1,
write,write,,,video_small,polyglot,0,01-01-02-01-02-02-01_r00.mp4,5498397,0.048325,1,
write,write,,,video_small,mongo_gridfs,0,01-01-02-01-02-02-01_r00.mp4,5498397,0.047090,1,
write,write,,,video_small,pg_bytea,0,01-01-02-01-02-02-01_r00.mp4,5498397,0.142620,1,
write,write,,,video_small,pg_bytea,0,01-01-02-01-02-02-03_r00.mp4,5498397,0.145036,1,
write,write,,,video_small,polyglot,0,01-01-02-01-02-02-03_r00.mp4,5498397,0.086516,1,
write,write,,,video_small,mongo_gridfs,0,01-01-02-01-02-02-03_r00.mp4,5498397,0.043319,1,
write,write,,,video_small,mongo_gridfs,0,01-01-02-02-01-02-02_r00.mp4,5498397,0.046742,1,
write,write,,,video_small,pg_bytea,0,01-01-02-02-01-02-02_r00.mp4,5498397,0.162125,1,
write,write,,,video_small,polyglot,0,01-01-02-02-01-02-02_r00.mp4,5498397,0.041893,1,
write,write,,,video_small,mongo_gridfs,0,01-01-02-02-01-02-03_r00.mp4,5498397,0.045171,1,
write,write,,,video_small,pg_bytea,0,01-01-02-02-01-02-03_r00.mp4,5498397,0.202509,1,
write,write,,,video_small,polyglot,0,01-01-02-02-01-02-03_r00.mp4,5498397,0.043651,1,
write,write,,,video_small,mongo_gridfs,0,01-01-02-02-01-02-05_r00.mp4,5498397,0.086019,1,
write,write,,,video_small,pg_bytea,0,01-01-02-02-01-02-05_r00.mp4,5498397,0.267453,1,
write,write,,,video_small,polyglot,0,01-01-02-02-01-02-05_r00.mp4,5498397,0.097366,1,
write,write,,,video_small,pg_bytea,0,01-01-02-02-01-02-10_r00.mp4,5457041,0.204489,1,
write,write,,,video_small,mongo_gridfs,0,01-01-02-02-01-02-10_r00.mp4,5457041,0.041974,1,
write,write,,,video_small,polyglot,0,01-01-02-02-01-02-10_r00.mp4,5457041,0.055945,1,
write,write,,,video_small,polyglot,0,01-01-02-02-01-02-13_r00.mp4,5457041,0.063060,1,
write,write,,,video_small,mongo_gridfs,0,01-01-02-02-01-02-13_r00.mp4,5457041,0.062734,1,
write,write,,,video_small,pg_bytea,0,01-01-02-02-01-02-13_r00.mp4,5457041,0.229274,1,
write,write,,,video_small,polyglot,0,01-01-02-02-01-02-17_r00.mp4,5457041,0.079803,1,
write,write,,,video_small,mongo_gridfs,0,01-01-02-02-01-02-17_r00.mp4,5457041,0.095017,1,
write,write,,,video_small,pg_bytea,0,01-01-02-02-01-02-17_r00.mp4,5457041,0.205725,1,
write,write,,,video_small,mongo_gridfs,0,01-01-02-02-02-02-18_r00.mp4,5457041,0.080192,1,
write,write,,,video_small,polyglot,0,01-01-02-02-02-02-18_r00.mp4,5457041,0.086305,1,
write,write,,,video_small,pg_bytea,0,01-01-02-02-02-02-18_r00.mp4,5457041,0.179771,1,
write,write,,,video_small,mongo_gridfs,0,01-01-02-02-02-02-19_r00.mp4,5457041,0.090376,1,
write,write,,,video_small,pg_bytea,0,01-01-02-02-02-02-19_r00.mp4,5457041,0.190126,1,
write,write,,,video_small,polyglot,0,01-01-02-02-02-02-19_r00.mp4,5457041,0.048484,1,
write,write,,,video_small,polyglot,0,01-01-02-02-02-02-21_r00.mp4,5498397,0.052768,1,
write,write,,,video_small,mongo_gridfs,0,01-01-02-02-02-02-21_r00.mp4,5498397,0.085779,1,
write,write,,,video_small,pg_bytea,0,01-01-02-02-02-02-21_r00.mp4,5498397,0.172616,1,
write,write,,,video_small,mongo_gridfs,0,01-01-02-02-02-02-22_r00.mp4,5457041,0.048007,1,
write,write,,,video_small,polyglot,0,01-01-02-02-02-02-22_r00.mp4,5457041,0.097041,1,
write,write,,,video_small,pg_bytea,0,01-01-02-02-02-02-22_r00.mp4,5457041,0.235555,1,
write,write,,,video_small,pg_bytea,0,01-01-02-02-02-02-23_r00.mp4,5457041,0.212478,1,
write,write,,,video_small,polyglot,0,01-01-02-02-02-02-23_r00.mp4,5457041,0.063870,1,
write,write,,,video_small,mongo_gridfs,0,01-01-02-02-02-02-23_r00.mp4,5457041,0.045920,1,
write,write,,,video_small,polyglot,0,01-01-03-01-01-01-12_r00.mp4,5457041,0.048403,1,
write,write,,,video_small,pg_bytea,0,01-01-03-01-01-01-12_r00.mp4,5457041,0.202573,1,
write,write,,,video_small,mongo_gridfs,0,01-01-03-01-01-01-12_r00.mp4,5457041,0.048405,1,
write,write,,,video_small,polyglot,0,01-01-03-01-01-01-15_r00.mp4,5457041,0.058898,1,
write,write,,,video_small,mongo_gridfs,0,01-01-03-01-01-01-15_r00.mp4,5457041,0.042327,1,
write,write,,,video_small,pg_bytea,0,01-01-03-01-01-01-15_r00.mp4,5457041,0.287870,1,
write,write,,,video_small,mongo_gridfs,0,01-01-03-01-02-01-08_r00.mp4,5498397,0.054285,1,
write,write,,,video_small,polyglot,0,01-01-03-01-02-01-08_r00.mp4,5498397,0.041850,1,
write,write,,,video_small,pg_bytea,0,01-01-03-01-02-01-08_r00.mp4,5498397,0.226641,1,
write,write,,,video_small,polyglot,0,01-01-03-01-02-01-21_r00.mp4,5498397,0.057341,1,
write,write,,,video_small,pg_bytea,0,01-01-03-01-02-01-21_r00.mp4,5498397,0.164068,1,
write,write,,,video_small,mongo_gridfs,0,01-01-03-01-02-01-21_r00.mp4,5498397,0.057773,1,
write,write,,,video_small,polyglot,0,01-01-03-02-01-01-21_r00.mp4,5457041,0.043615,1,
write,write,,,video_small,pg_bytea,0,01-01-03-02-01-01-21_r00.mp4,5457041,0.283278,1,
write,write,,,video_small,mongo_gridfs,0,01-01-03-02-01-01-21_r00.mp4,5457041,0.069015,1,
write,write,,,video_small,polyglot,0,01-01-03-02-01-01-24_r00.mp4,5457041,0.071972,1,
write,write,,,video_small,pg_bytea,0,01-01-03-02-01-01-24_r00.mp4,5457041,0.283637,1,
write,write,,,video_small,mongo_gridfs,0,01-01-03-02-01-01-24_r00.mp4,5457041,0.041430,1,
write,write,,,video_small,polyglot,0,01-01-03-02-01-02-01_r00.mp4,5457041,0.060130,1,
write,write,,,video_small,mongo_gridfs,0,01-01-03-02-01-02-01_r00.mp4,5457041,0.061743,1,
write,write,,,video_small,pg_bytea,0,01-01-03-02-01-02-01_r00.mp4,5457041,0.246724,1,
write,write,,,video_small,mongo_gridfs,0,01-01-03-02-01-02-15_r00.mp4,5457041,0.050006,1,
write,write,,,video_small,pg_bytea,0,01-01-03-02-01-02-15_r00.mp4,5457041,0.382448,1,
write,write,,,video_small,polyglot,0,01-01-03-02-01-02-15_r00.mp4,5457041,0.057856,1,
write,write,,,video_small,mongo_gridfs,0,01-01-03-02-02-01-05_r00.mp4,5457041,0.047628,1,
write,write,,,video_small,pg_bytea,0,01-01-03-02-02-01-05_r00.mp4,5457041,0.257465,1,
write,write,,,video_small,polyglot,0,01-01-03-02-02-01-05_r00.mp4,5457041,0.055432,1,
write,write,,,video_small,polyglot,0,01-01-03-02-02-01-12_r00.mp4,5457041,0.044162,1,
write,write,,,video_small,mongo_gridfs,0,01-01-03-02-02-01-12_r00.mp4,5457041,0.051984,1,
write,write,,,video_small,pg_bytea,0,01-01-03-02-02-01-12_r00.mp4,5457041,0.301193,1,
write,write,,,video_small,mongo_gridfs,0,01-01-03-02-02-01-15_r00.mp4,5498397,0.076528,1,
write,write,,,video_small,polyglot,0,01-01-03-02-02-01-15_r00.mp4,5498397,0.132474,1,
write,write,,,video_small,pg_bytea,0,01-01-03-02-02-01-15_r00.mp4,5498397,0.360788,1,
write,write,,,video_small,pg_bytea,0,01-01-04-01-01-01-03_r00.mp4,5457041,0.188180,1,
write,write,,,video_small,polyglot,0,01-01-04-01-01-01-03_r00.mp4,5457041,0.046246,1,
write,write,,,video_small,mongo_gridfs,0,01-01-04-01-01-01-03_r00.mp4,5457041,0.068651,1,
write,write,,,video_small,mongo_gridfs,0,01-01-04-01-01-01-05_r00.mp4,5498397,0.063261,1,
write,write,,,video_small,pg_bytea,0,01-01-04-01-01-01-05_r00.mp4,5498397,0.211793,1,
write,write,,,video_small,polyglot,0,01-01-04-01-01-01-05_r00.mp4,5498397,0.041800,1,
write,write,,,video_small,pg_bytea,0,01-01-04-01-01-01-10_r00.mp4,5457041,0.225032,1,
write,write,,,video_small,mongo_gridfs,0,01-01-04-01-01-01-10_r00.mp4,5457041,0.047810,1,
write,write,,,video_small,polyglot,0,01-01-04-01-01-01-10_r00.mp4,5457041,0.042682,1,
write,write,,,video_small,mongo_gridfs,0,01-01-04-01-01-01-16_r00.mp4,5457041,0.065655,1,
write,write,,,video_small,pg_bytea,0,01-01-04-01-01-01-16_r00.mp4,5457041,0.211489,1,
write,write,,,video_small,polyglot,0,01-01-04-01-01-01-16_r00.mp4,5457041,0.045521,1,
write,write,,,video_small,pg_bytea,0,01-01-04-01-02-01-19_r00.mp4,5498397,0.229682,1,
write,write,,,video_small,polyglot,0,01-01-04-01-02-01-19_r00.mp4,5498397,0.083553,1,
write,write,,,video_small,mongo_gridfs,0,01-01-04-01-02-01-19_r00.mp4,5498397,0.109040,1,
write,write,,,video_small,polyglot,0,01-01-04-01-02-01-21_r00.mp4,5498397,0.108423,1,
write,write,,,video_small,pg_bytea,0,01-01-04-01-02-01-21_r00.mp4,5498397,0.441535,1,
write,write,,,video_small,mongo_gridfs,0,01-01-04-01-02-01-21_r00.mp4,5498397,0.042805,1,
write,write,,,video_small,polyglot,0,01-01-04-01-02-01-22_r00.mp4,5498397,0.049891,1,
write,write,,,video_small,pg_bytea,0,01-01-04-01-02-01-22_r00.mp4,5498397,0.249312,1,
write,write,,,video_small,mongo_gridfs,0,01-01-04-01-02-01-22_r00.mp4,5498397,0.055317,1,
write,write,,,video_small,pg_bytea,0,01-01-04-02-01-01-18_r00.mp4,5498397,0.214134,1,
write,write,,,video_small,polyglot,0,01-01-04-02-01-01-18_r00.mp4,5498397,0.054518,1,
write,write,,,video_small,mongo_gridfs,0,01-01-04-02-01-01-18_r00.mp4,5498397,0.039690,1,
write,write,,,video_small,pg_bytea,0,01-01-04-02-01-01-19_r00.mp4,5498397,0.234372,1,
write,write,,,video_small,mongo_gridfs,0,01-01-04-02-01-01-19_r00.mp4,5498397,0.051837,1,
write,write,,,video_small,polyglot,0,01-01-04-02-01-01-19_r00.mp4,5498397,0.056927,1,
write,write,,,video_small,polyglot,0,01-01-04-02-02-01-02_r00.mp4,5498397,0.051708,1,
write,write,,,video_small,pg_bytea,0,01-01-04-02-02-01-02_r00.mp4,5498397,0.241167,1,
write,write,,,video_small,mongo_gridfs,0,01-01-04-02-02-01-02_r00.mp4,5498397,0.058403,1,
write,write,,,video_small,polyglot,0,01-01-04-02-02-01-05_r00.mp4,5498397,0.085629,1,
write,write,,,video_small,mongo_gridfs,0,01-01-04-02-02-01-05_r00.mp4,5498397,0.075310,1,
write,write,,,video_small,pg_bytea,0,01-01-04-02-02-01-05_r00.mp4,5498397,0.402209,1,
write,write,,,video_small,mongo_gridfs,0,01-01-04-02-02-01-06_r00.mp4,5498397,0.063737,1,
write,write,,,video_small,pg_bytea,0,01-01-04-02-02-01-06_r00.mp4,5498397,0.276177,1,
write,write,,,video_small,polyglot,0,01-01-04-02-02-01-06_r00.mp4,5498397,0.048102,1,
write,write,,,video_small,pg_bytea,0,01-01-04-02-02-01-13_r00.mp4,5498397,0.147458,1,
write,write,,,video_small,polyglot,0,01-01-04-02-02-01-13_r00.mp4,5498397,0.050993,1,
write,write,,,video_small,mongo_gridfs,0,01-01-04-02-02-01-13_r00.mp4,5498397,0.040486,1,
write,write,,,video_small,mongo_gridfs,0,01-01-04-02-02-01-17_r00.mp4,5498397,0.044072,1,
write,write,,,video_small,polyglot,0,01-01-04-02-02-01-17_r00.mp4,5498397,0.042748,1,
write,write,,,video_small,pg_bytea,0,01-01-04-02-02-01-17_r00.mp4,5498397,0.288532,1,
write,write,,,video_small,polyglot,0,01-01-04-02-02-02-19_r00.mp4,5498397,0.050185,1,
write,write,,,video_small,pg_bytea,0,01-01-04-02-02-02-19_r00.mp4,5498397,0.282775,1,
write,write,,,video_small,mongo_gridfs,0,01-01-04-02-02-02-19_r00.mp4,5498397,0.046778,1,
write,write,,,video_small,pg_bytea,0,01-01-05-01-01-02-09_r00.mp4,5498397,0.196922,1,
write,write,,,video_small,mongo_gridfs,0,01-01-05-01-01-02-09_r00.mp4,5498397,0.053283,1,
write,write,,,video_small,polyglot,0,01-01-05-01-01-02-09_r00.mp4,5498397,0.065474,1,
write,write,,,video_small,polyglot,0,01-01-05-01-01-02-19_r00.mp4,5498397,0.111487,1,
write,write,,,video_small,pg_bytea,0,01-01-05-01-01-02-19_r00.mp4,5498397,0.326397,1,
write,write,,,video_small,mongo_gridfs,0,01-01-05-01-01-02-19_r00.mp4,5498397,0.109803,1,
write,write,,,video_small,mongo_gridfs,0,01-01-05-01-01-02-21_r00.mp4,5457041,0.078872,1,
write,write,,,video_small,polyglot,0,01-01-05-01-01-02-21_r00.mp4,5457041,0.068204,1,
write,write,,,video_small,pg_bytea,0,01-01-05-01-01-02-21_r00.mp4,5457041,0.232595,1,
write,write,,,video_small,pg_bytea,0,01-01-05-01-02-01-19_r00.mp4,5457041,0.164134,1,
write,write,,,video_small,mongo_gridfs,0,01-01-05-01-02-01-19_r00.mp4,5457041,0.055607,1,
write,write,,,video_small,polyglot,0,01-01-05-01-02-01-19_r00.mp4,5457041,0.049792,1,
write,write,,,video_small,mongo_gridfs,0,01-01-05-01-02-02-04_r00.mp4,5457041,0.060800,1,
write,write,,,video_small,pg_bytea,0,01-01-05-01-02-02-04_r00.mp4,5457041,0.284752,1,
write,write,,,video_small,polyglot,0,01-01-05-01-02-02-04_r00.mp4,5457041,0.048892,1,
write,write,,,video_small,pg_bytea,0,01-01-05-01-02-02-05_r00.mp4,5498397,0.256690,1,
write,write,,,video_small,mongo_gridfs,0,01-01-05-01-02-02-05_r00.mp4,5498397,0.050025,1,
write,write,,,video_small,polyglot,0,01-01-05-01-02-02-05_r00.mp4,5498397,0.042780,1,
write,write,,,video_small,pg_bytea,0,01-01-05-02-01-02-04_r00.mp4,5457041,0.298345,1,
write,write,,,video_small,polyglot,0,01-01-05-02-01-02-04_r00.mp4,5457041,0.115229,1,
write,write,,,video_small,mongo_gridfs,0,01-01-05-02-01-02-04_r00.mp4,5457041,0.100527,1,
write,write,,,video_small,mongo_gridfs,0,01-01-05-02-01-02-12_r00.mp4,5457041,0.059750,1,
write,write,,,video_small,polyglot,0,01-01-05-02-01-02-12_r00.mp4,5457041,0.088005,1,
write,write,,,video_small,pg_bytea,0,01-01-05-02-01-02-12_r00.mp4,5457041,0.212467,1,
write,write,,,video_small,pg_bytea,0,01-01-05-02-01-02-14_r00.mp4,5457041,0.174872,1,
write,write,,,video_small,mongo_gridfs,0,01-01-05-02-01-02-14_r00.mp4,5457041,0.051822,1,
write,write,,,video_small,polyglot,0,01-01-05-02-01-02-14_r00.mp4,5457041,0.111759,1,
write,write,,,video_small,pg_bytea,0,01-01-05-02-02-02-19_r00.mp4,5498397,0.240724,1,
write,write,,,video_small,polyglot,0,01-01-05-02-02-02-19_r00.mp4,5498397,0.064422,1,
write,write,,,video_small,mongo_gridfs,0,01-01-05-02-02-02-19_r00.mp4,5498397,0.053399,1,
write,write,,,video_small,pg_bytea,0,01-01-05-02-02-02-20_r00.mp4,5498397,0.236339,1,
write,write,,,video_small,polyglot,0,01-01-05-02-02-02-20_r00.mp4,5498397,0.050932,1,
write,write,,,video_small,mongo_gridfs,0,01-01-05-02-02-02-20_r00.mp4,5498397,0.046520,1,
write,write,,,video_small,polyglot,0,01-01-05-02-02-02-23_r00.mp4,5498397,0.052949,1,
write,write,,,video_small,mongo_gridfs,0,01-01-05-02-02-02-23_r00.mp4,5498397,0.054743,1,
write,write,,,video_small,pg_bytea,0,01-01-05-02-02-02-23_r00.mp4,5498397,0.179694,1,
write,write,,,video_small,polyglot,0,01-01-06-01-01-01-08_r00.mp4,5457041,0.055858,1,
write,write,,,video_small,pg_bytea,0,01-01-06-01-01-01-08_r00.mp4,5457041,0.192522,1,
write,write,,,video_small,mongo_gridfs,0,01-01-06-01-01-01-08_r00.mp4,5457041,0.048358,1,
write,write,,,video_small,polyglot,0,01-01-06-01-01-01-19_r00.mp4,5457041,0.052268,1,
write,write,,,video_small,mongo_gridfs,0,01-01-06-01-01-01-19_r00.mp4,5457041,0.048330,1,
write,write,,,video_small,pg_bytea,0,01-01-06-01-01-01-19_r00.mp4,5457041,0.147273,1,
write,write,,,video_small,polyglot,0,01-01-06-01-01-01-24_r00.mp4,5498397,0.127756,1,
write,write,,,video_small,pg_bytea,0,01-01-06-01-01-01-24_r00.mp4,5498397,0.141394,1,
write,write,,,video_small,mongo_gridfs,0,01-01-06-01-01-01-24_r00.mp4,5498397,0.054803,1,
write,write,,,video_medium,mongo_gridfs,0,tsinghua_v_0024_r00.mp4,13091522,0.121021,1,
write,write,,,video_medium,pg_bytea,0,tsinghua_v_0024_r00.mp4,13091522,0.653411,1,
write,write,,,video_medium,polyglot,0,tsinghua_v_0024_r00.mp4,13091522,0.109679,1,
write,write,,,video_medium,polyglot,0,tsinghua_v_0046_r00.mp4,13091522,0.112076,1,
write,write,,,video_medium,pg_bytea,0,tsinghua_v_0046_r00.mp4,13091522,0.382503,1,
write,write,,,video_medium,mongo_gridfs,0,tsinghua_v_0046_r00.mp4,13091522,0.126683,1,
write,write,,,video_medium,pg_bytea,0,tsinghua_v_0076_r00.mp4,13091522,0.418820,1,
write,write,,,video_medium,mongo_gridfs,0,tsinghua_v_0076_r00.mp4,13091522,0.126880,1,
write,write,,,video_medium,polyglot,0,tsinghua_v_0076_r00.mp4,13091522,0.117712,1,
write,write,,,video_medium,polyglot,0,tsinghua_v_0080_r00.mp4,13091522,0.119309,1,
write,write,,,video_medium,pg_bytea,0,tsinghua_v_0080_r00.mp4,13091522,0.473015,1,
write,write,,,video_medium,mongo_gridfs,0,tsinghua_v_0080_r00.mp4,13091522,0.139907,1,
write,write,,,video_medium,pg_bytea,0,tsinghua_v_0109_r00.mp4,13091522,0.375523,1,
write,write,,,video_medium,mongo_gridfs,0,tsinghua_v_0109_r00.mp4,13091522,0.115626,1,
write,write,,,video_medium,polyglot,0,tsinghua_v_0109_r00.mp4,13091522,0.114547,1,
write,write,,,video_medium,mongo_gridfs,0,tsinghua_v_0123_r00.mp4,13091522,0.117428,1,
write,write,,,video_medium,polyglot,0,tsinghua_v_0123_r00.mp4,13091522,0.123598,1,
write,write,,,video_medium,pg_bytea,0,tsinghua_v_0123_r00.mp4,13091522,0.540711,1,
write,write,,,video_medium,pg_bytea,0,tsinghua_v_0130_r00.mp4,13091522,0.384434,1,
write,write,,,video_medium,polyglot,0,tsinghua_v_0130_r00.mp4,13091522,0.115449,1,
write,write,,,video_medium,mongo_gridfs,0,tsinghua_v_0130_r00.mp4,13091522,0.150418,1,
write,write,,,video_medium,polyglot,0,tsinghua_v_0135_r00.mp4,13091522,0.103063,1,
write,write,,,video_medium,pg_bytea,0,tsinghua_v_0135_r00.mp4,13091522,0.414698,1,
write,write,,,video_medium,mongo_gridfs,0,tsinghua_v_0135_r00.mp4,13091522,0.106395,1,
write,write,,,video_medium,mongo_gridfs,0,tsinghua_v_0137_r00.mp4,13091522,0.103514,1,
write,write,,,video_medium,polyglot,0,tsinghua_v_0137_r00.mp4,13091522,0.161182,1,
write,write,,,video_medium,pg_bytea,0,tsinghua_v_0137_r00.mp4,13091522,0.601199,1,
write,write,,,video_medium,pg_bytea,0,tsinghua_v_0140_r00.mp4,13091522,0.693276,1,
write,write,,,video_medium,mongo_gridfs,0,tsinghua_v_0140_r00.mp4,13091522,0.114304,1,
write,write,,,video_medium,polyglot,0,tsinghua_v_0140_r00.mp4,13091522,0.111231,1,
write,write,,,video_medium,pg_bytea,0,tsinghua_v_0151_r00.mp4,13091522,0.503680,1,
write,write,,,video_medium,polyglot,0,tsinghua_v_0151_r00.mp4,13091522,0.108827,1,
write,write,,,video_medium,mongo_gridfs,0,tsinghua_v_0151_r00.mp4,13091522,0.099581,1,
write,write,,,video_medium,polyglot,0,tsinghua_v_0157_r00.mp4,13091522,0.136915,1,
write,write,,,video_medium,mongo_gridfs,0,tsinghua_v_0157_r00.mp4,13091522,0.160259,1,
write,write,,,video_medium,pg_bytea,0,tsinghua_v_0157_r00.mp4,13091522,0.611669,1,
write,write,,,video_medium,mongo_gridfs,0,tsinghua_v_0209_r00.mp4,13091522,0.148449,1,
write,write,,,video_medium,pg_bytea,0,tsinghua_v_0209_r00.mp4,13091522,0.795680,1,
write,write,,,video_medium,polyglot,0,tsinghua_v_0209_r00.mp4,13091522,0.354582,1,
write,write,,,video_medium,mongo_gridfs,0,tsinghua_v_0226_r00.mp4,13091522,0.274205,1,
write,write,,,video_medium,polyglot,0,tsinghua_v_0226_r00.mp4,13091522,0.302765,1,
write,write,,,video_medium,pg_bytea,0,tsinghua_v_0226_r00.mp4,13091522,0.975292,1,
write,write,,,video_medium,polyglot,0,tsinghua_v_0236_r00.mp4,13091522,0.146127,1,
write,write,,,video_medium,mongo_gridfs,0,tsinghua_v_0236_r00.mp4,13091522,0.121189,1,
write,write,,,video_medium,pg_bytea,0,tsinghua_v_0236_r00.mp4,13091522,0.346258,1,
write,write,,,video_medium,mongo_gridfs,0,tsinghua_v_0274_r00.mp4,13091522,0.102219,1,
write,write,,,video_medium,polyglot,0,tsinghua_v_0274_r00.mp4,13091522,0.108945,1,
write,write,,,video_medium,pg_bytea,0,tsinghua_v_0274_r00.mp4,13091522,0.427507,1,
write,write,,,video_medium,mongo_gridfs,0,tsinghua_v_0280_r00.mp4,13091522,0.150206,1,
write,write,,,video_medium,pg_bytea,0,tsinghua_v_0280_r00.mp4,13091522,0.349938,1,
write,write,,,video_medium,polyglot,0,tsinghua_v_0280_r00.mp4,13091522,0.118279,1,
write,write,,,video_medium,pg_bytea,0,tsinghua_v_0302_r00.mp4,13091522,0.400801,1,
write,write,,,video_medium,polyglot,0,tsinghua_v_0302_r00.mp4,13091522,0.130161,1,
write,write,,,video_medium,mongo_gridfs,0,tsinghua_v_0302_r00.mp4,13091522,0.122577,1,
write,write,,,video_medium,polyglot,0,tsinghua_v_0311_r00.mp4,13091522,0.124594,1,
write,write,,,video_medium,mongo_gridfs,0,tsinghua_v_0311_r00.mp4,13091522,0.135316,1,
write,write,,,video_medium,pg_bytea,0,tsinghua_v_0311_r00.mp4,13091522,0.373808,1,
write,write,,,video_medium,pg_bytea,0,tsinghua_v_0316_r00.mp4,13091522,0.517579,1,
write,write,,,video_medium,mongo_gridfs,0,tsinghua_v_0316_r00.mp4,13091522,0.099333,1,
write,write,,,video_medium,polyglot,0,tsinghua_v_0316_r00.mp4,13091522,0.101176,1,
write,write,,,video_medium,polyglot,0,tsinghua_v_0319_r00.mp4,13091522,0.111679,1,
write,write,,,video_medium,mongo_gridfs,0,tsinghua_v_0319_r00.mp4,13091522,0.128928,1,
write,write,,,video_medium,pg_bytea,0,tsinghua_v_0319_r00.mp4,13091522,0.429179,1,
write,write,,,video_medium,pg_bytea,0,tsinghua_v_0321_r00.mp4,13091522,0.386049,1,
write,write,,,video_medium,mongo_gridfs,0,tsinghua_v_0321_r00.mp4,13091522,0.123738,1,
write,write,,,video_medium,polyglot,0,tsinghua_v_0321_r00.mp4,13091522,0.105318,1,
write,write,,,video_medium,mongo_gridfs,0,tsinghua_v_0331_r00.mp4,13091522,0.128295,1,
write,write,,,video_medium,pg_bytea,0,tsinghua_v_0331_r00.mp4,13091522,0.425346,1,
write,write,,,video_medium,polyglot,0,tsinghua_v_0331_r00.mp4,13091522,0.183233,1,
write,write,,,video_medium,polyglot,0,tsinghua_v_0345_r00.mp4,13091522,0.110509,1,
write,write,,,video_medium,mongo_gridfs,0,tsinghua_v_0345_r00.mp4,13091522,0.143652,1,
write,write,,,video_medium,pg_bytea,0,tsinghua_v_0345_r00.mp4,13091522,0.492879,1,
write,write,,,video_medium,pg_bytea,0,tsinghua_v_0356_r00.mp4,13091522,0.393517,1,
write,write,,,video_medium,polyglot,0,tsinghua_v_0356_r00.mp4,13091522,0.112831,1,
write,write,,,video_medium,mongo_gridfs,0,tsinghua_v_0356_r00.mp4,13091522,0.110093,1,
write,write,,,video_medium,pg_bytea,0,tsinghua_v_0357_r00.mp4,13091522,0.367244,1,
write,write,,,video_medium,polyglot,0,tsinghua_v_0357_r00.mp4,13091522,0.128513,1,
write,write,,,video_medium,mongo_gridfs,0,tsinghua_v_0357_r00.mp4,13091522,0.105564,1,
write,write,,,video_medium,polyglot,0,tsinghua_v_0379_r00.mp4,13091522,0.116107,1,
write,write,,,video_medium,mongo_gridfs,0,tsinghua_v_0379_r00.mp4,13091522,0.121166,1,
write,write,,,video_medium,pg_bytea,0,tsinghua_v_0379_r00.mp4,13091522,0.461154,1,
write,write,,,video_medium,polyglot,0,tsinghua_v_0393_r00.mp4,13091522,0.229353,1,
write,write,,,video_medium,pg_bytea,0,tsinghua_v_0393_r00.mp4,13091522,0.376338,1,
write,write,,,video_medium,mongo_gridfs,0,tsinghua_v_0393_r00.mp4,13091522,0.159635,1,
write,write,,,video_medium,polyglot,0,tsinghua_v_0421_r00.mp4,13091522,0.160660,1,
write,write,,,video_medium,pg_bytea,0,tsinghua_v_0421_r00.mp4,13091522,0.392618,1,
write,write,,,video_medium,mongo_gridfs,0,tsinghua_v_0421_r00.mp4,13091522,0.204525,1,
write,write,,,video_medium,polyglot,0,tsinghua_v_0424_r00.mp4,13091522,0.143535,1,
write,write,,,video_medium,mongo_gridfs,0,tsinghua_v_0424_r00.mp4,13091522,0.125449,1,
write,write,,,video_medium,pg_bytea,0,tsinghua_v_0424_r00.mp4,13091522,0.532277,1,
write,write,,,video_medium,mongo_gridfs,0,tsinghua_v_0427_r00.mp4,13091522,0.135403,1,
write,write,,,video_medium,polyglot,0,tsinghua_v_0427_r00.mp4,13091522,0.135962,1,
write,write,,,video_medium,pg_bytea,0,tsinghua_v_0427_r00.mp4,13091522,0.389550,1,
write,write,,,video_medium,pg_bytea,0,tsinghua_v_0431_r00.mp4,13091522,0.366652,1,
write,write,,,video_medium,mongo_gridfs,0,tsinghua_v_0431_r00.mp4,13091522,0.130281,1,
write,write,,,video_medium,polyglot,0,tsinghua_v_0431_r00.mp4,13091522,0.139949,1,
write,write,,,video_medium,mongo_gridfs,0,tsinghua_v_0452_r00.mp4,13091522,0.103705,1,
write,write,,,video_medium,polyglot,0,tsinghua_v_0452_r00.mp4,13091522,0.108864,1,
write,write,,,video_medium,pg_bytea,0,tsinghua_v_0452_r00.mp4,13091522,0.534155,1,
write,write,,,video_medium,polyglot,0,tsinghua_v_0454_r00.mp4,13091522,0.128477,1,
write,write,,,video_medium,pg_bytea,0,tsinghua_v_0454_r00.mp4,13091522,0.347520,1,
write,write,,,video_medium,mongo_gridfs,0,tsinghua_v_0454_r00.mp4,13091522,0.118535,1,
write,write,,,video_medium,mongo_gridfs,0,tsinghua_v_0457_r00.mp4,13091522,0.123092,1,
write,write,,,video_medium,pg_bytea,0,tsinghua_v_0457_r00.mp4,13091522,0.344317,1,
write,write,,,video_medium,polyglot,0,tsinghua_v_0457_r00.mp4,13091522,0.115338,1,
write,write,,,video_medium,mongo_gridfs,0,tsinghua_v_0466_r00.mp4,13091522,0.094386,1,
write,write,,,video_medium,polyglot,0,tsinghua_v_0466_r00.mp4,13091522,0.107667,1,
write,write,,,video_medium,pg_bytea,0,tsinghua_v_0466_r00.mp4,13091522,0.401373,1,
write,write,,,video_medium,pg_bytea,0,tsinghua_v_0471_r00.mp4,13091522,0.405875,1,
write,write,,,video_medium,polyglot,0,tsinghua_v_0471_r00.mp4,13091522,0.141480,1,
write,write,,,video_medium,mongo_gridfs,0,tsinghua_v_0471_r00.mp4,13091522,0.155152,1,
write,write,,,video_medium,polyglot,0,tsinghua_v_0472_r00.mp4,13091522,0.167764,1,
write,write,,,video_medium,mongo_gridfs,0,tsinghua_v_0472_r00.mp4,13091522,0.159435,1,
write,write,,,video_medium,pg_bytea,0,tsinghua_v_0472_r00.mp4,13091522,0.514211,1,
write,write,,,video_medium,mongo_gridfs,0,tsinghua_v_0494_r00.mp4,13091522,0.133179,1,
write,write,,,video_medium,pg_bytea,0,tsinghua_v_0494_r00.mp4,13091522,0.350045,1,
write,write,,,video_medium,polyglot,0,tsinghua_v_0494_r00.mp4,13091522,0.106307,1,
write,write,,,video_medium,polyglot,0,tsinghua_v_0503_r00.mp4,13091522,0.129434,1,
write,write,,,video_medium,pg_bytea,0,tsinghua_v_0503_r00.mp4,13091522,0.351186,1,
write,write,,,video_medium,mongo_gridfs,0,tsinghua_v_0503_r00.mp4,13091522,0.096820,1,
write,write,,,video_medium,mongo_gridfs,0,tsinghua_v_0509_r00.mp4,13091522,0.140925,1,
write,write,,,video_medium,pg_bytea,0,tsinghua_v_0509_r00.mp4,13091522,0.437235,1,
write,write,,,video_medium,polyglot,0,tsinghua_v_0509_r00.mp4,13091522,0.133164,1,
write,write,,,video_medium,pg_bytea,0,tsinghua_v_0523_r00.mp4,13091522,0.487948,1,
write,write,,,video_medium,mongo_gridfs,0,tsinghua_v_0523_r00.mp4,13091522,0.111432,1,
write,write,,,video_medium,polyglot,0,tsinghua_v_0523_r00.mp4,13091522,0.164657,1,
write,write,,,video_medium,polyglot,0,tsinghua_v_0546_r00.mp4,13091522,0.148439,1,
write,write,,,video_medium,pg_bytea,0,tsinghua_v_0546_r00.mp4,13091522,0.328141,1,
write,write,,,video_medium,mongo_gridfs,0,tsinghua_v_0546_r00.mp4,13091522,0.109955,1,
write,write,,,video_medium,mongo_gridfs,0,tsinghua_v_0568_r00.mp4,13091522,0.141380,1,
write,write,,,video_medium,pg_bytea,0,tsinghua_v_0568_r00.mp4,13091522,0.324887,1,
write,write,,,video_medium,polyglot,0,tsinghua_v_0568_r00.mp4,13091522,0.148980,1,
write,write,,,video_medium,polyglot,0,tsinghua_v_0594_r00.mp4,13091522,0.126163,1,
write,write,,,video_medium,mongo_gridfs,0,tsinghua_v_0594_r00.mp4,13091522,0.108219,1,
write,write,,,video_medium,pg_bytea,0,tsinghua_v_0594_r00.mp4,13091522,0.376272,1,
write,write,,,video_medium,pg_bytea,0,tsinghua_v_0596_r00.mp4,13091522,0.400159,1,
write,write,,,video_medium,mongo_gridfs,0,tsinghua_v_0596_r00.mp4,13091522,0.122586,1,
write,write,,,video_medium,polyglot,0,tsinghua_v_0596_r00.mp4,13091522,0.105880,1,
write,write,,,video_medium,polyglot,0,tsinghua_v_0635_r00.mp4,13091522,0.113145,1,
write,write,,,video_medium,pg_bytea,0,tsinghua_v_0635_r00.mp4,13091522,0.323938,1,
write,write,,,video_medium,mongo_gridfs,0,tsinghua_v_0635_r00.mp4,13091522,0.130611,1,
write,write,,,video_medium,mongo_gridfs,0,tsinghua_v_0653_r00.mp4,13091522,0.112523,1,
write,write,,,video_medium,polyglot,0,tsinghua_v_0653_r00.mp4,13091522,0.153343,1,
write,write,,,video_medium,pg_bytea,0,tsinghua_v_0653_r00.mp4,13091522,0.470155,1,
write,write,,,video_medium,pg_bytea,0,tsinghua_v_0667_r00.mp4,13091522,0.296382,1,
write,write,,,video_medium,mongo_gridfs,0,tsinghua_v_0667_r00.mp4,13091522,0.121047,1,
write,write,,,video_medium,polyglot,0,tsinghua_v_0667_r00.mp4,13091522,0.112723,1,
write,write,,,video_medium,mongo_gridfs,0,tsinghua_v_0673_r00.mp4,13091522,0.113579,1,
write,write,,,video_medium,polyglot,0,tsinghua_v_0673_r00.mp4,13091522,0.108729,1,
write,write,,,video_medium,pg_bytea,0,tsinghua_v_0673_r00.mp4,13091522,0.313351,1,
write,write,,,video_medium,polyglot,0,tsinghua_v_0681_r00.mp4,13091522,0.106573,1,
write,write,,,video_medium,mongo_gridfs,0,tsinghua_v_0681_r00.mp4,13091522,0.104107,1,
write,write,,,video_medium,pg_bytea,0,tsinghua_v_0681_r00.mp4,13091522,0.362324,1,
write,write,,,video_medium,polyglot,0,tsinghua_v_0690_r00.mp4,13091522,0.116885,1,
write,write,,,video_medium,mongo_gridfs,0,tsinghua_v_0690_r00.mp4,13091522,0.108036,1,
write,write,,,video_medium,pg_bytea,0,tsinghua_v_0690_r00.mp4,13091522,0.521105,1,
write,write,,,video_medium,polyglot,0,tsinghua_v_0692_r00.mp4,13091522,0.106135,1,
write,write,,,video_medium,pg_bytea,0,tsinghua_v_0692_r00.mp4,13091522,0.294317,1,
write,write,,,video_medium,mongo_gridfs,0,tsinghua_v_0692_r00.mp4,13091522,0.101796,1,
write,write,,,video_medium,polyglot,0,tsinghua_v_0696_r00.mp4,13091522,0.151288,1,
write,write,,,video_medium,pg_bytea,0,tsinghua_v_0696_r00.mp4,13091522,0.347424,1,
write,write,,,video_medium,mongo_gridfs,0,tsinghua_v_0696_r00.mp4,13091522,0.132739,1,
write,write,,,video_medium,mongo_gridfs,0,tsinghua_v_0734_r00.mp4,13091522,0.173302,1,
write,write,,,video_medium,pg_bytea,0,tsinghua_v_0734_r00.mp4,13091522,0.347078,1,
write,write,,,video_medium,polyglot,0,tsinghua_v_0734_r00.mp4,13091522,0.133761,1,
write,write,,,video_medium,polyglot,0,tsinghua_v_0737_r00.mp4,13091522,0.280847,1,
write,write,,,video_medium,pg_bytea,0,tsinghua_v_0737_r00.mp4,13091522,0.347419,1,
write,write,,,video_medium,mongo_gridfs,0,tsinghua_v_0737_r00.mp4,13091522,0.118402,1,
write,write,,,video_medium,pg_bytea,0,tsinghua_v_0744_r00.mp4,13091522,0.380891,1,
write,write,,,video_medium,polyglot,0,tsinghua_v_0744_r00.mp4,13091522,0.177084,1,
write,write,,,video_medium,mongo_gridfs,0,tsinghua_v_0744_r00.mp4,13091522,0.113357,1,
write,write,,,video_medium,mongo_gridfs,0,tsinghua_v_0745_r00.mp4,13091522,0.132548,1,
write,write,,,video_medium,pg_bytea,0,tsinghua_v_0745_r00.mp4,13091522,0.454640,1,
write,write,,,video_medium,polyglot,0,tsinghua_v_0745_r00.mp4,13091522,0.158342,1,
write,write,,,video_medium,mongo_gridfs,0,tsinghua_v_0769_r00.mp4,13091522,0.122834,1,
write,write,,,video_medium,pg_bytea,0,tsinghua_v_0769_r00.mp4,13091522,0.570879,1,
write,write,,,video_medium,polyglot,0,tsinghua_v_0769_r00.mp4,13091522,0.126139,1,
write,write,,,video_medium,polyglot,0,tsinghua_v_0791_r00.mp4,13091522,0.126782,1,
write,write,,,video_medium,pg_bytea,0,tsinghua_v_0791_r00.mp4,13091522,0.487150,1,
write,write,,,video_medium,mongo_gridfs,0,tsinghua_v_0791_r00.mp4,13091522,0.218071,1,
write,write,,,video_medium,mongo_gridfs,0,tsinghua_v_0792_r00.mp4,13091522,0.123741,1,
write,write,,,video_medium,pg_bytea,0,tsinghua_v_0792_r00.mp4,13091522,0.475776,1,
write,write,,,video_medium,polyglot,0,tsinghua_v_0792_r00.mp4,13091522,0.153296,1,
write,write,,,video_medium,polyglot,0,tsinghua_v_0857_r00.mp4,13091522,0.447657,1,
write,write,,,video_medium,mongo_gridfs,0,tsinghua_v_0857_r00.mp4,13091522,0.280222,1,
write,write,,,video_medium,pg_bytea,0,tsinghua_v_0857_r00.mp4,13091522,0.383271,1,
write,write,,,video_medium,pg_bytea,0,tsinghua_v_0866_r00.mp4,13091522,0.333270,1,
write,write,,,video_medium,polyglot,0,tsinghua_v_0866_r00.mp4,13091522,0.153853,1,
write,write,,,video_medium,mongo_gridfs,0,tsinghua_v_0866_r00.mp4,13091522,0.177111,1,
write,write,,,video_medium,pg_bytea,0,tsinghua_v_0880_r00.mp4,13091522,0.314898,1,
write,write,,,video_medium,mongo_gridfs,0,tsinghua_v_0880_r00.mp4,13091522,0.211933,1,
write,write,,,video_medium,polyglot,0,tsinghua_v_0880_r00.mp4,13091522,0.217366,1,
write,write,,,video_medium,polyglot,0,tsinghua_v_0888_r00.mp4,13091522,0.132458,1,
write,write,,,video_medium,pg_bytea,0,tsinghua_v_0888_r00.mp4,13091522,0.570563,1,
write,write,,,video_medium,mongo_gridfs,0,tsinghua_v_0888_r00.mp4,13091522,0.111108,1,
write,write,,,video_medium,polyglot,0,tsinghua_v_0901_r00.mp4,13091522,0.212017,1,
write,write,,,video_medium,pg_bytea,0,tsinghua_v_0901_r00.mp4,13091522,0.709900,1,
write,write,,,video_medium,mongo_gridfs,0,tsinghua_v_0901_r00.mp4,13091522,0.367420,1,
write,write,,,video_medium,mongo_gridfs,0,tsinghua_v_0937_r00.mp4,13091522,0.317967,1,
write,write,,,video_medium,pg_bytea,0,tsinghua_v_0937_r00.mp4,13091522,0.963055,1,
write,write,,,video_medium,polyglot,0,tsinghua_v_0937_r00.mp4,13091522,0.121228,1,
write,write,,,video_medium,pg_bytea,0,tsinghua_v_0939_r00.mp4,13091522,0.652653,1,
write,write,,,video_medium,mongo_gridfs,0,tsinghua_v_0939_r00.mp4,13091522,0.251120,1,
write,write,,,video_medium,polyglot,0,tsinghua_v_0939_r00.mp4,13091522,0.153953,1,
write,write,,,video_medium,pg_bytea,0,tsinghua_v_0961_r00.mp4,13091522,0.613235,1,
write,write,,,video_medium,mongo_gridfs,0,tsinghua_v_0961_r00.mp4,13091522,0.197679,1,
write,write,,,video_medium,polyglot,0,tsinghua_v_0961_r00.mp4,13091522,0.289459,1,
write,write,,,video_medium,polyglot,0,tsinghua_v_0977_r00.mp4,13091522,0.218029,1,
write,write,,,video_medium,pg_bytea,0,tsinghua_v_0977_r00.mp4,13091522,0.677147,1,
write,write,,,video_medium,mongo_gridfs,0,tsinghua_v_0977_r00.mp4,13091522,0.197064,1,
write,write,,,audio_small,mongo_gridfs,1,03-01-01-01-01-02-19_r01.wav,375720,0.020381,1,
write,write,,,audio_small,pg_bytea,1,03-01-01-01-01-02-19_r01.wav,375720,0.021135,1,
write,write,,,audio_small,polyglot,1,03-01-01-01-01-02-19_r01.wav,375720,0.013632,1,
write,write,,,audio_small,polyglot,1,03-01-01-01-02-02-05_r01.wav,396294,0.021212,1,
write,write,,,audio_small,mongo_gridfs,1,03-01-01-01-02-02-05_r01.wav,396294,0.009381,1,
write,write,,,audio_small,pg_bytea,1,03-01-01-01-02-02-05_r01.wav,396294,0.020122,1,
write,write,,,audio_small,mongo_gridfs,1,03-01-01-01-02-02-06_r01.wav,363108,0.016231,1,
write,write,,,audio_small,polyglot,1,03-01-01-01-02-02-06_r01.wav,363108,0.007234,1,
write,write,,,audio_small,pg_bytea,1,03-01-01-01-02-02-06_r01.wav,363108,0.016630,1,
write,write,,,audio_small,mongo_gridfs,1,03-01-01-01-02-02-07_r01.wav,363108,0.006084,1,
write,write,,,audio_small,pg_bytea,1,03-01-01-01-02-02-07_r01.wav,363108,0.020506,1,
write,write,,,audio_small,polyglot,1,03-01-01-01-02-02-07_r01.wav,363108,0.006921,1,
write,write,,,audio_small,polyglot,1,03-01-01-01-02-02-11_r01.wav,375720,0.022095,1,
write,write,,,audio_small,mongo_gridfs,1,03-01-01-01-02-02-11_r01.wav,375720,0.017533,1,
write,write,,,audio_small,pg_bytea,1,03-01-01-01-02-02-11_r01.wav,375720,0.018521,1,
write,write,,,audio_small,mongo_gridfs,1,03-01-01-01-02-02-12_r01.wav,372698,0.005484,1,
write,write,,,audio_small,pg_bytea,1,03-01-01-01-02-02-12_r01.wav,372698,0.019066,1,
write,write,,,audio_small,polyglot,1,03-01-01-01-02-02-12_r01.wav,372698,0.006915,1,
write,write,,,audio_small,mongo_gridfs,1,03-01-01-01-02-02-13_r01.wav,363108,0.006470,1,
write,write,,,audio_small,polyglot,1,03-01-01-01-02-02-13_r01.wav,363108,0.012297,1,
write,write,,,audio_small,pg_bytea,1,03-01-01-01-02-02-13_r01.wav,363108,0.021313,1,
write,write,,,audio_small,pg_bytea,1,03-01-01-02-01-02-05_r01.wav,393086,0.019686,1,
write,write,,,audio_small,polyglot,1,03-01-01-02-01-02-05_r01.wav,393086,0.010495,1,
write,write,,,audio_small,mongo_gridfs,1,03-01-01-02-01-02-05_r01.wav,393086,0.010731,1,
write,write,,,audio_small,pg_bytea,1,03-01-01-02-01-02-06_r01.wav,363108,0.018936,1,
write,write,,,audio_small,mongo_gridfs,1,03-01-01-02-01-02-06_r01.wav,363108,0.005764,1,
write,write,,,audio_small,polyglot,1,03-01-01-02-01-02-06_r01.wav,363108,0.010808,1,
write,write,,,audio_small,pg_bytea,1,03-01-01-02-01-02-07_r01.wav,372698,0.016782,1,
write,write,,,audio_small,mongo_gridfs,1,03-01-01-02-01-02-07_r01.wav,372698,0.008980,1,
write,write,,,audio_small,polyglot,1,03-01-01-02-01-02-07_r01.wav,372698,0.012769,1,
write,write,,,audio_small,polyglot,1,03-01-01-02-01-02-13_r01.wav,399494,0.005697,1,
write,write,,,audio_small,mongo_gridfs,1,03-01-01-02-01-02-13_r01.wav,399494,0.004478,1,
write,write,,,audio_small,pg_bytea,1,03-01-01-02-01-02-13_r01.wav,399494,0.017404,1,
write,write,,,audio_small,polyglot,1,03-01-01-02-02-02-19_r01.wav,372698,0.019796,1,
write,write,,,audio_small,pg_bytea,1,03-01-01-02-02-02-19_r01.wav,372698,0.019828,1,
write,write,,,audio_small,mongo_gridfs,1,03-01-01-02-02-02-19_r01.wav,372698,0.008687,1,
write,write,,,audio_small,polyglot,1,03-01-02-01-01-01-19_r01.wav,372698,0.018322,1,
write,write,,,audio_small,mongo_gridfs,1,03-01-02-01-01-01-19_r01.wav,372698,0.007469,1,
write,write,,,audio_small,pg_bytea,1,03-01-02-01-01-01-19_r01.wav,372698,0.023966,1,
write,write,,,audio_small,polyglot,1,03-01-02-01-02-01-06_r01.wav,363108,0.005766,1,
write,write,,,audio_small,pg_bytea,1,03-01-02-01-02-01-06_r01.wav,363108,0.020193,1,
write,write,,,audio_small,mongo_gridfs,1,03-01-02-01-02-01-06_r01.wav,363108,0.007908,1,
write,write,,,audio_small,mongo_gridfs,1,03-01-02-01-02-01-07_r01.wav,399494,0.006637,1,
write,write,,,audio_small,pg_bytea,1,03-01-02-01-02-01-07_r01.wav,399494,0.018993,1,
write,write,,,audio_small,polyglot,1,03-01-02-01-02-01-07_r01.wav,399494,0.013524,1,
write,write,,,audio_small,pg_bytea,1,03-01-02-01-02-01-11_r01.wav,375720,0.021946,1,
write,write,,,audio_small,polyglot,1,03-01-02-01-02-01-11_r01.wav,375720,0.011448,1,
write,write,,,audio_small,mongo_gridfs,1,03-01-02-01-02-01-11_r01.wav,375720,0.006820,1,
write,write,,,audio_small,polyglot,1,03-01-02-01-02-01-12_r01.wav,372698,0.015421,1,
write,write,,,audio_small,pg_bytea,1,03-01-02-01-02-01-12_r01.wav,372698,0.017961,1,
write,write,,,audio_small,mongo_gridfs,1,03-01-02-01-02-01-12_r01.wav,372698,0.018273,1,
write,write,,,audio_small,pg_bytea,1,03-01-02-01-02-01-13_r01.wav,379106,0.020704,1,
write,write,,,audio_small,polyglot,1,03-01-02-01-02-01-13_r01.wav,379106,0.009065,1,
write,write,,,audio_small,mongo_gridfs,1,03-01-02-01-02-01-13_r01.wav,379106,0.006673,1,
write,write,,,audio_small,polyglot,1,03-01-02-02-01-01-05_r01.wav,363108,0.007370,1,
write,write,,,audio_small,mongo_gridfs,1,03-01-02-02-01-01-05_r01.wav,363108,0.011186,1,
write,write,,,audio_small,pg_bytea,1,03-01-02-02-01-01-05_r01.wav,363108,0.027172,1,
write,write,,,audio_small,polyglot,1,03-01-02-02-01-01-11_r01.wav,363108,0.010922,1,
write,write,,,audio_small,mongo_gridfs,1,03-01-02-02-01-01-11_r01.wav,363108,0.031243,1,
write,write,,,audio_small,pg_bytea,1,03-01-02-02-01-01-11_r01.wav,363108,0.046137,1,
write,write,,,audio_small,polyglot,1,03-01-02-02-01-01-12_r01.wav,399494,0.025905,1,
write,write,,,audio_small,pg_bytea,1,03-01-02-02-01-01-12_r01.wav,399494,0.027615,1,
write,write,,,audio_small,mongo_gridfs,1,03-01-02-02-01-01-12_r01.wav,399494,0.007826,1,
write,write,,,audio_small,polyglot,1,03-01-02-02-01-01-13_r01.wav,399494,0.010552,1,
write,write,,,audio_small,pg_bytea,1,03-01-02-02-01-01-13_r01.wav,399494,0.087655,1,
write,write,,,audio_small,mongo_gridfs,1,03-01-02-02-01-01-13_r01.wav,399494,0.019877,1,
write,write,,,audio_small,pg_bytea,1,03-01-02-02-02-01-19_r01.wav,379106,0.025635,1,
write,write,,,audio_small,mongo_gridfs,1,03-01-02-02-02-01-19_r01.wav,379106,0.015683,1,
write,write,,,audio_small,polyglot,1,03-01-02-02-02-01-19_r01.wav,379106,0.008886,1,
write,write,,,audio_small,pg_bytea,1,03-01-03-01-01-02-05_r01.wav,396294,0.030590,1,
write,write,,,audio_small,mongo_gridfs,1,03-01-03-01-01-02-05_r01.wav,396294,0.006250,1,
write,write,,,audio_small,polyglot,1,03-01-03-01-01-02-05_r01.wav,396294,0.009311,1,
write,write,,,audio_small,polyglot,1,03-01-03-01-01-02-07_r01.wav,393086,0.011766,1,
write,write,,,audio_small,mongo_gridfs,1,03-01-03-01-01-02-07_r01.wav,393086,0.007068,1,
write,write,,,audio_small,pg_bytea,1,03-01-03-01-01-02-07_r01.wav,393086,0.018833,1,
write,write,,,audio_small,mongo_gridfs,1,03-01-03-01-01-02-12_r01.wav,399494,0.008036,1,
write,write,,,audio_small,polyglot,1,03-01-03-01-01-02-12_r01.wav,399494,0.007956,1,
write,write,,,audio_small,pg_bytea,1,03-01-03-01-01-02-12_r01.wav,399494,0.021532,1,
write,write,,,audio_small,pg_bytea,1,03-01-03-01-01-02-13_r01.wav,399494,0.019432,1,
write,write,,,audio_small,polyglot,1,03-01-03-01-01-02-13_r01.wav,399494,0.007845,1,
write,write,,,audio_small,mongo_gridfs,1,03-01-03-01-01-02-13_r01.wav,399494,0.006966,1,
write,write,,,audio_small,polyglot,1,03-01-03-01-02-02-18_r01.wav,393086,0.006918,1,
write,write,,,audio_small,pg_bytea,1,03-01-03-01-02-02-18_r01.wav,393086,0.020707,1,
write,write,,,audio_small,mongo_gridfs,1,03-01-03-01-02-02-18_r01.wav,393086,0.013766,1,
write,write,,,audio_small,mongo_gridfs,1,03-01-03-01-02-02-19_r01.wav,399494,0.016646,1,
write,write,,,audio_small,pg_bytea,1,03-01-03-01-02-02-19_r01.wav,399494,0.024708,1,
write,write,,,audio_small,polyglot,1,03-01-03-01-02-02-19_r01.wav,399494,0.009637,1,
write,write,,,audio_small,polyglot,1,03-01-03-02-01-02-18_r01.wav,396294,0.006798,1,
write,write,,,audio_small,pg_bytea,1,03-01-03-02-01-02-18_r01.wav,396294,0.020022,1,
write,write,,,audio_small,mongo_gridfs,1,03-01-03-02-01-02-18_r01.wav,396294,0.008387,1,
write,write,,,audio_small,pg_bytea,1,03-01-03-02-01-02-19_r01.wav,372698,0.024929,1,
write,write,,,audio_small,polyglot,1,03-01-03-02-01-02-19_r01.wav,372698,0.007653,1,
write,write,,,audio_small,mongo_gridfs,1,03-01-03-02-01-02-19_r01.wav,372698,0.012195,1,
write,write,,,audio_small,pg_bytea,1,03-01-03-02-02-02-04_r01.wav,379106,0.020151,1,
write,write,,,audio_small,mongo_gridfs,1,03-01-03-02-02-02-04_r01.wav,379106,0.012770,1,
write,write,,,audio_small,polyglot,1,03-01-03-02-02-02-04_r01.wav,379106,0.010929,1,
write,write,,,audio_small,polyglot,1,03-01-03-02-02-02-06_r01.wav,399494,0.007053,1,
write,write,,,audio_small,pg_bytea,1,03-01-03-02-02-02-06_r01.wav,399494,0.019768,1,
write,write,,,audio_small,mongo_gridfs,1,03-01-03-02-02-02-06_r01.wav,399494,0.009466,1,
write,write,,,audio_small,mongo_gridfs,1,03-01-03-02-02-02-07_r01.wav,393086,0.010328,1,
write,write,,,audio_small,pg_bytea,1,03-01-03-02-02-02-07_r01.wav,393086,0.030922,1,
write,write,,,audio_small,polyglot,1,03-01-03-02-02-02-07_r01.wav,393086,0.010214,1,
write,write,,,audio_small,polyglot,1,03-01-03-02-02-02-10_r01.wav,375720,0.006435,1,
write,write,,,audio_small,mongo_gridfs,1,03-01-03-02-02-02-10_r01.wav,375720,0.007320,1,
write,write,,,audio_small,pg_bytea,1,03-01-03-02-02-02-10_r01.wav,375720,0.022064,1,
write,write,,,audio_small,pg_bytea,1,03-01-03-02-02-02-11_r01.wav,396294,0.022778,1,
write,write,,,audio_small,polyglot,1,03-01-03-02-02-02-11_r01.wav,396294,0.010014,1,
write,write,,,audio_small,mongo_gridfs,1,03-01-03-02-02-02-11_r01.wav,396294,0.007043,1,
write,write,,,audio_small,mongo_gridfs,1,03-01-03-02-02-02-13_r01.wav,399494,0.009256,1,
write,write,,,audio_small,polyglot,1,03-01-03-02-02-02-13_r01.wav,399494,0.009510,1,
write,write,,,audio_small,pg_bytea,1,03-01-03-02-02-02-13_r01.wav,399494,0.019743,1,
write,write,,,audio_small,mongo_gridfs,1,03-01-04-01-01-02-01_r01.wav,396294,0.004833,1,
write,write,,,audio_small,pg_bytea,1,03-01-04-01-01-02-01_r01.wav,396294,0.018481,1,
write,write,,,audio_small,polyglot,1,03-01-04-01-01-02-01_r01.wav,396294,0.006379,1,
write,write,,,audio_small,polyglot,1,03-01-04-01-01-02-02_r01.wav,379106,0.006417,1,
write,write,,,audio_small,mongo_gridfs,1,03-01-04-01-01-02-02_r01.wav,379106,0.004758,1,
write,write,,,audio_small,pg_bytea,1,03-01-04-01-01-02-02_r01.wav,379106,0.016974,1,
write,write,,,audio_small,polyglot,1,03-01-04-01-01-02-16_r01.wav,379106,0.008129,1,
write,write,,,audio_small,pg_bytea,1,03-01-04-01-01-02-16_r01.wav,379106,0.015582,1,
write,write,,,audio_small,mongo_gridfs,1,03-01-04-01-01-02-16_r01.wav,379106,0.009702,1,
write,write,,,audio_small,mongo_gridfs,1,03-01-04-01-02-02-08_r01.wav,372698,0.004851,1,
write,write,,,audio_small,pg_bytea,1,03-01-04-01-02-02-08_r01.wav,372698,0.017216,1,
write,write,,,audio_small,polyglot,1,03-01-04-01-02-02-08_r01.wav,372698,0.007055,1,
write,write,,,audio_small,mongo_gridfs,1,03-01-04-01-02-02-09_r01.wav,363108,0.005482,1,
write,write,,,audio_small,pg_bytea,1,03-01-04-01-02-02-09_r01.wav,363108,0.027180,1,
write,write,,,audio_small,polyglot,1,03-01-04-01-02-02-09_r01.wav,363108,0.006630,1,
write,write,,,audio_small,mongo_gridfs,1,03-01-04-01-02-02-20_r01.wav,396294,0.005337,1,
write,write,,,audio_small,polyglot,1,03-01-04-01-02-02-20_r01.wav,396294,0.009056,1,
write,write,,,audio_small,pg_bytea,1,03-01-04-01-02-02-20_r01.wav,396294,0.020043,1,
write,write,,,audio_small,mongo_gridfs,1,03-01-04-01-02-02-21_r01.wav,363108,0.006535,1,
write,write,,,audio_small,polyglot,1,03-01-04-01-02-02-21_r01.wav,363108,0.006769,1,
write,write,,,audio_small,pg_bytea,1,03-01-04-01-02-02-21_r01.wav,363108,0.020818,1,
write,write,,,audio_small,polyglot,1,03-01-04-01-02-02-22_r01.wav,372698,0.008131,1,
write,write,,,audio_small,mongo_gridfs,1,03-01-04-01-02-02-22_r01.wav,372698,0.009711,1,
write,write,,,audio_small,pg_bytea,1,03-01-04-01-02-02-22_r01.wav,372698,0.023359,1,
write,write,,,audio_small,pg_bytea,1,03-01-04-01-02-02-23_r01.wav,363108,0.021417,1,
write,write,,,audio_small,polyglot,1,03-01-04-01-02-02-23_r01.wav,363108,0.014534,1,
write,write,,,audio_small,mongo_gridfs,1,03-01-04-01-02-02-23_r01.wav,363108,0.014937,1,
write,write,,,audio_small,mongo_gridfs,1,03-01-04-02-01-02-09_r01.wav,379106,0.006901,1,
write,write,,,audio_small,pg_bytea,1,03-01-04-02-01-02-09_r01.wav,379106,0.018895,1,
write,write,,,audio_small,polyglot,1,03-01-04-02-01-02-09_r01.wav,379106,0.009392,1,
write,write,,,audio_small,polyglot,1,03-01-04-02-01-02-20_r01.wav,379106,0.009571,1,
write,write,,,audio_small,pg_bytea,1,03-01-04-02-01-02-20_r01.wav,379106,0.018810,1,
write,write,,,audio_small,mongo_gridfs,1,03-01-04-02-01-02-20_r01.wav,379106,0.015499,1,
write,write,,,audio_small,pg_bytea,1,03-01-04-02-01-02-21_r01.wav,393086,0.040236,1,
write,write,,,audio_small,polyglot,1,03-01-04-02-01-02-21_r01.wav,393086,0.012348,1,
write,write,,,audio_small,mongo_gridfs,1,03-01-04-02-01-02-21_r01.wav,393086,0.006245,1,
write,write,,,audio_small,pg_bytea,1,03-01-04-02-01-02-22_r01.wav,379106,0.017117,1,
write,write,,,audio_small,mongo_gridfs,1,03-01-04-02-01-02-22_r01.wav,379106,0.005062,1,
write,write,,,audio_small,polyglot,1,03-01-04-02-01-02-22_r01.wav,379106,0.005385,1,
write,write,,,audio_small,pg_bytea,1,03-01-04-02-02-02-14_r01.wav,375720,0.017169,1,
write,write,,,audio_small,polyglot,1,03-01-04-02-02-02-14_r01.wav,375720,0.005526,1,
write,write,,,audio_small,mongo_gridfs,1,03-01-04-02-02-02-14_r01.wav,375720,0.004988,1,
write,write,,,audio_small,pg_bytea,1,03-01-04-02-02-02-15_r01.wav,379106,0.026201,1,
write,write,,,audio_small,polyglot,1,03-01-04-02-02-02-15_r01.wav,379106,0.007302,1,
write,write,,,audio_small,mongo_gridfs,1,03-01-04-02-02-02-15_r01.wav,379106,0.005023,1,
write,write,,,audio_small,polyglot,1,03-01-04-02-02-02-16_r01.wav,375720,0.006267,1,
write,write,,,audio_small,mongo_gridfs,1,03-01-04-02-02-02-16_r01.wav,375720,0.006447,1,
write,write,,,audio_small,pg_bytea,1,03-01-04-02-02-02-16_r01.wav,375720,0.021910,1,
write,write,,,audio_small,pg_bytea,1,03-01-04-02-02-02-17_r01.wav,363108,0.018105,1,
write,write,,,audio_small,mongo_gridfs,1,03-01-04-02-02-02-17_r01.wav,363108,0.007288,1,
write,write,,,audio_small,polyglot,1,03-01-04-02-02-02-17_r01.wav,363108,0.014515,1,
write,write,,,audio_small,mongo_gridfs,1,03-01-05-01-01-01-09_r01.wav,393086,0.020475,1,
write,write,,,audio_small,polyglot,1,03-01-05-01-01-01-09_r01.wav,393086,0.011056,1,
write,write,,,audio_small,pg_bytea,1,03-01-05-01-01-01-09_r01.wav,393086,0.022122,1,
write,write,,,audio_small,polyglot,1,03-01-05-01-01-01-22_r01.wav,393086,0.012052,1,
write,write,,,audio_small,mongo_gridfs,1,03-01-05-01-01-01-22_r01.wav,393086,0.007282,1,
write,write,,,audio_small,pg_bytea,1,03-01-05-01-01-01-22_r01.wav,393086,0.026975,1,
write,write,,,audio_small,mongo_gridfs,1,03-01-05-01-02-01-02_r01.wav,372698,0.008168,1,
write,write,,,audio_small,polyglot,1,03-01-05-01-02-01-02_r01.wav,372698,0.009149,1,
write,write,,,audio_small,pg_bytea,1,03-01-05-01-02-01-02_r01.wav,372698,0.015729,1,
write,write,,,audio_small,pg_bytea,1,03-01-05-01-02-01-03_r01.wav,396294,0.021471,1,
write,write,,,audio_small,polyglot,1,03-01-05-01-02-01-03_r01.wav,396294,0.015459,1,
write,write,,,audio_small,mongo_gridfs,1,03-01-05-01-02-01-03_r01.wav,396294,0.006213,1,
write,write,,,audio_small,polyglot,1,03-01-05-01-02-01-15_r01.wav,363108,0.006464,1,
write,write,,,audio_small,mongo_gridfs,1,03-01-05-01-02-01-15_r01.wav,363108,0.007439,1,
write,write,,,audio_small,pg_bytea,1,03-01-05-01-02-01-15_r01.wav,363108,0.017493,1,
write,write,,,audio_small,mongo_gridfs,1,03-01-05-01-02-01-16_r01.wav,372698,0.031041,1,
write,write,,,audio_small,polyglot,1,03-01-05-01-02-01-16_r01.wav,372698,0.013552,1,
write,write,,,audio_small,pg_bytea,1,03-01-05-01-02-01-16_r01.wav,372698,0.022391,1,
write,write,,,audio_small,polyglot,1,03-01-05-01-02-01-17_r01.wav,393086,0.012233,1,
write,write,,,audio_small,mongo_gridfs,1,03-01-05-01-02-01-17_r01.wav,393086,0.009475,1,
write,write,,,audio_small,pg_bytea,1,03-01-05-01-02-01-17_r01.wav,393086,0.018741,1,
write,write,,,audio_small,pg_bytea,1,03-01-05-02-01-01-01_r01.wav,372698,0.017161,1,
write,write,,,audio_small,polyglot,1,03-01-05-02-01-01-01_r01.wav,372698,0.007734,1,
write,write,,,audio_small,mongo_gridfs,1,03-01-05-02-01-01-01_r01.wav,372698,0.010112,1,
write,write,,,audio_small,polyglot,1,03-01-05-02-01-01-02_r01.wav,375720,0.013506,1,
write,write,,,audio_small,mongo_gridfs,1,03-01-05-02-01-01-02_r01.wav,375720,0.010310,1,
write,write,,,audio_small,pg_bytea,1,03-01-05-02-01-01-02_r01.wav,375720,0.025060,1,
write,write,,,audio_small,polyglot,1,03-01-05-02-01-01-03_r01.wav,372698,0.011861,1,
write,write,,,audio_small,mongo_gridfs,1,03-01-05-02-01-01-03_r01.wav,372698,0.008145,1,
write,write,,,audio_small,pg_bytea,1,03-01-05-02-01-01-03_r01.wav,372698,0.016662,1,
write,write,,,audio_small,polyglot,1,03-01-05-02-01-01-15_r01.wav,396294,0.020308,1,
write,write,,,audio_small,mongo_gridfs,1,03-01-05-02-01-01-15_r01.wav,396294,0.011108,1,
write,write,,,audio_small,pg_bytea,1,03-01-05-02-01-01-15_r01.wav,396294,0.020019,1,
write,write,,,audio_small,pg_bytea,1,03-01-05-02-01-01-16_r01.wav,399494,0.020009,1,
write,write,,,audio_small,mongo_gridfs,1,03-01-05-02-01-01-16_r01.wav,399494,0.009882,1,
write,write,,,audio_small,polyglot,1,03-01-05-02-01-01-16_r01.wav,399494,0.011276,1,
write,write,,,audio_small,pg_bytea,1,03-01-05-02-01-01-17_r01.wav,363108,0.022305,1,
write,write,,,audio_small,mongo_gridfs,1,03-01-05-02-01-01-17_r01.wav,363108,0.005683,1,
write,write,,,audio_small,polyglot,1,03-01-05-02-01-01-17_r01.wav,363108,0.005158,1,
write,write,,,audio_small,polyglot,1,03-01-05-02-02-01-09_r01.wav,396294,0.014934,1,
write,write,,,audio_small,pg_bytea,1,03-01-05-02-02-01-09_r01.wav,396294,0.018374,1,
write,write,,,audio_small,mongo_gridfs,1,03-01-05-02-02-01-09_r01.wav,396294,0.011550,1,
write,write,,,audio_small,mongo_gridfs,1,03-01-05-02-02-01-21_r01.wav,375720,0.006261,1,
write,write,,,audio_small,polyglot,1,03-01-05-02-02-01-21_r01.wav,375720,0.016514,1,
write,write,,,audio_small,pg_bytea,1,03-01-05-02-02-01-21_r01.wav,375720,0.019871,1,
write,write,,,audio_small,pg_bytea,1,03-01-05-02-02-01-22_r01.wav,379106,0.019085,1,
write,write,,,audio_small,mongo_gridfs,1,03-01-05-02-02-01-22_r01.wav,379106,0.006776,1,
write,write,,,audio_small,polyglot,1,03-01-05-02-02-01-22_r01.wav,379106,0.013214,1,
write,write,,,audio_medium,polyglot,1,03-02-01-01-01-02-22_r01.wav,526650,0.009214,1,
write,write,,,audio_medium,pg_bytea,1,03-02-01-01-01-02-22_r01.wav,526650,0.026077,1,
write,write,,,audio_medium,mongo_gridfs,1,03-02-01-01-01-02-22_r01.wav,526650,0.006277,1,
write,write,,,audio_medium,polyglot,1,03-02-01-01-01-02-23_r01.wav,539464,0.007309,1,
write,write,,,audio_medium,mongo_gridfs,1,03-02-01-01-01-02-23_r01.wav,539464,0.006540,1,
write,write,,,audio_medium,pg_bytea,1,03-02-01-01-01-02-23_r01.wav,539464,0.024225,1,
write,write,,,audio_medium,polyglot,1,03-02-01-01-02-02-02_r01.wav,539464,0.012488,1,
write,write,,,audio_medium,mongo_gridfs,1,03-02-01-01-02-02-02_r01.wav,539464,0.016565,1,
write,write,,,audio_medium,pg_bytea,1,03-02-01-01-02-02-02_r01.wav,539464,0.025805,1,
write,write,,,audio_medium,pg_bytea,1,03-02-01-01-02-02-03_r01.wav,520242,0.025046,1,
write,write,,,audio_medium,polyglot,1,03-02-01-01-02-02-03_r01.wav,520242,0.008994,1,
write,write,,,audio_medium,mongo_gridfs,1,03-02-01-01-02-02-03_r01.wav,520242,0.012993,1,
write,write,,,audio_medium,mongo_gridfs,1,03-02-01-01-02-02-16_r01.wav,539464,0.016260,1,
write,write,,,audio_medium,pg_bytea,1,03-02-01-01-02-02-16_r01.wav,539464,0.072074,1,
write,write,,,audio_medium,polyglot,1,03-02-01-01-02-02-16_r01.wav,539464,0.027612,1,
write,write,,,audio_medium,pg_bytea,1,03-02-01-01-02-02-17_r01.wav,561888,0.025407,1,
write,write,,,audio_medium,mongo_gridfs,1,03-02-01-01-02-02-17_r01.wav,561888,0.015611,1,
write,write,,,audio_medium,polyglot,1,03-02-01-01-02-02-17_r01.wav,561888,0.021143,1,
write,write,,,audio_medium,mongo_gridfs,1,03-02-01-02-01-02-01_r01.wav,533056,0.012127,1,
write,write,,,audio_medium,polyglot,1,03-02-01-02-01-02-01_r01.wav,533056,0.015153,1,
write,write,,,audio_medium,pg_bytea,1,03-02-01-02-01-02-01_r01.wav,533056,0.024976,1,
write,write,,,audio_medium,mongo_gridfs,1,03-02-01-02-01-02-02_r01.wav,523448,0.013987,1,
write,write,,,audio_medium,pg_bytea,1,03-02-01-02-01-02-02_r01.wav,523448,0.028433,1,
write,write,,,audio_medium,polyglot,1,03-02-01-02-01-02-02_r01.wav,523448,0.017404,1,
write,write,,,audio_medium,polyglot,1,03-02-01-02-01-02-03_r01.wav,533056,0.017843,1,
write,write,,,audio_medium,pg_bytea,1,03-02-01-02-01-02-03_r01.wav,533056,0.025162,1,
write,write,,,audio_medium,mongo_gridfs,1,03-02-01-02-01-02-03_r01.wav,533056,0.013597,1,
write,write,,,audio_medium,pg_bytea,1,03-02-01-02-01-02-15_r01.wav,561882,0.025606,1,
write,write,,,audio_medium,polyglot,1,03-02-01-02-01-02-15_r01.wav,561882,0.013014,1,
write,write,,,audio_medium,mongo_gridfs,1,03-02-01-02-01-02-15_r01.wav,561882,0.015561,1,
write,write,,,audio_medium,pg_bytea,1,03-02-01-02-01-02-16_r01.wav,526650,0.024559,1,
write,write,,,audio_medium,polyglot,1,03-02-01-02-01-02-16_r01.wav,526650,0.007470,1,
write,write,,,audio_medium,mongo_gridfs,1,03-02-01-02-01-02-16_r01.wav,526650,0.018388,1,
write,write,,,audio_medium,polyglot,1,03-02-01-02-01-02-17_r01.wav,533056,0.010186,1,
write,write,,,audio_medium,mongo_gridfs,1,03-02-01-02-01-02-17_r01.wav,533056,0.006189,1,
write,write,,,audio_medium,pg_bytea,1,03-02-01-02-01-02-17_r01.wav,533056,0.024339,1,
write,write,,,audio_medium,pg_bytea,1,03-02-01-02-02-02-22_r01.wav,520242,0.023633,1,
write,write,,,audio_medium,mongo_gridfs,1,03-02-01-02-02-02-22_r01.wav,520242,0.006073,1,
write,write,,,audio_medium,polyglot,1,03-02-01-02-02-02-22_r01.wav,520242,0.006803,1,
write,write,,,audio_medium,pg_bytea,1,03-02-01-02-02-02-23_r01.wav,520242,0.021408,1,
write,write,,,audio_medium,mongo_gridfs,1,03-02-01-02-02-02-23_r01.wav,520242,0.005982,1,
write,write,,,audio_medium,polyglot,1,03-02-01-02-02-02-23_r01.wav,520242,0.006243,1,
write,write,,,audio_medium,pg_bytea,1,03-02-02-01-01-01-22_r01.wav,523448,0.021718,1,
write,write,,,audio_medium,polyglot,1,03-02-02-01-01-01-22_r01.wav,523448,0.017421,1,
write,write,,,audio_medium,mongo_gridfs,1,03-02-02-01-01-01-22_r01.wav,523448,0.005487,1,
write,write,,,audio_medium,polyglot,1,03-02-02-01-01-01-23_r01.wav,561888,0.013218,1,
write,write,,,audio_medium,pg_bytea,1,03-02-02-01-01-01-23_r01.wav,561888,0.023662,1,
write,write,,,audio_medium,mongo_gridfs,1,03-02-02-01-01-01-23_r01.wav,561888,0.025088,1,
write,write,,,audio_medium,mongo_gridfs,1,03-02-02-01-02-01-01_r01.wav,520242,0.017400,1,
write,write,,,audio_medium,polyglot,1,03-02-02-01-02-01-01_r01.wav,520242,0.008563,1,
write,write,,,audio_medium,pg_bytea,1,03-02-02-01-02-01-01_r01.wav,520242,0.029242,1,
write,write,,,audio_medium,mongo_gridfs,1,03-02-02-01-02-01-02_r01.wav,539464,0.006464,1,
write,write,,,audio_medium,polyglot,1,03-02-02-01-02-01-02_r01.wav,539464,0.014065,1,
write,write,,,audio_medium,pg_bytea,1,03-02-02-01-02-01-02_r01.wav,539464,0.026954,1,
write,write,,,audio_medium,pg_bytea,1,03-02-02-01-02-01-03_r01.wav,533056,0.029214,1,
write,write,,,audio_medium,mongo_gridfs,1,03-02-02-01-02-01-03_r01.wav,533056,0.023852,1,
write,write,,,audio_medium,polyglot,1,03-02-02-01-02-01-03_r01.wav,533056,0.015716,1,
write,write,,,audio_medium,mongo_gridfs,1,03-02-02-01-02-01-16_r01.wav,561882,0.007575,1,
write,write,,,audio_medium,polyglot,1,03-02-02-01-02-01-16_r01.wav,561882,0.006920,1,
write,write,,,audio_medium,pg_bytea,1,03-02-02-01-02-01-16_r01.wav,561882,0.023230,1,
write,write,,,audio_medium,polyglot,1,03-02-02-02-01-01-01_r01.wav,539464,0.007134,1,
write,write,,,audio_medium,mongo_gridfs,1,03-02-02-02-01-01-01_r01.wav,539464,0.006924,1,
write,write,,,audio_medium,pg_bytea,1,03-02-02-02-01-01-01_r01.wav,539464,0.026845,1,
write,write,,,audio_medium,pg_bytea,1,03-02-02-02-01-01-02_r01.wav,526650,0.025167,1,
write,write,,,audio_medium,polyglot,1,03-02-02-02-01-01-02_r01.wav,526650,0.007038,1,
write,write,,,audio_medium,mongo_gridfs,1,03-02-02-02-01-01-02_r01.wav,526650,0.006983,1,
write,write,,,audio_medium,pg_bytea,1,03-02-02-02-01-01-15_r01.wav,539464,0.026567,1,
write,write,,,audio_medium,polyglot,1,03-02-02-02-01-01-15_r01.wav,539464,0.008040,1,
write,write,,,audio_medium,mongo_gridfs,1,03-02-02-02-01-01-15_r01.wav,539464,0.005408,1,
write,write,,,audio_medium,polyglot,1,03-02-02-02-01-01-16_r01.wav,520242,0.006473,1,
write,write,,,audio_medium,pg_bytea,1,03-02-02-02-01-01-16_r01.wav,520242,0.022059,1,
write,write,,,audio_medium,mongo_gridfs,1,03-02-02-02-01-01-16_r01.wav,520242,0.006212,1,
write,write,,,audio_medium,polyglot,1,03-02-02-02-01-01-17_r01.wav,539464,0.007505,1,
write,write,,,audio_medium,pg_bytea,1,03-02-02-02-01-01-17_r01.wav,539464,0.024938,1,
write,write,,,audio_medium,mongo_gridfs,1,03-02-02-02-01-01-17_r01.wav,539464,0.006270,1,
write,write,,,audio_medium,pg_bytea,1,03-02-02-02-02-01-22_r01.wav,539464,0.030176,1,
write,write,,,audio_medium,polyglot,1,03-02-02-02-02-01-22_r01.wav,539464,0.006707,1,
write,write,,,audio_medium,mongo_gridfs,1,03-02-02-02-02-01-22_r01.wav,539464,0.005235,1,
write,write,,,audio_medium,mongo_gridfs,1,03-02-02-02-02-01-23_r01.wav,520242,0.005747,1,
write,write,,,audio_medium,pg_bytea,1,03-02-02-02-02-01-23_r01.wav,520242,0.024101,1,
write,write,,,audio_medium,polyglot,1,03-02-02-02-02-01-23_r01.wav,520242,0.008633,1,
write,write,,,audio_medium,pg_bytea,1,03-02-03-01-01-02-01_r01.wav,561882,0.027691,1,
write,write,,,audio_medium,mongo_gridfs,1,03-02-03-01-01-02-01_r01.wav,561882,0.006720,1,
write,write,,,audio_medium,polyglot,1,03-02-03-01-01-02-01_r01.wav,561882,0.014577,1,
write,write,,,audio_medium,mongo_gridfs,1,03-02-03-01-01-02-02_r01.wav,561882,0.005986,1,
write,write,,,audio_medium,polyglot,1,03-02-03-01-01-02-02_r01.wav,561882,0.008199,1,
write,write,,,audio_medium,pg_bytea,1,03-02-03-01-01-02-02_r01.wav,561882,0.027758,1,
write,write,,,audio_medium,pg_bytea,1,03-02-03-01-01-02-03_r01.wav,539464,0.024686,1,
write,write,,,audio_medium,mongo_gridfs,1,03-02-03-01-01-02-03_r01.wav,539464,0.006821,1,
write,write,,,audio_medium,polyglot,1,03-02-03-01-01-02-03_r01.wav,539464,0.006873,1,
write,write,,,audio_medium,pg_bytea,1,03-02-03-01-01-02-15_r01.wav,526650,0.023823,1,
write,write,,,audio_medium,mongo_gridfs,1,03-02-03-01-01-02-15_r01.wav,526650,0.006364,1,
write,write,,,audio_medium,polyglot,1,03-02-03-01-01-02-15_r01.wav,526650,0.007819,1,
write,write,,,audio_medium,mongo_gridfs,1,03-02-03-01-01-02-16_r01.wav,520242,0.005288,1,
write,write,,,audio_medium,pg_bytea,1,03-02-03-01-01-02-16_r01.wav,520242,0.024472,1,
write,write,,,audio_medium,polyglot,1,03-02-03-01-01-02-16_r01.wav,520242,0.007330,1,
write,write,,,audio_medium,polyglot,1,03-02-03-01-01-02-17_r01.wav,526650,0.007470,1,
write,write,,,audio_medium,mongo_gridfs,1,03-02-03-01-01-02-17_r01.wav,526650,0.005233,1,
write,write,,,audio_medium,pg_bytea,1,03-02-03-01-01-02-17_r01.wav,526650,0.097074,1,
write,write,,,audio_medium,mongo_gridfs,1,03-02-03-01-02-02-09_r01.wav,539464,0.006851,1,
write,write,,,audio_medium,polyglot,1,03-02-03-01-02-02-09_r01.wav,539464,0.009124,1,
write,write,,,audio_medium,pg_bytea,1,03-02-03-01-02-02-09_r01.wav,539464,0.035255,1,
write,write,,,audio_medium,polyglot,1,03-02-03-01-02-02-21_r01.wav,533056,0.015233,1,
write,write,,,audio_medium,pg_bytea,1,03-02-03-01-02-02-21_r01.wav,533056,0.026898,1,
write,write,,,audio_medium,mongo_gridfs,1,03-02-03-01-02-02-21_r01.wav,533056,0.006736,1,
write,write,,,audio_medium,mongo_gridfs,1,03-02-03-01-02-02-22_r01.wav,561888,0.006621,1,
write,write,,,audio_medium,pg_bytea,1,03-02-03-01-02-02-22_r01.wav,561888,0.027499,1,
write,write,,,audio_medium,polyglot,1,03-02-03-01-02-02-22_r01.wav,561888,0.009573,1,
write,write,,,audio_medium,polyglot,1,03-02-03-01-02-02-23_r01.wav,539464,0.006559,1,
write,write,,,audio_medium,pg_bytea,1,03-02-03-01-02-02-23_r01.wav,539464,0.025211,1,
write,write,,,audio_medium,mongo_gridfs,1,03-02-03-01-02-02-23_r01.wav,539464,0.006692,1,
write,write,,,audio_medium,mongo_gridfs,1,03-02-03-02-01-02-09_r01.wav,561882,0.005855,1,
write,write,,,audio_medium,polyglot,1,03-02-03-02-01-02-09_r01.wav,561882,0.014785,1,
write,write,,,audio_medium,pg_bytea,1,03-02-03-02-01-02-09_r01.wav,561882,0.026606,1,
write,write,,,audio_medium,polyglot,1,03-02-03-02-01-02-21_r01.wav,539464,0.008406,1,
write,write,,,audio_medium,mongo_gridfs,1,03-02-03-02-01-02-21_r01.wav,539464,0.006874,1,
write,write,,,audio_medium,pg_bytea,1,03-02-03-02-01-02-21_r01.wav,539464,0.025258,1,
write,write,,,audio_medium,pg_bytea,1,03-02-03-02-01-02-22_r01.wav,526650,0.023006,1,
write,write,,,audio_medium,polyglot,1,03-02-03-02-01-02-22_r01.wav,526650,0.010973,1,
write,write,,,audio_medium,mongo_gridfs,1,03-02-03-02-01-02-22_r01.wav,526650,0.006582,1,
write,write,,,audio_medium,pg_bytea,1,03-02-03-02-01-02-23_r01.wav,561888,0.026130,1,
write,write,,,audio_medium,polyglot,1,03-02-03-02-01-02-23_r01.wav,561888,0.008651,1,
write,write,,,audio_medium,mongo_gridfs,1,03-02-03-02-01-02-23_r01.wav,561888,0.014695,1,
write,write,,,audio_medium,polyglot,1,03-02-03-02-02-02-01_r01.wav,561882,0.012883,1,
write,write,,,audio_medium,mongo_gridfs,1,03-02-03-02-02-02-01_r01.wav,561882,0.025430,1,
write,write,,,audio_medium,pg_bytea,1,03-02-03-02-02-02-01_r01.wav,561882,0.026610,1,
write,write,,,audio_medium,pg_bytea,1,03-02-03-02-02-02-02_r01.wav,523448,0.024033,1,
write,write,,,audio_medium,mongo_gridfs,1,03-02-03-02-02-02-02_r01.wav,523448,0.013077,1,
write,write,,,audio_medium,polyglot,1,03-02-03-02-02-02-02_r01.wav,523448,0.015201,1,
write,write,,,audio_medium,pg_bytea,1,03-02-03-02-02-02-03_r01.wav,561888,0.032052,1,
write,write,,,audio_medium,mongo_gridfs,1,03-02-03-02-02-02-03_r01.wav,561888,0.020387,1,
write,write,,,audio_medium,polyglot,1,03-02-03-02-02-02-03_r01.wav,561888,0.014236,1,
write,write,,,audio_medium,pg_bytea,1,03-02-03-02-02-02-15_r01.wav,523448,0.030133,1,
write,write,,,audio_medium,polyglot,1,03-02-03-02-02-02-15_r01.wav,523448,0.018768,1,
write,write,,,audio_medium,mongo_gridfs,1,03-02-03-02-02-02-15_r01.wav,523448,0.012277,1,
write,write,,,audio_medium,mongo_gridfs,1,03-02-03-02-02-02-16_r01.wav,561882,0.018014,1,
write,write,,,audio_medium,pg_bytea,1,03-02-03-02-02-02-16_r01.wav,561882,0.025131,1,
write,write,,,audio_medium,polyglot,1,03-02-03-02-02-02-16_r01.wav,561882,0.017252,1,
write,write,,,audio_medium,polyglot,1,03-02-03-02-02-02-17_r01.wav,523448,0.010164,1,
write,write,,,audio_medium,pg_bytea,1,03-02-03-02-02-02-17_r01.wav,523448,0.025935,1,
write,write,,,audio_medium,mongo_gridfs,1,03-02-03-02-02-02-17_r01.wav,523448,0.009970,1,
write,write,,,audio_medium,polyglot,1,03-02-04-01-01-02-05_r01.wav,561882,0.011664,1,
write,write,,,audio_medium,pg_bytea,1,03-02-04-01-01-02-05_r01.wav,561882,0.026461,1,
write,write,,,audio_medium,mongo_gridfs,1,03-02-04-01-01-02-05_r01.wav,561882,0.015010,1,
write,write,,,audio_medium,mongo_gridfs,1,03-02-04-01-01-02-06_r01.wav,526650,0.012295,1,
write,write,,,audio_medium,polyglot,1,03-02-04-01-01-02-06_r01.wav,526650,0.010923,1,
write,write,,,audio_medium,pg_bytea,1,03-02-04-01-01-02-06_r01.wav,526650,0.022886,1,
write,write,,,audio_medium,mongo_gridfs,1,03-02-04-01-01-02-07_r01.wav,523448,0.012119,1,
write,write,,,audio_medium,pg_bytea,1,03-02-04-01-01-02-07_r01.wav,523448,0.024024,1,
write,write,,,audio_medium,polyglot,1,03-02-04-01-01-02-07_r01.wav,523448,0.011905,1,
write,write,,,audio_medium,polyglot,1,03-02-04-01-01-02-11_r01.wav,539464,0.011098,1,
write,write,,,audio_medium,mongo_gridfs,1,03-02-04-01-01-02-11_r01.wav,539464,0.009544,1,
write,write,,,audio_medium,pg_bytea,1,03-02-04-01-01-02-11_r01.wav,539464,0.023986,1,
write,write,,,audio_medium,pg_bytea,1,03-02-04-01-01-02-12_r01.wav,523448,0.026048,1,
write,write,,,audio_medium,polyglot,1,03-02-04-01-01-02-12_r01.wav,523448,0.015689,1,
write,write,,,audio_medium,mongo_gridfs,1,03-02-04-01-01-02-12_r01.wav,523448,0.005193,1,
write,write,,,audio_medium,mongo_gridfs,1,03-02-04-01-01-02-13_r01.wav,539464,0.009323,1,
write,write,,,audio_medium,polyglot,1,03-02-04-01-01-02-13_r01.wav,539464,0.008973,1,
write,write,,,audio_medium,pg_bytea,1,03-02-04-01-01-02-13_r01.wav,539464,0.020701,1,
write,write,,,audio_medium,pg_bytea,1,03-02-04-01-02-02-19_r01.wav,561888,0.022657,1,
write,write,,,audio_medium,mongo_gridfs,1,03-02-04-01-02-02-19_r01.wav,561888,0.009328,1,
write,write,,,audio_medium,polyglot,1,03-02-04-01-02-02-19_r01.wav,561888,0.008885,1,
write,write,,,audio_medium,polyglot,1,03-02-04-02-02-02-05_r01.wav,526650,0.006753,1,
write,write,,,audio_medium,pg_bytea,1,03-02-04-02-02-02-05_r01.wav,526650,0.023950,1,
write,write,,,audio_medium,mongo_gridfs,1,03-02-04-02-02-02-05_r01.wav,526650,0.013504,1,
write,write,,,audio_medium,mongo_gridfs,1,03-02-04-02-02-02-06_r01.wav,526650,0.007455,1,
write,write,,,audio_medium,pg_bytea,1,03-02-04-02-02-02-06_r01.wav,526650,0.023907,1,
write,write,,,audio_medium,polyglot,1,03-02-04-02-02-02-06_r01.wav,526650,0.010044,1,
write,write,,,audio_medium,pg_bytea,1,03-02-04-02-02-02-07_r01.wav,561888,0.026449,1,
write,write,,,audio_medium,mongo_gridfs,1,03-02-04-02-02-02-07_r01.wav,561888,0.008553,1,
write,write,,,audio_medium,polyglot,1,03-02-04-02-02-02-07_r01.wav,561888,0.008368,1,
write,write,,,audio_medium,polyglot,1,03-02-04-02-02-02-11_r01.wav,561888,0.008469,1,
write,write,,,audio_medium,mongo_gridfs,1,03-02-04-02-02-02-11_r01.wav,561888,0.011439,1,
write,write,,,audio_medium,pg_bytea,1,03-02-04-02-02-02-11_r01.wav,561888,0.073682,1,
write,write,,,audio_medium,mongo_gridfs,1,03-02-04-02-02-02-12_r01.wav,523448,0.007392,1,
write,write,,,audio_medium,pg_bytea,1,03-02-04-02-02-02-12_r01.wav,523448,0.029164,1,
write,write,,,audio_medium,polyglot,1,03-02-04-02-02-02-12_r01.wav,523448,0.014608,1,
write,write,,,audio_medium,pg_bytea,1,03-02-04-02-02-02-13_r01.wav,533056,0.080282,1,
write,write,,,audio_medium,polyglot,1,03-02-04-02-02-02-13_r01.wav,533056,0.024405,1,
write,write,,,audio_medium,mongo_gridfs,1,03-02-04-02-02-02-13_r01.wav,533056,0.020900,1,
write,write,,,audio_medium,mongo_gridfs,1,03-02-05-01-02-01-06_r01.wav,561882,0.029161,1,
write,write,,,audio_medium,polyglot,1,03-02-05-01-02-01-06_r01.wav,561882,0.116624,1,
write,write,,,audio_medium,pg_bytea,1,03-02-05-01-02-01-06_r01.wav,561882,0.023124,1,
write,write,,,audio_medium,polyglot,1,03-02-05-01-02-01-07_r01.wav,520242,0.014650,1,
write,write,,,audio_medium,mongo_gridfs,1,03-02-05-01-02-01-07_r01.wav,520242,0.007607,1,
write,write,,,audio_medium,pg_bytea,1,03-02-05-01-02-01-07_r01.wav,520242,0.035476,1,
write,write,,,audio_medium,mongo_gridfs,1,03-02-05-01-02-01-12_r01.wav,520242,0.006335,1,
write,write,,,audio_medium,polyglot,1,03-02-05-01-02-01-12_r01.wav,520242,0.009526,1,
write,write,,,audio_medium,pg_bytea,1,03-02-05-01-02-01-12_r01.wav,520242,0.023094,1,
write,write,,,audio_medium,pg_bytea,1,03-02-05-01-02-01-13_r01.wav,561888,0.026447,1,
write,write,,,audio_medium,polyglot,1,03-02-05-01-02-01-13_r01.wav,561888,0.011564,1,
write,write,,,audio_medium,mongo_gridfs,1,03-02-05-01-02-01-13_r01.wav,561888,0.009696,1,
write,write,,,audio_medium,polyglot,1,03-02-05-02-01-01-05_r01.wav,539464,0.009073,1,
write,write,,,audio_medium,mongo_gridfs,1,03-02-05-02-01-01-05_r01.wav,539464,0.018255,1,
write,write,,,audio_medium,pg_bytea,1,03-02-05-02-01-01-05_r01.wav,539464,0.025803,1,
write,write,,,audio_medium,polyglot,1,03-02-05-02-01-01-06_r01.wav,561888,0.009964,1,
write,write,,,audio_medium,mongo_gridfs,1,03-02-05-02-01-01-06_r01.wav,561888,0.007550,1,
write,write,,,audio_medium,pg_bytea,1,03-02-05-02-01-01-06_r01.wav,561888,0.028496,1,
write,write,,,audio_medium,mongo_gridfs,1,03-02-05-02-01-01-07_r01.wav,533056,0.007759,1,
write,write,,,audio_medium,pg_bytea,1,03-02-05-02-01-01-07_r01.wav,533056,0.024958,1,
write,write,,,audio_medium,polyglot,1,03-02-05-02-01-01-07_r01.wav,533056,0.009672,1,
write,write,,,audio_medium,mongo_gridfs,1,03-02-05-02-01-01-11_r01.wav,561888,0.011155,1,
write,write,,,audio_medium,polyglot,1,03-02-05-02-01-01-11_r01.wav,561888,0.009172,1,
write,write,,,audio_medium,pg_bytea,1,03-02-05-02-01-01-11_r01.wav,561888,0.026404,1,
write,write,,,audio_medium,pg_bytea,1,03-02-05-02-01-01-12_r01.wav,533056,0.035872,1,
write,write,,,audio_medium,mongo_gridfs,1,03-02-05-02-01-01-12_r01.wav,533056,0.013473,1,
write,write,,,audio_medium,polyglot,1,03-02-05-02-01-01-12_r01.wav,533056,0.012455,1,
write,write,,,audio_medium,mongo_gridfs,1,03-02-05-02-01-01-13_r01.wav,526650,0.008818,1,
write,write,,,audio_medium,polyglot,1,03-02-05-02-01-01-13_r01.wav,526650,0.007708,1,
write,write,,,audio_medium,pg_bytea,1,03-02-05-02-01-01-13_r01.wav,526650,0.026344,1,
write,write,,,video_small,pg_bytea,1,01-01-01-01-01-01-22_r01.mp4,5457041,0.199020,1,
write,write,,,video_small,mongo_gridfs,1,01-01-01-01-01-01-22_r01.mp4,5457041,0.051232,1,
write,write,,,video_small,polyglot,1,01-01-01-01-01-01-22_r01.mp4,5457041,0.120290,1,
write,write,,,video_small,mongo_gridfs,1,01-01-01-01-01-02-01_r01.mp4,5457041,0.071147,1,
write,write,,,video_small,pg_bytea,1,01-01-01-01-01-02-01_r01.mp4,5457041,0.175140,1,
write,write,,,video_small,polyglot,1,01-01-01-01-01-02-01_r01.mp4,5457041,0.052616,1,
write,write,,,video_small,pg_bytea,1,01-01-01-01-01-02-15_r01.mp4,5457041,0.171527,1,
write,write,,,video_small,polyglot,1,01-01-01-01-01-02-15_r01.mp4,5457041,0.066048,1,
write,write,,,video_small,mongo_gridfs,1,01-01-01-01-01-02-15_r01.mp4,5457041,0.144702,1,
write,write,,,video_small,mongo_gridfs,1,01-01-01-01-02-01-06_r01.mp4,5457041,0.070958,1,
write,write,,,video_small,polyglot,1,01-01-01-01-02-01-06_r01.mp4,5457041,0.052135,1,
write,write,,,video_small,pg_bytea,1,01-01-01-01-02-01-06_r01.mp4,5457041,0.166063,1,
write,write,,,video_small,pg_bytea,1,01-01-01-01-02-01-13_r01.mp4,5457041,0.228117,1,
write,write,,,video_small,polyglot,1,01-01-01-01-02-01-13_r01.mp4,5457041,0.104055,1,
write,write,,,video_small,mongo_gridfs,1,01-01-01-01-02-01-13_r01.mp4,5457041,0.060302,1,
write,write,,,video_small,mongo_gridfs,1,01-01-01-01-02-01-14_r01.mp4,5457041,0.094823,1,
write,write,,,video_small,pg_bytea,1,01-01-01-01-02-01-14_r01.mp4,5457041,0.146601,1,
write,write,,,video_small,polyglot,1,01-01-01-01-02-01-14_r01.mp4,5457041,0.097653,1,
write,write,,,video_small,mongo_gridfs,1,01-01-01-01-02-02-09_r01.mp4,5498397,0.134796,1,
write,write,,,video_small,polyglot,1,01-01-01-01-02-02-09_r01.mp4,5498397,0.127880,1,
write,write,,,video_small,pg_bytea,1,01-01-01-01-02-02-09_r01.mp4,5498397,0.200243,1,
write,write,,,video_small,mongo_gridfs,1,01-01-01-02-01-01-01_r01.mp4,5498397,0.081333,1,
write,write,,,video_small,pg_bytea,1,01-01-01-02-01-01-01_r01.mp4,5498397,0.165378,1,
write,write,,,video_small,polyglot,1,01-01-01-02-01-01-01_r01.mp4,5498397,0.058500,1,
write,write,,,video_small,polyglot,1,01-01-01-02-01-01-05_r01.mp4,5457041,0.144513,1,
write,write,,,video_small,pg_bytea,1,01-01-01-02-01-01-05_r01.mp4,5457041,0.135284,1,
write,write,,,video_small,mongo_gridfs,1,01-01-01-02-01-01-05_r01.mp4,5457041,0.058279,1,
write,write,,,video_small,mongo_gridfs,1,01-01-01-02-01-01-15_r01.mp4,5457041,0.059744,1,
write,write,,,video_small,pg_bytea,1,01-01-01-02-01-01-15_r01.mp4,5457041,0.251790,1,
write,write,,,video_small,polyglot,1,01-01-01-02-01-01-15_r01.mp4,5457041,0.057014,1,
write,write,,,video_small,pg_bytea,1,01-01-01-02-02-01-18_r01.mp4,5457041,0.424788,1,
write,write,,,video_small,polyglot,1,01-01-01-02-02-01-18_r01.mp4,5457041,0.048594,1,
write,write,,,video_small,mongo_gridfs,1,01-01-01-02-02-01-18_r01.mp4,5457041,0.044102,1,
write,write,,,video_small,mongo_gridfs,1,01-01-01-02-02-01-19_r01.mp4,5457041,0.053246,1,
write,write,,,video_small,pg_bytea,1,01-01-01-02-02-01-19_r01.mp4,5457041,0.142984,1,
write,write,,,video_small,polyglot,1,01-01-01-02-02-01-19_r01.mp4,5457041,0.060988,1,
write,write,,,video_small,polyglot,1,01-01-02-01-01-02-09_r01.mp4,5498397,0.049999,1,
write,write,,,video_small,mongo_gridfs,1,01-01-02-01-01-02-09_r01.mp4,5498397,0.046971,1,
write,write,,,video_small,pg_bytea,1,01-01-02-01-01-02-09_r01.mp4,5498397,0.162214,1,
write,write,,,video_small,pg_bytea,1,01-01-02-01-01-02-18_r01.mp4,5498397,0.208639,1,
write,write,,,video_small,mongo_gridfs,1,01-01-02-01-01-02-18_r01.mp4,5498397,0.055561,1,
write,write,,,video_small,polyglot,1,01-01-02-01-01-02-18_r01.mp4,5498397,0.049540,1,
write,write,,,video_small,polyglot,1,01-01-02-01-01-02-23_r01.mp4,5498397,0.049618,1,
write,write,,,video_small,mongo_gridfs,1,01-01-02-01-01-02-23_r01.mp4,5498397,0.059562,1,
write,write,,,video_small,pg_bytea,1,01-01-02-01-01-02-23_r01.mp4,5498397,0.144862,1,
write,write,,,video_small,mongo_gridfs,1,01-01-02-01-02-01-09_r01.mp4,5498397,0.057508,1,
write,write,,,video_small,polyglot,1,01-01-02-01-02-01-09_r01.mp4,5498397,0.055289,1,
write,write,,,video_small,pg_bytea,1,01-01-02-01-02-01-09_r01.mp4,5498397,0.144079,1,
write,write,,,video_small,mongo_gridfs,1,01-01-02-01-02-02-01_r01.mp4,5498397,0.051794,1,
write,write,,,video_small,pg_bytea,1,01-01-02-01-02-02-01_r01.mp4,5498397,0.362941,1,
write,write,,,video_small,polyglot,1,01-01-02-01-02-02-01_r01.mp4,5498397,0.074265,1,
write,write,,,video_small,mongo_gridfs,1,01-01-02-01-02-02-03_r01.mp4,5498397,0.044051,1,
write,write,,,video_small,pg_bytea,1,01-01-02-01-02-02-03_r01.mp4,5498397,0.137598,1,
write,write,,,video_small,polyglot,1,01-01-02-01-02-02-03_r01.mp4,5498397,0.058869,1,
write,write,,,video_small,pg_bytea,1,01-01-02-02-01-02-02_r01.mp4,5498397,0.135810,1,
write,write,,,video_small,mongo_gridfs,1,01-01-02-02-01-02-02_r01.mp4,5498397,0.046696,1,
write,write,,,video_small,polyglot,1,01-01-02-02-01-02-02_r01.mp4,5498397,0.053690,1,
write,write,,,video_small,polyglot,1,01-01-02-02-01-02-03_r01.mp4,5498397,0.054937,1,
write,write,,,video_small,mongo_gridfs,1,01-01-02-02-01-02-03_r01.mp4,5498397,0.062507,1,
write,write,,,video_small,pg_bytea,1,01-01-02-02-01-02-03_r01.mp4,5498397,0.284668,1,
write,write,,,video_small,polyglot,1,01-01-02-02-01-02-05_r01.mp4,5498397,0.044553,1,
write,write,,,video_small,pg_bytea,1,01-01-02-02-01-02-05_r01.mp4,5498397,0.134938,1,
write,write,,,video_small,mongo_gridfs,1,01-01-02-02-01-02-05_r01.mp4,5498397,0.042614,1,
write,write,,,video_small,mongo_gridfs,1,01-01-02-02-01-02-10_r01.mp4,5457041,0.042887,1,
write,write,,,video_small,polyglot,1,01-01-02-02-01-02-10_r01.mp4,5457041,0.046238,1,
write,write,,,video_small,pg_bytea,1,01-01-02-02-01-02-10_r01.mp4,5457041,0.133233,1,
write,write,,,video_small,mongo_gridfs,1,01-01-02-02-01-02-13_r01.mp4,5457041,0.055586,1,
write,write,,,video_small,polyglot,1,01-01-02-02-01-02-13_r01.mp4,5457041,0.056733,1,
write,write,,,video_small,pg_bytea,1,01-01-02-02-01-02-13_r01.mp4,5457041,0.129093,1,
write,write,,,video_small,mongo_gridfs,1,01-01-02-02-01-02-17_r01.mp4,5457041,0.057128,1,
write,write,,,video_small,pg_bytea,1,01-01-02-02-01-02-17_r01.mp4,5457041,0.292244,1,
write,write,,,video_small,polyglot,1,01-01-02-02-01-02-17_r01.mp4,5457041,0.051343,1,
write,write,,,video_small,mongo_gridfs,1,01-01-02-02-02-02-18_r01.mp4,5457041,0.056404,1,
write,write,,,video_small,pg_bytea,1,01-01-02-02-02-02-18_r01.mp4,5457041,0.142654,1,
write,write,,,video_small,polyglot,1,01-01-02-02-02-02-18_r01.mp4,5457041,0.059183,1,
write,write,,,video_small,mongo_gridfs,1,01-01-02-02-02-02-19_r01.mp4,5457041,0.052032,1,
write,write,,,video_small,polyglot,1,01-01-02-02-02-02-19_r01.mp4,5457041,0.050941,1,
write,write,,,video_small,pg_bytea,1,01-01-02-02-02-02-19_r01.mp4,5457041,0.138384,1,
write,write,,,video_small,mongo_gridfs,1,01-01-02-02-02-02-21_r01.mp4,5498397,0.002369,1,
write,write,,,video_small,pg_bytea,1,01-01-02-02-02-02-21_r01.mp4,5498397,0.001067,1,
write,write,,,video_small,polyglot,1,01-01-02-02-02-02-21_r01.mp4,5498397,0.002844,1,
write,write,,,video_small,polyglot,1,01-01-02-02-02-02-22_r01.mp4,5457041,0.063291,1,
write,write,,,video_small,pg_bytea,1,01-01-02-02-02-02-22_r01.mp4,5457041,0.587927,1,
write,write,,,video_small,mongo_gridfs,1,01-01-02-02-02-02-22_r01.mp4,5457041,0.054074,1,
write,write,,,video_small,polyglot,1,01-01-02-02-02-02-23_r01.mp4,5457041,0.047128,1,
write,write,,,video_small,mongo_gridfs,1,01-01-02-02-02-02-23_r01.mp4,5457041,0.045222,1,
write,write,,,video_small,pg_bytea,1,01-01-02-02-02-02-23_r01.mp4,5457041,0.138152,1,
write,write,,,video_small,pg_bytea,1,01-01-03-01-01-01-12_r01.mp4,5457041,0.154223,1,
write,write,,,video_small,polyglot,1,01-01-03-01-01-01-12_r01.mp4,5457041,0.063426,1,
write,write,,,video_small,mongo_gridfs,1,01-01-03-01-01-01-12_r01.mp4,5457041,0.048914,1,
write,write,,,video_small,polyglot,1,01-01-03-01-01-01-15_r01.mp4,5457041,0.053154,1,
write,write,,,video_small,pg_bytea,1,01-01-03-01-01-01-15_r01.mp4,5457041,0.165099,1,
write,write,,,video_small,mongo_gridfs,1,01-01-03-01-01-01-15_r01.mp4,5457041,0.048168,1,
write,write,,,video_small,mongo_gridfs,1,01-01-03-01-02-01-08_r01.mp4,5498397,0.123903,1,
write,write,,,video_small,polyglot,1,01-01-03-01-02-01-08_r01.mp4,5498397,0.122647,1,
write,write,,,video_small,pg_bytea,1,01-01-03-01-02-01-08_r01.mp4,5498397,0.337513,1,
write,write,,,video_small,mongo_gridfs,1,01-01-03-01-02-01-21_r01.mp4,5498397,0.060886,1,
write,write,,,video_small,polyglot,1,01-01-03-01-02-01-21_r01.mp4,5498397,0.224121,1,
write,write,,,video_small,pg_bytea,1,01-01-03-01-02-01-21_r01.mp4,5498397,0.192414,1,
write,write,,,video_small,pg_bytea,1,01-01-03-02-01-01-21_r01.mp4,5457041,0.150552,1,
write,write,,,video_small,polyglot,1,01-01-03-02-01-01-21_r01.mp4,5457041,0.179272,1,
write,write,,,video_small,mongo_gridfs,1,01-01-03-02-01-01-21_r01.mp4,5457041,0.065976,1,
write,write,,,video_small,polyglot,1,01-01-03-02-01-01-24_r01.mp4,5457041,0.056410,1,
write,write,,,video_small,pg_bytea,1,01-01-03-02-01-01-24_r01.mp4,5457041,0.202202,1,
write,write,,,video_small,mongo_gridfs,1,01-01-03-02-01-01-24_r01.mp4,5457041,0.051167,1,
write,write,,,video_small,mongo_gridfs,1,01-01-03-02-01-02-01_r01.mp4,5457041,0.052783,1,
write,write,,,video_small,pg_bytea,1,01-01-03-02-01-02-01_r01.mp4,5457041,0.172891,1,
write,write,,,video_small,polyglot,1,01-01-03-02-01-02-01_r01.mp4,5457041,0.064502,1,
write,write,,,video_small,mongo_gridfs,1,01-01-03-02-01-02-15_r01.mp4,5457041,0.057881,1,
write,write,,,video_small,polyglot,1,01-01-03-02-01-02-15_r01.mp4,5457041,0.048592,1,
write,write,,,video_small,pg_bytea,1,01-01-03-02-01-02-15_r01.mp4,5457041,0.143110,1,
write,write,,,video_small,polyglot,1,01-01-03-02-02-01-05_r01.mp4,5457041,0.071765,1,
write,write,,,video_small,pg_bytea,1,01-01-03-02-02-01-05_r01.mp4,5457041,0.141599,1,
write,write,,,video_small,mongo_gridfs,1,01-01-03-02-02-01-05_r01.mp4,5457041,0.055396,1,
write,write,,,video_small,mongo_gridfs,1,01-01-03-02-02-01-12_r01.mp4,5457041,0.087500,1,
write,write,,,video_small,polyglot,1,01-01-03-02-02-01-12_r01.mp4,5457041,0.048105,1,
write,write,,,video_small,pg_bytea,1,01-01-03-02-02-01-12_r01.mp4,5457041,0.154764,1,
write,write,,,video_small,polyglot,1,01-01-03-02-02-01-15_r01.mp4,5498397,0.057292,1,
write,write,,,video_small,pg_bytea,1,01-01-03-02-02-01-15_r01.mp4,5498397,0.134469,1,
write,write,,,video_small,mongo_gridfs,1,01-01-03-02-02-01-15_r01.mp4,5498397,0.056221,1,
write,write,,,video_small,mongo_gridfs,1,01-01-04-01-01-01-03_r01.mp4,5457041,0.053908,1,
write,write,,,video_small,pg_bytea,1,01-01-04-01-01-01-03_r01.mp4,5457041,0.139182,1,
write,write,,,video_small,polyglot,1,01-01-04-01-01-01-03_r01.mp4,5457041,0.066514,1,
write,write,,,video_small,polyglot,1,01-01-04-01-01-01-05_r01.mp4,5498397,0.075254,1,
write,write,,,video_small,pg_bytea,1,01-01-04-01-01-01-05_r01.mp4,5498397,0.210142,1,
write,write,,,video_small,mongo_gridfs,1,01-01-04-01-01-01-05_r01.mp4,5498397,0.122358,1,
write,write,,,video_small,pg_bytea,1,01-01-04-01-01-01-10_r01.mp4,5457041,0.153136,1,
write,write,,,video_small,mongo_gridfs,1,01-01-04-01-01-01-10_r01.mp4,5457041,0.055884,1,
write,write,,,video_small,polyglot,1,01-01-04-01-01-01-10_r01.mp4,5457041,0.059382,1,
write,write,,,video_small,polyglot,1,01-01-04-01-01-01-16_r01.mp4,5457041,0.051274,1,
write,write,,,video_small,pg_bytea,1,01-01-04-01-01-01-16_r01.mp4,5457041,0.150534,1,
write,write,,,video_small,mongo_gridfs,1,01-01-04-01-01-01-16_r01.mp4,5457041,0.055801,1,
write,write,,,video_small,pg_bytea,1,01-01-04-01-02-01-19_r01.mp4,5498397,0.158051,1,
write,write,,,video_small,polyglot,1,01-01-04-01-02-01-19_r01.mp4,5498397,0.056077,1,
write,write,,,video_small,mongo_gridfs,1,01-01-04-01-02-01-19_r01.mp4,5498397,0.040309,1,
write,write,,,video_small,pg_bytea,1,01-01-04-01-02-01-21_r01.mp4,5498397,0.142692,1,
write,write,,,video_small,polyglot,1,01-01-04-01-02-01-21_r01.mp4,5498397,0.060811,1,
write,write,,,video_small,mongo_gridfs,1,01-01-04-01-02-01-21_r01.mp4,5498397,0.051716,1,
write,write,,,video_small,pg_bytea,1,01-01-04-01-02-01-22_r01.mp4,5498397,0.151820,1,
write,write,,,video_small,polyglot,1,01-01-04-01-02-01-22_r01.mp4,5498397,0.059553,1,
write,write,,,video_small,mongo_gridfs,1,01-01-04-01-02-01-22_r01.mp4,5498397,0.067807,1,
write,write,,,video_small,pg_bytea,1,01-01-04-02-01-01-18_r01.mp4,5498397,0.161090,1,
write,write,,,video_small,polyglot,1,01-01-04-02-01-01-18_r01.mp4,5498397,0.070042,1,
write,write,,,video_small,mongo_gridfs,1,01-01-04-02-01-01-18_r01.mp4,5498397,0.070816,1,
write,write,,,video_small,polyglot,1,01-01-04-02-01-01-19_r01.mp4,5457041,0.002745,1,
write,write,,,video_small,pg_bytea,1,01-01-04-02-01-01-19_r01.mp4,5457041,0.000830,1,
write,write,,,video_small,mongo_gridfs,1,01-01-04-02-01-01-19_r01.mp4,5457041,0.001171,1,
write,write,,,video_small,pg_bytea,1,01-01-04-02-02-01-02_r01.mp4,5498397,0.143054,1,
write,write,,,video_small,mongo_gridfs,1,01-01-04-02-02-01-02_r01.mp4,5498397,0.047934,1,
write,write,,,video_small,polyglot,1,01-01-04-02-02-01-02_r01.mp4,5498397,0.049943,1,
write,write,,,video_small,polyglot,1,01-01-04-02-02-01-05_r01.mp4,5498397,0.049247,1,
write,write,,,video_small,pg_bytea,1,01-01-04-02-02-01-05_r01.mp4,5498397,0.179139,1,
write,write,,,video_small,mongo_gridfs,1,01-01-04-02-02-01-05_r01.mp4,5498397,0.169743,1,
write,write,,,video_small,pg_bytea,1,01-01-04-02-02-01-06_r01.mp4,5498397,0.133798,1,
write,write,,,video_small,mongo_gridfs,1,01-01-04-02-02-01-06_r01.mp4,5498397,0.053877,1,
write,write,,,video_small,polyglot,1,01-01-04-02-02-01-06_r01.mp4,5498397,0.076181,1,
write,write,,,video_small,polyglot,1,01-01-04-02-02-01-13_r01.mp4,5498397,0.154847,1,
write,write,,,video_small,mongo_gridfs,1,01-01-04-02-02-01-13_r01.mp4,5498397,0.059270,1,
write,write,,,video_small,pg_bytea,1,01-01-04-02-02-01-13_r01.mp4,5498397,0.146163,1,
write,write,,,video_small,pg_bytea,1,01-01-04-02-02-01-17_r01.mp4,5498397,0.139865,1,
write,write,,,video_small,mongo_gridfs,1,01-01-04-02-02-01-17_r01.mp4,5498397,0.122285,1,
write,write,,,video_small,polyglot,1,01-01-04-02-02-01-17_r01.mp4,5498397,0.062513,1,
write,write,,,video_small,mongo_gridfs,1,01-01-04-02-02-02-19_r01.mp4,5498397,0.072979,1,
write,write,,,video_small,polyglot,1,01-01-04-02-02-02-19_r01.mp4,5498397,0.057948,1,
write,write,,,video_small,pg_bytea,1,01-01-04-02-02-02-19_r01.mp4,5498397,0.152069,1,
write,write,,,video_small,pg_bytea,1,01-01-05-01-01-02-09_r01.mp4,5498397,0.142323,1,
write,write,,,video_small,mongo_gridfs,1,01-01-05-01-01-02-09_r01.mp4,5498397,0.046036,1,
write,write,,,video_small,polyglot,1,01-01-05-01-01-02-09_r01.mp4,5498397,0.048706,1,
write,write,,,video_small,pg_bytea,1,01-01-05-01-01-02-19_r01.mp4,5498397,0.142647,1,
write,write,,,video_small,polyglot,1,01-01-05-01-01-02-19_r01.mp4,5498397,0.155539,1,
write,write,,,video_small,mongo_gridfs,1,01-01-05-01-01-02-19_r01.mp4,5498397,0.186085,1,
write,write,,,video_small,pg_bytea,1,01-01-05-01-01-02-21_r01.mp4,5457041,0.212848,1,
write,write,,,video_small,mongo_gridfs,1,01-01-05-01-01-02-21_r01.mp4,5457041,0.052584,1,
write,write,,,video_small,polyglot,1,01-01-05-01-01-02-21_r01.mp4,5457041,0.053364,1,
write,write,,,video_small,mongo_gridfs,1,01-01-05-01-02-01-19_r01.mp4,5457041,0.044371,1,
write,write,,,video_small,pg_bytea,1,01-01-05-01-02-01-19_r01.mp4,5457041,0.150705,1,
write,write,,,video_small,polyglot,1,01-01-05-01-02-01-19_r01.mp4,5457041,0.047257,1,
write,write,,,video_small,mongo_gridfs,1,01-01-05-01-02-02-04_r01.mp4,5457041,0.044174,1,
write,write,,,video_small,polyglot,1,01-01-05-01-02-02-04_r01.mp4,5457041,0.097084,1,
write,write,,,video_small,pg_bytea,1,01-01-05-01-02-02-04_r01.mp4,5457041,0.139811,1,
write,write,,,video_small,polyglot,1,01-01-05-01-02-02-05_r01.mp4,5498397,0.075409,1,
write,write,,,video_small,mongo_gridfs,1,01-01-05-01-02-02-05_r01.mp4,5498397,0.044975,1,
write,write,,,video_small,pg_bytea,1,01-01-05-01-02-02-05_r01.mp4,5498397,0.149318,1,
write,write,,,video_small,mongo_gridfs,1,01-01-05-02-01-02-04_r01.mp4,5457041,0.068161,1,
write,write,,,video_small,polyglot,1,01-01-05-02-01-02-04_r01.mp4,5457041,0.090854,1,
write,write,,,video_small,pg_bytea,1,01-01-05-02-01-02-04_r01.mp4,5457041,0.166786,1,
write,write,,,video_small,mongo_gridfs,1,01-01-05-02-01-02-12_r01.mp4,5457041,0.044867,1,
write,write,,,video_small,polyglot,1,01-01-05-02-01-02-12_r01.mp4,5457041,0.051306,1,
write,write,,,video_small,pg_bytea,1,01-01-05-02-01-02-12_r01.mp4,5457041,0.139404,1,
write,write,,,video_small,mongo_gridfs,1,01-01-05-02-01-02-14_r01.mp4,5457041,0.062298,1,
write,write,,,video_small,pg_bytea,1,01-01-05-02-01-02-14_r01.mp4,5457041,0.139620,1,
write,write,,,video_small,polyglot,1,01-01-05-02-01-02-14_r01.mp4,5457041,0.057330,1,
write,write,,,video_small,mongo_gridfs,1,01-01-05-02-02-02-19_r01.mp4,5498397,0.044038,1,
write,write,,,video_small,pg_bytea,1,01-01-05-02-02-02-19_r01.mp4,5498397,0.146792,1,
write,write,,,video_small,polyglot,1,01-01-05-02-02-02-19_r01.mp4,5498397,0.053753,1,
write,write,,,video_small,pg_bytea,1,01-01-05-02-02-02-20_r01.mp4,5498397,0.158132,1,
write,write,,,video_small,polyglot,1,01-01-05-02-02-02-20_r01.mp4,5498397,0.147277,1,
write,write,,,video_small,mongo_gridfs,1,01-01-05-02-02-02-20_r01.mp4,5498397,0.135667,1,
write,write,,,video_small,pg_bytea,1,01-01-05-02-02-02-23_r01.mp4,5498397,0.143275,1,
write,write,,,video_small,mongo_gridfs,1,01-01-05-02-02-02-23_r01.mp4,5498397,0.068974,1,
write,write,,,video_small,polyglot,1,01-01-05-02-02-02-23_r01.mp4,5498397,0.069883,1,
write,write,,,video_small,mongo_gridfs,1,01-01-06-01-01-01-08_r01.mp4,5457041,0.053231,1,
write,write,,,video_small,polyglot,1,01-01-06-01-01-01-08_r01.mp4,5457041,0.281282,1,
write,write,,,video_small,pg_bytea,1,01-01-06-01-01-01-08_r01.mp4,5457041,0.153690,1,
write,write,,,video_small,polyglot,1,01-01-06-01-01-01-19_r01.mp4,5457041,0.182145,1,
write,write,,,video_small,pg_bytea,1,01-01-06-01-01-01-19_r01.mp4,5457041,0.172970,1,
write,write,,,video_small,mongo_gridfs,1,01-01-06-01-01-01-19_r01.mp4,5457041,0.044977,1,
write,write,,,video_small,mongo_gridfs,1,01-01-06-01-01-01-24_r01.mp4,5498397,0.060080,1,
write,write,,,video_small,polyglot,1,01-01-06-01-01-01-24_r01.mp4,5498397,0.056891,1,
write,write,,,video_small,pg_bytea,1,01-01-06-01-01-01-24_r01.mp4,5498397,0.141713,1,
write,write,,,video_medium,polyglot,1,tsinghua_v_0024_r01.mp4,13091522,0.178038,1,
write,write,,,video_medium,mongo_gridfs,1,tsinghua_v_0024_r01.mp4,13091522,0.248596,1,
write,write,,,video_medium,pg_bytea,1,tsinghua_v_0024_r01.mp4,13091522,0.453886,1,
write,write,,,video_medium,pg_bytea,1,tsinghua_v_0046_r01.mp4,13091522,0.481859,1,
write,write,,,video_medium,polyglot,1,tsinghua_v_0046_r01.mp4,13091522,0.146183,1,
write,write,,,video_medium,mongo_gridfs,1,tsinghua_v_0046_r01.mp4,13091522,0.123397,1,
write,write,,,video_medium,pg_bytea,1,tsinghua_v_0076_r01.mp4,13091522,0.377314,1,
write,write,,,video_medium,polyglot,1,tsinghua_v_0076_r01.mp4,13091522,0.341052,1,
write,write,,,video_medium,mongo_gridfs,1,tsinghua_v_0076_r01.mp4,13091522,0.143113,1,
write,write,,,video_medium,pg_bytea,1,tsinghua_v_0080_r01.mp4,13091522,0.436944,1,
write,write,,,video_medium,polyglot,1,tsinghua_v_0080_r01.mp4,13091522,0.118136,1,
write,write,,,video_medium,mongo_gridfs,1,tsinghua_v_0080_r01.mp4,13091522,0.103613,1,
write,write,,,video_medium,mongo_gridfs,1,tsinghua_v_0109_r01.mp4,13091522,0.125048,1,
write,write,,,video_medium,pg_bytea,1,tsinghua_v_0109_r01.mp4,13091522,0.352881,1,
write,write,,,video_medium,polyglot,1,tsinghua_v_0109_r01.mp4,13091522,0.126302,1,
write,write,,,video_medium,mongo_gridfs,1,tsinghua_v_0123_r01.mp4,13091522,0.154671,1,
write,write,,,video_medium,polyglot,1,tsinghua_v_0123_r01.mp4,13091522,0.252524,1,
write,write,,,video_medium,pg_bytea,1,tsinghua_v_0123_r01.mp4,13091522,0.446733,1,
write,write,,,video_medium,polyglot,1,tsinghua_v_0130_r01.mp4,13091522,0.240198,1,
write,write,,,video_medium,mongo_gridfs,1,tsinghua_v_0130_r01.mp4,13091522,0.132184,1,
write,write,,,video_medium,pg_bytea,1,tsinghua_v_0130_r01.mp4,13091522,0.373498,1,
write,write,,,video_medium,mongo_gridfs,1,tsinghua_v_0135_r01.mp4,13091522,0.199847,1,
write,write,,,video_medium,pg_bytea,1,tsinghua_v_0135_r01.mp4,13091522,0.323408,1,
write,write,,,video_medium,polyglot,1,tsinghua_v_0135_r01.mp4,13091522,0.238149,1,
write,write,,,video_medium,polyglot,1,tsinghua_v_0137_r01.mp4,13091522,0.162819,1,
write,write,,,video_medium,pg_bytea,1,tsinghua_v_0137_r01.mp4,13091522,0.334375,1,
write,write,,,video_medium,mongo_gridfs,1,tsinghua_v_0137_r01.mp4,13091522,0.107826,1,
write,write,,,video_medium,mongo_gridfs,1,tsinghua_v_0140_r01.mp4,13091522,0.150527,1,
write,write,,,video_medium,pg_bytea,1,tsinghua_v_0140_r01.mp4,13091522,0.391244,1,
write,write,,,video_medium,polyglot,1,tsinghua_v_0140_r01.mp4,13091522,0.117679,1,
write,write,,,video_medium,pg_bytea,1,tsinghua_v_0151_r01.mp4,13091522,0.315380,1,
write,write,,,video_medium,mongo_gridfs,1,tsinghua_v_0151_r01.mp4,13091522,0.104069,1,
write,write,,,video_medium,polyglot,1,tsinghua_v_0151_r01.mp4,13091522,0.180730,1,
write,write,,,video_medium,polyglot,1,tsinghua_v_0157_r01.mp4,13091522,0.195501,1,
write,write,,,video_medium,pg_bytea,1,tsinghua_v_0157_r01.mp4,13091522,0.366148,1,
write,write,,,video_medium,mongo_gridfs,1,tsinghua_v_0157_r01.mp4,13091522,0.189713,1,
write,write,,,video_medium,pg_bytea,1,tsinghua_v_0209_r01.mp4,13091522,0.400388,1,
write,write,,,video_medium,mongo_gridfs,1,tsinghua_v_0209_r01.mp4,13091522,0.135296,1,
write,write,,,video_medium,polyglot,1,tsinghua_v_0209_r01.mp4,13091522,0.122074,1,
write,write,,,video_medium,pg_bytea,1,tsinghua_v_0226_r01.mp4,13091522,0.392754,1,
write,write,,,video_medium,polyglot,1,tsinghua_v_0226_r01.mp4,13091522,0.180343,1,
write,write,,,video_medium,mongo_gridfs,1,tsinghua_v_0226_r01.mp4,13091522,0.120261,1,
write,write,,,video_medium,polyglot,1,tsinghua_v_0236_r01.mp4,13091522,0.498789,1,
write,write,,,video_medium,mongo_gridfs,1,tsinghua_v_0236_r01.mp4,13091522,0.148934,1,
write,write,,,video_medium,pg_bytea,1,tsinghua_v_0236_r01.mp4,13091522,0.399711,1,
write,write,,,video_medium,polyglot,1,tsinghua_v_0274_r01.mp4,13091522,0.181290,1,
write,write,,,video_medium,pg_bytea,1,tsinghua_v_0274_r01.mp4,13091522,0.435483,1,
write,write,,,video_medium,mongo_gridfs,1,tsinghua_v_0274_r01.mp4,13091522,0.157417,1,
write,write,,,video_medium,polyglot,1,tsinghua_v_0280_r01.mp4,13091522,0.157861,1,
write,write,,,video_medium,pg_bytea,1,tsinghua_v_0280_r01.mp4,13091522,0.365811,1,
write,write,,,video_medium,mongo_gridfs,1,tsinghua_v_0280_r01.mp4,13091522,0.097381,1,
write,write,,,video_medium,pg_bytea,1,tsinghua_v_0302_r01.mp4,13091522,0.370150,1,
write,write,,,video_medium,mongo_gridfs,1,tsinghua_v_0302_r01.mp4,13091522,0.101149,1,
write,write,,,video_medium,polyglot,1,tsinghua_v_0302_r01.mp4,13091522,0.129116,1,
write,write,,,video_medium,polyglot,1,tsinghua_v_0311_r01.mp4,13091522,0.227647,1,
write,write,,,video_medium,mongo_gridfs,1,tsinghua_v_0311_r01.mp4,13091522,0.099558,1,
write,write,,,video_medium,pg_bytea,1,tsinghua_v_0311_r01.mp4,13091522,0.601547,1,
write,write,,,video_medium,pg_bytea,1,tsinghua_v_0316_r01.mp4,13091522,0.332084,1,
write,write,,,video_medium,mongo_gridfs,1,tsinghua_v_0316_r01.mp4,13091522,0.106648,1,
write,write,,,video_medium,polyglot,1,tsinghua_v_0316_r01.mp4,13091522,0.121554,1,
write,write,,,video_medium,mongo_gridfs,1,tsinghua_v_0319_r01.mp4,13091522,0.116480,1,
write,write,,,video_medium,polyglot,1,tsinghua_v_0319_r01.mp4,13091522,0.103036,1,
write,write,,,video_medium,pg_bytea,1,tsinghua_v_0319_r01.mp4,13091522,0.435130,1,
write,write,,,video_medium,mongo_gridfs,1,tsinghua_v_0321_r01.mp4,13091522,0.116083,1,
write,write,,,video_medium,pg_bytea,1,tsinghua_v_0321_r01.mp4,13091522,0.310512,1,
write,write,,,video_medium,polyglot,1,tsinghua_v_0321_r01.mp4,13091522,0.208638,1,
write,write,,,video_medium,pg_bytea,1,tsinghua_v_0331_r01.mp4,13091522,0.308604,1,
write,write,,,video_medium,mongo_gridfs,1,tsinghua_v_0331_r01.mp4,13091522,0.129766,1,
write,write,,,video_medium,polyglot,1,tsinghua_v_0331_r01.mp4,13091522,0.113462,1,
write,write,,,video_medium,polyglot,1,tsinghua_v_0345_r01.mp4,13091522,0.125730,1,
write,write,,,video_medium,mongo_gridfs,1,tsinghua_v_0345_r01.mp4,13091522,0.132878,1,
write,write,,,video_medium,pg_bytea,1,tsinghua_v_0345_r01.mp4,13091522,0.368822,1,
write,write,,,video_medium,polyglot,1,tsinghua_v_0356_r01.mp4,13091522,0.133440,1,
write,write,,,video_medium,pg_bytea,1,tsinghua_v_0356_r01.mp4,13091522,0.491569,1,
write,write,,,video_medium,mongo_gridfs,1,tsinghua_v_0356_r01.mp4,13091522,0.118639,1,
write,write,,,video_medium,polyglot,1,tsinghua_v_0357_r01.mp4,13091522,0.105486,1,
write,write,,,video_medium,pg_bytea,1,tsinghua_v_0357_r01.mp4,13091522,0.376027,1,
write,write,,,video_medium,mongo_gridfs,1,tsinghua_v_0357_r01.mp4,13091522,0.129530,1,
write,write,,,video_medium,mongo_gridfs,1,tsinghua_v_0379_r01.mp4,13091522,0.115795,1,
write,write,,,video_medium,pg_bytea,1,tsinghua_v_0379_r01.mp4,13091522,0.478840,1,
write,write,,,video_medium,polyglot,1,tsinghua_v_0379_r01.mp4,13091522,0.111591,1,
write,write,,,video_medium,mongo_gridfs,1,tsinghua_v_0393_r01.mp4,13091522,0.108909,1,
write,write,,,video_medium,polyglot,1,tsinghua_v_0393_r01.mp4,13091522,0.394224,1,
write,write,,,video_medium,pg_bytea,1,tsinghua_v_0393_r01.mp4,13091522,0.404857,1,
write,write,,,video_medium,polyglot,1,tsinghua_v_0421_r01.mp4,13091522,0.116467,1,
write,write,,,video_medium,pg_bytea,1,tsinghua_v_0421_r01.mp4,13091522,0.376198,1,
write,write,,,video_medium,mongo_gridfs,1,tsinghua_v_0421_r01.mp4,13091522,0.105334,1,
write,write,,,video_medium,mongo_gridfs,1,tsinghua_v_0424_r01.mp4,13091522,0.108446,1,
write,write,,,video_medium,pg_bytea,1,tsinghua_v_0424_r01.mp4,13091522,0.324591,1,
write,write,,,video_medium,polyglot,1,tsinghua_v_0424_r01.mp4,13091522,0.117985,1,
write,write,,,video_medium,mongo_gridfs,1,tsinghua_v_0427_r01.mp4,13091522,0.095526,1,
write,write,,,video_medium,pg_bytea,1,tsinghua_v_0427_r01.mp4,13091522,0.378970,1,
write,write,,,video_medium,polyglot,1,tsinghua_v_0427_r01.mp4,13091522,0.103033,1,
write,write,,,video_medium,mongo_gridfs,1,tsinghua_v_0431_r01.mp4,13091522,0.098754,1,
write,write,,,video_medium,polyglot,1,tsinghua_v_0431_r01.mp4,13091522,0.095631,1,
write,write,,,video_medium,pg_bytea,1,tsinghua_v_0431_r01.mp4,13091522,0.309584,1,
write,write,,,video_medium,mongo_gridfs,1,tsinghua_v_0452_r01.mp4,13091522,0.100769,1,
write,write,,,video_medium,pg_bytea,1,tsinghua_v_0452_r01.mp4,13091522,0.396717,1,
write,write,,,video_medium,polyglot,1,tsinghua_v_0452_r01.mp4,13091522,0.106332,1,
write,write,,,video_medium,pg_bytea,1,tsinghua_v_0454_r01.mp4,13091522,0.384571,1,
write,write,,,video_medium,polyglot,1,tsinghua_v_0454_r01.mp4,13091522,0.105315,1,
write,write,,,video_medium,mongo_gridfs,1,tsinghua_v_0454_r01.mp4,13091522,0.101664,1,
write,write,,,video_medium,pg_bytea,1,tsinghua_v_0457_r01.mp4,13091522,0.298962,1,
write,write,,,video_medium,mongo_gridfs,1,tsinghua_v_0457_r01.mp4,13091522,0.108280,1,
write,write,,,video_medium,polyglot,1,tsinghua_v_0457_r01.mp4,13091522,0.105136,1,
write,write,,,video_medium,polyglot,1,tsinghua_v_0466_r01.mp4,13091522,0.104736,1,
write,write,,,video_medium,mongo_gridfs,1,tsinghua_v_0466_r01.mp4,13091522,0.103060,1,
write,write,,,video_medium,pg_bytea,1,tsinghua_v_0466_r01.mp4,13091522,0.401565,1,
write,write,,,video_medium,pg_bytea,1,tsinghua_v_0471_r01.mp4,13091522,0.323623,1,
write,write,,,video_medium,polyglot,1,tsinghua_v_0471_r01.mp4,13091522,0.113654,1,
write,write,,,video_medium,mongo_gridfs,1,tsinghua_v_0471_r01.mp4,13091522,0.096239,1,
write,write,,,video_medium,mongo_gridfs,1,tsinghua_v_0472_r01.mp4,13091522,0.099853,1,
write,write,,,video_medium,polyglot,1,tsinghua_v_0472_r01.mp4,13091522,0.105808,1,
write,write,,,video_medium,pg_bytea,1,tsinghua_v_0472_r01.mp4,13091522,0.455520,1,
write,write,,,video_medium,polyglot,1,tsinghua_v_0494_r01.mp4,13091522,0.118261,1,
write,write,,,video_medium,mongo_gridfs,1,tsinghua_v_0494_r01.mp4,13091522,0.123127,1,
write,write,,,video_medium,pg_bytea,1,tsinghua_v_0494_r01.mp4,13091522,0.336056,1,
write,write,,,video_medium,mongo_gridfs,1,tsinghua_v_0503_r01.mp4,13091522,0.104366,1,
write,write,,,video_medium,polyglot,1,tsinghua_v_0503_r01.mp4,13091522,0.202091,1,
write,write,,,video_medium,pg_bytea,1,tsinghua_v_0503_r01.mp4,13091522,0.311197,1,
write,write,,,video_medium,pg_bytea,1,tsinghua_v_0509_r01.mp4,13091522,0.308090,1,
write,write,,,video_medium,polyglot,1,tsinghua_v_0509_r01.mp4,13091522,0.107600,1,
write,write,,,video_medium,mongo_gridfs,1,tsinghua_v_0509_r01.mp4,13091522,0.111453,1,
write,write,,,video_medium,mongo_gridfs,1,tsinghua_v_0523_r01.mp4,13091522,0.110034,1,
write,write,,,video_medium,pg_bytea,1,tsinghua_v_0523_r01.mp4,13091522,0.349213,1,
write,write,,,video_medium,polyglot,1,tsinghua_v_0523_r01.mp4,13091522,0.108542,1,
write,write,,,video_medium,mongo_gridfs,1,tsinghua_v_0546_r01.mp4,13091522,0.102799,1,
write,write,,,video_medium,polyglot,1,tsinghua_v_0546_r01.mp4,13091522,0.165560,1,
write,write,,,video_medium,pg_bytea,1,tsinghua_v_0546_r01.mp4,13091522,0.382534,1,
write,write,,,video_medium,polyglot,1,tsinghua_v_0568_r01.mp4,13091522,0.101389,1,
write,write,,,video_medium,pg_bytea,1,tsinghua_v_0568_r01.mp4,13091522,0.398795,1,
write,write,,,video_medium,mongo_gridfs,1,tsinghua_v_0568_r01.mp4,13091522,0.098654,1,
write,write,,,video_medium,pg_bytea,1,tsinghua_v_0594_r01.mp4,13091522,0.320234,1,
write,write,,,video_medium,mongo_gridfs,1,tsinghua_v_0594_r01.mp4,13091522,0.107196,1,
write,write,,,video_medium,polyglot,1,tsinghua_v_0594_r01.mp4,13091522,0.104227,1,
write,write,,,video_medium,mongo_gridfs,1,tsinghua_v_0596_r01.mp4,13091522,0.102946,1,
write,write,,,video_medium,pg_bytea,1,tsinghua_v_0596_r01.mp4,13091522,0.424279,1,
write,write,,,video_medium,polyglot,1,tsinghua_v_0596_r01.mp4,13091522,0.153391,1,
write,write,,,video_medium,polyglot,1,tsinghua_v_0635_r01.mp4,13091522,0.189774,1,
write,write,,,video_medium,mongo_gridfs,1,tsinghua_v_0635_r01.mp4,13091522,0.123515,1,
write,write,,,video_medium,pg_bytea,1,tsinghua_v_0635_r01.mp4,13091522,0.509829,1,
write,write,,,video_medium,polyglot,1,tsinghua_v_0653_r01.mp4,13091522,0.110715,1,
write,write,,,video_medium,pg_bytea,1,tsinghua_v_0653_r01.mp4,13091522,0.673897,1,
write,write,,,video_medium,mongo_gridfs,1,tsinghua_v_0653_r01.mp4,13091522,0.120022,1,
write,write,,,video_medium,mongo_gridfs,1,tsinghua_v_0667_r01.mp4,13091522,0.113825,1,
write,write,,,video_medium,pg_bytea,1,tsinghua_v_0667_r01.mp4,13091522,0.367439,1,
write,write,,,video_medium,polyglot,1,tsinghua_v_0667_r01.mp4,13091522,0.105933,1,
write,write,,,video_medium,pg_bytea,1,tsinghua_v_0673_r01.mp4,13091522,0.358596,1,
write,write,,,video_medium,polyglot,1,tsinghua_v_0673_r01.mp4,13091522,0.104566,1,
write,write,,,video_medium,mongo_gridfs,1,tsinghua_v_0673_r01.mp4,13091522,0.098552,1,
write,write,,,video_medium,pg_bytea,1,tsinghua_v_0681_r01.mp4,13091522,0.316589,1,
write,write,,,video_medium,polyglot,1,tsinghua_v_0681_r01.mp4,13091522,0.105635,1,
write,write,,,video_medium,mongo_gridfs,1,tsinghua_v_0681_r01.mp4,13091522,0.105335,1,
write,write,,,video_medium,pg_bytea,1,tsinghua_v_0690_r01.mp4,13091522,0.343758,1,
write,write,,,video_medium,mongo_gridfs,1,tsinghua_v_0690_r01.mp4,13091522,0.107907,1,
write,write,,,video_medium,polyglot,1,tsinghua_v_0690_r01.mp4,13091522,0.101951,1,
write,write,,,video_medium,mongo_gridfs,1,tsinghua_v_0692_r01.mp4,13091522,0.103031,1,
write,write,,,video_medium,pg_bytea,1,tsinghua_v_0692_r01.mp4,13091522,0.445482,1,
write,write,,,video_medium,polyglot,1,tsinghua_v_0692_r01.mp4,13091522,0.097677,1,
write,write,,,video_medium,polyglot,1,tsinghua_v_0696_r01.mp4,13091522,0.096117,1,
write,write,,,video_medium,pg_bytea,1,tsinghua_v_0696_r01.mp4,13091522,0.317606,1,
write,write,,,video_medium,mongo_gridfs,1,tsinghua_v_0696_r01.mp4,13091522,0.111075,1,
write,write,,,video_medium,pg_bytea,1,tsinghua_v_0734_r01.mp4,13091522,0.338135,1,
write,write,,,video_medium,polyglot,1,tsinghua_v_0734_r01.mp4,13091522,0.113939,1,
write,write,,,video_medium,mongo_gridfs,1,tsinghua_v_0734_r01.mp4,13091522,0.094934,1,
write,write,,,video_medium,pg_bytea,1,tsinghua_v_0737_r01.mp4,13091522,0.308976,1,
write,write,,,video_medium,polyglot,1,tsinghua_v_0737_r01.mp4,13091522,0.099631,1,
write,write,,,video_medium,mongo_gridfs,1,tsinghua_v_0737_r01.mp4,13091522,0.111149,1,
write,write,,,video_medium,pg_bytea,1,tsinghua_v_0744_r01.mp4,13091522,0.355262,1,
write,write,,,video_medium,polyglot,1,tsinghua_v_0744_r01.mp4,13091522,0.097337,1,
write,write,,,video_medium,mongo_gridfs,1,tsinghua_v_0744_r01.mp4,13091522,0.094564,1,
write,write,,,video_medium,polyglot,1,tsinghua_v_0745_r01.mp4,13091522,0.096957,1,
write,write,,,video_medium,mongo_gridfs,1,tsinghua_v_0745_r01.mp4,13091522,0.096074,1,
write,write,,,video_medium,pg_bytea,1,tsinghua_v_0745_r01.mp4,13091522,0.304563,1,
write,write,,,video_medium,mongo_gridfs,1,tsinghua_v_0769_r01.mp4,13091522,0.123603,1,
write,write,,,video_medium,polyglot,1,tsinghua_v_0769_r01.mp4,13091522,0.104116,1,
write,write,,,video_medium,pg_bytea,1,tsinghua_v_0769_r01.mp4,13091522,0.366026,1,
write,write,,,video_medium,mongo_gridfs,1,tsinghua_v_0791_r01.mp4,13091522,0.090607,1,
write,write,,,video_medium,pg_bytea,1,tsinghua_v_0791_r01.mp4,13091522,0.319959,1,
write,write,,,video_medium,polyglot,1,tsinghua_v_0791_r01.mp4,13091522,0.119382,1,
write,write,,,video_medium,pg_bytea,1,tsinghua_v_0792_r01.mp4,13091522,0.313716,1,
write,write,,,video_medium,polyglot,1,tsinghua_v_0792_r01.mp4,13091522,0.109259,1,
write,write,,,video_medium,mongo_gridfs,1,tsinghua_v_0792_r01.mp4,13091522,0.095695,1,
write,write,,,video_medium,mongo_gridfs,1,tsinghua_v_0857_r01.mp4,13091522,0.098241,1,
write,write,,,video_medium,pg_bytea,1,tsinghua_v_0857_r01.mp4,13091522,0.437631,1,
write,write,,,video_medium,polyglot,1,tsinghua_v_0857_r01.mp4,13091522,0.151952,1,
write,write,,,video_medium,mongo_gridfs,1,tsinghua_v_0866_r01.mp4,13091522,0.122500,1,
write,write,,,video_medium,polyglot,1,tsinghua_v_0866_r01.mp4,13091522,0.110300,1,
write,write,,,video_medium,pg_bytea,1,tsinghua_v_0866_r01.mp4,13091522,0.322332,1,
write,write,,,video_medium,mongo_gridfs,1,tsinghua_v_0880_r01.mp4,13091522,0.106337,1,
write,write,,,video_medium,polyglot,1,tsinghua_v_0880_r01.mp4,13091522,0.203394,1,
write,write,,,video_medium,pg_bytea,1,tsinghua_v_0880_r01.mp4,13091522,0.321003,1,
write,write,,,video_medium,mongo_gridfs,1,tsinghua_v_0888_r01.mp4,13091522,0.095634,1,
write,write,,,video_medium,pg_bytea,1,tsinghua_v_0888_r01.mp4,13091522,0.406149,1,
write,write,,,video_medium,polyglot,1,tsinghua_v_0888_r01.mp4,13091522,0.119342,1,
write,write,,,video_medium,mongo_gridfs,1,tsinghua_v_0901_r01.mp4,13091522,0.098518,1,
write,write,,,video_medium,pg_bytea,1,tsinghua_v_0901_r01.mp4,13091522,0.336691,1,
write,write,,,video_medium,polyglot,1,tsinghua_v_0901_r01.mp4,13091522,0.104737,1,
write,write,,,video_medium,polyglot,1,tsinghua_v_0937_r01.mp4,13091522,0.100449,1,
write,write,,,video_medium,pg_bytea,1,tsinghua_v_0937_r01.mp4,13091522,0.322885,1,
write,write,,,video_medium,mongo_gridfs,1,tsinghua_v_0937_r01.mp4,13091522,0.193977,1,
write,write,,,video_medium,polyglot,1,tsinghua_v_0939_r01.mp4,13091522,0.094201,1,
write,write,,,video_medium,pg_bytea,1,tsinghua_v_0939_r01.mp4,13091522,0.338561,1,
write,write,,,video_medium,mongo_gridfs,1,tsinghua_v_0939_r01.mp4,13091522,0.109181,1,
write,write,,,video_medium,mongo_gridfs,1,tsinghua_v_0961_r01.mp4,13091522,0.104080,1,
write,write,,,video_medium,pg_bytea,1,tsinghua_v_0961_r01.mp4,13091522,0.350252,1,
write,write,,,video_medium,polyglot,1,tsinghua_v_0961_r01.mp4,13091522,0.251929,1,
write,write,,,video_medium,mongo_gridfs,1,tsinghua_v_0977_r01.mp4,13091522,0.098552,1,
write,write,,,video_medium,polyglot,1,tsinghua_v_0977_r01.mp4,13091522,0.108601,1,
write,write,,,video_medium,pg_bytea,1,tsinghua_v_0977_r01.mp4,13091522,0.308874,1,
write,write,,,audio_small,pg_bytea,2,03-01-01-01-01-02-19_r02.wav,375720,0.011590,1,
write,write,,,audio_small,polyglot,2,03-01-01-01-01-02-19_r02.wav,375720,0.008602,1,
write,write,,,audio_small,mongo_gridfs,2,03-01-01-01-01-02-19_r02.wav,375720,0.005117,1,
write,write,,,audio_small,pg_bytea,2,03-01-01-01-02-02-05_r02.wav,396294,0.010171,1,
write,write,,,audio_small,polyglot,2,03-01-01-01-02-02-05_r02.wav,396294,0.009070,1,
write,write,,,audio_small,mongo_gridfs,2,03-01-01-01-02-02-05_r02.wav,396294,0.005907,1,
write,write,,,audio_small,pg_bytea,2,03-01-01-01-02-02-06_r02.wav,363108,0.009972,1,
write,write,,,audio_small,polyglot,2,03-01-01-01-02-02-06_r02.wav,363108,0.009822,1,
write,write,,,audio_small,mongo_gridfs,2,03-01-01-01-02-02-06_r02.wav,363108,0.005126,1,
write,write,,,audio_small,mongo_gridfs,2,03-01-01-01-02-02-07_r02.wav,363108,0.006243,1,
write,write,,,audio_small,pg_bytea,2,03-01-01-01-02-02-07_r02.wav,363108,0.009921,1,
write,write,,,audio_small,polyglot,2,03-01-01-01-02-02-07_r02.wav,363108,0.006208,1,
write,write,,,audio_small,mongo_gridfs,2,03-01-01-01-02-02-11_r02.wav,375720,0.005398,1,
write,write,,,audio_small,pg_bytea,2,03-01-01-01-02-02-11_r02.wav,375720,0.009822,1,
write,write,,,audio_small,polyglot,2,03-01-01-01-02-02-11_r02.wav,375720,0.006508,1,
write,write,,,audio_small,pg_bytea,2,03-01-01-01-02-02-12_r02.wav,372698,0.012188,1,
write,write,,,audio_small,polyglot,2,03-01-01-01-02-02-12_r02.wav,372698,0.007682,1,
write,write,,,audio_small,mongo_gridfs,2,03-01-01-01-02-02-12_r02.wav,372698,0.005327,1,
write,write,,,audio_small,polyglot,2,03-01-01-01-02-02-13_r02.wav,363108,0.006396,1,
write,write,,,audio_small,pg_bytea,2,03-01-01-01-02-02-13_r02.wav,363108,0.009082,1,
write,write,,,audio_small,mongo_gridfs,2,03-01-01-01-02-02-13_r02.wav,363108,0.005524,1,
write,write,,,audio_small,mongo_gridfs,2,03-01-01-02-01-02-05_r02.wav,393086,0.006704,1,
write,write,,,audio_small,polyglot,2,03-01-01-02-01-02-05_r02.wav,393086,0.006893,1,
write,write,,,audio_small,pg_bytea,2,03-01-01-02-01-02-05_r02.wav,393086,0.012765,1,
write,write,,,audio_small,mongo_gridfs,2,03-01-01-02-01-02-06_r02.wav,363108,0.010303,1,
write,write,,,audio_small,polyglot,2,03-01-01-02-01-02-06_r02.wav,363108,0.010305,1,
write,write,,,audio_small,pg_bytea,2,03-01-01-02-01-02-06_r02.wav,363108,0.011542,1,
write,write,,,audio_small,mongo_gridfs,2,03-01-01-02-01-02-07_r02.wav,372698,0.006373,1,
write,write,,,audio_small,polyglot,2,03-01-01-02-01-02-07_r02.wav,372698,0.006780,1,
write,write,,,audio_small,pg_bytea,2,03-01-01-02-01-02-07_r02.wav,372698,0.009418,1,
write,write,,,audio_small,mongo_gridfs,2,03-01-01-02-01-02-13_r02.wav,399494,0.007774,1,
write,write,,,audio_small,pg_bytea,2,03-01-01-02-01-02-13_r02.wav,399494,0.011312,1,
write,write,,,audio_small,polyglot,2,03-01-01-02-01-02-13_r02.wav,399494,0.008409,1,
write,write,,,audio_small,mongo_gridfs,2,03-01-01-02-02-02-19_r02.wav,372698,0.005885,1,
write,write,,,audio_small,pg_bytea,2,03-01-01-02-02-02-19_r02.wav,372698,0.009239,1,
write,write,,,audio_small,polyglot,2,03-01-01-02-02-02-19_r02.wav,372698,0.005740,1,
write,write,,,audio_small,polyglot,2,03-01-02-01-01-01-19_r02.wav,372698,0.004927,1,
write,write,,,audio_small,pg_bytea,2,03-01-02-01-01-01-19_r02.wav,372698,0.009367,1,
write,write,,,audio_small,mongo_gridfs,2,03-01-02-01-01-01-19_r02.wav,372698,0.006334,1,
write,write,,,audio_small,mongo_gridfs,2,03-01-02-01-02-01-06_r02.wav,363108,0.004968,1,
write,write,,,audio_small,polyglot,2,03-01-02-01-02-01-06_r02.wav,363108,0.006173,1,
write,write,,,audio_small,pg_bytea,2,03-01-02-01-02-01-06_r02.wav,363108,0.008897,1,
write,write,,,audio_small,polyglot,2,03-01-02-01-02-01-07_r02.wav,399494,0.005372,1,
write,write,,,audio_small,pg_bytea,2,03-01-02-01-02-01-07_r02.wav,399494,0.009994,1,
write,write,,,audio_small,mongo_gridfs,2,03-01-02-01-02-01-07_r02.wav,399494,0.005875,1,
write,write,,,audio_small,mongo_gridfs,2,03-01-02-01-02-01-11_r02.wav,375720,0.005925,1,
write,write,,,audio_small,pg_bytea,2,03-01-02-01-02-01-11_r02.wav,375720,0.010098,1,
write,write,,,audio_small,polyglot,2,03-01-02-01-02-01-11_r02.wav,375720,0.007066,1,
write,write,,,audio_small,pg_bytea,2,03-01-02-01-02-01-12_r02.wav,372698,0.010376,1,
write,write,,,audio_small,polyglot,2,03-01-02-01-02-01-12_r02.wav,372698,0.005769,1,
write,write,,,audio_small,mongo_gridfs,2,03-01-02-01-02-01-12_r02.wav,372698,0.004750,1,
write,write,,,audio_small,pg_bytea,2,03-01-02-01-02-01-13_r02.wav,379106,0.012541,1,
write,write,,,audio_small,polyglot,2,03-01-02-01-02-01-13_r02.wav,379106,0.006552,1,
write,write,,,audio_small,mongo_gridfs,2,03-01-02-01-02-01-13_r02.wav,379106,0.005301,1,
write,write,,,audio_small,mongo_gridfs,2,03-01-02-02-01-01-05_r02.wav,363108,0.004526,1,
write,write,,,audio_small,polyglot,2,03-01-02-02-01-01-05_r02.wav,363108,0.005591,1,
write,write,,,audio_small,pg_bytea,2,03-01-02-02-01-01-05_r02.wav,363108,0.008694,1,
write,write,,,audio_small,mongo_gridfs,2,03-01-02-02-01-01-11_r02.wav,363108,0.004719,1,
write,write,,,audio_small,pg_bytea,2,03-01-02-02-01-01-11_r02.wav,363108,0.009024,1,
write,write,,,audio_small,polyglot,2,03-01-02-02-01-01-11_r02.wav,363108,0.006866,1,
write,write,,,audio_small,pg_bytea,2,03-01-02-02-01-01-12_r02.wav,399494,0.009888,1,
write,write,,,audio_small,polyglot,2,03-01-02-02-01-01-12_r02.wav,399494,0.007304,1,
write,write,,,audio_small,mongo_gridfs,2,03-01-02-02-01-01-12_r02.wav,399494,0.006378,1,
write,write,,,audio_small,mongo_gridfs,2,03-01-02-02-01-01-13_r02.wav,399494,0.005581,1,
write,write,,,audio_small,pg_bytea,2,03-01-02-02-01-01-13_r02.wav,399494,0.010344,1,
write,write,,,audio_small,polyglot,2,03-01-02-02-01-01-13_r02.wav,399494,0.008432,1,
write,write,,,audio_small,pg_bytea,2,03-01-02-02-02-01-19_r02.wav,379106,0.009268,1,
write,write,,,audio_small,mongo_gridfs,2,03-01-02-02-02-01-19_r02.wav,379106,0.005401,1,
write,write,,,audio_small,polyglot,2,03-01-02-02-02-01-19_r02.wav,379106,0.006469,1,
write,write,,,audio_small,pg_bytea,2,03-01-03-01-01-02-05_r02.wav,396294,0.010046,1,
write,write,,,audio_small,polyglot,2,03-01-03-01-01-02-05_r02.wav,396294,0.006636,1,
write,write,,,audio_small,mongo_gridfs,2,03-01-03-01-01-02-05_r02.wav,396294,0.005970,1,
write,write,,,audio_small,pg_bytea,2,03-01-03-01-01-02-07_r02.wav,393086,0.010297,1,
write,write,,,audio_small,polyglot,2,03-01-03-01-01-02-07_r02.wav,393086,0.008678,1,
write,write,,,audio_small,mongo_gridfs,2,03-01-03-01-01-02-07_r02.wav,393086,0.007456,1,
write,write,,,audio_small,pg_bytea,2,03-01-03-01-01-02-12_r02.wav,399494,0.010067,1,
write,write,,,audio_small,polyglot,2,03-01-03-01-01-02-12_r02.wav,399494,0.006738,1,
write,write,,,audio_small,mongo_gridfs,2,03-01-03-01-01-02-12_r02.wav,399494,0.005932,1,
write,write,,,audio_small,mongo_gridfs,2,03-01-03-01-01-02-13_r02.wav,399494,0.005350,1,
write,write,,,audio_small,pg_bytea,2,03-01-03-01-01-02-13_r02.wav,399494,0.012270,1,
write,write,,,audio_small,polyglot,2,03-01-03-01-01-02-13_r02.wav,399494,0.008126,1,
write,write,,,audio_small,mongo_gridfs,2,03-01-03-01-02-02-18_r02.wav,393086,0.005504,1,
write,write,,,audio_small,pg_bytea,2,03-01-03-01-02-02-18_r02.wav,393086,0.009871,1,
write,write,,,audio_small,polyglot,2,03-01-03-01-02-02-18_r02.wav,393086,0.006786,1,
write,write,,,audio_small,polyglot,2,03-01-03-01-02-02-19_r02.wav,399494,0.007394,1,
write,write,,,audio_small,mongo_gridfs,2,03-01-03-01-02-02-19_r02.wav,399494,0.007168,1,
write,write,,,audio_small,pg_bytea,2,03-01-03-01-02-02-19_r02.wav,399494,0.009503,1,
write,write,,,audio_small,polyglot,2,03-01-03-02-01-02-18_r02.wav,396294,0.009251,1,
write,write,,,audio_small,mongo_gridfs,2,03-01-03-02-01-02-18_r02.wav,396294,0.007381,1,
write,write,,,audio_small,pg_bytea,2,03-01-03-02-01-02-18_r02.wav,396294,0.010430,1,
write,write,,,audio_small,mongo_gridfs,2,03-01-03-02-01-02-19_r02.wav,372698,0.006278,1,
write,write,,,audio_small,polyglot,2,03-01-03-02-01-02-19_r02.wav,372698,0.007323,1,
write,write,,,audio_small,pg_bytea,2,03-01-03-02-01-02-19_r02.wav,372698,0.009389,1,
write,write,,,audio_small,polyglot,2,03-01-03-02-02-02-04_r02.wav,379106,0.006969,1,
write,write,,,audio_small,mongo_gridfs,2,03-01-03-02-02-02-04_r02.wav,379106,0.008246,1,
write,write,,,audio_small,pg_bytea,2,03-01-03-02-02-02-04_r02.wav,379106,0.012287,1,
write,write,,,audio_small,mongo_gridfs,2,03-01-03-02-02-02-06_r02.wav,399494,0.006546,1,
write,write,,,audio_small,polyglot,2,03-01-03-02-02-02-06_r02.wav,399494,0.006611,1,
write,write,,,audio_small,pg_bytea,2,03-01-03-02-02-02-06_r02.wav,399494,0.009766,1,
write,write,,,audio_small,pg_bytea,2,03-01-03-02-02-02-07_r02.wav,393086,0.011052,1,
write,write,,,audio_small,mongo_gridfs,2,03-01-03-02-02-02-07_r02.wav,393086,0.007538,1,
write,write,,,audio_small,polyglot,2,03-01-03-02-02-02-07_r02.wav,393086,0.009565,1,
write,write,,,audio_small,polyglot,2,03-01-03-02-02-02-10_r02.wav,375720,0.005483,1,
write,write,,,audio_small,pg_bytea,2,03-01-03-02-02-02-10_r02.wav,375720,0.009852,1,
write,write,,,audio_small,mongo_gridfs,2,03-01-03-02-02-02-10_r02.wav,375720,0.005405,1,
write,write,,,audio_small,pg_bytea,2,03-01-03-02-02-02-11_r02.wav,396294,0.010065,1,
write,write,,,audio_small,mongo_gridfs,2,03-01-03-02-02-02-11_r02.wav,396294,0.005800,1,
write,write,,,audio_small,polyglot,2,03-01-03-02-02-02-11_r02.wav,396294,0.006768,1,
write,write,,,audio_small,polyglot,2,03-01-03-02-02-02-13_r02.wav,399494,0.011602,1,
write,write,,,audio_small,pg_bytea,2,03-01-03-02-02-02-13_r02.wav,399494,0.010200,1,
write,write,,,audio_small,mongo_gridfs,2,03-01-03-02-02-02-13_r02.wav,399494,0.005211,1,
write,write,,,audio_small,mongo_gridfs,2,03-01-04-01-01-02-01_r02.wav,396294,0.006504,1,
write,write,,,audio_small,polyglot,2,03-01-04-01-01-02-01_r02.wav,396294,0.007596,1,
write,write,,,audio_small,pg_bytea,2,03-01-04-01-01-02-01_r02.wav,396294,0.011611,1,
write,write,,,audio_small,polyglot,2,03-01-04-01-01-02-02_r02.wav,379106,0.007323,1,
write,write,,,audio_small,mongo_gridfs,2,03-01-04-01-01-02-02_r02.wav,379106,0.007290,1,
write,write,,,audio_small,pg_bytea,2,03-01-04-01-01-02-02_r02.wav,379106,0.009265,1,
write,write,,,audio_small,mongo_gridfs,2,03-01-04-01-01-02-16_r02.wav,379106,0.006006,1,
write,write,,,audio_small,pg_bytea,2,03-01-04-01-01-02-16_r02.wav,379106,0.011715,1,
write,write,,,audio_small,polyglot,2,03-01-04-01-01-02-16_r02.wav,379106,0.008614,1,
write,write,,,audio_small,mongo_gridfs,2,03-01-04-01-02-02-08_r02.wav,372698,0.005095,1,
write,write,,,audio_small,polyglot,2,03-01-04-01-02-02-08_r02.wav,372698,0.006144,1,
write,write,,,audio_small,pg_bytea,2,03-01-04-01-02-02-08_r02.wav,372698,0.010345,1,
write,write,,,audio_small,pg_bytea,2,03-01-04-01-02-02-09_r02.wav,363108,0.009667,1,
write,write,,,audio_small,polyglot,2,03-01-04-01-02-02-09_r02.wav,363108,0.006997,1,
write,write,,,audio_small,mongo_gridfs,2,03-01-04-01-02-02-09_r02.wav,363108,0.004631,1,
write,write,,,audio_small,mongo_gridfs,2,03-01-04-01-02-02-20_r02.wav,396294,0.005180,1,
write,write,,,audio_small,pg_bytea,2,03-01-04-01-02-02-20_r02.wav,396294,0.009973,1,
write,write,,,audio_small,polyglot,2,03-01-04-01-02-02-20_r02.wav,396294,0.006505,1,
write,write,,,audio_small,polyglot,2,03-01-04-01-02-02-21_r02.wav,363108,0.005564,1,
write,write,,,audio_small,pg_bytea,2,03-01-04-01-02-02-21_r02.wav,363108,0.009278,1,
write,write,,,audio_small,mongo_gridfs,2,03-01-04-01-02-02-21_r02.wav,363108,0.005874,1,
write,write,,,audio_small,polyglot,2,03-01-04-01-02-02-22_r02.wav,372698,0.005687,1,
write,write,,,audio_small,mongo_gridfs,2,03-01-04-01-02-02-22_r02.wav,372698,0.005069,1,
write,write,,,audio_small,pg_bytea,2,03-01-04-01-02-02-22_r02.wav,372698,0.009081,1,
write,write,,,audio_small,pg_bytea,2,03-01-04-01-02-02-23_r02.wav,363108,0.009065,1,
write,write,,,audio_small,polyglot,2,03-01-04-01-02-02-23_r02.wav,363108,0.006410,1,
write,write,,,audio_small,mongo_gridfs,2,03-01-04-01-02-02-23_r02.wav,363108,0.005810,1,
write,write,,,audio_small,pg_bytea,2,03-01-04-02-01-02-09_r02.wav,379106,0.009534,1,
write,write,,,audio_small,polyglot,2,03-01-04-02-01-02-09_r02.wav,379106,0.006049,1,
write,write,,,audio_small,mongo_gridfs,2,03-01-04-02-01-02-09_r02.wav,379106,0.005171,1,
write,write,,,audio_small,mongo_gridfs,2,03-01-04-02-01-02-20_r02.wav,379106,0.012637,1,
write,write,,,audio_small,polyglot,2,03-01-04-02-01-02-20_r02.wav,379106,0.006557,1,
write,write,,,audio_small,pg_bytea,2,03-01-04-02-01-02-20_r02.wav,379106,0.010765,1,
write,write,,,audio_small,mongo_gridfs,2,03-01-04-02-01-02-21_r02.wav,393086,0.005936,1,
write,write,,,audio_small,pg_bytea,2,03-01-04-02-01-02-21_r02.wav,393086,0.010820,1,
write,write,,,audio_small,polyglot,2,03-01-04-02-01-02-21_r02.wav,393086,0.007092,1,
write,write,,,audio_small,polyglot,2,03-01-04-02-01-02-22_r02.wav,379106,0.006471,1,
write,write,,,audio_small,pg_bytea,2,03-01-04-02-01-02-22_r02.wav,379106,0.009340,1,
write,write,,,audio_small,mongo_gridfs,2,03-01-04-02-01-02-22_r02.wav,379106,0.007492,1,
write,write,,,audio_small,polyglot,2,03-01-04-02-02-02-14_r02.wav,375720,0.006158,1,
write,write,,,audio_small,mongo_gridfs,2,03-01-04-02-02-02-14_r02.wav,375720,0.005535,1,
write,write,,,audio_small,pg_bytea,2,03-01-04-02-02-02-14_r02.wav,375720,0.009881,1,
write,write,,,audio_small,polyglot,2,03-01-04-02-02-02-15_r02.wav,379106,0.006057,1,
write,write,,,audio_small,pg_bytea,2,03-01-04-02-02-02-15_r02.wav,379106,0.009413,1,
write,write,,,audio_small,mongo_gridfs,2,03-01-04-02-02-02-15_r02.wav,379106,0.006933,1,
write,write,,,audio_small,pg_bytea,2,03-01-04-02-02-02-16_r02.wav,375720,0.010473,1,
write,write,,,audio_small,polyglot,2,03-01-04-02-02-02-16_r02.wav,375720,0.006302,1,
write,write,,,audio_small,mongo_gridfs,2,03-01-04-02-02-02-16_r02.wav,375720,0.007329,1,
write,write,,,audio_small,polyglot,2,03-01-04-02-02-02-17_r02.wav,363108,0.006150,1,
write,write,,,audio_small,pg_bytea,2,03-01-04-02-02-02-17_r02.wav,363108,0.009578,1,
write,write,,,audio_small,mongo_gridfs,2,03-01-04-02-02-02-17_r02.wav,363108,0.005028,1,
write,write,,,audio_small,pg_bytea,2,03-01-05-01-01-01-09_r02.wav,393086,0.010167,1,
write,write,,,audio_small,polyglot,2,03-01-05-01-01-01-09_r02.wav,393086,0.007529,1,
write,write,,,audio_small,mongo_gridfs,2,03-01-05-01-01-01-09_r02.wav,393086,0.005794,1,
write,write,,,audio_small,mongo_gridfs,2,03-01-05-01-01-01-22_r02.wav,393086,0.004819,1,
write,write,,,audio_small,pg_bytea,2,03-01-05-01-01-01-22_r02.wav,393086,0.011335,1,
write,write,,,audio_small,polyglot,2,03-01-05-01-01-01-22_r02.wav,393086,0.007027,1,
write,write,,,audio_small,pg_bytea,2,03-01-05-01-02-01-02_r02.wav,372698,0.009953,1,
write,write,,,audio_small,polyglot,2,03-01-05-01-02-01-02_r02.wav,372698,0.006548,1,
write,write,,,audio_small,mongo_gridfs,2,03-01-05-01-02-01-02_r02.wav,372698,0.005592,1,
write,write,,,audio_small,pg_bytea,2,03-01-05-01-02-01-03_r02.wav,396294,0.011749,1,
write,write,,,audio_small,polyglot,2,03-01-05-01-02-01-03_r02.wav,396294,0.007182,1,
write,write,,,audio_small,mongo_gridfs,2,03-01-05-01-02-01-03_r02.wav,396294,0.004564,1,
write,write,,,audio_small,polyglot,2,03-01-05-01-02-01-15_r02.wav,363108,0.006087,1,
write,write,,,audio_small,pg_bytea,2,03-01-05-01-02-01-15_r02.wav,363108,0.010329,1,
write,write,,,audio_small,mongo_gridfs,2,03-01-05-01-02-01-15_r02.wav,363108,0.005819,1,
write,write,,,audio_small,polyglot,2,03-01-05-01-02-01-16_r02.wav,372698,0.005622,1,
write,write,,,audio_small,mongo_gridfs,2,03-01-05-01-02-01-16_r02.wav,372698,0.005159,1,
write,write,,,audio_small,pg_bytea,2,03-01-05-01-02-01-16_r02.wav,372698,0.009981,1,
write,write,,,audio_small,mongo_gridfs,2,03-01-05-01-02-01-17_r02.wav,393086,0.005713,1,
write,write,,,audio_small,polyglot,2,03-01-05-01-02-01-17_r02.wav,393086,0.005895,1,
write,write,,,audio_small,pg_bytea,2,03-01-05-01-02-01-17_r02.wav,393086,0.011817,1,
write,write,,,audio_small,pg_bytea,2,03-01-05-02-01-01-01_r02.wav,372698,0.009620,1,
write,write,,,audio_small,polyglot,2,03-01-05-02-01-01-01_r02.wav,372698,0.006529,1,
write,write,,,audio_small,mongo_gridfs,2,03-01-05-02-01-01-01_r02.wav,372698,0.004075,1,
write,write,,,audio_small,polyglot,2,03-01-05-02-01-01-02_r02.wav,375720,0.005833,1,
write,write,,,audio_small,pg_bytea,2,03-01-05-02-01-01-02_r02.wav,375720,0.009967,1,
write,write,,,audio_small,mongo_gridfs,2,03-01-05-02-01-01-02_r02.wav,375720,0.007057,1,
write,write,,,audio_small,mongo_gridfs,2,03-01-05-02-01-01-03_r02.wav,372698,0.005699,1,
write,write,,,audio_small,pg_bytea,2,03-01-05-02-01-01-03_r02.wav,372698,0.010064,1,
write,write,,,audio_small,polyglot,2,03-01-05-02-01-01-03_r02.wav,372698,0.006475,1,
write,write,,,audio_small,polyglot,2,03-01-05-02-01-01-15_r02.wav,396294,0.006600,1,
write,write,,,audio_small,mongo_gridfs,2,03-01-05-02-01-01-15_r02.wav,396294,0.005658,1,
write,write,,,audio_small,pg_bytea,2,03-01-05-02-01-01-15_r02.wav,396294,0.012923,1,
write,write,,,audio_small,polyglot,2,03-01-05-02-01-01-16_r02.wav,399494,0.007515,1,
write,write,,,audio_small,mongo_gridfs,2,03-01-05-02-01-01-16_r02.wav,399494,0.005579,1,
write,write,,,audio_small,pg_bytea,2,03-01-05-02-01-01-16_r02.wav,399494,0.065080,1,
write,write,,,audio_small,mongo_gridfs,2,03-01-05-02-01-01-17_r02.wav,363108,0.005527,1,
write,write,,,audio_small,pg_bytea,2,03-01-05-02-01-01-17_r02.wav,363108,0.010525,1,
write,write,,,audio_small,polyglot,2,03-01-05-02-01-01-17_r02.wav,363108,0.089708,1,
write,write,,,audio_small,mongo_gridfs,2,03-01-05-02-02-01-09_r02.wav,396294,0.006504,1,
write,write,,,audio_small,polyglot,2,03-01-05-02-02-01-09_r02.wav,396294,0.006230,1,
write,write,,,audio_small,pg_bytea,2,03-01-05-02-02-01-09_r02.wav,396294,0.011309,1,
write,write,,,audio_small,mongo_gridfs,2,03-01-05-02-02-01-21_r02.wav,375720,0.008247,1,
write,write,,,audio_small,pg_bytea,2,03-01-05-02-02-01-21_r02.wav,375720,0.011957,1,
write,write,,,audio_small,polyglot,2,03-01-05-02-02-01-21_r02.wav,375720,0.007705,1,
write,write,,,audio_small,mongo_gridfs,2,03-01-05-02-02-01-22_r02.wav,379106,0.005578,1,
write,write,,,audio_small,pg_bytea,2,03-01-05-02-02-01-22_r02.wav,379106,0.011486,1,
write,write,,,audio_small,polyglot,2,03-01-05-02-02-01-22_r02.wav,379106,0.007554,1,
write,write,,,audio_medium,polyglot,2,03-02-01-01-01-02-22_r02.wav,526650,0.008524,1,
write,write,,,audio_medium,pg_bytea,2,03-02-01-01-01-02-22_r02.wav,526650,0.015424,1,
write,write,,,audio_medium,mongo_gridfs,2,03-02-01-01-01-02-22_r02.wav,526650,0.007219,1,
write,write,,,audio_medium,polyglot,2,03-02-01-01-01-02-23_r02.wav,539464,0.027981,1,
write,write,,,audio_medium,mongo_gridfs,2,03-02-01-01-01-02-23_r02.wav,539464,0.010636,1,
write,write,,,audio_medium,pg_bytea,2,03-02-01-01-01-02-23_r02.wav,539464,0.038650,1,
write,write,,,audio_medium,pg_bytea,2,03-02-01-01-02-02-02_r02.wav,539464,0.093819,1,
write,write,,,audio_medium,polyglot,2,03-02-01-01-02-02-02_r02.wav,539464,0.034468,1,
write,write,,,audio_medium,mongo_gridfs,2,03-02-01-01-02-02-02_r02.wav,539464,0.008021,1,
write,write,,,audio_medium,mongo_gridfs,2,03-02-01-01-02-02-03_r02.wav,520242,0.007562,1,
write,write,,,audio_medium,polyglot,2,03-02-01-01-02-02-03_r02.wav,520242,0.039020,1,
write,write,,,audio_medium,pg_bytea,2,03-02-01-01-02-02-03_r02.wav,520242,0.039066,1,
write,write,,,audio_medium,mongo_gridfs,2,03-02-01-01-02-02-16_r02.wav,539464,0.008368,1,
write,write,,,audio_medium,pg_bytea,2,03-02-01-01-02-02-16_r02.wav,539464,0.035399,1,
write,write,,,audio_medium,polyglot,2,03-02-01-01-02-02-16_r02.wav,539464,0.018877,1,
write,write,,,audio_medium,mongo_gridfs,2,03-02-01-01-02-02-17_r02.wav,561888,0.008808,1,
write,write,,,audio_medium,polyglot,2,03-02-01-01-02-02-17_r02.wav,561888,0.064965,1,
write,write,,,audio_medium,pg_bytea,2,03-02-01-01-02-02-17_r02.wav,561888,0.032511,1,
write,write,,,audio_medium,pg_bytea,2,03-02-01-02-01-02-01_r02.wav,533056,0.013574,1,
write,write,,,audio_medium,mongo_gridfs,2,03-02-01-02-01-02-01_r02.wav,533056,0.007954,1,
write,write,,,audio_medium,polyglot,2,03-02-01-02-01-02-01_r02.wav,533056,0.006951,1,
write,write,,,audio_medium,pg_bytea,2,03-02-01-02-01-02-02_r02.wav,523448,0.014932,1,
write,write,,,audio_medium,mongo_gridfs,2,03-02-01-02-01-02-02_r02.wav,523448,0.008102,1,
write,write,,,audio_medium,polyglot,2,03-02-01-02-01-02-02_r02.wav,523448,0.007802,1,
write,write,,,audio_medium,polyglot,2,03-02-01-02-01-02-03_r02.wav,533056,0.007391,1,
write,write,,,audio_medium,pg_bytea,2,03-02-01-02-01-02-03_r02.wav,533056,0.013838,1,
write,write,,,audio_medium,mongo_gridfs,2,03-02-01-02-01-02-03_r02.wav,533056,0.006435,1,
write,write,,,audio_medium,polyglot,2,03-02-01-02-01-02-15_r02.wav,561882,0.007849,1,
write,write,,,audio_medium,mongo_gridfs,2,03-02-01-02-01-02-15_r02.wav,561882,0.006775,1,
write,write,,,audio_medium,pg_bytea,2,03-02-01-02-01-02-15_r02.wav,561882,0.018944,1,
write,write,,,audio_medium,polyglot,2,03-02-01-02-01-02-16_r02.wav,526650,0.008795,1,
write,write,,,audio_medium,mongo_gridfs,2,03-02-01-02-01-02-16_r02.wav,526650,0.007048,1,
write,write,,,audio_medium,pg_bytea,2,03-02-01-02-01-02-16_r02.wav,526650,0.014567,1,
write,write,,,audio_medium,polyglot,2,03-02-01-02-01-02-17_r02.wav,533056,0.007815,1,
write,write,,,audio_medium,pg_bytea,2,03-02-01-02-01-02-17_r02.wav,533056,0.017045,1,
write,write,,,audio_medium,mongo_gridfs,2,03-02-01-02-01-02-17_r02.wav,533056,0.007136,1,
write,write,,,audio_medium,pg_bytea,2,03-02-01-02-02-02-22_r02.wav,520242,0.014570,1,
write,write,,,audio_medium,mongo_gridfs,2,03-02-01-02-02-02-22_r02.wav,520242,0.007950,1,
write,write,,,audio_medium,polyglot,2,03-02-01-02-02-02-22_r02.wav,520242,0.008052,1,
write,write,,,audio_medium,mongo_gridfs,2,03-02-01-02-02-02-23_r02.wav,520242,0.006509,1,
write,write,,,audio_medium,polyglot,2,03-02-01-02-02-02-23_r02.wav,520242,0.007564,1,
write,write,,,audio_medium,pg_bytea,2,03-02-01-02-02-02-23_r02.wav,520242,0.018700,1,
write,write,,,audio_medium,polyglot,2,03-02-02-01-01-01-22_r02.wav,523448,0.008447,1,
write,write,,,audio_medium,mongo_gridfs,2,03-02-02-01-01-01-22_r02.wav,523448,0.006887,1,
write,write,,,audio_medium,pg_bytea,2,03-02-02-01-01-01-22_r02.wav,523448,0.014863,1,
write,write,,,audio_medium,polyglot,2,03-02-02-01-01-01-23_r02.wav,561888,0.008112,1,
write,write,,,audio_medium,pg_bytea,2,03-02-02-01-01-01-23_r02.wav,561888,0.015250,1,
write,write,,,audio_medium,mongo_gridfs,2,03-02-02-01-01-01-23_r02.wav,561888,0.010056,1,
write,write,,,audio_medium,polyglot,2,03-02-02-01-02-01-01_r02.wav,520242,0.008483,1,
write,write,,,audio_medium,pg_bytea,2,03-02-02-01-02-01-01_r02.wav,520242,0.017031,1,
write,write,,,audio_medium,mongo_gridfs,2,03-02-02-01-02-01-01_r02.wav,520242,0.008619,1,
write,write,,,audio_medium,polyglot,2,03-02-02-01-02-01-02_r02.wav,539464,0.008313,1,
write,write,,,audio_medium,mongo_gridfs,2,03-02-02-01-02-01-02_r02.wav,539464,0.006365,1,
write,write,,,audio_medium,pg_bytea,2,03-02-02-01-02-01-02_r02.wav,539464,0.013678,1,
write,write,,,audio_medium,mongo_gridfs,2,03-02-02-01-02-01-03_r02.wav,533056,0.009054,1,
write,write,,,audio_medium,polyglot,2,03-02-02-01-02-01-03_r02.wav,533056,0.008884,1,
write,write,,,audio_medium,pg_bytea,2,03-02-02-01-02-01-03_r02.wav,533056,0.014655,1,
write,write,,,audio_medium,mongo_gridfs,2,03-02-02-01-02-01-16_r02.wav,561882,0.008588,1,
write,write,,,audio_medium,polyglot,2,03-02-02-01-02-01-16_r02.wav,561882,0.008494,1,
write,write,,,audio_medium,pg_bytea,2,03-02-02-01-02-01-16_r02.wav,561882,0.015494,1,
write,write,,,audio_medium,polyglot,2,03-02-02-02-01-01-01_r02.wav,539464,0.008564,1,
write,write,,,audio_medium,mongo_gridfs,2,03-02-02-02-01-01-01_r02.wav,539464,0.006369,1,
write,write,,,audio_medium,pg_bytea,2,03-02-02-02-01-01-01_r02.wav,539464,0.013251,1,
write,write,,,audio_medium,mongo_gridfs,2,03-02-02-02-01-01-02_r02.wav,526650,0.005610,1,
write,write,,,audio_medium,polyglot,2,03-02-02-02-01-01-02_r02.wav,526650,0.005687,1,
write,write,,,audio_medium,pg_bytea,2,03-02-02-02-01-01-02_r02.wav,526650,0.012890,1,
write,write,,,audio_medium,mongo_gridfs,2,03-02-02-02-01-01-15_r02.wav,539464,0.006045,1,
write,write,,,audio_medium,polyglot,2,03-02-02-02-01-01-15_r02.wav,539464,0.006915,1,
write,write,,,audio_medium,pg_bytea,2,03-02-02-02-01-01-15_r02.wav,539464,0.016676,1,
write,write,,,audio_medium,pg_bytea,2,03-02-02-02-01-01-16_r02.wav,520242,0.013875,1,
write,write,,,audio_medium,mongo_gridfs,2,03-02-02-02-01-01-16_r02.wav,520242,0.005759,1,
write,write,,,audio_medium,polyglot,2,03-02-02-02-01-01-16_r02.wav,520242,0.005619,1,
write,write,,,audio_medium,polyglot,2,03-02-02-02-01-01-17_r02.wav,539464,0.005942,1,
write,write,,,audio_medium,mongo_gridfs,2,03-02-02-02-01-01-17_r02.wav,539464,0.005132,1,
write,write,,,audio_medium,pg_bytea,2,03-02-02-02-01-01-17_r02.wav,539464,0.012990,1,
write,write,,,audio_medium,pg_bytea,2,03-02-02-02-02-01-22_r02.wav,539464,0.015845,1,
write,write,,,audio_medium,polyglot,2,03-02-02-02-02-01-22_r02.wav,539464,0.009158,1,
write,write,,,audio_medium,mongo_gridfs,2,03-02-02-02-02-01-22_r02.wav,539464,0.006880,1,
write,write,,,audio_medium,polyglot,2,03-02-02-02-02-01-23_r02.wav,520242,0.007727,1,
write,write,,,audio_medium,mongo_gridfs,2,03-02-02-02-02-01-23_r02.wav,520242,0.007952,1,
write,write,,,audio_medium,pg_bytea,2,03-02-02-02-02-01-23_r02.wav,520242,0.016521,1,
write,write,,,audio_medium,mongo_gridfs,2,03-02-03-01-01-02-01_r02.wav,561882,0.008739,1,
write,write,,,audio_medium,pg_bytea,2,03-02-03-01-01-02-01_r02.wav,561882,0.017572,1,
write,write,,,audio_medium,polyglot,2,03-02-03-01-01-02-01_r02.wav,561882,0.009324,1,
write,write,,,audio_medium,polyglot,2,03-02-03-01-01-02-02_r02.wav,561882,0.009063,1,
write,write,,,audio_medium,pg_bytea,2,03-02-03-01-01-02-02_r02.wav,561882,0.014538,1,
write,write,,,audio_medium,mongo_gridfs,2,03-02-03-01-01-02-02_r02.wav,561882,0.008389,1,
write,write,,,audio_medium,mongo_gridfs,2,03-02-03-01-01-02-03_r02.wav,539464,0.007823,1,
write,write,,,audio_medium,pg_bytea,2,03-02-03-01-01-02-03_r02.wav,539464,0.015029,1,
write,write,,,audio_medium,polyglot,2,03-02-03-01-01-02-03_r02.wav,539464,0.008818,1,
write,write,,,audio_medium,polyglot,2,03-02-03-01-01-02-15_r02.wav,526650,0.009065,1,
write,write,,,audio_medium,pg_bytea,2,03-02-03-01-01-02-15_r02.wav,526650,0.016786,1,
write,write,,,audio_medium,mongo_gridfs,2,03-02-03-01-01-02-15_r02.wav,526650,0.009706,1,
write,write,,,audio_medium,pg_bytea,2,03-02-03-01-01-02-16_r02.wav,520242,0.018651,1,
write,write,,,audio_medium,polyglot,2,03-02-03-01-01-02-16_r02.wav,520242,0.011925,1,
write,write,,,audio_medium,mongo_gridfs,2,03-02-03-01-01-02-16_r02.wav,520242,0.006990,1,
write,write,,,audio_medium,mongo_gridfs,2,03-02-03-01-01-02-17_r02.wav,526650,0.008003,1,
write,write,,,audio_medium,pg_bytea,2,03-02-03-01-01-02-17_r02.wav,526650,0.018469,1,
write,write,,,audio_medium,polyglot,2,03-02-03-01-01-02-17_r02.wav,526650,0.008626,1,
write,write,,,audio_medium,mongo_gridfs,2,03-02-03-01-02-02-09_r02.wav,539464,0.006330,1,
write,write,,,audio_medium,polyglot,2,03-02-03-01-02-02-09_r02.wav,539464,0.008390,1,
write,write,,,audio_medium,pg_bytea,2,03-02-03-01-02-02-09_r02.wav,539464,0.015671,1,
write,write,,,audio_medium,polyglot,2,03-02-03-01-02-02-21_r02.wav,533056,0.009974,1,
write,write,,,audio_medium,pg_bytea,2,03-02-03-01-02-02-21_r02.wav,533056,0.015435,1,
write,write,,,audio_medium,mongo_gridfs,2,03-02-03-01-02-02-21_r02.wav,533056,0.009253,1,
write,write,,,audio_medium,polyglot,2,03-02-03-01-02-02-22_r02.wav,561888,0.008083,1,
write,write,,,audio_medium,pg_bytea,2,03-02-03-01-02-02-22_r02.wav,561888,0.014590,1,
write,write,,,audio_medium,mongo_gridfs,2,03-02-03-01-02-02-22_r02.wav,561888,0.008407,1,
write,write,,,audio_medium,pg_bytea,2,03-02-03-01-02-02-23_r02.wav,539464,0.014420,1,
write,write,,,audio_medium,polyglot,2,03-02-03-01-02-02-23_r02.wav,539464,0.008519,1,
write,write,,,audio_medium,mongo_gridfs,2,03-02-03-01-02-02-23_r02.wav,539464,0.006693,1,
write,write,,,audio_medium,pg_bytea,2,03-02-03-02-01-02-09_r02.wav,561882,0.015731,1,
write,write,,,audio_medium,mongo_gridfs,2,03-02-03-02-01-02-09_r02.wav,561882,0.007132,1,
write,write,,,audio_medium,polyglot,2,03-02-03-02-01-02-09_r02.wav,561882,0.008140,1,
write,write,,,audio_medium,mongo_gridfs,2,03-02-03-02-01-02-21_r02.wav,539464,0.005848,1,
write,write,,,audio_medium,polyglot,2,03-02-03-02-01-02-21_r02.wav,539464,0.007150,1,
write,write,,,audio_medium,pg_bytea,2,03-02-03-02-01-02-21_r02.wav,539464,0.014460,1,
write,write,,,audio_medium,mongo_gridfs,2,03-02-03-02-01-02-22_r02.wav,526650,0.007528,1,
write,write,,,audio_medium,pg_bytea,2,03-02-03-02-01-02-22_r02.wav,526650,0.014705,1,
write,write,,,audio_medium,polyglot,2,03-02-03-02-01-02-22_r02.wav,526650,0.010417,1,
write,write,,,audio_medium,polyglot,2,03-02-03-02-01-02-23_r02.wav,561888,0.008284,1,
write,write,,,audio_medium,mongo_gridfs,2,03-02-03-02-01-02-23_r02.wav,561888,0.009985,1,
write,write,,,audio_medium,pg_bytea,2,03-02-03-02-01-02-23_r02.wav,561888,0.016748,1,
write,write,,,audio_medium,pg_bytea,2,03-02-03-02-02-02-01_r02.wav,561882,0.015445,1,
write,write,,,audio_medium,polyglot,2,03-02-03-02-02-02-01_r02.wav,561882,0.010449,1,
write,write,,,audio_medium,mongo_gridfs,2,03-02-03-02-02-02-01_r02.wav,561882,0.011726,1,
write,write,,,audio_medium,mongo_gridfs,2,03-02-03-02-02-02-02_r02.wav,523448,0.006838,1,
write,write,,,audio_medium,polyglot,2,03-02-03-02-02-02-02_r02.wav,523448,0.007327,1,
write,write,,,audio_medium,pg_bytea,2,03-02-03-02-02-02-02_r02.wav,523448,0.013681,1,
write,write,,,audio_medium,pg_bytea,2,03-02-03-02-02-02-03_r02.wav,561888,0.016506,1,
write,write,,,audio_medium,polyglot,2,03-02-03-02-02-02-03_r02.wav,561888,0.009946,1,
write,write,,,audio_medium,mongo_gridfs,2,03-02-03-02-02-02-03_r02.wav,561888,0.006559,1,
write,write,,,audio_medium,polyglot,2,03-02-03-02-02-02-15_r02.wav,523448,0.007329,1,
write,write,,,audio_medium,pg_bytea,2,03-02-03-02-02-02-15_r02.wav,523448,0.013206,1,
write,write,,,audio_medium,mongo_gridfs,2,03-02-03-02-02-02-15_r02.wav,523448,0.006926,1,
write,write,,,audio_medium,pg_bytea,2,03-02-03-02-02-02-16_r02.wav,561882,0.014639,1,
write,write,,,audio_medium,mongo_gridfs,2,03-02-03-02-02-02-16_r02.wav,561882,0.007090,1,
write,write,,,audio_medium,polyglot,2,03-02-03-02-02-02-16_r02.wav,561882,0.008320,1,
write,write,,,audio_medium,mongo_gridfs,2,03-02-03-02-02-02-17_r02.wav,523448,0.006506,1,
write,write,,,audio_medium,pg_bytea,2,03-02-03-02-02-02-17_r02.wav,523448,0.013633,1,
write,write,,,audio_medium,polyglot,2,03-02-03-02-02-02-17_r02.wav,523448,0.009084,1,
write,write,,,audio_medium,pg_bytea,2,03-02-04-01-01-02-05_r02.wav,561882,0.014344,1,
write,write,,,audio_medium,polyglot,2,03-02-04-01-01-02-05_r02.wav,561882,0.008066,1,
write,write,,,audio_medium,mongo_gridfs,2,03-02-04-01-01-02-05_r02.wav,561882,0.007771,1,
write,write,,,audio_medium,pg_bytea,2,03-02-04-01-01-02-06_r02.wav,526650,0.013905,1,
write,write,,,audio_medium,mongo_gridfs,2,03-02-04-01-01-02-06_r02.wav,526650,0.006747,1,
write,write,,,audio_medium,polyglot,2,03-02-04-01-01-02-06_r02.wav,526650,0.007252,1,
write,write,,,audio_medium,pg_bytea,2,03-02-04-01-01-02-07_r02.wav,523448,0.016375,1,
write,write,,,audio_medium,mongo_gridfs,2,03-02-04-01-01-02-07_r02.wav,523448,0.007220,1,
write,write,,,audio_medium,polyglot,2,03-02-04-01-01-02-07_r02.wav,523448,0.009271,1,
write,write,,,audio_medium,pg_bytea,2,03-02-04-01-01-02-11_r02.wav,539464,0.014382,1,
write,write,,,audio_medium,polyglot,2,03-02-04-01-01-02-11_r02.wav,539464,0.009040,1,
write,write,,,audio_medium,mongo_gridfs,2,03-02-04-01-01-02-11_r02.wav,539464,0.007405,1,
write,write,,,audio_medium,polyglot,2,03-02-04-01-01-02-12_r02.wav,523448,0.008809,1,
write,write,,,audio_medium,pg_bytea,2,03-02-04-01-01-02-12_r02.wav,523448,0.013084,1,
write,write,,,audio_medium,mongo_gridfs,2,03-02-04-01-01-02-12_r02.wav,523448,0.007515,1,
write,write,,,audio_medium,mongo_gridfs,2,03-02-04-01-01-02-13_r02.wav,539464,0.007342,1,
write,write,,,audio_medium,pg_bytea,2,03-02-04-01-01-02-13_r02.wav,539464,0.014040,1,
write,write,,,audio_medium,polyglot,2,03-02-04-01-01-02-13_r02.wav,539464,0.008369,1,
write,write,,,audio_medium,pg_bytea,2,03-02-04-01-02-02-19_r02.wav,561888,0.015463,1,
write,write,,,audio_medium,mongo_gridfs,2,03-02-04-01-02-02-19_r02.wav,561888,0.009903,1,
write,write,,,audio_medium,polyglot,2,03-02-04-01-02-02-19_r02.wav,561888,0.009573,1,
write,write,,,audio_medium,polyglot,2,03-02-04-02-02-02-05_r02.wav,526650,0.006992,1,
write,write,,,audio_medium,pg_bytea,2,03-02-04-02-02-02-05_r02.wav,526650,0.016194,1,
write,write,,,audio_medium,mongo_gridfs,2,03-02-04-02-02-02-05_r02.wav,526650,0.007486,1,
write,write,,,audio_medium,polyglot,2,03-02-04-02-02-02-06_r02.wav,526650,0.008149,1,
write,write,,,audio_medium,mongo_gridfs,2,03-02-04-02-02-02-06_r02.wav,526650,0.006591,1,
write,write,,,audio_medium,pg_bytea,2,03-02-04-02-02-02-06_r02.wav,526650,0.016410,1,
write,write,,,audio_medium,polyglot,2,03-02-04-02-02-02-07_r02.wav,561888,0.008289,1,
write,write,,,audio_medium,mongo_gridfs,2,03-02-04-02-02-02-07_r02.wav,561888,0.008066,1,
write,write,,,audio_medium,pg_bytea,2,03-02-04-02-02-02-07_r02.wav,561888,0.017387,1,
write,write,,,audio_medium,pg_bytea,2,03-02-04-02-02-02-11_r02.wav,561888,0.015812,1,
write,write,,,audio_medium,polyglot,2,03-02-04-02-02-02-11_r02.wav,561888,0.010852,1,
write,write,,,audio_medium,mongo_gridfs,2,03-02-04-02-02-02-11_r02.wav,561888,0.009194,1,
write,write,,,audio_medium,polyglot,2,03-02-04-02-02-02-12_r02.wav,523448,0.011972,1,
write,write,,,audio_medium,pg_bytea,2,03-02-04-02-02-02-12_r02.wav,523448,0.017518,1,
write,write,,,audio_medium,mongo_gridfs,2,03-02-04-02-02-02-12_r02.wav,523448,0.007771,1,
write,write,,,audio_medium,mongo_gridfs,2,03-02-04-02-02-02-13_r02.wav,533056,0.007223,1,
write,write,,,audio_medium,polyglot,2,03-02-04-02-02-02-13_r02.wav,533056,0.008523,1,
write,write,,,audio_medium,pg_bytea,2,03-02-04-02-02-02-13_r02.wav,533056,0.016289,1,
write,write,,,audio_medium,mongo_gridfs,2,03-02-05-01-02-01-06_r02.wav,561882,0.007076,1,
write,write,,,audio_medium,polyglot,2,03-02-05-01-02-01-06_r02.wav,561882,0.007299,1,
write,write,,,audio_medium,pg_bytea,2,03-02-05-01-02-01-06_r02.wav,561882,0.017606,1,
write,write,,,audio_medium,pg_bytea,2,03-02-05-01-02-01-07_r02.wav,520242,0.014263,1,
write,write,,,audio_medium,polyglot,2,03-02-05-01-02-01-07_r02.wav,520242,0.008974,1,
write,write,,,audio_medium,mongo_gridfs,2,03-02-05-01-02-01-07_r02.wav,520242,0.007119,1,
write,write,,,audio_medium,mongo_gridfs,2,03-02-05-01-02-01-12_r02.wav,520242,0.006410,1,
write,write,,,audio_medium,polyglot,2,03-02-05-01-02-01-12_r02.wav,520242,0.007130,1,
write,write,,,audio_medium,pg_bytea,2,03-02-05-01-02-01-12_r02.wav,520242,0.013034,1,
write,write,,,audio_medium,pg_bytea,2,03-02-05-01-02-01-13_r02.wav,561888,0.017121,1,
write,write,,,audio_medium,polyglot,2,03-02-05-01-02-01-13_r02.wav,561888,0.009907,1,
write,write,,,audio_medium,mongo_gridfs,2,03-02-05-01-02-01-13_r02.wav,561888,0.008815,1,
write,write,,,audio_medium,pg_bytea,2,03-02-05-02-01-01-05_r02.wav,539464,0.014266,1,
write,write,,,audio_medium,mongo_gridfs,2,03-02-05-02-01-01-05_r02.wav,539464,0.007075,1,
write,write,,,audio_medium,polyglot,2,03-02-05-02-01-01-05_r02.wav,539464,0.007892,1,
write,write,,,audio_medium,mongo_gridfs,2,03-02-05-02-01-01-06_r02.wav,561888,0.006317,1,
write,write,,,audio_medium,pg_bytea,2,03-02-05-02-01-01-06_r02.wav,561888,0.014742,1,
write,write,,,audio_medium,polyglot,2,03-02-05-02-01-01-06_r02.wav,561888,0.009425,1,
write,write,,,audio_medium,mongo_gridfs,2,03-02-05-02-01-01-07_r02.wav,533056,0.006898,1,
write,write,,,audio_medium,pg_bytea,2,03-02-05-02-01-01-07_r02.wav,533056,0.015043,1,
write,write,,,audio_medium,polyglot,2,03-02-05-02-01-01-07_r02.wav,533056,0.011173,1,
write,write,,,audio_medium,pg_bytea,2,03-02-05-02-01-01-11_r02.wav,561888,0.015561,1,
write,write,,,audio_medium,mongo_gridfs,2,03-02-05-02-01-01-11_r02.wav,561888,0.008815,1,
write,write,,,audio_medium,polyglot,2,03-02-05-02-01-01-11_r02.wav,561888,0.008555,1,
write,write,,,audio_medium,mongo_gridfs,2,03-02-05-02-01-01-12_r02.wav,533056,0.006973,1,
write,write,,,audio_medium,pg_bytea,2,03-02-05-02-01-01-12_r02.wav,533056,0.014346,1,
write,write,,,audio_medium,polyglot,2,03-02-05-02-01-01-12_r02.wav,533056,0.008099,1,
write,write,,,audio_medium,mongo_gridfs,2,03-02-05-02-01-01-13_r02.wav,526650,0.006590,1,
write,write,,,audio_medium,pg_bytea,2,03-02-05-02-01-01-13_r02.wav,526650,0.015521,1,
write,write,,,audio_medium,polyglot,2,03-02-05-02-01-01-13_r02.wav,526650,0.011744,1,
write,write,,,video_small,pg_bytea,2,01-01-01-01-01-01-22_r02.mp4,5457041,0.156706,1,
write,write,,,video_small,polyglot,2,01-01-01-01-01-01-22_r02.mp4,5457041,0.062843,1,
write,write,,,video_small,mongo_gridfs,2,01-01-01-01-01-01-22_r02.mp4,5457041,0.043032,1,
write,write,,,video_small,polyglot,2,01-01-01-01-01-02-01_r02.mp4,5457041,0.049564,1,
write,write,,,video_small,pg_bytea,2,01-01-01-01-01-02-01_r02.mp4,5457041,0.132560,1,
write,write,,,video_small,mongo_gridfs,2,01-01-01-01-01-02-01_r02.mp4,5457041,0.046172,1,
write,write,,,video_small,pg_bytea,2,01-01-01-01-01-02-15_r02.mp4,5457041,0.126133,1,
write,write,,,video_small,mongo_gridfs,2,01-01-01-01-01-02-15_r02.mp4,5457041,0.043894,1,
write,write,,,video_small,polyglot,2,01-01-01-01-01-02-15_r02.mp4,5457041,0.046498,1,
write,write,,,video_small,pg_bytea,2,01-01-01-01-02-01-06_r02.mp4,5457041,0.137370,1,
write,write,,,video_small,polyglot,2,01-01-01-01-02-01-06_r02.mp4,5457041,0.046670,1,
write,write,,,video_small,mongo_gridfs,2,01-01-01-01-02-01-06_r02.mp4,5457041,0.040427,1,
write,write,,,video_small,polyglot,2,01-01-01-01-02-01-13_r02.mp4,5457041,0.047680,1,
write,write,,,video_small,pg_bytea,2,01-01-01-01-02-01-13_r02.mp4,5457041,0.127356,1,
write,write,,,video_small,mongo_gridfs,2,01-01-01-01-02-01-13_r02.mp4,5457041,0.043878,1,
write,write,,,video_small,pg_bytea,2,01-01-01-01-02-01-14_r02.mp4,5457041,0.130504,1,
write,write,,,video_small,polyglot,2,01-01-01-01-02-01-14_r02.mp4,5457041,0.042119,1,
write,write,,,video_small,mongo_gridfs,2,01-01-01-01-02-01-14_r02.mp4,5457041,0.048203,1,
write,write,,,video_small,pg_bytea,2,01-01-01-01-02-02-09_r02.mp4,5498397,0.130386,1,
write,write,,,video_small,polyglot,2,01-01-01-01-02-02-09_r02.mp4,5498397,0.055774,1,
write,write,,,video_small,mongo_gridfs,2,01-01-01-01-02-02-09_r02.mp4,5498397,0.042976,1,
write,write,,,video_small,polyglot,2,01-01-01-02-01-01-01_r02.mp4,5498397,0.057238,1,
write,write,,,video_small,pg_bytea,2,01-01-01-02-01-01-01_r02.mp4,5498397,0.146495,1,
write,write,,,video_small,mongo_gridfs,2,01-01-01-02-01-01-01_r02.mp4,5498397,0.049037,1,
write,write,,,video_small,mongo_gridfs,2,01-01-01-02-01-01-05_r02.mp4,5457041,0.052817,1,
write,write,,,video_small,polyglot,2,01-01-01-02-01-01-05_r02.mp4,5457041,0.046800,1,
write,write,,,video_small,pg_bytea,2,01-01-01-02-01-01-05_r02.mp4,5457041,0.127748,1,
write,write,,,video_small,polyglot,2,01-01-01-02-01-01-15_r02.mp4,5457041,0.046562,1,
write,write,,,video_small,mongo_gridfs,2,01-01-01-02-01-01-15_r02.mp4,5457041,0.057714,1,
write,write,,,video_small,pg_bytea,2,01-01-01-02-01-01-15_r02.mp4,5457041,0.131319,1,
write,write,,,video_small,pg_bytea,2,01-01-01-02-02-01-18_r02.mp4,5457041,0.146563,1,
write,write,,,video_small,mongo_gridfs,2,01-01-01-02-02-01-18_r02.mp4,5457041,0.039568,1,
write,write,,,video_small,polyglot,2,01-01-01-02-02-01-18_r02.mp4,5457041,0.050478,1,
write,write,,,video_small,mongo_gridfs,2,01-01-01-02-02-01-19_r02.mp4,5457041,0.044554,1,
write,write,,,video_small,pg_bytea,2,01-01-01-02-02-01-19_r02.mp4,5457041,0.128811,1,
write,write,,,video_small,polyglot,2,01-01-01-02-02-01-19_r02.mp4,5457041,0.047501,1,
write,write,,,video_small,mongo_gridfs,2,01-01-02-01-01-02-09_r02.mp4,5498397,0.045943,1,
write,write,,,video_small,polyglot,2,01-01-02-01-01-02-09_r02.mp4,5498397,0.043635,1,
write,write,,,video_small,pg_bytea,2,01-01-02-01-01-02-09_r02.mp4,5498397,0.128575,1,
write,write,,,video_small,polyglot,2,01-01-02-01-01-02-18_r02.mp4,5498397,0.044209,1,
write,write,,,video_small,pg_bytea,2,01-01-02-01-01-02-18_r02.mp4,5498397,0.183002,1,
write,write,,,video_small,mongo_gridfs,2,01-01-02-01-01-02-18_r02.mp4,5498397,0.101979,1,
write,write,,,video_small,pg_bytea,2,01-01-02-01-01-02-23_r02.mp4,5498397,0.143324,1,
write,write,,,video_small,mongo_gridfs,2,01-01-02-01-01-02-23_r02.mp4,5498397,0.065703,1,
write,write,,,video_small,polyglot,2,01-01-02-01-01-02-23_r02.mp4,5498397,0.062576,1,
write,write,,,video_small,polyglot,2,01-01-02-01-02-01-09_r02.mp4,5498397,0.051509,1,
write,write,,,video_small,pg_bytea,2,01-01-02-01-02-01-09_r02.mp4,5498397,0.155248,1,
write,write,,,video_small,mongo_gridfs,2,01-01-02-01-02-01-09_r02.mp4,5498397,0.055337,1,
write,write,,,video_small,mongo_gridfs,2,01-01-02-01-02-02-01_r02.mp4,5498397,0.091835,1,
write,write,,,video_small,pg_bytea,2,01-01-02-01-02-02-01_r02.mp4,5498397,0.148347,1,
write,write,,,video_small,polyglot,2,01-01-02-01-02-02-01_r02.mp4,5498397,0.048007,1,
write,write,,,video_small,pg_bytea,2,01-01-02-01-02-02-03_r02.mp4,5498397,0.139425,1,
write,write,,,video_small,mongo_gridfs,2,01-01-02-01-02-02-03_r02.mp4,5498397,0.071872,1,
write,write,,,video_small,polyglot,2,01-01-02-01-02-02-03_r02.mp4,5498397,0.083768,1,
write,write,,,video_small,pg_bytea,2,01-01-02-02-01-02-02_r02.mp4,5498397,0.135896,1,
write,write,,,video_small,mongo_gridfs,2,01-01-02-02-01-02-02_r02.mp4,5498397,0.063084,1,
write,write,,,video_small,polyglot,2,01-01-02-02-01-02-02_r02.mp4,5498397,0.057948,1,
write,write,,,video_small,pg_bytea,2,01-01-02-02-01-02-03_r02.mp4,5498397,0.128097,1,
write,write,,,video_small,mongo_gridfs,2,01-01-02-02-01-02-03_r02.mp4,5498397,0.065261,1,
write,write,,,video_small,polyglot,2,01-01-02-02-01-02-03_r02.mp4,5498397,0.072208,1,
write,write,,,video_small,polyglot,2,01-01-02-02-01-02-05_r02.mp4,5498397,0.056718,1,
write,write,,,video_small,pg_bytea,2,01-01-02-02-01-02-05_r02.mp4,5498397,0.133528,1,
write,write,,,video_small,mongo_gridfs,2,01-01-02-02-01-02-05_r02.mp4,5498397,0.047800,1,
write,write,,,video_small,polyglot,2,01-01-02-02-01-02-10_r02.mp4,5457041,0.042882,1,
write,write,,,video_small,mongo_gridfs,2,01-01-02-02-01-02-10_r02.mp4,5457041,0.050588,1,
write,write,,,video_small,pg_bytea,2,01-01-02-02-01-02-10_r02.mp4,5457041,0.136272,1,
write,write,,,video_small,pg_bytea,2,01-01-02-02-01-02-13_r02.mp4,5457041,0.141981,1,
write,write,,,video_small,polyglot,2,01-01-02-02-01-02-13_r02.mp4,5457041,0.064945,1,
write,write,,,video_small,mongo_gridfs,2,01-01-02-02-01-02-13_r02.mp4,5457041,0.055108,1,
write,write,,,video_small,polyglot,2,01-01-02-02-01-02-17_r02.mp4,5457041,0.070319,1,
write,write,,,video_small,mongo_gridfs,2,01-01-02-02-01-02-17_r02.mp4,5457041,0.068431,1,
write,write,,,video_small,pg_bytea,2,01-01-02-02-01-02-17_r02.mp4,5457041,0.142210,1,
write,write,,,video_small,pg_bytea,2,01-01-02-02-02-02-18_r02.mp4,5457041,0.165119,1,
write,write,,,video_small,mongo_gridfs,2,01-01-02-02-02-02-18_r02.mp4,5457041,0.049088,1,
write,write,,,video_small,polyglot,2,01-01-02-02-02-02-18_r02.mp4,5457041,0.047547,1,
write,write,,,video_small,mongo_gridfs,2,01-01-02-02-02-02-19_r02.mp4,5457041,0.057399,1,
write,write,,,video_small,polyglot,2,01-01-02-02-02-02-19_r02.mp4,5457041,0.049337,1,
write,write,,,video_small,pg_bytea,2,01-01-02-02-02-02-19_r02.mp4,5457041,0.131347,1,
write,write,,,video_small,polyglot,2,01-01-02-02-02-02-21_r02.mp4,5498397,0.087987,1,
write,write,,,video_small,mongo_gridfs,2,01-01-02-02-02-02-21_r02.mp4,5498397,0.047993,1,
write,write,,,video_small,pg_bytea,2,01-01-02-02-02-02-21_r02.mp4,5498397,0.158793,1,
write,write,,,video_small,mongo_gridfs,2,01-01-02-02-02-02-22_r02.mp4,5457041,0.077820,1,
write,write,,,video_small,polyglot,2,01-01-02-02-02-02-22_r02.mp4,5457041,0.088647,1,
write,write,,,video_small,pg_bytea,2,01-01-02-02-02-02-22_r02.mp4,5457041,0.146546,1,
write,write,,,video_small,mongo_gridfs,2,01-01-02-02-02-02-23_r02.mp4,5457041,0.080876,1,
write,write,,,video_small,polyglot,2,01-01-02-02-02-02-23_r02.mp4,5457041,0.056275,1,
write,write,,,video_small,pg_bytea,2,01-01-02-02-02-02-23_r02.mp4,5457041,0.137332,1,
write,write,,,video_small,mongo_gridfs,2,01-01-03-01-01-01-12_r02.mp4,5457041,0.055691,1,
write,write,,,video_small,pg_bytea,2,01-01-03-01-01-01-12_r02.mp4,5457041,0.139308,1,
write,write,,,video_small,polyglot,2,01-01-03-01-01-01-12_r02.mp4,5457041,0.051011,1,
write,write,,,video_small,mongo_gridfs,2,01-01-03-01-01-01-15_r02.mp4,5457041,0.043380,1,
write,write,,,video_small,pg_bytea,2,01-01-03-01-01-01-15_r02.mp4,5457041,0.130314,1,
write,write,,,video_small,polyglot,2,01-01-03-01-01-01-15_r02.mp4,5457041,0.051636,1,
write,write,,,video_small,polyglot,2,01-01-03-01-02-01-08_r02.mp4,5498397,0.047401,1,
write,write,,,video_small,mongo_gridfs,2,01-01-03-01-02-01-08_r02.mp4,5498397,0.066783,1,
write,write,,,video_small,pg_bytea,2,01-01-03-01-02-01-08_r02.mp4,5498397,0.150629,1,
write,write,,,video_small,pg_bytea,2,01-01-03-01-02-01-21_r02.mp4,5498397,0.131947,1,
write,write,,,video_small,mongo_gridfs,2,01-01-03-01-02-01-21_r02.mp4,5498397,0.042962,1,
write,write,,,video_small,polyglot,2,01-01-03-01-02-01-21_r02.mp4,5498397,0.046139,1,
write,write,,,video_small,pg_bytea,2,01-01-03-02-01-01-21_r02.mp4,5457041,0.142531,1,
write,write,,,video_small,polyglot,2,01-01-03-02-01-01-21_r02.mp4,5457041,0.051284,1,
write,write,,,video_small,mongo_gridfs,2,01-01-03-02-01-01-21_r02.mp4,5457041,0.048148,1,
write,write,,,video_small,polyglot,2,01-01-03-02-01-01-24_r02.mp4,5457041,0.051366,1,
write,write,,,video_small,pg_bytea,2,01-01-03-02-01-01-24_r02.mp4,5457041,0.138615,1,
write,write,,,video_small,mongo_gridfs,2,01-01-03-02-01-01-24_r02.mp4,5457041,0.047183,1,
write,write,,,video_small,polyglot,2,01-01-03-02-01-02-01_r02.mp4,5457041,0.048690,1,
write,write,,,video_small,pg_bytea,2,01-01-03-02-01-02-01_r02.mp4,5457041,0.215379,1,
write,write,,,video_small,mongo_gridfs,2,01-01-03-02-01-02-01_r02.mp4,5457041,0.047465,1,
write,write,,,video_small,pg_bytea,2,01-01-03-02-01-02-15_r02.mp4,5457041,0.132464,1,
write,write,,,video_small,polyglot,2,01-01-03-02-01-02-15_r02.mp4,5457041,0.047924,1,
write,write,,,video_small,mongo_gridfs,2,01-01-03-02-01-02-15_r02.mp4,5457041,0.048549,1,
write,write,,,video_small,pg_bytea,2,01-01-03-02-02-01-05_r02.mp4,5457041,0.123976,1,
write,write,,,video_small,mongo_gridfs,2,01-01-03-02-02-01-05_r02.mp4,5457041,0.044314,1,
write,write,,,video_small,polyglot,2,01-01-03-02-02-01-05_r02.mp4,5457041,0.047249,1,
write,write,,,video_small,mongo_gridfs,2,01-01-03-02-02-01-12_r02.mp4,5457041,0.047560,1,
write,write,,,video_small,pg_bytea,2,01-01-03-02-02-01-12_r02.mp4,5457041,0.124064,1,
write,write,,,video_small,polyglot,2,01-01-03-02-02-01-12_r02.mp4,5457041,0.044393,1,
write,write,,,video_small,mongo_gridfs,2,01-01-03-02-02-01-15_r02.mp4,5498397,0.047282,1,
write,write,,,video_small,pg_bytea,2,01-01-03-02-02-01-15_r02.mp4,5498397,0.136225,1,
write,write,,,video_small,polyglot,2,01-01-03-02-02-01-15_r02.mp4,5498397,0.051773,1,
write,write,,,video_small,mongo_gridfs,2,01-01-04-01-01-01-03_r02.mp4,5457041,0.044042,1,
write,write,,,video_small,pg_bytea,2,01-01-04-01-01-01-03_r02.mp4,5457041,0.133381,1,
write,write,,,video_small,polyglot,2,01-01-04-01-01-01-03_r02.mp4,5457041,0.046963,1,
write,write,,,video_small,polyglot,2,01-01-04-01-01-01-05_r02.mp4,5498397,0.045131,1,
write,write,,,video_small,mongo_gridfs,2,01-01-04-01-01-01-05_r02.mp4,5498397,0.045916,1,
write,write,,,video_small,pg_bytea,2,01-01-04-01-01-01-05_r02.mp4,5498397,0.132471,1,
write,write,,,video_small,mongo_gridfs,2,01-01-04-01-01-01-10_r02.mp4,5457041,0.049217,1,
write,write,,,video_small,polyglot,2,01-01-04-01-01-01-10_r02.mp4,5457041,0.050235,1,
write,write,,,video_small,pg_bytea,2,01-01-04-01-01-01-10_r02.mp4,5457041,0.134095,1,
write,write,,,video_small,polyglot,2,01-01-04-01-01-01-16_r02.mp4,5457041,0.054881,1,
write,write,,,video_small,pg_bytea,2,01-01-04-01-01-01-16_r02.mp4,5457041,0.140351,1,
write,write,,,video_small,mongo_gridfs,2,01-01-04-01-01-01-16_r02.mp4,5457041,0.047988,1,
write,write,,,video_small,mongo_gridfs,2,01-01-04-01-02-01-19_r02.mp4,5498397,0.050034,1,
write,write,,,video_small,polyglot,2,01-01-04-01-02-01-19_r02.mp4,5498397,0.082143,1,
write,write,,,video_small,pg_bytea,2,01-01-04-01-02-01-19_r02.mp4,5498397,0.135794,1,
write,write,,,video_small,mongo_gridfs,2,01-01-04-01-02-01-21_r02.mp4,5498397,0.049771,1,
write,write,,,video_small,polyglot,2,01-01-04-01-02-01-21_r02.mp4,5498397,0.047388,1,
write,write,,,video_small,pg_bytea,2,01-01-04-01-02-01-21_r02.mp4,5498397,0.132748,1,
write,write,,,video_small,pg_bytea,2,01-01-04-01-02-01-22_r02.mp4,5498397,0.131370,1,
write,write,,,video_small,mongo_gridfs,2,01-01-04-01-02-01-22_r02.mp4,5498397,0.044666,1,
write,write,,,video_small,polyglot,2,01-01-04-01-02-01-22_r02.mp4,5498397,0.046297,1,
write,write,,,video_small,polyglot,2,01-01-04-02-01-01-18_r02.mp4,5498397,0.045948,1,
write,write,,,video_small,mongo_gridfs,2,01-01-04-02-01-01-18_r02.mp4,5498397,0.044817,1,
write,write,,,video_small,pg_bytea,2,01-01-04-02-01-01-18_r02.mp4,5498397,0.127695,1,
write,write,,,video_small,pg_bytea,2,01-01-04-02-01-01-19_r02.mp4,5457041,0.205390,1,
write,write,,,video_small,mongo_gridfs,2,01-01-04-02-01-01-19_r02.mp4,5457041,0.045160,1,
write,write,,,video_small,polyglot,2,01-01-04-02-01-01-19_r02.mp4,5457041,0.046585,1,
write,write,,,video_small,mongo_gridfs,2,01-01-04-02-02-01-02_r02.mp4,5498397,0.047362,1,
write,write,,,video_small,polyglot,2,01-01-04-02-02-01-02_r02.mp4,5498397,0.053277,1,
write,write,,,video_small,pg_bytea,2,01-01-04-02-02-01-02_r02.mp4,5498397,0.147048,1,
write,write,,,video_small,pg_bytea,2,01-01-04-02-02-01-05_r02.mp4,5498397,0.165486,1,
write,write,,,video_small,polyglot,2,01-01-04-02-02-01-05_r02.mp4,5498397,0.047482,1,
write,write,,,video_small,mongo_gridfs,2,01-01-04-02-02-01-05_r02.mp4,5498397,0.048045,1,
write,write,,,video_small,mongo_gridfs,2,01-01-04-02-02-01-06_r02.mp4,5498397,0.047305,1,
write,write,,,video_small,polyglot,2,01-01-04-02-02-01-06_r02.mp4,5498397,0.048113,1,
write,write,,,video_small,pg_bytea,2,01-01-04-02-02-01-06_r02.mp4,5498397,0.126807,1,
write,write,,,video_small,pg_bytea,2,01-01-04-02-02-01-13_r02.mp4,5498397,0.139228,1,
write,write,,,video_small,mongo_gridfs,2,01-01-04-02-02-01-13_r02.mp4,5498397,0.063784,1,
write,write,,,video_small,polyglot,2,01-01-04-02-02-01-13_r02.mp4,5498397,0.065623,1,
write,write,,,video_small,pg_bytea,2,01-01-04-02-02-01-17_r02.mp4,5498397,0.131216,1,
write,write,,,video_small,polyglot,2,01-01-04-02-02-01-17_r02.mp4,5498397,0.054162,1,
write,write,,,video_small,mongo_gridfs,2,01-01-04-02-02-01-17_r02.mp4,5498397,0.045714,1,
write,write,,,video_small,pg_bytea,2,01-01-04-02-02-02-19_r02.mp4,5498397,0.130022,1,
write,write,,,video_small,polyglot,2,01-01-04-02-02-02-19_r02.mp4,5498397,0.045195,1,
write,write,,,video_small,mongo_gridfs,2,01-01-04-02-02-02-19_r02.mp4,5498397,0.045728,1,
write,write,,,video_small,pg_bytea,2,01-01-05-01-01-02-09_r02.mp4,5498397,0.137702,1,
write,write,,,video_small,polyglot,2,01-01-05-01-01-02-09_r02.mp4,5498397,0.046051,1,
write,write,,,video_small,mongo_gridfs,2,01-01-05-01-01-02-09_r02.mp4,5498397,0.045798,1,
write,write,,,video_small,pg_bytea,2,01-01-05-01-01-02-19_r02.mp4,5498397,0.342484,1,
write,write,,,video_small,polyglot,2,01-01-05-01-01-02-19_r02.mp4,5498397,0.052799,1,
write,write,,,video_small,mongo_gridfs,2,01-01-05-01-01-02-19_r02.mp4,5498397,0.050288,1,
write,write,,,video_small,pg_bytea,2,01-01-05-01-01-02-21_r02.mp4,5457041,0.133121,1,
write,write,,,video_small,polyglot,2,01-01-05-01-01-02-21_r02.mp4,5457041,0.064570,1,
write,write,,,video_small,mongo_gridfs,2,01-01-05-01-01-02-21_r02.mp4,5457041,0.042772,1,
write,write,,,video_small,pg_bytea,2,01-01-05-01-02-01-19_r02.mp4,5457041,0.135408,1,
write,write,,,video_small,mongo_gridfs,2,01-01-05-01-02-01-19_r02.mp4,5457041,0.046867,1,
write,write,,,video_small,polyglot,2,01-01-05-01-02-01-19_r02.mp4,5457041,0.055476,1,
write,write,,,video_small,pg_bytea,2,01-01-05-01-02-02-04_r02.mp4,5457041,0.137600,1,
write,write,,,video_small,polyglot,2,01-01-05-01-02-02-04_r02.mp4,5457041,0.045076,1,
write,write,,,video_small,mongo_gridfs,2,01-01-05-01-02-02-04_r02.mp4,5457041,0.051215,1,
write,write,,,video_small,mongo_gridfs,2,01-01-05-01-02-02-05_r02.mp4,5498397,0.046246,1,
write,write,,,video_small,pg_bytea,2,01-01-05-01-02-02-05_r02.mp4,5498397,0.150504,1,
write,write,,,video_small,polyglot,2,01-01-05-01-02-02-05_r02.mp4,5498397,0.048615,1,
write,write,,,video_small,pg_bytea,2,01-01-05-02-01-02-04_r02.mp4,5457041,0.136722,1,
write,write,,,video_small,polyglot,2,01-01-05-02-01-02-04_r02.mp4,5457041,0.047782,1,
write,write,,,video_small,mongo_gridfs,2,01-01-05-02-01-02-04_r02.mp4,5457041,0.045891,1,
write,write,,,video_small,polyglot,2,01-01-05-02-01-02-12_r02.mp4,5457041,0.047698,1,
write,write,,,video_small,pg_bytea,2,01-01-05-02-01-02-12_r02.mp4,5457041,0.133999,1,
write,write,,,video_small,mongo_gridfs,2,01-01-05-02-01-02-12_r02.mp4,5457041,0.046648,1,
write,write,,,video_small,pg_bytea,2,01-01-05-02-01-02-14_r02.mp4,5457041,0.155776,1,
write,write,,,video_small,polyglot,2,01-01-05-02-01-02-14_r02.mp4,5457041,0.047729,1,
write,write,,,video_small,mongo_gridfs,2,01-01-05-02-01-02-14_r02.mp4,5457041,0.042501,1,
write,write,,,video_small,polyglot,2,01-01-05-02-02-02-19_r02.mp4,5498397,0.052147,1,
write,write,,,video_small,pg_bytea,2,01-01-05-02-02-02-19_r02.mp4,5498397,0.233464,1,
write,write,,,video_small,mongo_gridfs,2,01-01-05-02-02-02-19_r02.mp4,5498397,0.053439,1,
write,write,,,video_small,pg_bytea,2,01-01-05-02-02-02-20_r02.mp4,5498397,0.138638,1,
write,write,,,video_small,mongo_gridfs,2,01-01-05-02-02-02-20_r02.mp4,5498397,0.050855,1,
write,write,,,video_small,polyglot,2,01-01-05-02-02-02-20_r02.mp4,5498397,0.048472,1,
write,write,,,video_small,mongo_gridfs,2,01-01-05-02-02-02-23_r02.mp4,5498397,0.044874,1,
write,write,,,video_small,polyglot,2,01-01-05-02-02-02-23_r02.mp4,5498397,0.045419,1,
write,write,,,video_small,pg_bytea,2,01-01-05-02-02-02-23_r02.mp4,5498397,0.141379,1,
write,write,,,video_small,polyglot,2,01-01-06-01-01-01-08_r02.mp4,5457041,0.050104,1,
write,write,,,video_small,pg_bytea,2,01-01-06-01-01-01-08_r02.mp4,5457041,0.130587,1,
write,write,,,video_small,mongo_gridfs,2,01-01-06-01-01-01-08_r02.mp4,5457041,0.042803,1,
write,write,,,video_small,pg_bytea,2,01-01-06-01-01-01-19_r02.mp4,5457041,0.130599,1,
write,write,,,video_small,polyglot,2,01-01-06-01-01-01-19_r02.mp4,5457041,0.054585,1,
write,write,,,video_small,mongo_gridfs,2,01-01-06-01-01-01-19_r02.mp4,5457041,0.046373,1,
write,write,,,video_small,polyglot,2,01-01-06-01-01-01-24_r02.mp4,5498397,0.055973,1,
write,write,,,video_small,mongo_gridfs,2,01-01-06-01-01-01-24_r02.mp4,5498397,0.048165,1,
write,write,,,video_small,pg_bytea,2,01-01-06-01-01-01-24_r02.mp4,5498397,0.146557,1,
write,write,,,video_medium,mongo_gridfs,2,tsinghua_v_0024_r02.mp4,13091522,0.106369,1,
write,write,,,video_medium,pg_bytea,2,tsinghua_v_0024_r02.mp4,13091522,0.350971,1,
write,write,,,video_medium,polyglot,2,tsinghua_v_0024_r02.mp4,13091522,0.106179,1,
write,write,,,video_medium,pg_bytea,2,tsinghua_v_0046_r02.mp4,13091522,0.435708,1,
write,write,,,video_medium,mongo_gridfs,2,tsinghua_v_0046_r02.mp4,13091522,0.097184,1,
write,write,,,video_medium,polyglot,2,tsinghua_v_0046_r02.mp4,13091522,0.103812,1,
write,write,,,video_medium,polyglot,2,tsinghua_v_0076_r02.mp4,13091522,0.109233,1,
write,write,,,video_medium,mongo_gridfs,2,tsinghua_v_0076_r02.mp4,13091522,0.106781,1,
write,write,,,video_medium,pg_bytea,2,tsinghua_v_0076_r02.mp4,13091522,0.311580,1,
write,write,,,video_medium,pg_bytea,2,tsinghua_v_0080_r02.mp4,13091522,0.371954,1,
write,write,,,video_medium,polyglot,2,tsinghua_v_0080_r02.mp4,13091522,0.124717,1,
write,write,,,video_medium,mongo_gridfs,2,tsinghua_v_0080_r02.mp4,13091522,0.101037,1,
write,write,,,video_medium,polyglot,2,tsinghua_v_0109_r02.mp4,13091522,0.108387,1,
write,write,,,video_medium,mongo_gridfs,2,tsinghua_v_0109_r02.mp4,13091522,0.107507,1,
write,write,,,video_medium,pg_bytea,2,tsinghua_v_0109_r02.mp4,13091522,0.380816,1,
write,write,,,video_medium,polyglot,2,tsinghua_v_0123_r02.mp4,13091522,0.122032,1,
write,write,,,video_medium,mongo_gridfs,2,tsinghua_v_0123_r02.mp4,13091522,0.102817,1,
write,write,,,video_medium,pg_bytea,2,tsinghua_v_0123_r02.mp4,13091522,0.347698,1,
write,write,,,video_medium,pg_bytea,2,tsinghua_v_0130_r02.mp4,13091522,0.309644,1,
write,write,,,video_medium,mongo_gridfs,2,tsinghua_v_0130_r02.mp4,13091522,0.112553,1,
write,write,,,video_medium,polyglot,2,tsinghua_v_0130_r02.mp4,13091522,0.129776,1,
write,write,,,video_medium,mongo_gridfs,2,tsinghua_v_0135_r02.mp4,13091522,0.107511,1,
write,write,,,video_medium,pg_bytea,2,tsinghua_v_0135_r02.mp4,13091522,0.346188,1,
write,write,,,video_medium,polyglot,2,tsinghua_v_0135_r02.mp4,13091522,0.112981,1,
write,write,,,video_medium,mongo_gridfs,2,tsinghua_v_0137_r02.mp4,13091522,0.115402,1,
write,write,,,video_medium,polyglot,2,tsinghua_v_0137_r02.mp4,13091522,0.383647,1,
write,write,,,video_medium,pg_bytea,2,tsinghua_v_0137_r02.mp4,13091522,0.323798,1,
write,write,,,video_medium,pg_bytea,2,tsinghua_v_0140_r02.mp4,13091522,0.327903,1,
write,write,,,video_medium,polyglot,2,tsinghua_v_0140_r02.mp4,13091522,0.139289,1,
write,write,,,video_medium,mongo_gridfs,2,tsinghua_v_0140_r02.mp4,13091522,0.133330,1,
write,write,,,video_medium,polyglot,2,tsinghua_v_0151_r02.mp4,13091522,0.123418,1,
write,write,,,video_medium,mongo_gridfs,2,tsinghua_v_0151_r02.mp4,13091522,0.130804,1,
write,write,,,video_medium,pg_bytea,2,tsinghua_v_0151_r02.mp4,13091522,0.403926,1,
write,write,,,video_medium,mongo_gridfs,2,tsinghua_v_0157_r02.mp4,13091522,0.118577,1,
write,write,,,video_medium,polyglot,2,tsinghua_v_0157_r02.mp4,13091522,0.159367,1,
write,write,,,video_medium,pg_bytea,2,tsinghua_v_0157_r02.mp4,13091522,0.463317,1,
write,write,,,video_medium,mongo_gridfs,2,tsinghua_v_0209_r02.mp4,13091522,0.106777,1,
write,write,,,video_medium,pg_bytea,2,tsinghua_v_0209_r02.mp4,13091522,0.360054,1,
write,write,,,video_medium,polyglot,2,tsinghua_v_0209_r02.mp4,13091522,0.178735,1,
write,write,,,video_medium,pg_bytea,2,tsinghua_v_0226_r02.mp4,13091522,0.364530,1,
write,write,,,video_medium,mongo_gridfs,2,tsinghua_v_0226_r02.mp4,13091522,0.107965,1,
write,write,,,video_medium,polyglot,2,tsinghua_v_0226_r02.mp4,13091522,0.163623,1,
write,write,,,video_medium,pg_bytea,2,tsinghua_v_0236_r02.mp4,13091522,0.337418,1,
write,write,,,video_medium,polyglot,2,tsinghua_v_0236_r02.mp4,13091522,0.138749,1,
write,write,,,video_medium,mongo_gridfs,2,tsinghua_v_0236_r02.mp4,13091522,0.116775,1,
write,write,,,video_medium,mongo_gridfs,2,tsinghua_v_0274_r02.mp4,13091522,0.119762,1,
write,write,,,video_medium,polyglot,2,tsinghua_v_0274_r02.mp4,13091522,0.149666,1,
write,write,,,video_medium,pg_bytea,2,tsinghua_v_0274_r02.mp4,13091522,0.443064,1,
write,write,,,video_medium,mongo_gridfs,2,tsinghua_v_0280_r02.mp4,13091522,0.152501,1,
write,write,,,video_medium,polyglot,2,tsinghua_v_0280_r02.mp4,13091522,0.179718,1,
write,write,,,video_medium,pg_bytea,2,tsinghua_v_0280_r02.mp4,13091522,0.320059,1,
write,write,,,video_medium,polyglot,2,tsinghua_v_0302_r02.mp4,13091522,0.109785,1,
write,write,,,video_medium,pg_bytea,2,tsinghua_v_0302_r02.mp4,13091522,0.329694,1,
write,write,,,video_medium,mongo_gridfs,2,tsinghua_v_0302_r02.mp4,13091522,0.171337,1,
write,write,,,video_medium,pg_bytea,2,tsinghua_v_0311_r02.mp4,13091522,0.390495,1,
write,write,,,video_medium,polyglot,2,tsinghua_v_0311_r02.mp4,13091522,0.155987,1,
write,write,,,video_medium,mongo_gridfs,2,tsinghua_v_0311_r02.mp4,13091522,0.128452,1,
write,write,,,video_medium,mongo_gridfs,2,tsinghua_v_0316_r02.mp4,13091522,0.150142,1,
write,write,,,video_medium,polyglot,2,tsinghua_v_0316_r02.mp4,13091522,0.133024,1,
write,write,,,video_medium,pg_bytea,2,tsinghua_v_0316_r02.mp4,13091522,0.417699,1,
write,write,,,video_medium,polyglot,2,tsinghua_v_0319_r02.mp4,13091522,0.128697,1,
write,write,,,video_medium,mongo_gridfs,2,tsinghua_v_0319_r02.mp4,13091522,0.151020,1,
write,write,,,video_medium,pg_bytea,2,tsinghua_v_0319_r02.mp4,13091522,0.409159,1,
write,write,,,video_medium,pg_bytea,2,tsinghua_v_0321_r02.mp4,13091522,0.348264,1,
write,write,,,video_medium,polyglot,2,tsinghua_v_0321_r02.mp4,13091522,0.200165,1,
write,write,,,video_medium,mongo_gridfs,2,tsinghua_v_0321_r02.mp4,13091522,0.141272,1,
write,write,,,video_medium,pg_bytea,2,tsinghua_v_0331_r02.mp4,13091522,0.352824,1,
write,write,,,video_medium,mongo_gridfs,2,tsinghua_v_0331_r02.mp4,13091522,0.142201,1,
write,write,,,video_medium,polyglot,2,tsinghua_v_0331_r02.mp4,13091522,0.123361,1,
write,write,,,video_medium,polyglot,2,tsinghua_v_0345_r02.mp4,13091522,0.106979,1,
write,write,,,video_medium,mongo_gridfs,2,tsinghua_v_0345_r02.mp4,13091522,0.148079,1,
write,write,,,video_medium,pg_bytea,2,tsinghua_v_0345_r02.mp4,13091522,0.355601,1,
write,write,,,video_medium,polyglot,2,tsinghua_v_0356_r02.mp4,13091522,0.153968,1,
write,write,,,video_medium,pg_bytea,2,tsinghua_v_0356_r02.mp4,13091522,0.581135,1,
write,write,,,video_medium,mongo_gridfs,2,tsinghua_v_0356_r02.mp4,13091522,0.125190,1,
write,write,,,video_medium,pg_bytea,2,tsinghua_v_0357_r02.mp4,13091522,0.350667,1,
write,write,,,video_medium,mongo_gridfs,2,tsinghua_v_0357_r02.mp4,13091522,0.119066,1,
write,write,,,video_medium,polyglot,2,tsinghua_v_0357_r02.mp4,13091522,0.143931,1,
write,write,,,video_medium,mongo_gridfs,2,tsinghua_v_0379_r02.mp4,13091522,0.116845,1,
write,write,,,video_medium,polyglot,2,tsinghua_v_0379_r02.mp4,13091522,0.129223,1,
write,write,,,video_medium,pg_bytea,2,tsinghua_v_0379_r02.mp4,13091522,0.333826,1,
write,write,,,video_medium,polyglot,2,tsinghua_v_0393_r02.mp4,13091522,0.120228,1,
write,write,,,video_medium,pg_bytea,2,tsinghua_v_0393_r02.mp4,13091522,0.516492,1,
write,write,,,video_medium,mongo_gridfs,2,tsinghua_v_0393_r02.mp4,13091522,0.105608,1,
write,write,,,video_medium,pg_bytea,2,tsinghua_v_0421_r02.mp4,13091522,0.349516,1,
write,write,,,video_medium,polyglot,2,tsinghua_v_0421_r02.mp4,13091522,0.104480,1,
write,write,,,video_medium,mongo_gridfs,2,tsinghua_v_0421_r02.mp4,13091522,0.115612,1,
write,write,,,video_medium,mongo_gridfs,2,tsinghua_v_0424_r02.mp4,13091522,0.137877,1,
write,write,,,video_medium,pg_bytea,2,tsinghua_v_0424_r02.mp4,13091522,0.374438,1,
write,write,,,video_medium,polyglot,2,tsinghua_v_0424_r02.mp4,13091522,0.102190,1,
write,write,,,video_medium,pg_bytea,2,tsinghua_v_0427_r02.mp4,13091522,0.338672,1,
write,write,,,video_medium,mongo_gridfs,2,tsinghua_v_0427_r02.mp4,13091522,0.149999,1,
write,write,,,video_medium,polyglot,2,tsinghua_v_0427_r02.mp4,13091522,0.119444,1,
write,write,,,video_medium,pg_bytea,2,tsinghua_v_0431_r02.mp4,13091522,0.311287,1,
write,write,,,video_medium,mongo_gridfs,2,tsinghua_v_0431_r02.mp4,13091522,0.115501,1,
write,write,,,video_medium,polyglot,2,tsinghua_v_0431_r02.mp4,13091522,0.130513,1,
write,write,,,video_medium,polyglot,2,tsinghua_v_0452_r02.mp4,13091522,0.124309,1,
write,write,,,video_medium,mongo_gridfs,2,tsinghua_v_0452_r02.mp4,13091522,0.128784,1,
write,write,,,video_medium,pg_bytea,2,tsinghua_v_0452_r02.mp4,13091522,0.503448,1,
write,write,,,video_medium,pg_bytea,2,tsinghua_v_0454_r02.mp4,13091522,0.403735,1,
write,write,,,video_medium,mongo_gridfs,2,tsinghua_v_0454_r02.mp4,13091522,0.115195,1,
write,write,,,video_medium,polyglot,2,tsinghua_v_0454_r02.mp4,13091522,0.103273,1,
write,write,,,video_medium,mongo_gridfs,2,tsinghua_v_0457_r02.mp4,13091522,0.104100,1,
write,write,,,video_medium,polyglot,2,tsinghua_v_0457_r02.mp4,13091522,0.105966,1,
write,write,,,video_medium,pg_bytea,2,tsinghua_v_0457_r02.mp4,13091522,0.327315,1,
write,write,,,video_medium,pg_bytea,2,tsinghua_v_0466_r02.mp4,13091522,0.338977,1,
write,write,,,video_medium,polyglot,2,tsinghua_v_0466_r02.mp4,13091522,0.125370,1,
write,write,,,video_medium,mongo_gridfs,2,tsinghua_v_0466_r02.mp4,13091522,0.119425,1,
write,write,,,video_medium,mongo_gridfs,2,tsinghua_v_0471_r02.mp4,13091522,0.170703,1,
write,write,,,video_medium,pg_bytea,2,tsinghua_v_0471_r02.mp4,13091522,0.339800,1,
write,write,,,video_medium,polyglot,2,tsinghua_v_0471_r02.mp4,13091522,0.113568,1,
write,write,,,video_medium,polyglot,2,tsinghua_v_0472_r02.mp4,13091522,0.104824,1,
write,write,,,video_medium,mongo_gridfs,2,tsinghua_v_0472_r02.mp4,13091522,0.099859,1,
write,write,,,video_medium,pg_bytea,2,tsinghua_v_0472_r02.mp4,13091522,0.381427,1,
write,write,,,video_medium,mongo_gridfs,2,tsinghua_v_0494_r02.mp4,13091522,0.116219,1,
write,write,,,video_medium,pg_bytea,2,tsinghua_v_0494_r02.mp4,13091522,0.331202,1,
write,write,,,video_medium,polyglot,2,tsinghua_v_0494_r02.mp4,13091522,0.110982,1,
write,write,,,video_medium,polyglot,2,tsinghua_v_0503_r02.mp4,13091522,0.108984,1,
write,write,,,video_medium,mongo_gridfs,2,tsinghua_v_0503_r02.mp4,13091522,0.111693,1,
write,write,,,video_medium,pg_bytea,2,tsinghua_v_0503_r02.mp4,13091522,0.340566,1,
write,write,,,video_medium,pg_bytea,2,tsinghua_v_0509_r02.mp4,13091522,0.332031,1,
write,write,,,video_medium,polyglot,2,tsinghua_v_0509_r02.mp4,13091522,0.124118,1,
write,write,,,video_medium,mongo_gridfs,2,tsinghua_v_0509_r02.mp4,13091522,0.099514,1,
write,write,,,video_medium,pg_bytea,2,tsinghua_v_0523_r02.mp4,13091522,0.307614,1,
write,write,,,video_medium,mongo_gridfs,2,tsinghua_v_0523_r02.mp4,13091522,0.124378,1,
write,write,,,video_medium,polyglot,2,tsinghua_v_0523_r02.mp4,13091522,0.115643,1,
write,write,,,video_medium,mongo_gridfs,2,tsinghua_v_0546_r02.mp4,13091522,0.113985,1,
write,write,,,video_medium,pg_bytea,2,tsinghua_v_0546_r02.mp4,13091522,0.346339,1,
write,write,,,video_medium,polyglot,2,tsinghua_v_0546_r02.mp4,13091522,0.126812,1,
write,write,,,video_medium,pg_bytea,2,tsinghua_v_0568_r02.mp4,13091522,0.378840,1,
write,write,,,video_medium,mongo_gridfs,2,tsinghua_v_0568_r02.mp4,13091522,0.106876,1,
write,write,,,video_medium,polyglot,2,tsinghua_v_0568_r02.mp4,13091522,0.117509,1,
write,write,,,video_medium,pg_bytea,2,tsinghua_v_0594_r02.mp4,13091522,0.336249,1,
write,write,,,video_medium,polyglot,2,tsinghua_v_0594_r02.mp4,13091522,0.121977,1,
write,write,,,video_medium,mongo_gridfs,2,tsinghua_v_0594_r02.mp4,13091522,0.113104,1,
write,write,,,video_medium,pg_bytea,2,tsinghua_v_0596_r02.mp4,13091522,0.419937,1,
write,write,,,video_medium,polyglot,2,tsinghua_v_0596_r02.mp4,13091522,0.113643,1,
write,write,,,video_medium,mongo_gridfs,2,tsinghua_v_0596_r02.mp4,13091522,0.097831,1,
write,write,,,video_medium,pg_bytea,2,tsinghua_v_0635_r02.mp4,13091522,0.326764,1,
write,write,,,video_medium,polyglot,2,tsinghua_v_0635_r02.mp4,13091522,0.109182,1,
write,write,,,video_medium,mongo_gridfs,2,tsinghua_v_0635_r02.mp4,13091522,0.097779,1,
write,write,,,video_medium,polyglot,2,tsinghua_v_0653_r02.mp4,13091522,0.101468,1,
write,write,,,video_medium,pg_bytea,2,tsinghua_v_0653_r02.mp4,13091522,0.393617,1,
write,write,,,video_medium,mongo_gridfs,2,tsinghua_v_0653_r02.mp4,13091522,0.167079,1,
write,write,,,video_medium,polyglot,2,tsinghua_v_0667_r02.mp4,13091522,0.114221,1,
write,write,,,video_medium,mongo_gridfs,2,tsinghua_v_0667_r02.mp4,13091522,0.113527,1,
write,write,,,video_medium,pg_bytea,2,tsinghua_v_0667_r02.mp4,13091522,0.432912,1,
write,write,,,video_medium,pg_bytea,2,tsinghua_v_0673_r02.mp4,13091522,0.308213,1,
write,write,,,video_medium,mongo_gridfs,2,tsinghua_v_0673_r02.mp4,13091522,0.114993,1,
write,write,,,video_medium,polyglot,2,tsinghua_v_0673_r02.mp4,13091522,0.104375,1,
write,write,,,video_medium,mongo_gridfs,2,tsinghua_v_0681_r02.mp4,13091522,0.100754,1,
write,write,,,video_medium,polyglot,2,tsinghua_v_0681_r02.mp4,13091522,0.108970,1,
write,write,,,video_medium,pg_bytea,2,tsinghua_v_0681_r02.mp4,13091522,0.407532,1,
write,write,,,video_medium,polyglot,2,tsinghua_v_0690_r02.mp4,13091522,0.122443,1,
write,write,,,video_medium,mongo_gridfs,2,tsinghua_v_0690_r02.mp4,13091522,0.124589,1,
write,write,,,video_medium,pg_bytea,2,tsinghua_v_0690_r02.mp4,13091522,0.484118,1,
write,write,,,video_medium,mongo_gridfs,2,tsinghua_v_0692_r02.mp4,13091522,0.103094,1,
write,write,,,video_medium,polyglot,2,tsinghua_v_0692_r02.mp4,13091522,0.103735,1,
write,write,,,video_medium,pg_bytea,2,tsinghua_v_0692_r02.mp4,13091522,0.322843,1,
write,write,,,video_medium,polyglot,2,tsinghua_v_0696_r02.mp4,13091522,0.205343,1,
write,write,,,video_medium,pg_bytea,2,tsinghua_v_0696_r02.mp4,13091522,0.337849,1,
write,write,,,video_medium,mongo_gridfs,2,tsinghua_v_0696_r02.mp4,13091522,0.100099,1,
write,write,,,video_medium,mongo_gridfs,2,tsinghua_v_0734_r02.mp4,13091522,0.097417,1,
write,write,,,video_medium,polyglot,2,tsinghua_v_0734_r02.mp4,13091522,0.148766,1,
write,write,,,video_medium,pg_bytea,2,tsinghua_v_0734_r02.mp4,13091522,0.418297,1,
write,write,,,video_medium,pg_bytea,2,tsinghua_v_0737_r02.mp4,13091522,0.338583,1,
write,write,,,video_medium,mongo_gridfs,2,tsinghua_v_0737_r02.mp4,13091522,0.121075,1,
write,write,,,video_medium,polyglot,2,tsinghua_v_0737_r02.mp4,13091522,0.099988,1,
write,write,,,video_medium,polyglot,2,tsinghua_v_0744_r02.mp4,13091522,0.097402,1,
write,write,,,video_medium,mongo_gridfs,2,tsinghua_v_0744_r02.mp4,13091522,0.105669,1,
write,write,,,video_medium,pg_bytea,2,tsinghua_v_0744_r02.mp4,13091522,0.327974,1,
write,write,,,video_medium,polyglot,2,tsinghua_v_0745_r02.mp4,13091522,0.111512,1,
write,write,,,video_medium,pg_bytea,2,tsinghua_v_0745_r02.mp4,13091522,0.317558,1,
write,write,,,video_medium,mongo_gridfs,2,tsinghua_v_0745_r02.mp4,13091522,0.113902,1,
write,write,,,video_medium,pg_bytea,2,tsinghua_v_0769_r02.mp4,13091522,0.342475,1,
write,write,,,video_medium,mongo_gridfs,2,tsinghua_v_0769_r02.mp4,13091522,0.098109,1,
write,write,,,video_medium,polyglot,2,tsinghua_v_0769_r02.mp4,13091522,0.097867,1,
write,write,,,video_medium,mongo_gridfs,2,tsinghua_v_0791_r02.mp4,13091522,0.110231,1,
write,write,,,video_medium,pg_bytea,2,tsinghua_v_0791_r02.mp4,13091522,0.316510,1,
write,write,,,video_medium,polyglot,2,tsinghua_v_0791_r02.mp4,13091522,0.109605,1,
write,write,,,video_medium,pg_bytea,2,tsinghua_v_0792_r02.mp4,13091522,0.347121,1,
write,write,,,video_medium,mongo_gridfs,2,tsinghua_v_0792_r02.mp4,13091522,0.095088,1,
write,write,,,video_medium,polyglot,2,tsinghua_v_0792_r02.mp4,13091522,0.104454,1,
write,write,,,video_medium,polyglot,2,tsinghua_v_0857_r02.mp4,13091522,0.124532,1,
write,write,,,video_medium,mongo_gridfs,2,tsinghua_v_0857_r02.mp4,13091522,0.123245,1,
write,write,,,video_medium,pg_bytea,2,tsinghua_v_0857_r02.mp4,13091522,0.379081,1,
write,write,,,video_medium,mongo_gridfs,2,tsinghua_v_0866_r02.mp4,13091522,0.143443,1,
write,write,,,video_medium,polyglot,2,tsinghua_v_0866_r02.mp4,13091522,0.099563,1,
write,write,,,video_medium,pg_bytea,2,tsinghua_v_0866_r02.mp4,13091522,0.335048,1,
write,write,,,video_medium,polyglot,2,tsinghua_v_0880_r02.mp4,13091522,0.126922,1,
write,write,,,video_medium,pg_bytea,2,tsinghua_v_0880_r02.mp4,13091522,0.316511,1,
write,write,,,video_medium,mongo_gridfs,2,tsinghua_v_0880_r02.mp4,13091522,0.116636,1,
write,write,,,video_medium,pg_bytea,2,tsinghua_v_0888_r02.mp4,13091522,0.336168,1,
write,write,,,video_medium,mongo_gridfs,2,tsinghua_v_0888_r02.mp4,13091522,0.100942,1,
write,write,,,video_medium,polyglot,2,tsinghua_v_0888_r02.mp4,13091522,0.099426,1,
write,write,,,video_medium,polyglot,2,tsinghua_v_0901_r02.mp4,13091522,0.101958,1,
write,write,,,video_medium,mongo_gridfs,2,tsinghua_v_0901_r02.mp4,13091522,0.114293,1,
write,write,,,video_medium,pg_bytea,2,tsinghua_v_0901_r02.mp4,13091522,0.428667,1,
write,write,,,video_medium,pg_bytea,2,tsinghua_v_0937_r02.mp4,13091522,0.338231,1,
write,write,,,video_medium,mongo_gridfs,2,tsinghua_v_0937_r02.mp4,13091522,0.099361,1,
write,write,,,video_medium,polyglot,2,tsinghua_v_0937_r02.mp4,13091522,0.107108,1,
write,write,,,video_medium,pg_bytea,2,tsinghua_v_0939_r02.mp4,13091522,0.378989,1,
write,write,,,video_medium,mongo_gridfs,2,tsinghua_v_0939_r02.mp4,13091522,0.102239,1,
write,write,,,video_medium,polyglot,2,tsinghua_v_0939_r02.mp4,13091522,0.108802,1,
write,write,,,video_medium,mongo_gridfs,2,tsinghua_v_0961_r02.mp4,13091522,0.110183,1,
write,write,,,video_medium,polyglot,2,tsinghua_v_0961_r02.mp4,13091522,0.104966,1,
write,write,,,video_medium,pg_bytea,2,tsinghua_v_0961_r02.mp4,13091522,0.352330,1,
write,write,,,video_medium,polyglot,2,tsinghua_v_0977_r02.mp4,13091522,0.443961,1,
write,write,,,video_medium,pg_bytea,2,tsinghua_v_0977_r02.mp4,13091522,0.341711,1,
write,write,,,video_medium,mongo_gridfs,2,tsinghua_v_0977_r02.mp4,13091522,0.096864,1,
write,write,,,audio_small,mongo_gridfs,3,03-01-01-01-01-02-19_r03.wav,375720,0.006374,1,
write,write,,,audio_small,polyglot,3,03-01-01-01-01-02-19_r03.wav,375720,0.012034,1,
write,write,,,audio_small,pg_bytea,3,03-01-01-01-01-02-19_r03.wav,375720,0.009693,1,
write,write,,,audio_small,polyglot,3,03-01-01-01-02-02-05_r03.wav,396294,0.007032,1,
write,write,,,audio_small,pg_bytea,3,03-01-01-01-02-02-05_r03.wav,396294,0.009609,1,
write,write,,,audio_small,mongo_gridfs,3,03-01-01-01-02-02-05_r03.wav,396294,0.006701,1,
write,write,,,audio_small,pg_bytea,3,03-01-01-01-02-02-06_r03.wav,363108,0.009020,1,
write,write,,,audio_small,polyglot,3,03-01-01-01-02-02-06_r03.wav,363108,0.007378,1,
write,write,,,audio_small,mongo_gridfs,3,03-01-01-01-02-02-06_r03.wav,363108,0.004485,1,
write,write,,,audio_small,pg_bytea,3,03-01-01-01-02-02-07_r03.wav,363108,0.008882,1,
write,write,,,audio_small,mongo_gridfs,3,03-01-01-01-02-02-07_r03.wav,363108,0.007277,1,
write,write,,,audio_small,polyglot,3,03-01-01-01-02-02-07_r03.wav,363108,0.006801,1,
write,write,,,audio_small,pg_bytea,3,03-01-01-01-02-02-11_r03.wav,375720,0.010321,1,
write,write,,,audio_small,polyglot,3,03-01-01-01-02-02-11_r03.wav,375720,0.008381,1,
write,write,,,audio_small,mongo_gridfs,3,03-01-01-01-02-02-11_r03.wav,375720,0.005668,1,
write,write,,,audio_small,mongo_gridfs,3,03-01-01-01-02-02-12_r03.wav,372698,0.005243,1,
write,write,,,audio_small,polyglot,3,03-01-01-01-02-02-12_r03.wav,372698,0.006255,1,
write,write,,,audio_small,pg_bytea,3,03-01-01-01-02-02-12_r03.wav,372698,0.012503,1,
write,write,,,audio_small,mongo_gridfs,3,03-01-01-01-02-02-13_r03.wav,363108,0.005727,1,
write,write,,,audio_small,polyglot,3,03-01-01-01-02-02-13_r03.wav,363108,0.005956,1,
write,write,,,audio_small,pg_bytea,3,03-01-01-01-02-02-13_r03.wav,363108,0.010139,1,
write,write,,,audio_small,pg_bytea,3,03-01-01-02-01-02-05_r03.wav,393086,0.012808,1,
write,write,,,audio_small,polyglot,3,03-01-01-02-01-02-05_r03.wav,393086,0.010714,1,
write,write,,,audio_small,mongo_gridfs,3,03-01-01-02-01-02-05_r03.wav,393086,0.007096,1,
write,write,,,audio_small,pg_bytea,3,03-01-01-02-01-02-06_r03.wav,363108,0.008999,1,
write,write,,,audio_small,polyglot,3,03-01-01-02-01-02-06_r03.wav,363108,0.007944,1,
write,write,,,audio_small,mongo_gridfs,3,03-01-01-02-01-02-06_r03.wav,363108,0.005028,1,
write,write,,,audio_small,polyglot,3,03-01-01-02-01-02-07_r03.wav,372698,0.005493,1,
write,write,,,audio_small,mongo_gridfs,3,03-01-01-02-01-02-07_r03.wav,372698,0.004635,1,
write,write,,,audio_small,pg_bytea,3,03-01-01-02-01-02-07_r03.wav,372698,0.008984,1,
write,write,,,audio_small,mongo_gridfs,3,03-01-01-02-01-02-13_r03.wav,399494,0.006693,1,
write,write,,,audio_small,pg_bytea,3,03-01-01-02-01-02-13_r03.wav,399494,0.009730,1,
write,write,,,audio_small,polyglot,3,03-01-01-02-01-02-13_r03.wav,399494,0.006763,1,
write,write,,,audio_small,mongo_gridfs,3,03-01-01-02-02-02-19_r03.wav,372698,0.005368,1,
write,write,,,audio_small,polyglot,3,03-01-01-02-02-02-19_r03.wav,372698,0.006139,1,
write,write,,,audio_small,pg_bytea,3,03-01-01-02-02-02-19_r03.wav,372698,0.010049,1,
write,write,,,audio_small,pg_bytea,3,03-01-02-01-01-01-19_r03.wav,372698,0.010915,1,
write,write,,,audio_small,polyglot,3,03-01-02-01-01-01-19_r03.wav,372698,0.006470,1,
write,write,,,audio_small,mongo_gridfs,3,03-01-02-01-01-01-19_r03.wav,372698,0.004082,1,
write,write,,,audio_small,pg_bytea,3,03-01-02-01-02-01-06_r03.wav,363108,0.008813,1,
write,write,,,audio_small,polyglot,3,03-01-02-01-02-01-06_r03.wav,363108,0.005960,1,
write,write,,,audio_small,mongo_gridfs,3,03-01-02-01-02-01-06_r03.wav,363108,0.004804,1,
write,write,,,audio_small,polyglot,3,03-01-02-01-02-01-07_r03.wav,399494,0.005269,1,
write,write,,,audio_small,mongo_gridfs,3,03-01-02-01-02-01-07_r03.wav,399494,0.005609,1,
write,write,,,audio_small,pg_bytea,3,03-01-02-01-02-01-07_r03.wav,399494,0.009268,1,
write,write,,,audio_small,pg_bytea,3,03-01-02-01-02-01-11_r03.wav,375720,0.011727,1,
write,write,,,audio_small,mongo_gridfs,3,03-01-02-01-02-01-11_r03.wav,375720,0.005852,1,
write,write,,,audio_small,polyglot,3,03-01-02-01-02-01-11_r03.wav,375720,0.008637,1,
write,write,,,audio_small,mongo_gridfs,3,03-01-02-01-02-01-12_r03.wav,372698,0.006259,1,
write,write,,,audio_small,polyglot,3,03-01-02-01-02-01-12_r03.wav,372698,0.005426,1,
write,write,,,audio_small,pg_bytea,3,03-01-02-01-02-01-12_r03.wav,372698,0.009219,1,
write,write,,,audio_small,mongo_gridfs,3,03-01-02-01-02-01-13_r03.wav,379106,0.006428,1,
write,write,,,audio_small,polyglot,3,03-01-02-01-02-01-13_r03.wav,379106,0.006047,1,
write,write,,,audio_small,pg_bytea,3,03-01-02-01-02-01-13_r03.wav,379106,0.010262,1,
write,write,,,audio_small,pg_bytea,3,03-01-02-02-01-01-05_r03.wav,363108,0.009981,1,
write,write,,,audio_small,mongo_gridfs,3,03-01-02-02-01-01-05_r03.wav,363108,0.007066,1,
write,write,,,audio_small,polyglot,3,03-01-02-02-01-01-05_r03.wav,363108,0.005776,1,
write,write,,,audio_small,pg_bytea,3,03-01-02-02-01-01-11_r03.wav,363108,0.009549,1,
write,write,,,audio_small,mongo_gridfs,3,03-01-02-02-01-01-11_r03.wav,363108,0.006229,1,
write,write,,,audio_small,polyglot,3,03-01-02-02-01-01-11_r03.wav,363108,0.006589,1,
write,write,,,audio_small,pg_bytea,3,03-01-02-02-01-01-12_r03.wav,399494,0.011171,1,
write,write,,,audio_small,mongo_gridfs,3,03-01-02-02-01-01-12_r03.wav,399494,0.006344,1,
write,write,,,audio_small,polyglot,3,03-01-02-02-01-01-12_r03.wav,399494,0.009856,1,
write,write,,,audio_small,polyglot,3,03-01-02-02-01-01-13_r03.wav,399494,0.007082,1,
write,write,,,audio_small,mongo_gridfs,3,03-01-02-02-01-01-13_r03.wav,399494,0.006968,1,
write,write,,,audio_small,pg_bytea,3,03-01-02-02-01-01-13_r03.wav,399494,0.010543,1,
write,write,,,audio_small,polyglot,3,03-01-02-02-02-01-19_r03.wav,379106,0.009817,1,
write,write,,,audio_small,pg_bytea,3,03-01-02-02-02-01-19_r03.wav,379106,0.010227,1,
write,write,,,audio_small,mongo_gridfs,3,03-01-02-02-02-01-19_r03.wav,379106,0.004590,1,
write,write,,,audio_small,pg_bytea,3,03-01-03-01-01-02-05_r03.wav,396294,0.014572,1,
write,write,,,audio_small,polyglot,3,03-01-03-01-01-02-05_r03.wav,396294,0.008626,1,
write,write,,,audio_small,mongo_gridfs,3,03-01-03-01-01-02-05_r03.wav,396294,0.005906,1,
write,write,,,audio_small,pg_bytea,3,03-01-03-01-01-02-07_r03.wav,393086,0.010822,1,
write,write,,,audio_small,mongo_gridfs,3,03-01-03-01-01-02-07_r03.wav,393086,0.006167,1,
write,write,,,audio_small,polyglot,3,03-01-03-01-01-02-07_r03.wav,393086,0.006159,1,
write,write,,,audio_small,pg_bytea,3,03-01-03-01-01-02-12_r03.wav,399494,0.009120,1,
write,write,,,audio_small,mongo_gridfs,3,03-01-03-01-01-02-12_r03.wav,399494,0.005794,1,
write,write,,,audio_small,polyglot,3,03-01-03-01-01-02-12_r03.wav,399494,0.004862,1,
write,write,,,audio_small,pg_bytea,3,03-01-03-01-01-02-13_r03.wav,399494,0.009465,1,
write,write,,,audio_small,polyglot,3,03-01-03-01-01-02-13_r03.wav,399494,0.005169,1,
write,write,,,audio_small,mongo_gridfs,3,03-01-03-01-01-02-13_r03.wav,399494,0.004251,1,
write,write,,,audio_small,polyglot,3,03-01-03-01-02-02-18_r03.wav,393086,0.005399,1,
write,write,,,audio_small,mongo_gridfs,3,03-01-03-01-02-02-18_r03.wav,393086,0.005698,1,
write,write,,,audio_small,pg_bytea,3,03-01-03-01-02-02-18_r03.wav,393086,0.009042,1,
write,write,,,audio_small,mongo_gridfs,3,03-01-03-01-02-02-19_r03.wav,399494,0.005184,1,
write,write,,,audio_small,polyglot,3,03-01-03-01-02-02-19_r03.wav,399494,0.004815,1,
write,write,,,audio_small,pg_bytea,3,03-01-03-01-02-02-19_r03.wav,399494,0.009157,1,
write,write,,,audio_small,pg_bytea,3,03-01-03-02-01-02-18_r03.wav,396294,0.009076,1,
write,write,,,audio_small,polyglot,3,03-01-03-02-01-02-18_r03.wav,396294,0.004569,1,
write,write,,,audio_small,mongo_gridfs,3,03-01-03-02-01-02-18_r03.wav,396294,0.005507,1,
write,write,,,audio_small,mongo_gridfs,3,03-01-03-02-01-02-19_r03.wav,372698,0.004798,1,
write,write,,,audio_small,polyglot,3,03-01-03-02-01-02-19_r03.wav,372698,0.004231,1,
write,write,,,audio_small,pg_bytea,3,03-01-03-02-01-02-19_r03.wav,372698,0.007967,1,
write,write,,,audio_small,pg_bytea,3,03-01-03-02-02-02-04_r03.wav,379106,0.008664,1,
write,write,,,audio_small,polyglot,3,03-01-03-02-02-02-04_r03.wav,379106,0.005250,1,
write,write,,,audio_small,mongo_gridfs,3,03-01-03-02-02-02-04_r03.wav,379106,0.005201,1,
write,write,,,audio_small,pg_bytea,3,03-01-03-02-02-02-06_r03.wav,399494,0.008963,1,
write,write,,,audio_small,polyglot,3,03-01-03-02-02-02-06_r03.wav,399494,0.006423,1,
write,write,,,audio_small,mongo_gridfs,3,03-01-03-02-02-02-06_r03.wav,399494,0.005519,1,
write,write,,,audio_small,mongo_gridfs,3,03-01-03-02-02-02-07_r03.wav,393086,0.004419,1,
write,write,,,audio_small,polyglot,3,03-01-03-02-02-02-07_r03.wav,393086,0.005689,1,
write,write,,,audio_small,pg_bytea,3,03-01-03-02-02-02-07_r03.wav,393086,0.010514,1,
write,write,,,audio_small,mongo_gridfs,3,03-01-03-02-02-02-10_r03.wav,375720,0.004348,1,
write,write,,,audio_small,polyglot,3,03-01-03-02-02-02-10_r03.wav,375720,0.005223,1,
write,write,,,audio_small,pg_bytea,3,03-01-03-02-02-02-10_r03.wav,375720,0.008579,1,
write,write,,,audio_small,polyglot,3,03-01-03-02-02-02-11_r03.wav,396294,0.011482,1,
write,write,,,audio_small,pg_bytea,3,03-01-03-02-02-02-11_r03.wav,396294,0.009328,1,
write,write,,,audio_small,mongo_gridfs,3,03-01-03-02-02-02-11_r03.wav,396294,0.005971,1,
write,write,,,audio_small,pg_bytea,3,03-01-03-02-02-02-13_r03.wav,399494,0.012422,1,
write,write,,,audio_small,mongo_gridfs,3,03-01-03-02-02-02-13_r03.wav,399494,0.006290,1,
write,write,,,audio_small,polyglot,3,03-01-03-02-02-02-13_r03.wav,399494,0.007965,1,
write,write,,,audio_small,polyglot,3,03-01-04-01-01-02-01_r03.wav,396294,0.006737,1,
write,write,,,audio_small,mongo_gridfs,3,03-01-04-01-01-02-01_r03.wav,396294,0.005406,1,
write,write,,,audio_small,pg_bytea,3,03-01-04-01-01-02-01_r03.wav,396294,0.010202,1,
write,write,,,audio_small,polyglot,3,03-01-04-01-01-02-02_r03.wav,379106,0.005933,1,
write,write,,,audio_small,mongo_gridfs,3,03-01-04-01-01-02-02_r03.wav,379106,0.005092,1,
write,write,,,audio_small,pg_bytea,3,03-01-04-01-01-02-02_r03.wav,379106,0.010310,1,
write,write,,,audio_small,pg_bytea,3,03-01-04-01-01-02-16_r03.wav,379106,0.009752,1,
write,write,,,audio_small,mongo_gridfs,3,03-01-04-01-01-02-16_r03.wav,379106,0.006129,1,
write,write,,,audio_small,polyglot,3,03-01-04-01-01-02-16_r03.wav,379106,0.008420,1,
write,write,,,audio_small,polyglot,3,03-01-04-01-02-02-08_r03.wav,372698,0.004433,1,
write,write,,,audio_small,pg_bytea,3,03-01-04-01-02-02-08_r03.wav,372698,0.008852,1,
write,write,,,audio_small,mongo_gridfs,3,03-01-04-01-02-02-08_r03.wav,372698,0.004394,1,
write,write,,,audio_small,polyglot,3,03-01-04-01-02-02-09_r03.wav,363108,0.005382,1,
write,write,,,audio_small,pg_bytea,3,03-01-04-01-02-02-09_r03.wav,363108,0.008893,1,
write,write,,,audio_small,mongo_gridfs,3,03-01-04-01-02-02-09_r03.wav,363108,0.005960,1,
write,write,,,audio_small,pg_bytea,3,03-01-04-01-02-02-20_r03.wav,396294,0.009784,1,
write,write,,,audio_small,polyglot,3,03-01-04-01-02-02-20_r03.wav,396294,0.007116,1,
write,write,,,audio_small,mongo_gridfs,3,03-01-04-01-02-02-20_r03.wav,396294,0.006546,1,
write,write,,,audio_small,mongo_gridfs,3,03-01-04-01-02-02-21_r03.wav,363108,0.005487,1,
write,write,,,audio_small,polyglot,3,03-01-04-01-02-02-21_r03.wav,363108,0.007438,1,
write,write,,,audio_small,pg_bytea,3,03-01-04-01-02-02-21_r03.wav,363108,0.008927,1,
write,write,,,audio_small,mongo_gridfs,3,03-01-04-01-02-02-22_r03.wav,372698,0.005335,1,
write,write,,,audio_small,polyglot,3,03-01-04-01-02-02-22_r03.wav,372698,0.006942,1,
write,write,,,audio_small,pg_bytea,3,03-01-04-01-02-02-22_r03.wav,372698,0.009264,1,
write,write,,,audio_small,polyglot,3,03-01-04-01-02-02-23_r03.wav,363108,0.006813,1,
write,write,,,audio_small,mongo_gridfs,3,03-01-04-01-02-02-23_r03.wav,363108,0.005329,1,
write,write,,,audio_small,pg_bytea,3,03-01-04-01-02-02-23_r03.wav,363108,0.009609,1,
write,write,,,audio_small,pg_bytea,3,03-01-04-02-01-02-09_r03.wav,379106,0.009226,1,
write,write,,,audio_small,polyglot,3,03-01-04-02-01-02-09_r03.wav,379106,0.006741,1,
write,write,,,audio_small,mongo_gridfs,3,03-01-04-02-01-02-09_r03.wav,379106,0.004848,1,
write,write,,,audio_small,pg_bytea,3,03-01-04-02-01-02-20_r03.wav,379106,0.009500,1,
write,write,,,audio_small,polyglot,3,03-01-04-02-01-02-20_r03.wav,379106,0.007466,1,
write,write,,,audio_small,mongo_gridfs,3,03-01-04-02-01-02-20_r03.wav,379106,0.007478,1,
write,write,,,audio_small,polyglot,3,03-01-04-02-01-02-21_r03.wav,393086,0.005708,1,
write,write,,,audio_small,pg_bytea,3,03-01-04-02-01-02-21_r03.wav,393086,0.012962,1,
write,write,,,audio_small,mongo_gridfs,3,03-01-04-02-01-02-21_r03.wav,393086,0.008396,1,
write,write,,,audio_small,pg_bytea,3,03-01-04-02-01-02-22_r03.wav,379106,0.009766,1,
write,write,,,audio_small,polyglot,3,03-01-04-02-01-02-22_r03.wav,379106,0.007507,1,
write,write,,,audio_small,mongo_gridfs,3,03-01-04-02-01-02-22_r03.wav,379106,0.004960,1,
write,write,,,audio_small,mongo_gridfs,3,03-01-04-02-02-02-14_r03.wav,375720,0.004622,1,
write,write,,,audio_small,pg_bytea,3,03-01-04-02-02-02-14_r03.wav,375720,0.009895,1,
write,write,,,audio_small,polyglot,3,03-01-04-02-02-02-14_r03.wav,375720,0.007220,1,
write,write,,,audio_small,pg_bytea,3,03-01-04-02-02-02-15_r03.wav,379106,0.010538,1,
write,write,,,audio_small,polyglot,3,03-01-04-02-02-02-15_r03.wav,379106,0.007653,1,
write,write,,,audio_small,mongo_gridfs,3,03-01-04-02-02-02-15_r03.wav,379106,0.006125,1,
write,write,,,audio_small,pg_bytea,3,03-01-04-02-02-02-16_r03.wav,375720,0.076725,1,
write,write,,,audio_small,polyglot,3,03-01-04-02-02-02-16_r03.wav,375720,0.008939,1,
write,write,,,audio_small,mongo_gridfs,3,03-01-04-02-02-02-16_r03.wav,375720,0.006958,1,
write,write,,,audio_small,mongo_gridfs,3,03-01-04-02-02-02-17_r03.wav,363108,0.004698,1,
write,write,,,audio_small,pg_bytea,3,03-01-04-02-02-02-17_r03.wav,363108,0.010000,1,
write,write,,,audio_small,polyglot,3,03-01-04-02-02-02-17_r03.wav,363108,0.006499,1,
write,write,,,audio_small,mongo_gridfs,3,03-01-05-01-01-01-09_r03.wav,393086,0.006053,1,
write,write,,,audio_small,pg_bytea,3,03-01-05-01-01-01-09_r03.wav,393086,0.011824,1,
write,write,,,audio_small,polyglot,3,03-01-05-01-01-01-09_r03.wav,393086,0.008121,1,
write,write,,,audio_small,mongo_gridfs,3,03-01-05-01-01-01-22_r03.wav,393086,0.005402,1,
write,write,,,audio_small,polyglot,3,03-01-05-01-01-01-22_r03.wav,393086,0.007027,1,
write,write,,,audio_small,pg_bytea,3,03-01-05-01-01-01-22_r03.wav,393086,0.011365,1,
write,write,,,audio_small,pg_bytea,3,03-01-05-01-02-01-02_r03.wav,372698,0.009958,1,
write,write,,,audio_small,mongo_gridfs,3,03-01-05-01-02-01-02_r03.wav,372698,0.005492,1,
write,write,,,audio_small,polyglot,3,03-01-05-01-02-01-02_r03.wav,372698,0.004809,1,
write,write,,,audio_small,mongo_gridfs,3,03-01-05-01-02-01-03_r03.wav,396294,0.005142,1,
write,write,,,audio_small,pg_bytea,3,03-01-05-01-02-01-03_r03.wav,396294,0.012904,1,
write,write,,,audio_small,polyglot,3,03-01-05-01-02-01-03_r03.wav,396294,0.007366,1,
write,write,,,audio_small,pg_bytea,3,03-01-05-01-02-01-15_r03.wav,363108,0.010211,1,
write,write,,,audio_small,mongo_gridfs,3,03-01-05-01-02-01-15_r03.wav,363108,0.006808,1,
write,write,,,audio_small,polyglot,3,03-01-05-01-02-01-15_r03.wav,363108,0.005888,1,
write,write,,,audio_small,mongo_gridfs,3,03-01-05-01-02-01-16_r03.wav,372698,0.004695,1,
write,write,,,audio_small,pg_bytea,3,03-01-05-01-02-01-16_r03.wav,372698,0.009741,1,
write,write,,,audio_small,polyglot,3,03-01-05-01-02-01-16_r03.wav,372698,0.006130,1,
write,write,,,audio_small,mongo_gridfs,3,03-01-05-01-02-01-17_r03.wav,393086,0.005147,1,
write,write,,,audio_small,polyglot,3,03-01-05-01-02-01-17_r03.wav,393086,0.006677,1,
write,write,,,audio_small,pg_bytea,3,03-01-05-01-02-01-17_r03.wav,393086,0.013746,1,
write,write,,,audio_small,mongo_gridfs,3,03-01-05-02-01-01-01_r03.wav,372698,0.009517,1,
write,write,,,audio_small,polyglot,3,03-01-05-02-01-01-01_r03.wav,372698,0.005095,1,
write,write,,,audio_small,pg_bytea,3,03-01-05-02-01-01-01_r03.wav,372698,0.009693,1,
write,write,,,audio_small,mongo_gridfs,3,03-01-05-02-01-01-02_r03.wav,375720,0.004804,1,
write,write,,,audio_small,pg_bytea,3,03-01-05-02-01-01-02_r03.wav,375720,0.009164,1,
write,write,,,audio_small,polyglot,3,03-01-05-02-01-01-02_r03.wav,375720,0.005696,1,
write,write,,,audio_small,pg_bytea,3,03-01-05-02-01-01-03_r03.wav,372698,0.010343,1,
write,write,,,audio_small,mongo_gridfs,3,03-01-05-02-01-01-03_r03.wav,372698,0.004889,1,
write,write,,,audio_small,polyglot,3,03-01-05-02-01-01-03_r03.wav,372698,0.005149,1,
write,write,,,audio_small,pg_bytea,3,03-01-05-02-01-01-15_r03.wav,396294,0.010575,1,
write,write,,,audio_small,polyglot,3,03-01-05-02-01-01-15_r03.wav,396294,0.006077,1,
write,write,,,audio_small,mongo_gridfs,3,03-01-05-02-01-01-15_r03.wav,396294,0.004825,1,
write,write,,,audio_small,pg_bytea,3,03-01-05-02-01-01-16_r03.wav,399494,0.010506,1,
write,write,,,audio_small,mongo_gridfs,3,03-01-05-02-01-01-16_r03.wav,399494,0.005469,1,
write,write,,,audio_small,polyglot,3,03-01-05-02-01-01-16_r03.wav,399494,0.005461,1,
write,write,,,audio_small,pg_bytea,3,03-01-05-02-01-01-17_r03.wav,363108,0.010374,1,
write,write,,,audio_small,mongo_gridfs,3,03-01-05-02-01-01-17_r03.wav,363108,0.006007,1,
write,write,,,audio_small,polyglot,3,03-01-05-02-01-01-17_r03.wav,363108,0.005711,1,
write,write,,,audio_small,mongo_gridfs,3,03-01-05-02-02-01-09_r03.wav,396294,0.004914,1,
write,write,,,audio_small,polyglot,3,03-01-05-02-02-01-09_r03.wav,396294,0.005729,1,
write,write,,,audio_small,pg_bytea,3,03-01-05-02-02-01-09_r03.wav,396294,0.010020,1,
write,write,,,audio_small,pg_bytea,3,03-01-05-02-02-01-21_r03.wav,375720,0.010112,1,
write,write,,,audio_small,polyglot,3,03-01-05-02-02-01-21_r03.wav,375720,0.007719,1,
write,write,,,audio_small,mongo_gridfs,3,03-01-05-02-02-01-21_r03.wav,375720,0.006131,1,
write,write,,,audio_small,pg_bytea,3,03-01-05-02-02-01-22_r03.wav,379106,0.009776,1,
write,write,,,audio_small,mongo_gridfs,3,03-01-05-02-02-01-22_r03.wav,379106,0.005740,1,
write,write,,,audio_small,polyglot,3,03-01-05-02-02-01-22_r03.wav,379106,0.005408,1,
write,write,,,audio_medium,mongo_gridfs,3,03-02-01-01-01-02-22_r03.wav,526650,0.006417,1,
write,write,,,audio_medium,polyglot,3,03-02-01-01-01-02-22_r03.wav,526650,0.007181,1,
write,write,,,audio_medium,pg_bytea,3,03-02-01-01-01-02-22_r03.wav,526650,0.013452,1,
write,write,,,audio_medium,pg_bytea,3,03-02-01-01-01-02-23_r03.wav,539464,0.014136,1,
write,write,,,audio_medium,mongo_gridfs,3,03-02-01-01-01-02-23_r03.wav,539464,0.007471,1,
write,write,,,audio_medium,polyglot,3,03-02-01-01-01-02-23_r03.wav,539464,0.009115,1,
write,write,,,audio_medium,mongo_gridfs,3,03-02-01-01-02-02-02_r03.wav,539464,0.009727,1,
write,write,,,audio_medium,pg_bytea,3,03-02-01-01-02-02-02_r03.wav,539464,0.016028,1,
write,write,,,audio_medium,polyglot,3,03-02-01-01-02-02-02_r03.wav,539464,0.007585,1,
write,write,,,audio_medium,polyglot,3,03-02-01-01-02-02-03_r03.wav,520242,0.007092,1,
write,write,,,audio_medium,pg_bytea,3,03-02-01-01-02-02-03_r03.wav,520242,0.013317,1,
write,write,,,audio_medium,mongo_gridfs,3,03-02-01-01-02-02-03_r03.wav,520242,0.006902,1,
write,write,,,audio_medium,mongo_gridfs,3,03-02-01-01-02-02-16_r03.wav,539464,0.007036,1,
write,write,,,audio_medium,pg_bytea,3,03-02-01-01-02-02-16_r03.wav,539464,0.015155,1,
write,write,,,audio_medium,polyglot,3,03-02-01-01-02-02-16_r03.wav,539464,0.008835,1,
write,write,,,audio_medium,mongo_gridfs,3,03-02-01-01-02-02-17_r03.wav,561888,0.007413,1,
write,write,,,audio_medium,polyglot,3,03-02-01-01-02-02-17_r03.wav,561888,0.009313,1,
write,write,,,audio_medium,pg_bytea,3,03-02-01-01-02-02-17_r03.wav,561888,0.015405,1,
write,write,,,audio_medium,mongo_gridfs,3,03-02-01-02-01-02-01_r03.wav,533056,0.007932,1,
write,write,,,audio_medium,polyglot,3,03-02-01-02-01-02-01_r03.wav,533056,0.008205,1,
write,write,,,audio_medium,pg_bytea,3,03-02-01-02-01-02-01_r03.wav,533056,0.013808,1,
write,write,,,audio_medium,polyglot,3,03-02-01-02-01-02-02_r03.wav,523448,0.008783,1,
write,write,,,audio_medium,mongo_gridfs,3,03-02-01-02-01-02-02_r03.wav,523448,0.006382,1,
write,write,,,audio_medium,pg_bytea,3,03-02-01-02-01-02-02_r03.wav,523448,0.013356,1,
write,write,,,audio_medium,mongo_gridfs,3,03-02-01-02-01-02-03_r03.wav,533056,0.007480,1,
write,write,,,audio_medium,polyglot,3,03-02-01-02-01-02-03_r03.wav,533056,0.008311,1,
write,write,,,audio_medium,pg_bytea,3,03-02-01-02-01-02-03_r03.wav,533056,0.014461,1,
write,write,,,audio_medium,polyglot,3,03-02-01-02-01-02-15_r03.wav,561882,0.010021,1,
write,write,,,audio_medium,mongo_gridfs,3,03-02-01-02-01-02-15_r03.wav,561882,0.007845,1,
write,write,,,audio_medium,pg_bytea,3,03-02-01-02-01-02-15_r03.wav,561882,0.015054,1,
write,write,,,audio_medium,mongo_gridfs,3,03-02-01-02-01-02-16_r03.wav,526650,0.008415,1,
write,write,,,audio_medium,polyglot,3,03-02-01-02-01-02-16_r03.wav,526650,0.008782,1,
write,write,,,audio_medium,pg_bytea,3,03-02-01-02-01-02-16_r03.wav,526650,0.015540,1,
write,write,,,audio_medium,pg_bytea,3,03-02-01-02-01-02-17_r03.wav,533056,0.014939,1,
write,write,,,audio_medium,polyglot,3,03-02-01-02-01-02-17_r03.wav,533056,0.010612,1,
write,write,,,audio_medium,mongo_gridfs,3,03-02-01-02-01-02-17_r03.wav,533056,0.007634,1,
write,write,,,audio_medium,polyglot,3,03-02-01-02-02-02-22_r03.wav,520242,0.008514,1,
write,write,,,audio_medium,mongo_gridfs,3,03-02-01-02-02-02-22_r03.wav,520242,0.008414,1,
write,write,,,audio_medium,pg_bytea,3,03-02-01-02-02-02-22_r03.wav,520242,0.015325,1,
write,write,,,audio_medium,pg_bytea,3,03-02-01-02-02-02-23_r03.wav,520242,0.013627,1,
write,write,,,audio_medium,mongo_gridfs,3,03-02-01-02-02-02-23_r03.wav,520242,0.008058,1,
write,write,,,audio_medium,polyglot,3,03-02-01-02-02-02-23_r03.wav,520242,0.007623,1,
write,write,,,audio_medium,pg_bytea,3,03-02-02-01-01-01-22_r03.wav,523448,0.013109,1,
write,write,,,audio_medium,mongo_gridfs,3,03-02-02-01-01-01-22_r03.wav,523448,0.007867,1,
write,write,,,audio_medium,polyglot,3,03-02-02-01-01-01-22_r03.wav,523448,0.012683,1,
write,write,,,audio_medium,polyglot,3,03-02-02-01-01-01-23_r03.wav,561888,0.008855,1,
write,write,,,audio_medium,mongo_gridfs,3,03-02-02-01-01-01-23_r03.wav,561888,0.006959,1,
write,write,,,audio_medium,pg_bytea,3,03-02-02-01-01-01-23_r03.wav,561888,0.014680,1,
write,write,,,audio_medium,pg_bytea,3,03-02-02-01-02-01-01_r03.wav,520242,0.013131,1,
write,write,,,audio_medium,polyglot,3,03-02-02-01-02-01-01_r03.wav,520242,0.007848,1,
write,write,,,audio_medium,mongo_gridfs,3,03-02-02-01-02-01-01_r03.wav,520242,0.007114,1,
write,write,,,audio_medium,mongo_gridfs,3,03-02-02-01-02-01-02_r03.wav,539464,0.006363,1,
write,write,,,audio_medium,polyglot,3,03-02-02-01-02-01-02_r03.wav,539464,0.007839,1,
write,write,,,audio_medium,pg_bytea,3,03-02-02-01-02-01-02_r03.wav,539464,0.014362,1,
write,write,,,audio_medium,polyglot,3,03-02-02-01-02-01-03_r03.wav,533056,0.008926,1,
write,write,,,audio_medium,pg_bytea,3,03-02-02-01-02-01-03_r03.wav,533056,0.014899,1,
write,write,,,audio_medium,mongo_gridfs,3,03-02-02-01-02-01-03_r03.wav,533056,0.008240,1,
write,write,,,audio_medium,pg_bytea,3,03-02-02-01-02-01-16_r03.wav,561882,0.014833,1,
write,write,,,audio_medium,mongo_gridfs,3,03-02-02-01-02-01-16_r03.wav,561882,0.011737,1,
write,write,,,audio_medium,polyglot,3,03-02-02-01-02-01-16_r03.wav,561882,0.009163,1,
write,write,,,audio_medium,polyglot,3,03-02-02-02-01-01-01_r03.wav,539464,0.007093,1,
write,write,,,audio_medium,mongo_gridfs,3,03-02-02-02-01-01-01_r03.wav,539464,0.005925,1,
write,write,,,audio_medium,pg_bytea,3,03-02-02-02-01-01-01_r03.wav,539464,0.013978,1,
write,write,,,audio_medium,pg_bytea,3,03-02-02-02-01-01-02_r03.wav,526650,0.014040,1,
write,write,,,audio_medium,polyglot,3,03-02-02-02-01-01-02_r03.wav,526650,0.009563,1,
write,write,,,audio_medium,mongo_gridfs,3,03-02-02-02-01-01-02_r03.wav,526650,0.007072,1,
write,write,,,audio_medium,mongo_gridfs,3,03-02-02-02-01-01-15_r03.wav,539464,0.007811,1,
write,write,,,audio_medium,polyglot,3,03-02-02-02-01-01-15_r03.wav,539464,0.008884,1,
write,write,,,audio_medium,pg_bytea,3,03-02-02-02-01-01-15_r03.wav,539464,0.014809,1,
write,write,,,audio_medium,polyglot,3,03-02-02-02-01-01-16_r03.wav,520242,0.007663,1,
write,write,,,audio_medium,pg_bytea,3,03-02-02-02-01-01-16_r03.wav,520242,0.013814,1,
write,write,,,audio_medium,mongo_gridfs,3,03-02-02-02-01-01-16_r03.wav,520242,0.006723,1,
write,write,,,audio_medium,mongo_gridfs,3,03-02-02-02-01-01-17_r03.wav,539464,0.007210,1,
write,write,,,audio_medium,polyglot,3,03-02-02-02-01-01-17_r03.wav,539464,0.010037,1,
write,write,,,audio_medium,pg_bytea,3,03-02-02-02-01-01-17_r03.wav,539464,0.015505,1,
write,write,,,audio_medium,pg_bytea,3,03-02-02-02-02-01-22_r03.wav,539464,0.014762,1,
write,write,,,audio_medium,mongo_gridfs,3,03-02-02-02-02-01-22_r03.wav,539464,0.007493,1,
write,write,,,audio_medium,polyglot,3,03-02-02-02-02-01-22_r03.wav,539464,0.007348,1,
write,write,,,audio_medium,pg_bytea,3,03-02-02-02-02-01-23_r03.wav,520242,0.013237,1,
write,write,,,audio_medium,mongo_gridfs,3,03-02-02-02-02-01-23_r03.wav,520242,0.007756,1,
write,write,,,audio_medium,polyglot,3,03-02-02-02-02-01-23_r03.wav,520242,0.009233,1,
write,write,,,audio_medium,polyglot,3,03-02-03-01-01-02-01_r03.wav,561882,0.007219,1,
write,write,,,audio_medium,mongo_gridfs,3,03-02-03-01-01-02-01_r03.wav,561882,0.007151,1,
write,write,,,audio_medium,pg_bytea,3,03-02-03-01-01-02-01_r03.wav,561882,0.015621,1,
write,write,,,audio_medium,mongo_gridfs,3,03-02-03-01-01-02-02_r03.wav,561882,0.007604,1,
write,write,,,audio_medium,polyglot,3,03-02-03-01-01-02-02_r03.wav,561882,0.012822,1,
write,write,,,audio_medium,pg_bytea,3,03-02-03-01-01-02-02_r03.wav,561882,0.015565,1,
write,write,,,audio_medium,polyglot,3,03-02-03-01-01-02-03_r03.wav,539464,0.009987,1,
write,write,,,audio_medium,pg_bytea,3,03-02-03-01-01-02-03_r03.wav,539464,0.014602,1,
write,write,,,audio_medium,mongo_gridfs,3,03-02-03-01-01-02-03_r03.wav,539464,0.008291,1,
write,write,,,audio_medium,pg_bytea,3,03-02-03-01-01-02-15_r03.wav,526650,0.014310,1,
write,write,,,audio_medium,mongo_gridfs,3,03-02-03-01-01-02-15_r03.wav,526650,0.007894,1,
write,write,,,audio_medium,polyglot,3,03-02-03-01-01-02-15_r03.wav,526650,0.008769,1,
write,write,,,audio_medium,mongo_gridfs,3,03-02-03-01-01-02-16_r03.wav,520242,0.007905,1,
write,write,,,audio_medium,pg_bytea,3,03-02-03-01-01-02-16_r03.wav,520242,0.013363,1,
write,write,,,audio_medium,polyglot,3,03-02-03-01-01-02-16_r03.wav,520242,0.008299,1,
write,write,,,audio_medium,mongo_gridfs,3,03-02-03-01-01-02-17_r03.wav,526650,0.007304,1,
write,write,,,audio_medium,polyglot,3,03-02-03-01-01-02-17_r03.wav,526650,0.009804,1,
write,write,,,audio_medium,pg_bytea,3,03-02-03-01-01-02-17_r03.wav,526650,0.015940,1,
write,write,,,audio_medium,polyglot,3,03-02-03-01-02-02-09_r03.wav,539464,0.008186,1,
write,write,,,audio_medium,mongo_gridfs,3,03-02-03-01-02-02-09_r03.wav,539464,0.006864,1,
write,write,,,audio_medium,pg_bytea,3,03-02-03-01-02-02-09_r03.wav,539464,0.014586,1,
write,write,,,audio_medium,polyglot,3,03-02-03-01-02-02-21_r03.wav,533056,0.008076,1,
write,write,,,audio_medium,pg_bytea,3,03-02-03-01-02-02-21_r03.wav,533056,0.014172,1,
write,write,,,audio_medium,mongo_gridfs,3,03-02-03-01-02-02-21_r03.wav,533056,0.007874,1,
write,write,,,audio_medium,mongo_gridfs,3,03-02-03-01-02-02-22_r03.wav,561888,0.008121,1,
write,write,,,audio_medium,pg_bytea,3,03-02-03-01-02-02-22_r03.wav,561888,0.015310,1,
write,write,,,audio_medium,polyglot,3,03-02-03-01-02-02-22_r03.wav,561888,0.009313,1,
write,write,,,audio_medium,pg_bytea,3,03-02-03-01-02-02-23_r03.wav,539464,0.013651,1,
write,write,,,audio_medium,polyglot,3,03-02-03-01-02-02-23_r03.wav,539464,0.008086,1,
write,write,,,audio_medium,mongo_gridfs,3,03-02-03-01-02-02-23_r03.wav,539464,0.008329,1,
write,write,,,audio_medium,polyglot,3,03-02-03-02-01-02-09_r03.wav,561882,0.011775,1,
write,write,,,audio_medium,pg_bytea,3,03-02-03-02-01-02-09_r03.wav,561882,0.014664,1,
write,write,,,audio_medium,mongo_gridfs,3,03-02-03-02-01-02-09_r03.wav,561882,0.008372,1,
write,write,,,audio_medium,pg_bytea,3,03-02-03-02-01-02-21_r03.wav,539464,0.014781,1,
write,write,,,audio_medium,polyglot,3,03-02-03-02-01-02-21_r03.wav,539464,0.010575,1,
write,write,,,audio_medium,mongo_gridfs,3,03-02-03-02-01-02-21_r03.wav,539464,0.006582,1,
write,write,,,audio_medium,pg_bytea,3,03-02-03-02-01-02-22_r03.wav,526650,0.014188,1,
write,write,,,audio_medium,mongo_gridfs,3,03-02-03-02-01-02-22_r03.wav,526650,0.008245,1,
write,write,,,audio_medium,polyglot,3,03-02-03-02-01-02-22_r03.wav,526650,0.008155,1,
write,write,,,audio_medium,pg_bytea,3,03-02-03-02-01-02-23_r03.wav,561888,0.015795,1,
write,write,,,audio_medium,mongo_gridfs,3,03-02-03-02-01-02-23_r03.wav,561888,0.008919,1,
write,write,,,audio_medium,polyglot,3,03-02-03-02-01-02-23_r03.wav,561888,0.007737,1,
write,write,,,audio_medium,polyglot,3,03-02-03-02-02-02-01_r03.wav,561882,0.009222,1,
write,write,,,audio_medium,mongo_gridfs,3,03-02-03-02-02-02-01_r03.wav,561882,0.007093,1,
write,write,,,audio_medium,pg_bytea,3,03-02-03-02-02-02-01_r03.wav,561882,0.015005,1,
write,write,,,audio_medium,polyglot,3,03-02-03-02-02-02-02_r03.wav,523448,0.007778,1,
write,write,,,audio_medium,pg_bytea,3,03-02-03-02-02-02-02_r03.wav,523448,0.012725,1,
write,write,,,audio_medium,mongo_gridfs,3,03-02-03-02-02-02-02_r03.wav,523448,0.008019,1,
write,write,,,audio_medium,pg_bytea,3,03-02-03-02-02-02-03_r03.wav,561888,0.017286,1,
write,write,,,audio_medium,mongo_gridfs,3,03-02-03-02-02-02-03_r03.wav,561888,0.007932,1,
write,write,,,audio_medium,polyglot,3,03-02-03-02-02-02-03_r03.wav,561888,0.009589,1,
write,write,,,audio_medium,pg_bytea,3,03-02-03-02-02-02-15_r03.wav,523448,0.014136,1,
write,write,,,audio_medium,polyglot,3,03-02-03-02-02-02-15_r03.wav,523448,0.010095,1,
write,write,,,audio_medium,mongo_gridfs,3,03-02-03-02-02-02-15_r03.wav,523448,0.007280,1,
write,write,,,audio_medium,polyglot,3,03-02-03-02-02-02-16_r03.wav,561882,0.008994,1,
write,write,,,audio_medium,mongo_gridfs,3,03-02-03-02-02-02-16_r03.wav,561882,0.007520,1,
write,write,,,audio_medium,pg_bytea,3,03-02-03-02-02-02-16_r03.wav,561882,0.019897,1,
write,write,,,audio_medium,pg_bytea,3,03-02-03-02-02-02-17_r03.wav,523448,0.018198,1,
write,write,,,audio_medium,polyglot,3,03-02-03-02-02-02-17_r03.wav,523448,0.011268,1,
write,write,,,audio_medium,mongo_gridfs,3,03-02-03-02-02-02-17_r03.wav,523448,0.011628,1,
write,write,,,audio_medium,mongo_gridfs,3,03-02-04-01-01-02-05_r03.wav,561882,0.008256,1,
write,write,,,audio_medium,pg_bytea,3,03-02-04-01-01-02-05_r03.wav,561882,0.038913,1,
write,write,,,audio_medium,polyglot,3,03-02-04-01-01-02-05_r03.wav,561882,0.010485,1,
write,write,,,audio_medium,polyglot,3,03-02-04-01-01-02-06_r03.wav,526650,0.006924,1,
write,write,,,audio_medium,pg_bytea,3,03-02-04-01-01-02-06_r03.wav,526650,0.016363,1,
write,write,,,audio_medium,mongo_gridfs,3,03-02-04-01-01-02-06_r03.wav,526650,0.008893,1,
write,write,,,audio_medium,mongo_gridfs,3,03-02-04-01-01-02-07_r03.wav,523448,0.007016,1,
write,write,,,audio_medium,pg_bytea,3,03-02-04-01-01-02-07_r03.wav,523448,0.017670,1,
write,write,,,audio_medium,polyglot,3,03-02-04-01-01-02-07_r03.wav,523448,0.008253,1,
write,write,,,audio_medium,polyglot,3,03-02-04-01-01-02-11_r03.wav,539464,0.007931,1,
write,write,,,audio_medium,pg_bytea,3,03-02-04-01-01-02-11_r03.wav,539464,0.013953,1,
write,write,,,audio_medium,mongo_gridfs,3,03-02-04-01-01-02-11_r03.wav,539464,0.007492,1,
write,write,,,audio_medium,mongo_gridfs,3,03-02-04-01-01-02-12_r03.wav,523448,0.010072,1,
write,write,,,audio_medium,polyglot,3,03-02-04-01-01-02-12_r03.wav,523448,0.007874,1,
write,write,,,audio_medium,pg_bytea,3,03-02-04-01-01-02-12_r03.wav,523448,0.013167,1,
write,write,,,audio_medium,pg_bytea,3,03-02-04-01-01-02-13_r03.wav,539464,0.014149,1,
write,write,,,audio_medium,mongo_gridfs,3,03-02-04-01-01-02-13_r03.wav,539464,0.008860,1,
write,write,,,audio_medium,polyglot,3,03-02-04-01-01-02-13_r03.wav,539464,0.008079,1,
write,write,,,audio_medium,pg_bytea,3,03-02-04-01-02-02-19_r03.wav,561888,0.015553,1,
write,write,,,audio_medium,polyglot,3,03-02-04-01-02-02-19_r03.wav,561888,0.011752,1,
write,write,,,audio_medium,mongo_gridfs,3,03-02-04-01-02-02-19_r03.wav,561888,0.007366,1,
write,write,,,audio_medium,pg_bytea,3,03-02-04-02-02-02-05_r03.wav,526650,0.013859,1,
write,write,,,audio_medium,mongo_gridfs,3,03-02-04-02-02-02-05_r03.wav,526650,0.009960,1,
write,write,,,audio_medium,polyglot,3,03-02-04-02-02-02-05_r03.wav,526650,0.009055,1,
write,write,,,audio_medium,pg_bytea,3,03-02-04-02-02-02-06_r03.wav,526650,0.013254,1,
write,write,,,audio_medium,mongo_gridfs,3,03-02-04-02-02-02-06_r03.wav,526650,0.008743,1,
write,write,,,audio_medium,polyglot,3,03-02-04-02-02-02-06_r03.wav,526650,0.009390,1,
write,write,,,audio_medium,mongo_gridfs,3,03-02-04-02-02-02-07_r03.wav,561888,0.007853,1,
write,write,,,audio_medium,polyglot,3,03-02-04-02-02-02-07_r03.wav,561888,0.008378,1,
write,write,,,audio_medium,pg_bytea,3,03-02-04-02-02-02-07_r03.wav,561888,0.014236,1,
write,write,,,audio_medium,mongo_gridfs,3,03-02-04-02-02-02-11_r03.wav,561888,0.007835,1,
write,write,,,audio_medium,polyglot,3,03-02-04-02-02-02-11_r03.wav,561888,0.007699,1,
write,write,,,audio_medium,pg_bytea,3,03-02-04-02-02-02-11_r03.wav,561888,0.015200,1,
write,write,,,audio_medium,polyglot,3,03-02-04-02-02-02-12_r03.wav,523448,0.007681,1,
write,write,,,audio_medium,pg_bytea,3,03-02-04-02-02-02-12_r03.wav,523448,0.012908,1,
write,write,,,audio_medium,mongo_gridfs,3,03-02-04-02-02-02-12_r03.wav,523448,0.007526,1,
write,write,,,audio_medium,pg_bytea,3,03-02-04-02-02-02-13_r03.wav,533056,0.014058,1,
write,write,,,audio_medium,polyglot,3,03-02-04-02-02-02-13_r03.wav,533056,0.008697,1,
write,write,,,audio_medium,mongo_gridfs,3,03-02-04-02-02-02-13_r03.wav,533056,0.011505,1,
write,write,,,audio_medium,pg_bytea,3,03-02-05-01-02-01-06_r03.wav,561882,0.014727,1,
write,write,,,audio_medium,mongo_gridfs,3,03-02-05-01-02-01-06_r03.wav,561882,0.007774,1,
write,write,,,audio_medium,polyglot,3,03-02-05-01-02-01-06_r03.wav,561882,0.009228,1,
write,write,,,audio_medium,mongo_gridfs,3,03-02-05-01-02-01-07_r03.wav,520242,0.006513,1,
write,write,,,audio_medium,pg_bytea,3,03-02-05-01-02-01-07_r03.wav,520242,0.013220,1,
write,write,,,audio_medium,polyglot,3,03-02-05-01-02-01-07_r03.wav,520242,0.008247,1,
write,write,,,audio_medium,pg_bytea,3,03-02-05-01-02-01-12_r03.wav,520242,0.013117,1,
write,write,,,audio_medium,polyglot,3,03-02-05-01-02-01-12_r03.wav,520242,0.007861,1,
write,write,,,audio_medium,mongo_gridfs,3,03-02-05-01-02-01-12_r03.wav,520242,0.009336,1,
write,write,,,audio_medium,mongo_gridfs,3,03-02-05-01-02-01-13_r03.wav,561888,0.006576,1,
write,write,,,audio_medium,pg_bytea,3,03-02-05-01-02-01-13_r03.wav,561888,0.018341,1,
write,write,,,audio_medium,polyglot,3,03-02-05-01-02-01-13_r03.wav,561888,0.009389,1,
write,write,,,audio_medium,polyglot,3,03-02-05-02-01-01-05_r03.wav,539464,0.009081,1,
write,write,,,audio_medium,pg_bytea,3,03-02-05-02-01-01-05_r03.wav,539464,0.014738,1,
write,write,,,audio_medium,mongo_gridfs,3,03-02-05-02-01-01-05_r03.wav,539464,0.007952,1,
write,write,,,audio_medium,pg_bytea,3,03-02-05-02-01-01-06_r03.wav,561888,0.014541,1,
write,write,,,audio_medium,mongo_gridfs,3,03-02-05-02-01-01-06_r03.wav,561888,0.007942,1,
write,write,,,audio_medium,polyglot,3,03-02-05-02-01-01-06_r03.wav,561888,0.007875,1,
write,write,,,audio_medium,mongo_gridfs,3,03-02-05-02-01-01-07_r03.wav,533056,0.006638,1,
write,write,,,audio_medium,pg_bytea,3,03-02-05-02-01-01-07_r03.wav,533056,0.014018,1,
write,write,,,audio_medium,polyglot,3,03-02-05-02-01-01-07_r03.wav,533056,0.008083,1,
write,write,,,audio_medium,pg_bytea,3,03-02-05-02-01-01-11_r03.wav,561888,0.013528,1,
write,write,,,audio_medium,polyglot,3,03-02-05-02-01-01-11_r03.wav,561888,0.008164,1,
write,write,,,audio_medium,mongo_gridfs,3,03-02-05-02-01-01-11_r03.wav,561888,0.006721,1,
write,write,,,audio_medium,polyglot,3,03-02-05-02-01-01-12_r03.wav,533056,0.007328,1,
write,write,,,audio_medium,pg_bytea,3,03-02-05-02-01-01-12_r03.wav,533056,0.012915,1,
write,write,,,audio_medium,mongo_gridfs,3,03-02-05-02-01-01-12_r03.wav,533056,0.007913,1,
write,write,,,audio_medium,pg_bytea,3,03-02-05-02-01-01-13_r03.wav,526650,0.013157,1,
write,write,,,audio_medium,polyglot,3,03-02-05-02-01-01-13_r03.wav,526650,0.008464,1,
write,write,,,audio_medium,mongo_gridfs,3,03-02-05-02-01-01-13_r03.wav,526650,0.008582,1,
write,write,,,video_small,pg_bytea,3,01-01-01-01-01-01-22_r03.mp4,5457041,0.156709,1,
write,write,,,video_small,polyglot,3,01-01-01-01-01-01-22_r03.mp4,5457041,0.047137,1,
write,write,,,video_small,mongo_gridfs,3,01-01-01-01-01-01-22_r03.mp4,5457041,0.060193,1,
write,write,,,video_small,polyglot,3,01-01-01-01-01-02-01_r03.mp4,5457041,0.048166,1,
write,write,,,video_small,pg_bytea,3,01-01-01-01-01-02-01_r03.mp4,5457041,0.127049,1,
write,write,,,video_small,mongo_gridfs,3,01-01-01-01-01-02-01_r03.mp4,5457041,0.046939,1,
write,write,,,video_small,polyglot,3,01-01-01-01-01-02-15_r03.mp4,5457041,0.047653,1,
write,write,,,video_small,mongo_gridfs,3,01-01-01-01-01-02-15_r03.mp4,5457041,0.052466,1,
write,write,,,video_small,pg_bytea,3,01-01-01-01-01-02-15_r03.mp4,5457041,0.140997,1,
write,write,,,video_small,pg_bytea,3,01-01-01-01-02-01-06_r03.mp4,5457041,0.130133,1,
write,write,,,video_small,mongo_gridfs,3,01-01-01-01-02-01-06_r03.mp4,5457041,0.049919,1,
write,write,,,video_small,polyglot,3,01-01-01-01-02-01-06_r03.mp4,5457041,0.061956,1,
write,write,,,video_small,polyglot,3,01-01-01-01-02-01-13_r03.mp4,5457041,0.046702,1,
write,write,,,video_small,mongo_gridfs,3,01-01-01-01-02-01-13_r03.mp4,5457041,0.052410,1,
write,write,,,video_small,pg_bytea,3,01-01-01-01-02-01-13_r03.mp4,5457041,0.277007,1,
write,write,,,video_small,polyglot,3,01-01-01-01-02-01-14_r03.mp4,5457041,0.049398,1,
write,write,,,video_small,pg_bytea,3,01-01-01-01-02-01-14_r03.mp4,5457041,0.160105,1,
write,write,,,video_small,mongo_gridfs,3,01-01-01-01-02-01-14_r03.mp4,5457041,0.044820,1,
write,write,,,video_small,pg_bytea,3,01-01-01-01-02-02-09_r03.mp4,5498397,0.147605,1,
write,write,,,video_small,polyglot,3,01-01-01-01-02-02-09_r03.mp4,5498397,0.046143,1,
write,write,,,video_small,mongo_gridfs,3,01-01-01-01-02-02-09_r03.mp4,5498397,0.048827,1,
write,write,,,video_small,pg_bytea,3,01-01-01-02-01-01-01_r03.mp4,5498397,0.135386,1,
write,write,,,video_small,mongo_gridfs,3,01-01-01-02-01-01-01_r03.mp4,5498397,0.045322,1,
write,write,,,video_small,polyglot,3,01-01-01-02-01-01-01_r03.mp4,5498397,0.070643,1,
write,write,,,video_small,polyglot,3,01-01-01-02-01-01-05_r03.mp4,5457041,0.044974,1,
write,write,,,video_small,mongo_gridfs,3,01-01-01-02-01-01-05_r03.mp4,5457041,0.054045,1,
write,write,,,video_small,pg_bytea,3,01-01-01-02-01-01-05_r03.mp4,5457041,0.141773,1,
write,write,,,video_small,polyglot,3,01-01-01-02-01-01-15_r03.mp4,5457041,0.045843,1,
write,write,,,video_small,mongo_gridfs,3,01-01-01-02-01-01-15_r03.mp4,5457041,0.042825,1,
write,write,,,video_small,pg_bytea,3,01-01-01-02-01-01-15_r03.mp4,5457041,0.198146,1,
write,write,,,video_small,mongo_gridfs,3,01-01-01-02-02-01-18_r03.mp4,5457041,0.056509,1,
write,write,,,video_small,pg_bytea,3,01-01-01-02-02-01-18_r03.mp4,5457041,0.132538,1,
write,write,,,video_small,polyglot,3,01-01-01-02-02-01-18_r03.mp4,5457041,0.051421,1,
write,write,,,video_small,polyglot,3,01-01-01-02-02-01-19_r03.mp4,5457041,0.048387,1,
write,write,,,video_small,mongo_gridfs,3,01-01-01-02-02-01-19_r03.mp4,5457041,0.047655,1,
write,write,,,video_small,pg_bytea,3,01-01-01-02-02-01-19_r03.mp4,5457041,0.139536,1,
write,write,,,video_small,mongo_gridfs,3,01-01-02-01-01-02-09_r03.mp4,5498397,0.046573,1,
write,write,,,video_small,pg_bytea,3,01-01-02-01-01-02-09_r03.mp4,5498397,0.139399,1,
write,write,,,video_small,polyglot,3,01-01-02-01-01-02-09_r03.mp4,5498397,0.044123,1,
write,write,,,video_small,pg_bytea,3,01-01-02-01-01-02-18_r03.mp4,5498397,0.142982,1,
write,write,,,video_small,polyglot,3,01-01-02-01-01-02-18_r03.mp4,5498397,0.046760,1,
write,write,,,video_small,mongo_gridfs,3,01-01-02-01-01-02-18_r03.mp4,5498397,0.056600,1,
write,write,,,video_small,pg_bytea,3,01-01-02-01-01-02-23_r03.mp4,5498397,0.133445,1,
write,write,,,video_small,mongo_gridfs,3,01-01-02-01-01-02-23_r03.mp4,5498397,0.056263,1,
write,write,,,video_small,polyglot,3,01-01-02-01-01-02-23_r03.mp4,5498397,0.063451,1,
write,write,,,video_small,pg_bytea,3,01-01-02-01-02-01-09_r03.mp4,5498397,0.140971,1,
write,write,,,video_small,mongo_gridfs,3,01-01-02-01-02-01-09_r03.mp4,5498397,0.045187,1,
write,write,,,video_small,polyglot,3,01-01-02-01-02-01-09_r03.mp4,5498397,0.052451,1,
write,write,,,video_small,polyglot,3,01-01-02-01-02-02-01_r03.mp4,5498397,0.092819,1,
write,write,,,video_small,mongo_gridfs,3,01-01-02-01-02-02-01_r03.mp4,5498397,0.083560,1,
write,write,,,video_small,pg_bytea,3,01-01-02-01-02-02-01_r03.mp4,5498397,0.191614,1,
write,write,,,video_small,polyglot,3,01-01-02-01-02-02-03_r03.mp4,5498397,0.048429,1,
write,write,,,video_small,mongo_gridfs,3,01-01-02-01-02-02-03_r03.mp4,5498397,0.043322,1,
write,write,,,video_small,pg_bytea,3,01-01-02-01-02-02-03_r03.mp4,5498397,0.138625,1,
write,write,,,video_small,pg_bytea,3,01-01-02-02-01-02-02_r03.mp4,5498397,0.142875,1,
write,write,,,video_small,mongo_gridfs,3,01-01-02-02-01-02-02_r03.mp4,5498397,0.045860,1,
write,write,,,video_small,polyglot,3,01-01-02-02-01-02-02_r03.mp4,5498397,0.046812,1,
write,write,,,video_small,mongo_gridfs,3,01-01-02-02-01-02-03_r03.mp4,5498397,0.044883,1,
write,write,,,video_small,pg_bytea,3,01-01-02-02-01-02-03_r03.mp4,5498397,0.129256,1,
write,write,,,video_small,polyglot,3,01-01-02-02-01-02-03_r03.mp4,5498397,0.047549,1,
write,write,,,video_small,mongo_gridfs,3,01-01-02-02-01-02-05_r03.mp4,5498397,0.145386,1,
write,write,,,video_small,polyglot,3,01-01-02-02-01-02-05_r03.mp4,5498397,0.104653,1,
write,write,,,video_small,pg_bytea,3,01-01-02-02-01-02-05_r03.mp4,5498397,0.131821,1,
write,write,,,video_small,pg_bytea,3,01-01-02-02-01-02-10_r03.mp4,5457041,0.142715,1,
write,write,,,video_small,mongo_gridfs,3,01-01-02-02-01-02-10_r03.mp4,5457041,0.045894,1,
write,write,,,video_small,polyglot,3,01-01-02-02-01-02-10_r03.mp4,5457041,0.048566,1,
write,write,,,video_small,mongo_gridfs,3,01-01-02-02-01-02-13_r03.mp4,5457041,0.058590,1,
write,write,,,video_small,pg_bytea,3,01-01-02-02-01-02-13_r03.mp4,5457041,0.134864,1,
write,write,,,video_small,polyglot,3,01-01-02-02-01-02-13_r03.mp4,5457041,0.095201,1,
write,write,,,video_small,pg_bytea,3,01-01-02-02-01-02-17_r03.mp4,5457041,0.153165,1,
write,write,,,video_small,polyglot,3,01-01-02-02-01-02-17_r03.mp4,5457041,0.052606,1,
write,write,,,video_small,mongo_gridfs,3,01-01-02-02-01-02-17_r03.mp4,5457041,0.040474,1,
write,write,,,video_small,polyglot,3,01-01-02-02-02-02-18_r03.mp4,5457041,0.047756,1,
write,write,,,video_small,mongo_gridfs,3,01-01-02-02-02-02-18_r03.mp4,5457041,0.046978,1,
write,write,,,video_small,pg_bytea,3,01-01-02-02-02-02-18_r03.mp4,5457041,0.133996,1,
write,write,,,video_small,mongo_gridfs,3,01-01-02-02-02-02-19_r03.mp4,5457041,0.045932,1,
write,write,,,video_small,polyglot,3,01-01-02-02-02-02-19_r03.mp4,5457041,0.051484,1,
write,write,,,video_small,pg_bytea,3,01-01-02-02-02-02-19_r03.mp4,5457041,0.134923,1,
write,write,,,video_small,mongo_gridfs,3,01-01-02-02-02-02-21_r03.mp4,5498397,0.058645,1,
write,write,,,video_small,polyglot,3,01-01-02-02-02-02-21_r03.mp4,5498397,0.053059,1,
write,write,,,video_small,pg_bytea,3,01-01-02-02-02-02-21_r03.mp4,5498397,0.135357,1,
write,write,,,video_small,mongo_gridfs,3,01-01-02-02-02-02-22_r03.mp4,5457041,0.052310,1,
write,write,,,video_small,polyglot,3,01-01-02-02-02-02-22_r03.mp4,5457041,0.050766,1,
write,write,,,video_small,pg_bytea,3,01-01-02-02-02-02-22_r03.mp4,5457041,0.134445,1,
write,write,,,video_small,pg_bytea,3,01-01-02-02-02-02-23_r03.mp4,5457041,0.224897,1,
write,write,,,video_small,mongo_gridfs,3,01-01-02-02-02-02-23_r03.mp4,5457041,0.048444,1,
write,write,,,video_small,polyglot,3,01-01-02-02-02-02-23_r03.mp4,5457041,0.054441,1,
write,write,,,video_small,pg_bytea,3,01-01-03-01-01-01-12_r03.mp4,5457041,0.133935,1,
write,write,,,video_small,polyglot,3,01-01-03-01-01-01-12_r03.mp4,5457041,0.056688,1,
write,write,,,video_small,mongo_gridfs,3,01-01-03-01-01-01-12_r03.mp4,5457041,0.053871,1,
write,write,,,video_small,pg_bytea,3,01-01-03-01-01-01-15_r03.mp4,5457041,0.144868,1,
write,write,,,video_small,mongo_gridfs,3,01-01-03-01-01-01-15_r03.mp4,5457041,0.047925,1,
write,write,,,video_small,polyglot,3,01-01-03-01-01-01-15_r03.mp4,5457041,0.052229,1,
write,write,,,video_small,pg_bytea,3,01-01-03-01-02-01-08_r03.mp4,5498397,0.147119,1,
write,write,,,video_small,mongo_gridfs,3,01-01-03-01-02-01-08_r03.mp4,5498397,0.046871,1,
write,write,,,video_small,polyglot,3,01-01-03-01-02-01-08_r03.mp4,5498397,0.051161,1,
write,write,,,video_small,pg_bytea,3,01-01-03-01-02-01-21_r03.mp4,5498397,0.141411,1,
write,write,,,video_small,polyglot,3,01-01-03-01-02-01-21_r03.mp4,5498397,0.114860,1,
write,write,,,video_small,mongo_gridfs,3,01-01-03-01-02-01-21_r03.mp4,5498397,0.048099,1,
write,write,,,video_small,pg_bytea,3,01-01-03-02-01-01-21_r03.mp4,5457041,0.145453,1,
write,write,,,video_small,mongo_gridfs,3,01-01-03-02-01-01-21_r03.mp4,5457041,0.058367,1,
write,write,,,video_small,polyglot,3,01-01-03-02-01-01-21_r03.mp4,5457041,0.054792,1,
write,write,,,video_small,pg_bytea,3,01-01-03-02-01-01-24_r03.mp4,5457041,0.144262,1,
write,write,,,video_small,polyglot,3,01-01-03-02-01-01-24_r03.mp4,5457041,0.061938,1,
write,write,,,video_small,mongo_gridfs,3,01-01-03-02-01-01-24_r03.mp4,5457041,0.045558,1,
write,write,,,video_small,pg_bytea,3,01-01-03-02-01-02-01_r03.mp4,5457041,0.132598,1,
write,write,,,video_small,mongo_gridfs,3,01-01-03-02-01-02-01_r03.mp4,5457041,0.047104,1,
write,write,,,video_small,polyglot,3,01-01-03-02-01-02-01_r03.mp4,5457041,0.080649,1,
write,write,,,video_small,polyglot,3,01-01-03-02-01-02-15_r03.mp4,5457041,0.071016,1,
write,write,,,video_small,mongo_gridfs,3,01-01-03-02-01-02-15_r03.mp4,5457041,0.045448,1,
write,write,,,video_small,pg_bytea,3,01-01-03-02-01-02-15_r03.mp4,5457041,0.146998,1,
write,write,,,video_small,mongo_gridfs,3,01-01-03-02-02-01-05_r03.mp4,5457041,0.054016,1,
write,write,,,video_small,polyglot,3,01-01-03-02-02-01-05_r03.mp4,5457041,0.063370,1,
write,write,,,video_small,pg_bytea,3,01-01-03-02-02-01-05_r03.mp4,5457041,0.136347,1,
write,write,,,video_small,polyglot,3,01-01-03-02-02-01-12_r03.mp4,5457041,0.048624,1,
write,write,,,video_small,pg_bytea,3,01-01-03-02-02-01-12_r03.mp4,5457041,0.130959,1,
write,write,,,video_small,mongo_gridfs,3,01-01-03-02-02-01-12_r03.mp4,5457041,0.044182,1,
write,write,,,video_small,mongo_gridfs,3,01-01-03-02-02-01-15_r03.mp4,5498397,0.053041,1,
write,write,,,video_small,pg_bytea,3,01-01-03-02-02-01-15_r03.mp4,5498397,0.140171,1,
write,write,,,video_small,polyglot,3,01-01-03-02-02-01-15_r03.mp4,5498397,0.057615,1,
write,write,,,video_small,polyglot,3,01-01-04-01-01-01-03_r03.mp4,5457041,0.070101,1,
write,write,,,video_small,pg_bytea,3,01-01-04-01-01-01-03_r03.mp4,5457041,0.145143,1,
write,write,,,video_small,mongo_gridfs,3,01-01-04-01-01-01-03_r03.mp4,5457041,0.042995,1,
write,write,,,video_small,mongo_gridfs,3,01-01-04-01-01-01-05_r03.mp4,5498397,0.044314,1,
write,write,,,video_small,polyglot,3,01-01-04-01-01-01-05_r03.mp4,5498397,0.041475,1,
write,write,,,video_small,pg_bytea,3,01-01-04-01-01-01-05_r03.mp4,5498397,0.152422,1,
write,write,,,video_small,pg_bytea,3,01-01-04-01-01-01-10_r03.mp4,5457041,0.348321,1,
write,write,,,video_small,polyglot,3,01-01-04-01-01-01-10_r03.mp4,5457041,0.062626,1,
write,write,,,video_small,mongo_gridfs,3,01-01-04-01-01-01-10_r03.mp4,5457041,0.049382,1,
write,write,,,video_small,polyglot,3,01-01-04-01-01-01-16_r03.mp4,5457041,0.050448,1,
write,write,,,video_small,pg_bytea,3,01-01-04-01-01-01-16_r03.mp4,5457041,0.154158,1,
write,write,,,video_small,mongo_gridfs,3,01-01-04-01-01-01-16_r03.mp4,5457041,0.043976,1,
write,write,,,video_small,pg_bytea,3,01-01-04-01-02-01-19_r03.mp4,5498397,0.146692,1,
write,write,,,video_small,mongo_gridfs,3,01-01-04-01-02-01-19_r03.mp4,5498397,0.047638,1,
write,write,,,video_small,polyglot,3,01-01-04-01-02-01-19_r03.mp4,5498397,0.052753,1,
write,write,,,video_small,pg_bytea,3,01-01-04-01-02-01-21_r03.mp4,5498397,0.156293,1,
write,write,,,video_small,mongo_gridfs,3,01-01-04-01-02-01-21_r03.mp4,5498397,0.052226,1,
write,write,,,video_small,polyglot,3,01-01-04-01-02-01-21_r03.mp4,5498397,0.055810,1,
write,write,,,video_small,mongo_gridfs,3,01-01-04-01-02-01-22_r03.mp4,5498397,0.045487,1,
write,write,,,video_small,polyglot,3,01-01-04-01-02-01-22_r03.mp4,5498397,0.046859,1,
write,write,,,video_small,pg_bytea,3,01-01-04-01-02-01-22_r03.mp4,5498397,0.148849,1,
write,write,,,video_small,pg_bytea,3,01-01-04-02-01-01-18_r03.mp4,5498397,0.153462,1,
write,write,,,video_small,polyglot,3,01-01-04-02-01-01-18_r03.mp4,5498397,0.139793,1,
write,write,,,video_small,mongo_gridfs,3,01-01-04-02-01-01-18_r03.mp4,5498397,0.045118,1,
write,write,,,video_small,pg_bytea,3,01-01-04-02-01-01-19_r03.mp4,5457041,0.139145,1,
write,write,,,video_small,polyglot,3,01-01-04-02-01-01-19_r03.mp4,5457041,0.047778,1,
write,write,,,video_small,mongo_gridfs,3,01-01-04-02-01-01-19_r03.mp4,5457041,0.053139,1,
write,write,,,video_small,pg_bytea,3,01-01-04-02-02-01-02_r03.mp4,5498397,0.142615,1,
write,write,,,video_small,polyglot,3,01-01-04-02-02-01-02_r03.mp4,5498397,0.064684,1,
write,write,,,video_small,mongo_gridfs,3,01-01-04-02-02-01-02_r03.mp4,5498397,0.047566,1,
write,write,,,video_small,pg_bytea,3,01-01-04-02-02-01-05_r03.mp4,5498397,0.142038,1,
write,write,,,video_small,polyglot,3,01-01-04-02-02-01-05_r03.mp4,5498397,0.055260,1,
write,write,,,video_small,mongo_gridfs,3,01-01-04-02-02-01-05_r03.mp4,5498397,0.045159,1,
write,write,,,video_small,pg_bytea,3,01-01-04-02-02-01-06_r03.mp4,5498397,0.336276,1,
write,write,,,video_small,mongo_gridfs,3,01-01-04-02-02-01-06_r03.mp4,5498397,0.043934,1,
write,write,,,video_small,polyglot,3,01-01-04-02-02-01-06_r03.mp4,5498397,0.085726,1,
write,write,,,video_small,pg_bytea,3,01-01-04-02-02-01-13_r03.mp4,5498397,0.139631,1,
write,write,,,video_small,polyglot,3,01-01-04-02-02-01-13_r03.mp4,5498397,0.084849,1,
write,write,,,video_small,mongo_gridfs,3,01-01-04-02-02-01-13_r03.mp4,5498397,0.051730,1,
write,write,,,video_small,pg_bytea,3,01-01-04-02-02-01-17_r03.mp4,5498397,0.152355,1,
write,write,,,video_small,polyglot,3,01-01-04-02-02-01-17_r03.mp4,5498397,0.051320,1,
write,write,,,video_small,mongo_gridfs,3,01-01-04-02-02-01-17_r03.mp4,5498397,0.048228,1,
write,write,,,video_small,mongo_gridfs,3,01-01-04-02-02-02-19_r03.mp4,5498397,0.053911,1,
write,write,,,video_small,polyglot,3,01-01-04-02-02-02-19_r03.mp4,5498397,0.046769,1,
write,write,,,video_small,pg_bytea,3,01-01-04-02-02-02-19_r03.mp4,5498397,0.140263,1,
write,write,,,video_small,mongo_gridfs,3,01-01-05-01-01-02-09_r03.mp4,5498397,0.048134,1,
write,write,,,video_small,pg_bytea,3,01-01-05-01-01-02-09_r03.mp4,5498397,0.196956,1,
write,write,,,video_small,polyglot,3,01-01-05-01-01-02-09_r03.mp4,5498397,0.220122,1,
write,write,,,video_small,mongo_gridfs,3,01-01-05-01-01-02-19_r03.mp4,5498397,0.051049,1,
write,write,,,video_small,pg_bytea,3,01-01-05-01-01-02-19_r03.mp4,5498397,0.149181,1,
write,write,,,video_small,polyglot,3,01-01-05-01-01-02-19_r03.mp4,5498397,0.052207,1,
write,write,,,video_small,polyglot,3,01-01-05-01-01-02-21_r03.mp4,5457041,0.049591,1,
write,write,,,video_small,pg_bytea,3,01-01-05-01-01-02-21_r03.mp4,5457041,0.178924,1,
write,write,,,video_small,mongo_gridfs,3,01-01-05-01-01-02-21_r03.mp4,5457041,0.055860,1,
write,write,,,video_small,pg_bytea,3,01-01-05-01-02-01-19_r03.mp4,5457041,0.138273,1,
write,write,,,video_small,polyglot,3,01-01-05-01-02-01-19_r03.mp4,5457041,0.046148,1,
write,write,,,video_small,mongo_gridfs,3,01-01-05-01-02-01-19_r03.mp4,5457041,0.061154,1,
write,write,,,video_small,polyglot,3,01-01-05-01-02-02-04_r03.mp4,5457041,0.046788,1,
write,write,,,video_small,mongo_gridfs,3,01-01-05-01-02-02-04_r03.mp4,5457041,0.049948,1,
write,write,,,video_small,pg_bytea,3,01-01-05-01-02-02-04_r03.mp4,5457041,0.146524,1,
write,write,,,video_small,polyglot,3,01-01-05-01-02-02-05_r03.mp4,5498397,0.065428,1,
write,write,,,video_small,pg_bytea,3,01-01-05-01-02-02-05_r03.mp4,5498397,0.151098,1,
write,write,,,video_small,mongo_gridfs,3,01-01-05-01-02-02-05_r03.mp4,5498397,0.054884,1,
write,write,,,video_small,mongo_gridfs,3,01-01-05-02-01-02-04_r03.mp4,5457041,0.066840,1,
write,write,,,video_small,pg_bytea,3,01-01-05-02-01-02-04_r03.mp4,5457041,0.159743,1,
write,write,,,video_small,polyglot,3,01-01-05-02-01-02-04_r03.mp4,5457041,0.048497,1,
write,write,,,video_small,pg_bytea,3,01-01-05-02-01-02-12_r03.mp4,5457041,0.143843,1,
write,write,,,video_small,mongo_gridfs,3,01-01-05-02-01-02-12_r03.mp4,5457041,0.045666,1,
write,write,,,video_small,polyglot,3,01-01-05-02-01-02-12_r03.mp4,5457041,0.045410,1,
write,write,,,video_small,pg_bytea,3,01-01-05-02-01-02-14_r03.mp4,5457041,0.136732,1,
write,write,,,video_small,polyglot,3,01-01-05-02-01-02-14_r03.mp4,5457041,0.049495,1,
write,write,,,video_small,mongo_gridfs,3,01-01-05-02-01-02-14_r03.mp4,5457041,0.046913,1,
write,write,,,video_small,polyglot,3,01-01-05-02-02-02-19_r03.mp4,5498397,0.048622,1,
write,write,,,video_small,pg_bytea,3,01-01-05-02-02-02-19_r03.mp4,5498397,0.128539,1,
write,write,,,video_small,mongo_gridfs,3,01-01-05-02-02-02-19_r03.mp4,5498397,0.049128,1,
write,write,,,video_small,polyglot,3,01-01-05-02-02-02-20_r03.mp4,5498397,0.053834,1,
write,write,,,video_small,pg_bytea,3,01-01-05-02-02-02-20_r03.mp4,5498397,0.145300,1,
write,write,,,video_small,mongo_gridfs,3,01-01-05-02-02-02-20_r03.mp4,5498397,0.046260,1,
write,write,,,video_small,mongo_gridfs,3,01-01-05-02-02-02-23_r03.mp4,5498397,0.050754,1,
write,write,,,video_small,pg_bytea,3,01-01-05-02-02-02-23_r03.mp4,5498397,0.155409,1,
write,write,,,video_small,polyglot,3,01-01-05-02-02-02-23_r03.mp4,5498397,0.080204,1,
write,write,,,video_small,pg_bytea,3,01-01-06-01-01-01-08_r03.mp4,5457041,0.132639,1,
write,write,,,video_small,mongo_gridfs,3,01-01-06-01-01-01-08_r03.mp4,5457041,0.041273,1,
write,write,,,video_small,polyglot,3,01-01-06-01-01-01-08_r03.mp4,5457041,0.043260,1,
write,write,,,video_small,polyglot,3,01-01-06-01-01-01-19_r03.mp4,5457041,0.046887,1,
write,write,,,video_small,mongo_gridfs,3,01-01-06-01-01-01-19_r03.mp4,5457041,0.055982,1,
write,write,,,video_small,pg_bytea,3,01-01-06-01-01-01-19_r03.mp4,5457041,0.139291,1,
write,write,,,video_small,mongo_gridfs,3,01-01-06-01-01-01-24_r03.mp4,5498397,0.051547,1,
write,write,,,video_small,pg_bytea,3,01-01-06-01-01-01-24_r03.mp4,5498397,0.143200,1,
write,write,,,video_small,polyglot,3,01-01-06-01-01-01-24_r03.mp4,5498397,0.102740,1,
write,write,,,video_medium,polyglot,3,tsinghua_v_0024_r03.mp4,13091522,0.110668,1,
write,write,,,video_medium,mongo_gridfs,3,tsinghua_v_0024_r03.mp4,13091522,0.125553,1,
write,write,,,video_medium,pg_bytea,3,tsinghua_v_0024_r03.mp4,13091522,0.339333,1,
write,write,,,video_medium,mongo_gridfs,3,tsinghua_v_0046_r03.mp4,13091522,0.115817,1,
write,write,,,video_medium,polyglot,3,tsinghua_v_0046_r03.mp4,13091522,0.109302,1,
write,write,,,video_medium,pg_bytea,3,tsinghua_v_0046_r03.mp4,13091522,0.437170,1,
write,write,,,video_medium,polyglot,3,tsinghua_v_0076_r03.mp4,13091522,0.107515,1,
write,write,,,video_medium,mongo_gridfs,3,tsinghua_v_0076_r03.mp4,13091522,0.097977,1,
write,write,,,video_medium,pg_bytea,3,tsinghua_v_0076_r03.mp4,13091522,0.398875,1,
write,write,,,video_medium,mongo_gridfs,3,tsinghua_v_0080_r03.mp4,13091522,0.116217,1,
write,write,,,video_medium,pg_bytea,3,tsinghua_v_0080_r03.mp4,13091522,0.337326,1,
write,write,,,video_medium,polyglot,3,tsinghua_v_0080_r03.mp4,13091522,0.107739,1,
write,write,,,video_medium,polyglot,3,tsinghua_v_0109_r03.mp4,13091522,0.113958,1,
write,write,,,video_medium,mongo_gridfs,3,tsinghua_v_0109_r03.mp4,13091522,0.114805,1,
write,write,,,video_medium,pg_bytea,3,tsinghua_v_0109_r03.mp4,13091522,0.427909,1,
write,write,,,video_medium,pg_bytea,3,tsinghua_v_0123_r03.mp4,13091522,0.313854,1,
write,write,,,video_medium,mongo_gridfs,3,tsinghua_v_0123_r03.mp4,13091522,0.103085,1,
write,write,,,video_medium,polyglot,3,tsinghua_v_0123_r03.mp4,13091522,0.098887,1,
write,write,,,video_medium,mongo_gridfs,3,tsinghua_v_0130_r03.mp4,13091522,0.111070,1,
write,write,,,video_medium,pg_bytea,3,tsinghua_v_0130_r03.mp4,13091522,0.356289,1,
write,write,,,video_medium,polyglot,3,tsinghua_v_0130_r03.mp4,13091522,0.111636,1,
write,write,,,video_medium,polyglot,3,tsinghua_v_0135_r03.mp4,13091522,0.117641,1,
write,write,,,video_medium,pg_bytea,3,tsinghua_v_0135_r03.mp4,13091522,0.321202,1,
write,write,,,video_medium,mongo_gridfs,3,tsinghua_v_0135_r03.mp4,13091522,0.111121,1,
write,write,,,video_medium,polyglot,3,tsinghua_v_0137_r03.mp4,13091522,0.106216,1,
write,write,,,video_medium,pg_bytea,3,tsinghua_v_0137_r03.mp4,13091522,0.368662,1,
write,write,,,video_medium,mongo_gridfs,3,tsinghua_v_0137_r03.mp4,13091522,0.114353,1,
write,write,,,video_medium,polyglot,3,tsinghua_v_0140_r03.mp4,13091522,0.102784,1,
write,write,,,video_medium,mongo_gridfs,3,tsinghua_v_0140_r03.mp4,13091522,0.120464,1,
write,write,,,video_medium,pg_bytea,3,tsinghua_v_0140_r03.mp4,13091522,0.329078,1,
write,write,,,video_medium,pg_bytea,3,tsinghua_v_0151_r03.mp4,13091522,0.424223,1,
write,write,,,video_medium,polyglot,3,tsinghua_v_0151_r03.mp4,13091522,0.105927,1,
write,write,,,video_medium,mongo_gridfs,3,tsinghua_v_0151_r03.mp4,13091522,0.104464,1,
write,write,,,video_medium,mongo_gridfs,3,tsinghua_v_0157_r03.mp4,13091522,0.109294,1,
write,write,,,video_medium,pg_bytea,3,tsinghua_v_0157_r03.mp4,13091522,0.377646,1,
write,write,,,video_medium,polyglot,3,tsinghua_v_0157_r03.mp4,13091522,0.361841,1,
write,write,,,video_medium,polyglot,3,tsinghua_v_0209_r03.mp4,13091522,0.097267,1,
write,write,,,video_medium,pg_bytea,3,tsinghua_v_0209_r03.mp4,13091522,0.314948,1,
write,write,,,video_medium,mongo_gridfs,3,tsinghua_v_0209_r03.mp4,13091522,0.100890,1,
write,write,,,video_medium,mongo_gridfs,3,tsinghua_v_0226_r03.mp4,13091522,0.098505,1,
write,write,,,video_medium,pg_bytea,3,tsinghua_v_0226_r03.mp4,13091522,0.408765,1,
write,write,,,video_medium,polyglot,3,tsinghua_v_0226_r03.mp4,13091522,0.365602,1,
write,write,,,video_medium,polyglot,3,tsinghua_v_0236_r03.mp4,13091522,0.189418,1,
write,write,,,video_medium,mongo_gridfs,3,tsinghua_v_0236_r03.mp4,13091522,0.105545,1,
write,write,,,video_medium,pg_bytea,3,tsinghua_v_0236_r03.mp4,13091522,0.352563,1,
write,write,,,video_medium,mongo_gridfs,3,tsinghua_v_0274_r03.mp4,13091522,0.125050,1,
write,write,,,video_medium,pg_bytea,3,tsinghua_v_0274_r03.mp4,13091522,0.350541,1,
write,write,,,video_medium,polyglot,3,tsinghua_v_0274_r03.mp4,13091522,0.120254,1,
write,write,,,video_medium,polyglot,3,tsinghua_v_0280_r03.mp4,13091522,0.174777,1,
write,write,,,video_medium,mongo_gridfs,3,tsinghua_v_0280_r03.mp4,13091522,0.115907,1,
write,write,,,video_medium,pg_bytea,3,tsinghua_v_0280_r03.mp4,13091522,0.323118,1,
write,write,,,video_medium,mongo_gridfs,3,tsinghua_v_0302_r03.mp4,13091522,0.103925,1,
write,write,,,video_medium,pg_bytea,3,tsinghua_v_0302_r03.mp4,13091522,0.322754,1,
write,write,,,video_medium,polyglot,3,tsinghua_v_0302_r03.mp4,13091522,0.127801,1,
write,write,,,video_medium,mongo_gridfs,3,tsinghua_v_0311_r03.mp4,13091522,0.105609,1,
write,write,,,video_medium,polyglot,3,tsinghua_v_0311_r03.mp4,13091522,0.165936,1,
write,write,,,video_medium,pg_bytea,3,tsinghua_v_0311_r03.mp4,13091522,0.324997,1,
write,write,,,video_medium,pg_bytea,3,tsinghua_v_0316_r03.mp4,13091522,0.377916,1,
write,write,,,video_medium,mongo_gridfs,3,tsinghua_v_0316_r03.mp4,13091522,0.110870,1,
write,write,,,video_medium,polyglot,3,tsinghua_v_0316_r03.mp4,13091522,0.124531,1,
write,write,,,video_medium,mongo_gridfs,3,tsinghua_v_0319_r03.mp4,13091522,0.103355,1,
write,write,,,video_medium,polyglot,3,tsinghua_v_0319_r03.mp4,13091522,0.105086,1,
write,write,,,video_medium,pg_bytea,3,tsinghua_v_0319_r03.mp4,13091522,0.325288,1,
write,write,,,video_medium,mongo_gridfs,3,tsinghua_v_0321_r03.mp4,13091522,0.111618,1,
write,write,,,video_medium,polyglot,3,tsinghua_v_0321_r03.mp4,13091522,0.108074,1,
write,write,,,video_medium,pg_bytea,3,tsinghua_v_0321_r03.mp4,13091522,0.385716,1,
write,write,,,video_medium,mongo_gridfs,3,tsinghua_v_0331_r03.mp4,13091522,0.096287,1,
write,write,,,video_medium,polyglot,3,tsinghua_v_0331_r03.mp4,13091522,0.099270,1,
write,write,,,video_medium,pg_bytea,3,tsinghua_v_0331_r03.mp4,13091522,0.346569,1,
write,write,,,video_medium,pg_bytea,3,tsinghua_v_0345_r03.mp4,13091522,0.554602,1,
write,write,,,video_medium,polyglot,3,tsinghua_v_0345_r03.mp4,13091522,0.098336,1,
write,write,,,video_medium,mongo_gridfs,3,tsinghua_v_0345_r03.mp4,13091522,0.132258,1,
write,write,,,video_medium,pg_bytea,3,tsinghua_v_0356_r03.mp4,13091522,0.317398,1,
write,write,,,video_medium,polyglot,3,tsinghua_v_0356_r03.mp4,13091522,0.320805,1,
write,write,,,video_medium,mongo_gridfs,3,tsinghua_v_0356_r03.mp4,13091522,0.104569,1,
write,write,,,video_medium,polyglot,3,tsinghua_v_0357_r03.mp4,13091522,0.106793,1,
write,write,,,video_medium,pg_bytea,3,tsinghua_v_0357_r03.mp4,13091522,0.321108,1,
write,write,,,video_medium,mongo_gridfs,3,tsinghua_v_0357_r03.mp4,13091522,0.113182,1,
write,write,,,video_medium,mongo_gridfs,3,tsinghua_v_0379_r03.mp4,13091522,0.120241,1,
write,write,,,video_medium,polyglot,3,tsinghua_v_0379_r03.mp4,13091522,0.158084,1,
write,write,,,video_medium,pg_bytea,3,tsinghua_v_0379_r03.mp4,13091522,0.337050,1,
write,write,,,video_medium,polyglot,3,tsinghua_v_0393_r03.mp4,13091522,0.107326,1,
write,write,,,video_medium,pg_bytea,3,tsinghua_v_0393_r03.mp4,13091522,0.595732,1,
write,write,,,video_medium,mongo_gridfs,3,tsinghua_v_0393_r03.mp4,13091522,0.115117,1,
write,write,,,video_medium,polyglot,3,tsinghua_v_0421_r03.mp4,13091522,0.145917,1,
write,write,,,video_medium,mongo_gridfs,3,tsinghua_v_0421_r03.mp4,13091522,0.106056,1,
write,write,,,video_medium,pg_bytea,3,tsinghua_v_0421_r03.mp4,13091522,0.342899,1,
write,write,,,video_medium,mongo_gridfs,3,tsinghua_v_0424_r03.mp4,13091522,0.102341,1,
write,write,,,video_medium,pg_bytea,3,tsinghua_v_0424_r03.mp4,13091522,0.391009,1,
write,write,,,video_medium,polyglot,3,tsinghua_v_0424_r03.mp4,13091522,0.107966,1,
write,write,,,video_medium,pg_bytea,3,tsinghua_v_0427_r03.mp4,13091522,0.293796,1,
write,write,,,video_medium,mongo_gridfs,3,tsinghua_v_0427_r03.mp4,13091522,0.102944,1,
write,write,,,video_medium,polyglot,3,tsinghua_v_0427_r03.mp4,13091522,0.114285,1,
write,write,,,video_medium,mongo_gridfs,3,tsinghua_v_0431_r03.mp4,13091522,0.127872,1,
write,write,,,video_medium,pg_bytea,3,tsinghua_v_0431_r03.mp4,13091522,0.316743,1,
write,write,,,video_medium,polyglot,3,tsinghua_v_0431_r03.mp4,13091522,0.121673,1,
write,write,,,video_medium,polyglot,3,tsinghua_v_0452_r03.mp4,13091522,0.103863,1,
write,write,,,video_medium,mongo_gridfs,3,tsinghua_v_0452_r03.mp4,13091522,0.098096,1,
write,write,,,video_medium,pg_bytea,3,tsinghua_v_0452_r03.mp4,13091522,0.460943,1,
write,write,,,video_medium,mongo_gridfs,3,tsinghua_v_0454_r03.mp4,13091522,0.099584,1,
write,write,,,video_medium,pg_bytea,3,tsinghua_v_0454_r03.mp4,13091522,0.421462,1,
write,write,,,video_medium,polyglot,3,tsinghua_v_0454_r03.mp4,13091522,0.123415,1,
write,write,,,video_medium,polyglot,3,tsinghua_v_0457_r03.mp4,13091522,0.117343,1,
write,write,,,video_medium,mongo_gridfs,3,tsinghua_v_0457_r03.mp4,13091522,0.104856,1,
write,write,,,video_medium,pg_bytea,3,tsinghua_v_0457_r03.mp4,13091522,0.323740,1,
write,write,,,video_medium,pg_bytea,3,tsinghua_v_0466_r03.mp4,13091522,0.437182,1,
write,write,,,video_medium,polyglot,3,tsinghua_v_0466_r03.mp4,13091522,0.108199,1,
write,write,,,video_medium,mongo_gridfs,3,tsinghua_v_0466_r03.mp4,13091522,0.108338,1,
write,write,,,video_medium,mongo_gridfs,3,tsinghua_v_0471_r03.mp4,13091522,0.102975,1,
write,write,,,video_medium,polyglot,3,tsinghua_v_0471_r03.mp4,13091522,0.104672,1,
write,write,,,video_medium,pg_bytea,3,tsinghua_v_0471_r03.mp4,13091522,0.344672,1,
write,write,,,video_medium,polyglot,3,tsinghua_v_0472_r03.mp4,13091522,0.099444,1,
write,write,,,video_medium,mongo_gridfs,3,tsinghua_v_0472_r03.mp4,13091522,0.096574,1,
write,write,,,video_medium,pg_bytea,3,tsinghua_v_0472_r03.mp4,13091522,0.435323,1,
write,write,,,video_medium,polyglot,3,tsinghua_v_0494_r03.mp4,13091522,0.106539,1,
write,write,,,video_medium,mongo_gridfs,3,tsinghua_v_0494_r03.mp4,13091522,0.098110,1,
write,write,,,video_medium,pg_bytea,3,tsinghua_v_0494_r03.mp4,13091522,0.327113,1,
write,write,,,video_medium,mongo_gridfs,3,tsinghua_v_0503_r03.mp4,13091522,0.102378,1,
write,write,,,video_medium,polyglot,3,tsinghua_v_0503_r03.mp4,13091522,0.117753,1,
write,write,,,video_medium,pg_bytea,3,tsinghua_v_0503_r03.mp4,13091522,0.433650,1,
write,write,,,video_medium,pg_bytea,3,tsinghua_v_0509_r03.mp4,13091522,0.322600,1,
write,write,,,video_medium,mongo_gridfs,3,tsinghua_v_0509_r03.mp4,13091522,0.108540,1,
write,write,,,video_medium,polyglot,3,tsinghua_v_0509_r03.mp4,13091522,0.105981,1,
write,write,,,video_medium,mongo_gridfs,3,tsinghua_v_0523_r03.mp4,13091522,0.120369,1,
write,write,,,video_medium,pg_bytea,3,tsinghua_v_0523_r03.mp4,13091522,0.511713,1,
write,write,,,video_medium,polyglot,3,tsinghua_v_0523_r03.mp4,13091522,0.118577,1,
write,write,,,video_medium,mongo_gridfs,3,tsinghua_v_0546_r03.mp4,13091522,0.103925,1,
write,write,,,video_medium,pg_bytea,3,tsinghua_v_0546_r03.mp4,13091522,0.463770,1,
write,write,,,video_medium,polyglot,3,tsinghua_v_0546_r03.mp4,13091522,0.156391,1,
write,write,,,video_medium,polyglot,3,tsinghua_v_0568_r03.mp4,13091522,0.108914,1,
write,write,,,video_medium,pg_bytea,3,tsinghua_v_0568_r03.mp4,13091522,0.349711,1,
write,write,,,video_medium,mongo_gridfs,3,tsinghua_v_0568_r03.mp4,13091522,0.104621,1,
write,write,,,video_medium,polyglot,3,tsinghua_v_0594_r03.mp4,13091522,0.136234,1,
write,write,,,video_medium,pg_bytea,3,tsinghua_v_0594_r03.mp4,13091522,0.353485,1,
write,write,,,video_medium,mongo_gridfs,3,tsinghua_v_0594_r03.mp4,13091522,0.107072,1,
write,write,,,video_medium,polyglot,3,tsinghua_v_0596_r03.mp4,13091522,0.108953,1,
write,write,,,video_medium,mongo_gridfs,3,tsinghua_v_0596_r03.mp4,13091522,0.114530,1,
write,write,,,video_medium,pg_bytea,3,tsinghua_v_0596_r03.mp4,13091522,0.353579,1,
write,write,,,video_medium,polyglot,3,tsinghua_v_0635_r03.mp4,13091522,0.143791,1,
write,write,,,video_medium,mongo_gridfs,3,tsinghua_v_0635_r03.mp4,13091522,0.103713,1,
write,write,,,video_medium,pg_bytea,3,tsinghua_v_0635_r03.mp4,13091522,0.321985,1,
write,write,,,video_medium,pg_bytea,3,tsinghua_v_0653_r03.mp4,13091522,0.318188,1,
write,write,,,video_medium,polyglot,3,tsinghua_v_0653_r03.mp4,13091522,0.103029,1,
write,write,,,video_medium,mongo_gridfs,3,tsinghua_v_0653_r03.mp4,13091522,0.153567,1,
write,write,,,video_medium,pg_bytea,3,tsinghua_v_0667_r03.mp4,13091522,0.369415,1,
write,write,,,video_medium,mongo_gridfs,3,tsinghua_v_0667_r03.mp4,13091522,0.117830,1,
write,write,,,video_medium,polyglot,3,tsinghua_v_0667_r03.mp4,13091522,0.167605,1,
write,write,,,video_medium,pg_bytea,3,tsinghua_v_0673_r03.mp4,13091522,0.320991,1,
write,write,,,video_medium,polyglot,3,tsinghua_v_0673_r03.mp4,13091522,0.144609,1,
write,write,,,video_medium,mongo_gridfs,3,tsinghua_v_0673_r03.mp4,13091522,0.123429,1,
write,write,,,video_medium,polyglot,3,tsinghua_v_0681_r03.mp4,13091522,0.111922,1,
write,write,,,video_medium,pg_bytea,3,tsinghua_v_0681_r03.mp4,13091522,0.433225,1,
write,write,,,video_medium,mongo_gridfs,3,tsinghua_v_0681_r03.mp4,13091522,0.114568,1,
write,write,,,video_medium,mongo_gridfs,3,tsinghua_v_0690_r03.mp4,13091522,0.110830,1,
write,write,,,video_medium,polyglot,3,tsinghua_v_0690_r03.mp4,13091522,0.276283,1,
write,write,,,video_medium,pg_bytea,3,tsinghua_v_0690_r03.mp4,13091522,0.427092,1,
write,write,,,video_medium,polyglot,3,tsinghua_v_0692_r03.mp4,13091522,0.142786,1,
write,write,,,video_medium,pg_bytea,3,tsinghua_v_0692_r03.mp4,13091522,0.331796,1,
write,write,,,video_medium,mongo_gridfs,3,tsinghua_v_0692_r03.mp4,13091522,0.150712,1,
write,write,,,video_medium,mongo_gridfs,3,tsinghua_v_0696_r03.mp4,13091522,0.129725,1,
write,write,,,video_medium,pg_bytea,3,tsinghua_v_0696_r03.mp4,13091522,0.545285,1,
write,write,,,video_medium,polyglot,3,tsinghua_v_0696_r03.mp4,13091522,0.125454,1,
write,write,,,video_medium,polyglot,3,tsinghua_v_0734_r03.mp4,13091522,0.148428,1,
write,write,,,video_medium,mongo_gridfs,3,tsinghua_v_0734_r03.mp4,13091522,0.137322,1,
write,write,,,video_medium,pg_bytea,3,tsinghua_v_0734_r03.mp4,13091522,0.339115,1,
write,write,,,video_medium,pg_bytea,3,tsinghua_v_0737_r03.mp4,13091522,0.341501,1,
write,write,,,video_medium,polyglot,3,tsinghua_v_0737_r03.mp4,13091522,0.113734,1,
write,write,,,video_medium,mongo_gridfs,3,tsinghua_v_0737_r03.mp4,13091522,0.112438,1,
write,write,,,video_medium,pg_bytea,3,tsinghua_v_0744_r03.mp4,13091522,0.451589,1,
write,write,,,video_medium,polyglot,3,tsinghua_v_0744_r03.mp4,13091522,0.109846,1,
write,write,,,video_medium,mongo_gridfs,3,tsinghua_v_0744_r03.mp4,13091522,0.107096,1,
write,write,,,video_medium,polyglot,3,tsinghua_v_0745_r03.mp4,13091522,0.133888,1,
write,write,,,video_medium,mongo_gridfs,3,tsinghua_v_0745_r03.mp4,13091522,0.094175,1,
write,write,,,video_medium,pg_bytea,3,tsinghua_v_0745_r03.mp4,13091522,0.335194,1,
write,write,,,video_medium,pg_bytea,3,tsinghua_v_0769_r03.mp4,13091522,0.334158,1,
write,write,,,video_medium,mongo_gridfs,3,tsinghua_v_0769_r03.mp4,13091522,0.218404,1,
write,write,,,video_medium,polyglot,3,tsinghua_v_0769_r03.mp4,13091522,0.112022,1,
write,write,,,video_medium,polyglot,3,tsinghua_v_0791_r03.mp4,13091522,0.105592,1,
write,write,,,video_medium,pg_bytea,3,tsinghua_v_0791_r03.mp4,13091522,0.359595,1,
write,write,,,video_medium,mongo_gridfs,3,tsinghua_v_0791_r03.mp4,13091522,0.110822,1,
write,write,,,video_medium,mongo_gridfs,3,tsinghua_v_0792_r03.mp4,13091522,0.105493,1,
write,write,,,video_medium,polyglot,3,tsinghua_v_0792_r03.mp4,13091522,0.164630,1,
write,write,,,video_medium,pg_bytea,3,tsinghua_v_0792_r03.mp4,13091522,0.404208,1,
write,write,,,video_medium,pg_bytea,3,tsinghua_v_0857_r03.mp4,13091522,0.310241,1,
write,write,,,video_medium,polyglot,3,tsinghua_v_0857_r03.mp4,13091522,0.267723,1,
write,write,,,video_medium,mongo_gridfs,3,tsinghua_v_0857_r03.mp4,13091522,0.120521,1,
write,write,,,video_medium,polyglot,3,tsinghua_v_0866_r03.mp4,13091522,0.113148,1,
write,write,,,video_medium,mongo_gridfs,3,tsinghua_v_0866_r03.mp4,13091522,0.103815,1,
write,write,,,video_medium,pg_bytea,3,tsinghua_v_0866_r03.mp4,13091522,0.322109,1,
write,write,,,video_medium,mongo_gridfs,3,tsinghua_v_0880_r03.mp4,13091522,0.119008,1,
write,write,,,video_medium,pg_bytea,3,tsinghua_v_0880_r03.mp4,13091522,0.483952,1,
write,write,,,video_medium,polyglot,3,tsinghua_v_0880_r03.mp4,13091522,0.118768,1,
write,write,,,video_medium,polyglot,3,tsinghua_v_0888_r03.mp4,13091522,0.167915,1,
write,write,,,video_medium,pg_bytea,3,tsinghua_v_0888_r03.mp4,13091522,0.313858,1,
write,write,,,video_medium,mongo_gridfs,3,tsinghua_v_0888_r03.mp4,13091522,0.128660,1,
write,write,,,video_medium,pg_bytea,3,tsinghua_v_0901_r03.mp4,13091522,0.335054,1,
write,write,,,video_medium,mongo_gridfs,3,tsinghua_v_0901_r03.mp4,13091522,0.101322,1,
write,write,,,video_medium,polyglot,3,tsinghua_v_0901_r03.mp4,13091522,0.103954,1,
write,write,,,video_medium,pg_bytea,3,tsinghua_v_0937_r03.mp4,13091522,0.312271,1,
write,write,,,video_medium,mongo_gridfs,3,tsinghua_v_0937_r03.mp4,13091522,0.134020,1,
write,write,,,video_medium,polyglot,3,tsinghua_v_0937_r03.mp4,13091522,0.120332,1,
write,write,,,video_medium,mongo_gridfs,3,tsinghua_v_0939_r03.mp4,13091522,0.128023,1,
write,write,,,video_medium,polyglot,3,tsinghua_v_0939_r03.mp4,13091522,0.234718,1,
write,write,,,video_medium,pg_bytea,3,tsinghua_v_0939_r03.mp4,13091522,0.344361,1,
write,write,,,video_medium,pg_bytea,3,tsinghua_v_0961_r03.mp4,13091522,0.320260,1,
write,write,,,video_medium,polyglot,3,tsinghua_v_0961_r03.mp4,13091522,0.105218,1,
write,write,,,video_medium,mongo_gridfs,3,tsinghua_v_0961_r03.mp4,13091522,0.113380,1,
write,write,,,video_medium,mongo_gridfs,3,tsinghua_v_0977_r03.mp4,13091522,0.126101,1,
write,write,,,video_medium,polyglot,3,tsinghua_v_0977_r03.mp4,13091522,0.111489,1,
write,write,,,video_medium,pg_bytea,3,tsinghua_v_0977_r03.mp4,13091522,0.341515,1,
write,write,,,audio_small,mongo_gridfs,4,03-01-01-01-01-02-19_r04.wav,375720,0.012480,1,
write,write,,,audio_small,pg_bytea,4,03-01-01-01-01-02-19_r04.wav,375720,0.017764,1,
write,write,,,audio_small,polyglot,4,03-01-01-01-01-02-19_r04.wav,375720,0.010870,1,
write,write,,,audio_small,pg_bytea,4,03-01-01-01-02-02-05_r04.wav,396294,0.010947,1,
write,write,,,audio_small,polyglot,4,03-01-01-01-02-02-05_r04.wav,396294,0.015294,1,
write,write,,,audio_small,mongo_gridfs,4,03-01-01-01-02-02-05_r04.wav,396294,0.007332,1,
write,write,,,audio_small,pg_bytea,4,03-01-01-01-02-02-06_r04.wav,363108,0.014199,1,
write,write,,,audio_small,mongo_gridfs,4,03-01-01-01-02-02-06_r04.wav,363108,0.007642,1,
write,write,,,audio_small,polyglot,4,03-01-01-01-02-02-06_r04.wav,363108,0.009869,1,
write,write,,,audio_small,mongo_gridfs,4,03-01-01-01-02-02-07_r04.wav,363108,0.005261,1,
write,write,,,audio_small,pg_bytea,4,03-01-01-01-02-02-07_r04.wav,363108,0.010099,1,
write,write,,,audio_small,polyglot,4,03-01-01-01-02-02-07_r04.wav,363108,0.007833,1,
write,write,,,audio_small,pg_bytea,4,03-01-01-01-02-02-11_r04.wav,375720,0.009973,1,
write,write,,,audio_small,mongo_gridfs,4,03-01-01-01-02-02-11_r04.wav,375720,0.006458,1,
write,write,,,audio_small,polyglot,4,03-01-01-01-02-02-11_r04.wav,375720,0.008957,1,
write,write,,,audio_small,pg_bytea,4,03-01-01-01-02-02-12_r04.wav,372698,0.012361,1,
write,write,,,audio_small,mongo_gridfs,4,03-01-01-01-02-02-12_r04.wav,372698,0.005723,1,
write,write,,,audio_small,polyglot,4,03-01-01-01-02-02-12_r04.wav,372698,0.008488,1,
write,write,,,audio_small,polyglot,4,03-01-01-01-02-02-13_r04.wav,363108,0.007303,1,
write,write,,,audio_small,mongo_gridfs,4,03-01-01-01-02-02-13_r04.wav,363108,0.008240,1,
write,write,,,audio_small,pg_bytea,4,03-01-01-01-02-02-13_r04.wav,363108,0.015244,1,
write,write,,,audio_small,polyglot,4,03-01-01-02-01-02-05_r04.wav,393086,0.013930,1,
write,write,,,audio_small,mongo_gridfs,4,03-01-01-02-01-02-05_r04.wav,393086,0.009532,1,
write,write,,,audio_small,pg_bytea,4,03-01-01-02-01-02-05_r04.wav,393086,0.013805,1,
write,write,,,audio_small,polyglot,4,03-01-01-02-01-02-06_r04.wav,363108,0.112498,1,
write,write,,,audio_small,mongo_gridfs,4,03-01-01-02-01-02-06_r04.wav,363108,0.007597,1,
write,write,,,audio_small,pg_bytea,4,03-01-01-02-01-02-06_r04.wav,363108,0.010095,1,
write,write,,,audio_small,polyglot,4,03-01-01-02-01-02-07_r04.wav,372698,0.007842,1,
write,write,,,audio_small,pg_bytea,4,03-01-01-02-01-02-07_r04.wav,372698,0.009273,1,
write,write,,,audio_small,mongo_gridfs,4,03-01-01-02-01-02-07_r04.wav,372698,0.005878,1,
write,write,,,audio_small,mongo_gridfs,4,03-01-01-02-01-02-13_r04.wav,399494,0.007028,1,
write,write,,,audio_small,pg_bytea,4,03-01-01-02-01-02-13_r04.wav,399494,0.011690,1,
write,write,,,audio_small,polyglot,4,03-01-01-02-01-02-13_r04.wav,399494,0.010953,1,
write,write,,,audio_small,mongo_gridfs,4,03-01-01-02-02-02-19_r04.wav,372698,0.006024,1,
write,write,,,audio_small,polyglot,4,03-01-01-02-02-02-19_r04.wav,372698,0.006639,1,
write,write,,,audio_small,pg_bytea,4,03-01-01-02-02-02-19_r04.wav,372698,0.013274,1,
write,write,,,audio_small,pg_bytea,4,03-01-02-01-01-01-19_r04.wav,372698,0.010012,1,
write,write,,,audio_small,polyglot,4,03-01-02-01-01-01-19_r04.wav,372698,0.007767,1,
write,write,,,audio_small,mongo_gridfs,4,03-01-02-01-01-01-19_r04.wav,372698,0.006764,1,
write,write,,,audio_small,polyglot,4,03-01-02-01-02-01-06_r04.wav,363108,0.007417,1,
write,write,,,audio_small,mongo_gridfs,4,03-01-02-01-02-01-06_r04.wav,363108,0.006700,1,
write,write,,,audio_small,pg_bytea,4,03-01-02-01-02-01-06_r04.wav,363108,0.009233,1,
write,write,,,audio_small,pg_bytea,4,03-01-02-01-02-01-07_r04.wav,399494,0.012716,1,
write,write,,,audio_small,mongo_gridfs,4,03-01-02-01-02-01-07_r04.wav,399494,0.006663,1,
write,write,,,audio_small,polyglot,4,03-01-02-01-02-01-07_r04.wav,399494,0.006848,1,
write,write,,,audio_small,polyglot,4,03-01-02-01-02-01-11_r04.wav,375720,0.007260,1,
write,write,,,audio_small,mongo_gridfs,4,03-01-02-01-02-01-11_r04.wav,375720,0.005441,1,
write,write,,,audio_small,pg_bytea,4,03-01-02-01-02-01-11_r04.wav,375720,0.009701,1,
write,write,,,audio_small,polyglot,4,03-01-02-01-02-01-12_r04.wav,372698,0.011263,1,
write,write,,,audio_small,pg_bytea,4,03-01-02-01-02-01-12_r04.wav,372698,0.008900,1,
write,write,,,audio_small,mongo_gridfs,4,03-01-02-01-02-01-12_r04.wav,372698,0.006867,1,
write,write,,,audio_small,pg_bytea,4,03-01-02-01-02-01-13_r04.wav,379106,0.012570,1,
write,write,,,audio_small,polyglot,4,03-01-02-01-02-01-13_r04.wav,379106,0.006241,1,
write,write,,,audio_small,mongo_gridfs,4,03-01-02-01-02-01-13_r04.wav,379106,0.005087,1,
write,write,,,audio_small,pg_bytea,4,03-01-02-02-01-01-05_r04.wav,363108,0.009090,1,
write,write,,,audio_small,polyglot,4,03-01-02-02-01-01-05_r04.wav,363108,0.005725,1,
write,write,,,audio_small,mongo_gridfs,4,03-01-02-02-01-01-05_r04.wav,363108,0.004699,1,
write,write,,,audio_small,mongo_gridfs,4,03-01-02-02-01-01-11_r04.wav,363108,0.004625,1,
write,write,,,audio_small,pg_bytea,4,03-01-02-02-01-01-11_r04.wav,363108,0.014748,1,
write,write,,,audio_small,polyglot,4,03-01-02-02-01-01-11_r04.wav,363108,0.007539,1,
write,write,,,audio_small,pg_bytea,4,03-01-02-02-01-01-12_r04.wav,399494,0.011225,1,
write,write,,,audio_small,mongo_gridfs,4,03-01-02-02-01-01-12_r04.wav,399494,0.007154,1,
write,write,,,audio_small,polyglot,4,03-01-02-02-01-01-12_r04.wav,399494,0.007645,1,
write,write,,,audio_small,polyglot,4,03-01-02-02-01-01-13_r04.wav,399494,0.007904,1,
write,write,,,audio_small,mongo_gridfs,4,03-01-02-02-01-01-13_r04.wav,399494,0.006898,1,
write,write,,,audio_small,pg_bytea,4,03-01-02-02-01-01-13_r04.wav,399494,0.010074,1,
write,write,,,audio_small,mongo_gridfs,4,03-01-02-02-02-01-19_r04.wav,379106,0.005886,1,
write,write,,,audio_small,polyglot,4,03-01-02-02-02-01-19_r04.wav,379106,0.006111,1,
write,write,,,audio_small,pg_bytea,4,03-01-02-02-02-01-19_r04.wav,379106,0.009403,1,
write,write,,,audio_small,mongo_gridfs,4,03-01-03-01-01-02-05_r04.wav,396294,0.006017,1,
write,write,,,audio_small,polyglot,4,03-01-03-01-01-02-05_r04.wav,396294,0.009462,1,
write,write,,,audio_small,pg_bytea,4,03-01-03-01-01-02-05_r04.wav,396294,0.011744,1,
write,write,,,audio_small,pg_bytea,4,03-01-03-01-01-02-07_r04.wav,393086,0.010989,1,
write,write,,,audio_small,mongo_gridfs,4,03-01-03-01-01-02-07_r04.wav,393086,0.006927,1,
write,write,,,audio_small,polyglot,4,03-01-03-01-01-02-07_r04.wav,393086,0.008632,1,
write,write,,,audio_small,polyglot,4,03-01-03-01-01-02-12_r04.wav,399494,0.006520,1,
write,write,,,audio_small,pg_bytea,4,03-01-03-01-01-02-12_r04.wav,399494,0.010904,1,
write,write,,,audio_small,mongo_gridfs,4,03-01-03-01-01-02-12_r04.wav,399494,0.005930,1,
write,write,,,audio_small,polyglot,4,03-01-03-01-01-02-13_r04.wav,399494,0.005966,1,
write,write,,,audio_small,pg_bytea,4,03-01-03-01-01-02-13_r04.wav,399494,0.009814,1,
write,write,,,audio_small,mongo_gridfs,4,03-01-03-01-01-02-13_r04.wav,399494,0.007059,1,
write,write,,,audio_small,mongo_gridfs,4,03-01-03-01-02-02-18_r04.wav,393086,0.005918,1,
write,write,,,audio_small,polyglot,4,03-01-03-01-02-02-18_r04.wav,393086,0.006559,1,
write,write,,,audio_small,pg_bytea,4,03-01-03-01-02-02-18_r04.wav,393086,0.012651,1,
write,write,,,audio_small,mongo_gridfs,4,03-01-03-01-02-02-19_r04.wav,399494,0.006456,1,
write,write,,,audio_small,polyglot,4,03-01-03-01-02-02-19_r04.wav,399494,0.007569,1,
write,write,,,audio_small,pg_bytea,4,03-01-03-01-02-02-19_r04.wav,399494,0.010144,1,
write,write,,,audio_small,mongo_gridfs,4,03-01-03-02-01-02-18_r04.wav,396294,0.006353,1,
write,write,,,audio_small,pg_bytea,4,03-01-03-02-01-02-18_r04.wav,396294,0.065654,1,
write,write,,,audio_small,polyglot,4,03-01-03-02-01-02-18_r04.wav,396294,0.051336,1,
write,write,,,audio_small,pg_bytea,4,03-01-03-02-01-02-19_r04.wav,372698,0.027384,1,
write,write,,,audio_small,polyglot,4,03-01-03-02-01-02-19_r04.wav,372698,0.005911,1,
write,write,,,audio_small,mongo_gridfs,4,03-01-03-02-01-02-19_r04.wav,372698,0.004003,1,
write,write,,,audio_small,mongo_gridfs,4,03-01-03-02-02-02-04_r04.wav,379106,0.004417,1,
write,write,,,audio_small,pg_bytea,4,03-01-03-02-02-02-04_r04.wav,379106,0.009111,1,
write,write,,,audio_small,polyglot,4,03-01-03-02-02-02-04_r04.wav,379106,0.005542,1,
write,write,,,audio_small,mongo_gridfs,4,03-01-03-02-02-02-06_r04.wav,399494,0.004379,1,
write,write,,,audio_small,polyglot,4,03-01-03-02-02-02-06_r04.wav,399494,0.005355,1,
write,write,,,audio_small,pg_bytea,4,03-01-03-02-02-02-06_r04.wav,399494,0.009543,1,
write,write,,,audio_small,pg_bytea,4,03-01-03-02-02-02-07_r04.wav,393086,0.010002,1,
write,write,,,audio_small,polyglot,4,03-01-03-02-02-02-07_r04.wav,393086,0.006754,1,
write,write,,,audio_small,mongo_gridfs,4,03-01-03-02-02-02-07_r04.wav,393086,0.004368,1,
write,write,,,audio_small,mongo_gridfs,4,03-01-03-02-02-02-10_r04.wav,375720,0.004060,1,
write,write,,,audio_small,pg_bytea,4,03-01-03-02-02-02-10_r04.wav,375720,0.012260,1,
write,write,,,audio_small,polyglot,4,03-01-03-02-02-02-10_r04.wav,375720,0.005366,1,
write,write,,,audio_small,polyglot,4,03-01-03-02-02-02-11_r04.wav,396294,0.005404,1,
write,write,,,audio_small,pg_bytea,4,03-01-03-02-02-02-11_r04.wav,396294,0.065128,1,
write,write,,,audio_small,mongo_gridfs,4,03-01-03-02-02-02-11_r04.wav,396294,0.005806,1,
write,write,,,audio_small,polyglot,4,03-01-03-02-02-02-13_r04.wav,399494,0.015101,1,
write,write,,,audio_small,pg_bytea,4,03-01-03-02-02-02-13_r04.wav,399494,0.013429,1,
write,write,,,audio_small,mongo_gridfs,4,03-01-03-02-02-02-13_r04.wav,399494,0.004903,1,
write,write,,,audio_small,mongo_gridfs,4,03-01-04-01-01-02-01_r04.wav,396294,0.004397,1,
write,write,,,audio_small,pg_bytea,4,03-01-04-01-01-02-01_r04.wav,396294,0.009637,1,
write,write,,,audio_small,polyglot,4,03-01-04-01-01-02-01_r04.wav,396294,0.004738,1,
write,write,,,audio_small,mongo_gridfs,4,03-01-04-01-01-02-02_r04.wav,379106,0.004161,1,
write,write,,,audio_small,pg_bytea,4,03-01-04-01-01-02-02_r04.wav,379106,0.010156,1,
write,write,,,audio_small,polyglot,4,03-01-04-01-01-02-02_r04.wav,379106,0.009847,1,
write,write,,,audio_small,mongo_gridfs,4,03-01-04-01-01-02-16_r04.wav,379106,0.005417,1,
write,write,,,audio_small,pg_bytea,4,03-01-04-01-01-02-16_r04.wav,379106,0.010367,1,
write,write,,,audio_small,polyglot,4,03-01-04-01-01-02-16_r04.wav,379106,0.005930,1,
write,write,,,audio_small,polyglot,4,03-01-04-01-02-02-08_r04.wav,372698,0.012283,1,
write,write,,,audio_small,mongo_gridfs,4,03-01-04-01-02-02-08_r04.wav,372698,0.005008,1,
write,write,,,audio_small,pg_bytea,4,03-01-04-01-02-02-08_r04.wav,372698,0.009849,1,
write,write,,,audio_small,polyglot,4,03-01-04-01-02-02-09_r04.wav,363108,0.005703,1,
write,write,,,audio_small,pg_bytea,4,03-01-04-01-02-02-09_r04.wav,363108,0.012210,1,
write,write,,,audio_small,mongo_gridfs,4,03-01-04-01-02-02-09_r04.wav,363108,0.005168,1,
write,write,,,audio_small,polyglot,4,03-01-04-01-02-02-20_r04.wav,396294,0.005863,1,
write,write,,,audio_small,mongo_gridfs,4,03-01-04-01-02-02-20_r04.wav,396294,0.004595,1,
write,write,,,audio_small,pg_bytea,4,03-01-04-01-02-02-20_r04.wav,396294,0.009626,1,
write,write,,,audio_small,pg_bytea,4,03-01-04-01-02-02-21_r04.wav,363108,0.008756,1,
write,write,,,audio_small,mongo_gridfs,4,03-01-04-01-02-02-21_r04.wav,363108,0.008650,1,
write,write,,,audio_small,polyglot,4,03-01-04-01-02-02-21_r04.wav,363108,0.009510,1,
write,write,,,audio_small,polyglot,4,03-01-04-01-02-02-22_r04.wav,372698,0.005508,1,
write,write,,,audio_small,pg_bytea,4,03-01-04-01-02-02-22_r04.wav,372698,0.011547,1,
write,write,,,audio_small,mongo_gridfs,4,03-01-04-01-02-02-22_r04.wav,372698,0.005493,1,
write,write,,,audio_small,pg_bytea,4,03-01-04-01-02-02-23_r04.wav,363108,0.009708,1,
write,write,,,audio_small,polyglot,4,03-01-04-01-02-02-23_r04.wav,363108,0.012710,1,
write,write,,,audio_small,mongo_gridfs,4,03-01-04-01-02-02-23_r04.wav,363108,0.004476,1,
write,write,,,audio_small,pg_bytea,4,03-01-04-02-01-02-09_r04.wav,379106,0.009832,1,
write,write,,,audio_small,mongo_gridfs,4,03-01-04-02-01-02-09_r04.wav,379106,0.006247,1,
write,write,,,audio_small,polyglot,4,03-01-04-02-01-02-09_r04.wav,379106,0.009793,1,
write,write,,,audio_small,pg_bytea,4,03-01-04-02-01-02-20_r04.wav,379106,0.019888,1,
write,write,,,audio_small,polyglot,4,03-01-04-02-01-02-20_r04.wav,379106,0.012012,1,
write,write,,,audio_small,mongo_gridfs,4,03-01-04-02-01-02-20_r04.wav,379106,0.007115,1,
write,write,,,audio_small,pg_bytea,4,03-01-04-02-01-02-21_r04.wav,393086,0.009929,1,
write,write,,,audio_small,polyglot,4,03-01-04-02-01-02-21_r04.wav,393086,0.010793,1,
write,write,,,audio_small,mongo_gridfs,4,03-01-04-02-01-02-21_r04.wav,393086,0.006428,1,
write,write,,,audio_small,pg_bytea,4,03-01-04-02-01-02-22_r04.wav,379106,0.013222,1,
write,write,,,audio_small,polyglot,4,03-01-04-02-01-02-22_r04.wav,379106,0.007641,1,
write,write,,,audio_small,mongo_gridfs,4,03-01-04-02-01-02-22_r04.wav,379106,0.005185,1,
write,write,,,audio_small,pg_bytea,4,03-01-04-02-02-02-14_r04.wav,375720,0.011721,1,
write,write,,,audio_small,mongo_gridfs,4,03-01-04-02-02-02-14_r04.wav,375720,0.005988,1,
write,write,,,audio_small,polyglot,4,03-01-04-02-02-02-14_r04.wav,375720,0.005447,1,
write,write,,,audio_small,pg_bytea,4,03-01-04-02-02-02-15_r04.wav,379106,0.010413,1,
write,write,,,audio_small,mongo_gridfs,4,03-01-04-02-02-02-15_r04.wav,379106,0.005218,1,
write,write,,,audio_small,polyglot,4,03-01-04-02-02-02-15_r04.wav,379106,0.006369,1,
write,write,,,audio_small,pg_bytea,4,03-01-04-02-02-02-16_r04.wav,375720,0.010938,1,
write,write,,,audio_small,polyglot,4,03-01-04-02-02-02-16_r04.wav,375720,0.007728,1,
write,write,,,audio_small,mongo_gridfs,4,03-01-04-02-02-02-16_r04.wav,375720,0.005184,1,
write,write,,,audio_small,mongo_gridfs,4,03-01-04-02-02-02-17_r04.wav,363108,0.004640,1,
write,write,,,audio_small,polyglot,4,03-01-04-02-02-02-17_r04.wav,363108,0.005561,1,
write,write,,,audio_small,pg_bytea,4,03-01-04-02-02-02-17_r04.wav,363108,0.016105,1,
write,write,,,audio_small,pg_bytea,4,03-01-05-01-01-01-09_r04.wav,393086,0.015933,1,
write,write,,,audio_small,polyglot,4,03-01-05-01-01-01-09_r04.wav,393086,0.005926,1,
write,write,,,audio_small,mongo_gridfs,4,03-01-05-01-01-01-09_r04.wav,393086,0.004443,1,
write,write,,,audio_small,mongo_gridfs,4,03-01-05-01-01-01-22_r04.wav,393086,0.004223,1,
write,write,,,audio_small,pg_bytea,4,03-01-05-01-01-01-22_r04.wav,393086,0.010437,1,
write,write,,,audio_small,polyglot,4,03-01-05-01-01-01-22_r04.wav,393086,0.004952,1,
write,write,,,audio_small,polyglot,4,03-01-05-01-02-01-02_r04.wav,372698,0.004539,1,
write,write,,,audio_small,mongo_gridfs,4,03-01-05-01-02-01-02_r04.wav,372698,0.003986,1,
write,write,,,audio_small,pg_bytea,4,03-01-05-01-02-01-02_r04.wav,372698,0.009784,1,
write,write,,,audio_small,pg_bytea,4,03-01-05-01-02-01-03_r04.wav,396294,0.009574,1,
write,write,,,audio_small,polyglot,4,03-01-05-01-02-01-03_r04.wav,396294,0.005303,1,
write,write,,,audio_small,mongo_gridfs,4,03-01-05-01-02-01-03_r04.wav,396294,0.004180,1,
write,write,,,audio_small,mongo_gridfs,4,03-01-05-01-02-01-15_r04.wav,363108,0.003712,1,
write,write,,,audio_small,polyglot,4,03-01-05-01-02-01-15_r04.wav,363108,0.004351,1,
write,write,,,audio_small,pg_bytea,4,03-01-05-01-02-01-15_r04.wav,363108,0.009681,1,
write,write,,,audio_small,mongo_gridfs,4,03-01-05-01-02-01-16_r04.wav,372698,0.005792,1,
write,write,,,audio_small,pg_bytea,4,03-01-05-01-02-01-16_r04.wav,372698,0.009545,1,
write,write,,,audio_small,polyglot,4,03-01-05-01-02-01-16_r04.wav,372698,0.004987,1,
write,write,,,audio_small,pg_bytea,4,03-01-05-01-02-01-17_r04.wav,393086,0.009484,1,
write,write,,,audio_small,mongo_gridfs,4,03-01-05-01-02-01-17_r04.wav,393086,0.004406,1,
write,write,,,audio_small,polyglot,4,03-01-05-01-02-01-17_r04.wav,393086,0.004488,1,
write,write,,,audio_small,pg_bytea,4,03-01-05-02-01-01-01_r04.wav,372698,0.011762,1,
write,write,,,audio_small,mongo_gridfs,4,03-01-05-02-01-01-01_r04.wav,372698,0.004302,1,
write,write,,,audio_small,polyglot,4,03-01-05-02-01-01-01_r04.wav,372698,0.005286,1,
write,write,,,audio_small,pg_bytea,4,03-01-05-02-01-01-02_r04.wav,375720,0.009403,1,
write,write,,,audio_small,polyglot,4,03-01-05-02-01-01-02_r04.wav,375720,0.004618,1,
write,write,,,audio_small,mongo_gridfs,4,03-01-05-02-01-01-02_r04.wav,375720,0.003991,1,
write,write,,,audio_small,pg_bytea,4,03-01-05-02-01-01-03_r04.wav,372698,0.009107,1,
write,write,,,audio_small,mongo_gridfs,4,03-01-05-02-01-01-03_r04.wav,372698,0.006923,1,
write,write,,,audio_small,polyglot,4,03-01-05-02-01-01-03_r04.wav,372698,0.008087,1,
write,write,,,audio_small,mongo_gridfs,4,03-01-05-02-01-01-15_r04.wav,396294,0.005010,1,
write,write,,,audio_small,pg_bytea,4,03-01-05-02-01-01-15_r04.wav,396294,0.014372,1,
write,write,,,audio_small,polyglot,4,03-01-05-02-01-01-15_r04.wav,396294,0.006499,1,
write,write,,,audio_small,mongo_gridfs,4,03-01-05-02-01-01-16_r04.wav,399494,0.005599,1,
write,write,,,audio_small,polyglot,4,03-01-05-02-01-01-16_r04.wav,399494,0.006663,1,
write,write,,,audio_small,pg_bytea,4,03-01-05-02-01-01-16_r04.wav,399494,0.009686,1,
write,write,,,audio_small,mongo_gridfs,4,03-01-05-02-01-01-17_r04.wav,363108,0.005680,1,
write,write,,,audio_small,polyglot,4,03-01-05-02-01-01-17_r04.wav,363108,0.006641,1,
write,write,,,audio_small,pg_bytea,4,03-01-05-02-01-01-17_r04.wav,363108,0.009547,1,
write,write,,,audio_small,pg_bytea,4,03-01-05-02-02-01-09_r04.wav,396294,0.011546,1,
write,write,,,audio_small,polyglot,4,03-01-05-02-02-01-09_r04.wav,396294,0.007303,1,
write,write,,,audio_small,mongo_gridfs,4,03-01-05-02-02-01-09_r04.wav,396294,0.006069,1,
write,write,,,audio_small,pg_bytea,4,03-01-05-02-02-01-21_r04.wav,375720,0.009482,1,
write,write,,,audio_small,polyglot,4,03-01-05-02-02-01-21_r04.wav,375720,0.006100,1,
write,write,,,audio_small,mongo_gridfs,4,03-01-05-02-02-01-21_r04.wav,375720,0.004870,1,
write,write,,,audio_small,mongo_gridfs,4,03-01-05-02-02-01-22_r04.wav,379106,0.005123,1,
write,write,,,audio_small,pg_bytea,4,03-01-05-02-02-01-22_r04.wav,379106,0.010828,1,
write,write,,,audio_small,polyglot,4,03-01-05-02-02-01-22_r04.wav,379106,0.008098,1,
write,write,,,audio_medium,polyglot,4,03-02-01-01-01-02-22_r04.wav,526650,0.007361,1,
write,write,,,audio_medium,mongo_gridfs,4,03-02-01-01-01-02-22_r04.wav,526650,0.006722,1,
write,write,,,audio_medium,pg_bytea,4,03-02-01-01-01-02-22_r04.wav,526650,0.014869,1,
write,write,,,audio_medium,polyglot,4,03-02-01-01-01-02-23_r04.wav,539464,0.006369,1,
write,write,,,audio_medium,pg_bytea,4,03-02-01-01-01-02-23_r04.wav,539464,0.017465,1,
write,write,,,audio_medium,mongo_gridfs,4,03-02-01-01-01-02-23_r04.wav,539464,0.007329,1,
write,write,,,audio_medium,pg_bytea,4,03-02-01-01-02-02-02_r04.wav,539464,0.014426,1,
write,write,,,audio_medium,mongo_gridfs,4,03-02-01-01-02-02-02_r04.wav,539464,0.007122,1,
write,write,,,audio_medium,polyglot,4,03-02-01-01-02-02-02_r04.wav,539464,0.007826,1,
write,write,,,audio_medium,mongo_gridfs,4,03-02-01-01-02-02-03_r04.wav,520242,0.007465,1,
write,write,,,audio_medium,polyglot,4,03-02-01-01-02-02-03_r04.wav,520242,0.008431,1,
write,write,,,audio_medium,pg_bytea,4,03-02-01-01-02-02-03_r04.wav,520242,0.014487,1,
write,write,,,audio_medium,pg_bytea,4,03-02-01-01-02-02-16_r04.wav,539464,0.017218,1,
write,write,,,audio_medium,polyglot,4,03-02-01-01-02-02-16_r04.wav,539464,0.015095,1,
write,write,,,audio_medium,mongo_gridfs,4,03-02-01-01-02-02-16_r04.wav,539464,0.011765,1,
write,write,,,audio_medium,pg_bytea,4,03-02-01-01-02-02-17_r04.wav,561888,0.015878,1,
write,write,,,audio_medium,mongo_gridfs,4,03-02-01-01-02-02-17_r04.wav,561888,0.008721,1,
write,write,,,audio_medium,polyglot,4,03-02-01-01-02-02-17_r04.wav,561888,0.008749,1,
write,write,,,audio_medium,mongo_gridfs,4,03-02-01-02-01-02-01_r04.wav,533056,0.008260,1,
write,write,,,audio_medium,polyglot,4,03-02-01-02-01-02-01_r04.wav,533056,0.009065,1,
write,write,,,audio_medium,pg_bytea,4,03-02-01-02-01-02-01_r04.wav,533056,0.014654,1,
write,write,,,audio_medium,polyglot,4,03-02-01-02-01-02-02_r04.wav,523448,0.007950,1,
write,write,,,audio_medium,mongo_gridfs,4,03-02-01-02-01-02-02_r04.wav,523448,0.006197,1,
write,write,,,audio_medium,pg_bytea,4,03-02-01-02-01-02-02_r04.wav,523448,0.013493,1,
write,write,,,audio_medium,pg_bytea,4,03-02-01-02-01-02-03_r04.wav,533056,0.014900,1,
write,write,,,audio_medium,polyglot,4,03-02-01-02-01-02-03_r04.wav,533056,0.008570,1,
write,write,,,audio_medium,mongo_gridfs,4,03-02-01-02-01-02-03_r04.wav,533056,0.006822,1,
write,write,,,audio_medium,polyglot,4,03-02-01-02-01-02-15_r04.wav,561882,0.008140,1,
write,write,,,audio_medium,mongo_gridfs,4,03-02-01-02-01-02-15_r04.wav,561882,0.006665,1,
write,write,,,audio_medium,pg_bytea,4,03-02-01-02-01-02-15_r04.wav,561882,0.015027,1,
write,write,,,audio_medium,polyglot,4,03-02-01-02-01-02-16_r04.wav,526650,0.008834,1,
write,write,,,audio_medium,mongo_gridfs,4,03-02-01-02-01-02-16_r04.wav,526650,0.006169,1,
write,write,,,audio_medium,pg_bytea,4,03-02-01-02-01-02-16_r04.wav,526650,0.024414,1,
write,write,,,audio_medium,mongo_gridfs,4,03-02-01-02-01-02-17_r04.wav,533056,0.008562,1,
write,write,,,audio_medium,pg_bytea,4,03-02-01-02-01-02-17_r04.wav,533056,0.015647,1,
write,write,,,audio_medium,polyglot,4,03-02-01-02-01-02-17_r04.wav,533056,0.009226,1,
write,write,,,audio_medium,mongo_gridfs,4,03-02-01-02-02-02-22_r04.wav,520242,0.007457,1,
write,write,,,audio_medium,pg_bytea,4,03-02-01-02-02-02-22_r04.wav,520242,0.015452,1,
write,write,,,audio_medium,polyglot,4,03-02-01-02-02-02-22_r04.wav,520242,0.009027,1,
write,write,,,audio_medium,mongo_gridfs,4,03-02-01-02-02-02-23_r04.wav,520242,0.006481,1,
write,write,,,audio_medium,pg_bytea,4,03-02-01-02-02-02-23_r04.wav,520242,0.016240,1,
write,write,,,audio_medium,polyglot,4,03-02-01-02-02-02-23_r04.wav,520242,0.007944,1,
write,write,,,audio_medium,pg_bytea,4,03-02-02-01-01-01-22_r04.wav,523448,0.013376,1,
write,write,,,audio_medium,polyglot,4,03-02-02-01-01-01-22_r04.wav,523448,0.008084,1,
write,write,,,audio_medium,mongo_gridfs,4,03-02-02-01-01-01-22_r04.wav,523448,0.006547,1,
write,write,,,audio_medium,pg_bytea,4,03-02-02-01-01-01-23_r04.wav,561888,0.016109,1,
write,write,,,audio_medium,polyglot,4,03-02-02-01-01-01-23_r04.wav,561888,0.009808,1,
write,write,,,audio_medium,mongo_gridfs,4,03-02-02-01-01-01-23_r04.wav,561888,0.006495,1,
write,write,,,audio_medium,pg_bytea,4,03-02-02-01-02-01-01_r04.wav,520242,0.014081,1,
write,write,,,audio_medium,mongo_gridfs,4,03-02-02-01-02-01-01_r04.wav,520242,0.007742,1,
write,write,,,audio_medium,polyglot,4,03-02-02-01-02-01-01_r04.wav,520242,0.007098,1,
write,write,,,audio_medium,mongo_gridfs,4,03-02-02-01-02-01-02_r04.wav,539464,0.007602,1,
write,write,,,audio_medium,polyglot,4,03-02-02-01-02-01-02_r04.wav,539464,0.008210,1,
write,write,,,audio_medium,pg_bytea,4,03-02-02-01-02-01-02_r04.wav,539464,0.014747,1,
write,write,,,audio_medium,polyglot,4,03-02-02-01-02-01-03_r04.wav,533056,0.007514,1,
write,write,,,audio_medium,pg_bytea,4,03-02-02-01-02-01-03_r04.wav,533056,0.014027,1,
write,write,,,audio_medium,mongo_gridfs,4,03-02-02-01-02-01-03_r04.wav,533056,0.007953,1,
write,write,,,audio_medium,pg_bytea,4,03-02-02-01-02-01-16_r04.wav,561882,0.017551,1,
write,write,,,audio_medium,polyglot,4,03-02-02-01-02-01-16_r04.wav,561882,0.009618,1,
write,write,,,audio_medium,mongo_gridfs,4,03-02-02-01-02-01-16_r04.wav,561882,0.008372,1,
write,write,,,audio_medium,pg_bytea,4,03-02-02-02-01-01-01_r04.wav,539464,0.016019,1,
write,write,,,audio_medium,polyglot,4,03-02-02-02-01-01-01_r04.wav,539464,0.009048,1,
write,write,,,audio_medium,mongo_gridfs,4,03-02-02-02-01-01-01_r04.wav,539464,0.006870,1,
write,write,,,audio_medium,mongo_gridfs,4,03-02-02-02-01-01-02_r04.wav,526650,0.006348,1,
write,write,,,audio_medium,polyglot,4,03-02-02-02-01-01-02_r04.wav,526650,0.007793,1,
write,write,,,audio_medium,pg_bytea,4,03-02-02-02-01-01-02_r04.wav,526650,0.014271,1,
write,write,,,audio_medium,pg_bytea,4,03-02-02-02-01-01-15_r04.wav,539464,0.016454,1,
write,write,,,audio_medium,polyglot,4,03-02-02-02-01-01-15_r04.wav,539464,0.008466,1,
write,write,,,audio_medium,mongo_gridfs,4,03-02-02-02-01-01-15_r04.wav,539464,0.006369,1,
write,write,,,audio_medium,mongo_gridfs,4,03-02-02-02-01-01-16_r04.wav,520242,0.005694,1,
write,write,,,audio_medium,pg_bytea,4,03-02-02-02-01-01-16_r04.wav,520242,0.015104,1,
write,write,,,audio_medium,polyglot,4,03-02-02-02-01-01-16_r04.wav,520242,0.008095,1,
write,write,,,audio_medium,polyglot,4,03-02-02-02-01-01-17_r04.wav,539464,0.007061,1,
write,write,,,audio_medium,mongo_gridfs,4,03-02-02-02-01-01-17_r04.wav,539464,0.008114,1,
write,write,,,audio_medium,pg_bytea,4,03-02-02-02-01-01-17_r04.wav,539464,0.014530,1,
write,write,,,audio_medium,polyglot,4,03-02-02-02-02-01-22_r04.wav,539464,0.008326,1,
write,write,,,audio_medium,mongo_gridfs,4,03-02-02-02-02-01-22_r04.wav,539464,0.006090,1,
write,write,,,audio_medium,pg_bytea,4,03-02-02-02-02-01-22_r04.wav,539464,0.015378,1,
write,write,,,audio_medium,mongo_gridfs,4,03-02-02-02-02-01-23_r04.wav,520242,0.006252,1,
write,write,,,audio_medium,polyglot,4,03-02-02-02-02-01-23_r04.wav,520242,0.007707,1,
write,write,,,audio_medium,pg_bytea,4,03-02-02-02-02-01-23_r04.wav,520242,0.016306,1,
write,write,,,audio_medium,polyglot,4,03-02-03-01-01-02-01_r04.wav,561882,0.008269,1,
write,write,,,audio_medium,mongo_gridfs,4,03-02-03-01-01-02-01_r04.wav,561882,0.006765,1,
write,write,,,audio_medium,pg_bytea,4,03-02-03-01-01-02-01_r04.wav,561882,0.014692,1,
write,write,,,audio_medium,mongo_gridfs,4,03-02-03-01-01-02-02_r04.wav,561882,0.011819,1,
write,write,,,audio_medium,polyglot,4,03-02-03-01-01-02-02_r04.wav,561882,0.063915,1,
write,write,,,audio_medium,pg_bytea,4,03-02-03-01-01-02-02_r04.wav,561882,0.015224,1,
write,write,,,audio_medium,pg_bytea,4,03-02-03-01-01-02-03_r04.wav,539464,0.014613,1,
write,write,,,audio_medium,mongo_gridfs,4,03-02-03-01-01-02-03_r04.wav,539464,0.009684,1,
write,write,,,audio_medium,polyglot,4,03-02-03-01-01-02-03_r04.wav,539464,0.023855,1,
write,write,,,audio_medium,polyglot,4,03-02-03-01-01-02-15_r04.wav,526650,0.009213,1,
write,write,,,audio_medium,mongo_gridfs,4,03-02-03-01-01-02-15_r04.wav,526650,0.007302,1,
write,write,,,audio_medium,pg_bytea,4,03-02-03-01-01-02-15_r04.wav,526650,0.018332,1,
write,write,,,audio_medium,polyglot,4,03-02-03-01-01-02-16_r04.wav,520242,0.008552,1,
write,write,,,audio_medium,pg_bytea,4,03-02-03-01-01-02-16_r04.wav,520242,0.018796,1,
write,write,,,audio_medium,mongo_gridfs,4,03-02-03-01-01-02-16_r04.wav,520242,0.025111,1,
write,write,,,audio_medium,mongo_gridfs,4,03-02-03-01-01-02-17_r04.wav,526650,0.008593,1,
write,write,,,audio_medium,pg_bytea,4,03-02-03-01-01-02-17_r04.wav,526650,0.016540,1,
write,write,,,audio_medium,polyglot,4,03-02-03-01-01-02-17_r04.wav,526650,0.008890,1,
write,write,,,audio_medium,pg_bytea,4,03-02-03-01-02-02-09_r04.wav,539464,0.013481,1,
write,write,,,audio_medium,polyglot,4,03-02-03-01-02-02-09_r04.wav,539464,0.007748,1,
write,write,,,audio_medium,mongo_gridfs,4,03-02-03-01-02-02-09_r04.wav,539464,0.007771,1,
write,write,,,audio_medium,polyglot,4,03-02-03-01-02-02-21_r04.wav,533056,0.007320,1,
write,write,,,audio_medium,mongo_gridfs,4,03-02-03-01-02-02-21_r04.wav,533056,0.007684,1,
write,write,,,audio_medium,pg_bytea,4,03-02-03-01-02-02-21_r04.wav,533056,0.015687,1,
write,write,,,audio_medium,mongo_gridfs,4,03-02-03-01-02-02-22_r04.wav,561888,0.007763,1,
write,write,,,audio_medium,polyglot,4,03-02-03-01-02-02-22_r04.wav,561888,0.008946,1,
write,write,,,audio_medium,pg_bytea,4,03-02-03-01-02-02-22_r04.wav,561888,0.015059,1,
write,write,,,audio_medium,mongo_gridfs,4,03-02-03-01-02-02-23_r04.wav,539464,0.007138,1,
write,write,,,audio_medium,pg_bytea,4,03-02-03-01-02-02-23_r04.wav,539464,0.014710,1,
write,write,,,audio_medium,polyglot,4,03-02-03-01-02-02-23_r04.wav,539464,0.007764,1,
write,write,,,audio_medium,mongo_gridfs,4,03-02-03-02-01-02-09_r04.wav,561882,0.007794,1,
write,write,,,audio_medium,pg_bytea,4,03-02-03-02-01-02-09_r04.wav,561882,0.014533,1,
write,write,,,audio_medium,polyglot,4,03-02-03-02-01-02-09_r04.wav,561882,0.008221,1,
write,write,,,audio_medium,polyglot,4,03-02-03-02-01-02-21_r04.wav,539464,0.009970,1,
write,write,,,audio_medium,pg_bytea,4,03-02-03-02-01-02-21_r04.wav,539464,0.014241,1,
write,write,,,audio_medium,mongo_gridfs,4,03-02-03-02-01-02-21_r04.wav,539464,0.008218,1,
write,write,,,audio_medium,polyglot,4,03-02-03-02-01-02-22_r04.wav,526650,0.008433,1,
write,write,,,audio_medium,pg_bytea,4,03-02-03-02-01-02-22_r04.wav,526650,0.015937,1,
write,write,,,audio_medium,mongo_gridfs,4,03-02-03-02-01-02-22_r04.wav,526650,0.008803,1,
write,write,,,audio_medium,polyglot,4,03-02-03-02-01-02-23_r04.wav,561888,0.007849,1,
write,write,,,audio_medium,mongo_gridfs,4,03-02-03-02-01-02-23_r04.wav,561888,0.006433,1,
write,write,,,audio_medium,pg_bytea,4,03-02-03-02-01-02-23_r04.wav,561888,0.014779,1,
write,write,,,audio_medium,mongo_gridfs,4,03-02-03-02-02-02-01_r04.wav,561882,0.008198,1,
write,write,,,audio_medium,polyglot,4,03-02-03-02-02-02-01_r04.wav,561882,0.007588,1,
write,write,,,audio_medium,pg_bytea,4,03-02-03-02-02-02-01_r04.wav,561882,0.014453,1,
write,write,,,audio_medium,polyglot,4,03-02-03-02-02-02-02_r04.wav,523448,0.008033,1,
write,write,,,audio_medium,pg_bytea,4,03-02-03-02-02-02-02_r04.wav,523448,0.012770,1,
write,write,,,audio_medium,mongo_gridfs,4,03-02-03-02-02-02-02_r04.wav,523448,0.007032,1,
write,write,,,audio_medium,pg_bytea,4,03-02-03-02-02-02-03_r04.wav,561888,0.014619,1,
write,write,,,audio_medium,mongo_gridfs,4,03-02-03-02-02-02-03_r04.wav,561888,0.010039,1,
write,write,,,audio_medium,polyglot,4,03-02-03-02-02-02-03_r04.wav,561888,0.010945,1,
write,write,,,audio_medium,mongo_gridfs,4,03-02-03-02-02-02-15_r04.wav,523448,0.006903,1,
write,write,,,audio_medium,polyglot,4,03-02-03-02-02-02-15_r04.wav,523448,0.007908,1,
write,write,,,audio_medium,pg_bytea,4,03-02-03-02-02-02-15_r04.wav,523448,0.013066,1,
write,write,,,audio_medium,polyglot,4,03-02-03-02-02-02-16_r04.wav,561882,0.009044,1,
write,write,,,audio_medium,pg_bytea,4,03-02-03-02-02-02-16_r04.wav,561882,0.021765,1,
write,write,,,audio_medium,mongo_gridfs,4,03-02-03-02-02-02-16_r04.wav,561882,0.007142,1,
write,write,,,audio_medium,pg_bytea,4,03-02-03-02-02-02-17_r04.wav,523448,0.020900,1,
write,write,,,audio_medium,mongo_gridfs,4,03-02-03-02-02-02-17_r04.wav,523448,0.009008,1,
write,write,,,audio_medium,polyglot,4,03-02-03-02-02-02-17_r04.wav,523448,0.007981,1,
write,write,,,audio_medium,pg_bytea,4,03-02-04-01-01-02-05_r04.wav,561882,0.014575,1,
write,write,,,audio_medium,polyglot,4,03-02-04-01-01-02-05_r04.wav,561882,0.009485,1,
write,write,,,audio_medium,mongo_gridfs,4,03-02-04-01-01-02-05_r04.wav,561882,0.009993,1,
write,write,,,audio_medium,mongo_gridfs,4,03-02-04-01-01-02-06_r04.wav,526650,0.006239,1,
write,write,,,audio_medium,polyglot,4,03-02-04-01-01-02-06_r04.wav,526650,0.006875,1,
write,write,,,audio_medium,pg_bytea,4,03-02-04-01-01-02-06_r04.wav,526650,0.013322,1,
write,write,,,audio_medium,mongo_gridfs,4,03-02-04-01-01-02-07_r04.wav,523448,0.005988,1,
write,write,,,audio_medium,pg_bytea,4,03-02-04-01-01-02-07_r04.wav,523448,0.013683,1,
write,write,,,audio_medium,polyglot,4,03-02-04-01-01-02-07_r04.wav,523448,0.007514,1,
write,write,,,audio_medium,pg_bytea,4,03-02-04-01-01-02-11_r04.wav,539464,0.022605,1,
write,write,,,audio_medium,mongo_gridfs,4,03-02-04-01-01-02-11_r04.wav,539464,0.012466,1,
write,write,,,audio_medium,polyglot,4,03-02-04-01-01-02-11_r04.wav,539464,0.012327,1,
write,write,,,audio_medium,polyglot,4,03-02-04-01-01-02-12_r04.wav,523448,0.007662,1,
write,write,,,audio_medium,mongo_gridfs,4,03-02-04-01-01-02-12_r04.wav,523448,0.005611,1,
write,write,,,audio_medium,pg_bytea,4,03-02-04-01-01-02-12_r04.wav,523448,0.015900,1,
write,write,,,audio_medium,mongo_gridfs,4,03-02-04-01-01-02-13_r04.wav,539464,0.010375,1,
write,write,,,audio_medium,pg_bytea,4,03-02-04-01-01-02-13_r04.wav,539464,0.014902,1,
write,write,,,audio_medium,polyglot,4,03-02-04-01-01-02-13_r04.wav,539464,0.008557,1,
write,write,,,audio_medium,polyglot,4,03-02-04-01-02-02-19_r04.wav,561888,0.006794,1,
write,write,,,audio_medium,mongo_gridfs,4,03-02-04-01-02-02-19_r04.wav,561888,0.006546,1,
write,write,,,audio_medium,pg_bytea,4,03-02-04-01-02-02-19_r04.wav,561888,0.015468,1,
write,write,,,audio_medium,polyglot,4,03-02-04-02-02-02-05_r04.wav,526650,0.009968,1,
write,write,,,audio_medium,mongo_gridfs,4,03-02-04-02-02-02-05_r04.wav,526650,0.008210,1,
write,write,,,audio_medium,pg_bytea,4,03-02-04-02-02-02-05_r04.wav,526650,0.014827,1,
write,write,,,audio_medium,polyglot,4,03-02-04-02-02-02-06_r04.wav,526650,0.008632,1,
write,write,,,audio_medium,pg_bytea,4,03-02-04-02-02-02-06_r04.wav,526650,0.030068,1,
write,write,,,audio_medium,mongo_gridfs,4,03-02-04-02-02-02-06_r04.wav,526650,0.009045,1,
write,write,,,audio_medium,pg_bytea,4,03-02-04-02-02-02-07_r04.wav,561888,0.019142,1,
write,write,,,audio_medium,polyglot,4,03-02-04-02-02-02-07_r04.wav,561888,0.010675,1,
write,write,,,audio_medium,mongo_gridfs,4,03-02-04-02-02-02-07_r04.wav,561888,0.008915,1,
write,write,,,audio_medium,polyglot,4,03-02-04-02-02-02-11_r04.wav,561888,0.010396,1,
write,write,,,audio_medium,mongo_gridfs,4,03-02-04-02-02-02-11_r04.wav,561888,0.009784,1,
write,write,,,audio_medium,pg_bytea,4,03-02-04-02-02-02-11_r04.wav,561888,0.018784,1,
write,write,,,audio_medium,polyglot,4,03-02-04-02-02-02-12_r04.wav,523448,0.008671,1,
write,write,,,audio_medium,mongo_gridfs,4,03-02-04-02-02-02-12_r04.wav,523448,0.007388,1,
write,write,,,audio_medium,pg_bytea,4,03-02-04-02-02-02-12_r04.wav,523448,0.015342,1,
write,write,,,audio_medium,polyglot,4,03-02-04-02-02-02-13_r04.wav,533056,0.014463,1,
write,write,,,audio_medium,mongo_gridfs,4,03-02-04-02-02-02-13_r04.wav,533056,0.008688,1,
write,write,,,audio_medium,pg_bytea,4,03-02-04-02-02-02-13_r04.wav,533056,0.020845,1,
write,write,,,audio_medium,polyglot,4,03-02-05-01-02-01-06_r04.wav,561882,0.014798,1,
write,write,,,audio_medium,pg_bytea,4,03-02-05-01-02-01-06_r04.wav,561882,0.022121,1,
write,write,,,audio_medium,mongo_gridfs,4,03-02-05-01-02-01-06_r04.wav,561882,0.009697,1,
write,write,,,audio_medium,mongo_gridfs,4,03-02-05-01-02-01-07_r04.wav,520242,0.006603,1,
write,write,,,audio_medium,pg_bytea,4,03-02-05-01-02-01-07_r04.wav,520242,0.024329,1,
write,write,,,audio_medium,polyglot,4,03-02-05-01-02-01-07_r04.wav,520242,0.011200,1,
write,write,,,audio_medium,polyglot,4,03-02-05-01-02-01-12_r04.wav,520242,0.009652,1,
write,write,,,audio_medium,pg_bytea,4,03-02-05-01-02-01-12_r04.wav,520242,0.017423,1,
write,write,,,audio_medium,mongo_gridfs,4,03-02-05-01-02-01-12_r04.wav,520242,0.009033,1,
write,write,,,audio_medium,polyglot,4,03-02-05-01-02-01-13_r04.wav,561888,0.008382,1,
write,write,,,audio_medium,pg_bytea,4,03-02-05-01-02-01-13_r04.wav,561888,0.015222,1,
write,write,,,audio_medium,mongo_gridfs,4,03-02-05-01-02-01-13_r04.wav,561888,0.011670,1,
write,write,,,audio_medium,mongo_gridfs,4,03-02-05-02-01-01-05_r04.wav,539464,0.006936,1,
write,write,,,audio_medium,pg_bytea,4,03-02-05-02-01-01-05_r04.wav,539464,0.015648,1,
write,write,,,audio_medium,polyglot,4,03-02-05-02-01-01-05_r04.wav,539464,0.007790,1,
write,write,,,audio_medium,polyglot,4,03-02-05-02-01-01-06_r04.wav,561888,0.007714,1,
write,write,,,audio_medium,mongo_gridfs,4,03-02-05-02-01-01-06_r04.wav,561888,0.006421,1,
write,write,,,audio_medium,pg_bytea,4,03-02-05-02-01-01-06_r04.wav,561888,0.014749,1,
write,write,,,audio_medium,mongo_gridfs,4,03-02-05-02-01-01-07_r04.wav,533056,0.007554,1,
write,write,,,audio_medium,polyglot,4,03-02-05-02-01-01-07_r04.wav,533056,0.008380,1,
write,write,,,audio_medium,pg_bytea,4,03-02-05-02-01-01-07_r04.wav,533056,0.014249,1,
write,write,,,audio_medium,polyglot,4,03-02-05-02-01-01-11_r04.wav,561888,0.008122,1,
write,write,,,audio_medium,mongo_gridfs,4,03-02-05-02-01-01-11_r04.wav,561888,0.008892,1,
write,write,,,audio_medium,pg_bytea,4,03-02-05-02-01-01-11_r04.wav,561888,0.016633,1,
write,write,,,audio_medium,pg_bytea,4,03-02-05-02-01-01-12_r04.wav,533056,0.015311,1,
write,write,,,audio_medium,mongo_gridfs,4,03-02-05-02-01-01-12_r04.wav,533056,0.008676,1,
write,write,,,audio_medium,polyglot,4,03-02-05-02-01-01-12_r04.wav,533056,0.008599,1,
write,write,,,audio_medium,polyglot,4,03-02-05-02-01-01-13_r04.wav,526650,0.008947,1,
write,write,,,audio_medium,mongo_gridfs,4,03-02-05-02-01-01-13_r04.wav,526650,0.007055,1,
write,write,,,audio_medium,pg_bytea,4,03-02-05-02-01-01-13_r04.wav,526650,0.015380,1,
write,write,,,video_small,mongo_gridfs,4,01-01-01-01-01-01-22_r04.mp4,5457041,0.058618,1,
write,write,,,video_small,polyglot,4,01-01-01-01-01-01-22_r04.mp4,5457041,0.065113,1,
write,write,,,video_small,pg_bytea,4,01-01-01-01-01-01-22_r04.mp4,5457041,0.175074,1,
write,write,,,video_small,polyglot,4,01-01-01-01-01-02-01_r04.mp4,5457041,0.057908,1,
write,write,,,video_small,mongo_gridfs,4,01-01-01-01-01-02-01_r04.mp4,5457041,0.051741,1,
write,write,,,video_small,pg_bytea,4,01-01-01-01-01-02-01_r04.mp4,5457041,0.156889,1,
write,write,,,video_small,pg_bytea,4,01-01-01-01-01-02-15_r04.mp4,5457041,0.183680,1,
write,write,,,video_small,mongo_gridfs,4,01-01-01-01-01-02-15_r04.mp4,5457041,0.046740,1,
write,write,,,video_small,polyglot,4,01-01-01-01-01-02-15_r04.mp4,5457041,0.072771,1,
write,write,,,video_small,mongo_gridfs,4,01-01-01-01-02-01-06_r04.mp4,5457041,0.064012,1,
write,write,,,video_small,polyglot,4,01-01-01-01-02-01-06_r04.mp4,5457041,0.077224,1,
write,write,,,video_small,pg_bytea,4,01-01-01-01-02-01-06_r04.mp4,5457041,0.139720,1,
write,write,,,video_small,mongo_gridfs,4,01-01-01-01-02-01-13_r04.mp4,5457041,0.044291,1,
write,write,,,video_small,polyglot,4,01-01-01-01-02-01-13_r04.mp4,5457041,0.049424,1,
write,write,,,video_small,pg_bytea,4,01-01-01-01-02-01-13_r04.mp4,5457041,0.144741,1,
write,write,,,video_small,pg_bytea,4,01-01-01-01-02-01-14_r04.mp4,5457041,0.162209,1,
write,write,,,video_small,polyglot,4,01-01-01-01-02-01-14_r04.mp4,5457041,0.114446,1,
write,write,,,video_small,mongo_gridfs,4,01-01-01-01-02-01-14_r04.mp4,5457041,0.209018,1,
write,write,,,video_small,pg_bytea,4,01-01-01-01-02-02-09_r04.mp4,5498397,0.380029,1,
write,write,,,video_small,polyglot,4,01-01-01-01-02-02-09_r04.mp4,5498397,0.052972,1,
write,write,,,video_small,mongo_gridfs,4,01-01-01-01-02-02-09_r04.mp4,5498397,0.041442,1,
write,write,,,video_small,pg_bytea,4,01-01-01-02-01-01-01_r04.mp4,5498397,0.144667,1,
write,write,,,video_small,polyglot,4,01-01-01-02-01-01-01_r04.mp4,5498397,0.050903,1,
write,write,,,video_small,mongo_gridfs,4,01-01-01-02-01-01-01_r04.mp4,5498397,0.045272,1,
write,write,,,video_small,polyglot,4,01-01-01-02-01-01-05_r04.mp4,5457041,0.054305,1,
write,write,,,video_small,mongo_gridfs,4,01-01-01-02-01-01-05_r04.mp4,5457041,0.045998,1,
write,write,,,video_small,pg_bytea,4,01-01-01-02-01-01-05_r04.mp4,5457041,0.162270,1,
write,write,,,video_small,mongo_gridfs,4,01-01-01-02-01-01-15_r04.mp4,5457041,0.049096,1,
write,write,,,video_small,pg_bytea,4,01-01-01-02-01-01-15_r04.mp4,5457041,0.132103,1,
write,write,,,video_small,polyglot,4,01-01-01-02-01-01-15_r04.mp4,5457041,0.045203,1,
write,write,,,video_small,mongo_gridfs,4,01-01-01-02-02-01-18_r04.mp4,5457041,0.055507,1,
write,write,,,video_small,polyglot,4,01-01-01-02-02-01-18_r04.mp4,5457041,0.043209,1,
write,write,,,video_small,pg_bytea,4,01-01-01-02-02-01-18_r04.mp4,5457041,0.132684,1,
write,write,,,video_small,polyglot,4,01-01-01-02-02-01-19_r04.mp4,5457041,0.044411,1,
write,write,,,video_small,pg_bytea,4,01-01-01-02-02-01-19_r04.mp4,5457041,0.127370,1,
write,write,,,video_small,mongo_gridfs,4,01-01-01-02-02-01-19_r04.mp4,5457041,0.045101,1,
write,write,,,video_small,polyglot,4,01-01-02-01-01-02-09_r04.mp4,5498397,0.047642,1,
write,write,,,video_small,pg_bytea,4,01-01-02-01-01-02-09_r04.mp4,5498397,0.138757,1,
write,write,,,video_small,mongo_gridfs,4,01-01-02-01-01-02-09_r04.mp4,5498397,0.062396,1,
write,write,,,video_small,mongo_gridfs,4,01-01-02-01-01-02-18_r04.mp4,5498397,0.055923,1,
write,write,,,video_small,polyglot,4,01-01-02-01-01-02-18_r04.mp4,5498397,0.141677,1,
write,write,,,video_small,pg_bytea,4,01-01-02-01-01-02-18_r04.mp4,5498397,0.169657,1,
write,write,,,video_small,pg_bytea,4,01-01-02-01-01-02-23_r04.mp4,5498397,0.143988,1,
write,write,,,video_small,polyglot,4,01-01-02-01-01-02-23_r04.mp4,5498397,0.055652,1,
write,write,,,video_small,mongo_gridfs,4,01-01-02-01-01-02-23_r04.mp4,5498397,0.042157,1,
write,write,,,video_small,mongo_gridfs,4,01-01-02-01-02-01-09_r04.mp4,5498397,0.050068,1,
write,write,,,video_small,polyglot,4,01-01-02-01-02-01-09_r04.mp4,5498397,0.051968,1,
write,write,,,video_small,pg_bytea,4,01-01-02-01-02-01-09_r04.mp4,5498397,0.136732,1,
write,write,,,video_small,pg_bytea,4,01-01-02-01-02-02-01_r04.mp4,5498397,0.137836,1,
write,write,,,video_small,mongo_gridfs,4,01-01-02-01-02-02-01_r04.mp4,5498397,0.050369,1,
write,write,,,video_small,polyglot,4,01-01-02-01-02-02-01_r04.mp4,5498397,0.046238,1,
write,write,,,video_small,polyglot,4,01-01-02-01-02-02-03_r04.mp4,5498397,0.045283,1,
write,write,,,video_small,mongo_gridfs,4,01-01-02-01-02-02-03_r04.mp4,5498397,0.046895,1,
write,write,,,video_small,pg_bytea,4,01-01-02-01-02-02-03_r04.mp4,5498397,0.158596,1,
write,write,,,video_small,pg_bytea,4,01-01-02-02-01-02-02_r04.mp4,5498397,0.157923,1,
write,write,,,video_small,polyglot,4,01-01-02-02-01-02-02_r04.mp4,5498397,0.082449,1,
write,write,,,video_small,mongo_gridfs,4,01-01-02-02-01-02-02_r04.mp4,5498397,0.044045,1,
write,write,,,video_small,pg_bytea,4,01-01-02-02-01-02-03_r04.mp4,5498397,0.174313,1,
write,write,,,video_small,polyglot,4,01-01-02-02-01-02-03_r04.mp4,5498397,0.149933,1,
write,write,,,video_small,mongo_gridfs,4,01-01-02-02-01-02-03_r04.mp4,5498397,0.054062,1,
write,write,,,video_small,mongo_gridfs,4,01-01-02-02-01-02-05_r04.mp4,5498397,0.078298,1,
write,write,,,video_small,polyglot,4,01-01-02-02-01-02-05_r04.mp4,5498397,0.241864,1,
write,write,,,video_small,pg_bytea,4,01-01-02-02-01-02-05_r04.mp4,5498397,0.136039,1,
write,write,,,video_small,polyglot,4,01-01-02-02-01-02-10_r04.mp4,5457041,0.053139,1,
write,write,,,video_small,pg_bytea,4,01-01-02-02-01-02-10_r04.mp4,5457041,0.142449,1,
write,write,,,video_small,mongo_gridfs,4,01-01-02-02-01-02-10_r04.mp4,5457041,0.049615,1,
write,write,,,video_small,mongo_gridfs,4,01-01-02-02-01-02-13_r04.mp4,5457041,0.049819,1,
write,write,,,video_small,polyglot,4,01-01-02-02-01-02-13_r04.mp4,5457041,0.045409,1,
write,write,,,video_small,pg_bytea,4,01-01-02-02-01-02-13_r04.mp4,5457041,0.137782,1,
write,write,,,video_small,pg_bytea,4,01-01-02-02-01-02-17_r04.mp4,5457041,0.126471,1,
write,write,,,video_small,mongo_gridfs,4,01-01-02-02-01-02-17_r04.mp4,5457041,0.047933,1,
write,write,,,video_small,polyglot,4,01-01-02-02-01-02-17_r04.mp4,5457041,0.055588,1,
write,write,,,video_small,polyglot,4,01-01-02-02-02-02-18_r04.mp4,5457041,0.057091,1,
write,write,,,video_small,mongo_gridfs,4,01-01-02-02-02-02-18_r04.mp4,5457041,0.051550,1,
write,write,,,video_small,pg_bytea,4,01-01-02-02-02-02-18_r04.mp4,5457041,0.170708,1,
write,write,,,video_small,mongo_gridfs,4,01-01-02-02-02-02-19_r04.mp4,5457041,0.046693,1,
write,write,,,video_small,polyglot,4,01-01-02-02-02-02-19_r04.mp4,5457041,0.058613,1,
write,write,,,video_small,pg_bytea,4,01-01-02-02-02-02-19_r04.mp4,5457041,0.131703,1,
write,write,,,video_small,mongo_gridfs,4,01-01-02-02-02-02-21_r04.mp4,5498397,0.054803,1,
write,write,,,video_small,polyglot,4,01-01-02-02-02-02-21_r04.mp4,5498397,0.052675,1,
write,write,,,video_small,pg_bytea,4,01-01-02-02-02-02-21_r04.mp4,5498397,0.140589,1,
write,write,,,video_small,pg_bytea,4,01-01-02-02-02-02-22_r04.mp4,5457041,0.133620,1,
write,write,,,video_small,polyglot,4,01-01-02-02-02-02-22_r04.mp4,5457041,0.206198,1,
write,write,,,video_small,mongo_gridfs,4,01-01-02-02-02-02-22_r04.mp4,5457041,0.046047,1,
write,write,,,video_small,pg_bytea,4,01-01-02-02-02-02-23_r04.mp4,5457041,0.129507,1,
write,write,,,video_small,polyglot,4,01-01-02-02-02-02-23_r04.mp4,5457041,0.050982,1,
write,write,,,video_small,mongo_gridfs,4,01-01-02-02-02-02-23_r04.mp4,5457041,0.045156,1,
write,write,,,video_small,polyglot,4,01-01-03-01-01-01-12_r04.mp4,5457041,0.177423,1,
write,write,,,video_small,pg_bytea,4,01-01-03-01-01-01-12_r04.mp4,5457041,0.133736,1,
write,write,,,video_small,mongo_gridfs,4,01-01-03-01-01-01-12_r04.mp4,5457041,0.044828,1,
write,write,,,video_small,pg_bytea,4,01-01-03-01-01-01-15_r04.mp4,5457041,0.135365,1,
write,write,,,video_small,mongo_gridfs,4,01-01-03-01-01-01-15_r04.mp4,5457041,0.044019,1,
write,write,,,video_small,polyglot,4,01-01-03-01-01-01-15_r04.mp4,5457041,0.160554,1,
write,write,,,video_small,pg_bytea,4,01-01-03-01-02-01-08_r04.mp4,5498397,0.133164,1,
write,write,,,video_small,polyglot,4,01-01-03-01-02-01-08_r04.mp4,5498397,0.127338,1,
write,write,,,video_small,mongo_gridfs,4,01-01-03-01-02-01-08_r04.mp4,5498397,0.047280,1,
write,write,,,video_small,pg_bytea,4,01-01-03-01-02-01-21_r04.mp4,5498397,0.134171,1,
write,write,,,video_small,mongo_gridfs,4,01-01-03-01-02-01-21_r04.mp4,5498397,0.050063,1,
write,write,,,video_small,polyglot,4,01-01-03-01-02-01-21_r04.mp4,5498397,0.047263,1,
write,write,,,video_small,polyglot,4,01-01-03-02-01-01-21_r04.mp4,5457041,0.086095,1,
write,write,,,video_small,mongo_gridfs,4,01-01-03-02-01-01-21_r04.mp4,5457041,0.051427,1,
write,write,,,video_small,pg_bytea,4,01-01-03-02-01-01-21_r04.mp4,5457041,0.127551,1,
write,write,,,video_small,polyglot,4,01-01-03-02-01-01-24_r04.mp4,5457041,0.054706,1,
write,write,,,video_small,pg_bytea,4,01-01-03-02-01-01-24_r04.mp4,5457041,0.382588,1,
write,write,,,video_small,mongo_gridfs,4,01-01-03-02-01-01-24_r04.mp4,5457041,0.044987,1,
write,write,,,video_small,mongo_gridfs,4,01-01-03-02-01-02-01_r04.mp4,5457041,0.045964,1,
write,write,,,video_small,pg_bytea,4,01-01-03-02-01-02-01_r04.mp4,5457041,0.127032,1,
write,write,,,video_small,polyglot,4,01-01-03-02-01-02-01_r04.mp4,5457041,0.049184,1,
write,write,,,video_small,pg_bytea,4,01-01-03-02-01-02-15_r04.mp4,5457041,0.141703,1,
write,write,,,video_small,mongo_gridfs,4,01-01-03-02-01-02-15_r04.mp4,5457041,0.048441,1,
write,write,,,video_small,polyglot,4,01-01-03-02-01-02-15_r04.mp4,5457041,0.042808,1,
write,write,,,video_small,polyglot,4,01-01-03-02-02-01-05_r04.mp4,5457041,0.047641,1,
write,write,,,video_small,mongo_gridfs,4,01-01-03-02-02-01-05_r04.mp4,5457041,0.061246,1,
write,write,,,video_small,pg_bytea,4,01-01-03-02-02-01-05_r04.mp4,5457041,0.132135,1,
write,write,,,video_small,polyglot,4,01-01-03-02-02-01-12_r04.mp4,5457041,0.064122,1,
write,write,,,video_small,mongo_gridfs,4,01-01-03-02-02-01-12_r04.mp4,5457041,0.043240,1,
write,write,,,video_small,pg_bytea,4,01-01-03-02-02-01-12_r04.mp4,5457041,0.126744,1,
write,write,,,video_small,pg_bytea,4,01-01-03-02-02-01-15_r04.mp4,5498397,0.136469,1,
write,write,,,video_small,polyglot,4,01-01-03-02-02-01-15_r04.mp4,5498397,0.051829,1,
write,write,,,video_small,mongo_gridfs,4,01-01-03-02-02-01-15_r04.mp4,5498397,0.051956,1,
write,write,,,video_small,pg_bytea,4,01-01-04-01-01-01-03_r04.mp4,5457041,0.132750,1,
write,write,,,video_small,polyglot,4,01-01-04-01-01-01-03_r04.mp4,5457041,0.045344,1,
write,write,,,video_small,mongo_gridfs,4,01-01-04-01-01-01-03_r04.mp4,5457041,0.048102,1,
write,write,,,video_small,mongo_gridfs,4,01-01-04-01-01-01-05_r04.mp4,5498397,0.046352,1,
write,write,,,video_small,polyglot,4,01-01-04-01-01-01-05_r04.mp4,5498397,0.051077,1,
write,write,,,video_small,pg_bytea,4,01-01-04-01-01-01-05_r04.mp4,5498397,0.131622,1,
write,write,,,video_small,mongo_gridfs,4,01-01-04-01-01-01-10_r04.mp4,5457041,0.046421,1,
write,write,,,video_small,pg_bytea,4,01-01-04-01-01-01-10_r04.mp4,5457041,0.334494,1,
write,write,,,video_small,polyglot,4,01-01-04-01-01-01-10_r04.mp4,5457041,0.045958,1,
write,write,,,video_small,pg_bytea,4,01-01-04-01-01-01-16_r04.mp4,5457041,0.131613,1,
write,write,,,video_small,polyglot,4,01-01-04-01-01-01-16_r04.mp4,5457041,0.065249,1,
write,write,,,video_small,mongo_gridfs,4,01-01-04-01-01-01-16_r04.mp4,5457041,0.057901,1,
write,write,,,video_small,pg_bytea,4,01-01-04-01-02-01-19_r04.mp4,5498397,0.138480,1,
write,write,,,video_small,mongo_gridfs,4,01-01-04-01-02-01-19_r04.mp4,5498397,0.065627,1,
write,write,,,video_small,polyglot,4,01-01-04-01-02-01-19_r04.mp4,5498397,0.046868,1,
write,write,,,video_small,polyglot,4,01-01-04-01-02-01-21_r04.mp4,5498397,0.054865,1,
write,write,,,video_small,pg_bytea,4,01-01-04-01-02-01-21_r04.mp4,5498397,0.135904,1,
write,write,,,video_small,mongo_gridfs,4,01-01-04-01-02-01-21_r04.mp4,5498397,0.043323,1,
write,write,,,video_small,mongo_gridfs,4,01-01-04-01-02-01-22_r04.mp4,5498397,0.045936,1,
write,write,,,video_small,polyglot,4,01-01-04-01-02-01-22_r04.mp4,5498397,0.143442,1,
write,write,,,video_small,pg_bytea,4,01-01-04-01-02-01-22_r04.mp4,5498397,0.136689,1,
write,write,,,video_small,mongo_gridfs,4,01-01-04-02-01-01-18_r04.mp4,5498397,0.048749,1,
write,write,,,video_small,pg_bytea,4,01-01-04-02-01-01-18_r04.mp4,5498397,0.324844,1,
write,write,,,video_small,polyglot,4,01-01-04-02-01-01-18_r04.mp4,5498397,0.046023,1,
write,write,,,video_small,pg_bytea,4,01-01-04-02-01-01-19_r04.mp4,5457041,0.134422,1,
write,write,,,video_small,mongo_gridfs,4,01-01-04-02-01-01-19_r04.mp4,5457041,0.042827,1,
write,write,,,video_small,polyglot,4,01-01-04-02-01-01-19_r04.mp4,5457041,0.053123,1,
write,write,,,video_small,polyglot,4,01-01-04-02-02-01-02_r04.mp4,5498397,0.064681,1,
write,write,,,video_small,pg_bytea,4,01-01-04-02-02-01-02_r04.mp4,5498397,0.242500,1,
write,write,,,video_small,mongo_gridfs,4,01-01-04-02-02-01-02_r04.mp4,5498397,0.044864,1,
write,write,,,video_small,pg_bytea,4,01-01-04-02-02-01-05_r04.mp4,5498397,0.133410,1,
write,write,,,video_small,polyglot,4,01-01-04-02-02-01-05_r04.mp4,5498397,0.044797,1,
write,write,,,video_small,mongo_gridfs,4,01-01-04-02-02-01-05_r04.mp4,5498397,0.050181,1,
write,write,,,video_small,mongo_gridfs,4,01-01-04-02-02-01-06_r04.mp4,5498397,0.057370,1,
write,write,,,video_small,pg_bytea,4,01-01-04-02-02-01-06_r04.mp4,5498397,0.136643,1,
write,write,,,video_small,polyglot,4,01-01-04-02-02-01-06_r04.mp4,5498397,0.046812,1,
write,write,,,video_small,mongo_gridfs,4,01-01-04-02-02-01-13_r04.mp4,5498397,0.052277,1,
write,write,,,video_small,pg_bytea,4,01-01-04-02-02-01-13_r04.mp4,5498397,0.137223,1,
write,write,,,video_small,polyglot,4,01-01-04-02-02-01-13_r04.mp4,5498397,0.130723,1,
write,write,,,video_small,pg_bytea,4,01-01-04-02-02-01-17_r04.mp4,5498397,0.131493,1,
write,write,,,video_small,mongo_gridfs,4,01-01-04-02-02-01-17_r04.mp4,5498397,0.046686,1,
write,write,,,video_small,polyglot,4,01-01-04-02-02-01-17_r04.mp4,5498397,0.110178,1,
write,write,,,video_small,polyglot,4,01-01-04-02-02-02-19_r04.mp4,5498397,0.057278,1,
write,write,,,video_small,pg_bytea,4,01-01-04-02-02-02-19_r04.mp4,5498397,0.132146,1,
write,write,,,video_small,mongo_gridfs,4,01-01-04-02-02-02-19_r04.mp4,5498397,0.049397,1,
write,write,,,video_small,polyglot,4,01-01-05-01-01-02-09_r04.mp4,5498397,0.051518,1,
write,write,,,video_small,pg_bytea,4,01-01-05-01-01-02-09_r04.mp4,5498397,0.127710,1,
write,write,,,video_small,mongo_gridfs,4,01-01-05-01-01-02-09_r04.mp4,5498397,0.052130,1,
write,write,,,video_small,mongo_gridfs,4,01-01-05-01-01-02-19_r04.mp4,5498397,0.043531,1,
write,write,,,video_small,pg_bytea,4,01-01-05-01-01-02-19_r04.mp4,5498397,0.146022,1,
write,write,,,video_small,polyglot,4,01-01-05-01-01-02-19_r04.mp4,5498397,0.045180,1,
write,write,,,video_small,pg_bytea,4,01-01-05-01-01-02-21_r04.mp4,5457041,0.132739,1,
write,write,,,video_small,mongo_gridfs,4,01-01-05-01-01-02-21_r04.mp4,5457041,0.044290,1,
write,write,,,video_small,polyglot,4,01-01-05-01-01-02-21_r04.mp4,5457041,0.094700,1,
write,write,,,video_small,mongo_gridfs,4,01-01-05-01-02-01-19_r04.mp4,5457041,0.048926,1,
write,write,,,video_small,pg_bytea,4,01-01-05-01-02-01-19_r04.mp4,5457041,0.123117,1,
write,write,,,video_small,polyglot,4,01-01-05-01-02-01-19_r04.mp4,5457041,0.046930,1,
write,write,,,video_small,pg_bytea,4,01-01-05-01-02-02-04_r04.mp4,5457041,0.124378,1,
write,write,,,video_small,polyglot,4,01-01-05-01-02-02-04_r04.mp4,5457041,0.043289,1,
write,write,,,video_small,mongo_gridfs,4,01-01-05-01-02-02-04_r04.mp4,5457041,0.051056,1,
write,write,,,video_small,polyglot,4,01-01-05-01-02-02-05_r04.mp4,5498397,0.049220,1,
write,write,,,video_small,pg_bytea,4,01-01-05-01-02-02-05_r04.mp4,5498397,0.391383,1,
write,write,,,video_small,mongo_gridfs,4,01-01-05-01-02-02-05_r04.mp4,5498397,0.049483,1,
write,write,,,video_small,pg_bytea,4,01-01-05-02-01-02-04_r04.mp4,5457041,0.128344,1,
write,write,,,video_small,mongo_gridfs,4,01-01-05-02-01-02-04_r04.mp4,5457041,0.046491,1,
write,write,,,video_small,polyglot,4,01-01-05-02-01-02-04_r04.mp4,5457041,0.055277,1,
write,write,,,video_small,polyglot,4,01-01-05-02-01-02-12_r04.mp4,5457041,0.047087,1,
write,write,,,video_small,pg_bytea,4,01-01-05-02-01-02-12_r04.mp4,5457041,0.133650,1,
write,write,,,video_small,mongo_gridfs,4,01-01-05-02-01-02-12_r04.mp4,5457041,0.046802,1,
write,write,,,video_small,mongo_gridfs,4,01-01-05-02-01-02-14_r04.mp4,5457041,0.043462,1,
write,write,,,video_small,pg_bytea,4,01-01-05-02-01-02-14_r04.mp4,5457041,0.134278,1,
write,write,,,video_small,polyglot,4,01-01-05-02-01-02-14_r04.mp4,5457041,0.058272,1,
write,write,,,video_small,polyglot,4,01-01-05-02-02-02-19_r04.mp4,5498397,0.056489,1,
write,write,,,video_small,pg_bytea,4,01-01-05-02-02-02-19_r04.mp4,5498397,0.157648,1,
write,write,,,video_small,mongo_gridfs,4,01-01-05-02-02-02-19_r04.mp4,5498397,0.050170,1,
write,write,,,video_small,mongo_gridfs,4,01-01-05-02-02-02-20_r04.mp4,5498397,0.048043,1,
write,write,,,video_small,polyglot,4,01-01-05-02-02-02-20_r04.mp4,5498397,0.055306,1,
write,write,,,video_small,pg_bytea,4,01-01-05-02-02-02-20_r04.mp4,5498397,0.139811,1,
write,write,,,video_small,mongo_gridfs,4,01-01-05-02-02-02-23_r04.mp4,5498397,0.043261,1,
write,write,,,video_small,polyglot,4,01-01-05-02-02-02-23_r04.mp4,5498397,0.092038,1,
write,write,,,video_small,pg_bytea,4,01-01-05-02-02-02-23_r04.mp4,5498397,0.153629,1,
write,write,,,video_small,polyglot,4,01-01-06-01-01-01-08_r04.mp4,5457041,0.048445,1,
write,write,,,video_small,pg_bytea,4,01-01-06-01-01-01-08_r04.mp4,5457041,0.159880,1,
write,write,,,video_small,mongo_gridfs,4,01-01-06-01-01-01-08_r04.mp4,5457041,0.048689,1,
write,write,,,video_small,polyglot,4,01-01-06-01-01-01-19_r04.mp4,5457041,0.173635,1,
write,write,,,video_small,mongo_gridfs,4,01-01-06-01-01-01-19_r04.mp4,5457041,0.058727,1,
write,write,,,video_small,pg_bytea,4,01-01-06-01-01-01-19_r04.mp4,5457041,0.155761,1,
write,write,,,video_small,polyglot,4,01-01-06-01-01-01-24_r04.mp4,5498397,0.055080,1,
write,write,,,video_small,mongo_gridfs,4,01-01-06-01-01-01-24_r04.mp4,5498397,0.044303,1,
write,write,,,video_small,pg_bytea,4,01-01-06-01-01-01-24_r04.mp4,5498397,0.135795,1,
write,write,,,video_medium,polyglot,4,tsinghua_v_0024_r04.mp4,13091522,0.145137,1,
write,write,,,video_medium,pg_bytea,4,tsinghua_v_0024_r04.mp4,13091522,0.371984,1,
write,write,,,video_medium,mongo_gridfs,4,tsinghua_v_0024_r04.mp4,13091522,0.108849,1,
write,write,,,video_medium,mongo_gridfs,4,tsinghua_v_0046_r04.mp4,13091522,0.095721,1,
write,write,,,video_medium,pg_bytea,4,tsinghua_v_0046_r04.mp4,13091522,0.632407,1,
write,write,,,video_medium,polyglot,4,tsinghua_v_0046_r04.mp4,13091522,0.171895,1,
write,write,,,video_medium,pg_bytea,4,tsinghua_v_0076_r04.mp4,13091522,0.335236,1,
write,write,,,video_medium,polyglot,4,tsinghua_v_0076_r04.mp4,13091522,0.117467,1,
write,write,,,video_medium,mongo_gridfs,4,tsinghua_v_0076_r04.mp4,13091522,0.112610,1,
write,write,,,video_medium,mongo_gridfs,4,tsinghua_v_0080_r04.mp4,13091522,0.113615,1,
write,write,,,video_medium,polyglot,4,tsinghua_v_0080_r04.mp4,13091522,0.207492,1,
write,write,,,video_medium,pg_bytea,4,tsinghua_v_0080_r04.mp4,13091522,0.362591,1,
write,write,,,video_medium,mongo_gridfs,4,tsinghua_v_0109_r04.mp4,13091522,0.114717,1,
write,write,,,video_medium,polyglot,4,tsinghua_v_0109_r04.mp4,13091522,0.148085,1,
write,write,,,video_medium,pg_bytea,4,tsinghua_v_0109_r04.mp4,13091522,0.567147,1,
write,write,,,video_medium,polyglot,4,tsinghua_v_0123_r04.mp4,13091522,0.104293,1,
write,write,,,video_medium,mongo_gridfs,4,tsinghua_v_0123_r04.mp4,13091522,0.098795,1,
write,write,,,video_medium,pg_bytea,4,tsinghua_v_0123_r04.mp4,13091522,0.315978,1,
write,write,,,video_medium,polyglot,4,tsinghua_v_0130_r04.mp4,13091522,0.105475,1,
write,write,,,video_medium,pg_bytea,4,tsinghua_v_0130_r04.mp4,13091522,0.476289,1,
write,write,,,video_medium,mongo_gridfs,4,tsinghua_v_0130_r04.mp4,13091522,0.102922,1,
write,write,,,video_medium,pg_bytea,4,tsinghua_v_0135_r04.mp4,13091522,0.317724,1,
write,write,,,video_medium,mongo_gridfs,4,tsinghua_v_0135_r04.mp4,13091522,0.104894,1,
write,write,,,video_medium,polyglot,4,tsinghua_v_0135_r04.mp4,13091522,0.109221,1,
write,write,,,video_medium,mongo_gridfs,4,tsinghua_v_0137_r04.mp4,13091522,0.111448,1,
write,write,,,video_medium,pg_bytea,4,tsinghua_v_0137_r04.mp4,13091522,0.315194,1,
write,write,,,video_medium,polyglot,4,tsinghua_v_0137_r04.mp4,13091522,0.112721,1,
write,write,,,video_medium,polyglot,4,tsinghua_v_0140_r04.mp4,13091522,0.113611,1,
write,write,,,video_medium,pg_bytea,4,tsinghua_v_0140_r04.mp4,13091522,0.419420,1,
write,write,,,video_medium,mongo_gridfs,4,tsinghua_v_0140_r04.mp4,13091522,0.139411,1,
write,write,,,video_medium,mongo_gridfs,4,tsinghua_v_0151_r04.mp4,13091522,0.128012,1,
write,write,,,video_medium,pg_bytea,4,tsinghua_v_0151_r04.mp4,13091522,0.345191,1,
write,write,,,video_medium,polyglot,4,tsinghua_v_0151_r04.mp4,13091522,0.168466,1,
write,write,,,video_medium,polyglot,4,tsinghua_v_0157_r04.mp4,13091522,0.238851,1,
write,write,,,video_medium,pg_bytea,4,tsinghua_v_0157_r04.mp4,13091522,0.479787,1,
write,write,,,video_medium,mongo_gridfs,4,tsinghua_v_0157_r04.mp4,13091522,0.113397,1,
write,write,,,video_medium,polyglot,4,tsinghua_v_0209_r04.mp4,13091522,0.159307,1,
write,write,,,video_medium,pg_bytea,4,tsinghua_v_0209_r04.mp4,13091522,0.382497,1,
write,write,,,video_medium,mongo_gridfs,4,tsinghua_v_0209_r04.mp4,13091522,0.107499,1,
write,write,,,video_medium,polyglot,4,tsinghua_v_0226_r04.mp4,13091522,0.106924,1,
write,write,,,video_medium,pg_bytea,4,tsinghua_v_0226_r04.mp4,13091522,0.353380,1,
write,write,,,video_medium,mongo_gridfs,4,tsinghua_v_0226_r04.mp4,13091522,0.100007,1,
write,write,,,video_medium,pg_bytea,4,tsinghua_v_0236_r04.mp4,13091522,0.349936,1,
write,write,,,video_medium,polyglot,4,tsinghua_v_0236_r04.mp4,13091522,0.100272,1,
write,write,,,video_medium,mongo_gridfs,4,tsinghua_v_0236_r04.mp4,13091522,0.101201,1,
write,write,,,video_medium,mongo_gridfs,4,tsinghua_v_0274_r04.mp4,13091522,0.104521,1,
write,write,,,video_medium,polyglot,4,tsinghua_v_0274_r04.mp4,13091522,0.107030,1,
write,write,,,video_medium,pg_bytea,4,tsinghua_v_0274_r04.mp4,13091522,0.573177,1,
write,write,,,video_medium,polyglot,4,tsinghua_v_0280_r04.mp4,13091522,0.121752,1,
write,write,,,video_medium,mongo_gridfs,4,tsinghua_v_0280_r04.mp4,13091522,0.105319,1,
write,write,,,video_medium,pg_bytea,4,tsinghua_v_0280_r04.mp4,13091522,0.403331,1,
write,write,,,video_medium,polyglot,4,tsinghua_v_0302_r04.mp4,13091522,0.114921,1,
write,write,,,video_medium,mongo_gridfs,4,tsinghua_v_0302_r04.mp4,13091522,0.096903,1,
write,write,,,video_medium,pg_bytea,4,tsinghua_v_0302_r04.mp4,13091522,0.397953,1,
write,write,,,video_medium,polyglot,4,tsinghua_v_0311_r04.mp4,13091522,0.113669,1,
write,write,,,video_medium,mongo_gridfs,4,tsinghua_v_0311_r04.mp4,13091522,0.111781,1,
write,write,,,video_medium,pg_bytea,4,tsinghua_v_0311_r04.mp4,13091522,0.400315,1,
write,write,,,video_medium,mongo_gridfs,4,tsinghua_v_0316_r04.mp4,13091522,0.100688,1,
write,write,,,video_medium,polyglot,4,tsinghua_v_0316_r04.mp4,13091522,0.102417,1,
write,write,,,video_medium,pg_bytea,4,tsinghua_v_0316_r04.mp4,13091522,0.313836,1,
write,write,,,video_medium,mongo_gridfs,4,tsinghua_v_0319_r04.mp4,13091522,0.100913,1,
write,write,,,video_medium,pg_bytea,4,tsinghua_v_0319_r04.mp4,13091522,0.370012,1,
write,write,,,video_medium,polyglot,4,tsinghua_v_0319_r04.mp4,13091522,0.566194,1,
write,write,,,video_medium,mongo_gridfs,4,tsinghua_v_0321_r04.mp4,13091522,0.115516,1,
write,write,,,video_medium,polyglot,4,tsinghua_v_0321_r04.mp4,13091522,0.099690,1,
write,write,,,video_medium,pg_bytea,4,tsinghua_v_0321_r04.mp4,13091522,0.318371,1,
write,write,,,video_medium,polyglot,4,tsinghua_v_0331_r04.mp4,13091522,0.108072,1,
write,write,,,video_medium,mongo_gridfs,4,tsinghua_v_0331_r04.mp4,13091522,0.108337,1,
write,write,,,video_medium,pg_bytea,4,tsinghua_v_0331_r04.mp4,13091522,0.321644,1,
write,write,,,video_medium,mongo_gridfs,4,tsinghua_v_0345_r04.mp4,13091522,0.109114,1,
write,write,,,video_medium,polyglot,4,tsinghua_v_0345_r04.mp4,13091522,0.099403,1,
write,write,,,video_medium,pg_bytea,4,tsinghua_v_0345_r04.mp4,13091522,0.653179,1,
write,write,,,video_medium,polyglot,4,tsinghua_v_0356_r04.mp4,13091522,0.358195,1,
write,write,,,video_medium,pg_bytea,4,tsinghua_v_0356_r04.mp4,13091522,0.329367,1,
write,write,,,video_medium,mongo_gridfs,4,tsinghua_v_0356_r04.mp4,13091522,0.104131,1,
write,write,,,video_medium,mongo_gridfs,4,tsinghua_v_0357_r04.mp4,13091522,0.106971,1,
write,write,,,video_medium,polyglot,4,tsinghua_v_0357_r04.mp4,13091522,0.176373,1,
write,write,,,video_medium,pg_bytea,4,tsinghua_v_0357_r04.mp4,13091522,0.388314,1,
write,write,,,video_medium,polyglot,4,tsinghua_v_0379_r04.mp4,13091522,0.225823,1,
write,write,,,video_medium,mongo_gridfs,4,tsinghua_v_0379_r04.mp4,13091522,0.125709,1,
write,write,,,video_medium,pg_bytea,4,tsinghua_v_0379_r04.mp4,13091522,0.356310,1,
write,write,,,video_medium,polyglot,4,tsinghua_v_0393_r04.mp4,13091522,0.111801,1,
write,write,,,video_medium,mongo_gridfs,4,tsinghua_v_0393_r04.mp4,13091522,0.111078,1,
write,write,,,video_medium,pg_bytea,4,tsinghua_v_0393_r04.mp4,13091522,0.339866,1,
write,write,,,video_medium,polyglot,4,tsinghua_v_0421_r04.mp4,13091522,0.121101,1,
write,write,,,video_medium,mongo_gridfs,4,tsinghua_v_0421_r04.mp4,13091522,0.110399,1,
write,write,,,video_medium,pg_bytea,4,tsinghua_v_0421_r04.mp4,13091522,0.325537,1,
write,write,,,video_medium,mongo_gridfs,4,tsinghua_v_0424_r04.mp4,13091522,0.093864,1,
write,write,,,video_medium,polyglot,4,tsinghua_v_0424_r04.mp4,13091522,0.102080,1,
write,write,,,video_medium,pg_bytea,4,tsinghua_v_0424_r04.mp4,13091522,0.348545,1,
write,write,,,video_medium,pg_bytea,4,tsinghua_v_0427_r04.mp4,13091522,0.323583,1,
write,write,,,video_medium,polyglot,4,tsinghua_v_0427_r04.mp4,13091522,0.110165,1,
write,write,,,video_medium,mongo_gridfs,4,tsinghua_v_0427_r04.mp4,13091522,0.105645,1,
write,write,,,video_medium,pg_bytea,4,tsinghua_v_0431_r04.mp4,13091522,0.360515,1,
write,write,,,video_medium,polyglot,4,tsinghua_v_0431_r04.mp4,13091522,0.189743,1,
write,write,,,video_medium,mongo_gridfs,4,tsinghua_v_0431_r04.mp4,13091522,0.118131,1,
write,write,,,video_medium,mongo_gridfs,4,tsinghua_v_0452_r04.mp4,13091522,0.108209,1,
write,write,,,video_medium,polyglot,4,tsinghua_v_0452_r04.mp4,13091522,0.123965,1,
write,write,,,video_medium,pg_bytea,4,tsinghua_v_0452_r04.mp4,13091522,0.387088,1,
write,write,,,video_medium,mongo_gridfs,4,tsinghua_v_0454_r04.mp4,13091522,0.102206,1,
write,write,,,video_medium,pg_bytea,4,tsinghua_v_0454_r04.mp4,13091522,0.314846,1,
write,write,,,video_medium,polyglot,4,tsinghua_v_0454_r04.mp4,13091522,0.108576,1,
write,write,,,video_medium,pg_bytea,4,tsinghua_v_0457_r04.mp4,13091522,0.389039,1,
write,write,,,video_medium,mongo_gridfs,4,tsinghua_v_0457_r04.mp4,13091522,0.103237,1,
write,write,,,video_medium,polyglot,4,tsinghua_v_0457_r04.mp4,13091522,0.103967,1,
write,write,,,video_medium,polyglot,4,tsinghua_v_0466_r04.mp4,13091522,0.128554,1,
write,write,,,video_medium,pg_bytea,4,tsinghua_v_0466_r04.mp4,13091522,0.346350,1,
write,write,,,video_medium,mongo_gridfs,4,tsinghua_v_0466_r04.mp4,13091522,0.107617,1,
write,write,,,video_medium,polyglot,4,tsinghua_v_0471_r04.mp4,13091522,0.147188,1,
write,write,,,video_medium,pg_bytea,4,tsinghua_v_0471_r04.mp4,13091522,0.316093,1,
write,write,,,video_medium,mongo_gridfs,4,tsinghua_v_0471_r04.mp4,13091522,0.098886,1,
write,write,,,video_medium,pg_bytea,4,tsinghua_v_0472_r04.mp4,13091522,0.314368,1,
write,write,,,video_medium,polyglot,4,tsinghua_v_0472_r04.mp4,13091522,0.116054,1,
write,write,,,video_medium,mongo_gridfs,4,tsinghua_v_0472_r04.mp4,13091522,0.108408,1,
write,write,,,video_medium,polyglot,4,tsinghua_v_0494_r04.mp4,13091522,0.105799,1,
write,write,,,video_medium,pg_bytea,4,tsinghua_v_0494_r04.mp4,13091522,0.336216,1,
write,write,,,video_medium,mongo_gridfs,4,tsinghua_v_0494_r04.mp4,13091522,0.106991,1,
write,write,,,video_medium,mongo_gridfs,4,tsinghua_v_0503_r04.mp4,13091522,0.108583,1,
write,write,,,video_medium,polyglot,4,tsinghua_v_0503_r04.mp4,13091522,0.104279,1,
write,write,,,video_medium,pg_bytea,4,tsinghua_v_0503_r04.mp4,13091522,0.345912,1,
write,write,,,video_medium,polyglot,4,tsinghua_v_0509_r04.mp4,13091522,0.123406,1,
write,write,,,video_medium,mongo_gridfs,4,tsinghua_v_0509_r04.mp4,13091522,0.091668,1,
write,write,,,video_medium,pg_bytea,4,tsinghua_v_0509_r04.mp4,13091522,0.330683,1,
write,write,,,video_medium,polyglot,4,tsinghua_v_0523_r04.mp4,13091522,0.114673,1,
write,write,,,video_medium,mongo_gridfs,4,tsinghua_v_0523_r04.mp4,13091522,0.101927,1,
write,write,,,video_medium,pg_bytea,4,tsinghua_v_0523_r04.mp4,13091522,0.436829,1,
write,write,,,video_medium,mongo_gridfs,4,tsinghua_v_0546_r04.mp4,13091522,0.107440,1,
write,write,,,video_medium,polyglot,4,tsinghua_v_0546_r04.mp4,13091522,0.098346,1,
write,write,,,video_medium,pg_bytea,4,tsinghua_v_0546_r04.mp4,13091522,0.331733,1,
write,write,,,video_medium,polyglot,4,tsinghua_v_0568_r04.mp4,13091522,0.111581,1,
write,write,,,video_medium,pg_bytea,4,tsinghua_v_0568_r04.mp4,13091522,0.345594,1,
write,write,,,video_medium,mongo_gridfs,4,tsinghua_v_0568_r04.mp4,13091522,0.103385,1,
write,write,,,video_medium,mongo_gridfs,4,tsinghua_v_0594_r04.mp4,13091522,0.096681,1,
write,write,,,video_medium,polyglot,4,tsinghua_v_0594_r04.mp4,13091522,0.116117,1,
write,write,,,video_medium,pg_bytea,4,tsinghua_v_0594_r04.mp4,13091522,0.320645,1,
write,write,,,video_medium,polyglot,4,tsinghua_v_0596_r04.mp4,13091522,0.106630,1,
write,write,,,video_medium,pg_bytea,4,tsinghua_v_0596_r04.mp4,13091522,0.390586,1,
write,write,,,video_medium,mongo_gridfs,4,tsinghua_v_0596_r04.mp4,13091522,0.097832,1,
write,write,,,video_medium,polyglot,4,tsinghua_v_0635_r04.mp4,13091522,0.100729,1,
write,write,,,video_medium,mongo_gridfs,4,tsinghua_v_0635_r04.mp4,13091522,0.118583,1,
write,write,,,video_medium,pg_bytea,4,tsinghua_v_0635_r04.mp4,13091522,0.337347,1,
write,write,,,video_medium,polyglot,4,tsinghua_v_0653_r04.mp4,13091522,0.104534,1,
write,write,,,video_medium,mongo_gridfs,4,tsinghua_v_0653_r04.mp4,13091522,0.101303,1,
write,write,,,video_medium,pg_bytea,4,tsinghua_v_0653_r04.mp4,13091522,0.320056,1,
write,write,,,video_medium,polyglot,4,tsinghua_v_0667_r04.mp4,13091522,0.102691,1,
write,write,,,video_medium,pg_bytea,4,tsinghua_v_0667_r04.mp4,13091522,0.317653,1,
write,write,,,video_medium,mongo_gridfs,4,tsinghua_v_0667_r04.mp4,13091522,0.101340,1,
write,write,,,video_medium,mongo_gridfs,4,tsinghua_v_0673_r04.mp4,13091522,0.143713,1,
write,write,,,video_medium,polyglot,4,tsinghua_v_0673_r04.mp4,13091522,0.118853,1,
write,write,,,video_medium,pg_bytea,4,tsinghua_v_0673_r04.mp4,13091522,0.402786,1,
write,write,,,video_medium,mongo_gridfs,4,tsinghua_v_0681_r04.mp4,13091522,0.111992,1,
write,write,,,video_medium,polyglot,4,tsinghua_v_0681_r04.mp4,13091522,0.103427,1,
write,write,,,video_medium,pg_bytea,4,tsinghua_v_0681_r04.mp4,13091522,0.325420,1,
write,write,,,video_medium,pg_bytea,4,tsinghua_v_0690_r04.mp4,13091522,0.311525,1,
write,write,,,video_medium,mongo_gridfs,4,tsinghua_v_0690_r04.mp4,13091522,0.098536,1,
write,write,,,video_medium,polyglot,4,tsinghua_v_0690_r04.mp4,13091522,0.107944,1,
write,write,,,video_medium,pg_bytea,4,tsinghua_v_0692_r04.mp4,13091522,0.326356,1,
write,write,,,video_medium,polyglot,4,tsinghua_v_0692_r04.mp4,13091522,0.106842,1,
write,write,,,video_medium,mongo_gridfs,4,tsinghua_v_0692_r04.mp4,13091522,0.111128,1,
write,write,,,video_medium,pg_bytea,4,tsinghua_v_0696_r04.mp4,13091522,0.324911,1,
write,write,,,video_medium,polyglot,4,tsinghua_v_0696_r04.mp4,13091522,0.102400,1,
write,write,,,video_medium,mongo_gridfs,4,tsinghua_v_0696_r04.mp4,13091522,0.111355,1,
write,write,,,video_medium,mongo_gridfs,4,tsinghua_v_0734_r04.mp4,13091522,0.113514,1,
write,write,,,video_medium,polyglot,4,tsinghua_v_0734_r04.mp4,13091522,0.113140,1,
write,write,,,video_medium,pg_bytea,4,tsinghua_v_0734_r04.mp4,13091522,0.426638,1,
write,write,,,video_medium,mongo_gridfs,4,tsinghua_v_0737_r04.mp4,13091522,0.104076,1,
write,write,,,video_medium,polyglot,4,tsinghua_v_0737_r04.mp4,13091522,0.105479,1,
write,write,,,video_medium,pg_bytea,4,tsinghua_v_0737_r04.mp4,13091522,0.335230,1,
write,write,,,video_medium,pg_bytea,4,tsinghua_v_0744_r04.mp4,13091522,0.308043,1,
write,write,,,video_medium,polyglot,4,tsinghua_v_0744_r04.mp4,13091522,0.105752,1,
write,write,,,video_medium,mongo_gridfs,4,tsinghua_v_0744_r04.mp4,13091522,0.123947,1,
write,write,,,video_medium,mongo_gridfs,4,tsinghua_v_0745_r04.mp4,13091522,0.104991,1,
write,write,,,video_medium,pg_bytea,4,tsinghua_v_0745_r04.mp4,13091522,0.323000,1,
write,write,,,video_medium,polyglot,4,tsinghua_v_0745_r04.mp4,13091522,0.113991,1,
write,write,,,video_medium,pg_bytea,4,tsinghua_v_0769_r04.mp4,13091522,0.397419,1,
write,write,,,video_medium,mongo_gridfs,4,tsinghua_v_0769_r04.mp4,13091522,0.103096,1,
write,write,,,video_medium,polyglot,4,tsinghua_v_0769_r04.mp4,13091522,0.102599,1,
write,write,,,video_medium,mongo_gridfs,4,tsinghua_v_0791_r04.mp4,13091522,0.095564,1,
write,write,,,video_medium,pg_bytea,4,tsinghua_v_0791_r04.mp4,13091522,0.314158,1,
write,write,,,video_medium,polyglot,4,tsinghua_v_0791_r04.mp4,13091522,0.117432,1,
write,write,,,video_medium,mongo_gridfs,4,tsinghua_v_0792_r04.mp4,13091522,0.116480,1,
write,write,,,video_medium,polyglot,4,tsinghua_v_0792_r04.mp4,13091522,0.099745,1,
write,write,,,video_medium,pg_bytea,4,tsinghua_v_0792_r04.mp4,13091522,0.383549,1,
write,write,,,video_medium,polyglot,4,tsinghua_v_0857_r04.mp4,13091522,0.115654,1,
write,write,,,video_medium,mongo_gridfs,4,tsinghua_v_0857_r04.mp4,13091522,0.107321,1,
write,write,,,video_medium,pg_bytea,4,tsinghua_v_0857_r04.mp4,13091522,0.450899,1,
write,write,,,video_medium,pg_bytea,4,tsinghua_v_0866_r04.mp4,13091522,0.391708,1,
write,write,,,video_medium,mongo_gridfs,4,tsinghua_v_0866_r04.mp4,13091522,0.096779,1,
write,write,,,video_medium,polyglot,4,tsinghua_v_0866_r04.mp4,13091522,0.098925,1,
write,write,,,video_medium,polyglot,4,tsinghua_v_0880_r04.mp4,13091522,0.112803,1,
write,write,,,video_medium,mongo_gridfs,4,tsinghua_v_0880_r04.mp4,13091522,0.109656,1,
write,write,,,video_medium,pg_bytea,4,tsinghua_v_0880_r04.mp4,13091522,0.338853,1,
write,write,,,video_medium,polyglot,4,tsinghua_v_0888_r04.mp4,13091522,0.113172,1,
write,write,,,video_medium,pg_bytea,4,tsinghua_v_0888_r04.mp4,13091522,0.301185,1,
write,write,,,video_medium,mongo_gridfs,4,tsinghua_v_0888_r04.mp4,13091522,0.095869,1,
write,write,,,video_medium,pg_bytea,4,tsinghua_v_0901_r04.mp4,13091522,0.363804,1,
write,write,,,video_medium,polyglot,4,tsinghua_v_0901_r04.mp4,13091522,0.099195,1,
write,write,,,video_medium,mongo_gridfs,4,tsinghua_v_0901_r04.mp4,13091522,0.104050,1,
write,write,,,video_medium,mongo_gridfs,4,tsinghua_v_0937_r04.mp4,13091522,0.109717,1,
write,write,,,video_medium,pg_bytea,4,tsinghua_v_0937_r04.mp4,13091522,0.328584,1,
write,write,,,video_medium,polyglot,4,tsinghua_v_0937_r04.mp4,13091522,0.117578,1,
write,write,,,video_medium,polyglot,4,tsinghua_v_0939_r04.mp4,13091522,0.251781,1,
write,write,,,video_medium,pg_bytea,4,tsinghua_v_0939_r04.mp4,13091522,0.355697,1,
write,write,,,video_medium,mongo_gridfs,4,tsinghua_v_0939_r04.mp4,13091522,0.106851,1,
write,write,,,video_medium,mongo_gridfs,4,tsinghua_v_0961_r04.mp4,13091522,0.107139,1,
write,write,,,video_medium,pg_bytea,4,tsinghua_v_0961_r04.mp4,13091522,0.324751,1,
write,write,,,video_medium,polyglot,4,tsinghua_v_0961_r04.mp4,13091522,0.108456,1,
write,write,,,video_medium,mongo_gridfs,4,tsinghua_v_0977_r04.mp4,13091522,0.104110,1,
write,write,,,video_medium,pg_bytea,4,tsinghua_v_0977_r04.mp4,13091522,0.310907,1,
write,write,,,video_medium,polyglot,4,tsinghua_v_0977_r04.mp4,13091522,0.108802,1,
write,write,,,audio_small,polyglot,5,03-01-01-01-01-02-19_r05.wav,375720,0.009684,1,
write,write,,,audio_small,mongo_gridfs,5,03-01-01-01-01-02-19_r05.wav,375720,0.006065,1,
write,write,,,audio_small,pg_bytea,5,03-01-01-01-01-02-19_r05.wav,375720,0.031282,1,
write,write,,,audio_small,pg_bytea,5,03-01-01-01-02-02-05_r05.wav,396294,0.009149,1,
write,write,,,audio_small,polyglot,5,03-01-01-01-02-02-05_r05.wav,396294,0.006280,1,
write,write,,,audio_small,mongo_gridfs,5,03-01-01-01-02-02-05_r05.wav,396294,0.005027,1,
write,write,,,audio_small,pg_bytea,5,03-01-01-01-02-02-06_r05.wav,363108,0.009240,1,
write,write,,,audio_small,mongo_gridfs,5,03-01-01-01-02-02-06_r05.wav,363108,0.006921,1,
write,write,,,audio_small,polyglot,5,03-01-01-01-02-02-06_r05.wav,363108,0.005172,1,
write,write,,,audio_small,mongo_gridfs,5,03-01-01-01-02-02-07_r05.wav,363108,0.004305,1,
write,write,,,audio_small,polyglot,5,03-01-01-01-02-02-07_r05.wav,363108,0.006415,1,
write,write,,,audio_small,pg_bytea,5,03-01-01-01-02-02-07_r05.wav,363108,0.010969,1,
write,write,,,audio_small,mongo_gridfs,5,03-01-01-01-02-02-11_r05.wav,375720,0.004484,1,
write,write,,,audio_small,polyglot,5,03-01-01-01-02-02-11_r05.wav,375720,0.007285,1,
write,write,,,audio_small,pg_bytea,5,03-01-01-01-02-02-11_r05.wav,375720,0.008726,1,
write,write,,,audio_small,polyglot,5,03-01-01-01-02-02-12_r05.wav,372698,0.004890,1,
write,write,,,audio_small,mongo_gridfs,5,03-01-01-01-02-02-12_r05.wav,372698,0.003680,1,
write,write,,,audio_small,pg_bytea,5,03-01-01-01-02-02-12_r05.wav,372698,0.009716,1,
write,write,,,audio_small,polyglot,5,03-01-01-01-02-02-13_r05.wav,363108,0.007299,1,
write,write,,,audio_small,mongo_gridfs,5,03-01-01-01-02-02-13_r05.wav,363108,0.003846,1,
write,write,,,audio_small,pg_bytea,5,03-01-01-01-02-02-13_r05.wav,363108,0.010065,1,
write,write,,,audio_small,pg_bytea,5,03-01-01-02-01-02-05_r05.wav,393086,0.009764,1,
write,write,,,audio_small,polyglot,5,03-01-01-02-01-02-05_r05.wav,393086,0.005596,1,
write,write,,,audio_small,mongo_gridfs,5,03-01-01-02-01-02-05_r05.wav,393086,0.004227,1,
write,write,,,audio_small,polyglot,5,03-01-01-02-01-02-06_r05.wav,363108,0.004915,1,
write,write,,,audio_small,mongo_gridfs,5,03-01-01-02-01-02-06_r05.wav,363108,0.003876,1,
write,write,,,audio_small,pg_bytea,5,03-01-01-02-01-02-06_r05.wav,363108,0.008676,1,
write,write,,,audio_small,mongo_gridfs,5,03-01-01-02-01-02-07_r05.wav,372698,0.007048,1,
write,write,,,audio_small,polyglot,5,03-01-01-02-01-02-07_r05.wav,372698,0.006821,1,
write,write,,,audio_small,pg_bytea,5,03-01-01-02-01-02-07_r05.wav,372698,0.012569,1,
write,write,,,audio_small,pg_bytea,5,03-01-01-02-01-02-13_r05.wav,399494,0.013566,1,
write,write,,,audio_small,mongo_gridfs,5,03-01-01-02-01-02-13_r05.wav,399494,0.006370,1,
write,write,,,audio_small,polyglot,5,03-01-01-02-01-02-13_r05.wav,399494,0.006277,1,
write,write,,,audio_small,polyglot,5,03-01-01-02-02-02-19_r05.wav,372698,0.158579,1,
write,write,,,audio_small,pg_bytea,5,03-01-01-02-02-02-19_r05.wav,372698,0.013442,1,
write,write,,,audio_small,mongo_gridfs,5,03-01-01-02-02-02-19_r05.wav,372698,0.007347,1,
write,write,,,audio_small,polyglot,5,03-01-02-01-01-01-19_r05.wav,372698,0.005879,1,
write,write,,,audio_small,pg_bytea,5,03-01-02-01-01-01-19_r05.wav,372698,0.010432,1,
write,write,,,audio_small,mongo_gridfs,5,03-01-02-01-01-01-19_r05.wav,372698,0.005289,1,
write,write,,,audio_small,mongo_gridfs,5,03-01-02-01-02-01-06_r05.wav,363108,0.004636,1,
write,write,,,audio_small,pg_bytea,5,03-01-02-01-02-01-06_r05.wav,363108,0.009480,1,
write,write,,,audio_small,polyglot,5,03-01-02-01-02-01-06_r05.wav,363108,0.006650,1,
write,write,,,audio_small,polyglot,5,03-01-02-01-02-01-07_r05.wav,399494,0.006104,1,
write,write,,,audio_small,pg_bytea,5,03-01-02-01-02-01-07_r05.wav,399494,0.009928,1,
write,write,,,audio_small,mongo_gridfs,5,03-01-02-01-02-01-07_r05.wav,399494,0.006009,1,
write,write,,,audio_small,mongo_gridfs,5,03-01-02-01-02-01-11_r05.wav,375720,0.004479,1,
write,write,,,audio_small,pg_bytea,5,03-01-02-01-02-01-11_r05.wav,375720,0.013852,1,
write,write,,,audio_small,polyglot,5,03-01-02-01-02-01-11_r05.wav,375720,0.007355,1,
write,write,,,audio_small,pg_bytea,5,03-01-02-01-02-01-12_r05.wav,372698,0.009056,1,
write,write,,,audio_small,polyglot,5,03-01-02-01-02-01-12_r05.wav,372698,0.006318,1,
write,write,,,audio_small,mongo_gridfs,5,03-01-02-01-02-01-12_r05.wav,372698,0.004882,1,
write,write,,,audio_small,pg_bytea,5,03-01-02-01-02-01-13_r05.wav,379106,0.010043,1,
write,write,,,audio_small,polyglot,5,03-01-02-01-02-01-13_r05.wav,379106,0.005435,1,
write,write,,,audio_small,mongo_gridfs,5,03-01-02-01-02-01-13_r05.wav,379106,0.005049,1,
write,write,,,audio_small,pg_bytea,5,03-01-02-02-01-01-05_r05.wav,363108,0.011607,1,
write,write,,,audio_small,mongo_gridfs,5,03-01-02-02-01-01-05_r05.wav,363108,0.005020,1,
write,write,,,audio_small,polyglot,5,03-01-02-02-01-01-05_r05.wav,363108,0.005508,1,
write,write,,,audio_small,polyglot,5,03-01-02-02-01-01-11_r05.wav,363108,0.007839,1,
write,write,,,audio_small,mongo_gridfs,5,03-01-02-02-01-01-11_r05.wav,363108,0.004203,1,
write,write,,,audio_small,pg_bytea,5,03-01-02-02-01-01-11_r05.wav,363108,0.009681,1,
write,write,,,audio_small,mongo_gridfs,5,03-01-02-02-01-01-12_r05.wav,399494,0.005009,1,
write,write,,,audio_small,polyglot,5,03-01-02-02-01-01-12_r05.wav,399494,0.006026,1,
write,write,,,audio_small,pg_bytea,5,03-01-02-02-01-01-12_r05.wav,399494,0.011102,1,
write,write,,,audio_small,polyglot,5,03-01-02-02-01-01-13_r05.wav,399494,0.006482,1,
write,write,,,audio_small,mongo_gridfs,5,03-01-02-02-01-01-13_r05.wav,399494,0.005434,1,
write,write,,,audio_small,pg_bytea,5,03-01-02-02-01-01-13_r05.wav,399494,0.012424,1,
write,write,,,audio_small,mongo_gridfs,5,03-01-02-02-02-01-19_r05.wav,379106,0.005400,1,
write,write,,,audio_small,polyglot,5,03-01-02-02-02-01-19_r05.wav,379106,0.005798,1,
write,write,,,audio_small,pg_bytea,5,03-01-02-02-02-01-19_r05.wav,379106,0.012006,1,
write,write,,,audio_small,pg_bytea,5,03-01-03-01-01-02-05_r05.wav,396294,0.011236,1,
write,write,,,audio_small,mongo_gridfs,5,03-01-03-01-01-02-05_r05.wav,396294,0.005622,1,
write,write,,,audio_small,polyglot,5,03-01-03-01-01-02-05_r05.wav,396294,0.007753,1,
write,write,,,audio_small,pg_bytea,5,03-01-03-01-01-02-07_r05.wav,393086,0.010229,1,
write,write,,,audio_small,polyglot,5,03-01-03-01-01-02-07_r05.wav,393086,0.007493,1,
write,write,,,audio_small,mongo_gridfs,5,03-01-03-01-01-02-07_r05.wav,393086,0.005680,1,
write,write,,,audio_small,polyglot,5,03-01-03-01-01-02-12_r05.wav,399494,0.006798,1,
write,write,,,audio_small,pg_bytea,5,03-01-03-01-01-02-12_r05.wav,399494,0.009875,1,
write,write,,,audio_small,mongo_gridfs,5,03-01-03-01-01-02-12_r05.wav,399494,0.007734,1,
write,write,,,audio_small,mongo_gridfs,5,03-01-03-01-01-02-13_r05.wav,399494,0.006758,1,
write,write,,,audio_small,pg_bytea,5,03-01-03-01-01-02-13_r05.wav,399494,0.015159,1,
write,write,,,audio_small,polyglot,5,03-01-03-01-01-02-13_r05.wav,399494,0.007385,1,
write,write,,,audio_small,mongo_gridfs,5,03-01-03-01-02-02-18_r05.wav,393086,0.005735,1,
write,write,,,audio_small,polyglot,5,03-01-03-01-02-02-18_r05.wav,393086,0.006025,1,
write,write,,,audio_small,pg_bytea,5,03-01-03-01-02-02-18_r05.wav,393086,0.009523,1,
write,write,,,audio_small,polyglot,5,03-01-03-01-02-02-19_r05.wav,399494,0.007127,1,
write,write,,,audio_small,pg_bytea,5,03-01-03-01-02-02-19_r05.wav,399494,0.009955,1,
write,write,,,audio_small,mongo_gridfs,5,03-01-03-01-02-02-19_r05.wav,399494,0.006273,1,
write,write,,,audio_small,polyglot,5,03-01-03-02-01-02-18_r05.wav,396294,0.006807,1,
write,write,,,audio_small,pg_bytea,5,03-01-03-02-01-02-18_r05.wav,396294,0.009236,1,
write,write,,,audio_small,mongo_gridfs,5,03-01-03-02-01-02-18_r05.wav,396294,0.005408,1,
write,write,,,audio_small,mongo_gridfs,5,03-01-03-02-01-02-19_r05.wav,372698,0.004066,1,
write,write,,,audio_small,polyglot,5,03-01-03-02-01-02-19_r05.wav,372698,0.005741,1,
write,write,,,audio_small,pg_bytea,5,03-01-03-02-01-02-19_r05.wav,372698,0.010361,1,
write,write,,,audio_small,pg_bytea,5,03-01-03-02-02-02-04_r05.wav,379106,0.009714,1,
write,write,,,audio_small,mongo_gridfs,5,03-01-03-02-02-02-04_r05.wav,379106,0.006039,1,
write,write,,,audio_small,polyglot,5,03-01-03-02-02-02-04_r05.wav,379106,0.006678,1,
write,write,,,audio_small,polyglot,5,03-01-03-02-02-02-06_r05.wav,399494,0.008367,1,
write,write,,,audio_small,mongo_gridfs,5,03-01-03-02-02-02-06_r05.wav,399494,0.005161,1,
write,write,,,audio_small,pg_bytea,5,03-01-03-02-02-02-06_r05.wav,399494,0.009822,1,
write,write,,,audio_small,mongo_gridfs,5,03-01-03-02-02-02-07_r05.wav,393086,0.007507,1,
write,write,,,audio_small,polyglot,5,03-01-03-02-02-02-07_r05.wav,393086,0.006720,1,
write,write,,,audio_small,pg_bytea,5,03-01-03-02-02-02-07_r05.wav,393086,0.010183,1,
write,write,,,audio_small,polyglot,5,03-01-03-02-02-02-10_r05.wav,375720,0.007753,1,
write,write,,,audio_small,mongo_gridfs,5,03-01-03-02-02-02-10_r05.wav,375720,0.005650,1,
write,write,,,audio_small,pg_bytea,5,03-01-03-02-02-02-10_r05.wav,375720,0.009988,1,
write,write,,,audio_small,polyglot,5,03-01-03-02-02-02-11_r05.wav,396294,0.005818,1,
write,write,,,audio_small,mongo_gridfs,5,03-01-03-02-02-02-11_r05.wav,396294,0.005735,1,
write,write,,,audio_small,pg_bytea,5,03-01-03-02-02-02-11_r05.wav,396294,0.012266,1,
write,write,,,audio_small,pg_bytea,5,03-01-03-02-02-02-13_r05.wav,399494,0.011641,1,
write,write,,,audio_small,polyglot,5,03-01-03-02-02-02-13_r05.wav,399494,0.007487,1,
write,write,,,audio_small,mongo_gridfs,5,03-01-03-02-02-02-13_r05.wav,399494,0.006625,1,
write,write,,,audio_small,mongo_gridfs,5,03-01-04-01-01-02-01_r05.wav,396294,0.004913,1,
write,write,,,audio_small,pg_bytea,5,03-01-04-01-01-02-01_r05.wav,396294,0.010066,1,
write,write,,,audio_small,polyglot,5,03-01-04-01-01-02-01_r05.wav,396294,0.083608,1,
write,write,,,audio_small,mongo_gridfs,5,03-01-04-01-01-02-02_r05.wav,379106,0.007858,1,
write,write,,,audio_small,polyglot,5,03-01-04-01-01-02-02_r05.wav,379106,0.006489,1,
write,write,,,audio_small,pg_bytea,5,03-01-04-01-01-02-02_r05.wav,379106,0.009839,1,
write,write,,,audio_small,polyglot,5,03-01-04-01-01-02-16_r05.wav,379106,0.006447,1,
write,write,,,audio_small,mongo_gridfs,5,03-01-04-01-01-02-16_r05.wav,379106,0.006125,1,
write,write,,,audio_small,pg_bytea,5,03-01-04-01-01-02-16_r05.wav,379106,0.010113,1,
write,write,,,audio_small,polyglot,5,03-01-04-01-02-02-08_r05.wav,372698,0.007039,1,
write,write,,,audio_small,mongo_gridfs,5,03-01-04-01-02-02-08_r05.wav,372698,0.005486,1,
write,write,,,audio_small,pg_bytea,5,03-01-04-01-02-02-08_r05.wav,372698,0.009935,1,
write,write,,,audio_small,polyglot,5,03-01-04-01-02-02-09_r05.wav,363108,0.005634,1,
write,write,,,audio_small,pg_bytea,5,03-01-04-01-02-02-09_r05.wav,363108,0.008963,1,
write,write,,,audio_small,mongo_gridfs,5,03-01-04-01-02-02-09_r05.wav,363108,0.006116,1,
write,write,,,audio_small,polyglot,5,03-01-04-01-02-02-20_r05.wav,396294,0.007417,1,
write,write,,,audio_small,pg_bytea,5,03-01-04-01-02-02-20_r05.wav,396294,0.011445,1,
write,write,,,audio_small,mongo_gridfs,5,03-01-04-01-02-02-20_r05.wav,396294,0.008143,1,
write,write,,,audio_small,polyglot,5,03-01-04-01-02-02-21_r05.wav,363108,0.008384,1,
write,write,,,audio_small,pg_bytea,5,03-01-04-01-02-02-21_r05.wav,363108,0.010123,1,
write,write,,,audio_small,mongo_gridfs,5,03-01-04-01-02-02-21_r05.wav,363108,0.009129,1,
write,write,,,audio_small,polyglot,5,03-01-04-01-02-02-22_r05.wav,372698,0.006050,1,
write,write,,,audio_small,pg_bytea,5,03-01-04-01-02-02-22_r05.wav,372698,0.018832,1,
write,write,,,audio_small,mongo_gridfs,5,03-01-04-01-02-02-22_r05.wav,372698,0.008726,1,
write,write,,,audio_small,mongo_gridfs,5,03-01-04-01-02-02-23_r05.wav,363108,0.005322,1,
write,write,,,audio_small,pg_bytea,5,03-01-04-01-02-02-23_r05.wav,363108,0.013264,1,
write,write,,,audio_small,polyglot,5,03-01-04-01-02-02-23_r05.wav,363108,0.010499,1,
write,write,,,audio_small,mongo_gridfs,5,03-01-04-02-01-02-09_r05.wav,379106,0.006462,1,
write,write,,,audio_small,pg_bytea,5,03-01-04-02-01-02-09_r05.wav,379106,0.011108,1,
write,write,,,audio_small,polyglot,5,03-01-04-02-01-02-09_r05.wav,379106,0.007734,1,
write,write,,,audio_small,mongo_gridfs,5,03-01-04-02-01-02-20_r05.wav,379106,0.006228,1,
write,write,,,audio_small,polyglot,5,03-01-04-02-01-02-20_r05.wav,379106,0.006333,1,
write,write,,,audio_small,pg_bytea,5,03-01-04-02-01-02-20_r05.wav,379106,0.009698,1,
write,write,,,audio_small,polyglot,5,03-01-04-02-01-02-21_r05.wav,393086,0.007145,1,
write,write,,,audio_small,mongo_gridfs,5,03-01-04-02-01-02-21_r05.wav,393086,0.006837,1,
write,write,,,audio_small,pg_bytea,5,03-01-04-02-01-02-21_r05.wav,393086,0.011086,1,
write,write,,,audio_small,polyglot,5,03-01-04-02-01-02-22_r05.wav,379106,0.006320,1,
write,write,,,audio_small,pg_bytea,5,03-01-04-02-01-02-22_r05.wav,379106,0.009060,1,
write,write,,,audio_small,mongo_gridfs,5,03-01-04-02-01-02-22_r05.wav,379106,0.005656,1,
write,write,,,audio_small,mongo_gridfs,5,03-01-04-02-02-02-14_r05.wav,375720,0.005541,1,
write,write,,,audio_small,polyglot,5,03-01-04-02-02-02-14_r05.wav,375720,0.005687,1,
write,write,,,audio_small,pg_bytea,5,03-01-04-02-02-02-14_r05.wav,375720,0.009189,1,
write,write,,,audio_small,polyglot,5,03-01-04-02-02-02-15_r05.wav,379106,0.005446,1,
write,write,,,audio_small,mongo_gridfs,5,03-01-04-02-02-02-15_r05.wav,379106,0.004777,1,
write,write,,,audio_small,pg_bytea,5,03-01-04-02-02-02-15_r05.wav,379106,0.009670,1,
write,write,,,audio_small,polyglot,5,03-01-04-02-02-02-16_r05.wav,375720,0.005579,1,
write,write,,,audio_small,mongo_gridfs,5,03-01-04-02-02-02-16_r05.wav,375720,0.005334,1,
write,write,,,audio_small,pg_bytea,5,03-01-04-02-02-02-16_r05.wav,375720,0.009664,1,
write,write,,,audio_small,mongo_gridfs,5,03-01-04-02-02-02-17_r05.wav,363108,0.004911,1,
write,write,,,audio_small,pg_bytea,5,03-01-04-02-02-02-17_r05.wav,363108,0.009319,1,
write,write,,,audio_small,polyglot,5,03-01-04-02-02-02-17_r05.wav,363108,0.005083,1,
write,write,,,audio_small,pg_bytea,5,03-01-05-01-01-01-09_r05.wav,393086,0.010206,1,
write,write,,,audio_small,mongo_gridfs,5,03-01-05-01-01-01-09_r05.wav,393086,0.005592,1,
write,write,,,audio_small,polyglot,5,03-01-05-01-01-01-09_r05.wav,393086,0.005740,1,
write,write,,,audio_small,pg_bytea,5,03-01-05-01-01-01-22_r05.wav,393086,0.010052,1,
write,write,,,audio_small,polyglot,5,03-01-05-01-01-01-22_r05.wav,393086,0.006247,1,
write,write,,,audio_small,mongo_gridfs,5,03-01-05-01-01-01-22_r05.wav,393086,0.005316,1,
write,write,,,audio_small,mongo_gridfs,5,03-01-05-01-02-01-02_r05.wav,372698,0.004663,1,
write,write,,,audio_small,pg_bytea,5,03-01-05-01-02-01-02_r05.wav,372698,0.009178,1,
write,write,,,audio_small,polyglot,5,03-01-05-01-02-01-02_r05.wav,372698,0.005387,1,
write,write,,,audio_small,mongo_gridfs,5,03-01-05-01-02-01-03_r05.wav,396294,0.005563,1,
write,write,,,audio_small,polyglot,5,03-01-05-01-02-01-03_r05.wav,396294,0.006225,1,
write,write,,,audio_small,pg_bytea,5,03-01-05-01-02-01-03_r05.wav,396294,0.012710,1,
write,write,,,audio_small,pg_bytea,5,03-01-05-01-02-01-15_r05.wav,363108,0.008923,1,
write,write,,,audio_small,polyglot,5,03-01-05-01-02-01-15_r05.wav,363108,0.009121,1,
write,write,,,audio_small,mongo_gridfs,5,03-01-05-01-02-01-15_r05.wav,363108,0.005397,1,
write,write,,,audio_small,pg_bytea,5,03-01-05-01-02-01-16_r05.wav,372698,0.009277,1,
write,write,,,audio_small,polyglot,5,03-01-05-01-02-01-16_r05.wav,372698,0.005930,1,
write,write,,,audio_small,mongo_gridfs,5,03-01-05-01-02-01-16_r05.wav,372698,0.004805,1,
write,write,,,audio_small,polyglot,5,03-01-05-01-02-01-17_r05.wav,393086,0.006435,1,
write,write,,,audio_small,pg_bytea,5,03-01-05-01-02-01-17_r05.wav,393086,0.009442,1,
write,write,,,audio_small,mongo_gridfs,5,03-01-05-01-02-01-17_r05.wav,393086,0.006383,1,
write,write,,,audio_small,pg_bytea,5,03-01-05-02-01-01-01_r05.wav,372698,0.009256,1,
write,write,,,audio_small,polyglot,5,03-01-05-02-01-01-01_r05.wav,372698,0.006181,1,
write,write,,,audio_small,mongo_gridfs,5,03-01-05-02-01-01-01_r05.wav,372698,0.004744,1,
write,write,,,audio_small,mongo_gridfs,5,03-01-05-02-01-01-02_r05.wav,375720,0.004829,1,
write,write,,,audio_small,pg_bytea,5,03-01-05-02-01-01-02_r05.wav,375720,0.009291,1,
write,write,,,audio_small,polyglot,5,03-01-05-02-01-01-02_r05.wav,375720,0.005240,1,
write,write,,,audio_small,pg_bytea,5,03-01-05-02-01-01-03_r05.wav,372698,0.009109,1,
write,write,,,audio_small,mongo_gridfs,5,03-01-05-02-01-01-03_r05.wav,372698,0.004469,1,
write,write,,,audio_small,polyglot,5,03-01-05-02-01-01-03_r05.wav,372698,0.005642,1,
write,write,,,audio_small,polyglot,5,03-01-05-02-01-01-15_r05.wav,396294,0.005004,1,
write,write,,,audio_small,pg_bytea,5,03-01-05-02-01-01-15_r05.wav,396294,0.010033,1,
write,write,,,audio_small,mongo_gridfs,5,03-01-05-02-01-01-15_r05.wav,396294,0.005341,1,
write,write,,,audio_small,mongo_gridfs,5,03-01-05-02-01-01-16_r05.wav,399494,0.004492,1,
write,write,,,audio_small,pg_bytea,5,03-01-05-02-01-01-16_r05.wav,399494,0.008829,1,
write,write,,,audio_small,polyglot,5,03-01-05-02-01-01-16_r05.wav,399494,0.006014,1,
write,write,,,audio_small,polyglot,5,03-01-05-02-01-01-17_r05.wav,363108,0.004853,1,
write,write,,,audio_small,pg_bytea,5,03-01-05-02-01-01-17_r05.wav,363108,0.009002,1,
write,write,,,audio_small,mongo_gridfs,5,03-01-05-02-01-01-17_r05.wav,363108,0.004545,1,
write,write,,,audio_small,polyglot,5,03-01-05-02-02-01-09_r05.wav,396294,0.005118,1,
write,write,,,audio_small,pg_bytea,5,03-01-05-02-02-01-09_r05.wav,396294,0.009458,1,
write,write,,,audio_small,mongo_gridfs,5,03-01-05-02-02-01-09_r05.wav,396294,0.004651,1,
write,write,,,audio_small,polyglot,5,03-01-05-02-02-01-21_r05.wav,375720,0.005102,1,
write,write,,,audio_small,mongo_gridfs,5,03-01-05-02-02-01-21_r05.wav,375720,0.004397,1,
write,write,,,audio_small,pg_bytea,5,03-01-05-02-02-01-21_r05.wav,375720,0.009602,1,
write,write,,,audio_small,polyglot,5,03-01-05-02-02-01-22_r05.wav,379106,0.006217,1,
write,write,,,audio_small,mongo_gridfs,5,03-01-05-02-02-01-22_r05.wav,379106,0.005164,1,
write,write,,,audio_small,pg_bytea,5,03-01-05-02-02-01-22_r05.wav,379106,0.013396,1,
write,write,,,audio_medium,mongo_gridfs,5,03-02-01-01-01-02-22_r05.wav,526650,0.007199,1,
write,write,,,audio_medium,polyglot,5,03-02-01-01-01-02-22_r05.wav,526650,0.008332,1,
write,write,,,audio_medium,pg_bytea,5,03-02-01-01-01-02-22_r05.wav,526650,0.015083,1,
write,write,,,audio_medium,pg_bytea,5,03-02-01-01-01-02-23_r05.wav,539464,0.014570,1,
write,write,,,audio_medium,polyglot,5,03-02-01-01-01-02-23_r05.wav,539464,0.009426,1,
write,write,,,audio_medium,mongo_gridfs,5,03-02-01-01-01-02-23_r05.wav,539464,0.007753,1,
write,write,,,audio_medium,pg_bytea,5,03-02-01-01-02-02-02_r05.wav,539464,0.014699,1,
write,write,,,audio_medium,polyglot,5,03-02-01-01-02-02-02_r05.wav,539464,0.008238,1,
write,write,,,audio_medium,mongo_gridfs,5,03-02-01-01-02-02-02_r05.wav,539464,0.006502,1,
write,write,,,audio_medium,mongo_gridfs,5,03-02-01-01-02-02-03_r05.wav,520242,0.006481,1,
write,write,,,audio_medium,polyglot,5,03-02-01-01-02-02-03_r05.wav,520242,0.007043,1,
write,write,,,audio_medium,pg_bytea,5,03-02-01-01-02-02-03_r05.wav,520242,0.013524,1,
write,write,,,audio_medium,pg_bytea,5,03-02-01-01-02-02-16_r05.wav,539464,0.014224,1,
write,write,,,audio_medium,polyglot,5,03-02-01-01-02-02-16_r05.wav,539464,0.009237,1,
write,write,,,audio_medium,mongo_gridfs,5,03-02-01-01-02-02-16_r05.wav,539464,0.006815,1,
write,write,,,audio_medium,pg_bytea,5,03-02-01-01-02-02-17_r05.wav,561888,0.015512,1,
write,write,,,audio_medium,polyglot,5,03-02-01-01-02-02-17_r05.wav,561888,0.009972,1,
write,write,,,audio_medium,mongo_gridfs,5,03-02-01-01-02-02-17_r05.wav,561888,0.007548,1,
write,write,,,audio_medium,polyglot,5,03-02-01-02-01-02-01_r05.wav,533056,0.006987,1,
write,write,,,audio_medium,pg_bytea,5,03-02-01-02-01-02-01_r05.wav,533056,0.013653,1,
write,write,,,audio_medium,mongo_gridfs,5,03-02-01-02-01-02-01_r05.wav,533056,0.007463,1,
write,write,,,audio_medium,pg_bytea,5,03-02-01-02-01-02-02_r05.wav,523448,0.013745,1,
write,write,,,audio_medium,polyglot,5,03-02-01-02-01-02-02_r05.wav,523448,0.009234,1,
write,write,,,audio_medium,mongo_gridfs,5,03-02-01-02-01-02-02_r05.wav,523448,0.007245,1,
write,write,,,audio_medium,mongo_gridfs,5,03-02-01-02-01-02-03_r05.wav,533056,0.006943,1,
write,write,,,audio_medium,polyglot,5,03-02-01-02-01-02-03_r05.wav,533056,0.007453,1,
write,write,,,audio_medium,pg_bytea,5,03-02-01-02-01-02-03_r05.wav,533056,0.016949,1,
write,write,,,audio_medium,pg_bytea,5,03-02-01-02-01-02-15_r05.wav,561882,0.014478,1,
write,write,,,audio_medium,polyglot,5,03-02-01-02-01-02-15_r05.wav,561882,0.008680,1,
write,write,,,audio_medium,mongo_gridfs,5,03-02-01-02-01-02-15_r05.wav,561882,0.006816,1,
write,write,,,audio_medium,polyglot,5,03-02-01-02-01-02-16_r05.wav,526650,0.007572,1,
write,write,,,audio_medium,mongo_gridfs,5,03-02-01-02-01-02-16_r05.wav,526650,0.005627,1,
write,write,,,audio_medium,pg_bytea,5,03-02-01-02-01-02-16_r05.wav,526650,0.013823,1,
write,write,,,audio_medium,pg_bytea,5,03-02-01-02-01-02-17_r05.wav,533056,0.014833,1,
write,write,,,audio_medium,polyglot,5,03-02-01-02-01-02-17_r05.wav,533056,0.010028,1,
write,write,,,audio_medium,mongo_gridfs,5,03-02-01-02-01-02-17_r05.wav,533056,0.009954,1,
write,write,,,audio_medium,polyglot,5,03-02-01-02-02-02-22_r05.wav,520242,0.037572,1,
write,write,,,audio_medium,mongo_gridfs,5,03-02-01-02-02-02-22_r05.wav,520242,0.006097,1,
write,write,,,audio_medium,pg_bytea,5,03-02-01-02-02-02-22_r05.wav,520242,0.013440,1,
write,write,,,audio_medium,mongo_gridfs,5,03-02-01-02-02-02-23_r05.wav,520242,0.005445,1,
write,write,,,audio_medium,polyglot,5,03-02-01-02-02-02-23_r05.wav,520242,0.005848,1,
write,write,,,audio_medium,pg_bytea,5,03-02-01-02-02-02-23_r05.wav,520242,0.012423,1,
write,write,,,audio_medium,pg_bytea,5,03-02-02-01-01-01-22_r05.wav,523448,0.011555,1,
write,write,,,audio_medium,polyglot,5,03-02-02-01-01-01-22_r05.wav,523448,0.006363,1,
write,write,,,audio_medium,mongo_gridfs,5,03-02-02-01-01-01-22_r05.wav,523448,0.006368,1,
write,write,,,audio_medium,pg_bytea,5,03-02-02-01-01-01-23_r05.wav,561888,0.013440,1,
write,write,,,audio_medium,polyglot,5,03-02-02-01-01-01-23_r05.wav,561888,0.007431,1,
write,write,,,audio_medium,mongo_gridfs,5,03-02-02-01-01-01-23_r05.wav,561888,0.005748,1,
write,write,,,audio_medium,mongo_gridfs,5,03-02-02-01-02-01-01_r05.wav,520242,0.005488,1,
write,write,,,audio_medium,pg_bytea,5,03-02-02-01-02-01-01_r05.wav,520242,0.017992,1,
write,write,,,audio_medium,polyglot,5,03-02-02-01-02-01-01_r05.wav,520242,0.007683,1,
write,write,,,audio_medium,mongo_gridfs,5,03-02-02-01-02-01-02_r05.wav,539464,0.006101,1,
write,write,,,audio_medium,polyglot,5,03-02-02-01-02-01-02_r05.wav,539464,0.006703,1,
write,write,,,audio_medium,pg_bytea,5,03-02-02-01-02-01-02_r05.wav,539464,0.016985,1,
write,write,,,audio_medium,pg_bytea,5,03-02-02-01-02-01-03_r05.wav,533056,0.013409,1,
write,write,,,audio_medium,mongo_gridfs,5,03-02-02-01-02-01-03_r05.wav,533056,0.006875,1,
write,write,,,audio_medium,polyglot,5,03-02-02-01-02-01-03_r05.wav,533056,0.006322,1,
write,write,,,audio_medium,pg_bytea,5,03-02-02-01-02-01-16_r05.wav,561882,0.013686,1,
write,write,,,audio_medium,mongo_gridfs,5,03-02-02-01-02-01-16_r05.wav,561882,0.007810,1,
write,write,,,audio_medium,polyglot,5,03-02-02-01-02-01-16_r05.wav,561882,0.008220,1,
write,write,,,audio_medium,mongo_gridfs,5,03-02-02-02-01-01-01_r05.wav,539464,0.006992,1,
write,write,,,audio_medium,polyglot,5,03-02-02-02-01-01-01_r05.wav,539464,0.007012,1,
write,write,,,audio_medium,pg_bytea,5,03-02-02-02-01-01-01_r05.wav,539464,0.013657,1,
write,write,,,audio_medium,mongo_gridfs,5,03-02-02-02-01-01-02_r05.wav,526650,0.006709,1,
write,write,,,audio_medium,pg_bytea,5,03-02-02-02-01-01-02_r05.wav,526650,0.013983,1,
write,write,,,audio_medium,polyglot,5,03-02-02-02-01-01-02_r05.wav,526650,0.008035,1,
write,write,,,audio_medium,pg_bytea,5,03-02-02-02-01-01-15_r05.wav,539464,0.013378,1,
write,write,,,audio_medium,mongo_gridfs,5,03-02-02-02-01-01-15_r05.wav,539464,0.006921,1,
write,write,,,audio_medium,polyglot,5,03-02-02-02-01-01-15_r05.wav,539464,0.007072,1,
write,write,,,audio_medium,mongo_gridfs,5,03-02-02-02-01-01-16_r05.wav,520242,0.005832,1,
write,write,,,audio_medium,polyglot,5,03-02-02-02-01-01-16_r05.wav,520242,0.009457,1,
write,write,,,audio_medium,pg_bytea,5,03-02-02-02-01-01-16_r05.wav,520242,0.012378,1,
write,write,,,audio_medium,polyglot,5,03-02-02-02-01-01-17_r05.wav,539464,0.008147,1,
write,write,,,audio_medium,pg_bytea,5,03-02-02-02-01-01-17_r05.wav,539464,0.013812,1,
write,write,,,audio_medium,mongo_gridfs,5,03-02-02-02-01-01-17_r05.wav,539464,0.006903,1,
write,write,,,audio_medium,mongo_gridfs,5,03-02-02-02-02-01-22_r05.wav,539464,0.006518,1,
write,write,,,audio_medium,pg_bytea,5,03-02-02-02-02-01-22_r05.wav,539464,0.013765,1,
write,write,,,audio_medium,polyglot,5,03-02-02-02-02-01-22_r05.wav,539464,0.009373,1,
write,write,,,audio_medium,mongo_gridfs,5,03-02-02-02-02-01-23_r05.wav,520242,0.007776,1,
write,write,,,audio_medium,pg_bytea,5,03-02-02-02-02-01-23_r05.wav,520242,0.014819,1,
write,write,,,audio_medium,polyglot,5,03-02-02-02-02-01-23_r05.wav,520242,0.008951,1,
write,write,,,audio_medium,pg_bytea,5,03-02-03-01-01-02-01_r05.wav,561882,0.014171,1,
write,write,,,audio_medium,mongo_gridfs,5,03-02-03-01-01-02-01_r05.wav,561882,0.007968,1,
write,write,,,audio_medium,polyglot,5,03-02-03-01-01-02-01_r05.wav,561882,0.009136,1,
write,write,,,audio_medium,pg_bytea,5,03-02-03-01-01-02-02_r05.wav,561882,0.016193,1,
write,write,,,audio_medium,mongo_gridfs,5,03-02-03-01-01-02-02_r05.wav,561882,0.008038,1,
write,write,,,audio_medium,polyglot,5,03-02-03-01-01-02-02_r05.wav,561882,0.007633,1,
write,write,,,audio_medium,mongo_gridfs,5,03-02-03-01-01-02-03_r05.wav,539464,0.006962,1,
write,write,,,audio_medium,pg_bytea,5,03-02-03-01-01-02-03_r05.wav,539464,0.016026,1,
write,write,,,audio_medium,polyglot,5,03-02-03-01-01-02-03_r05.wav,539464,0.008794,1,
write,write,,,audio_medium,mongo_gridfs,5,03-02-03-01-01-02-15_r05.wav,526650,0.006257,1,
write,write,,,audio_medium,polyglot,5,03-02-03-01-01-02-15_r05.wav,526650,0.006668,1,
write,write,,,audio_medium,pg_bytea,5,03-02-03-01-01-02-15_r05.wav,526650,0.013693,1,
write,write,,,audio_medium,polyglot,5,03-02-03-01-01-02-16_r05.wav,520242,0.006635,1,
write,write,,,audio_medium,mongo_gridfs,5,03-02-03-01-01-02-16_r05.wav,520242,0.005737,1,
write,write,,,audio_medium,pg_bytea,5,03-02-03-01-01-02-16_r05.wav,520242,0.012612,1,
write,write,,,audio_medium,polyglot,5,03-02-03-01-01-02-17_r05.wav,526650,0.008167,1,
write,write,,,audio_medium,mongo_gridfs,5,03-02-03-01-01-02-17_r05.wav,526650,0.006374,1,
write,write,,,audio_medium,pg_bytea,5,03-02-03-01-01-02-17_r05.wav,526650,0.014974,1,
write,write,,,audio_medium,polyglot,5,03-02-03-01-02-02-09_r05.wav,539464,0.010160,1,
write,write,,,audio_medium,mongo_gridfs,5,03-02-03-01-02-02-09_r05.wav,539464,0.006491,1,
write,write,,,audio_medium,pg_bytea,5,03-02-03-01-02-02-09_r05.wav,539464,0.014790,1,
write,write,,,audio_medium,polyglot,5,03-02-03-01-02-02-21_r05.wav,533056,0.008198,1,
write,write,,,audio_medium,mongo_gridfs,5,03-02-03-01-02-02-21_r05.wav,533056,0.007879,1,
write,write,,,audio_medium,pg_bytea,5,03-02-03-01-02-02-21_r05.wav,533056,0.014747,1,
write,write,,,audio_medium,polyglot,5,03-02-03-01-02-02-22_r05.wav,561888,0.008211,1,
write,write,,,audio_medium,mongo_gridfs,5,03-02-03-01-02-02-22_r05.wav,561888,0.008866,1,
write,write,,,audio_medium,pg_bytea,5,03-02-03-01-02-02-22_r05.wav,561888,0.015724,1,
write,write,,,audio_medium,polyglot,5,03-02-03-01-02-02-23_r05.wav,539464,0.009709,1,
write,write,,,audio_medium,pg_bytea,5,03-02-03-01-02-02-23_r05.wav,539464,0.014301,1,
write,write,,,audio_medium,mongo_gridfs,5,03-02-03-01-02-02-23_r05.wav,539464,0.007738,1,
write,write,,,audio_medium,pg_bytea,5,03-02-03-02-01-02-09_r05.wav,561882,0.014148,1,
write,write,,,audio_medium,mongo_gridfs,5,03-02-03-02-01-02-09_r05.wav,561882,0.008262,1,
write,write,,,audio_medium,polyglot,5,03-02-03-02-01-02-09_r05.wav,561882,0.009280,1,
write,write,,,audio_medium,mongo_gridfs,5,03-02-03-02-01-02-21_r05.wav,539464,0.006265,1,
write,write,,,audio_medium,polyglot,5,03-02-03-02-01-02-21_r05.wav,539464,0.007866,1,
write,write,,,audio_medium,pg_bytea,5,03-02-03-02-01-02-21_r05.wav,539464,0.015540,1,
write,write,,,audio_medium,polyglot,5,03-02-03-02-01-02-22_r05.wav,526650,0.008946,1,
write,write,,,audio_medium,mongo_gridfs,5,03-02-03-02-01-02-22_r05.wav,526650,0.008503,1,
write,write,,,audio_medium,pg_bytea,5,03-02-03-02-01-02-22_r05.wav,526650,0.013846,1,
write,write,,,audio_medium,pg_bytea,5,03-02-03-02-01-02-23_r05.wav,561888,0.014657,1,
write,write,,,audio_medium,polyglot,5,03-02-03-02-01-02-23_r05.wav,561888,0.008172,1,
write,write,,,audio_medium,mongo_gridfs,5,03-02-03-02-01-02-23_r05.wav,561888,0.007544,1,
write,write,,,audio_medium,pg_bytea,5,03-02-03-02-02-02-01_r05.wav,561882,0.014236,1,
write,write,,,audio_medium,mongo_gridfs,5,03-02-03-02-02-02-01_r05.wav,561882,0.007437,1,
write,write,,,audio_medium,polyglot,5,03-02-03-02-02-02-01_r05.wav,561882,0.008116,1,
write,write,,,audio_medium,polyglot,5,03-02-03-02-02-02-02_r05.wav,523448,0.007373,1,
write,write,,,audio_medium,pg_bytea,5,03-02-03-02-02-02-02_r05.wav,523448,0.013075,1,
write,write,,,audio_medium,mongo_gridfs,5,03-02-03-02-02-02-02_r05.wav,523448,0.007119,1,
write,write,,,audio_medium,mongo_gridfs,5,03-02-03-02-02-02-03_r05.wav,561888,0.006749,1,
write,write,,,audio_medium,pg_bytea,5,03-02-03-02-02-02-03_r05.wav,561888,0.014094,1,
write,write,,,audio_medium,polyglot,5,03-02-03-02-02-02-03_r05.wav,561888,0.006882,1,
write,write,,,audio_medium,polyglot,5,03-02-03-02-02-02-15_r05.wav,523448,0.009884,1,
write,write,,,audio_medium,pg_bytea,5,03-02-03-02-02-02-15_r05.wav,523448,0.013093,1,
write,write,,,audio_medium,mongo_gridfs,5,03-02-03-02-02-02-15_r05.wav,523448,0.008696,1,
write,write,,,audio_medium,mongo_gridfs,5,03-02-03-02-02-02-16_r05.wav,561882,0.005455,1,
write,write,,,audio_medium,pg_bytea,5,03-02-03-02-02-02-16_r05.wav,561882,0.014005,1,
write,write,,,audio_medium,polyglot,5,03-02-03-02-02-02-16_r05.wav,561882,0.006838,1,
write,write,,,audio_medium,pg_bytea,5,03-02-03-02-02-02-17_r05.wav,523448,0.011475,1,
write,write,,,audio_medium,mongo_gridfs,5,03-02-03-02-02-02-17_r05.wav,523448,0.005321,1,
write,write,,,audio_medium,polyglot,5,03-02-03-02-02-02-17_r05.wav,523448,0.005708,1,
write,write,,,audio_medium,polyglot,5,03-02-04-01-01-02-05_r05.wav,561882,0.007036,1,
write,write,,,audio_medium,pg_bytea,5,03-02-04-01-01-02-05_r05.wav,561882,0.013246,1,
write,write,,,audio_medium,mongo_gridfs,5,03-02-04-01-01-02-05_r05.wav,561882,0.005551,1,
write,write,,,audio_medium,mongo_gridfs,5,03-02-04-01-01-02-06_r05.wav,526650,0.004928,1,
write,write,,,audio_medium,polyglot,5,03-02-04-01-01-02-06_r05.wav,526650,0.006018,1,
write,write,,,audio_medium,pg_bytea,5,03-02-04-01-01-02-06_r05.wav,526650,0.012439,1,
write,write,,,audio_medium,mongo_gridfs,5,03-02-04-01-01-02-07_r05.wav,523448,0.005072,1,
write,write,,,audio_medium,pg_bytea,5,03-02-04-01-01-02-07_r05.wav,523448,0.012244,1,
write,write,,,audio_medium,polyglot,5,03-02-04-01-01-02-07_r05.wav,523448,0.006509,1,
write,write,,,audio_medium,mongo_gridfs,5,03-02-04-01-01-02-11_r05.wav,539464,0.005786,1,
write,write,,,audio_medium,polyglot,5,03-02-04-01-01-02-11_r05.wav,539464,0.005691,1,
write,write,,,audio_medium,pg_bytea,5,03-02-04-01-01-02-11_r05.wav,539464,0.013234,1,
write,write,,,audio_medium,mongo_gridfs,5,03-02-04-01-01-02-12_r05.wav,523448,0.005101,1,
write,write,,,audio_medium,polyglot,5,03-02-04-01-01-02-12_r05.wav,523448,0.005960,1,
write,write,,,audio_medium,pg_bytea,5,03-02-04-01-01-02-12_r05.wav,523448,0.012133,1,
write,write,,,audio_medium,mongo_gridfs,5,03-02-04-01-01-02-13_r05.wav,539464,0.006433,1,
write,write,,,audio_medium,polyglot,5,03-02-04-01-01-02-13_r05.wav,539464,0.006464,1,
write,write,,,audio_medium,pg_bytea,5,03-02-04-01-01-02-13_r05.wav,539464,0.013988,1,
write,write,,,audio_medium,polyglot,5,03-02-04-01-02-02-19_r05.wav,561888,0.010557,1,
write,write,,,audio_medium,pg_bytea,5,03-02-04-01-02-02-19_r05.wav,561888,0.015079,1,
write,write,,,audio_medium,mongo_gridfs,5,03-02-04-01-02-02-19_r05.wav,561888,0.012043,1,
write,write,,,audio_medium,mongo_gridfs,5,03-02-04-02-02-02-05_r05.wav,526650,0.006601,1,
write,write,,,audio_medium,pg_bytea,5,03-02-04-02-02-02-05_r05.wav,526650,0.014687,1,
write,write,,,audio_medium,polyglot,5,03-02-04-02-02-02-05_r05.wav,526650,0.009701,1,
write,write,,,audio_medium,pg_bytea,5,03-02-04-02-02-02-06_r05.wav,526650,0.014248,1,
write,write,,,audio_medium,polyglot,5,03-02-04-02-02-02-06_r05.wav,526650,0.009404,1,
write,write,,,audio_medium,mongo_gridfs,5,03-02-04-02-02-02-06_r05.wav,526650,0.008021,1,
write,write,,,audio_medium,polyglot,5,03-02-04-02-02-02-07_r05.wav,561888,0.007757,1,
write,write,,,audio_medium,mongo_gridfs,5,03-02-04-02-02-02-07_r05.wav,561888,0.007536,1,
write,write,,,audio_medium,pg_bytea,5,03-02-04-02-02-02-07_r05.wav,561888,0.014769,1,
write,write,,,audio_medium,pg_bytea,5,03-02-04-02-02-02-11_r05.wav,561888,0.014359,1,
write,write,,,audio_medium,polyglot,5,03-02-04-02-02-02-11_r05.wav,561888,0.011098,1,
write,write,,,audio_medium,mongo_gridfs,5,03-02-04-02-02-02-11_r05.wav,561888,0.007499,1,
write,write,,,audio_medium,pg_bytea,5,03-02-04-02-02-02-12_r05.wav,523448,0.013189,1,
write,write,,,audio_medium,mongo_gridfs,5,03-02-04-02-02-02-12_r05.wav,523448,0.007637,1,
write,write,,,audio_medium,polyglot,5,03-02-04-02-02-02-12_r05.wav,523448,0.008525,1,
write,write,,,audio_medium,mongo_gridfs,5,03-02-04-02-02-02-13_r05.wav,533056,0.007803,1,
write,write,,,audio_medium,polyglot,5,03-02-04-02-02-02-13_r05.wav,533056,0.008585,1,
write,write,,,audio_medium,pg_bytea,5,03-02-04-02-02-02-13_r05.wav,533056,0.015009,1,
write,write,,,audio_medium,polyglot,5,03-02-05-01-02-01-06_r05.wav,561882,0.008338,1,
write,write,,,audio_medium,pg_bytea,5,03-02-05-01-02-01-06_r05.wav,561882,0.014366,1,
write,write,,,audio_medium,mongo_gridfs,5,03-02-05-01-02-01-06_r05.wav,561882,0.008228,1,
write,write,,,audio_medium,polyglot,5,03-02-05-01-02-01-07_r05.wav,520242,0.006604,1,
write,write,,,audio_medium,mongo_gridfs,5,03-02-05-01-02-01-07_r05.wav,520242,0.006532,1,
write,write,,,audio_medium,pg_bytea,5,03-02-05-01-02-01-07_r05.wav,520242,0.015565,1,
write,write,,,audio_medium,polyglot,5,03-02-05-01-02-01-12_r05.wav,520242,0.009588,1,
write,write,,,audio_medium,mongo_gridfs,5,03-02-05-01-02-01-12_r05.wav,520242,0.006954,1,
write,write,,,audio_medium,pg_bytea,5,03-02-05-01-02-01-12_r05.wav,520242,0.015279,1,
write,write,,,audio_medium,pg_bytea,5,03-02-05-01-02-01-13_r05.wav,561888,0.015215,1,
write,write,,,audio_medium,polyglot,5,03-02-05-01-02-01-13_r05.wav,561888,0.009537,1,
write,write,,,audio_medium,mongo_gridfs,5,03-02-05-01-02-01-13_r05.wav,561888,0.008053,1,
write,write,,,audio_medium,mongo_gridfs,5,03-02-05-02-01-01-05_r05.wav,539464,0.006678,1,
write,write,,,audio_medium,pg_bytea,5,03-02-05-02-01-01-05_r05.wav,539464,0.015127,1,
write,write,,,audio_medium,polyglot,5,03-02-05-02-01-01-05_r05.wav,539464,0.008750,1,
write,write,,,audio_medium,polyglot,5,03-02-05-02-01-01-06_r05.wav,561888,0.010021,1,
write,write,,,audio_medium,mongo_gridfs,5,03-02-05-02-01-01-06_r05.wav,561888,0.007883,1,
write,write,,,audio_medium,pg_bytea,5,03-02-05-02-01-01-06_r05.wav,561888,0.016124,1,
write,write,,,audio_medium,pg_bytea,5,03-02-05-02-01-01-07_r05.wav,533056,0.013941,1,
write,write,,,audio_medium,polyglot,5,03-02-05-02-01-01-07_r05.wav,533056,0.009673,1,
write,write,,,audio_medium,mongo_gridfs,5,03-02-05-02-01-01-07_r05.wav,533056,0.007832,1,
write,write,,,audio_medium,polyglot,5,03-02-05-02-01-01-11_r05.wav,561888,0.007647,1,
write,write,,,audio_medium,pg_bytea,5,03-02-05-02-01-01-11_r05.wav,561888,0.014738,1,
write,write,,,audio_medium,mongo_gridfs,5,03-02-05-02-01-01-11_r05.wav,561888,0.009159,1,
write,write,,,audio_medium,pg_bytea,5,03-02-05-02-01-01-12_r05.wav,533056,0.014820,1,
write,write,,,audio_medium,polyglot,5,03-02-05-02-01-01-12_r05.wav,533056,0.008677,1,
write,write,,,audio_medium,mongo_gridfs,5,03-02-05-02-01-01-12_r05.wav,533056,0.007573,1,
write,write,,,audio_medium,polyglot,5,03-02-05-02-01-01-13_r05.wav,526650,0.008197,1,
write,write,,,audio_medium,mongo_gridfs,5,03-02-05-02-01-01-13_r05.wav,526650,0.007023,1,
write,write,,,audio_medium,pg_bytea,5,03-02-05-02-01-01-13_r05.wav,526650,0.013833,1,
write,write,,,video_small,mongo_gridfs,5,01-01-01-01-01-01-22_r05.mp4,5457041,0.046070,1,
write,write,,,video_small,polyglot,5,01-01-01-01-01-01-22_r05.mp4,5457041,0.046618,1,
write,write,,,video_small,pg_bytea,5,01-01-01-01-01-01-22_r05.mp4,5457041,0.214151,1,
write,write,,,video_small,pg_bytea,5,01-01-01-01-01-02-01_r05.mp4,5457041,0.199555,1,
write,write,,,video_small,polyglot,5,01-01-01-01-01-02-01_r05.mp4,5457041,0.058567,1,
write,write,,,video_small,mongo_gridfs,5,01-01-01-01-01-02-01_r05.mp4,5457041,0.048438,1,
write,write,,,video_small,polyglot,5,01-01-01-01-01-02-15_r05.mp4,5457041,0.042866,1,
write,write,,,video_small,mongo_gridfs,5,01-01-01-01-01-02-15_r05.mp4,5457041,0.041732,1,
write,write,,,video_small,pg_bytea,5,01-01-01-01-01-02-15_r05.mp4,5457041,0.132690,1,
write,write,,,video_small,pg_bytea,5,01-01-01-01-02-01-06_r05.mp4,5457041,0.132129,1,
write,write,,,video_small,mongo_gridfs,5,01-01-01-01-02-01-06_r05.mp4,5457041,0.051674,1,
write,write,,,video_small,polyglot,5,01-01-01-01-02-01-06_r05.mp4,5457041,0.042205,1,
write,write,,,video_small,pg_bytea,5,01-01-01-01-02-01-13_r05.mp4,5457041,0.139187,1,
write,write,,,video_small,mongo_gridfs,5,01-01-01-01-02-01-13_r05.mp4,5457041,0.048826,1,
write,write,,,video_small,polyglot,5,01-01-01-01-02-01-13_r05.mp4,5457041,0.044082,1,
write,write,,,video_small,mongo_gridfs,5,01-01-01-01-02-01-14_r05.mp4,5457041,0.048270,1,
write,write,,,video_small,pg_bytea,5,01-01-01-01-02-01-14_r05.mp4,5457041,0.131140,1,
write,write,,,video_small,polyglot,5,01-01-01-01-02-01-14_r05.mp4,5457041,0.050770,1,
write,write,,,video_small,pg_bytea,5,01-01-01-01-02-02-09_r05.mp4,5498397,0.128753,1,
write,write,,,video_small,polyglot,5,01-01-01-01-02-02-09_r05.mp4,5498397,0.064214,1,
write,write,,,video_small,mongo_gridfs,5,01-01-01-01-02-02-09_r05.mp4,5498397,0.047960,1,
write,write,,,video_small,pg_bytea,5,01-01-01-02-01-01-01_r05.mp4,5498397,0.151018,1,
write,write,,,video_small,mongo_gridfs,5,01-01-01-02-01-01-01_r05.mp4,5498397,0.045948,1,
write,write,,,video_small,polyglot,5,01-01-01-02-01-01-01_r05.mp4,5498397,0.051893,1,
write,write,,,video_small,pg_bytea,5,01-01-01-02-01-01-05_r05.mp4,5457041,0.130743,1,
write,write,,,video_small,polyglot,5,01-01-01-02-01-01-05_r05.mp4,5457041,0.053933,1,
write,write,,,video_small,mongo_gridfs,5,01-01-01-02-01-01-05_r05.mp4,5457041,0.064456,1,
write,write,,,video_small,polyglot,5,01-01-01-02-01-01-15_r05.mp4,5457041,0.125697,1,
write,write,,,video_small,mongo_gridfs,5,01-01-01-02-01-01-15_r05.mp4,5457041,0.043796,1,
write,write,,,video_small,pg_bytea,5,01-01-01-02-01-01-15_r05.mp4,5457041,0.132361,1,
write,write,,,video_small,pg_bytea,5,01-01-01-02-02-01-18_r05.mp4,5457041,0.132449,1,
write,write,,,video_small,mongo_gridfs,5,01-01-01-02-02-01-18_r05.mp4,5457041,0.041259,1,
write,write,,,video_small,polyglot,5,01-01-01-02-02-01-18_r05.mp4,5457041,0.049879,1,
write,write,,,video_small,mongo_gridfs,5,01-01-01-02-02-01-19_r05.mp4,5457041,0.042567,1,
write,write,,,video_small,polyglot,5,01-01-01-02-02-01-19_r05.mp4,5457041,0.043079,1,
write,write,,,video_small,pg_bytea,5,01-01-01-02-02-01-19_r05.mp4,5457041,0.137647,1,
write,write,,,video_small,pg_bytea,5,01-01-02-01-01-02-09_r05.mp4,5498397,0.142501,1,
write,write,,,video_small,polyglot,5,01-01-02-01-01-02-09_r05.mp4,5498397,0.046426,1,
write,write,,,video_small,mongo_gridfs,5,01-01-02-01-01-02-09_r05.mp4,5498397,0.050608,1,
write,write,,,video_small,pg_bytea,5,01-01-02-01-01-02-18_r05.mp4,5498397,0.338305,1,
write,write,,,video_small,mongo_gridfs,5,01-01-02-01-01-02-18_r05.mp4,5498397,0.047036,1,
write,write,,,video_small,polyglot,5,01-01-02-01-01-02-18_r05.mp4,5498397,0.044996,1,
write,write,,,video_small,pg_bytea,5,01-01-02-01-01-02-23_r05.mp4,5498397,0.130161,1,
write,write,,,video_small,mongo_gridfs,5,01-01-02-01-01-02-23_r05.mp4,5498397,0.044912,1,
write,write,,,video_small,polyglot,5,01-01-02-01-01-02-23_r05.mp4,5498397,0.067031,1,
write,write,,,video_small,pg_bytea,5,01-01-02-01-02-01-09_r05.mp4,5498397,0.134513,1,
write,write,,,video_small,polyglot,5,01-01-02-01-02-01-09_r05.mp4,5498397,0.047245,1,
write,write,,,video_small,mongo_gridfs,5,01-01-02-01-02-01-09_r05.mp4,5498397,0.047869,1,
write,write,,,video_small,polyglot,5,01-01-02-01-02-02-01_r05.mp4,5498397,0.150684,1,
write,write,,,video_small,mongo_gridfs,5,01-01-02-01-02-02-01_r05.mp4,5498397,0.071387,1,
write,write,,,video_small,pg_bytea,5,01-01-02-01-02-02-01_r05.mp4,5498397,0.182415,1,
write,write,,,video_small,mongo_gridfs,5,01-01-02-01-02-02-03_r05.mp4,5498397,0.064328,1,
write,write,,,video_small,pg_bytea,5,01-01-02-01-02-02-03_r05.mp4,5498397,0.150430,1,
write,write,,,video_small,polyglot,5,01-01-02-01-02-02-03_r05.mp4,5498397,0.060734,1,
write,write,,,video_small,polyglot,5,01-01-02-02-01-02-02_r05.mp4,5498397,0.048734,1,
write,write,,,video_small,pg_bytea,5,01-01-02-02-01-02-02_r05.mp4,5498397,0.139259,1,
write,write,,,video_small,mongo_gridfs,5,01-01-02-02-01-02-02_r05.mp4,5498397,0.046167,1,
write,write,,,video_small,mongo_gridfs,5,01-01-02-02-01-02-03_r05.mp4,5498397,0.047990,1,
write,write,,,video_small,polyglot,5,01-01-02-02-01-02-03_r05.mp4,5498397,0.044470,1,
write,write,,,video_small,pg_bytea,5,01-01-02-02-01-02-03_r05.mp4,5498397,0.145818,1,
write,write,,,video_small,mongo_gridfs,5,01-01-02-02-01-02-05_r05.mp4,5498397,0.069231,1,
write,write,,,video_small,polyglot,5,01-01-02-02-01-02-05_r05.mp4,5498397,0.054940,1,
write,write,,,video_small,pg_bytea,5,01-01-02-02-01-02-05_r05.mp4,5498397,0.148408,1,
write,write,,,video_small,mongo_gridfs,5,01-01-02-02-01-02-10_r05.mp4,5457041,0.045565,1,
write,write,,,video_small,pg_bytea,5,01-01-02-02-01-02-10_r05.mp4,5457041,0.148546,1,
write,write,,,video_small,polyglot,5,01-01-02-02-01-02-10_r05.mp4,5457041,0.046775,1,
write,write,,,video_small,polyglot,5,01-01-02-02-01-02-13_r05.mp4,5457041,0.047571,1,
write,write,,,video_small,mongo_gridfs,5,01-01-02-02-01-02-13_r05.mp4,5457041,0.043560,1,
write,write,,,video_small,pg_bytea,5,01-01-02-02-01-02-13_r05.mp4,5457041,0.133758,1,
write,write,,,video_small,pg_bytea,5,01-01-02-02-01-02-17_r05.mp4,5457041,0.134464,1,
write,write,,,video_small,polyglot,5,01-01-02-02-01-02-17_r05.mp4,5457041,0.045768,1,
write,write,,,video_small,mongo_gridfs,5,01-01-02-02-01-02-17_r05.mp4,5457041,0.041464,1,
write,write,,,video_small,polyglot,5,01-01-02-02-02-02-18_r05.mp4,5457041,0.048323,1,
write,write,,,video_small,pg_bytea,5,01-01-02-02-02-02-18_r05.mp4,5457041,0.171541,1,
write,write,,,video_small,mongo_gridfs,5,01-01-02-02-02-02-18_r05.mp4,5457041,0.043002,1,
write,write,,,video_small,mongo_gridfs,5,01-01-02-02-02-02-19_r05.mp4,5457041,0.043267,1,
write,write,,,video_small,polyglot,5,01-01-02-02-02-02-19_r05.mp4,5457041,0.042161,1,
write,write,,,video_small,pg_bytea,5,01-01-02-02-02-02-19_r05.mp4,5457041,0.126711,1,
write,write,,,video_small,mongo_gridfs,5,01-01-02-02-02-02-21_r05.mp4,5498397,0.048842,1,
write,write,,,video_small,polyglot,5,01-01-02-02-02-02-21_r05.mp4,5498397,0.043713,1,
write,write,,,video_small,pg_bytea,5,01-01-02-02-02-02-21_r05.mp4,5498397,0.133084,1,
write,write,,,video_small,pg_bytea,5,01-01-02-02-02-02-22_r05.mp4,5457041,0.144020,1,
write,write,,,video_small,mongo_gridfs,5,01-01-02-02-02-02-22_r05.mp4,5457041,0.044185,1,
write,write,,,video_small,polyglot,5,01-01-02-02-02-02-22_r05.mp4,5457041,0.046348,1,
write,write,,,video_small,pg_bytea,5,01-01-02-02-02-02-23_r05.mp4,5457041,0.197001,1,
write,write,,,video_small,mongo_gridfs,5,01-01-02-02-02-02-23_r05.mp4,5457041,0.047290,1,
write,write,,,video_small,polyglot,5,01-01-02-02-02-02-23_r05.mp4,5457041,0.044846,1,
write,write,,,video_small,mongo_gridfs,5,01-01-03-01-01-01-12_r05.mp4,5457041,0.043599,1,
write,write,,,video_small,pg_bytea,5,01-01-03-01-01-01-12_r05.mp4,5457041,0.125842,1,
write,write,,,video_small,polyglot,5,01-01-03-01-01-01-12_r05.mp4,5457041,0.046710,1,
write,write,,,video_small,mongo_gridfs,5,01-01-03-01-01-01-15_r05.mp4,5457041,0.044754,1,
write,write,,,video_small,polyglot,5,01-01-03-01-01-01-15_r05.mp4,5457041,0.047268,1,
write,write,,,video_small,pg_bytea,5,01-01-03-01-01-01-15_r05.mp4,5457041,0.121173,1,
write,write,,,video_small,polyglot,5,01-01-03-01-02-01-08_r05.mp4,5498397,0.049538,1,
write,write,,,video_small,mongo_gridfs,5,01-01-03-01-02-01-08_r05.mp4,5498397,0.048693,1,
write,write,,,video_small,pg_bytea,5,01-01-03-01-02-01-08_r05.mp4,5498397,0.131423,1,
write,write,,,video_small,mongo_gridfs,5,01-01-03-01-02-01-21_r05.mp4,5498397,0.048607,1,
write,write,,,video_small,polyglot,5,01-01-03-01-02-01-21_r05.mp4,5498397,0.046468,1,
write,write,,,video_small,pg_bytea,5,01-01-03-01-02-01-21_r05.mp4,5498397,0.192245,1,
write,write,,,video_small,polyglot,5,01-01-03-02-01-01-21_r05.mp4,5457041,0.109124,1,
write,write,,,video_small,pg_bytea,5,01-01-03-02-01-01-21_r05.mp4,5457041,0.132578,1,
write,write,,,video_small,mongo_gridfs,5,01-01-03-02-01-01-21_r05.mp4,5457041,0.043863,1,
write,write,,,video_small,pg_bytea,5,01-01-03-02-01-01-24_r05.mp4,5457041,0.135314,1,
write,write,,,video_small,polyglot,5,01-01-03-02-01-01-24_r05.mp4,5457041,0.043758,1,
write,write,,,video_small,mongo_gridfs,5,01-01-03-02-01-01-24_r05.mp4,5457041,0.042366,1,
write,write,,,video_small,pg_bytea,5,01-01-03-02-01-02-01_r05.mp4,5457041,0.129642,1,
write,write,,,video_small,polyglot,5,01-01-03-02-01-02-01_r05.mp4,5457041,0.045269,1,
write,write,,,video_small,mongo_gridfs,5,01-01-03-02-01-02-01_r05.mp4,5457041,0.043311,1,
write,write,,,video_small,pg_bytea,5,01-01-03-02-01-02-15_r05.mp4,5457041,0.127139,1,
write,write,,,video_small,polyglot,5,01-01-03-02-01-02-15_r05.mp4,5457041,0.044929,1,
write,write,,,video_small,mongo_gridfs,5,01-01-03-02-01-02-15_r05.mp4,5457041,0.043276,1,
write,write,,,video_small,polyglot,5,01-01-03-02-02-01-05_r05.mp4,5457041,0.051399,1,
write,write,,,video_small,mongo_gridfs,5,01-01-03-02-02-01-05_r05.mp4,5457041,0.043026,1,
write,write,,,video_small,pg_bytea,5,01-01-03-02-02-01-05_r05.mp4,5457041,0.142747,1,
write,write,,,video_small,mongo_gridfs,5,01-01-03-02-02-01-12_r05.mp4,5457041,0.046108,1,
write,write,,,video_small,pg_bytea,5,01-01-03-02-02-01-12_r05.mp4,5457041,0.130533,1,
write,write,,,video_small,polyglot,5,01-01-03-02-02-01-12_r05.mp4,5457041,0.050237,1,
write,write,,,video_small,mongo_gridfs,5,01-01-03-02-02-01-15_r05.mp4,5498397,0.048819,1,
write,write,,,video_small,pg_bytea,5,01-01-03-02-02-01-15_r05.mp4,5498397,0.142469,1,
write,write,,,video_small,polyglot,5,01-01-03-02-02-01-15_r05.mp4,5498397,0.045596,1,
write,write,,,video_small,polyglot,5,01-01-04-01-01-01-03_r05.mp4,5457041,0.046181,1,
write,write,,,video_small,mongo_gridfs,5,01-01-04-01-01-01-03_r05.mp4,5457041,0.054301,1,
write,write,,,video_small,pg_bytea,5,01-01-04-01-01-01-03_r05.mp4,5457041,0.149178,1,
write,write,,,video_small,pg_bytea,5,01-01-04-01-01-01-05_r05.mp4,5498397,0.262915,1,
write,write,,,video_small,mongo_gridfs,5,01-01-04-01-01-01-05_r05.mp4,5498397,0.047356,1,
write,write,,,video_small,polyglot,5,01-01-04-01-01-01-05_r05.mp4,5498397,0.047644,1,
write,write,,,video_small,mongo_gridfs,5,01-01-04-01-01-01-10_r05.mp4,5457041,0.048153,1,
write,write,,,video_small,polyglot,5,01-01-04-01-01-01-10_r05.mp4,5457041,0.043283,1,
write,write,,,video_small,pg_bytea,5,01-01-04-01-01-01-10_r05.mp4,5457041,0.131453,1,
write,write,,,video_small,mongo_gridfs,5,01-01-04-01-01-01-16_r05.mp4,5457041,0.045897,1,
write,write,,,video_small,polyglot,5,01-01-04-01-01-01-16_r05.mp4,5457041,0.042705,1,
write,write,,,video_small,pg_bytea,5,01-01-04-01-01-01-16_r05.mp4,5457041,0.131664,1,
write,write,,,video_small,polyglot,5,01-01-04-01-02-01-19_r05.mp4,5498397,0.050859,1,
write,write,,,video_small,mongo_gridfs,5,01-01-04-01-02-01-19_r05.mp4,5498397,0.047728,1,
write,write,,,video_small,pg_bytea,5,01-01-04-01-02-01-19_r05.mp4,5498397,0.125283,1,
write,write,,,video_small,pg_bytea,5,01-01-04-01-02-01-21_r05.mp4,5498397,0.167554,1,
write,write,,,video_small,mongo_gridfs,5,01-01-04-01-02-01-21_r05.mp4,5498397,0.046686,1,
write,write,,,video_small,polyglot,5,01-01-04-01-02-01-21_r05.mp4,5498397,0.050234,1,
write,write,,,video_small,mongo_gridfs,5,01-01-04-01-02-01-22_r05.mp4,5498397,0.049337,1,
write,write,,,video_small,pg_bytea,5,01-01-04-01-02-01-22_r05.mp4,5498397,0.135648,1,
write,write,,,video_small,polyglot,5,01-01-04-01-02-01-22_r05.mp4,5498397,0.046913,1,
write,write,,,video_small,mongo_gridfs,5,01-01-04-02-01-01-18_r05.mp4,5498397,0.048714,1,
write,write,,,video_small,polyglot,5,01-01-04-02-01-01-18_r05.mp4,5498397,0.047742,1,
write,write,,,video_small,pg_bytea,5,01-01-04-02-01-01-18_r05.mp4,5498397,0.131672,1,
write,write,,,video_small,pg_bytea,5,01-01-04-02-01-01-19_r05.mp4,5457041,0.131918,1,
write,write,,,video_small,polyglot,5,01-01-04-02-01-01-19_r05.mp4,5457041,0.052353,1,
write,write,,,video_small,mongo_gridfs,5,01-01-04-02-01-01-19_r05.mp4,5457041,0.044810,1,
write,write,,,video_small,mongo_gridfs,5,01-01-04-02-02-01-02_r05.mp4,5498397,0.048549,1,
write,write,,,video_small,polyglot,5,01-01-04-02-02-01-02_r05.mp4,5498397,0.124066,1,
write,write,,,video_small,pg_bytea,5,01-01-04-02-02-01-02_r05.mp4,5498397,0.136967,1,
write,write,,,video_small,polyglot,5,01-01-04-02-02-01-05_r05.mp4,5498397,0.047454,1,
write,write,,,video_small,mongo_gridfs,5,01-01-04-02-02-01-05_r05.mp4,5498397,0.048824,1,
write,write,,,video_small,pg_bytea,5,01-01-04-02-02-01-05_r05.mp4,5498397,0.162924,1,
write,write,,,video_small,polyglot,5,01-01-04-02-02-01-06_r05.mp4,5498397,0.058903,1,
write,write,,,video_small,mongo_gridfs,5,01-01-04-02-02-01-06_r05.mp4,5498397,0.045442,1,
write,write,,,video_small,pg_bytea,5,01-01-04-02-02-01-06_r05.mp4,5498397,0.140797,1,
write,write,,,video_small,polyglot,5,01-01-04-02-02-01-13_r05.mp4,5498397,0.045657,1,
write,write,,,video_small,pg_bytea,5,01-01-04-02-02-01-13_r05.mp4,5498397,0.135741,1,
write,write,,,video_small,mongo_gridfs,5,01-01-04-02-02-01-13_r05.mp4,5498397,0.046793,1,
write,write,,,video_small,polyglot,5,01-01-04-02-02-01-17_r05.mp4,5498397,0.046568,1,
write,write,,,video_small,mongo_gridfs,5,01-01-04-02-02-01-17_r05.mp4,5498397,0.058454,1,
write,write,,,video_small,pg_bytea,5,01-01-04-02-02-01-17_r05.mp4,5498397,0.152515,1,
write,write,,,video_small,polyglot,5,01-01-04-02-02-02-19_r05.mp4,5498397,0.046380,1,
write,write,,,video_small,pg_bytea,5,01-01-04-02-02-02-19_r05.mp4,5498397,0.127698,1,
write,write,,,video_small,mongo_gridfs,5,01-01-04-02-02-02-19_r05.mp4,5498397,0.043937,1,
write,write,,,video_small,pg_bytea,5,01-01-05-01-01-02-09_r05.mp4,5498397,0.129449,1,
write,write,,,video_small,polyglot,5,01-01-05-01-01-02-09_r05.mp4,5498397,0.042093,1,
write,write,,,video_small,mongo_gridfs,5,01-01-05-01-01-02-09_r05.mp4,5498397,0.047072,1,
write,write,,,video_small,polyglot,5,01-01-05-01-01-02-19_r05.mp4,5498397,0.047843,1,
write,write,,,video_small,mongo_gridfs,5,01-01-05-01-01-02-19_r05.mp4,5498397,0.045894,1,
write,write,,,video_small,pg_bytea,5,01-01-05-01-01-02-19_r05.mp4,5498397,0.132569,1,
write,write,,,video_small,polyglot,5,01-01-05-01-01-02-21_r05.mp4,5457041,0.044091,1,
write,write,,,video_small,mongo_gridfs,5,01-01-05-01-01-02-21_r05.mp4,5457041,0.042801,1,
write,write,,,video_small,pg_bytea,5,01-01-05-01-01-02-21_r05.mp4,5457041,0.194107,1,
write,write,,,video_small,polyglot,5,01-01-05-01-02-01-19_r05.mp4,5457041,0.047893,1,
write,write,,,video_small,mongo_gridfs,5,01-01-05-01-02-01-19_r05.mp4,5457041,0.046298,1,
write,write,,,video_small,pg_bytea,5,01-01-05-01-02-01-19_r05.mp4,5457041,0.136650,1,
write,write,,,video_small,pg_bytea,5,01-01-05-01-02-02-04_r05.mp4,5457041,0.127675,1,
write,write,,,video_small,mongo_gridfs,5,01-01-05-01-02-02-04_r05.mp4,5457041,0.043525,1,
write,write,,,video_small,polyglot,5,01-01-05-01-02-02-04_r05.mp4,5457041,0.045975,1,
write,write,,,video_small,mongo_gridfs,5,01-01-05-01-02-02-05_r05.mp4,5498397,0.041090,1,
write,write,,,video_small,polyglot,5,01-01-05-01-02-02-05_r05.mp4,5498397,0.047760,1,
write,write,,,video_small,pg_bytea,5,01-01-05-01-02-02-05_r05.mp4,5498397,0.133864,1,
write,write,,,video_small,polyglot,5,01-01-05-02-01-02-04_r05.mp4,5457041,0.054863,1,
write,write,,,video_small,mongo_gridfs,5,01-01-05-02-01-02-04_r05.mp4,5457041,0.042979,1,
write,write,,,video_small,pg_bytea,5,01-01-05-02-01-02-04_r05.mp4,5457041,0.129796,1,
write,write,,,video_small,polyglot,5,01-01-05-02-01-02-12_r05.mp4,5457041,0.100623,1,
write,write,,,video_small,mongo_gridfs,5,01-01-05-02-01-02-12_r05.mp4,5457041,0.046959,1,
write,write,,,video_small,pg_bytea,5,01-01-05-02-01-02-12_r05.mp4,5457041,0.135104,1,
write,write,,,video_small,pg_bytea,5,01-01-05-02-01-02-14_r05.mp4,5457041,0.143394,1,
write,write,,,video_small,mongo_gridfs,5,01-01-05-02-01-02-14_r05.mp4,5457041,0.044768,1,
write,write,,,video_small,polyglot,5,01-01-05-02-01-02-14_r05.mp4,5457041,0.040441,1,
write,write,,,video_small,pg_bytea,5,01-01-05-02-02-02-19_r05.mp4,5498397,0.137859,1,
write,write,,,video_small,mongo_gridfs,5,01-01-05-02-02-02-19_r05.mp4,5498397,0.046852,1,
write,write,,,video_small,polyglot,5,01-01-05-02-02-02-19_r05.mp4,5498397,0.059658,1,
write,write,,,video_small,polyglot,5,01-01-05-02-02-02-20_r05.mp4,5498397,0.046505,1,
write,write,,,video_small,mongo_gridfs,5,01-01-05-02-02-02-20_r05.mp4,5498397,0.038035,1,
write,write,,,video_small,pg_bytea,5,01-01-05-02-02-02-20_r05.mp4,5498397,0.130855,1,
write,write,,,video_small,polyglot,5,01-01-05-02-02-02-23_r05.mp4,5498397,0.046212,1,
write,write,,,video_small,mongo_gridfs,5,01-01-05-02-02-02-23_r05.mp4,5498397,0.050402,1,
write,write,,,video_small,pg_bytea,5,01-01-05-02-02-02-23_r05.mp4,5498397,0.217976,1,
write,write,,,video_small,polyglot,5,01-01-06-01-01-01-08_r05.mp4,5457041,0.054355,1,
write,write,,,video_small,mongo_gridfs,5,01-01-06-01-01-01-08_r05.mp4,5457041,0.044072,1,
write,write,,,video_small,pg_bytea,5,01-01-06-01-01-01-08_r05.mp4,5457041,0.158849,1,
write,write,,,video_small,mongo_gridfs,5,01-01-06-01-01-01-19_r05.mp4,5457041,0.046625,1,
write,write,,,video_small,polyglot,5,01-01-06-01-01-01-19_r05.mp4,5457041,0.045103,1,
write,write,,,video_small,pg_bytea,5,01-01-06-01-01-01-19_r05.mp4,5457041,0.130975,1,
write,write,,,video_small,mongo_gridfs,5,01-01-06-01-01-01-24_r05.mp4,5498397,0.042756,1,
write,write,,,video_small,polyglot,5,01-01-06-01-01-01-24_r05.mp4,5498397,0.047510,1,
write,write,,,video_small,pg_bytea,5,01-01-06-01-01-01-24_r05.mp4,5498397,0.147022,1,
write,write,,,video_medium,polyglot,5,tsinghua_v_0024_r05.mp4,13091522,0.114083,1,
write,write,,,video_medium,pg_bytea,5,tsinghua_v_0024_r05.mp4,13091522,0.389646,1,
write,write,,,video_medium,mongo_gridfs,5,tsinghua_v_0024_r05.mp4,13091522,0.116891,1,
write,write,,,video_medium,polyglot,5,tsinghua_v_0046_r05.mp4,13091522,0.119593,1,
write,write,,,video_medium,pg_bytea,5,tsinghua_v_0046_r05.mp4,13091522,0.324486,1,
write,write,,,video_medium,mongo_gridfs,5,tsinghua_v_0046_r05.mp4,13091522,0.140815,1,
write,write,,,video_medium,mongo_gridfs,5,tsinghua_v_0076_r05.mp4,13091522,0.102521,1,
write,write,,,video_medium,polyglot,5,tsinghua_v_0076_r05.mp4,13091522,0.104645,1,
write,write,,,video_medium,pg_bytea,5,tsinghua_v_0076_r05.mp4,13091522,0.340717,1,
write,write,,,video_medium,mongo_gridfs,5,tsinghua_v_0080_r05.mp4,13091522,0.113251,1,
write,write,,,video_medium,polyglot,5,tsinghua_v_0080_r05.mp4,13091522,0.103514,1,
write,write,,,video_medium,pg_bytea,5,tsinghua_v_0080_r05.mp4,13091522,0.429542,1,
write,write,,,video_medium,polyglot,5,tsinghua_v_0109_r05.mp4,13091522,0.109605,1,
write,write,,,video_medium,mongo_gridfs,5,tsinghua_v_0109_r05.mp4,13091522,0.098434,1,
write,write,,,video_medium,pg_bytea,5,tsinghua_v_0109_r05.mp4,13091522,0.317681,1,
write,write,,,video_medium,polyglot,5,tsinghua_v_0123_r05.mp4,13091522,0.111186,1,
write,write,,,video_medium,mongo_gridfs,5,tsinghua_v_0123_r05.mp4,13091522,0.109440,1,
write,write,,,video_medium,pg_bytea,5,tsinghua_v_0123_r05.mp4,13091522,0.343609,1,
write,write,,,video_medium,polyglot,5,tsinghua_v_0130_r05.mp4,13091522,0.148102,1,
write,write,,,video_medium,pg_bytea,5,tsinghua_v_0130_r05.mp4,13091522,0.309883,1,
write,write,,,video_medium,mongo_gridfs,5,tsinghua_v_0130_r05.mp4,13091522,0.106864,1,
write,write,,,video_medium,polyglot,5,tsinghua_v_0135_r05.mp4,13091522,0.110218,1,
write,write,,,video_medium,pg_bytea,5,tsinghua_v_0135_r05.mp4,13091522,0.322920,1,
write,write,,,video_medium,mongo_gridfs,5,tsinghua_v_0135_r05.mp4,13091522,0.105076,1,
write,write,,,video_medium,polyglot,5,tsinghua_v_0137_r05.mp4,13091522,0.108688,1,
write,write,,,video_medium,pg_bytea,5,tsinghua_v_0137_r05.mp4,13091522,0.384757,1,
write,write,,,video_medium,mongo_gridfs,5,tsinghua_v_0137_r05.mp4,13091522,0.111271,1,
write,write,,,video_medium,pg_bytea,5,tsinghua_v_0140_r05.mp4,13091522,0.407020,1,
write,write,,,video_medium,mongo_gridfs,5,tsinghua_v_0140_r05.mp4,13091522,0.097784,1,
write,write,,,video_medium,polyglot,5,tsinghua_v_0140_r05.mp4,13091522,0.098668,1,
write,write,,,video_medium,mongo_gridfs,5,tsinghua_v_0151_r05.mp4,13091522,0.114393,1,
write,write,,,video_medium,polyglot,5,tsinghua_v_0151_r05.mp4,13091522,0.105962,1,
write,write,,,video_medium,pg_bytea,5,tsinghua_v_0151_r05.mp4,13091522,0.585608,1,
write,write,,,video_medium,pg_bytea,5,tsinghua_v_0157_r05.mp4,13091522,0.311573,1,
write,write,,,video_medium,mongo_gridfs,5,tsinghua_v_0157_r05.mp4,13091522,0.101224,1,
write,write,,,video_medium,polyglot,5,tsinghua_v_0157_r05.mp4,13091522,0.105168,1,
write,write,,,video_medium,mongo_gridfs,5,tsinghua_v_0209_r05.mp4,13091522,0.112225,1,
write,write,,,video_medium,pg_bytea,5,tsinghua_v_0209_r05.mp4,13091522,0.329427,1,
write,write,,,video_medium,polyglot,5,tsinghua_v_0209_r05.mp4,13091522,0.106945,1,
write,write,,,video_medium,pg_bytea,5,tsinghua_v_0226_r05.mp4,13091522,0.307591,1,
write,write,,,video_medium,mongo_gridfs,5,tsinghua_v_0226_r05.mp4,13091522,0.101845,1,
write,write,,,video_medium,polyglot,5,tsinghua_v_0226_r05.mp4,13091522,0.112284,1,
write,write,,,video_medium,polyglot,5,tsinghua_v_0236_r05.mp4,13091522,0.233717,1,
write,write,,,video_medium,mongo_gridfs,5,tsinghua_v_0236_r05.mp4,13091522,0.100564,1,
write,write,,,video_medium,pg_bytea,5,tsinghua_v_0236_r05.mp4,13091522,0.475270,1,
write,write,,,video_medium,mongo_gridfs,5,tsinghua_v_0274_r05.mp4,13091522,0.109530,1,
write,write,,,video_medium,polyglot,5,tsinghua_v_0274_r05.mp4,13091522,0.114151,1,
write,write,,,video_medium,pg_bytea,5,tsinghua_v_0274_r05.mp4,13091522,0.472457,1,
write,write,,,video_medium,pg_bytea,5,tsinghua_v_0280_r05.mp4,13091522,0.307774,1,
write,write,,,video_medium,mongo_gridfs,5,tsinghua_v_0280_r05.mp4,13091522,0.144534,1,
write,write,,,video_medium,polyglot,5,tsinghua_v_0280_r05.mp4,13091522,0.312383,1,
write,write,,,video_medium,pg_bytea,5,tsinghua_v_0302_r05.mp4,13091522,0.315063,1,
write,write,,,video_medium,mongo_gridfs,5,tsinghua_v_0302_r05.mp4,13091522,0.107658,1,
write,write,,,video_medium,polyglot,5,tsinghua_v_0302_r05.mp4,13091522,0.253582,1,
write,write,,,video_medium,mongo_gridfs,5,tsinghua_v_0311_r05.mp4,13091522,0.318183,1,
write,write,,,video_medium,polyglot,5,tsinghua_v_0311_r05.mp4,13091522,0.370753,1,
write,write,,,video_medium,pg_bytea,5,tsinghua_v_0311_r05.mp4,13091522,0.932555,1,
write,write,,,video_medium,polyglot,5,tsinghua_v_0316_r05.mp4,13091522,0.530232,1,
write,write,,,video_medium,pg_bytea,5,tsinghua_v_0316_r05.mp4,13091522,0.660854,1,
write,write,,,video_medium,mongo_gridfs,5,tsinghua_v_0316_r05.mp4,13091522,0.116747,1,
write,write,,,video_medium,polyglot,5,tsinghua_v_0319_r05.mp4,13091522,0.098113,1,
write,write,,,video_medium,mongo_gridfs,5,tsinghua_v_0319_r05.mp4,13091522,0.116602,1,
write,write,,,video_medium,pg_bytea,5,tsinghua_v_0319_r05.mp4,13091522,0.324943,1,
write,write,,,video_medium,polyglot,5,tsinghua_v_0321_r05.mp4,13091522,0.106816,1,
write,write,,,video_medium,pg_bytea,5,tsinghua_v_0321_r05.mp4,13091522,0.346512,1,
write,write,,,video_medium,mongo_gridfs,5,tsinghua_v_0321_r05.mp4,13091522,0.112330,1,
write,write,,,video_medium,pg_bytea,5,tsinghua_v_0331_r05.mp4,13091522,0.324478,1,
write,write,,,video_medium,polyglot,5,tsinghua_v_0331_r05.mp4,13091522,0.128577,1,
write,write,,,video_medium,mongo_gridfs,5,tsinghua_v_0331_r05.mp4,13091522,0.095809,1,
write,write,,,video_medium,mongo_gridfs,5,tsinghua_v_0345_r05.mp4,13091522,0.124209,1,
write,write,,,video_medium,pg_bytea,5,tsinghua_v_0345_r05.mp4,13091522,0.401796,1,
write,write,,,video_medium,polyglot,5,tsinghua_v_0345_r05.mp4,13091522,0.104114,1,
write,write,,,video_medium,polyglot,5,tsinghua_v_0356_r05.mp4,13091522,0.101996,1,
write,write,,,video_medium,mongo_gridfs,5,tsinghua_v_0356_r05.mp4,13091522,0.106283,1,
write,write,,,video_medium,pg_bytea,5,tsinghua_v_0356_r05.mp4,13091522,0.330669,1,
write,write,,,video_medium,mongo_gridfs,5,tsinghua_v_0357_r05.mp4,13091522,0.115412,1,
write,write,,,video_medium,pg_bytea,5,tsinghua_v_0357_r05.mp4,13091522,0.318747,1,
write,write,,,video_medium,polyglot,5,tsinghua_v_0357_r05.mp4,13091522,0.110197,1,
write,write,,,video_medium,pg_bytea,5,tsinghua_v_0379_r05.mp4,13091522,0.352490,1,
write,write,,,video_medium,polyglot,5,tsinghua_v_0379_r05.mp4,13091522,0.116134,1,
write,write,,,video_medium,mongo_gridfs,5,tsinghua_v_0379_r05.mp4,13091522,0.116050,1,
write,write,,,video_medium,polyglot,5,tsinghua_v_0393_r05.mp4,13091522,0.104528,1,
write,write,,,video_medium,mongo_gridfs,5,tsinghua_v_0393_r05.mp4,13091522,0.102654,1,
write,write,,,video_medium,pg_bytea,5,tsinghua_v_0393_r05.mp4,13091522,0.404767,1,
write,write,,,video_medium,polyglot,5,tsinghua_v_0421_r05.mp4,13091522,0.099387,1,
write,write,,,video_medium,pg_bytea,5,tsinghua_v_0421_r05.mp4,13091522,0.315731,1,
write,write,,,video_medium,mongo_gridfs,5,tsinghua_v_0421_r05.mp4,13091522,0.099935,1,
write,write,,,video_medium,mongo_gridfs,5,tsinghua_v_0424_r05.mp4,13091522,0.109864,1,
write,write,,,video_medium,pg_bytea,5,tsinghua_v_0424_r05.mp4,13091522,0.375546,1,
write,write,,,video_medium,polyglot,5,tsinghua_v_0424_r05.mp4,13091522,0.107413,1,
write,write,,,video_medium,mongo_gridfs,5,tsinghua_v_0427_r05.mp4,13091522,0.137967,1,
write,write,,,video_medium,polyglot,5,tsinghua_v_0427_r05.mp4,13091522,0.112411,1,
write,write,,,video_medium,pg_bytea,5,tsinghua_v_0427_r05.mp4,13091522,0.324465,1,
write,write,,,video_medium,polyglot,5,tsinghua_v_0431_r05.mp4,13091522,0.106798,1,
write,write,,,video_medium,mongo_gridfs,5,tsinghua_v_0431_r05.mp4,13091522,0.098888,1,
write,write,,,video_medium,pg_bytea,5,tsinghua_v_0431_r05.mp4,13091522,0.313543,1,
write,write,,,video_medium,polyglot,5,tsinghua_v_0452_r05.mp4,13091522,0.106929,1,
write,write,,,video_medium,pg_bytea,5,tsinghua_v_0452_r05.mp4,13091522,0.403655,1,
write,write,,,video_medium,mongo_gridfs,5,tsinghua_v_0452_r05.mp4,13091522,0.111566,1,
write,write,,,video_medium,mongo_gridfs,5,tsinghua_v_0454_r05.mp4,13091522,0.102919,1,
write,write,,,video_medium,polyglot,5,tsinghua_v_0454_r05.mp4,13091522,0.104442,1,
write,write,,,video_medium,pg_bytea,5,tsinghua_v_0454_r05.mp4,13091522,0.443240,1,
write,write,,,video_medium,mongo_gridfs,5,tsinghua_v_0457_r05.mp4,13091522,0.096042,1,
write,write,,,video_medium,polyglot,5,tsinghua_v_0457_r05.mp4,13091522,0.122759,1,
write,write,,,video_medium,pg_bytea,5,tsinghua_v_0457_r05.mp4,13091522,0.338615,1,
write,write,,,video_medium,pg_bytea,5,tsinghua_v_0466_r05.mp4,13091522,0.312171,1,
write,write,,,video_medium,mongo_gridfs,5,tsinghua_v_0466_r05.mp4,13091522,0.110231,1,
write,write,,,video_medium,polyglot,5,tsinghua_v_0466_r05.mp4,13091522,0.131949,1,
write,write,,,video_medium,mongo_gridfs,5,tsinghua_v_0471_r05.mp4,13091522,0.112582,1,
write,write,,,video_medium,pg_bytea,5,tsinghua_v_0471_r05.mp4,13091522,0.403396,1,
write,write,,,video_medium,polyglot,5,tsinghua_v_0471_r05.mp4,13091522,0.118624,1,
write,write,,,video_medium,mongo_gridfs,5,tsinghua_v_0472_r05.mp4,13091522,0.128518,1,
write,write,,,video_medium,pg_bytea,5,tsinghua_v_0472_r05.mp4,13091522,0.322493,1,
write,write,,,video_medium,polyglot,5,tsinghua_v_0472_r05.mp4,13091522,0.170486,1,
write,write,,,video_medium,mongo_gridfs,5,tsinghua_v_0494_r05.mp4,13091522,0.120170,1,
write,write,,,video_medium,pg_bytea,5,tsinghua_v_0494_r05.mp4,13091522,0.405172,1,
write,write,,,video_medium,polyglot,5,tsinghua_v_0494_r05.mp4,13091522,0.105989,1,
write,write,,,video_medium,polyglot,5,tsinghua_v_0503_r05.mp4,13091522,0.108690,1,
write,write,,,video_medium,mongo_gridfs,5,tsinghua_v_0503_r05.mp4,13091522,0.103614,1,
write,write,,,video_medium,pg_bytea,5,tsinghua_v_0503_r05.mp4,13091522,0.318530,1,
write,write,,,video_medium,polyglot,5,tsinghua_v_0509_r05.mp4,13091522,0.115308,1,
write,write,,,video_medium,mongo_gridfs,5,tsinghua_v_0509_r05.mp4,13091522,0.131712,1,
write,write,,,video_medium,pg_bytea,5,tsinghua_v_0509_r05.mp4,13091522,0.368829,1,
write,write,,,video_medium,mongo_gridfs,5,tsinghua_v_0523_r05.mp4,13091522,0.111496,1,
write,write,,,video_medium,polyglot,5,tsinghua_v_0523_r05.mp4,13091522,0.120387,1,
write,write,,,video_medium,pg_bytea,5,tsinghua_v_0523_r05.mp4,13091522,0.587411,1,
write,write,,,video_medium,polyglot,5,tsinghua_v_0546_r05.mp4,13091522,0.294455,1,
write,write,,,video_medium,mongo_gridfs,5,tsinghua_v_0546_r05.mp4,13091522,0.113640,1,
write,write,,,video_medium,pg_bytea,5,tsinghua_v_0546_r05.mp4,13091522,0.381322,1,
write,write,,,video_medium,pg_bytea,5,tsinghua_v_0568_r05.mp4,13091522,0.359425,1,
write,write,,,video_medium,mongo_gridfs,5,tsinghua_v_0568_r05.mp4,13091522,0.126213,1,
write,write,,,video_medium,polyglot,5,tsinghua_v_0568_r05.mp4,13091522,0.119947,1,
write,write,,,video_medium,polyglot,5,tsinghua_v_0594_r05.mp4,13091522,0.119112,1,
write,write,,,video_medium,pg_bytea,5,tsinghua_v_0594_r05.mp4,13091522,0.419844,1,
write,write,,,video_medium,mongo_gridfs,5,tsinghua_v_0594_r05.mp4,13091522,0.096961,1,
write,write,,,video_medium,pg_bytea,5,tsinghua_v_0596_r05.mp4,13091522,0.310078,1,
write,write,,,video_medium,mongo_gridfs,5,tsinghua_v_0596_r05.mp4,13091522,0.104741,1,
write,write,,,video_medium,polyglot,5,tsinghua_v_0596_r05.mp4,13091522,0.146894,1,
write,write,,,video_medium,polyglot,5,tsinghua_v_0635_r05.mp4,13091522,0.143889,1,
write,write,,,video_medium,mongo_gridfs,5,tsinghua_v_0635_r05.mp4,13091522,0.129564,1,
write,write,,,video_medium,pg_bytea,5,tsinghua_v_0635_r05.mp4,13091522,0.391498,1,
write,write,,,video_medium,polyglot,5,tsinghua_v_0653_r05.mp4,13091522,0.120396,1,
write,write,,,video_medium,pg_bytea,5,tsinghua_v_0653_r05.mp4,13091522,0.317617,1,
write,write,,,video_medium,mongo_gridfs,5,tsinghua_v_0653_r05.mp4,13091522,0.102648,1,
write,write,,,video_medium,pg_bytea,5,tsinghua_v_0667_r05.mp4,13091522,0.307475,1,
write,write,,,video_medium,polyglot,5,tsinghua_v_0667_r05.mp4,13091522,0.114562,1,
write,write,,,video_medium,mongo_gridfs,5,tsinghua_v_0667_r05.mp4,13091522,0.146585,1,
write,write,,,video_medium,mongo_gridfs,5,tsinghua_v_0673_r05.mp4,13091522,0.105382,1,
write,write,,,video_medium,polyglot,5,tsinghua_v_0673_r05.mp4,13091522,0.128015,1,
write,write,,,video_medium,pg_bytea,5,tsinghua_v_0673_r05.mp4,13091522,0.618936,1,
write,write,,,video_medium,mongo_gridfs,5,tsinghua_v_0681_r05.mp4,13091522,0.098742,1,
write,write,,,video_medium,pg_bytea,5,tsinghua_v_0681_r05.mp4,13091522,0.320766,1,
write,write,,,video_medium,polyglot,5,tsinghua_v_0681_r05.mp4,13091522,0.132811,1,
write,write,,,video_medium,pg_bytea,5,tsinghua_v_0690_r05.mp4,13091522,0.333335,1,
write,write,,,video_medium,mongo_gridfs,5,tsinghua_v_0690_r05.mp4,13091522,0.101198,1,
write,write,,,video_medium,polyglot,5,tsinghua_v_0690_r05.mp4,13091522,0.126261,1,
write,write,,,video_medium,mongo_gridfs,5,tsinghua_v_0692_r05.mp4,13091522,0.141887,1,
write,write,,,video_medium,polyglot,5,tsinghua_v_0692_r05.mp4,13091522,0.156127,1,
write,write,,,video_medium,pg_bytea,5,tsinghua_v_0692_r05.mp4,13091522,0.583407,1,
write,write,,,video_medium,polyglot,5,tsinghua_v_0696_r05.mp4,13091522,0.190053,1,
write,write,,,video_medium,mongo_gridfs,5,tsinghua_v_0696_r05.mp4,13091522,0.098153,1,
write,write,,,video_medium,pg_bytea,5,tsinghua_v_0696_r05.mp4,13091522,0.307951,1,
write,write,,,video_medium,polyglot,5,tsinghua_v_0734_r05.mp4,13091522,0.101104,1,
write,write,,,video_medium,pg_bytea,5,tsinghua_v_0734_r05.mp4,13091522,0.313840,1,
write,write,,,video_medium,mongo_gridfs,5,tsinghua_v_0734_r05.mp4,13091522,0.112611,1,
write,write,,,video_medium,pg_bytea,5,tsinghua_v_0737_r05.mp4,13091522,0.530579,1,
write,write,,,video_medium,mongo_gridfs,5,tsinghua_v_0737_r05.mp4,13091522,0.120862,1,
write,write,,,video_medium,polyglot,5,tsinghua_v_0737_r05.mp4,13091522,0.105403,1,
write,write,,,video_medium,mongo_gridfs,5,tsinghua_v_0744_r05.mp4,13091522,0.103250,1,
write,write,,,video_medium,polyglot,5,tsinghua_v_0744_r05.mp4,13091522,0.319973,1,
write,write,,,video_medium,pg_bytea,5,tsinghua_v_0744_r05.mp4,13091522,0.334321,1,
write,write,,,video_medium,polyglot,5,tsinghua_v_0745_r05.mp4,13091522,0.841062,1,
write,write,,,video_medium,mongo_gridfs,5,tsinghua_v_0745_r05.mp4,13091522,0.146144,1,
write,write,,,video_medium,pg_bytea,5,tsinghua_v_0745_r05.mp4,13091522,0.454346,1,
write,write,,,video_medium,pg_bytea,5,tsinghua_v_0769_r05.mp4,13091522,0.373052,1,
write,write,,,video_medium,mongo_gridfs,5,tsinghua_v_0769_r05.mp4,13091522,0.122339,1,
write,write,,,video_medium,polyglot,5,tsinghua_v_0769_r05.mp4,13091522,0.143490,1,
write,write,,,video_medium,polyglot,5,tsinghua_v_0791_r05.mp4,13091522,0.583102,1,
write,write,,,video_medium,mongo_gridfs,5,tsinghua_v_0791_r05.mp4,13091522,0.116556,1,
write,write,,,video_medium,pg_bytea,5,tsinghua_v_0791_r05.mp4,13091522,0.376753,1,
write,write,,,video_medium,mongo_gridfs,5,tsinghua_v_0792_r05.mp4,13091522,0.236337,1,
write,write,,,video_medium,pg_bytea,5,tsinghua_v_0792_r05.mp4,13091522,0.333715,1,
write,write,,,video_medium,polyglot,5,tsinghua_v_0792_r05.mp4,13091522,0.104911,1,
write,write,,,video_medium,pg_bytea,5,tsinghua_v_0857_r05.mp4,13091522,0.341780,1,
write,write,,,video_medium,mongo_gridfs,5,tsinghua_v_0857_r05.mp4,13091522,0.156484,1,
write,write,,,video_medium,polyglot,5,tsinghua_v_0857_r05.mp4,13091522,0.518197,1,
write,write,,,video_medium,polyglot,5,tsinghua_v_0866_r05.mp4,13091522,0.114771,1,
write,write,,,video_medium,pg_bytea,5,tsinghua_v_0866_r05.mp4,13091522,0.350592,1,
write,write,,,video_medium,mongo_gridfs,5,tsinghua_v_0866_r05.mp4,13091522,0.125305,1,
write,write,,,video_medium,polyglot,5,tsinghua_v_0880_r05.mp4,13091522,0.259425,1,
write,write,,,video_medium,mongo_gridfs,5,tsinghua_v_0880_r05.mp4,13091522,0.109167,1,
write,write,,,video_medium,pg_bytea,5,tsinghua_v_0880_r05.mp4,13091522,0.346562,1,
write,write,,,video_medium,mongo_gridfs,5,tsinghua_v_0888_r05.mp4,13091522,0.139269,1,
write,write,,,video_medium,polyglot,5,tsinghua_v_0888_r05.mp4,13091522,0.109320,1,
write,write,,,video_medium,pg_bytea,5,tsinghua_v_0888_r05.mp4,13091522,0.354930,1,
write,write,,,video_medium,polyglot,5,tsinghua_v_0901_r05.mp4,13091522,0.113040,1,
write,write,,,video_medium,pg_bytea,5,tsinghua_v_0901_r05.mp4,13091522,0.365466,1,
write,write,,,video_medium,mongo_gridfs,5,tsinghua_v_0901_r05.mp4,13091522,0.168637,1,
write,write,,,video_medium,polyglot,5,tsinghua_v_0937_r05.mp4,13091522,0.126880,1,
write,write,,,video_medium,mongo_gridfs,5,tsinghua_v_0937_r05.mp4,13091522,0.114194,1,
write,write,,,video_medium,pg_bytea,5,tsinghua_v_0937_r05.mp4,13091522,0.334593,1,
write,write,,,video_medium,polyglot,5,tsinghua_v_0939_r05.mp4,13091522,0.103368,1,
write,write,,,video_medium,pg_bytea,5,tsinghua_v_0939_r05.mp4,13091522,0.621595,1,
write,write,,,video_medium,mongo_gridfs,5,tsinghua_v_0939_r05.mp4,13091522,0.096907,1,
write,write,,,video_medium,polyglot,5,tsinghua_v_0961_r05.mp4,13091522,0.099878,1,
write,write,,,video_medium,mongo_gridfs,5,tsinghua_v_0961_r05.mp4,13091522,0.116880,1,
write,write,,,video_medium,pg_bytea,5,tsinghua_v_0961_r05.mp4,13091522,0.326774,1,
write,write,,,video_medium,polyglot,5,tsinghua_v_0977_r05.mp4,13091522,0.110775,1,
write,write,,,video_medium,pg_bytea,5,tsinghua_v_0977_r05.mp4,13091522,0.315247,1,
write,write,,,video_medium,mongo_gridfs,5,tsinghua_v_0977_r05.mp4,13091522,0.110161,1,
write,write,,,audio_small,mongo_gridfs,6,03-01-01-01-01-02-19_r06.wav,375720,0.010209,1,
write,write,,,audio_small,pg_bytea,6,03-01-01-01-01-02-19_r06.wav,375720,0.014628,1,
write,write,,,audio_small,polyglot,6,03-01-01-01-01-02-19_r06.wav,375720,0.006611,1,
write,write,,,audio_small,mongo_gridfs,6,03-01-01-01-02-02-05_r06.wav,396294,0.005822,1,
write,write,,,audio_small,pg_bytea,6,03-01-01-01-02-02-05_r06.wav,396294,0.041542,1,
write,write,,,audio_small,polyglot,6,03-01-01-01-02-02-05_r06.wav,396294,0.008158,1,
write,write,,,audio_small,pg_bytea,6,03-01-01-01-02-02-06_r06.wav,363108,0.011062,1,
write,write,,,audio_small,polyglot,6,03-01-01-01-02-02-06_r06.wav,363108,0.006830,1,
write,write,,,audio_small,mongo_gridfs,6,03-01-01-01-02-02-06_r06.wav,363108,0.008327,1,
write,write,,,audio_small,pg_bytea,6,03-01-01-01-02-02-07_r06.wav,363108,0.010515,1,
write,write,,,audio_small,mongo_gridfs,6,03-01-01-01-02-02-07_r06.wav,363108,0.006005,1,
write,write,,,audio_small,polyglot,6,03-01-01-01-02-02-07_r06.wav,363108,0.006664,1,
write,write,,,audio_small,polyglot,6,03-01-01-01-02-02-11_r06.wav,375720,0.008813,1,
write,write,,,audio_small,pg_bytea,6,03-01-01-01-02-02-11_r06.wav,375720,0.009444,1,
write,write,,,audio_small,mongo_gridfs,6,03-01-01-01-02-02-11_r06.wav,375720,0.005756,1,
write,write,,,audio_small,mongo_gridfs,6,03-01-01-01-02-02-12_r06.wav,372698,0.005333,1,
write,write,,,audio_small,pg_bytea,6,03-01-01-01-02-02-12_r06.wav,372698,0.011583,1,
write,write,,,audio_small,polyglot,6,03-01-01-01-02-02-12_r06.wav,372698,0.008625,1,
write,write,,,audio_small,pg_bytea,6,03-01-01-01-02-02-13_r06.wav,363108,0.009925,1,
write,write,,,audio_small,mongo_gridfs,6,03-01-01-01-02-02-13_r06.wav,363108,0.006178,1,
write,write,,,audio_small,polyglot,6,03-01-01-01-02-02-13_r06.wav,363108,0.006297,1,
write,write,,,audio_small,mongo_gridfs,6,03-01-01-02-01-02-05_r06.wav,393086,0.006257,1,
write,write,,,audio_small,polyglot,6,03-01-01-02-01-02-05_r06.wav,393086,0.006337,1,
write,write,,,audio_small,pg_bytea,6,03-01-01-02-01-02-05_r06.wav,393086,0.009715,1,
write,write,,,audio_small,mongo_gridfs,6,03-01-01-02-01-02-06_r06.wav,363108,0.008379,1,
write,write,,,audio_small,polyglot,6,03-01-01-02-01-02-06_r06.wav,363108,0.006051,1,
write,write,,,audio_small,pg_bytea,6,03-01-01-02-01-02-06_r06.wav,363108,0.009130,1,
write,write,,,audio_small,pg_bytea,6,03-01-01-02-01-02-07_r06.wav,372698,0.010178,1,
write,write,,,audio_small,polyglot,6,03-01-01-02-01-02-07_r06.wav,372698,0.006620,1,
write,write,,,audio_small,mongo_gridfs,6,03-01-01-02-01-02-07_r06.wav,372698,0.005864,1,
write,write,,,audio_small,pg_bytea,6,03-01-01-02-01-02-13_r06.wav,399494,0.010875,1,
write,write,,,audio_small,polyglot,6,03-01-01-02-01-02-13_r06.wav,399494,0.008611,1,
write,write,,,audio_small,mongo_gridfs,6,03-01-01-02-01-02-13_r06.wav,399494,0.006595,1,
write,write,,,audio_small,mongo_gridfs,6,03-01-01-02-02-02-19_r06.wav,372698,0.006887,1,
write,write,,,audio_small,pg_bytea,6,03-01-01-02-02-02-19_r06.wav,372698,0.009403,1,
write,write,,,audio_small,polyglot,6,03-01-01-02-02-02-19_r06.wav,372698,0.007090,1,
write,write,,,audio_small,mongo_gridfs,6,03-01-02-01-01-01-19_r06.wav,372698,0.006098,1,
write,write,,,audio_small,polyglot,6,03-01-02-01-01-01-19_r06.wav,372698,0.005994,1,
write,write,,,audio_small,pg_bytea,6,03-01-02-01-01-01-19_r06.wav,372698,0.010639,1,
write,write,,,audio_small,mongo_gridfs,6,03-01-02-01-02-01-06_r06.wav,363108,0.005419,1,
write,write,,,audio_small,polyglot,6,03-01-02-01-02-01-06_r06.wav,363108,0.006120,1,
write,write,,,audio_small,pg_bytea,6,03-01-02-01-02-01-06_r06.wav,363108,0.009405,1,
write,write,,,audio_small,polyglot,6,03-01-02-01-02-01-07_r06.wav,399494,0.008778,1,
write,write,,,audio_small,pg_bytea,6,03-01-02-01-02-01-07_r06.wav,399494,0.068304,1,
write,write,,,audio_small,mongo_gridfs,6,03-01-02-01-02-01-07_r06.wav,399494,0.018058,1,
write,write,,,audio_small,polyglot,6,03-01-02-01-02-01-11_r06.wav,375720,0.084119,1,
write,write,,,audio_small,mongo_gridfs,6,03-01-02-01-02-01-11_r06.wav,375720,0.006185,1,
write,write,,,audio_small,pg_bytea,6,03-01-02-01-02-01-11_r06.wav,375720,0.014497,1,
write,write,,,audio_small,mongo_gridfs,6,03-01-02-01-02-01-12_r06.wav,372698,0.006286,1,
write,write,,,audio_small,polyglot,6,03-01-02-01-02-01-12_r06.wav,372698,0.006332,1,
write,write,,,audio_small,pg_bytea,6,03-01-02-01-02-01-12_r06.wav,372698,0.010508,1,
write,write,,,audio_small,pg_bytea,6,03-01-02-01-02-01-13_r06.wav,379106,0.010351,1,
write,write,,,audio_small,mongo_gridfs,6,03-01-02-01-02-01-13_r06.wav,379106,0.006071,1,
write,write,,,audio_small,polyglot,6,03-01-02-01-02-01-13_r06.wav,379106,0.006421,1,
write,write,,,audio_small,polyglot,6,03-01-02-02-01-01-05_r06.wav,363108,0.005937,1,
write,write,,,audio_small,pg_bytea,6,03-01-02-02-01-01-05_r06.wav,363108,0.009075,1,
write,write,,,audio_small,mongo_gridfs,6,03-01-02-02-01-01-05_r06.wav,363108,0.005675,1,
write,write,,,audio_small,mongo_gridfs,6,03-01-02-02-01-01-11_r06.wav,363108,0.004307,1,
write,write,,,audio_small,pg_bytea,6,03-01-02-02-01-01-11_r06.wav,363108,0.008961,1,
write,write,,,audio_small,polyglot,6,03-01-02-02-01-01-11_r06.wav,363108,0.007793,1,
write,write,,,audio_small,polyglot,6,03-01-02-02-01-01-12_r06.wav,399494,0.008146,1,
write,write,,,audio_small,mongo_gridfs,6,03-01-02-02-01-01-12_r06.wav,399494,0.005819,1,
write,write,,,audio_small,pg_bytea,6,03-01-02-02-01-01-12_r06.wav,399494,0.011334,1,
write,write,,,audio_small,mongo_gridfs,6,03-01-02-02-01-01-13_r06.wav,399494,0.005767,1,
write,write,,,audio_small,polyglot,6,03-01-02-02-01-01-13_r06.wav,399494,0.019266,1,
write,write,,,audio_small,pg_bytea,6,03-01-02-02-01-01-13_r06.wav,399494,0.013933,1,
write,write,,,audio_small,polyglot,6,03-01-02-02-02-01-19_r06.wav,379106,0.010349,1,
write,write,,,audio_small,mongo_gridfs,6,03-01-02-02-02-01-19_r06.wav,379106,0.004549,1,
write,write,,,audio_small,pg_bytea,6,03-01-02-02-02-01-19_r06.wav,379106,0.010573,1,
write,write,,,audio_small,pg_bytea,6,03-01-03-01-01-02-05_r06.wav,396294,0.016751,1,
write,write,,,audio_small,mongo_gridfs,6,03-01-03-01-01-02-05_r06.wav,396294,0.006431,1,
write,write,,,audio_small,polyglot,6,03-01-03-01-01-02-05_r06.wav,396294,0.007990,1,
write,write,,,audio_small,polyglot,6,03-01-03-01-01-02-07_r06.wav,393086,0.006544,1,
write,write,,,audio_small,pg_bytea,6,03-01-03-01-01-02-07_r06.wav,393086,0.012003,1,
write,write,,,audio_small,mongo_gridfs,6,03-01-03-01-01-02-07_r06.wav,393086,0.006683,1,
write,write,,,audio_small,pg_bytea,6,03-01-03-01-01-02-12_r06.wav,399494,0.010487,1,
write,write,,,audio_small,polyglot,6,03-01-03-01-01-02-12_r06.wav,399494,0.012214,1,
write,write,,,audio_small,mongo_gridfs,6,03-01-03-01-01-02-12_r06.wav,399494,0.005347,1,
write,write,,,audio_small,mongo_gridfs,6,03-01-03-01-01-02-13_r06.wav,399494,0.005238,1,
write,write,,,audio_small,pg_bytea,6,03-01-03-01-01-02-13_r06.wav,399494,0.012624,1,
write,write,,,audio_small,polyglot,6,03-01-03-01-01-02-13_r06.wav,399494,0.024730,1,
write,write,,,audio_small,pg_bytea,6,03-01-03-01-02-02-18_r06.wav,393086,0.013717,1,
write,write,,,audio_small,polyglot,6,03-01-03-01-02-02-18_r06.wav,393086,0.007410,1,
write,write,,,audio_small,mongo_gridfs,6,03-01-03-01-02-02-18_r06.wav,393086,0.005769,1,
write,write,,,audio_small,mongo_gridfs,6,03-01-03-01-02-02-19_r06.wav,399494,0.005385,1,
write,write,,,audio_small,polyglot,6,03-01-03-01-02-02-19_r06.wav,399494,0.012104,1,
write,write,,,audio_small,pg_bytea,6,03-01-03-01-02-02-19_r06.wav,399494,0.011589,1,
write,write,,,audio_small,polyglot,6,03-01-03-02-01-02-18_r06.wav,396294,0.006590,1,
write,write,,,audio_small,mongo_gridfs,6,03-01-03-02-01-02-18_r06.wav,396294,0.005384,1,
write,write,,,audio_small,pg_bytea,6,03-01-03-02-01-02-18_r06.wav,396294,0.010388,1,
write,write,,,audio_small,polyglot,6,03-01-03-02-01-02-19_r06.wav,372698,0.006129,1,
write,write,,,audio_small,mongo_gridfs,6,03-01-03-02-01-02-19_r06.wav,372698,0.004478,1,
write,write,,,audio_small,pg_bytea,6,03-01-03-02-01-02-19_r06.wav,372698,0.010643,1,
write,write,,,audio_small,mongo_gridfs,6,03-01-03-02-02-02-04_r06.wav,379106,0.016949,1,
write,write,,,audio_small,pg_bytea,6,03-01-03-02-02-02-04_r06.wav,379106,0.009954,1,
write,write,,,audio_small,polyglot,6,03-01-03-02-02-02-04_r06.wav,379106,0.006470,1,
write,write,,,audio_small,polyglot,6,03-01-03-02-02-02-06_r06.wav,399494,0.005748,1,
write,write,,,audio_small,mongo_gridfs,6,03-01-03-02-02-02-06_r06.wav,399494,0.005231,1,
write,write,,,audio_small,pg_bytea,6,03-01-03-02-02-02-06_r06.wav,399494,0.025405,1,
write,write,,,audio_small,polyglot,6,03-01-03-02-02-02-07_r06.wav,393086,0.007051,1,
write,write,,,audio_small,pg_bytea,6,03-01-03-02-02-02-07_r06.wav,393086,0.010122,1,
write,write,,,audio_small,mongo_gridfs,6,03-01-03-02-02-02-07_r06.wav,393086,0.006890,1,
write,write,,,audio_small,polyglot,6,03-01-03-02-02-02-10_r06.wav,375720,0.007089,1,
write,write,,,audio_small,pg_bytea,6,03-01-03-02-02-02-10_r06.wav,375720,0.009888,1,
write,write,,,audio_small,mongo_gridfs,6,03-01-03-02-02-02-10_r06.wav,375720,0.006735,1,
write,write,,,audio_small,mongo_gridfs,6,03-01-03-02-02-02-11_r06.wav,396294,0.005710,1,
write,write,,,audio_small,pg_bytea,6,03-01-03-02-02-02-11_r06.wav,396294,0.010380,1,
write,write,,,audio_small,polyglot,6,03-01-03-02-02-02-11_r06.wav,396294,0.006799,1,
write,write,,,audio_small,mongo_gridfs,6,03-01-03-02-02-02-13_r06.wav,399494,0.005759,1,
write,write,,,audio_small,polyglot,6,03-01-03-02-02-02-13_r06.wav,399494,0.006404,1,
write,write,,,audio_small,pg_bytea,6,03-01-03-02-02-02-13_r06.wav,399494,0.011981,1,
write,write,,,audio_small,polyglot,6,03-01-04-01-01-02-01_r06.wav,396294,0.007182,1,
write,write,,,audio_small,mongo_gridfs,6,03-01-04-01-01-02-01_r06.wav,396294,0.005453,1,
write,write,,,audio_small,pg_bytea,6,03-01-04-01-01-02-01_r06.wav,396294,0.010642,1,
write,write,,,audio_small,pg_bytea,6,03-01-04-01-01-02-02_r06.wav,379106,0.009327,1,
write,write,,,audio_small,mongo_gridfs,6,03-01-04-01-01-02-02_r06.wav,379106,0.007644,1,
write,write,,,audio_small,polyglot,6,03-01-04-01-01-02-02_r06.wav,379106,0.008348,1,
write,write,,,audio_small,polyglot,6,03-01-04-01-01-02-16_r06.wav,379106,0.007575,1,
write,write,,,audio_small,mongo_gridfs,6,03-01-04-01-01-02-16_r06.wav,379106,0.004808,1,
write,write,,,audio_small,pg_bytea,6,03-01-04-01-01-02-16_r06.wav,379106,0.010080,1,
write,write,,,audio_small,pg_bytea,6,03-01-04-01-02-02-08_r06.wav,372698,0.010138,1,
write,write,,,audio_small,polyglot,6,03-01-04-01-02-02-08_r06.wav,372698,0.006086,1,
write,write,,,audio_small,mongo_gridfs,6,03-01-04-01-02-02-08_r06.wav,372698,0.004730,1,
write,write,,,audio_small,mongo_gridfs,6,03-01-04-01-02-02-09_r06.wav,363108,0.004129,1,
write,write,,,audio_small,pg_bytea,6,03-01-04-01-02-02-09_r06.wav,363108,0.009212,1,
write,write,,,audio_small,polyglot,6,03-01-04-01-02-02-09_r06.wav,363108,0.004971,1,
write,write,,,audio_small,pg_bytea,6,03-01-04-01-02-02-20_r06.wav,396294,0.010186,1,
write,write,,,audio_small,polyglot,6,03-01-04-01-02-02-20_r06.wav,396294,0.005352,1,
write,write,,,audio_small,mongo_gridfs,6,03-01-04-01-02-02-20_r06.wav,396294,0.004129,1,
write,write,,,audio_small,polyglot,6,03-01-04-01-02-02-21_r06.wav,363108,0.004858,1,
write,write,,,audio_small,mongo_gridfs,6,03-01-04-01-02-02-21_r06.wav,363108,0.003623,1,
write,write,,,audio_small,pg_bytea,6,03-01-04-01-02-02-21_r06.wav,363108,0.008612,1,
write,write,,,audio_small,polyglot,6,03-01-04-01-02-02-22_r06.wav,372698,0.004890,1,
write,write,,,audio_small,mongo_gridfs,6,03-01-04-01-02-02-22_r06.wav,372698,0.003476,1,
write,write,,,audio_small,pg_bytea,6,03-01-04-01-02-02-22_r06.wav,372698,0.008578,1,
write,write,,,audio_small,pg_bytea,6,03-01-04-01-02-02-23_r06.wav,363108,0.009925,1,
write,write,,,audio_small,mongo_gridfs,6,03-01-04-01-02-02-23_r06.wav,363108,0.004030,1,
write,write,,,audio_small,polyglot,6,03-01-04-01-02-02-23_r06.wav,363108,0.005008,1,
write,write,,,audio_small,polyglot,6,03-01-04-02-01-02-09_r06.wav,379106,0.004817,1,
write,write,,,audio_small,mongo_gridfs,6,03-01-04-02-01-02-09_r06.wav,379106,0.004108,1,
write,write,,,audio_small,pg_bytea,6,03-01-04-02-01-02-09_r06.wav,379106,0.008409,1,
write,write,,,audio_small,pg_bytea,6,03-01-04-02-01-02-20_r06.wav,379106,0.008791,1,
write,write,,,audio_small,polyglot,6,03-01-04-02-01-02-20_r06.wav,379106,0.005865,1,
write,write,,,audio_small,mongo_gridfs,6,03-01-04-02-01-02-20_r06.wav,379106,0.004083,1,
write,write,,,audio_small,mongo_gridfs,6,03-01-04-02-01-02-21_r06.wav,393086,0.003837,1,
write,write,,,audio_small,polyglot,6,03-01-04-02-01-02-21_r06.wav,393086,0.005256,1,
write,write,,,audio_small,pg_bytea,6,03-01-04-02-01-02-21_r06.wav,393086,0.011059,1,
write,write,,,audio_small,pg_bytea,6,03-01-04-02-01-02-22_r06.wav,379106,0.010123,1,
write,write,,,audio_small,mongo_gridfs,6,03-01-04-02-01-02-22_r06.wav,379106,0.004469,1,
write,write,,,audio_small,polyglot,6,03-01-04-02-01-02-22_r06.wav,379106,0.004663,1,
write,write,,,audio_small,polyglot,6,03-01-04-02-02-02-14_r06.wav,375720,0.004464,1,
write,write,,,audio_small,pg_bytea,6,03-01-04-02-02-02-14_r06.wav,375720,0.009188,1,
write,write,,,audio_small,mongo_gridfs,6,03-01-04-02-02-02-14_r06.wav,375720,0.003730,1,
write,write,,,audio_small,pg_bytea,6,03-01-04-02-02-02-15_r06.wav,379106,0.014912,1,
write,write,,,audio_small,mongo_gridfs,6,03-01-04-02-02-02-15_r06.wav,379106,0.004635,1,
write,write,,,audio_small,polyglot,6,03-01-04-02-02-02-15_r06.wav,379106,0.004938,1,
write,write,,,audio_small,mongo_gridfs,6,03-01-04-02-02-02-16_r06.wav,375720,0.003563,1,
write,write,,,audio_small,polyglot,6,03-01-04-02-02-02-16_r06.wav,375720,0.004905,1,
write,write,,,audio_small,pg_bytea,6,03-01-04-02-02-02-16_r06.wav,375720,0.127739,1,
write,write,,,audio_small,pg_bytea,6,03-01-04-02-02-02-17_r06.wav,363108,0.012017,1,
write,write,,,audio_small,polyglot,6,03-01-04-02-02-02-17_r06.wav,363108,0.007001,1,
write,write,,,audio_small,mongo_gridfs,6,03-01-04-02-02-02-17_r06.wav,363108,0.005472,1,
write,write,,,audio_small,mongo_gridfs,6,03-01-05-01-01-01-09_r06.wav,393086,0.005223,1,
write,write,,,audio_small,polyglot,6,03-01-05-01-01-01-09_r06.wav,393086,0.005668,1,
write,write,,,audio_small,pg_bytea,6,03-01-05-01-01-01-09_r06.wav,393086,0.011868,1,
write,write,,,audio_small,pg_bytea,6,03-01-05-01-01-01-22_r06.wav,393086,0.009521,1,
write,write,,,audio_small,mongo_gridfs,6,03-01-05-01-01-01-22_r06.wav,393086,0.005671,1,
write,write,,,audio_small,polyglot,6,03-01-05-01-01-01-22_r06.wav,393086,0.005866,1,
write,write,,,audio_small,pg_bytea,6,03-01-05-01-02-01-02_r06.wav,372698,0.009794,1,
write,write,,,audio_small,mongo_gridfs,6,03-01-05-01-02-01-02_r06.wav,372698,0.004472,1,
write,write,,,audio_small,polyglot,6,03-01-05-01-02-01-02_r06.wav,372698,0.005639,1,
write,write,,,audio_small,polyglot,6,03-01-05-01-02-01-03_r06.wav,396294,0.013441,1,
write,write,,,audio_small,pg_bytea,6,03-01-05-01-02-01-03_r06.wav,396294,0.008968,1,
write,write,,,audio_small,mongo_gridfs,6,03-01-05-01-02-01-03_r06.wav,396294,0.004991,1,
write,write,,,audio_small,pg_bytea,6,03-01-05-01-02-01-15_r06.wav,363108,0.009569,1,
write,write,,,audio_small,mongo_gridfs,6,03-01-05-01-02-01-15_r06.wav,363108,0.004734,1,
write,write,,,audio_small,polyglot,6,03-01-05-01-02-01-15_r06.wav,363108,0.005003,1,
write,write,,,audio_small,mongo_gridfs,6,03-01-05-01-02-01-16_r06.wav,372698,0.003739,1,
write,write,,,audio_small,polyglot,6,03-01-05-01-02-01-16_r06.wav,372698,0.004453,1,
write,write,,,audio_small,pg_bytea,6,03-01-05-01-02-01-16_r06.wav,372698,0.009812,1,
write,write,,,audio_small,polyglot,6,03-01-05-01-02-01-17_r06.wav,393086,0.005764,1,
write,write,,,audio_small,pg_bytea,6,03-01-05-01-02-01-17_r06.wav,393086,0.011964,1,
write,write,,,audio_small,mongo_gridfs,6,03-01-05-01-02-01-17_r06.wav,393086,0.007312,1,
write,write,,,audio_small,mongo_gridfs,6,03-01-05-02-01-01-01_r06.wav,372698,0.004311,1,
write,write,,,audio_small,polyglot,6,03-01-05-02-01-01-01_r06.wav,372698,0.010603,1,
write,write,,,audio_small,pg_bytea,6,03-01-05-02-01-01-01_r06.wav,372698,0.010383,1,
write,write,,,audio_small,pg_bytea,6,03-01-05-02-01-01-02_r06.wav,375720,0.009449,1,
write,write,,,audio_small,mongo_gridfs,6,03-01-05-02-01-01-02_r06.wav,375720,0.005229,1,
write,write,,,audio_small,polyglot,6,03-01-05-02-01-01-02_r06.wav,375720,0.008513,1,
write,write,,,audio_small,mongo_gridfs,6,03-01-05-02-01-01-03_r06.wav,372698,0.004516,1,
write,write,,,audio_small,polyglot,6,03-01-05-02-01-01-03_r06.wav,372698,0.005291,1,
write,write,,,audio_small,pg_bytea,6,03-01-05-02-01-01-03_r06.wav,372698,0.012483,1,
write,write,,,audio_small,pg_bytea,6,03-01-05-02-01-01-15_r06.wav,396294,0.009962,1,
write,write,,,audio_small,polyglot,6,03-01-05-02-01-01-15_r06.wav,396294,0.007400,1,
write,write,,,audio_small,mongo_gridfs,6,03-01-05-02-01-01-15_r06.wav,396294,0.004988,1,
write,write,,,audio_small,polyglot,6,03-01-05-02-01-01-16_r06.wav,399494,0.006234,1,
write,write,,,audio_small,pg_bytea,6,03-01-05-02-01-01-16_r06.wav,399494,0.012003,1,
write,write,,,audio_small,mongo_gridfs,6,03-01-05-02-01-01-16_r06.wav,399494,0.005546,1,
write,write,,,audio_small,pg_bytea,6,03-01-05-02-01-01-17_r06.wav,363108,0.009844,1,
write,write,,,audio_small,mongo_gridfs,6,03-01-05-02-01-01-17_r06.wav,363108,0.007362,1,
write,write,,,audio_small,polyglot,6,03-01-05-02-01-01-17_r06.wav,363108,0.005814,1,
write,write,,,audio_small,mongo_gridfs,6,03-01-05-02-02-01-09_r06.wav,396294,0.005707,1,
write,write,,,audio_small,pg_bytea,6,03-01-05-02-02-01-09_r06.wav,396294,0.010219,1,
write,write,,,audio_small,polyglot,6,03-01-05-02-02-01-09_r06.wav,396294,0.005718,1,
write,write,,,audio_small,polyglot,6,03-01-05-02-02-01-21_r06.wav,375720,0.006722,1,
write,write,,,audio_small,mongo_gridfs,6,03-01-05-02-02-01-21_r06.wav,375720,0.005566,1,
write,write,,,audio_small,pg_bytea,6,03-01-05-02-02-01-21_r06.wav,375720,0.010117,1,
write,write,,,audio_small,polyglot,6,03-01-05-02-02-01-22_r06.wav,379106,0.016830,1,
write,write,,,audio_small,pg_bytea,6,03-01-05-02-02-01-22_r06.wav,379106,0.011839,1,
write,write,,,audio_small,mongo_gridfs,6,03-01-05-02-02-01-22_r06.wav,379106,0.007230,1,
write,write,,,audio_medium,polyglot,6,03-02-01-01-01-02-22_r06.wav,526650,0.010141,1,
write,write,,,audio_medium,mongo_gridfs,6,03-02-01-01-01-02-22_r06.wav,526650,0.006868,1,
write,write,,,audio_medium,pg_bytea,6,03-02-01-01-01-02-22_r06.wav,526650,0.014710,1,
write,write,,,audio_medium,mongo_gridfs,6,03-02-01-01-01-02-23_r06.wav,539464,0.007314,1,
write,write,,,audio_medium,pg_bytea,6,03-02-01-01-01-02-23_r06.wav,539464,0.015605,1,
write,write,,,audio_medium,polyglot,6,03-02-01-01-01-02-23_r06.wav,539464,0.011672,1,
write,write,,,audio_medium,polyglot,6,03-02-01-01-02-02-02_r06.wav,539464,0.009060,1,
write,write,,,audio_medium,mongo_gridfs,6,03-02-01-01-02-02-02_r06.wav,539464,0.007355,1,
write,write,,,audio_medium,pg_bytea,6,03-02-01-01-02-02-02_r06.wav,539464,0.015396,1,
write,write,,,audio_medium,polyglot,6,03-02-01-01-02-02-03_r06.wav,520242,0.008787,1,
write,write,,,audio_medium,mongo_gridfs,6,03-02-01-01-02-02-03_r06.wav,520242,0.006730,1,
write,write,,,audio_medium,pg_bytea,6,03-02-01-01-02-02-03_r06.wav,520242,0.014021,1,
write,write,,,audio_medium,pg_bytea,6,03-02-01-01-02-02-16_r06.wav,539464,0.021142,1,
write,write,,,audio_medium,mongo_gridfs,6,03-02-01-01-02-02-16_r06.wav,539464,0.008511,1,
write,write,,,audio_medium,polyglot,6,03-02-01-01-02-02-16_r06.wav,539464,0.008363,1,
write,write,,,audio_medium,polyglot,6,03-02-01-01-02-02-17_r06.wav,561888,0.007118,1,
write,write,,,audio_medium,mongo_gridfs,6,03-02-01-01-02-02-17_r06.wav,561888,0.008743,1,
write,write,,,audio_medium,pg_bytea,6,03-02-01-01-02-02-17_r06.wav,561888,0.015131,1,
write,write,,,audio_medium,pg_bytea,6,03-02-01-02-01-02-01_r06.wav,533056,0.014610,1,
write,write,,,audio_medium,polyglot,6,03-02-01-02-01-02-01_r06.wav,533056,0.011686,1,
write,write,,,audio_medium,mongo_gridfs,6,03-02-01-02-01-02-01_r06.wav,533056,0.006777,1,
write,write,,,audio_medium,polyglot,6,03-02-01-02-01-02-02_r06.wav,523448,0.007452,1,
write,write,,,audio_medium,mongo_gridfs,6,03-02-01-02-01-02-02_r06.wav,523448,0.005957,1,
write,write,,,audio_medium,pg_bytea,6,03-02-01-02-01-02-02_r06.wav,523448,0.013758,1,
write,write,,,audio_medium,polyglot,6,03-02-01-02-01-02-03_r06.wav,533056,0.007794,1,
write,write,,,audio_medium,pg_bytea,6,03-02-01-02-01-02-03_r06.wav,533056,0.014478,1,
write,write,,,audio_medium,mongo_gridfs,6,03-02-01-02-01-02-03_r06.wav,533056,0.008793,1,
write,write,,,audio_medium,polyglot,6,03-02-01-02-01-02-15_r06.wav,561882,0.010329,1,
write,write,,,audio_medium,mongo_gridfs,6,03-02-01-02-01-02-15_r06.wav,561882,0.010043,1,
write,write,,,audio_medium,pg_bytea,6,03-02-01-02-01-02-15_r06.wav,561882,0.018874,1,
write,write,,,audio_medium,pg_bytea,6,03-02-01-02-01-02-16_r06.wav,526650,0.015934,1,
write,write,,,audio_medium,mongo_gridfs,6,03-02-01-02-01-02-16_r06.wav,526650,0.008408,1,
write,write,,,audio_medium,polyglot,6,03-02-01-02-01-02-16_r06.wav,526650,0.014215,1,
write,write,,,audio_medium,pg_bytea,6,03-02-01-02-01-02-17_r06.wav,533056,0.016657,1,
write,write,,,audio_medium,mongo_gridfs,6,03-02-01-02-01-02-17_r06.wav,533056,0.008980,1,
write,write,,,audio_medium,polyglot,6,03-02-01-02-01-02-17_r06.wav,533056,0.008723,1,
write,write,,,audio_medium,mongo_gridfs,6,03-02-01-02-02-02-22_r06.wav,520242,0.005972,1,
write,write,,,audio_medium,polyglot,6,03-02-01-02-02-02-22_r06.wav,520242,0.010176,1,
write,write,,,audio_medium,pg_bytea,6,03-02-01-02-02-02-22_r06.wav,520242,0.063853,1,
write,write,,,audio_medium,pg_bytea,6,03-02-01-02-02-02-23_r06.wav,520242,0.018789,1,
write,write,,,audio_medium,mongo_gridfs,6,03-02-01-02-02-02-23_r06.wav,520242,0.008643,1,
write,write,,,audio_medium,polyglot,6,03-02-01-02-02-02-23_r06.wav,520242,0.009975,1,
write,write,,,audio_medium,pg_bytea,6,03-02-02-01-01-01-22_r06.wav,523448,0.013674,1,
write,write,,,audio_medium,polyglot,6,03-02-02-01-01-01-22_r06.wav,523448,0.009759,1,
write,write,,,audio_medium,mongo_gridfs,6,03-02-02-01-01-01-22_r06.wav,523448,0.007077,1,
write,write,,,audio_medium,pg_bytea,6,03-02-02-01-01-01-23_r06.wav,561888,0.018297,1,
write,write,,,audio_medium,mongo_gridfs,6,03-02-02-01-01-01-23_r06.wav,561888,0.010097,1,
write,write,,,audio_medium,polyglot,6,03-02-02-01-01-01-23_r06.wav,561888,0.014463,1,
write,write,,,audio_medium,pg_bytea,6,03-02-02-01-02-01-01_r06.wav,520242,0.015850,1,
write,write,,,audio_medium,polyglot,6,03-02-02-01-02-01-01_r06.wav,520242,0.008685,1,
write,write,,,audio_medium,mongo_gridfs,6,03-02-02-01-02-01-01_r06.wav,520242,0.007593,1,
write,write,,,audio_medium,pg_bytea,6,03-02-02-01-02-01-02_r06.wav,539464,0.016053,1,
write,write,,,audio_medium,mongo_gridfs,6,03-02-02-01-02-01-02_r06.wav,539464,0.008001,1,
write,write,,,audio_medium,polyglot,6,03-02-02-01-02-01-02_r06.wav,539464,0.009114,1,
write,write,,,audio_medium,pg_bytea,6,03-02-02-01-02-01-03_r06.wav,533056,0.013644,1,
write,write,,,audio_medium,polyglot,6,03-02-02-01-02-01-03_r06.wav,533056,0.017839,1,
write,write,,,audio_medium,mongo_gridfs,6,03-02-02-01-02-01-03_r06.wav,533056,0.007186,1,
write,write,,,audio_medium,pg_bytea,6,03-02-02-01-02-01-16_r06.wav,561882,0.016478,1,
write,write,,,audio_medium,polyglot,6,03-02-02-01-02-01-16_r06.wav,561882,0.012152,1,
write,write,,,audio_medium,mongo_gridfs,6,03-02-02-01-02-01-16_r06.wav,561882,0.007931,1,
write,write,,,audio_medium,mongo_gridfs,6,03-02-02-02-01-01-01_r06.wav,539464,0.007128,1,
write,write,,,audio_medium,polyglot,6,03-02-02-02-01-01-01_r06.wav,539464,0.009834,1,
write,write,,,audio_medium,pg_bytea,6,03-02-02-02-01-01-01_r06.wav,539464,0.014374,1,
write,write,,,audio_medium,mongo_gridfs,6,03-02-02-02-01-01-02_r06.wav,526650,0.007210,1,
write,write,,,audio_medium,pg_bytea,6,03-02-02-02-01-01-02_r06.wav,526650,0.029685,1,
write,write,,,audio_medium,polyglot,6,03-02-02-02-01-01-02_r06.wav,526650,0.010238,1,
write,write,,,audio_medium,polyglot,6,03-02-02-02-01-01-15_r06.wav,539464,0.008454,1,
write,write,,,audio_medium,pg_bytea,6,03-02-02-02-01-01-15_r06.wav,539464,0.015315,1,
write,write,,,audio_medium,mongo_gridfs,6,03-02-02-02-01-01-15_r06.wav,539464,0.008439,1,
write,write,,,audio_medium,polyglot,6,03-02-02-02-01-01-16_r06.wav,520242,0.007439,1,
write,write,,,audio_medium,mongo_gridfs,6,03-02-02-02-01-01-16_r06.wav,520242,0.007265,1,
write,write,,,audio_medium,pg_bytea,6,03-02-02-02-01-01-16_r06.wav,520242,0.013256,1,
write,write,,,audio_medium,mongo_gridfs,6,03-02-02-02-01-01-17_r06.wav,539464,0.006958,1,
write,write,,,audio_medium,pg_bytea,6,03-02-02-02-01-01-17_r06.wav,539464,0.021181,1,
write,write,,,audio_medium,polyglot,6,03-02-02-02-01-01-17_r06.wav,539464,0.010402,1,
write,write,,,audio_medium,pg_bytea,6,03-02-02-02-02-01-22_r06.wav,539464,0.015994,1,
write,write,,,audio_medium,mongo_gridfs,6,03-02-02-02-02-01-22_r06.wav,539464,0.008729,1,
write,write,,,audio_medium,polyglot,6,03-02-02-02-02-01-22_r06.wav,539464,0.007943,1,
write,write,,,audio_medium,mongo_gridfs,6,03-02-02-02-02-01-23_r06.wav,520242,0.006450,1,
write,write,,,audio_medium,pg_bytea,6,03-02-02-02-02-01-23_r06.wav,520242,0.013974,1,
write,write,,,audio_medium,polyglot,6,03-02-02-02-02-01-23_r06.wav,520242,0.008403,1,
write,write,,,audio_medium,mongo_gridfs,6,03-02-03-01-01-02-01_r06.wav,561882,0.007626,1,
write,write,,,audio_medium,polyglot,6,03-02-03-01-01-02-01_r06.wav,561882,0.023939,1,
write,write,,,audio_medium,pg_bytea,6,03-02-03-01-01-02-01_r06.wav,561882,0.015525,1,
write,write,,,audio_medium,pg_bytea,6,03-02-03-01-01-02-02_r06.wav,561882,0.022825,1,
write,write,,,audio_medium,polyglot,6,03-02-03-01-01-02-02_r06.wav,561882,0.009181,1,
write,write,,,audio_medium,mongo_gridfs,6,03-02-03-01-01-02-02_r06.wav,561882,0.008081,1,
write,write,,,audio_medium,mongo_gridfs,6,03-02-03-01-01-02-03_r06.wav,539464,0.007125,1,
write,write,,,audio_medium,pg_bytea,6,03-02-03-01-01-02-03_r06.wav,539464,0.014452,1,
write,write,,,audio_medium,polyglot,6,03-02-03-01-01-02-03_r06.wav,539464,0.013396,1,
write,write,,,audio_medium,polyglot,6,03-02-03-01-01-02-15_r06.wav,526650,0.011901,1,
write,write,,,audio_medium,mongo_gridfs,6,03-02-03-01-01-02-15_r06.wav,526650,0.006943,1,
write,write,,,audio_medium,pg_bytea,6,03-02-03-01-01-02-15_r06.wav,526650,0.014517,1,
write,write,,,audio_medium,pg_bytea,6,03-02-03-01-01-02-16_r06.wav,520242,0.013234,1,
write,write,,,audio_medium,polyglot,6,03-02-03-01-01-02-16_r06.wav,520242,0.009044,1,
write,write,,,audio_medium,mongo_gridfs,6,03-02-03-01-01-02-16_r06.wav,520242,0.007828,1,
write,write,,,audio_medium,pg_bytea,6,03-02-03-01-01-02-17_r06.wav,526650,0.014443,1,
write,write,,,audio_medium,polyglot,6,03-02-03-01-01-02-17_r06.wav,526650,0.010716,1,
write,write,,,audio_medium,mongo_gridfs,6,03-02-03-01-01-02-17_r06.wav,526650,0.008242,1,
write,write,,,audio_medium,polyglot,6,03-02-03-01-02-02-09_r06.wav,539464,0.006878,1,
write,write,,,audio_medium,pg_bytea,6,03-02-03-01-02-02-09_r06.wav,539464,0.013599,1,
write,write,,,audio_medium,mongo_gridfs,6,03-02-03-01-02-02-09_r06.wav,539464,0.007127,1,
write,write,,,audio_medium,polyglot,6,03-02-03-01-02-02-21_r06.wav,533056,0.009685,1,
write,write,,,audio_medium,mongo_gridfs,6,03-02-03-01-02-02-21_r06.wav,533056,0.006283,1,
write,write,,,audio_medium,pg_bytea,6,03-02-03-01-02-02-21_r06.wav,533056,0.016725,1,
write,write,,,audio_medium,pg_bytea,6,03-02-03-01-02-02-22_r06.wav,561888,0.017546,1,
write,write,,,audio_medium,polyglot,6,03-02-03-01-02-02-22_r06.wav,561888,0.027573,1,
write,write,,,audio_medium,mongo_gridfs,6,03-02-03-01-02-02-22_r06.wav,561888,0.008934,1,
write,write,,,audio_medium,mongo_gridfs,6,03-02-03-01-02-02-23_r06.wav,539464,0.006653,1,
write,write,,,audio_medium,pg_bytea,6,03-02-03-01-02-02-23_r06.wav,539464,0.016878,1,
write,write,,,audio_medium,polyglot,6,03-02-03-01-02-02-23_r06.wav,539464,0.010965,1,
write,write,,,audio_medium,mongo_gridfs,6,03-02-03-02-01-02-09_r06.wav,561882,0.006708,1,
write,write,,,audio_medium,polyglot,6,03-02-03-02-01-02-09_r06.wav,561882,0.011692,1,
write,write,,,audio_medium,pg_bytea,6,03-02-03-02-01-02-09_r06.wav,561882,0.016129,1,
write,write,,,audio_medium,polyglot,6,03-02-03-02-01-02-21_r06.wav,539464,0.016113,1,
write,write,,,audio_medium,mongo_gridfs,6,03-02-03-02-01-02-21_r06.wav,539464,0.007893,1,
write,write,,,audio_medium,pg_bytea,6,03-02-03-02-01-02-21_r06.wav,539464,0.023852,1,
write,write,,,audio_medium,pg_bytea,6,03-02-03-02-01-02-22_r06.wav,526650,0.013521,1,
write,write,,,audio_medium,mongo_gridfs,6,03-02-03-02-01-02-22_r06.wav,526650,0.010045,1,
write,write,,,audio_medium,polyglot,6,03-02-03-02-01-02-22_r06.wav,526650,0.007677,1,
write,write,,,audio_medium,polyglot,6,03-02-03-02-01-02-23_r06.wav,561888,0.007437,1,
write,write,,,audio_medium,mongo_gridfs,6,03-02-03-02-01-02-23_r06.wav,561888,0.006228,1,
write,write,,,audio_medium,pg_bytea,6,03-02-03-02-01-02-23_r06.wav,561888,0.018551,1,
write,write,,,audio_medium,pg_bytea,6,03-02-03-02-02-02-01_r06.wav,561882,0.017608,1,
write,write,,,audio_medium,mongo_gridfs,6,03-02-03-02-02-02-01_r06.wav,561882,0.007869,1,
write,write,,,audio_medium,polyglot,6,03-02-03-02-02-02-01_r06.wav,561882,0.008916,1,
write,write,,,audio_medium,mongo_gridfs,6,03-02-03-02-02-02-02_r06.wav,523448,0.006231,1,
write,write,,,audio_medium,polyglot,6,03-02-03-02-02-02-02_r06.wav,523448,0.006852,1,
write,write,,,audio_medium,pg_bytea,6,03-02-03-02-02-02-02_r06.wav,523448,0.015707,1,
write,write,,,audio_medium,pg_bytea,6,03-02-03-02-02-02-03_r06.wav,561888,0.067974,1,
write,write,,,audio_medium,polyglot,6,03-02-03-02-02-02-03_r06.wav,561888,0.009519,1,
write,write,,,audio_medium,mongo_gridfs,6,03-02-03-02-02-02-03_r06.wav,561888,0.007965,1,
write,write,,,audio_medium,polyglot,6,03-02-03-02-02-02-15_r06.wav,523448,0.008311,1,
write,write,,,audio_medium,pg_bytea,6,03-02-03-02-02-02-15_r06.wav,523448,0.015714,1,
write,write,,,audio_medium,mongo_gridfs,6,03-02-03-02-02-02-15_r06.wav,523448,0.007788,1,
write,write,,,audio_medium,mongo_gridfs,6,03-02-03-02-02-02-16_r06.wav,561882,0.007352,1,
write,write,,,audio_medium,pg_bytea,6,03-02-03-02-02-02-16_r06.wav,561882,0.016150,1,
write,write,,,audio_medium,polyglot,6,03-02-03-02-02-02-16_r06.wav,561882,0.011943,1,
write,write,,,audio_medium,mongo_gridfs,6,03-02-03-02-02-02-17_r06.wav,523448,0.007517,1,
write,write,,,audio_medium,pg_bytea,6,03-02-03-02-02-02-17_r06.wav,523448,0.012829,1,
write,write,,,audio_medium,polyglot,6,03-02-03-02-02-02-17_r06.wav,523448,0.010176,1,
write,write,,,audio_medium,polyglot,6,03-02-04-01-01-02-05_r06.wav,561882,0.008145,1,
write,write,,,audio_medium,mongo_gridfs,6,03-02-04-01-01-02-05_r06.wav,561882,0.010847,1,
write,write,,,audio_medium,pg_bytea,6,03-02-04-01-01-02-05_r06.wav,561882,0.017261,1,
write,write,,,audio_medium,polyglot,6,03-02-04-01-01-02-06_r06.wav,526650,0.008554,1,
write,write,,,audio_medium,pg_bytea,6,03-02-04-01-01-02-06_r06.wav,526650,0.016186,1,
write,write,,,audio_medium,mongo_gridfs,6,03-02-04-01-01-02-06_r06.wav,526650,0.008681,1,
write,write,,,audio_medium,polyglot,6,03-02-04-01-01-02-07_r06.wav,523448,0.009698,1,
write,write,,,audio_medium,mongo_gridfs,6,03-02-04-01-01-02-07_r06.wav,523448,0.008331,1,
write,write,,,audio_medium,pg_bytea,6,03-02-04-01-01-02-07_r06.wav,523448,0.014799,1,
write,write,,,audio_medium,pg_bytea,6,03-02-04-01-01-02-11_r06.wav,539464,0.016221,1,
write,write,,,audio_medium,mongo_gridfs,6,03-02-04-01-01-02-11_r06.wav,539464,0.010671,1,
write,write,,,audio_medium,polyglot,6,03-02-04-01-01-02-11_r06.wav,539464,0.008852,1,
write,write,,,audio_medium,pg_bytea,6,03-02-04-01-01-02-12_r06.wav,523448,0.015361,1,
write,write,,,audio_medium,polyglot,6,03-02-04-01-01-02-12_r06.wav,523448,0.007986,1,
write,write,,,audio_medium,mongo_gridfs,6,03-02-04-01-01-02-12_r06.wav,523448,0.005887,1,
write,write,,,audio_medium,polyglot,6,03-02-04-01-01-02-13_r06.wav,539464,0.015722,1,
write,write,,,audio_medium,pg_bytea,6,03-02-04-01-01-02-13_r06.wav,539464,0.014239,1,
write,write,,,audio_medium,mongo_gridfs,6,03-02-04-01-01-02-13_r06.wav,539464,0.010159,1,
write,write,,,audio_medium,mongo_gridfs,6,03-02-04-01-02-02-19_r06.wav,561888,0.007284,1,
write,write,,,audio_medium,pg_bytea,6,03-02-04-01-02-02-19_r06.wav,561888,0.016570,1,
write,write,,,audio_medium,polyglot,6,03-02-04-01-02-02-19_r06.wav,561888,0.010296,1,
write,write,,,audio_medium,mongo_gridfs,6,03-02-04-02-02-02-05_r06.wav,526650,0.006860,1,
write,write,,,audio_medium,pg_bytea,6,03-02-04-02-02-02-05_r06.wav,526650,0.014227,1,
write,write,,,audio_medium,polyglot,6,03-02-04-02-02-02-05_r06.wav,526650,0.011522,1,
write,write,,,audio_medium,mongo_gridfs,6,03-02-04-02-02-02-06_r06.wav,526650,0.008709,1,
write,write,,,audio_medium,pg_bytea,6,03-02-04-02-02-02-06_r06.wav,526650,0.014905,1,
write,write,,,audio_medium,polyglot,6,03-02-04-02-02-02-06_r06.wav,526650,0.011503,1,
write,write,,,audio_medium,polyglot,6,03-02-04-02-02-02-07_r06.wav,561888,0.009268,1,
write,write,,,audio_medium,pg_bytea,6,03-02-04-02-02-02-07_r06.wav,561888,0.020677,1,
write,write,,,audio_medium,mongo_gridfs,6,03-02-04-02-02-02-07_r06.wav,561888,0.009474,1,
write,write,,,audio_medium,polyglot,6,03-02-04-02-02-02-11_r06.wav,561888,0.009597,1,
write,write,,,audio_medium,pg_bytea,6,03-02-04-02-02-02-11_r06.wav,561888,0.027118,1,
write,write,,,audio_medium,mongo_gridfs,6,03-02-04-02-02-02-11_r06.wav,561888,0.011054,1,
write,write,,,audio_medium,pg_bytea,6,03-02-04-02-02-02-12_r06.wav,523448,0.015866,1,
write,write,,,audio_medium,polyglot,6,03-02-04-02-02-02-12_r06.wav,523448,0.010528,1,
write,write,,,audio_medium,mongo_gridfs,6,03-02-04-02-02-02-12_r06.wav,523448,0.014107,1,
write,write,,,audio_medium,polyglot,6,03-02-04-02-02-02-13_r06.wav,533056,0.257083,1,
write,write,,,audio_medium,pg_bytea,6,03-02-04-02-02-02-13_r06.wav,533056,0.016059,1,
write,write,,,audio_medium,mongo_gridfs,6,03-02-04-02-02-02-13_r06.wav,533056,0.008786,1,
write,write,,,audio_medium,polyglot,6,03-02-05-01-02-01-06_r06.wav,561882,0.009208,1,
write,write,,,audio_medium,mongo_gridfs,6,03-02-05-01-02-01-06_r06.wav,561882,0.009373,1,
write,write,,,audio_medium,pg_bytea,6,03-02-05-01-02-01-06_r06.wav,561882,0.015062,1,
write,write,,,audio_medium,pg_bytea,6,03-02-05-01-02-01-07_r06.wav,520242,0.013950,1,
write,write,,,audio_medium,polyglot,6,03-02-05-01-02-01-07_r06.wav,520242,0.012361,1,
write,write,,,audio_medium,mongo_gridfs,6,03-02-05-01-02-01-07_r06.wav,520242,0.006999,1,
write,write,,,audio_medium,mongo_gridfs,6,03-02-05-01-02-01-12_r06.wav,520242,0.006705,1,
write,write,,,audio_medium,polyglot,6,03-02-05-01-02-01-12_r06.wav,520242,0.006599,1,
write,write,,,audio_medium,pg_bytea,6,03-02-05-01-02-01-12_r06.wav,520242,0.012933,1,
write,write,,,audio_medium,pg_bytea,6,03-02-05-01-02-01-13_r06.wav,561888,0.017621,1,
write,write,,,audio_medium,mongo_gridfs,6,03-02-05-01-02-01-13_r06.wav,561888,0.010517,1,
write,write,,,audio_medium,polyglot,6,03-02-05-01-02-01-13_r06.wav,561888,0.011033,1,
write,write,,,audio_medium,pg_bytea,6,03-02-05-02-01-01-05_r06.wav,539464,0.017358,1,
write,write,,,audio_medium,polyglot,6,03-02-05-02-01-01-05_r06.wav,539464,0.008027,1,
write,write,,,audio_medium,mongo_gridfs,6,03-02-05-02-01-01-05_r06.wav,539464,0.007190,1,
write,write,,,audio_medium,mongo_gridfs,6,03-02-05-02-01-01-06_r06.wav,561888,0.007858,1,
write,write,,,audio_medium,polyglot,6,03-02-05-02-01-01-06_r06.wav,561888,0.015551,1,
write,write,,,audio_medium,pg_bytea,6,03-02-05-02-01-01-06_r06.wav,561888,0.014843,1,
write,write,,,audio_medium,mongo_gridfs,6,03-02-05-02-01-01-07_r06.wav,533056,0.008823,1,
write,write,,,audio_medium,pg_bytea,6,03-02-05-02-01-01-07_r06.wav,533056,0.015015,1,
write,write,,,audio_medium,polyglot,6,03-02-05-02-01-01-07_r06.wav,533056,0.009940,1,
write,write,,,audio_medium,polyglot,6,03-02-05-02-01-01-11_r06.wav,561888,0.008721,1,
write,write,,,audio_medium,pg_bytea,6,03-02-05-02-01-01-11_r06.wav,561888,0.015930,1,
write,write,,,audio_medium,mongo_gridfs,6,03-02-05-02-01-01-11_r06.wav,561888,0.008628,1,
write,write,,,audio_medium,polyglot,6,03-02-05-02-01-01-12_r06.wav,533056,0.007391,1,
write,write,,,audio_medium,pg_bytea,6,03-02-05-02-01-01-12_r06.wav,533056,0.013683,1,
write,write,,,audio_medium,mongo_gridfs,6,03-02-05-02-01-01-12_r06.wav,533056,0.006938,1,
write,write,,,audio_medium,mongo_gridfs,6,03-02-05-02-01-01-13_r06.wav,526650,0.006393,1,
write,write,,,audio_medium,pg_bytea,6,03-02-05-02-01-01-13_r06.wav,526650,0.016235,1,
write,write,,,audio_medium,polyglot,6,03-02-05-02-01-01-13_r06.wav,526650,0.012503,1,
write,write,,,video_small,mongo_gridfs,6,01-01-01-01-01-01-22_r06.mp4,5457041,0.043702,1,
write,write,,,video_small,polyglot,6,01-01-01-01-01-01-22_r06.mp4,5457041,0.048600,1,
write,write,,,video_small,pg_bytea,6,01-01-01-01-01-01-22_r06.mp4,5457041,0.143605,1,
write,write,,,video_small,polyglot,6,01-01-01-01-01-02-01_r06.mp4,5457041,0.075347,1,
write,write,,,video_small,pg_bytea,6,01-01-01-01-01-02-01_r06.mp4,5457041,0.142344,1,
write,write,,,video_small,mongo_gridfs,6,01-01-01-01-01-02-01_r06.mp4,5457041,0.043500,1,
write,write,,,video_small,mongo_gridfs,6,01-01-01-01-01-02-15_r06.mp4,5457041,0.058780,1,
write,write,,,video_small,polyglot,6,01-01-01-01-01-02-15_r06.mp4,5457041,0.050919,1,
write,write,,,video_small,pg_bytea,6,01-01-01-01-01-02-15_r06.mp4,5457041,0.138872,1,
write,write,,,video_small,mongo_gridfs,6,01-01-01-01-02-01-06_r06.mp4,5457041,0.051571,1,
write,write,,,video_small,pg_bytea,6,01-01-01-01-02-01-06_r06.mp4,5457041,0.127492,1,
write,write,,,video_small,polyglot,6,01-01-01-01-02-01-06_r06.mp4,5457041,0.050970,1,
write,write,,,video_small,polyglot,6,01-01-01-01-02-01-13_r06.mp4,5457041,0.048601,1,
write,write,,,video_small,mongo_gridfs,6,01-01-01-01-02-01-13_r06.mp4,5457041,0.044697,1,
write,write,,,video_small,pg_bytea,6,01-01-01-01-02-01-13_r06.mp4,5457041,0.129557,1,
write,write,,,video_small,polyglot,6,01-01-01-01-02-01-14_r06.mp4,5457041,0.055592,1,
write,write,,,video_small,pg_bytea,6,01-01-01-01-02-01-14_r06.mp4,5457041,0.289398,1,
write,write,,,video_small,mongo_gridfs,6,01-01-01-01-02-01-14_r06.mp4,5457041,0.045905,1,
write,write,,,video_small,polyglot,6,01-01-01-01-02-02-09_r06.mp4,5498397,0.050409,1,
write,write,,,video_small,mongo_gridfs,6,01-01-01-01-02-02-09_r06.mp4,5498397,0.065071,1,
write,write,,,video_small,pg_bytea,6,01-01-01-01-02-02-09_r06.mp4,5498397,0.142416,1,
write,write,,,video_small,pg_bytea,6,01-01-01-02-01-01-01_r06.mp4,5498397,0.131203,1,
write,write,,,video_small,polyglot,6,01-01-01-02-01-01-01_r06.mp4,5498397,0.060865,1,
write,write,,,video_small,mongo_gridfs,6,01-01-01-02-01-01-01_r06.mp4,5498397,0.058255,1,
write,write,,,video_small,pg_bytea,6,01-01-01-02-01-01-05_r06.mp4,5457041,0.130658,1,
write,write,,,video_small,mongo_gridfs,6,01-01-01-02-01-01-05_r06.mp4,5457041,0.043911,1,
write,write,,,video_small,polyglot,6,01-01-01-02-01-01-05_r06.mp4,5457041,0.046552,1,
write,write,,,video_small,mongo_gridfs,6,01-01-01-02-01-01-15_r06.mp4,5457041,0.045610,1,
write,write,,,video_small,polyglot,6,01-01-01-02-01-01-15_r06.mp4,5457041,0.060627,1,
write,write,,,video_small,pg_bytea,6,01-01-01-02-01-01-15_r06.mp4,5457041,0.401677,1,
write,write,,,video_small,polyglot,6,01-01-01-02-02-01-18_r06.mp4,5457041,0.044371,1,
write,write,,,video_small,pg_bytea,6,01-01-01-02-02-01-18_r06.mp4,5457041,0.128405,1,
write,write,,,video_small,mongo_gridfs,6,01-01-01-02-02-01-18_r06.mp4,5457041,0.042461,1,
write,write,,,video_small,mongo_gridfs,6,01-01-01-02-02-01-19_r06.mp4,5457041,0.042670,1,
write,write,,,video_small,pg_bytea,6,01-01-01-02-02-01-19_r06.mp4,5457041,0.132943,1,
write,write,,,video_small,polyglot,6,01-01-01-02-02-01-19_r06.mp4,5457041,0.051073,1,
write,write,,,video_small,pg_bytea,6,01-01-02-01-01-02-09_r06.mp4,5498397,0.153976,1,
write,write,,,video_small,mongo_gridfs,6,01-01-02-01-01-02-09_r06.mp4,5498397,0.055969,1,
write,write,,,video_small,polyglot,6,01-01-02-01-01-02-09_r06.mp4,5498397,0.339474,1,
write,write,,,video_small,pg_bytea,6,01-01-02-01-01-02-18_r06.mp4,5498397,0.157447,1,
write,write,,,video_small,mongo_gridfs,6,01-01-02-01-01-02-18_r06.mp4,5498397,0.054761,1,
write,write,,,video_small,polyglot,6,01-01-02-01-01-02-18_r06.mp4,5498397,0.053011,1,
write,write,,,video_small,polyglot,6,01-01-02-01-01-02-23_r06.mp4,5498397,0.074284,1,
write,write,,,video_small,mongo_gridfs,6,01-01-02-01-01-02-23_r06.mp4,5498397,0.045654,1,
write,write,,,video_small,pg_bytea,6,01-01-02-01-01-02-23_r06.mp4,5498397,0.134390,1,
write,write,,,video_small,mongo_gridfs,6,01-01-02-01-02-01-09_r06.mp4,5498397,0.055291,1,
write,write,,,video_small,polyglot,6,01-01-02-01-02-01-09_r06.mp4,5498397,0.278416,1,
write,write,,,video_small,pg_bytea,6,01-01-02-01-02-01-09_r06.mp4,5498397,0.560288,1,
write,write,,,video_small,mongo_gridfs,6,01-01-02-01-02-02-01_r06.mp4,5498397,0.045517,1,
write,write,,,video_small,polyglot,6,01-01-02-01-02-02-01_r06.mp4,5498397,0.065957,1,
write,write,,,video_small,pg_bytea,6,01-01-02-01-02-02-01_r06.mp4,5498397,0.168264,1,
write,write,,,video_small,polyglot,6,01-01-02-01-02-02-03_r06.mp4,5498397,0.046979,1,
write,write,,,video_small,pg_bytea,6,01-01-02-01-02-02-03_r06.mp4,5498397,0.139807,1,
write,write,,,video_small,mongo_gridfs,6,01-01-02-01-02-02-03_r06.mp4,5498397,0.048948,1,
write,write,,,video_small,polyglot,6,01-01-02-02-01-02-02_r06.mp4,5498397,0.057023,1,
write,write,,,video_small,pg_bytea,6,01-01-02-02-01-02-02_r06.mp4,5498397,0.138072,1,
write,write,,,video_small,mongo_gridfs,6,01-01-02-02-01-02-02_r06.mp4,5498397,0.049846,1,
write,write,,,video_small,mongo_gridfs,6,01-01-02-02-01-02-03_r06.mp4,5498397,0.069105,1,
write,write,,,video_small,polyglot,6,01-01-02-02-01-02-03_r06.mp4,5498397,0.124736,1,
write,write,,,video_small,pg_bytea,6,01-01-02-02-01-02-03_r06.mp4,5498397,0.143179,1,
write,write,,,video_small,polyglot,6,01-01-02-02-01-02-05_r06.mp4,5498397,0.069076,1,
write,write,,,video_small,pg_bytea,6,01-01-02-02-01-02-05_r06.mp4,5498397,0.719412,1,
write,write,,,video_small,mongo_gridfs,6,01-01-02-02-01-02-05_r06.mp4,5498397,0.046744,1,
write,write,,,video_small,pg_bytea,6,01-01-02-02-01-02-10_r06.mp4,5457041,0.140229,1,
write,write,,,video_small,polyglot,6,01-01-02-02-01-02-10_r06.mp4,5457041,0.053177,1,
write,write,,,video_small,mongo_gridfs,6,01-01-02-02-01-02-10_r06.mp4,5457041,0.060073,1,
write,write,,,video_small,pg_bytea,6,01-01-02-02-01-02-13_r06.mp4,5457041,0.161903,1,
write,write,,,video_small,mongo_gridfs,6,01-01-02-02-01-02-13_r06.mp4,5457041,0.045909,1,
write,write,,,video_small,polyglot,6,01-01-02-02-01-02-13_r06.mp4,5457041,0.099881,1,
write,write,,,video_small,mongo_gridfs,6,01-01-02-02-01-02-17_r06.mp4,5457041,0.045950,1,
write,write,,,video_small,pg_bytea,6,01-01-02-02-01-02-17_r06.mp4,5457041,0.152342,1,
write,write,,,video_small,polyglot,6,01-01-02-02-01-02-17_r06.mp4,5457041,0.050563,1,
write,write,,,video_small,pg_bytea,6,01-01-02-02-02-02-18_r06.mp4,5457041,0.135419,1,
write,write,,,video_small,mongo_gridfs,6,01-01-02-02-02-02-18_r06.mp4,5457041,0.049146,1,
write,write,,,video_small,polyglot,6,01-01-02-02-02-02-18_r06.mp4,5457041,0.058904,1,
write,write,,,video_small,pg_bytea,6,01-01-02-02-02-02-19_r06.mp4,5457041,0.344283,1,
write,write,,,video_small,polyglot,6,01-01-02-02-02-02-19_r06.mp4,5457041,0.067571,1,
write,write,,,video_small,mongo_gridfs,6,01-01-02-02-02-02-19_r06.mp4,5457041,0.045368,1,
write,write,,,video_small,mongo_gridfs,6,01-01-02-02-02-02-21_r06.mp4,5498397,0.053611,1,
write,write,,,video_small,polyglot,6,01-01-02-02-02-02-21_r06.mp4,5498397,0.103440,1,
write,write,,,video_small,pg_bytea,6,01-01-02-02-02-02-21_r06.mp4,5498397,0.143496,1,
write,write,,,video_small,polyglot,6,01-01-02-02-02-02-22_r06.mp4,5457041,0.061481,1,
write,write,,,video_small,pg_bytea,6,01-01-02-02-02-02-22_r06.mp4,5457041,0.144197,1,
write,write,,,video_small,mongo_gridfs,6,01-01-02-02-02-02-22_r06.mp4,5457041,0.044460,1,
write,write,,,video_small,mongo_gridfs,6,01-01-02-02-02-02-23_r06.mp4,5457041,0.065583,1,
write,write,,,video_small,pg_bytea,6,01-01-02-02-02-02-23_r06.mp4,5457041,0.132177,1,
write,write,,,video_small,polyglot,6,01-01-02-02-02-02-23_r06.mp4,5457041,0.057613,1,
write,write,,,video_small,polyglot,6,01-01-03-01-01-01-12_r06.mp4,5457041,0.142637,1,
write,write,,,video_small,pg_bytea,6,01-01-03-01-01-01-12_r06.mp4,5457041,0.281223,1,
write,write,,,video_small,mongo_gridfs,6,01-01-03-01-01-01-12_r06.mp4,5457041,0.042849,1,
write,write,,,video_small,pg_bytea,6,01-01-03-01-01-01-15_r06.mp4,5457041,0.336243,1,
write,write,,,video_small,mongo_gridfs,6,01-01-03-01-01-01-15_r06.mp4,5457041,0.042018,1,
write,write,,,video_small,polyglot,6,01-01-03-01-01-01-15_r06.mp4,5457041,0.049776,1,
write,write,,,video_small,mongo_gridfs,6,01-01-03-01-02-01-08_r06.mp4,5498397,0.042992,1,
write,write,,,video_small,pg_bytea,6,01-01-03-01-02-01-08_r06.mp4,5498397,0.159532,1,
write,write,,,video_small,polyglot,6,01-01-03-01-02-01-08_r06.mp4,5498397,0.045765,1,
write,write,,,video_small,pg_bytea,6,01-01-03-01-02-01-21_r06.mp4,5498397,0.130755,1,
write,write,,,video_small,polyglot,6,01-01-03-01-02-01-21_r06.mp4,5498397,0.046346,1,
write,write,,,video_small,mongo_gridfs,6,01-01-03-01-02-01-21_r06.mp4,5498397,0.047073,1,
write,write,,,video_small,mongo_gridfs,6,01-01-03-02-01-01-21_r06.mp4,5457041,0.048813,1,
write,write,,,video_small,pg_bytea,6,01-01-03-02-01-01-21_r06.mp4,5457041,0.143240,1,
write,write,,,video_small,polyglot,6,01-01-03-02-01-01-21_r06.mp4,5457041,0.059069,1,
write,write,,,video_small,mongo_gridfs,6,01-01-03-02-01-01-24_r06.mp4,5457041,0.056911,1,
write,write,,,video_small,polyglot,6,01-01-03-02-01-01-24_r06.mp4,5457041,0.047204,1,
write,write,,,video_small,pg_bytea,6,01-01-03-02-01-01-24_r06.mp4,5457041,0.157246,1,
write,write,,,video_small,mongo_gridfs,6,01-01-03-02-01-02-01_r06.mp4,5457041,0.054148,1,
write,write,,,video_small,polyglot,6,01-01-03-02-01-02-01_r06.mp4,5457041,0.048045,1,
write,write,,,video_small,pg_bytea,6,01-01-03-02-01-02-01_r06.mp4,5457041,0.299104,1,
write,write,,,video_small,polyglot,6,01-01-03-02-01-02-15_r06.mp4,5457041,0.168862,1,
write,write,,,video_small,mongo_gridfs,6,01-01-03-02-01-02-15_r06.mp4,5457041,0.043573,1,
write,write,,,video_small,pg_bytea,6,01-01-03-02-01-02-15_r06.mp4,5457041,0.127266,1,
write,write,,,video_small,mongo_gridfs,6,01-01-03-02-02-01-05_r06.mp4,5457041,0.042725,1,
write,write,,,video_small,pg_bytea,6,01-01-03-02-02-01-05_r06.mp4,5457041,0.130820,1,
write,write,,,video_small,polyglot,6,01-01-03-02-02-01-05_r06.mp4,5457041,0.042393,1,
write,write,,,video_small,polyglot,6,01-01-03-02-02-01-12_r06.mp4,5457041,0.062061,1,
write,write,,,video_small,pg_bytea,6,01-01-03-02-02-01-12_r06.mp4,5457041,0.132812,1,
write,write,,,video_small,mongo_gridfs,6,01-01-03-02-02-01-12_r06.mp4,5457041,0.043328,1,
write,write,,,video_small,polyglot,6,01-01-03-02-02-01-15_r06.mp4,5498397,0.052026,1,
write,write,,,video_small,pg_bytea,6,01-01-03-02-02-01-15_r06.mp4,5498397,0.277126,1,
write,write,,,video_small,mongo_gridfs,6,01-01-03-02-02-01-15_r06.mp4,5498397,0.046925,1,
write,write,,,video_small,mongo_gridfs,6,01-01-04-01-01-01-03_r06.mp4,5457041,0.040455,1,
write,write,,,video_small,polyglot,6,01-01-04-01-01-01-03_r06.mp4,5457041,0.050536,1,
write,write,,,video_small,pg_bytea,6,01-01-04-01-01-01-03_r06.mp4,5457041,0.138560,1,
write,write,,,video_small,mongo_gridfs,6,01-01-04-01-01-01-05_r06.mp4,5498397,0.045504,1,
write,write,,,video_small,polyglot,6,01-01-04-01-01-01-05_r06.mp4,5498397,0.063875,1,
write,write,,,video_small,pg_bytea,6,01-01-04-01-01-01-05_r06.mp4,5498397,0.133920,1,
write,write,,,video_small,pg_bytea,6,01-01-04-01-01-01-10_r06.mp4,5457041,0.136758,1,
write,write,,,video_small,mongo_gridfs,6,01-01-04-01-01-01-10_r06.mp4,5457041,0.055196,1,
write,write,,,video_small,polyglot,6,01-01-04-01-01-01-10_r06.mp4,5457041,0.060835,1,
write,write,,,video_small,polyglot,6,01-01-04-01-01-01-16_r06.mp4,5457041,0.069356,1,
write,write,,,video_small,pg_bytea,6,01-01-04-01-01-01-16_r06.mp4,5457041,0.136023,1,
write,write,,,video_small,mongo_gridfs,6,01-01-04-01-01-01-16_r06.mp4,5457041,0.045260,1,
write,write,,,video_small,mongo_gridfs,6,01-01-04-01-02-01-19_r06.mp4,5498397,0.052567,1,
write,write,,,video_small,pg_bytea,6,01-01-04-01-02-01-19_r06.mp4,5498397,0.296054,1,
write,write,,,video_small,polyglot,6,01-01-04-01-02-01-19_r06.mp4,5498397,0.051455,1,
write,write,,,video_small,polyglot,6,01-01-04-01-02-01-21_r06.mp4,5498397,0.058624,1,
write,write,,,video_small,pg_bytea,6,01-01-04-01-02-01-21_r06.mp4,5498397,0.135533,1,
write,write,,,video_small,mongo_gridfs,6,01-01-04-01-02-01-21_r06.mp4,5498397,0.065471,1,
write,write,,,video_small,pg_bytea,6,01-01-04-01-02-01-22_r06.mp4,5498397,0.448136,1,
write,write,,,video_small,mongo_gridfs,6,01-01-04-01-02-01-22_r06.mp4,5498397,0.051823,1,
write,write,,,video_small,polyglot,6,01-01-04-01-02-01-22_r06.mp4,5498397,0.123368,1,
write,write,,,video_small,polyglot,6,01-01-04-02-01-01-18_r06.mp4,5498397,0.134883,1,
write,write,,,video_small,pg_bytea,6,01-01-04-02-01-01-18_r06.mp4,5498397,0.137428,1,
write,write,,,video_small,mongo_gridfs,6,01-01-04-02-01-01-18_r06.mp4,5498397,0.045918,1,
write,write,,,video_small,mongo_gridfs,6,01-01-04-02-01-01-19_r06.mp4,5457041,0.043366,1,
write,write,,,video_small,polyglot,6,01-01-04-02-01-01-19_r06.mp4,5457041,0.068483,1,
write,write,,,video_small,pg_bytea,6,01-01-04-02-01-01-19_r06.mp4,5457041,0.139403,1,
write,write,,,video_small,pg_bytea,6,01-01-04-02-02-01-02_r06.mp4,5498397,0.149000,1,
write,write,,,video_small,mongo_gridfs,6,01-01-04-02-02-01-02_r06.mp4,5498397,0.048705,1,
write,write,,,video_small,polyglot,6,01-01-04-02-02-01-02_r06.mp4,5498397,0.054867,1,
write,write,,,video_small,mongo_gridfs,6,01-01-04-02-02-01-05_r06.mp4,5498397,0.049500,1,
write,write,,,video_small,polyglot,6,01-01-04-02-02-01-05_r06.mp4,5498397,0.048308,1,
write,write,,,video_small,pg_bytea,6,01-01-04-02-02-01-05_r06.mp4,5498397,0.161393,1,
write,write,,,video_small,mongo_gridfs,6,01-01-04-02-02-01-06_r06.mp4,5498397,0.047284,1,
write,write,,,video_small,polyglot,6,01-01-04-02-02-01-06_r06.mp4,5498397,0.067345,1,
write,write,,,video_small,pg_bytea,6,01-01-04-02-02-01-06_r06.mp4,5498397,0.138408,1,
write,write,,,video_small,polyglot,6,01-01-04-02-02-01-13_r06.mp4,5498397,0.066060,1,
write,write,,,video_small,pg_bytea,6,01-01-04-02-02-01-13_r06.mp4,5498397,0.358883,1,
write,write,,,video_small,mongo_gridfs,6,01-01-04-02-02-01-13_r06.mp4,5498397,0.053746,1,
write,write,,,video_small,mongo_gridfs,6,01-01-04-02-02-01-17_r06.mp4,5498397,0.050421,1,
write,write,,,video_small,polyglot,6,01-01-04-02-02-01-17_r06.mp4,5498397,0.234803,1,
write,write,,,video_small,pg_bytea,6,01-01-04-02-02-01-17_r06.mp4,5498397,0.140113,1,
write,write,,,video_small,pg_bytea,6,01-01-04-02-02-02-19_r06.mp4,5498397,0.140404,1,
write,write,,,video_small,polyglot,6,01-01-04-02-02-02-19_r06.mp4,5498397,0.046106,1,
write,write,,,video_small,mongo_gridfs,6,01-01-04-02-02-02-19_r06.mp4,5498397,0.071775,1,
write,write,,,video_small,pg_bytea,6,01-01-05-01-01-02-09_r06.mp4,5498397,0.772403,1,
write,write,,,video_small,polyglot,6,01-01-05-01-01-02-09_r06.mp4,5498397,0.400664,1,
write,write,,,video_small,mongo_gridfs,6,01-01-05-01-01-02-09_r06.mp4,5498397,0.042365,1,
write,write,,,video_small,polyglot,6,01-01-05-01-01-02-19_r06.mp4,5498397,0.493524,1,
write,write,,,video_small,mongo_gridfs,6,01-01-05-01-01-02-19_r06.mp4,5498397,0.050049,1,
write,write,,,video_small,pg_bytea,6,01-01-05-01-01-02-19_r06.mp4,5498397,1.001934,1,
write,write,,,video_small,polyglot,6,01-01-05-01-01-02-21_r06.mp4,5457041,0.392657,1,
write,write,,,video_small,mongo_gridfs,6,01-01-05-01-01-02-21_r06.mp4,5457041,0.066587,1,
write,write,,,video_small,pg_bytea,6,01-01-05-01-01-02-21_r06.mp4,5457041,0.538875,1,
write,write,,,video_small,polyglot,6,01-01-05-01-02-01-19_r06.mp4,5457041,0.048183,1,
write,write,,,video_small,pg_bytea,6,01-01-05-01-02-01-19_r06.mp4,5457041,0.143639,1,
write,write,,,video_small,mongo_gridfs,6,01-01-05-01-02-01-19_r06.mp4,5457041,0.051671,1,
write,write,,,video_small,polyglot,6,01-01-05-01-02-02-04_r06.mp4,5457041,0.065272,1,
write,write,,,video_small,pg_bytea,6,01-01-05-01-02-02-04_r06.mp4,5457041,0.146801,1,
write,write,,,video_small,mongo_gridfs,6,01-01-05-01-02-02-04_r06.mp4,5457041,0.050250,1,
write,write,,,video_small,pg_bytea,6,01-01-05-01-02-02-05_r06.mp4,5498397,0.137509,1,
write,write,,,video_small,polyglot,6,01-01-05-01-02-02-05_r06.mp4,5498397,0.047914,1,
write,write,,,video_small,mongo_gridfs,6,01-01-05-01-02-02-05_r06.mp4,5498397,0.045902,1,
write,write,,,video_small,mongo_gridfs,6,01-01-05-02-01-02-04_r06.mp4,5457041,0.045983,1,
write,write,,,video_small,polyglot,6,01-01-05-02-01-02-04_r06.mp4,5457041,0.052629,1,
write,write,,,video_small,pg_bytea,6,01-01-05-02-01-02-04_r06.mp4,5457041,0.148788,1,
write,write,,,video_small,polyglot,6,01-01-05-02-01-02-12_r06.mp4,5457041,0.045884,1,
write,write,,,video_small,mongo_gridfs,6,01-01-05-02-01-02-12_r06.mp4,5457041,0.045850,1,
write,write,,,video_small,pg_bytea,6,01-01-05-02-01-02-12_r06.mp4,5457041,0.145639,1,
write,write,,,video_small,polyglot,6,01-01-05-02-01-02-14_r06.mp4,5457041,0.054206,1,
write,write,,,video_small,pg_bytea,6,01-01-05-02-01-02-14_r06.mp4,5457041,0.186024,1,
write,write,,,video_small,mongo_gridfs,6,01-01-05-02-01-02-14_r06.mp4,5457041,0.043116,1,
write,write,,,video_small,mongo_gridfs,6,01-01-05-02-02-02-19_r06.mp4,5498397,0.045322,1,
write,write,,,video_small,polyglot,6,01-01-05-02-02-02-19_r06.mp4,5498397,0.046719,1,
write,write,,,video_small,pg_bytea,6,01-01-05-02-02-02-19_r06.mp4,5498397,0.137406,1,
write,write,,,video_small,polyglot,6,01-01-05-02-02-02-20_r06.mp4,5498397,0.061670,1,
write,write,,,video_small,pg_bytea,6,01-01-05-02-02-02-20_r06.mp4,5498397,0.135568,1,
write,write,,,video_small,mongo_gridfs,6,01-01-05-02-02-02-20_r06.mp4,5498397,0.045642,1,
write,write,,,video_small,mongo_gridfs,6,01-01-05-02-02-02-23_r06.mp4,5498397,0.048055,1,
write,write,,,video_small,polyglot,6,01-01-05-02-02-02-23_r06.mp4,5498397,0.066499,1,
write,write,,,video_small,pg_bytea,6,01-01-05-02-02-02-23_r06.mp4,5498397,0.195774,1,
write,write,,,video_small,pg_bytea,6,01-01-06-01-01-01-08_r06.mp4,5457041,0.138712,1,
write,write,,,video_small,polyglot,6,01-01-06-01-01-01-08_r06.mp4,5457041,0.046871,1,
write,write,,,video_small,mongo_gridfs,6,01-01-06-01-01-01-08_r06.mp4,5457041,0.041843,1,
write,write,,,video_small,mongo_gridfs,6,01-01-06-01-01-01-19_r06.mp4,5457041,0.044526,1,
write,write,,,video_small,pg_bytea,6,01-01-06-01-01-01-19_r06.mp4,5457041,0.132832,1,
write,write,,,video_small,polyglot,6,01-01-06-01-01-01-19_r06.mp4,5457041,0.042480,1,
write,write,,,video_small,polyglot,6,01-01-06-01-01-01-24_r06.mp4,5498397,0.051175,1,
write,write,,,video_small,pg_bytea,6,01-01-06-01-01-01-24_r06.mp4,5498397,0.133560,1,
write,write,,,video_small,mongo_gridfs,6,01-01-06-01-01-01-24_r06.mp4,5498397,0.052938,1,
write,write,,,video_medium,pg_bytea,6,tsinghua_v_0024_r06.mp4,13091522,0.400537,1,
write,write,,,video_medium,polyglot,6,tsinghua_v_0024_r06.mp4,13091522,0.148367,1,
write,write,,,video_medium,mongo_gridfs,6,tsinghua_v_0024_r06.mp4,13091522,0.103571,1,
write,write,,,video_medium,mongo_gridfs,6,tsinghua_v_0046_r06.mp4,13091522,0.097938,1,
write,write,,,video_medium,pg_bytea,6,tsinghua_v_0046_r06.mp4,13091522,0.370211,1,
write,write,,,video_medium,polyglot,6,tsinghua_v_0046_r06.mp4,13091522,0.136925,1,
write,write,,,video_medium,pg_bytea,6,tsinghua_v_0076_r06.mp4,13091522,0.340335,1,
write,write,,,video_medium,mongo_gridfs,6,tsinghua_v_0076_r06.mp4,13091522,0.117628,1,
write,write,,,video_medium,polyglot,6,tsinghua_v_0076_r06.mp4,13091522,0.107569,1,
write,write,,,video_medium,polyglot,6,tsinghua_v_0080_r06.mp4,13091522,0.106252,1,
write,write,,,video_medium,mongo_gridfs,6,tsinghua_v_0080_r06.mp4,13091522,0.099620,1,
write,write,,,video_medium,pg_bytea,6,tsinghua_v_0080_r06.mp4,13091522,0.322122,1,
write,write,,,video_medium,mongo_gridfs,6,tsinghua_v_0109_r06.mp4,13091522,0.108450,1,
write,write,,,video_medium,pg_bytea,6,tsinghua_v_0109_r06.mp4,13091522,0.390092,1,
write,write,,,video_medium,polyglot,6,tsinghua_v_0109_r06.mp4,13091522,0.103650,1,
write,write,,,video_medium,pg_bytea,6,tsinghua_v_0123_r06.mp4,13091522,0.318393,1,
write,write,,,video_medium,polyglot,6,tsinghua_v_0123_r06.mp4,13091522,0.109220,1,
write,write,,,video_medium,mongo_gridfs,6,tsinghua_v_0123_r06.mp4,13091522,0.100770,1,
write,write,,,video_medium,mongo_gridfs,6,tsinghua_v_0130_r06.mp4,13091522,0.107497,1,
write,write,,,video_medium,pg_bytea,6,tsinghua_v_0130_r06.mp4,13091522,0.330402,1,
write,write,,,video_medium,polyglot,6,tsinghua_v_0130_r06.mp4,13091522,0.113314,1,
write,write,,,video_medium,polyglot,6,tsinghua_v_0135_r06.mp4,13091522,0.112701,1,
write,write,,,video_medium,pg_bytea,6,tsinghua_v_0135_r06.mp4,13091522,0.335949,1,
write,write,,,video_medium,mongo_gridfs,6,tsinghua_v_0135_r06.mp4,13091522,0.109767,1,
write,write,,,video_medium,pg_bytea,6,tsinghua_v_0137_r06.mp4,13091522,0.325536,1,
write,write,,,video_medium,polyglot,6,tsinghua_v_0137_r06.mp4,13091522,0.117414,1,
write,write,,,video_medium,mongo_gridfs,6,tsinghua_v_0137_r06.mp4,13091522,0.111748,1,
write,write,,,video_medium,polyglot,6,tsinghua_v_0140_r06.mp4,13091522,0.117437,1,
write,write,,,video_medium,pg_bytea,6,tsinghua_v_0140_r06.mp4,13091522,0.415851,1,
write,write,,,video_medium,mongo_gridfs,6,tsinghua_v_0140_r06.mp4,13091522,0.102299,1,
write,write,,,video_medium,pg_bytea,6,tsinghua_v_0151_r06.mp4,13091522,0.365561,1,
write,write,,,video_medium,polyglot,6,tsinghua_v_0151_r06.mp4,13091522,0.099776,1,
write,write,,,video_medium,mongo_gridfs,6,tsinghua_v_0151_r06.mp4,13091522,0.098266,1,
write,write,,,video_medium,mongo_gridfs,6,tsinghua_v_0157_r06.mp4,13091522,0.109264,1,
write,write,,,video_medium,pg_bytea,6,tsinghua_v_0157_r06.mp4,13091522,0.361744,1,
write,write,,,video_medium,polyglot,6,tsinghua_v_0157_r06.mp4,13091522,0.112043,1,
write,write,,,video_medium,pg_bytea,6,tsinghua_v_0209_r06.mp4,13091522,0.293821,1,
write,write,,,video_medium,polyglot,6,tsinghua_v_0209_r06.mp4,13091522,0.114412,1,
write,write,,,video_medium,mongo_gridfs,6,tsinghua_v_0209_r06.mp4,13091522,0.108256,1,
write,write,,,video_medium,mongo_gridfs,6,tsinghua_v_0226_r06.mp4,13091522,0.102547,1,
write,write,,,video_medium,polyglot,6,tsinghua_v_0226_r06.mp4,13091522,0.103359,1,
write,write,,,video_medium,pg_bytea,6,tsinghua_v_0226_r06.mp4,13091522,0.315107,1,
write,write,,,video_medium,mongo_gridfs,6,tsinghua_v_0236_r06.mp4,13091522,0.106627,1,
write,write,,,video_medium,pg_bytea,6,tsinghua_v_0236_r06.mp4,13091522,0.363728,1,
write,write,,,video_medium,polyglot,6,tsinghua_v_0236_r06.mp4,13091522,0.104305,1,
write,write,,,video_medium,polyglot,6,tsinghua_v_0274_r06.mp4,13091522,0.105809,1,
write,write,,,video_medium,pg_bytea,6,tsinghua_v_0274_r06.mp4,13091522,0.364668,1,
write,write,,,video_medium,mongo_gridfs,6,tsinghua_v_0274_r06.mp4,13091522,0.105703,1,
write,write,,,video_medium,polyglot,6,tsinghua_v_0280_r06.mp4,13091522,0.240390,1,
write,write,,,video_medium,mongo_gridfs,6,tsinghua_v_0280_r06.mp4,13091522,0.098792,1,
write,write,,,video_medium,pg_bytea,6,tsinghua_v_0280_r06.mp4,13091522,0.303294,1,
write,write,,,video_medium,pg_bytea,6,tsinghua_v_0302_r06.mp4,13091522,0.426352,1,
write,write,,,video_medium,mongo_gridfs,6,tsinghua_v_0302_r06.mp4,13091522,0.118612,1,
write,write,,,video_medium,polyglot,6,tsinghua_v_0302_r06.mp4,13091522,0.109818,1,
write,write,,,video_medium,pg_bytea,6,tsinghua_v_0311_r06.mp4,13091522,0.319704,1,
write,write,,,video_medium,mongo_gridfs,6,tsinghua_v_0311_r06.mp4,13091522,0.117176,1,
write,write,,,video_medium,polyglot,6,tsinghua_v_0311_r06.mp4,13091522,0.099285,1,
write,write,,,video_medium,pg_bytea,6,tsinghua_v_0316_r06.mp4,13091522,0.427805,1,
write,write,,,video_medium,mongo_gridfs,6,tsinghua_v_0316_r06.mp4,13091522,0.098813,1,
write,write,,,video_medium,polyglot,6,tsinghua_v_0316_r06.mp4,13091522,0.111621,1,
write,write,,,video_medium,polyglot,6,tsinghua_v_0319_r06.mp4,13091522,0.129284,1,
write,write,,,video_medium,mongo_gridfs,6,tsinghua_v_0319_r06.mp4,13091522,0.105681,1,
write,write,,,video_medium,pg_bytea,6,tsinghua_v_0319_r06.mp4,13091522,0.347584,1,
write,write,,,video_medium,polyglot,6,tsinghua_v_0321_r06.mp4,13091522,0.099175,1,
write,write,,,video_medium,mongo_gridfs,6,tsinghua_v_0321_r06.mp4,13091522,0.096551,1,
write,write,,,video_medium,pg_bytea,6,tsinghua_v_0321_r06.mp4,13091522,0.309800,1,
write,write,,,video_medium,mongo_gridfs,6,tsinghua_v_0331_r06.mp4,13091522,0.100881,1,
write,write,,,video_medium,pg_bytea,6,tsinghua_v_0331_r06.mp4,13091522,0.316024,1,
write,write,,,video_medium,polyglot,6,tsinghua_v_0331_r06.mp4,13091522,0.102723,1,
write,write,,,video_medium,mongo_gridfs,6,tsinghua_v_0345_r06.mp4,13091522,0.100276,1,
write,write,,,video_medium,pg_bytea,6,tsinghua_v_0345_r06.mp4,13091522,0.371067,1,
write,write,,,video_medium,polyglot,6,tsinghua_v_0345_r06.mp4,13091522,0.102838,1,
write,write,,,video_medium,pg_bytea,6,tsinghua_v_0356_r06.mp4,13091522,0.315757,1,
write,write,,,video_medium,polyglot,6,tsinghua_v_0356_r06.mp4,13091522,0.098373,1,
write,write,,,video_medium,mongo_gridfs,6,tsinghua_v_0356_r06.mp4,13091522,0.097515,1,
write,write,,,video_medium,pg_bytea,6,tsinghua_v_0357_r06.mp4,13091522,0.401561,1,
write,write,,,video_medium,polyglot,6,tsinghua_v_0357_r06.mp4,13091522,0.099546,1,
write,write,,,video_medium,mongo_gridfs,6,tsinghua_v_0357_r06.mp4,13091522,0.099980,1,
write,write,,,video_medium,mongo_gridfs,6,tsinghua_v_0379_r06.mp4,13091522,0.098384,1,
write,write,,,video_medium,polyglot,6,tsinghua_v_0379_r06.mp4,13091522,0.100279,1,
write,write,,,video_medium,pg_bytea,6,tsinghua_v_0379_r06.mp4,13091522,0.302448,1,
write,write,,,video_medium,pg_bytea,6,tsinghua_v_0393_r06.mp4,13091522,0.314119,1,
write,write,,,video_medium,mongo_gridfs,6,tsinghua_v_0393_r06.mp4,13091522,0.102660,1,
write,write,,,video_medium,polyglot,6,tsinghua_v_0393_r06.mp4,13091522,0.322237,1,
write,write,,,video_medium,pg_bytea,6,tsinghua_v_0421_r06.mp4,13091522,0.410591,1,
write,write,,,video_medium,mongo_gridfs,6,tsinghua_v_0421_r06.mp4,13091522,0.092780,1,
write,write,,,video_medium,polyglot,6,tsinghua_v_0421_r06.mp4,13091522,0.096910,1,
write,write,,,video_medium,mongo_gridfs,6,tsinghua_v_0424_r06.mp4,13091522,0.104270,1,
write,write,,,video_medium,polyglot,6,tsinghua_v_0424_r06.mp4,13091522,0.104793,1,
write,write,,,video_medium,pg_bytea,6,tsinghua_v_0424_r06.mp4,13091522,0.341650,1,
write,write,,,video_medium,mongo_gridfs,6,tsinghua_v_0427_r06.mp4,13091522,0.101390,1,
write,write,,,video_medium,polyglot,6,tsinghua_v_0427_r06.mp4,13091522,0.124097,1,
write,write,,,video_medium,pg_bytea,6,tsinghua_v_0427_r06.mp4,13091522,0.317911,1,
write,write,,,video_medium,polyglot,6,tsinghua_v_0431_r06.mp4,13091522,0.097419,1,
write,write,,,video_medium,pg_bytea,6,tsinghua_v_0431_r06.mp4,13091522,0.397233,1,
write,write,,,video_medium,mongo_gridfs,6,tsinghua_v_0431_r06.mp4,13091522,0.098090,1,
write,write,,,video_medium,pg_bytea,6,tsinghua_v_0452_r06.mp4,13091522,0.374124,1,
write,write,,,video_medium,mongo_gridfs,6,tsinghua_v_0452_r06.mp4,13091522,0.144320,1,
write,write,,,video_medium,polyglot,6,tsinghua_v_0452_r06.mp4,13091522,0.543281,1,
write,write,,,video_medium,mongo_gridfs,6,tsinghua_v_0454_r06.mp4,13091522,0.135851,1,
write,write,,,video_medium,polyglot,6,tsinghua_v_0454_r06.mp4,13091522,0.153206,1,
write,write,,,video_medium,pg_bytea,6,tsinghua_v_0454_r06.mp4,13091522,0.481137,1,
write,write,,,video_medium,pg_bytea,6,tsinghua_v_0457_r06.mp4,13091522,0.309769,1,
write,write,,,video_medium,mongo_gridfs,6,tsinghua_v_0457_r06.mp4,13091522,0.103538,1,
write,write,,,video_medium,polyglot,6,tsinghua_v_0457_r06.mp4,13091522,0.097466,1,
write,write,,,video_medium,polyglot,6,tsinghua_v_0466_r06.mp4,13091522,0.097492,1,
write,write,,,video_medium,pg_bytea,6,tsinghua_v_0466_r06.mp4,13091522,0.415018,1,
write,write,,,video_medium,mongo_gridfs,6,tsinghua_v_0466_r06.mp4,13091522,0.098759,1,
write,write,,,video_medium,mongo_gridfs,6,tsinghua_v_0471_r06.mp4,13091522,0.100751,1,
write,write,,,video_medium,polyglot,6,tsinghua_v_0471_r06.mp4,13091522,0.113223,1,
write,write,,,video_medium,pg_bytea,6,tsinghua_v_0471_r06.mp4,13091522,0.329647,1,
write,write,,,video_medium,polyglot,6,tsinghua_v_0472_r06.mp4,13091522,0.511274,1,
write,write,,,video_medium,pg_bytea,6,tsinghua_v_0472_r06.mp4,13091522,0.318433,1,
write,write,,,video_medium,mongo_gridfs,6,tsinghua_v_0472_r06.mp4,13091522,0.095039,1,
write,write,,,video_medium,mongo_gridfs,6,tsinghua_v_0494_r06.mp4,13091522,0.101956,1,
write,write,,,video_medium,polyglot,6,tsinghua_v_0494_r06.mp4,13091522,0.206194,1,
write,write,,,video_medium,pg_bytea,6,tsinghua_v_0494_r06.mp4,13091522,0.358286,1,
write,write,,,video_medium,mongo_gridfs,6,tsinghua_v_0503_r06.mp4,13091522,0.096875,1,
write,write,,,video_medium,polyglot,6,tsinghua_v_0503_r06.mp4,13091522,0.109836,1,
write,write,,,video_medium,pg_bytea,6,tsinghua_v_0503_r06.mp4,13091522,0.596493,1,
write,write,,,video_medium,pg_bytea,6,tsinghua_v_0509_r06.mp4,13091522,0.323621,1,
write,write,,,video_medium,mongo_gridfs,6,tsinghua_v_0509_r06.mp4,13091522,0.107489,1,
write,write,,,video_medium,polyglot,6,tsinghua_v_0509_r06.mp4,13091522,0.104848,1,
write,write,,,video_medium,mongo_gridfs,6,tsinghua_v_0523_r06.mp4,13091522,0.113381,1,
write,write,,,video_medium,pg_bytea,6,tsinghua_v_0523_r06.mp4,13091522,0.491122,1,
write,write,,,video_medium,polyglot,6,tsinghua_v_0523_r06.mp4,13091522,0.113835,1,
write,write,,,video_medium,polyglot,6,tsinghua_v_0546_r06.mp4,13091522,0.117310,1,
write,write,,,video_medium,mongo_gridfs,6,tsinghua_v_0546_r06.mp4,13091522,0.114328,1,
write,write,,,video_medium,pg_bytea,6,tsinghua_v_0546_r06.mp4,13091522,0.426287,1,
write,write,,,video_medium,pg_bytea,6,tsinghua_v_0568_r06.mp4,13091522,0.309770,1,
write,write,,,video_medium,mongo_gridfs,6,tsinghua_v_0568_r06.mp4,13091522,0.106483,1,
write,write,,,video_medium,polyglot,6,tsinghua_v_0568_r06.mp4,13091522,0.111541,1,
write,write,,,video_medium,mongo_gridfs,6,tsinghua_v_0594_r06.mp4,13091522,0.105801,1,
write,write,,,video_medium,polyglot,6,tsinghua_v_0594_r06.mp4,13091522,0.144495,1,
write,write,,,video_medium,pg_bytea,6,tsinghua_v_0594_r06.mp4,13091522,0.342414,1,
write,write,,,video_medium,polyglot,6,tsinghua_v_0596_r06.mp4,13091522,0.112242,1,
write,write,,,video_medium,pg_bytea,6,tsinghua_v_0596_r06.mp4,13091522,0.443114,1,
write,write,,,video_medium,mongo_gridfs,6,tsinghua_v_0596_r06.mp4,13091522,0.108110,1,
write,write,,,video_medium,polyglot,6,tsinghua_v_0635_r06.mp4,13091522,0.326904,1,
write,write,,,video_medium,mongo_gridfs,6,tsinghua_v_0635_r06.mp4,13091522,0.102016,1,
write,write,,,video_medium,pg_bytea,6,tsinghua_v_0635_r06.mp4,13091522,0.317945,1,
write,write,,,video_medium,mongo_gridfs,6,tsinghua_v_0653_r06.mp4,13091522,0.102781,1,
write,write,,,video_medium,polyglot,6,tsinghua_v_0653_r06.mp4,13091522,0.118548,1,
write,write,,,video_medium,pg_bytea,6,tsinghua_v_0653_r06.mp4,13091522,0.623312,1,
write,write,,,video_medium,pg_bytea,6,tsinghua_v_0667_r06.mp4,13091522,0.301011,1,
write,write,,,video_medium,polyglot,6,tsinghua_v_0667_r06.mp4,13091522,0.112261,1,
write,write,,,video_medium,mongo_gridfs,6,tsinghua_v_0667_r06.mp4,13091522,0.102054,1,
write,write,,,video_medium,polyglot,6,tsinghua_v_0673_r06.mp4,13091522,0.109118,1,
write,write,,,video_medium,mongo_gridfs,6,tsinghua_v_0673_r06.mp4,13091522,0.112240,1,
write,write,,,video_medium,pg_bytea,6,tsinghua_v_0673_r06.mp4,13091522,0.320752,1,
write,write,,,video_medium,pg_bytea,6,tsinghua_v_0681_r06.mp4,13091522,0.417528,1,
write,write,,,video_medium,polyglot,6,tsinghua_v_0681_r06.mp4,13091522,0.222081,1,
write,write,,,video_medium,mongo_gridfs,6,tsinghua_v_0681_r06.mp4,13091522,0.132025,1,
write,write,,,video_medium,mongo_gridfs,6,tsinghua_v_0690_r06.mp4,13091522,0.102480,1,
write,write,,,video_medium,polyglot,6,tsinghua_v_0690_r06.mp4,13091522,0.146007,1,
write,write,,,video_medium,pg_bytea,6,tsinghua_v_0690_r06.mp4,13091522,0.345483,1,
write,write,,,video_medium,mongo_gridfs,6,tsinghua_v_0692_r06.mp4,13091522,0.129972,1,
write,write,,,video_medium,polyglot,6,tsinghua_v_0692_r06.mp4,13091522,0.537103,1,
write,write,,,video_medium,pg_bytea,6,tsinghua_v_0692_r06.mp4,13091522,0.309687,1,
write,write,,,video_medium,mongo_gridfs,6,tsinghua_v_0696_r06.mp4,13091522,0.099348,1,
write,write,,,video_medium,polyglot,6,tsinghua_v_0696_r06.mp4,13091522,0.104893,1,
write,write,,,video_medium,pg_bytea,6,tsinghua_v_0696_r06.mp4,13091522,0.323144,1,
write,write,,,video_medium,mongo_gridfs,6,tsinghua_v_0734_r06.mp4,13091522,0.109775,1,
write,write,,,video_medium,polyglot,6,tsinghua_v_0734_r06.mp4,13091522,0.106137,1,
write,write,,,video_medium,pg_bytea,6,tsinghua_v_0734_r06.mp4,13091522,0.623020,1,
write,write,,,video_medium,mongo_gridfs,6,tsinghua_v_0737_r06.mp4,13091522,0.101191,1,
write,write,,,video_medium,polyglot,6,tsinghua_v_0737_r06.mp4,13091522,0.102912,1,
write,write,,,video_medium,pg_bytea,6,tsinghua_v_0737_r06.mp4,13091522,0.316987,1,
write,write,,,video_medium,pg_bytea,6,tsinghua_v_0744_r06.mp4,13091522,0.451766,1,
write,write,,,video_medium,mongo_gridfs,6,tsinghua_v_0744_r06.mp4,13091522,0.124295,1,
write,write,,,video_medium,polyglot,6,tsinghua_v_0744_r06.mp4,13091522,0.111750,1,
write,write,,,video_medium,polyglot,6,tsinghua_v_0745_r06.mp4,13091522,0.119081,1,
write,write,,,video_medium,pg_bytea,6,tsinghua_v_0745_r06.mp4,13091522,0.366571,1,
write,write,,,video_medium,mongo_gridfs,6,tsinghua_v_0745_r06.mp4,13091522,0.151345,1,
write,write,,,video_medium,pg_bytea,6,tsinghua_v_0769_r06.mp4,13091522,0.393315,1,
write,write,,,video_medium,polyglot,6,tsinghua_v_0769_r06.mp4,13091522,0.116689,1,
write,write,,,video_medium,mongo_gridfs,6,tsinghua_v_0769_r06.mp4,13091522,0.107063,1,
write,write,,,video_medium,pg_bytea,6,tsinghua_v_0791_r06.mp4,13091522,0.330739,1,
write,write,,,video_medium,mongo_gridfs,6,tsinghua_v_0791_r06.mp4,13091522,0.178161,1,
write,write,,,video_medium,polyglot,6,tsinghua_v_0791_r06.mp4,13091522,0.123102,1,
write,write,,,video_medium,pg_bytea,6,tsinghua_v_0792_r06.mp4,13091522,0.387697,1,
write,write,,,video_medium,mongo_gridfs,6,tsinghua_v_0792_r06.mp4,13091522,0.117442,1,
write,write,,,video_medium,polyglot,6,tsinghua_v_0792_r06.mp4,13091522,0.297920,1,
write,write,,,video_medium,pg_bytea,6,tsinghua_v_0857_r06.mp4,13091522,0.547993,1,
write,write,,,video_medium,polyglot,6,tsinghua_v_0857_r06.mp4,13091522,0.123886,1,
write,write,,,video_medium,mongo_gridfs,6,tsinghua_v_0857_r06.mp4,13091522,0.104561,1,
write,write,,,video_medium,polyglot,6,tsinghua_v_0866_r06.mp4,13091522,0.106277,1,
write,write,,,video_medium,mongo_gridfs,6,tsinghua_v_0866_r06.mp4,13091522,0.109307,1,
write,write,,,video_medium,pg_bytea,6,tsinghua_v_0866_r06.mp4,13091522,0.350704,1,
write,write,,,video_medium,mongo_gridfs,6,tsinghua_v_0880_r06.mp4,13091522,0.105664,1,
write,write,,,video_medium,pg_bytea,6,tsinghua_v_0880_r06.mp4,13091522,0.346297,1,
write,write,,,video_medium,polyglot,6,tsinghua_v_0880_r06.mp4,13091522,0.331823,1,
write,write,,,video_medium,pg_bytea,6,tsinghua_v_0888_r06.mp4,13091522,0.326712,1,
write,write,,,video_medium,mongo_gridfs,6,tsinghua_v_0888_r06.mp4,13091522,0.102736,1,
write,write,,,video_medium,polyglot,6,tsinghua_v_0888_r06.mp4,13091522,0.098230,1,
write,write,,,video_medium,polyglot,6,tsinghua_v_0901_r06.mp4,13091522,0.129023,1,
write,write,,,video_medium,pg_bytea,6,tsinghua_v_0901_r06.mp4,13091522,0.545623,1,
write,write,,,video_medium,mongo_gridfs,6,tsinghua_v_0901_r06.mp4,13091522,0.100535,1,
write,write,,,video_medium,pg_bytea,6,tsinghua_v_0937_r06.mp4,13091522,0.343524,1,
write,write,,,video_medium,mongo_gridfs,6,tsinghua_v_0937_r06.mp4,13091522,0.104353,1,
write,write,,,video_medium,polyglot,6,tsinghua_v_0937_r06.mp4,13091522,0.112637,1,
write,write,,,video_medium,mongo_gridfs,6,tsinghua_v_0939_r06.mp4,13091522,0.109281,1,
write,write,,,video_medium,polyglot,6,tsinghua_v_0939_r06.mp4,13091522,0.120513,1,
write,write,,,video_medium,pg_bytea,6,tsinghua_v_0939_r06.mp4,13091522,0.474132,1,
write,write,,,video_medium,mongo_gridfs,6,tsinghua_v_0961_r06.mp4,13091522,0.109570,1,
write,write,,,video_medium,polyglot,6,tsinghua_v_0961_r06.mp4,13091522,0.119423,1,
write,write,,,video_medium,pg_bytea,6,tsinghua_v_0961_r06.mp4,13091522,0.418507,1,
write,write,,,video_medium,mongo_gridfs,6,tsinghua_v_0977_r06.mp4,13091522,0.102668,1,
write,write,,,video_medium,pg_bytea,6,tsinghua_v_0977_r06.mp4,13091522,0.404533,1,
write,write,,,video_medium,polyglot,6,tsinghua_v_0977_r06.mp4,13091522,0.143857,1,
write,write,,,audio_small,mongo_gridfs,7,03-01-01-01-01-02-19_r07.wav,375720,0.006500,1,
write,write,,,audio_small,polyglot,7,03-01-01-01-01-02-19_r07.wav,375720,0.008201,1,
write,write,,,audio_small,pg_bytea,7,03-01-01-01-01-02-19_r07.wav,375720,0.009182,1,
write,write,,,audio_small,polyglot,7,03-01-01-01-02-02-05_r07.wav,396294,0.006788,1,
write,write,,,audio_small,mongo_gridfs,7,03-01-01-01-02-02-05_r07.wav,396294,0.006553,1,
write,write,,,audio_small,pg_bytea,7,03-01-01-01-02-02-05_r07.wav,396294,0.008633,1,
write,write,,,audio_small,polyglot,7,03-01-01-01-02-02-06_r07.wav,363108,0.007227,1,
write,write,,,audio_small,mongo_gridfs,7,03-01-01-01-02-02-06_r07.wav,363108,0.005327,1,
write,write,,,audio_small,pg_bytea,7,03-01-01-01-02-02-06_r07.wav,363108,0.008260,1,
write,write,,,audio_small,polyglot,7,03-01-01-01-02-02-07_r07.wav,363108,0.006655,1,
write,write,,,audio_small,pg_bytea,7,03-01-01-01-02-02-07_r07.wav,363108,0.007823,1,
write,write,,,audio_small,mongo_gridfs,7,03-01-01-01-02-02-07_r07.wav,363108,0.006240,1,
write,write,,,audio_small,polyglot,7,03-01-01-01-02-02-11_r07.wav,375720,0.013320,1,
write,write,,,audio_small,mongo_gridfs,7,03-01-01-01-02-02-11_r07.wav,375720,0.005202,1,
write,write,,,audio_small,pg_bytea,7,03-01-01-01-02-02-11_r07.wav,375720,0.008511,1,
write,write,,,audio_small,pg_bytea,7,03-01-01-01-02-02-12_r07.wav,372698,0.009461,1,
write,write,,,audio_small,mongo_gridfs,7,03-01-01-01-02-02-12_r07.wav,372698,0.008726,1,
write,write,,,audio_small,polyglot,7,03-01-01-01-02-02-12_r07.wav,372698,0.009828,1,
write,write,,,audio_small,mongo_gridfs,7,03-01-01-01-02-02-13_r07.wav,363108,0.003771,1,
write,write,,,audio_small,polyglot,7,03-01-01-01-02-02-13_r07.wav,363108,0.004782,1,
write,write,,,audio_small,pg_bytea,7,03-01-01-01-02-02-13_r07.wav,363108,0.008113,1,
write,write,,,audio_small,mongo_gridfs,7,03-01-01-02-01-02-05_r07.wav,393086,0.008109,1,
write,write,,,audio_small,pg_bytea,7,03-01-01-02-01-02-05_r07.wav,393086,0.008804,1,
write,write,,,audio_small,polyglot,7,03-01-01-02-01-02-05_r07.wav,393086,0.004693,1,
write,write,,,audio_small,mongo_gridfs,7,03-01-01-02-01-02-06_r07.wav,363108,0.003738,1,
write,write,,,audio_small,pg_bytea,7,03-01-01-02-01-02-06_r07.wav,363108,0.013287,1,
write,write,,,audio_small,polyglot,7,03-01-01-02-01-02-06_r07.wav,363108,0.008634,1,
write,write,,,audio_small,mongo_gridfs,7,03-01-01-02-01-02-07_r07.wav,372698,0.004456,1,
write,write,,,audio_small,pg_bytea,7,03-01-01-02-01-02-07_r07.wav,372698,0.015807,1,
write,write,,,audio_small,polyglot,7,03-01-01-02-01-02-07_r07.wav,372698,0.005836,1,
write,write,,,audio_small,mongo_gridfs,7,03-01-01-02-01-02-13_r07.wav,399494,0.004017,1,
write,write,,,audio_small,pg_bytea,7,03-01-01-02-01-02-13_r07.wav,399494,0.008939,1,
write,write,,,audio_small,polyglot,7,03-01-01-02-01-02-13_r07.wav,399494,0.004776,1,
write,write,,,audio_small,polyglot,7,03-01-01-02-02-02-19_r07.wav,372698,0.006093,1,
write,write,,,audio_small,mongo_gridfs,7,03-01-01-02-02-02-19_r07.wav,372698,0.003527,1,
write,write,,,audio_small,pg_bytea,7,03-01-01-02-02-02-19_r07.wav,372698,0.010603,1,
write,write,,,audio_small,pg_bytea,7,03-01-02-01-01-01-19_r07.wav,372698,0.011940,1,
write,write,,,audio_small,mongo_gridfs,7,03-01-02-01-01-01-19_r07.wav,372698,0.005013,1,
write,write,,,audio_small,polyglot,7,03-01-02-01-01-01-19_r07.wav,372698,0.004330,1,
write,write,,,audio_small,mongo_gridfs,7,03-01-02-01-02-01-06_r07.wav,363108,0.003643,1,
write,write,,,audio_small,pg_bytea,7,03-01-02-01-02-01-06_r07.wav,363108,0.011610,1,
write,write,,,audio_small,polyglot,7,03-01-02-01-02-01-06_r07.wav,363108,0.005316,1,
write,write,,,audio_small,polyglot,7,03-01-02-01-02-01-07_r07.wav,399494,0.004527,1,
write,write,,,audio_small,pg_bytea,7,03-01-02-01-02-01-07_r07.wav,399494,0.008300,1,
write,write,,,audio_small,mongo_gridfs,7,03-01-02-01-02-01-07_r07.wav,399494,0.004267,1,
write,write,,,audio_small,mongo_gridfs,7,03-01-02-01-02-01-11_r07.wav,375720,0.004033,1,
write,write,,,audio_small,polyglot,7,03-01-02-01-02-01-11_r07.wav,375720,0.004950,1,
write,write,,,audio_small,pg_bytea,7,03-01-02-01-02-01-11_r07.wav,375720,0.008201,1,
write,write,,,audio_small,mongo_gridfs,7,03-01-02-01-02-01-12_r07.wav,372698,0.003714,1,
write,write,,,audio_small,pg_bytea,7,03-01-02-01-02-01-12_r07.wav,372698,0.009190,1,
write,write,,,audio_small,polyglot,7,03-01-02-01-02-01-12_r07.wav,372698,0.004783,1,
write,write,,,audio_small,pg_bytea,7,03-01-02-01-02-01-13_r07.wav,379106,0.011203,1,
write,write,,,audio_small,polyglot,7,03-01-02-01-02-01-13_r07.wav,379106,0.010011,1,
write,write,,,audio_small,mongo_gridfs,7,03-01-02-01-02-01-13_r07.wav,379106,0.004081,1,
write,write,,,audio_small,polyglot,7,03-01-02-02-01-01-05_r07.wav,363108,0.004085,1,
write,write,,,audio_small,pg_bytea,7,03-01-02-02-01-01-05_r07.wav,363108,0.010477,1,
write,write,,,audio_small,mongo_gridfs,7,03-01-02-02-01-01-05_r07.wav,363108,0.005965,1,
write,write,,,audio_small,polyglot,7,03-01-02-02-01-01-11_r07.wav,363108,0.005237,1,
write,write,,,audio_small,mongo_gridfs,7,03-01-02-02-01-01-11_r07.wav,363108,0.004624,1,
write,write,,,audio_small,pg_bytea,7,03-01-02-02-01-01-11_r07.wav,363108,0.010184,1,
write,write,,,audio_small,polyglot,7,03-01-02-02-01-01-12_r07.wav,399494,0.006593,1,
write,write,,,audio_small,pg_bytea,7,03-01-02-02-01-01-12_r07.wav,399494,0.010380,1,
write,write,,,audio_small,mongo_gridfs,7,03-01-02-02-01-01-12_r07.wav,399494,0.008198,1,
write,write,,,audio_small,mongo_gridfs,7,03-01-02-02-01-01-13_r07.wav,399494,0.006144,1,
write,write,,,audio_small,polyglot,7,03-01-02-02-01-01-13_r07.wav,399494,0.010001,1,
write,write,,,audio_small,pg_bytea,7,03-01-02-02-01-01-13_r07.wav,399494,0.011242,1,
write,write,,,audio_small,polyglot,7,03-01-02-02-02-01-19_r07.wav,379106,0.008047,1,
write,write,,,audio_small,mongo_gridfs,7,03-01-02-02-02-01-19_r07.wav,379106,0.004301,1,
write,write,,,audio_small,pg_bytea,7,03-01-02-02-02-01-19_r07.wav,379106,0.009695,1,
write,write,,,audio_small,mongo_gridfs,7,03-01-03-01-01-02-05_r07.wav,396294,0.004644,1,
write,write,,,audio_small,polyglot,7,03-01-03-01-01-02-05_r07.wav,396294,0.009818,1,
write,write,,,audio_small,pg_bytea,7,03-01-03-01-01-02-05_r07.wav,396294,0.013295,1,
write,write,,,audio_small,pg_bytea,7,03-01-03-01-01-02-07_r07.wav,393086,0.011172,1,
write,write,,,audio_small,polyglot,7,03-01-03-01-01-02-07_r07.wav,393086,0.010204,1,
write,write,,,audio_small,mongo_gridfs,7,03-01-03-01-01-02-07_r07.wav,393086,0.005389,1,
write,write,,,audio_small,mongo_gridfs,7,03-01-03-01-01-02-12_r07.wav,399494,0.006691,1,
write,write,,,audio_small,pg_bytea,7,03-01-03-01-01-02-12_r07.wav,399494,0.012415,1,
write,write,,,audio_small,polyglot,7,03-01-03-01-01-02-12_r07.wav,399494,0.007463,1,
write,write,,,audio_small,pg_bytea,7,03-01-03-01-01-02-13_r07.wav,399494,0.010276,1,
write,write,,,audio_small,mongo_gridfs,7,03-01-03-01-01-02-13_r07.wav,399494,0.006102,1,
write,write,,,audio_small,polyglot,7,03-01-03-01-01-02-13_r07.wav,399494,0.006856,1,
write,write,,,audio_small,mongo_gridfs,7,03-01-03-01-02-02-18_r07.wav,393086,0.005555,1,
write,write,,,audio_small,polyglot,7,03-01-03-01-02-02-18_r07.wav,393086,0.008823,1,
write,write,,,audio_small,pg_bytea,7,03-01-03-01-02-02-18_r07.wav,393086,0.012284,1,
write,write,,,audio_small,pg_bytea,7,03-01-03-01-02-02-19_r07.wav,399494,0.011763,1,
write,write,,,audio_small,mongo_gridfs,7,03-01-03-01-02-02-19_r07.wav,399494,0.007027,1,
write,write,,,audio_small,polyglot,7,03-01-03-01-02-02-19_r07.wav,399494,0.006337,1,
write,write,,,audio_small,mongo_gridfs,7,03-01-03-02-01-02-18_r07.wav,396294,0.004867,1,
write,write,,,audio_small,pg_bytea,7,03-01-03-02-01-02-18_r07.wav,396294,0.010529,1,
write,write,,,audio_small,polyglot,7,03-01-03-02-01-02-18_r07.wav,396294,0.011184,1,
write,write,,,audio_small,polyglot,7,03-01-03-02-01-02-19_r07.wav,372698,0.006370,1,
write,write,,,audio_small,pg_bytea,7,03-01-03-02-01-02-19_r07.wav,372698,0.015489,1,
write,write,,,audio_small,mongo_gridfs,7,03-01-03-02-01-02-19_r07.wav,372698,0.007645,1,
write,write,,,audio_small,polyglot,7,03-01-03-02-02-02-04_r07.wav,379106,0.075966,1,
write,write,,,audio_small,pg_bytea,7,03-01-03-02-02-02-04_r07.wav,379106,0.933799,1,
write,write,,,audio_small,mongo_gridfs,7,03-01-03-02-02-02-04_r07.wav,379106,0.011200,1,
write,write,,,audio_small,polyglot,7,03-01-03-02-02-02-06_r07.wav,399494,0.023551,1,
write,write,,,audio_small,mongo_gridfs,7,03-01-03-02-02-02-06_r07.wav,399494,0.006281,1,
write,write,,,audio_small,pg_bytea,7,03-01-03-02-02-02-06_r07.wav,399494,0.016483,1,
write,write,,,audio_small,pg_bytea,7,03-01-03-02-02-02-07_r07.wav,393086,0.011419,1,
write,write,,,audio_small,mongo_gridfs,7,03-01-03-02-02-02-07_r07.wav,393086,0.006608,1,
write,write,,,audio_small,polyglot,7,03-01-03-02-02-02-07_r07.wav,393086,0.007382,1,
write,write,,,audio_small,mongo_gridfs,7,03-01-03-02-02-02-10_r07.wav,375720,0.007843,1,
write,write,,,audio_small,pg_bytea,7,03-01-03-02-02-02-10_r07.wav,375720,0.011777,1,
write,write,,,audio_small,polyglot,7,03-01-03-02-02-02-10_r07.wav,375720,0.007254,1,
write,write,,,audio_small,pg_bytea,7,03-01-03-02-02-02-11_r07.wav,396294,0.010510,1,
write,write,,,audio_small,polyglot,7,03-01-03-02-02-02-11_r07.wav,396294,0.007461,1,
write,write,,,audio_small,mongo_gridfs,7,03-01-03-02-02-02-11_r07.wav,396294,0.005806,1,
write,write,,,audio_small,pg_bytea,7,03-01-03-02-02-02-13_r07.wav,399494,0.013983,1,
write,write,,,audio_small,mongo_gridfs,7,03-01-03-02-02-02-13_r07.wav,399494,0.006548,1,
write,write,,,audio_small,polyglot,7,03-01-03-02-02-02-13_r07.wav,399494,0.011401,1,
write,write,,,audio_small,pg_bytea,7,03-01-04-01-01-02-01_r07.wav,396294,0.012799,1,
write,write,,,audio_small,polyglot,7,03-01-04-01-01-02-01_r07.wav,396294,0.007328,1,
write,write,,,audio_small,mongo_gridfs,7,03-01-04-01-01-02-01_r07.wav,396294,0.005818,1,
write,write,,,audio_small,polyglot,7,03-01-04-01-01-02-02_r07.wav,379106,0.008925,1,
write,write,,,audio_small,pg_bytea,7,03-01-04-01-01-02-02_r07.wav,379106,0.011877,1,
write,write,,,audio_small,mongo_gridfs,7,03-01-04-01-01-02-02_r07.wav,379106,0.007403,1,
write,write,,,audio_small,polyglot,7,03-01-04-01-01-02-16_r07.wav,379106,0.005805,1,
write,write,,,audio_small,pg_bytea,7,03-01-04-01-01-02-16_r07.wav,379106,0.009265,1,
write,write,,,audio_small,mongo_gridfs,7,03-01-04-01-01-02-16_r07.wav,379106,0.005737,1,
write,write,,,audio_small,polyglot,7,03-01-04-01-02-02-08_r07.wav,372698,0.009555,1,
write,write,,,audio_small,mongo_gridfs,7,03-01-04-01-02-02-08_r07.wav,372698,0.004541,1,
write,write,,,audio_small,pg_bytea,7,03-01-04-01-02-02-08_r07.wav,372698,0.012222,1,
write,write,,,audio_small,pg_bytea,7,03-01-04-01-02-02-09_r07.wav,363108,0.009508,1,
write,write,,,audio_small,polyglot,7,03-01-04-01-02-02-09_r07.wav,363108,0.007051,1,
write,write,,,audio_small,mongo_gridfs,7,03-01-04-01-02-02-09_r07.wav,363108,0.006494,1,
write,write,,,audio_small,pg_bytea,7,03-01-04-01-02-02-20_r07.wav,396294,0.009824,1,
write,write,,,audio_small,polyglot,7,03-01-04-01-02-02-20_r07.wav,396294,0.008834,1,
write,write,,,audio_small,mongo_gridfs,7,03-01-04-01-02-02-20_r07.wav,396294,0.005255,1,
write,write,,,audio_small,mongo_gridfs,7,03-01-04-01-02-02-21_r07.wav,363108,0.004555,1,
write,write,,,audio_small,polyglot,7,03-01-04-01-02-02-21_r07.wav,363108,0.007260,1,
write,write,,,audio_small,pg_bytea,7,03-01-04-01-02-02-21_r07.wav,363108,0.009491,1,
write,write,,,audio_small,mongo_gridfs,7,03-01-04-01-02-02-22_r07.wav,372698,0.005387,1,
write,write,,,audio_small,pg_bytea,7,03-01-04-01-02-02-22_r07.wav,372698,0.009144,1,
write,write,,,audio_small,polyglot,7,03-01-04-01-02-02-22_r07.wav,372698,0.004807,1,
write,write,,,audio_small,mongo_gridfs,7,03-01-04-01-02-02-23_r07.wav,363108,0.004533,1,
write,write,,,audio_small,pg_bytea,7,03-01-04-01-02-02-23_r07.wav,363108,0.009035,1,
write,write,,,audio_small,polyglot,7,03-01-04-01-02-02-23_r07.wav,363108,0.006044,1,
write,write,,,audio_small,pg_bytea,7,03-01-04-02-01-02-09_r07.wav,379106,0.011303,1,
write,write,,,audio_small,polyglot,7,03-01-04-02-01-02-09_r07.wav,379106,0.009046,1,
write,write,,,audio_small,mongo_gridfs,7,03-01-04-02-01-02-09_r07.wav,379106,0.005701,1,
write,write,,,audio_small,mongo_gridfs,7,03-01-04-02-01-02-20_r07.wav,379106,0.005192,1,
write,write,,,audio_small,polyglot,7,03-01-04-02-01-02-20_r07.wav,379106,0.014300,1,
write,write,,,audio_small,pg_bytea,7,03-01-04-02-01-02-20_r07.wav,379106,0.011415,1,
write,write,,,audio_small,mongo_gridfs,7,03-01-04-02-01-02-21_r07.wav,393086,0.005531,1,
write,write,,,audio_small,pg_bytea,7,03-01-04-02-01-02-21_r07.wav,393086,0.010511,1,
write,write,,,audio_small,polyglot,7,03-01-04-02-01-02-21_r07.wav,393086,0.007729,1,
write,write,,,audio_small,pg_bytea,7,03-01-04-02-01-02-22_r07.wav,379106,0.010371,1,
write,write,,,audio_small,polyglot,7,03-01-04-02-01-02-22_r07.wav,379106,0.006532,1,
write,write,,,audio_small,mongo_gridfs,7,03-01-04-02-01-02-22_r07.wav,379106,0.005331,1,
write,write,,,audio_small,pg_bytea,7,03-01-04-02-02-02-14_r07.wav,375720,0.012179,1,
write,write,,,audio_small,polyglot,7,03-01-04-02-02-02-14_r07.wav,375720,0.005949,1,
write,write,,,audio_small,mongo_gridfs,7,03-01-04-02-02-02-14_r07.wav,375720,0.004542,1,
write,write,,,audio_small,pg_bytea,7,03-01-04-02-02-02-15_r07.wav,379106,0.011518,1,
write,write,,,audio_small,mongo_gridfs,7,03-01-04-02-02-02-15_r07.wav,379106,0.005728,1,
write,write,,,audio_small,polyglot,7,03-01-04-02-02-02-15_r07.wav,379106,0.006475,1,
write,write,,,audio_small,pg_bytea,7,03-01-04-02-02-02-16_r07.wav,375720,0.013776,1,
write,write,,,audio_small,mongo_gridfs,7,03-01-04-02-02-02-16_r07.wav,375720,0.006738,1,
write,write,,,audio_small,polyglot,7,03-01-04-02-02-02-16_r07.wav,375720,0.007165,1,
write,write,,,audio_small,polyglot,7,03-01-04-02-02-02-17_r07.wav,363108,0.004982,1,
write,write,,,audio_small,mongo_gridfs,7,03-01-04-02-02-02-17_r07.wav,363108,0.004947,1,
write,write,,,audio_small,pg_bytea,7,03-01-04-02-02-02-17_r07.wav,363108,0.013385,1,
write,write,,,audio_small,mongo_gridfs,7,03-01-05-01-01-01-09_r07.wav,393086,0.005709,1,
write,write,,,audio_small,pg_bytea,7,03-01-05-01-01-01-09_r07.wav,393086,0.011242,1,
write,write,,,audio_small,polyglot,7,03-01-05-01-01-01-09_r07.wav,393086,0.011706,1,
write,write,,,audio_small,polyglot,7,03-01-05-01-01-01-22_r07.wav,393086,0.005626,1,
write,write,,,audio_small,mongo_gridfs,7,03-01-05-01-01-01-22_r07.wav,393086,0.004551,1,
write,write,,,audio_small,pg_bytea,7,03-01-05-01-01-01-22_r07.wav,393086,0.010159,1,
write,write,,,audio_small,mongo_gridfs,7,03-01-05-01-02-01-02_r07.wav,372698,0.005027,1,
write,write,,,audio_small,pg_bytea,7,03-01-05-01-02-01-02_r07.wav,372698,0.013831,1,
write,write,,,audio_small,polyglot,7,03-01-05-01-02-01-02_r07.wav,372698,0.005709,1,
write,write,,,audio_small,mongo_gridfs,7,03-01-05-01-02-01-03_r07.wav,396294,0.004824,1,
write,write,,,audio_small,pg_bytea,7,03-01-05-01-02-01-03_r07.wav,396294,0.013142,1,
write,write,,,audio_small,polyglot,7,03-01-05-01-02-01-03_r07.wav,396294,0.007239,1,
write,write,,,audio_small,mongo_gridfs,7,03-01-05-01-02-01-15_r07.wav,363108,0.006396,1,
write,write,,,audio_small,polyglot,7,03-01-05-01-02-01-15_r07.wav,363108,0.006054,1,
write,write,,,audio_small,pg_bytea,7,03-01-05-01-02-01-15_r07.wav,363108,0.012927,1,
write,write,,,audio_small,pg_bytea,7,03-01-05-01-02-01-16_r07.wav,372698,0.011460,1,
write,write,,,audio_small,polyglot,7,03-01-05-01-02-01-16_r07.wav,372698,0.006081,1,
write,write,,,audio_small,mongo_gridfs,7,03-01-05-01-02-01-16_r07.wav,372698,0.005385,1,
write,write,,,audio_small,pg_bytea,7,03-01-05-01-02-01-17_r07.wav,393086,0.012805,1,
write,write,,,audio_small,mongo_gridfs,7,03-01-05-01-02-01-17_r07.wav,393086,0.005811,1,
write,write,,,audio_small,polyglot,7,03-01-05-01-02-01-17_r07.wav,393086,0.009476,1,
write,write,,,audio_small,pg_bytea,7,03-01-05-02-01-01-01_r07.wav,372698,0.010521,1,
write,write,,,audio_small,polyglot,7,03-01-05-02-01-01-01_r07.wav,372698,0.006463,1,
write,write,,,audio_small,mongo_gridfs,7,03-01-05-02-01-01-01_r07.wav,372698,0.004453,1,
write,write,,,audio_small,polyglot,7,03-01-05-02-01-01-02_r07.wav,375720,0.005279,1,
write,write,,,audio_small,mongo_gridfs,7,03-01-05-02-01-01-02_r07.wav,375720,0.004769,1,
write,write,,,audio_small,pg_bytea,7,03-01-05-02-01-01-02_r07.wav,375720,0.009451,1,
write,write,,,audio_small,polyglot,7,03-01-05-02-01-01-03_r07.wav,372698,0.006464,1,
write,write,,,audio_small,pg_bytea,7,03-01-05-02-01-01-03_r07.wav,372698,0.009069,1,
write,write,,,audio_small,mongo_gridfs,7,03-01-05-02-01-01-03_r07.wav,372698,0.004798,1,
write,write,,,audio_small,pg_bytea,7,03-01-05-02-01-01-15_r07.wav,396294,0.011164,1,
write,write,,,audio_small,polyglot,7,03-01-05-02-01-01-15_r07.wav,396294,0.005984,1,
write,write,,,audio_small,mongo_gridfs,7,03-01-05-02-01-01-15_r07.wav,396294,0.005548,1,
write,write,,,audio_small,pg_bytea,7,03-01-05-02-01-01-16_r07.wav,399494,0.010582,1,
write,write,,,audio_small,mongo_gridfs,7,03-01-05-02-01-01-16_r07.wav,399494,0.006572,1,
write,write,,,audio_small,polyglot,7,03-01-05-02-01-01-16_r07.wav,399494,0.007417,1,
write,write,,,audio_small,mongo_gridfs,7,03-01-05-02-01-01-17_r07.wav,363108,0.004890,1,
write,write,,,audio_small,polyglot,7,03-01-05-02-01-01-17_r07.wav,363108,0.005621,1,
write,write,,,audio_small,pg_bytea,7,03-01-05-02-01-01-17_r07.wav,363108,0.009601,1,
write,write,,,audio_small,mongo_gridfs,7,03-01-05-02-02-01-09_r07.wav,396294,0.007218,1,
write,write,,,audio_small,pg_bytea,7,03-01-05-02-02-01-09_r07.wav,396294,0.010592,1,
write,write,,,audio_small,polyglot,7,03-01-05-02-02-01-09_r07.wav,396294,0.006603,1,
write,write,,,audio_small,mongo_gridfs,7,03-01-05-02-02-01-21_r07.wav,375720,0.004792,1,
write,write,,,audio_small,pg_bytea,7,03-01-05-02-02-01-21_r07.wav,375720,0.011169,1,
write,write,,,audio_small,polyglot,7,03-01-05-02-02-01-21_r07.wav,375720,0.005784,1,
write,write,,,audio_small,pg_bytea,7,03-01-05-02-02-01-22_r07.wav,379106,0.011720,1,
write,write,,,audio_small,polyglot,7,03-01-05-02-02-01-22_r07.wav,379106,0.006328,1,
write,write,,,audio_small,mongo_gridfs,7,03-01-05-02-02-01-22_r07.wav,379106,0.005012,1,
write,write,,,audio_medium,mongo_gridfs,7,03-02-01-01-01-02-22_r07.wav,526650,0.006343,1,
write,write,,,audio_medium,polyglot,7,03-02-01-01-01-02-22_r07.wav,526650,0.007203,1,
write,write,,,audio_medium,pg_bytea,7,03-02-01-01-01-02-22_r07.wav,526650,0.017193,1,
write,write,,,audio_medium,mongo_gridfs,7,03-02-01-01-01-02-23_r07.wav,539464,0.007255,1,
write,write,,,audio_medium,pg_bytea,7,03-02-01-01-01-02-23_r07.wav,539464,0.015414,1,
write,write,,,audio_medium,polyglot,7,03-02-01-01-01-02-23_r07.wav,539464,0.008711,1,
write,write,,,audio_medium,polyglot,7,03-02-01-01-02-02-02_r07.wav,539464,0.008982,1,
write,write,,,audio_medium,mongo_gridfs,7,03-02-01-01-02-02-02_r07.wav,539464,0.006730,1,
write,write,,,audio_medium,pg_bytea,7,03-02-01-01-02-02-02_r07.wav,539464,0.014248,1,
write,write,,,audio_medium,polyglot,7,03-02-01-01-02-02-03_r07.wav,520242,0.007799,1,
write,write,,,audio_medium,pg_bytea,7,03-02-01-01-02-02-03_r07.wav,520242,0.013155,1,
write,write,,,audio_medium,mongo_gridfs,7,03-02-01-01-02-02-03_r07.wav,520242,0.007516,1,
write,write,,,audio_medium,mongo_gridfs,7,03-02-01-01-02-02-16_r07.wav,539464,0.006541,1,
write,write,,,audio_medium,polyglot,7,03-02-01-01-02-02-16_r07.wav,539464,0.008888,1,
write,write,,,audio_medium,pg_bytea,7,03-02-01-01-02-02-16_r07.wav,539464,0.017371,1,
write,write,,,audio_medium,polyglot,7,03-02-01-01-02-02-17_r07.wav,561888,0.007849,1,
write,write,,,audio_medium,pg_bytea,7,03-02-01-01-02-02-17_r07.wav,561888,0.015633,1,
write,write,,,audio_medium,mongo_gridfs,7,03-02-01-01-02-02-17_r07.wav,561888,0.007980,1,
write,write,,,audio_medium,pg_bytea,7,03-02-01-02-01-02-01_r07.wav,533056,0.016892,1,
write,write,,,audio_medium,polyglot,7,03-02-01-02-01-02-01_r07.wav,533056,0.011370,1,
write,write,,,audio_medium,mongo_gridfs,7,03-02-01-02-01-02-01_r07.wav,533056,0.006237,1,
write,write,,,audio_medium,mongo_gridfs,7,03-02-01-02-01-02-02_r07.wav,523448,0.006529,1,
write,write,,,audio_medium,polyglot,7,03-02-01-02-01-02-02_r07.wav,523448,0.008429,1,
write,write,,,audio_medium,pg_bytea,7,03-02-01-02-01-02-02_r07.wav,523448,0.013535,1,
write,write,,,audio_medium,pg_bytea,7,03-02-01-02-01-02-03_r07.wav,533056,0.014509,1,
write,write,,,audio_medium,mongo_gridfs,7,03-02-01-02-01-02-03_r07.wav,533056,0.008231,1,
write,write,,,audio_medium,polyglot,7,03-02-01-02-01-02-03_r07.wav,533056,0.009534,1,
write,write,,,audio_medium,pg_bytea,7,03-02-01-02-01-02-15_r07.wav,561882,0.016847,1,
write,write,,,audio_medium,mongo_gridfs,7,03-02-01-02-01-02-15_r07.wav,561882,0.007092,1,
write,write,,,audio_medium,polyglot,7,03-02-01-02-01-02-15_r07.wav,561882,0.009414,1,
write,write,,,audio_medium,pg_bytea,7,03-02-01-02-01-02-16_r07.wav,526650,0.014205,1,
write,write,,,audio_medium,polyglot,7,03-02-01-02-01-02-16_r07.wav,526650,0.007647,1,
write,write,,,audio_medium,mongo_gridfs,7,03-02-01-02-01-02-16_r07.wav,526650,0.005680,1,
write,write,,,audio_medium,pg_bytea,7,03-02-01-02-01-02-17_r07.wav,533056,0.013470,1,
write,write,,,audio_medium,mongo_gridfs,7,03-02-01-02-01-02-17_r07.wav,533056,0.007679,1,
write,write,,,audio_medium,polyglot,7,03-02-01-02-01-02-17_r07.wav,533056,0.009276,1,
write,write,,,audio_medium,mongo_gridfs,7,03-02-01-02-02-02-22_r07.wav,520242,0.005914,1,
write,write,,,audio_medium,pg_bytea,7,03-02-01-02-02-02-22_r07.wav,520242,0.013748,1,
write,write,,,audio_medium,polyglot,7,03-02-01-02-02-02-22_r07.wav,520242,0.010705,1,
write,write,,,audio_medium,pg_bytea,7,03-02-01-02-02-02-23_r07.wav,520242,0.014250,1,
write,write,,,audio_medium,polyglot,7,03-02-01-02-02-02-23_r07.wav,520242,0.008382,1,
write,write,,,audio_medium,mongo_gridfs,7,03-02-01-02-02-02-23_r07.wav,520242,0.007238,1,
write,write,,,audio_medium,pg_bytea,7,03-02-02-01-01-01-22_r07.wav,523448,0.013350,1,
write,write,,,audio_medium,mongo_gridfs,7,03-02-02-01-01-01-22_r07.wav,523448,0.008318,1,
write,write,,,audio_medium,polyglot,7,03-02-02-01-01-01-22_r07.wav,523448,0.007670,1,
write,write,,,audio_medium,mongo_gridfs,7,03-02-02-01-01-01-23_r07.wav,561888,0.006641,1,
write,write,,,audio_medium,pg_bytea,7,03-02-02-01-01-01-23_r07.wav,561888,0.019602,1,
write,write,,,audio_medium,polyglot,7,03-02-02-01-01-01-23_r07.wav,561888,0.012261,1,
write,write,,,audio_medium,mongo_gridfs,7,03-02-02-01-02-01-01_r07.wav,520242,0.006577,1,
write,write,,,audio_medium,polyglot,7,03-02-02-01-02-01-01_r07.wav,520242,0.008890,1,
write,write,,,audio_medium,pg_bytea,7,03-02-02-01-02-01-01_r07.wav,520242,0.015278,1,
write,write,,,audio_medium,mongo_gridfs,7,03-02-02-01-02-01-02_r07.wav,539464,0.006948,1,
write,write,,,audio_medium,pg_bytea,7,03-02-02-01-02-01-02_r07.wav,539464,0.020102,1,
write,write,,,audio_medium,polyglot,7,03-02-02-01-02-01-02_r07.wav,539464,0.009122,1,
write,write,,,audio_medium,pg_bytea,7,03-02-02-01-02-01-03_r07.wav,533056,0.014743,1,
write,write,,,audio_medium,polyglot,7,03-02-02-01-02-01-03_r07.wav,533056,0.009088,1,
write,write,,,audio_medium,mongo_gridfs,7,03-02-02-01-02-01-03_r07.wav,533056,0.007355,1,
write,write,,,audio_medium,polyglot,7,03-02-02-01-02-01-16_r07.wav,561882,0.008986,1,
write,write,,,audio_medium,mongo_gridfs,7,03-02-02-01-02-01-16_r07.wav,561882,0.007979,1,
write,write,,,audio_medium,pg_bytea,7,03-02-02-01-02-01-16_r07.wav,561882,0.015862,1,
write,write,,,audio_medium,pg_bytea,7,03-02-02-02-01-01-01_r07.wav,539464,0.013921,1,
write,write,,,audio_medium,polyglot,7,03-02-02-02-01-01-01_r07.wav,539464,0.008212,1,
write,write,,,audio_medium,mongo_gridfs,7,03-02-02-02-01-01-01_r07.wav,539464,0.006126,1,
write,write,,,audio_medium,polyglot,7,03-02-02-02-01-01-02_r07.wav,526650,0.007342,1,
write,write,,,audio_medium,pg_bytea,7,03-02-02-02-01-01-02_r07.wav,526650,0.032882,1,
write,write,,,audio_medium,mongo_gridfs,7,03-02-02-02-01-01-02_r07.wav,526650,0.008154,1,
write,write,,,audio_medium,pg_bytea,7,03-02-02-02-01-01-15_r07.wav,539464,0.016785,1,
write,write,,,audio_medium,mongo_gridfs,7,03-02-02-02-01-01-15_r07.wav,539464,0.008054,1,
write,write,,,audio_medium,polyglot,7,03-02-02-02-01-01-15_r07.wav,539464,0.009352,1,
write,write,,,audio_medium,pg_bytea,7,03-02-02-02-01-01-16_r07.wav,520242,0.013468,1,
write,write,,,audio_medium,polyglot,7,03-02-02-02-01-01-16_r07.wav,520242,0.007308,1,
write,write,,,audio_medium,mongo_gridfs,7,03-02-02-02-01-01-16_r07.wav,520242,0.006644,1,
write,write,,,audio_medium,pg_bytea,7,03-02-02-02-01-01-17_r07.wav,539464,0.019114,1,
write,write,,,audio_medium,mongo_gridfs,7,03-02-02-02-01-01-17_r07.wav,539464,0.015585,1,
write,write,,,audio_medium,polyglot,7,03-02-02-02-01-01-17_r07.wav,539464,0.008746,1,
write,write,,,audio_medium,mongo_gridfs,7,03-02-02-02-02-01-22_r07.wav,539464,0.006484,1,
write,write,,,audio_medium,pg_bytea,7,03-02-02-02-02-01-22_r07.wav,539464,0.018080,1,
write,write,,,audio_medium,polyglot,7,03-02-02-02-02-01-22_r07.wav,539464,0.009869,1,
write,write,,,audio_medium,polyglot,7,03-02-02-02-02-01-23_r07.wav,520242,0.006702,1,
write,write,,,audio_medium,mongo_gridfs,7,03-02-02-02-02-01-23_r07.wav,520242,0.006717,1,
write,write,,,audio_medium,pg_bytea,7,03-02-02-02-02-01-23_r07.wav,520242,0.013627,1,
write,write,,,audio_medium,mongo_gridfs,7,03-02-03-01-01-02-01_r07.wav,561882,0.009631,1,
write,write,,,audio_medium,polyglot,7,03-02-03-01-01-02-01_r07.wav,561882,0.024953,1,
write,write,,,audio_medium,pg_bytea,7,03-02-03-01-01-02-01_r07.wav,561882,0.021132,1,
write,write,,,audio_medium,mongo_gridfs,7,03-02-03-01-01-02-02_r07.wav,561882,0.008446,1,
write,write,,,audio_medium,pg_bytea,7,03-02-03-01-01-02-02_r07.wav,561882,0.016889,1,
write,write,,,audio_medium,polyglot,7,03-02-03-01-01-02-02_r07.wav,561882,0.009806,1,
write,write,,,audio_medium,polyglot,7,03-02-03-01-01-02-03_r07.wav,539464,0.010063,1,
write,write,,,audio_medium,mongo_gridfs,7,03-02-03-01-01-02-03_r07.wav,539464,0.006872,1,
write,write,,,audio_medium,pg_bytea,7,03-02-03-01-01-02-03_r07.wav,539464,0.016922,1,
write,write,,,audio_medium,polyglot,7,03-02-03-01-01-02-15_r07.wav,526650,0.008054,1,
write,write,,,audio_medium,pg_bytea,7,03-02-03-01-01-02-15_r07.wav,526650,0.014145,1,
write,write,,,audio_medium,mongo_gridfs,7,03-02-03-01-01-02-15_r07.wav,526650,0.006837,1,
write,write,,,audio_medium,polyglot,7,03-02-03-01-01-02-16_r07.wav,520242,0.008314,1,
write,write,,,audio_medium,mongo_gridfs,7,03-02-03-01-01-02-16_r07.wav,520242,0.006346,1,
write,write,,,audio_medium,pg_bytea,7,03-02-03-01-01-02-16_r07.wav,520242,0.014988,1,
write,write,,,audio_medium,pg_bytea,7,03-02-03-01-01-02-17_r07.wav,526650,0.016987,1,
write,write,,,audio_medium,mongo_gridfs,7,03-02-03-01-01-02-17_r07.wav,526650,0.007922,1,
write,write,,,audio_medium,polyglot,7,03-02-03-01-01-02-17_r07.wav,526650,0.009612,1,
write,write,,,audio_medium,mongo_gridfs,7,03-02-03-01-02-02-09_r07.wav,539464,0.008282,1,
write,write,,,audio_medium,polyglot,7,03-02-03-01-02-02-09_r07.wav,539464,0.008045,1,
write,write,,,audio_medium,pg_bytea,7,03-02-03-01-02-02-09_r07.wav,539464,0.019866,1,
write,write,,,audio_medium,mongo_gridfs,7,03-02-03-01-02-02-21_r07.wav,533056,0.007495,1,
write,write,,,audio_medium,pg_bytea,7,03-02-03-01-02-02-21_r07.wav,533056,0.015187,1,
write,write,,,audio_medium,polyglot,7,03-02-03-01-02-02-21_r07.wav,533056,0.009131,1,
write,write,,,audio_medium,mongo_gridfs,7,03-02-03-01-02-02-22_r07.wav,561888,0.006783,1,
write,write,,,audio_medium,pg_bytea,7,03-02-03-01-02-02-22_r07.wav,561888,0.016298,1,
write,write,,,audio_medium,polyglot,7,03-02-03-01-02-02-22_r07.wav,561888,0.011731,1,
write,write,,,audio_medium,polyglot,7,03-02-03-01-02-02-23_r07.wav,539464,0.009067,1,
write,write,,,audio_medium,mongo_gridfs,7,03-02-03-01-02-02-23_r07.wav,539464,0.006083,1,
write,write,,,audio_medium,pg_bytea,7,03-02-03-01-02-02-23_r07.wav,539464,0.016915,1,
write,write,,,audio_medium,mongo_gridfs,7,03-02-03-02-01-02-09_r07.wav,561882,0.007188,1,
write,write,,,audio_medium,pg_bytea,7,03-02-03-02-01-02-09_r07.wav,561882,0.014933,1,
write,write,,,audio_medium,polyglot,7,03-02-03-02-01-02-09_r07.wav,561882,0.011291,1,
write,write,,,audio_medium,mongo_gridfs,7,03-02-03-02-01-02-21_r07.wav,539464,0.006466,1,
write,write,,,audio_medium,pg_bytea,7,03-02-03-02-01-02-21_r07.wav,539464,0.014570,1,
write,write,,,audio_medium,polyglot,7,03-02-03-02-01-02-21_r07.wav,539464,0.014696,1,
write,write,,,audio_medium,pg_bytea,7,03-02-03-02-01-02-22_r07.wav,526650,0.013750,1,
write,write,,,audio_medium,polyglot,7,03-02-03-02-01-02-22_r07.wav,526650,0.008533,1,
write,write,,,audio_medium,mongo_gridfs,7,03-02-03-02-01-02-22_r07.wav,526650,0.006424,1,
write,write,,,audio_medium,polyglot,7,03-02-03-02-01-02-23_r07.wav,561888,0.007449,1,
write,write,,,audio_medium,mongo_gridfs,7,03-02-03-02-01-02-23_r07.wav,561888,0.006556,1,
write,write,,,audio_medium,pg_bytea,7,03-02-03-02-01-02-23_r07.wav,561888,0.069106,1,
write,write,,,audio_medium,pg_bytea,7,03-02-03-02-02-02-01_r07.wav,561882,0.015052,1,
write,write,,,audio_medium,polyglot,7,03-02-03-02-02-02-01_r07.wav,561882,0.007847,1,
write,write,,,audio_medium,mongo_gridfs,7,03-02-03-02-02-02-01_r07.wav,561882,0.008157,1,
write,write,,,audio_medium,pg_bytea,7,03-02-03-02-02-02-02_r07.wav,523448,0.015625,1,
write,write,,,audio_medium,polyglot,7,03-02-03-02-02-02-02_r07.wav,523448,0.008295,1,
write,write,,,audio_medium,mongo_gridfs,7,03-02-03-02-02-02-02_r07.wav,523448,0.006751,1,
write,write,,,audio_medium,mongo_gridfs,7,03-02-03-02-02-02-03_r07.wav,561888,0.007371,1,
write,write,,,audio_medium,pg_bytea,7,03-02-03-02-02-02-03_r07.wav,561888,0.017633,1,
write,write,,,audio_medium,polyglot,7,03-02-03-02-02-02-03_r07.wav,561888,0.014956,1,
write,write,,,audio_medium,pg_bytea,7,03-02-03-02-02-02-15_r07.wav,523448,0.015531,1,
write,write,,,audio_medium,mongo_gridfs,7,03-02-03-02-02-02-15_r07.wav,523448,0.007051,1,
write,write,,,audio_medium,polyglot,7,03-02-03-02-02-02-15_r07.wav,523448,0.009460,1,
write,write,,,audio_medium,pg_bytea,7,03-02-03-02-02-02-16_r07.wav,561882,0.016645,1,
write,write,,,audio_medium,polyglot,7,03-02-03-02-02-02-16_r07.wav,561882,0.010157,1,
write,write,,,audio_medium,mongo_gridfs,7,03-02-03-02-02-02-16_r07.wav,561882,0.009192,1,
write,write,,,audio_medium,polyglot,7,03-02-03-02-02-02-17_r07.wav,523448,0.007549,1,
write,write,,,audio_medium,pg_bytea,7,03-02-03-02-02-02-17_r07.wav,523448,0.028143,1,
write,write,,,audio_medium,mongo_gridfs,7,03-02-03-02-02-02-17_r07.wav,523448,0.006720,1,
write,write,,,audio_medium,mongo_gridfs,7,03-02-04-01-01-02-05_r07.wav,561882,0.007026,1,
write,write,,,audio_medium,pg_bytea,7,03-02-04-01-01-02-05_r07.wav,561882,0.018558,1,
write,write,,,audio_medium,polyglot,7,03-02-04-01-01-02-05_r07.wav,561882,0.009895,1,
write,write,,,audio_medium,polyglot,7,03-02-04-01-01-02-06_r07.wav,526650,0.007648,1,
write,write,,,audio_medium,mongo_gridfs,7,03-02-04-01-01-02-06_r07.wav,526650,0.006596,1,
write,write,,,audio_medium,pg_bytea,7,03-02-04-01-01-02-06_r07.wav,526650,0.017362,1,
write,write,,,audio_medium,polyglot,7,03-02-04-01-01-02-07_r07.wav,523448,0.009629,1,
write,write,,,audio_medium,mongo_gridfs,7,03-02-04-01-01-02-07_r07.wav,523448,0.008269,1,
write,write,,,audio_medium,pg_bytea,7,03-02-04-01-01-02-07_r07.wav,523448,0.013319,1,
write,write,,,audio_medium,mongo_gridfs,7,03-02-04-01-01-02-11_r07.wav,539464,0.007199,1,
write,write,,,audio_medium,pg_bytea,7,03-02-04-01-01-02-11_r07.wav,539464,0.016227,1,
write,write,,,audio_medium,polyglot,7,03-02-04-01-01-02-11_r07.wav,539464,0.009869,1,
write,write,,,audio_medium,pg_bytea,7,03-02-04-01-01-02-12_r07.wav,523448,0.018104,1,
write,write,,,audio_medium,polyglot,7,03-02-04-01-01-02-12_r07.wav,523448,0.007066,1,
write,write,,,audio_medium,mongo_gridfs,7,03-02-04-01-01-02-12_r07.wav,523448,0.005794,1,
write,write,,,audio_medium,polyglot,7,03-02-04-01-01-02-13_r07.wav,539464,0.008704,1,
write,write,,,audio_medium,mongo_gridfs,7,03-02-04-01-01-02-13_r07.wav,539464,0.005993,1,
write,write,,,audio_medium,pg_bytea,7,03-02-04-01-01-02-13_r07.wav,539464,0.013864,1,
write,write,,,audio_medium,pg_bytea,7,03-02-04-01-02-02-19_r07.wav,561888,0.014636,1,
write,write,,,audio_medium,polyglot,7,03-02-04-01-02-02-19_r07.wav,561888,0.009129,1,
write,write,,,audio_medium,mongo_gridfs,7,03-02-04-01-02-02-19_r07.wav,561888,0.005969,1,
write,write,,,audio_medium,mongo_gridfs,7,03-02-04-02-02-02-05_r07.wav,526650,0.005850,1,
write,write,,,audio_medium,pg_bytea,7,03-02-04-02-02-02-05_r07.wav,526650,0.015771,1,
write,write,,,audio_medium,polyglot,7,03-02-04-02-02-02-05_r07.wav,526650,0.007757,1,
write,write,,,audio_medium,polyglot,7,03-02-04-02-02-02-06_r07.wav,526650,0.008774,1,
write,write,,,audio_medium,mongo_gridfs,7,03-02-04-02-02-02-06_r07.wav,526650,0.005026,1,
write,write,,,audio_medium,pg_bytea,7,03-02-04-02-02-02-06_r07.wav,526650,0.013871,1,
write,write,,,audio_medium,polyglot,7,03-02-04-02-02-02-07_r07.wav,561888,0.006561,1,
write,write,,,audio_medium,mongo_gridfs,7,03-02-04-02-02-02-07_r07.wav,561888,0.006541,1,
write,write,,,audio_medium,pg_bytea,7,03-02-04-02-02-02-07_r07.wav,561888,0.015294,1,
write,write,,,audio_medium,polyglot,7,03-02-04-02-02-02-11_r07.wav,561888,0.013278,1,
write,write,,,audio_medium,mongo_gridfs,7,03-02-04-02-02-02-11_r07.wav,561888,0.006129,1,
write,write,,,audio_medium,pg_bytea,7,03-02-04-02-02-02-11_r07.wav,561888,0.014146,1,
write,write,,,audio_medium,polyglot,7,03-02-04-02-02-02-12_r07.wav,523448,0.009003,1,
write,write,,,audio_medium,pg_bytea,7,03-02-04-02-02-02-12_r07.wav,523448,0.118536,1,
write,write,,,audio_medium,mongo_gridfs,7,03-02-04-02-02-02-12_r07.wav,523448,0.010948,1,
write,write,,,audio_medium,mongo_gridfs,7,03-02-04-02-02-02-13_r07.wav,533056,0.006846,1,
write,write,,,audio_medium,pg_bytea,7,03-02-04-02-02-02-13_r07.wav,533056,0.015344,1,
write,write,,,audio_medium,polyglot,7,03-02-04-02-02-02-13_r07.wav,533056,0.012841,1,
write,write,,,audio_medium,mongo_gridfs,7,03-02-05-01-02-01-06_r07.wav,561882,0.007716,1,
write,write,,,audio_medium,pg_bytea,7,03-02-05-01-02-01-06_r07.wav,561882,0.015362,1,
write,write,,,audio_medium,polyglot,7,03-02-05-01-02-01-06_r07.wav,561882,0.010365,1,
write,write,,,audio_medium,polyglot,7,03-02-05-01-02-01-07_r07.wav,520242,0.007301,1,
write,write,,,audio_medium,pg_bytea,7,03-02-05-01-02-01-07_r07.wav,520242,0.020188,1,
write,write,,,audio_medium,mongo_gridfs,7,03-02-05-01-02-01-07_r07.wav,520242,0.007680,1,
write,write,,,audio_medium,polyglot,7,03-02-05-01-02-01-12_r07.wav,520242,0.008809,1,
write,write,,,audio_medium,mongo_gridfs,7,03-02-05-01-02-01-12_r07.wav,520242,0.006845,1,
write,write,,,audio_medium,pg_bytea,7,03-02-05-01-02-01-12_r07.wav,520242,0.014263,1,
write,write,,,audio_medium,pg_bytea,7,03-02-05-01-02-01-13_r07.wav,561888,0.016846,1,
write,write,,,audio_medium,mongo_gridfs,7,03-02-05-01-02-01-13_r07.wav,561888,0.014562,1,
write,write,,,audio_medium,polyglot,7,03-02-05-01-02-01-13_r07.wav,561888,0.009712,1,
write,write,,,audio_medium,mongo_gridfs,7,03-02-05-02-01-01-05_r07.wav,539464,0.007067,1,
write,write,,,audio_medium,pg_bytea,7,03-02-05-02-01-01-05_r07.wav,539464,0.020501,1,
write,write,,,audio_medium,polyglot,7,03-02-05-02-01-01-05_r07.wav,539464,0.007564,1,
write,write,,,audio_medium,pg_bytea,7,03-02-05-02-01-01-06_r07.wav,561888,0.015358,1,
write,write,,,audio_medium,mongo_gridfs,7,03-02-05-02-01-01-06_r07.wav,561888,0.008036,1,
write,write,,,audio_medium,polyglot,7,03-02-05-02-01-01-06_r07.wav,561888,0.010390,1,
write,write,,,audio_medium,mongo_gridfs,7,03-02-05-02-01-01-07_r07.wav,533056,0.006843,1,
write,write,,,audio_medium,pg_bytea,7,03-02-05-02-01-01-07_r07.wav,533056,0.015955,1,
write,write,,,audio_medium,polyglot,7,03-02-05-02-01-01-07_r07.wav,533056,0.009419,1,
write,write,,,audio_medium,polyglot,7,03-02-05-02-01-01-11_r07.wav,561888,0.007784,1,
write,write,,,audio_medium,pg_bytea,7,03-02-05-02-01-01-11_r07.wav,561888,0.029400,1,
write,write,,,audio_medium,mongo_gridfs,7,03-02-05-02-01-01-11_r07.wav,561888,0.010784,1,
write,write,,,audio_medium,mongo_gridfs,7,03-02-05-02-01-01-12_r07.wav,533056,0.007098,1,
write,write,,,audio_medium,pg_bytea,7,03-02-05-02-01-01-12_r07.wav,533056,0.014828,1,
write,write,,,audio_medium,polyglot,7,03-02-05-02-01-01-12_r07.wav,533056,0.009757,1,
write,write,,,audio_medium,pg_bytea,7,03-02-05-02-01-01-13_r07.wav,526650,0.021164,1,
write,write,,,audio_medium,polyglot,7,03-02-05-02-01-01-13_r07.wav,526650,0.008242,1,
write,write,,,audio_medium,mongo_gridfs,7,03-02-05-02-01-01-13_r07.wav,526650,0.005855,1,
write,write,,,video_small,polyglot,7,01-01-01-01-01-01-22_r07.mp4,5457041,0.048546,1,
write,write,,,video_small,mongo_gridfs,7,01-01-01-01-01-01-22_r07.mp4,5457041,0.044841,1,
write,write,,,video_small,pg_bytea,7,01-01-01-01-01-01-22_r07.mp4,5457041,0.223773,1,
write,write,,,video_small,pg_bytea,7,01-01-01-01-01-02-01_r07.mp4,5457041,0.321709,1,
write,write,,,video_small,mongo_gridfs,7,01-01-01-01-01-02-01_r07.mp4,5457041,0.068736,1,
write,write,,,video_small,polyglot,7,01-01-01-01-01-02-01_r07.mp4,5457041,0.058912,1,
write,write,,,video_small,pg_bytea,7,01-01-01-01-01-02-15_r07.mp4,5457041,0.167537,1,
write,write,,,video_small,polyglot,7,01-01-01-01-01-02-15_r07.mp4,5457041,0.162741,1,
write,write,,,video_small,mongo_gridfs,7,01-01-01-01-01-02-15_r07.mp4,5457041,0.047723,1,
write,write,,,video_small,pg_bytea,7,01-01-01-01-02-01-06_r07.mp4,5457041,0.141154,1,
write,write,,,video_small,mongo_gridfs,7,01-01-01-01-02-01-06_r07.mp4,5457041,0.075412,1,
write,write,,,video_small,polyglot,7,01-01-01-01-02-01-06_r07.mp4,5457041,0.261331,1,
write,write,,,video_small,pg_bytea,7,01-01-01-01-02-01-13_r07.mp4,5457041,0.191677,1,
write,write,,,video_small,polyglot,7,01-01-01-01-02-01-13_r07.mp4,5457041,0.094043,1,
write,write,,,video_small,mongo_gridfs,7,01-01-01-01-02-01-13_r07.mp4,5457041,0.046047,1,
write,write,,,video_small,mongo_gridfs,7,01-01-01-01-02-01-14_r07.mp4,5457041,0.045985,1,
write,write,,,video_small,pg_bytea,7,01-01-01-01-02-01-14_r07.mp4,5457041,0.345410,1,
write,write,,,video_small,polyglot,7,01-01-01-01-02-01-14_r07.mp4,5457041,0.297399,1,
write,write,,,video_small,mongo_gridfs,7,01-01-01-01-02-02-09_r07.mp4,5498397,0.064526,1,
write,write,,,video_small,pg_bytea,7,01-01-01-01-02-02-09_r07.mp4,5498397,0.638450,1,
write,write,,,video_small,polyglot,7,01-01-01-01-02-02-09_r07.mp4,5498397,0.209960,1,
write,write,,,video_small,polyglot,7,01-01-01-02-01-01-01_r07.mp4,5498397,0.671820,1,
write,write,,,video_small,pg_bytea,7,01-01-01-02-01-01-01_r07.mp4,5498397,0.315943,1,
write,write,,,video_small,mongo_gridfs,7,01-01-01-02-01-01-01_r07.mp4,5498397,0.048734,1,
write,write,,,video_small,polyglot,7,01-01-01-02-01-01-05_r07.mp4,5457041,0.491223,1,
write,write,,,video_small,pg_bytea,7,01-01-01-02-01-01-05_r07.mp4,5457041,0.315677,1,
write,write,,,video_small,mongo_gridfs,7,01-01-01-02-01-01-05_r07.mp4,5457041,0.042865,1,
write,write,,,video_small,pg_bytea,7,01-01-01-02-01-01-15_r07.mp4,5457041,0.398511,1,
write,write,,,video_small,mongo_gridfs,7,01-01-01-02-01-01-15_r07.mp4,5457041,0.404298,1,
write,write,,,video_small,polyglot,7,01-01-01-02-01-01-15_r07.mp4,5457041,0.053793,1,
write,write,,,video_small,polyglot,7,01-01-01-02-02-01-18_r07.mp4,5457041,0.047202,1,
write,write,,,video_small,pg_bytea,7,01-01-01-02-02-01-18_r07.mp4,5457041,0.169307,1,
write,write,,,video_small,mongo_gridfs,7,01-01-01-02-02-01-18_r07.mp4,5457041,0.058273,1,
write,write,,,video_small,pg_bytea,7,01-01-01-02-02-01-19_r07.mp4,5457041,0.140883,1,
write,write,,,video_small,mongo_gridfs,7,01-01-01-02-02-01-19_r07.mp4,5457041,0.047527,1,
write,write,,,video_small,polyglot,7,01-01-01-02-02-01-19_r07.mp4,5457041,0.042651,1,
write,write,,,video_small,polyglot,7,01-01-02-01-01-02-09_r07.mp4,5498397,0.043252,1,
write,write,,,video_small,mongo_gridfs,7,01-01-02-01-01-02-09_r07.mp4,5498397,0.058446,1,
write,write,,,video_small,pg_bytea,7,01-01-02-01-01-02-09_r07.mp4,5498397,0.153120,1,
write,write,,,video_small,pg_bytea,7,01-01-02-01-01-02-18_r07.mp4,5498397,0.145857,1,
write,write,,,video_small,mongo_gridfs,7,01-01-02-01-01-02-18_r07.mp4,5498397,0.051510,1,
write,write,,,video_small,polyglot,7,01-01-02-01-01-02-18_r07.mp4,5498397,0.066333,1,
write,write,,,video_small,pg_bytea,7,01-01-02-01-01-02-23_r07.mp4,5498397,0.141498,1,
write,write,,,video_small,polyglot,7,01-01-02-01-01-02-23_r07.mp4,5498397,0.047535,1,
write,write,,,video_small,mongo_gridfs,7,01-01-02-01-01-02-23_r07.mp4,5498397,0.048738,1,
write,write,,,video_small,pg_bytea,7,01-01-02-01-02-01-09_r07.mp4,5498397,0.140413,1,
write,write,,,video_small,polyglot,7,01-01-02-01-02-01-09_r07.mp4,5498397,0.154665,1,
write,write,,,video_small,mongo_gridfs,7,01-01-02-01-02-01-09_r07.mp4,5498397,0.044502,1,
write,write,,,video_small,pg_bytea,7,01-01-02-01-02-02-01_r07.mp4,5498397,0.129287,1,
write,write,,,video_small,polyglot,7,01-01-02-01-02-02-01_r07.mp4,5498397,0.054129,1,
write,write,,,video_small,mongo_gridfs,7,01-01-02-01-02-02-01_r07.mp4,5498397,0.041240,1,
write,write,,,video_small,mongo_gridfs,7,01-01-02-01-02-02-03_r07.mp4,5498397,0.043589,1,
write,write,,,video_small,polyglot,7,01-01-02-01-02-02-03_r07.mp4,5498397,0.060062,1,
write,write,,,video_small,pg_bytea,7,01-01-02-01-02-02-03_r07.mp4,5498397,0.198922,1,
write,write,,,video_small,polyglot,7,01-01-02-02-01-02-02_r07.mp4,5498397,0.048034,1,
write,write,,,video_small,pg_bytea,7,01-01-02-02-01-02-02_r07.mp4,5498397,0.125362,1,
write,write,,,video_small,mongo_gridfs,7,01-01-02-02-01-02-02_r07.mp4,5498397,0.041813,1,
write,write,,,video_small,pg_bytea,7,01-01-02-02-01-02-03_r07.mp4,5498397,0.152503,1,
write,write,,,video_small,polyglot,7,01-01-02-02-01-02-03_r07.mp4,5498397,0.045830,1,
write,write,,,video_small,mongo_gridfs,7,01-01-02-02-01-02-03_r07.mp4,5498397,0.046932,1,
write,write,,,video_small,mongo_gridfs,7,01-01-02-02-01-02-05_r07.mp4,5498397,0.047387,1,
write,write,,,video_small,polyglot,7,01-01-02-02-01-02-05_r07.mp4,5498397,0.057735,1,
write,write,,,video_small,pg_bytea,7,01-01-02-02-01-02-05_r07.mp4,5498397,0.200756,1,
write,write,,,video_small,mongo_gridfs,7,01-01-02-02-01-02-10_r07.mp4,5457041,0.060711,1,
write,write,,,video_small,polyglot,7,01-01-02-02-01-02-10_r07.mp4,5457041,0.058008,1,
write,write,,,video_small,pg_bytea,7,01-01-02-02-01-02-10_r07.mp4,5457041,0.139476,1,
write,write,,,video_small,polyglot,7,01-01-02-02-01-02-13_r07.mp4,5457041,0.049641,1,
write,write,,,video_small,mongo_gridfs,7,01-01-02-02-01-02-13_r07.mp4,5457041,0.050212,1,
write,write,,,video_small,pg_bytea,7,01-01-02-02-01-02-13_r07.mp4,5457041,0.127865,1,
write,write,,,video_small,pg_bytea,7,01-01-02-02-01-02-17_r07.mp4,5457041,0.157563,1,
write,write,,,video_small,polyglot,7,01-01-02-02-01-02-17_r07.mp4,5457041,0.048583,1,
write,write,,,video_small,mongo_gridfs,7,01-01-02-02-01-02-17_r07.mp4,5457041,0.044279,1,
write,write,,,video_small,pg_bytea,7,01-01-02-02-02-02-18_r07.mp4,5457041,0.182863,1,
write,write,,,video_small,polyglot,7,01-01-02-02-02-02-18_r07.mp4,5457041,0.052994,1,
write,write,,,video_small,mongo_gridfs,7,01-01-02-02-02-02-18_r07.mp4,5457041,0.049096,1,
write,write,,,video_small,pg_bytea,7,01-01-02-02-02-02-19_r07.mp4,5457041,0.318512,1,
write,write,,,video_small,polyglot,7,01-01-02-02-02-02-19_r07.mp4,5457041,0.046175,1,
write,write,,,video_small,mongo_gridfs,7,01-01-02-02-02-02-19_r07.mp4,5457041,0.046862,1,
write,write,,,video_small,mongo_gridfs,7,01-01-02-02-02-02-21_r07.mp4,5498397,0.044194,1,
write,write,,,video_small,pg_bytea,7,01-01-02-02-02-02-21_r07.mp4,5498397,0.139355,1,
write,write,,,video_small,polyglot,7,01-01-02-02-02-02-21_r07.mp4,5498397,0.049323,1,
write,write,,,video_small,mongo_gridfs,7,01-01-02-02-02-02-22_r07.mp4,5457041,0.043305,1,
write,write,,,video_small,pg_bytea,7,01-01-02-02-02-02-22_r07.mp4,5457041,0.127876,1,
write,write,,,video_small,polyglot,7,01-01-02-02-02-02-22_r07.mp4,5457041,0.046713,1,
write,write,,,video_small,mongo_gridfs,7,01-01-02-02-02-02-23_r07.mp4,5457041,0.050637,1,
write,write,,,video_small,pg_bytea,7,01-01-02-02-02-02-23_r07.mp4,5457041,0.128639,1,
write,write,,,video_small,polyglot,7,01-01-02-02-02-02-23_r07.mp4,5457041,0.047215,1,
write,write,,,video_small,mongo_gridfs,7,01-01-03-01-01-01-12_r07.mp4,5457041,0.052280,1,
write,write,,,video_small,polyglot,7,01-01-03-01-01-01-12_r07.mp4,5457041,0.078828,1,
write,write,,,video_small,pg_bytea,7,01-01-03-01-01-01-12_r07.mp4,5457041,0.135893,1,
write,write,,,video_small,polyglot,7,01-01-03-01-01-01-15_r07.mp4,5457041,0.050985,1,
write,write,,,video_small,pg_bytea,7,01-01-03-01-01-01-15_r07.mp4,5457041,0.142195,1,
write,write,,,video_small,mongo_gridfs,7,01-01-03-01-01-01-15_r07.mp4,5457041,0.041301,1,
write,write,,,video_small,pg_bytea,7,01-01-03-01-02-01-08_r07.mp4,5498397,0.126879,1,
write,write,,,video_small,polyglot,7,01-01-03-01-02-01-08_r07.mp4,5498397,0.045135,1,
write,write,,,video_small,mongo_gridfs,7,01-01-03-01-02-01-08_r07.mp4,5498397,0.041280,1,
write,write,,,video_small,mongo_gridfs,7,01-01-03-01-02-01-21_r07.mp4,5498397,0.046558,1,
write,write,,,video_small,polyglot,7,01-01-03-01-02-01-21_r07.mp4,5498397,0.043471,1,
write,write,,,video_small,pg_bytea,7,01-01-03-01-02-01-21_r07.mp4,5498397,0.136892,1,
write,write,,,video_small,mongo_gridfs,7,01-01-03-02-01-01-21_r07.mp4,5457041,0.042556,1,
write,write,,,video_small,pg_bytea,7,01-01-03-02-01-01-21_r07.mp4,5457041,0.126931,1,
write,write,,,video_small,polyglot,7,01-01-03-02-01-01-21_r07.mp4,5457041,0.050733,1,
write,write,,,video_small,pg_bytea,7,01-01-03-02-01-01-24_r07.mp4,5457041,0.266302,1,
write,write,,,video_small,polyglot,7,01-01-03-02-01-01-24_r07.mp4,5457041,0.059208,1,
write,write,,,video_small,mongo_gridfs,7,01-01-03-02-01-01-24_r07.mp4,5457041,0.042610,1,
write,write,,,video_small,polyglot,7,01-01-03-02-01-02-01_r07.mp4,5457041,0.044445,1,
write,write,,,video_small,pg_bytea,7,01-01-03-02-01-02-01_r07.mp4,5457041,0.128863,1,
write,write,,,video_small,mongo_gridfs,7,01-01-03-02-01-02-01_r07.mp4,5457041,0.040951,1,
write,write,,,video_small,pg_bytea,7,01-01-03-02-01-02-15_r07.mp4,5457041,0.124596,1,
write,write,,,video_small,polyglot,7,01-01-03-02-01-02-15_r07.mp4,5457041,0.044481,1,
write,write,,,video_small,mongo_gridfs,7,01-01-03-02-01-02-15_r07.mp4,5457041,0.050976,1,
write,write,,,video_small,polyglot,7,01-01-03-02-02-01-05_r07.mp4,5457041,0.201757,1,
write,write,,,video_small,mongo_gridfs,7,01-01-03-02-02-01-05_r07.mp4,5457041,0.047971,1,
write,write,,,video_small,pg_bytea,7,01-01-03-02-02-01-05_r07.mp4,5457041,0.135296,1,
write,write,,,video_small,mongo_gridfs,7,01-01-03-02-02-01-12_r07.mp4,5457041,0.050334,1,
write,write,,,video_small,polyglot,7,01-01-03-02-02-01-12_r07.mp4,5457041,0.040736,1,
write,write,,,video_small,pg_bytea,7,01-01-03-02-02-01-12_r07.mp4,5457041,0.130263,1,
write,write,,,video_small,pg_bytea,7,01-01-03-02-02-01-15_r07.mp4,5498397,0.133996,1,
write,write,,,video_small,polyglot,7,01-01-03-02-02-01-15_r07.mp4,5498397,0.043396,1,
write,write,,,video_small,mongo_gridfs,7,01-01-03-02-02-01-15_r07.mp4,5498397,0.045249,1,
write,write,,,video_small,mongo_gridfs,7,01-01-04-01-01-01-03_r07.mp4,5457041,0.038179,1,
write,write,,,video_small,polyglot,7,01-01-04-01-01-01-03_r07.mp4,5457041,0.054205,1,
write,write,,,video_small,pg_bytea,7,01-01-04-01-01-01-03_r07.mp4,5457041,0.140022,1,
write,write,,,video_small,mongo_gridfs,7,01-01-04-01-01-01-05_r07.mp4,5498397,0.142113,1,
write,write,,,video_small,polyglot,7,01-01-04-01-01-01-05_r07.mp4,5498397,0.079480,1,
write,write,,,video_small,pg_bytea,7,01-01-04-01-01-01-05_r07.mp4,5498397,0.301344,1,
write,write,,,video_small,mongo_gridfs,7,01-01-04-01-01-01-10_r07.mp4,5457041,0.048365,1,
write,write,,,video_small,pg_bytea,7,01-01-04-01-01-01-10_r07.mp4,5457041,0.142611,1,
write,write,,,video_small,polyglot,7,01-01-04-01-01-01-10_r07.mp4,5457041,0.053177,1,
write,write,,,video_small,mongo_gridfs,7,01-01-04-01-01-01-16_r07.mp4,5457041,0.051813,1,
write,write,,,video_small,polyglot,7,01-01-04-01-01-01-16_r07.mp4,5457041,0.068738,1,
write,write,,,video_small,pg_bytea,7,01-01-04-01-01-01-16_r07.mp4,5457041,0.149497,1,
write,write,,,video_small,polyglot,7,01-01-04-01-02-01-19_r07.mp4,5498397,0.053015,1,
write,write,,,video_small,pg_bytea,7,01-01-04-01-02-01-19_r07.mp4,5498397,0.148945,1,
write,write,,,video_small,mongo_gridfs,7,01-01-04-01-02-01-19_r07.mp4,5498397,0.050453,1,
write,write,,,video_small,polyglot,7,01-01-04-01-02-01-21_r07.mp4,5498397,0.087339,1,
write,write,,,video_small,pg_bytea,7,01-01-04-01-02-01-21_r07.mp4,5498397,0.134324,1,
write,write,,,video_small,mongo_gridfs,7,01-01-04-01-02-01-21_r07.mp4,5498397,0.050787,1,
write,write,,,video_small,polyglot,7,01-01-04-01-02-01-22_r07.mp4,5498397,0.044895,1,
write,write,,,video_small,mongo_gridfs,7,01-01-04-01-02-01-22_r07.mp4,5498397,0.041506,1,
write,write,,,video_small,pg_bytea,7,01-01-04-01-02-01-22_r07.mp4,5498397,0.376414,1,
write,write,,,video_small,mongo_gridfs,7,01-01-04-02-01-01-18_r07.mp4,5498397,0.058897,1,
write,write,,,video_small,polyglot,7,01-01-04-02-01-01-18_r07.mp4,5498397,0.061652,1,
write,write,,,video_small,pg_bytea,7,01-01-04-02-01-01-18_r07.mp4,5498397,0.153072,1,
write,write,,,video_small,pg_bytea,7,01-01-04-02-01-01-19_r07.mp4,5457041,0.172433,1,
write,write,,,video_small,polyglot,7,01-01-04-02-01-01-19_r07.mp4,5457041,0.048069,1,
write,write,,,video_small,mongo_gridfs,7,01-01-04-02-01-01-19_r07.mp4,5457041,0.045114,1,
write,write,,,video_small,mongo_gridfs,7,01-01-04-02-02-01-02_r07.mp4,5498397,0.049975,1,
write,write,,,video_small,polyglot,7,01-01-04-02-02-01-02_r07.mp4,5498397,0.515851,1,
write,write,,,video_small,pg_bytea,7,01-01-04-02-02-01-02_r07.mp4,5498397,0.149817,1,
write,write,,,video_small,polyglot,7,01-01-04-02-02-01-05_r07.mp4,5498397,0.055411,1,
write,write,,,video_small,pg_bytea,7,01-01-04-02-02-01-05_r07.mp4,5498397,0.150545,1,
write,write,,,video_small,mongo_gridfs,7,01-01-04-02-02-01-05_r07.mp4,5498397,0.046408,1,
write,write,,,video_small,pg_bytea,7,01-01-04-02-02-01-06_r07.mp4,5498397,0.130438,1,
write,write,,,video_small,mongo_gridfs,7,01-01-04-02-02-01-06_r07.mp4,5498397,0.046050,1,
write,write,,,video_small,polyglot,7,01-01-04-02-02-01-06_r07.mp4,5498397,0.049229,1,
write,write,,,video_small,polyglot,7,01-01-04-02-02-01-13_r07.mp4,5498397,0.047573,1,
write,write,,,video_small,mongo_gridfs,7,01-01-04-02-02-01-13_r07.mp4,5498397,0.046011,1,
write,write,,,video_small,pg_bytea,7,01-01-04-02-02-01-13_r07.mp4,5498397,0.122589,1,
write,write,,,video_small,pg_bytea,7,01-01-04-02-02-01-17_r07.mp4,5498397,0.131648,1,
write,write,,,video_small,mongo_gridfs,7,01-01-04-02-02-01-17_r07.mp4,5498397,0.045105,1,
write,write,,,video_small,polyglot,7,01-01-04-02-02-01-17_r07.mp4,5498397,0.043702,1,
write,write,,,video_small,mongo_gridfs,7,01-01-04-02-02-02-19_r07.mp4,5498397,0.042909,1,
write,write,,,video_small,pg_bytea,7,01-01-04-02-02-02-19_r07.mp4,5498397,0.124594,1,
write,write,,,video_small,polyglot,7,01-01-04-02-02-02-19_r07.mp4,5498397,0.050171,1,
write,write,,,video_small,polyglot,7,01-01-05-01-01-02-09_r07.mp4,5498397,0.049915,1,
write,write,,,video_small,mongo_gridfs,7,01-01-05-01-01-02-09_r07.mp4,5498397,0.046672,1,
write,write,,,video_small,pg_bytea,7,01-01-05-01-01-02-09_r07.mp4,5498397,0.133589,1,
write,write,,,video_small,mongo_gridfs,7,01-01-05-01-01-02-19_r07.mp4,5498397,0.049367,1,
write,write,,,video_small,polyglot,7,01-01-05-01-01-02-19_r07.mp4,5498397,0.045639,1,
write,write,,,video_small,pg_bytea,7,01-01-05-01-01-02-19_r07.mp4,5498397,0.130318,1,
write,write,,,video_small,pg_bytea,7,01-01-05-01-01-02-21_r07.mp4,5457041,0.309998,1,
write,write,,,video_small,mongo_gridfs,7,01-01-05-01-01-02-21_r07.mp4,5457041,0.046806,1,
write,write,,,video_small,polyglot,7,01-01-05-01-01-02-21_r07.mp4,5457041,0.044844,1,
write,write,,,video_small,pg_bytea,7,01-01-05-01-02-01-19_r07.mp4,5457041,0.114668,1,
write,write,,,video_small,mongo_gridfs,7,01-01-05-01-02-01-19_r07.mp4,5457041,0.044761,1,
write,write,,,video_small,polyglot,7,01-01-05-01-02-01-19_r07.mp4,5457041,0.042133,1,
write,write,,,video_small,pg_bytea,7,01-01-05-01-02-02-04_r07.mp4,5457041,0.129291,1,
write,write,,,video_small,polyglot,7,01-01-05-01-02-02-04_r07.mp4,5457041,0.044654,1,
write,write,,,video_small,mongo_gridfs,7,01-01-05-01-02-02-04_r07.mp4,5457041,0.041440,1,
write,write,,,video_small,polyglot,7,01-01-05-01-02-02-05_r07.mp4,5498397,0.126696,1,
write,write,,,video_small,mongo_gridfs,7,01-01-05-01-02-02-05_r07.mp4,5498397,0.051381,1,
write,write,,,video_small,pg_bytea,7,01-01-05-01-02-02-05_r07.mp4,5498397,0.272826,1,
write,write,,,video_small,polyglot,7,01-01-05-02-01-02-04_r07.mp4,5457041,0.045624,1,
write,write,,,video_small,pg_bytea,7,01-01-05-02-01-02-04_r07.mp4,5457041,0.130440,1,
write,write,,,video_small,mongo_gridfs,7,01-01-05-02-01-02-04_r07.mp4,5457041,0.039307,1,
write,write,,,video_small,polyglot,7,01-01-05-02-01-02-12_r07.mp4,5457041,0.066792,1,
write,write,,,video_small,pg_bytea,7,01-01-05-02-01-02-12_r07.mp4,5457041,0.128319,1,
write,write,,,video_small,mongo_gridfs,7,01-01-05-02-01-02-12_r07.mp4,5457041,0.043645,1,
write,write,,,video_small,pg_bytea,7,01-01-05-02-01-02-14_r07.mp4,5457041,0.123714,1,
write,write,,,video_small,polyglot,7,01-01-05-02-01-02-14_r07.mp4,5457041,0.046173,1,
write,write,,,video_small,mongo_gridfs,7,01-01-05-02-01-02-14_r07.mp4,5457041,0.042591,1,
write,write,,,video_small,mongo_gridfs,7,01-01-05-02-02-02-19_r07.mp4,5498397,0.041513,1,
write,write,,,video_small,pg_bytea,7,01-01-05-02-02-02-19_r07.mp4,5498397,0.132488,1,
write,write,,,video_small,polyglot,7,01-01-05-02-02-02-19_r07.mp4,5498397,0.048164,1,
write,write,,,video_small,polyglot,7,01-01-05-02-02-02-20_r07.mp4,5498397,0.364131,1,
write,write,,,video_small,mongo_gridfs,7,01-01-05-02-02-02-20_r07.mp4,5498397,0.043094,1,
write,write,,,video_small,pg_bytea,7,01-01-05-02-02-02-20_r07.mp4,5498397,0.126662,1,
write,write,,,video_small,mongo_gridfs,7,01-01-05-02-02-02-23_r07.mp4,5498397,0.047257,1,
write,write,,,video_small,pg_bytea,7,01-01-05-02-02-02-23_r07.mp4,5498397,0.300978,1,
write,write,,,video_small,polyglot,7,01-01-05-02-02-02-23_r07.mp4,5498397,0.052566,1,
write,write,,,video_small,mongo_gridfs,7,01-01-06-01-01-01-08_r07.mp4,5457041,0.041750,1,
write,write,,,video_small,polyglot,7,01-01-06-01-01-01-08_r07.mp4,5457041,0.065681,1,
write,write,,,video_small,pg_bytea,7,01-01-06-01-01-01-08_r07.mp4,5457041,0.138569,1,
write,write,,,video_small,pg_bytea,7,01-01-06-01-01-01-19_r07.mp4,5457041,0.125325,1,
write,write,,,video_small,polyglot,7,01-01-06-01-01-01-19_r07.mp4,5457041,0.050154,1,
write,write,,,video_small,mongo_gridfs,7,01-01-06-01-01-01-19_r07.mp4,5457041,0.046540,1,
write,write,,,video_small,pg_bytea,7,01-01-06-01-01-01-24_r07.mp4,5498397,0.132381,1,
write,write,,,video_small,mongo_gridfs,7,01-01-06-01-01-01-24_r07.mp4,5498397,0.047117,1,
write,write,,,video_small,polyglot,7,01-01-06-01-01-01-24_r07.mp4,5498397,0.043985,1,
write,write,,,video_medium,pg_bytea,7,tsinghua_v_0024_r07.mp4,13091522,0.505724,1,
write,write,,,video_medium,mongo_gridfs,7,tsinghua_v_0024_r07.mp4,13091522,0.105605,1,
write,write,,,video_medium,polyglot,7,tsinghua_v_0024_r07.mp4,13091522,0.101593,1,
write,write,,,video_medium,mongo_gridfs,7,tsinghua_v_0046_r07.mp4,13091522,0.122502,1,
write,write,,,video_medium,pg_bytea,7,tsinghua_v_0046_r07.mp4,13091522,0.343391,1,
write,write,,,video_medium,polyglot,7,tsinghua_v_0046_r07.mp4,13091522,0.102368,1,
write,write,,,video_medium,mongo_gridfs,7,tsinghua_v_0076_r07.mp4,13091522,0.116462,1,
write,write,,,video_medium,pg_bytea,7,tsinghua_v_0076_r07.mp4,13091522,0.467738,1,
write,write,,,video_medium,polyglot,7,tsinghua_v_0076_r07.mp4,13091522,0.103516,1,
write,write,,,video_medium,mongo_gridfs,7,tsinghua_v_0080_r07.mp4,13091522,0.091084,1,
write,write,,,video_medium,polyglot,7,tsinghua_v_0080_r07.mp4,13091522,0.514487,1,
write,write,,,video_medium,pg_bytea,7,tsinghua_v_0080_r07.mp4,13091522,0.337744,1,
write,write,,,video_medium,mongo_gridfs,7,tsinghua_v_0109_r07.mp4,13091522,0.090603,1,
write,write,,,video_medium,polyglot,7,tsinghua_v_0109_r07.mp4,13091522,0.111017,1,
write,write,,,video_medium,pg_bytea,7,tsinghua_v_0109_r07.mp4,13091522,0.528697,1,
write,write,,,video_medium,mongo_gridfs,7,tsinghua_v_0123_r07.mp4,13091522,0.098213,1,
write,write,,,video_medium,polyglot,7,tsinghua_v_0123_r07.mp4,13091522,0.108942,1,
write,write,,,video_medium,pg_bytea,7,tsinghua_v_0123_r07.mp4,13091522,0.324915,1,
write,write,,,video_medium,mongo_gridfs,7,tsinghua_v_0130_r07.mp4,13091522,0.111158,1,
write,write,,,video_medium,polyglot,7,tsinghua_v_0130_r07.mp4,13091522,0.137477,1,
write,write,,,video_medium,pg_bytea,7,tsinghua_v_0130_r07.mp4,13091522,0.764094,1,
write,write,,,video_medium,mongo_gridfs,7,tsinghua_v_0135_r07.mp4,13091522,0.308659,1,
write,write,,,video_medium,pg_bytea,7,tsinghua_v_0135_r07.mp4,13091522,0.340664,1,
write,write,,,video_medium,polyglot,7,tsinghua_v_0135_r07.mp4,13091522,0.114770,1,
write,write,,,video_medium,mongo_gridfs,7,tsinghua_v_0137_r07.mp4,13091522,0.097994,1,
write,write,,,video_medium,pg_bytea,7,tsinghua_v_0137_r07.mp4,13091522,0.343731,1,
write,write,,,video_medium,polyglot,7,tsinghua_v_0137_r07.mp4,13091522,0.507541,1,
write,write,,,video_medium,polyglot,7,tsinghua_v_0140_r07.mp4,13091522,0.230820,1,
write,write,,,video_medium,pg_bytea,7,tsinghua_v_0140_r07.mp4,13091522,0.570531,1,
write,write,,,video_medium,mongo_gridfs,7,tsinghua_v_0140_r07.mp4,13091522,0.106224,1,
write,write,,,video_medium,mongo_gridfs,7,tsinghua_v_0151_r07.mp4,13091522,0.124900,1,
write,write,,,video_medium,pg_bytea,7,tsinghua_v_0151_r07.mp4,13091522,0.330360,1,
write,write,,,video_medium,polyglot,7,tsinghua_v_0151_r07.mp4,13091522,0.234092,1,
write,write,,,video_medium,mongo_gridfs,7,tsinghua_v_0157_r07.mp4,13091522,0.105296,1,
write,write,,,video_medium,polyglot,7,tsinghua_v_0157_r07.mp4,13091522,0.190776,1,
write,write,,,video_medium,pg_bytea,7,tsinghua_v_0157_r07.mp4,13091522,0.747192,1,
write,write,,,video_medium,polyglot,7,tsinghua_v_0209_r07.mp4,13091522,0.114819,1,
write,write,,,video_medium,pg_bytea,7,tsinghua_v_0209_r07.mp4,13091522,0.346332,1,
write,write,,,video_medium,mongo_gridfs,7,tsinghua_v_0209_r07.mp4,13091522,0.138187,1,
write,write,,,video_medium,mongo_gridfs,7,tsinghua_v_0226_r07.mp4,13091522,0.129221,1,
write,write,,,video_medium,pg_bytea,7,tsinghua_v_0226_r07.mp4,13091522,0.320399,1,
write,write,,,video_medium,polyglot,7,tsinghua_v_0226_r07.mp4,13091522,0.151399,1,
write,write,,,video_medium,pg_bytea,7,tsinghua_v_0236_r07.mp4,13091522,0.915404,1,
write,write,,,video_medium,polyglot,7,tsinghua_v_0236_r07.mp4,13091522,0.113852,1,
write,write,,,video_medium,mongo_gridfs,7,tsinghua_v_0236_r07.mp4,13091522,0.101266,1,
write,write,,,video_medium,pg_bytea,7,tsinghua_v_0274_r07.mp4,13091522,0.333660,1,
write,write,,,video_medium,mongo_gridfs,7,tsinghua_v_0274_r07.mp4,13091522,0.307199,1,
write,write,,,video_medium,polyglot,7,tsinghua_v_0274_r07.mp4,13091522,0.194379,1,
write,write,,,video_medium,polyglot,7,tsinghua_v_0280_r07.mp4,13091522,0.176010,1,
write,write,,,video_medium,pg_bytea,7,tsinghua_v_0280_r07.mp4,13091522,0.707557,1,
write,write,,,video_medium,mongo_gridfs,7,tsinghua_v_0280_r07.mp4,13091522,0.111475,1,
write,write,,,video_medium,polyglot,7,tsinghua_v_0302_r07.mp4,13091522,0.117892,1,
write,write,,,video_medium,mongo_gridfs,7,tsinghua_v_0302_r07.mp4,13091522,0.135593,1,
write,write,,,video_medium,pg_bytea,7,tsinghua_v_0302_r07.mp4,13091522,0.346356,1,
write,write,,,video_medium,polyglot,7,tsinghua_v_0311_r07.mp4,13091522,0.157237,1,
write,write,,,video_medium,pg_bytea,7,tsinghua_v_0311_r07.mp4,13091522,0.343907,1,
write,write,,,video_medium,mongo_gridfs,7,tsinghua_v_0311_r07.mp4,13091522,0.135248,1,
write,write,,,video_medium,pg_bytea,7,tsinghua_v_0316_r07.mp4,13091522,0.695723,1,
write,write,,,video_medium,mongo_gridfs,7,tsinghua_v_0316_r07.mp4,13091522,0.103020,1,
write,write,,,video_medium,polyglot,7,tsinghua_v_0316_r07.mp4,13091522,0.122647,1,
write,write,,,video_medium,pg_bytea,7,tsinghua_v_0319_r07.mp4,13091522,0.339286,1,
write,write,,,video_medium,mongo_gridfs,7,tsinghua_v_0319_r07.mp4,13091522,0.137761,1,
write,write,,,video_medium,polyglot,7,tsinghua_v_0319_r07.mp4,13091522,0.209864,1,
write,write,,,video_medium,polyglot,7,tsinghua_v_0321_r07.mp4,13091522,0.216431,1,
write,write,,,video_medium,pg_bytea,7,tsinghua_v_0321_r07.mp4,13091522,0.722353,1,
write,write,,,video_medium,mongo_gridfs,7,tsinghua_v_0321_r07.mp4,13091522,0.134497,1,
write,write,,,video_medium,mongo_gridfs,7,tsinghua_v_0331_r07.mp4,13091522,0.474065,1,
write,write,,,video_medium,polyglot,7,tsinghua_v_0331_r07.mp4,13091522,0.206787,1,
write,write,,,video_medium,pg_bytea,7,tsinghua_v_0331_r07.mp4,13091522,0.334838,1,
write,write,,,video_medium,pg_bytea,7,tsinghua_v_0345_r07.mp4,13091522,0.311514,1,
write,write,,,video_medium,polyglot,7,tsinghua_v_0345_r07.mp4,13091522,0.111067,1,
write,write,,,video_medium,mongo_gridfs,7,tsinghua_v_0345_r07.mp4,13091522,0.098225,1,
write,write,,,video_medium,pg_bytea,7,tsinghua_v_0356_r07.mp4,13091522,0.352086,1,
write,write,,,video_medium,mongo_gridfs,7,tsinghua_v_0356_r07.mp4,13091522,0.110755,1,
write,write,,,video_medium,polyglot,7,tsinghua_v_0356_r07.mp4,13091522,0.130767,1,
write,write,,,video_medium,pg_bytea,7,tsinghua_v_0357_r07.mp4,13091522,0.324433,1,
write,write,,,video_medium,polyglot,7,tsinghua_v_0357_r07.mp4,13091522,0.116628,1,
write,write,,,video_medium,mongo_gridfs,7,tsinghua_v_0357_r07.mp4,13091522,0.134488,1,
write,write,,,video_medium,mongo_gridfs,7,tsinghua_v_0379_r07.mp4,13091522,0.223404,1,
write,write,,,video_medium,pg_bytea,7,tsinghua_v_0379_r07.mp4,13091522,0.589215,1,
write,write,,,video_medium,polyglot,7,tsinghua_v_0379_r07.mp4,13091522,0.132063,1,
write,write,,,video_medium,pg_bytea,7,tsinghua_v_0393_r07.mp4,13091522,0.352105,1,
write,write,,,video_medium,mongo_gridfs,7,tsinghua_v_0393_r07.mp4,13091522,0.148918,1,
write,write,,,video_medium,polyglot,7,tsinghua_v_0393_r07.mp4,13091522,0.183828,1,
write,write,,,video_medium,mongo_gridfs,7,tsinghua_v_0421_r07.mp4,13091522,0.153883,1,
write,write,,,video_medium,pg_bytea,7,tsinghua_v_0421_r07.mp4,13091522,0.517194,1,
write,write,,,video_medium,polyglot,7,tsinghua_v_0421_r07.mp4,13091522,0.690938,1,
write,write,,,video_medium,mongo_gridfs,7,tsinghua_v_0424_r07.mp4,13091522,0.119039,1,
write,write,,,video_medium,polyglot,7,tsinghua_v_0424_r07.mp4,13091522,0.169624,1,
write,write,,,video_medium,pg_bytea,7,tsinghua_v_0424_r07.mp4,13091522,0.333011,1,
write,write,,,video_medium,mongo_gridfs,7,tsinghua_v_0427_r07.mp4,13091522,0.093836,1,
write,write,,,video_medium,polyglot,7,tsinghua_v_0427_r07.mp4,13091522,0.197390,1,
write,write,,,video_medium,pg_bytea,7,tsinghua_v_0427_r07.mp4,13091522,0.608929,1,
write,write,,,video_medium,mongo_gridfs,7,tsinghua_v_0431_r07.mp4,13091522,0.147644,1,
write,write,,,video_medium,pg_bytea,7,tsinghua_v_0431_r07.mp4,13091522,0.325654,1,
write,write,,,video_medium,polyglot,7,tsinghua_v_0431_r07.mp4,13091522,0.300959,1,
write,write,,,video_medium,mongo_gridfs,7,tsinghua_v_0452_r07.mp4,13091522,0.124858,1,
write,write,,,video_medium,polyglot,7,tsinghua_v_0452_r07.mp4,13091522,0.557542,1,
write,write,,,video_medium,pg_bytea,7,tsinghua_v_0452_r07.mp4,13091522,0.349838,1,
write,write,,,video_medium,mongo_gridfs,7,tsinghua_v_0454_r07.mp4,13091522,0.109322,1,
write,write,,,video_medium,polyglot,7,tsinghua_v_0454_r07.mp4,13091522,0.215334,1,
write,write,,,video_medium,pg_bytea,7,tsinghua_v_0454_r07.mp4,13091522,0.498170,1,
write,write,,,video_medium,mongo_gridfs,7,tsinghua_v_0457_r07.mp4,13091522,0.113132,1,
write,write,,,video_medium,polyglot,7,tsinghua_v_0457_r07.mp4,13091522,0.115562,1,
write,write,,,video_medium,pg_bytea,7,tsinghua_v_0457_r07.mp4,13091522,0.314276,1,
write,write,,,video_medium,mongo_gridfs,7,tsinghua_v_0466_r07.mp4,13091522,0.114615,1,
write,write,,,video_medium,polyglot,7,tsinghua_v_0466_r07.mp4,13091522,0.115293,1,
write,write,,,video_medium,pg_bytea,7,tsinghua_v_0466_r07.mp4,13091522,0.623803,1,
write,write,,,video_medium,polyglot,7,tsinghua_v_0471_r07.mp4,13091522,0.465643,1,
write,write,,,video_medium,pg_bytea,7,tsinghua_v_0471_r07.mp4,13091522,0.327399,1,
write,write,,,video_medium,mongo_gridfs,7,tsinghua_v_0471_r07.mp4,13091522,0.104361,1,
write,write,,,video_medium,polyglot,7,tsinghua_v_0472_r07.mp4,13091522,0.210181,1,
write,write,,,video_medium,mongo_gridfs,7,tsinghua_v_0472_r07.mp4,13091522,0.097358,1,
write,write,,,video_medium,pg_bytea,7,tsinghua_v_0472_r07.mp4,13091522,0.335119,1,
write,write,,,video_medium,polyglot,7,tsinghua_v_0494_r07.mp4,13091522,0.112901,1,
write,write,,,video_medium,pg_bytea,7,tsinghua_v_0494_r07.mp4,13091522,0.309843,1,
write,write,,,video_medium,mongo_gridfs,7,tsinghua_v_0494_r07.mp4,13091522,0.113960,1,
write,write,,,video_medium,pg_bytea,7,tsinghua_v_0503_r07.mp4,13091522,1.284071,1,
write,write,,,video_medium,polyglot,7,tsinghua_v_0503_r07.mp4,13091522,0.097996,1,
write,write,,,video_medium,mongo_gridfs,7,tsinghua_v_0503_r07.mp4,13091522,0.102819,1,
write,write,,,video_medium,pg_bytea,7,tsinghua_v_0509_r07.mp4,13091522,0.329544,1,
write,write,,,video_medium,mongo_gridfs,7,tsinghua_v_0509_r07.mp4,13091522,0.099244,1,
write,write,,,video_medium,polyglot,7,tsinghua_v_0509_r07.mp4,13091522,0.142242,1,
write,write,,,video_medium,mongo_gridfs,7,tsinghua_v_0523_r07.mp4,13091522,0.147017,1,
write,write,,,video_medium,polyglot,7,tsinghua_v_0523_r07.mp4,13091522,0.159000,1,
write,write,,,video_medium,pg_bytea,7,tsinghua_v_0523_r07.mp4,13091522,0.316591,1,
write,write,,,video_medium,polyglot,7,tsinghua_v_0546_r07.mp4,13091522,0.120368,1,
write,write,,,video_medium,pg_bytea,7,tsinghua_v_0546_r07.mp4,13091522,0.308480,1,
write,write,,,video_medium,mongo_gridfs,7,tsinghua_v_0546_r07.mp4,13091522,0.127846,1,
write,write,,,video_medium,mongo_gridfs,7,tsinghua_v_0568_r07.mp4,13091522,0.112563,1,
write,write,,,video_medium,polyglot,7,tsinghua_v_0568_r07.mp4,13091522,0.283818,1,
write,write,,,video_medium,pg_bytea,7,tsinghua_v_0568_r07.mp4,13091522,0.389719,1,
write,write,,,video_medium,pg_bytea,7,tsinghua_v_0594_r07.mp4,13091522,0.502290,1,
write,write,,,video_medium,polyglot,7,tsinghua_v_0594_r07.mp4,13091522,0.101146,1,
write,write,,,video_medium,mongo_gridfs,7,tsinghua_v_0594_r07.mp4,13091522,0.104369,1,
write,write,,,video_medium,mongo_gridfs,7,tsinghua_v_0596_r07.mp4,13091522,0.224001,1,
write,write,,,video_medium,polyglot,7,tsinghua_v_0596_r07.mp4,13091522,0.113251,1,
write,write,,,video_medium,pg_bytea,7,tsinghua_v_0596_r07.mp4,13091522,0.620770,1,
write,write,,,video_medium,polyglot,7,tsinghua_v_0635_r07.mp4,13091522,0.129813,1,
write,write,,,video_medium,mongo_gridfs,7,tsinghua_v_0635_r07.mp4,13091522,0.120278,1,
write,write,,,video_medium,pg_bytea,7,tsinghua_v_0635_r07.mp4,13091522,0.565366,1,
write,write,,,video_medium,mongo_gridfs,7,tsinghua_v_0653_r07.mp4,13091522,0.175002,1,
write,write,,,video_medium,pg_bytea,7,tsinghua_v_0653_r07.mp4,13091522,0.441954,1,
write,write,,,video_medium,polyglot,7,tsinghua_v_0653_r07.mp4,13091522,0.115876,1,
write,write,,,video_medium,pg_bytea,7,tsinghua_v_0667_r07.mp4,13091522,1.640487,1,
write,write,,,video_medium,polyglot,7,tsinghua_v_0667_r07.mp4,13091522,0.642503,1,
write,write,,,video_medium,mongo_gridfs,7,tsinghua_v_0667_r07.mp4,13091522,0.278081,1,
write,write,,,video_medium,mongo_gridfs,7,tsinghua_v_0673_r07.mp4,13091522,0.244028,1,
write,write,,,video_medium,pg_bytea,7,tsinghua_v_0673_r07.mp4,13091522,1.648737,1,
write,write,,,video_medium,polyglot,7,tsinghua_v_0673_r07.mp4,13091522,1.642299,1,
write,write,,,video_medium,pg_bytea,7,tsinghua_v_0681_r07.mp4,13091522,0.690576,1,
write,write,,,video_medium,mongo_gridfs,7,tsinghua_v_0681_r07.mp4,13091522,0.131006,1,
write,write,,,video_medium,polyglot,7,tsinghua_v_0681_r07.mp4,13091522,0.114995,1,
write,write,,,video_medium,pg_bytea,7,tsinghua_v_0690_r07.mp4,13091522,0.308973,1,
write,write,,,video_medium,polyglot,7,tsinghua_v_0690_r07.mp4,13091522,0.109292,1,
write,write,,,video_medium,mongo_gridfs,7,tsinghua_v_0690_r07.mp4,13091522,0.102661,1,
write,write,,,video_medium,polyglot,7,tsinghua_v_0692_r07.mp4,13091522,0.187434,1,
write,write,,,video_medium,pg_bytea,7,tsinghua_v_0692_r07.mp4,13091522,0.361454,1,
write,write,,,video_medium,mongo_gridfs,7,tsinghua_v_0692_r07.mp4,13091522,0.132677,1,
write,write,,,video_medium,mongo_gridfs,7,tsinghua_v_0696_r07.mp4,13091522,0.134890,1,
write,write,,,video_medium,polyglot,7,tsinghua_v_0696_r07.mp4,13091522,0.408145,1,
write,write,,,video_medium,pg_bytea,7,tsinghua_v_0696_r07.mp4,13091522,0.597778,1,
write,write,,,video_medium,pg_bytea,7,tsinghua_v_0734_r07.mp4,13091522,0.448130,1,
write,write,,,video_medium,polyglot,7,tsinghua_v_0734_r07.mp4,13091522,0.177763,1,
write,write,,,video_medium,mongo_gridfs,7,tsinghua_v_0734_r07.mp4,13091522,0.110559,1,
write,write,,,video_medium,polyglot,7,tsinghua_v_0737_r07.mp4,13091522,0.312117,1,
write,write,,,video_medium,mongo_gridfs,7,tsinghua_v_0737_r07.mp4,13091522,0.109116,1,
write,write,,,video_medium,pg_bytea,7,tsinghua_v_0737_r07.mp4,13091522,0.375831,1,
write,write,,,video_medium,pg_bytea,7,tsinghua_v_0744_r07.mp4,13091522,0.607469,1,
write,write,,,video_medium,polyglot,7,tsinghua_v_0744_r07.mp4,13091522,0.271293,1,
write,write,,,video_medium,mongo_gridfs,7,tsinghua_v_0744_r07.mp4,13091522,0.106148,1,
write,write,,,video_medium,pg_bytea,7,tsinghua_v_0745_r07.mp4,13091522,0.469853,1,
write,write,,,video_medium,polyglot,7,tsinghua_v_0745_r07.mp4,13091522,0.160823,1,
write,write,,,video_medium,mongo_gridfs,7,tsinghua_v_0745_r07.mp4,13091522,0.152245,1,
write,write,,,video_medium,pg_bytea,7,tsinghua_v_0769_r07.mp4,13091522,0.837512,1,
write,write,,,video_medium,polyglot,7,tsinghua_v_0769_r07.mp4,13091522,0.106306,1,
write,write,,,video_medium,mongo_gridfs,7,tsinghua_v_0769_r07.mp4,13091522,0.142433,1,
write,write,,,video_medium,pg_bytea,7,tsinghua_v_0791_r07.mp4,13091522,0.364256,1,
write,write,,,video_medium,polyglot,7,tsinghua_v_0791_r07.mp4,13091522,0.142202,1,
write,write,,,video_medium,mongo_gridfs,7,tsinghua_v_0791_r07.mp4,13091522,0.155797,1,
write,write,,,video_medium,mongo_gridfs,7,tsinghua_v_0792_r07.mp4,13091522,0.135390,1,
write,write,,,video_medium,polyglot,7,tsinghua_v_0792_r07.mp4,13091522,0.171638,1,
write,write,,,video_medium,pg_bytea,7,tsinghua_v_0792_r07.mp4,13091522,0.511892,1,
write,write,,,video_medium,mongo_gridfs,7,tsinghua_v_0857_r07.mp4,13091522,0.103376,1,
write,write,,,video_medium,pg_bytea,7,tsinghua_v_0857_r07.mp4,13091522,0.341954,1,
write,write,,,video_medium,polyglot,7,tsinghua_v_0857_r07.mp4,13091522,0.101431,1,
write,write,,,video_medium,pg_bytea,7,tsinghua_v_0866_r07.mp4,13091522,0.299603,1,
write,write,,,video_medium,mongo_gridfs,7,tsinghua_v_0866_r07.mp4,13091522,0.147358,1,
write,write,,,video_medium,polyglot,7,tsinghua_v_0866_r07.mp4,13091522,0.415269,1,
write,write,,,video_medium,mongo_gridfs,7,tsinghua_v_0880_r07.mp4,13091522,0.117029,1,
write,write,,,video_medium,polyglot,7,tsinghua_v_0880_r07.mp4,13091522,0.378452,1,
write,write,,,video_medium,pg_bytea,7,tsinghua_v_0880_r07.mp4,13091522,0.548343,1,
write,write,,,video_medium,polyglot,7,tsinghua_v_0888_r07.mp4,13091522,0.098838,1,
write,write,,,video_medium,pg_bytea,7,tsinghua_v_0888_r07.mp4,13091522,0.329167,1,
write,write,,,video_medium,mongo_gridfs,7,tsinghua_v_0888_r07.mp4,13091522,0.101798,1,
write,write,,,video_medium,mongo_gridfs,7,tsinghua_v_0901_r07.mp4,13091522,0.092135,1,
write,write,,,video_medium,polyglot,7,tsinghua_v_0901_r07.mp4,13091522,0.263410,1,
write,write,,,video_medium,pg_bytea,7,tsinghua_v_0901_r07.mp4,13091522,0.536404,1,
write,write,,,video_medium,mongo_gridfs,7,tsinghua_v_0937_r07.mp4,13091522,0.252759,1,
write,write,,,video_medium,pg_bytea,7,tsinghua_v_0937_r07.mp4,13091522,0.633383,1,
write,write,,,video_medium,polyglot,7,tsinghua_v_0937_r07.mp4,13091522,0.110096,1,
write,write,,,video_medium,pg_bytea,7,tsinghua_v_0939_r07.mp4,13091522,0.632581,1,
write,write,,,video_medium,mongo_gridfs,7,tsinghua_v_0939_r07.mp4,13091522,0.100598,1,
write,write,,,video_medium,polyglot,7,tsinghua_v_0939_r07.mp4,13091522,0.104714,1,
write,write,,,video_medium,pg_bytea,7,tsinghua_v_0961_r07.mp4,13091522,0.316618,1,
write,write,,,video_medium,polyglot,7,tsinghua_v_0961_r07.mp4,13091522,0.097727,1,
write,write,,,video_medium,mongo_gridfs,7,tsinghua_v_0961_r07.mp4,13091522,0.119193,1,
write,write,,,video_medium,polyglot,7,tsinghua_v_0977_r07.mp4,13091522,0.727700,1,
write,write,,,video_medium,mongo_gridfs,7,tsinghua_v_0977_r07.mp4,13091522,0.158396,1,
write,write,,,video_medium,pg_bytea,7,tsinghua_v_0977_r07.mp4,13091522,0.329118,1,
write,write,,,audio_small,mongo_gridfs,8,03-01-01-01-01-02-19_r08.wav,375720,0.018292,1,
write,write,,,audio_small,polyglot,8,03-01-01-01-01-02-19_r08.wav,375720,0.017697,1,
write,write,,,audio_small,pg_bytea,8,03-01-01-01-01-02-19_r08.wav,375720,0.015515,1,
write,write,,,audio_small,polyglot,8,03-01-01-01-02-02-05_r08.wav,396294,0.006784,1,
write,write,,,audio_small,pg_bytea,8,03-01-01-01-02-02-05_r08.wav,396294,0.010641,1,
write,write,,,audio_small,mongo_gridfs,8,03-01-01-01-02-02-05_r08.wav,396294,0.016699,1,
write,write,,,audio_small,pg_bytea,8,03-01-01-01-02-02-06_r08.wav,363108,0.009178,1,
write,write,,,audio_small,mongo_gridfs,8,03-01-01-01-02-02-06_r08.wav,363108,0.007081,1,
write,write,,,audio_small,polyglot,8,03-01-01-01-02-02-06_r08.wav,363108,0.007239,1,
write,write,,,audio_small,mongo_gridfs,8,03-01-01-01-02-02-07_r08.wav,363108,0.013854,1,
write,write,,,audio_small,pg_bytea,8,03-01-01-01-02-02-07_r08.wav,363108,0.010166,1,
write,write,,,audio_small,polyglot,8,03-01-01-01-02-02-07_r08.wav,363108,0.018560,1,
write,write,,,audio_small,pg_bytea,8,03-01-01-01-02-02-11_r08.wav,375720,0.009531,1,
write,write,,,audio_small,mongo_gridfs,8,03-01-01-01-02-02-11_r08.wav,375720,0.009749,1,
write,write,,,audio_small,polyglot,8,03-01-01-01-02-02-11_r08.wav,375720,0.025078,1,
write,write,,,audio_small,mongo_gridfs,8,03-01-01-01-02-02-12_r08.wav,372698,0.011305,1,
write,write,,,audio_small,pg_bytea,8,03-01-01-01-02-02-12_r08.wav,372698,0.009801,1,
write,write,,,audio_small,polyglot,8,03-01-01-01-02-02-12_r08.wav,372698,0.007894,1,
write,write,,,audio_small,mongo_gridfs,8,03-01-01-01-02-02-13_r08.wav,363108,0.008851,1,
write,write,,,audio_small,pg_bytea,8,03-01-01-01-02-02-13_r08.wav,363108,0.012472,1,
write,write,,,audio_small,polyglot,8,03-01-01-01-02-02-13_r08.wav,363108,0.007494,1,
write,write,,,audio_small,polyglot,8,03-01-01-02-01-02-05_r08.wav,393086,0.006679,1,
write,write,,,audio_small,pg_bytea,8,03-01-01-02-01-02-05_r08.wav,393086,0.010676,1,
write,write,,,audio_small,mongo_gridfs,8,03-01-01-02-01-02-05_r08.wav,393086,0.007737,1,
write,write,,,audio_small,polyglot,8,03-01-01-02-01-02-06_r08.wav,363108,0.010589,1,
write,write,,,audio_small,pg_bytea,8,03-01-01-02-01-02-06_r08.wav,363108,0.009161,1,
write,write,,,audio_small,mongo_gridfs,8,03-01-01-02-01-02-06_r08.wav,363108,0.009126,1,
write,write,,,audio_small,pg_bytea,8,03-01-01-02-01-02-07_r08.wav,372698,0.011430,1,
write,write,,,audio_small,polyglot,8,03-01-01-02-01-02-07_r08.wav,372698,0.411228,1,
write,write,,,audio_small,mongo_gridfs,8,03-01-01-02-01-02-07_r08.wav,372698,0.009767,1,
write,write,,,audio_small,pg_bytea,8,03-01-01-02-01-02-13_r08.wav,399494,0.011815,1,
write,write,,,audio_small,mongo_gridfs,8,03-01-01-02-01-02-13_r08.wav,399494,0.008903,1,
write,write,,,audio_small,polyglot,8,03-01-01-02-01-02-13_r08.wav,399494,0.014854,1,
write,write,,,audio_small,polyglot,8,03-01-01-02-02-02-19_r08.wav,372698,0.009084,1,
write,write,,,audio_small,mongo_gridfs,8,03-01-01-02-02-02-19_r08.wav,372698,0.005537,1,
write,write,,,audio_small,pg_bytea,8,03-01-01-02-02-02-19_r08.wav,372698,0.009912,1,
write,write,,,audio_small,mongo_gridfs,8,03-01-02-01-01-01-19_r08.wav,372698,0.009568,1,
write,write,,,audio_small,polyglot,8,03-01-02-01-01-01-19_r08.wav,372698,0.009090,1,
write,write,,,audio_small,pg_bytea,8,03-01-02-01-01-01-19_r08.wav,372698,0.010194,1,
write,write,,,audio_small,mongo_gridfs,8,03-01-02-01-02-01-06_r08.wav,363108,0.005858,1,
write,write,,,audio_small,pg_bytea,8,03-01-02-01-02-01-06_r08.wav,363108,0.016431,1,
write,write,,,audio_small,polyglot,8,03-01-02-01-02-01-06_r08.wav,363108,0.007075,1,
write,write,,,audio_small,pg_bytea,8,03-01-02-01-02-01-07_r08.wav,399494,0.012388,1,
write,write,,,audio_small,mongo_gridfs,8,03-01-02-01-02-01-07_r08.wav,399494,0.011534,1,
write,write,,,audio_small,polyglot,8,03-01-02-01-02-01-07_r08.wav,399494,0.008083,1,
write,write,,,audio_small,pg_bytea,8,03-01-02-01-02-01-11_r08.wav,375720,0.012615,1,
write,write,,,audio_small,mongo_gridfs,8,03-01-02-01-02-01-11_r08.wav,375720,0.007465,1,
write,write,,,audio_small,polyglot,8,03-01-02-01-02-01-11_r08.wav,375720,0.011665,1,
write,write,,,audio_small,mongo_gridfs,8,03-01-02-01-02-01-12_r08.wav,372698,0.010606,1,
write,write,,,audio_small,polyglot,8,03-01-02-01-02-01-12_r08.wav,372698,0.012737,1,
write,write,,,audio_small,pg_bytea,8,03-01-02-01-02-01-12_r08.wav,372698,0.011155,1,
write,write,,,audio_small,mongo_gridfs,8,03-01-02-01-02-01-13_r08.wav,379106,0.013246,1,
write,write,,,audio_small,polyglot,8,03-01-02-01-02-01-13_r08.wav,379106,0.006595,1,
write,write,,,audio_small,pg_bytea,8,03-01-02-01-02-01-13_r08.wav,379106,0.009245,1,
write,write,,,audio_small,pg_bytea,8,03-01-02-02-01-01-05_r08.wav,363108,0.010400,1,
write,write,,,audio_small,polyglot,8,03-01-02-02-01-01-05_r08.wav,363108,0.010761,1,
write,write,,,audio_small,mongo_gridfs,8,03-01-02-02-01-01-05_r08.wav,363108,0.006735,1,
write,write,,,audio_small,pg_bytea,8,03-01-02-02-01-01-11_r08.wav,363108,0.009753,1,
write,write,,,audio_small,mongo_gridfs,8,03-01-02-02-01-01-11_r08.wav,363108,0.015665,1,
write,write,,,audio_small,polyglot,8,03-01-02-02-01-01-11_r08.wav,363108,0.007232,1,
write,write,,,audio_small,mongo_gridfs,8,03-01-02-02-01-01-12_r08.wav,399494,0.005442,1,
write,write,,,audio_small,pg_bytea,8,03-01-02-02-01-01-12_r08.wav,399494,0.014975,1,
write,write,,,audio_small,polyglot,8,03-01-02-02-01-01-12_r08.wav,399494,0.007825,1,
write,write,,,audio_small,polyglot,8,03-01-02-02-01-01-13_r08.wav,399494,0.008466,1,
write,write,,,audio_small,pg_bytea,8,03-01-02-02-01-01-13_r08.wav,399494,0.009905,1,
write,write,,,audio_small,mongo_gridfs,8,03-01-02-02-01-01-13_r08.wav,399494,0.006897,1,
write,write,,,audio_small,polyglot,8,03-01-02-02-02-01-19_r08.wav,379106,0.008663,1,
write,write,,,audio_small,pg_bytea,8,03-01-02-02-02-01-19_r08.wav,379106,0.010471,1,
write,write,,,audio_small,mongo_gridfs,8,03-01-02-02-02-01-19_r08.wav,379106,0.006627,1,
write,write,,,audio_small,pg_bytea,8,03-01-03-01-01-02-05_r08.wav,396294,0.011349,1,
write,write,,,audio_small,mongo_gridfs,8,03-01-03-01-01-02-05_r08.wav,396294,0.006344,1,
write,write,,,audio_small,polyglot,8,03-01-03-01-01-02-05_r08.wav,396294,0.015049,1,
write,write,,,audio_small,polyglot,8,03-01-03-01-01-02-07_r08.wav,393086,0.009257,1,
write,write,,,audio_small,pg_bytea,8,03-01-03-01-01-02-07_r08.wav,393086,0.013406,1,
write,write,,,audio_small,mongo_gridfs,8,03-01-03-01-01-02-07_r08.wav,393086,0.006286,1,
write,write,,,audio_small,pg_bytea,8,03-01-03-01-01-02-12_r08.wav,399494,0.010393,1,
write,write,,,audio_small,polyglot,8,03-01-03-01-01-02-12_r08.wav,399494,0.015989,1,
write,write,,,audio_small,mongo_gridfs,8,03-01-03-01-01-02-12_r08.wav,399494,0.008032,1,
write,write,,,audio_small,pg_bytea,8,03-01-03-01-01-02-13_r08.wav,399494,0.012548,1,
write,write,,,audio_small,polyglot,8,03-01-03-01-01-02-13_r08.wav,399494,0.013157,1,
write,write,,,audio_small,mongo_gridfs,8,03-01-03-01-01-02-13_r08.wav,399494,0.006687,1,
write,write,,,audio_small,mongo_gridfs,8,03-01-03-01-02-02-18_r08.wav,393086,0.006157,1,
write,write,,,audio_small,pg_bytea,8,03-01-03-01-02-02-18_r08.wav,393086,0.010333,1,
write,write,,,audio_small,polyglot,8,03-01-03-01-02-02-18_r08.wav,393086,0.010067,1,
write,write,,,audio_small,mongo_gridfs,8,03-01-03-01-02-02-19_r08.wav,399494,0.008596,1,
write,write,,,audio_small,polyglot,8,03-01-03-01-02-02-19_r08.wav,399494,0.009754,1,
write,write,,,audio_small,pg_bytea,8,03-01-03-01-02-02-19_r08.wav,399494,0.011531,1,
write,write,,,audio_small,mongo_gridfs,8,03-01-03-02-01-02-18_r08.wav,396294,0.005734,1,
write,write,,,audio_small,polyglot,8,03-01-03-02-01-02-18_r08.wav,396294,0.005757,1,
write,write,,,audio_small,pg_bytea,8,03-01-03-02-01-02-18_r08.wav,396294,0.009959,1,
write,write,,,audio_small,polyglot,8,03-01-03-02-01-02-19_r08.wav,372698,0.008104,1,
write,write,,,audio_small,pg_bytea,8,03-01-03-02-01-02-19_r08.wav,372698,0.011104,1,
write,write,,,audio_small,mongo_gridfs,8,03-01-03-02-01-02-19_r08.wav,372698,0.005721,1,
write,write,,,audio_small,pg_bytea,8,03-01-03-02-02-02-04_r08.wav,379106,0.011503,1,
write,write,,,audio_small,polyglot,8,03-01-03-02-02-02-04_r08.wav,379106,0.006699,1,
write,write,,,audio_small,mongo_gridfs,8,03-01-03-02-02-02-04_r08.wav,379106,0.005095,1,
write,write,,,audio_small,polyglot,8,03-01-03-02-02-02-06_r08.wav,399494,0.005553,1,
write,write,,,audio_small,pg_bytea,8,03-01-03-02-02-02-06_r08.wav,399494,0.027369,1,
write,write,,,audio_small,mongo_gridfs,8,03-01-03-02-02-02-06_r08.wav,399494,0.006209,1,
write,write,,,audio_small,mongo_gridfs,8,03-01-03-02-02-02-07_r08.wav,393086,0.005047,1,
write,write,,,audio_small,pg_bytea,8,03-01-03-02-02-02-07_r08.wav,393086,0.010303,1,
write,write,,,audio_small,polyglot,8,03-01-03-02-02-02-07_r08.wav,393086,0.007636,1,
write,write,,,audio_small,pg_bytea,8,03-01-03-02-02-02-10_r08.wav,375720,0.010472,1,
write,write,,,audio_small,polyglot,8,03-01-03-02-02-02-10_r08.wav,375720,0.007788,1,
write,write,,,audio_small,mongo_gridfs,8,03-01-03-02-02-02-10_r08.wav,375720,0.010042,1,
write,write,,,audio_small,polyglot,8,03-01-03-02-02-02-11_r08.wav,396294,0.010724,1,
write,write,,,audio_small,pg_bytea,8,03-01-03-02-02-02-11_r08.wav,396294,0.026192,1,
write,write,,,audio_small,mongo_gridfs,8,03-01-03-02-02-02-11_r08.wav,396294,0.007665,1,
write,write,,,audio_small,pg_bytea,8,03-01-03-02-02-02-13_r08.wav,399494,0.010498,1,
write,write,,,audio_small,mongo_gridfs,8,03-01-03-02-02-02-13_r08.wav,399494,0.008742,1,
write,write,,,audio_small,polyglot,8,03-01-03-02-02-02-13_r08.wav,399494,0.007712,1,
write,write,,,audio_small,pg_bytea,8,03-01-04-01-01-02-01_r08.wav,396294,0.009801,1,
write,write,,,audio_small,mongo_gridfs,8,03-01-04-01-01-02-01_r08.wav,396294,0.009546,1,
write,write,,,audio_small,polyglot,8,03-01-04-01-01-02-01_r08.wav,396294,0.011564,1,
write,write,,,audio_small,mongo_gridfs,8,03-01-04-01-01-02-02_r08.wav,379106,0.005707,1,
write,write,,,audio_small,pg_bytea,8,03-01-04-01-01-02-02_r08.wav,379106,0.010712,1,
write,write,,,audio_small,polyglot,8,03-01-04-01-01-02-02_r08.wav,379106,0.014867,1,
write,write,,,audio_small,polyglot,8,03-01-04-01-01-02-16_r08.wav,379106,0.012559,1,
write,write,,,audio_small,pg_bytea,8,03-01-04-01-01-02-16_r08.wav,379106,0.009915,1,
write,write,,,audio_small,mongo_gridfs,8,03-01-04-01-01-02-16_r08.wav,379106,0.006460,1,
write,write,,,audio_small,polyglot,8,03-01-04-01-02-02-08_r08.wav,372698,0.008722,1,
write,write,,,audio_small,pg_bytea,8,03-01-04-01-02-02-08_r08.wav,372698,0.045787,1,
write,write,,,audio_small,mongo_gridfs,8,03-01-04-01-02-02-08_r08.wav,372698,0.007489,1,
write,write,,,audio_small,mongo_gridfs,8,03-01-04-01-02-02-09_r08.wav,363108,0.004870,1,
write,write,,,audio_small,pg_bytea,8,03-01-04-01-02-02-09_r08.wav,363108,0.010602,1,
write,write,,,audio_small,polyglot,8,03-01-04-01-02-02-09_r08.wav,363108,0.013689,1,
write,write,,,audio_small,mongo_gridfs,8,03-01-04-01-02-02-20_r08.wav,396294,0.005136,1,
write,write,,,audio_small,polyglot,8,03-01-04-01-02-02-20_r08.wav,396294,0.011190,1,
write,write,,,audio_small,pg_bytea,8,03-01-04-01-02-02-20_r08.wav,396294,0.011764,1,
write,write,,,audio_small,mongo_gridfs,8,03-01-04-01-02-02-21_r08.wav,363108,0.005762,1,
write,write,,,audio_small,pg_bytea,8,03-01-04-01-02-02-21_r08.wav,363108,0.013279,1,
write,write,,,audio_small,polyglot,8,03-01-04-01-02-02-21_r08.wav,363108,0.007932,1,
write,write,,,audio_small,pg_bytea,8,03-01-04-01-02-02-22_r08.wav,372698,0.015776,1,
write,write,,,audio_small,polyglot,8,03-01-04-01-02-02-22_r08.wav,372698,0.023838,1,
write,write,,,audio_small,mongo_gridfs,8,03-01-04-01-02-02-22_r08.wav,372698,0.014416,1,
write,write,,,audio_small,polyglot,8,03-01-04-01-02-02-23_r08.wav,363108,0.006813,1,
write,write,,,audio_small,pg_bytea,8,03-01-04-01-02-02-23_r08.wav,363108,0.017673,1,
write,write,,,audio_small,mongo_gridfs,8,03-01-04-01-02-02-23_r08.wav,363108,0.012456,1,
write,write,,,audio_small,mongo_gridfs,8,03-01-04-02-01-02-09_r08.wav,379106,0.011014,1,
write,write,,,audio_small,polyglot,8,03-01-04-02-01-02-09_r08.wav,379106,0.017100,1,
write,write,,,audio_small,pg_bytea,8,03-01-04-02-01-02-09_r08.wav,379106,0.013050,1,
write,write,,,audio_small,polyglot,8,03-01-04-02-01-02-20_r08.wav,379106,0.020785,1,
write,write,,,audio_small,pg_bytea,8,03-01-04-02-01-02-20_r08.wav,379106,0.012158,1,
write,write,,,audio_small,mongo_gridfs,8,03-01-04-02-01-02-20_r08.wav,379106,0.007535,1,
write,write,,,audio_small,polyglot,8,03-01-04-02-01-02-21_r08.wav,393086,0.017021,1,
write,write,,,audio_small,mongo_gridfs,8,03-01-04-02-01-02-21_r08.wav,393086,0.008882,1,
write,write,,,audio_small,pg_bytea,8,03-01-04-02-01-02-21_r08.wav,393086,0.030209,1,
write,write,,,audio_small,pg_bytea,8,03-01-04-02-01-02-22_r08.wav,379106,0.207008,1,
write,write,,,audio_small,mongo_gridfs,8,03-01-04-02-01-02-22_r08.wav,379106,0.007680,1,
write,write,,,audio_small,polyglot,8,03-01-04-02-01-02-22_r08.wav,379106,0.007509,1,
write,write,,,audio_small,pg_bytea,8,03-01-04-02-02-02-14_r08.wav,375720,0.012673,1,
write,write,,,audio_small,polyglot,8,03-01-04-02-02-02-14_r08.wav,375720,0.008162,1,
write,write,,,audio_small,mongo_gridfs,8,03-01-04-02-02-02-14_r08.wav,375720,0.005548,1,
write,write,,,audio_small,pg_bytea,8,03-01-04-02-02-02-15_r08.wav,379106,0.009665,1,
write,write,,,audio_small,mongo_gridfs,8,03-01-04-02-02-02-15_r08.wav,379106,0.006524,1,
write,write,,,audio_small,polyglot,8,03-01-04-02-02-02-15_r08.wav,379106,0.007337,1,
write,write,,,audio_small,mongo_gridfs,8,03-01-04-02-02-02-16_r08.wav,375720,0.007070,1,
write,write,,,audio_small,pg_bytea,8,03-01-04-02-02-02-16_r08.wav,375720,0.010449,1,
write,write,,,audio_small,polyglot,8,03-01-04-02-02-02-16_r08.wav,375720,0.006751,1,
write,write,,,audio_small,polyglot,8,03-01-04-02-02-02-17_r08.wav,363108,0.018855,1,
write,write,,,audio_small,mongo_gridfs,8,03-01-04-02-02-02-17_r08.wav,363108,0.006054,1,
write,write,,,audio_small,pg_bytea,8,03-01-04-02-02-02-17_r08.wav,363108,0.009571,1,
write,write,,,audio_small,pg_bytea,8,03-01-05-01-01-01-09_r08.wav,393086,0.010109,1,
write,write,,,audio_small,mongo_gridfs,8,03-01-05-01-01-01-09_r08.wav,393086,0.005085,1,
write,write,,,audio_small,polyglot,8,03-01-05-01-01-01-09_r08.wav,393086,0.005952,1,
write,write,,,audio_small,mongo_gridfs,8,03-01-05-01-01-01-22_r08.wav,393086,0.004393,1,
write,write,,,audio_small,pg_bytea,8,03-01-05-01-01-01-22_r08.wav,393086,0.010156,1,
write,write,,,audio_small,polyglot,8,03-01-05-01-01-01-22_r08.wav,393086,0.007821,1,
write,write,,,audio_small,pg_bytea,8,03-01-05-01-02-01-02_r08.wav,372698,0.013234,1,
write,write,,,audio_small,polyglot,8,03-01-05-01-02-01-02_r08.wav,372698,0.005284,1,
write,write,,,audio_small,mongo_gridfs,8,03-01-05-01-02-01-02_r08.wav,372698,0.003690,1,
write,write,,,audio_small,mongo_gridfs,8,03-01-05-01-02-01-03_r08.wav,396294,0.003881,1,
write,write,,,audio_small,polyglot,8,03-01-05-01-02-01-03_r08.wav,396294,0.022344,1,
write,write,,,audio_small,pg_bytea,8,03-01-05-01-02-01-03_r08.wav,396294,0.010584,1,
write,write,,,audio_small,pg_bytea,8,03-01-05-01-02-01-15_r08.wav,363108,0.013356,1,
write,write,,,audio_small,polyglot,8,03-01-05-01-02-01-15_r08.wav,363108,0.006958,1,
write,write,,,audio_small,mongo_gridfs,8,03-01-05-01-02-01-15_r08.wav,363108,0.014162,1,
write,write,,,audio_small,polyglot,8,03-01-05-01-02-01-16_r08.wav,372698,0.016806,1,
write,write,,,audio_small,pg_bytea,8,03-01-05-01-02-01-16_r08.wav,372698,0.009953,1,
write,write,,,audio_small,mongo_gridfs,8,03-01-05-01-02-01-16_r08.wav,372698,0.008559,1,
write,write,,,audio_small,polyglot,8,03-01-05-01-02-01-17_r08.wav,393086,0.018533,1,
write,write,,,audio_small,pg_bytea,8,03-01-05-01-02-01-17_r08.wav,393086,0.012112,1,
write,write,,,audio_small,mongo_gridfs,8,03-01-05-01-02-01-17_r08.wav,393086,0.004953,1,
write,write,,,audio_small,mongo_gridfs,8,03-01-05-02-01-01-01_r08.wav,372698,0.004726,1,
write,write,,,audio_small,pg_bytea,8,03-01-05-02-01-01-01_r08.wav,372698,0.014983,1,
write,write,,,audio_small,polyglot,8,03-01-05-02-01-01-01_r08.wav,372698,0.017430,1,
write,write,,,audio_small,polyglot,8,03-01-05-02-01-01-02_r08.wav,375720,0.009761,1,
write,write,,,audio_small,mongo_gridfs,8,03-01-05-02-01-01-02_r08.wav,375720,0.006418,1,
write,write,,,audio_small,pg_bytea,8,03-01-05-02-01-01-02_r08.wav,375720,0.010539,1,
write,write,,,audio_small,pg_bytea,8,03-01-05-02-01-01-03_r08.wav,372698,0.019608,1,
write,write,,,audio_small,mongo_gridfs,8,03-01-05-02-01-01-03_r08.wav,372698,0.005124,1,
write,write,,,audio_small,polyglot,8,03-01-05-02-01-01-03_r08.wav,372698,0.006524,1,
write,write,,,audio_small,mongo_gridfs,8,03-01-05-02-01-01-15_r08.wav,396294,0.003852,1,
write,write,,,audio_small,pg_bytea,8,03-01-05-02-01-01-15_r08.wav,396294,0.010523,1,
write,write,,,audio_small,polyglot,8,03-01-05-02-01-01-15_r08.wav,396294,0.004557,1,
write,write,,,audio_small,mongo_gridfs,8,03-01-05-02-01-01-16_r08.wav,399494,0.003833,1,
write,write,,,audio_small,polyglot,8,03-01-05-02-01-01-16_r08.wav,399494,0.004270,1,
write,write,,,audio_small,pg_bytea,8,03-01-05-02-01-01-16_r08.wav,399494,0.008792,1,
write,write,,,audio_small,mongo_gridfs,8,03-01-05-02-01-01-17_r08.wav,363108,0.007343,1,
write,write,,,audio_small,pg_bytea,8,03-01-05-02-01-01-17_r08.wav,363108,0.008743,1,
write,write,,,audio_small,polyglot,8,03-01-05-02-01-01-17_r08.wav,363108,0.004543,1,
write,write,,,audio_small,mongo_gridfs,8,03-01-05-02-02-01-09_r08.wav,396294,0.004002,1,
write,write,,,audio_small,polyglot,8,03-01-05-02-02-01-09_r08.wav,396294,0.008592,1,
write,write,,,audio_small,pg_bytea,8,03-01-05-02-02-01-09_r08.wav,396294,0.026656,1,
write,write,,,audio_small,mongo_gridfs,8,03-01-05-02-02-01-21_r08.wav,375720,0.004337,1,
write,write,,,audio_small,pg_bytea,8,03-01-05-02-02-01-21_r08.wav,375720,0.011066,1,
write,write,,,audio_small,polyglot,8,03-01-05-02-02-01-21_r08.wav,375720,0.005514,1,
write,write,,,audio_small,polyglot,8,03-01-05-02-02-01-22_r08.wav,379106,0.004626,1,
write,write,,,audio_small,pg_bytea,8,03-01-05-02-02-01-22_r08.wav,379106,0.011164,1,
write,write,,,audio_small,mongo_gridfs,8,03-01-05-02-02-01-22_r08.wav,379106,0.005362,1,
write,write,,,audio_medium,pg_bytea,8,03-02-01-01-01-02-22_r08.wav,526650,0.015635,1,
write,write,,,audio_medium,mongo_gridfs,8,03-02-01-01-01-02-22_r08.wav,526650,0.007789,1,
write,write,,,audio_medium,polyglot,8,03-02-01-01-01-02-22_r08.wav,526650,0.009226,1,
write,write,,,audio_medium,polyglot,8,03-02-01-01-01-02-23_r08.wav,539464,0.007780,1,
write,write,,,audio_medium,mongo_gridfs,8,03-02-01-01-01-02-23_r08.wav,539464,0.006251,1,
write,write,,,audio_medium,pg_bytea,8,03-02-01-01-01-02-23_r08.wav,539464,0.086048,1,
write,write,,,audio_medium,mongo_gridfs,8,03-02-01-01-02-02-02_r08.wav,539464,0.007809,1,
write,write,,,audio_medium,pg_bytea,8,03-02-01-01-02-02-02_r08.wav,539464,0.016753,1,
write,write,,,audio_medium,polyglot,8,03-02-01-01-02-02-02_r08.wav,539464,0.008429,1,
write,write,,,audio_medium,pg_bytea,8,03-02-01-01-02-02-03_r08.wav,520242,0.017755,1,
write,write,,,audio_medium,mongo_gridfs,8,03-02-01-01-02-02-03_r08.wav,520242,0.014657,1,
write,write,,,audio_medium,polyglot,8,03-02-01-01-02-02-03_r08.wav,520242,0.013871,1,
write,write,,,audio_medium,polyglot,8,03-02-01-01-02-02-16_r08.wav,539464,0.022984,1,
write,write,,,audio_medium,mongo_gridfs,8,03-02-01-01-02-02-16_r08.wav,539464,0.007464,1,
write,write,,,audio_medium,pg_bytea,8,03-02-01-01-02-02-16_r08.wav,539464,0.016711,1,
write,write,,,audio_medium,pg_bytea,8,03-02-01-01-02-02-17_r08.wav,561888,0.015250,1,
write,write,,,audio_medium,polyglot,8,03-02-01-01-02-02-17_r08.wav,561888,0.009314,1,
write,write,,,audio_medium,mongo_gridfs,8,03-02-01-01-02-02-17_r08.wav,561888,0.008392,1,
write,write,,,audio_medium,pg_bytea,8,03-02-01-02-01-02-01_r08.wav,533056,0.026449,1,
write,write,,,audio_medium,mongo_gridfs,8,03-02-01-02-01-02-01_r08.wav,533056,0.008327,1,
write,write,,,audio_medium,polyglot,8,03-02-01-02-01-02-01_r08.wav,533056,0.006644,1,
write,write,,,audio_medium,polyglot,8,03-02-01-02-01-02-02_r08.wav,523448,0.007113,1,
write,write,,,audio_medium,mongo_gridfs,8,03-02-01-02-01-02-02_r08.wav,523448,0.006662,1,
write,write,,,audio_medium,pg_bytea,8,03-02-01-02-01-02-02_r08.wav,523448,0.012898,1,
write,write,,,audio_medium,mongo_gridfs,8,03-02-01-02-01-02-03_r08.wav,533056,0.007256,1,
write,write,,,audio_medium,pg_bytea,8,03-02-01-02-01-02-03_r08.wav,533056,0.014607,1,
write,write,,,audio_medium,polyglot,8,03-02-01-02-01-02-03_r08.wav,533056,0.008877,1,
write,write,,,audio_medium,mongo_gridfs,8,03-02-01-02-01-02-15_r08.wav,561882,0.007417,1,
write,write,,,audio_medium,polyglot,8,03-02-01-02-01-02-15_r08.wav,561882,0.884033,1,
write,write,,,audio_medium,pg_bytea,8,03-02-01-02-01-02-15_r08.wav,561882,0.061866,1,
write,write,,,audio_medium,mongo_gridfs,8,03-02-01-02-01-02-16_r08.wav,526650,0.007986,1,
write,write,,,audio_medium,polyglot,8,03-02-01-02-01-02-16_r08.wav,526650,0.008584,1,
write,write,,,audio_medium,pg_bytea,8,03-02-01-02-01-02-16_r08.wav,526650,0.013542,1,
write,write,,,audio_medium,polyglot,8,03-02-01-02-01-02-17_r08.wav,533056,0.008169,1,
write,write,,,audio_medium,mongo_gridfs,8,03-02-01-02-01-02-17_r08.wav,533056,0.006689,1,
write,write,,,audio_medium,pg_bytea,8,03-02-01-02-01-02-17_r08.wav,533056,0.015466,1,
write,write,,,audio_medium,pg_bytea,8,03-02-01-02-02-02-22_r08.wav,520242,0.013491,1,
write,write,,,audio_medium,polyglot,8,03-02-01-02-02-02-22_r08.wav,520242,0.008734,1,
write,write,,,audio_medium,mongo_gridfs,8,03-02-01-02-02-02-22_r08.wav,520242,0.008565,1,
write,write,,,audio_medium,pg_bytea,8,03-02-01-02-02-02-23_r08.wav,520242,0.013894,1,
write,write,,,audio_medium,mongo_gridfs,8,03-02-01-02-02-02-23_r08.wav,520242,0.007671,1,
write,write,,,audio_medium,polyglot,8,03-02-01-02-02-02-23_r08.wav,520242,0.007416,1,
write,write,,,audio_medium,pg_bytea,8,03-02-02-01-01-01-22_r08.wav,523448,0.013985,1,
write,write,,,audio_medium,polyglot,8,03-02-02-01-01-01-22_r08.wav,523448,0.007713,1,
write,write,,,audio_medium,mongo_gridfs,8,03-02-02-01-01-01-22_r08.wav,523448,0.006953,1,
write,write,,,audio_medium,pg_bytea,8,03-02-02-01-01-01-23_r08.wav,561888,0.016976,1,
write,write,,,audio_medium,polyglot,8,03-02-02-01-01-01-23_r08.wav,561888,0.010143,1,
write,write,,,audio_medium,mongo_gridfs,8,03-02-02-01-01-01-23_r08.wav,561888,0.007702,1,
write,write,,,audio_medium,polyglot,8,03-02-02-01-02-01-01_r08.wav,520242,0.069984,1,
write,write,,,audio_medium,mongo_gridfs,8,03-02-02-01-02-01-01_r08.wav,520242,0.009370,1,
write,write,,,audio_medium,pg_bytea,8,03-02-02-01-02-01-01_r08.wav,520242,0.014672,1,
write,write,,,audio_medium,polyglot,8,03-02-02-01-02-01-02_r08.wav,539464,0.012749,1,
write,write,,,audio_medium,mongo_gridfs,8,03-02-02-01-02-01-02_r08.wav,539464,0.007522,1,
write,write,,,audio_medium,pg_bytea,8,03-02-02-01-02-01-02_r08.wav,539464,0.014737,1,
write,write,,,audio_medium,mongo_gridfs,8,03-02-02-01-02-01-03_r08.wav,533056,0.007156,1,
write,write,,,audio_medium,pg_bytea,8,03-02-02-01-02-01-03_r08.wav,533056,0.014311,1,
write,write,,,audio_medium,polyglot,8,03-02-02-01-02-01-03_r08.wav,533056,0.054099,1,
write,write,,,audio_medium,pg_bytea,8,03-02-02-01-02-01-16_r08.wav,561882,0.018803,1,
write,write,,,audio_medium,polyglot,8,03-02-02-01-02-01-16_r08.wav,561882,0.024056,1,
write,write,,,audio_medium,mongo_gridfs,8,03-02-02-01-02-01-16_r08.wav,561882,0.009530,1,
write,write,,,audio_medium,mongo_gridfs,8,03-02-02-02-01-01-01_r08.wav,539464,0.007651,1,
write,write,,,audio_medium,pg_bytea,8,03-02-02-02-01-01-01_r08.wav,539464,0.015331,1,
write,write,,,audio_medium,polyglot,8,03-02-02-02-01-01-01_r08.wav,539464,0.014264,1,
write,write,,,audio_medium,polyglot,8,03-02-02-02-01-01-02_r08.wav,526650,0.033439,1,
write,write,,,audio_medium,pg_bytea,8,03-02-02-02-01-01-02_r08.wav,526650,0.015334,1,
write,write,,,audio_medium,mongo_gridfs,8,03-02-02-02-01-01-02_r08.wav,526650,0.007441,1,
write,write,,,audio_medium,mongo_gridfs,8,03-02-02-02-01-01-15_r08.wav,539464,0.006983,1,
write,write,,,audio_medium,polyglot,8,03-02-02-02-01-01-15_r08.wav,539464,0.010474,1,
write,write,,,audio_medium,pg_bytea,8,03-02-02-02-01-01-15_r08.wav,539464,0.014143,1,
write,write,,,audio_medium,mongo_gridfs,8,03-02-02-02-01-01-16_r08.wav,520242,0.006979,1,
write,write,,,audio_medium,polyglot,8,03-02-02-02-01-01-16_r08.wav,520242,0.009728,1,
write,write,,,audio_medium,pg_bytea,8,03-02-02-02-01-01-16_r08.wav,520242,0.015733,1,
write,write,,,audio_medium,pg_bytea,8,03-02-02-02-01-01-17_r08.wav,539464,0.038510,1,
write,write,,,audio_medium,polyglot,8,03-02-02-02-01-01-17_r08.wav,539464,0.008535,1,
write,write,,,audio_medium,mongo_gridfs,8,03-02-02-02-01-01-17_r08.wav,539464,0.007385,1,
write,write,,,audio_medium,pg_bytea,8,03-02-02-02-02-01-22_r08.wav,539464,0.016191,1,
write,write,,,audio_medium,polyglot,8,03-02-02-02-02-01-22_r08.wav,539464,0.008676,1,
write,write,,,audio_medium,mongo_gridfs,8,03-02-02-02-02-01-22_r08.wav,539464,0.006889,1,
write,write,,,audio_medium,polyglot,8,03-02-02-02-02-01-23_r08.wav,520242,0.007148,1,
write,write,,,audio_medium,mongo_gridfs,8,03-02-02-02-02-01-23_r08.wav,520242,0.006248,1,
write,write,,,audio_medium,pg_bytea,8,03-02-02-02-02-01-23_r08.wav,520242,0.012755,1,
write,write,,,audio_medium,pg_bytea,8,03-02-03-01-01-02-01_r08.wav,561882,0.076965,1,
write,write,,,audio_medium,mongo_gridfs,8,03-02-03-01-01-02-01_r08.wav,561882,0.009121,1,
write,write,,,audio_medium,polyglot,8,03-02-03-01-01-02-01_r08.wav,561882,0.010091,1,
write,write,,,audio_medium,polyglot,8,03-02-03-01-01-02-02_r08.wav,561882,0.014991,1,
write,write,,,audio_medium,mongo_gridfs,8,03-02-03-01-01-02-02_r08.wav,561882,0.009920,1,
write,write,,,audio_medium,pg_bytea,8,03-02-03-01-01-02-02_r08.wav,561882,0.019176,1,
write,write,,,audio_medium,pg_bytea,8,03-02-03-01-01-02-03_r08.wav,539464,0.015910,1,
write,write,,,audio_medium,mongo_gridfs,8,03-02-03-01-01-02-03_r08.wav,539464,0.008360,1,
write,write,,,audio_medium,polyglot,8,03-02-03-01-01-02-03_r08.wav,539464,0.037739,1,
write,write,,,audio_medium,mongo_gridfs,8,03-02-03-01-01-02-15_r08.wav,526650,0.007474,1,
write,write,,,audio_medium,polyglot,8,03-02-03-01-01-02-15_r08.wav,526650,0.010306,1,
write,write,,,audio_medium,pg_bytea,8,03-02-03-01-01-02-15_r08.wav,526650,0.017906,1,
write,write,,,audio_medium,polyglot,8,03-02-03-01-01-02-16_r08.wav,520242,0.007682,1,
write,write,,,audio_medium,pg_bytea,8,03-02-03-01-01-02-16_r08.wav,520242,0.013848,1,
write,write,,,audio_medium,mongo_gridfs,8,03-02-03-01-01-02-16_r08.wav,520242,0.007231,1,
write,write,,,audio_medium,pg_bytea,8,03-02-03-01-01-02-17_r08.wav,526650,0.017182,1,
write,write,,,audio_medium,mongo_gridfs,8,03-02-03-01-01-02-17_r08.wav,526650,0.007504,1,
write,write,,,audio_medium,polyglot,8,03-02-03-01-01-02-17_r08.wav,526650,0.027532,1,
write,write,,,audio_medium,mongo_gridfs,8,03-02-03-01-02-02-09_r08.wav,539464,0.007010,1,
write,write,,,audio_medium,polyglot,8,03-02-03-01-02-02-09_r08.wav,539464,0.008478,1,
write,write,,,audio_medium,pg_bytea,8,03-02-03-01-02-02-09_r08.wav,539464,0.015373,1,
write,write,,,audio_medium,pg_bytea,8,03-02-03-01-02-02-21_r08.wav,533056,0.015296,1,
write,write,,,audio_medium,mongo_gridfs,8,03-02-03-01-02-02-21_r08.wav,533056,0.007841,1,
write,write,,,audio_medium,polyglot,8,03-02-03-01-02-02-21_r08.wav,533056,0.010396,1,
write,write,,,audio_medium,polyglot,8,03-02-03-01-02-02-22_r08.wav,561888,0.010231,1,
write,write,,,audio_medium,mongo_gridfs,8,03-02-03-01-02-02-22_r08.wav,561888,0.009788,1,
write,write,,,audio_medium,pg_bytea,8,03-02-03-01-02-02-22_r08.wav,561888,0.022112,1,
write,write,,,audio_medium,mongo_gridfs,8,03-02-03-01-02-02-23_r08.wav,539464,0.008301,1,
write,write,,,audio_medium,polyglot,8,03-02-03-01-02-02-23_r08.wav,539464,0.009742,1,
write,write,,,audio_medium,pg_bytea,8,03-02-03-01-02-02-23_r08.wav,539464,0.015270,1,
write,write,,,audio_medium,polyglot,8,03-02-03-02-01-02-09_r08.wav,561882,0.009728,1,
write,write,,,audio_medium,pg_bytea,8,03-02-03-02-01-02-09_r08.wav,561882,0.015429,1,
write,write,,,audio_medium,mongo_gridfs,8,03-02-03-02-01-02-09_r08.wav,561882,0.010457,1,
write,write,,,audio_medium,polyglot,8,03-02-03-02-01-02-21_r08.wav,539464,0.008345,1,
write,write,,,audio_medium,pg_bytea,8,03-02-03-02-01-02-21_r08.wav,539464,0.054684,1,
write,write,,,audio_medium,mongo_gridfs,8,03-02-03-02-01-02-21_r08.wav,539464,0.008025,1,
write,write,,,audio_medium,pg_bytea,8,03-02-03-02-01-02-22_r08.wav,526650,0.692852,1,
write,write,,,audio_medium,mongo_gridfs,8,03-02-03-02-01-02-22_r08.wav,526650,0.008578,1,
write,write,,,audio_medium,polyglot,8,03-02-03-02-01-02-22_r08.wav,526650,0.013911,1,
write,write,,,audio_medium,mongo_gridfs,8,03-02-03-02-01-02-23_r08.wav,561888,0.011939,1,
write,write,,,audio_medium,pg_bytea,8,03-02-03-02-01-02-23_r08.wav,561888,0.020448,1,
write,write,,,audio_medium,polyglot,8,03-02-03-02-01-02-23_r08.wav,561888,0.009397,1,
write,write,,,audio_medium,polyglot,8,03-02-03-02-02-02-01_r08.wav,561882,0.008488,1,
write,write,,,audio_medium,pg_bytea,8,03-02-03-02-02-02-01_r08.wav,561882,0.014826,1,
write,write,,,audio_medium,mongo_gridfs,8,03-02-03-02-02-02-01_r08.wav,561882,0.007285,1,
write,write,,,audio_medium,pg_bytea,8,03-02-03-02-02-02-02_r08.wav,523448,0.050177,1,
write,write,,,audio_medium,polyglot,8,03-02-03-02-02-02-02_r08.wav,523448,0.010096,1,
write,write,,,audio_medium,mongo_gridfs,8,03-02-03-02-02-02-02_r08.wav,523448,0.008377,1,
write,write,,,audio_medium,mongo_gridfs,8,03-02-03-02-02-02-03_r08.wav,561888,0.007239,1,
write,write,,,audio_medium,pg_bytea,8,03-02-03-02-02-02-03_r08.wav,561888,0.015260,1,
write,write,,,audio_medium,polyglot,8,03-02-03-02-02-02-03_r08.wav,561888,0.009500,1,
write,write,,,audio_medium,polyglot,8,03-02-03-02-02-02-15_r08.wav,523448,0.008353,1,
write,write,,,audio_medium,mongo_gridfs,8,03-02-03-02-02-02-15_r08.wav,523448,0.007085,1,
write,write,,,audio_medium,pg_bytea,8,03-02-03-02-02-02-15_r08.wav,523448,0.014143,1,
write,write,,,audio_medium,mongo_gridfs,8,03-02-03-02-02-02-16_r08.wav,561882,0.007815,1,
write,write,,,audio_medium,polyglot,8,03-02-03-02-02-02-16_r08.wav,561882,0.015624,1,
write,write,,,audio_medium,pg_bytea,8,03-02-03-02-02-02-16_r08.wav,561882,0.019970,1,
write,write,,,audio_medium,polyglot,8,03-02-03-02-02-02-17_r08.wav,523448,0.008470,1,
write,write,,,audio_medium,mongo_gridfs,8,03-02-03-02-02-02-17_r08.wav,523448,0.006595,1,
write,write,,,audio_medium,pg_bytea,8,03-02-03-02-02-02-17_r08.wav,523448,0.012845,1,
write,write,,,audio_medium,polyglot,8,03-02-04-01-01-02-05_r08.wav,561882,0.012694,1,
write,write,,,audio_medium,pg_bytea,8,03-02-04-01-01-02-05_r08.wav,561882,0.017559,1,
write,write,,,audio_medium,mongo_gridfs,8,03-02-04-01-01-02-05_r08.wav,561882,0.008742,1,
write,write,,,audio_medium,mongo_gridfs,8,03-02-04-01-01-02-06_r08.wav,526650,0.007044,1,
write,write,,,audio_medium,polyglot,8,03-02-04-01-01-02-06_r08.wav,526650,0.018356,1,
write,write,,,audio_medium,pg_bytea,8,03-02-04-01-01-02-06_r08.wav,526650,0.016065,1,
write,write,,,audio_medium,pg_bytea,8,03-02-04-01-01-02-07_r08.wav,523448,0.015932,1,
write,write,,,audio_medium,mongo_gridfs,8,03-02-04-01-01-02-07_r08.wav,523448,0.010337,1,
write,write,,,audio_medium,polyglot,8,03-02-04-01-01-02-07_r08.wav,523448,0.009040,1,
write,write,,,audio_medium,pg_bytea,8,03-02-04-01-01-02-11_r08.wav,539464,0.017413,1,
write,write,,,audio_medium,polyglot,8,03-02-04-01-01-02-11_r08.wav,539464,0.012030,1,
write,write,,,audio_medium,mongo_gridfs,8,03-02-04-01-01-02-11_r08.wav,539464,0.007434,1,
write,write,,,audio_medium,polyglot,8,03-02-04-01-01-02-12_r08.wav,523448,0.009350,1,
write,write,,,audio_medium,pg_bytea,8,03-02-04-01-01-02-12_r08.wav,523448,0.013269,1,
write,write,,,audio_medium,mongo_gridfs,8,03-02-04-01-01-02-12_r08.wav,523448,0.007396,1,
write,write,,,audio_medium,polyglot,8,03-02-04-01-01-02-13_r08.wav,539464,0.010820,1,
write,write,,,audio_medium,pg_bytea,8,03-02-04-01-01-02-13_r08.wav,539464,0.014219,1,
write,write,,,audio_medium,mongo_gridfs,8,03-02-04-01-01-02-13_r08.wav,539464,0.007147,1,
write,write,,,audio_medium,pg_bytea,8,03-02-04-01-02-02-19_r08.wav,561888,0.017046,1,
write,write,,,audio_medium,polyglot,8,03-02-04-01-02-02-19_r08.wav,561888,0.008810,1,
write,write,,,audio_medium,mongo_gridfs,8,03-02-04-01-02-02-19_r08.wav,561888,0.007149,1,
write,write,,,audio_medium,pg_bytea,8,03-02-04-02-02-02-05_r08.wav,526650,0.039001,1,
write,write,,,audio_medium,polyglot,8,03-02-04-02-02-02-05_r08.wav,526650,0.012577,1,
write,write,,,audio_medium,mongo_gridfs,8,03-02-04-02-02-02-05_r08.wav,526650,0.008807,1,
write,write,,,audio_medium,pg_bytea,8,03-02-04-02-02-02-06_r08.wav,526650,0.014526,1,
write,write,,,audio_medium,polyglot,8,03-02-04-02-02-02-06_r08.wav,526650,0.009706,1,
write,write,,,audio_medium,mongo_gridfs,8,03-02-04-02-02-02-06_r08.wav,526650,0.048016,1,
write,write,,,audio_medium,polyglot,8,03-02-04-02-02-02-07_r08.wav,561888,0.015528,1,
write,write,,,audio_medium,mongo_gridfs,8,03-02-04-02-02-02-07_r08.wav,561888,0.007565,1,
write,write,,,audio_medium,pg_bytea,8,03-02-04-02-02-02-07_r08.wav,561888,0.016909,1,
write,write,,,audio_medium,pg_bytea,8,03-02-04-02-02-02-11_r08.wav,561888,0.017543,1,
write,write,,,audio_medium,mongo_gridfs,8,03-02-04-02-02-02-11_r08.wav,561888,0.009479,1,
write,write,,,audio_medium,polyglot,8,03-02-04-02-02-02-11_r08.wav,561888,0.008502,1,
write,write,,,audio_medium,polyglot,8,03-02-04-02-02-02-12_r08.wav,523448,0.007296,1,
write,write,,,audio_medium,pg_bytea,8,03-02-04-02-02-02-12_r08.wav,523448,0.015446,1,
write,write,,,audio_medium,mongo_gridfs,8,03-02-04-02-02-02-12_r08.wav,523448,0.014714,1,
write,write,,,audio_medium,polyglot,8,03-02-04-02-02-02-13_r08.wav,533056,0.094608,1,
write,write,,,audio_medium,pg_bytea,8,03-02-04-02-02-02-13_r08.wav,533056,0.015281,1,
write,write,,,audio_medium,mongo_gridfs,8,03-02-04-02-02-02-13_r08.wav,533056,0.009397,1,
write,write,,,audio_medium,polyglot,8,03-02-05-01-02-01-06_r08.wav,561882,0.008737,1,
write,write,,,audio_medium,mongo_gridfs,8,03-02-05-01-02-01-06_r08.wav,561882,0.006583,1,
write,write,,,audio_medium,pg_bytea,8,03-02-05-01-02-01-06_r08.wav,561882,0.014179,1,
write,write,,,audio_medium,mongo_gridfs,8,03-02-05-01-02-01-07_r08.wav,520242,0.006967,1,
write,write,,,audio_medium,pg_bytea,8,03-02-05-01-02-01-07_r08.wav,520242,0.016601,1,
write,write,,,audio_medium,polyglot,8,03-02-05-01-02-01-07_r08.wav,520242,0.009226,1,
write,write,,,audio_medium,mongo_gridfs,8,03-02-05-01-02-01-12_r08.wav,520242,0.007448,1,
write,write,,,audio_medium,pg_bytea,8,03-02-05-01-02-01-12_r08.wav,520242,0.115483,1,
write,write,,,audio_medium,polyglot,8,03-02-05-01-02-01-12_r08.wav,520242,0.016663,1,
write,write,,,audio_medium,mongo_gridfs,8,03-02-05-01-02-01-13_r08.wav,561888,0.013740,1,
write,write,,,audio_medium,pg_bytea,8,03-02-05-01-02-01-13_r08.wav,561888,0.020686,1,
write,write,,,audio_medium,polyglot,8,03-02-05-01-02-01-13_r08.wav,561888,0.019353,1,
write,write,,,audio_medium,pg_bytea,8,03-02-05-02-01-01-05_r08.wav,539464,0.016748,1,
write,write,,,audio_medium,polyglot,8,03-02-05-02-01-01-05_r08.wav,539464,0.038388,1,
write,write,,,audio_medium,mongo_gridfs,8,03-02-05-02-01-01-05_r08.wav,539464,0.009097,1,
write,write,,,audio_medium,pg_bytea,8,03-02-05-02-01-01-06_r08.wav,561888,0.130443,1,
write,write,,,audio_medium,mongo_gridfs,8,03-02-05-02-01-01-06_r08.wav,561888,0.011849,1,
write,write,,,audio_medium,polyglot,8,03-02-05-02-01-01-06_r08.wav,561888,0.103959,1,
write,write,,,audio_medium,mongo_gridfs,8,03-02-05-02-01-01-07_r08.wav,533056,0.009212,1,
write,write,,,audio_medium,polyglot,8,03-02-05-02-01-01-07_r08.wav,533056,0.023295,1,
write,write,,,audio_medium,pg_bytea,8,03-02-05-02-01-01-07_r08.wav,533056,0.085726,1,
write,write,,,audio_medium,mongo_gridfs,8,03-02-05-02-01-01-11_r08.wav,561888,0.025824,1,
write,write,,,audio_medium,polyglot,8,03-02-05-02-01-01-11_r08.wav,561888,0.028873,1,
write,write,,,audio_medium,pg_bytea,8,03-02-05-02-01-01-11_r08.wav,561888,0.014823,1,
write,write,,,audio_medium,polyglot,8,03-02-05-02-01-01-12_r08.wav,533056,0.153943,1,
write,write,,,audio_medium,pg_bytea,8,03-02-05-02-01-01-12_r08.wav,533056,0.086578,1,
write,write,,,audio_medium,mongo_gridfs,8,03-02-05-02-01-01-12_r08.wav,533056,0.008047,1,
write,write,,,audio_medium,polyglot,8,03-02-05-02-01-01-13_r08.wav,526650,0.008764,1,
write,write,,,audio_medium,pg_bytea,8,03-02-05-02-01-01-13_r08.wav,526650,0.014794,1,
write,write,,,audio_medium,mongo_gridfs,8,03-02-05-02-01-01-13_r08.wav,526650,0.007403,1,
write,write,,,video_small,mongo_gridfs,8,01-01-01-01-01-01-22_r08.mp4,5457041,0.082888,1,
write,write,,,video_small,pg_bytea,8,01-01-01-01-01-01-22_r08.mp4,5457041,0.182042,1,
write,write,,,video_small,polyglot,8,01-01-01-01-01-01-22_r08.mp4,5457041,0.063540,1,
write,write,,,video_small,mongo_gridfs,8,01-01-01-01-01-02-01_r08.mp4,5457041,0.060203,1,
write,write,,,video_small,polyglot,8,01-01-01-01-01-02-01_r08.mp4,5457041,0.068966,1,
write,write,,,video_small,pg_bytea,8,01-01-01-01-01-02-01_r08.mp4,5457041,0.155103,1,
write,write,,,video_small,mongo_gridfs,8,01-01-01-01-01-02-15_r08.mp4,5457041,0.050784,1,
write,write,,,video_small,pg_bytea,8,01-01-01-01-01-02-15_r08.mp4,5457041,0.136477,1,
write,write,,,video_small,polyglot,8,01-01-01-01-01-02-15_r08.mp4,5457041,0.060677,1,
write,write,,,video_small,polyglot,8,01-01-01-01-02-01-06_r08.mp4,5457041,0.105510,1,
write,write,,,video_small,mongo_gridfs,8,01-01-01-01-02-01-06_r08.mp4,5457041,0.044912,1,
write,write,,,video_small,pg_bytea,8,01-01-01-01-02-01-06_r08.mp4,5457041,1.049092,1,
write,write,,,video_small,mongo_gridfs,8,01-01-01-01-02-01-13_r08.mp4,5457041,0.050262,1,
write,write,,,video_small,polyglot,8,01-01-01-01-02-01-13_r08.mp4,5457041,0.044436,1,
write,write,,,video_small,pg_bytea,8,01-01-01-01-02-01-13_r08.mp4,5457041,0.283676,1,
write,write,,,video_small,mongo_gridfs,8,01-01-01-01-02-01-14_r08.mp4,5457041,0.047634,1,
write,write,,,video_small,pg_bytea,8,01-01-01-01-02-01-14_r08.mp4,5457041,0.148895,1,
write,write,,,video_small,polyglot,8,01-01-01-01-02-01-14_r08.mp4,5457041,0.084461,1,
write,write,,,video_small,mongo_gridfs,8,01-01-01-01-02-02-09_r08.mp4,5498397,0.052301,1,
write,write,,,video_small,polyglot,8,01-01-01-01-02-02-09_r08.mp4,5498397,0.122626,1,
write,write,,,video_small,pg_bytea,8,01-01-01-01-02-02-09_r08.mp4,5498397,0.365272,1,
write,write,,,video_small,mongo_gridfs,8,01-01-01-02-01-01-01_r08.mp4,5498397,0.050051,1,
write,write,,,video_small,pg_bytea,8,01-01-01-02-01-01-01_r08.mp4,5498397,1.137297,1,
write,write,,,video_small,polyglot,8,01-01-01-02-01-01-01_r08.mp4,5498397,0.054843,1,
write,write,,,video_small,polyglot,8,01-01-01-02-01-01-05_r08.mp4,5457041,0.113147,1,
write,write,,,video_small,mongo_gridfs,8,01-01-01-02-01-01-05_r08.mp4,5457041,0.059359,1,
write,write,,,video_small,pg_bytea,8,01-01-01-02-01-01-05_r08.mp4,5457041,0.347915,1,
write,write,,,video_small,polyglot,8,01-01-01-02-01-01-15_r08.mp4,5457041,0.059498,1,
write,write,,,video_small,mongo_gridfs,8,01-01-01-02-01-01-15_r08.mp4,5457041,0.046877,1,
write,write,,,video_small,pg_bytea,8,01-01-01-02-01-01-15_r08.mp4,5457041,0.315036,1,
write,write,,,video_small,pg_bytea,8,01-01-01-02-02-01-18_r08.mp4,5457041,0.137814,1,
write,write,,,video_small,mongo_gridfs,8,01-01-01-02-02-01-18_r08.mp4,5457041,0.053289,1,
write,write,,,video_small,polyglot,8,01-01-01-02-02-01-18_r08.mp4,5457041,0.047702,1,
write,write,,,video_small,mongo_gridfs,8,01-01-01-02-02-01-19_r08.mp4,5457041,0.048903,1,
write,write,,,video_small,polyglot,8,01-01-01-02-02-01-19_r08.mp4,5457041,0.437307,1,
write,write,,,video_small,pg_bytea,8,01-01-01-02-02-01-19_r08.mp4,5457041,0.210659,1,
write,write,,,video_small,polyglot,8,01-01-02-01-01-02-09_r08.mp4,5498397,0.067172,1,
write,write,,,video_small,pg_bytea,8,01-01-02-01-01-02-09_r08.mp4,5498397,0.143120,1,
write,write,,,video_small,mongo_gridfs,8,01-01-02-01-01-02-09_r08.mp4,5498397,0.045056,1,
write,write,,,video_small,pg_bytea,8,01-01-02-01-01-02-18_r08.mp4,5498397,0.136521,1,
write,write,,,video_small,mongo_gridfs,8,01-01-02-01-01-02-18_r08.mp4,5498397,0.051914,1,
write,write,,,video_small,polyglot,8,01-01-02-01-01-02-18_r08.mp4,5498397,0.311659,1,
write,write,,,video_small,mongo_gridfs,8,01-01-02-01-01-02-23_r08.mp4,5498397,0.052190,1,
write,write,,,video_small,pg_bytea,8,01-01-02-01-01-02-23_r08.mp4,5498397,0.317938,1,
write,write,,,video_small,polyglot,8,01-01-02-01-01-02-23_r08.mp4,5498397,0.050584,1,
write,write,,,video_small,pg_bytea,8,01-01-02-01-02-01-09_r08.mp4,5498397,0.167839,1,
write,write,,,video_small,polyglot,8,01-01-02-01-02-01-09_r08.mp4,5498397,0.054431,1,
write,write,,,video_small,mongo_gridfs,8,01-01-02-01-02-01-09_r08.mp4,5498397,0.140696,1,
write,write,,,video_small,pg_bytea,8,01-01-02-01-02-02-01_r08.mp4,5498397,0.875727,1,
write,write,,,video_small,mongo_gridfs,8,01-01-02-01-02-02-01_r08.mp4,5498397,0.060304,1,
write,write,,,video_small,polyglot,8,01-01-02-01-02-02-01_r08.mp4,5498397,0.205049,1,
write,write,,,video_small,polyglot,8,01-01-02-01-02-02-03_r08.mp4,5498397,0.046900,1,
write,write,,,video_small,mongo_gridfs,8,01-01-02-01-02-02-03_r08.mp4,5498397,0.061112,1,
write,write,,,video_small,pg_bytea,8,01-01-02-01-02-02-03_r08.mp4,5498397,0.285091,1,
write,write,,,video_small,polyglot,8,01-01-02-02-01-02-02_r08.mp4,5498397,0.058803,1,
write,write,,,video_small,pg_bytea,8,01-01-02-02-01-02-02_r08.mp4,5498397,0.276543,1,
write,write,,,video_small,mongo_gridfs,8,01-01-02-02-01-02-02_r08.mp4,5498397,0.049989,1,
write,write,,,video_small,pg_bytea,8,01-01-02-02-01-02-03_r08.mp4,5498397,0.230859,1,
write,write,,,video_small,mongo_gridfs,8,01-01-02-02-01-02-03_r08.mp4,5498397,0.046892,1,
write,write,,,video_small,polyglot,8,01-01-02-02-01-02-03_r08.mp4,5498397,0.089910,1,
write,write,,,video_small,polyglot,8,01-01-02-02-01-02-05_r08.mp4,5498397,0.057125,1,
write,write,,,video_small,mongo_gridfs,8,01-01-02-02-01-02-05_r08.mp4,5498397,0.069189,1,
write,write,,,video_small,pg_bytea,8,01-01-02-02-01-02-05_r08.mp4,5498397,0.564154,1,
write,write,,,video_small,polyglot,8,01-01-02-02-01-02-10_r08.mp4,5457041,0.435326,1,
write,write,,,video_small,mongo_gridfs,8,01-01-02-02-01-02-10_r08.mp4,5457041,0.064147,1,
write,write,,,video_small,pg_bytea,8,01-01-02-02-01-02-10_r08.mp4,5457041,0.144474,1,
write,write,,,video_small,polyglot,8,01-01-02-02-01-02-13_r08.mp4,5457041,0.058889,1,
write,write,,,video_small,mongo_gridfs,8,01-01-02-02-01-02-13_r08.mp4,5457041,0.054793,1,
write,write,,,video_small,pg_bytea,8,01-01-02-02-01-02-13_r08.mp4,5457041,0.145438,1,
write,write,,,video_small,polyglot,8,01-01-02-02-01-02-17_r08.mp4,5457041,0.061927,1,
write,write,,,video_small,mongo_gridfs,8,01-01-02-02-01-02-17_r08.mp4,5457041,0.043626,1,
write,write,,,video_small,pg_bytea,8,01-01-02-02-01-02-17_r08.mp4,5457041,0.144493,1,
write,write,,,video_small,polyglot,8,01-01-02-02-02-02-18_r08.mp4,5457041,0.065610,1,
write,write,,,video_small,mongo_gridfs,8,01-01-02-02-02-02-18_r08.mp4,5457041,0.045453,1,
write,write,,,video_small,pg_bytea,8,01-01-02-02-02-02-18_r08.mp4,5457041,0.176346,1,
write,write,,,video_small,mongo_gridfs,8,01-01-02-02-02-02-19_r08.mp4,5457041,0.049893,1,
write,write,,,video_small,pg_bytea,8,01-01-02-02-02-02-19_r08.mp4,5457041,0.326863,1,
write,write,,,video_small,polyglot,8,01-01-02-02-02-02-19_r08.mp4,5457041,0.047152,1,
write,write,,,video_small,mongo_gridfs,8,01-01-02-02-02-02-21_r08.mp4,5498397,0.061625,1,
write,write,,,video_small,polyglot,8,01-01-02-02-02-02-21_r08.mp4,5498397,0.542640,1,
write,write,,,video_small,pg_bytea,8,01-01-02-02-02-02-21_r08.mp4,5498397,0.153744,1,
write,write,,,video_small,pg_bytea,8,01-01-02-02-02-02-22_r08.mp4,5457041,0.386215,1,
write,write,,,video_small,mongo_gridfs,8,01-01-02-02-02-02-22_r08.mp4,5457041,0.051120,1,
write,write,,,video_small,polyglot,8,01-01-02-02-02-02-22_r08.mp4,5457041,0.051165,1,
write,write,,,video_small,polyglot,8,01-01-02-02-02-02-23_r08.mp4,5457041,0.065780,1,
write,write,,,video_small,mongo_gridfs,8,01-01-02-02-02-02-23_r08.mp4,5457041,0.055501,1,
write,write,,,video_small,pg_bytea,8,01-01-02-02-02-02-23_r08.mp4,5457041,0.182197,1,
write,write,,,video_small,polyglot,8,01-01-03-01-01-01-12_r08.mp4,5457041,0.054389,1,
write,write,,,video_small,mongo_gridfs,8,01-01-03-01-01-01-12_r08.mp4,5457041,0.054860,1,
write,write,,,video_small,pg_bytea,8,01-01-03-01-01-01-12_r08.mp4,5457041,0.141198,1,
write,write,,,video_small,pg_bytea,8,01-01-03-01-01-01-15_r08.mp4,5457041,0.154242,1,
write,write,,,video_small,polyglot,8,01-01-03-01-01-01-15_r08.mp4,5457041,0.073586,1,
write,write,,,video_small,mongo_gridfs,8,01-01-03-01-01-01-15_r08.mp4,5457041,0.069706,1,
write,write,,,video_small,pg_bytea,8,01-01-03-01-02-01-08_r08.mp4,5498397,0.299570,1,
write,write,,,video_small,polyglot,8,01-01-03-01-02-01-08_r08.mp4,5498397,0.063795,1,
write,write,,,video_small,mongo_gridfs,8,01-01-03-01-02-01-08_r08.mp4,5498397,0.058736,1,
write,write,,,video_small,polyglot,8,01-01-03-01-02-01-21_r08.mp4,5498397,0.055560,1,
write,write,,,video_small,pg_bytea,8,01-01-03-01-02-01-21_r08.mp4,5498397,0.149137,1,
write,write,,,video_small,mongo_gridfs,8,01-01-03-01-02-01-21_r08.mp4,5498397,0.050101,1,
write,write,,,video_small,mongo_gridfs,8,01-01-03-02-01-01-21_r08.mp4,5457041,0.047554,1,
write,write,,,video_small,polyglot,8,01-01-03-02-01-01-21_r08.mp4,5457041,0.092540,1,
write,write,,,video_small,pg_bytea,8,01-01-03-02-01-01-21_r08.mp4,5457041,0.137076,1,
write,write,,,video_small,mongo_gridfs,8,01-01-03-02-01-01-24_r08.mp4,5457041,0.056948,1,
write,write,,,video_small,pg_bytea,8,01-01-03-02-01-01-24_r08.mp4,5457041,0.136379,1,
write,write,,,video_small,polyglot,8,01-01-03-02-01-01-24_r08.mp4,5457041,0.447657,1,
write,write,,,video_small,pg_bytea,8,01-01-03-02-01-02-01_r08.mp4,5457041,0.128481,1,
write,write,,,video_small,polyglot,8,01-01-03-02-01-02-01_r08.mp4,5457041,0.047604,1,
write,write,,,video_small,mongo_gridfs,8,01-01-03-02-01-02-01_r08.mp4,5457041,0.050229,1,
write,write,,,video_small,polyglot,8,01-01-03-02-01-02-15_r08.mp4,5457041,0.046120,1,
write,write,,,video_small,pg_bytea,8,01-01-03-02-01-02-15_r08.mp4,5457041,0.133991,1,
write,write,,,video_small,mongo_gridfs,8,01-01-03-02-01-02-15_r08.mp4,5457041,0.049302,1,
write,write,,,video_small,mongo_gridfs,8,01-01-03-02-02-01-05_r08.mp4,5457041,0.081175,1,
write,write,,,video_small,polyglot,8,01-01-03-02-02-01-05_r08.mp4,5457041,0.056263,1,
write,write,,,video_small,pg_bytea,8,01-01-03-02-02-01-05_r08.mp4,5457041,0.183676,1,
write,write,,,video_small,mongo_gridfs,8,01-01-03-02-02-01-12_r08.mp4,5457041,0.054045,1,
write,write,,,video_small,polyglot,8,01-01-03-02-02-01-12_r08.mp4,5457041,0.056042,1,
write,write,,,video_small,pg_bytea,8,01-01-03-02-02-01-12_r08.mp4,5457041,0.136696,1,
write,write,,,video_small,polyglot,8,01-01-03-02-02-01-15_r08.mp4,5498397,0.064547,1,
write,write,,,video_small,pg_bytea,8,01-01-03-02-02-01-15_r08.mp4,5498397,0.131017,1,
write,write,,,video_small,mongo_gridfs,8,01-01-03-02-02-01-15_r08.mp4,5498397,0.062111,1,
write,write,,,video_small,mongo_gridfs,8,01-01-04-01-01-01-03_r08.mp4,5457041,0.045457,1,
write,write,,,video_small,pg_bytea,8,01-01-04-01-01-01-03_r08.mp4,5457041,0.145010,1,
write,write,,,video_small,polyglot,8,01-01-04-01-01-01-03_r08.mp4,5457041,0.062308,1,
write,write,,,video_small,pg_bytea,8,01-01-04-01-01-01-05_r08.mp4,5498397,0.422603,1,
write,write,,,video_small,polyglot,8,01-01-04-01-01-01-05_r08.mp4,5498397,0.042719,1,
write,write,,,video_small,mongo_gridfs,8,01-01-04-01-01-01-05_r08.mp4,5498397,0.045959,1,
write,write,,,video_small,pg_bytea,8,01-01-04-01-01-01-10_r08.mp4,5457041,0.135560,1,
write,write,,,video_small,polyglot,8,01-01-04-01-01-01-10_r08.mp4,5457041,0.040738,1,
write,write,,,video_small,mongo_gridfs,8,01-01-04-01-01-01-10_r08.mp4,5457041,0.040183,1,
write,write,,,video_small,pg_bytea,8,01-01-04-01-01-01-16_r08.mp4,5457041,0.126650,1,
write,write,,,video_small,polyglot,8,01-01-04-01-01-01-16_r08.mp4,5457041,0.057924,1,
write,write,,,video_small,mongo_gridfs,8,01-01-04-01-01-01-16_r08.mp4,5457041,0.046222,1,
write,write,,,video_small,mongo_gridfs,8,01-01-04-01-02-01-19_r08.mp4,5498397,0.047073,1,
write,write,,,video_small,pg_bytea,8,01-01-04-01-02-01-19_r08.mp4,5498397,0.145418,1,
write,write,,,video_small,polyglot,8,01-01-04-01-02-01-19_r08.mp4,5498397,0.050320,1,
write,write,,,video_small,pg_bytea,8,01-01-04-01-02-01-21_r08.mp4,5498397,0.177482,1,
write,write,,,video_small,polyglot,8,01-01-04-01-02-01-21_r08.mp4,5498397,0.050325,1,
write,write,,,video_small,mongo_gridfs,8,01-01-04-01-02-01-21_r08.mp4,5498397,0.051627,1,
write,write,,,video_small,pg_bytea,8,01-01-04-01-02-01-22_r08.mp4,5498397,0.146262,1,
write,write,,,video_small,mongo_gridfs,8,01-01-04-01-02-01-22_r08.mp4,5498397,0.052638,1,
write,write,,,video_small,polyglot,8,01-01-04-01-02-01-22_r08.mp4,5498397,0.053479,1,
write,write,,,video_small,pg_bytea,8,01-01-04-02-01-01-18_r08.mp4,5498397,0.146179,1,
write,write,,,video_small,polyglot,8,01-01-04-02-01-01-18_r08.mp4,5498397,0.055276,1,
write,write,,,video_small,mongo_gridfs,8,01-01-04-02-01-01-18_r08.mp4,5498397,0.046493,1,
write,write,,,video_small,mongo_gridfs,8,01-01-04-02-01-01-19_r08.mp4,5457041,0.072566,1,
write,write,,,video_small,polyglot,8,01-01-04-02-01-01-19_r08.mp4,5457041,0.052276,1,
write,write,,,video_small,pg_bytea,8,01-01-04-02-01-01-19_r08.mp4,5457041,0.387941,1,
write,write,,,video_small,polyglot,8,01-01-04-02-02-01-02_r08.mp4,5498397,0.066089,1,
write,write,,,video_small,mongo_gridfs,8,01-01-04-02-02-01-02_r08.mp4,5498397,0.047929,1,
write,write,,,video_small,pg_bytea,8,01-01-04-02-02-01-02_r08.mp4,5498397,0.134113,1,
write,write,,,video_small,pg_bytea,8,01-01-04-02-02-01-05_r08.mp4,5498397,0.129985,1,
write,write,,,video_small,polyglot,8,01-01-04-02-02-01-05_r08.mp4,5498397,0.055320,1,
write,write,,,video_small,mongo_gridfs,8,01-01-04-02-02-01-05_r08.mp4,5498397,0.051486,1,
write,write,,,video_small,polyglot,8,01-01-04-02-02-01-06_r08.mp4,5498397,0.055137,1,
write,write,,,video_small,mongo_gridfs,8,01-01-04-02-02-01-06_r08.mp4,5498397,0.043002,1,
write,write,,,video_small,pg_bytea,8,01-01-04-02-02-01-06_r08.mp4,5498397,0.144869,1,
write,write,,,video_small,polyglot,8,01-01-04-02-02-01-13_r08.mp4,5498397,0.050633,1,
write,write,,,video_small,mongo_gridfs,8,01-01-04-02-02-01-13_r08.mp4,5498397,0.052510,1,
write,write,,,video_small,pg_bytea,8,01-01-04-02-02-01-13_r08.mp4,5498397,0.131108,1,
write,write,,,video_small,polyglot,8,01-01-04-02-02-01-17_r08.mp4,5498397,0.055558,1,
write,write,,,video_small,pg_bytea,8,01-01-04-02-02-01-17_r08.mp4,5498397,0.133703,1,
write,write,,,video_small,mongo_gridfs,8,01-01-04-02-02-01-17_r08.mp4,5498397,0.052412,1,
write,write,,,video_small,polyglot,8,01-01-04-02-02-02-19_r08.mp4,5498397,0.048190,1,
write,write,,,video_small,mongo_gridfs,8,01-01-04-02-02-02-19_r08.mp4,5498397,0.049237,1,
write,write,,,video_small,pg_bytea,8,01-01-04-02-02-02-19_r08.mp4,5498397,0.261381,1,
write,write,,,video_small,polyglot,8,01-01-05-01-01-02-09_r08.mp4,5498397,0.048660,1,
write,write,,,video_small,pg_bytea,8,01-01-05-01-01-02-09_r08.mp4,5498397,0.136650,1,
write,write,,,video_small,mongo_gridfs,8,01-01-05-01-01-02-09_r08.mp4,5498397,0.071044,1,
write,write,,,video_small,polyglot,8,01-01-05-01-01-02-19_r08.mp4,5498397,0.299804,1,
write,write,,,video_small,mongo_gridfs,8,01-01-05-01-01-02-19_r08.mp4,5498397,0.045452,1,
write,write,,,video_small,pg_bytea,8,01-01-05-01-01-02-19_r08.mp4,5498397,0.129848,1,
write,write,,,video_small,mongo_gridfs,8,01-01-05-01-01-02-21_r08.mp4,5457041,0.043291,1,
write,write,,,video_small,pg_bytea,8,01-01-05-01-01-02-21_r08.mp4,5457041,0.158237,1,
write,write,,,video_small,polyglot,8,01-01-05-01-01-02-21_r08.mp4,5457041,0.046642,1,
write,write,,,video_small,pg_bytea,8,01-01-05-01-02-01-19_r08.mp4,5457041,0.129181,1,
write,write,,,video_small,mongo_gridfs,8,01-01-05-01-02-01-19_r08.mp4,5457041,0.044028,1,
write,write,,,video_small,polyglot,8,01-01-05-01-02-01-19_r08.mp4,5457041,0.050147,1,
write,write,,,video_small,mongo_gridfs,8,01-01-05-01-02-02-04_r08.mp4,5457041,0.075453,1,
write,write,,,video_small,pg_bytea,8,01-01-05-01-02-02-04_r08.mp4,5457041,0.160817,1,
write,write,,,video_small,polyglot,8,01-01-05-01-02-02-04_r08.mp4,5457041,0.054793,1,
write,write,,,video_small,mongo_gridfs,8,01-01-05-01-02-02-05_r08.mp4,5498397,0.063710,1,
write,write,,,video_small,polyglot,8,01-01-05-01-02-02-05_r08.mp4,5498397,0.104742,1,
write,write,,,video_small,pg_bytea,8,01-01-05-01-02-02-05_r08.mp4,5498397,0.149346,1,
write,write,,,video_small,pg_bytea,8,01-01-05-02-01-02-04_r08.mp4,5457041,0.148978,1,
write,write,,,video_small,polyglot,8,01-01-05-02-01-02-04_r08.mp4,5457041,0.066640,1,
write,write,,,video_small,mongo_gridfs,8,01-01-05-02-01-02-04_r08.mp4,5457041,0.061367,1,
write,write,,,video_small,mongo_gridfs,8,01-01-05-02-01-02-12_r08.mp4,5457041,0.054579,1,
write,write,,,video_small,polyglot,8,01-01-05-02-01-02-12_r08.mp4,5457041,0.060391,1,
write,write,,,video_small,pg_bytea,8,01-01-05-02-01-02-12_r08.mp4,5457041,0.339455,1,
write,write,,,video_small,pg_bytea,8,01-01-05-02-01-02-14_r08.mp4,5457041,0.133774,1,
write,write,,,video_small,mongo_gridfs,8,01-01-05-02-01-02-14_r08.mp4,5457041,0.041533,1,
write,write,,,video_small,polyglot,8,01-01-05-02-01-02-14_r08.mp4,5457041,0.050133,1,
write,write,,,video_small,pg_bytea,8,01-01-05-02-02-02-19_r08.mp4,5498397,0.132379,1,
write,write,,,video_small,mongo_gridfs,8,01-01-05-02-02-02-19_r08.mp4,5498397,0.050067,1,
write,write,,,video_small,polyglot,8,01-01-05-02-02-02-19_r08.mp4,5498397,0.147877,1,
write,write,,,video_small,polyglot,8,01-01-05-02-02-02-20_r08.mp4,5498397,0.076741,1,
write,write,,,video_small,mongo_gridfs,8,01-01-05-02-02-02-20_r08.mp4,5498397,0.116357,1,
write,write,,,video_small,pg_bytea,8,01-01-05-02-02-02-20_r08.mp4,5498397,0.152985,1,
write,write,,,video_small,mongo_gridfs,8,01-01-05-02-02-02-23_r08.mp4,5498397,0.065149,1,
write,write,,,video_small,polyglot,8,01-01-05-02-02-02-23_r08.mp4,5498397,0.065181,1,
write,write,,,video_small,pg_bytea,8,01-01-05-02-02-02-23_r08.mp4,5498397,0.146061,1,
write,write,,,video_small,mongo_gridfs,8,01-01-06-01-01-01-08_r08.mp4,5457041,0.044636,1,
write,write,,,video_small,pg_bytea,8,01-01-06-01-01-01-08_r08.mp4,5457041,0.137882,1,
write,write,,,video_small,polyglot,8,01-01-06-01-01-01-08_r08.mp4,5457041,0.046788,1,
write,write,,,video_small,polyglot,8,01-01-06-01-01-01-19_r08.mp4,5457041,0.048806,1,
write,write,,,video_small,mongo_gridfs,8,01-01-06-01-01-01-19_r08.mp4,5457041,0.048006,1,
write,write,,,video_small,pg_bytea,8,01-01-06-01-01-01-19_r08.mp4,5457041,0.132431,1,
write,write,,,video_small,polyglot,8,01-01-06-01-01-01-24_r08.mp4,5498397,0.071313,1,
write,write,,,video_small,mongo_gridfs,8,01-01-06-01-01-01-24_r08.mp4,5498397,0.061758,1,
write,write,,,video_small,pg_bytea,8,01-01-06-01-01-01-24_r08.mp4,5498397,0.276781,1,
write,write,,,video_medium,mongo_gridfs,8,tsinghua_v_0024_r08.mp4,13091522,0.118630,1,
write,write,,,video_medium,pg_bytea,8,tsinghua_v_0024_r08.mp4,13091522,0.387681,1,
write,write,,,video_medium,polyglot,8,tsinghua_v_0024_r08.mp4,13091522,0.201094,1,
write,write,,,video_medium,mongo_gridfs,8,tsinghua_v_0046_r08.mp4,13091522,0.115799,1,
write,write,,,video_medium,pg_bytea,8,tsinghua_v_0046_r08.mp4,13091522,0.478128,1,
write,write,,,video_medium,polyglot,8,tsinghua_v_0046_r08.mp4,13091522,0.147080,1,
write,write,,,video_medium,mongo_gridfs,8,tsinghua_v_0076_r08.mp4,13091522,0.099497,1,
write,write,,,video_medium,polyglot,8,tsinghua_v_0076_r08.mp4,13091522,0.278190,1,
write,write,,,video_medium,pg_bytea,8,tsinghua_v_0076_r08.mp4,13091522,0.523886,1,
write,write,,,video_medium,polyglot,8,tsinghua_v_0080_r08.mp4,13091522,0.574399,1,
write,write,,,video_medium,pg_bytea,8,tsinghua_v_0080_r08.mp4,13091522,0.596498,1,
write,write,,,video_medium,mongo_gridfs,8,tsinghua_v_0080_r08.mp4,13091522,0.092744,1,
write,write,,,video_medium,pg_bytea,8,tsinghua_v_0109_r08.mp4,13091522,0.333551,1,
write,write,,,video_medium,mongo_gridfs,8,tsinghua_v_0109_r08.mp4,13091522,0.106788,1,
write,write,,,video_medium,polyglot,8,tsinghua_v_0109_r08.mp4,13091522,0.114598,1,
write,write,,,video_medium,polyglot,8,tsinghua_v_0123_r08.mp4,13091522,0.120827,1,
write,write,,,video_medium,pg_bytea,8,tsinghua_v_0123_r08.mp4,13091522,0.341063,1,
write,write,,,video_medium,mongo_gridfs,8,tsinghua_v_0123_r08.mp4,13091522,0.108190,1,
write,write,,,video_medium,polyglot,8,tsinghua_v_0130_r08.mp4,13091522,0.108072,1,
write,write,,,video_medium,pg_bytea,8,tsinghua_v_0130_r08.mp4,13091522,0.437467,1,
write,write,,,video_medium,mongo_gridfs,8,tsinghua_v_0130_r08.mp4,13091522,0.121492,1,
write,write,,,video_medium,polyglot,8,tsinghua_v_0135_r08.mp4,13091522,0.103446,1,
write,write,,,video_medium,mongo_gridfs,8,tsinghua_v_0135_r08.mp4,13091522,0.107254,1,
write,write,,,video_medium,pg_bytea,8,tsinghua_v_0135_r08.mp4,13091522,0.323189,1,
write,write,,,video_medium,pg_bytea,8,tsinghua_v_0137_r08.mp4,13091522,0.320269,1,
write,write,,,video_medium,polyglot,8,tsinghua_v_0137_r08.mp4,13091522,0.118439,1,
write,write,,,video_medium,mongo_gridfs,8,tsinghua_v_0137_r08.mp4,13091522,0.104621,1,
write,write,,,video_medium,pg_bytea,8,tsinghua_v_0140_r08.mp4,13091522,0.426100,1,
write,write,,,video_medium,mongo_gridfs,8,tsinghua_v_0140_r08.mp4,13091522,0.106134,1,
write,write,,,video_medium,polyglot,8,tsinghua_v_0140_r08.mp4,13091522,0.102370,1,
write,write,,,video_medium,pg_bytea,8,tsinghua_v_0151_r08.mp4,13091522,0.558222,1,
write,write,,,video_medium,mongo_gridfs,8,tsinghua_v_0151_r08.mp4,13091522,0.106716,1,
write,write,,,video_medium,polyglot,8,tsinghua_v_0151_r08.mp4,13091522,0.108904,1,
write,write,,,video_medium,polyglot,8,tsinghua_v_0157_r08.mp4,13091522,0.108959,1,
write,write,,,video_medium,mongo_gridfs,8,tsinghua_v_0157_r08.mp4,13091522,0.101255,1,
write,write,,,video_medium,pg_bytea,8,tsinghua_v_0157_r08.mp4,13091522,0.581630,1,
write,write,,,video_medium,polyglot,8,tsinghua_v_0209_r08.mp4,13091522,0.105838,1,
write,write,,,video_medium,mongo_gridfs,8,tsinghua_v_0209_r08.mp4,13091522,0.100007,1,
write,write,,,video_medium,pg_bytea,8,tsinghua_v_0209_r08.mp4,13091522,0.476246,1,
write,write,,,video_medium,mongo_gridfs,8,tsinghua_v_0226_r08.mp4,13091522,0.103424,1,
write,write,,,video_medium,polyglot,8,tsinghua_v_0226_r08.mp4,13091522,0.144830,1,
write,write,,,video_medium,pg_bytea,8,tsinghua_v_0226_r08.mp4,13091522,0.357686,1,
write,write,,,video_medium,pg_bytea,8,tsinghua_v_0236_r08.mp4,13091522,0.316759,1,
write,write,,,video_medium,mongo_gridfs,8,tsinghua_v_0236_r08.mp4,13091522,0.127492,1,
write,write,,,video_medium,polyglot,8,tsinghua_v_0236_r08.mp4,13091522,0.226288,1,
write,write,,,video_medium,pg_bytea,8,tsinghua_v_0274_r08.mp4,13091522,0.362224,1,
write,write,,,video_medium,polyglot,8,tsinghua_v_0274_r08.mp4,13091522,0.112501,1,
write,write,,,video_medium,mongo_gridfs,8,tsinghua_v_0274_r08.mp4,13091522,0.110391,1,
write,write,,,video_medium,mongo_gridfs,8,tsinghua_v_0280_r08.mp4,13091522,0.114151,1,
write,write,,,video_medium,polyglot,8,tsinghua_v_0280_r08.mp4,13091522,0.409437,1,
write,write,,,video_medium,pg_bytea,8,tsinghua_v_0280_r08.mp4,13091522,0.341710,1,
write,write,,,video_medium,polyglot,8,tsinghua_v_0302_r08.mp4,13091522,0.193608,1,
write,write,,,video_medium,mongo_gridfs,8,tsinghua_v_0302_r08.mp4,13091522,0.103074,1,
write,write,,,video_medium,pg_bytea,8,tsinghua_v_0302_r08.mp4,13091522,0.353388,1,
write,write,,,video_medium,pg_bytea,8,tsinghua_v_0311_r08.mp4,13091522,0.318292,1,
write,write,,,video_medium,mongo_gridfs,8,tsinghua_v_0311_r08.mp4,13091522,0.107990,1,
write,write,,,video_medium,polyglot,8,tsinghua_v_0311_r08.mp4,13091522,0.274476,1,
write,write,,,video_medium,polyglot,8,tsinghua_v_0316_r08.mp4,13091522,0.235375,1,
write,write,,,video_medium,pg_bytea,8,tsinghua_v_0316_r08.mp4,13091522,0.312750,1,
write,write,,,video_medium,mongo_gridfs,8,tsinghua_v_0316_r08.mp4,13091522,0.115584,1,
write,write,,,video_medium,mongo_gridfs,8,tsinghua_v_0319_r08.mp4,13091522,0.105060,1,
write,write,,,video_medium,polyglot,8,tsinghua_v_0319_r08.mp4,13091522,0.433395,1,
write,write,,,video_medium,pg_bytea,8,tsinghua_v_0319_r08.mp4,13091522,0.888818,1,
write,write,,,video_medium,polyglot,8,tsinghua_v_0321_r08.mp4,13091522,0.123646,1,
write,write,,,video_medium,mongo_gridfs,8,tsinghua_v_0321_r08.mp4,13091522,0.111017,1,
write,write,,,video_medium,pg_bytea,8,tsinghua_v_0321_r08.mp4,13091522,0.398691,1,
write,write,,,video_medium,pg_bytea,8,tsinghua_v_0331_r08.mp4,13091522,0.363039,1,
write,write,,,video_medium,mongo_gridfs,8,tsinghua_v_0331_r08.mp4,13091522,0.117486,1,
write,write,,,video_medium,polyglot,8,tsinghua_v_0331_r08.mp4,13091522,0.105433,1,
write,write,,,video_medium,pg_bytea,8,tsinghua_v_0345_r08.mp4,13091522,0.341645,1,
write,write,,,video_medium,mongo_gridfs,8,tsinghua_v_0345_r08.mp4,13091522,0.104814,1,
write,write,,,video_medium,polyglot,8,tsinghua_v_0345_r08.mp4,13091522,0.120971,1,
write,write,,,video_medium,polyglot,8,tsinghua_v_0356_r08.mp4,13091522,0.123318,1,
write,write,,,video_medium,pg_bytea,8,tsinghua_v_0356_r08.mp4,13091522,1.790358,1,
write,write,,,video_medium,mongo_gridfs,8,tsinghua_v_0356_r08.mp4,13091522,0.125590,1,
write,write,,,video_medium,pg_bytea,8,tsinghua_v_0357_r08.mp4,13091522,0.390136,1,
write,write,,,video_medium,polyglot,8,tsinghua_v_0357_r08.mp4,13091522,0.119497,1,
write,write,,,video_medium,mongo_gridfs,8,tsinghua_v_0357_r08.mp4,13091522,0.113154,1,
write,write,,,video_medium,pg_bytea,8,tsinghua_v_0379_r08.mp4,13091522,0.427075,1,
write,write,,,video_medium,mongo_gridfs,8,tsinghua_v_0379_r08.mp4,13091522,0.106269,1,
write,write,,,video_medium,polyglot,8,tsinghua_v_0379_r08.mp4,13091522,0.119053,1,
write,write,,,video_medium,polyglot,8,tsinghua_v_0393_r08.mp4,13091522,0.425301,1,
write,write,,,video_medium,pg_bytea,8,tsinghua_v_0393_r08.mp4,13091522,0.354672,1,
write,write,,,video_medium,mongo_gridfs,8,tsinghua_v_0393_r08.mp4,13091522,0.106727,1,
write,write,,,video_medium,mongo_gridfs,8,tsinghua_v_0421_r08.mp4,13091522,0.112022,1,
write,write,,,video_medium,polyglot,8,tsinghua_v_0421_r08.mp4,13091522,0.149993,1,
write,write,,,video_medium,pg_bytea,8,tsinghua_v_0421_r08.mp4,13091522,0.453996,1,
write,write,,,video_medium,mongo_gridfs,8,tsinghua_v_0424_r08.mp4,13091522,0.118913,1,
write,write,,,video_medium,pg_bytea,8,tsinghua_v_0424_r08.mp4,13091522,1.168458,1,
write,write,,,video_medium,polyglot,8,tsinghua_v_0424_r08.mp4,13091522,0.106387,1,
write,write,,,video_medium,pg_bytea,8,tsinghua_v_0427_r08.mp4,13091522,0.636740,1,
write,write,,,video_medium,polyglot,8,tsinghua_v_0427_r08.mp4,13091522,0.224422,1,
write,write,,,video_medium,mongo_gridfs,8,tsinghua_v_0427_r08.mp4,13091522,0.108295,1,
write,write,,,video_medium,polyglot,8,tsinghua_v_0431_r08.mp4,13091522,0.375960,1,
write,write,,,video_medium,mongo_gridfs,8,tsinghua_v_0431_r08.mp4,13091522,0.123155,1,
write,write,,,video_medium,pg_bytea,8,tsinghua_v_0431_r08.mp4,13091522,0.393186,1,
write,write,,,video_medium,mongo_gridfs,8,tsinghua_v_0452_r08.mp4,13091522,0.120724,1,
write,write,,,video_medium,pg_bytea,8,tsinghua_v_0452_r08.mp4,13091522,1.195002,1,
write,write,,,video_medium,polyglot,8,tsinghua_v_0452_r08.mp4,13091522,0.130898,1,
write,write,,,video_medium,pg_bytea,8,tsinghua_v_0454_r08.mp4,13091522,0.337893,1,
write,write,,,video_medium,mongo_gridfs,8,tsinghua_v_0454_r08.mp4,13091522,0.103652,1,
write,write,,,video_medium,polyglot,8,tsinghua_v_0454_r08.mp4,13091522,1.458474,1,
write,write,,,video_medium,polyglot,8,tsinghua_v_0457_r08.mp4,13091522,0.135678,1,
write,write,,,video_medium,pg_bytea,8,tsinghua_v_0457_r08.mp4,13091522,0.362993,1,
write,write,,,video_medium,mongo_gridfs,8,tsinghua_v_0457_r08.mp4,13091522,0.126490,1,
write,write,,,video_medium,polyglot,8,tsinghua_v_0466_r08.mp4,13091522,0.251674,1,
write,write,,,video_medium,mongo_gridfs,8,tsinghua_v_0466_r08.mp4,13091522,0.141109,1,
write,write,,,video_medium,pg_bytea,8,tsinghua_v_0466_r08.mp4,13091522,0.903111,1,
write,write,,,video_medium,mongo_gridfs,8,tsinghua_v_0471_r08.mp4,13091522,0.103858,1,
write,write,,,video_medium,pg_bytea,8,tsinghua_v_0471_r08.mp4,13091522,0.319071,1,
write,write,,,video_medium,polyglot,8,tsinghua_v_0471_r08.mp4,13091522,0.110153,1,
write,write,,,video_medium,polyglot,8,tsinghua_v_0472_r08.mp4,13091522,0.126205,1,
write,write,,,video_medium,pg_bytea,8,tsinghua_v_0472_r08.mp4,13091522,0.621228,1,
write,write,,,video_medium,mongo_gridfs,8,tsinghua_v_0472_r08.mp4,13091522,0.108972,1,
write,write,,,video_medium,mongo_gridfs,8,tsinghua_v_0494_r08.mp4,13091522,0.133371,1,
write,write,,,video_medium,pg_bytea,8,tsinghua_v_0494_r08.mp4,13091522,0.727226,1,
write,write,,,video_medium,polyglot,8,tsinghua_v_0494_r08.mp4,13091522,0.111537,1,
write,write,,,video_medium,pg_bytea,8,tsinghua_v_0503_r08.mp4,13091522,0.609673,1,
write,write,,,video_medium,polyglot,8,tsinghua_v_0503_r08.mp4,13091522,0.150698,1,
write,write,,,video_medium,mongo_gridfs,8,tsinghua_v_0503_r08.mp4,13091522,0.131407,1,
write,write,,,video_medium,polyglot,8,tsinghua_v_0509_r08.mp4,13091522,0.703679,1,
write,write,,,video_medium,mongo_gridfs,8,tsinghua_v_0509_r08.mp4,13091522,0.127468,1,
write,write,,,video_medium,pg_bytea,8,tsinghua_v_0509_r08.mp4,13091522,0.433753,1,
write,write,,,video_medium,mongo_gridfs,8,tsinghua_v_0523_r08.mp4,13091522,0.121354,1,
write,write,,,video_medium,polyglot,8,tsinghua_v_0523_r08.mp4,13091522,0.168044,1,
write,write,,,video_medium,pg_bytea,8,tsinghua_v_0523_r08.mp4,13091522,0.628268,1,
write,write,,,video_medium,mongo_gridfs,8,tsinghua_v_0546_r08.mp4,13091522,0.097056,1,
write,write,,,video_medium,pg_bytea,8,tsinghua_v_0546_r08.mp4,13091522,0.638549,1,
write,write,,,video_medium,polyglot,8,tsinghua_v_0546_r08.mp4,13091522,0.263925,1,
write,write,,,video_medium,polyglot,8,tsinghua_v_0568_r08.mp4,13091522,0.116123,1,
write,write,,,video_medium,mongo_gridfs,8,tsinghua_v_0568_r08.mp4,13091522,0.186535,1,
write,write,,,video_medium,pg_bytea,8,tsinghua_v_0568_r08.mp4,13091522,1.792014,1,
write,write,,,video_medium,polyglot,8,tsinghua_v_0594_r08.mp4,13091522,0.106084,1,
write,write,,,video_medium,mongo_gridfs,8,tsinghua_v_0594_r08.mp4,13091522,0.101893,1,
write,write,,,video_medium,pg_bytea,8,tsinghua_v_0594_r08.mp4,13091522,0.332861,1,
write,write,,,video_medium,polyglot,8,tsinghua_v_0596_r08.mp4,13091522,0.240558,1,
write,write,,,video_medium,pg_bytea,8,tsinghua_v_0596_r08.mp4,13091522,0.453282,1,
write,write,,,video_medium,mongo_gridfs,8,tsinghua_v_0596_r08.mp4,13091522,0.133139,1,
write,write,,,video_medium,pg_bytea,8,tsinghua_v_0635_r08.mp4,13091522,0.851396,1,
write,write,,,video_medium,mongo_gridfs,8,tsinghua_v_0635_r08.mp4,13091522,0.109478,1,
write,write,,,video_medium,polyglot,8,tsinghua_v_0635_r08.mp4,13091522,0.098833,1,
write,write,,,video_medium,polyglot,8,tsinghua_v_0653_r08.mp4,13091522,0.207587,1,
write,write,,,video_medium,mongo_gridfs,8,tsinghua_v_0653_r08.mp4,13091522,0.097099,1,
write,write,,,video_medium,pg_bytea,8,tsinghua_v_0653_r08.mp4,13091522,0.571400,1,
write,write,,,video_medium,polyglot,8,tsinghua_v_0667_r08.mp4,13091522,0.104055,1,
write,write,,,video_medium,mongo_gridfs,8,tsinghua_v_0667_r08.mp4,13091522,0.096908,1,
write,write,,,video_medium,pg_bytea,8,tsinghua_v_0667_r08.mp4,13091522,0.368080,1,
write,write,,,video_medium,polyglot,8,tsinghua_v_0673_r08.mp4,13091522,0.510429,1,
write,write,,,video_medium,pg_bytea,8,tsinghua_v_0673_r08.mp4,13091522,0.633534,1,
write,write,,,video_medium,mongo_gridfs,8,tsinghua_v_0673_r08.mp4,13091522,0.196209,1,
write,write,,,video_medium,pg_bytea,8,tsinghua_v_0681_r08.mp4,13091522,0.552299,1,
write,write,,,video_medium,mongo_gridfs,8,tsinghua_v_0681_r08.mp4,13091522,0.126690,1,
write,write,,,video_medium,polyglot,8,tsinghua_v_0681_r08.mp4,13091522,0.937105,1,
write,write,,,video_medium,mongo_gridfs,8,tsinghua_v_0690_r08.mp4,13091522,0.109359,1,
write,write,,,video_medium,pg_bytea,8,tsinghua_v_0690_r08.mp4,13091522,0.364903,1,
write,write,,,video_medium,polyglot,8,tsinghua_v_0690_r08.mp4,13091522,0.152063,1,
write,write,,,video_medium,mongo_gridfs,8,tsinghua_v_0692_r08.mp4,13091522,0.103098,1,
write,write,,,video_medium,polyglot,8,tsinghua_v_0692_r08.mp4,13091522,0.180472,1,
write,write,,,video_medium,pg_bytea,8,tsinghua_v_0692_r08.mp4,13091522,0.676147,1,
write,write,,,video_medium,polyglot,8,tsinghua_v_0696_r08.mp4,13091522,0.451350,1,
write,write,,,video_medium,mongo_gridfs,8,tsinghua_v_0696_r08.mp4,13091522,0.104065,1,
write,write,,,video_medium,pg_bytea,8,tsinghua_v_0696_r08.mp4,13091522,0.329470,1,
write,write,,,video_medium,pg_bytea,8,tsinghua_v_0734_r08.mp4,13091522,0.408535,1,
write,write,,,video_medium,mongo_gridfs,8,tsinghua_v_0734_r08.mp4,13091522,0.142119,1,
write,write,,,video_medium,polyglot,8,tsinghua_v_0734_r08.mp4,13091522,0.823427,1,
write,write,,,video_medium,pg_bytea,8,tsinghua_v_0737_r08.mp4,13091522,0.369957,1,
write,write,,,video_medium,mongo_gridfs,8,tsinghua_v_0737_r08.mp4,13091522,0.097689,1,
write,write,,,video_medium,polyglot,8,tsinghua_v_0737_r08.mp4,13091522,0.213294,1,
write,write,,,video_medium,mongo_gridfs,8,tsinghua_v_0744_r08.mp4,13091522,0.109700,1,
write,write,,,video_medium,pg_bytea,8,tsinghua_v_0744_r08.mp4,13091522,0.331768,1,
write,write,,,video_medium,polyglot,8,tsinghua_v_0744_r08.mp4,13091522,1.178894,1,
write,write,,,video_medium,pg_bytea,8,tsinghua_v_0745_r08.mp4,13091522,0.692430,1,
write,write,,,video_medium,polyglot,8,tsinghua_v_0745_r08.mp4,13091522,0.171988,1,
write,write,,,video_medium,mongo_gridfs,8,tsinghua_v_0745_r08.mp4,13091522,0.313487,1,
write,write,,,video_medium,mongo_gridfs,8,tsinghua_v_0769_r08.mp4,13091522,0.460339,1,
write,write,,,video_medium,pg_bytea,8,tsinghua_v_0769_r08.mp4,13091522,1.443002,1,
write,write,,,video_medium,polyglot,8,tsinghua_v_0769_r08.mp4,13091522,0.124867,1,
write,write,,,video_medium,pg_bytea,8,tsinghua_v_0791_r08.mp4,13091522,0.845012,1,
write,write,,,video_medium,polyglot,8,tsinghua_v_0791_r08.mp4,13091522,0.156062,1,
write,write,,,video_medium,mongo_gridfs,8,tsinghua_v_0791_r08.mp4,13091522,0.116755,1,
write,write,,,video_medium,pg_bytea,8,tsinghua_v_0792_r08.mp4,13091522,0.675609,1,
write,write,,,video_medium,mongo_gridfs,8,tsinghua_v_0792_r08.mp4,13091522,0.108818,1,
write,write,,,video_medium,polyglot,8,tsinghua_v_0792_r08.mp4,13091522,1.500845,1,
write,write,,,video_medium,mongo_gridfs,8,tsinghua_v_0857_r08.mp4,13091522,0.103495,1,
write,write,,,video_medium,pg_bytea,8,tsinghua_v_0857_r08.mp4,13091522,0.650264,1,
write,write,,,video_medium,polyglot,8,tsinghua_v_0857_r08.mp4,13091522,0.199226,1,
write,write,,,video_medium,polyglot,8,tsinghua_v_0866_r08.mp4,13091522,0.108573,1,
write,write,,,video_medium,pg_bytea,8,tsinghua_v_0866_r08.mp4,13091522,1.023002,1,
write,write,,,video_medium,mongo_gridfs,8,tsinghua_v_0866_r08.mp4,13091522,0.099694,1,
write,write,,,video_medium,pg_bytea,8,tsinghua_v_0880_r08.mp4,13091522,1.367233,1,
write,write,,,video_medium,mongo_gridfs,8,tsinghua_v_0880_r08.mp4,13091522,0.110392,1,
write,write,,,video_medium,polyglot,8,tsinghua_v_0880_r08.mp4,13091522,0.511309,1,
write,write,,,video_medium,mongo_gridfs,8,tsinghua_v_0888_r08.mp4,13091522,0.156878,1,
write,write,,,video_medium,polyglot,8,tsinghua_v_0888_r08.mp4,13091522,1.458785,1,
write,write,,,video_medium,pg_bytea,8,tsinghua_v_0888_r08.mp4,13091522,4.479063,1,
write,write,,,video_medium,pg_bytea,8,tsinghua_v_0901_r08.mp4,13091522,2.890014,1,
write,write,,,video_medium,polyglot,8,tsinghua_v_0901_r08.mp4,13091522,0.368158,1,
write,write,,,video_medium,mongo_gridfs,8,tsinghua_v_0901_r08.mp4,13091522,0.178719,1,
write,write,,,video_medium,pg_bytea,8,tsinghua_v_0937_r08.mp4,13091522,0.432244,1,
write,write,,,video_medium,polyglot,8,tsinghua_v_0937_r08.mp4,13091522,0.122350,1,
write,write,,,video_medium,mongo_gridfs,8,tsinghua_v_0937_r08.mp4,13091522,0.111815,1,
write,write,,,video_medium,polyglot,8,tsinghua_v_0939_r08.mp4,13091522,0.110811,1,
write,write,,,video_medium,pg_bytea,8,tsinghua_v_0939_r08.mp4,13091522,0.342360,1,
write,write,,,video_medium,mongo_gridfs,8,tsinghua_v_0939_r08.mp4,13091522,0.103501,1,
write,write,,,video_medium,polyglot,8,tsinghua_v_0961_r08.mp4,13091522,0.092461,1,
write,write,,,video_medium,mongo_gridfs,8,tsinghua_v_0961_r08.mp4,13091522,0.110899,1,
write,write,,,video_medium,pg_bytea,8,tsinghua_v_0961_r08.mp4,13091522,0.358211,1,
write,write,,,video_medium,mongo_gridfs,8,tsinghua_v_0977_r08.mp4,13091522,0.105759,1,
write,write,,,video_medium,polyglot,8,tsinghua_v_0977_r08.mp4,13091522,0.106142,1,
write,write,,,video_medium,pg_bytea,8,tsinghua_v_0977_r08.mp4,13091522,0.617720,1,
write,write,,,audio_small,polyglot,9,03-01-01-01-01-02-19_r09.wav,375720,0.043188,1,
write,write,,,audio_small,pg_bytea,9,03-01-01-01-01-02-19_r09.wav,375720,0.010784,1,
write,write,,,audio_small,mongo_gridfs,9,03-01-01-01-01-02-19_r09.wav,375720,0.007091,1,
write,write,,,audio_small,pg_bytea,9,03-01-01-01-02-02-05_r09.wav,396294,0.010898,1,
write,write,,,audio_small,polyglot,9,03-01-01-01-02-02-05_r09.wav,396294,0.013063,1,
write,write,,,audio_small,mongo_gridfs,9,03-01-01-01-02-02-05_r09.wav,396294,0.009150,1,
write,write,,,audio_small,mongo_gridfs,9,03-01-01-01-02-02-06_r09.wav,363108,0.009364,1,
write,write,,,audio_small,polyglot,9,03-01-01-01-02-02-06_r09.wav,363108,0.007346,1,
write,write,,,audio_small,pg_bytea,9,03-01-01-01-02-02-06_r09.wav,363108,0.010190,1,
write,write,,,audio_small,mongo_gridfs,9,03-01-01-01-02-02-07_r09.wav,363108,0.007728,1,
write,write,,,audio_small,polyglot,9,03-01-01-01-02-02-07_r09.wav,363108,0.006310,1,
write,write,,,audio_small,pg_bytea,9,03-01-01-01-02-02-07_r09.wav,363108,0.009569,1,
write,write,,,audio_small,mongo_gridfs,9,03-01-01-01-02-02-11_r09.wav,375720,0.010747,1,
write,write,,,audio_small,pg_bytea,9,03-01-01-01-02-02-11_r09.wav,375720,0.011447,1,
write,write,,,audio_small,polyglot,9,03-01-01-01-02-02-11_r09.wav,375720,0.009363,1,
write,write,,,audio_small,polyglot,9,03-01-01-01-02-02-12_r09.wav,372698,0.011942,1,
write,write,,,audio_small,mongo_gridfs,9,03-01-01-01-02-02-12_r09.wav,372698,0.017779,1,
write,write,,,audio_small,pg_bytea,9,03-01-01-01-02-02-12_r09.wav,372698,0.012599,1,
write,write,,,audio_small,polyglot,9,03-01-01-01-02-02-13_r09.wav,363108,0.006830,1,
write,write,,,audio_small,pg_bytea,9,03-01-01-01-02-02-13_r09.wav,363108,0.009319,1,
write,write,,,audio_small,mongo_gridfs,9,03-01-01-01-02-02-13_r09.wav,363108,0.006166,1,
write,write,,,audio_small,pg_bytea,9,03-01-01-02-01-02-05_r09.wav,393086,0.010418,1,
write,write,,,audio_small,polyglot,9,03-01-01-02-01-02-05_r09.wav,393086,0.018638,1,
write,write,,,audio_small,mongo_gridfs,9,03-01-01-02-01-02-05_r09.wav,393086,0.020306,1,
write,write,,,audio_small,pg_bytea,9,03-01-01-02-01-02-06_r09.wav,363108,0.009381,1,
write,write,,,audio_small,mongo_gridfs,9,03-01-01-02-01-02-06_r09.wav,363108,0.005639,1,
write,write,,,audio_small,polyglot,9,03-01-01-02-01-02-06_r09.wav,363108,0.007769,1,
write,write,,,audio_small,pg_bytea,9,03-01-01-02-01-02-07_r09.wav,372698,0.011995,1,
write,write,,,audio_small,polyglot,9,03-01-01-02-01-02-07_r09.wav,372698,0.019508,1,
write,write,,,audio_small,mongo_gridfs,9,03-01-01-02-01-02-07_r09.wav,372698,0.008156,1,
write,write,,,audio_small,mongo_gridfs,9,03-01-01-02-01-02-13_r09.wav,399494,0.012030,1,
write,write,,,audio_small,polyglot,9,03-01-01-02-01-02-13_r09.wav,399494,0.007696,1,
write,write,,,audio_small,pg_bytea,9,03-01-01-02-01-02-13_r09.wav,399494,0.010675,1,
write,write,,,audio_small,mongo_gridfs,9,03-01-01-02-02-02-19_r09.wav,372698,0.005595,1,
write,write,,,audio_small,pg_bytea,9,03-01-01-02-02-02-19_r09.wav,372698,0.010710,1,
write,write,,,audio_small,polyglot,9,03-01-01-02-02-02-19_r09.wav,372698,0.010572,1,
write,write,,,audio_small,mongo_gridfs,9,03-01-02-01-01-01-19_r09.wav,372698,0.009667,1,
write,write,,,audio_small,polyglot,9,03-01-02-01-01-01-19_r09.wav,372698,0.006922,1,
write,write,,,audio_small,pg_bytea,9,03-01-02-01-01-01-19_r09.wav,372698,0.010117,1,
write,write,,,audio_small,pg_bytea,9,03-01-02-01-02-01-06_r09.wav,363108,0.008711,1,
write,write,,,audio_small,polyglot,9,03-01-02-01-02-01-06_r09.wav,363108,0.007218,1,
write,write,,,audio_small,mongo_gridfs,9,03-01-02-01-02-01-06_r09.wav,363108,0.005796,1,
write,write,,,audio_small,mongo_gridfs,9,03-01-02-01-02-01-07_r09.wav,399494,0.005611,1,
write,write,,,audio_small,polyglot,9,03-01-02-01-02-01-07_r09.wav,399494,0.012748,1,
write,write,,,audio_small,pg_bytea,9,03-01-02-01-02-01-07_r09.wav,399494,0.011300,1,
write,write,,,audio_small,mongo_gridfs,9,03-01-02-01-02-01-11_r09.wav,375720,0.006114,1,
write,write,,,audio_small,polyglot,9,03-01-02-01-02-01-11_r09.wav,375720,0.012256,1,
write,write,,,audio_small,pg_bytea,9,03-01-02-01-02-01-11_r09.wav,375720,0.008922,1,
write,write,,,audio_small,polyglot,9,03-01-02-01-02-01-12_r09.wav,372698,0.007302,1,
write,write,,,audio_small,mongo_gridfs,9,03-01-02-01-02-01-12_r09.wav,372698,0.009004,1,
write,write,,,audio_small,pg_bytea,9,03-01-02-01-02-01-12_r09.wav,372698,0.010660,1,
write,write,,,audio_small,polyglot,9,03-01-02-01-02-01-13_r09.wav,379106,0.009595,1,
write,write,,,audio_small,mongo_gridfs,9,03-01-02-01-02-01-13_r09.wav,379106,0.021389,1,
write,write,,,audio_small,pg_bytea,9,03-01-02-01-02-01-13_r09.wav,379106,0.010416,1,
write,write,,,audio_small,mongo_gridfs,9,03-01-02-02-01-01-05_r09.wav,363108,0.005274,1,
write,write,,,audio_small,pg_bytea,9,03-01-02-02-01-01-05_r09.wav,363108,0.010485,1,
write,write,,,audio_small,polyglot,9,03-01-02-02-01-01-05_r09.wav,363108,0.013980,1,
write,write,,,audio_small,mongo_gridfs,9,03-01-02-02-01-01-11_r09.wav,363108,0.005144,1,
write,write,,,audio_small,polyglot,9,03-01-02-02-01-01-11_r09.wav,363108,0.006674,1,
write,write,,,audio_small,pg_bytea,9,03-01-02-02-01-01-11_r09.wav,363108,0.009802,1,
write,write,,,audio_small,pg_bytea,9,03-01-02-02-01-01-12_r09.wav,399494,0.009800,1,
write,write,,,audio_small,mongo_gridfs,9,03-01-02-02-01-01-12_r09.wav,399494,0.006306,1,
write,write,,,audio_small,polyglot,9,03-01-02-02-01-01-12_r09.wav,399494,0.006875,1,
write,write,,,audio_small,polyglot,9,03-01-02-02-01-01-13_r09.wav,399494,0.005855,1,
write,write,,,audio_small,pg_bytea,9,03-01-02-02-01-01-13_r09.wav,399494,0.011419,1,
write,write,,,audio_small,mongo_gridfs,9,03-01-02-02-01-01-13_r09.wav,399494,0.010252,1,
write,write,,,audio_small,polyglot,9,03-01-02-02-02-01-19_r09.wav,379106,0.011893,1,
write,write,,,audio_small,pg_bytea,9,03-01-02-02-02-01-19_r09.wav,379106,0.009420,1,
write,write,,,audio_small,mongo_gridfs,9,03-01-02-02-02-01-19_r09.wav,379106,0.005891,1,
write,write,,,audio_small,pg_bytea,9,03-01-03-01-01-02-05_r09.wav,396294,0.009555,1,
write,write,,,audio_small,mongo_gridfs,9,03-01-03-01-01-02-05_r09.wav,396294,0.020998,1,
write,write,,,audio_small,polyglot,9,03-01-03-01-01-02-05_r09.wav,396294,0.011193,1,
write,write,,,audio_small,pg_bytea,9,03-01-03-01-01-02-07_r09.wav,393086,0.011767,1,
write,write,,,audio_small,polyglot,9,03-01-03-01-01-02-07_r09.wav,393086,0.081126,1,
write,write,,,audio_small,mongo_gridfs,9,03-01-03-01-01-02-07_r09.wav,393086,0.005811,1,
write,write,,,audio_small,polyglot,9,03-01-03-01-01-02-12_r09.wav,399494,0.006244,1,
write,write,,,audio_small,mongo_gridfs,9,03-01-03-01-01-02-12_r09.wav,399494,0.005283,1,
write,write,,,audio_small,pg_bytea,9,03-01-03-01-01-02-12_r09.wav,399494,0.010081,1,
write,write,,,audio_small,polyglot,9,03-01-03-01-01-02-13_r09.wav,399494,0.006803,1,
write,write,,,audio_small,pg_bytea,9,03-01-03-01-01-02-13_r09.wav,399494,0.011812,1,
write,write,,,audio_small,mongo_gridfs,9,03-01-03-01-01-02-13_r09.wav,399494,0.006018,1,
write,write,,,audio_small,polyglot,9,03-01-03-01-02-02-18_r09.wav,393086,0.005797,1,
write,write,,,audio_small,mongo_gridfs,9,03-01-03-01-02-02-18_r09.wav,393086,0.005102,1,
write,write,,,audio_small,pg_bytea,9,03-01-03-01-02-02-18_r09.wav,393086,0.009706,1,
write,write,,,audio_small,pg_bytea,9,03-01-03-01-02-02-19_r09.wav,399494,0.010436,1,
write,write,,,audio_small,mongo_gridfs,9,03-01-03-01-02-02-19_r09.wav,399494,0.013283,1,
write,write,,,audio_small,polyglot,9,03-01-03-01-02-02-19_r09.wav,399494,0.007110,1,
write,write,,,audio_small,pg_bytea,9,03-01-03-02-01-02-18_r09.wav,396294,0.009644,1,
write,write,,,audio_small,mongo_gridfs,9,03-01-03-02-01-02-18_r09.wav,396294,0.005523,1,
write,write,,,audio_small,polyglot,9,03-01-03-02-01-02-18_r09.wav,396294,0.005345,1,
write,write,,,audio_small,polyglot,9,03-01-03-02-01-02-19_r09.wav,372698,0.007372,1,
write,write,,,audio_small,pg_bytea,9,03-01-03-02-01-02-19_r09.wav,372698,0.011672,1,
write,write,,,audio_small,mongo_gridfs,9,03-01-03-02-01-02-19_r09.wav,372698,0.005284,1,
write,write,,,audio_small,pg_bytea,9,03-01-03-02-02-02-04_r09.wav,379106,0.009417,1,
write,write,,,audio_small,polyglot,9,03-01-03-02-02-02-04_r09.wav,379106,0.006227,1,
write,write,,,audio_small,mongo_gridfs,9,03-01-03-02-02-02-04_r09.wav,379106,0.004624,1,
write,write,,,audio_small,polyglot,9,03-01-03-02-02-02-06_r09.wav,399494,0.020099,1,
write,write,,,audio_small,mongo_gridfs,9,03-01-03-02-02-02-06_r09.wav,399494,0.005866,1,
write,write,,,audio_small,pg_bytea,9,03-01-03-02-02-02-06_r09.wav,399494,0.026248,1,
write,write,,,audio_small,polyglot,9,03-01-03-02-02-02-07_r09.wav,393086,0.006492,1,
write,write,,,audio_small,pg_bytea,9,03-01-03-02-02-02-07_r09.wav,393086,0.016294,1,
write,write,,,audio_small,mongo_gridfs,9,03-01-03-02-02-02-07_r09.wav,393086,0.005718,1,
write,write,,,audio_small,polyglot,9,03-01-03-02-02-02-10_r09.wav,375720,0.010238,1,
write,write,,,audio_small,mongo_gridfs,9,03-01-03-02-02-02-10_r09.wav,375720,0.004676,1,
write,write,,,audio_small,pg_bytea,9,03-01-03-02-02-02-10_r09.wav,375720,0.014783,1,
write,write,,,audio_small,mongo_gridfs,9,03-01-03-02-02-02-11_r09.wav,396294,0.005364,1,
write,write,,,audio_small,pg_bytea,9,03-01-03-02-02-02-11_r09.wav,396294,0.009993,1,
write,write,,,audio_small,polyglot,9,03-01-03-02-02-02-11_r09.wav,396294,0.008855,1,
write,write,,,audio_small,pg_bytea,9,03-01-03-02-02-02-13_r09.wav,399494,0.009570,1,
write,write,,,audio_small,mongo_gridfs,9,03-01-03-02-02-02-13_r09.wav,399494,0.005986,1,
write,write,,,audio_small,polyglot,9,03-01-03-02-02-02-13_r09.wav,399494,0.005640,1,
write,write,,,audio_small,polyglot,9,03-01-04-01-01-02-01_r09.wav,396294,0.005204,1,
write,write,,,audio_small,mongo_gridfs,9,03-01-04-01-01-02-01_r09.wav,396294,0.004963,1,
write,write,,,audio_small,pg_bytea,9,03-01-04-01-01-02-01_r09.wav,396294,0.010317,1,
write,write,,,audio_small,polyglot,9,03-01-04-01-01-02-02_r09.wav,379106,0.006514,1,
write,write,,,audio_small,mongo_gridfs,9,03-01-04-01-01-02-02_r09.wav,379106,0.006365,1,
write,write,,,audio_small,pg_bytea,9,03-01-04-01-01-02-02_r09.wav,379106,0.010866,1,
write,write,,,audio_small,pg_bytea,9,03-01-04-01-01-02-16_r09.wav,379106,0.010326,1,
write,write,,,audio_small,mongo_gridfs,9,03-01-04-01-01-02-16_r09.wav,379106,0.005463,1,
write,write,,,audio_small,polyglot,9,03-01-04-01-01-02-16_r09.wav,379106,0.005510,1,
write,write,,,audio_small,mongo_gridfs,9,03-01-04-01-02-02-08_r09.wav,372698,0.004675,1,
write,write,,,audio_small,polyglot,9,03-01-04-01-02-02-08_r09.wav,372698,0.005168,1,
write,write,,,audio_small,pg_bytea,9,03-01-04-01-02-02-08_r09.wav,372698,0.009319,1,
write,write,,,audio_small,pg_bytea,9,03-01-04-01-02-02-09_r09.wav,363108,0.008856,1,
write,write,,,audio_small,mongo_gridfs,9,03-01-04-01-02-02-09_r09.wav,363108,0.005322,1,
write,write,,,audio_small,polyglot,9,03-01-04-01-02-02-09_r09.wav,363108,0.006637,1,
write,write,,,audio_small,mongo_gridfs,9,03-01-04-01-02-02-20_r09.wav,396294,0.009354,1,
write,write,,,audio_small,polyglot,9,03-01-04-01-02-02-20_r09.wav,396294,0.010950,1,
write,write,,,audio_small,pg_bytea,9,03-01-04-01-02-02-20_r09.wav,396294,0.014986,1,
write,write,,,audio_small,polyglot,9,03-01-04-01-02-02-21_r09.wav,363108,0.005748,1,
write,write,,,audio_small,pg_bytea,9,03-01-04-01-02-02-21_r09.wav,363108,0.026147,1,
write,write,,,audio_small,mongo_gridfs,9,03-01-04-01-02-02-21_r09.wav,363108,0.005087,1,
write,write,,,audio_small,mongo_gridfs,9,03-01-04-01-02-02-22_r09.wav,372698,0.004819,1,
write,write,,,audio_small,pg_bytea,9,03-01-04-01-02-02-22_r09.wav,372698,0.010267,1,
write,write,,,audio_small,polyglot,9,03-01-04-01-02-02-22_r09.wav,372698,0.007282,1,
write,write,,,audio_small,mongo_gridfs,9,03-01-04-01-02-02-23_r09.wav,363108,0.006438,1,
write,write,,,audio_small,polyglot,9,03-01-04-01-02-02-23_r09.wav,363108,0.005324,1,
write,write,,,audio_small,pg_bytea,9,03-01-04-01-02-02-23_r09.wav,363108,0.009771,1,
write,write,,,audio_small,pg_bytea,9,03-01-04-02-01-02-09_r09.wav,379106,0.012773,1,
write,write,,,audio_small,mongo_gridfs,9,03-01-04-02-01-02-09_r09.wav,379106,0.015036,1,
write,write,,,audio_small,polyglot,9,03-01-04-02-01-02-09_r09.wav,379106,0.015891,1,
write,write,,,audio_small,polyglot,9,03-01-04-02-01-02-20_r09.wav,379106,0.009802,1,
write,write,,,audio_small,mongo_gridfs,9,03-01-04-02-01-02-20_r09.wav,379106,0.005650,1,
write,write,,,audio_small,pg_bytea,9,03-01-04-02-01-02-20_r09.wav,379106,0.013503,1,
write,write,,,audio_small,pg_bytea,9,03-01-04-02-01-02-21_r09.wav,393086,0.012376,1,
write,write,,,audio_small,mongo_gridfs,9,03-01-04-02-01-02-21_r09.wav,393086,0.016570,1,
write,write,,,audio_small,polyglot,9,03-01-04-02-01-02-21_r09.wav,393086,0.008863,1,
write,write,,,audio_small,pg_bytea,9,03-01-04-02-01-02-22_r09.wav,379106,0.010194,1,
write,write,,,audio_small,mongo_gridfs,9,03-01-04-02-01-02-22_r09.wav,379106,0.016093,1,
write,write,,,audio_small,polyglot,9,03-01-04-02-01-02-22_r09.wav,379106,0.015877,1,
write,write,,,audio_small,mongo_gridfs,9,03-01-04-02-02-02-14_r09.wav,375720,0.015843,1,
write,write,,,audio_small,polyglot,9,03-01-04-02-02-02-14_r09.wav,375720,0.006242,1,
write,write,,,audio_small,pg_bytea,9,03-01-04-02-02-02-14_r09.wav,375720,0.009323,1,
write,write,,,audio_small,polyglot,9,03-01-04-02-02-02-15_r09.wav,379106,0.006571,1,
write,write,,,audio_small,pg_bytea,9,03-01-04-02-02-02-15_r09.wav,379106,0.009073,1,
write,write,,,audio_small,mongo_gridfs,9,03-01-04-02-02-02-15_r09.wav,379106,0.005158,1,
write,write,,,audio_small,pg_bytea,9,03-01-04-02-02-02-16_r09.wav,375720,0.011631,1,
write,write,,,audio_small,polyglot,9,03-01-04-02-02-02-16_r09.wav,375720,0.006070,1,
write,write,,,audio_small,mongo_gridfs,9,03-01-04-02-02-02-16_r09.wav,375720,0.005073,1,
write,write,,,audio_small,pg_bytea,9,03-01-04-02-02-02-17_r09.wav,363108,0.014801,1,
write,write,,,audio_small,mongo_gridfs,9,03-01-04-02-02-02-17_r09.wav,363108,0.005569,1,
write,write,,,audio_small,polyglot,9,03-01-04-02-02-02-17_r09.wav,363108,0.005932,1,
write,write,,,audio_small,polyglot,9,03-01-05-01-01-01-09_r09.wav,393086,0.010594,1,
write,write,,,audio_small,pg_bytea,9,03-01-05-01-01-01-09_r09.wav,393086,0.024941,1,
write,write,,,audio_small,mongo_gridfs,9,03-01-05-01-01-01-09_r09.wav,393086,0.009861,1,
write,write,,,audio_small,pg_bytea,9,03-01-05-01-01-01-22_r09.wav,393086,0.022718,1,
write,write,,,audio_small,mongo_gridfs,9,03-01-05-01-01-01-22_r09.wav,393086,0.007599,1,
write,write,,,audio_small,polyglot,9,03-01-05-01-01-01-22_r09.wav,393086,0.010550,1,
write,write,,,audio_small,polyglot,9,03-01-05-01-02-01-02_r09.wav,372698,0.006201,1,
write,write,,,audio_small,pg_bytea,9,03-01-05-01-02-01-02_r09.wav,372698,0.009222,1,
write,write,,,audio_small,mongo_gridfs,9,03-01-05-01-02-01-02_r09.wav,372698,0.005185,1,
write,write,,,audio_small,mongo_gridfs,9,03-01-05-01-02-01-03_r09.wav,396294,0.005898,1,
write,write,,,audio_small,pg_bytea,9,03-01-05-01-02-01-03_r09.wav,396294,0.010269,1,
write,write,,,audio_small,polyglot,9,03-01-05-01-02-01-03_r09.wav,396294,0.007405,1,
write,write,,,audio_small,pg_bytea,9,03-01-05-01-02-01-15_r09.wav,363108,0.009206,1,
write,write,,,audio_small,polyglot,9,03-01-05-01-02-01-15_r09.wav,363108,0.006845,1,
write,write,,,audio_small,mongo_gridfs,9,03-01-05-01-02-01-15_r09.wav,363108,0.004604,1,
write,write,,,audio_small,mongo_gridfs,9,03-01-05-01-02-01-16_r09.wav,372698,0.004699,1,
write,write,,,audio_small,polyglot,9,03-01-05-01-02-01-16_r09.wav,372698,0.005303,1,
write,write,,,audio_small,pg_bytea,9,03-01-05-01-02-01-16_r09.wav,372698,0.009601,1,
write,write,,,audio_small,pg_bytea,9,03-01-05-01-02-01-17_r09.wav,393086,0.015280,1,
write,write,,,audio_small,polyglot,9,03-01-05-01-02-01-17_r09.wav,393086,0.011529,1,
write,write,,,audio_small,mongo_gridfs,9,03-01-05-01-02-01-17_r09.wav,393086,0.006389,1,
write,write,,,audio_small,mongo_gridfs,9,03-01-05-02-01-01-01_r09.wav,372698,0.005017,1,
write,write,,,audio_small,polyglot,9,03-01-05-02-01-01-01_r09.wav,372698,0.005684,1,
write,write,,,audio_small,pg_bytea,9,03-01-05-02-01-01-01_r09.wav,372698,0.009306,1,
write,write,,,audio_small,polyglot,9,03-01-05-02-01-01-02_r09.wav,375720,0.005474,1,
write,write,,,audio_small,pg_bytea,9,03-01-05-02-01-01-02_r09.wav,375720,0.009919,1,
write,write,,,audio_small,mongo_gridfs,9,03-01-05-02-01-01-02_r09.wav,375720,0.005888,1,
write,write,,,audio_small,mongo_gridfs,9,03-01-05-02-01-01-03_r09.wav,372698,0.005004,1,
write,write,,,audio_small,polyglot,9,03-01-05-02-01-01-03_r09.wav,372698,0.005276,1,
write,write,,,audio_small,pg_bytea,9,03-01-05-02-01-01-03_r09.wav,372698,0.009785,1,
write,write,,,audio_small,pg_bytea,9,03-01-05-02-01-01-15_r09.wav,396294,0.009695,1,
write,write,,,audio_small,polyglot,9,03-01-05-02-01-01-15_r09.wav,396294,0.005935,1,
write,write,,,audio_small,mongo_gridfs,9,03-01-05-02-01-01-15_r09.wav,396294,0.004609,1,
write,write,,,audio_small,mongo_gridfs,9,03-01-05-02-01-01-16_r09.wav,399494,0.005205,1,
write,write,,,audio_small,pg_bytea,9,03-01-05-02-01-01-16_r09.wav,399494,0.011573,1,
write,write,,,audio_small,polyglot,9,03-01-05-02-01-01-16_r09.wav,399494,0.006531,1,
write,write,,,audio_small,polyglot,9,03-01-05-02-01-01-17_r09.wav,363108,0.009356,1,
write,write,,,audio_small,pg_bytea,9,03-01-05-02-01-01-17_r09.wav,363108,0.010094,1,
write,write,,,audio_small,mongo_gridfs,9,03-01-05-02-01-01-17_r09.wav,363108,0.005804,1,
write,write,,,audio_small,mongo_gridfs,9,03-01-05-02-02-01-09_r09.wav,396294,0.009327,1,
write,write,,,audio_small,pg_bytea,9,03-01-05-02-02-01-09_r09.wav,396294,0.010287,1,
write,write,,,audio_small,polyglot,9,03-01-05-02-02-01-09_r09.wav,396294,0.007900,1,
write,write,,,audio_small,polyglot,9,03-01-05-02-02-01-21_r09.wav,375720,0.005781,1,
write,write,,,audio_small,pg_bytea,9,03-01-05-02-02-01-21_r09.wav,375720,0.009409,1,
write,write,,,audio_small,mongo_gridfs,9,03-01-05-02-02-01-21_r09.wav,375720,0.005587,1,
write,write,,,audio_small,polyglot,9,03-01-05-02-02-01-22_r09.wav,379106,0.006452,1,
write,write,,,audio_small,mongo_gridfs,9,03-01-05-02-02-01-22_r09.wav,379106,0.005358,1,
write,write,,,audio_small,pg_bytea,9,03-01-05-02-02-01-22_r09.wav,379106,0.009850,1,
write,write,,,audio_medium,pg_bytea,9,03-02-01-01-01-02-22_r09.wav,526650,0.015769,1,
write,write,,,audio_medium,mongo_gridfs,9,03-02-01-01-01-02-22_r09.wav,526650,0.010637,1,
write,write,,,audio_medium,polyglot,9,03-02-01-01-01-02-22_r09.wav,526650,0.007783,1,
write,write,,,audio_medium,mongo_gridfs,9,03-02-01-01-01-02-23_r09.wav,539464,0.006967,1,
write,write,,,audio_medium,polyglot,9,03-02-01-01-01-02-23_r09.wav,539464,0.012169,1,
write,write,,,audio_medium,pg_bytea,9,03-02-01-01-01-02-23_r09.wav,539464,0.013749,1,
write,write,,,audio_medium,mongo_gridfs,9,03-02-01-01-02-02-02_r09.wav,539464,0.008222,1,
write,write,,,audio_medium,polyglot,9,03-02-01-01-02-02-02_r09.wav,539464,0.007771,1,
write,write,,,audio_medium,pg_bytea,9,03-02-01-01-02-02-02_r09.wav,539464,0.030153,1,
write,write,,,audio_medium,pg_bytea,9,03-02-01-01-02-02-03_r09.wav,520242,0.080802,1,
write,write,,,audio_medium,mongo_gridfs,9,03-02-01-01-02-02-03_r09.wav,520242,0.008818,1,
write,write,,,audio_medium,polyglot,9,03-02-01-01-02-02-03_r09.wav,520242,0.008305,1,
write,write,,,audio_medium,polyglot,9,03-02-01-01-02-02-16_r09.wav,539464,0.008960,1,
write,write,,,audio_medium,mongo_gridfs,9,03-02-01-01-02-02-16_r09.wav,539464,0.006593,1,
write,write,,,audio_medium,pg_bytea,9,03-02-01-01-02-02-16_r09.wav,539464,0.015626,1,
write,write,,,audio_medium,mongo_gridfs,9,03-02-01-01-02-02-17_r09.wav,561888,0.007318,1,
write,write,,,audio_medium,pg_bytea,9,03-02-01-01-02-02-17_r09.wav,561888,0.015357,1,
write,write,,,audio_medium,polyglot,9,03-02-01-01-02-02-17_r09.wav,561888,0.009565,1,
write,write,,,audio_medium,pg_bytea,9,03-02-01-02-01-02-01_r09.wav,533056,0.017423,1,
write,write,,,audio_medium,mongo_gridfs,9,03-02-01-02-01-02-01_r09.wav,533056,0.009901,1,
write,write,,,audio_medium,polyglot,9,03-02-01-02-01-02-01_r09.wav,533056,0.009777,1,
write,write,,,audio_medium,pg_bytea,9,03-02-01-02-01-02-02_r09.wav,523448,0.015238,1,
write,write,,,audio_medium,polyglot,9,03-02-01-02-01-02-02_r09.wav,523448,0.007634,1,
write,write,,,audio_medium,mongo_gridfs,9,03-02-01-02-01-02-02_r09.wav,523448,0.006234,1,
write,write,,,audio_medium,pg_bytea,9,03-02-01-02-01-02-03_r09.wav,533056,0.015848,1,
write,write,,,audio_medium,mongo_gridfs,9,03-02-01-02-01-02-03_r09.wav,533056,0.007044,1,
write,write,,,audio_medium,polyglot,9,03-02-01-02-01-02-03_r09.wav,533056,0.007458,1,
write,write,,,audio_medium,mongo_gridfs,9,03-02-01-02-01-02-15_r09.wav,561882,0.007987,1,
write,write,,,audio_medium,pg_bytea,9,03-02-01-02-01-02-15_r09.wav,561882,0.013889,1,
write,write,,,audio_medium,polyglot,9,03-02-01-02-01-02-15_r09.wav,561882,0.010233,1,
write,write,,,audio_medium,mongo_gridfs,9,03-02-01-02-01-02-16_r09.wav,526650,0.007651,1,
write,write,,,audio_medium,polyglot,9,03-02-01-02-01-02-16_r09.wav,526650,0.007060,1,
write,write,,,audio_medium,pg_bytea,9,03-02-01-02-01-02-16_r09.wav,526650,0.015716,1,
write,write,,,audio_medium,polyglot,9,03-02-01-02-01-02-17_r09.wav,533056,0.008190,1,
write,write,,,audio_medium,mongo_gridfs,9,03-02-01-02-01-02-17_r09.wav,533056,0.007712,1,
write,write,,,audio_medium,pg_bytea,9,03-02-01-02-01-02-17_r09.wav,533056,0.016371,1,
write,write,,,audio_medium,polyglot,9,03-02-01-02-02-02-22_r09.wav,520242,0.008801,1,
write,write,,,audio_medium,mongo_gridfs,9,03-02-01-02-02-02-22_r09.wav,520242,0.005506,1,
write,write,,,audio_medium,pg_bytea,9,03-02-01-02-02-02-22_r09.wav,520242,0.015544,1,
write,write,,,audio_medium,mongo_gridfs,9,03-02-01-02-02-02-23_r09.wav,520242,0.006683,1,
write,write,,,audio_medium,polyglot,9,03-02-01-02-02-02-23_r09.wav,520242,0.007369,1,
write,write,,,audio_medium,pg_bytea,9,03-02-01-02-02-02-23_r09.wav,520242,0.013136,1,
write,write,,,audio_medium,polyglot,9,03-02-02-01-01-01-22_r09.wav,523448,0.007886,1,
write,write,,,audio_medium,mongo_gridfs,9,03-02-02-01-01-01-22_r09.wav,523448,0.008547,1,
write,write,,,audio_medium,pg_bytea,9,03-02-02-01-01-01-22_r09.wav,523448,0.014261,1,
write,write,,,audio_medium,polyglot,9,03-02-02-01-01-01-23_r09.wav,561888,0.012236,1,
write,write,,,audio_medium,mongo_gridfs,9,03-02-02-01-01-01-23_r09.wav,561888,0.010662,1,
write,write,,,audio_medium,pg_bytea,9,03-02-02-01-01-01-23_r09.wav,561888,0.018515,1,
write,write,,,audio_medium,pg_bytea,9,03-02-02-01-02-01-01_r09.wav,520242,0.061732,1,
write,write,,,audio_medium,polyglot,9,03-02-02-01-02-01-01_r09.wav,520242,0.010648,1,
write,write,,,audio_medium,mongo_gridfs,9,03-02-02-01-02-01-01_r09.wav,520242,0.006112,1,
write,write,,,audio_medium,mongo_gridfs,9,03-02-02-01-02-01-02_r09.wav,539464,0.006186,1,
write,write,,,audio_medium,polyglot,9,03-02-02-01-02-01-02_r09.wav,539464,0.006732,1,
write,write,,,audio_medium,pg_bytea,9,03-02-02-01-02-01-02_r09.wav,539464,0.014912,1,
write,write,,,audio_medium,polyglot,9,03-02-02-01-02-01-03_r09.wav,533056,0.007293,1,
write,write,,,audio_medium,pg_bytea,9,03-02-02-01-02-01-03_r09.wav,533056,0.014298,1,
write,write,,,audio_medium,mongo_gridfs,9,03-02-02-01-02-01-03_r09.wav,533056,0.007929,1,
write,write,,,audio_medium,mongo_gridfs,9,03-02-02-01-02-01-16_r09.wav,561882,0.007346,1,
write,write,,,audio_medium,polyglot,9,03-02-02-01-02-01-16_r09.wav,561882,0.009010,1,
write,write,,,audio_medium,pg_bytea,9,03-02-02-01-02-01-16_r09.wav,561882,0.015550,1,
write,write,,,audio_medium,mongo_gridfs,9,03-02-02-02-01-01-01_r09.wav,539464,0.008329,1,
write,write,,,audio_medium,pg_bytea,9,03-02-02-02-01-01-01_r09.wav,539464,0.014949,1,
write,write,,,audio_medium,polyglot,9,03-02-02-02-01-01-01_r09.wav,539464,0.009419,1,
write,write,,,audio_medium,pg_bytea,9,03-02-02-02-01-01-02_r09.wav,526650,0.014354,1,
write,write,,,audio_medium,polyglot,9,03-02-02-02-01-01-02_r09.wav,526650,0.009955,1,
write,write,,,audio_medium,mongo_gridfs,9,03-02-02-02-01-01-02_r09.wav,526650,0.007869,1,
write,write,,,audio_medium,mongo_gridfs,9,03-02-02-02-01-01-15_r09.wav,539464,0.007046,1,
write,write,,,audio_medium,polyglot,9,03-02-02-02-01-01-15_r09.wav,539464,0.008842,1,
write,write,,,audio_medium,pg_bytea,9,03-02-02-02-01-01-15_r09.wav,539464,0.015548,1,
write,write,,,audio_medium,pg_bytea,9,03-02-02-02-01-01-16_r09.wav,520242,0.013243,1,
write,write,,,audio_medium,polyglot,9,03-02-02-02-01-01-16_r09.wav,520242,0.008636,1,
write,write,,,audio_medium,mongo_gridfs,9,03-02-02-02-01-01-16_r09.wav,520242,0.014102,1,
write,write,,,audio_medium,pg_bytea,9,03-02-02-02-01-01-17_r09.wav,539464,0.015765,1,
write,write,,,audio_medium,polyglot,9,03-02-02-02-01-01-17_r09.wav,539464,0.010291,1,
write,write,,,audio_medium,mongo_gridfs,9,03-02-02-02-01-01-17_r09.wav,539464,0.007980,1,
write,write,,,audio_medium,mongo_gridfs,9,03-02-02-02-02-01-22_r09.wav,539464,0.007213,1,
write,write,,,audio_medium,pg_bytea,9,03-02-02-02-02-01-22_r09.wav,539464,0.020445,1,
write,write,,,audio_medium,polyglot,9,03-02-02-02-02-01-22_r09.wav,539464,0.008721,1,
write,write,,,audio_medium,polyglot,9,03-02-02-02-02-01-23_r09.wav,520242,0.006975,1,
write,write,,,audio_medium,pg_bytea,9,03-02-02-02-02-01-23_r09.wav,520242,0.012499,1,
write,write,,,audio_medium,mongo_gridfs,9,03-02-02-02-02-01-23_r09.wav,520242,0.008662,1,
write,write,,,audio_medium,pg_bytea,9,03-02-03-01-01-02-01_r09.wav,561882,0.014652,1,
write,write,,,audio_medium,mongo_gridfs,9,03-02-03-01-01-02-01_r09.wav,561882,0.011253,1,
write,write,,,audio_medium,polyglot,9,03-02-03-01-01-02-01_r09.wav,561882,0.011735,1,
write,write,,,audio_medium,polyglot,9,03-02-03-01-01-02-02_r09.wav,561882,0.007140,1,
write,write,,,audio_medium,mongo_gridfs,9,03-02-03-01-01-02-02_r09.wav,561882,0.008173,1,
write,write,,,audio_medium,pg_bytea,9,03-02-03-01-01-02-02_r09.wav,561882,0.018781,1,
write,write,,,audio_medium,pg_bytea,9,03-02-03-01-01-02-03_r09.wav,539464,0.013734,1,
write,write,,,audio_medium,mongo_gridfs,9,03-02-03-01-01-02-03_r09.wav,539464,0.007428,1,
write,write,,,audio_medium,polyglot,9,03-02-03-01-01-02-03_r09.wav,539464,0.007580,1,
write,write,,,audio_medium,mongo_gridfs,9,03-02-03-01-01-02-15_r09.wav,526650,0.006382,1,
write,write,,,audio_medium,pg_bytea,9,03-02-03-01-01-02-15_r09.wav,526650,0.016395,1,
write,write,,,audio_medium,polyglot,9,03-02-03-01-01-02-15_r09.wav,526650,0.011333,1,
write,write,,,audio_medium,polyglot,9,03-02-03-01-01-02-16_r09.wav,520242,0.008494,1,
write,write,,,audio_medium,pg_bytea,9,03-02-03-01-01-02-16_r09.wav,520242,0.015012,1,
write,write,,,audio_medium,mongo_gridfs,9,03-02-03-01-01-02-16_r09.wav,520242,0.007992,1,
write,write,,,audio_medium,mongo_gridfs,9,03-02-03-01-01-02-17_r09.wav,526650,0.008616,1,
write,write,,,audio_medium,polyglot,9,03-02-03-01-01-02-17_r09.wav,526650,0.008008,1,
write,write,,,audio_medium,pg_bytea,9,03-02-03-01-01-02-17_r09.wav,526650,0.016946,1,
write,write,,,audio_medium,pg_bytea,9,03-02-03-01-02-02-09_r09.wav,539464,0.013826,1,
write,write,,,audio_medium,polyglot,9,03-02-03-01-02-02-09_r09.wav,539464,0.009922,1,
write,write,,,audio_medium,mongo_gridfs,9,03-02-03-01-02-02-09_r09.wav,539464,0.007665,1,
write,write,,,audio_medium,polyglot,9,03-02-03-01-02-02-21_r09.wav,533056,0.007807,1,
write,write,,,audio_medium,mongo_gridfs,9,03-02-03-01-02-02-21_r09.wav,533056,0.006564,1,
write,write,,,audio_medium,pg_bytea,9,03-02-03-01-02-02-21_r09.wav,533056,0.026963,1,
write,write,,,audio_medium,mongo_gridfs,9,03-02-03-01-02-02-22_r09.wav,561888,0.007642,1,
write,write,,,audio_medium,pg_bytea,9,03-02-03-01-02-02-22_r09.wav,561888,0.017421,1,
write,write,,,audio_medium,polyglot,9,03-02-03-01-02-02-22_r09.wav,561888,0.013698,1,
write,write,,,audio_medium,polyglot,9,03-02-03-01-02-02-23_r09.wav,539464,0.007741,1,
write,write,,,audio_medium,mongo_gridfs,9,03-02-03-01-02-02-23_r09.wav,539464,0.006598,1,
write,write,,,audio_medium,pg_bytea,9,03-02-03-01-02-02-23_r09.wav,539464,0.016553,1,
write,write,,,audio_medium,pg_bytea,9,03-02-03-02-01-02-09_r09.wav,561882,0.016415,1,
write,write,,,audio_medium,polyglot,9,03-02-03-02-01-02-09_r09.wav,561882,0.014517,1,
write,write,,,audio_medium,mongo_gridfs,9,03-02-03-02-01-02-09_r09.wav,561882,0.006779,1,
write,write,,,audio_medium,pg_bytea,9,03-02-03-02-01-02-21_r09.wav,539464,0.016411,1,
write,write,,,audio_medium,polyglot,9,03-02-03-02-01-02-21_r09.wav,539464,0.007867,1,
write,write,,,audio_medium,mongo_gridfs,9,03-02-03-02-01-02-21_r09.wav,539464,0.007712,1,
write,write,,,audio_medium,polyglot,9,03-02-03-02-01-02-22_r09.wav,526650,0.007912,1,
write,write,,,audio_medium,mongo_gridfs,9,03-02-03-02-01-02-22_r09.wav,526650,0.006361,1,
write,write,,,audio_medium,pg_bytea,9,03-02-03-02-01-02-22_r09.wav,526650,0.013591,1,
write,write,,,audio_medium,mongo_gridfs,9,03-02-03-02-01-02-23_r09.wav,561888,0.010486,1,
write,write,,,audio_medium,pg_bytea,9,03-02-03-02-01-02-23_r09.wav,561888,0.049008,1,
write,write,,,audio_medium,polyglot,9,03-02-03-02-01-02-23_r09.wav,561888,0.010184,1,
write,write,,,audio_medium,polyglot,9,03-02-03-02-02-02-01_r09.wav,561882,0.011967,1,
write,write,,,audio_medium,mongo_gridfs,9,03-02-03-02-02-02-01_r09.wav,561882,0.013492,1,
write,write,,,audio_medium,pg_bytea,9,03-02-03-02-02-02-01_r09.wav,561882,0.556454,1,
write,write,,,audio_medium,mongo_gridfs,9,03-02-03-02-02-02-02_r09.wav,523448,0.007340,1,
write,write,,,audio_medium,pg_bytea,9,03-02-03-02-02-02-02_r09.wav,523448,0.013930,1,
write,write,,,audio_medium,polyglot,9,03-02-03-02-02-02-02_r09.wav,523448,0.008824,1,
write,write,,,audio_medium,pg_bytea,9,03-02-03-02-02-02-03_r09.wav,561888,0.014967,1,
write,write,,,audio_medium,polyglot,9,03-02-03-02-02-02-03_r09.wav,561888,0.008775,1,
write,write,,,audio_medium,mongo_gridfs,9,03-02-03-02-02-02-03_r09.wav,561888,0.006344,1,
write,write,,,audio_medium,mongo_gridfs,9,03-02-03-02-02-02-15_r09.wav,523448,0.006293,1,
write,write,,,audio_medium,polyglot,9,03-02-03-02-02-02-15_r09.wav,523448,0.007779,1,
write,write,,,audio_medium,pg_bytea,9,03-02-03-02-02-02-15_r09.wav,523448,0.014235,1,
write,write,,,audio_medium,polyglot,9,03-02-03-02-02-02-16_r09.wav,561882,0.050047,1,
write,write,,,audio_medium,mongo_gridfs,9,03-02-03-02-02-02-16_r09.wav,561882,0.008603,1,
write,write,,,audio_medium,pg_bytea,9,03-02-03-02-02-02-16_r09.wav,561882,0.016630,1,
write,write,,,audio_medium,polyglot,9,03-02-03-02-02-02-17_r09.wav,523448,0.009157,1,
write,write,,,audio_medium,mongo_gridfs,9,03-02-03-02-02-02-17_r09.wav,523448,0.005772,1,
write,write,,,audio_medium,pg_bytea,9,03-02-03-02-02-02-17_r09.wav,523448,0.014473,1,
write,write,,,audio_medium,mongo_gridfs,9,03-02-04-01-01-02-05_r09.wav,561882,0.009503,1,
write,write,,,audio_medium,pg_bytea,9,03-02-04-01-01-02-05_r09.wav,561882,0.013682,1,
write,write,,,audio_medium,polyglot,9,03-02-04-01-01-02-05_r09.wav,561882,0.007819,1,
write,write,,,audio_medium,mongo_gridfs,9,03-02-04-01-01-02-06_r09.wav,526650,0.005240,1,
write,write,,,audio_medium,pg_bytea,9,03-02-04-01-01-02-06_r09.wav,526650,0.027060,1,
write,write,,,audio_medium,polyglot,9,03-02-04-01-01-02-06_r09.wav,526650,0.006917,1,
write,write,,,audio_medium,pg_bytea,9,03-02-04-01-01-02-07_r09.wav,523448,0.011954,1,
write,write,,,audio_medium,polyglot,9,03-02-04-01-01-02-07_r09.wav,523448,0.007267,1,
write,write,,,audio_medium,mongo_gridfs,9,03-02-04-01-01-02-07_r09.wav,523448,0.009471,1,
write,write,,,audio_medium,pg_bytea,9,03-02-04-01-01-02-11_r09.wav,539464,0.013247,1,
write,write,,,audio_medium,mongo_gridfs,9,03-02-04-01-01-02-11_r09.wav,539464,0.006677,1,
write,write,,,audio_medium,polyglot,9,03-02-04-01-01-02-11_r09.wav,539464,0.006936,1,
write,write,,,audio_medium,polyglot,9,03-02-04-01-01-02-12_r09.wav,523448,0.005785,1,
write,write,,,audio_medium,mongo_gridfs,9,03-02-04-01-01-02-12_r09.wav,523448,0.005320,1,
write,write,,,audio_medium,pg_bytea,9,03-02-04-01-01-02-12_r09.wav,523448,0.014098,1,
write,write,,,audio_medium,mongo_gridfs,9,03-02-04-01-01-02-13_r09.wav,539464,0.007688,1,
write,write,,,audio_medium,pg_bytea,9,03-02-04-01-01-02-13_r09.wav,539464,0.032062,1,
write,write,,,audio_medium,polyglot,9,03-02-04-01-01-02-13_r09.wav,539464,0.006124,1,
write,write,,,audio_medium,polyglot,9,03-02-04-01-02-02-19_r09.wav,561888,0.006311,1,
write,write,,,audio_medium,mongo_gridfs,9,03-02-04-01-02-02-19_r09.wav,561888,0.007742,1,
write,write,,,audio_medium,pg_bytea,9,03-02-04-01-02-02-19_r09.wav,561888,0.015207,1,
write,write,,,audio_medium,mongo_gridfs,9,03-02-04-02-02-02-05_r09.wav,526650,0.005812,1,
write,write,,,audio_medium,polyglot,9,03-02-04-02-02-02-05_r09.wav,526650,0.006171,1,
write,write,,,audio_medium,pg_bytea,9,03-02-04-02-02-02-05_r09.wav,526650,0.012472,1,
write,write,,,audio_medium,polyglot,9,03-02-04-02-02-02-06_r09.wav,526650,0.006546,1,
write,write,,,audio_medium,pg_bytea,9,03-02-04-02-02-02-06_r09.wav,526650,0.013992,1,
write,write,,,audio_medium,mongo_gridfs,9,03-02-04-02-02-02-06_r09.wav,526650,0.009865,1,
write,write,,,audio_medium,pg_bytea,9,03-02-04-02-02-02-07_r09.wav,561888,0.014134,1,
write,write,,,audio_medium,mongo_gridfs,9,03-02-04-02-02-02-07_r09.wav,561888,0.007918,1,
write,write,,,audio_medium,polyglot,9,03-02-04-02-02-02-07_r09.wav,561888,0.009530,1,
write,write,,,audio_medium,pg_bytea,9,03-02-04-02-02-02-11_r09.wav,561888,0.015774,1,
write,write,,,audio_medium,mongo_gridfs,9,03-02-04-02-02-02-11_r09.wav,561888,0.007689,1,
write,write,,,audio_medium,polyglot,9,03-02-04-02-02-02-11_r09.wav,561888,0.009517,1,
write,write,,,audio_medium,polyglot,9,03-02-04-02-02-02-12_r09.wav,523448,0.007535,1,
write,write,,,audio_medium,pg_bytea,9,03-02-04-02-02-02-12_r09.wav,523448,0.015873,1,
write,write,,,audio_medium,mongo_gridfs,9,03-02-04-02-02-02-12_r09.wav,523448,0.006912,1,
write,write,,,audio_medium,pg_bytea,9,03-02-04-02-02-02-13_r09.wav,533056,0.019456,1,
write,write,,,audio_medium,mongo_gridfs,9,03-02-04-02-02-02-13_r09.wav,533056,0.007263,1,
write,write,,,audio_medium,polyglot,9,03-02-04-02-02-02-13_r09.wav,533056,0.009106,1,
write,write,,,audio_medium,pg_bytea,9,03-02-05-01-02-01-06_r09.wav,561882,0.015628,1,
write,write,,,audio_medium,mongo_gridfs,9,03-02-05-01-02-01-06_r09.wav,561882,0.007481,1,
write,write,,,audio_medium,polyglot,9,03-02-05-01-02-01-06_r09.wav,561882,0.007545,1,
write,write,,,audio_medium,mongo_gridfs,9,03-02-05-01-02-01-07_r09.wav,520242,0.005702,1,
write,write,,,audio_medium,pg_bytea,9,03-02-05-01-02-01-07_r09.wav,520242,0.015308,1,
write,write,,,audio_medium,polyglot,9,03-02-05-01-02-01-07_r09.wav,520242,0.010004,1,
write,write,,,audio_medium,pg_bytea,9,03-02-05-01-02-01-12_r09.wav,520242,0.040876,1,
write,write,,,audio_medium,polyglot,9,03-02-05-01-02-01-12_r09.wav,520242,0.009662,1,
write,write,,,audio_medium,mongo_gridfs,9,03-02-05-01-02-01-12_r09.wav,520242,0.007542,1,
write,write,,,audio_medium,pg_bytea,9,03-02-05-01-02-01-13_r09.wav,561888,0.014252,1,
write,write,,,audio_medium,polyglot,9,03-02-05-01-02-01-13_r09.wav,561888,0.013961,1,
write,write,,,audio_medium,mongo_gridfs,9,03-02-05-01-02-01-13_r09.wav,561888,0.007342,1,
write,write,,,audio_medium,mongo_gridfs,9,03-02-05-02-01-01-05_r09.wav,539464,0.006711,1,
write,write,,,audio_medium,polyglot,9,03-02-05-02-01-01-05_r09.wav,539464,0.007662,1,
write,write,,,audio_medium,pg_bytea,9,03-02-05-02-01-01-05_r09.wav,539464,0.015572,1,
write,write,,,audio_medium,mongo_gridfs,9,03-02-05-02-01-01-06_r09.wav,561888,0.009698,1,
write,write,,,audio_medium,pg_bytea,9,03-02-05-02-01-01-06_r09.wav,561888,0.027516,1,
write,write,,,audio_medium,polyglot,9,03-02-05-02-01-01-06_r09.wav,561888,0.007783,1,
write,write,,,audio_medium,polyglot,9,03-02-05-02-01-01-07_r09.wav,533056,0.010144,1,
write,write,,,audio_medium,pg_bytea,9,03-02-05-02-01-01-07_r09.wav,533056,0.014003,1,
write,write,,,audio_medium,mongo_gridfs,9,03-02-05-02-01-01-07_r09.wav,533056,0.009521,1,
write,write,,,audio_medium,pg_bytea,9,03-02-05-02-01-01-11_r09.wav,561888,0.014743,1,
write,write,,,audio_medium,mongo_gridfs,9,03-02-05-02-01-01-11_r09.wav,561888,0.009134,1,
write,write,,,audio_medium,polyglot,9,03-02-05-02-01-01-11_r09.wav,561888,0.010028,1,
write,write,,,audio_medium,pg_bytea,9,03-02-05-02-01-01-12_r09.wav,533056,0.046269,1,
write,write,,,audio_medium,polyglot,9,03-02-05-02-01-01-12_r09.wav,533056,0.017767,1,
write,write,,,audio_medium,mongo_gridfs,9,03-02-05-02-01-01-12_r09.wav,533056,0.008500,1,
write,write,,,audio_medium,polyglot,9,03-02-05-02-01-01-13_r09.wav,526650,0.008089,1,
write,write,,,audio_medium,mongo_gridfs,9,03-02-05-02-01-01-13_r09.wav,526650,0.006729,1,
write,write,,,audio_medium,pg_bytea,9,03-02-05-02-01-01-13_r09.wav,526650,0.013997,1,
write,write,,,video_small,pg_bytea,9,01-01-01-01-01-01-22_r09.mp4,5457041,0.160735,1,
write,write,,,video_small,mongo_gridfs,9,01-01-01-01-01-01-22_r09.mp4,5457041,0.056278,1,
write,write,,,video_small,polyglot,9,01-01-01-01-01-01-22_r09.mp4,5457041,0.100896,1,
write,write,,,video_small,pg_bytea,9,01-01-01-01-01-02-01_r09.mp4,5457041,0.145354,1,
write,write,,,video_small,mongo_gridfs,9,01-01-01-01-01-02-01_r09.mp4,5457041,0.040787,1,
write,write,,,video_small,polyglot,9,01-01-01-01-01-02-01_r09.mp4,5457041,0.059001,1,
write,write,,,video_small,mongo_gridfs,9,01-01-01-01-01-02-15_r09.mp4,5457041,0.045978,1,
write,write,,,video_small,pg_bytea,9,01-01-01-01-01-02-15_r09.mp4,5457041,0.140633,1,
write,write,,,video_small,polyglot,9,01-01-01-01-01-02-15_r09.mp4,5457041,0.051194,1,
write,write,,,video_small,polyglot,9,01-01-01-01-02-01-06_r09.mp4,5457041,0.058853,1,
write,write,,,video_small,pg_bytea,9,01-01-01-01-02-01-06_r09.mp4,5457041,0.128626,1,
write,write,,,video_small,mongo_gridfs,9,01-01-01-01-02-01-06_r09.mp4,5457041,0.045724,1,
write,write,,,video_small,pg_bytea,9,01-01-01-01-02-01-13_r09.mp4,5457041,0.279494,1,
write,write,,,video_small,mongo_gridfs,9,01-01-01-01-02-01-13_r09.mp4,5457041,0.047033,1,
write,write,,,video_small,polyglot,9,01-01-01-01-02-01-13_r09.mp4,5457041,0.050097,1,
write,write,,,video_small,mongo_gridfs,9,01-01-01-01-02-01-14_r09.mp4,5457041,0.042975,1,
write,write,,,video_small,pg_bytea,9,01-01-01-01-02-01-14_r09.mp4,5457041,0.134677,1,
write,write,,,video_small,polyglot,9,01-01-01-01-02-01-14_r09.mp4,5457041,0.055032,1,
write,write,,,video_small,polyglot,9,01-01-01-01-02-02-09_r09.mp4,5498397,0.076564,1,
write,write,,,video_small,mongo_gridfs,9,01-01-01-01-02-02-09_r09.mp4,5498397,0.047900,1,
write,write,,,video_small,pg_bytea,9,01-01-01-01-02-02-09_r09.mp4,5498397,0.130523,1,
write,write,,,video_small,polyglot,9,01-01-01-02-01-01-01_r09.mp4,5498397,0.049352,1,
write,write,,,video_small,mongo_gridfs,9,01-01-01-02-01-01-01_r09.mp4,5498397,0.042746,1,
write,write,,,video_small,pg_bytea,9,01-01-01-02-01-01-01_r09.mp4,5498397,0.152635,1,
write,write,,,video_small,mongo_gridfs,9,01-01-01-02-01-01-05_r09.mp4,5457041,0.053409,1,
write,write,,,video_small,polyglot,9,01-01-01-02-01-01-05_r09.mp4,5457041,0.222134,1,
write,write,,,video_small,pg_bytea,9,01-01-01-02-01-01-05_r09.mp4,5457041,0.483599,1,
write,write,,,video_small,mongo_gridfs,9,01-01-01-02-01-01-15_r09.mp4,5457041,0.049796,1,
write,write,,,video_small,pg_bytea,9,01-01-01-02-01-01-15_r09.mp4,5457041,0.313555,1,
write,write,,,video_small,polyglot,9,01-01-01-02-01-01-15_r09.mp4,5457041,0.044475,1,
write,write,,,video_small,pg_bytea,9,01-01-01-02-02-01-18_r09.mp4,5457041,0.127924,1,
write,write,,,video_small,polyglot,9,01-01-01-02-02-01-18_r09.mp4,5457041,0.053491,1,
write,write,,,video_small,mongo_gridfs,9,01-01-01-02-02-01-18_r09.mp4,5457041,0.044218,1,
write,write,,,video_small,pg_bytea,9,01-01-01-02-02-01-19_r09.mp4,5457041,0.135181,1,
write,write,,,video_small,mongo_gridfs,9,01-01-01-02-02-01-19_r09.mp4,5457041,0.049991,1,
write,write,,,video_small,polyglot,9,01-01-01-02-02-01-19_r09.mp4,5457041,0.049535,1,
write,write,,,video_small,polyglot,9,01-01-02-01-01-02-09_r09.mp4,5498397,0.105032,1,
write,write,,,video_small,mongo_gridfs,9,01-01-02-01-01-02-09_r09.mp4,5498397,0.279272,1,
write,write,,,video_small,pg_bytea,9,01-01-02-01-01-02-09_r09.mp4,5498397,0.172491,1,
write,write,,,video_small,mongo_gridfs,9,01-01-02-01-01-02-18_r09.mp4,5498397,0.046051,1,
write,write,,,video_small,pg_bytea,9,01-01-02-01-01-02-18_r09.mp4,5498397,0.369800,1,
write,write,,,video_small,polyglot,9,01-01-02-01-01-02-18_r09.mp4,5498397,0.047388,1,
write,write,,,video_small,mongo_gridfs,9,01-01-02-01-01-02-23_r09.mp4,5498397,0.051279,1,
write,write,,,video_small,pg_bytea,9,01-01-02-01-01-02-23_r09.mp4,5498397,0.134125,1,
write,write,,,video_small,polyglot,9,01-01-02-01-01-02-23_r09.mp4,5498397,0.089127,1,
write,write,,,video_small,polyglot,9,01-01-02-01-02-01-09_r09.mp4,5498397,0.046974,1,
write,write,,,video_small,mongo_gridfs,9,01-01-02-01-02-01-09_r09.mp4,5498397,0.048360,1,
write,write,,,video_small,pg_bytea,9,01-01-02-01-02-01-09_r09.mp4,5498397,0.351747,1,
write,write,,,video_small,pg_bytea,9,01-01-02-01-02-02-01_r09.mp4,5498397,0.144024,1,
write,write,,,video_small,polyglot,9,01-01-02-01-02-02-01_r09.mp4,5498397,0.057891,1,
write,write,,,video_small,mongo_gridfs,9,01-01-02-01-02-02-01_r09.mp4,5498397,0.046334,1,
write,write,,,video_small,polyglot,9,01-01-02-01-02-02-03_r09.mp4,5498397,0.340219,1,
write,write,,,video_small,mongo_gridfs,9,01-01-02-01-02-02-03_r09.mp4,5498397,0.050143,1,
write,write,,,video_small,pg_bytea,9,01-01-02-01-02-02-03_r09.mp4,5498397,0.305912,1,
write,write,,,video_small,polyglot,9,01-01-02-02-01-02-02_r09.mp4,5498397,0.048693,1,
write,write,,,video_small,pg_bytea,9,01-01-02-02-01-02-02_r09.mp4,5498397,0.292872,1,
write,write,,,video_small,mongo_gridfs,9,01-01-02-02-01-02-02_r09.mp4,5498397,0.047532,1,
write,write,,,video_small,polyglot,9,01-01-02-02-01-02-03_r09.mp4,5498397,0.172450,1,
write,write,,,video_small,mongo_gridfs,9,01-01-02-02-01-02-03_r09.mp4,5498397,0.046942,1,
write,write,,,video_small,pg_bytea,9,01-01-02-02-01-02-03_r09.mp4,5498397,0.144027,1,
write,write,,,video_small,mongo_gridfs,9,01-01-02-02-01-02-05_r09.mp4,5498397,0.044735,1,
write,write,,,video_small,polyglot,9,01-01-02-02-01-02-05_r09.mp4,5498397,0.301418,1,
write,write,,,video_small,pg_bytea,9,01-01-02-02-01-02-05_r09.mp4,5498397,0.445008,1,
write,write,,,video_small,pg_bytea,9,01-01-02-02-01-02-10_r09.mp4,5457041,0.137489,1,
write,write,,,video_small,mongo_gridfs,9,01-01-02-02-01-02-10_r09.mp4,5457041,0.049139,1,
write,write,,,video_small,polyglot,9,01-01-02-02-01-02-10_r09.mp4,5457041,0.053231,1,
write,write,,,video_small,polyglot,9,01-01-02-02-01-02-13_r09.mp4,5457041,0.128535,1,
write,write,,,video_small,pg_bytea,9,01-01-02-02-01-02-13_r09.mp4,5457041,0.134530,1,
write,write,,,video_small,mongo_gridfs,9,01-01-02-02-01-02-13_r09.mp4,5457041,0.044427,1,
write,write,,,video_small,polyglot,9,01-01-02-02-01-02-17_r09.mp4,5457041,0.063885,1,
write,write,,,video_small,pg_bytea,9,01-01-02-02-01-02-17_r09.mp4,5457041,0.201013,1,
write,write,,,video_small,mongo_gridfs,9,01-01-02-02-01-02-17_r09.mp4,5457041,0.041991,1,
write,write,,,video_small,mongo_gridfs,9,01-01-02-02-02-02-18_r09.mp4,5457041,0.049845,1,
write,write,,,video_small,pg_bytea,9,01-01-02-02-02-02-18_r09.mp4,5457041,0.896945,1,
write,write,,,video_small,polyglot,9,01-01-02-02-02-02-18_r09.mp4,5457041,0.051438,1,
write,write,,,video_small,polyglot,9,01-01-02-02-02-02-19_r09.mp4,5457041,0.060822,1,
write,write,,,video_small,mongo_gridfs,9,01-01-02-02-02-02-19_r09.mp4,5457041,0.043467,1,
write,write,,,video_small,pg_bytea,9,01-01-02-02-02-02-19_r09.mp4,5457041,0.172837,1,
write,write,,,video_small,pg_bytea,9,01-01-02-02-02-02-21_r09.mp4,5498397,0.132226,1,
write,write,,,video_small,mongo_gridfs,9,01-01-02-02-02-02-21_r09.mp4,5498397,0.057376,1,
write,write,,,video_small,polyglot,9,01-01-02-02-02-02-21_r09.mp4,5498397,0.049113,1,
write,write,,,video_small,polyglot,9,01-01-02-02-02-02-22_r09.mp4,5457041,0.102754,1,
write,write,,,video_small,pg_bytea,9,01-01-02-02-02-02-22_r09.mp4,5457041,0.153099,1,
write,write,,,video_small,mongo_gridfs,9,01-01-02-02-02-02-22_r09.mp4,5457041,0.043555,1,
write,write,,,video_small,polyglot,9,01-01-02-02-02-02-23_r09.mp4,5457041,0.049110,1,
write,write,,,video_small,pg_bytea,9,01-01-02-02-02-02-23_r09.mp4,5457041,0.140091,1,
write,write,,,video_small,mongo_gridfs,9,01-01-02-02-02-02-23_r09.mp4,5457041,0.048939,1,
write,write,,,video_small,polyglot,9,01-01-03-01-01-01-12_r09.mp4,5457041,0.070024,1,
write,write,,,video_small,mongo_gridfs,9,01-01-03-01-01-01-12_r09.mp4,5457041,0.049083,1,
write,write,,,video_small,pg_bytea,9,01-01-03-01-01-01-12_r09.mp4,5457041,0.142532,1,
write,write,,,video_small,polyglot,9,01-01-03-01-01-01-15_r09.mp4,5457041,0.053619,1,
write,write,,,video_small,pg_bytea,9,01-01-03-01-01-01-15_r09.mp4,5457041,0.266456,1,
write,write,,,video_small,mongo_gridfs,9,01-01-03-01-01-01-15_r09.mp4,5457041,0.050610,1,
write,write,,,video_small,pg_bytea,9,01-01-03-01-02-01-08_r09.mp4,5498397,0.134330,1,
write,write,,,video_small,polyglot,9,01-01-03-01-02-01-08_r09.mp4,5498397,0.053089,1,
write,write,,,video_small,mongo_gridfs,9,01-01-03-01-02-01-08_r09.mp4,5498397,0.055425,1,
write,write,,,video_small,pg_bytea,9,01-01-03-01-02-01-21_r09.mp4,5498397,0.140332,1,
write,write,,,video_small,mongo_gridfs,9,01-01-03-01-02-01-21_r09.mp4,5498397,0.050462,1,
write,write,,,video_small,polyglot,9,01-01-03-01-02-01-21_r09.mp4,5498397,0.052265,1,
write,write,,,video_small,polyglot,9,01-01-03-02-01-01-21_r09.mp4,5457041,0.047627,1,
write,write,,,video_small,pg_bytea,9,01-01-03-02-01-01-21_r09.mp4,5457041,0.133632,1,
write,write,,,video_small,mongo_gridfs,9,01-01-03-02-01-01-21_r09.mp4,5457041,0.050165,1,
write,write,,,video_small,polyglot,9,01-01-03-02-01-01-24_r09.mp4,5457041,0.053580,1,
write,write,,,video_small,pg_bytea,9,01-01-03-02-01-01-24_r09.mp4,5457041,0.215908,1,
write,write,,,video_small,mongo_gridfs,9,01-01-03-02-01-01-24_r09.mp4,5457041,0.048067,1,
write,write,,,video_small,mongo_gridfs,9,01-01-03-02-01-02-01_r09.mp4,5457041,0.045218,1,
write,write,,,video_small,polyglot,9,01-01-03-02-01-02-01_r09.mp4,5457041,0.129770,1,
write,write,,,video_small,pg_bytea,9,01-01-03-02-01-02-01_r09.mp4,5457041,0.139799,1,
write,write,,,video_small,mongo_gridfs,9,01-01-03-02-01-02-15_r09.mp4,5457041,0.045208,1,
write,write,,,video_small,pg_bytea,9,01-01-03-02-01-02-15_r09.mp4,5457041,0.136491,1,
write,write,,,video_small,polyglot,9,01-01-03-02-01-02-15_r09.mp4,5457041,0.048493,1,
write,write,,,video_small,polyglot,9,01-01-03-02-02-01-05_r09.mp4,5457041,0.060902,1,
write,write,,,video_small,pg_bytea,9,01-01-03-02-02-01-05_r09.mp4,5457041,0.149002,1,
write,write,,,video_small,mongo_gridfs,9,01-01-03-02-02-01-05_r09.mp4,5457041,0.045224,1,
write,write,,,video_small,pg_bytea,9,01-01-03-02-02-01-12_r09.mp4,5457041,0.154920,1,
write,write,,,video_small,mongo_gridfs,9,01-01-03-02-02-01-12_r09.mp4,5457041,0.048681,1,
write,write,,,video_small,polyglot,9,01-01-03-02-02-01-12_r09.mp4,5457041,0.050189,1,
write,write,,,video_small,polyglot,9,01-01-03-02-02-01-15_r09.mp4,5498397,0.191863,1,
write,write,,,video_small,mongo_gridfs,9,01-01-03-02-02-01-15_r09.mp4,5498397,0.050640,1,
write,write,,,video_small,pg_bytea,9,01-01-03-02-02-01-15_r09.mp4,5498397,0.158165,1,
write,write,,,video_small,pg_bytea,9,01-01-04-01-01-01-03_r09.mp4,5457041,0.140833,1,
write,write,,,video_small,mongo_gridfs,9,01-01-04-01-01-01-03_r09.mp4,5457041,0.050656,1,
write,write,,,video_small,polyglot,9,01-01-04-01-01-01-03_r09.mp4,5457041,0.062549,1,
write,write,,,video_small,polyglot,9,01-01-04-01-01-01-05_r09.mp4,5498397,0.191462,1,
write,write,,,video_small,mongo_gridfs,9,01-01-04-01-01-01-05_r09.mp4,5498397,0.045529,1,
write,write,,,video_small,pg_bytea,9,01-01-04-01-01-01-05_r09.mp4,5498397,0.276210,1,
write,write,,,video_small,mongo_gridfs,9,01-01-04-01-01-01-10_r09.mp4,5457041,0.050117,1,
write,write,,,video_small,pg_bytea,9,01-01-04-01-01-01-10_r09.mp4,5457041,0.329170,1,
write,write,,,video_small,polyglot,9,01-01-04-01-01-01-10_r09.mp4,5457041,0.858880,1,
write,write,,,video_small,mongo_gridfs,9,01-01-04-01-01-01-16_r09.mp4,5457041,0.056501,1,
write,write,,,video_small,pg_bytea,9,01-01-04-01-01-01-16_r09.mp4,5457041,0.145333,1,
write,write,,,video_small,polyglot,9,01-01-04-01-01-01-16_r09.mp4,5457041,0.056101,1,
write,write,,,video_small,mongo_gridfs,9,01-01-04-01-02-01-19_r09.mp4,5498397,0.047299,1,
write,write,,,video_small,polyglot,9,01-01-04-01-02-01-19_r09.mp4,5498397,0.044730,1,
write,write,,,video_small,pg_bytea,9,01-01-04-01-02-01-19_r09.mp4,5498397,0.148795,1,
write,write,,,video_small,mongo_gridfs,9,01-01-04-01-02-01-21_r09.mp4,5498397,0.056289,1,
write,write,,,video_small,polyglot,9,01-01-04-01-02-01-21_r09.mp4,5498397,0.052844,1,
write,write,,,video_small,pg_bytea,9,01-01-04-01-02-01-21_r09.mp4,5498397,0.142117,1,
write,write,,,video_small,pg_bytea,9,01-01-04-01-02-01-22_r09.mp4,5498397,0.145747,1,
write,write,,,video_small,polyglot,9,01-01-04-01-02-01-22_r09.mp4,5498397,0.050199,1,
write,write,,,video_small,mongo_gridfs,9,01-01-04-01-02-01-22_r09.mp4,5498397,0.046908,1,
write,write,,,video_small,mongo_gridfs,9,01-01-04-02-01-01-18_r09.mp4,5498397,0.050374,1,
write,write,,,video_small,pg_bytea,9,01-01-04-02-01-01-18_r09.mp4,5498397,0.132759,1,
write,write,,,video_small,polyglot,9,01-01-04-02-01-01-18_r09.mp4,5498397,0.053496,1,
write,write,,,video_small,pg_bytea,9,01-01-04-02-01-01-19_r09.mp4,5457041,0.331258,1,
write,write,,,video_small,polyglot,9,01-01-04-02-01-01-19_r09.mp4,5457041,0.045536,1,
write,write,,,video_small,mongo_gridfs,9,01-01-04-02-01-01-19_r09.mp4,5457041,0.041158,1,
write,write,,,video_small,pg_bytea,9,01-01-04-02-02-01-02_r09.mp4,5498397,0.151827,1,
write,write,,,video_small,polyglot,9,01-01-04-02-02-01-02_r09.mp4,5498397,0.051100,1,
write,write,,,video_small,mongo_gridfs,9,01-01-04-02-02-01-02_r09.mp4,5498397,0.046168,1,
write,write,,,video_small,pg_bytea,9,01-01-04-02-02-01-05_r09.mp4,5498397,0.143849,1,
write,write,,,video_small,polyglot,9,01-01-04-02-02-01-05_r09.mp4,5498397,0.048990,1,
write,write,,,video_small,mongo_gridfs,9,01-01-04-02-02-01-05_r09.mp4,5498397,0.048975,1,
write,write,,,video_small,polyglot,9,01-01-04-02-02-01-06_r09.mp4,5498397,0.051522,1,
write,write,,,video_small,pg_bytea,9,01-01-04-02-02-01-06_r09.mp4,5498397,0.165348,1,
write,write,,,video_small,mongo_gridfs,9,01-01-04-02-02-01-06_r09.mp4,5498397,0.059587,1,
write,write,,,video_small,polyglot,9,01-01-04-02-02-01-13_r09.mp4,5498397,0.212238,1,
write,write,,,video_small,pg_bytea,9,01-01-04-02-02-01-13_r09.mp4,5498397,0.146847,1,
write,write,,,video_small,mongo_gridfs,9,01-01-04-02-02-01-13_r09.mp4,5498397,0.047474,1,
write,write,,,video_small,pg_bytea,9,01-01-04-02-02-01-17_r09.mp4,5498397,0.148525,1,
write,write,,,video_small,polyglot,9,01-01-04-02-02-01-17_r09.mp4,5498397,0.048862,1,
write,write,,,video_small,mongo_gridfs,9,01-01-04-02-02-01-17_r09.mp4,5498397,0.045513,1,
write,write,,,video_small,pg_bytea,9,01-01-04-02-02-02-19_r09.mp4,5498397,0.145142,1,
write,write,,,video_small,mongo_gridfs,9,01-01-04-02-02-02-19_r09.mp4,5498397,0.054302,1,
write,write,,,video_small,polyglot,9,01-01-04-02-02-02-19_r09.mp4,5498397,0.054211,1,
write,write,,,video_small,pg_bytea,9,01-01-05-01-01-02-09_r09.mp4,5498397,0.156100,1,
write,write,,,video_small,mongo_gridfs,9,01-01-05-01-01-02-09_r09.mp4,5498397,0.051696,1,
write,write,,,video_small,polyglot,9,01-01-05-01-01-02-09_r09.mp4,5498397,0.050974,1,
write,write,,,video_small,pg_bytea,9,01-01-05-01-01-02-19_r09.mp4,5498397,0.155850,1,
write,write,,,video_small,mongo_gridfs,9,01-01-05-01-01-02-19_r09.mp4,5498397,0.046511,1,
write,write,,,video_small,polyglot,9,01-01-05-01-01-02-19_r09.mp4,5498397,0.052046,1,
write,write,,,video_small,polyglot,9,01-01-05-01-01-02-21_r09.mp4,5457041,0.047867,1,
write,write,,,video_small,mongo_gridfs,9,01-01-05-01-01-02-21_r09.mp4,5457041,0.047334,1,
write,write,,,video_small,pg_bytea,9,01-01-05-01-01-02-21_r09.mp4,5457041,0.151787,1,
write,write,,,video_small,pg_bytea,9,01-01-05-01-02-01-19_r09.mp4,5457041,0.221865,1,
write,write,,,video_small,polyglot,9,01-01-05-01-02-01-19_r09.mp4,5457041,0.139673,1,
write,write,,,video_small,mongo_gridfs,9,01-01-05-01-02-01-19_r09.mp4,5457041,0.045962,1,
write,write,,,video_small,pg_bytea,9,01-01-05-01-02-02-04_r09.mp4,5457041,0.275785,1,
write,write,,,video_small,mongo_gridfs,9,01-01-05-01-02-02-04_r09.mp4,5457041,0.045096,1,
write,write,,,video_small,polyglot,9,01-01-05-01-02-02-04_r09.mp4,5457041,0.045631,1,
write,write,,,video_small,polyglot,9,01-01-05-01-02-02-05_r09.mp4,5498397,0.071101,1,
write,write,,,video_small,mongo_gridfs,9,01-01-05-01-02-02-05_r09.mp4,5498397,0.051322,1,
write,write,,,video_small,pg_bytea,9,01-01-05-01-02-02-05_r09.mp4,5498397,0.144149,1,
write,write,,,video_small,mongo_gridfs,9,01-01-05-02-01-02-04_r09.mp4,5457041,0.047336,1,
write,write,,,video_small,pg_bytea,9,01-01-05-02-01-02-04_r09.mp4,5457041,0.138090,1,
write,write,,,video_small,polyglot,9,01-01-05-02-01-02-04_r09.mp4,5457041,0.051785,1,
write,write,,,video_small,polyglot,9,01-01-05-02-01-02-12_r09.mp4,5457041,0.051493,1,
write,write,,,video_small,mongo_gridfs,9,01-01-05-02-01-02-12_r09.mp4,5457041,0.053061,1,
write,write,,,video_small,pg_bytea,9,01-01-05-02-01-02-12_r09.mp4,5457041,0.329584,1,
write,write,,,video_small,mongo_gridfs,9,01-01-05-02-01-02-14_r09.mp4,5457041,0.050815,1,
write,write,,,video_small,pg_bytea,9,01-01-05-02-01-02-14_r09.mp4,5457041,0.138075,1,
write,write,,,video_small,polyglot,9,01-01-05-02-01-02-14_r09.mp4,5457041,0.053407,1,
write,write,,,video_small,mongo_gridfs,9,01-01-05-02-02-02-19_r09.mp4,5498397,0.044335,1,
write,write,,,video_small,pg_bytea,9,01-01-05-02-02-02-19_r09.mp4,5498397,0.134654,1,
write,write,,,video_small,polyglot,9,01-01-05-02-02-02-19_r09.mp4,5498397,0.047208,1,
write,write,,,video_small,polyglot,9,01-01-05-02-02-02-20_r09.mp4,5498397,0.050731,1,
write,write,,,video_small,pg_bytea,9,01-01-05-02-02-02-20_r09.mp4,5498397,0.187853,1,
write,write,,,video_small,mongo_gridfs,9,01-01-05-02-02-02-20_r09.mp4,5498397,0.054261,1,
write,write,,,video_small,mongo_gridfs,9,01-01-05-02-02-02-23_r09.mp4,5498397,0.043854,1,
write,write,,,video_small,pg_bytea,9,01-01-05-02-02-02-23_r09.mp4,5498397,0.367299,1,
write,write,,,video_small,polyglot,9,01-01-05-02-02-02-23_r09.mp4,5498397,0.045319,1,
write,write,,,video_small,mongo_gridfs,9,01-01-06-01-01-01-08_r09.mp4,5457041,0.044782,1,
write,write,,,video_small,pg_bytea,9,01-01-06-01-01-01-08_r09.mp4,5457041,0.177142,1,
write,write,,,video_small,polyglot,9,01-01-06-01-01-01-08_r09.mp4,5457041,0.042381,1,
write,write,,,video_small,polyglot,9,01-01-06-01-01-01-19_r09.mp4,5457041,0.047965,1,
write,write,,,video_small,mongo_gridfs,9,01-01-06-01-01-01-19_r09.mp4,5457041,0.049567,1,
write,write,,,video_small,pg_bytea,9,01-01-06-01-01-01-19_r09.mp4,5457041,0.130442,1,
write,write,,,video_small,mongo_gridfs,9,01-01-06-01-01-01-24_r09.mp4,5498397,0.052099,1,
write,write,,,video_small,pg_bytea,9,01-01-06-01-01-01-24_r09.mp4,5498397,0.356783,1,
write,write,,,video_small,polyglot,9,01-01-06-01-01-01-24_r09.mp4,5498397,0.059193,1,
write,write,,,video_medium,polyglot,9,tsinghua_v_0024_r09.mp4,13091522,0.109948,1,
write,write,,,video_medium,pg_bytea,9,tsinghua_v_0024_r09.mp4,13091522,0.358644,1,
write,write,,,video_medium,mongo_gridfs,9,tsinghua_v_0024_r09.mp4,13091522,0.106051,1,
write,write,,,video_medium,polyglot,9,tsinghua_v_0046_r09.mp4,13091522,0.166339,1,
write,write,,,video_medium,mongo_gridfs,9,tsinghua_v_0046_r09.mp4,13091522,0.107308,1,
write,write,,,video_medium,pg_bytea,9,tsinghua_v_0046_r09.mp4,13091522,0.352709,1,
write,write,,,video_medium,mongo_gridfs,9,tsinghua_v_0076_r09.mp4,13091522,0.105140,1,
write,write,,,video_medium,polyglot,9,tsinghua_v_0076_r09.mp4,13091522,0.113748,1,
write,write,,,video_medium,pg_bytea,9,tsinghua_v_0076_r09.mp4,13091522,0.515320,1,
write,write,,,video_medium,polyglot,9,tsinghua_v_0080_r09.mp4,13091522,0.125306,1,
write,write,,,video_medium,pg_bytea,9,tsinghua_v_0080_r09.mp4,13091522,0.322799,1,
write,write,,,video_medium,mongo_gridfs,9,tsinghua_v_0080_r09.mp4,13091522,0.094870,1,
write,write,,,video_medium,pg_bytea,9,tsinghua_v_0109_r09.mp4,13091522,0.394587,1,
write,write,,,video_medium,polyglot,9,tsinghua_v_0109_r09.mp4,13091522,0.104928,1,
write,write,,,video_medium,mongo_gridfs,9,tsinghua_v_0109_r09.mp4,13091522,0.109996,1,
write,write,,,video_medium,pg_bytea,9,tsinghua_v_0123_r09.mp4,13091522,0.323290,1,
write,write,,,video_medium,mongo_gridfs,9,tsinghua_v_0123_r09.mp4,13091522,0.104867,1,
write,write,,,video_medium,polyglot,9,tsinghua_v_0123_r09.mp4,13091522,0.208861,1,
write,write,,,video_medium,mongo_gridfs,9,tsinghua_v_0130_r09.mp4,13091522,0.105598,1,
write,write,,,video_medium,polyglot,9,tsinghua_v_0130_r09.mp4,13091522,0.199361,1,
write,write,,,video_medium,pg_bytea,9,tsinghua_v_0130_r09.mp4,13091522,0.362779,1,
write,write,,,video_medium,mongo_gridfs,9,tsinghua_v_0135_r09.mp4,13091522,0.105339,1,
write,write,,,video_medium,polyglot,9,tsinghua_v_0135_r09.mp4,13091522,0.234381,1,
write,write,,,video_medium,pg_bytea,9,tsinghua_v_0135_r09.mp4,13091522,0.510888,1,
write,write,,,video_medium,polyglot,9,tsinghua_v_0137_r09.mp4,13091522,0.108539,1,
write,write,,,video_medium,pg_bytea,9,tsinghua_v_0137_r09.mp4,13091522,0.421931,1,
write,write,,,video_medium,mongo_gridfs,9,tsinghua_v_0137_r09.mp4,13091522,0.100901,1,
write,write,,,video_medium,mongo_gridfs,9,tsinghua_v_0140_r09.mp4,13091522,0.100102,1,
write,write,,,video_medium,pg_bytea,9,tsinghua_v_0140_r09.mp4,13091522,0.327662,1,
write,write,,,video_medium,polyglot,9,tsinghua_v_0140_r09.mp4,13091522,0.101310,1,
write,write,,,video_medium,polyglot,9,tsinghua_v_0151_r09.mp4,13091522,0.116503,1,
write,write,,,video_medium,pg_bytea,9,tsinghua_v_0151_r09.mp4,13091522,0.706635,1,
write,write,,,video_medium,mongo_gridfs,9,tsinghua_v_0151_r09.mp4,13091522,0.101898,1,
write,write,,,video_medium,pg_bytea,9,tsinghua_v_0157_r09.mp4,13091522,0.314051,1,
write,write,,,video_medium,mongo_gridfs,9,tsinghua_v_0157_r09.mp4,13091522,0.098261,1,
write,write,,,video_medium,polyglot,9,tsinghua_v_0157_r09.mp4,13091522,0.105009,1,
write,write,,,video_medium,mongo_gridfs,9,tsinghua_v_0209_r09.mp4,13091522,0.106503,1,
write,write,,,video_medium,polyglot,9,tsinghua_v_0209_r09.mp4,13091522,0.355091,1,
write,write,,,video_medium,pg_bytea,9,tsinghua_v_0209_r09.mp4,13091522,0.322766,1,
write,write,,,video_medium,pg_bytea,9,tsinghua_v_0226_r09.mp4,13091522,0.437296,1,
write,write,,,video_medium,polyglot,9,tsinghua_v_0226_r09.mp4,13091522,0.092310,1,
write,write,,,video_medium,mongo_gridfs,9,tsinghua_v_0226_r09.mp4,13091522,0.093550,1,
write,write,,,video_medium,pg_bytea,9,tsinghua_v_0236_r09.mp4,13091522,0.330591,1,
write,write,,,video_medium,mongo_gridfs,9,tsinghua_v_0236_r09.mp4,13091522,0.116118,1,
write,write,,,video_medium,polyglot,9,tsinghua_v_0236_r09.mp4,13091522,0.173165,1,
write,write,,,video_medium,polyglot,9,tsinghua_v_0274_r09.mp4,13091522,0.111158,1,
write,write,,,video_medium,mongo_gridfs,9,tsinghua_v_0274_r09.mp4,13091522,0.101585,1,
write,write,,,video_medium,pg_bytea,9,tsinghua_v_0274_r09.mp4,13091522,0.338133,1,
write,write,,,video_medium,pg_bytea,9,tsinghua_v_0280_r09.mp4,13091522,0.847998,1,
write,write,,,video_medium,polyglot,9,tsinghua_v_0280_r09.mp4,13091522,0.102617,1,
write,write,,,video_medium,mongo_gridfs,9,tsinghua_v_0280_r09.mp4,13091522,0.095892,1,
write,write,,,video_medium,polyglot,9,tsinghua_v_0302_r09.mp4,13091522,0.219565,1,
write,write,,,video_medium,pg_bytea,9,tsinghua_v_0302_r09.mp4,13091522,0.461936,1,
write,write,,,video_medium,mongo_gridfs,9,tsinghua_v_0302_r09.mp4,13091522,0.112579,1,
write,write,,,video_medium,mongo_gridfs,9,tsinghua_v_0311_r09.mp4,13091522,0.104482,1,
write,write,,,video_medium,pg_bytea,9,tsinghua_v_0311_r09.mp4,13091522,0.318669,1,
write,write,,,video_medium,polyglot,9,tsinghua_v_0311_r09.mp4,13091522,0.107186,1,
write,write,,,video_medium,polyglot,9,tsinghua_v_0316_r09.mp4,13091522,0.546902,1,
write,write,,,video_medium,pg_bytea,9,tsinghua_v_0316_r09.mp4,13091522,0.568644,1,
write,write,,,video_medium,mongo_gridfs,9,tsinghua_v_0316_r09.mp4,13091522,0.094801,1,
write,write,,,video_medium,pg_bytea,9,tsinghua_v_0319_r09.mp4,13091522,0.305044,1,
write,write,,,video_medium,mongo_gridfs,9,tsinghua_v_0319_r09.mp4,13091522,0.111435,1,
write,write,,,video_medium,polyglot,9,tsinghua_v_0319_r09.mp4,13091522,0.104228,1,
write,write,,,video_medium,polyglot,9,tsinghua_v_0321_r09.mp4,13091522,0.131190,1,
write,write,,,video_medium,pg_bytea,9,tsinghua_v_0321_r09.mp4,13091522,0.331373,1,
write,write,,,video_medium,mongo_gridfs,9,tsinghua_v_0321_r09.mp4,13091522,0.115649,1,
write,write,,,video_medium,polyglot,9,tsinghua_v_0331_r09.mp4,13091522,1.731303,1,
write,write,,,video_medium,mongo_gridfs,9,tsinghua_v_0331_r09.mp4,13091522,0.095504,1,
write,write,,,video_medium,pg_bytea,9,tsinghua_v_0331_r09.mp4,13091522,0.949033,1,
write,write,,,video_medium,pg_bytea,9,tsinghua_v_0345_r09.mp4,13091522,0.336825,1,
write,write,,,video_medium,mongo_gridfs,9,tsinghua_v_0345_r09.mp4,13091522,0.112948,1,
write,write,,,video_medium,polyglot,9,tsinghua_v_0345_r09.mp4,13091522,0.159970,1,
write,write,,,video_medium,pg_bytea,9,tsinghua_v_0356_r09.mp4,13091522,1.546736,1,
write,write,,,video_medium,mongo_gridfs,9,tsinghua_v_0356_r09.mp4,13091522,0.126575,1,
write,write,,,video_medium,polyglot,9,tsinghua_v_0356_r09.mp4,13091522,0.631850,1,
write,write,,,video_medium,pg_bytea,9,tsinghua_v_0357_r09.mp4,13091522,1.119322,1,
write,write,,,video_medium,polyglot,9,tsinghua_v_0357_r09.mp4,13091522,0.270668,1,
write,write,,,video_medium,mongo_gridfs,9,tsinghua_v_0357_r09.mp4,13091522,0.107179,1,
write,write,,,video_medium,pg_bytea,9,tsinghua_v_0379_r09.mp4,13091522,0.316825,1,
write,write,,,video_medium,mongo_gridfs,9,tsinghua_v_0379_r09.mp4,13091522,0.107968,1,
write,write,,,video_medium,polyglot,9,tsinghua_v_0379_r09.mp4,13091522,0.096395,1,
write,write,,,video_medium,polyglot,9,tsinghua_v_0393_r09.mp4,13091522,0.253118,1,
write,write,,,video_medium,pg_bytea,9,tsinghua_v_0393_r09.mp4,13091522,0.334823,1,
write,write,,,video_medium,mongo_gridfs,9,tsinghua_v_0393_r09.mp4,13091522,0.108343,1,
write,write,,,video_medium,pg_bytea,9,tsinghua_v_0421_r09.mp4,13091522,0.464350,1,
write,write,,,video_medium,mongo_gridfs,9,tsinghua_v_0421_r09.mp4,13091522,0.102279,1,
write,write,,,video_medium,polyglot,9,tsinghua_v_0421_r09.mp4,13091522,0.104073,1,
write,write,,,video_medium,mongo_gridfs,9,tsinghua_v_0424_r09.mp4,13091522,0.104898,1,
write,write,,,video_medium,pg_bytea,9,tsinghua_v_0424_r09.mp4,13091522,0.302257,1,
write,write,,,video_medium,polyglot,9,tsinghua_v_0424_r09.mp4,13091522,0.118451,1,
write,write,,,video_medium,polyglot,9,tsinghua_v_0427_r09.mp4,13091522,0.106577,1,
write,write,,,video_medium,pg_bytea,9,tsinghua_v_0427_r09.mp4,13091522,0.416961,1,
write,write,,,video_medium,mongo_gridfs,9,tsinghua_v_0427_r09.mp4,13091522,0.097311,1,
write,write,,,video_medium,mongo_gridfs,9,tsinghua_v_0431_r09.mp4,13091522,0.101308,1,
write,write,,,video_medium,pg_bytea,9,tsinghua_v_0431_r09.mp4,13091522,0.319792,1,
write,write,,,video_medium,polyglot,9,tsinghua_v_0431_r09.mp4,13091522,0.114244,1,
write,write,,,video_medium,pg_bytea,9,tsinghua_v_0452_r09.mp4,13091522,0.413939,1,
write,write,,,video_medium,mongo_gridfs,9,tsinghua_v_0452_r09.mp4,13091522,0.100324,1,
write,write,,,video_medium,polyglot,9,tsinghua_v_0452_r09.mp4,13091522,0.108895,1,
write,write,,,video_medium,pg_bytea,9,tsinghua_v_0454_r09.mp4,13091522,0.486866,1,
write,write,,,video_medium,polyglot,9,tsinghua_v_0454_r09.mp4,13091522,0.105500,1,
write,write,,,video_medium,mongo_gridfs,9,tsinghua_v_0454_r09.mp4,13091522,0.114545,1,
write,write,,,video_medium,pg_bytea,9,tsinghua_v_0457_r09.mp4,13091522,0.353706,1,
write,write,,,video_medium,polyglot,9,tsinghua_v_0457_r09.mp4,13091522,0.101168,1,
write,write,,,video_medium,mongo_gridfs,9,tsinghua_v_0457_r09.mp4,13091522,0.099276,1,
write,write,,,video_medium,mongo_gridfs,9,tsinghua_v_0466_r09.mp4,13091522,0.105933,1,
write,write,,,video_medium,pg_bytea,9,tsinghua_v_0466_r09.mp4,13091522,1.729961,1,
write,write,,,video_medium,polyglot,9,tsinghua_v_0466_r09.mp4,13091522,0.108938,1,
write,write,,,video_medium,pg_bytea,9,tsinghua_v_0471_r09.mp4,13091522,0.370778,1,
write,write,,,video_medium,polyglot,9,tsinghua_v_0471_r09.mp4,13091522,0.119852,1,
write,write,,,video_medium,mongo_gridfs,9,tsinghua_v_0471_r09.mp4,13091522,0.101178,1,
write,write,,,video_medium,mongo_gridfs,9,tsinghua_v_0472_r09.mp4,13091522,0.108818,1,
write,write,,,video_medium,polyglot,9,tsinghua_v_0472_r09.mp4,13091522,0.439193,1,
write,write,,,video_medium,pg_bytea,9,tsinghua_v_0472_r09.mp4,13091522,0.563965,1,
write,write,,,video_medium,mongo_gridfs,9,tsinghua_v_0494_r09.mp4,13091522,0.100680,1,
write,write,,,video_medium,pg_bytea,9,tsinghua_v_0494_r09.mp4,13091522,0.335168,1,
write,write,,,video_medium,polyglot,9,tsinghua_v_0494_r09.mp4,13091522,0.116358,1,
write,write,,,video_medium,polyglot,9,tsinghua_v_0503_r09.mp4,13091522,0.220976,1,
write,write,,,video_medium,pg_bytea,9,tsinghua_v_0503_r09.mp4,13091522,0.957111,1,
write,write,,,video_medium,mongo_gridfs,9,tsinghua_v_0503_r09.mp4,13091522,0.103138,1,
write,write,,,video_medium,mongo_gridfs,9,tsinghua_v_0509_r09.mp4,13091522,0.107014,1,
write,write,,,video_medium,polyglot,9,tsinghua_v_0509_r09.mp4,13091522,0.372849,1,
write,write,,,video_medium,pg_bytea,9,tsinghua_v_0509_r09.mp4,13091522,0.331102,1,
write,write,,,video_medium,polyglot,9,tsinghua_v_0523_r09.mp4,13091522,0.108452,1,
write,write,,,video_medium,mongo_gridfs,9,tsinghua_v_0523_r09.mp4,13091522,0.107362,1,
write,write,,,video_medium,pg_bytea,9,tsinghua_v_0523_r09.mp4,13091522,0.343821,1,
write,write,,,video_medium,polyglot,9,tsinghua_v_0546_r09.mp4,13091522,0.100334,1,
write,write,,,video_medium,pg_bytea,9,tsinghua_v_0546_r09.mp4,13091522,0.317254,1,
write,write,,,video_medium,mongo_gridfs,9,tsinghua_v_0546_r09.mp4,13091522,0.101697,1,
write,write,,,video_medium,pg_bytea,9,tsinghua_v_0568_r09.mp4,13091522,0.306076,1,
write,write,,,video_medium,polyglot,9,tsinghua_v_0568_r09.mp4,13091522,0.656896,1,
write,write,,,video_medium,mongo_gridfs,9,tsinghua_v_0568_r09.mp4,13091522,0.105580,1,
write,write,,,video_medium,mongo_gridfs,9,tsinghua_v_0594_r09.mp4,13091522,0.109638,1,
write,write,,,video_medium,polyglot,9,tsinghua_v_0594_r09.mp4,13091522,0.218417,1,
write,write,,,video_medium,pg_bytea,9,tsinghua_v_0594_r09.mp4,13091522,0.493666,1,
write,write,,,video_medium,pg_bytea,9,tsinghua_v_0596_r09.mp4,13091522,0.320599,1,
write,write,,,video_medium,mongo_gridfs,9,tsinghua_v_0596_r09.mp4,13091522,0.102457,1,
write,write,,,video_medium,polyglot,9,tsinghua_v_0596_r09.mp4,13091522,0.099394,1,
write,write,,,video_medium,mongo_gridfs,9,tsinghua_v_0635_r09.mp4,13091522,0.099138,1,
write,write,,,video_medium,polyglot,9,tsinghua_v_0635_r09.mp4,13091522,0.123202,1,
write,write,,,video_medium,pg_bytea,9,tsinghua_v_0635_r09.mp4,13091522,0.438572,1,
write,write,,,video_medium,mongo_gridfs,9,tsinghua_v_0653_r09.mp4,13091522,0.103702,1,
write,write,,,video_medium,polyglot,9,tsinghua_v_0653_r09.mp4,13091522,0.108242,1,
write,write,,,video_medium,pg_bytea,9,tsinghua_v_0653_r09.mp4,13091522,0.515698,1,
write,write,,,video_medium,pg_bytea,9,tsinghua_v_0667_r09.mp4,13091522,0.304680,1,
write,write,,,video_medium,mongo_gridfs,9,tsinghua_v_0667_r09.mp4,13091522,0.105504,1,
write,write,,,video_medium,polyglot,9,tsinghua_v_0667_r09.mp4,13091522,0.125521,1,
write,write,,,video_medium,polyglot,9,tsinghua_v_0673_r09.mp4,13091522,0.248966,1,
write,write,,,video_medium,pg_bytea,9,tsinghua_v_0673_r09.mp4,13091522,0.815784,1,
write,write,,,video_medium,mongo_gridfs,9,tsinghua_v_0673_r09.mp4,13091522,0.094909,1,
write,write,,,video_medium,pg_bytea,9,tsinghua_v_0681_r09.mp4,13091522,0.319103,1,
write,write,,,video_medium,polyglot,9,tsinghua_v_0681_r09.mp4,13091522,0.114167,1,
write,write,,,video_medium,mongo_gridfs,9,tsinghua_v_0681_r09.mp4,13091522,0.109571,1,
write,write,,,video_medium,polyglot,9,tsinghua_v_0690_r09.mp4,13091522,0.112848,1,
write,write,,,video_medium,mongo_gridfs,9,tsinghua_v_0690_r09.mp4,13091522,0.112196,1,
write,write,,,video_medium,pg_bytea,9,tsinghua_v_0690_r09.mp4,13091522,0.579512,1,
write,write,,,video_medium,mongo_gridfs,9,tsinghua_v_0692_r09.mp4,13091522,0.100067,1,
write,write,,,video_medium,polyglot,9,tsinghua_v_0692_r09.mp4,13091522,0.182939,1,
write,write,,,video_medium,pg_bytea,9,tsinghua_v_0692_r09.mp4,13091522,0.355670,1,
write,write,,,video_medium,polyglot,9,tsinghua_v_0696_r09.mp4,13091522,0.168702,1,
write,write,,,video_medium,pg_bytea,9,tsinghua_v_0696_r09.mp4,13091522,1.628071,1,
write,write,,,video_medium,mongo_gridfs,9,tsinghua_v_0696_r09.mp4,13091522,0.106973,1,
write,write,,,video_medium,polyglot,9,tsinghua_v_0734_r09.mp4,13091522,0.410758,1,
write,write,,,video_medium,mongo_gridfs,9,tsinghua_v_0734_r09.mp4,13091522,0.118949,1,
write,write,,,video_medium,pg_bytea,9,tsinghua_v_0734_r09.mp4,13091522,0.345682,1,
write,write,,,video_medium,mongo_gridfs,9,tsinghua_v_0737_r09.mp4,13091522,0.124614,1,
write,write,,,video_medium,polyglot,9,tsinghua_v_0737_r09.mp4,13091522,0.323265,1,
write,write,,,video_medium,pg_bytea,9,tsinghua_v_0737_r09.mp4,13091522,0.344356,1,
write,write,,,video_medium,mongo_gridfs,9,tsinghua_v_0744_r09.mp4,13091522,0.105573,1,
write,write,,,video_medium,polyglot,9,tsinghua_v_0744_r09.mp4,13091522,0.212170,1,
write,write,,,video_medium,pg_bytea,9,tsinghua_v_0744_r09.mp4,13091522,0.476987,1,
write,write,,,video_medium,pg_bytea,9,tsinghua_v_0745_r09.mp4,13091522,0.463767,1,
write,write,,,video_medium,mongo_gridfs,9,tsinghua_v_0745_r09.mp4,13091522,0.114067,1,
write,write,,,video_medium,polyglot,9,tsinghua_v_0745_r09.mp4,13091522,3.700978,1,
write,write,,,video_medium,pg_bytea,9,tsinghua_v_0769_r09.mp4,13091522,0.339215,1,
write,write,,,video_medium,polyglot,9,tsinghua_v_0769_r09.mp4,13091522,0.113744,1,
write,write,,,video_medium,mongo_gridfs,9,tsinghua_v_0769_r09.mp4,13091522,0.097949,1,
write,write,,,video_medium,pg_bytea,9,tsinghua_v_0791_r09.mp4,13091522,0.602643,1,
write,write,,,video_medium,mongo_gridfs,9,tsinghua_v_0791_r09.mp4,13091522,0.101127,1,
write,write,,,video_medium,polyglot,9,tsinghua_v_0791_r09.mp4,13091522,0.098371,1,
write,write,,,video_medium,polyglot,9,tsinghua_v_0792_r09.mp4,13091522,0.462786,1,
write,write,,,video_medium,mongo_gridfs,9,tsinghua_v_0792_r09.mp4,13091522,0.093117,1,
write,write,,,video_medium,pg_bytea,9,tsinghua_v_0792_r09.mp4,13091522,0.309128,1,
write,write,,,video_medium,mongo_gridfs,9,tsinghua_v_0857_r09.mp4,13091522,0.097650,1,
write,write,,,video_medium,pg_bytea,9,tsinghua_v_0857_r09.mp4,13091522,0.309987,1,
write,write,,,video_medium,polyglot,9,tsinghua_v_0857_r09.mp4,13091522,0.100434,1,
write,write,,,video_medium,mongo_gridfs,9,tsinghua_v_0866_r09.mp4,13091522,0.092430,1,
write,write,,,video_medium,polyglot,9,tsinghua_v_0866_r09.mp4,13091522,0.097217,1,
write,write,,,video_medium,pg_bytea,9,tsinghua_v_0866_r09.mp4,13091522,0.358966,1,
write,write,,,video_medium,mongo_gridfs,9,tsinghua_v_0880_r09.mp4,13091522,0.100623,1,
write,write,,,video_medium,pg_bytea,9,tsinghua_v_0880_r09.mp4,13091522,0.695835,1,
write,write,,,video_medium,polyglot,9,tsinghua_v_0880_r09.mp4,13091522,0.098630,1,
write,write,,,video_medium,mongo_gridfs,9,tsinghua_v_0888_r09.mp4,13091522,0.095637,1,
write,write,,,video_medium,pg_bytea,9,tsinghua_v_0888_r09.mp4,13091522,0.883555,1,
write,write,,,video_medium,polyglot,9,tsinghua_v_0888_r09.mp4,13091522,0.099471,1,
write,write,,,video_medium,polyglot,9,tsinghua_v_0901_r09.mp4,13091522,0.357996,1,
write,write,,,video_medium,mongo_gridfs,9,tsinghua_v_0901_r09.mp4,13091522,0.109050,1,
write,write,,,video_medium,pg_bytea,9,tsinghua_v_0901_r09.mp4,13091522,1.498949,1,
write,write,,,video_medium,mongo_gridfs,9,tsinghua_v_0937_r09.mp4,13091522,0.113918,1,
write,write,,,video_medium,pg_bytea,9,tsinghua_v_0937_r09.mp4,13091522,1.690597,1,
write,write,,,video_medium,polyglot,9,tsinghua_v_0937_r09.mp4,13091522,0.107436,1,
write,write,,,video_medium,polyglot,9,tsinghua_v_0939_r09.mp4,13091522,0.577518,1,
write,write,,,video_medium,pg_bytea,9,tsinghua_v_0939_r09.mp4,13091522,1.382298,1,
write,write,,,video_medium,mongo_gridfs,9,tsinghua_v_0939_r09.mp4,13091522,0.113572,1,
write,write,,,video_medium,polyglot,9,tsinghua_v_0961_r09.mp4,13091522,0.651911,1,
write,write,,,video_medium,mongo_gridfs,9,tsinghua_v_0961_r09.mp4,13091522,0.105787,1,
write,write,,,video_medium,pg_bytea,9,tsinghua_v_0961_r09.mp4,13091522,0.331653,1,
write,write,,,video_medium,polyglot,9,tsinghua_v_0977_r09.mp4,13091522,0.384330,1,
write,write,,,video_medium,mongo_gridfs,9,tsinghua_v_0977_r09.mp4,13091522,0.104298,1,
write,write,,,video_medium,pg_bytea,9,tsinghua_v_0977_r09.mp4,13091522,0.988359,1,
query,metadata_only,2,2,,mongo_gridfs,0,,,0.015195,60,
query,metadata_only,2,2,,pg_bytea,0,,,0.002383,60,
query,metadata_only,2,2,,polyglot,0,,,0.007634,60,
query,metadata_only,2,5,,mongo_gridfs,0,,,0.002390,20,
query,metadata_only,2,5,,pg_bytea,0,,,0.000486,20,
query,metadata_only,2,5,,polyglot,0,,,0.000459,20,
query,metadata_only,1,4,,pg_bytea,0,,,0.000389,10,
query,metadata_only,1,4,,mongo_gridfs,0,,,0.002279,10,
query,metadata_only,1,4,,polyglot,0,,,0.000404,10,
query,metadata_only,1,5,,mongo_gridfs,0,,,0.002001,10,
query,metadata_only,1,5,,polyglot,0,,,0.000381,10,
query,metadata_only,1,5,,pg_bytea,0,,,0.000369,10,
query,metadata_only,1,2,,mongo_gridfs,0,,,0.001911,30,
query,metadata_only,1,2,,pg_bytea,0,,,0.000384,30,
query,metadata_only,1,2,,polyglot,0,,,0.000337,30,
query,metadata_only,2,3,,polyglot,0,,,0.000334,20,
query,metadata_only,2,3,,mongo_gridfs,0,,,0.001820,20,
query,metadata_only,2,3,,pg_bytea,0,,,0.000348,20,
query,metadata_only,2,4,,polyglot,0,,,0.000328,20,
query,metadata_only,2,4,,pg_bytea,0,,,0.000313,20,
query,metadata_only,2,4,,mongo_gridfs,0,,,0.001860,20,
query,metadata_only,1,3,,mongo_gridfs,0,,,0.001836,30,
query,metadata_only,1,3,,polyglot,0,,,0.000400,30,
query,metadata_only,1,3,,pg_bytea,0,,,0.000325,30,
query,metadata_only,1,1,,mongo_gridfs,0,,,0.001921,60,
query,metadata_only,1,1,,pg_bytea,0,,,0.000342,60,
query,metadata_only,1,1,,polyglot,0,,,0.000343,60,
query,metadata_only,2,1,,mongo_gridfs,0,,,0.001939,20,
query,metadata_only,2,1,,polyglot,0,,,0.000362,20,
query,metadata_only,2,1,,pg_bytea,0,,,0.000348,20,
query,metadata_only,1,4,,mongo_gridfs,1,,,0.001866,10,
query,metadata_only,1,4,,polyglot,1,,,0.000404,10,
query,metadata_only,1,4,,pg_bytea,1,,,0.000337,10,
query,metadata_only,2,4,,mongo_gridfs,1,,,0.001924,20,
query,metadata_only,2,4,,pg_bytea,1,,,0.000367,20,
query,metadata_only,2,4,,polyglot,1,,,0.000385,20,
query,metadata_only,2,2,,pg_bytea,1,,,0.000353,60,
query,metadata_only,2,2,,polyglot,1,,,0.000334,60,
query,metadata_only,2,2,,mongo_gridfs,1,,,0.001870,60,
query,metadata_only,1,5,,pg_bytea,1,,,0.000343,10,
query,metadata_only,1,5,,polyglot,1,,,0.000335,10,
query,metadata_only,1,5,,mongo_gridfs,1,,,0.001837,10,
query,metadata_only,2,5,,polyglot,1,,,0.000355,20,
query,metadata_only,2,5,,pg_bytea,1,,,0.000291,20,
query,metadata_only,2,5,,mongo_gridfs,1,,,0.001809,20,
query,metadata_only,1,1,,mongo_gridfs,1,,,0.001871,60,
query,metadata_only,1,1,,pg_bytea,1,,,0.000394,60,
query,metadata_only,1,1,,polyglot,1,,,0.000348,60,
query,metadata_only,1,3,,pg_bytea,1,,,0.000326,30,
query,metadata_only,1,3,,mongo_gridfs,1,,,0.002532,30,
query,metadata_only,1,3,,polyglot,1,,,0.000386,30,
query,metadata_only,2,3,,polyglot,1,,,0.000485,20,
query,metadata_only,2,3,,pg_bytea,1,,,0.000389,20,
query,metadata_only,2,3,,mongo_gridfs,1,,,0.002721,20,
query,metadata_only,1,2,,polyglot,1,,,0.000437,30,
query,metadata_only,1,2,,mongo_gridfs,1,,,0.001828,30,
query,metadata_only,1,2,,pg_bytea,1,,,0.000361,30,
query,metadata_only,2,1,,polyglot,1,,,0.000354,20,
query,metadata_only,2,1,,mongo_gridfs,1,,,0.001909,20,
query,metadata_only,2,1,,pg_bytea,1,,,0.000382,20,
query,metadata_only,2,4,,pg_bytea,2,,,0.000339,20,
query,metadata_only,2,4,,polyglot,2,,,0.000367,20,
query,metadata_only,2,4,,mongo_gridfs,2,,,0.001776,20,
query,metadata_only,1,5,,pg_bytea,2,,,0.000358,10,
query,metadata_only,1,5,,polyglot,2,,,0.000356,10,
query,metadata_only,1,5,,mongo_gridfs,2,,,0.001811,10,
query,metadata_only,2,5,,mongo_gridfs,2,,,0.001807,20,
query,metadata_only,2,5,,pg_bytea,2,,,0.000360,20,
query,metadata_only,2,5,,polyglot,2,,,0.000336,20,
query,metadata_only,1,2,,polyglot,2,,,0.000357,30,
query,metadata_only,1,2,,pg_bytea,2,,,0.000331,30,
query,metadata_only,1,2,,mongo_gridfs,2,,,0.001786,30,
query,metadata_only,2,2,,mongo_gridfs,2,,,0.001882,60,
query,metadata_only,2,2,,pg_bytea,2,,,0.000375,60,
query,metadata_only,2,2,,polyglot,2,,,0.000483,60,
query,metadata_only,2,1,,pg_bytea,2,,,0.000321,20,
query,metadata_only,2,1,,mongo_gridfs,2,,,0.001773,20,
query,metadata_only,2,1,,polyglot,2,,,0.000315,20,
query,metadata_only,2,3,,pg_bytea,2,,,0.000293,20,
query,metadata_only,2,3,,mongo_gridfs,2,,,0.001790,20,
query,metadata_only,2,3,,polyglot,2,,,0.000366,20,
query,metadata_only,1,1,,pg_bytea,2,,,0.000380,60,
query,metadata_only,1,1,,polyglot,2,,,0.000358,60,
query,metadata_only,1,1,,mongo_gridfs,2,,,0.001986,60,
query,metadata_only,1,4,,polyglot,2,,,0.000380,10,
query,metadata_only,1,4,,mongo_gridfs,2,,,0.001896,10,
query,metadata_only,1,4,,pg_bytea,2,,,0.000348,10,
query,metadata_only,1,3,,polyglot,2,,,0.000359,30,
query,metadata_only,1,3,,mongo_gridfs,2,,,0.001889,30,
query,metadata_only,1,3,,pg_bytea,2,,,0.000354,30,
query,metadata_only,1,4,,polyglot,3,,,0.000328,10,
query,metadata_only,1,4,,mongo_gridfs,3,,,0.001844,10,
query,metadata_only,1,4,,pg_bytea,3,,,0.000327,10,
query,metadata_only,2,5,,mongo_gridfs,3,,,0.002086,20,
query,metadata_only,2,5,,pg_bytea,3,,,0.000369,20,
query,metadata_only,2,5,,polyglot,3,,,0.000381,20,
query,metadata_only,1,5,,pg_bytea,3,,,0.000507,10,
query,metadata_only,1,5,,mongo_gridfs,3,,,0.004947,10,
query,metadata_only,1,5,,polyglot,3,,,0.000485,10,
query,metadata_only,2,1,,polyglot,3,,,0.000470,20,
query,metadata_only,2,1,,mongo_gridfs,3,,,0.004127,20,
query,metadata_only,2,1,,pg_bytea,3,,,0.000429,20,
query,metadata_only,2,2,,mongo_gridfs,3,,,0.003856,60,
query,metadata_only,2,2,,pg_bytea,3,,,0.000393,60,
query,metadata_only,2,2,,polyglot,3,,,0.000425,60,
query,metadata_only,1,2,,mongo_gridfs,3,,,0.002794,30,
query,metadata_only,1,2,,pg_bytea,3,,,0.000315,30,
query,metadata_only,1,2,,polyglot,3,,,0.000375,30,
query,metadata_only,2,3,,pg_bytea,3,,,0.000307,20,
query,metadata_only,2,3,,mongo_gridfs,3,,,0.001801,20,
query,metadata_only,2,3,,polyglot,3,,,0.000318,20,
query,metadata_only,1,3,,polyglot,3,,,0.000308,30,
query,metadata_only,1,3,,pg_bytea,3,,,0.000312,30,
query,metadata_only,1,3,,mongo_gridfs,3,,,0.001834,30,
query,metadata_only,2,4,,polyglot,3,,,0.000370,20,
query,metadata_only,2,4,,pg_bytea,3,,,0.000314,20,
query,metadata_only,2,4,,mongo_gridfs,3,,,0.001895,20,
query,metadata_only,1,1,,polyglot,3,,,0.000347,60,
query,metadata_only,1,1,,mongo_gridfs,3,,,0.002229,60,
query,metadata_only,1,1,,pg_bytea,3,,,0.000366,60,
query,metadata_only,2,3,,pg_bytea,4,,,0.000338,20,
query,metadata_only,2,3,,polyglot,4,,,0.000329,20,
query,metadata_only,2,3,,mongo_gridfs,4,,,0.001822,20,
query,metadata_only,2,1,,mongo_gridfs,4,,,0.001777,20,
query,metadata_only,2,1,,polyglot,4,,,0.000321,20,
query,metadata_only,2,1,,pg_bytea,4,,,0.000313,20,
query,metadata_only,1,1,,mongo_gridfs,4,,,0.001814,60,
query,metadata_only,1,1,,pg_bytea,4,,,0.000389,60,
query,metadata_only,1,1,,polyglot,4,,,0.000320,60,
query,metadata_only,1,2,,polyglot,4,,,0.000322,30,
query,metadata_only,1,2,,mongo_gridfs,4,,,0.002145,30,
query,metadata_only,1,2,,pg_bytea,4,,,0.000369,30,
query,metadata_only,1,5,,polyglot,4,,,0.000386,10,
query,metadata_only,1,5,,mongo_gridfs,4,,,0.002820,10,
query,metadata_only,1,5,,pg_bytea,4,,,0.000455,10,
query,metadata_only,1,4,,pg_bytea,4,,,0.000457,10,
query,metadata_only,1,4,,polyglot,4,,,0.000413,10,
query,metadata_only,1,4,,mongo_gridfs,4,,,0.003534,10,
query,metadata_only,2,5,,pg_bytea,4,,,0.000470,20,
query,metadata_only,2,5,,mongo_gridfs,4,,,0.003682,20,
query,metadata_only,2,5,,polyglot,4,,,0.000439,20,
query,metadata_only,2,4,,polyglot,4,,,0.000341,20,
query,metadata_only,2,4,,pg_bytea,4,,,0.000364,20,
query,metadata_only,2,4,,mongo_gridfs,4,,,0.001924,20,
query,metadata_only,1,3,,mongo_gridfs,4,,,0.001874,30,
query,metadata_only,1,3,,pg_bytea,4,,,0.000391,30,
query,metadata_only,1,3,,polyglot,4,,,0.000358,30,
query,metadata_only,2,2,,mongo_gridfs,4,,,0.001861,60,
query,metadata_only,2,2,,pg_bytea,4,,,0.000368,60,
query,metadata_only,2,2,,polyglot,4,,,0.000385,60,
query,metadata_only,1,3,,mongo_gridfs,5,,,0.005545,30,
query,metadata_only,1,3,,pg_bytea,5,,,0.000467,30,
query,metadata_only,1,3,,polyglot,5,,,0.000437,30,
query,metadata_only,2,5,,pg_bytea,5,,,0.000441,20,
query,metadata_only,2,5,,mongo_gridfs,5,,,0.004602,20,
query,metadata_only,2,5,,polyglot,5,,,0.001361,20,
query,metadata_only,2,1,,polyglot,5,,,0.000446,20,
query,metadata_only,2,1,,mongo_gridfs,5,,,0.003675,20,
query,metadata_only,2,1,,pg_bytea,5,,,0.000432,20,
query,metadata_only,1,4,,pg_bytea,5,,,0.000398,10,
query,metadata_only,1,4,,polyglot,5,,,0.000421,10,
query,metadata_only,1,4,,mongo_gridfs,5,,,0.001776,10,
query,metadata_only,1,1,,mongo_gridfs,5,,,0.001747,60,
query,metadata_only,1,1,,pg_bytea,5,,,0.000413,60,
query,metadata_only,1,1,,polyglot,5,,,0.000345,60,
query,metadata_only,1,2,,polyglot,5,,,0.000325,30,
query,metadata_only,1,2,,pg_bytea,5,,,0.000349,30,
query,metadata_only,1,2,,mongo_gridfs,5,,,0.001814,30,
query,metadata_only,2,3,,mongo_gridfs,5,,,0.001739,20,
query,metadata_only,2,3,,pg_bytea,5,,,0.000327,20,
query,metadata_only,2,3,,polyglot,5,,,0.000310,20,
query,metadata_only,2,4,,polyglot,5,,,0.000306,20,
query,metadata_only,2,4,,mongo_gridfs,5,,,0.002031,20,
query,metadata_only,2,4,,pg_bytea,5,,,0.000403,20,
query,metadata_only,1,5,,pg_bytea,5,,,0.000357,10,
query,metadata_only,1,5,,polyglot,5,,,0.000335,10,
query,metadata_only,1,5,,mongo_gridfs,5,,,0.002324,10,
query,metadata_only,2,2,,polyglot,5,,,0.000410,60,
query,metadata_only,2,2,,mongo_gridfs,5,,,0.002286,60,
query,metadata_only,2,2,,pg_bytea,5,,,0.000390,60,
query,metadata_only,1,1,,polyglot,6,,,0.000401,60,
query,metadata_only,1,1,,pg_bytea,6,,,0.000398,60,
query,metadata_only,1,1,,mongo_gridfs,6,,,0.002378,60,
query,metadata_only,2,1,,pg_bytea,6,,,0.000360,20,
query,metadata_only,2,1,,polyglot,6,,,0.000333,20,
query,metadata_only,2,1,,mongo_gridfs,6,,,0.002040,20,
query,metadata_only,2,2,,polyglot,6,,,0.000448,60,
query,metadata_only,2,2,,pg_bytea,6,,,0.000382,60,
query,metadata_only,2,2,,mongo_gridfs,6,,,0.002946,60,
query,metadata_only,1,2,,polyglot,6,,,0.000368,30,
query,metadata_only,1,2,,mongo_gridfs,6,,,0.002103,30,
query,metadata_only,1,2,,pg_bytea,6,,,0.000343,30,
query,metadata_only,1,5,,mongo_gridfs,6,,,0.002033,10,
query,metadata_only,1,5,,polyglot,6,,,0.000327,10,
query,metadata_only,1,5,,pg_bytea,6,,,0.000345,10,
query,metadata_only,1,3,,mongo_gridfs,6,,,0.002223,30,
query,metadata_only,1,3,,polyglot,6,,,0.000406,30,
query,metadata_only,1,3,,pg_bytea,6,,,0.000358,30,
query,metadata_only,1,4,,mongo_gridfs,6,,,0.002082,10,
query,metadata_only,1,4,,pg_bytea,6,,,0.000375,10,
query,metadata_only,1,4,,polyglot,6,,,0.000355,10,
query,metadata_only,2,5,,pg_bytea,6,,,0.000328,20,
query,metadata_only,2,5,,mongo_gridfs,6,,,0.002112,20,
query,metadata_only,2,5,,polyglot,6,,,0.000389,20,
query,metadata_only,2,3,,mongo_gridfs,6,,,0.002429,20,
query,metadata_only,2,3,,polyglot,6,,,0.000389,20,
query,metadata_only,2,3,,pg_bytea,6,,,0.000386,20,
query,metadata_only,2,4,,pg_bytea,6,,,0.000368,20,
query,metadata_only,2,4,,polyglot,6,,,0.000342,20,
query,metadata_only,2,4,,mongo_gridfs,6,,,0.002090,20,
query,metadata_only,2,1,,mongo_gridfs,7,,,0.002156,20,
query,metadata_only,2,1,,pg_bytea,7,,,0.000364,20,
query,metadata_only,2,1,,polyglot,7,,,0.000341,20,
query,metadata_only,1,4,,pg_bytea,7,,,0.000334,10,
query,metadata_only,1,4,,polyglot,7,,,0.000303,10,
query,metadata_only,1,4,,mongo_gridfs,7,,,0.002201,10,
query,metadata_only,1,2,,mongo_gridfs,7,,,0.002207,30,
query,metadata_only,1,2,,pg_bytea,7,,,0.000378,30,
query,metadata_only,1,2,,polyglot,7,,,0.000380,30,
query,metadata_only,2,3,,pg_bytea,7,,,0.000362,20,
query,metadata_only,2,3,,polyglot,7,,,0.000356,20,
query,metadata_only,2,3,,mongo_gridfs,7,,,0.002151,20,
query,metadata_only,2,4,,mongo_gridfs,7,,,0.002200,20,
query,metadata_only,2,4,,polyglot,7,,,0.000383,20,
query,metadata_only,2,4,,pg_bytea,7,,,0.000380,20,
query,metadata_only,1,5,,mongo_gridfs,7,,,0.002125,10,
query,metadata_only,1,5,,polyglot,7,,,0.000379,10,
query,metadata_only,1,5,,pg_bytea,7,,,0.000337,10,
query,metadata_only,2,2,,polyglot,7,,,0.000368,60,
query,metadata_only,2,2,,pg_bytea,7,,,0.000426,60,
query,metadata_only,2,2,,mongo_gridfs,7,,,0.002289,60,
query,metadata_only,1,3,,pg_bytea,7,,,0.000366,30,
query,metadata_only,1,3,,polyglot,7,,,0.000359,30,
query,metadata_only,1,3,,mongo_gridfs,7,,,0.002165,30,
query,metadata_only,2,5,,polyglot,7,,,0.000364,20,
query,metadata_only,2,5,,mongo_gridfs,7,,,0.002229,20,
query,metadata_only,2,5,,pg_bytea,7,,,0.000350,20,
query,metadata_only,1,1,,mongo_gridfs,7,,,0.002306,60,
query,metadata_only,1,1,,pg_bytea,7,,,0.000407,60,
query,metadata_only,1,1,,polyglot,7,,,0.000401,60,
query,metadata_only,1,5,,polyglot,8,,,0.000396,10,
query,metadata_only,1,5,,mongo_gridfs,8,,,0.002340,10,
query,metadata_only,1,5,,pg_bytea,8,,,0.000433,10,
query,metadata_only,1,3,,mongo_gridfs,8,,,0.002466,30,
query,metadata_only,1,3,,polyglot,8,,,0.000438,30,
query,metadata_only,1,3,,pg_bytea,8,,,0.000415,30,
query,metadata_only,2,3,,pg_bytea,8,,,0.000407,20,
query,metadata_only,2,3,,polyglot,8,,,0.000398,20,
query,metadata_only,2,3,,mongo_gridfs,8,,,0.002397,20,
query,metadata_only,1,4,,polyglot,8,,,0.000443,10,
query,metadata_only,1,4,,mongo_gridfs,8,,,0.002473,10,
query,metadata_only,1,4,,pg_bytea,8,,,0.000432,10,
query,metadata_only,1,1,,pg_bytea,8,,,0.000433,60,
query,metadata_only,1,1,,polyglot,8,,,0.000428,60,
query,metadata_only,1,1,,mongo_gridfs,8,,,0.002818,60,
query,metadata_only,2,4,,pg_bytea,8,,,0.000440,20,
query,metadata_only,2,4,,mongo_gridfs,8,,,0.002428,20,
query,metadata_only,2,4,,polyglot,8,,,0.000409,20,
query,metadata_only,2,2,,polyglot,8,,,0.000418,60,
query,metadata_only,2,2,,pg_bytea,8,,,0.000435,60,
query,metadata_only,2,2,,mongo_gridfs,8,,,0.002567,60,
query,metadata_only,2,5,,mongo_gridfs,8,,,0.002566,20,
query,metadata_only,2,5,,pg_bytea,8,,,0.000442,20,
query,metadata_only,2,5,,polyglot,8,,,0.000394,20,
query,metadata_only,2,1,,mongo_gridfs,8,,,0.002362,20,
query,metadata_only,2,1,,polyglot,8,,,0.000401,20,
query,metadata_only,2,1,,pg_bytea,8,,,0.000397,20,
query,metadata_only,1,2,,polyglot,8,,,0.000427,30,
query,metadata_only,1,2,,pg_bytea,8,,,0.000405,30,
query,metadata_only,1,2,,mongo_gridfs,8,,,0.002478,30,
query,metadata_only,2,2,,pg_bytea,9,,,0.000453,60,
query,metadata_only,2,2,,mongo_gridfs,9,,,0.002507,60,
query,metadata_only,2,2,,polyglot,9,,,0.000449,60,
query,metadata_only,2,5,,mongo_gridfs,9,,,0.002595,20,
query,metadata_only,2,5,,pg_bytea,9,,,0.000457,20,
query,metadata_only,2,5,,polyglot,9,,,0.000396,20,
query,metadata_only,2,3,,polyglot,9,,,0.000421,20,
query,metadata_only,2,3,,pg_bytea,9,,,0.000388,20,
query,metadata_only,2,3,,mongo_gridfs,9,,,0.002442,20,
query,metadata_only,1,5,,mongo_gridfs,9,,,0.003496,10,
query,metadata_only,1,5,,polyglot,9,,,0.000546,10,
query,metadata_only,1,5,,pg_bytea,9,,,0.000369,10,
query,metadata_only,1,4,,mongo_gridfs,9,,,0.002218,10,
query,metadata_only,1,4,,pg_bytea,9,,,0.000338,10,
query,metadata_only,1,4,,polyglot,9,,,0.000332,10,
query,metadata_only,1,3,,pg_bytea,9,,,0.000314,30,
query,metadata_only,1,3,,polyglot,9,,,0.000325,30,
query,metadata_only,1,3,,mongo_gridfs,9,,,0.002267,30,
query,metadata_only,1,1,,mongo_gridfs,9,,,0.002348,60,
query,metadata_only,1,1,,polyglot,9,,,0.000407,60,
query,metadata_only,1,1,,pg_bytea,9,,,0.000364,60,
query,metadata_only,1,2,,mongo_gridfs,9,,,0.002186,30,
query,metadata_only,1,2,,pg_bytea,9,,,0.000378,30,
query,metadata_only,1,2,,polyglot,9,,,0.000364,30,
query,metadata_only,2,1,,pg_bytea,9,,,0.000410,20,
query,metadata_only,2,1,,mongo_gridfs,9,,,0.002597,20,
query,metadata_only,2,1,,polyglot,9,,,0.000400,20,
query,metadata_only,2,4,,pg_bytea,9,,,0.000359,20,
query,metadata_only,2,4,,polyglot,9,,,0.000353,20,
query,metadata_only,2,4,,mongo_gridfs,9,,,0.002245,20,
read,end_to_end,2,4,,pg_bytea,0,,,0.777669,20,True
read,end_to_end,2,4,,mongo_gridfs,0,,,0.600575,20,True
read,end_to_end,2,4,,polyglot,0,,,0.553517,20,True
read,end_to_end,2,2,,pg_bytea,0,,,15.028722,60,True
read,end_to_end,2,2,,polyglot,0,,,7.509546,60,True
read,end_to_end,2,2,,mongo_gridfs,0,,,4.114606,60,True
read,end_to_end,1,1,,pg_bytea,0,,,13.628390,60,True
read,end_to_end,1,1,,polyglot,0,,,17.152780,60,True
read,end_to_end,1,1,,mongo_gridfs,0,,,20.119861,60,True
read,end_to_end,1,2,,pg_bytea,0,,,3.936268,30,True
read,end_to_end,1,2,,polyglot,0,,,0.863870,30,True
read,end_to_end,1,2,,mongo_gridfs,0,,,0.833221,30,True
read,end_to_end,1,4,,pg_bytea,0,,,0.092984,10,True
read,end_to_end,1,4,,mongo_gridfs,0,,,0.072795,10,True
read,end_to_end,1,4,,polyglot,0,,,0.067777,10,True
read,end_to_end,1,5,,pg_bytea,0,,,0.064547,10,True
read,end_to_end,1,5,,polyglot,0,,,0.070406,10,True
read,end_to_end,1,5,,mongo_gridfs,0,,,0.073569,10,True
read,end_to_end,2,3,,pg_bytea,0,,,0.201249,20,True
read,end_to_end,2,3,,mongo_gridfs,0,,,0.153189,20,True
read,end_to_end,2,3,,polyglot,0,,,0.118156,20,True
read,end_to_end,2,1,,polyglot,0,,,0.118117,20,True
read,end_to_end,2,1,,mongo_gridfs,0,,,0.141479,20,True
read,end_to_end,2,1,,pg_bytea,0,,,0.168456,20,True
read,end_to_end,1,3,,polyglot,0,,,1.361186,30,True
read,end_to_end,1,3,,mongo_gridfs,0,,,1.563159,30,True
read,end_to_end,1,3,,pg_bytea,0,,,2.758345,30,True
read,end_to_end,2,5,,polyglot,0,,,0.253997,20,True
read,end_to_end,2,5,,pg_bytea,0,,,0.382336,20,True
read,end_to_end,2,5,,mongo_gridfs,0,,,0.341498,20,True
read,end_to_end,1,5,,polyglot,1,,,0.056098,10,True
read,end_to_end,1,5,,pg_bytea,1,,,0.036399,10,True
read,end_to_end,1,5,,mongo_gridfs,1,,,0.066517,10,True
read,end_to_end,1,1,,mongo_gridfs,1,,,6.834350,60,True
read,end_to_end,1,1,,polyglot,1,,,13.474443,60,True
read,end_to_end,1,1,,pg_bytea,1,,,29.617345,60,True
read,end_to_end,1,4,,polyglot,1,,,0.393661,10,True
read,end_to_end,1,4,,pg_bytea,1,,,0.401854,10,True
read,end_to_end,1,4,,mongo_gridfs,1,,,0.272476,10,True
read,end_to_end,2,1,,pg_bytea,1,,,0.572253,20,True
read,end_to_end,2,1,,mongo_gridfs,1,,,0.502233,20,True
read,end_to_end,2,1,,polyglot,1,,,0.782628,20,True
read,end_to_end,1,3,,pg_bytea,1,,,2.190689,30,True
read,end_to_end,1,3,,mongo_gridfs,1,,,2.307453,30,True
read,end_to_end,1,3,,polyglot,1,,,0.852752,30,True
read,end_to_end,2,4,,polyglot,1,,,0.662326,20,True
read,end_to_end,2,4,,mongo_gridfs,1,,,0.647226,20,True
read,end_to_end,2,4,,pg_bytea,1,,,0.794287,20,True
read,end_to_end,2,2,,polyglot,1,,,5.178827,60,True
read,end_to_end,2,2,,mongo_gridfs,1,,,14.125533,60,True
read,end_to_end,2,2,,pg_bytea,1,,,15.663680,60,True
read,end_to_end,2,5,,pg_bytea,1,,,0.305116,20,True
read,end_to_end,2,5,,polyglot,1,,,0.247427,20,True
read,end_to_end,2,5,,mongo_gridfs,1,,,0.172789,20,True
read,end_to_end,1,2,,mongo_gridfs,1,,,2.852047,30,True
read,end_to_end,1,2,,polyglot,1,,,2.626337,30,True
read,end_to_end,1,2,,pg_bytea,1,,,1.057208,30,True
read,end_to_end,2,3,,mongo_gridfs,1,,,0.152209,20,True
read,end_to_end,2,3,,pg_bytea,1,,,0.120346,20,True
read,end_to_end,2,3,,polyglot,1,,,0.138557,20,True
read,end_to_end,1,5,,polyglot,2,,,0.042966,10,True
read,end_to_end,1,5,,pg_bytea,2,,,0.045578,10,True
read,end_to_end,1,5,,mongo_gridfs,2,,,0.038938,10,True
read,end_to_end,1,4,,polyglot,2,,,0.057186,10,True
read,end_to_end,1,4,,pg_bytea,2,,,0.064685,10,True
read,end_to_end,1,4,,mongo_gridfs,2,,,0.049909,10,True
read,end_to_end,2,3,,mongo_gridfs,2,,,0.071931,20,True
read,end_to_end,2,3,,pg_bytea,2,,,0.119581,20,True
read,end_to_end,2,3,,polyglot,2,,,0.074462,20,True
read,end_to_end,1,3,,mongo_gridfs,2,,,0.645610,30,True
read,end_to_end,1,3,,pg_bytea,2,,,0.893086,30,True
read,end_to_end,1,3,,polyglot,2,,,0.586170,30,True
read,end_to_end,2,5,,pg_bytea,2,,,0.085085,20,True
read,end_to_end,2,5,,mongo_gridfs,2,,,0.059490,20,True
read,end_to_end,2,5,,polyglot,2,,,0.059554,20,True
read,end_to_end,2,2,,polyglot,2,,,10.443415,60,True
read,end_to_end,2,2,,mongo_gridfs,2,,,10.022081,60,True
read,end_to_end,2,2,,pg_bytea,2,,,16.638517,60,True
read,end_to_end,1,2,,mongo_gridfs,2,,,2.177610,30,True
read,end_to_end,1,2,,polyglot,2,,,1.692332,30,True
read,end_to_end,1,2,,pg_bytea,2,,,1.397652,30,True
read,end_to_end,1,1,,polyglot,2,,,5.668351,60,True
read,end_to_end,1,1,,pg_bytea,2,,,7.614742,60,True
read,end_to_end,1,1,,mongo_gridfs,2,,,7.341222,60,True
read,end_to_end,2,4,,pg_bytea,2,,,0.738809,20,True
read,end_to_end,2,4,,mongo_gridfs,2,,,0.547751,20,True
read,end_to_end,2,4,,polyglot,2,,,0.532234,20,True
read,end_to_end,2,1,,polyglot,2,,,0.152021,20,True
read,end_to_end,2,1,,mongo_gridfs,2,,,0.268335,20,True
read,end_to_end,2,1,,pg_bytea,2,,,0.251357,20,True
read,end_to_end,1,5,,mongo_gridfs,3,,,0.065586,10,True
read,end_to_end,1,5,,polyglot,3,,,0.038744,10,True
read,end_to_end,1,5,,pg_bytea,3,,,0.056355,10,True
read,end_to_end,2,2,,pg_bytea,3,,,9.826020,60,True
read,end_to_end,2,2,,polyglot,3,,,9.948618,60,True
read,end_to_end,2,2,,mongo_gridfs,3,,,5.732268,60,True
read,end_to_end,1,1,,polyglot,3,,,9.486530,60,True
read,end_to_end,1,1,,pg_bytea,3,,,13.034069,60,True
read,end_to_end,1,1,,mongo_gridfs,3,,,5.721131,60,True
read,end_to_end,1,4,,polyglot,3,,,0.062244,10,True
read,end_to_end,1,4,,mongo_gridfs,3,,,0.045241,10,True
read,end_to_end,1,4,,pg_bytea,3,,,0.053296,10,True
read,end_to_end,1,3,,mongo_gridfs,3,,,0.649004,30,True
read,end_to_end,1,3,,pg_bytea,3,,,0.874859,30,True
read,end_to_end,1,3,,polyglot,3,,,0.575678,30,True
read,end_to_end,2,5,,mongo_gridfs,3,,,0.109182,20,True
read,end_to_end,2,5,,pg_bytea,3,,,0.086949,20,True
read,end_to_end,2,5,,polyglot,3,,,0.081112,20,True
read,end_to_end,2,4,,mongo_gridfs,3,,,0.505188,20,True
read,end_to_end,2,4,,pg_bytea,3,,,0.758271,20,True
read,end_to_end,2,4,,polyglot,3,,,0.736315,20,True
read,end_to_end,2,3,,mongo_gridfs,3,,,0.171835,20,True
read,end_to_end,2,3,,polyglot,3,,,0.179660,20,True
read,end_to_end,2,3,,pg_bytea,3,,,0.127596,20,True
read,end_to_end,2,1,,mongo_gridfs,3,,,0.138786,20,True
read,end_to_end,2,1,,pg_bytea,3,,,0.176381,20,True
read,end_to_end,2,1,,polyglot,3,,,0.128611,20,True
read,end_to_end,1,2,,mongo_gridfs,3,,,0.982228,30,True
read,end_to_end,1,2,,pg_bytea,3,,,1.077155,30,True
read,end_to_end,1,2,,polyglot,3,,,0.587739,30,True
read,end_to_end,1,1,,polyglot,4,,,4.169019,60,True
read,end_to_end,1,1,,mongo_gridfs,4,,,3.533862,60,True
read,end_to_end,1,1,,pg_bytea,4,,,7.571466,60,True
read,end_to_end,2,1,,mongo_gridfs,4,,,0.140482,20,True
read,end_to_end,2,1,,polyglot,4,,,0.127361,20,True
read,end_to_end,2,1,,pg_bytea,4,,,0.499833,20,True
read,end_to_end,2,3,,pg_bytea,4,,,0.191665,20,True
read,end_to_end,2,3,,mongo_gridfs,4,,,0.179092,20,True
read,end_to_end,2,3,,polyglot,4,,,0.180246,20,True
read,end_to_end,1,2,,polyglot,4,,,0.771111,30,True
read,end_to_end,1,2,,mongo_gridfs,4,,,1.480615,30,True
read,end_to_end,1,2,,pg_bytea,4,,,1.062601,30,True
read,end_to_end,1,5,,mongo_gridfs,4,,,0.110646,10,True
read,end_to_end,1,5,,pg_bytea,4,,,0.130654,10,True
read,end_to_end,1,5,,polyglot,4,,,0.110168,10,True
read,end_to_end,2,5,,mongo_gridfs,4,,,0.187398,20,True
read,end_to_end,2,5,,polyglot,4,,,0.127618,20,True
read,end_to_end,2,5,,pg_bytea,4,,,0.084303,20,True
read,end_to_end,2,4,,mongo_gridfs,4,,,1.017966,20,True
read,end_to_end,2,4,,polyglot,4,,,0.644717,20,True
read,end_to_end,2,4,,pg_bytea,4,,,1.081744,20,True
read,end_to_end,2,2,,pg_bytea,4,,,12.372921,60,True
read,end_to_end,2,2,,mongo_gridfs,4,,,13.073231,60,True
read,end_to_end,2,2,,polyglot,4,,,8.341857,60,True
read,end_to_end,1,4,,mongo_gridfs,4,,,0.061290,10,True
read,end_to_end,1,4,,polyglot,4,,,0.039578,10,True
read,end_to_end,1,4,,pg_bytea,4,,,0.092665,10,True
read,end_to_end,1,3,,pg_bytea,4,,,0.876222,30,True
read,end_to_end,1,3,,mongo_gridfs,4,,,0.557150,30,True
read,end_to_end,1,3,,polyglot,4,,,0.529373,30,True
read,end_to_end,1,2,,pg_bytea,5,,,0.728245,30,True
read,end_to_end,1,2,,polyglot,5,,,0.452288,30,True
read,end_to_end,1,2,,mongo_gridfs,5,,,0.465501,30,True
read,end_to_end,2,5,,mongo_gridfs,5,,,0.066220,20,True
read,end_to_end,2,5,,pg_bytea,5,,,0.084814,20,True
read,end_to_end,2,5,,polyglot,5,,,0.063783,20,True
read,end_to_end,2,3,,pg_bytea,5,,,0.124519,20,True
read,end_to_end,2,3,,polyglot,5,,,0.078947,20,True
read,end_to_end,2,3,,mongo_gridfs,5,,,0.078792,20,True
read,end_to_end,1,5,,mongo_gridfs,5,,,0.032555,10,True
read,end_to_end,1,5,,polyglot,5,,,0.028719,10,True
read,end_to_end,1,5,,pg_bytea,5,,,0.039268,10,True
read,end_to_end,1,1,,pg_bytea,5,,,7.381316,60,True
read,end_to_end,1,1,,polyglot,5,,,6.918772,60,True
read,end_to_end,1,1,,mongo_gridfs,5,,,4.217048,60,True
read,end_to_end,2,1,,mongo_gridfs,5,,,0.103228,20,True
read,end_to_end,2,1,,polyglot,5,,,0.087303,20,True
read,end_to_end,2,1,,pg_bytea,5,,,0.106261,20,True
read,end_to_end,2,2,,mongo_gridfs,5,,,3.288366,60,True
read,end_to_end,2,2,,polyglot,5,,,3.065324,60,True
read,end_to_end,2,2,,pg_bytea,5,,,6.904363,60,True
read,end_to_end,1,3,,mongo_gridfs,5,,,1.767178,30,True
read,end_to_end,1,3,,pg_bytea,5,,,1.992620,30,True
read,end_to_end,1,3,,polyglot,5,,,1.761890,30,True
read,end_to_end,1,4,,pg_bytea,5,,,0.201681,10,True
read,end_to_end,1,4,,polyglot,5,,,0.078172,10,True
read,end_to_end,1,4,,mongo_gridfs,5,,,0.070317,10,True
read,end_to_end,2,4,,pg_bytea,5,,,1.369611,20,True
read,end_to_end,2,4,,polyglot,5,,,0.666120,20,True
read,end_to_end,2,4,,mongo_gridfs,5,,,0.566264,20,True
read,end_to_end,1,1,,mongo_gridfs,6,,,3.686991,60,True
read,end_to_end,1,1,,polyglot,6,,,4.659160,60,True
read,end_to_end,1,1,,pg_bytea,6,,,8.535043,60,True
read,end_to_end,2,3,,mongo_gridfs,6,,,0.270093,20,True
read,end_to_end,2,3,,polyglot,6,,,0.174973,20,True
read,end_to_end,2,3,,pg_bytea,6,,,0.156159,20,True
read,end_to_end,2,4,,pg_bytea,6,,,0.691467,20,True
read,end_to_end,2,4,,polyglot,6,,,0.565959,20,True
read,end_to_end,2,4,,mongo_gridfs,6,,,0.508248,20,True
read,end_to_end,2,5,,polyglot,6,,,0.079505,20,True
read,end_to_end,2,5,,mongo_gridfs,6,,,0.065896,20,True
read,end_to_end,2,5,,pg_bytea,6,,,0.071005,20,True
read,end_to_end,1,2,,polyglot,6,,,0.545173,30,True
read,end_to_end,1,2,,pg_bytea,6,,,0.902112,30,True
read,end_to_end,1,2,,mongo_gridfs,6,,,0.567989,30,True
read,end_to_end,1,5,,pg_bytea,6,,,0.047059,10,True
read,end_to_end,1,5,,polyglot,6,,,0.041715,10,True
read,end_to_end,1,5,,mongo_gridfs,6,,,0.037543,10,True
read,end_to_end,2,2,,pg_bytea,6,,,7.555259,60,True
read,end_to_end,2,2,,polyglot,6,,,11.596930,60,True
read,end_to_end,2,2,,mongo_gridfs,6,,,3.810769,60,True
read,end_to_end,1,3,,mongo_gridfs,6,,,0.758139,30,True
read,end_to_end,1,3,,pg_bytea,6,,,0.844018,30,True
read,end_to_end,1,3,,polyglot,6,,,0.588768,30,True
read,end_to_end,2,1,,polyglot,6,,,0.102754,20,True
read,end_to_end,2,1,,pg_bytea,6,,,0.116847,20,True
read,end_to_end,2,1,,mongo_gridfs,6,,,0.132710,20,True
read,end_to_end,1,4,,pg_bytea,6,,,0.051935,10,True
read,end_to_end,1,4,,polyglot,6,,,0.036954,10,True
read,end_to_end,1,4,,mongo_gridfs,6,,,0.035202,10,True
read,end_to_end,1,5,,pg_bytea,7,,,0.041335,10,True
read,end_to_end,1,5,,mongo_gridfs,7,,,0.032457,10,True
read,end_to_end,1,5,,polyglot,7,,,0.034233,10,True
read,end_to_end,1,3,,mongo_gridfs,7,,,0.346017,30,True
read,end_to_end,1,3,,pg_bytea,7,,,0.641424,30,True
read,end_to_end,1,3,,polyglot,7,,,0.424038,30,True
read,end_to_end,2,2,,pg_bytea,7,,,6.404025,60,True
read,end_to_end,2,2,,polyglot,7,,,3.182994,60,True
read,end_to_end,2,2,,mongo_gridfs,7,,,3.046860,60,True
read,end_to_end,1,1,,pg_bytea,7,,,9.338989,60,True
read,end_to_end,1,1,,polyglot,7,,,5.787141,60,True
read,end_to_end,1,1,,mongo_gridfs,7,,,5.883856,60,True
read,end_to_end,2,3,,pg_bytea,7,,,0.151875,20,True
read,end_to_end,2,3,,polyglot,7,,,0.116427,20,True
read,end_to_end,2,3,,mongo_gridfs,7,,,0.123357,20,True
read,end_to_end,2,5,,mongo_gridfs,7,,,0.093541,20,True
read,end_to_end,2,5,,pg_bytea,7,,,0.082883,20,True
read,end_to_end,2,5,,polyglot,7,,,0.079541,20,True
read,end_to_end,2,1,,pg_bytea,7,,,0.120432,20,True
read,end_to_end,2,1,,polyglot,7,,,0.099550,20,True
read,end_to_end,2,1,,mongo_gridfs,7,,,0.099429,20,True
read,end_to_end,1,2,,mongo_gridfs,7,,,0.631652,30,True
read,end_to_end,1,2,,pg_bytea,7,,,0.879184,30,True
read,end_to_end,1,2,,polyglot,7,,,0.536363,30,True
read,end_to_end,1,4,,polyglot,7,,,0.043737,10,True
read,end_to_end,1,4,,pg_bytea,7,,,0.048953,10,True
read,end_to_end,1,4,,mongo_gridfs,7,,,0.041528,10,True
read,end_to_end,2,4,,polyglot,7,,,0.496047,20,True
read,end_to_end,2,4,,pg_bytea,7,,,0.698862,20,True
read,end_to_end,2,4,,mongo_gridfs,7,,,0.475949,20,True
read,end_to_end,2,5,,polyglot,8,,,0.058958,20,True
read,end_to_end,2,5,,pg_bytea,8,,,0.068033,20,True
read,end_to_end,2,5,,mongo_gridfs,8,,,0.061282,20,True
read,end_to_end,2,2,,mongo_gridfs,8,,,3.362344,60,True
read,end_to_end,2,2,,polyglot,8,,,4.209483,60,True
read,end_to_end,2,2,,pg_bytea,8,,,8.100512,60,True
read,end_to_end,2,3,,polyglot,8,,,0.212545,20,True
read,end_to_end,2,3,,pg_bytea,8,,,0.504084,20,True
read,end_to_end,2,3,,mongo_gridfs,8,,,0.225229,20,True
read,end_to_end,1,1,,mongo_gridfs,8,,,11.896988,60,True
read,end_to_end,1,1,,pg_bytea,8,,,12.532728,60,True
read,end_to_end,1,1,,polyglot,8,,,5.276985,60,True
read,end_to_end,2,1,,pg_bytea,8,,,0.167698,20,True
read,end_to_end,2,1,,polyglot,8,,,0.103747,20,True
read,end_to_end,2,1,,mongo_gridfs,8,,,0.105843,20,True
read,end_to_end,2,4,,pg_bytea,8,,,0.817921,20,True
read,end_to_end,2,4,,mongo_gridfs,8,,,0.548779,20,True
read,end_to_end,2,4,,polyglot,8,,,0.477263,20,True
read,end_to_end,1,3,,pg_bytea,8,,,1.535591,30,True
read,end_to_end,1,3,,mongo_gridfs,8,,,0.996093,30,True
read,end_to_end,1,3,,polyglot,8,,,0.587098,30,True
read,end_to_end,1,4,,mongo_gridfs,8,,,0.044957,10,True
read,end_to_end,1,4,,pg_bytea,8,,,0.047536,10,True
read,end_to_end,1,4,,polyglot,8,,,0.038267,10,True
read,end_to_end,1,5,,pg_bytea,8,,,0.042483,10,True
read,end_to_end,1,5,,mongo_gridfs,8,,,0.036848,10,True
read,end_to_end,1,5,,polyglot,8,,,0.032403,10,True
read,end_to_end,1,2,,polyglot,8,,,0.583206,30,True
read,end_to_end,1,2,,mongo_gridfs,8,,,0.503599,30,True
read,end_to_end,1,2,,pg_bytea,8,,,0.904507,30,True
read,end_to_end,2,2,,polyglot,9,,,4.411795,60,True
read,end_to_end,2,2,,pg_bytea,9,,,7.028409,60,True
read,end_to_end,2,2,,mongo_gridfs,9,,,4.558487,60,True
read,end_to_end,1,5,,polyglot,9,,,0.043349,10,True
read,end_to_end,1,5,,mongo_gridfs,9,,,0.029397,10,True
read,end_to_end,1,5,,pg_bytea,9,,,0.038585,10,True
read,end_to_end,2,3,,mongo_gridfs,9,,,0.100568,20,True
read,end_to_end,2,3,,polyglot,9,,,0.095275,20,True
read,end_to_end,2,3,,pg_bytea,9,,,0.125842,20,True
read,end_to_end,1,3,,pg_bytea,9,,,0.811694,30,True
read,end_to_end,1,3,,polyglot,9,,,0.536789,30,True
read,end_to_end,1,3,,mongo_gridfs,9,,,0.736066,30,True
read,end_to_end,2,4,,mongo_gridfs,9,,,0.459847,20,True
read,end_to_end,2,4,,polyglot,9,,,0.465828,20,True
read,end_to_end,2,4,,pg_bytea,9,,,0.779039,20,True
read,end_to_end,1,4,,polyglot,9,,,0.049215,10,True
read,end_to_end,1,4,,mongo_gridfs,9,,,0.038662,10,True
read,end_to_end,1,4,,pg_bytea,9,,,0.046507,10,True
read,end_to_end,1,1,,mongo_gridfs,9,,,5.041058,60,True
read,end_to_end,1,1,,pg_bytea,9,,,7.755434,60,True
read,end_to_end,1,1,,polyglot,9,,,5.054497,60,True
read,end_to_end,1,2,,pg_bytea,9,,,0.813838,30,True
read,end_to_end,1,2,,mongo_gridfs,9,,,0.576377,30,True
read,end_to_end,1,2,,polyglot,9,,,0.491196,30,True
read,end_to_end,2,1,,polyglot,9,,,0.106163,20,True
read,end_to_end,2,1,,pg_bytea,9,,,0.113085,20,True
read,end_to_end,2,1,,mongo_gridfs,9,,,0.094658,20,True
read,end_to_end,2,5,,pg_bytea,9,,,0.087081,20,True
read,end_to_end,2,5,,polyglot,9,,,0.070493,20,True
read,end_to_end,2,5,,mongo_gridfs,9,,,0.068085,20,True
